sphnx1155.sdcc.bnl.gov
rsyncing from /gpfs/mnt/gpfs02/sphenix/user/samfred/run25/ppg11/histmaking
running: /gpfs/mnt/gpfs02/sphenix/user/samfred/run25/ppg11/histmaking/script_data.sh 47378
LD_LIBRARY_PATH now /sphenix/user/samfred/run25/install//lib:/cvmfs/sphenix.sdcc.bnl.gov/alma9.2-gcc-14.2.0/opt/sphenix/core/gcc/14.2.0-2f0a0/x86_64-el9/lib:/cvmfs/sphenix.sdcc.bnl.gov/alma9.2-gcc-14.2.0/opt/sphenix/core/gcc/14.2.0-2f0a0/x86_64-el9/lib64:/cvmfs/sphenix.sdcc.bnl.gov/alma9.2-gcc-14.2.0/opt/sphenix/core/binutils/2.40-acaab/x86_64-el9/lib:.:/cvmfs/sphenix.sdcc.bnl.gov/alma9.2-gcc-14.2.0/release/release_new/new.10/lib64:/cvmfs/sphenix.sdcc.bnl.gov/alma9.2-gcc-14.2.0/release/release_new/new.10/lib:/cvmfs/sphenix.sdcc.bnl.gov/alma9.2-gcc-14.2.0/opt/sphenix/utils/lib:/cvmfs/sphenix.sdcc.bnl.gov/alma9.2-gcc-14.2.0/opt/sphenix/core/lib:/cvmfs/sphenix.sdcc.bnl.gov/alma9.2-gcc-14.2.0/opt/sphenix/core/root-6.32.06/lib:/cvmfs/sphenix.sdcc.bnl.gov/alma9.2-gcc-14.2.0/opt/sphenix/core/geant4.10.07.p04/lib64:/cvmfs/sphenix.sdcc.bnl.gov/alma9.2-gcc-14.2.0/opt/sphenix/core/lhapdf-5.9.1/lib:/usr/local/lib64:/usr/lib64
PATH now /sphenix/user/samfred/run25/install//bin:/cvmfs/sphenix.sdcc.bnl.gov/alma9.2-gcc-14.2.0/opt/sphenix/core/gcc/14.2.0-2f0a0/x86_64-el9/bin:/cvmfs/sphenix.sdcc.bnl.gov/alma9.2-gcc-14.2.0/opt/sphenix/core/binutils/2.40-acaab/x86_64-el9/bin:.:/cvmfs/sphenix.sdcc.bnl.gov/alma9.2-gcc-14.2.0/release/release_new/new.10/bin:/cvmfs/sphenix.sdcc.bnl.gov/alma9.2-gcc-14.2.0/opt/sphenix/utils/bin:/cvmfs/sphenix.sdcc.bnl.gov/alma9.2-gcc-14.2.0/opt/sphenix/core/bin:/cvmfs/sphenix.sdcc.bnl.gov/alma9.2-gcc-14.2.0/opt/sphenix/core/root-6.32.06/bin:/cvmfs/sphenix.sdcc.bnl.gov/alma9.2-gcc-14.2.0/opt/sphenix/core/geant4.10.07.p04/bin:/usr/local/bin:/usr/bin:/usr/local/sbin:/usr/sbin
SINGULARITY_CACHEDIR=/home/condor/local/sphnx/execute/dir_3117303
_CONDOR_CHIRP_CONFIG=/home/condor/local/sphnx/execute/dir_3117303/.chirp.config
_CONDOR_JOB_IWD=/sphenix/user/samfred/run25/ppg11/histmaking
G4ENSDFSTATEDATA=/cvmfs/sphenix.sdcc.bnl.gov/alma9.2-gcc-14.2.0/opt/sphenix/core/geant4.10.07.p04/share/Geant4-10.7.4/data/G4ENSDFSTATE2.3
_CONDOR_MACHINE_AD=/home/condor/local/sphnx/execute/dir_3117303/.machine.ad
ROOT_MAX_THREADS=1
_CONDOR_ANCESTOR_3117303=3122979:1759352671:3677741565
NUMEXPR_NUM_THREADS=1
CUBACORES=1
_CHIRP_DELAYED_UPDATE_PREFIX=Chirp*
OMP_THREAD_LIMIT=1
G4PIIDATA=/cvmfs/sphenix.sdcc.bnl.gov/alma9.2-gcc-14.2.0/opt/sphenix/core/geant4.10.07.p04/share/Geant4-10.7.4/data/G4PII1.3
NO_AT_BRIDGE=1
G4_MAIN=/cvmfs/sphenix.sdcc.bnl.gov/alma9.2-gcc-14.2.0/opt/sphenix/core/geant4.10.07.p04
COMPILER_PATH=/cvmfs/sphenix.sdcc.bnl.gov/alma9.2-gcc-14.2.0/opt/sphenix/core/gcc/14.2.0-2f0a0/x86_64-el9
ROOT_INCLUDE_PATH=./:/sphenix/user/samfred/run25/install//include:/sphenix/user/samfred/run25/install//include/caloana:/sphenix/user/samfred/run25/install//include/qa_centrality:/sphenix/user/samfred/run25/install//include/mbdana:/sphenix/user/samfred/run25/install//include/centrality:/sphenix/user/samfred/run25/install//include/Event:/cvmfs/sphenix.sdcc.bnl.gov/alma9.2-gcc-14.2.0/release/release_new/new.10/include:/cvmfs/sphenix.sdcc.bnl.gov/alma9.2-gcc-14.2.0/release/release_new/new.10/include:/cvmfs/sphenix.sdcc.bnl.gov/alma9.2-gcc-14.2.0/release/release_new/new.10/include/g4mbd:/cvmfs/sphenix.sdcc.bnl.gov/alma9.2-gcc-14.2.0/release/release_new/new.10/include/fmt:/cvmfs/sphenix.sdcc.bnl.gov/alma9.2-gcc-14.2.0/release/release_new/new.10/include/ffarawobjects:/cvmfs/sphenix.sdcc.bnl.gov/alma9.2-gcc-14.2.0/release/release_new/new.10/include/JSON:/cvmfs/sphenix.sdcc.bnl.gov/alma9.2-gcc-14.2.0/release/release_new/new.10/include/calotreegen:/cvmfs/sphenix.sdcc.bnl.gov/alma9.2-gcc-14.2.0/release/release_new/new.10/include/torch:/cvmfs/sphenix.sdcc.bnl.gov/alma9.2-gcc-14.2.0/release/release_new/new.10/include/g4detectors:/cvmfs/sphenix.sdcc.bnl.gov/alma9.2-gcc-14.2.0/release/release_new/new.10/include/kineto:/cvmfs/sphenix.sdcc.bnl.gov/alma9.2-gcc-14.2.0/release/release_new/new.10/include/g4decayer:/cvmfs/sphenix.sdcc.bnl.gov/alma9.2-gcc-14.2.0/release/release_new/new.10/include/kfparticleqa:/cvmfs/sphenix.sdcc.bnl.gov/alma9.2-gcc-14.2.0/release/release_new/new.10/include/phfield:/cvmfs/sphenix.sdcc.bnl.gov/alma9.2-gcc-14.2.0/release/release_new/new.10/include/LHAPDF:/cvmfs/sphenix.sdcc.bnl.gov/alma9.2-gcc-14.2.0/release/release_new/new.10/include/readdigitalcurrents:/cvmfs/sphenix.sdcc.bnl.gov/alma9.2-gcc-14.2.0/release/release_new/new.10/include/c10:/cvmfs/sphenix.sdcc.bnl.gov/alma9.2-gcc-14.2.0/release/release_new/new.10/include/calovalid:/cvmfs/sphenix.sdcc.bnl.gov/alma9.2-gcc-14.2.0/release/release_new/new.10/include/oneapi:/cvmfs/sphenix.sdcc.bnl.gov/alma9.2-gcc-14.2.0/release/release_new/new.10/include/DDCond:/cvmfs/sphenix.sdcc.bnl.gov/alma9.2-gcc-14.2.0/release/release_new/new.10/include/g4tracking:/cvmfs/sphenix.sdcc.bnl.gov/alma9.2-gcc-14.2.0/release/release_new/new.10/include/litecaloeval:/cvmfs/sphenix.sdcc.bnl.gov/alma9.2-gcc-14.2.0/release/release_new/new.10/include/g4intt:/cvmfs/sphenix.sdcc.bnl.gov/alma9.2-gcc-14.2.0/release/release_new/new.10/include/phool:/cvmfs/sphenix.sdcc.bnl.gov/alma9.2-gcc-14.2.0/release/release_new/new.10/include/boost:/cvmfs/sphenix.sdcc.bnl.gov/alma9.2-gcc-14.2.0/release/release_new/new.10/include/Pythia8Plugins:/cvmfs/sphenix.sdcc.bnl.gov/alma9.2-gcc-14.2.0/release/release_new/new.10/include/calib_emc_pi0:/cvmfs/sphenix.sdcc.bnl.gov/alma9.2-gcc-14.2.0/release/release_new/new.10/include/hijingflipafterburner:/cvmfs/sphenix.sdcc.bnl.gov/alma9.2-gcc-14.2.0/release/release_new/new.10/include/ffaobjects:/cvmfs/sphenix.sdcc.bnl.gov/alma9.2-gcc-14.2.0/release/release_new/new.10/include/EvtGenBase:/cvmfs/sphenix.sdcc.bnl.gov/alma9.2-gcc-14.2.0/release/release_new/new.10/include/flowafterburner:/cvmfs/sphenix.sdcc.bnl.gov/alma9.2-gcc-14.2.0/release/release_new/new.10/include/google:/cvmfs/sphenix.sdcc.bnl.gov/alma9.2-gcc-14.2.0/release/release_new/new.10/include/g4tpc:/cvmfs/sphenix.sdcc.bnl.gov/alma9.2-gcc-14.2.0/release/release_new/new.10/include/caffe2:/cvmfs/sphenix.sdcc.bnl.gov/alma9.2-gcc-14.2.0/release/release_new/new.10/include/EvtGenExternal:/cvmfs/sphenix.sdcc.bnl.gov/alma9.2-gcc-14.2.0/release/release_new/new.10/include/fp16:/cvmfs/sphenix.sdcc.bnl.gov/alma9.2-gcc-14.2.0/release/release_new/new.10/include/ffamodules:/cvmfs/sphenix.sdcc.bnl.gov/alma9.2-gcc-14.2.0/release/release_new/new.10/include/uspin:/cvmfs/sphenix.sdcc.bnl.gov/alma9.2-gcc-14.2.0/release/release_new/new.10/include/Herwig:/cvmfs/sphenix.sdcc.bnl.gov/alma9.2-gcc-14.2.0/release/release_new/new.10/include/genfitexp:/cvmfs/sphenix.sdcc.bnl.gov/alma9.2-gcc-14.2.0/release/release_new/new.10/include/XML:/cvmfs/sphenix.sdcc.bnl.gov/alma9.2-gcc-14.2.0/release/release_new/new.10/include/fbgemm:/cvmfs/sphenix.sdcc.bnl.gov/alma9.2-gcc-14.2.0/release/release_new/new.10/include/DDAlign:/cvmfs/sphenix.sdcc.bnl.gov/alma9.2-gcc-14.2.0/release/release_new/new.10/include/g4mvtx:/cvmfs/sphenix.sdcc.bnl.gov/alma9.2-gcc-14.2.0/release/release_new/new.10/include/kfparticle_sphenix:/cvmfs/sphenix.sdcc.bnl.gov/alma9.2-gcc-14.2.0/release/release_new/new.10/include/fun4all:/cvmfs/sphenix.sdcc.bnl.gov/alma9.2-gcc-14.2.0/release/release_new/new.10/include/intt:/cvmfs/sphenix.sdcc.bnl.gov/alma9.2-gcc-14.2.0/release/release_new/new.10/include/eventdisplay:/cvmfs/sphenix.sdcc.bnl.gov/alma9.2-gcc-14.2.0/release/release_new/new.10/include/EvtGen:/cvmfs/sphenix.sdcc.bnl.gov/alma9.2-gcc-14.2.0/release/release_new/new.10/include/Evaluator:/cvmfs/sphenix.sdcc.bnl.gov/alma9.2-gcc-14.2.0/release/release_new/new.10/include/tpc:/cvmfs/sphenix.sdcc.bnl.gov/alma9.2-gcc-14.2.0/release/release_new/new.10/include/GenFit:/cvmfs/sphenix.sdcc.bnl.gov/alma9.2-gcc-14.2.0/release/release_new/new.10/include/prototype4:/cvmfs/sphenix.sdcc.bnl.gov/alma9.2-gcc-14.2.0/release/release_new/new.10/include/caloembedding:/cvmfs/sphenix.sdcc.bnl.gov/alma9.2-gcc-14.2.0/release/release_new/new.10/include/EvtGenModels:/cvmfs/sphenix.sdcc.bnl.gov/alma9.2-gcc-14.2.0/release/release_new/new.10/include/fastjet:/cvmfs/sphenix.sdcc.bnl.gov/alma9.2-gcc-14.2.0/release/release_new/new.10/include/DDG4:/cvmfs/sphenix.sdcc.bnl.gov/alma9.2-gcc-14.2.0/release/release_new/new.10/include/mbd:/cvmfs/sphenix.sdcc.bnl.gov/alma9.2-gcc-14.2.0/release/release_new/new.10/include/tbb:/cvmfs/sphenix.sdcc.bnl.gov/alma9.2-gcc-14.2.0/release/release_new/new.10/include/phgeom:/cvmfs/sphenix.sdcc.bnl.gov/alma9.2-gcc-14.2.0/release/release_new/new.10/include/g4epd:/cvmfs/sphenix.sdcc.bnl.gov/alma9.2-gcc-14.2.0/release/release_new/new.10/include/oncal:/cvmfs/sphenix.sdcc.bnl.gov/alma9.2-gcc-14.2.0/release/release_new/new.10/include/pybind11:/cvmfs/sphenix.sdcc.bnl.gov/alma9.2-gcc-14.2.0/release/release_new/new.10/include/tpcdistgenerator:/cvmfs/sphenix.sdcc.bnl.gov/alma9.2-gcc-14.2.0/release/release_new/new.10/include/cdbobjects:/cvmfs/sphenix.sdcc.bnl.gov/alma9.2-gcc-14.2.0/release/release_new/new.10/include/g4micromegas:/cvmfs/sphenix.sdcc.bnl.gov/alma9.2-gcc-14.2.0/release/release_new/new.10/include/g4eval:/cvmfs/sphenix.sdcc.bnl.gov/alma9.2-gcc-14.2.0/release/release_new/new.10/include/jetbackground:/cvmfs/sphenix.sdcc.bnl.gov/alma9.2-gcc-14.2.0/release/release_new/new.10/include/micromegas:/cvmfs/sphenix.sdcc.bnl.gov/alma9.2-gcc-14.2.0/release/release_new/new.10/include/hftrackefficiency:/cvmfs/sphenix.sdcc.bnl.gov/alma9.2-gcc-14.2.0/release/release_new/new.10/include/inttrawhitqa:/cvmfs/sphenix.sdcc.bnl.gov/alma9.2-gcc-14.2.0/release/release_new/new.10/include/centrality:/cvmfs/sphenix.sdcc.bnl.gov/alma9.2-gcc-14.2.0/release/release_new/new.10/include/epd:/cvmfs/sphenix.sdcc.bnl.gov/alma9.2-gcc-14.2.0/release/release_new/new.10/include/caloreco:/cvmfs/sphenix.sdcc.bnl.gov/alma9.2-gcc-14.2.0/release/release_new/new.10/include/HepMC:/cvmfs/sphenix.sdcc.bnl.gov/alma9.2-gcc-14.2.0/release/release_new/new.10/include/CLHEP:/cvmfs/sphenix.sdcc.bnl.gov/alma9.2-gcc-14.2.0/release/release_new/new.10/include/Acts:/cvmfs/sphenix.sdcc.bnl.gov/alma9.2-gcc-14.2.0/release/release_new/new.10/include/g4histos:/cvmfs/sphenix.sdcc.bnl.gov/alma9.2-gcc-14.2.0/release/release_new/new.10/include/eventplaneinfo:/cvmfs/sphenix.sdcc.bnl.gov/alma9.2-gcc-14.2.0/release/release_new/new.10/include/fillspacechargemaps:/cvmfs/sphenix.sdcc.bnl.gov/alma9.2-gcc-14.2.0/release/release_new/new.10/include/phhepmc:/cvmfs/sphenix.sdcc.bnl.gov/alma9.2-gcc-14.2.0/release/release_new/new.10/include/trackingqa:/cvmfs/sphenix.sdcc.bnl.gov/alma9.2-gcc-14.2.0/release/release_new/new.10/include/qautils:/cvmfs/sphenix.sdcc.bnl.gov/alma9.2-gcc-14.2.0/release/release_new/new.10/include/trackreco:/cvmfs/sphenix.sdcc.bnl.gov/alma9.2-gcc-14.2.0/release/release_new/new.10/include/g4ohcal:/cvmfs/sphenix.sdcc.bnl.gov/alma9.2-gcc-14.2.0/release/release_new/new.10/include/tpcdvcalib:/cvmfs/sphenix.sdcc.bnl.gov/alma9.2-gcc-14.2.0/release/release_new/new.10/include/zdcinfo:/cvmfs/sphenix.sdcc.bnl.gov/alma9.2-gcc-14.2.0/release/release_new/new.10/include/phpythia8:/cvmfs/sphenix.sdcc.bnl.gov/alma9.2-gcc-14.2.0/release/release_new/new.10/include/fun4allutils:/cvmfs/sphenix.sdcc.bnl.gov/alma9.2-gcc-14.2.0/release/release_new/new.10/include/tpcqa:/cvmfs/sphenix.sdcc.bnl.gov/alma9.2-gcc-14.2.0/release/release_new/new.10/include/Pythia8:/cvmfs/sphenix.sdcc.bnl.gov/alma9.2-gcc-14.2.0/release/release_new/new.10/include/DDRec:/cvmfs/sphenix.sdcc.bnl.gov/alma9.2-gcc-14.2.0/release/release_new/new.10/include/DDDigi:/cvmfs/sphenix.sdcc.bnl.gov/alma9.2-gcc-14.2.0/release/release_new/new.10/include/g4ihcal:/cvmfs/sphenix.sdcc.bnl.gov/alma9.2-gcc-14.2.0/release/release_new/new.10/include/frog:/cvmfs/sphenix.sdcc.bnl.gov/alma9.2-gcc-14.2.0/release/release_new/new.10/include/eigen3:/cvmfs/sphenix.sdcc.bnl.gov/alma9.2-gcc-14.2.0/release/release_new/new.10/include/tensorpipe:/cvmfs/sphenix.sdcc.bnl.gov/alma9.2-gcc-14.2.0/release/release_new/new.10/include/sphenixnpc:/cvmfs/sphenix.sdcc.bnl.gov/alma9.2-gcc-14.2.0/release/release_new/new.10/include/siscone:/cvmfs/sphenix.sdcc.bnl.gov/alma9.2-gcc-14.2.0/release/release_new/new.10/include/pmonitor:/cvmfs/sphenix.sdcc.bnl.gov/alma9.2-gcc-14.2.0/release/release_new/new.10/include/calobase:/cvmfs/sphenix.sdcc.bnl.gov/alma9.2-gcc-14.2.0/release/release_new/new.10/include/ActsExamples:/cvmfs/sphenix.sdcc.bnl.gov/alma9.2-gcc-14.2.0/release/release_new/new.10/include/g4gdml:/cvmfs/sphenix.sdcc.bnl.gov/alma9.2-gcc-14.2.0/release/release_new/new.10/include/mvtx_decoder:/cvmfs/sphenix.sdcc.bnl.gov/alma9.2-gcc-14.2.0/release/release_new/new.10/include/ROOT:/cvmfs/sphenix.sdcc.bnl.gov/alma9.2-gcc-14.2.0/release/release_new/new.10/include/phparameter:/cvmfs/sphenix.sdcc.bnl.gov/alma9.2-gcc-14.2.0/release/release_new/new.10/include/rsa:/cvmfs/sphenix.sdcc.bnl.gov/alma9.2-gcc-14.2.0/release/release_new/new.10/include/fun4allraw:/cvmfs/sphenix.sdcc.bnl.gov/alma9.2-gcc-14.2.0/release/release_new/new.10/include/trackbase_historic:/cvmfs/sphenix.sdcc.bnl.gov/alma9.2-gcc-14.2.0/release/release_new/new.10/include/g4jets:/cvmfs/sphenix.sdcc.bnl.gov/alma9.2-gcc-14.2.0/release/release_new/new.10/include/jetqa:/cvmfs/sphenix.sdcc.bnl.gov/alma9.2-gcc-14.2.0/release/release_new/new.10/include/phoolraw:/cvmfs/sphenix.sdcc.bnl.gov/alma9.2-gcc-14.2.0/release/release_new/new.10/include/g4calo:/cvmfs/sphenix.sdcc.bnl.gov/alma9.2-gcc-14.2.0/release/release_new/new.10/include/mvtxrawhitqa:/cvmfs/sphenix.sdcc.bnl.gov/alma9.2-gcc-14.2.0/release/release_new/new.10/include/HepMC3:/cvmfs/sphenix.sdcc.bnl.gov/alma9.2-gcc-14.2.0/release/release_new/new.10/include/calowaveformsim:/cvmfs/sphenix.sdcc.bnl.gov/alma9.2-gcc-14.2.0/release/release_new/new.10/include/g4caloprototype:/cvmfs/sphenix.sdcc.bnl.gov/alma9.2-gcc-14.2.0/release/release_new/new.10/include/pdbcalbase:/cvmfs/sphenix.sdcc.bnl.gov/alma9.2-gcc-14.2.0/release/release_new/new.10/include/gsl:/cvmfs/sphenix.sdcc.bnl.gov/alma9.2-gcc-14.2.0/release/release_new/new.10/include/nodedump:/cvmfs/sphenix.sdcc.bnl.gov/alma9.2-gcc-14.2.0/release/release_new/new.10/include/emcnoisytowerfinder:/cvmfs/sphenix.sdcc.bnl.gov/alma9.2-gcc-14.2.0/release/release_new/new.10/include/ActsFatras:/cvmfs/sphenix.sdcc.bnl.gov/alma9.2-gcc-14.2.0/release/release_new/new.10/include/ffarawmodules:/cvmfs/sphenix.sdcc.bnl.gov/alma9.2-gcc-14.2.0/release/release_new/new.10/include/Event:/cvmfs/sphenix.sdcc.bnl.gov/alma9.2-gcc-14.2.0/release/release_new/new.10/include/prototype3:/cvmfs/sphenix.sdcc.bnl.gov/alma9.2-gcc-14.2.0/release/release_new/new.10/include/fermimotionafterburner:/cvmfs/sphenix.sdcc.bnl.gov/alma9.2-gcc-14.2.0/release/release_new/new.10/include/Photos:/cvmfs/sphenix.sdcc.bnl.gov/alma9.2-gcc-14.2.0/release/release_new/new.10/include/xingshiftcal:/cvmfs/sphenix.sdcc.bnl.gov/alma9.2-gcc-14.2.0/release/release_new/new.10/include/trackbase:/cvmfs/sphenix.sdcc.bnl.gov/alma9.2-gcc-14.2.0/release/release_new/new.10/include/jetdstskimmer:/cvmfs/sphenix.sdcc.bnl.gov/alma9.2-gcc-14.2.0/release/release_new/new.10/include/clusteriso:/cvmfs/sphenix.sdcc.bnl.gov/alma9.2-gcc-14.2.0/release/release_new/new.10/include/asmjit:/cvmfs/sphenix.sdcc.bnl.gov/alma9.2-gcc-14.2.0/release/release_new/new.10/include/particleflowreco:/cvmfs/sphenix.sdcc.bnl.gov/alma9.2-gcc-14.2.0/release/release_new/new.10/include/tpchittrackdisplay:/cvmfs/sphenix.sdcc.bnl.gov/alma9.2-gcc-14.2.0/release/release_new/new.10/include/caloana:/cvmfs/sphenix.sdcc.bnl.gov/alma9.2-gcc-14.2.0/release/release_new/new.10/include/calotrigger:/cvmfs/sphenix.sdcc.bnl.gov/alma9.2-gcc-14.2.0/release/release_new/new.10/include/nopayloadclient:/cvmfs/sphenix.sdcc.bnl.gov/alma9.2-gcc-14.2.0/release/release_new/new.10/include/trackermillepedealignment:/cvmfs/sphenix.sdcc.bnl.gov/alma9.2-gcc-14.2.0/release/release_new/new.10/include/DD4hep:/cvmfs/sphenix.sdcc.bnl.gov/alma9.2-gcc-14.2.0/release/release_new/new.10/include/g4trackfastsim:/cvmfs/sphenix.sdcc.bnl.gov/alma9.2-gcc-14.2.0/release/release_new/new.10/include/prototype2:/cvmfs/sphenix.sdcc.bnl.gov/alma9.2-gcc-14.2.0/release/release_new/new.10/include/ATen:/cvmfs/sphenix.sdcc.bnl.gov/alma9.2-gcc-14.2.0/release/release_new/new.10/include/g4main:/cvmfs/sphenix.sdcc.bnl.gov/alma9.2-gcc-14.2.0/release/release_new/new.10/include/Tauola:/cvmfs/sphenix.sdcc.bnl.gov/alma9.2-gcc-14.2.0/release/release_new/new.10/include/inttcalib:/cvmfs/sphenix.sdcc.bnl.gov/alma9.2-gcc-14.2.0/release/release_new/new.10/include/reactionplaneafterburner:/cvmfs/sphenix.sdcc.bnl.gov/alma9.2-gcc-14.2.0/release/release_new/new.10/include/globalqa:/cvmfs/sphenix.sdcc.bnl.gov/alma9.2-gcc-14.2.0/release/release_new/new.10/include/tpccalib:/cvmfs/sphenix.sdcc.bnl.gov/alma9.2-gcc-14.2.0/release/release_new/new.10/include/DDSegmentation:/cvmfs/sphenix.sdcc.bnl.gov/alma9.2-gcc-14.2.0/release/release_new/new.10/include/decayfinder:/cvmfs/sphenix.sdcc.bnl.gov/alma9.2-gcc-14.2.0/release/release_new/new.10/include/compressclus:/cvmfs/sphenix.sdcc.bnl.gov/alma9.2-gcc-14.2.0/release/release_new/new.10/include/simqa_modules:/cvmfs/sphenix.sdcc.bnl.gov/alma9.2-gcc-14.2.0/release/release_new/new.10/include/resonancejettagging:/cvmfs/sphenix.sdcc.bnl.gov/alma9.2-gcc-14.2.0/release/release_new/new.10/include/g4centrality:/cvmfs/sphenix.sdcc.bnl.gov/alma9.2-gcc-14.2.0/release/release_new/new.10/include/mvtx:/cvmfs/sphenix.sdcc.bnl.gov/alma9.2-gcc-14.2.0/release/release_new/new.10/include/nlohmann:/cvmfs/sphenix.sdcc.bnl.gov/alma9.2-gcc-14.2.0/release/release_new/new.10/include/localpoloffmon:/cvmfs/sphenix.sdcc.bnl.gov/alma9.2-gcc-14.2.0/release/release_new/new.10/include/DDEve:/cvmfs/sphenix.sdcc.bnl.gov/alma9.2-gcc-14.2.0/release/release_new/new.10/include/Parsers:/cvmfs/sphenix.sdcc.bnl.gov/alma9.2-gcc-14.2.0/release/release_new/new.10/include/trackingdiagnostics:/cvmfs/sphenix.sdcc.bnl.gov/alma9.2-gcc-14.2.0/release/release_new/new.10/include/g4vertex:/cvmfs/sphenix.sdcc.bnl.gov/alma9.2-gcc-14.2.0/release/release_new/new.10/include/jetbase:/cvmfs/sphenix.sdcc.bnl.gov/alma9.2-gcc-14.2.0/release/release_new/new.10/include/globalvertex:/cvmfs/sphenix.sdcc.bnl.gov/alma9.2-gcc-14.2.0/release/release_new/new.10/include/phgenfit:/cvmfs/sphenix.sdcc.bnl.gov/alma9.2-gcc-14.2.0/release/release_new/new.10/include/rawbcolumi:/cvmfs/sphenix.sdcc.bnl.gov/alma9.2-gcc-14.2.0/release/release_new/new.10/include/eicsmear:/cvmfs/sphenix.sdcc.bnl.gov/alma9.2-gcc-14.2.0/release/release_new/new.10/include/mvtxcalib:/cvmfs/sphenix.sdcc.bnl.gov/alma9.2-gcc-14.2.0/release/release_new/new.10/include/tpclinelaserdiode:/cvmfs/sphenix.sdcc.bnl.gov/alma9.2-gcc-14.2.0/release/release_new/new.10/include/hepmcjettrigger:/cvmfs/sphenix.sdcc.bnl.gov/alma9.2-gcc-14.2.0/release/release_new/new.10/include/core:/cvmfs/sphenix.sdcc.bnl.gov/alma9.2-gcc-14.2.0/release/release_new/new.10/include/calo_cdb:/cvmfs/sphenix.sdcc.bnl.gov/alma9.2-gcc-14.2.0/release/release_new/new.10/include/mvtxclustershapesqa:/cvmfs/sphenix.sdcc.bnl.gov/alma9.2-gcc-14.2.0/release/release_new/new.10/include/calopacketskimmer:/cvmfs/sphenix.sdcc.bnl.gov/alma9.2-gcc-14.2.0/opt/sphenix/core/geant4.10.07.p04/include:/cvmfs/sphenix.sdcc.bnl.gov/alma9.2-gcc-14.2.0/release/release_new/new.10/rootmacros:/cvmfs/sphenix.sdcc.bnl.gov/alma9.2-gcc-14.2.0/opt/sphenix/core/include
GSEARCHPATH=.:PG:LUSTRE:RAWDATA
PWD=/gpfs/mnt/gpfs02/sphenix/user/samfred/run25/ppg11/histmaking
LOGNAME=samfred
_CONDOR_JOB_AD=/home/condor/local/sphnx/execute/dir_3117303/.job.ad
MANPATH=/cvmfs/sphenix.sdcc.bnl.gov/alma9.2-gcc-14.2.0/opt/sphenix/core/gcc/14.2.0-2f0a0/x86_64-el9/share/man:/cvmfs/sphenix.sdcc.bnl.gov/alma9.2-gcc-14.2.0/opt/sphenix/core/binutils/2.40-acaab/x86_64-el9/share/man:/cvmfs/sphenix.sdcc.bnl.gov/alma9.2-gcc-14.2.0/release/release_new/new.10/share/man:/cvmfs/sphenix.sdcc.bnl.gov/alma9.2-gcc-14.2.0/opt/sphenix/utils/share/man:/cvmfs/sphenix.sdcc.bnl.gov/alma9.2-gcc-14.2.0/opt/sphenix/core/share/man:/cvmfs/sphenix.sdcc.bnl.gov/alma9.2-gcc-14.2.0/opt/sphenix/core/root-6.32.06/man:/usr/local/share/man:/usr/share/man
PYTHIA8=/cvmfs/sphenix.sdcc.bnl.gov/alma9.2-gcc-14.2.0/release/release_new/new.10/share/Pythia8
G4INCLDATA=/cvmfs/sphenix.sdcc.bnl.gov/alma9.2-gcc-14.2.0/opt/sphenix/core/geant4.10.07.p04/share/Geant4-10.7.4/data/G4INCL1.0
ORIG_PATH=/usr/local/bin:/usr/bin
CXX=/cvmfs/sphenix.sdcc.bnl.gov/alma9.2-gcc-14.2.0/opt/sphenix/core/gcc/14.2.0-2f0a0/x86_64-el9/bin/g++
G4LEDATA=/cvmfs/sphenix.sdcc.bnl.gov/alma9.2-gcc-14.2.0/opt/sphenix/core/geant4.10.07.p04/share/Geant4-10.7.4/data/G4EMLOW7.13
PYTHON_CPU_COUNT=1
OPENBLAS_NUM_THREADS=1
_CONDOR_BIN=/usr/bin
HOME=/sphenix/u/samfred
G4PARTICLEXSDATA=/cvmfs/sphenix.sdcc.bnl.gov/alma9.2-gcc-14.2.0/opt/sphenix/core/geant4.10.07.p04/share/Geant4-10.7.4/data/G4PARTICLEXS3.1.1
ONLINE_MAIN=/cvmfs/sphenix.sdcc.bnl.gov/alma9.2-gcc-14.2.0/release/release_new/new.10
CALIBRATIONROOT=/cvmfs/sphenix.sdcc.bnl.gov/alma9.2-gcc-14.2.0/release/release_new/new.10/share/calibrations
TMPDIR=/tmp
_CONDOR_SCRATCH_DIR=/home/condor/local/sphnx/execute/dir_3117303
PGUSER=phnxrc
NOPAYLOADCLIENT_CONF=/cvmfs/sphenix.sdcc.bnl.gov/alma9.2-gcc-14.2.0/opt/sphenix/core/etc/sPHENIX_newcdb.json
XERCESCROOT=/cvmfs/sphenix.sdcc.bnl.gov/alma9.2-gcc-14.2.0/opt/sphenix/core/geant4.10.07.p04
LHAPATH=/cvmfs/sphenix.sdcc.bnl.gov/alma9.2-gcc-14.2.0/opt/sphenix/core/lhapdf-5.9.1/share/lhapdf/PDFsets
_CONDOR_ANCESTOR_310978=311013:1756523324:1156866779
G4NEUTRONHPDATA=/cvmfs/sphenix.sdcc.bnl.gov/alma9.2-gcc-14.2.0/opt/sphenix/core/geant4.10.07.p04/share/Geant4-10.7.4/data/G4NDL4.6
PYTHONPATH=.:/cvmfs/sphenix.sdcc.bnl.gov/alma9.2-gcc-14.2.0/release/release_new/new.10/lib/python3.13/site-packages:/cvmfs/sphenix.sdcc.bnl.gov/alma9.2-gcc-14.2.0/opt/sphenix/core/lib/python3.13/site-packages:/cvmfs/sphenix.sdcc.bnl.gov/alma9.2-gcc-14.2.0/opt/sphenix/core/root-6.32.06/lib
USER=samfred
_CONDOR_JOB_PIDS=
TEMP=/tmp
GOMAXPROCS=1
OFFLINE_MAIN=/cvmfs/sphenix.sdcc.bnl.gov/alma9.2-gcc-14.2.0/release/release_new/new.10
SHLVL=1
TF_NUM_THREADS=1
G4SAIDXSDATA=/cvmfs/sphenix.sdcc.bnl.gov/alma9.2-gcc-14.2.0/opt/sphenix/core/geant4.10.07.p04/share/Geant4-10.7.4/data/G4SAIDDATA2.0
APPTAINER_CACHEDIR=/home/condor/local/sphnx/execute/dir_3117303
ROOTSYS=/cvmfs/sphenix.sdcc.bnl.gov/alma9.2-gcc-14.2.0/opt/sphenix/core/root-6.32.06
BATCH_SYSTEM=HTCondor
_CONDOR_SLOT=slot1_1
LD_LIBRARY_PATH=/sphenix/user/samfred/run25/install//lib:/cvmfs/sphenix.sdcc.bnl.gov/alma9.2-gcc-14.2.0/opt/sphenix/core/gcc/14.2.0-2f0a0/x86_64-el9/lib:/cvmfs/sphenix.sdcc.bnl.gov/alma9.2-gcc-14.2.0/opt/sphenix/core/gcc/14.2.0-2f0a0/x86_64-el9/lib64:/cvmfs/sphenix.sdcc.bnl.gov/alma9.2-gcc-14.2.0/opt/sphenix/core/binutils/2.40-acaab/x86_64-el9/lib:.:/cvmfs/sphenix.sdcc.bnl.gov/alma9.2-gcc-14.2.0/release/release_new/new.10/lib64:/cvmfs/sphenix.sdcc.bnl.gov/alma9.2-gcc-14.2.0/release/release_new/new.10/lib:/cvmfs/sphenix.sdcc.bnl.gov/alma9.2-gcc-14.2.0/opt/sphenix/utils/lib:/cvmfs/sphenix.sdcc.bnl.gov/alma9.2-gcc-14.2.0/opt/sphenix/core/lib:/cvmfs/sphenix.sdcc.bnl.gov/alma9.2-gcc-14.2.0/opt/sphenix/core/root-6.32.06/lib:/cvmfs/sphenix.sdcc.bnl.gov/alma9.2-gcc-14.2.0/opt/sphenix/core/geant4.10.07.p04/lib64:/cvmfs/sphenix.sdcc.bnl.gov/alma9.2-gcc-14.2.0/opt/sphenix/core/lhapdf-5.9.1/lib:/usr/local/lib64:/usr/lib64
OPT_SPHENIX=/cvmfs/sphenix.sdcc.bnl.gov/alma9.2-gcc-14.2.0/opt/sphenix/core
TF_LOOP_PARALLEL_ITERATIONS=1
EVT_LIB=/cvmfs/sphenix.sdcc.bnl.gov/alma9.2-gcc-14.2.0/opt/sphenix/core/root-6.32.06/lib
PGHOST=sphnxdbmaster.sdcc.bnl.gov
OMP_NUM_THREADS=1
G4REALSURFACEDATA=/cvmfs/sphenix.sdcc.bnl.gov/alma9.2-gcc-14.2.0/opt/sphenix/core/geant4.10.07.p04/share/Geant4-10.7.4/data/RealSurface2.2
FC=/cvmfs/sphenix.sdcc.bnl.gov/alma9.2-gcc-14.2.0/opt/sphenix/core/gcc/14.2.0-2f0a0/x86_64-el9/bin/gfortran
G4ABLADATA=/cvmfs/sphenix.sdcc.bnl.gov/alma9.2-gcc-14.2.0/opt/sphenix/core/geant4.10.07.p04/share/Geant4-10.7.4/data/G4ABLA3.1
PARASOFT=doesnotexist
TMP=/tmp
OPT_UTILS=/cvmfs/sphenix.sdcc.bnl.gov/alma9.2-gcc-14.2.0/opt/sphenix/utils
CONFIG_SITE=/cvmfs/sphenix.sdcc.bnl.gov/alma9.2-gcc-14.2.0/opt/sphenix/core/etc/config.site
PATH=/sphenix/user/samfred/run25/install//bin:/cvmfs/sphenix.sdcc.bnl.gov/alma9.2-gcc-14.2.0/opt/sphenix/core/gcc/14.2.0-2f0a0/x86_64-el9/bin:/cvmfs/sphenix.sdcc.bnl.gov/alma9.2-gcc-14.2.0/opt/sphenix/core/binutils/2.40-acaab/x86_64-el9/bin:.:/cvmfs/sphenix.sdcc.bnl.gov/alma9.2-gcc-14.2.0/release/release_new/new.10/bin:/cvmfs/sphenix.sdcc.bnl.gov/alma9.2-gcc-14.2.0/opt/sphenix/utils/bin:/cvmfs/sphenix.sdcc.bnl.gov/alma9.2-gcc-14.2.0/opt/sphenix/core/bin:/cvmfs/sphenix.sdcc.bnl.gov/alma9.2-gcc-14.2.0/opt/sphenix/core/root-6.32.06/bin:/cvmfs/sphenix.sdcc.bnl.gov/alma9.2-gcc-14.2.0/opt/sphenix/core/geant4.10.07.p04/bin:/usr/local/bin:/usr/bin:/usr/local/sbin:/usr/sbin
G4LEVELGAMMADATA=/cvmfs/sphenix.sdcc.bnl.gov/alma9.2-gcc-14.2.0/opt/sphenix/core/geant4.10.07.p04/share/Geant4-10.7.4/data/PhotonEvaporation5.7
CC=/cvmfs/sphenix.sdcc.bnl.gov/alma9.2-gcc-14.2.0/opt/sphenix/core/gcc/14.2.0-2f0a0/x86_64-el9/bin/gcc
G4RADIOACTIVEDATA=/cvmfs/sphenix.sdcc.bnl.gov/alma9.2-gcc-14.2.0/opt/sphenix/core/geant4.10.07.p04/share/Geant4-10.7.4/data/RadioactiveDecay5.6
JULIA_NUM_THREADS=1
MKL_NUM_THREADS=1
_CONDOR_ANCESTOR_311013=3117303:1759352671:2535251409
LHAPDF_DATA_PATH=/cvmfs/sphenix.sdcc.bnl.gov/alma9.2-gcc-14.2.0/release/release_new/new.10/share/LHAPDF
XPLOAD_CONFIG_DIR=/cvmfs/sphenix.sdcc.bnl.gov/alma9.2-gcc-14.2.0/opt/sphenix/core/etc
OLDPWD=/cvmfs/sphenix.sdcc.bnl.gov/alma9.2-gcc-14.2.0/release/release_new/new.10/geant4
_=/usr/bin/printenv
runnumber...
47378
trigger...

   ------------------------------------------------------------------
  | Welcome to ROOT 6.32.06                        https://root.cern |
  | (c) 1995-2024, The ROOT Team; conception: R. Brun, F. Rademakers |
  | Built for linuxx8664gcc on Dec 13 2024, 17:23:48                 |
  | From tags/6-32-06@6-32-06                                        |
  | With g++ (GCC) 14.2.0                                            |
  | Try '.help'/'.?', '.demo', '.license', '.credits', '.quit'/'.q'  |
   ------------------------------------------------------------------


Processing data_histmaker.C(47378)...
entry 1000/19630921 (0.005094%)
entry 2000/19630921 (0.010188%)
entry 7000/19630921 (0.035658%)
entry 13000/19630921 (0.0662221%)
entry 16000/19630921 (0.0815041%)
entry 19000/19630921 (0.0967861%)
entry 21000/19630921 (0.106974%)
entry 22000/19630921 (0.112068%)
entry 23000/19630921 (0.117162%)
entry 24000/19630921 (0.122256%)
entry 25000/19630921 (0.12735%)
entry 27000/19630921 (0.137538%)
entry 38000/19630921 (0.193572%)
entry 39000/19630921 (0.198666%)
entry 40000/19630921 (0.20376%)
entry 41000/19630921 (0.208854%)
entry 43000/19630921 (0.219042%)
entry 46000/19630921 (0.234324%)
entry 49000/19630921 (0.249606%)
entry 51000/19630921 (0.259794%)
entry 55000/19630921 (0.28017%)
entry 57000/19630921 (0.290358%)
entry 59000/19630921 (0.300546%)
entry 64000/19630921 (0.326016%)
entry 65000/19630921 (0.33111%)
entry 66000/19630921 (0.336204%)
entry 73000/19630921 (0.371862%)
entry 76000/19630921 (0.387144%)
entry 77000/19630921 (0.392238%)
entry 83000/19630921 (0.422802%)
entry 84000/19630921 (0.427896%)
entry 85000/19630921 (0.43299%)
entry 87000/19630921 (0.443178%)
entry 88000/19630921 (0.448272%)
entry 94000/19630921 (0.478836%)
entry 96000/19630921 (0.489024%)
entry 98000/19630921 (0.499212%)
entry 99000/19630921 (0.504306%)
entry 102000/19630921 (0.519588%)
entry 107000/19630921 (0.545058%)
entry 108000/19630921 (0.550153%)
entry 114000/19630921 (0.580717%)
entry 116000/19630921 (0.590905%)
entry 119000/19630921 (0.606187%)
entry 121000/19630921 (0.616375%)
entry 127000/19630921 (0.646939%)
entry 128000/19630921 (0.652033%)
entry 129000/19630921 (0.657127%)
entry 130000/19630921 (0.662221%)
entry 131000/19630921 (0.667315%)
entry 153000/19630921 (0.779383%)
entry 156000/19630921 (0.794665%)
entry 160000/19630921 (0.815041%)
entry 168000/19630921 (0.855793%)
entry 172000/19630921 (0.876169%)
entry 175000/19630921 (0.891451%)
entry 179000/19630921 (0.911827%)
entry 180000/19630921 (0.916921%)
entry 185000/19630921 (0.942391%)
entry 191000/19630921 (0.972955%)
entry 192000/19630921 (0.978049%)
entry 194000/19630921 (0.988237%)
entry 197000/19630921 (1.00352%)
entry 198000/19630921 (1.00861%)
entry 203000/19630921 (1.03408%)
entry 205000/19630921 (1.04427%)
entry 207000/19630921 (1.05446%)
entry 220000/19630921 (1.12068%)
entry 222000/19630921 (1.13087%)
entry 233000/19630921 (1.1869%)
entry 235000/19630921 (1.19709%)
entry 237000/19630921 (1.20728%)
entry 241000/19630921 (1.22766%)
entry 244000/19630921 (1.24294%)
entry 254000/19630921 (1.29388%)
entry 260000/19630921 (1.32444%)
entry 264000/19630921 (1.34482%)
entry 265000/19630921 (1.34991%)
entry 266000/19630921 (1.35501%)
entry 269000/19630921 (1.37029%)
entry 270000/19630921 (1.37538%)
entry 275000/19630921 (1.40085%)
entry 276000/19630921 (1.40595%)
entry 278000/19630921 (1.41613%)
entry 279000/19630921 (1.42123%)
entry 291000/19630921 (1.48236%)
entry 293000/19630921 (1.49254%)
entry 296000/19630921 (1.50783%)
entry 300000/19630921 (1.5282%)
entry 301000/19630921 (1.5333%)
entry 306000/19630921 (1.55877%)
entry 311000/19630921 (1.58424%)
entry 313000/19630921 (1.59442%)
entry 314000/19630921 (1.59952%)
entry 320000/19630921 (1.63008%)
entry 325000/19630921 (1.65555%)
entry 327000/19630921 (1.66574%)
entry 329000/19630921 (1.67593%)
entry 334000/19630921 (1.7014%)
entry 335000/19630921 (1.70649%)
entry 336000/19630921 (1.71159%)
entry 340000/19630921 (1.73196%)
entry 348000/19630921 (1.77271%)
entry 354000/19630921 (1.80328%)
entry 360000/19630921 (1.83384%)
entry 366000/19630921 (1.86441%)
entry 368000/19630921 (1.87459%)
entry 369000/19630921 (1.87969%)
entry 371000/19630921 (1.88988%)
entry 373000/19630921 (1.90006%)
entry 374000/19630921 (1.90516%)
entry 376000/19630921 (1.91535%)
entry 382000/19630921 (1.94591%)
entry 387000/19630921 (1.97138%)
entry 393000/19630921 (2.00194%)
entry 394000/19630921 (2.00704%)
entry 402000/19630921 (2.04779%)
entry 404000/19630921 (2.05798%)
entry 405000/19630921 (2.06307%)
entry 406000/19630921 (2.06817%)
entry 415000/19630921 (2.11401%)
entry 416000/19630921 (2.11911%)
entry 420000/19630921 (2.13948%)
entry 421000/19630921 (2.14458%)
entry 425000/19630921 (2.16495%)
entry 430000/19630921 (2.19042%)
entry 443000/19630921 (2.25664%)
entry 451000/19630921 (2.2974%)
entry 452000/19630921 (2.30249%)
entry 462000/19630921 (2.35343%)
entry 463000/19630921 (2.35852%)
entry 467000/19630921 (2.3789%)
entry 469000/19630921 (2.38909%)
entry 470000/19630921 (2.39418%)
entry 474000/19630921 (2.41456%)
entry 477000/19630921 (2.42984%)
entry 480000/19630921 (2.44512%)
entry 483000/19630921 (2.4604%)
entry 488000/19630921 (2.48587%)
entry 490000/19630921 (2.49606%)
entry 493000/19630921 (2.51134%)
entry 500000/19630921 (2.547%)
entry 504000/19630921 (2.56738%)
entry 507000/19630921 (2.58266%)
entry 508000/19630921 (2.58775%)
entry 509000/19630921 (2.59285%)
entry 511000/19630921 (2.60304%)
entry 517000/19630921 (2.6336%)
entry 518000/19630921 (2.63869%)
entry 522000/19630921 (2.65907%)
entry 526000/19630921 (2.67945%)
entry 529000/19630921 (2.69473%)
entry 530000/19630921 (2.69982%)
entry 535000/19630921 (2.72529%)
entry 543000/19630921 (2.76604%)
entry 544000/19630921 (2.77114%)
entry 545000/19630921 (2.77623%)
entry 546000/19630921 (2.78133%)
entry 550000/19630921 (2.8017%)
entry 553000/19630921 (2.81698%)
entry 567000/19630921 (2.8883%)
entry 584000/19630921 (2.9749%)
entry 586000/19630921 (2.98509%)
entry 589000/19630921 (3.00037%)
entry 594000/19630921 (3.02584%)
entry 599000/19630921 (3.05131%)
entry 605000/19630921 (3.08187%)
entry 610000/19630921 (3.10734%)
entry 611000/19630921 (3.11244%)
entry 612000/19630921 (3.11753%)
entry 613000/19630921 (3.12262%)
entry 617000/19630921 (3.143%)
entry 621000/19630921 (3.16338%)
entry 623000/19630921 (3.17357%)
entry 624000/19630921 (3.17866%)
entry 625000/19630921 (3.18375%)
entry 626000/19630921 (3.18885%)
entry 627000/19630921 (3.19394%)
entry 631000/19630921 (3.21432%)
entry 636000/19630921 (3.23979%)
entry 638000/19630921 (3.24997%)
entry 640000/19630921 (3.26016%)
entry 641000/19630921 (3.26526%)
entry 642000/19630921 (3.27035%)
entry 645000/19630921 (3.28563%)
entry 646000/19630921 (3.29073%)
entry 647000/19630921 (3.29582%)
entry 651000/19630921 (3.3162%)
entry 652000/19630921 (3.32129%)
entry 654000/19630921 (3.33148%)
entry 659000/19630921 (3.35695%)
entry 666000/19630921 (3.39261%)
entry 669000/19630921 (3.40789%)
entry 670000/19630921 (3.41298%)
entry 671000/19630921 (3.41808%)
entry 675000/19630921 (3.43845%)
entry 676000/19630921 (3.44355%)
entry 678000/19630921 (3.45374%)
entry 679000/19630921 (3.45883%)
entry 680000/19630921 (3.46392%)
entry 686000/19630921 (3.49449%)
entry 689000/19630921 (3.50977%)
entry 690000/19630921 (3.51486%)
entry 694000/19630921 (3.53524%)
entry 695000/19630921 (3.54033%)
entry 696000/19630921 (3.54543%)
entry 697000/19630921 (3.55052%)
entry 698000/19630921 (3.55562%)
entry 703000/19630921 (3.58109%)
entry 704000/19630921 (3.58618%)
entry 711000/19630921 (3.62184%)
entry 717000/19630921 (3.6524%)
entry 722000/19630921 (3.67787%)
entry 723000/19630921 (3.68297%)
entry 738000/19630921 (3.75938%)
entry 744000/19630921 (3.78994%)
entry 747000/19630921 (3.80522%)
entry 748000/19630921 (3.81032%)
entry 753000/19630921 (3.83579%)
entry 755000/19630921 (3.84597%)
entry 759000/19630921 (3.86635%)
entry 761000/19630921 (3.87654%)
entry 778000/19630921 (3.96314%)
entry 785000/19630921 (3.99879%)
entry 791000/19630921 (4.02936%)
entry 792000/19630921 (4.03445%)
entry 796000/19630921 (4.05483%)
entry 798000/19630921 (4.06502%)
entry 799000/19630921 (4.07011%)
entry 800000/19630921 (4.0752%)
entry 801000/19630921 (4.0803%)
entry 805000/19630921 (4.10067%)
entry 806000/19630921 (4.10577%)
entry 808000/19630921 (4.11596%)
entry 815000/19630921 (4.15161%)
entry 817000/19630921 (4.1618%)
entry 818000/19630921 (4.1669%)
entry 827000/19630921 (4.21274%)
entry 833000/19630921 (4.24331%)
entry 842000/19630921 (4.28915%)
entry 847000/19630921 (4.31462%)
entry 854000/19630921 (4.35028%)
entry 855000/19630921 (4.35537%)
entry 860000/19630921 (4.38084%)
entry 863000/19630921 (4.39613%)
entry 867000/19630921 (4.4165%)
entry 870000/19630921 (4.43178%)
entry 873000/19630921 (4.44707%)
entry 884000/19630921 (4.5031%)
entry 885000/19630921 (4.50819%)
entry 887000/19630921 (4.51838%)
entry 888000/19630921 (4.52348%)
entry 896000/19630921 (4.56423%)
entry 897000/19630921 (4.56932%)
entry 898000/19630921 (4.57442%)
entry 899000/19630921 (4.57951%)
entry 905000/19630921 (4.61007%)
entry 913000/19630921 (4.65083%)
entry 919000/19630921 (4.68139%)
entry 921000/19630921 (4.69158%)
entry 927000/19630921 (4.72214%)
entry 929000/19630921 (4.73233%)
entry 938000/19630921 (4.77818%)
entry 940000/19630921 (4.78836%)
entry 944000/19630921 (4.80874%)
entry 952000/19630921 (4.84949%)
entry 954000/19630921 (4.85968%)
entry 958000/19630921 (4.88006%)
entry 959000/19630921 (4.88515%)
entry 965000/19630921 (4.91571%)
entry 969000/19630921 (4.93609%)
entry 972000/19630921 (4.95137%)
entry 975000/19630921 (4.96665%)
entry 977000/19630921 (4.97684%)
entry 982000/19630921 (5.00231%)
entry 984000/19630921 (5.0125%)
entry 987000/19630921 (5.02778%)
entry 988000/19630921 (5.03288%)
entry 996000/19630921 (5.07363%)
entry 997000/19630921 (5.07872%)
entry 1001000/19630921 (5.0991%)
entry 1002000/19630921 (5.10419%)
entry 1007000/19630921 (5.12966%)
entry 1011000/19630921 (5.15004%)
entry 1018000/19630921 (5.1857%)
entry 1019000/19630921 (5.19079%)
entry 1034000/19630921 (5.2672%)
entry 1039000/19630921 (5.29267%)
entry 1040000/19630921 (5.29777%)
entry 1042000/19630921 (5.30795%)
entry 1046000/19630921 (5.32833%)
entry 1049000/19630921 (5.34361%)
entry 1050000/19630921 (5.34871%)
entry 1063000/19630921 (5.41493%)
entry 1065000/19630921 (5.42511%)
entry 1074000/19630921 (5.47096%)
entry 1082000/19630921 (5.51171%)
entry 1087000/19630921 (5.53718%)
entry 1088000/19630921 (5.54228%)
entry 1090000/19630921 (5.55247%)
entry 1092000/19630921 (5.56265%)
entry 1100000/19630921 (5.60341%)
entry 1103000/19630921 (5.61869%)
entry 1107000/19630921 (5.63906%)
entry 1114000/19630921 (5.67472%)
entry 1118000/19630921 (5.6951%)
entry 1121000/19630921 (5.71038%)
entry 1126000/19630921 (5.73585%)
entry 1128000/19630921 (5.74604%)
entry 1130000/19630921 (5.75623%)
entry 1135000/19630921 (5.7817%)
entry 1137000/19630921 (5.79188%)
entry 1140000/19630921 (5.80717%)
entry 1143000/19630921 (5.82245%)
entry 1144000/19630921 (5.82754%)
entry 1147000/19630921 (5.84282%)
entry 1157000/19630921 (5.89376%)
entry 1158000/19630921 (5.89886%)
entry 1161000/19630921 (5.91414%)
entry 1162000/19630921 (5.91923%)
entry 1171000/19630921 (5.96508%)
entry 1172000/19630921 (5.97017%)
entry 1181000/19630921 (6.01602%)
entry 1183000/19630921 (6.02621%)
entry 1185000/19630921 (6.0364%)
entry 1193000/19630921 (6.07715%)
entry 1194000/19630921 (6.08224%)
entry 1197000/19630921 (6.09752%)
entry 1198000/19630921 (6.10262%)
entry 1202000/19630921 (6.12299%)
entry 1204000/19630921 (6.13318%)
entry 1208000/19630921 (6.15356%)
entry 1210000/19630921 (6.16375%)
entry 1212000/19630921 (6.17393%)
entry 1213000/19630921 (6.17903%)
entry 1214000/19630921 (6.18412%)
entry 1218000/19630921 (6.2045%)
entry 1223000/19630921 (6.22997%)
entry 1229000/19630921 (6.26053%)
entry 1230000/19630921 (6.26563%)
entry 1231000/19630921 (6.27072%)
entry 1232000/19630921 (6.27581%)
entry 1233000/19630921 (6.28091%)
entry 1235000/19630921 (6.2911%)
entry 1253000/19630921 (6.38279%)
entry 1257000/19630921 (6.40316%)
entry 1260000/19630921 (6.41845%)
entry 1263000/19630921 (6.43373%)
entry 1267000/19630921 (6.4541%)
entry 1271000/19630921 (6.47448%)
entry 1272000/19630921 (6.47957%)
entry 1281000/19630921 (6.52542%)
entry 1287000/19630921 (6.55598%)
entry 1290000/19630921 (6.57127%)
entry 1293000/19630921 (6.58655%)
entry 1294000/19630921 (6.59164%)
entry 1295000/19630921 (6.59674%)
entry 1296000/19630921 (6.60183%)
entry 1299000/19630921 (6.61711%)
entry 1301000/19630921 (6.6273%)
entry 1302000/19630921 (6.63239%)
entry 1309000/19630921 (6.66805%)
entry 1311000/19630921 (6.67824%)
entry 1313000/19630921 (6.68843%)
entry 1319000/19630921 (6.71899%)
entry 1321000/19630921 (6.72918%)
entry 1326000/19630921 (6.75465%)
entry 1328000/19630921 (6.76484%)
entry 1332000/19630921 (6.78521%)
entry 1333000/19630921 (6.79031%)
entry 1338000/19630921 (6.81578%)
entry 1339000/19630921 (6.82087%)
entry 1340000/19630921 (6.82597%)
entry 1341000/19630921 (6.83106%)
entry 1349000/19630921 (6.87181%)
entry 1358000/19630921 (6.91766%)
entry 1363000/19630921 (6.94313%)
entry 1364000/19630921 (6.94822%)
entry 1366000/19630921 (6.95841%)
entry 1370000/19630921 (6.97879%)
entry 1375000/19630921 (7.00426%)
entry 1379000/19630921 (7.02463%)
entry 1383000/19630921 (7.04501%)
entry 1386000/19630921 (7.06029%)
entry 1392000/19630921 (7.09085%)
entry 1393000/19630921 (7.09595%)
entry 1394000/19630921 (7.10104%)
entry 1402000/19630921 (7.1418%)
entry 1405000/19630921 (7.15708%)
entry 1411000/19630921 (7.18764%)
entry 1413000/19630921 (7.19783%)
entry 1418000/19630921 (7.2233%)
entry 1426000/19630921 (7.26405%)
entry 1428000/19630921 (7.27424%)
entry 1450000/19630921 (7.38631%)
entry 1451000/19630921 (7.3914%)
entry 1461000/19630921 (7.44234%)
entry 1463000/19630921 (7.45253%)
entry 1468000/19630921 (7.478%)
entry 1469000/19630921 (7.48309%)
entry 1476000/19630921 (7.51875%)
entry 1478000/19630921 (7.52894%)
entry 1482000/19630921 (7.54931%)
entry 1484000/19630921 (7.5595%)
entry 1488000/19630921 (7.57988%)
entry 1492000/19630921 (7.60026%)
entry 1502000/19630921 (7.65119%)
entry 1503000/19630921 (7.65629%)
entry 1507000/19630921 (7.67667%)
entry 1509000/19630921 (7.68685%)
entry 1512000/19630921 (7.70214%)
entry 1514000/19630921 (7.71232%)
entry 1516000/19630921 (7.72251%)
entry 1522000/19630921 (7.75307%)
entry 1532000/19630921 (7.80402%)
entry 1539000/19630921 (7.83967%)
entry 1540000/19630921 (7.84477%)
entry 1541000/19630921 (7.84986%)
entry 1543000/19630921 (7.86005%)
entry 1545000/19630921 (7.87024%)
entry 1546000/19630921 (7.87533%)
entry 1548000/19630921 (7.88552%)
entry 1554000/19630921 (7.91608%)
entry 1559000/19630921 (7.94155%)
entry 1560000/19630921 (7.94665%)
entry 1563000/19630921 (7.96193%)
entry 1565000/19630921 (7.97212%)
entry 1567000/19630921 (7.98231%)
entry 1568000/19630921 (7.9874%)
entry 1576000/19630921 (8.02815%)
entry 1577000/19630921 (8.03325%)
entry 1578000/19630921 (8.03834%)
entry 1580000/19630921 (8.04853%)
entry 1582000/19630921 (8.05872%)
entry 1584000/19630921 (8.0689%)
entry 1585000/19630921 (8.074%)
entry 1587000/19630921 (8.08419%)
entry 1599000/19630921 (8.14531%)
entry 1600000/19630921 (8.15041%)
entry 1603000/19630921 (8.16569%)
entry 1604000/19630921 (8.17078%)
entry 1611000/19630921 (8.20644%)
entry 1612000/19630921 (8.21154%)
entry 1617000/19630921 (8.23701%)
entry 1620000/19630921 (8.25229%)
entry 1621000/19630921 (8.25738%)
entry 1623000/19630921 (8.26757%)
entry 1628000/19630921 (8.29304%)
entry 1634000/19630921 (8.3236%)
entry 1639000/19630921 (8.34907%)
entry 1640000/19630921 (8.35417%)
entry 1641000/19630921 (8.35926%)
entry 1642000/19630921 (8.36436%)
entry 1649000/19630921 (8.40001%)
entry 1650000/19630921 (8.40511%)
entry 1652000/19630921 (8.4153%)
entry 1655000/19630921 (8.43058%)
entry 1656000/19630921 (8.43567%)
entry 1661000/19630921 (8.46114%)
entry 1669000/19630921 (8.50189%)
entry 1675000/19630921 (8.53246%)
entry 1677000/19630921 (8.54265%)
entry 1678000/19630921 (8.54774%)
entry 1683000/19630921 (8.57321%)
entry 1687000/19630921 (8.59359%)
entry 1698000/19630921 (8.64962%)
entry 1699000/19630921 (8.65471%)
entry 1700000/19630921 (8.65981%)
entry 1701000/19630921 (8.6649%)
entry 1705000/19630921 (8.68528%)
entry 1717000/19630921 (8.74641%)
entry 1722000/19630921 (8.77188%)
entry 1726000/19630921 (8.79225%)
entry 1728000/19630921 (8.80244%)
entry 1729000/19630921 (8.80753%)
entry 1731000/19630921 (8.81772%)
entry 1733000/19630921 (8.82791%)
entry 1738000/19630921 (8.85338%)
entry 1740000/19630921 (8.86357%)
entry 1742000/19630921 (8.87376%)
entry 1745000/19630921 (8.88904%)
entry 1755000/19630921 (8.93998%)
entry 1757000/19630921 (8.95017%)
entry 1760000/19630921 (8.96545%)
entry 1771000/19630921 (9.02148%)
entry 1775000/19630921 (9.04186%)
entry 1776000/19630921 (9.04695%)
entry 1777000/19630921 (9.05205%)
entry 1781000/19630921 (9.07242%)
entry 1783000/19630921 (9.08261%)
entry 1784000/19630921 (9.0877%)
entry 1787000/19630921 (9.10299%)
entry 1788000/19630921 (9.10808%)
entry 1790000/19630921 (9.11827%)
entry 1792000/19630921 (9.12846%)
entry 1800000/19630921 (9.16921%)
entry 1804000/19630921 (9.18958%)
entry 1807000/19630921 (9.20487%)
entry 1810000/19630921 (9.22015%)
entry 1811000/19630921 (9.22524%)
entry 1824000/19630921 (9.29146%)
entry 1826000/19630921 (9.30165%)
entry 1827000/19630921 (9.30675%)
entry 1831000/19630921 (9.32712%)
entry 1832000/19630921 (9.33222%)
entry 1838000/19630921 (9.36278%)
entry 1844000/19630921 (9.39334%)
entry 1845000/19630921 (9.39844%)
entry 1854000/19630921 (9.44429%)
entry 1855000/19630921 (9.44938%)
entry 1860000/19630921 (9.47485%)
entry 1866000/19630921 (9.50541%)
entry 1868000/19630921 (9.5156%)
entry 1874000/19630921 (9.54617%)
entry 1878000/19630921 (9.56654%)
entry 1880000/19630921 (9.57673%)
entry 1881000/19630921 (9.58182%)
entry 1883000/19630921 (9.59201%)
entry 1884000/19630921 (9.5971%)
entry 1886000/19630921 (9.60729%)
entry 1887000/19630921 (9.61239%)
entry 1894000/19630921 (9.64805%)
entry 1895000/19630921 (9.65314%)
entry 1898000/19630921 (9.66842%)
entry 1900000/19630921 (9.67861%)
entry 1903000/19630921 (9.69389%)
entry 1913000/19630921 (9.74483%)
entry 1915000/19630921 (9.75502%)
entry 1917000/19630921 (9.76521%)
entry 1919000/19630921 (9.77539%)
entry 1920000/19630921 (9.78049%)
entry 1921000/19630921 (9.78558%)
entry 1922000/19630921 (9.79068%)
entry 1924000/19630921 (9.80087%)
entry 1926000/19630921 (9.81105%)
entry 1937000/19630921 (9.86709%)
entry 1939000/19630921 (9.87727%)
entry 1943000/19630921 (9.89765%)
entry 1944000/19630921 (9.90275%)
entry 1949000/19630921 (9.92822%)
entry 1950000/19630921 (9.93331%)
entry 1954000/19630921 (9.95369%)
entry 1964000/19630921 (10.0046%)
entry 1967000/19630921 (10.0199%)
entry 1970000/19630921 (10.0352%)
entry 1972000/19630921 (10.0454%)
entry 1974000/19630921 (10.0556%)
entry 1983000/19630921 (10.1014%)
entry 1986000/19630921 (10.1167%)
entry 1987000/19630921 (10.1218%)
entry 1988000/19630921 (10.1269%)
entry 1991000/19630921 (10.1422%)
entry 1992000/19630921 (10.1473%)
entry 1994000/19630921 (10.1574%)
entry 2001000/19630921 (10.1931%)
entry 2006000/19630921 (10.2186%)
entry 2012000/19630921 (10.2491%)
entry 2015000/19630921 (10.2644%)
entry 2016000/19630921 (10.2695%)
entry 2022000/19630921 (10.3001%)
entry 2028000/19630921 (10.3306%)
entry 2039000/19630921 (10.3867%)
entry 2041000/19630921 (10.3969%)
entry 2044000/19630921 (10.4121%)
entry 2045000/19630921 (10.4172%)
entry 2065000/19630921 (10.5191%)
entry 2070000/19630921 (10.5446%)
entry 2078000/19630921 (10.5853%)
entry 2080000/19630921 (10.5955%)
entry 2081000/19630921 (10.6006%)
entry 2092000/19630921 (10.6567%)
entry 2100000/19630921 (10.6974%)
entry 2105000/19630921 (10.7229%)
entry 2111000/19630921 (10.7534%)
entry 2113000/19630921 (10.7636%)
entry 2117000/19630921 (10.784%)
entry 2120000/19630921 (10.7993%)
entry 2121000/19630921 (10.8044%)
entry 2125000/19630921 (10.8248%)
entry 2129000/19630921 (10.8451%)
entry 2133000/19630921 (10.8655%)
entry 2134000/19630921 (10.8706%)
entry 2139000/19630921 (10.8961%)
entry 2140000/19630921 (10.9012%)
entry 2141000/19630921 (10.9063%)
entry 2143000/19630921 (10.9165%)
entry 2145000/19630921 (10.9266%)
entry 2146000/19630921 (10.9317%)
entry 2148000/19630921 (10.9419%)
entry 2150000/19630921 (10.9521%)
entry 2154000/19630921 (10.9725%)
entry 2156000/19630921 (10.9827%)
entry 2157000/19630921 (10.9878%)
entry 2158000/19630921 (10.9929%)
entry 2161000/19630921 (11.0081%)
entry 2162000/19630921 (11.0132%)
entry 2165000/19630921 (11.0285%)
entry 2173000/19630921 (11.0693%)
entry 2174000/19630921 (11.0744%)
entry 2175000/19630921 (11.0795%)
entry 2176000/19630921 (11.0846%)
entry 2177000/19630921 (11.0896%)
entry 2178000/19630921 (11.0947%)
entry 2184000/19630921 (11.1253%)
entry 2193000/19630921 (11.1712%)
entry 2205000/19630921 (11.2323%)
entry 2211000/19630921 (11.2628%)
entry 2220000/19630921 (11.3087%)
entry 2221000/19630921 (11.3138%)
entry 2222000/19630921 (11.3189%)
entry 2223000/19630921 (11.324%)
entry 2225000/19630921 (11.3342%)
entry 2229000/19630921 (11.3545%)
entry 2242000/19630921 (11.4208%)
entry 2243000/19630921 (11.4259%)
entry 2248000/19630921 (11.4513%)
entry 2251000/19630921 (11.4666%)
entry 2255000/19630921 (11.487%)
entry 2260000/19630921 (11.5125%)
entry 2261000/19630921 (11.5175%)
entry 2264000/19630921 (11.5328%)
entry 2266000/19630921 (11.543%)
entry 2268000/19630921 (11.5532%)
entry 2274000/19630921 (11.5838%)
entry 2275000/19630921 (11.5889%)
entry 2280000/19630921 (11.6143%)
entry 2282000/19630921 (11.6245%)
entry 2284000/19630921 (11.6347%)
entry 2292000/19630921 (11.6755%)
entry 2294000/19630921 (11.6856%)
entry 2296000/19630921 (11.6958%)
entry 2306000/19630921 (11.7468%)
entry 2311000/19630921 (11.7722%)
entry 2325000/19630921 (11.8436%)
entry 2332000/19630921 (11.8792%)
entry 2333000/19630921 (11.8843%)
entry 2338000/19630921 (11.9098%)
entry 2346000/19630921 (11.9505%)
entry 2350000/19630921 (11.9709%)
entry 2351000/19630921 (11.976%)
entry 2353000/19630921 (11.9862%)
entry 2361000/19630921 (12.0269%)
entry 2362000/19630921 (12.032%)
entry 2363000/19630921 (12.0371%)
entry 2367000/19630921 (12.0575%)
entry 2370000/19630921 (12.0728%)
entry 2377000/19630921 (12.1084%)
entry 2381000/19630921 (12.1288%)
entry 2383000/19630921 (12.139%)
entry 2392000/19630921 (12.1849%)
entry 2393000/19630921 (12.19%)
entry 2395000/19630921 (12.2001%)
entry 2399000/19630921 (12.2205%)
entry 2405000/19630921 (12.2511%)
entry 2406000/19630921 (12.2562%)
entry 2412000/19630921 (12.2867%)
entry 2413000/19630921 (12.2918%)
entry 2416000/19630921 (12.3071%)
entry 2417000/19630921 (12.3122%)
entry 2424000/19630921 (12.3479%)
entry 2425000/19630921 (12.353%)
entry 2427000/19630921 (12.3631%)
entry 2428000/19630921 (12.3682%)
entry 2430000/19630921 (12.3784%)
entry 2432000/19630921 (12.3886%)
entry 2438000/19630921 (12.4192%)
entry 2453000/19630921 (12.4956%)
entry 2465000/19630921 (12.5567%)
entry 2467000/19630921 (12.5669%)
entry 2469000/19630921 (12.5771%)
entry 2475000/19630921 (12.6077%)
entry 2477000/19630921 (12.6179%)
entry 2484000/19630921 (12.6535%)
entry 2485000/19630921 (12.6586%)
entry 2488000/19630921 (12.6739%)
entry 2489000/19630921 (12.679%)
entry 2491000/19630921 (12.6892%)
entry 2492000/19630921 (12.6943%)
entry 2502000/19630921 (12.7452%)
entry 2504000/19630921 (12.7554%)
entry 2505000/19630921 (12.7605%)
entry 2512000/19630921 (12.7961%)
entry 2514000/19630921 (12.8063%)
entry 2515000/19630921 (12.8114%)
entry 2518000/19630921 (12.8267%)
entry 2519000/19630921 (12.8318%)
entry 2522000/19630921 (12.8471%)
entry 2523000/19630921 (12.8522%)
entry 2526000/19630921 (12.8675%)
entry 2528000/19630921 (12.8776%)
entry 2530000/19630921 (12.8878%)
entry 2531000/19630921 (12.8929%)
entry 2533000/19630921 (12.9031%)
entry 2536000/19630921 (12.9184%)
entry 2539000/19630921 (12.9337%)
entry 2543000/19630921 (12.9541%)
entry 2546000/19630921 (12.9693%)
entry 2547000/19630921 (12.9744%)
entry 2553000/19630921 (13.005%)
entry 2557000/19630921 (13.0254%)
entry 2558000/19630921 (13.0305%)
entry 2560000/19630921 (13.0407%)
entry 2562000/19630921 (13.0508%)
entry 2568000/19630921 (13.0814%)
entry 2570000/19630921 (13.0916%)
entry 2571000/19630921 (13.0967%)
entry 2574000/19630921 (13.112%)
entry 2576000/19630921 (13.1222%)
entry 2584000/19630921 (13.1629%)
entry 2594000/19630921 (13.2138%)
entry 2603000/19630921 (13.2597%)
entry 2606000/19630921 (13.275%)
entry 2607000/19630921 (13.2801%)
entry 2608000/19630921 (13.2852%)
entry 2612000/19630921 (13.3055%)
entry 2616000/19630921 (13.3259%)
entry 2623000/19630921 (13.3616%)
entry 2624000/19630921 (13.3667%)
entry 2626000/19630921 (13.3769%)
entry 2629000/19630921 (13.3921%)
entry 2632000/19630921 (13.4074%)
entry 2633000/19630921 (13.4125%)
entry 2634000/19630921 (13.4176%)
entry 2638000/19630921 (13.438%)
entry 2640000/19630921 (13.4482%)
entry 2642000/19630921 (13.4584%)
entry 2643000/19630921 (13.4635%)
entry 2648000/19630921 (13.4889%)
entry 2649000/19630921 (13.494%)
entry 2650000/19630921 (13.4991%)
entry 2651000/19630921 (13.5042%)
entry 2653000/19630921 (13.5144%)
entry 2656000/19630921 (13.5297%)
entry 2659000/19630921 (13.545%)
entry 2660000/19630921 (13.5501%)
entry 2667000/19630921 (13.5857%)
entry 2668000/19630921 (13.5908%)
entry 2669000/19630921 (13.5959%)
entry 2670000/19630921 (13.601%)
entry 2672000/19630921 (13.6112%)
entry 2675000/19630921 (13.6265%)
entry 2679000/19630921 (13.6468%)
entry 2680000/19630921 (13.6519%)
entry 2682000/19630921 (13.6621%)
entry 2684000/19630921 (13.6723%)
entry 2690000/19630921 (13.7029%)
entry 2694000/19630921 (13.7232%)
entry 2701000/19630921 (13.7589%)
entry 2704000/19630921 (13.7742%)
entry 2707000/19630921 (13.7895%)
entry 2711000/19630921 (13.8098%)
entry 2714000/19630921 (13.8251%)
entry 2717000/19630921 (13.8404%)
entry 2721000/19630921 (13.8608%)
entry 2724000/19630921 (13.8761%)
entry 2748000/19630921 (13.9983%)
entry 2749000/19630921 (14.0034%)
entry 2752000/19630921 (14.0187%)
entry 2753000/19630921 (14.0238%)
entry 2754000/19630921 (14.0289%)
entry 2755000/19630921 (14.034%)
entry 2770000/19630921 (14.1104%)
entry 2772000/19630921 (14.1206%)
entry 2775000/19630921 (14.1359%)
entry 2782000/19630921 (14.1715%)
entry 2792000/19630921 (14.2225%)
entry 2798000/19630921 (14.253%)
entry 2807000/19630921 (14.2989%)
entry 2811000/19630921 (14.3192%)
entry 2812000/19630921 (14.3243%)
entry 2821000/19630921 (14.3702%)
entry 2822000/19630921 (14.3753%)
entry 2823000/19630921 (14.3804%)
entry 2827000/19630921 (14.4008%)
entry 2830000/19630921 (14.416%)
entry 2831000/19630921 (14.4211%)
entry 2842000/19630921 (14.4772%)
entry 2847000/19630921 (14.5026%)
entry 2850000/19630921 (14.5179%)
entry 2853000/19630921 (14.5332%)
entry 2854000/19630921 (14.5383%)
entry 2858000/19630921 (14.5587%)
entry 2864000/19630921 (14.5892%)
entry 2865000/19630921 (14.5943%)
entry 2877000/19630921 (14.6555%)
entry 2880000/19630921 (14.6707%)
entry 2881000/19630921 (14.6758%)
entry 2894000/19630921 (14.742%)
entry 2896000/19630921 (14.7522%)
entry 2897000/19630921 (14.7573%)
entry 2902000/19630921 (14.7828%)
entry 2906000/19630921 (14.8032%)
entry 2909000/19630921 (14.8185%)
entry 2910000/19630921 (14.8236%)
entry 2911000/19630921 (14.8286%)
entry 2917000/19630921 (14.8592%)
entry 2922000/19630921 (14.8847%)
entry 2928000/19630921 (14.9152%)
entry 2929000/19630921 (14.9203%)
entry 2932000/19630921 (14.9356%)
entry 2935000/19630921 (14.9509%)
entry 2943000/19630921 (14.9917%)
entry 2945000/19630921 (15.0018%)
entry 2946000/19630921 (15.0069%)
entry 2948000/19630921 (15.0171%)
entry 2950000/19630921 (15.0273%)
entry 2953000/19630921 (15.0426%)
entry 2960000/19630921 (15.0783%)
entry 2961000/19630921 (15.0833%)
entry 2963000/19630921 (15.0935%)
entry 2964000/19630921 (15.0986%)
entry 2965000/19630921 (15.1037%)
entry 2968000/19630921 (15.119%)
entry 2973000/19630921 (15.1445%)
entry 2975000/19630921 (15.1547%)
entry 2976000/19630921 (15.1598%)
entry 2977000/19630921 (15.1649%)
entry 2980000/19630921 (15.1801%)
entry 2986000/19630921 (15.2107%)
entry 2996000/19630921 (15.2616%)
entry 2997000/19630921 (15.2667%)
entry 2998000/19630921 (15.2718%)
entry 3000000/19630921 (15.282%)
entry 3001000/19630921 (15.2871%)
entry 3007000/19630921 (15.3177%)
entry 3010000/19630921 (15.333%)
entry 3019000/19630921 (15.3788%)
entry 3020000/19630921 (15.3839%)
entry 3023000/19630921 (15.3992%)
entry 3027000/19630921 (15.4196%)
entry 3028000/19630921 (15.4246%)
entry 3030000/19630921 (15.4348%)
entry 3031000/19630921 (15.4399%)
entry 3032000/19630921 (15.445%)
entry 3043000/19630921 (15.5011%)
entry 3047000/19630921 (15.5214%)
entry 3053000/19630921 (15.552%)
entry 3054000/19630921 (15.5571%)
entry 3061000/19630921 (15.5927%)
entry 3063000/19630921 (15.6029%)
entry 3064000/19630921 (15.608%)
entry 3068000/19630921 (15.6284%)
entry 3077000/19630921 (15.6743%)
entry 3081000/19630921 (15.6946%)
entry 3083000/19630921 (15.7048%)
entry 3085000/19630921 (15.715%)
entry 3086000/19630921 (15.7201%)
entry 3087000/19630921 (15.7252%)
entry 3088000/19630921 (15.7303%)
entry 3089000/19630921 (15.7354%)
entry 3095000/19630921 (15.7659%)
entry 3099000/19630921 (15.7863%)
entry 3100000/19630921 (15.7914%)
entry 3103000/19630921 (15.8067%)
entry 3104000/19630921 (15.8118%)
entry 3106000/19630921 (15.822%)
entry 3109000/19630921 (15.8373%)
entry 3110000/19630921 (15.8424%)
entry 3114000/19630921 (15.8627%)
entry 3118000/19630921 (15.8831%)
entry 3122000/19630921 (15.9035%)
entry 3123000/19630921 (15.9086%)
entry 3124000/19630921 (15.9137%)
entry 3127000/19630921 (15.929%)
entry 3128000/19630921 (15.934%)
entry 3133000/19630921 (15.9595%)
entry 3134000/19630921 (15.9646%)
entry 3137000/19630921 (15.9799%)
entry 3142000/19630921 (16.0054%)
entry 3150000/19630921 (16.0461%)
entry 3153000/19630921 (16.0614%)
entry 3157000/19630921 (16.0818%)
entry 3160000/19630921 (16.0971%)
entry 3161000/19630921 (16.1021%)
entry 3163000/19630921 (16.1123%)
entry 3172000/19630921 (16.1582%)
entry 3175000/19630921 (16.1735%)
entry 3176000/19630921 (16.1786%)
entry 3181000/19630921 (16.204%)
entry 3186000/19630921 (16.2295%)
entry 3192000/19630921 (16.2601%)
entry 3195000/19630921 (16.2753%)
entry 3201000/19630921 (16.3059%)
entry 3203000/19630921 (16.3161%)
entry 3204000/19630921 (16.3212%)
entry 3207000/19630921 (16.3365%)
entry 3208000/19630921 (16.3416%)
entry 3212000/19630921 (16.3619%)
entry 3213000/19630921 (16.367%)
entry 3214000/19630921 (16.3721%)
entry 3218000/19630921 (16.3925%)
entry 3219000/19630921 (16.3976%)
entry 3220000/19630921 (16.4027%)
entry 3222000/19630921 (16.4129%)
entry 3235000/19630921 (16.4791%)
entry 3241000/19630921 (16.5097%)
entry 3260000/19630921 (16.6065%)
entry 3262000/19630921 (16.6166%)
entry 3264000/19630921 (16.6268%)
entry 3265000/19630921 (16.6319%)
entry 3270000/19630921 (16.6574%)
entry 3271000/19630921 (16.6625%)
entry 3274000/19630921 (16.6778%)
entry 3286000/19630921 (16.7389%)
entry 3288000/19630921 (16.7491%)
entry 3294000/19630921 (16.7797%)
entry 3298000/19630921 (16.8%)
entry 3303000/19630921 (16.8255%)
entry 3310000/19630921 (16.8612%)
entry 3312000/19630921 (16.8713%)
entry 3316000/19630921 (16.8917%)
entry 3321000/19630921 (16.9172%)
entry 3324000/19630921 (16.9325%)
entry 3325000/19630921 (16.9376%)
entry 3327000/19630921 (16.9478%)
entry 3330000/19630921 (16.963%)
entry 3332000/19630921 (16.9732%)
entry 3333000/19630921 (16.9783%)
entry 3335000/19630921 (16.9885%)
entry 3336000/19630921 (16.9936%)
entry 3341000/19630921 (17.0191%)
entry 3342000/19630921 (17.0242%)
entry 3343000/19630921 (17.0293%)
entry 3350000/19630921 (17.0649%)
entry 3352000/19630921 (17.0751%)
entry 3354000/19630921 (17.0853%)
entry 3355000/19630921 (17.0904%)
entry 3363000/19630921 (17.1311%)
entry 3369000/19630921 (17.1617%)
entry 3371000/19630921 (17.1719%)
entry 3372000/19630921 (17.177%)
entry 3373000/19630921 (17.1821%)
entry 3374000/19630921 (17.1872%)
entry 3379000/19630921 (17.2126%)
entry 3390000/19630921 (17.2687%)
entry 3391000/19630921 (17.2738%)
entry 3392000/19630921 (17.2789%)
entry 3404000/19630921 (17.34%)
entry 3405000/19630921 (17.3451%)
entry 3410000/19630921 (17.3706%)
entry 3413000/19630921 (17.3858%)
entry 3416000/19630921 (17.4011%)
entry 3418000/19630921 (17.4113%)
entry 3419000/19630921 (17.4164%)
entry 3420000/19630921 (17.4215%)
entry 3423000/19630921 (17.4368%)
entry 3424000/19630921 (17.4419%)
entry 3429000/19630921 (17.4673%)
entry 3432000/19630921 (17.4826%)
entry 3438000/19630921 (17.5132%)
entry 3444000/19630921 (17.5438%)
entry 3448000/19630921 (17.5641%)
entry 3451000/19630921 (17.5794%)
entry 3452000/19630921 (17.5845%)
entry 3458000/19630921 (17.6151%)
entry 3466000/19630921 (17.6558%)
entry 3467000/19630921 (17.6609%)
entry 3469000/19630921 (17.6711%)
entry 3471000/19630921 (17.6813%)
entry 3472000/19630921 (17.6864%)
entry 3474000/19630921 (17.6966%)
entry 3480000/19630921 (17.7271%)
entry 3483000/19630921 (17.7424%)
entry 3484000/19630921 (17.7475%)
entry 3486000/19630921 (17.7577%)
entry 3490000/19630921 (17.7781%)
entry 3491000/19630921 (17.7832%)
entry 3492000/19630921 (17.7883%)
entry 3498000/19630921 (17.8188%)
entry 3499000/19630921 (17.8239%)
entry 3500000/19630921 (17.829%)
entry 3504000/19630921 (17.8494%)
entry 3506000/19630921 (17.8596%)
entry 3510000/19630921 (17.88%)
entry 3512000/19630921 (17.8901%)
entry 3519000/19630921 (17.9258%)
entry 3520000/19630921 (17.9309%)
entry 3523000/19630921 (17.9462%)
entry 3525000/19630921 (17.9564%)
entry 3526000/19630921 (17.9615%)
entry 3529000/19630921 (17.9767%)
entry 3530000/19630921 (17.9818%)
entry 3534000/19630921 (18.0022%)
entry 3535000/19630921 (18.0073%)
entry 3537000/19630921 (18.0175%)
entry 3541000/19630921 (18.0379%)
entry 3542000/19630921 (18.043%)
entry 3543000/19630921 (18.0481%)
entry 3545000/19630921 (18.0582%)
entry 3546000/19630921 (18.0633%)
entry 3549000/19630921 (18.0786%)
entry 3553000/19630921 (18.099%)
entry 3556000/19630921 (18.1143%)
entry 3557000/19630921 (18.1194%)
entry 3566000/19630921 (18.1652%)
entry 3568000/19630921 (18.1754%)
entry 3569000/19630921 (18.1805%)
entry 3570000/19630921 (18.1856%)
entry 3571000/19630921 (18.1907%)
entry 3574000/19630921 (18.206%)
entry 3575000/19630921 (18.2111%)
entry 3576000/19630921 (18.2162%)
entry 3584000/19630921 (18.2569%)
entry 3591000/19630921 (18.2926%)
entry 3609000/19630921 (18.3843%)
entry 3612000/19630921 (18.3995%)
entry 3613000/19630921 (18.4046%)
entry 3614000/19630921 (18.4097%)
entry 3615000/19630921 (18.4148%)
entry 3617000/19630921 (18.425%)
entry 3618000/19630921 (18.4301%)
entry 3624000/19630921 (18.4607%)
entry 3633000/19630921 (18.5065%)
entry 3639000/19630921 (18.5371%)
entry 3641000/19630921 (18.5473%)
entry 3651000/19630921 (18.5982%)
entry 3655000/19630921 (18.6186%)
entry 3660000/19630921 (18.6441%)
entry 3663000/19630921 (18.6593%)
entry 3664000/19630921 (18.6644%)
entry 3666000/19630921 (18.6746%)
entry 3667000/19630921 (18.6797%)
entry 3673000/19630921 (18.7103%)
entry 3680000/19630921 (18.7459%)
entry 3685000/19630921 (18.7714%)
entry 3687000/19630921 (18.7816%)
entry 3691000/19630921 (18.802%)
entry 3692000/19630921 (18.8071%)
entry 3693000/19630921 (18.8122%)
entry 3695000/19630921 (18.8223%)
entry 3697000/19630921 (18.8325%)
entry 3702000/19630921 (18.858%)
entry 3703000/19630921 (18.8631%)
entry 3706000/19630921 (18.8784%)
entry 3712000/19630921 (18.9089%)
entry 3719000/19630921 (18.9446%)
entry 3720000/19630921 (18.9497%)
entry 3722000/19630921 (18.9599%)
entry 3723000/19630921 (18.965%)
entry 3726000/19630921 (18.9803%)
entry 3727000/19630921 (18.9854%)
entry 3728000/19630921 (18.9904%)
entry 3740000/19630921 (19.0516%)
entry 3741000/19630921 (19.0567%)
entry 3742000/19630921 (19.0618%)
entry 3746000/19630921 (19.0821%)
entry 3747000/19630921 (19.0872%)
entry 3752000/19630921 (19.1127%)
entry 3754000/19630921 (19.1229%)
entry 3763000/19630921 (19.1687%)
entry 3766000/19630921 (19.184%)
entry 3767000/19630921 (19.1891%)
entry 3777000/19630921 (19.2401%)
entry 3778000/19630921 (19.2452%)
entry 3784000/19630921 (19.2757%)
entry 3787000/19630921 (19.291%)
entry 3789000/19630921 (19.3012%)
entry 3790000/19630921 (19.3063%)
entry 3794000/19630921 (19.3267%)
entry 3796000/19630921 (19.3368%)
entry 3801000/19630921 (19.3623%)
entry 3802000/19630921 (19.3674%)
entry 3804000/19630921 (19.3776%)
entry 3817000/19630921 (19.4438%)
entry 3821000/19630921 (19.4642%)
entry 3822000/19630921 (19.4693%)
entry 3823000/19630921 (19.4744%)
entry 3826000/19630921 (19.4897%)
entry 3830000/19630921 (19.51%)
entry 3833000/19630921 (19.5253%)
entry 3835000/19630921 (19.5355%)
entry 3838000/19630921 (19.5508%)
entry 3841000/19630921 (19.5661%)
entry 3843000/19630921 (19.5763%)
entry 3848000/19630921 (19.6017%)
entry 3853000/19630921 (19.6272%)
entry 3855000/19630921 (19.6374%)
entry 3868000/19630921 (19.7036%)
entry 3869000/19630921 (19.7087%)
entry 3871000/19630921 (19.7189%)
entry 3873000/19630921 (19.7291%)
entry 3878000/19630921 (19.7545%)
entry 3879000/19630921 (19.7596%)
entry 3880000/19630921 (19.7647%)
entry 3882000/19630921 (19.7749%)
entry 3888000/19630921 (19.8055%)
entry 3892000/19630921 (19.8259%)
entry 3894000/19630921 (19.8361%)
entry 3900000/19630921 (19.8666%)
entry 3903000/19630921 (19.8819%)
entry 3905000/19630921 (19.8921%)
entry 3909000/19630921 (19.9125%)
entry 3910000/19630921 (19.9176%)
entry 3911000/19630921 (19.9227%)
entry 3912000/19630921 (19.9277%)
entry 3918000/19630921 (19.9583%)
entry 3920000/19630921 (19.9685%)
entry 3933000/19630921 (20.0347%)
entry 3937000/19630921 (20.0551%)
entry 3939000/19630921 (20.0653%)
entry 3946000/19630921 (20.1009%)
entry 3948000/19630921 (20.1111%)
entry 3955000/19630921 (20.1468%)
entry 3956000/19630921 (20.1519%)
entry 3957000/19630921 (20.157%)
entry 3960000/19630921 (20.1723%)
entry 3962000/19630921 (20.1824%)
entry 3968000/19630921 (20.213%)
entry 3972000/19630921 (20.2334%)
entry 3973000/19630921 (20.2385%)
entry 3974000/19630921 (20.2436%)
entry 3976000/19630921 (20.2538%)
entry 3977000/19630921 (20.2589%)
entry 3980000/19630921 (20.2741%)
entry 3982000/19630921 (20.2843%)
entry 3985000/19630921 (20.2996%)
entry 3990000/19630921 (20.3251%)
entry 3992000/19630921 (20.3353%)
entry 3994000/19630921 (20.3455%)
entry 3999000/19630921 (20.3709%)
entry 4002000/19630921 (20.3862%)
entry 4003000/19630921 (20.3913%)
entry 4009000/19630921 (20.4219%)
entry 4010000/19630921 (20.427%)
entry 4013000/19630921 (20.4422%)
entry 4019000/19630921 (20.4728%)
entry 4020000/19630921 (20.4779%)
entry 4023000/19630921 (20.4932%)
entry 4025000/19630921 (20.5034%)
entry 4028000/19630921 (20.5187%)
entry 4030000/19630921 (20.5288%)
entry 4032000/19630921 (20.539%)
entry 4035000/19630921 (20.5543%)
entry 4036000/19630921 (20.5594%)
entry 4037000/19630921 (20.5645%)
entry 4041000/19630921 (20.5849%)
entry 4042000/19630921 (20.59%)
entry 4043000/19630921 (20.5951%)
entry 4044000/19630921 (20.6002%)
entry 4045000/19630921 (20.6052%)
entry 4046000/19630921 (20.6103%)
entry 4047000/19630921 (20.6154%)
entry 4054000/19630921 (20.6511%)
entry 4055000/19630921 (20.6562%)
entry 4061000/19630921 (20.6868%)
entry 4068000/19630921 (20.7224%)
entry 4069000/19630921 (20.7275%)
entry 4070000/19630921 (20.7326%)
entry 4071000/19630921 (20.7377%)
entry 4076000/19630921 (20.7632%)
entry 4077000/19630921 (20.7683%)
entry 4081000/19630921 (20.7886%)
entry 4082000/19630921 (20.7937%)
entry 4083000/19630921 (20.7988%)
entry 4084000/19630921 (20.8039%)
entry 4087000/19630921 (20.8192%)
entry 4098000/19630921 (20.8752%)
entry 4105000/19630921 (20.9109%)
entry 4108000/19630921 (20.9262%)
entry 4110000/19630921 (20.9364%)
entry 4112000/19630921 (20.9465%)
entry 4119000/19630921 (20.9822%)
entry 4122000/19630921 (20.9975%)
entry 4124000/19630921 (21.0077%)
entry 4129000/19630921 (21.0331%)
entry 4131000/19630921 (21.0433%)
entry 4141000/19630921 (21.0943%)
entry 4142000/19630921 (21.0994%)
entry 4143000/19630921 (21.1045%)
entry 4150000/19630921 (21.1401%)
entry 4151000/19630921 (21.1452%)
entry 4154000/19630921 (21.1605%)
entry 4155000/19630921 (21.1656%)
entry 4157000/19630921 (21.1758%)
entry 4164000/19630921 (21.2114%)
entry 4165000/19630921 (21.2165%)
entry 4168000/19630921 (21.2318%)
entry 4171000/19630921 (21.2471%)
entry 4173000/19630921 (21.2573%)
entry 4175000/19630921 (21.2675%)
entry 4177000/19630921 (21.2777%)
entry 4179000/19630921 (21.2878%)
entry 4182000/19630921 (21.3031%)
entry 4184000/19630921 (21.3133%)
entry 4185000/19630921 (21.3184%)
entry 4186000/19630921 (21.3235%)
entry 4189000/19630921 (21.3388%)
entry 4190000/19630921 (21.3439%)
entry 4192000/19630921 (21.3541%)
entry 4194000/19630921 (21.3643%)
entry 4196000/19630921 (21.3744%)
entry 4204000/19630921 (21.4152%)
entry 4205000/19630921 (21.4203%)
entry 4208000/19630921 (21.4356%)
entry 4215000/19630921 (21.4712%)
entry 4217000/19630921 (21.4814%)
entry 4219000/19630921 (21.4916%)
entry 4226000/19630921 (21.5273%)
entry 4229000/19630921 (21.5425%)
entry 4240000/19630921 (21.5986%)
entry 4242000/19630921 (21.6088%)
entry 4247000/19630921 (21.6342%)
entry 4255000/19630921 (21.675%)
entry 4256000/19630921 (21.6801%)
entry 4259000/19630921 (21.6954%)
entry 4260000/19630921 (21.7005%)
entry 4264000/19630921 (21.7208%)
entry 4272000/19630921 (21.7616%)
entry 4275000/19630921 (21.7769%)
entry 4279000/19630921 (21.7972%)
entry 4280000/19630921 (21.8023%)
entry 4281000/19630921 (21.8074%)
entry 4286000/19630921 (21.8329%)
entry 4288000/19630921 (21.8431%)
entry 4290000/19630921 (21.8533%)
entry 4296000/19630921 (21.8838%)
entry 4299000/19630921 (21.8991%)
entry 4302000/19630921 (21.9144%)
entry 4307000/19630921 (21.9399%)
entry 4308000/19630921 (21.945%)
entry 4311000/19630921 (21.9603%)
entry 4320000/19630921 (22.0061%)
entry 4324000/19630921 (22.0265%)
entry 4325000/19630921 (22.0316%)
entry 4329000/19630921 (22.0519%)
entry 4337000/19630921 (22.0927%)
entry 4340000/19630921 (22.108%)
entry 4344000/19630921 (22.1284%)
entry 4348000/19630921 (22.1487%)
entry 4352000/19630921 (22.1691%)
entry 4359000/19630921 (22.2048%)
entry 4365000/19630921 (22.2353%)
entry 4366000/19630921 (22.2404%)
entry 4375000/19630921 (22.2863%)
entry 4378000/19630921 (22.3016%)
entry 4384000/19630921 (22.3321%)
entry 4385000/19630921 (22.3372%)
entry 4391000/19630921 (22.3678%)
entry 4392000/19630921 (22.3729%)
entry 4400000/19630921 (22.4136%)
entry 4402000/19630921 (22.4238%)
entry 4405000/19630921 (22.4391%)
entry 4407000/19630921 (22.4493%)
entry 4414000/19630921 (22.4849%)
entry 4415000/19630921 (22.49%)
entry 4420000/19630921 (22.5155%)
entry 4422000/19630921 (22.5257%)
entry 4424000/19630921 (22.5359%)
entry 4428000/19630921 (22.5563%)
entry 4435000/19630921 (22.5919%)
entry 4436000/19630921 (22.597%)
entry 4437000/19630921 (22.6021%)
entry 4438000/19630921 (22.6072%)
entry 4440000/19630921 (22.6174%)
entry 4442000/19630921 (22.6276%)
entry 4446000/19630921 (22.6479%)
entry 4447000/19630921 (22.653%)
entry 4449000/19630921 (22.6632%)
entry 4450000/19630921 (22.6683%)
entry 4453000/19630921 (22.6836%)
entry 4458000/19630921 (22.7091%)
entry 4464000/19630921 (22.7396%)
entry 4465000/19630921 (22.7447%)
entry 4466000/19630921 (22.7498%)
entry 4470000/19630921 (22.7702%)
entry 4471000/19630921 (22.7753%)
entry 4474000/19630921 (22.7906%)
entry 4476000/19630921 (22.8008%)
entry 4486000/19630921 (22.8517%)
entry 4488000/19630921 (22.8619%)
entry 4491000/19630921 (22.8772%)
entry 4492000/19630921 (22.8823%)
entry 4493000/19630921 (22.8874%)
entry 4500000/19630921 (22.923%)
entry 4503000/19630921 (22.9383%)
entry 4505000/19630921 (22.9485%)
entry 4507000/19630921 (22.9587%)
entry 4512000/19630921 (22.9842%)
entry 4515000/19630921 (22.9994%)
entry 4516000/19630921 (23.0045%)
entry 4519000/19630921 (23.0198%)
entry 4525000/19630921 (23.0504%)
entry 4527000/19630921 (23.0606%)
entry 4528000/19630921 (23.0657%)
entry 4531000/19630921 (23.0809%)
entry 4536000/19630921 (23.1064%)
entry 4537000/19630921 (23.1115%)
entry 4542000/19630921 (23.137%)
entry 4557000/19630921 (23.2134%)
entry 4558000/19630921 (23.2185%)
entry 4560000/19630921 (23.2287%)
entry 4572000/19630921 (23.2898%)
entry 4574000/19630921 (23.3%)
entry 4576000/19630921 (23.3102%)
entry 4577000/19630921 (23.3153%)
entry 4581000/19630921 (23.3356%)
entry 4582000/19630921 (23.3407%)
entry 4591000/19630921 (23.3866%)
entry 4593000/19630921 (23.3968%)
entry 4602000/19630921 (23.4426%)
entry 4604000/19630921 (23.4528%)
entry 4605000/19630921 (23.4579%)
entry 4611000/19630921 (23.4885%)
entry 4612000/19630921 (23.4935%)
entry 4614000/19630921 (23.5037%)
entry 4616000/19630921 (23.5139%)
entry 4617000/19630921 (23.519%)
entry 4618000/19630921 (23.5241%)
entry 4620000/19630921 (23.5343%)
entry 4622000/19630921 (23.5445%)
entry 4624000/19630921 (23.5547%)
entry 4626000/19630921 (23.5649%)
entry 4634000/19630921 (23.6056%)
entry 4639000/19630921 (23.6311%)
entry 4640000/19630921 (23.6362%)
entry 4641000/19630921 (23.6413%)
entry 4644000/19630921 (23.6566%)
entry 4649000/19630921 (23.682%)
entry 4650000/19630921 (23.6871%)
entry 4653000/19630921 (23.7024%)
entry 4655000/19630921 (23.7126%)
entry 4656000/19630921 (23.7177%)
entry 4673000/19630921 (23.8043%)
entry 4674000/19630921 (23.8094%)
entry 4675000/19630921 (23.8145%)
entry 4679000/19630921 (23.8348%)
entry 4680000/19630921 (23.8399%)
entry 4684000/19630921 (23.8603%)
entry 4686000/19630921 (23.8705%)
entry 4688000/19630921 (23.8807%)
entry 4689000/19630921 (23.8858%)
entry 4691000/19630921 (23.896%)
entry 4692000/19630921 (23.9011%)
entry 4695000/19630921 (23.9164%)
entry 4701000/19630921 (23.9469%)
entry 4704000/19630921 (23.9622%)
entry 4705000/19630921 (23.9673%)
entry 4715000/19630921 (24.0182%)
entry 4719000/19630921 (24.0386%)
entry 4722000/19630921 (24.0539%)
entry 4723000/19630921 (24.059%)
entry 4726000/19630921 (24.0743%)
entry 4727000/19630921 (24.0794%)
entry 4738000/19630921 (24.1354%)
entry 4741000/19630921 (24.1507%)
entry 4742000/19630921 (24.1558%)
entry 4743000/19630921 (24.1609%)
entry 4747000/19630921 (24.1812%)
entry 4751000/19630921 (24.2016%)
entry 4753000/19630921 (24.2118%)
entry 4760000/19630921 (24.2475%)
entry 4763000/19630921 (24.2627%)
entry 4766000/19630921 (24.278%)
entry 4776000/19630921 (24.329%)
entry 4778000/19630921 (24.3392%)
entry 4780000/19630921 (24.3493%)
entry 4781000/19630921 (24.3544%)
entry 4782000/19630921 (24.3595%)
entry 4784000/19630921 (24.3697%)
entry 4787000/19630921 (24.385%)
entry 4789000/19630921 (24.3952%)
entry 4792000/19630921 (24.4105%)
entry 4799000/19630921 (24.4461%)
entry 4800000/19630921 (24.4512%)
entry 4801000/19630921 (24.4563%)
entry 4809000/19630921 (24.4971%)
entry 4811000/19630921 (24.5073%)
entry 4812000/19630921 (24.5124%)
entry 4813000/19630921 (24.5174%)
entry 4819000/19630921 (24.548%)
entry 4822000/19630921 (24.5633%)
entry 4826000/19630921 (24.5837%)
entry 4832000/19630921 (24.6142%)
entry 4839000/19630921 (24.6499%)
entry 4840000/19630921 (24.655%)
entry 4847000/19630921 (24.6906%)
entry 4850000/19630921 (24.7059%)
entry 4853000/19630921 (24.7212%)
entry 4856000/19630921 (24.7365%)
entry 4860000/19630921 (24.7569%)
entry 4861000/19630921 (24.762%)
entry 4863000/19630921 (24.7721%)
entry 4866000/19630921 (24.7874%)
entry 4867000/19630921 (24.7925%)
entry 4869000/19630921 (24.8027%)
entry 4870000/19630921 (24.8078%)
entry 4872000/19630921 (24.818%)
entry 4875000/19630921 (24.8333%)
entry 4879000/19630921 (24.8536%)
entry 4885000/19630921 (24.8842%)
entry 4890000/19630921 (24.9097%)
entry 4891000/19630921 (24.9148%)
entry 4894000/19630921 (24.9301%)
entry 4896000/19630921 (24.9402%)
entry 4898000/19630921 (24.9504%)
entry 4900000/19630921 (24.9606%)
entry 4901000/19630921 (24.9657%)
entry 4903000/19630921 (24.9759%)
entry 4906000/19630921 (24.9912%)
entry 4914000/19630921 (25.0319%)
entry 4915000/19630921 (25.037%)
entry 4918000/19630921 (25.0523%)
entry 4926000/19630921 (25.0931%)
entry 4927000/19630921 (25.0982%)
entry 4933000/19630921 (25.1287%)
entry 4936000/19630921 (25.144%)
entry 4938000/19630921 (25.1542%)
entry 4950000/19630921 (25.2153%)
entry 4953000/19630921 (25.2306%)
entry 4959000/19630921 (25.2612%)
entry 4963000/19630921 (25.2815%)
entry 4965000/19630921 (25.2917%)
entry 4966000/19630921 (25.2968%)
entry 4969000/19630921 (25.3121%)
entry 4974000/19630921 (25.3376%)
entry 4975000/19630921 (25.3427%)
entry 4977000/19630921 (25.3529%)
entry 4978000/19630921 (25.358%)
entry 4986000/19630921 (25.3987%)
entry 4988000/19630921 (25.4089%)
entry 4990000/19630921 (25.4191%)
entry 4993000/19630921 (25.4344%)
entry 4996000/19630921 (25.4496%)
entry 4997000/19630921 (25.4547%)
entry 5006000/19630921 (25.5006%)
entry 5007000/19630921 (25.5057%)
entry 5012000/19630921 (25.5312%)
entry 5021000/19630921 (25.577%)
entry 5024000/19630921 (25.5923%)
entry 5025000/19630921 (25.5974%)
entry 5027000/19630921 (25.6076%)
entry 5030000/19630921 (25.6228%)
entry 5036000/19630921 (25.6534%)
entry 5038000/19630921 (25.6636%)
entry 5039000/19630921 (25.6687%)
entry 5044000/19630921 (25.6942%)
entry 5045000/19630921 (25.6993%)
entry 5053000/19630921 (25.74%)
entry 5057000/19630921 (25.7604%)
entry 5063000/19630921 (25.7909%)
entry 5069000/19630921 (25.8215%)
entry 5073000/19630921 (25.8419%)
entry 5074000/19630921 (25.847%)
entry 5084000/19630921 (25.8979%)
entry 5086000/19630921 (25.9081%)
entry 5092000/19630921 (25.9387%)
entry 5095000/19630921 (25.954%)
entry 5102000/19630921 (25.9896%)
entry 5103000/19630921 (25.9947%)
entry 5106000/19630921 (26.01%)
entry 5109000/19630921 (26.0253%)
entry 5111000/19630921 (26.0355%)
entry 5117000/19630921 (26.066%)
entry 5119000/19630921 (26.0762%)
entry 5126000/19630921 (26.1119%)
entry 5127000/19630921 (26.117%)
entry 5129000/19630921 (26.1272%)
entry 5137000/19630921 (26.1679%)
entry 5139000/19630921 (26.1781%)
entry 5142000/19630921 (26.1934%)
entry 5143000/19630921 (26.1985%)
entry 5144000/19630921 (26.2036%)
entry 5151000/19630921 (26.2392%)
entry 5154000/19630921 (26.2545%)
entry 5155000/19630921 (26.2596%)
entry 5169000/19630921 (26.3309%)
entry 5171000/19630921 (26.3411%)
entry 5177000/19630921 (26.3717%)
entry 5180000/19630921 (26.3869%)
entry 5191000/19630921 (26.443%)
entry 5192000/19630921 (26.4481%)
entry 5195000/19630921 (26.4634%)
entry 5203000/19630921 (26.5041%)
entry 5205000/19630921 (26.5143%)
entry 5206000/19630921 (26.5194%)
entry 5227000/19630921 (26.6264%)
entry 5229000/19630921 (26.6365%)
entry 5230000/19630921 (26.6416%)
entry 5235000/19630921 (26.6671%)
entry 5236000/19630921 (26.6722%)
entry 5237000/19630921 (26.6773%)
entry 5240000/19630921 (26.6926%)
entry 5242000/19630921 (26.7028%)
entry 5245000/19630921 (26.7181%)
entry 5251000/19630921 (26.7486%)
entry 5252000/19630921 (26.7537%)
entry 5259000/19630921 (26.7894%)
entry 5262000/19630921 (26.8047%)
entry 5264000/19630921 (26.8148%)
entry 5265000/19630921 (26.8199%)
entry 5267000/19630921 (26.8301%)
entry 5270000/19630921 (26.8454%)
entry 5274000/19630921 (26.8658%)
entry 5276000/19630921 (26.876%)
entry 5277000/19630921 (26.8811%)
entry 5280000/19630921 (26.8963%)
entry 5281000/19630921 (26.9014%)
entry 5285000/19630921 (26.9218%)
entry 5287000/19630921 (26.932%)
entry 5289000/19630921 (26.9422%)
entry 5295000/19630921 (26.9728%)
entry 5300000/19630921 (26.9982%)
entry 5301000/19630921 (27.0033%)
entry 5307000/19630921 (27.0339%)
entry 5318000/19630921 (27.0899%)
entry 5330000/19630921 (27.151%)
entry 5331000/19630921 (27.1561%)
entry 5335000/19630921 (27.1765%)
entry 5336000/19630921 (27.1816%)
entry 5342000/19630921 (27.2122%)
entry 5343000/19630921 (27.2173%)
entry 5346000/19630921 (27.2325%)
entry 5348000/19630921 (27.2427%)
entry 5351000/19630921 (27.258%)
entry 5352000/19630921 (27.2631%)
entry 5355000/19630921 (27.2784%)
entry 5362000/19630921 (27.3141%)
entry 5365000/19630921 (27.3293%)
entry 5367000/19630921 (27.3395%)
entry 5369000/19630921 (27.3497%)
entry 5370000/19630921 (27.3548%)
entry 5375000/19630921 (27.3803%)
entry 5380000/19630921 (27.4057%)
entry 5384000/19630921 (27.4261%)
entry 5404000/19630921 (27.528%)
entry 5409000/19630921 (27.5535%)
entry 5412000/19630921 (27.5688%)
entry 5417000/19630921 (27.5942%)
entry 5426000/19630921 (27.6401%)
entry 5427000/19630921 (27.6452%)
entry 5432000/19630921 (27.6706%)
entry 5433000/19630921 (27.6757%)
entry 5434000/19630921 (27.6808%)
entry 5435000/19630921 (27.6859%)
entry 5436000/19630921 (27.691%)
entry 5438000/19630921 (27.7012%)
entry 5439000/19630921 (27.7063%)
entry 5442000/19630921 (27.7216%)
entry 5449000/19630921 (27.7572%)
entry 5450000/19630921 (27.7623%)
entry 5457000/19630921 (27.798%)
entry 5458000/19630921 (27.8031%)
entry 5460000/19630921 (27.8133%)
entry 5466000/19630921 (27.8438%)
entry 5472000/19630921 (27.8744%)
entry 5494000/19630921 (27.9865%)
entry 5495000/19630921 (27.9916%)
entry 5496000/19630921 (27.9967%)
entry 5501000/19630921 (28.0221%)
entry 5505000/19630921 (28.0425%)
entry 5512000/19630921 (28.0782%)
entry 5513000/19630921 (28.0832%)
entry 5517000/19630921 (28.1036%)
entry 5521000/19630921 (28.124%)
entry 5524000/19630921 (28.1393%)
entry 5526000/19630921 (28.1495%)
entry 5544000/19630921 (28.2412%)
entry 5549000/19630921 (28.2666%)
entry 5551000/19630921 (28.2768%)
entry 5553000/19630921 (28.287%)
entry 5557000/19630921 (28.3074%)
entry 5558000/19630921 (28.3125%)
entry 5559000/19630921 (28.3176%)
entry 5561000/19630921 (28.3278%)
entry 5562000/19630921 (28.3329%)
entry 5565000/19630921 (28.3481%)
entry 5570000/19630921 (28.3736%)
entry 5571000/19630921 (28.3787%)
entry 5576000/19630921 (28.4042%)
entry 5584000/19630921 (28.4449%)
entry 5590000/19630921 (28.4755%)
entry 5594000/19630921 (28.4959%)
entry 5599000/19630921 (28.5213%)
entry 5602000/19630921 (28.5366%)
entry 5606000/19630921 (28.557%)
entry 5614000/19630921 (28.5977%)
entry 5617000/19630921 (28.613%)
entry 5621000/19630921 (28.6334%)
entry 5622000/19630921 (28.6385%)
entry 5623000/19630921 (28.6436%)
entry 5633000/19630921 (28.6945%)
entry 5637000/19630921 (28.7149%)
entry 5638000/19630921 (28.72%)
entry 5641000/19630921 (28.7353%)
entry 5643000/19630921 (28.7455%)
entry 5644000/19630921 (28.7506%)
entry 5646000/19630921 (28.7608%)
entry 5647000/19630921 (28.7658%)
entry 5653000/19630921 (28.7964%)
entry 5655000/19630921 (28.8066%)
entry 5656000/19630921 (28.8117%)
entry 5657000/19630921 (28.8168%)
entry 5664000/19630921 (28.8524%)
entry 5667000/19630921 (28.8677%)
entry 5670000/19630921 (28.883%)
entry 5678000/19630921 (28.9238%)
entry 5679000/19630921 (28.9289%)
entry 5680000/19630921 (28.9339%)
entry 5682000/19630921 (28.9441%)
entry 5684000/19630921 (28.9543%)
entry 5690000/19630921 (28.9849%)
entry 5692000/19630921 (28.9951%)
entry 5695000/19630921 (29.0104%)
entry 5696000/19630921 (29.0155%)
entry 5698000/19630921 (29.0256%)
entry 5700000/19630921 (29.0358%)
entry 5701000/19630921 (29.0409%)
entry 5702000/19630921 (29.046%)
entry 5705000/19630921 (29.0613%)
entry 5706000/19630921 (29.0664%)
entry 5708000/19630921 (29.0766%)
entry 5713000/19630921 (29.102%)
entry 5721000/19630921 (29.1428%)
entry 5728000/19630921 (29.1785%)
entry 5731000/19630921 (29.1937%)
entry 5732000/19630921 (29.1988%)
entry 5735000/19630921 (29.2141%)
entry 5739000/19630921 (29.2345%)
entry 5743000/19630921 (29.2549%)
entry 5746000/19630921 (29.2702%)
entry 5753000/19630921 (29.3058%)
entry 5758000/19630921 (29.3313%)
entry 5760000/19630921 (29.3415%)
entry 5765000/19630921 (29.3669%)
entry 5766000/19630921 (29.372%)
entry 5771000/19630921 (29.3975%)
entry 5772000/19630921 (29.4026%)
entry 5774000/19630921 (29.4128%)
entry 5777000/19630921 (29.4281%)
entry 5781000/19630921 (29.4484%)
entry 5792000/19630921 (29.5045%)
entry 5796000/19630921 (29.5249%)
entry 5799000/19630921 (29.5401%)
entry 5801000/19630921 (29.5503%)
entry 5802000/19630921 (29.5554%)
entry 5811000/19630921 (29.6013%)
entry 5813000/19630921 (29.6115%)
entry 5814000/19630921 (29.6165%)
entry 5824000/19630921 (29.6675%)
entry 5827000/19630921 (29.6828%)
entry 5829000/19630921 (29.693%)
entry 5830000/19630921 (29.698%)
entry 5831000/19630921 (29.7031%)
entry 5832000/19630921 (29.7082%)
entry 5837000/19630921 (29.7337%)
entry 5843000/19630921 (29.7643%)
entry 5845000/19630921 (29.7745%)
entry 5848000/19630921 (29.7897%)
entry 5849000/19630921 (29.7948%)
entry 5851000/19630921 (29.805%)
entry 5853000/19630921 (29.8152%)
entry 5861000/19630921 (29.856%)
entry 5864000/19630921 (29.8712%)
entry 5867000/19630921 (29.8865%)
entry 5870000/19630921 (29.9018%)
entry 5873000/19630921 (29.9171%)
entry 5881000/19630921 (29.9578%)
entry 5883000/19630921 (29.968%)
entry 5886000/19630921 (29.9833%)
entry 5891000/19630921 (30.0088%)
entry 5895000/19630921 (30.0292%)
entry 5898000/19630921 (30.0444%)
entry 5902000/19630921 (30.0648%)
entry 5903000/19630921 (30.0699%)
entry 5906000/19630921 (30.0852%)
entry 5909000/19630921 (30.1005%)
entry 5910000/19630921 (30.1056%)
entry 5920000/19630921 (30.1565%)
entry 5921000/19630921 (30.1616%)
entry 5926000/19630921 (30.1871%)
entry 5929000/19630921 (30.2024%)
entry 5931000/19630921 (30.2125%)
entry 5935000/19630921 (30.2329%)
entry 5941000/19630921 (30.2635%)
entry 5942000/19630921 (30.2686%)
entry 5943000/19630921 (30.2737%)
entry 5947000/19630921 (30.294%)
entry 5949000/19630921 (30.3042%)
entry 5953000/19630921 (30.3246%)
entry 5958000/19630921 (30.3501%)
entry 5960000/19630921 (30.3603%)
entry 5965000/19630921 (30.3857%)
entry 5974000/19630921 (30.4316%)
entry 5980000/19630921 (30.4621%)
entry 5986000/19630921 (30.4927%)
entry 5993000/19630921 (30.5284%)
entry 5997000/19630921 (30.5487%)
entry 5998000/19630921 (30.5538%)
entry 6004000/19630921 (30.5844%)
entry 6006000/19630921 (30.5946%)
entry 6012000/19630921 (30.6252%)
entry 6013000/19630921 (30.6303%)
entry 6020000/19630921 (30.6659%)
entry 6021000/19630921 (30.671%)
entry 6023000/19630921 (30.6812%)
entry 6029000/19630921 (30.7118%)
entry 6039000/19630921 (30.7627%)
entry 6040000/19630921 (30.7678%)
entry 6042000/19630921 (30.778%)
entry 6052000/19630921 (30.8289%)
entry 6054000/19630921 (30.8391%)
entry 6058000/19630921 (30.8595%)
entry 6061000/19630921 (30.8748%)
entry 6066000/19630921 (30.9002%)
entry 6067000/19630921 (30.9053%)
entry 6071000/19630921 (30.9257%)
entry 6072000/19630921 (30.9308%)
entry 6073000/19630921 (30.9359%)
entry 6074000/19630921 (30.941%)
entry 6075000/19630921 (30.9461%)
entry 6078000/19630921 (30.9614%)
entry 6079000/19630921 (30.9665%)
entry 6082000/19630921 (30.9817%)
entry 6089000/19630921 (31.0174%)
entry 6092000/19630921 (31.0327%)
entry 6094000/19630921 (31.0429%)
entry 6096000/19630921 (31.0531%)
entry 6100000/19630921 (31.0734%)
entry 6102000/19630921 (31.0836%)
entry 6106000/19630921 (31.104%)
entry 6114000/19630921 (31.1447%)
entry 6127000/19630921 (31.211%)
entry 6129000/19630921 (31.2212%)
entry 6130000/19630921 (31.2263%)
entry 6131000/19630921 (31.2313%)
entry 6132000/19630921 (31.2364%)
entry 6135000/19630921 (31.2517%)
entry 6136000/19630921 (31.2568%)
entry 6138000/19630921 (31.267%)
entry 6142000/19630921 (31.2874%)
entry 6144000/19630921 (31.2976%)
entry 6168000/19630921 (31.4198%)
entry 6170000/19630921 (31.43%)
entry 6175000/19630921 (31.4555%)
entry 6187000/19630921 (31.5166%)
entry 6189000/19630921 (31.5268%)
entry 6190000/19630921 (31.5319%)
entry 6196000/19630921 (31.5625%)
entry 6197000/19630921 (31.5675%)
entry 6199000/19630921 (31.5777%)
entry 6203000/19630921 (31.5981%)
entry 6208000/19630921 (31.6236%)
entry 6209000/19630921 (31.6287%)
entry 6215000/19630921 (31.6592%)
entry 6221000/19630921 (31.6898%)
entry 6223000/19630921 (31.7%)
entry 6227000/19630921 (31.7204%)
entry 6243000/19630921 (31.8019%)
entry 6247000/19630921 (31.8222%)
entry 6248000/19630921 (31.8273%)
entry 6257000/19630921 (31.8732%)
entry 6261000/19630921 (31.8936%)
entry 6262000/19630921 (31.8987%)
entry 6266000/19630921 (31.919%)
entry 6267000/19630921 (31.9241%)
entry 6268000/19630921 (31.9292%)
entry 6284000/19630921 (32.0107%)
entry 6291000/19630921 (32.0464%)
entry 6294000/19630921 (32.0617%)
entry 6295000/19630921 (32.0668%)
entry 6298000/19630921 (32.082%)
entry 6300000/19630921 (32.0922%)
entry 6302000/19630921 (32.1024%)
entry 6307000/19630921 (32.1279%)
entry 6312000/19630921 (32.1534%)
entry 6313000/19630921 (32.1585%)
entry 6314000/19630921 (32.1635%)
entry 6318000/19630921 (32.1839%)
entry 6323000/19630921 (32.2094%)
entry 6324000/19630921 (32.2145%)
entry 6327000/19630921 (32.2298%)
entry 6343000/19630921 (32.3113%)
entry 6354000/19630921 (32.3673%)
entry 6355000/19630921 (32.3724%)
entry 6359000/19630921 (32.3928%)
entry 6360000/19630921 (32.3979%)
entry 6370000/19630921 (32.4488%)
entry 6371000/19630921 (32.4539%)
entry 6378000/19630921 (32.4896%)
entry 6379000/19630921 (32.4947%)
entry 6381000/19630921 (32.5048%)
entry 6382000/19630921 (32.5099%)
entry 6385000/19630921 (32.5252%)
entry 6386000/19630921 (32.5303%)
entry 6391000/19630921 (32.5558%)
entry 6393000/19630921 (32.566%)
entry 6394000/19630921 (32.5711%)
entry 6399000/19630921 (32.5965%)
entry 6404000/19630921 (32.622%)
entry 6405000/19630921 (32.6271%)
entry 6408000/19630921 (32.6424%)
entry 6413000/19630921 (32.6679%)
entry 6415000/19630921 (32.678%)
entry 6418000/19630921 (32.6933%)
entry 6421000/19630921 (32.7086%)
entry 6422000/19630921 (32.7137%)
entry 6424000/19630921 (32.7239%)
entry 6426000/19630921 (32.7341%)
entry 6427000/19630921 (32.7392%)
entry 6428000/19630921 (32.7443%)
entry 6431000/19630921 (32.7595%)
entry 6437000/19630921 (32.7901%)
entry 6441000/19630921 (32.8105%)
entry 6444000/19630921 (32.8258%)
entry 6452000/19630921 (32.8665%)
entry 6454000/19630921 (32.8767%)
entry 6455000/19630921 (32.8818%)
entry 6461000/19630921 (32.9124%)
entry 6463000/19630921 (32.9226%)
entry 6464000/19630921 (32.9276%)
entry 6475000/19630921 (32.9837%)
entry 6479000/19630921 (33.0041%)
entry 6482000/19630921 (33.0193%)
entry 6484000/19630921 (33.0295%)
entry 6486000/19630921 (33.0397%)
entry 6489000/19630921 (33.055%)
entry 6491000/19630921 (33.0652%)
entry 6493000/19630921 (33.0754%)
entry 6494000/19630921 (33.0805%)
entry 6498000/19630921 (33.1008%)
entry 6506000/19630921 (33.1416%)
entry 6507000/19630921 (33.1467%)
entry 6509000/19630921 (33.1569%)
entry 6512000/19630921 (33.1722%)
entry 6522000/19630921 (33.2231%)
entry 6524000/19630921 (33.2333%)
entry 6526000/19630921 (33.2435%)
entry 6528000/19630921 (33.2537%)
entry 6535000/19630921 (33.2893%)
entry 6536000/19630921 (33.2944%)
entry 6538000/19630921 (33.3046%)
entry 6545000/19630921 (33.3403%)
entry 6546000/19630921 (33.3454%)
entry 6547000/19630921 (33.3504%)
entry 6552000/19630921 (33.3759%)
entry 6555000/19630921 (33.3912%)
entry 6556000/19630921 (33.3963%)
entry 6560000/19630921 (33.4167%)
entry 6561000/19630921 (33.4218%)
entry 6566000/19630921 (33.4472%)
entry 6570000/19630921 (33.4676%)
entry 6577000/19630921 (33.5033%)
entry 6583000/19630921 (33.5338%)
entry 6584000/19630921 (33.5389%)
entry 6586000/19630921 (33.5491%)
entry 6588000/19630921 (33.5593%)
entry 6591000/19630921 (33.5746%)
entry 6596000/19630921 (33.6001%)
entry 6598000/19630921 (33.6102%)
entry 6604000/19630921 (33.6408%)
entry 6613000/19630921 (33.6867%)
entry 6614000/19630921 (33.6917%)
entry 6628000/19630921 (33.7631%)
entry 6631000/19630921 (33.7783%)
entry 6639000/19630921 (33.8191%)
entry 6641000/19630921 (33.8293%)
entry 6642000/19630921 (33.8344%)
entry 6645000/19630921 (33.8497%)
entry 6649000/19630921 (33.87%)
entry 6651000/19630921 (33.8802%)
entry 6660000/19630921 (33.9261%)
entry 6661000/19630921 (33.9312%)
entry 6665000/19630921 (33.9515%)
entry 6666000/19630921 (33.9566%)
entry 6669000/19630921 (33.9719%)
entry 6672000/19630921 (33.9872%)
entry 6673000/19630921 (33.9923%)
entry 6677000/19630921 (34.0127%)
entry 6678000/19630921 (34.0178%)
entry 6679000/19630921 (34.0229%)
entry 6680000/19630921 (34.028%)
entry 6683000/19630921 (34.0432%)
entry 6685000/19630921 (34.0534%)
entry 6686000/19630921 (34.0585%)
entry 6691000/19630921 (34.084%)
entry 6692000/19630921 (34.0891%)
entry 6695000/19630921 (34.1044%)
entry 6701000/19630921 (34.1349%)
entry 6705000/19630921 (34.1553%)
entry 6709000/19630921 (34.1757%)
entry 6713000/19630921 (34.1961%)
entry 6719000/19630921 (34.2266%)
entry 6721000/19630921 (34.2368%)
entry 6726000/19630921 (34.2623%)
entry 6735000/19630921 (34.3081%)
entry 6736000/19630921 (34.3132%)
entry 6738000/19630921 (34.3234%)
entry 6739000/19630921 (34.3285%)
entry 6740000/19630921 (34.3336%)
entry 6743000/19630921 (34.3489%)
entry 6746000/19630921 (34.3642%)
entry 6750000/19630921 (34.3845%)
entry 6754000/19630921 (34.4049%)
entry 6755000/19630921 (34.41%)
entry 6761000/19630921 (34.4406%)
entry 6762000/19630921 (34.4457%)
entry 6764000/19630921 (34.4558%)
entry 6765000/19630921 (34.4609%)
entry 6771000/19630921 (34.4915%)
entry 6776000/19630921 (34.517%)
entry 6779000/19630921 (34.5323%)
entry 6782000/19630921 (34.5475%)
entry 6788000/19630921 (34.5781%)
entry 6789000/19630921 (34.5832%)
entry 6791000/19630921 (34.5934%)
entry 6792000/19630921 (34.5985%)
entry 6802000/19630921 (34.6494%)
entry 6805000/19630921 (34.6647%)
entry 6815000/19630921 (34.7156%)
entry 6818000/19630921 (34.7309%)
entry 6819000/19630921 (34.736%)
entry 6820000/19630921 (34.7411%)
entry 6822000/19630921 (34.7513%)
entry 6825000/19630921 (34.7666%)
entry 6826000/19630921 (34.7717%)
entry 6829000/19630921 (34.787%)
entry 6833000/19630921 (34.8073%)
entry 6834000/19630921 (34.8124%)
entry 6838000/19630921 (34.8328%)
entry 6844000/19630921 (34.8634%)
entry 6846000/19630921 (34.8736%)
entry 6847000/19630921 (34.8787%)
entry 6850000/19630921 (34.8939%)
entry 6853000/19630921 (34.9092%)
entry 6854000/19630921 (34.9143%)
entry 6856000/19630921 (34.9245%)
entry 6859000/19630921 (34.9398%)
entry 6861000/19630921 (34.95%)
entry 6868000/19630921 (34.9856%)
entry 6871000/19630921 (35.0009%)
entry 6872000/19630921 (35.006%)
entry 6876000/19630921 (35.0264%)
entry 6882000/19630921 (35.0569%)
entry 6884000/19630921 (35.0671%)
entry 6889000/19630921 (35.0926%)
entry 6892000/19630921 (35.1079%)
entry 6898000/19630921 (35.1384%)
entry 6899000/19630921 (35.1435%)
entry 6901000/19630921 (35.1537%)
entry 6906000/19630921 (35.1792%)
entry 6908000/19630921 (35.1894%)
entry 6909000/19630921 (35.1945%)
entry 6912000/19630921 (35.2098%)
entry 6915000/19630921 (35.225%)
entry 6922000/19630921 (35.2607%)
entry 6926000/19630921 (35.2811%)
entry 6928000/19630921 (35.2913%)
entry 6932000/19630921 (35.3116%)
entry 6937000/19630921 (35.3371%)
entry 6938000/19630921 (35.3422%)
entry 6940000/19630921 (35.3524%)
entry 6942000/19630921 (35.3626%)
entry 6943000/19630921 (35.3677%)
entry 6948000/19630921 (35.3931%)
entry 6959000/19630921 (35.4492%)
entry 6966000/19630921 (35.4848%)
entry 6969000/19630921 (35.5001%)
entry 6974000/19630921 (35.5256%)
entry 6976000/19630921 (35.5358%)
entry 6978000/19630921 (35.546%)
entry 6979000/19630921 (35.5511%)
entry 6980000/19630921 (35.5562%)
entry 6983000/19630921 (35.5714%)
entry 6989000/19630921 (35.602%)
entry 6990000/19630921 (35.6071%)
entry 6992000/19630921 (35.6173%)
entry 6993000/19630921 (35.6224%)
entry 7008000/19630921 (35.6988%)
entry 7016000/19630921 (35.7395%)
entry 7022000/19630921 (35.7701%)
entry 7023000/19630921 (35.7752%)
entry 7024000/19630921 (35.7803%)
entry 7033000/19630921 (35.8261%)
entry 7042000/19630921 (35.872%)
entry 7044000/19630921 (35.8822%)
entry 7045000/19630921 (35.8873%)
entry 7048000/19630921 (35.9025%)
entry 7051000/19630921 (35.9178%)
entry 7053000/19630921 (35.928%)
entry 7055000/19630921 (35.9382%)
entry 7060000/19630921 (35.9637%)
entry 7062000/19630921 (35.9739%)
entry 7066000/19630921 (35.9942%)
entry 7068000/19630921 (36.0044%)
entry 7071000/19630921 (36.0197%)
entry 7075000/19630921 (36.0401%)
entry 7076000/19630921 (36.0452%)
entry 7077000/19630921 (36.0503%)
entry 7079000/19630921 (36.0605%)
entry 7081000/19630921 (36.0706%)
entry 7083000/19630921 (36.0808%)
entry 7086000/19630921 (36.0961%)
entry 7089000/19630921 (36.1114%)
entry 7094000/19630921 (36.1369%)
entry 7098000/19630921 (36.1572%)
entry 7100000/19630921 (36.1674%)
entry 7102000/19630921 (36.1776%)
entry 7106000/19630921 (36.198%)
entry 7128000/19630921 (36.3101%)
entry 7134000/19630921 (36.3406%)
entry 7141000/19630921 (36.3763%)
entry 7144000/19630921 (36.3916%)
entry 7149000/19630921 (36.417%)
entry 7151000/19630921 (36.4272%)
entry 7154000/19630921 (36.4425%)
entry 7155000/19630921 (36.4476%)
entry 7161000/19630921 (36.4782%)
entry 7168000/19630921 (36.5138%)
entry 7172000/19630921 (36.5342%)
entry 7187000/19630921 (36.6106%)
entry 7204000/19630921 (36.6972%)
entry 7206000/19630921 (36.7074%)
entry 7209000/19630921 (36.7227%)
entry 7212000/19630921 (36.738%)
entry 7213000/19630921 (36.7431%)
entry 7214000/19630921 (36.7481%)
entry 7215000/19630921 (36.7532%)
entry 7221000/19630921 (36.7838%)
entry 7234000/19630921 (36.85%)
entry 7247000/19630921 (36.9163%)
entry 7248000/19630921 (36.9213%)
entry 7250000/19630921 (36.9315%)
entry 7252000/19630921 (36.9417%)
entry 7255000/19630921 (36.957%)
entry 7270000/19630921 (37.0334%)
entry 7275000/19630921 (37.0589%)
entry 7281000/19630921 (37.0894%)
entry 7288000/19630921 (37.1251%)
entry 7290000/19630921 (37.1353%)
entry 7300000/19630921 (37.1862%)
entry 7302000/19630921 (37.1964%)
entry 7315000/19630921 (37.2626%)
entry 7318000/19630921 (37.2779%)
entry 7319000/19630921 (37.283%)
entry 7321000/19630921 (37.2932%)
entry 7325000/19630921 (37.3136%)
entry 7329000/19630921 (37.334%)
entry 7331000/19630921 (37.3441%)
entry 7334000/19630921 (37.3594%)
entry 7335000/19630921 (37.3645%)
entry 7341000/19630921 (37.3951%)
entry 7347000/19630921 (37.4257%)
entry 7352000/19630921 (37.4511%)
entry 7356000/19630921 (37.4715%)
entry 7362000/19630921 (37.5021%)
entry 7363000/19630921 (37.5072%)
entry 7365000/19630921 (37.5173%)
entry 7367000/19630921 (37.5275%)
entry 7371000/19630921 (37.5479%)
entry 7373000/19630921 (37.5581%)
entry 7376000/19630921 (37.5734%)
entry 7379000/19630921 (37.5887%)
entry 7381000/19630921 (37.5988%)
entry 7387000/19630921 (37.6294%)
entry 7390000/19630921 (37.6447%)
entry 7394000/19630921 (37.6651%)
entry 7399000/19630921 (37.6905%)
entry 7400000/19630921 (37.6956%)
entry 7405000/19630921 (37.7211%)
entry 7406000/19630921 (37.7262%)
entry 7419000/19630921 (37.7924%)
entry 7422000/19630921 (37.8077%)
entry 7427000/19630921 (37.8332%)
entry 7428000/19630921 (37.8383%)
entry 7432000/19630921 (37.8586%)
entry 7433000/19630921 (37.8637%)
entry 7434000/19630921 (37.8688%)
entry 7436000/19630921 (37.879%)
entry 7443000/19630921 (37.9147%)
entry 7445000/19630921 (37.9249%)
entry 7449000/19630921 (37.9452%)
entry 7458000/19630921 (37.9911%)
entry 7465000/19630921 (38.0267%)
entry 7466000/19630921 (38.0318%)
entry 7472000/19630921 (38.0624%)
entry 7479000/19630921 (38.0981%)
entry 7480000/19630921 (38.1032%)
entry 7483000/19630921 (38.1184%)
entry 7487000/19630921 (38.1388%)
entry 7491000/19630921 (38.1592%)
entry 7494000/19630921 (38.1745%)
entry 7495000/19630921 (38.1796%)
entry 7496000/19630921 (38.1847%)
entry 7504000/19630921 (38.2254%)
entry 7512000/19630921 (38.2662%)
entry 7517000/19630921 (38.2916%)
entry 7518000/19630921 (38.2967%)
entry 7523000/19630921 (38.3222%)
entry 7531000/19630921 (38.363%)
entry 7536000/19630921 (38.3884%)
entry 7539000/19630921 (38.4037%)
entry 7540000/19630921 (38.4088%)
entry 7544000/19630921 (38.4292%)
entry 7545000/19630921 (38.4343%)
entry 7547000/19630921 (38.4445%)
entry 7552000/19630921 (38.4699%)
entry 7556000/19630921 (38.4903%)
entry 7558000/19630921 (38.5005%)
entry 7562000/19630921 (38.5209%)
entry 7568000/19630921 (38.5514%)
entry 7584000/19630921 (38.6329%)
entry 7585000/19630921 (38.638%)
entry 7587000/19630921 (38.6482%)
entry 7589000/19630921 (38.6584%)
entry 7592000/19630921 (38.6737%)
entry 7593000/19630921 (38.6788%)
entry 7602000/19630921 (38.7246%)
entry 7603000/19630921 (38.7297%)
entry 7608000/19630921 (38.7552%)
entry 7611000/19630921 (38.7705%)
entry 7614000/19630921 (38.7858%)
entry 7616000/19630921 (38.7959%)
entry 7618000/19630921 (38.8061%)
entry 7620000/19630921 (38.8163%)
entry 7625000/19630921 (38.8418%)
entry 7626000/19630921 (38.8469%)
entry 7627000/19630921 (38.852%)
entry 7628000/19630921 (38.8571%)
entry 7630000/19630921 (38.8673%)
entry 7631000/19630921 (38.8723%)
entry 7632000/19630921 (38.8774%)
entry 7635000/19630921 (38.8927%)
entry 7639000/19630921 (38.9131%)
entry 7645000/19630921 (38.9437%)
entry 7647000/19630921 (38.9539%)
entry 7650000/19630921 (38.9691%)
entry 7652000/19630921 (38.9793%)
entry 7654000/19630921 (38.9895%)
entry 7658000/19630921 (39.0099%)
entry 7659000/19630921 (39.015%)
entry 7666000/19630921 (39.0506%)
entry 7669000/19630921 (39.0659%)
entry 7670000/19630921 (39.071%)
entry 7680000/19630921 (39.122%)
entry 7681000/19630921 (39.1271%)
entry 7683000/19630921 (39.1372%)
entry 7686000/19630921 (39.1525%)
entry 7687000/19630921 (39.1576%)
entry 7691000/19630921 (39.178%)
entry 7692000/19630921 (39.1831%)
entry 7698000/19630921 (39.2136%)
entry 7700000/19630921 (39.2238%)
entry 7702000/19630921 (39.234%)
entry 7703000/19630921 (39.2391%)
entry 7707000/19630921 (39.2595%)
entry 7709000/19630921 (39.2697%)
entry 7711000/19630921 (39.2799%)
entry 7712000/19630921 (39.285%)
entry 7713000/19630921 (39.2901%)
entry 7716000/19630921 (39.3053%)
entry 7719000/19630921 (39.3206%)
entry 7723000/19630921 (39.341%)
entry 7724000/19630921 (39.3461%)
entry 7727000/19630921 (39.3614%)
entry 7734000/19630921 (39.397%)
entry 7736000/19630921 (39.4072%)
entry 7742000/19630921 (39.4378%)
entry 7743000/19630921 (39.4429%)
entry 7750000/19630921 (39.4785%)
entry 7752000/19630921 (39.4887%)
entry 7754000/19630921 (39.4989%)
entry 7755000/19630921 (39.504%)
entry 7759000/19630921 (39.5244%)
entry 7760000/19630921 (39.5295%)
entry 7763000/19630921 (39.5448%)
entry 7764000/19630921 (39.5499%)
entry 7765000/19630921 (39.5549%)
entry 7768000/19630921 (39.5702%)
entry 7769000/19630921 (39.5753%)
entry 7776000/19630921 (39.611%)
entry 7778000/19630921 (39.6212%)
entry 7779000/19630921 (39.6263%)
entry 7782000/19630921 (39.6415%)
entry 7790000/19630921 (39.6823%)
entry 7792000/19630921 (39.6925%)
entry 7793000/19630921 (39.6976%)
entry 7794000/19630921 (39.7027%)
entry 7797000/19630921 (39.718%)
entry 7798000/19630921 (39.7231%)
entry 7808000/19630921 (39.774%)
entry 7812000/19630921 (39.7944%)
entry 7815000/19630921 (39.8096%)
entry 7816000/19630921 (39.8147%)
entry 7818000/19630921 (39.8249%)
entry 7820000/19630921 (39.8351%)
entry 7821000/19630921 (39.8402%)
entry 7822000/19630921 (39.8453%)
entry 7831000/19630921 (39.8912%)
entry 7832000/19630921 (39.8962%)
entry 7833000/19630921 (39.9013%)
entry 7835000/19630921 (39.9115%)
entry 7843000/19630921 (39.9523%)
entry 7846000/19630921 (39.9676%)
entry 7847000/19630921 (39.9727%)
entry 7849000/19630921 (39.9828%)
entry 7851000/19630921 (39.993%)
entry 7852000/19630921 (39.9981%)
entry 7858000/19630921 (40.0287%)
entry 7861000/19630921 (40.044%)
entry 7862000/19630921 (40.0491%)
entry 7863000/19630921 (40.0542%)
entry 7867000/19630921 (40.0745%)
entry 7868000/19630921 (40.0796%)
entry 7874000/19630921 (40.1102%)
entry 7875000/19630921 (40.1153%)
entry 7876000/19630921 (40.1204%)
entry 7878000/19630921 (40.1306%)
entry 7879000/19630921 (40.1357%)
entry 7881000/19630921 (40.1459%)
entry 7894000/19630921 (40.2121%)
entry 7897000/19630921 (40.2274%)
entry 7905000/19630921 (40.2681%)
entry 7907000/19630921 (40.2783%)
entry 7911000/19630921 (40.2987%)
entry 7916000/19630921 (40.3241%)
entry 7920000/19630921 (40.3445%)
entry 7925000/19630921 (40.37%)
entry 7926000/19630921 (40.3751%)
entry 7927000/19630921 (40.3802%)
entry 7928000/19630921 (40.3853%)
entry 7930000/19630921 (40.3955%)
entry 7931000/19630921 (40.4006%)
entry 7933000/19630921 (40.4107%)
entry 7939000/19630921 (40.4413%)
entry 7940000/19630921 (40.4464%)
entry 7941000/19630921 (40.4515%)
entry 7947000/19630921 (40.4821%)
entry 7951000/19630921 (40.5024%)
entry 7953000/19630921 (40.5126%)
entry 7954000/19630921 (40.5177%)
entry 7960000/19630921 (40.5483%)
entry 7961000/19630921 (40.5534%)
entry 7962000/19630921 (40.5585%)
entry 7966000/19630921 (40.5788%)
entry 7968000/19630921 (40.589%)
entry 7969000/19630921 (40.5941%)
entry 7972000/19630921 (40.6094%)
entry 7980000/19630921 (40.6502%)
entry 7987000/19630921 (40.6858%)
entry 7988000/19630921 (40.6909%)
entry 7994000/19630921 (40.7215%)
entry 7995000/19630921 (40.7266%)
entry 7998000/19630921 (40.7418%)
entry 8000000/19630921 (40.752%)
entry 8001000/19630921 (40.7571%)
entry 8004000/19630921 (40.7724%)
entry 8007000/19630921 (40.7877%)
entry 8013000/19630921 (40.8183%)
entry 8015000/19630921 (40.8284%)
entry 8021000/19630921 (40.859%)
entry 8022000/19630921 (40.8641%)
entry 8025000/19630921 (40.8794%)
entry 8028000/19630921 (40.8947%)
entry 8030000/19630921 (40.9049%)
entry 8032000/19630921 (40.915%)
entry 8034000/19630921 (40.9252%)
entry 8037000/19630921 (40.9405%)
entry 8038000/19630921 (40.9456%)
entry 8039000/19630921 (40.9507%)
entry 8040000/19630921 (40.9558%)
entry 8047000/19630921 (40.9915%)
entry 8048000/19630921 (40.9966%)
entry 8054000/19630921 (41.0271%)
entry 8055000/19630921 (41.0322%)
entry 8065000/19630921 (41.0831%)
entry 8070000/19630921 (41.1086%)
entry 8076000/19630921 (41.1392%)
entry 8077000/19630921 (41.1443%)
entry 8079000/19630921 (41.1545%)
entry 8084000/19630921 (41.1799%)
entry 8088000/19630921 (41.2003%)
entry 8089000/19630921 (41.2054%)
entry 8090000/19630921 (41.2105%)
entry 8093000/19630921 (41.2258%)
entry 8094000/19630921 (41.2309%)
entry 8095000/19630921 (41.236%)
entry 8099000/19630921 (41.2563%)
entry 8102000/19630921 (41.2716%)
entry 8108000/19630921 (41.3022%)
entry 8109000/19630921 (41.3073%)
entry 8113000/19630921 (41.3277%)
entry 8115000/19630921 (41.3378%)
entry 8116000/19630921 (41.3429%)
entry 8117000/19630921 (41.348%)
entry 8119000/19630921 (41.3582%)
entry 8132000/19630921 (41.4244%)
entry 8133000/19630921 (41.4295%)
entry 8135000/19630921 (41.4397%)
entry 8140000/19630921 (41.4652%)
entry 8149000/19630921 (41.511%)
entry 8151000/19630921 (41.5212%)
entry 8154000/19630921 (41.5365%)
entry 8162000/19630921 (41.5773%)
entry 8163000/19630921 (41.5824%)
entry 8167000/19630921 (41.6027%)
entry 8172000/19630921 (41.6282%)
entry 8178000/19630921 (41.6588%)
entry 8179000/19630921 (41.6639%)
entry 8180000/19630921 (41.669%)
entry 8187000/19630921 (41.7046%)
entry 8189000/19630921 (41.7148%)
entry 8191000/19630921 (41.725%)
entry 8194000/19630921 (41.7403%)
entry 8195000/19630921 (41.7454%)
entry 8197000/19630921 (41.7556%)
entry 8198000/19630921 (41.7607%)
entry 8200000/19630921 (41.7708%)
entry 8201000/19630921 (41.7759%)
entry 8204000/19630921 (41.7912%)
entry 8209000/19630921 (41.8167%)
entry 8214000/19630921 (41.8422%)
entry 8223000/19630921 (41.888%)
entry 8225000/19630921 (41.8982%)
entry 8228000/19630921 (41.9135%)
entry 8230000/19630921 (41.9237%)
entry 8233000/19630921 (41.9389%)
entry 8241000/19630921 (41.9797%)
entry 8246000/19630921 (42.0052%)
entry 8254000/19630921 (42.0459%)
entry 8260000/19630921 (42.0765%)
entry 8269000/19630921 (42.1223%)
entry 8271000/19630921 (42.1325%)
entry 8272000/19630921 (42.1376%)
entry 8275000/19630921 (42.1529%)
entry 8276000/19630921 (42.158%)
entry 8279000/19630921 (42.1733%)
entry 8285000/19630921 (42.2038%)
entry 8286000/19630921 (42.2089%)
entry 8289000/19630921 (42.2242%)
entry 8291000/19630921 (42.2344%)
entry 8292000/19630921 (42.2395%)
entry 8293000/19630921 (42.2446%)
entry 8295000/19630921 (42.2548%)
entry 8297000/19630921 (42.265%)
entry 8298000/19630921 (42.2701%)
entry 8306000/19630921 (42.3108%)
entry 8308000/19630921 (42.321%)
entry 8310000/19630921 (42.3312%)
entry 8319000/19630921 (42.377%)
entry 8325000/19630921 (42.4076%)
entry 8326000/19630921 (42.4127%)
entry 8328000/19630921 (42.4229%)
entry 8334000/19630921 (42.4534%)
entry 8340000/19630921 (42.484%)
entry 8341000/19630921 (42.4891%)
entry 8344000/19630921 (42.5044%)
entry 8349000/19630921 (42.5298%)
entry 8354000/19630921 (42.5553%)
entry 8357000/19630921 (42.5706%)
entry 8359000/19630921 (42.5808%)
entry 8365000/19630921 (42.6113%)
entry 8367000/19630921 (42.6215%)
entry 8374000/19630921 (42.6572%)
entry 8380000/19630921 (42.6878%)
entry 8381000/19630921 (42.6929%)
entry 8382000/19630921 (42.6979%)
entry 8387000/19630921 (42.7234%)
entry 8391000/19630921 (42.7438%)
entry 8392000/19630921 (42.7489%)
entry 8393000/19630921 (42.754%)
entry 8396000/19630921 (42.7693%)
entry 8402000/19630921 (42.7998%)
entry 8404000/19630921 (42.81%)
entry 8406000/19630921 (42.8202%)
entry 8407000/19630921 (42.8253%)
entry 8415000/19630921 (42.8661%)
entry 8419000/19630921 (42.8864%)
entry 8422000/19630921 (42.9017%)
entry 8426000/19630921 (42.9221%)
entry 8429000/19630921 (42.9374%)
entry 8430000/19630921 (42.9425%)
entry 8433000/19630921 (42.9577%)
entry 8436000/19630921 (42.973%)
entry 8437000/19630921 (42.9781%)
entry 8439000/19630921 (42.9883%)
entry 8440000/19630921 (42.9934%)
entry 8448000/19630921 (43.0342%)
entry 8453000/19630921 (43.0596%)
entry 8454000/19630921 (43.0647%)
entry 8460000/19630921 (43.0953%)
entry 8465000/19630921 (43.1208%)
entry 8471000/19630921 (43.1513%)
entry 8473000/19630921 (43.1615%)
entry 8474000/19630921 (43.1666%)
entry 8479000/19630921 (43.1921%)
entry 8482000/19630921 (43.2073%)
entry 8487000/19630921 (43.2328%)
entry 8489000/19630921 (43.243%)
entry 8493000/19630921 (43.2634%)
entry 8495000/19630921 (43.2736%)
entry 8497000/19630921 (43.2838%)
entry 8504000/19630921 (43.3194%)
entry 8506000/19630921 (43.3296%)
entry 8508000/19630921 (43.3398%)
entry 8509000/19630921 (43.3449%)
entry 8521000/19630921 (43.406%)
entry 8522000/19630921 (43.4111%)
entry 8524000/19630921 (43.4213%)
entry 8526000/19630921 (43.4315%)
entry 8527000/19630921 (43.4366%)
entry 8528000/19630921 (43.4417%)
entry 8533000/19630921 (43.4671%)
entry 8538000/19630921 (43.4926%)
entry 8555000/19630921 (43.5792%)
entry 8556000/19630921 (43.5843%)
entry 8557000/19630921 (43.5894%)
entry 8568000/19630921 (43.6454%)
entry 8569000/19630921 (43.6505%)
entry 8572000/19630921 (43.6658%)
entry 8574000/19630921 (43.676%)
entry 8576000/19630921 (43.6862%)
entry 8577000/19630921 (43.6913%)
entry 8583000/19630921 (43.7218%)
entry 8587000/19630921 (43.7422%)
entry 8590000/19630921 (43.7575%)
entry 8591000/19630921 (43.7626%)
entry 8600000/19630921 (43.8084%)
entry 8609000/19630921 (43.8543%)
entry 8613000/19630921 (43.8747%)
entry 8616000/19630921 (43.8899%)
entry 8617000/19630921 (43.895%)
entry 8619000/19630921 (43.9052%)
entry 8620000/19630921 (43.9103%)
entry 8623000/19630921 (43.9256%)
entry 8625000/19630921 (43.9358%)
entry 8631000/19630921 (43.9664%)
entry 8632000/19630921 (43.9714%)
entry 8634000/19630921 (43.9816%)
entry 8636000/19630921 (43.9918%)
entry 8637000/19630921 (43.9969%)
entry 8638000/19630921 (44.002%)
entry 8642000/19630921 (44.0224%)
entry 8644000/19630921 (44.0326%)
entry 8650000/19630921 (44.0631%)
entry 8652000/19630921 (44.0733%)
entry 8654000/19630921 (44.0835%)
entry 8657000/19630921 (44.0988%)
entry 8658000/19630921 (44.1039%)
entry 8664000/19630921 (44.1345%)
entry 8676000/19630921 (44.1956%)
entry 8678000/19630921 (44.2058%)
entry 8687000/19630921 (44.2516%)
entry 8688000/19630921 (44.2567%)
entry 8689000/19630921 (44.2618%)
entry 8693000/19630921 (44.2822%)
entry 8695000/19630921 (44.2924%)
entry 8696000/19630921 (44.2975%)
entry 8698000/19630921 (44.3077%)
entry 8702000/19630921 (44.328%)
entry 8703000/19630921 (44.3331%)
entry 8704000/19630921 (44.3382%)
entry 8705000/19630921 (44.3433%)
entry 8710000/19630921 (44.3688%)
entry 8715000/19630921 (44.3943%)
entry 8720000/19630921 (44.4197%)
entry 8722000/19630921 (44.4299%)
entry 8726000/19630921 (44.4503%)
entry 8728000/19630921 (44.4605%)
entry 8729000/19630921 (44.4656%)
entry 8732000/19630921 (44.4808%)
entry 8733000/19630921 (44.4859%)
entry 8734000/19630921 (44.491%)
entry 8739000/19630921 (44.5165%)
entry 8748000/19630921 (44.5624%)
entry 8749000/19630921 (44.5674%)
entry 8753000/19630921 (44.5878%)
entry 8754000/19630921 (44.5929%)
entry 8759000/19630921 (44.6184%)
entry 8761000/19630921 (44.6286%)
entry 8770000/19630921 (44.6744%)
entry 8777000/19630921 (44.7101%)
entry 8780000/19630921 (44.7254%)
entry 8784000/19630921 (44.7457%)
entry 8785000/19630921 (44.7508%)
entry 8787000/19630921 (44.761%)
entry 8793000/19630921 (44.7916%)
entry 8797000/19630921 (44.812%)
entry 8798000/19630921 (44.8171%)
entry 8801000/19630921 (44.8323%)
entry 8803000/19630921 (44.8425%)
entry 8816000/19630921 (44.9087%)
entry 8817000/19630921 (44.9138%)
entry 8824000/19630921 (44.9495%)
entry 8832000/19630921 (44.9903%)
entry 8838000/19630921 (45.0208%)
entry 8839000/19630921 (45.0259%)
entry 8842000/19630921 (45.0412%)
entry 8851000/19630921 (45.087%)
entry 8852000/19630921 (45.0921%)
entry 8855000/19630921 (45.1074%)
entry 8859000/19630921 (45.1278%)
entry 8861000/19630921 (45.138%)
entry 8863000/19630921 (45.1482%)
entry 8864000/19630921 (45.1533%)
entry 8865000/19630921 (45.1584%)
entry 8866000/19630921 (45.1634%)
entry 8870000/19630921 (45.1838%)
entry 8872000/19630921 (45.194%)
entry 8875000/19630921 (45.2093%)
entry 8878000/19630921 (45.2246%)
entry 8880000/19630921 (45.2348%)
entry 8882000/19630921 (45.245%)
entry 8885000/19630921 (45.2602%)
entry 8890000/19630921 (45.2857%)
entry 8892000/19630921 (45.2959%)
entry 8894000/19630921 (45.3061%)
entry 8896000/19630921 (45.3163%)
entry 8900000/19630921 (45.3366%)
entry 8901000/19630921 (45.3417%)
entry 8902000/19630921 (45.3468%)
entry 8903000/19630921 (45.3519%)
entry 8904000/19630921 (45.357%)
entry 8909000/19630921 (45.3825%)
entry 8911000/19630921 (45.3927%)
entry 8915000/19630921 (45.4131%)
entry 8916000/19630921 (45.4181%)
entry 8917000/19630921 (45.4232%)
entry 8920000/19630921 (45.4385%)
entry 8921000/19630921 (45.4436%)
entry 8924000/19630921 (45.4589%)
entry 8927000/19630921 (45.4742%)
entry 8933000/19630921 (45.5047%)
entry 8947000/19630921 (45.5761%)
entry 8948000/19630921 (45.5812%)
entry 8965000/19630921 (45.6678%)
entry 8967000/19630921 (45.6779%)
entry 8968000/19630921 (45.683%)
entry 8970000/19630921 (45.6932%)
entry 8976000/19630921 (45.7238%)
entry 8983000/19630921 (45.7594%)
entry 8985000/19630921 (45.7696%)
entry 8989000/19630921 (45.79%)
entry 8990000/19630921 (45.7951%)
entry 8991000/19630921 (45.8002%)
entry 8994000/19630921 (45.8155%)
entry 8996000/19630921 (45.8257%)
entry 8997000/19630921 (45.8308%)
entry 9001000/19630921 (45.8511%)
entry 9011000/19630921 (45.9021%)
entry 9014000/19630921 (45.9174%)
entry 9020000/19630921 (45.9479%)
entry 9021000/19630921 (45.953%)
entry 9024000/19630921 (45.9683%)
entry 9026000/19630921 (45.9785%)
entry 9030000/19630921 (45.9989%)
entry 9033000/19630921 (46.0141%)
entry 9034000/19630921 (46.0192%)
entry 9036000/19630921 (46.0294%)
entry 9040000/19630921 (46.0498%)
entry 9042000/19630921 (46.06%)
entry 9048000/19630921 (46.0906%)
entry 9049000/19630921 (46.0956%)
entry 9057000/19630921 (46.1364%)
entry 9058000/19630921 (46.1415%)
entry 9059000/19630921 (46.1466%)
entry 9061000/19630921 (46.1568%)
entry 9067000/19630921 (46.1873%)
entry 9070000/19630921 (46.2026%)
entry 9073000/19630921 (46.2179%)
entry 9075000/19630921 (46.2281%)
entry 9083000/19630921 (46.2688%)
entry 9087000/19630921 (46.2892%)
entry 9091000/19630921 (46.3096%)
entry 9098000/19630921 (46.3453%)
entry 9099000/19630921 (46.3503%)
entry 9104000/19630921 (46.3758%)
entry 9109000/19630921 (46.4013%)
entry 9116000/19630921 (46.4369%)
entry 9117000/19630921 (46.442%)
entry 9119000/19630921 (46.4522%)
entry 9122000/19630921 (46.4675%)
entry 9127000/19630921 (46.493%)
entry 9132000/19630921 (46.5185%)
entry 9136000/19630921 (46.5388%)
entry 9137000/19630921 (46.5439%)
entry 9139000/19630921 (46.5541%)
entry 9140000/19630921 (46.5592%)
entry 9142000/19630921 (46.5694%)
entry 9143000/19630921 (46.5745%)
entry 9145000/19630921 (46.5847%)
entry 9150000/19630921 (46.6101%)
entry 9154000/19630921 (46.6305%)
entry 9156000/19630921 (46.6407%)
entry 9158000/19630921 (46.6509%)
entry 9162000/19630921 (46.6713%)
entry 9164000/19630921 (46.6815%)
entry 9169000/19630921 (46.7069%)
entry 9175000/19630921 (46.7375%)
entry 9177000/19630921 (46.7477%)
entry 9183000/19630921 (46.7782%)
entry 9192000/19630921 (46.8241%)
entry 9194000/19630921 (46.8343%)
entry 9196000/19630921 (46.8445%)
entry 9197000/19630921 (46.8496%)
entry 9200000/19630921 (46.8648%)
entry 9202000/19630921 (46.875%)
entry 9207000/19630921 (46.9005%)
entry 9208000/19630921 (46.9056%)
entry 9210000/19630921 (46.9158%)
entry 9214000/19630921 (46.9362%)
entry 9218000/19630921 (46.9565%)
entry 9222000/19630921 (46.9769%)
entry 9227000/19630921 (47.0024%)
entry 9228000/19630921 (47.0075%)
entry 9230000/19630921 (47.0177%)
entry 9235000/19630921 (47.0431%)
entry 9241000/19630921 (47.0737%)
entry 9243000/19630921 (47.0839%)
entry 9245000/19630921 (47.0941%)
entry 9248000/19630921 (47.1094%)
entry 9255000/19630921 (47.145%)
entry 9258000/19630921 (47.1603%)
entry 9263000/19630921 (47.1858%)
entry 9266000/19630921 (47.201%)
entry 9270000/19630921 (47.2214%)
entry 9275000/19630921 (47.2469%)
entry 9277000/19630921 (47.2571%)
entry 9279000/19630921 (47.2673%)
entry 9280000/19630921 (47.2724%)
entry 9286000/19630921 (47.3029%)
entry 9293000/19630921 (47.3386%)
entry 9297000/19630921 (47.359%)
entry 9299000/19630921 (47.3691%)
entry 9300000/19630921 (47.3742%)
entry 9301000/19630921 (47.3793%)
entry 9307000/19630921 (47.4099%)
entry 9309000/19630921 (47.4201%)
entry 9312000/19630921 (47.4354%)
entry 9314000/19630921 (47.4456%)
entry 9318000/19630921 (47.4659%)
entry 9320000/19630921 (47.4761%)
entry 9323000/19630921 (47.4914%)
entry 9335000/19630921 (47.5525%)
entry 9336000/19630921 (47.5576%)
entry 9339000/19630921 (47.5729%)
entry 9342000/19630921 (47.5882%)
entry 9370000/19630921 (47.7308%)
entry 9371000/19630921 (47.7359%)
entry 9372000/19630921 (47.741%)
entry 9375000/19630921 (47.7563%)
entry 9376000/19630921 (47.7614%)
entry 9382000/19630921 (47.792%)
entry 9383000/19630921 (47.797%)
entry 9384000/19630921 (47.8021%)
entry 9385000/19630921 (47.8072%)
entry 9387000/19630921 (47.8174%)
entry 9390000/19630921 (47.8327%)
entry 9391000/19630921 (47.8378%)
entry 9397000/19630921 (47.8684%)
entry 9404000/19630921 (47.904%)
entry 9405000/19630921 (47.9091%)
entry 9408000/19630921 (47.9244%)
entry 9410000/19630921 (47.9346%)
entry 9422000/19630921 (47.9957%)
entry 9426000/19630921 (48.0161%)
entry 9428000/19630921 (48.0263%)
entry 9433000/19630921 (48.0517%)
entry 9434000/19630921 (48.0568%)
entry 9441000/19630921 (48.0925%)
entry 9442000/19630921 (48.0976%)
entry 9444000/19630921 (48.1078%)
entry 9450000/19630921 (48.1383%)
entry 9456000/19630921 (48.1689%)
entry 9477000/19630921 (48.2759%)
entry 9478000/19630921 (48.281%)
entry 9487000/19630921 (48.3268%)
entry 9495000/19630921 (48.3676%)
entry 9496000/19630921 (48.3727%)
entry 9498000/19630921 (48.3829%)
entry 9502000/19630921 (48.4032%)
entry 9503000/19630921 (48.4083%)
entry 9509000/19630921 (48.4389%)
entry 9510000/19630921 (48.444%)
entry 9519000/19630921 (48.4898%)
entry 9520000/19630921 (48.4949%)
entry 9521000/19630921 (48.5%)
entry 9530000/19630921 (48.5459%)
entry 9533000/19630921 (48.5611%)
entry 9535000/19630921 (48.5713%)
entry 9536000/19630921 (48.5764%)
entry 9543000/19630921 (48.6121%)
entry 9556000/19630921 (48.6783%)
entry 9557000/19630921 (48.6834%)
entry 9564000/19630921 (48.7191%)
entry 9565000/19630921 (48.7242%)
entry 9566000/19630921 (48.7292%)
entry 9568000/19630921 (48.7394%)
entry 9569000/19630921 (48.7445%)
entry 9571000/19630921 (48.7547%)
entry 9575000/19630921 (48.7751%)
entry 9582000/19630921 (48.8108%)
entry 9584000/19630921 (48.8209%)
entry 9587000/19630921 (48.8362%)
entry 9588000/19630921 (48.8413%)
entry 9589000/19630921 (48.8464%)
entry 9590000/19630921 (48.8515%)
entry 9591000/19630921 (48.8566%)
entry 9592000/19630921 (48.8617%)
entry 9593000/19630921 (48.8668%)
entry 9596000/19630921 (48.8821%)
entry 9597000/19630921 (48.8872%)
entry 9598000/19630921 (48.8923%)
entry 9600000/19630921 (48.9024%)
entry 9604000/19630921 (48.9228%)
entry 9607000/19630921 (48.9381%)
entry 9609000/19630921 (48.9483%)
entry 9610000/19630921 (48.9534%)
entry 9614000/19630921 (48.9738%)
entry 9617000/19630921 (48.989%)
entry 9618000/19630921 (48.9941%)
entry 9619000/19630921 (48.9992%)
entry 9620000/19630921 (49.0043%)
entry 9621000/19630921 (49.0094%)
entry 9622000/19630921 (49.0145%)
entry 9633000/19630921 (49.0705%)
entry 9641000/19630921 (49.1113%)
entry 9642000/19630921 (49.1164%)
entry 9646000/19630921 (49.1368%)
entry 9647000/19630921 (49.1419%)
entry 9651000/19630921 (49.1622%)
entry 9652000/19630921 (49.1673%)
entry 9654000/19630921 (49.1775%)
entry 9656000/19630921 (49.1877%)
entry 9657000/19630921 (49.1928%)
entry 9666000/19630921 (49.2386%)
entry 9670000/19630921 (49.259%)
entry 9672000/19630921 (49.2692%)
entry 9673000/19630921 (49.2743%)
entry 9676000/19630921 (49.2896%)
entry 9677000/19630921 (49.2947%)
entry 9678000/19630921 (49.2998%)
entry 9679000/19630921 (49.3049%)
entry 9682000/19630921 (49.3202%)
entry 9685000/19630921 (49.3354%)
entry 9691000/19630921 (49.366%)
entry 9693000/19630921 (49.3762%)
entry 9695000/19630921 (49.3864%)
entry 9702000/19630921 (49.422%)
entry 9707000/19630921 (49.4475%)
entry 9711000/19630921 (49.4679%)
entry 9713000/19630921 (49.4781%)
entry 9716000/19630921 (49.4934%)
entry 9717000/19630921 (49.4984%)
entry 9719000/19630921 (49.5086%)
entry 9725000/19630921 (49.5392%)
entry 9730000/19630921 (49.5647%)
entry 9732000/19630921 (49.5749%)
entry 9733000/19630921 (49.5799%)
entry 9735000/19630921 (49.5901%)
entry 9739000/19630921 (49.6105%)
entry 9742000/19630921 (49.6258%)
entry 9749000/19630921 (49.6615%)
entry 9753000/19630921 (49.6818%)
entry 9756000/19630921 (49.6971%)
entry 9757000/19630921 (49.7022%)
entry 9760000/19630921 (49.7175%)
entry 9761000/19630921 (49.7226%)
entry 9762000/19630921 (49.7277%)
entry 9764000/19630921 (49.7379%)
entry 9766000/19630921 (49.7481%)
entry 9774000/19630921 (49.7888%)
entry 9775000/19630921 (49.7939%)
entry 9784000/19630921 (49.8397%)
entry 9786000/19630921 (49.8499%)
entry 9789000/19630921 (49.8652%)
entry 9790000/19630921 (49.8703%)
entry 9791000/19630921 (49.8754%)
entry 9799000/19630921 (49.9162%)
entry 9802000/19630921 (49.9314%)
entry 9803000/19630921 (49.9365%)
entry 9808000/19630921 (49.962%)
entry 9809000/19630921 (49.9671%)
entry 9811000/19630921 (49.9773%)
entry 9815000/19630921 (49.9977%)
entry 9818000/19630921 (50.0129%)
entry 9820000/19630921 (50.0231%)
entry 9822000/19630921 (50.0333%)
entry 9824000/19630921 (50.0435%)
entry 9825000/19630921 (50.0486%)
entry 9826000/19630921 (50.0537%)
entry 9827000/19630921 (50.0588%)
entry 9831000/19630921 (50.0792%)
entry 9833000/19630921 (50.0893%)
entry 9834000/19630921 (50.0944%)
entry 9838000/19630921 (50.1148%)
entry 9840000/19630921 (50.125%)
entry 9843000/19630921 (50.1403%)
entry 9847000/19630921 (50.1607%)
entry 9851000/19630921 (50.181%)
entry 9853000/19630921 (50.1912%)
entry 9861000/19630921 (50.232%)
entry 9863000/19630921 (50.2422%)
entry 9874000/19630921 (50.2982%)
entry 9879000/19630921 (50.3237%)
entry 9883000/19630921 (50.344%)
entry 9884000/19630921 (50.3491%)
entry 9885000/19630921 (50.3542%)
entry 9887000/19630921 (50.3644%)
entry 9900000/19630921 (50.4306%)
entry 9903000/19630921 (50.4459%)
entry 9904000/19630921 (50.451%)
entry 9906000/19630921 (50.4612%)
entry 9907000/19630921 (50.4663%)
entry 9916000/19630921 (50.5122%)
entry 9917000/19630921 (50.5172%)
entry 9920000/19630921 (50.5325%)
entry 9923000/19630921 (50.5478%)
entry 9927000/19630921 (50.5682%)
entry 9929000/19630921 (50.5784%)
entry 9930000/19630921 (50.5835%)
entry 9942000/19630921 (50.6446%)
entry 9945000/19630921 (50.6599%)
entry 9953000/19630921 (50.7006%)
entry 9954000/19630921 (50.7057%)
entry 9955000/19630921 (50.7108%)
entry 9959000/19630921 (50.7312%)
entry 9962000/19630921 (50.7465%)
entry 9977000/19630921 (50.8229%)
entry 9979000/19630921 (50.8331%)
entry 9982000/19630921 (50.8484%)
entry 9983000/19630921 (50.8534%)
entry 9984000/19630921 (50.8585%)
entry 9985000/19630921 (50.8636%)
entry 10002000/19630921 (50.9502%)
entry 10005000/19630921 (50.9655%)
entry 10006000/19630921 (50.9706%)
entry 10007000/19630921 (50.9757%)
entry 10011000/19630921 (50.9961%)
entry 10013000/19630921 (51.0063%)
entry 10014000/19630921 (51.0114%)
entry 10023000/19630921 (51.0572%)
entry 10027000/19630921 (51.0776%)
entry 10028000/19630921 (51.0827%)
entry 10034000/19630921 (51.1132%)
entry 10035000/19630921 (51.1183%)
entry 10041000/19630921 (51.1489%)
entry 10042000/19630921 (51.154%)
entry 10046000/19630921 (51.1744%)
entry 10050000/19630921 (51.1947%)
entry 10053000/19630921 (51.21%)
entry 10055000/19630921 (51.2202%)
entry 10058000/19630921 (51.2355%)
entry 10060000/19630921 (51.2457%)
entry 10063000/19630921 (51.261%)
entry 10066000/19630921 (51.2763%)
entry 10067000/19630921 (51.2813%)
entry 10069000/19630921 (51.2915%)
entry 10071000/19630921 (51.3017%)
entry 10073000/19630921 (51.3119%)
entry 10075000/19630921 (51.3221%)
entry 10085000/19630921 (51.373%)
entry 10090000/19630921 (51.3985%)
entry 10091000/19630921 (51.4036%)
entry 10094000/19630921 (51.4189%)
entry 10100000/19630921 (51.4494%)
entry 10112000/19630921 (51.5106%)
entry 10113000/19630921 (51.5157%)
entry 10116000/19630921 (51.531%)
entry 10119000/19630921 (51.5462%)
entry 10120000/19630921 (51.5513%)
entry 10125000/19630921 (51.5768%)
entry 10129000/19630921 (51.5972%)
entry 10130000/19630921 (51.6023%)
entry 10131000/19630921 (51.6074%)
entry 10135000/19630921 (51.6277%)
entry 10142000/19630921 (51.6634%)
entry 10146000/19630921 (51.6838%)
entry 10148000/19630921 (51.694%)
entry 10153000/19630921 (51.7194%)
entry 10154000/19630921 (51.7245%)
entry 10156000/19630921 (51.7347%)
entry 10158000/19630921 (51.7449%)
entry 10161000/19630921 (51.7602%)
entry 10163000/19630921 (51.7704%)
entry 10166000/19630921 (51.7857%)
entry 10168000/19630921 (51.7958%)
entry 10169000/19630921 (51.8009%)
entry 10176000/19630921 (51.8366%)
entry 10180000/19630921 (51.857%)
entry 10183000/19630921 (51.8723%)
entry 10186000/19630921 (51.8875%)
entry 10193000/19630921 (51.9232%)
entry 10197000/19630921 (51.9436%)
entry 10199000/19630921 (51.9538%)
entry 10203000/19630921 (51.9741%)
entry 10206000/19630921 (51.9894%)
entry 10208000/19630921 (51.9996%)
entry 10216000/19630921 (52.0404%)
entry 10217000/19630921 (52.0454%)
entry 10219000/19630921 (52.0556%)
entry 10223000/19630921 (52.076%)
entry 10224000/19630921 (52.0811%)
entry 10225000/19630921 (52.0862%)
entry 10228000/19630921 (52.1015%)
entry 10236000/19630921 (52.1422%)
entry 10244000/19630921 (52.183%)
entry 10245000/19630921 (52.1881%)
entry 10246000/19630921 (52.1932%)
entry 10249000/19630921 (52.2085%)
entry 10250000/19630921 (52.2135%)
entry 10258000/19630921 (52.2543%)
entry 10263000/19630921 (52.2798%)
entry 10268000/19630921 (52.3052%)
entry 10269000/19630921 (52.3103%)
entry 10271000/19630921 (52.3205%)
entry 10275000/19630921 (52.3409%)
entry 10277000/19630921 (52.3511%)
entry 10278000/19630921 (52.3562%)
entry 10290000/19630921 (52.4173%)
entry 10294000/19630921 (52.4377%)
entry 10295000/19630921 (52.4428%)
entry 10296000/19630921 (52.4479%)
entry 10299000/19630921 (52.4632%)
entry 10300000/19630921 (52.4682%)
entry 10304000/19630921 (52.4886%)
entry 10306000/19630921 (52.4988%)
entry 10307000/19630921 (52.5039%)
entry 10310000/19630921 (52.5192%)
entry 10312000/19630921 (52.5294%)
entry 10314000/19630921 (52.5396%)
entry 10317000/19630921 (52.5548%)
entry 10318000/19630921 (52.5599%)
entry 10320000/19630921 (52.5701%)
entry 10325000/19630921 (52.5956%)
entry 10328000/19630921 (52.6109%)
entry 10329000/19630921 (52.616%)
entry 10330000/19630921 (52.6211%)
entry 10335000/19630921 (52.6465%)
entry 10336000/19630921 (52.6516%)
entry 10340000/19630921 (52.672%)
entry 10343000/19630921 (52.6873%)
entry 10347000/19630921 (52.7077%)
entry 10352000/19630921 (52.7331%)
entry 10360000/19630921 (52.7739%)
entry 10365000/19630921 (52.7994%)
entry 10371000/19630921 (52.8299%)
entry 10372000/19630921 (52.835%)
entry 10374000/19630921 (52.8452%)
entry 10376000/19630921 (52.8554%)
entry 10377000/19630921 (52.8605%)
entry 10380000/19630921 (52.8758%)
entry 10381000/19630921 (52.8809%)
entry 10383000/19630921 (52.8911%)
entry 10387000/19630921 (52.9114%)
entry 10388000/19630921 (52.9165%)
entry 10391000/19630921 (52.9318%)
entry 10394000/19630921 (52.9471%)
entry 10399000/19630921 (52.9726%)
entry 10403000/19630921 (52.9929%)
entry 10404000/19630921 (52.998%)
entry 10406000/19630921 (53.0082%)
entry 10411000/19630921 (53.0337%)
entry 10413000/19630921 (53.0439%)
entry 10416000/19630921 (53.0592%)
entry 10419000/19630921 (53.0744%)
entry 10433000/19630921 (53.1458%)
entry 10446000/19630921 (53.212%)
entry 10449000/19630921 (53.2273%)
entry 10451000/19630921 (53.2374%)
entry 10455000/19630921 (53.2578%)
entry 10458000/19630921 (53.2731%)
entry 10461000/19630921 (53.2884%)
entry 10464000/19630921 (53.3037%)
entry 10467000/19630921 (53.3189%)
entry 10469000/19630921 (53.3291%)
entry 10471000/19630921 (53.3393%)
entry 10472000/19630921 (53.3444%)
entry 10483000/19630921 (53.4005%)
entry 10484000/19630921 (53.4055%)
entry 10489000/19630921 (53.431%)
entry 10491000/19630921 (53.4412%)
entry 10494000/19630921 (53.4565%)
entry 10495000/19630921 (53.4616%)
entry 10496000/19630921 (53.4667%)
entry 10497000/19630921 (53.4718%)
entry 10499000/19630921 (53.482%)
entry 10501000/19630921 (53.4921%)
entry 10502000/19630921 (53.4972%)
entry 10504000/19630921 (53.5074%)
entry 10508000/19630921 (53.5278%)
entry 10509000/19630921 (53.5329%)
entry 10512000/19630921 (53.5482%)
entry 10517000/19630921 (53.5737%)
entry 10526000/19630921 (53.6195%)
entry 10527000/19630921 (53.6246%)
entry 10531000/19630921 (53.645%)
entry 10535000/19630921 (53.6653%)
entry 10536000/19630921 (53.6704%)
entry 10538000/19630921 (53.6806%)
entry 10540000/19630921 (53.6908%)
entry 10542000/19630921 (53.701%)
entry 10546000/19630921 (53.7214%)
entry 10552000/19630921 (53.7519%)
entry 10554000/19630921 (53.7621%)
entry 10558000/19630921 (53.7825%)
entry 10560000/19630921 (53.7927%)
entry 10561000/19630921 (53.7978%)
entry 10564000/19630921 (53.8131%)
entry 10565000/19630921 (53.8182%)
entry 10571000/19630921 (53.8487%)
entry 10573000/19630921 (53.8589%)
entry 10578000/19630921 (53.8844%)
entry 10583000/19630921 (53.9099%)
entry 10591000/19630921 (53.9506%)
entry 10596000/19630921 (53.9761%)
entry 10597000/19630921 (53.9812%)
entry 10600000/19630921 (53.9964%)
entry 10603000/19630921 (54.0117%)
entry 10607000/19630921 (54.0321%)
entry 10610000/19630921 (54.0474%)
entry 10611000/19630921 (54.0525%)
entry 10612000/19630921 (54.0576%)
entry 10616000/19630921 (54.078%)
entry 10629000/19630921 (54.1442%)
entry 10634000/19630921 (54.1696%)
entry 10637000/19630921 (54.1849%)
entry 10641000/19630921 (54.2053%)
entry 10642000/19630921 (54.2104%)
entry 10643000/19630921 (54.2155%)
entry 10644000/19630921 (54.2206%)
entry 10645000/19630921 (54.2257%)
entry 10646000/19630921 (54.2308%)
entry 10654000/19630921 (54.2715%)
entry 10656000/19630921 (54.2817%)
entry 10657000/19630921 (54.2868%)
entry 10660000/19630921 (54.3021%)
entry 10663000/19630921 (54.3174%)
entry 10664000/19630921 (54.3225%)
entry 10667000/19630921 (54.3377%)
entry 10670000/19630921 (54.353%)
entry 10679000/19630921 (54.3989%)
entry 10681000/19630921 (54.4091%)
entry 10682000/19630921 (54.4142%)
entry 10684000/19630921 (54.4243%)
entry 10687000/19630921 (54.4396%)
entry 10688000/19630921 (54.4447%)
entry 10690000/19630921 (54.4549%)
entry 10691000/19630921 (54.46%)
entry 10692000/19630921 (54.4651%)
entry 10693000/19630921 (54.4702%)
entry 10698000/19630921 (54.4957%)
entry 10710000/19630921 (54.5568%)
entry 10714000/19630921 (54.5772%)
entry 10715000/19630921 (54.5823%)
entry 10724000/19630921 (54.6281%)
entry 10726000/19630921 (54.6383%)
entry 10727000/19630921 (54.6434%)
entry 10733000/19630921 (54.674%)
entry 10736000/19630921 (54.6892%)
entry 10739000/19630921 (54.7045%)
entry 10744000/19630921 (54.73%)
entry 10756000/19630921 (54.7911%)
entry 10762000/19630921 (54.8217%)
entry 10763000/19630921 (54.8268%)
entry 10766000/19630921 (54.8421%)
entry 10769000/19630921 (54.8573%)
entry 10771000/19630921 (54.8675%)
entry 10780000/19630921 (54.9134%)
entry 10789000/19630921 (54.9592%)
entry 10790000/19630921 (54.9643%)
entry 10802000/19630921 (55.0254%)
entry 10803000/19630921 (55.0305%)
entry 10804000/19630921 (55.0356%)
entry 10809000/19630921 (55.0611%)
entry 10810000/19630921 (55.0662%)
entry 10811000/19630921 (55.0713%)
entry 10822000/19630921 (55.1273%)
entry 10823000/19630921 (55.1324%)
entry 10824000/19630921 (55.1375%)
entry 10828000/19630921 (55.1579%)
entry 10832000/19630921 (55.1783%)
entry 10833000/19630921 (55.1834%)
entry 10837000/19630921 (55.2037%)
entry 10838000/19630921 (55.2088%)
entry 10840000/19630921 (55.219%)
entry 10841000/19630921 (55.2241%)
entry 10842000/19630921 (55.2292%)
entry 10844000/19630921 (55.2394%)
entry 10846000/19630921 (55.2496%)
entry 10852000/19630921 (55.2801%)
entry 10853000/19630921 (55.2852%)
entry 10854000/19630921 (55.2903%)
entry 10856000/19630921 (55.3005%)
entry 10857000/19630921 (55.3056%)
entry 10860000/19630921 (55.3209%)
entry 10861000/19630921 (55.326%)
entry 10870000/19630921 (55.3718%)
entry 10872000/19630921 (55.382%)
entry 10873000/19630921 (55.3871%)
entry 10880000/19630921 (55.4228%)
entry 10882000/19630921 (55.433%)
entry 10887000/19630921 (55.4584%)
entry 10890000/19630921 (55.4737%)
entry 10894000/19630921 (55.4941%)
entry 10895000/19630921 (55.4992%)
entry 10899000/19630921 (55.5196%)
entry 10904000/19630921 (55.545%)
entry 10905000/19630921 (55.5501%)
entry 10907000/19630921 (55.5603%)
entry 10911000/19630921 (55.5807%)
entry 10915000/19630921 (55.6011%)
entry 10916000/19630921 (55.6062%)
entry 10926000/19630921 (55.6571%)
entry 10927000/19630921 (55.6622%)
entry 10930000/19630921 (55.6775%)
entry 10936000/19630921 (55.708%)
entry 10939000/19630921 (55.7233%)
entry 10940000/19630921 (55.7284%)
entry 10944000/19630921 (55.7488%)
entry 10945000/19630921 (55.7539%)
entry 10946000/19630921 (55.759%)
entry 10948000/19630921 (55.7692%)
entry 10949000/19630921 (55.7743%)
entry 10956000/19630921 (55.8099%)
entry 10959000/19630921 (55.8252%)
entry 10963000/19630921 (55.8456%)
entry 10965000/19630921 (55.8558%)
entry 10972000/19630921 (55.8914%)
entry 10977000/19630921 (55.9169%)
entry 10979000/19630921 (55.9271%)
entry 10982000/19630921 (55.9424%)
entry 10983000/19630921 (55.9475%)
entry 10986000/19630921 (55.9627%)
entry 10992000/19630921 (55.9933%)
entry 10993000/19630921 (55.9984%)
entry 10995000/19630921 (56.0086%)
entry 10998000/19630921 (56.0239%)
entry 11000000/19630921 (56.0341%)
entry 11002000/19630921 (56.0442%)
entry 11003000/19630921 (56.0493%)
entry 11004000/19630921 (56.0544%)
entry 11005000/19630921 (56.0595%)
entry 11006000/19630921 (56.0646%)
entry 11017000/19630921 (56.1207%)
entry 11025000/19630921 (56.1614%)
entry 11030000/19630921 (56.1869%)
entry 11031000/19630921 (56.192%)
entry 11032000/19630921 (56.1971%)
entry 11035000/19630921 (56.2123%)
entry 11037000/19630921 (56.2225%)
entry 11041000/19630921 (56.2429%)
entry 11043000/19630921 (56.2531%)
entry 11045000/19630921 (56.2633%)
entry 11053000/19630921 (56.304%)
entry 11055000/19630921 (56.3142%)
entry 11058000/19630921 (56.3295%)
entry 11064000/19630921 (56.3601%)
entry 11065000/19630921 (56.3652%)
entry 11067000/19630921 (56.3753%)
entry 11070000/19630921 (56.3906%)
entry 11072000/19630921 (56.4008%)
entry 11076000/19630921 (56.4212%)
entry 11077000/19630921 (56.4263%)
entry 11090000/19630921 (56.4925%)
entry 11091000/19630921 (56.4976%)
entry 11102000/19630921 (56.5536%)
entry 11104000/19630921 (56.5638%)
entry 11106000/19630921 (56.574%)
entry 11107000/19630921 (56.5791%)
entry 11111000/19630921 (56.5995%)
entry 11113000/19630921 (56.6097%)
entry 11116000/19630921 (56.625%)
entry 11117000/19630921 (56.6301%)
entry 11126000/19630921 (56.6759%)
entry 11129000/19630921 (56.6912%)
entry 11132000/19630921 (56.7065%)
entry 11134000/19630921 (56.7167%)
entry 11135000/19630921 (56.7217%)
entry 11136000/19630921 (56.7268%)
entry 11139000/19630921 (56.7421%)
entry 11144000/19630921 (56.7676%)
entry 11145000/19630921 (56.7727%)
entry 11147000/19630921 (56.7829%)
entry 11149000/19630921 (56.7931%)
entry 11150000/19630921 (56.7982%)
entry 11152000/19630921 (56.8083%)
entry 11155000/19630921 (56.8236%)
entry 11156000/19630921 (56.8287%)
entry 11158000/19630921 (56.8389%)
entry 11160000/19630921 (56.8491%)
entry 11161000/19630921 (56.8542%)
entry 11166000/19630921 (56.8797%)
entry 11171000/19630921 (56.9051%)
entry 11178000/19630921 (56.9408%)
entry 11179000/19630921 (56.9459%)
entry 11190000/19630921 (57.0019%)
entry 11191000/19630921 (57.007%)
entry 11192000/19630921 (57.0121%)
entry 11194000/19630921 (57.0223%)
entry 11203000/19630921 (57.0681%)
entry 11204000/19630921 (57.0732%)
entry 11205000/19630921 (57.0783%)
entry 11207000/19630921 (57.0885%)
entry 11210000/19630921 (57.1038%)
entry 11214000/19630921 (57.1242%)
entry 11219000/19630921 (57.1496%)
entry 11229000/19630921 (57.2006%)
entry 11232000/19630921 (57.2159%)
entry 11237000/19630921 (57.2413%)
entry 11240000/19630921 (57.2566%)
entry 11241000/19630921 (57.2617%)
entry 11242000/19630921 (57.2668%)
entry 11244000/19630921 (57.277%)
entry 11246000/19630921 (57.2872%)
entry 11252000/19630921 (57.3177%)
entry 11259000/19630921 (57.3534%)
entry 11269000/19630921 (57.4043%)
entry 11275000/19630921 (57.4349%)
entry 11277000/19630921 (57.4451%)
entry 11279000/19630921 (57.4553%)
entry 11280000/19630921 (57.4604%)
entry 11281000/19630921 (57.4655%)
entry 11282000/19630921 (57.4706%)
entry 11285000/19630921 (57.4858%)
entry 11293000/19630921 (57.5266%)
entry 11294000/19630921 (57.5317%)
entry 11295000/19630921 (57.5368%)
entry 11296000/19630921 (57.5419%)
entry 11300000/19630921 (57.5623%)
entry 11303000/19630921 (57.5775%)
entry 11305000/19630921 (57.5877%)
entry 11308000/19630921 (57.603%)
entry 11312000/19630921 (57.6234%)
entry 11313000/19630921 (57.6285%)
entry 11317000/19630921 (57.6488%)
entry 11320000/19630921 (57.6641%)
entry 11324000/19630921 (57.6845%)
entry 11325000/19630921 (57.6896%)
entry 11327000/19630921 (57.6998%)
entry 11332000/19630921 (57.7253%)
entry 11334000/19630921 (57.7354%)
entry 11336000/19630921 (57.7456%)
entry 11338000/19630921 (57.7558%)
entry 11342000/19630921 (57.7762%)
entry 11347000/19630921 (57.8017%)
entry 11350000/19630921 (57.817%)
entry 11351000/19630921 (57.822%)
entry 11353000/19630921 (57.8322%)
entry 11357000/19630921 (57.8526%)
entry 11364000/19630921 (57.8883%)
entry 11365000/19630921 (57.8934%)
entry 11368000/19630921 (57.9086%)
entry 11375000/19630921 (57.9443%)
entry 11377000/19630921 (57.9545%)
entry 11378000/19630921 (57.9596%)
entry 11382000/19630921 (57.98%)
entry 11386000/19630921 (58.0003%)
entry 11387000/19630921 (58.0054%)
entry 11388000/19630921 (58.0105%)
entry 11390000/19630921 (58.0207%)
entry 11396000/19630921 (58.0513%)
entry 11398000/19630921 (58.0615%)
entry 11409000/19630921 (58.1175%)
entry 11411000/19630921 (58.1277%)
entry 11414000/19630921 (58.143%)
entry 11418000/19630921 (58.1633%)
entry 11422000/19630921 (58.1837%)
entry 11425000/19630921 (58.199%)
entry 11428000/19630921 (58.2143%)
entry 11435000/19630921 (58.2499%)
entry 11444000/19630921 (58.2958%)
entry 11447000/19630921 (58.3111%)
entry 11450000/19630921 (58.3264%)
entry 11459000/19630921 (58.3722%)
entry 11460000/19630921 (58.3773%)
entry 11469000/19630921 (58.4231%)
entry 11475000/19630921 (58.4537%)
entry 11477000/19630921 (58.4639%)
entry 11480000/19630921 (58.4792%)
entry 11481000/19630921 (58.4843%)
entry 11483000/19630921 (58.4945%)
entry 11486000/19630921 (58.5097%)
entry 11491000/19630921 (58.5352%)
entry 11496000/19630921 (58.5607%)
entry 11499000/19630921 (58.576%)
entry 11506000/19630921 (58.6116%)
entry 11508000/19630921 (58.6218%)
entry 11511000/19630921 (58.6371%)
entry 11514000/19630921 (58.6524%)
entry 11515000/19630921 (58.6575%)
entry 11516000/19630921 (58.6626%)
entry 11518000/19630921 (58.6727%)
entry 11519000/19630921 (58.6778%)
entry 11523000/19630921 (58.6982%)
entry 11525000/19630921 (58.7084%)
entry 11526000/19630921 (58.7135%)
entry 11530000/19630921 (58.7339%)
entry 11537000/19630921 (58.7695%)
entry 11541000/19630921 (58.7899%)
entry 11542000/19630921 (58.795%)
entry 11545000/19630921 (58.8103%)
entry 11546000/19630921 (58.8154%)
entry 11547000/19630921 (58.8205%)
entry 11548000/19630921 (58.8256%)
entry 11553000/19630921 (58.851%)
entry 11555000/19630921 (58.8612%)
entry 11558000/19630921 (58.8765%)
entry 11563000/19630921 (58.902%)
entry 11564000/19630921 (58.9071%)
entry 11565000/19630921 (58.9122%)
entry 11566000/19630921 (58.9173%)
entry 11569000/19630921 (58.9325%)
entry 11575000/19630921 (58.9631%)
entry 11578000/19630921 (58.9784%)
entry 11588000/19630921 (59.0293%)
entry 11601000/19630921 (59.0955%)
entry 11606000/19630921 (59.121%)
entry 11607000/19630921 (59.1261%)
entry 11611000/19630921 (59.1465%)
entry 11613000/19630921 (59.1567%)
entry 11616000/19630921 (59.172%)
entry 11618000/19630921 (59.1821%)
entry 11622000/19630921 (59.2025%)
entry 11623000/19630921 (59.2076%)
entry 11629000/19630921 (59.2382%)
entry 11630000/19630921 (59.2433%)
entry 11638000/19630921 (59.284%)
entry 11641000/19630921 (59.2993%)
entry 11642000/19630921 (59.3044%)
entry 11658000/19630921 (59.3859%)
entry 11659000/19630921 (59.391%)
entry 11663000/19630921 (59.4114%)
entry 11668000/19630921 (59.4368%)
entry 11669000/19630921 (59.4419%)
entry 11672000/19630921 (59.4572%)
entry 11675000/19630921 (59.4725%)
entry 11678000/19630921 (59.4878%)
entry 11685000/19630921 (59.5234%)
entry 11687000/19630921 (59.5336%)
entry 11689000/19630921 (59.5438%)
entry 11691000/19630921 (59.554%)
entry 11692000/19630921 (59.5591%)
entry 11693000/19630921 (59.5642%)
entry 11697000/19630921 (59.5846%)
entry 11699000/19630921 (59.5948%)
entry 11700000/19630921 (59.5999%)
entry 11702000/19630921 (59.61%)
entry 11705000/19630921 (59.6253%)
entry 11706000/19630921 (59.6304%)
entry 11711000/19630921 (59.6559%)
entry 11716000/19630921 (59.6814%)
entry 11717000/19630921 (59.6865%)
entry 11718000/19630921 (59.6915%)
entry 11719000/19630921 (59.6966%)
entry 11720000/19630921 (59.7017%)
entry 11721000/19630921 (59.7068%)
entry 11723000/19630921 (59.717%)
entry 11726000/19630921 (59.7323%)
entry 11731000/19630921 (59.7578%)
entry 11732000/19630921 (59.7629%)
entry 11744000/19630921 (59.824%)
entry 11746000/19630921 (59.8342%)
entry 11748000/19630921 (59.8444%)
entry 11751000/19630921 (59.8597%)
entry 11752000/19630921 (59.8647%)
entry 11755000/19630921 (59.88%)
entry 11758000/19630921 (59.8953%)
entry 11761000/19630921 (59.9106%)
entry 11762000/19630921 (59.9157%)
entry 11763000/19630921 (59.9208%)
entry 11764000/19630921 (59.9259%)
entry 11768000/19630921 (59.9463%)
entry 11771000/19630921 (59.9615%)
entry 11772000/19630921 (59.9666%)
entry 11782000/19630921 (60.0176%)
entry 11786000/19630921 (60.0379%)
entry 11791000/19630921 (60.0634%)
entry 11792000/19630921 (60.0685%)
entry 11812000/19630921 (60.1704%)
entry 11815000/19630921 (60.1857%)
entry 11818000/19630921 (60.2009%)
entry 11819000/19630921 (60.206%)
entry 11821000/19630921 (60.2162%)
entry 11822000/19630921 (60.2213%)
entry 11825000/19630921 (60.2366%)
entry 11828000/19630921 (60.2519%)
entry 11833000/19630921 (60.2774%)
entry 11837000/19630921 (60.2977%)
entry 11843000/19630921 (60.3283%)
entry 11848000/19630921 (60.3538%)
entry 11851000/19630921 (60.3691%)
entry 11852000/19630921 (60.3741%)
entry 11855000/19630921 (60.3894%)
entry 11864000/19630921 (60.4353%)
entry 11867000/19630921 (60.4506%)
entry 11874000/19630921 (60.4862%)
entry 11877000/19630921 (60.5015%)
entry 11878000/19630921 (60.5066%)
entry 11880000/19630921 (60.5168%)
entry 11885000/19630921 (60.5422%)
entry 11887000/19630921 (60.5524%)
entry 11891000/19630921 (60.5728%)
entry 11894000/19630921 (60.5881%)
entry 11900000/19630921 (60.6187%)
entry 11904000/19630921 (60.639%)
entry 11906000/19630921 (60.6492%)
entry 11909000/19630921 (60.6645%)
entry 11911000/19630921 (60.6747%)
entry 11913000/19630921 (60.6849%)
entry 11917000/19630921 (60.7053%)
entry 11922000/19630921 (60.7307%)
entry 11927000/19630921 (60.7562%)
entry 11935000/19630921 (60.7969%)
entry 11945000/19630921 (60.8479%)
entry 11951000/19630921 (60.8784%)
entry 11952000/19630921 (60.8835%)
entry 11953000/19630921 (60.8886%)
entry 11956000/19630921 (60.9039%)
entry 11961000/19630921 (60.9294%)
entry 11964000/19630921 (60.9447%)
entry 11965000/19630921 (60.9498%)
entry 11967000/19630921 (60.96%)
entry 11972000/19630921 (60.9854%)
entry 11977000/19630921 (61.0109%)
entry 11985000/19630921 (61.0516%)
entry 11996000/19630921 (61.1077%)
entry 11997000/19630921 (61.1128%)
entry 11998000/19630921 (61.1179%)
entry 11999000/19630921 (61.123%)
entry 12001000/19630921 (61.1332%)
entry 12007000/19630921 (61.1637%)
entry 12015000/19630921 (61.2045%)
entry 12016000/19630921 (61.2096%)
entry 12017000/19630921 (61.2147%)
entry 12020000/19630921 (61.2299%)
entry 12021000/19630921 (61.235%)
entry 12029000/19630921 (61.2758%)
entry 12031000/19630921 (61.286%)
entry 12033000/19630921 (61.2962%)
entry 12035000/19630921 (61.3063%)
entry 12036000/19630921 (61.3114%)
entry 12039000/19630921 (61.3267%)
entry 12040000/19630921 (61.3318%)
entry 12053000/19630921 (61.398%)
entry 12063000/19630921 (61.449%)
entry 12064000/19630921 (61.4541%)
entry 12067000/19630921 (61.4694%)
entry 12072000/19630921 (61.4948%)
entry 12079000/19630921 (61.5305%)
entry 12080000/19630921 (61.5356%)
entry 12081000/19630921 (61.5407%)
entry 12094000/19630921 (61.6069%)
entry 12098000/19630921 (61.6273%)
entry 12104000/19630921 (61.6578%)
entry 12113000/19630921 (61.7037%)
entry 12114000/19630921 (61.7088%)
entry 12115000/19630921 (61.7139%)
entry 12116000/19630921 (61.719%)
entry 12117000/19630921 (61.7241%)
entry 12118000/19630921 (61.7292%)
entry 12134000/19630921 (61.8107%)
entry 12143000/19630921 (61.8565%)
entry 12144000/19630921 (61.8616%)
entry 12145000/19630921 (61.8667%)
entry 12150000/19630921 (61.8922%)
entry 12151000/19630921 (61.8973%)
entry 12152000/19630921 (61.9023%)
entry 12155000/19630921 (61.9176%)
entry 12157000/19630921 (61.9278%)
entry 12163000/19630921 (61.9584%)
entry 12172000/19630921 (62.0042%)
entry 12174000/19630921 (62.0144%)
entry 12175000/19630921 (62.0195%)
entry 12180000/19630921 (62.045%)
entry 12186000/19630921 (62.0755%)
entry 12188000/19630921 (62.0857%)
entry 12192000/19630921 (62.1061%)
entry 12196000/19630921 (62.1265%)
entry 12201000/19630921 (62.152%)
entry 12207000/19630921 (62.1825%)
entry 12208000/19630921 (62.1876%)
entry 12213000/19630921 (62.2131%)
entry 12223000/19630921 (62.264%)
entry 12226000/19630921 (62.2793%)
entry 12234000/19630921 (62.3201%)
entry 12236000/19630921 (62.3302%)
entry 12237000/19630921 (62.3353%)
entry 12238000/19630921 (62.3404%)
entry 12239000/19630921 (62.3455%)
entry 12241000/19630921 (62.3557%)
entry 12250000/19630921 (62.4016%)
entry 12255000/19630921 (62.427%)
entry 12257000/19630921 (62.4372%)
entry 12258000/19630921 (62.4423%)
entry 12263000/19630921 (62.4678%)
entry 12275000/19630921 (62.5289%)
entry 12283000/19630921 (62.5697%)
entry 12285000/19630921 (62.5798%)
entry 12290000/19630921 (62.6053%)
entry 12295000/19630921 (62.6308%)
entry 12300000/19630921 (62.6563%)
entry 12301000/19630921 (62.6613%)
entry 12302000/19630921 (62.6664%)
entry 12312000/19630921 (62.7174%)
entry 12313000/19630921 (62.7225%)
entry 12323000/19630921 (62.7734%)
entry 12330000/19630921 (62.8091%)
entry 12335000/19630921 (62.8345%)
entry 12338000/19630921 (62.8498%)
entry 12342000/19630921 (62.8702%)
entry 12345000/19630921 (62.8855%)
entry 12364000/19630921 (62.9823%)
entry 12370000/19630921 (63.0128%)
entry 12376000/19630921 (63.0434%)
entry 12377000/19630921 (63.0485%)
entry 12379000/19630921 (63.0587%)
entry 12382000/19630921 (63.074%)
entry 12384000/19630921 (63.0842%)
entry 12385000/19630921 (63.0893%)
entry 12397000/19630921 (63.1504%)
entry 12398000/19630921 (63.1555%)
entry 12400000/19630921 (63.1657%)
entry 12403000/19630921 (63.1809%)
entry 12405000/19630921 (63.1911%)
entry 12406000/19630921 (63.1962%)
entry 12407000/19630921 (63.2013%)
entry 12409000/19630921 (63.2115%)
entry 12411000/19630921 (63.2217%)
entry 12414000/19630921 (63.237%)
entry 12415000/19630921 (63.2421%)
entry 12420000/19630921 (63.2675%)
entry 12421000/19630921 (63.2726%)
entry 12425000/19630921 (63.293%)
entry 12429000/19630921 (63.3134%)
entry 12433000/19630921 (63.3338%)
entry 12434000/19630921 (63.3389%)
entry 12438000/19630921 (63.3592%)
entry 12439000/19630921 (63.3643%)
entry 12443000/19630921 (63.3847%)
entry 12452000/19630921 (63.4305%)
entry 12453000/19630921 (63.4356%)
entry 12461000/19630921 (63.4764%)
entry 12462000/19630921 (63.4815%)
entry 12469000/19630921 (63.5171%)
entry 12478000/19630921 (63.563%)
entry 12479000/19630921 (63.5681%)
entry 12482000/19630921 (63.5834%)
entry 12485000/19630921 (63.5987%)
entry 12488000/19630921 (63.6139%)
entry 12490000/19630921 (63.6241%)
entry 12492000/19630921 (63.6343%)
entry 12495000/19630921 (63.6496%)
entry 12496000/19630921 (63.6547%)
entry 12497000/19630921 (63.6598%)
entry 12502000/19630921 (63.6853%)
entry 12515000/19630921 (63.7515%)
entry 12517000/19630921 (63.7617%)
entry 12530000/19630921 (63.8279%)
entry 12535000/19630921 (63.8533%)
entry 12539000/19630921 (63.8737%)
entry 12543000/19630921 (63.8941%)
entry 12545000/19630921 (63.9043%)
entry 12549000/19630921 (63.9247%)
entry 12555000/19630921 (63.9552%)
entry 12561000/19630921 (63.9858%)
entry 12562000/19630921 (63.9909%)
entry 12580000/19630921 (64.0826%)
entry 12581000/19630921 (64.0877%)
entry 12583000/19630921 (64.0979%)
entry 12590000/19630921 (64.1335%)
entry 12592000/19630921 (64.1437%)
entry 12594000/19630921 (64.1539%)
entry 12595000/19630921 (64.159%)
entry 12601000/19630921 (64.1896%)
entry 12604000/19630921 (64.2048%)
entry 12611000/19630921 (64.2405%)
entry 12616000/19630921 (64.266%)
entry 12618000/19630921 (64.2762%)
entry 12622000/19630921 (64.2965%)
entry 12624000/19630921 (64.3067%)
entry 12632000/19630921 (64.3475%)
entry 12633000/19630921 (64.3526%)
entry 12636000/19630921 (64.3678%)
entry 12641000/19630921 (64.3933%)
entry 12643000/19630921 (64.4035%)
entry 12645000/19630921 (64.4137%)
entry 12646000/19630921 (64.4188%)
entry 12648000/19630921 (64.429%)
entry 12657000/19630921 (64.4748%)
entry 12662000/19630921 (64.5003%)
entry 12663000/19630921 (64.5054%)
entry 12667000/19630921 (64.5258%)
entry 12671000/19630921 (64.5461%)
entry 12675000/19630921 (64.5665%)
entry 12677000/19630921 (64.5767%)
entry 12686000/19630921 (64.6225%)
entry 12687000/19630921 (64.6276%)
entry 12689000/19630921 (64.6378%)
entry 12690000/19630921 (64.6429%)
entry 12701000/19630921 (64.699%)
entry 12706000/19630921 (64.7244%)
entry 12707000/19630921 (64.7295%)
entry 12708000/19630921 (64.7346%)
entry 12711000/19630921 (64.7499%)
entry 12716000/19630921 (64.7754%)
entry 12719000/19630921 (64.7906%)
entry 12723000/19630921 (64.811%)
entry 12724000/19630921 (64.8161%)
entry 12726000/19630921 (64.8263%)
entry 12729000/19630921 (64.8416%)
entry 12731000/19630921 (64.8518%)
entry 12736000/19630921 (64.8772%)
entry 12749000/19630921 (64.9435%)
entry 12752000/19630921 (64.9588%)
entry 12759000/19630921 (64.9944%)
entry 12760000/19630921 (64.9995%)
entry 12764000/19630921 (65.0199%)
entry 12780000/19630921 (65.1014%)
entry 12783000/19630921 (65.1167%)
entry 12788000/19630921 (65.1421%)
entry 12792000/19630921 (65.1625%)
entry 12794000/19630921 (65.1727%)
entry 12810000/19630921 (65.2542%)
entry 12812000/19630921 (65.2644%)
entry 12815000/19630921 (65.2797%)
entry 12819000/19630921 (65.3%)
entry 12820000/19630921 (65.3051%)
entry 12824000/19630921 (65.3255%)
entry 12830000/19630921 (65.3561%)
entry 12831000/19630921 (65.3612%)
entry 12837000/19630921 (65.3917%)
entry 12847000/19630921 (65.4427%)
entry 12851000/19630921 (65.4631%)
entry 12852000/19630921 (65.4682%)
entry 12861000/19630921 (65.514%)
entry 12864000/19630921 (65.5293%)
entry 12867000/19630921 (65.5446%)
entry 12869000/19630921 (65.5547%)
entry 12876000/19630921 (65.5904%)
entry 12885000/19630921 (65.6363%)
entry 12889000/19630921 (65.6566%)
entry 12893000/19630921 (65.677%)
entry 12894000/19630921 (65.6821%)
entry 12897000/19630921 (65.6974%)
entry 12898000/19630921 (65.7025%)
entry 12903000/19630921 (65.7279%)
entry 12906000/19630921 (65.7432%)
entry 12908000/19630921 (65.7534%)
entry 12909000/19630921 (65.7585%)
entry 12910000/19630921 (65.7636%)
entry 12912000/19630921 (65.7738%)
entry 12913000/19630921 (65.7789%)
entry 12914000/19630921 (65.784%)
entry 12917000/19630921 (65.7993%)
entry 12921000/19630921 (65.8196%)
entry 12925000/19630921 (65.84%)
entry 12936000/19630921 (65.896%)
entry 12937000/19630921 (65.9011%)
entry 12938000/19630921 (65.9062%)
entry 12941000/19630921 (65.9215%)
entry 12945000/19630921 (65.9419%)
entry 12946000/19630921 (65.947%)
entry 12947000/19630921 (65.9521%)
entry 12949000/19630921 (65.9623%)
entry 12950000/19630921 (65.9674%)
entry 12954000/19630921 (65.9877%)
entry 12955000/19630921 (65.9928%)
entry 12961000/19630921 (66.0234%)
entry 12963000/19630921 (66.0336%)
entry 12967000/19630921 (66.054%)
entry 12968000/19630921 (66.0591%)
entry 12969000/19630921 (66.0641%)
entry 12973000/19630921 (66.0845%)
entry 12976000/19630921 (66.0998%)
entry 12979000/19630921 (66.1151%)
entry 12980000/19630921 (66.1202%)
entry 12991000/19630921 (66.1762%)
entry 12996000/19630921 (66.2017%)
entry 12997000/19630921 (66.2068%)
entry 13001000/19630921 (66.2272%)
entry 13011000/19630921 (66.2781%)
entry 13018000/19630921 (66.3138%)
entry 13020000/19630921 (66.3239%)
entry 13021000/19630921 (66.329%)
entry 13024000/19630921 (66.3443%)
entry 13025000/19630921 (66.3494%)
entry 13027000/19630921 (66.3596%)
entry 13032000/19630921 (66.3851%)
entry 13034000/19630921 (66.3953%)
entry 13038000/19630921 (66.4156%)
entry 13047000/19630921 (66.4615%)
entry 13049000/19630921 (66.4717%)
entry 13051000/19630921 (66.4819%)
entry 13052000/19630921 (66.4869%)
entry 13055000/19630921 (66.5022%)
entry 13060000/19630921 (66.5277%)
entry 13061000/19630921 (66.5328%)
entry 13065000/19630921 (66.5532%)
entry 13066000/19630921 (66.5583%)
entry 13067000/19630921 (66.5634%)
entry 13076000/19630921 (66.6092%)
entry 13085000/19630921 (66.6551%)
entry 13087000/19630921 (66.6652%)
entry 13089000/19630921 (66.6754%)
entry 13092000/19630921 (66.6907%)
entry 13093000/19630921 (66.6958%)
entry 13096000/19630921 (66.7111%)
entry 13097000/19630921 (66.7162%)
entry 13101000/19630921 (66.7366%)
entry 13103000/19630921 (66.7467%)
entry 13104000/19630921 (66.7518%)
entry 13106000/19630921 (66.762%)
entry 13108000/19630921 (66.7722%)
entry 13109000/19630921 (66.7773%)
entry 13115000/19630921 (66.8079%)
entry 13118000/19630921 (66.8232%)
entry 13119000/19630921 (66.8283%)
entry 13121000/19630921 (66.8384%)
entry 13128000/19630921 (66.8741%)
entry 13130000/19630921 (66.8843%)
entry 13132000/19630921 (66.8945%)
entry 13142000/19630921 (66.9454%)
entry 13144000/19630921 (66.9556%)
entry 13147000/19630921 (66.9709%)
entry 13155000/19630921 (67.0116%)
entry 13162000/19630921 (67.0473%)
entry 13164000/19630921 (67.0575%)
entry 13165000/19630921 (67.0626%)
entry 13176000/19630921 (67.1186%)
entry 13178000/19630921 (67.1288%)
entry 13180000/19630921 (67.139%)
entry 13185000/19630921 (67.1645%)
entry 13188000/19630921 (67.1797%)
entry 13190000/19630921 (67.1899%)
entry 13191000/19630921 (67.195%)
entry 13192000/19630921 (67.2001%)
entry 13194000/19630921 (67.2103%)
entry 13195000/19630921 (67.2154%)
entry 13199000/19630921 (67.2358%)
entry 13210000/19630921 (67.2918%)
entry 13211000/19630921 (67.2969%)
entry 13214000/19630921 (67.3122%)
entry 13219000/19630921 (67.3377%)
entry 13220000/19630921 (67.3427%)
entry 13224000/19630921 (67.3631%)
entry 13230000/19630921 (67.3937%)
entry 13237000/19630921 (67.4293%)
entry 13240000/19630921 (67.4446%)
entry 13241000/19630921 (67.4497%)
entry 13246000/19630921 (67.4752%)
entry 13247000/19630921 (67.4803%)
entry 13250000/19630921 (67.4956%)
entry 13253000/19630921 (67.5108%)
entry 13255000/19630921 (67.521%)
entry 13256000/19630921 (67.5261%)
entry 13257000/19630921 (67.5312%)
entry 13259000/19630921 (67.5414%)
entry 13263000/19630921 (67.5618%)
entry 13264000/19630921 (67.5669%)
entry 13265000/19630921 (67.572%)
entry 13267000/19630921 (67.5822%)
entry 13272000/19630921 (67.6076%)
entry 13273000/19630921 (67.6127%)
entry 13275000/19630921 (67.6229%)
entry 13279000/19630921 (67.6433%)
entry 13281000/19630921 (67.6535%)
entry 13283000/19630921 (67.6637%)
entry 13284000/19630921 (67.6688%)
entry 13285000/19630921 (67.6739%)
entry 13289000/19630921 (67.6942%)
entry 13294000/19630921 (67.7197%)
entry 13298000/19630921 (67.7401%)
entry 13320000/19630921 (67.8521%)
entry 13322000/19630921 (67.8623%)
entry 13326000/19630921 (67.8827%)
entry 13334000/19630921 (67.9235%)
entry 13336000/19630921 (67.9336%)
entry 13349000/19630921 (67.9999%)
entry 13350000/19630921 (68.005%)
entry 13358000/19630921 (68.0457%)
entry 13362000/19630921 (68.0661%)
entry 13363000/19630921 (68.0712%)
entry 13364000/19630921 (68.0763%)
entry 13368000/19630921 (68.0967%)
entry 13373000/19630921 (68.1221%)
entry 13374000/19630921 (68.1272%)
entry 13376000/19630921 (68.1374%)
entry 13378000/19630921 (68.1476%)
entry 13380000/19630921 (68.1578%)
entry 13381000/19630921 (68.1629%)
entry 13382000/19630921 (68.168%)
entry 13383000/19630921 (68.1731%)
entry 13393000/19630921 (68.224%)
entry 13395000/19630921 (68.2342%)
entry 13402000/19630921 (68.2699%)
entry 13405000/19630921 (68.2851%)
entry 13407000/19630921 (68.2953%)
entry 13408000/19630921 (68.3004%)
entry 13411000/19630921 (68.3157%)
entry 13412000/19630921 (68.3208%)
entry 13417000/19630921 (68.3463%)
entry 13418000/19630921 (68.3514%)
entry 13421000/19630921 (68.3666%)
entry 13429000/19630921 (68.4074%)
entry 13437000/19630921 (68.4481%)
entry 13438000/19630921 (68.4532%)
entry 13439000/19630921 (68.4583%)
entry 13442000/19630921 (68.4736%)
entry 13443000/19630921 (68.4787%)
entry 13444000/19630921 (68.4838%)
entry 13447000/19630921 (68.4991%)
entry 13448000/19630921 (68.5042%)
entry 13450000/19630921 (68.5144%)
entry 13451000/19630921 (68.5195%)
entry 13454000/19630921 (68.5347%)
entry 13455000/19630921 (68.5398%)
entry 13456000/19630921 (68.5449%)
entry 13462000/19630921 (68.5755%)
entry 13470000/19630921 (68.6162%)
entry 13476000/19630921 (68.6468%)
entry 13480000/19630921 (68.6672%)
entry 13481000/19630921 (68.6723%)
entry 13484000/19630921 (68.6876%)
entry 13489000/19630921 (68.713%)
entry 13490000/19630921 (68.7181%)
entry 13494000/19630921 (68.7385%)
entry 13496000/19630921 (68.7487%)
entry 13498000/19630921 (68.7589%)
entry 13500000/19630921 (68.7691%)
entry 13502000/19630921 (68.7793%)
entry 13503000/19630921 (68.7843%)
entry 13509000/19630921 (68.8149%)
entry 13510000/19630921 (68.82%)
entry 13516000/19630921 (68.8506%)
entry 13529000/19630921 (68.9168%)
entry 13531000/19630921 (68.927%)
entry 13544000/19630921 (68.9932%)
entry 13545000/19630921 (68.9983%)
entry 13547000/19630921 (69.0085%)
entry 13548000/19630921 (69.0136%)
entry 13551000/19630921 (69.0289%)
entry 13557000/19630921 (69.0594%)
entry 13558000/19630921 (69.0645%)
entry 13564000/19630921 (69.0951%)
entry 13588000/19630921 (69.2173%)
entry 13590000/19630921 (69.2275%)
entry 13594000/19630921 (69.2479%)
entry 13597000/19630921 (69.2632%)
entry 13599000/19630921 (69.2734%)
entry 13600000/19630921 (69.2785%)
entry 13605000/19630921 (69.3039%)
entry 13606000/19630921 (69.309%)
entry 13613000/19630921 (69.3447%)
entry 13614000/19630921 (69.3498%)
entry 13617000/19630921 (69.3651%)
entry 13618000/19630921 (69.3702%)
entry 13619000/19630921 (69.3753%)
entry 13625000/19630921 (69.4058%)
entry 13626000/19630921 (69.4109%)
entry 13632000/19630921 (69.4415%)
entry 13633000/19630921 (69.4466%)
entry 13636000/19630921 (69.4618%)
entry 13639000/19630921 (69.4771%)
entry 13642000/19630921 (69.4924%)
entry 13643000/19630921 (69.4975%)
entry 13644000/19630921 (69.5026%)
entry 13645000/19630921 (69.5077%)
entry 13647000/19630921 (69.5179%)
entry 13655000/19630921 (69.5586%)
entry 13657000/19630921 (69.5688%)
entry 13659000/19630921 (69.579%)
entry 13662000/19630921 (69.5943%)
entry 13666000/19630921 (69.6147%)
entry 13673000/19630921 (69.6503%)
entry 13674000/19630921 (69.6554%)
entry 13677000/19630921 (69.6707%)
entry 13678000/19630921 (69.6758%)
entry 13694000/19630921 (69.7573%)
entry 13695000/19630921 (69.7624%)
entry 13698000/19630921 (69.7777%)
entry 13704000/19630921 (69.8082%)
entry 13705000/19630921 (69.8133%)
entry 13706000/19630921 (69.8184%)
entry 13723000/19630921 (69.905%)
entry 13724000/19630921 (69.9101%)
entry 13730000/19630921 (69.9407%)
entry 13737000/19630921 (69.9763%)
entry 13743000/19630921 (70.0069%)
entry 13744000/19630921 (70.012%)
entry 13745000/19630921 (70.0171%)
entry 13747000/19630921 (70.0273%)
entry 13750000/19630921 (70.0426%)
entry 13752000/19630921 (70.0528%)
entry 13753000/19630921 (70.0578%)
entry 13757000/19630921 (70.0782%)
entry 13764000/19630921 (70.1139%)
entry 13765000/19630921 (70.119%)
entry 13768000/19630921 (70.1343%)
entry 13769000/19630921 (70.1394%)
entry 13773000/19630921 (70.1597%)
entry 13774000/19630921 (70.1648%)
entry 13775000/19630921 (70.1699%)
entry 13779000/19630921 (70.1903%)
entry 13785000/19630921 (70.2209%)
entry 13786000/19630921 (70.2259%)
entry 13788000/19630921 (70.2361%)
entry 13790000/19630921 (70.2463%)
entry 13792000/19630921 (70.2565%)
entry 13794000/19630921 (70.2667%)
entry 13795000/19630921 (70.2718%)
entry 13800000/19630921 (70.2973%)
entry 13802000/19630921 (70.3075%)
entry 13806000/19630921 (70.3278%)
entry 13808000/19630921 (70.338%)
entry 13811000/19630921 (70.3533%)
entry 13817000/19630921 (70.3839%)
entry 13819000/19630921 (70.3941%)
entry 13823000/19630921 (70.4144%)
entry 13827000/19630921 (70.4348%)
entry 13829000/19630921 (70.445%)
entry 13831000/19630921 (70.4552%)
entry 13835000/19630921 (70.4756%)
entry 13836000/19630921 (70.4807%)
entry 13839000/19630921 (70.4959%)
entry 13843000/19630921 (70.5163%)
entry 13850000/19630921 (70.552%)
entry 13852000/19630921 (70.5622%)
entry 13855000/19630921 (70.5774%)
entry 13857000/19630921 (70.5876%)
entry 13858000/19630921 (70.5927%)
entry 13861000/19630921 (70.608%)
entry 13864000/19630921 (70.6233%)
entry 13870000/19630921 (70.6538%)
entry 13873000/19630921 (70.6691%)
entry 13878000/19630921 (70.6946%)
entry 13883000/19630921 (70.7201%)
entry 13887000/19630921 (70.7404%)
entry 13889000/19630921 (70.7506%)
entry 13894000/19630921 (70.7761%)
entry 13896000/19630921 (70.7863%)
entry 13899000/19630921 (70.8016%)
entry 13905000/19630921 (70.8321%)
entry 13912000/19630921 (70.8678%)
entry 13913000/19630921 (70.8729%)
entry 13916000/19630921 (70.8882%)
entry 13923000/19630921 (70.9238%)
entry 13928000/19630921 (70.9493%)
entry 13929000/19630921 (70.9544%)
entry 13931000/19630921 (70.9646%)
entry 13932000/19630921 (70.9697%)
entry 13934000/19630921 (70.9799%)
entry 13938000/19630921 (71.0002%)
entry 13939000/19630921 (71.0053%)
entry 13940000/19630921 (71.0104%)
entry 13948000/19630921 (71.0512%)
entry 13949000/19630921 (71.0563%)
entry 13951000/19630921 (71.0665%)
entry 13956000/19630921 (71.0919%)
entry 13960000/19630921 (71.1123%)
entry 13968000/19630921 (71.1531%)
entry 13969000/19630921 (71.1582%)
entry 13981000/19630921 (71.2193%)
entry 13992000/19630921 (71.2753%)
entry 14000000/19630921 (71.3161%)
entry 14006000/19630921 (71.3466%)
entry 14009000/19630921 (71.3619%)
entry 14010000/19630921 (71.367%)
entry 14014000/19630921 (71.3874%)
entry 14024000/19630921 (71.4383%)
entry 14032000/19630921 (71.4791%)
entry 14033000/19630921 (71.4842%)
entry 14034000/19630921 (71.4893%)
entry 14038000/19630921 (71.5096%)
entry 14039000/19630921 (71.5147%)
entry 14040000/19630921 (71.5198%)
entry 14046000/19630921 (71.5504%)
entry 14049000/19630921 (71.5657%)
entry 14055000/19630921 (71.5962%)
entry 14056000/19630921 (71.6013%)
entry 14061000/19630921 (71.6268%)
entry 14064000/19630921 (71.6421%)
entry 14068000/19630921 (71.6625%)
entry 14070000/19630921 (71.6726%)
entry 14071000/19630921 (71.6777%)
entry 14076000/19630921 (71.7032%)
entry 14077000/19630921 (71.7083%)
entry 14078000/19630921 (71.7134%)
entry 14079000/19630921 (71.7185%)
entry 14084000/19630921 (71.744%)
entry 14085000/19630921 (71.7491%)
entry 14103000/19630921 (71.8408%)
entry 14111000/19630921 (71.8815%)
entry 14112000/19630921 (71.8866%)
entry 14116000/19630921 (71.907%)
entry 14117000/19630921 (71.9121%)
entry 14118000/19630921 (71.9172%)
entry 14119000/19630921 (71.9223%)
entry 14123000/19630921 (71.9426%)
entry 14126000/19630921 (71.9579%)
entry 14127000/19630921 (71.963%)
entry 14128000/19630921 (71.9681%)
entry 14132000/19630921 (71.9885%)
entry 14139000/19630921 (72.0241%)
entry 14142000/19630921 (72.0394%)
entry 14143000/19630921 (72.0445%)
entry 14145000/19630921 (72.0547%)
entry 14151000/19630921 (72.0853%)
entry 14153000/19630921 (72.0954%)
entry 14157000/19630921 (72.1158%)
entry 14158000/19630921 (72.1209%)
entry 14159000/19630921 (72.126%)
entry 14160000/19630921 (72.1311%)
entry 14162000/19630921 (72.1413%)
entry 14165000/19630921 (72.1566%)
entry 14166000/19630921 (72.1617%)
entry 14168000/19630921 (72.1719%)
entry 14170000/19630921 (72.182%)
entry 14176000/19630921 (72.2126%)
entry 14179000/19630921 (72.2279%)
entry 14182000/19630921 (72.2432%)
entry 14184000/19630921 (72.2534%)
entry 14185000/19630921 (72.2585%)
entry 14186000/19630921 (72.2636%)
entry 14198000/19630921 (72.3247%)
entry 14203000/19630921 (72.3502%)
entry 14205000/19630921 (72.3603%)
entry 14213000/19630921 (72.4011%)
entry 14215000/19630921 (72.4113%)
entry 14217000/19630921 (72.4215%)
entry 14225000/19630921 (72.4622%)
entry 14226000/19630921 (72.4673%)
entry 14227000/19630921 (72.4724%)
entry 14231000/19630921 (72.4928%)
entry 14232000/19630921 (72.4979%)
entry 14235000/19630921 (72.5132%)
entry 14239000/19630921 (72.5335%)
entry 14241000/19630921 (72.5437%)
entry 14242000/19630921 (72.5488%)
entry 14245000/19630921 (72.5641%)
entry 14252000/19630921 (72.5998%)
entry 14253000/19630921 (72.6048%)
entry 14258000/19630921 (72.6303%)
entry 14262000/19630921 (72.6507%)
entry 14263000/19630921 (72.6558%)
entry 14265000/19630921 (72.666%)
entry 14271000/19630921 (72.6965%)
entry 14276000/19630921 (72.722%)
entry 14290000/19630921 (72.7933%)
entry 14292000/19630921 (72.8035%)
entry 14293000/19630921 (72.8086%)
entry 14301000/19630921 (72.8494%)
entry 14302000/19630921 (72.8545%)
entry 14308000/19630921 (72.885%)
entry 14313000/19630921 (72.9105%)
entry 14315000/19630921 (72.9207%)
entry 14319000/19630921 (72.9411%)
entry 14321000/19630921 (72.9512%)
entry 14322000/19630921 (72.9563%)
entry 14335000/19630921 (73.0226%)
entry 14336000/19630921 (73.0277%)
entry 14338000/19630921 (73.0378%)
entry 14348000/19630921 (73.0888%)
entry 14349000/19630921 (73.0939%)
entry 14352000/19630921 (73.1092%)
entry 14355000/19630921 (73.1244%)
entry 14360000/19630921 (73.1499%)
entry 14362000/19630921 (73.1601%)
entry 14364000/19630921 (73.1703%)
entry 14365000/19630921 (73.1754%)
entry 14372000/19630921 (73.211%)
entry 14378000/19630921 (73.2416%)
entry 14381000/19630921 (73.2569%)
entry 14388000/19630921 (73.2925%)
entry 14389000/19630921 (73.2976%)
entry 14391000/19630921 (73.3078%)
entry 14396000/19630921 (73.3333%)
entry 14397000/19630921 (73.3384%)
entry 14400000/19630921 (73.3537%)
entry 14402000/19630921 (73.3639%)
entry 14403000/19630921 (73.3689%)
entry 14405000/19630921 (73.3791%)
entry 14408000/19630921 (73.3944%)
entry 14411000/19630921 (73.4097%)
entry 14412000/19630921 (73.4148%)
entry 14413000/19630921 (73.4199%)
entry 14422000/19630921 (73.4657%)
entry 14435000/19630921 (73.532%)
entry 14448000/19630921 (73.5982%)
entry 14456000/19630921 (73.6389%)
entry 14460000/19630921 (73.6593%)
entry 14469000/19630921 (73.7052%)
entry 14471000/19630921 (73.7153%)
entry 14473000/19630921 (73.7255%)
entry 14475000/19630921 (73.7357%)
entry 14476000/19630921 (73.7408%)
entry 14477000/19630921 (73.7459%)
entry 14479000/19630921 (73.7561%)
entry 14480000/19630921 (73.7612%)
entry 14487000/19630921 (73.7968%)
entry 14491000/19630921 (73.8172%)
entry 14493000/19630921 (73.8274%)
entry 14498000/19630921 (73.8529%)
entry 14499000/19630921 (73.858%)
entry 14513000/19630921 (73.9293%)
entry 14521000/19630921 (73.97%)
entry 14524000/19630921 (73.9853%)
entry 14526000/19630921 (73.9955%)
entry 14529000/19630921 (74.0108%)
entry 14531000/19630921 (74.021%)
entry 14543000/19630921 (74.0821%)
entry 14549000/19630921 (74.1127%)
entry 14554000/19630921 (74.1381%)
entry 14558000/19630921 (74.1585%)
entry 14559000/19630921 (74.1636%)
entry 14560000/19630921 (74.1687%)
entry 14561000/19630921 (74.1738%)
entry 14564000/19630921 (74.1891%)
entry 14569000/19630921 (74.2146%)
entry 14577000/19630921 (74.2553%)
entry 14582000/19630921 (74.2808%)
entry 14587000/19630921 (74.3062%)
entry 14588000/19630921 (74.3113%)
entry 14589000/19630921 (74.3164%)
entry 14590000/19630921 (74.3215%)
entry 14593000/19630921 (74.3368%)
entry 14597000/19630921 (74.3572%)
entry 14598000/19630921 (74.3623%)
entry 14601000/19630921 (74.3776%)
entry 14605000/19630921 (74.3979%)
entry 14607000/19630921 (74.4081%)
entry 14608000/19630921 (74.4132%)
entry 14619000/19630921 (74.4693%)
entry 14620000/19630921 (74.4744%)
entry 14622000/19630921 (74.4845%)
entry 14628000/19630921 (74.5151%)
entry 14629000/19630921 (74.5202%)
entry 14630000/19630921 (74.5253%)
entry 14631000/19630921 (74.5304%)
entry 14633000/19630921 (74.5406%)
entry 14642000/19630921 (74.5864%)
entry 14643000/19630921 (74.5915%)
entry 14647000/19630921 (74.6119%)
entry 14649000/19630921 (74.6221%)
entry 14651000/19630921 (74.6323%)
entry 14655000/19630921 (74.6526%)
entry 14659000/19630921 (74.673%)
entry 14664000/19630921 (74.6985%)
entry 14665000/19630921 (74.7036%)
entry 14670000/19630921 (74.729%)
entry 14674000/19630921 (74.7494%)
entry 14678000/19630921 (74.7698%)
entry 14680000/19630921 (74.78%)
entry 14684000/19630921 (74.8004%)
entry 14687000/19630921 (74.8156%)
entry 14690000/19630921 (74.8309%)
entry 14691000/19630921 (74.836%)
entry 14692000/19630921 (74.8411%)
entry 14693000/19630921 (74.8462%)
entry 14694000/19630921 (74.8513%)
entry 14697000/19630921 (74.8666%)
entry 14700000/19630921 (74.8819%)
entry 14705000/19630921 (74.9073%)
entry 14706000/19630921 (74.9124%)
entry 14710000/19630921 (74.9328%)
entry 14716000/19630921 (74.9634%)
entry 14719000/19630921 (74.9787%)
entry 14720000/19630921 (74.9838%)
entry 14723000/19630921 (74.999%)
entry 14725000/19630921 (75.0092%)
entry 14728000/19630921 (75.0245%)
entry 14729000/19630921 (75.0296%)
entry 14730000/19630921 (75.0347%)
entry 14734000/19630921 (75.0551%)
entry 14736000/19630921 (75.0653%)
entry 14748000/19630921 (75.1264%)
entry 14757000/19630921 (75.1722%)
entry 14761000/19630921 (75.1926%)
entry 14766000/19630921 (75.2181%)
entry 14767000/19630921 (75.2232%)
entry 14774000/19630921 (75.2588%)
entry 14777000/19630921 (75.2741%)
entry 14782000/19630921 (75.2996%)
entry 14786000/19630921 (75.32%)
entry 14789000/19630921 (75.3352%)
entry 14792000/19630921 (75.3505%)
entry 14797000/19630921 (75.376%)
entry 14799000/19630921 (75.3862%)
entry 14801000/19630921 (75.3964%)
entry 14802000/19630921 (75.4015%)
entry 14806000/19630921 (75.4218%)
entry 14807000/19630921 (75.4269%)
entry 14819000/19630921 (75.4881%)
entry 14821000/19630921 (75.4982%)
entry 14822000/19630921 (75.5033%)
entry 14823000/19630921 (75.5084%)
entry 14829000/19630921 (75.539%)
entry 14834000/19630921 (75.5645%)
entry 14835000/19630921 (75.5696%)
entry 14837000/19630921 (75.5798%)
entry 14838000/19630921 (75.5848%)
entry 14843000/19630921 (75.6103%)
entry 14847000/19630921 (75.6307%)
entry 14848000/19630921 (75.6358%)
entry 14852000/19630921 (75.6562%)
entry 14853000/19630921 (75.6613%)
entry 14854000/19630921 (75.6663%)
entry 14855000/19630921 (75.6714%)
entry 14856000/19630921 (75.6765%)
entry 14857000/19630921 (75.6816%)
entry 14860000/19630921 (75.6969%)
entry 14861000/19630921 (75.702%)
entry 14865000/19630921 (75.7224%)
entry 14871000/19630921 (75.7529%)
entry 14880000/19630921 (75.7988%)
entry 14883000/19630921 (75.8141%)
entry 14891000/19630921 (75.8548%)
entry 14900000/19630921 (75.9007%)
entry 14901000/19630921 (75.9058%)
entry 14902000/19630921 (75.9109%)
entry 14904000/19630921 (75.921%)
entry 14905000/19630921 (75.9261%)
entry 14910000/19630921 (75.9516%)
entry 14922000/19630921 (76.0127%)
entry 14928000/19630921 (76.0433%)
entry 14929000/19630921 (76.0484%)
entry 14930000/19630921 (76.0535%)
entry 14939000/19630921 (76.0993%)
entry 14941000/19630921 (76.1095%)
entry 14942000/19630921 (76.1146%)
entry 14946000/19630921 (76.135%)
entry 14951000/19630921 (76.1605%)
entry 14958000/19630921 (76.1961%)
entry 14963000/19630921 (76.2216%)
entry 14967000/19630921 (76.242%)
entry 14969000/19630921 (76.2522%)
entry 14970000/19630921 (76.2573%)
entry 14974000/19630921 (76.2776%)
entry 14975000/19630921 (76.2827%)
entry 14980000/19630921 (76.3082%)
entry 14989000/19630921 (76.354%)
entry 14993000/19630921 (76.3744%)
entry 14996000/19630921 (76.3897%)
entry 14998000/19630921 (76.3999%)
entry 14999000/19630921 (76.405%)
entry 15001000/19630921 (76.4152%)
entry 15003000/19630921 (76.4254%)
entry 15007000/19630921 (76.4457%)
entry 15008000/19630921 (76.4508%)
entry 15009000/19630921 (76.4559%)
entry 15011000/19630921 (76.4661%)
entry 15013000/19630921 (76.4763%)
entry 15014000/19630921 (76.4814%)
entry 15021000/19630921 (76.517%)
entry 15022000/19630921 (76.5221%)
entry 15025000/19630921 (76.5374%)
entry 15028000/19630921 (76.5527%)
entry 15030000/19630921 (76.5629%)
entry 15031000/19630921 (76.568%)
entry 15032000/19630921 (76.5731%)
entry 15034000/19630921 (76.5833%)
entry 15035000/19630921 (76.5884%)
entry 15037000/19630921 (76.5985%)
entry 15039000/19630921 (76.6087%)
entry 15040000/19630921 (76.6138%)
entry 15042000/19630921 (76.624%)
entry 15043000/19630921 (76.6291%)
entry 15044000/19630921 (76.6342%)
entry 15055000/19630921 (76.6902%)
entry 15057000/19630921 (76.7004%)
entry 15061000/19630921 (76.7208%)
entry 15062000/19630921 (76.7259%)
entry 15064000/19630921 (76.7361%)
entry 15067000/19630921 (76.7514%)
entry 15068000/19630921 (76.7565%)
entry 15069000/19630921 (76.7616%)
entry 15070000/19630921 (76.7667%)
entry 15072000/19630921 (76.7768%)
entry 15081000/19630921 (76.8227%)
entry 15087000/19630921 (76.8533%)
entry 15088000/19630921 (76.8583%)
entry 15091000/19630921 (76.8736%)
entry 15094000/19630921 (76.8889%)
entry 15100000/19630921 (76.9195%)
entry 15104000/19630921 (76.9398%)
entry 15106000/19630921 (76.95%)
entry 15111000/19630921 (76.9755%)
entry 15114000/19630921 (76.9908%)
entry 15116000/19630921 (77.001%)
entry 15119000/19630921 (77.0163%)
entry 15120000/19630921 (77.0214%)
entry 15126000/19630921 (77.0519%)
entry 15130000/19630921 (77.0723%)
entry 15131000/19630921 (77.0774%)
entry 15132000/19630921 (77.0825%)
entry 15137000/19630921 (77.1079%)
entry 15141000/19630921 (77.1283%)
entry 15143000/19630921 (77.1385%)
entry 15149000/19630921 (77.1691%)
entry 15157000/19630921 (77.2098%)
entry 15158000/19630921 (77.2149%)
entry 15160000/19630921 (77.2251%)
entry 15162000/19630921 (77.2353%)
entry 15166000/19630921 (77.2557%)
entry 15170000/19630921 (77.2761%)
entry 15172000/19630921 (77.2862%)
entry 15177000/19630921 (77.3117%)
entry 15178000/19630921 (77.3168%)
entry 15180000/19630921 (77.327%)
entry 15183000/19630921 (77.3423%)
entry 15191000/19630921 (77.383%)
entry 15194000/19630921 (77.3983%)
entry 15198000/19630921 (77.4187%)
entry 15200000/19630921 (77.4289%)
entry 15202000/19630921 (77.4391%)
entry 15205000/19630921 (77.4543%)
entry 15207000/19630921 (77.4645%)
entry 15215000/19630921 (77.5053%)
entry 15216000/19630921 (77.5104%)
entry 15217000/19630921 (77.5155%)
entry 15219000/19630921 (77.5257%)
entry 15224000/19630921 (77.5511%)
entry 15232000/19630921 (77.5919%)
entry 15233000/19630921 (77.597%)
entry 15235000/19630921 (77.6072%)
entry 15244000/19630921 (77.653%)
entry 15248000/19630921 (77.6734%)
entry 15249000/19630921 (77.6785%)
entry 15255000/19630921 (77.709%)
entry 15257000/19630921 (77.7192%)
entry 15262000/19630921 (77.7447%)
entry 15265000/19630921 (77.76%)
entry 15267000/19630921 (77.7702%)
entry 15280000/19630921 (77.8364%)
entry 15286000/19630921 (77.867%)
entry 15287000/19630921 (77.872%)
entry 15288000/19630921 (77.8771%)
entry 15292000/19630921 (77.8975%)
entry 15301000/19630921 (77.9434%)
entry 15302000/19630921 (77.9485%)
entry 15304000/19630921 (77.9586%)
entry 15305000/19630921 (77.9637%)
entry 15307000/19630921 (77.9739%)
entry 15320000/19630921 (78.0402%)
entry 15321000/19630921 (78.0452%)
entry 15327000/19630921 (78.0758%)
entry 15330000/19630921 (78.0911%)
entry 15332000/19630921 (78.1013%)
entry 15333000/19630921 (78.1064%)
entry 15335000/19630921 (78.1166%)
entry 15340000/19630921 (78.142%)
entry 15344000/19630921 (78.1624%)
entry 15348000/19630921 (78.1828%)
entry 15350000/19630921 (78.193%)
entry 15351000/19630921 (78.1981%)
entry 15356000/19630921 (78.2235%)
entry 15362000/19630921 (78.2541%)
entry 15365000/19630921 (78.2694%)
entry 15367000/19630921 (78.2796%)
entry 15368000/19630921 (78.2847%)
entry 15370000/19630921 (78.2949%)
entry 15376000/19630921 (78.3254%)
entry 15377000/19630921 (78.3305%)
entry 15378000/19630921 (78.3356%)
entry 15379000/19630921 (78.3407%)
entry 15380000/19630921 (78.3458%)
entry 15382000/19630921 (78.356%)
entry 15389000/19630921 (78.3916%)
entry 15390000/19630921 (78.3967%)
entry 15398000/19630921 (78.4375%)
entry 15405000/19630921 (78.4731%)
entry 15407000/19630921 (78.4833%)
entry 15412000/19630921 (78.5088%)
entry 15418000/19630921 (78.5394%)
entry 15447000/19630921 (78.6871%)
entry 15448000/19630921 (78.6922%)
entry 15449000/19630921 (78.6973%)
entry 15452000/19630921 (78.7126%)
entry 15473000/19630921 (78.8195%)
entry 15477000/19630921 (78.8399%)
entry 15478000/19630921 (78.845%)
entry 15480000/19630921 (78.8552%)
entry 15481000/19630921 (78.8603%)
entry 15488000/19630921 (78.8959%)
entry 15489000/19630921 (78.901%)
entry 15505000/19630921 (78.9825%)
entry 15508000/19630921 (78.9978%)
entry 15516000/19630921 (79.0386%)
entry 15520000/19630921 (79.059%)
entry 15521000/19630921 (79.064%)
entry 15522000/19630921 (79.0691%)
entry 15529000/19630921 (79.1048%)
entry 15530000/19630921 (79.1099%)
entry 15531000/19630921 (79.115%)
entry 15533000/19630921 (79.1252%)
entry 15537000/19630921 (79.1456%)
entry 15539000/19630921 (79.1557%)
entry 15542000/19630921 (79.171%)
entry 15545000/19630921 (79.1863%)
entry 15546000/19630921 (79.1914%)
entry 15547000/19630921 (79.1965%)
entry 15552000/19630921 (79.222%)
entry 15553000/19630921 (79.2271%)
entry 15554000/19630921 (79.2322%)
entry 15555000/19630921 (79.2372%)
entry 15558000/19630921 (79.2525%)
entry 15563000/19630921 (79.278%)
entry 15567000/19630921 (79.2984%)
entry 15573000/19630921 (79.3289%)
entry 15574000/19630921 (79.334%)
entry 15582000/19630921 (79.3748%)
entry 15583000/19630921 (79.3799%)
entry 15584000/19630921 (79.385%)
entry 15587000/19630921 (79.4003%)
entry 15588000/19630921 (79.4053%)
entry 15603000/19630921 (79.4818%)
entry 15604000/19630921 (79.4869%)
entry 15605000/19630921 (79.4919%)
entry 15612000/19630921 (79.5276%)
entry 15613000/19630921 (79.5327%)
entry 15614000/19630921 (79.5378%)
entry 15617000/19630921 (79.5531%)
entry 15621000/19630921 (79.5734%)
entry 15628000/19630921 (79.6091%)
entry 15631000/19630921 (79.6244%)
entry 15636000/19630921 (79.6499%)
entry 15638000/19630921 (79.66%)
entry 15639000/19630921 (79.6651%)
entry 15641000/19630921 (79.6753%)
entry 15642000/19630921 (79.6804%)
entry 15643000/19630921 (79.6855%)
entry 15647000/19630921 (79.7059%)
entry 15656000/19630921 (79.7517%)
entry 15657000/19630921 (79.7568%)
entry 15659000/19630921 (79.767%)
entry 15664000/19630921 (79.7925%)
entry 15670000/19630921 (79.8231%)
entry 15673000/19630921 (79.8383%)
entry 15674000/19630921 (79.8434%)
entry 15677000/19630921 (79.8587%)
entry 15680000/19630921 (79.874%)
entry 15683000/19630921 (79.8893%)
entry 15688000/19630921 (79.9147%)
entry 15694000/19630921 (79.9453%)
entry 15695000/19630921 (79.9504%)
entry 15697000/19630921 (79.9606%)
entry 15698000/19630921 (79.9657%)
entry 15701000/19630921 (79.981%)
entry 15706000/19630921 (80.0064%)
entry 15708000/19630921 (80.0166%)
entry 15712000/19630921 (80.037%)
entry 15715000/19630921 (80.0523%)
entry 15719000/19630921 (80.0727%)
entry 15733000/19630921 (80.144%)
entry 15734000/19630921 (80.1491%)
entry 15739000/19630921 (80.1745%)
entry 15741000/19630921 (80.1847%)
entry 15743000/19630921 (80.1949%)
entry 15749000/19630921 (80.2255%)
entry 15754000/19630921 (80.2509%)
entry 15755000/19630921 (80.256%)
entry 15764000/19630921 (80.3019%)
entry 15767000/19630921 (80.3172%)
entry 15768000/19630921 (80.3223%)
entry 15770000/19630921 (80.3325%)
entry 15775000/19630921 (80.3579%)
entry 15781000/19630921 (80.3885%)
entry 15785000/19630921 (80.4089%)
entry 15786000/19630921 (80.414%)
entry 15787000/19630921 (80.4191%)
entry 15789000/19630921 (80.4292%)
entry 15798000/19630921 (80.4751%)
entry 15801000/19630921 (80.4904%)
entry 15804000/19630921 (80.5057%)
entry 15806000/19630921 (80.5158%)
entry 15809000/19630921 (80.5311%)
entry 15812000/19630921 (80.5464%)
entry 15814000/19630921 (80.5566%)
entry 15820000/19630921 (80.5872%)
entry 15822000/19630921 (80.5973%)
entry 15823000/19630921 (80.6024%)
entry 15826000/19630921 (80.6177%)
entry 15831000/19630921 (80.6432%)
entry 15836000/19630921 (80.6687%)
entry 15838000/19630921 (80.6789%)
entry 15839000/19630921 (80.6839%)
entry 15841000/19630921 (80.6941%)
entry 15850000/19630921 (80.74%)
entry 15851000/19630921 (80.7451%)
entry 15852000/19630921 (80.7502%)
entry 15856000/19630921 (80.7705%)
entry 15862000/19630921 (80.8011%)
entry 15863000/19630921 (80.8062%)
entry 15864000/19630921 (80.8113%)
entry 15865000/19630921 (80.8164%)
entry 15866000/19630921 (80.8215%)
entry 15867000/19630921 (80.8266%)
entry 15874000/19630921 (80.8622%)
entry 15876000/19630921 (80.8724%)
entry 15879000/19630921 (80.8877%)
entry 15880000/19630921 (80.8928%)
entry 15885000/19630921 (80.9183%)
entry 15888000/19630921 (80.9335%)
entry 15890000/19630921 (80.9437%)
entry 15891000/19630921 (80.9488%)
entry 15893000/19630921 (80.959%)
entry 15895000/19630921 (80.9692%)
entry 15896000/19630921 (80.9743%)
entry 15903000/19630921 (81.01%)
entry 15907000/19630921 (81.0303%)
entry 15913000/19630921 (81.0609%)
entry 15915000/19630921 (81.0711%)
entry 15917000/19630921 (81.0813%)
entry 15924000/19630921 (81.1169%)
entry 15931000/19630921 (81.1526%)
entry 15932000/19630921 (81.1577%)
entry 15934000/19630921 (81.1679%)
entry 15938000/19630921 (81.1882%)
entry 15949000/19630921 (81.2443%)
entry 15954000/19630921 (81.2698%)
entry 15959000/19630921 (81.2952%)
entry 15960000/19630921 (81.3003%)
entry 15963000/19630921 (81.3156%)
entry 15967000/19630921 (81.336%)
entry 15971000/19630921 (81.3564%)
entry 15973000/19630921 (81.3665%)
entry 15974000/19630921 (81.3716%)
entry 15975000/19630921 (81.3767%)
entry 15978000/19630921 (81.392%)
entry 15981000/19630921 (81.4073%)
entry 15982000/19630921 (81.4124%)
entry 15985000/19630921 (81.4277%)
entry 15991000/19630921 (81.4582%)
entry 15998000/19630921 (81.4939%)
entry 15999000/19630921 (81.499%)
entry 16000000/19630921 (81.5041%)
entry 16003000/19630921 (81.5194%)
entry 16005000/19630921 (81.5295%)
entry 16009000/19630921 (81.5499%)
entry 16010000/19630921 (81.555%)
entry 16012000/19630921 (81.5652%)
entry 16013000/19630921 (81.5703%)
entry 16019000/19630921 (81.6009%)
entry 16025000/19630921 (81.6314%)
entry 16028000/19630921 (81.6467%)
entry 16032000/19630921 (81.6671%)
entry 16033000/19630921 (81.6722%)
entry 16046000/19630921 (81.7384%)
entry 16047000/19630921 (81.7435%)
entry 16048000/19630921 (81.7486%)
entry 16049000/19630921 (81.7537%)
entry 16050000/19630921 (81.7588%)
entry 16054000/19630921 (81.7792%)
entry 16057000/19630921 (81.7944%)
entry 16059000/19630921 (81.8046%)
entry 16063000/19630921 (81.825%)
entry 16065000/19630921 (81.8352%)
entry 16067000/19630921 (81.8454%)
entry 16068000/19630921 (81.8505%)
entry 16072000/19630921 (81.8708%)
entry 16073000/19630921 (81.8759%)
entry 16075000/19630921 (81.8861%)
entry 16078000/19630921 (81.9014%)
entry 16080000/19630921 (81.9116%)
entry 16086000/19630921 (81.9422%)
entry 16087000/19630921 (81.9473%)
entry 16091000/19630921 (81.9676%)
entry 16092000/19630921 (81.9727%)
entry 16103000/19630921 (82.0288%)
entry 16107000/19630921 (82.0491%)
entry 16108000/19630921 (82.0542%)
entry 16112000/19630921 (82.0746%)
entry 16113000/19630921 (82.0797%)
entry 16114000/19630921 (82.0848%)
entry 16116000/19630921 (82.095%)
entry 16121000/19630921 (82.1204%)
entry 16124000/19630921 (82.1357%)
entry 16125000/19630921 (82.1408%)
entry 16128000/19630921 (82.1561%)
entry 16136000/19630921 (82.1969%)
entry 16141000/19630921 (82.2223%)
entry 16147000/19630921 (82.2529%)
entry 16152000/19630921 (82.2784%)
entry 16158000/19630921 (82.3089%)
entry 16159000/19630921 (82.314%)
entry 16161000/19630921 (82.3242%)
entry 16162000/19630921 (82.3293%)
entry 16163000/19630921 (82.3344%)
entry 16166000/19630921 (82.3497%)
entry 16168000/19630921 (82.3599%)
entry 16181000/19630921 (82.4261%)
entry 16184000/19630921 (82.4414%)
entry 16185000/19630921 (82.4465%)
entry 16198000/19630921 (82.5127%)
entry 16199000/19630921 (82.5178%)
entry 16205000/19630921 (82.5484%)
entry 16208000/19630921 (82.5636%)
entry 16209000/19630921 (82.5687%)
entry 16210000/19630921 (82.5738%)
entry 16212000/19630921 (82.584%)
entry 16214000/19630921 (82.5942%)
entry 16222000/19630921 (82.6349%)
entry 16227000/19630921 (82.6604%)
entry 16232000/19630921 (82.6859%)
entry 16234000/19630921 (82.6961%)
entry 16235000/19630921 (82.7012%)
entry 16236000/19630921 (82.7063%)
entry 16242000/19630921 (82.7368%)
entry 16247000/19630921 (82.7623%)
entry 16250000/19630921 (82.7776%)
entry 16251000/19630921 (82.7827%)
entry 16252000/19630921 (82.7878%)
entry 16255000/19630921 (82.803%)
entry 16258000/19630921 (82.8183%)
entry 16259000/19630921 (82.8234%)
entry 16263000/19630921 (82.8438%)
entry 16268000/19630921 (82.8693%)
entry 16274000/19630921 (82.8998%)
entry 16281000/19630921 (82.9355%)
entry 16292000/19630921 (82.9915%)
entry 16296000/19630921 (83.0119%)
entry 16302000/19630921 (83.0425%)
entry 16309000/19630921 (83.0781%)
entry 16311000/19630921 (83.0883%)
entry 16317000/19630921 (83.1189%)
entry 16320000/19630921 (83.1342%)
entry 16323000/19630921 (83.1494%)
entry 16324000/19630921 (83.1545%)
entry 16331000/19630921 (83.1902%)
entry 16334000/19630921 (83.2055%)
entry 16335000/19630921 (83.2106%)
entry 16336000/19630921 (83.2157%)
entry 16340000/19630921 (83.236%)
entry 16344000/19630921 (83.2564%)
entry 16345000/19630921 (83.2615%)
entry 16348000/19630921 (83.2768%)
entry 16349000/19630921 (83.2819%)
entry 16353000/19630921 (83.3023%)
entry 16355000/19630921 (83.3124%)
entry 16359000/19630921 (83.3328%)
entry 16361000/19630921 (83.343%)
entry 16364000/19630921 (83.3583%)
entry 16373000/19630921 (83.4041%)
entry 16374000/19630921 (83.4092%)
entry 16377000/19630921 (83.4245%)
entry 16384000/19630921 (83.4602%)
entry 16385000/19630921 (83.4653%)
entry 16386000/19630921 (83.4704%)
entry 16387000/19630921 (83.4755%)
entry 16396000/19630921 (83.5213%)
entry 16401000/19630921 (83.5468%)
entry 16412000/19630921 (83.6028%)
entry 16416000/19630921 (83.6232%)
entry 16424000/19630921 (83.6639%)
entry 16436000/19630921 (83.7251%)
entry 16437000/19630921 (83.7302%)
entry 16439000/19630921 (83.7403%)
entry 16440000/19630921 (83.7454%)
entry 16446000/19630921 (83.776%)
entry 16450000/19630921 (83.7964%)
entry 16454000/19630921 (83.8168%)
entry 16455000/19630921 (83.8219%)
entry 16465000/19630921 (83.8728%)
entry 16471000/19630921 (83.9034%)
entry 16474000/19630921 (83.9186%)
entry 16476000/19630921 (83.9288%)
entry 16478000/19630921 (83.939%)
entry 16480000/19630921 (83.9492%)
entry 16492000/19630921 (84.0103%)
entry 16503000/19630921 (84.0664%)
entry 16510000/19630921 (84.102%)
entry 16516000/19630921 (84.1326%)
entry 16517000/19630921 (84.1377%)
entry 16518000/19630921 (84.1428%)
entry 16519000/19630921 (84.1479%)
entry 16523000/19630921 (84.1682%)
entry 16528000/19630921 (84.1937%)
entry 16529000/19630921 (84.1988%)
entry 16531000/19630921 (84.209%)
entry 16533000/19630921 (84.2192%)
entry 16534000/19630921 (84.2243%)
entry 16537000/19630921 (84.2396%)
entry 16540000/19630921 (84.2548%)
entry 16550000/19630921 (84.3058%)
entry 16551000/19630921 (84.3109%)
entry 16556000/19630921 (84.3363%)
entry 16558000/19630921 (84.3465%)
entry 16559000/19630921 (84.3516%)
entry 16561000/19630921 (84.3618%)
entry 16569000/19630921 (84.4026%)
entry 16575000/19630921 (84.4331%)
entry 16577000/19630921 (84.4433%)
entry 16579000/19630921 (84.4535%)
entry 16584000/19630921 (84.479%)
entry 16589000/19630921 (84.5044%)
entry 16590000/19630921 (84.5095%)
entry 16592000/19630921 (84.5197%)
entry 16597000/19630921 (84.5452%)
entry 16607000/19630921 (84.5961%)
entry 16612000/19630921 (84.6216%)
entry 16613000/19630921 (84.6267%)
entry 16618000/19630921 (84.6522%)
entry 16620000/19630921 (84.6624%)
entry 16627000/19630921 (84.698%)
entry 16630000/19630921 (84.7133%)
entry 16631000/19630921 (84.7184%)
entry 16643000/19630921 (84.7795%)
entry 16647000/19630921 (84.7999%)
entry 16652000/19630921 (84.8254%)
entry 16656000/19630921 (84.8457%)
entry 16660000/19630921 (84.8661%)
entry 16665000/19630921 (84.8916%)
entry 16667000/19630921 (84.9018%)
entry 16668000/19630921 (84.9069%)
entry 16670000/19630921 (84.9171%)
entry 16676000/19630921 (84.9476%)
entry 16680000/19630921 (84.968%)
entry 16681000/19630921 (84.9731%)
entry 16682000/19630921 (84.9782%)
entry 16685000/19630921 (84.9935%)
entry 16691000/19630921 (85.024%)
entry 16693000/19630921 (85.0342%)
entry 16695000/19630921 (85.0444%)
entry 16702000/19630921 (85.0801%)
entry 16705000/19630921 (85.0954%)
entry 16706000/19630921 (85.1004%)
entry 16713000/19630921 (85.1361%)
entry 16714000/19630921 (85.1412%)
entry 16715000/19630921 (85.1463%)
entry 16724000/19630921 (85.1921%)
entry 16725000/19630921 (85.1972%)
entry 16727000/19630921 (85.2074%)
entry 16729000/19630921 (85.2176%)
entry 16734000/19630921 (85.2431%)
entry 16737000/19630921 (85.2584%)
entry 16741000/19630921 (85.2787%)
entry 16744000/19630921 (85.294%)
entry 16745000/19630921 (85.2991%)
entry 16746000/19630921 (85.3042%)
entry 16751000/19630921 (85.3297%)
entry 16752000/19630921 (85.3348%)
entry 16753000/19630921 (85.3399%)
entry 16759000/19630921 (85.3704%)
entry 16762000/19630921 (85.3857%)
entry 16770000/19630921 (85.4265%)
entry 16772000/19630921 (85.4366%)
entry 16776000/19630921 (85.457%)
entry 16777000/19630921 (85.4621%)
entry 16778000/19630921 (85.4672%)
entry 16779000/19630921 (85.4723%)
entry 16780000/19630921 (85.4774%)
entry 16781000/19630921 (85.4825%)
entry 16784000/19630921 (85.4978%)
entry 16788000/19630921 (85.5182%)
entry 16791000/19630921 (85.5334%)
entry 16793000/19630921 (85.5436%)
entry 16794000/19630921 (85.5487%)
entry 16802000/19630921 (85.5895%)
entry 16804000/19630921 (85.5997%)
entry 16805000/19630921 (85.6048%)
entry 16813000/19630921 (85.6455%)
entry 16821000/19630921 (85.6863%)
entry 16822000/19630921 (85.6914%)
entry 16823000/19630921 (85.6964%)
entry 16827000/19630921 (85.7168%)
entry 16828000/19630921 (85.7219%)
entry 16832000/19630921 (85.7423%)
entry 16835000/19630921 (85.7576%)
entry 16843000/19630921 (85.7983%)
entry 16846000/19630921 (85.8136%)
entry 16847000/19630921 (85.8187%)
entry 16851000/19630921 (85.8391%)
entry 16852000/19630921 (85.8442%)
entry 16857000/19630921 (85.8696%)
entry 16861000/19630921 (85.89%)
entry 16863000/19630921 (85.9002%)
entry 16865000/19630921 (85.9104%)
entry 16867000/19630921 (85.9206%)
entry 16868000/19630921 (85.9257%)
entry 16871000/19630921 (85.941%)
entry 16872000/19630921 (85.946%)
entry 16874000/19630921 (85.9562%)
entry 16883000/19630921 (86.0021%)
entry 16885000/19630921 (86.0123%)
entry 16890000/19630921 (86.0377%)
entry 16907000/19630921 (86.1243%)
entry 16909000/19630921 (86.1345%)
entry 16910000/19630921 (86.1396%)
entry 16912000/19630921 (86.1498%)
entry 16913000/19630921 (86.1549%)
entry 16919000/19630921 (86.1855%)
entry 16920000/19630921 (86.1906%)
entry 16927000/19630921 (86.2262%)
entry 16928000/19630921 (86.2313%)
entry 16931000/19630921 (86.2466%)
entry 16933000/19630921 (86.2568%)
entry 16936000/19630921 (86.2721%)
entry 16938000/19630921 (86.2823%)
entry 16941000/19630921 (86.2975%)
entry 16944000/19630921 (86.3128%)
entry 16953000/19630921 (86.3587%)
entry 16955000/19630921 (86.3689%)
entry 16956000/19630921 (86.3739%)
entry 16957000/19630921 (86.379%)
entry 16959000/19630921 (86.3892%)
entry 16970000/19630921 (86.4453%)
entry 16971000/19630921 (86.4504%)
entry 16978000/19630921 (86.486%)
entry 16981000/19630921 (86.5013%)
entry 16983000/19630921 (86.5115%)
entry 16986000/19630921 (86.5268%)
entry 16987000/19630921 (86.5319%)
entry 16989000/19630921 (86.542%)
entry 16993000/19630921 (86.5624%)
entry 17000000/19630921 (86.5981%)
entry 17005000/19630921 (86.6235%)
entry 17006000/19630921 (86.6286%)
entry 17009000/19630921 (86.6439%)
entry 17012000/19630921 (86.6592%)
entry 17016000/19630921 (86.6796%)
entry 17020000/19630921 (86.7%)
entry 17021000/19630921 (86.7051%)
entry 17023000/19630921 (86.7152%)
entry 17025000/19630921 (86.7254%)
entry 17027000/19630921 (86.7356%)
entry 17033000/19630921 (86.7662%)
entry 17042000/19630921 (86.812%)
entry 17045000/19630921 (86.8273%)
entry 17047000/19630921 (86.8375%)
entry 17048000/19630921 (86.8426%)
entry 17049000/19630921 (86.8477%)
entry 17050000/19630921 (86.8528%)
entry 17052000/19630921 (86.863%)
entry 17055000/19630921 (86.8783%)
entry 17057000/19630921 (86.8884%)
entry 17060000/19630921 (86.9037%)
entry 17064000/19630921 (86.9241%)
entry 17066000/19630921 (86.9343%)
entry 17074000/19630921 (86.975%)
entry 17076000/19630921 (86.9852%)
entry 17077000/19630921 (86.9903%)
entry 17081000/19630921 (87.0107%)
entry 17093000/19630921 (87.0718%)
entry 17106000/19630921 (87.138%)
entry 17107000/19630921 (87.1431%)
entry 17111000/19630921 (87.1635%)
entry 17112000/19630921 (87.1686%)
entry 17117000/19630921 (87.1941%)
entry 17120000/19630921 (87.2094%)
entry 17126000/19630921 (87.2399%)
entry 17134000/19630921 (87.2807%)
entry 17140000/19630921 (87.3112%)
entry 17141000/19630921 (87.3163%)
entry 17142000/19630921 (87.3214%)
entry 17144000/19630921 (87.3316%)
entry 17147000/19630921 (87.3469%)
entry 17148000/19630921 (87.352%)
entry 17149000/19630921 (87.3571%)
entry 17151000/19630921 (87.3673%)
entry 17152000/19630921 (87.3724%)
entry 17160000/19630921 (87.4131%)
entry 17161000/19630921 (87.4182%)
entry 17162000/19630921 (87.4233%)
entry 17164000/19630921 (87.4335%)
entry 17167000/19630921 (87.4488%)
entry 17175000/19630921 (87.4895%)
entry 17182000/19630921 (87.5252%)
entry 17183000/19630921 (87.5303%)
entry 17185000/19630921 (87.5405%)
entry 17188000/19630921 (87.5558%)
entry 17189000/19630921 (87.5609%)
entry 17206000/19630921 (87.6474%)
entry 17208000/19630921 (87.6576%)
entry 17209000/19630921 (87.6627%)
entry 17210000/19630921 (87.6678%)
entry 17212000/19630921 (87.678%)
entry 17214000/19630921 (87.6882%)
entry 17221000/19630921 (87.7239%)
entry 17223000/19630921 (87.734%)
entry 17224000/19630921 (87.7391%)
entry 17232000/19630921 (87.7799%)
entry 17249000/19630921 (87.8665%)
entry 17254000/19630921 (87.892%)
entry 17255000/19630921 (87.8971%)
entry 17259000/19630921 (87.9174%)
entry 17260000/19630921 (87.9225%)
entry 17263000/19630921 (87.9378%)
entry 17266000/19630921 (87.9531%)
entry 17267000/19630921 (87.9582%)
entry 17272000/19630921 (87.9836%)
entry 17274000/19630921 (87.9938%)
entry 17275000/19630921 (87.9989%)
entry 17281000/19630921 (88.0295%)
entry 17282000/19630921 (88.0346%)
entry 17287000/19630921 (88.0601%)
entry 17296000/19630921 (88.1059%)
entry 17297000/19630921 (88.111%)
entry 17301000/19630921 (88.1314%)
entry 17303000/19630921 (88.1416%)
entry 17309000/19630921 (88.1721%)
entry 17311000/19630921 (88.1823%)
entry 17320000/19630921 (88.2282%)
entry 17328000/19630921 (88.2689%)
entry 17331000/19630921 (88.2842%)
entry 17332000/19630921 (88.2893%)
entry 17335000/19630921 (88.3046%)
entry 17336000/19630921 (88.3097%)
entry 17351000/19630921 (88.3861%)
entry 17353000/19630921 (88.3963%)
entry 17358000/19630921 (88.4217%)
entry 17359000/19630921 (88.4268%)
entry 17366000/19630921 (88.4625%)
entry 17384000/19630921 (88.5542%)
entry 17386000/19630921 (88.5644%)
entry 17391000/19630921 (88.5898%)
entry 17392000/19630921 (88.5949%)
entry 17393000/19630921 (88.6%)
entry 17397000/19630921 (88.6204%)
entry 17407000/19630921 (88.6713%)
entry 17409000/19630921 (88.6815%)
entry 17413000/19630921 (88.7019%)
entry 17414000/19630921 (88.707%)
entry 17424000/19630921 (88.7579%)
entry 17439000/19630921 (88.8344%)
entry 17446000/19630921 (88.87%)
entry 17454000/19630921 (88.9108%)
entry 17455000/19630921 (88.9159%)
entry 17456000/19630921 (88.9209%)
entry 17459000/19630921 (88.9362%)
entry 17463000/19630921 (88.9566%)
entry 17468000/19630921 (88.9821%)
entry 17473000/19630921 (89.0075%)
entry 17476000/19630921 (89.0228%)
entry 17479000/19630921 (89.0381%)
entry 17486000/19630921 (89.0738%)
entry 17488000/19630921 (89.084%)
entry 17491000/19630921 (89.0992%)
entry 17492000/19630921 (89.1043%)
entry 17502000/19630921 (89.1553%)
entry 17504000/19630921 (89.1655%)
entry 17505000/19630921 (89.1706%)
entry 17509000/19630921 (89.1909%)
entry 17514000/19630921 (89.2164%)
entry 17517000/19630921 (89.2317%)
entry 17522000/19630921 (89.2572%)
entry 17529000/19630921 (89.2928%)
entry 17530000/19630921 (89.2979%)
entry 17531000/19630921 (89.303%)
entry 17537000/19630921 (89.3336%)
entry 17538000/19630921 (89.3387%)
entry 17539000/19630921 (89.3438%)
entry 17540000/19630921 (89.3488%)
entry 17547000/19630921 (89.3845%)
entry 17549000/19630921 (89.3947%)
entry 17551000/19630921 (89.4049%)
entry 17561000/19630921 (89.4558%)
entry 17562000/19630921 (89.4609%)
entry 17565000/19630921 (89.4762%)
entry 17569000/19630921 (89.4966%)
entry 17577000/19630921 (89.5373%)
entry 17578000/19630921 (89.5424%)
entry 17589000/19630921 (89.5984%)
entry 17595000/19630921 (89.629%)
entry 17598000/19630921 (89.6443%)
entry 17599000/19630921 (89.6494%)
entry 17603000/19630921 (89.6698%)
entry 17604000/19630921 (89.6749%)
entry 17607000/19630921 (89.6901%)
entry 17608000/19630921 (89.6952%)
entry 17609000/19630921 (89.7003%)
entry 17611000/19630921 (89.7105%)
entry 17614000/19630921 (89.7258%)
entry 17615000/19630921 (89.7309%)
entry 17620000/19630921 (89.7564%)
entry 17626000/19630921 (89.7869%)
entry 17629000/19630921 (89.8022%)
entry 17630000/19630921 (89.8073%)
entry 17633000/19630921 (89.8226%)
entry 17634000/19630921 (89.8277%)
entry 17642000/19630921 (89.8684%)
entry 17643000/19630921 (89.8735%)
entry 17648000/19630921 (89.899%)
entry 17649000/19630921 (89.9041%)
entry 17651000/19630921 (89.9143%)
entry 17660000/19630921 (89.9601%)
entry 17662000/19630921 (89.9703%)
entry 17663000/19630921 (89.9754%)
entry 17664000/19630921 (89.9805%)
entry 17676000/19630921 (90.0416%)
entry 17678000/19630921 (90.0518%)
entry 17686000/19630921 (90.0926%)
entry 17688000/19630921 (90.1028%)
entry 17689000/19630921 (90.1079%)
entry 17691000/19630921 (90.118%)
entry 17699000/19630921 (90.1588%)
entry 17709000/19630921 (90.2097%)
entry 17716000/19630921 (90.2454%)
entry 17721000/19630921 (90.2709%)
entry 17724000/19630921 (90.2861%)
entry 17728000/19630921 (90.3065%)
entry 17732000/19630921 (90.3269%)
entry 17734000/19630921 (90.3371%)
entry 17737000/19630921 (90.3524%)
entry 17745000/19630921 (90.3931%)
entry 17753000/19630921 (90.4339%)
entry 17754000/19630921 (90.439%)
entry 17756000/19630921 (90.4491%)
entry 17759000/19630921 (90.4644%)
entry 17761000/19630921 (90.4746%)
entry 17763000/19630921 (90.4848%)
entry 17764000/19630921 (90.4899%)
entry 17778000/19630921 (90.5612%)
entry 17780000/19630921 (90.5714%)
entry 17786000/19630921 (90.602%)
entry 17787000/19630921 (90.6071%)
entry 17791000/19630921 (90.6274%)
entry 17795000/19630921 (90.6478%)
entry 17802000/19630921 (90.6835%)
entry 17803000/19630921 (90.6886%)
entry 17808000/19630921 (90.714%)
entry 17809000/19630921 (90.7191%)
entry 17811000/19630921 (90.7293%)
entry 17812000/19630921 (90.7344%)
entry 17815000/19630921 (90.7497%)
entry 17818000/19630921 (90.765%)
entry 17824000/19630921 (90.7955%)
entry 17828000/19630921 (90.8159%)
entry 17829000/19630921 (90.821%)
entry 17834000/19630921 (90.8465%)
entry 17839000/19630921 (90.8719%)
entry 17844000/19630921 (90.8974%)
entry 17858000/19630921 (90.9687%)
entry 17860000/19630921 (90.9789%)
entry 17862000/19630921 (90.9891%)
entry 17867000/19630921 (91.0146%)
entry 17868000/19630921 (91.0197%)
entry 17872000/19630921 (91.0401%)
entry 17876000/19630921 (91.0604%)
entry 17881000/19630921 (91.0859%)
entry 17884000/19630921 (91.1012%)
entry 17892000/19630921 (91.1419%)
entry 17910000/19630921 (91.2336%)
entry 17911000/19630921 (91.2387%)
entry 17916000/19630921 (91.2642%)
entry 17922000/19630921 (91.2948%)
entry 17933000/19630921 (91.3508%)
entry 17935000/19630921 (91.361%)
entry 17936000/19630921 (91.3661%)
entry 17937000/19630921 (91.3712%)
entry 17941000/19630921 (91.3915%)
entry 17946000/19630921 (91.417%)
entry 17947000/19630921 (91.4221%)
entry 17950000/19630921 (91.4374%)
entry 17955000/19630921 (91.4629%)
entry 17957000/19630921 (91.473%)
entry 17960000/19630921 (91.4883%)
entry 17963000/19630921 (91.5036%)
entry 17971000/19630921 (91.5444%)
entry 17978000/19630921 (91.58%)
entry 17980000/19630921 (91.5902%)
entry 17985000/19630921 (91.6157%)
entry 17990000/19630921 (91.6411%)
entry 17993000/19630921 (91.6564%)
entry 18005000/19630921 (91.7176%)
entry 18007000/19630921 (91.7277%)
entry 18010000/19630921 (91.743%)
entry 18012000/19630921 (91.7532%)
entry 18015000/19630921 (91.7685%)
entry 18016000/19630921 (91.7736%)
entry 18017000/19630921 (91.7787%)
entry 18020000/19630921 (91.794%)
entry 18022000/19630921 (91.8042%)
entry 18024000/19630921 (91.8143%)
entry 18025000/19630921 (91.8194%)
entry 18029000/19630921 (91.8398%)
entry 18030000/19630921 (91.8449%)
entry 18031000/19630921 (91.85%)
entry 18034000/19630921 (91.8653%)
entry 18039000/19630921 (91.8908%)
entry 18042000/19630921 (91.906%)
entry 18043000/19630921 (91.9111%)
entry 18046000/19630921 (91.9264%)
entry 18047000/19630921 (91.9315%)
entry 18053000/19630921 (91.9621%)
entry 18062000/19630921 (92.0079%)
entry 18063000/19630921 (92.013%)
entry 18069000/19630921 (92.0436%)
entry 18075000/19630921 (92.0741%)
entry 18076000/19630921 (92.0792%)
entry 18077000/19630921 (92.0843%)
entry 18078000/19630921 (92.0894%)
entry 18082000/19630921 (92.1098%)
entry 18101000/19630921 (92.2066%)
entry 18121000/19630921 (92.3085%)
entry 18132000/19630921 (92.3645%)
entry 18135000/19630921 (92.3798%)
entry 18138000/19630921 (92.3951%)
entry 18146000/19630921 (92.4358%)
entry 18152000/19630921 (92.4664%)
entry 18153000/19630921 (92.4715%)
entry 18157000/19630921 (92.4918%)
entry 18161000/19630921 (92.5122%)
entry 18165000/19630921 (92.5326%)
entry 18170000/19630921 (92.5581%)
entry 18184000/19630921 (92.6294%)
entry 18191000/19630921 (92.665%)
entry 18197000/19630921 (92.6956%)
entry 18200000/19630921 (92.7109%)
entry 18202000/19630921 (92.7211%)
entry 18206000/19630921 (92.7415%)
entry 18207000/19630921 (92.7465%)
entry 18217000/19630921 (92.7975%)
entry 18222000/19630921 (92.823%)
entry 18223000/19630921 (92.828%)
entry 18227000/19630921 (92.8484%)
entry 18229000/19630921 (92.8586%)
entry 18237000/19630921 (92.8994%)
entry 18240000/19630921 (92.9146%)
entry 18241000/19630921 (92.9197%)
entry 18244000/19630921 (92.935%)
entry 18246000/19630921 (92.9452%)
entry 18248000/19630921 (92.9554%)
entry 18251000/19630921 (92.9707%)
entry 18252000/19630921 (92.9758%)
entry 18257000/19630921 (93.0012%)
entry 18261000/19630921 (93.0216%)
entry 18263000/19630921 (93.0318%)
entry 18264000/19630921 (93.0369%)
entry 18277000/19630921 (93.1031%)
entry 18278000/19630921 (93.1082%)
entry 18283000/19630921 (93.1337%)
entry 18287000/19630921 (93.1541%)
entry 18288000/19630921 (93.1592%)
entry 18290000/19630921 (93.1693%)
entry 18292000/19630921 (93.1795%)
entry 18294000/19630921 (93.1897%)
entry 18298000/19630921 (93.2101%)
entry 18303000/19630921 (93.2356%)
entry 18305000/19630921 (93.2458%)
entry 18310000/19630921 (93.2712%)
entry 18316000/19630921 (93.3018%)
entry 18325000/19630921 (93.3476%)
entry 18332000/19630921 (93.3833%)
entry 18333000/19630921 (93.3884%)
entry 18340000/19630921 (93.424%)
entry 18341000/19630921 (93.4291%)
entry 18344000/19630921 (93.4444%)
entry 18345000/19630921 (93.4495%)
entry 18346000/19630921 (93.4546%)
entry 18355000/19630921 (93.5005%)
entry 18356000/19630921 (93.5055%)
entry 18362000/19630921 (93.5361%)
entry 18366000/19630921 (93.5565%)
entry 18371000/19630921 (93.582%)
entry 18379000/19630921 (93.6227%)
entry 18380000/19630921 (93.6278%)
entry 18382000/19630921 (93.638%)
entry 18383000/19630921 (93.6431%)
entry 18384000/19630921 (93.6482%)
entry 18392000/19630921 (93.6889%)
entry 18393000/19630921 (93.694%)
entry 18398000/19630921 (93.7195%)
entry 18401000/19630921 (93.7348%)
entry 18408000/19630921 (93.7704%)
entry 18409000/19630921 (93.7755%)
entry 18411000/19630921 (93.7857%)
entry 18417000/19630921 (93.8163%)
entry 18419000/19630921 (93.8265%)
entry 18420000/19630921 (93.8316%)
entry 18421000/19630921 (93.8367%)
entry 18425000/19630921 (93.857%)
entry 18428000/19630921 (93.8723%)
entry 18429000/19630921 (93.8774%)
entry 18430000/19630921 (93.8825%)
entry 18434000/19630921 (93.9029%)
entry 18435000/19630921 (93.908%)
entry 18436000/19630921 (93.9131%)
entry 18441000/19630921 (93.9385%)
entry 18445000/19630921 (93.9589%)
entry 18447000/19630921 (93.9691%)
entry 18454000/19630921 (94.0048%)
entry 18458000/19630921 (94.0251%)
entry 18461000/19630921 (94.0404%)
entry 18462000/19630921 (94.0455%)
entry 18467000/19630921 (94.071%)
entry 18471000/19630921 (94.0914%)
entry 18472000/19630921 (94.0965%)
entry 18475000/19630921 (94.1117%)
entry 18483000/19630921 (94.1525%)
entry 18485000/19630921 (94.1627%)
entry 18487000/19630921 (94.1729%)
entry 18493000/19630921 (94.2034%)
entry 18500000/19630921 (94.2391%)
entry 18505000/19630921 (94.2646%)
entry 18508000/19630921 (94.2798%)
entry 18510000/19630921 (94.29%)
entry 18512000/19630921 (94.3002%)
entry 18514000/19630921 (94.3104%)
entry 18518000/19630921 (94.3308%)
entry 18524000/19630921 (94.3613%)
entry 18530000/19630921 (94.3919%)
entry 18534000/19630921 (94.4123%)
entry 18551000/19630921 (94.4989%)
entry 18553000/19630921 (94.5091%)
entry 18557000/19630921 (94.5294%)
entry 18558000/19630921 (94.5345%)
entry 18563000/19630921 (94.56%)
entry 18566000/19630921 (94.5753%)
entry 18569000/19630921 (94.5906%)
entry 18572000/19630921 (94.6059%)
entry 18573000/19630921 (94.611%)
entry 18575000/19630921 (94.6211%)
entry 18576000/19630921 (94.6262%)
entry 18577000/19630921 (94.6313%)
entry 18580000/19630921 (94.6466%)
entry 18581000/19630921 (94.6517%)
entry 18597000/19630921 (94.7332%)
entry 18605000/19630921 (94.774%)
entry 18620000/19630921 (94.8504%)
entry 18621000/19630921 (94.8555%)
entry 18625000/19630921 (94.8758%)
entry 18630000/19630921 (94.9013%)
entry 18638000/19630921 (94.9421%)
entry 18642000/19630921 (94.9624%)
entry 18643000/19630921 (94.9675%)
entry 18646000/19630921 (94.9828%)
entry 18647000/19630921 (94.9879%)
entry 18658000/19630921 (95.0439%)
entry 18659000/19630921 (95.049%)
entry 18660000/19630921 (95.0541%)
entry 18661000/19630921 (95.0592%)
entry 18662000/19630921 (95.0643%)
entry 18663000/19630921 (95.0694%)
entry 18666000/19630921 (95.0847%)
entry 18671000/19630921 (95.1102%)
entry 18675000/19630921 (95.1305%)
entry 18676000/19630921 (95.1356%)
entry 18679000/19630921 (95.1509%)
entry 18683000/19630921 (95.1713%)
entry 18687000/19630921 (95.1917%)
entry 18694000/19630921 (95.2273%)
entry 18696000/19630921 (95.2375%)
entry 18697000/19630921 (95.2426%)
entry 18704000/19630921 (95.2783%)
entry 18705000/19630921 (95.2834%)
entry 18707000/19630921 (95.2935%)
entry 18712000/19630921 (95.319%)
entry 18714000/19630921 (95.3292%)
entry 18715000/19630921 (95.3343%)
entry 18717000/19630921 (95.3445%)
entry 18718000/19630921 (95.3496%)
entry 18720000/19630921 (95.3598%)
entry 18727000/19630921 (95.3954%)
entry 18731000/19630921 (95.4158%)
entry 18747000/19630921 (95.4973%)
entry 18758000/19630921 (95.5533%)
entry 18759000/19630921 (95.5584%)
entry 18761000/19630921 (95.5686%)
entry 18765000/19630921 (95.589%)
entry 18768000/19630921 (95.6043%)
entry 18770000/19630921 (95.6145%)
entry 18773000/19630921 (95.6298%)
entry 18776000/19630921 (95.645%)
entry 18778000/19630921 (95.6552%)
entry 18780000/19630921 (95.6654%)
entry 18784000/19630921 (95.6858%)
entry 18788000/19630921 (95.7062%)
entry 18790000/19630921 (95.7164%)
entry 18799000/19630921 (95.7622%)
entry 18803000/19630921 (95.7826%)
entry 18805000/19630921 (95.7928%)
entry 18808000/19630921 (95.808%)
entry 18820000/19630921 (95.8692%)
entry 18822000/19630921 (95.8794%)
entry 18823000/19630921 (95.8845%)
entry 18829000/19630921 (95.915%)
entry 18830000/19630921 (95.9201%)
entry 18832000/19630921 (95.9303%)
entry 18834000/19630921 (95.9405%)
entry 18835000/19630921 (95.9456%)
entry 18840000/19630921 (95.971%)
entry 18842000/19630921 (95.9812%)
entry 18844000/19630921 (95.9914%)
entry 18845000/19630921 (95.9965%)
entry 18847000/19630921 (96.0067%)
entry 18849000/19630921 (96.0169%)
entry 18850000/19630921 (96.022%)
entry 18851000/19630921 (96.0271%)
entry 18853000/19630921 (96.0373%)
entry 18854000/19630921 (96.0424%)
entry 18855000/19630921 (96.0475%)
entry 18858000/19630921 (96.0627%)
entry 18865000/19630921 (96.0984%)
entry 18868000/19630921 (96.1137%)
entry 18869000/19630921 (96.1188%)
entry 18876000/19630921 (96.1544%)
entry 18880000/19630921 (96.1748%)
entry 18881000/19630921 (96.1799%)
entry 18884000/19630921 (96.1952%)
entry 18888000/19630921 (96.2156%)
entry 18891000/19630921 (96.2308%)
entry 18907000/19630921 (96.3124%)
entry 18908000/19630921 (96.3174%)
entry 18912000/19630921 (96.3378%)
entry 18917000/19630921 (96.3633%)
entry 18918000/19630921 (96.3684%)
entry 18936000/19630921 (96.4601%)
entry 18937000/19630921 (96.4652%)
entry 18940000/19630921 (96.4805%)
entry 18943000/19630921 (96.4957%)
entry 18945000/19630921 (96.5059%)
entry 18948000/19630921 (96.5212%)
entry 18950000/19630921 (96.5314%)
entry 18954000/19630921 (96.5518%)
entry 18957000/19630921 (96.567%)
entry 18960000/19630921 (96.5823%)
entry 18962000/19630921 (96.5925%)
entry 18966000/19630921 (96.6129%)
entry 18972000/19630921 (96.6435%)
entry 18973000/19630921 (96.6486%)
entry 18982000/19630921 (96.6944%)
entry 18985000/19630921 (96.7097%)
entry 18986000/19630921 (96.7148%)
entry 18988000/19630921 (96.725%)
entry 18996000/19630921 (96.7657%)
entry 19000000/19630921 (96.7861%)
entry 19005000/19630921 (96.8116%)
entry 19009000/19630921 (96.8319%)
entry 19016000/19630921 (96.8676%)
entry 19017000/19630921 (96.8727%)
entry 19018000/19630921 (96.8778%)
entry 19022000/19630921 (96.8982%)
entry 19029000/19630921 (96.9338%)
entry 19031000/19630921 (96.944%)
entry 19032000/19630921 (96.9491%)
entry 19034000/19630921 (96.9593%)
entry 19040000/19630921 (96.9899%)
entry 19043000/19630921 (97.0051%)
entry 19044000/19630921 (97.0102%)
entry 19045000/19630921 (97.0153%)
entry 19047000/19630921 (97.0255%)
entry 19048000/19630921 (97.0306%)
entry 19051000/19630921 (97.0459%)
entry 19053000/19630921 (97.0561%)
entry 19059000/19630921 (97.0866%)
entry 19062000/19630921 (97.1019%)
entry 19071000/19630921 (97.1478%)
entry 19085000/19630921 (97.2191%)
entry 19088000/19630921 (97.2344%)
entry 19090000/19630921 (97.2445%)
entry 19095000/19630921 (97.27%)
entry 19097000/19630921 (97.2802%)
entry 19105000/19630921 (97.321%)
entry 19107000/19630921 (97.3311%)
entry 19110000/19630921 (97.3464%)
entry 19111000/19630921 (97.3515%)
entry 19117000/19630921 (97.3821%)
entry 19119000/19630921 (97.3923%)
entry 19120000/19630921 (97.3974%)
entry 19123000/19630921 (97.4127%)
entry 19125000/19630921 (97.4228%)
entry 19131000/19630921 (97.4534%)
entry 19134000/19630921 (97.4687%)
entry 19139000/19630921 (97.4942%)
entry 19148000/19630921 (97.54%)
entry 19149000/19630921 (97.5451%)
entry 19152000/19630921 (97.5604%)
entry 19161000/19630921 (97.6062%)
entry 19165000/19630921 (97.6266%)
entry 19167000/19630921 (97.6368%)
entry 19174000/19630921 (97.6724%)
entry 19177000/19630921 (97.6877%)
entry 19178000/19630921 (97.6928%)
entry 19179000/19630921 (97.6979%)
entry 19181000/19630921 (97.7081%)
entry 19186000/19630921 (97.7336%)
entry 19188000/19630921 (97.7438%)
entry 19196000/19630921 (97.7845%)
entry 19203000/19630921 (97.8202%)
entry 19206000/19630921 (97.8355%)
entry 19210000/19630921 (97.8558%)
entry 19211000/19630921 (97.8609%)
entry 19218000/19630921 (97.8966%)
entry 19224000/19630921 (97.9271%)
entry 19227000/19630921 (97.9424%)
entry 19235000/19630921 (97.9832%)
entry 19240000/19630921 (98.0087%)
entry 19242000/19630921 (98.0188%)
entry 19246000/19630921 (98.0392%)
entry 19248000/19630921 (98.0494%)
entry 19249000/19630921 (98.0545%)
entry 19252000/19630921 (98.0698%)
entry 19254000/19630921 (98.08%)
entry 19260000/19630921 (98.1105%)
entry 19263000/19630921 (98.1258%)
entry 19265000/19630921 (98.136%)
entry 19268000/19630921 (98.1513%)
entry 19273000/19630921 (98.1768%)
entry 19286000/19630921 (98.243%)
entry 19287000/19630921 (98.2481%)
entry 19295000/19630921 (98.2888%)
entry 19301000/19630921 (98.3194%)
entry 19302000/19630921 (98.3245%)
entry 19304000/19630921 (98.3347%)
entry 19308000/19630921 (98.355%)
entry 19309000/19630921 (98.3601%)
entry 19312000/19630921 (98.3754%)
entry 19313000/19630921 (98.3805%)
entry 19315000/19630921 (98.3907%)
entry 19318000/19630921 (98.406%)
entry 19319000/19630921 (98.4111%)
entry 19321000/19630921 (98.4213%)
entry 19323000/19630921 (98.4315%)
entry 19333000/19630921 (98.4824%)
entry 19335000/19630921 (98.4926%)
entry 19337000/19630921 (98.5028%)
entry 19338000/19630921 (98.5079%)
entry 19345000/19630921 (98.5435%)
entry 19347000/19630921 (98.5537%)
entry 19348000/19630921 (98.5588%)
entry 19351000/19630921 (98.5741%)
entry 19356000/19630921 (98.5996%)
entry 19361000/19630921 (98.625%)
entry 19363000/19630921 (98.6352%)
entry 19366000/19630921 (98.6505%)
entry 19368000/19630921 (98.6607%)
entry 19379000/19630921 (98.7167%)
entry 19380000/19630921 (98.7218%)
entry 19383000/19630921 (98.7371%)
entry 19386000/19630921 (98.7524%)
entry 19389000/19630921 (98.7677%)
entry 19390000/19630921 (98.7728%)
entry 19394000/19630921 (98.7931%)
entry 19398000/19630921 (98.8135%)
entry 19400000/19630921 (98.8237%)
entry 19402000/19630921 (98.8339%)
entry 19409000/19630921 (98.8695%)
entry 19411000/19630921 (98.8797%)
entry 19412000/19630921 (98.8848%)
entry 19415000/19630921 (98.9001%)
entry 19421000/19630921 (98.9307%)
entry 19423000/19630921 (98.9409%)
entry 19424000/19630921 (98.946%)
entry 19428000/19630921 (98.9663%)
entry 19433000/19630921 (98.9918%)
entry 19436000/19630921 (99.0071%)
entry 19437000/19630921 (99.0122%)
entry 19441000/19630921 (99.0325%)
entry 19449000/19630921 (99.0733%)
entry 19451000/19630921 (99.0835%)
entry 19453000/19630921 (99.0937%)
entry 19455000/19630921 (99.1039%)
entry 19456000/19630921 (99.109%)
entry 19463000/19630921 (99.1446%)
entry 19464000/19630921 (99.1497%)
entry 19466000/19630921 (99.1599%)
entry 19469000/19630921 (99.1752%)
entry 19471000/19630921 (99.1854%)
entry 19472000/19630921 (99.1905%)
entry 19475000/19630921 (99.2057%)
entry 19478000/19630921 (99.221%)
entry 19482000/19630921 (99.2414%)
entry 19484000/19630921 (99.2516%)
entry 19485000/19630921 (99.2567%)
entry 19493000/19630921 (99.2974%)
entry 19494000/19630921 (99.3025%)
entry 19496000/19630921 (99.3127%)
entry 19502000/19630921 (99.3433%)
entry 19505000/19630921 (99.3586%)
entry 19507000/19630921 (99.3688%)
entry 19511000/19630921 (99.3891%)
entry 19512000/19630921 (99.3942%)
entry 19518000/19630921 (99.4248%)
entry 19520000/19630921 (99.435%)
entry 19521000/19630921 (99.4401%)
entry 19522000/19630921 (99.4452%)
entry 19523000/19630921 (99.4503%)
entry 19524000/19630921 (99.4554%)
entry 19525000/19630921 (99.4604%)
entry 19528000/19630921 (99.4757%)
entry 19531000/19630921 (99.491%)
entry 19542000/19630921 (99.547%)
entry 19543000/19630921 (99.5521%)
entry 19550000/19630921 (99.5878%)
entry 19556000/19630921 (99.6184%)
entry 19558000/19630921 (99.6285%)
entry 19560000/19630921 (99.6387%)
entry 19564000/19630921 (99.6591%)
entry 19567000/19630921 (99.6744%)
entry 19568000/19630921 (99.6795%)
entry 19570000/19630921 (99.6897%)
entry 19572000/19630921 (99.6999%)
entry 19578000/19630921 (99.7304%)
entry 19584000/19630921 (99.761%)
entry 19589000/19630921 (99.7865%)
entry 19601000/19630921 (99.8476%)
entry 19602000/19630921 (99.8527%)
entry 19603000/19630921 (99.8578%)
entry 19605000/19630921 (99.868%)
entry 19607000/19630921 (99.8782%)
entry 19611000/19630921 (99.8985%)
entry 19614000/19630921 (99.9138%)
entry 19617000/19630921 (99.9291%)
entry 19619000/19630921 (99.9393%)
entry 19621000/19630921 (99.9495%)
entry 19623000/19630921 (99.9597%)
entry 19626000/19630921 (99.9749%)
entry 19627000/19630921 (99.98%)
entry 19628000/19630921 (99.9851%)
all done
script done
