sphnx1022.sdcc.bnl.gov
rsyncing from /gpfs/mnt/gpfs02/sphenix/user/samfred/run25/ppg11/histmaking
running: /gpfs/mnt/gpfs02/sphenix/user/samfred/run25/ppg11/histmaking/script_data.sh 47443
LD_LIBRARY_PATH now /sphenix/user/samfred/run25/install//lib:/cvmfs/sphenix.sdcc.bnl.gov/alma9.2-gcc-14.2.0/opt/sphenix/core/gcc/14.2.0-2f0a0/x86_64-el9/lib:/cvmfs/sphenix.sdcc.bnl.gov/alma9.2-gcc-14.2.0/opt/sphenix/core/gcc/14.2.0-2f0a0/x86_64-el9/lib64:/cvmfs/sphenix.sdcc.bnl.gov/alma9.2-gcc-14.2.0/opt/sphenix/core/binutils/2.40-acaab/x86_64-el9/lib:.:/cvmfs/sphenix.sdcc.bnl.gov/alma9.2-gcc-14.2.0/release/release_new/new.10/lib64:/cvmfs/sphenix.sdcc.bnl.gov/alma9.2-gcc-14.2.0/release/release_new/new.10/lib:/cvmfs/sphenix.sdcc.bnl.gov/alma9.2-gcc-14.2.0/opt/sphenix/utils/lib:/cvmfs/sphenix.sdcc.bnl.gov/alma9.2-gcc-14.2.0/opt/sphenix/core/lib:/cvmfs/sphenix.sdcc.bnl.gov/alma9.2-gcc-14.2.0/opt/sphenix/core/root-6.32.06/lib:/cvmfs/sphenix.sdcc.bnl.gov/alma9.2-gcc-14.2.0/opt/sphenix/core/geant4.10.07.p04/lib64:/cvmfs/sphenix.sdcc.bnl.gov/alma9.2-gcc-14.2.0/opt/sphenix/core/lhapdf-5.9.1/lib:/usr/local/lib64:/usr/lib64
PATH now /sphenix/user/samfred/run25/install//bin:/cvmfs/sphenix.sdcc.bnl.gov/alma9.2-gcc-14.2.0/opt/sphenix/core/gcc/14.2.0-2f0a0/x86_64-el9/bin:/cvmfs/sphenix.sdcc.bnl.gov/alma9.2-gcc-14.2.0/opt/sphenix/core/binutils/2.40-acaab/x86_64-el9/bin:.:/cvmfs/sphenix.sdcc.bnl.gov/alma9.2-gcc-14.2.0/release/release_new/new.10/bin:/cvmfs/sphenix.sdcc.bnl.gov/alma9.2-gcc-14.2.0/opt/sphenix/utils/bin:/cvmfs/sphenix.sdcc.bnl.gov/alma9.2-gcc-14.2.0/opt/sphenix/core/bin:/cvmfs/sphenix.sdcc.bnl.gov/alma9.2-gcc-14.2.0/opt/sphenix/core/root-6.32.06/bin:/cvmfs/sphenix.sdcc.bnl.gov/alma9.2-gcc-14.2.0/opt/sphenix/core/geant4.10.07.p04/bin:/usr/local/bin:/usr/bin:/usr/local/sbin:/usr/sbin
_CONDOR_ANCESTOR_1466487=1469950:1759352673:3474812797
SINGULARITY_CACHEDIR=/home/condor/local/sphnx/execute/dir_1466487
_CONDOR_CHIRP_CONFIG=/home/condor/local/sphnx/execute/dir_1466487/.chirp.config
_CONDOR_JOB_IWD=/sphenix/user/samfred/run25/ppg11/histmaking
G4ENSDFSTATEDATA=/cvmfs/sphenix.sdcc.bnl.gov/alma9.2-gcc-14.2.0/opt/sphenix/core/geant4.10.07.p04/share/Geant4-10.7.4/data/G4ENSDFSTATE2.3
_CONDOR_MACHINE_AD=/home/condor/local/sphnx/execute/dir_1466487/.machine.ad
ROOT_MAX_THREADS=1
NUMEXPR_NUM_THREADS=1
CUBACORES=1
_CHIRP_DELAYED_UPDATE_PREFIX=Chirp*
OMP_THREAD_LIMIT=1
G4PIIDATA=/cvmfs/sphenix.sdcc.bnl.gov/alma9.2-gcc-14.2.0/opt/sphenix/core/geant4.10.07.p04/share/Geant4-10.7.4/data/G4PII1.3
NO_AT_BRIDGE=1
G4_MAIN=/cvmfs/sphenix.sdcc.bnl.gov/alma9.2-gcc-14.2.0/opt/sphenix/core/geant4.10.07.p04
COMPILER_PATH=/cvmfs/sphenix.sdcc.bnl.gov/alma9.2-gcc-14.2.0/opt/sphenix/core/gcc/14.2.0-2f0a0/x86_64-el9
ROOT_INCLUDE_PATH=./:/sphenix/user/samfred/run25/install//include:/sphenix/user/samfred/run25/install//include/caloana:/sphenix/user/samfred/run25/install//include/qa_centrality:/sphenix/user/samfred/run25/install//include/mbdana:/sphenix/user/samfred/run25/install//include/centrality:/sphenix/user/samfred/run25/install//include/Event:/cvmfs/sphenix.sdcc.bnl.gov/alma9.2-gcc-14.2.0/release/release_new/new.10/include:/cvmfs/sphenix.sdcc.bnl.gov/alma9.2-gcc-14.2.0/release/release_new/new.10/include:/cvmfs/sphenix.sdcc.bnl.gov/alma9.2-gcc-14.2.0/release/release_new/new.10/include/g4mbd:/cvmfs/sphenix.sdcc.bnl.gov/alma9.2-gcc-14.2.0/release/release_new/new.10/include/fmt:/cvmfs/sphenix.sdcc.bnl.gov/alma9.2-gcc-14.2.0/release/release_new/new.10/include/ffarawobjects:/cvmfs/sphenix.sdcc.bnl.gov/alma9.2-gcc-14.2.0/release/release_new/new.10/include/JSON:/cvmfs/sphenix.sdcc.bnl.gov/alma9.2-gcc-14.2.0/release/release_new/new.10/include/calotreegen:/cvmfs/sphenix.sdcc.bnl.gov/alma9.2-gcc-14.2.0/release/release_new/new.10/include/torch:/cvmfs/sphenix.sdcc.bnl.gov/alma9.2-gcc-14.2.0/release/release_new/new.10/include/g4detectors:/cvmfs/sphenix.sdcc.bnl.gov/alma9.2-gcc-14.2.0/release/release_new/new.10/include/kineto:/cvmfs/sphenix.sdcc.bnl.gov/alma9.2-gcc-14.2.0/release/release_new/new.10/include/g4decayer:/cvmfs/sphenix.sdcc.bnl.gov/alma9.2-gcc-14.2.0/release/release_new/new.10/include/kfparticleqa:/cvmfs/sphenix.sdcc.bnl.gov/alma9.2-gcc-14.2.0/release/release_new/new.10/include/phfield:/cvmfs/sphenix.sdcc.bnl.gov/alma9.2-gcc-14.2.0/release/release_new/new.10/include/LHAPDF:/cvmfs/sphenix.sdcc.bnl.gov/alma9.2-gcc-14.2.0/release/release_new/new.10/include/readdigitalcurrents:/cvmfs/sphenix.sdcc.bnl.gov/alma9.2-gcc-14.2.0/release/release_new/new.10/include/c10:/cvmfs/sphenix.sdcc.bnl.gov/alma9.2-gcc-14.2.0/release/release_new/new.10/include/calovalid:/cvmfs/sphenix.sdcc.bnl.gov/alma9.2-gcc-14.2.0/release/release_new/new.10/include/oneapi:/cvmfs/sphenix.sdcc.bnl.gov/alma9.2-gcc-14.2.0/release/release_new/new.10/include/DDCond:/cvmfs/sphenix.sdcc.bnl.gov/alma9.2-gcc-14.2.0/release/release_new/new.10/include/g4tracking:/cvmfs/sphenix.sdcc.bnl.gov/alma9.2-gcc-14.2.0/release/release_new/new.10/include/litecaloeval:/cvmfs/sphenix.sdcc.bnl.gov/alma9.2-gcc-14.2.0/release/release_new/new.10/include/g4intt:/cvmfs/sphenix.sdcc.bnl.gov/alma9.2-gcc-14.2.0/release/release_new/new.10/include/phool:/cvmfs/sphenix.sdcc.bnl.gov/alma9.2-gcc-14.2.0/release/release_new/new.10/include/boost:/cvmfs/sphenix.sdcc.bnl.gov/alma9.2-gcc-14.2.0/release/release_new/new.10/include/Pythia8Plugins:/cvmfs/sphenix.sdcc.bnl.gov/alma9.2-gcc-14.2.0/release/release_new/new.10/include/calib_emc_pi0:/cvmfs/sphenix.sdcc.bnl.gov/alma9.2-gcc-14.2.0/release/release_new/new.10/include/hijingflipafterburner:/cvmfs/sphenix.sdcc.bnl.gov/alma9.2-gcc-14.2.0/release/release_new/new.10/include/ffaobjects:/cvmfs/sphenix.sdcc.bnl.gov/alma9.2-gcc-14.2.0/release/release_new/new.10/include/EvtGenBase:/cvmfs/sphenix.sdcc.bnl.gov/alma9.2-gcc-14.2.0/release/release_new/new.10/include/flowafterburner:/cvmfs/sphenix.sdcc.bnl.gov/alma9.2-gcc-14.2.0/release/release_new/new.10/include/google:/cvmfs/sphenix.sdcc.bnl.gov/alma9.2-gcc-14.2.0/release/release_new/new.10/include/g4tpc:/cvmfs/sphenix.sdcc.bnl.gov/alma9.2-gcc-14.2.0/release/release_new/new.10/include/caffe2:/cvmfs/sphenix.sdcc.bnl.gov/alma9.2-gcc-14.2.0/release/release_new/new.10/include/EvtGenExternal:/cvmfs/sphenix.sdcc.bnl.gov/alma9.2-gcc-14.2.0/release/release_new/new.10/include/fp16:/cvmfs/sphenix.sdcc.bnl.gov/alma9.2-gcc-14.2.0/release/release_new/new.10/include/ffamodules:/cvmfs/sphenix.sdcc.bnl.gov/alma9.2-gcc-14.2.0/release/release_new/new.10/include/uspin:/cvmfs/sphenix.sdcc.bnl.gov/alma9.2-gcc-14.2.0/release/release_new/new.10/include/Herwig:/cvmfs/sphenix.sdcc.bnl.gov/alma9.2-gcc-14.2.0/release/release_new/new.10/include/genfitexp:/cvmfs/sphenix.sdcc.bnl.gov/alma9.2-gcc-14.2.0/release/release_new/new.10/include/XML:/cvmfs/sphenix.sdcc.bnl.gov/alma9.2-gcc-14.2.0/release/release_new/new.10/include/fbgemm:/cvmfs/sphenix.sdcc.bnl.gov/alma9.2-gcc-14.2.0/release/release_new/new.10/include/DDAlign:/cvmfs/sphenix.sdcc.bnl.gov/alma9.2-gcc-14.2.0/release/release_new/new.10/include/g4mvtx:/cvmfs/sphenix.sdcc.bnl.gov/alma9.2-gcc-14.2.0/release/release_new/new.10/include/kfparticle_sphenix:/cvmfs/sphenix.sdcc.bnl.gov/alma9.2-gcc-14.2.0/release/release_new/new.10/include/fun4all:/cvmfs/sphenix.sdcc.bnl.gov/alma9.2-gcc-14.2.0/release/release_new/new.10/include/intt:/cvmfs/sphenix.sdcc.bnl.gov/alma9.2-gcc-14.2.0/release/release_new/new.10/include/eventdisplay:/cvmfs/sphenix.sdcc.bnl.gov/alma9.2-gcc-14.2.0/release/release_new/new.10/include/EvtGen:/cvmfs/sphenix.sdcc.bnl.gov/alma9.2-gcc-14.2.0/release/release_new/new.10/include/Evaluator:/cvmfs/sphenix.sdcc.bnl.gov/alma9.2-gcc-14.2.0/release/release_new/new.10/include/tpc:/cvmfs/sphenix.sdcc.bnl.gov/alma9.2-gcc-14.2.0/release/release_new/new.10/include/GenFit:/cvmfs/sphenix.sdcc.bnl.gov/alma9.2-gcc-14.2.0/release/release_new/new.10/include/prototype4:/cvmfs/sphenix.sdcc.bnl.gov/alma9.2-gcc-14.2.0/release/release_new/new.10/include/caloembedding:/cvmfs/sphenix.sdcc.bnl.gov/alma9.2-gcc-14.2.0/release/release_new/new.10/include/EvtGenModels:/cvmfs/sphenix.sdcc.bnl.gov/alma9.2-gcc-14.2.0/release/release_new/new.10/include/fastjet:/cvmfs/sphenix.sdcc.bnl.gov/alma9.2-gcc-14.2.0/release/release_new/new.10/include/DDG4:/cvmfs/sphenix.sdcc.bnl.gov/alma9.2-gcc-14.2.0/release/release_new/new.10/include/mbd:/cvmfs/sphenix.sdcc.bnl.gov/alma9.2-gcc-14.2.0/release/release_new/new.10/include/tbb:/cvmfs/sphenix.sdcc.bnl.gov/alma9.2-gcc-14.2.0/release/release_new/new.10/include/phgeom:/cvmfs/sphenix.sdcc.bnl.gov/alma9.2-gcc-14.2.0/release/release_new/new.10/include/g4epd:/cvmfs/sphenix.sdcc.bnl.gov/alma9.2-gcc-14.2.0/release/release_new/new.10/include/oncal:/cvmfs/sphenix.sdcc.bnl.gov/alma9.2-gcc-14.2.0/release/release_new/new.10/include/pybind11:/cvmfs/sphenix.sdcc.bnl.gov/alma9.2-gcc-14.2.0/release/release_new/new.10/include/tpcdistgenerator:/cvmfs/sphenix.sdcc.bnl.gov/alma9.2-gcc-14.2.0/release/release_new/new.10/include/cdbobjects:/cvmfs/sphenix.sdcc.bnl.gov/alma9.2-gcc-14.2.0/release/release_new/new.10/include/g4micromegas:/cvmfs/sphenix.sdcc.bnl.gov/alma9.2-gcc-14.2.0/release/release_new/new.10/include/g4eval:/cvmfs/sphenix.sdcc.bnl.gov/alma9.2-gcc-14.2.0/release/release_new/new.10/include/jetbackground:/cvmfs/sphenix.sdcc.bnl.gov/alma9.2-gcc-14.2.0/release/release_new/new.10/include/micromegas:/cvmfs/sphenix.sdcc.bnl.gov/alma9.2-gcc-14.2.0/release/release_new/new.10/include/hftrackefficiency:/cvmfs/sphenix.sdcc.bnl.gov/alma9.2-gcc-14.2.0/release/release_new/new.10/include/inttrawhitqa:/cvmfs/sphenix.sdcc.bnl.gov/alma9.2-gcc-14.2.0/release/release_new/new.10/include/centrality:/cvmfs/sphenix.sdcc.bnl.gov/alma9.2-gcc-14.2.0/release/release_new/new.10/include/epd:/cvmfs/sphenix.sdcc.bnl.gov/alma9.2-gcc-14.2.0/release/release_new/new.10/include/caloreco:/cvmfs/sphenix.sdcc.bnl.gov/alma9.2-gcc-14.2.0/release/release_new/new.10/include/HepMC:/cvmfs/sphenix.sdcc.bnl.gov/alma9.2-gcc-14.2.0/release/release_new/new.10/include/CLHEP:/cvmfs/sphenix.sdcc.bnl.gov/alma9.2-gcc-14.2.0/release/release_new/new.10/include/Acts:/cvmfs/sphenix.sdcc.bnl.gov/alma9.2-gcc-14.2.0/release/release_new/new.10/include/g4histos:/cvmfs/sphenix.sdcc.bnl.gov/alma9.2-gcc-14.2.0/release/release_new/new.10/include/eventplaneinfo:/cvmfs/sphenix.sdcc.bnl.gov/alma9.2-gcc-14.2.0/release/release_new/new.10/include/fillspacechargemaps:/cvmfs/sphenix.sdcc.bnl.gov/alma9.2-gcc-14.2.0/release/release_new/new.10/include/phhepmc:/cvmfs/sphenix.sdcc.bnl.gov/alma9.2-gcc-14.2.0/release/release_new/new.10/include/trackingqa:/cvmfs/sphenix.sdcc.bnl.gov/alma9.2-gcc-14.2.0/release/release_new/new.10/include/qautils:/cvmfs/sphenix.sdcc.bnl.gov/alma9.2-gcc-14.2.0/release/release_new/new.10/include/trackreco:/cvmfs/sphenix.sdcc.bnl.gov/alma9.2-gcc-14.2.0/release/release_new/new.10/include/g4ohcal:/cvmfs/sphenix.sdcc.bnl.gov/alma9.2-gcc-14.2.0/release/release_new/new.10/include/tpcdvcalib:/cvmfs/sphenix.sdcc.bnl.gov/alma9.2-gcc-14.2.0/release/release_new/new.10/include/zdcinfo:/cvmfs/sphenix.sdcc.bnl.gov/alma9.2-gcc-14.2.0/release/release_new/new.10/include/phpythia8:/cvmfs/sphenix.sdcc.bnl.gov/alma9.2-gcc-14.2.0/release/release_new/new.10/include/fun4allutils:/cvmfs/sphenix.sdcc.bnl.gov/alma9.2-gcc-14.2.0/release/release_new/new.10/include/tpcqa:/cvmfs/sphenix.sdcc.bnl.gov/alma9.2-gcc-14.2.0/release/release_new/new.10/include/Pythia8:/cvmfs/sphenix.sdcc.bnl.gov/alma9.2-gcc-14.2.0/release/release_new/new.10/include/DDRec:/cvmfs/sphenix.sdcc.bnl.gov/alma9.2-gcc-14.2.0/release/release_new/new.10/include/DDDigi:/cvmfs/sphenix.sdcc.bnl.gov/alma9.2-gcc-14.2.0/release/release_new/new.10/include/g4ihcal:/cvmfs/sphenix.sdcc.bnl.gov/alma9.2-gcc-14.2.0/release/release_new/new.10/include/frog:/cvmfs/sphenix.sdcc.bnl.gov/alma9.2-gcc-14.2.0/release/release_new/new.10/include/eigen3:/cvmfs/sphenix.sdcc.bnl.gov/alma9.2-gcc-14.2.0/release/release_new/new.10/include/tensorpipe:/cvmfs/sphenix.sdcc.bnl.gov/alma9.2-gcc-14.2.0/release/release_new/new.10/include/sphenixnpc:/cvmfs/sphenix.sdcc.bnl.gov/alma9.2-gcc-14.2.0/release/release_new/new.10/include/siscone:/cvmfs/sphenix.sdcc.bnl.gov/alma9.2-gcc-14.2.0/release/release_new/new.10/include/pmonitor:/cvmfs/sphenix.sdcc.bnl.gov/alma9.2-gcc-14.2.0/release/release_new/new.10/include/calobase:/cvmfs/sphenix.sdcc.bnl.gov/alma9.2-gcc-14.2.0/release/release_new/new.10/include/ActsExamples:/cvmfs/sphenix.sdcc.bnl.gov/alma9.2-gcc-14.2.0/release/release_new/new.10/include/g4gdml:/cvmfs/sphenix.sdcc.bnl.gov/alma9.2-gcc-14.2.0/release/release_new/new.10/include/mvtx_decoder:/cvmfs/sphenix.sdcc.bnl.gov/alma9.2-gcc-14.2.0/release/release_new/new.10/include/ROOT:/cvmfs/sphenix.sdcc.bnl.gov/alma9.2-gcc-14.2.0/release/release_new/new.10/include/phparameter:/cvmfs/sphenix.sdcc.bnl.gov/alma9.2-gcc-14.2.0/release/release_new/new.10/include/rsa:/cvmfs/sphenix.sdcc.bnl.gov/alma9.2-gcc-14.2.0/release/release_new/new.10/include/fun4allraw:/cvmfs/sphenix.sdcc.bnl.gov/alma9.2-gcc-14.2.0/release/release_new/new.10/include/trackbase_historic:/cvmfs/sphenix.sdcc.bnl.gov/alma9.2-gcc-14.2.0/release/release_new/new.10/include/g4jets:/cvmfs/sphenix.sdcc.bnl.gov/alma9.2-gcc-14.2.0/release/release_new/new.10/include/jetqa:/cvmfs/sphenix.sdcc.bnl.gov/alma9.2-gcc-14.2.0/release/release_new/new.10/include/phoolraw:/cvmfs/sphenix.sdcc.bnl.gov/alma9.2-gcc-14.2.0/release/release_new/new.10/include/g4calo:/cvmfs/sphenix.sdcc.bnl.gov/alma9.2-gcc-14.2.0/release/release_new/new.10/include/mvtxrawhitqa:/cvmfs/sphenix.sdcc.bnl.gov/alma9.2-gcc-14.2.0/release/release_new/new.10/include/HepMC3:/cvmfs/sphenix.sdcc.bnl.gov/alma9.2-gcc-14.2.0/release/release_new/new.10/include/calowaveformsim:/cvmfs/sphenix.sdcc.bnl.gov/alma9.2-gcc-14.2.0/release/release_new/new.10/include/g4caloprototype:/cvmfs/sphenix.sdcc.bnl.gov/alma9.2-gcc-14.2.0/release/release_new/new.10/include/pdbcalbase:/cvmfs/sphenix.sdcc.bnl.gov/alma9.2-gcc-14.2.0/release/release_new/new.10/include/gsl:/cvmfs/sphenix.sdcc.bnl.gov/alma9.2-gcc-14.2.0/release/release_new/new.10/include/nodedump:/cvmfs/sphenix.sdcc.bnl.gov/alma9.2-gcc-14.2.0/release/release_new/new.10/include/emcnoisytowerfinder:/cvmfs/sphenix.sdcc.bnl.gov/alma9.2-gcc-14.2.0/release/release_new/new.10/include/ActsFatras:/cvmfs/sphenix.sdcc.bnl.gov/alma9.2-gcc-14.2.0/release/release_new/new.10/include/ffarawmodules:/cvmfs/sphenix.sdcc.bnl.gov/alma9.2-gcc-14.2.0/release/release_new/new.10/include/Event:/cvmfs/sphenix.sdcc.bnl.gov/alma9.2-gcc-14.2.0/release/release_new/new.10/include/prototype3:/cvmfs/sphenix.sdcc.bnl.gov/alma9.2-gcc-14.2.0/release/release_new/new.10/include/fermimotionafterburner:/cvmfs/sphenix.sdcc.bnl.gov/alma9.2-gcc-14.2.0/release/release_new/new.10/include/Photos:/cvmfs/sphenix.sdcc.bnl.gov/alma9.2-gcc-14.2.0/release/release_new/new.10/include/xingshiftcal:/cvmfs/sphenix.sdcc.bnl.gov/alma9.2-gcc-14.2.0/release/release_new/new.10/include/trackbase:/cvmfs/sphenix.sdcc.bnl.gov/alma9.2-gcc-14.2.0/release/release_new/new.10/include/jetdstskimmer:/cvmfs/sphenix.sdcc.bnl.gov/alma9.2-gcc-14.2.0/release/release_new/new.10/include/clusteriso:/cvmfs/sphenix.sdcc.bnl.gov/alma9.2-gcc-14.2.0/release/release_new/new.10/include/asmjit:/cvmfs/sphenix.sdcc.bnl.gov/alma9.2-gcc-14.2.0/release/release_new/new.10/include/particleflowreco:/cvmfs/sphenix.sdcc.bnl.gov/alma9.2-gcc-14.2.0/release/release_new/new.10/include/tpchittrackdisplay:/cvmfs/sphenix.sdcc.bnl.gov/alma9.2-gcc-14.2.0/release/release_new/new.10/include/caloana:/cvmfs/sphenix.sdcc.bnl.gov/alma9.2-gcc-14.2.0/release/release_new/new.10/include/calotrigger:/cvmfs/sphenix.sdcc.bnl.gov/alma9.2-gcc-14.2.0/release/release_new/new.10/include/nopayloadclient:/cvmfs/sphenix.sdcc.bnl.gov/alma9.2-gcc-14.2.0/release/release_new/new.10/include/trackermillepedealignment:/cvmfs/sphenix.sdcc.bnl.gov/alma9.2-gcc-14.2.0/release/release_new/new.10/include/DD4hep:/cvmfs/sphenix.sdcc.bnl.gov/alma9.2-gcc-14.2.0/release/release_new/new.10/include/g4trackfastsim:/cvmfs/sphenix.sdcc.bnl.gov/alma9.2-gcc-14.2.0/release/release_new/new.10/include/prototype2:/cvmfs/sphenix.sdcc.bnl.gov/alma9.2-gcc-14.2.0/release/release_new/new.10/include/ATen:/cvmfs/sphenix.sdcc.bnl.gov/alma9.2-gcc-14.2.0/release/release_new/new.10/include/g4main:/cvmfs/sphenix.sdcc.bnl.gov/alma9.2-gcc-14.2.0/release/release_new/new.10/include/Tauola:/cvmfs/sphenix.sdcc.bnl.gov/alma9.2-gcc-14.2.0/release/release_new/new.10/include/inttcalib:/cvmfs/sphenix.sdcc.bnl.gov/alma9.2-gcc-14.2.0/release/release_new/new.10/include/reactionplaneafterburner:/cvmfs/sphenix.sdcc.bnl.gov/alma9.2-gcc-14.2.0/release/release_new/new.10/include/globalqa:/cvmfs/sphenix.sdcc.bnl.gov/alma9.2-gcc-14.2.0/release/release_new/new.10/include/tpccalib:/cvmfs/sphenix.sdcc.bnl.gov/alma9.2-gcc-14.2.0/release/release_new/new.10/include/DDSegmentation:/cvmfs/sphenix.sdcc.bnl.gov/alma9.2-gcc-14.2.0/release/release_new/new.10/include/decayfinder:/cvmfs/sphenix.sdcc.bnl.gov/alma9.2-gcc-14.2.0/release/release_new/new.10/include/compressclus:/cvmfs/sphenix.sdcc.bnl.gov/alma9.2-gcc-14.2.0/release/release_new/new.10/include/simqa_modules:/cvmfs/sphenix.sdcc.bnl.gov/alma9.2-gcc-14.2.0/release/release_new/new.10/include/resonancejettagging:/cvmfs/sphenix.sdcc.bnl.gov/alma9.2-gcc-14.2.0/release/release_new/new.10/include/g4centrality:/cvmfs/sphenix.sdcc.bnl.gov/alma9.2-gcc-14.2.0/release/release_new/new.10/include/mvtx:/cvmfs/sphenix.sdcc.bnl.gov/alma9.2-gcc-14.2.0/release/release_new/new.10/include/nlohmann:/cvmfs/sphenix.sdcc.bnl.gov/alma9.2-gcc-14.2.0/release/release_new/new.10/include/localpoloffmon:/cvmfs/sphenix.sdcc.bnl.gov/alma9.2-gcc-14.2.0/release/release_new/new.10/include/DDEve:/cvmfs/sphenix.sdcc.bnl.gov/alma9.2-gcc-14.2.0/release/release_new/new.10/include/Parsers:/cvmfs/sphenix.sdcc.bnl.gov/alma9.2-gcc-14.2.0/release/release_new/new.10/include/trackingdiagnostics:/cvmfs/sphenix.sdcc.bnl.gov/alma9.2-gcc-14.2.0/release/release_new/new.10/include/g4vertex:/cvmfs/sphenix.sdcc.bnl.gov/alma9.2-gcc-14.2.0/release/release_new/new.10/include/jetbase:/cvmfs/sphenix.sdcc.bnl.gov/alma9.2-gcc-14.2.0/release/release_new/new.10/include/globalvertex:/cvmfs/sphenix.sdcc.bnl.gov/alma9.2-gcc-14.2.0/release/release_new/new.10/include/phgenfit:/cvmfs/sphenix.sdcc.bnl.gov/alma9.2-gcc-14.2.0/release/release_new/new.10/include/rawbcolumi:/cvmfs/sphenix.sdcc.bnl.gov/alma9.2-gcc-14.2.0/release/release_new/new.10/include/eicsmear:/cvmfs/sphenix.sdcc.bnl.gov/alma9.2-gcc-14.2.0/release/release_new/new.10/include/mvtxcalib:/cvmfs/sphenix.sdcc.bnl.gov/alma9.2-gcc-14.2.0/release/release_new/new.10/include/tpclinelaserdiode:/cvmfs/sphenix.sdcc.bnl.gov/alma9.2-gcc-14.2.0/release/release_new/new.10/include/hepmcjettrigger:/cvmfs/sphenix.sdcc.bnl.gov/alma9.2-gcc-14.2.0/release/release_new/new.10/include/core:/cvmfs/sphenix.sdcc.bnl.gov/alma9.2-gcc-14.2.0/release/release_new/new.10/include/calo_cdb:/cvmfs/sphenix.sdcc.bnl.gov/alma9.2-gcc-14.2.0/release/release_new/new.10/include/mvtxclustershapesqa:/cvmfs/sphenix.sdcc.bnl.gov/alma9.2-gcc-14.2.0/release/release_new/new.10/include/calopacketskimmer:/cvmfs/sphenix.sdcc.bnl.gov/alma9.2-gcc-14.2.0/opt/sphenix/core/geant4.10.07.p04/include:/cvmfs/sphenix.sdcc.bnl.gov/alma9.2-gcc-14.2.0/release/release_new/new.10/rootmacros:/cvmfs/sphenix.sdcc.bnl.gov/alma9.2-gcc-14.2.0/opt/sphenix/core/include
GSEARCHPATH=.:PG:LUSTRE:RAWDATA
PWD=/gpfs/mnt/gpfs02/sphenix/user/samfred/run25/ppg11/histmaking
LOGNAME=samfred
_CONDOR_JOB_AD=/home/condor/local/sphnx/execute/dir_1466487/.job.ad
MANPATH=/cvmfs/sphenix.sdcc.bnl.gov/alma9.2-gcc-14.2.0/opt/sphenix/core/gcc/14.2.0-2f0a0/x86_64-el9/share/man:/cvmfs/sphenix.sdcc.bnl.gov/alma9.2-gcc-14.2.0/opt/sphenix/core/binutils/2.40-acaab/x86_64-el9/share/man:/cvmfs/sphenix.sdcc.bnl.gov/alma9.2-gcc-14.2.0/release/release_new/new.10/share/man:/cvmfs/sphenix.sdcc.bnl.gov/alma9.2-gcc-14.2.0/opt/sphenix/utils/share/man:/cvmfs/sphenix.sdcc.bnl.gov/alma9.2-gcc-14.2.0/opt/sphenix/core/share/man:/cvmfs/sphenix.sdcc.bnl.gov/alma9.2-gcc-14.2.0/opt/sphenix/core/root-6.32.06/man:/usr/local/share/man:/usr/share/man
PYTHIA8=/cvmfs/sphenix.sdcc.bnl.gov/alma9.2-gcc-14.2.0/release/release_new/new.10/share/Pythia8
G4INCLDATA=/cvmfs/sphenix.sdcc.bnl.gov/alma9.2-gcc-14.2.0/opt/sphenix/core/geant4.10.07.p04/share/Geant4-10.7.4/data/G4INCL1.0
ORIG_PATH=/usr/local/bin:/usr/bin
CXX=/cvmfs/sphenix.sdcc.bnl.gov/alma9.2-gcc-14.2.0/opt/sphenix/core/gcc/14.2.0-2f0a0/x86_64-el9/bin/g++
G4LEDATA=/cvmfs/sphenix.sdcc.bnl.gov/alma9.2-gcc-14.2.0/opt/sphenix/core/geant4.10.07.p04/share/Geant4-10.7.4/data/G4EMLOW7.13
PYTHON_CPU_COUNT=1
OPENBLAS_NUM_THREADS=1
_CONDOR_BIN=/usr/bin
HOME=/sphenix/u/samfred
G4PARTICLEXSDATA=/cvmfs/sphenix.sdcc.bnl.gov/alma9.2-gcc-14.2.0/opt/sphenix/core/geant4.10.07.p04/share/Geant4-10.7.4/data/G4PARTICLEXS3.1.1
_CONDOR_ANCESTOR_86859=1466487:1759352672:428329212
ONLINE_MAIN=/cvmfs/sphenix.sdcc.bnl.gov/alma9.2-gcc-14.2.0/release/release_new/new.10
CALIBRATIONROOT=/cvmfs/sphenix.sdcc.bnl.gov/alma9.2-gcc-14.2.0/release/release_new/new.10/share/calibrations
TMPDIR=/tmp
_CONDOR_SCRATCH_DIR=/home/condor/local/sphnx/execute/dir_1466487
PGUSER=phnxrc
NOPAYLOADCLIENT_CONF=/cvmfs/sphenix.sdcc.bnl.gov/alma9.2-gcc-14.2.0/opt/sphenix/core/etc/sPHENIX_newcdb.json
XERCESCROOT=/cvmfs/sphenix.sdcc.bnl.gov/alma9.2-gcc-14.2.0/opt/sphenix/core/geant4.10.07.p04
LHAPATH=/cvmfs/sphenix.sdcc.bnl.gov/alma9.2-gcc-14.2.0/opt/sphenix/core/lhapdf-5.9.1/share/lhapdf/PDFsets
G4NEUTRONHPDATA=/cvmfs/sphenix.sdcc.bnl.gov/alma9.2-gcc-14.2.0/opt/sphenix/core/geant4.10.07.p04/share/Geant4-10.7.4/data/G4NDL4.6
PYTHONPATH=.:/cvmfs/sphenix.sdcc.bnl.gov/alma9.2-gcc-14.2.0/release/release_new/new.10/lib/python3.13/site-packages:/cvmfs/sphenix.sdcc.bnl.gov/alma9.2-gcc-14.2.0/opt/sphenix/core/lib/python3.13/site-packages:/cvmfs/sphenix.sdcc.bnl.gov/alma9.2-gcc-14.2.0/opt/sphenix/core/root-6.32.06/lib
USER=samfred
_CONDOR_JOB_PIDS=
_CONDOR_ANCESTOR_86824=86859:1758241473:1241616401
TEMP=/tmp
GOMAXPROCS=1
OFFLINE_MAIN=/cvmfs/sphenix.sdcc.bnl.gov/alma9.2-gcc-14.2.0/release/release_new/new.10
SHLVL=1
TF_NUM_THREADS=1
G4SAIDXSDATA=/cvmfs/sphenix.sdcc.bnl.gov/alma9.2-gcc-14.2.0/opt/sphenix/core/geant4.10.07.p04/share/Geant4-10.7.4/data/G4SAIDDATA2.0
APPTAINER_CACHEDIR=/home/condor/local/sphnx/execute/dir_1466487
ROOTSYS=/cvmfs/sphenix.sdcc.bnl.gov/alma9.2-gcc-14.2.0/opt/sphenix/core/root-6.32.06
BATCH_SYSTEM=HTCondor
_CONDOR_SLOT=slot1_5
LD_LIBRARY_PATH=/sphenix/user/samfred/run25/install//lib:/cvmfs/sphenix.sdcc.bnl.gov/alma9.2-gcc-14.2.0/opt/sphenix/core/gcc/14.2.0-2f0a0/x86_64-el9/lib:/cvmfs/sphenix.sdcc.bnl.gov/alma9.2-gcc-14.2.0/opt/sphenix/core/gcc/14.2.0-2f0a0/x86_64-el9/lib64:/cvmfs/sphenix.sdcc.bnl.gov/alma9.2-gcc-14.2.0/opt/sphenix/core/binutils/2.40-acaab/x86_64-el9/lib:.:/cvmfs/sphenix.sdcc.bnl.gov/alma9.2-gcc-14.2.0/release/release_new/new.10/lib64:/cvmfs/sphenix.sdcc.bnl.gov/alma9.2-gcc-14.2.0/release/release_new/new.10/lib:/cvmfs/sphenix.sdcc.bnl.gov/alma9.2-gcc-14.2.0/opt/sphenix/utils/lib:/cvmfs/sphenix.sdcc.bnl.gov/alma9.2-gcc-14.2.0/opt/sphenix/core/lib:/cvmfs/sphenix.sdcc.bnl.gov/alma9.2-gcc-14.2.0/opt/sphenix/core/root-6.32.06/lib:/cvmfs/sphenix.sdcc.bnl.gov/alma9.2-gcc-14.2.0/opt/sphenix/core/geant4.10.07.p04/lib64:/cvmfs/sphenix.sdcc.bnl.gov/alma9.2-gcc-14.2.0/opt/sphenix/core/lhapdf-5.9.1/lib:/usr/local/lib64:/usr/lib64
OPT_SPHENIX=/cvmfs/sphenix.sdcc.bnl.gov/alma9.2-gcc-14.2.0/opt/sphenix/core
TF_LOOP_PARALLEL_ITERATIONS=1
EVT_LIB=/cvmfs/sphenix.sdcc.bnl.gov/alma9.2-gcc-14.2.0/opt/sphenix/core/root-6.32.06/lib
PGHOST=sphnxdbmaster.sdcc.bnl.gov
OMP_NUM_THREADS=1
G4REALSURFACEDATA=/cvmfs/sphenix.sdcc.bnl.gov/alma9.2-gcc-14.2.0/opt/sphenix/core/geant4.10.07.p04/share/Geant4-10.7.4/data/RealSurface2.2
FC=/cvmfs/sphenix.sdcc.bnl.gov/alma9.2-gcc-14.2.0/opt/sphenix/core/gcc/14.2.0-2f0a0/x86_64-el9/bin/gfortran
G4ABLADATA=/cvmfs/sphenix.sdcc.bnl.gov/alma9.2-gcc-14.2.0/opt/sphenix/core/geant4.10.07.p04/share/Geant4-10.7.4/data/G4ABLA3.1
PARASOFT=doesnotexist
TMP=/tmp
OPT_UTILS=/cvmfs/sphenix.sdcc.bnl.gov/alma9.2-gcc-14.2.0/opt/sphenix/utils
CONFIG_SITE=/cvmfs/sphenix.sdcc.bnl.gov/alma9.2-gcc-14.2.0/opt/sphenix/core/etc/config.site
PATH=/sphenix/user/samfred/run25/install//bin:/cvmfs/sphenix.sdcc.bnl.gov/alma9.2-gcc-14.2.0/opt/sphenix/core/gcc/14.2.0-2f0a0/x86_64-el9/bin:/cvmfs/sphenix.sdcc.bnl.gov/alma9.2-gcc-14.2.0/opt/sphenix/core/binutils/2.40-acaab/x86_64-el9/bin:.:/cvmfs/sphenix.sdcc.bnl.gov/alma9.2-gcc-14.2.0/release/release_new/new.10/bin:/cvmfs/sphenix.sdcc.bnl.gov/alma9.2-gcc-14.2.0/opt/sphenix/utils/bin:/cvmfs/sphenix.sdcc.bnl.gov/alma9.2-gcc-14.2.0/opt/sphenix/core/bin:/cvmfs/sphenix.sdcc.bnl.gov/alma9.2-gcc-14.2.0/opt/sphenix/core/root-6.32.06/bin:/cvmfs/sphenix.sdcc.bnl.gov/alma9.2-gcc-14.2.0/opt/sphenix/core/geant4.10.07.p04/bin:/usr/local/bin:/usr/bin:/usr/local/sbin:/usr/sbin
G4LEVELGAMMADATA=/cvmfs/sphenix.sdcc.bnl.gov/alma9.2-gcc-14.2.0/opt/sphenix/core/geant4.10.07.p04/share/Geant4-10.7.4/data/PhotonEvaporation5.7
CC=/cvmfs/sphenix.sdcc.bnl.gov/alma9.2-gcc-14.2.0/opt/sphenix/core/gcc/14.2.0-2f0a0/x86_64-el9/bin/gcc
G4RADIOACTIVEDATA=/cvmfs/sphenix.sdcc.bnl.gov/alma9.2-gcc-14.2.0/opt/sphenix/core/geant4.10.07.p04/share/Geant4-10.7.4/data/RadioactiveDecay5.6
JULIA_NUM_THREADS=1
MKL_NUM_THREADS=1
LHAPDF_DATA_PATH=/cvmfs/sphenix.sdcc.bnl.gov/alma9.2-gcc-14.2.0/release/release_new/new.10/share/LHAPDF
XPLOAD_CONFIG_DIR=/cvmfs/sphenix.sdcc.bnl.gov/alma9.2-gcc-14.2.0/opt/sphenix/core/etc
OLDPWD=/cvmfs/sphenix.sdcc.bnl.gov/alma9.2-gcc-14.2.0/release/release_new/new.10/geant4
_=/usr/bin/printenv
runnumber...
47443
trigger...

   ------------------------------------------------------------------
  | Welcome to ROOT 6.32.06                        https://root.cern |
  | (c) 1995-2024, The ROOT Team; conception: R. Brun, F. Rademakers |
  | Built for linuxx8664gcc on Dec 13 2024, 17:23:48                 |
  | From tags/6-32-06@6-32-06                                        |
  | With g++ (GCC) 14.2.0                                            |
  | Try '.help'/'.?', '.demo', '.license', '.credits', '.quit'/'.q'  |
   ------------------------------------------------------------------


Processing data_histmaker.C(47443)...
entry 4000/8135736 (0.0491658%)
entry 9000/8135736 (0.110623%)
entry 10000/8135736 (0.122915%)
entry 11000/8135736 (0.135206%)
entry 17000/8135736 (0.208955%)
entry 18000/8135736 (0.221246%)
entry 22000/8135736 (0.270412%)
entry 24000/8135736 (0.294995%)
entry 36000/8135736 (0.442492%)
entry 38000/8135736 (0.467075%)
entry 39000/8135736 (0.479367%)
entry 40000/8135736 (0.491658%)
entry 48000/8135736 (0.58999%)
entry 51000/8135736 (0.626864%)
entry 64000/8135736 (0.786653%)
entry 66000/8135736 (0.811236%)
entry 68000/8135736 (0.835819%)
entry 72000/8135736 (0.884984%)
entry 80000/8135736 (0.983316%)
entry 83000/8135736 (1.02019%)
entry 84000/8135736 (1.03248%)
entry 86000/8135736 (1.05706%)
entry 89000/8135736 (1.09394%)
entry 96000/8135736 (1.17998%)
entry 98000/8135736 (1.20456%)
entry 103000/8135736 (1.26602%)
entry 106000/8135736 (1.30289%)
entry 109000/8135736 (1.33977%)
entry 113000/8135736 (1.38893%)
entry 115000/8135736 (1.41352%)
entry 121000/8135736 (1.48727%)
entry 124000/8135736 (1.52414%)
entry 130000/8135736 (1.59789%)
entry 131000/8135736 (1.61018%)
entry 133000/8135736 (1.63476%)
entry 146000/8135736 (1.79455%)
entry 148000/8135736 (1.81913%)
entry 149000/8135736 (1.83143%)
entry 152000/8135736 (1.8683%)
entry 153000/8135736 (1.88059%)
entry 154000/8135736 (1.89288%)
entry 160000/8135736 (1.96663%)
entry 169000/8135736 (2.07726%)
entry 170000/8135736 (2.08955%)
entry 185000/8135736 (2.27392%)
entry 189000/8135736 (2.32308%)
entry 193000/8135736 (2.37225%)
entry 194000/8135736 (2.38454%)
entry 197000/8135736 (2.42142%)
entry 199000/8135736 (2.446%)
entry 204000/8135736 (2.50746%)
entry 206000/8135736 (2.53204%)
entry 207000/8135736 (2.54433%)
entry 208000/8135736 (2.55662%)
entry 211000/8135736 (2.5935%)
entry 223000/8135736 (2.74099%)
entry 224000/8135736 (2.75328%)
entry 225000/8135736 (2.76558%)
entry 229000/8135736 (2.81474%)
entry 240000/8135736 (2.94995%)
entry 247000/8135736 (3.03599%)
entry 251000/8135736 (3.08515%)
entry 255000/8135736 (3.13432%)
entry 256000/8135736 (3.14661%)
entry 257000/8135736 (3.1589%)
entry 259000/8135736 (3.18349%)
entry 265000/8135736 (3.25723%)
entry 268000/8135736 (3.29411%)
entry 275000/8135736 (3.38015%)
entry 277000/8135736 (3.40473%)
entry 278000/8135736 (3.41702%)
entry 279000/8135736 (3.42931%)
entry 281000/8135736 (3.4539%)
entry 283000/8135736 (3.47848%)
entry 286000/8135736 (3.51535%)
entry 299000/8135736 (3.67514%)
entry 302000/8135736 (3.71202%)
entry 306000/8135736 (3.76118%)
entry 310000/8135736 (3.81035%)
entry 312000/8135736 (3.83493%)
entry 316000/8135736 (3.8841%)
entry 323000/8135736 (3.97014%)
entry 329000/8135736 (4.04389%)
entry 330000/8135736 (4.05618%)
entry 331000/8135736 (4.06847%)
entry 333000/8135736 (4.09305%)
entry 335000/8135736 (4.11764%)
entry 340000/8135736 (4.17909%)
entry 341000/8135736 (4.19138%)
entry 342000/8135736 (4.20368%)
entry 343000/8135736 (4.21597%)
entry 352000/8135736 (4.32659%)
entry 354000/8135736 (4.35117%)
entry 356000/8135736 (4.37576%)
entry 359000/8135736 (4.41263%)
entry 361000/8135736 (4.43721%)
entry 362000/8135736 (4.44951%)
entry 370000/8135736 (4.54784%)
entry 371000/8135736 (4.56013%)
entry 374000/8135736 (4.597%)
entry 380000/8135736 (4.67075%)
entry 382000/8135736 (4.69533%)
entry 386000/8135736 (4.7445%)
entry 387000/8135736 (4.75679%)
entry 388000/8135736 (4.76908%)
entry 392000/8135736 (4.81825%)
entry 394000/8135736 (4.84283%)
entry 396000/8135736 (4.86741%)
entry 407000/8135736 (5.00262%)
entry 410000/8135736 (5.03949%)
entry 411000/8135736 (5.05179%)
entry 412000/8135736 (5.06408%)
entry 414000/8135736 (5.08866%)
entry 416000/8135736 (5.11324%)
entry 420000/8135736 (5.16241%)
entry 424000/8135736 (5.21158%)
entry 428000/8135736 (5.26074%)
entry 429000/8135736 (5.27303%)
entry 430000/8135736 (5.28532%)
entry 432000/8135736 (5.30991%)
entry 435000/8135736 (5.34678%)
entry 439000/8135736 (5.39595%)
entry 442000/8135736 (5.43282%)
entry 446000/8135736 (5.48199%)
entry 448000/8135736 (5.50657%)
entry 449000/8135736 (5.51886%)
entry 450000/8135736 (5.53115%)
entry 457000/8135736 (5.61719%)
entry 458000/8135736 (5.62948%)
entry 461000/8135736 (5.66636%)
entry 465000/8135736 (5.71552%)
entry 469000/8135736 (5.76469%)
entry 476000/8135736 (5.85073%)
entry 482000/8135736 (5.92448%)
entry 483000/8135736 (5.93677%)
entry 488000/8135736 (5.99823%)
entry 492000/8135736 (6.04739%)
entry 495000/8135736 (6.08427%)
entry 497000/8135736 (6.10885%)
entry 500000/8135736 (6.14573%)
entry 503000/8135736 (6.1826%)
entry 518000/8135736 (6.36697%)
entry 519000/8135736 (6.37926%)
entry 523000/8135736 (6.42843%)
entry 526000/8135736 (6.4653%)
entry 528000/8135736 (6.48989%)
entry 531000/8135736 (6.52676%)
entry 534000/8135736 (6.56364%)
entry 538000/8135736 (6.6128%)
entry 546000/8135736 (6.71113%)
entry 548000/8135736 (6.73572%)
entry 549000/8135736 (6.74801%)
entry 556000/8135736 (6.83405%)
entry 558000/8135736 (6.85863%)
entry 560000/8135736 (6.88321%)
entry 567000/8135736 (6.96925%)
entry 570000/8135736 (7.00613%)
entry 579000/8135736 (7.11675%)
entry 582000/8135736 (7.15362%)
entry 585000/8135736 (7.1905%)
entry 589000/8135736 (7.23966%)
entry 590000/8135736 (7.25196%)
entry 591000/8135736 (7.26425%)
entry 596000/8135736 (7.3257%)
entry 597000/8135736 (7.338%)
entry 600000/8135736 (7.37487%)
entry 604000/8135736 (7.42404%)
entry 611000/8135736 (7.51008%)
entry 625000/8135736 (7.68216%)
entry 626000/8135736 (7.69445%)
entry 627000/8135736 (7.70674%)
entry 629000/8135736 (7.73132%)
entry 632000/8135736 (7.7682%)
entry 634000/8135736 (7.79278%)
entry 635000/8135736 (7.80507%)
entry 637000/8135736 (7.82965%)
entry 641000/8135736 (7.87882%)
entry 642000/8135736 (7.89111%)
entry 645000/8135736 (7.92799%)
entry 646000/8135736 (7.94028%)
entry 648000/8135736 (7.96486%)
entry 652000/8135736 (8.01403%)
entry 653000/8135736 (8.02632%)
entry 654000/8135736 (8.03861%)
entry 656000/8135736 (8.06319%)
entry 657000/8135736 (8.07548%)
entry 662000/8135736 (8.13694%)
entry 663000/8135736 (8.14923%)
entry 673000/8135736 (8.27215%)
entry 676000/8135736 (8.30902%)
entry 679000/8135736 (8.3459%)
entry 681000/8135736 (8.37048%)
entry 684000/8135736 (8.40735%)
entry 686000/8135736 (8.43194%)
entry 688000/8135736 (8.45652%)
entry 692000/8135736 (8.50568%)
entry 700000/8135736 (8.60402%)
entry 703000/8135736 (8.64089%)
entry 709000/8135736 (8.71464%)
entry 710000/8135736 (8.72693%)
entry 717000/8135736 (8.81297%)
entry 724000/8135736 (8.89901%)
entry 725000/8135736 (8.9113%)
entry 727000/8135736 (8.93589%)
entry 743000/8135736 (9.13255%)
entry 747000/8135736 (9.18171%)
entry 749000/8135736 (9.2063%)
entry 752000/8135736 (9.24317%)
entry 760000/8135736 (9.3415%)
entry 761000/8135736 (9.35379%)
entry 764000/8135736 (9.39067%)
entry 769000/8135736 (9.45213%)
entry 770000/8135736 (9.46442%)
entry 772000/8135736 (9.489%)
entry 774000/8135736 (9.51358%)
entry 783000/8135736 (9.62421%)
entry 785000/8135736 (9.64879%)
entry 788000/8135736 (9.68566%)
entry 792000/8135736 (9.73483%)
entry 793000/8135736 (9.74712%)
entry 795000/8135736 (9.7717%)
entry 800000/8135736 (9.83316%)
entry 801000/8135736 (9.84545%)
entry 806000/8135736 (9.90691%)
entry 816000/8135736 (10.0298%)
entry 819000/8135736 (10.0667%)
entry 826000/8135736 (10.1527%)
entry 827000/8135736 (10.165%)
entry 832000/8135736 (10.2265%)
entry 836000/8135736 (10.2757%)
entry 837000/8135736 (10.2879%)
entry 838000/8135736 (10.3002%)
entry 844000/8135736 (10.374%)
entry 850000/8135736 (10.4477%)
entry 852000/8135736 (10.4723%)
entry 861000/8135736 (10.5829%)
entry 866000/8135736 (10.6444%)
entry 869000/8135736 (10.6813%)
entry 875000/8135736 (10.755%)
entry 880000/8135736 (10.8165%)
entry 884000/8135736 (10.8656%)
entry 885000/8135736 (10.8779%)
entry 886000/8135736 (10.8902%)
entry 900000/8135736 (11.0623%)
entry 906000/8135736 (11.1361%)
entry 908000/8135736 (11.1606%)
entry 913000/8135736 (11.2221%)
entry 914000/8135736 (11.2344%)
entry 917000/8135736 (11.2713%)
entry 921000/8135736 (11.3204%)
entry 922000/8135736 (11.3327%)
entry 924000/8135736 (11.3573%)
entry 926000/8135736 (11.3819%)
entry 939000/8135736 (11.5417%)
entry 941000/8135736 (11.5663%)
entry 943000/8135736 (11.5908%)
entry 947000/8135736 (11.64%)
entry 954000/8135736 (11.726%)
entry 958000/8135736 (11.7752%)
entry 962000/8135736 (11.8244%)
entry 970000/8135736 (11.9227%)
entry 974000/8135736 (11.9719%)
entry 976000/8135736 (11.9965%)
entry 978000/8135736 (12.021%)
entry 981000/8135736 (12.0579%)
entry 984000/8135736 (12.0948%)
entry 987000/8135736 (12.1317%)
entry 990000/8135736 (12.1685%)
entry 992000/8135736 (12.1931%)
entry 993000/8135736 (12.2054%)
entry 999000/8135736 (12.2792%)
entry 1004000/8135736 (12.3406%)
entry 1006000/8135736 (12.3652%)
entry 1017000/8135736 (12.5004%)
entry 1019000/8135736 (12.525%)
entry 1024000/8135736 (12.5864%)
entry 1025000/8135736 (12.5987%)
entry 1030000/8135736 (12.6602%)
entry 1032000/8135736 (12.6848%)
entry 1034000/8135736 (12.7094%)
entry 1040000/8135736 (12.7831%)
entry 1046000/8135736 (12.8569%)
entry 1052000/8135736 (12.9306%)
entry 1055000/8135736 (12.9675%)
entry 1060000/8135736 (13.0289%)
entry 1066000/8135736 (13.1027%)
entry 1073000/8135736 (13.1887%)
entry 1074000/8135736 (13.201%)
entry 1075000/8135736 (13.2133%)
entry 1077000/8135736 (13.2379%)
entry 1079000/8135736 (13.2625%)
entry 1080000/8135736 (13.2748%)
entry 1083000/8135736 (13.3116%)
entry 1085000/8135736 (13.3362%)
entry 1097000/8135736 (13.4837%)
entry 1100000/8135736 (13.5206%)
entry 1101000/8135736 (13.5329%)
entry 1104000/8135736 (13.5698%)
entry 1107000/8135736 (13.6066%)
entry 1109000/8135736 (13.6312%)
entry 1117000/8135736 (13.7296%)
entry 1118000/8135736 (13.7418%)
entry 1119000/8135736 (13.7541%)
entry 1122000/8135736 (13.791%)
entry 1127000/8135736 (13.8525%)
entry 1128000/8135736 (13.8648%)
entry 1129000/8135736 (13.877%)
entry 1131000/8135736 (13.9016%)
entry 1132000/8135736 (13.9139%)
entry 1135000/8135736 (13.9508%)
entry 1144000/8135736 (14.0614%)
entry 1148000/8135736 (14.1106%)
entry 1160000/8135736 (14.2581%)
entry 1166000/8135736 (14.3318%)
entry 1168000/8135736 (14.3564%)
entry 1170000/8135736 (14.381%)
entry 1176000/8135736 (14.4547%)
entry 1180000/8135736 (14.5039%)
entry 1182000/8135736 (14.5285%)
entry 1184000/8135736 (14.5531%)
entry 1195000/8135736 (14.6883%)
entry 1196000/8135736 (14.7006%)
entry 1197000/8135736 (14.7129%)
entry 1199000/8135736 (14.7374%)
entry 1204000/8135736 (14.7989%)
entry 1207000/8135736 (14.8358%)
entry 1208000/8135736 (14.8481%)
entry 1210000/8135736 (14.8727%)
entry 1214000/8135736 (14.9218%)
entry 1217000/8135736 (14.9587%)
entry 1231000/8135736 (15.1308%)
entry 1233000/8135736 (15.1554%)
entry 1234000/8135736 (15.1677%)
entry 1238000/8135736 (15.2168%)
entry 1241000/8135736 (15.2537%)
entry 1242000/8135736 (15.266%)
entry 1243000/8135736 (15.2783%)
entry 1249000/8135736 (15.352%)
entry 1253000/8135736 (15.4012%)
entry 1257000/8135736 (15.4504%)
entry 1259000/8135736 (15.4749%)
entry 1264000/8135736 (15.5364%)
entry 1265000/8135736 (15.5487%)
entry 1266000/8135736 (15.561%)
entry 1272000/8135736 (15.6347%)
entry 1277000/8135736 (15.6962%)
entry 1278000/8135736 (15.7085%)
entry 1279000/8135736 (15.7208%)
entry 1285000/8135736 (15.7945%)
entry 1291000/8135736 (15.8683%)
entry 1296000/8135736 (15.9297%)
entry 1300000/8135736 (15.9789%)
entry 1304000/8135736 (16.0281%)
entry 1307000/8135736 (16.0649%)
entry 1309000/8135736 (16.0895%)
entry 1313000/8135736 (16.1387%)
entry 1314000/8135736 (16.151%)
entry 1315000/8135736 (16.1633%)
entry 1320000/8135736 (16.2247%)
entry 1322000/8135736 (16.2493%)
entry 1323000/8135736 (16.2616%)
entry 1327000/8135736 (16.3108%)
entry 1329000/8135736 (16.3353%)
entry 1330000/8135736 (16.3476%)
entry 1335000/8135736 (16.4091%)
entry 1339000/8135736 (16.4583%)
entry 1341000/8135736 (16.4828%)
entry 1343000/8135736 (16.5074%)
entry 1344000/8135736 (16.5197%)
entry 1346000/8135736 (16.5443%)
entry 1347000/8135736 (16.5566%)
entry 1350000/8135736 (16.5935%)
entry 1351000/8135736 (16.6057%)
entry 1355000/8135736 (16.6549%)
entry 1360000/8135736 (16.7164%)
entry 1366000/8135736 (16.7901%)
entry 1368000/8135736 (16.8147%)
entry 1369000/8135736 (16.827%)
entry 1371000/8135736 (16.8516%)
entry 1374000/8135736 (16.8885%)
entry 1376000/8135736 (16.913%)
entry 1377000/8135736 (16.9253%)
entry 1379000/8135736 (16.9499%)
entry 1380000/8135736 (16.9622%)
entry 1385000/8135736 (17.0237%)
entry 1390000/8135736 (17.0851%)
entry 1393000/8135736 (17.122%)
entry 1398000/8135736 (17.1834%)
entry 1400000/8135736 (17.208%)
entry 1407000/8135736 (17.2941%)
entry 1410000/8135736 (17.3309%)
entry 1411000/8135736 (17.3432%)
entry 1415000/8135736 (17.3924%)
entry 1426000/8135736 (17.5276%)
entry 1429000/8135736 (17.5645%)
entry 1430000/8135736 (17.5768%)
entry 1434000/8135736 (17.6259%)
entry 1437000/8135736 (17.6628%)
entry 1443000/8135736 (17.7366%)
entry 1445000/8135736 (17.7611%)
entry 1448000/8135736 (17.798%)
entry 1452000/8135736 (17.8472%)
entry 1457000/8135736 (17.9086%)
entry 1467000/8135736 (18.0316%)
entry 1471000/8135736 (18.0807%)
entry 1480000/8135736 (18.1913%)
entry 1486000/8135736 (18.2651%)
entry 1488000/8135736 (18.2897%)
entry 1489000/8135736 (18.302%)
entry 1493000/8135736 (18.3511%)
entry 1494000/8135736 (18.3634%)
entry 1495000/8135736 (18.3757%)
entry 1496000/8135736 (18.388%)
entry 1499000/8135736 (18.4249%)
entry 1502000/8135736 (18.4618%)
entry 1508000/8135736 (18.5355%)
entry 1509000/8135736 (18.5478%)
entry 1510000/8135736 (18.5601%)
entry 1512000/8135736 (18.5847%)
entry 1515000/8135736 (18.6215%)
entry 1518000/8135736 (18.6584%)
entry 1523000/8135736 (18.7199%)
entry 1524000/8135736 (18.7322%)
entry 1526000/8135736 (18.7568%)
entry 1533000/8135736 (18.8428%)
entry 1536000/8135736 (18.8797%)
entry 1537000/8135736 (18.892%)
entry 1538000/8135736 (18.9043%)
entry 1541000/8135736 (18.9411%)
entry 1546000/8135736 (19.0026%)
entry 1547000/8135736 (19.0149%)
entry 1551000/8135736 (19.064%)
entry 1554000/8135736 (19.1009%)
entry 1555000/8135736 (19.1132%)
entry 1558000/8135736 (19.1501%)
entry 1561000/8135736 (19.187%)
entry 1569000/8135736 (19.2853%)
entry 1571000/8135736 (19.3099%)
entry 1574000/8135736 (19.3467%)
entry 1578000/8135736 (19.3959%)
entry 1583000/8135736 (19.4574%)
entry 1584000/8135736 (19.4697%)
entry 1585000/8135736 (19.4819%)
entry 1593000/8135736 (19.5803%)
entry 1594000/8135736 (19.5926%)
entry 1596000/8135736 (19.6172%)
entry 1602000/8135736 (19.6909%)
entry 1604000/8135736 (19.7155%)
entry 1606000/8135736 (19.7401%)
entry 1607000/8135736 (19.7524%)
entry 1608000/8135736 (19.7647%)
entry 1609000/8135736 (19.7769%)
entry 1614000/8135736 (19.8384%)
entry 1616000/8135736 (19.863%)
entry 1631000/8135736 (20.0474%)
entry 1635000/8135736 (20.0965%)
entry 1636000/8135736 (20.1088%)
entry 1643000/8135736 (20.1949%)
entry 1644000/8135736 (20.2071%)
entry 1645000/8135736 (20.2194%)
entry 1651000/8135736 (20.2932%)
entry 1652000/8135736 (20.3055%)
entry 1659000/8135736 (20.3915%)
entry 1660000/8135736 (20.4038%)
entry 1665000/8135736 (20.4653%)
entry 1673000/8135736 (20.5636%)
entry 1684000/8135736 (20.6988%)
entry 1689000/8135736 (20.7603%)
entry 1691000/8135736 (20.7848%)
entry 1692000/8135736 (20.7971%)
entry 1693000/8135736 (20.8094%)
entry 1696000/8135736 (20.8463%)
entry 1697000/8135736 (20.8586%)
entry 1698000/8135736 (20.8709%)
entry 1700000/8135736 (20.8955%)
entry 1701000/8135736 (20.9078%)
entry 1702000/8135736 (20.9201%)
entry 1704000/8135736 (20.9446%)
entry 1712000/8135736 (21.043%)
entry 1721000/8135736 (21.1536%)
entry 1724000/8135736 (21.1905%)
entry 1729000/8135736 (21.2519%)
entry 1734000/8135736 (21.3134%)
entry 1747000/8135736 (21.4732%)
entry 1749000/8135736 (21.4977%)
entry 1750000/8135736 (21.51%)
entry 1755000/8135736 (21.5715%)
entry 1760000/8135736 (21.633%)
entry 1761000/8135736 (21.6452%)
entry 1762000/8135736 (21.6575%)
entry 1769000/8135736 (21.7436%)
entry 1777000/8135736 (21.8419%)
entry 1779000/8135736 (21.8665%)
entry 1780000/8135736 (21.8788%)
entry 1781000/8135736 (21.8911%)
entry 1786000/8135736 (21.9525%)
entry 1790000/8135736 (22.0017%)
entry 1795000/8135736 (22.0632%)
entry 1800000/8135736 (22.1246%)
entry 1803000/8135736 (22.1615%)
entry 1806000/8135736 (22.1984%)
entry 1809000/8135736 (22.2352%)
entry 1812000/8135736 (22.2721%)
entry 1813000/8135736 (22.2844%)
entry 1814000/8135736 (22.2967%)
entry 1816000/8135736 (22.3213%)
entry 1819000/8135736 (22.3581%)
entry 1821000/8135736 (22.3827%)
entry 1827000/8135736 (22.4565%)
entry 1831000/8135736 (22.5056%)
entry 1836000/8135736 (22.5671%)
entry 1838000/8135736 (22.5917%)
entry 1848000/8135736 (22.7146%)
entry 1849000/8135736 (22.7269%)
entry 1850000/8135736 (22.7392%)
entry 1853000/8135736 (22.7761%)
entry 1858000/8135736 (22.8375%)
entry 1863000/8135736 (22.899%)
entry 1869000/8135736 (22.9727%)
entry 1871000/8135736 (22.9973%)
entry 1874000/8135736 (23.0342%)
entry 1879000/8135736 (23.0956%)
entry 1882000/8135736 (23.1325%)
entry 1883000/8135736 (23.1448%)
entry 1884000/8135736 (23.1571%)
entry 1885000/8135736 (23.1694%)
entry 1886000/8135736 (23.1817%)
entry 1889000/8135736 (23.2186%)
entry 1892000/8135736 (23.2554%)
entry 1896000/8135736 (23.3046%)
entry 1898000/8135736 (23.3292%)
entry 1899000/8135736 (23.3415%)
entry 1900000/8135736 (23.3538%)
entry 1901000/8135736 (23.366%)
entry 1914000/8135736 (23.5258%)
entry 1915000/8135736 (23.5381%)
entry 1916000/8135736 (23.5504%)
entry 1927000/8135736 (23.6856%)
entry 1931000/8135736 (23.7348%)
entry 1934000/8135736 (23.7717%)
entry 1942000/8135736 (23.87%)
entry 1943000/8135736 (23.8823%)
entry 1947000/8135736 (23.9315%)
entry 1948000/8135736 (23.9437%)
entry 1950000/8135736 (23.9683%)
entry 1953000/8135736 (24.0052%)
entry 1955000/8135736 (24.0298%)
entry 1965000/8135736 (24.1527%)
entry 1966000/8135736 (24.165%)
entry 1968000/8135736 (24.1896%)
entry 1979000/8135736 (24.3248%)
entry 1982000/8135736 (24.3617%)
entry 1986000/8135736 (24.4108%)
entry 1988000/8135736 (24.4354%)
entry 1990000/8135736 (24.46%)
entry 2001000/8135736 (24.5952%)
entry 2003000/8135736 (24.6198%)
entry 2005000/8135736 (24.6444%)
entry 2010000/8135736 (24.7058%)
entry 2012000/8135736 (24.7304%)
entry 2016000/8135736 (24.7796%)
entry 2022000/8135736 (24.8533%)
entry 2025000/8135736 (24.8902%)
entry 2027000/8135736 (24.9148%)
entry 2030000/8135736 (24.9516%)
entry 2031000/8135736 (24.9639%)
entry 2034000/8135736 (25.0008%)
entry 2038000/8135736 (25.05%)
entry 2043000/8135736 (25.1114%)
entry 2044000/8135736 (25.1237%)
entry 2049000/8135736 (25.1852%)
entry 2053000/8135736 (25.2343%)
entry 2056000/8135736 (25.2712%)
entry 2059000/8135736 (25.3081%)
entry 2060000/8135736 (25.3204%)
entry 2061000/8135736 (25.3327%)
entry 2064000/8135736 (25.3696%)
entry 2070000/8135736 (25.4433%)
entry 2080000/8135736 (25.5662%)
entry 2083000/8135736 (25.6031%)
entry 2084000/8135736 (25.6154%)
entry 2087000/8135736 (25.6523%)
entry 2095000/8135736 (25.7506%)
entry 2100000/8135736 (25.812%)
entry 2101000/8135736 (25.8243%)
entry 2108000/8135736 (25.9104%)
entry 2110000/8135736 (25.935%)
entry 2112000/8135736 (25.9595%)
entry 2113000/8135736 (25.9718%)
entry 2116000/8135736 (26.0087%)
entry 2120000/8135736 (26.0579%)
entry 2122000/8135736 (26.0825%)
entry 2128000/8135736 (26.1562%)
entry 2132000/8135736 (26.2054%)
entry 2134000/8135736 (26.23%)
entry 2143000/8135736 (26.3406%)
entry 2146000/8135736 (26.3775%)
entry 2147000/8135736 (26.3897%)
entry 2148000/8135736 (26.402%)
entry 2150000/8135736 (26.4266%)
entry 2151000/8135736 (26.4389%)
entry 2153000/8135736 (26.4635%)
entry 2165000/8135736 (26.611%)
entry 2169000/8135736 (26.6602%)
entry 2171000/8135736 (26.6847%)
entry 2178000/8135736 (26.7708%)
entry 2186000/8135736 (26.8691%)
entry 2191000/8135736 (26.9306%)
entry 2194000/8135736 (26.9674%)
entry 2196000/8135736 (26.992%)
entry 2199000/8135736 (27.0289%)
entry 2203000/8135736 (27.0781%)
entry 2205000/8135736 (27.1026%)
entry 2206000/8135736 (27.1149%)
entry 2208000/8135736 (27.1395%)
entry 2210000/8135736 (27.1641%)
entry 2213000/8135736 (27.201%)
entry 2216000/8135736 (27.2379%)
entry 2217000/8135736 (27.2501%)
entry 2221000/8135736 (27.2993%)
entry 2222000/8135736 (27.3116%)
entry 2223000/8135736 (27.3239%)
entry 2226000/8135736 (27.3608%)
entry 2230000/8135736 (27.4099%)
entry 2236000/8135736 (27.4837%)
entry 2239000/8135736 (27.5206%)
entry 2242000/8135736 (27.5574%)
entry 2245000/8135736 (27.5943%)
entry 2250000/8135736 (27.6558%)
entry 2253000/8135736 (27.6926%)
entry 2257000/8135736 (27.7418%)
entry 2266000/8135736 (27.8524%)
entry 2273000/8135736 (27.9385%)
entry 2274000/8135736 (27.9508%)
entry 2281000/8135736 (28.0368%)
entry 2283000/8135736 (28.0614%)
entry 2284000/8135736 (28.0737%)
entry 2286000/8135736 (28.0983%)
entry 2287000/8135736 (28.1105%)
entry 2288000/8135736 (28.1228%)
entry 2289000/8135736 (28.1351%)
entry 2298000/8135736 (28.2458%)
entry 2317000/8135736 (28.4793%)
entry 2318000/8135736 (28.4916%)
entry 2319000/8135736 (28.5039%)
entry 2323000/8135736 (28.553%)
entry 2332000/8135736 (28.6637%)
entry 2333000/8135736 (28.676%)
entry 2334000/8135736 (28.6882%)
entry 2338000/8135736 (28.7374%)
entry 2342000/8135736 (28.7866%)
entry 2347000/8135736 (28.848%)
entry 2350000/8135736 (28.8849%)
entry 2351000/8135736 (28.8972%)
entry 2354000/8135736 (28.9341%)
entry 2355000/8135736 (28.9464%)
entry 2356000/8135736 (28.9587%)
entry 2361000/8135736 (29.0201%)
entry 2362000/8135736 (29.0324%)
entry 2363000/8135736 (29.0447%)
entry 2367000/8135736 (29.0939%)
entry 2371000/8135736 (29.143%)
entry 2381000/8135736 (29.2659%)
entry 2383000/8135736 (29.2905%)
entry 2390000/8135736 (29.3766%)
entry 2396000/8135736 (29.4503%)
entry 2397000/8135736 (29.4626%)
entry 2401000/8135736 (29.5118%)
entry 2405000/8135736 (29.5609%)
entry 2406000/8135736 (29.5732%)
entry 2407000/8135736 (29.5855%)
entry 2408000/8135736 (29.5978%)
entry 2409000/8135736 (29.6101%)
entry 2414000/8135736 (29.6716%)
entry 2416000/8135736 (29.6961%)
entry 2417000/8135736 (29.7084%)
entry 2418000/8135736 (29.7207%)
entry 2420000/8135736 (29.7453%)
entry 2424000/8135736 (29.7945%)
entry 2426000/8135736 (29.8191%)
entry 2428000/8135736 (29.8436%)
entry 2431000/8135736 (29.8805%)
entry 2441000/8135736 (30.0034%)
entry 2445000/8135736 (30.0526%)
entry 2452000/8135736 (30.1386%)
entry 2457000/8135736 (30.2001%)
entry 2463000/8135736 (30.2738%)
entry 2464000/8135736 (30.2861%)
entry 2467000/8135736 (30.323%)
entry 2468000/8135736 (30.3353%)
entry 2469000/8135736 (30.3476%)
entry 2472000/8135736 (30.3845%)
entry 2475000/8135736 (30.4213%)
entry 2476000/8135736 (30.4336%)
entry 2481000/8135736 (30.4951%)
entry 2482000/8135736 (30.5074%)
entry 2485000/8135736 (30.5443%)
entry 2488000/8135736 (30.5811%)
entry 2489000/8135736 (30.5934%)
entry 2492000/8135736 (30.6303%)
entry 2493000/8135736 (30.6426%)
entry 2514000/8135736 (30.9007%)
entry 2522000/8135736 (30.999%)
entry 2523000/8135736 (31.0113%)
entry 2534000/8135736 (31.1465%)
entry 2536000/8135736 (31.1711%)
entry 2538000/8135736 (31.1957%)
entry 2540000/8135736 (31.2203%)
entry 2549000/8135736 (31.3309%)
entry 2550000/8135736 (31.3432%)
entry 2555000/8135736 (31.4047%)
entry 2556000/8135736 (31.4169%)
entry 2567000/8135736 (31.5522%)
entry 2574000/8135736 (31.6382%)
entry 2575000/8135736 (31.6505%)
entry 2578000/8135736 (31.6874%)
entry 2579000/8135736 (31.6997%)
entry 2580000/8135736 (31.7119%)
entry 2583000/8135736 (31.7488%)
entry 2584000/8135736 (31.7611%)
entry 2597000/8135736 (31.9209%)
entry 2599000/8135736 (31.9455%)
entry 2606000/8135736 (32.0315%)
entry 2609000/8135736 (32.0684%)
entry 2614000/8135736 (32.1299%)
entry 2615000/8135736 (32.1421%)
entry 2622000/8135736 (32.2282%)
entry 2627000/8135736 (32.2896%)
entry 2631000/8135736 (32.3388%)
entry 2632000/8135736 (32.3511%)
entry 2638000/8135736 (32.4248%)
entry 2641000/8135736 (32.4617%)
entry 2646000/8135736 (32.5232%)
entry 2649000/8135736 (32.5601%)
entry 2652000/8135736 (32.5969%)
entry 2653000/8135736 (32.6092%)
entry 2658000/8135736 (32.6707%)
entry 2664000/8135736 (32.7444%)
entry 2667000/8135736 (32.7813%)
entry 2669000/8135736 (32.8059%)
entry 2672000/8135736 (32.8428%)
entry 2677000/8135736 (32.9042%)
entry 2680000/8135736 (32.9411%)
entry 2681000/8135736 (32.9534%)
entry 2682000/8135736 (32.9657%)
entry 2685000/8135736 (33.0025%)
entry 2689000/8135736 (33.0517%)
entry 2698000/8135736 (33.1623%)
entry 2702000/8135736 (33.2115%)
entry 2706000/8135736 (33.2607%)
entry 2708000/8135736 (33.2852%)
entry 2709000/8135736 (33.2975%)
entry 2713000/8135736 (33.3467%)
entry 2716000/8135736 (33.3836%)
entry 2717000/8135736 (33.3959%)
entry 2719000/8135736 (33.4205%)
entry 2721000/8135736 (33.445%)
entry 2726000/8135736 (33.5065%)
entry 2727000/8135736 (33.5188%)
entry 2730000/8135736 (33.5557%)
entry 2735000/8135736 (33.6171%)
entry 2737000/8135736 (33.6417%)
entry 2738000/8135736 (33.654%)
entry 2740000/8135736 (33.6786%)
entry 2746000/8135736 (33.7523%)
entry 2754000/8135736 (33.8507%)
entry 2756000/8135736 (33.8752%)
entry 2762000/8135736 (33.949%)
entry 2763000/8135736 (33.9613%)
entry 2772000/8135736 (34.0719%)
entry 2773000/8135736 (34.0842%)
entry 2774000/8135736 (34.0965%)
entry 2783000/8135736 (34.2071%)
entry 2785000/8135736 (34.2317%)
entry 2790000/8135736 (34.2931%)
entry 2794000/8135736 (34.3423%)
entry 2797000/8135736 (34.3792%)
entry 2798000/8135736 (34.3915%)
entry 2800000/8135736 (34.4161%)
entry 2804000/8135736 (34.4652%)
entry 2810000/8135736 (34.539%)
entry 2811000/8135736 (34.5513%)
entry 2817000/8135736 (34.625%)
entry 2819000/8135736 (34.6496%)
entry 2820000/8135736 (34.6619%)
entry 2823000/8135736 (34.6988%)
entry 2836000/8135736 (34.8586%)
entry 2839000/8135736 (34.8954%)
entry 2847000/8135736 (34.9938%)
entry 2851000/8135736 (35.0429%)
entry 2853000/8135736 (35.0675%)
entry 2854000/8135736 (35.0798%)
entry 2862000/8135736 (35.1781%)
entry 2863000/8135736 (35.1904%)
entry 2866000/8135736 (35.2273%)
entry 2869000/8135736 (35.2642%)
entry 2875000/8135736 (35.3379%)
entry 2876000/8135736 (35.3502%)
entry 2877000/8135736 (35.3625%)
entry 2878000/8135736 (35.3748%)
entry 2898000/8135736 (35.6206%)
entry 2899000/8135736 (35.6329%)
entry 2901000/8135736 (35.6575%)
entry 2902000/8135736 (35.6698%)
entry 2908000/8135736 (35.7435%)
entry 2915000/8135736 (35.8296%)
entry 2917000/8135736 (35.8542%)
entry 2925000/8135736 (35.9525%)
entry 2931000/8135736 (36.0262%)
entry 2933000/8135736 (36.0508%)
entry 2937000/8135736 (36.1%)
entry 2942000/8135736 (36.1614%)
entry 2943000/8135736 (36.1737%)
entry 2944000/8135736 (36.186%)
entry 2952000/8135736 (36.2844%)
entry 2956000/8135736 (36.3335%)
entry 2959000/8135736 (36.3704%)
entry 2961000/8135736 (36.395%)
entry 2963000/8135736 (36.4196%)
entry 2964000/8135736 (36.4319%)
entry 2966000/8135736 (36.4564%)
entry 2970000/8135736 (36.5056%)
entry 2971000/8135736 (36.5179%)
entry 2973000/8135736 (36.5425%)
entry 2974000/8135736 (36.5548%)
entry 2986000/8135736 (36.7023%)
entry 2989000/8135736 (36.7391%)
entry 2991000/8135736 (36.7637%)
entry 2994000/8135736 (36.8006%)
entry 2996000/8135736 (36.8252%)
entry 3002000/8135736 (36.8989%)
entry 3003000/8135736 (36.9112%)
entry 3005000/8135736 (36.9358%)
entry 3006000/8135736 (36.9481%)
entry 3009000/8135736 (36.985%)
entry 3011000/8135736 (37.0096%)
entry 3017000/8135736 (37.0833%)
entry 3019000/8135736 (37.1079%)
entry 3022000/8135736 (37.1448%)
entry 3025000/8135736 (37.1816%)
entry 3030000/8135736 (37.2431%)
entry 3031000/8135736 (37.2554%)
entry 3032000/8135736 (37.2677%)
entry 3037000/8135736 (37.3291%)
entry 3046000/8135736 (37.4398%)
entry 3049000/8135736 (37.4766%)
entry 3051000/8135736 (37.5012%)
entry 3052000/8135736 (37.5135%)
entry 3053000/8135736 (37.5258%)
entry 3059000/8135736 (37.5995%)
entry 3062000/8135736 (37.6364%)
entry 3063000/8135736 (37.6487%)
entry 3064000/8135736 (37.661%)
entry 3066000/8135736 (37.6856%)
entry 3070000/8135736 (37.7348%)
entry 3071000/8135736 (37.747%)
entry 3075000/8135736 (37.7962%)
entry 3079000/8135736 (37.8454%)
entry 3080000/8135736 (37.8577%)
entry 3084000/8135736 (37.9068%)
entry 3090000/8135736 (37.9806%)
entry 3094000/8135736 (38.0297%)
entry 3095000/8135736 (38.042%)
entry 3096000/8135736 (38.0543%)
entry 3097000/8135736 (38.0666%)
entry 3098000/8135736 (38.0789%)
entry 3100000/8135736 (38.1035%)
entry 3101000/8135736 (38.1158%)
entry 3102000/8135736 (38.1281%)
entry 3105000/8135736 (38.165%)
entry 3108000/8135736 (38.2018%)
entry 3110000/8135736 (38.2264%)
entry 3119000/8135736 (38.337%)
entry 3120000/8135736 (38.3493%)
entry 3122000/8135736 (38.3739%)
entry 3124000/8135736 (38.3985%)
entry 3128000/8135736 (38.4477%)
entry 3135000/8135736 (38.5337%)
entry 3136000/8135736 (38.546%)
entry 3139000/8135736 (38.5829%)
entry 3140000/8135736 (38.5952%)
entry 3141000/8135736 (38.6074%)
entry 3145000/8135736 (38.6566%)
entry 3154000/8135736 (38.7672%)
entry 3157000/8135736 (38.8041%)
entry 3160000/8135736 (38.841%)
entry 3164000/8135736 (38.8902%)
entry 3166000/8135736 (38.9147%)
entry 3170000/8135736 (38.9639%)
entry 3173000/8135736 (39.0008%)
entry 3176000/8135736 (39.0376%)
entry 3177000/8135736 (39.0499%)
entry 3180000/8135736 (39.0868%)
entry 3181000/8135736 (39.0991%)
entry 3186000/8135736 (39.1606%)
entry 3187000/8135736 (39.1729%)
entry 3191000/8135736 (39.222%)
entry 3192000/8135736 (39.2343%)
entry 3193000/8135736 (39.2466%)
entry 3200000/8135736 (39.3326%)
entry 3201000/8135736 (39.3449%)
entry 3208000/8135736 (39.431%)
entry 3210000/8135736 (39.4556%)
entry 3214000/8135736 (39.5047%)
entry 3216000/8135736 (39.5293%)
entry 3220000/8135736 (39.5785%)
entry 3222000/8135736 (39.6031%)
entry 3226000/8135736 (39.6522%)
entry 3228000/8135736 (39.6768%)
entry 3229000/8135736 (39.6891%)
entry 3244000/8135736 (39.8735%)
entry 3246000/8135736 (39.898%)
entry 3249000/8135736 (39.9349%)
entry 3250000/8135736 (39.9472%)
entry 3252000/8135736 (39.9718%)
entry 3253000/8135736 (39.9841%)
entry 3256000/8135736 (40.021%)
entry 3259000/8135736 (40.0578%)
entry 3260000/8135736 (40.0701%)
entry 3266000/8135736 (40.1439%)
entry 3269000/8135736 (40.1808%)
entry 3275000/8135736 (40.2545%)
entry 3280000/8135736 (40.316%)
entry 3284000/8135736 (40.3651%)
entry 3289000/8135736 (40.4266%)
entry 3290000/8135736 (40.4389%)
entry 3291000/8135736 (40.4512%)
entry 3296000/8135736 (40.5126%)
entry 3300000/8135736 (40.5618%)
entry 3304000/8135736 (40.611%)
entry 3307000/8135736 (40.6478%)
entry 3309000/8135736 (40.6724%)
entry 3313000/8135736 (40.7216%)
entry 3316000/8135736 (40.7585%)
entry 3318000/8135736 (40.783%)
entry 3320000/8135736 (40.8076%)
entry 3321000/8135736 (40.8199%)
entry 3322000/8135736 (40.8322%)
entry 3326000/8135736 (40.8814%)
entry 3327000/8135736 (40.8937%)
entry 3328000/8135736 (40.9059%)
entry 3332000/8135736 (40.9551%)
entry 3337000/8135736 (41.0166%)
entry 3340000/8135736 (41.0534%)
entry 3347000/8135736 (41.1395%)
entry 3348000/8135736 (41.1518%)
entry 3350000/8135736 (41.1764%)
entry 3352000/8135736 (41.2009%)
entry 3355000/8135736 (41.2378%)
entry 3358000/8135736 (41.2747%)
entry 3360000/8135736 (41.2993%)
entry 3362000/8135736 (41.3239%)
entry 3364000/8135736 (41.3484%)
entry 3365000/8135736 (41.3607%)
entry 3373000/8135736 (41.4591%)
entry 3374000/8135736 (41.4714%)
entry 3375000/8135736 (41.4836%)
entry 3376000/8135736 (41.4959%)
entry 3380000/8135736 (41.5451%)
entry 3382000/8135736 (41.5697%)
entry 3386000/8135736 (41.6189%)
entry 3387000/8135736 (41.6311%)
entry 3393000/8135736 (41.7049%)
entry 3395000/8135736 (41.7295%)
entry 3397000/8135736 (41.7541%)
entry 3402000/8135736 (41.8155%)
entry 3411000/8135736 (41.9261%)
entry 3416000/8135736 (41.9876%)
entry 3418000/8135736 (42.0122%)
entry 3427000/8135736 (42.1228%)
entry 3430000/8135736 (42.1597%)
entry 3435000/8135736 (42.2211%)
entry 3439000/8135736 (42.2703%)
entry 3441000/8135736 (42.2949%)
entry 3449000/8135736 (42.3932%)
entry 3452000/8135736 (42.4301%)
entry 3455000/8135736 (42.467%)
entry 3456000/8135736 (42.4793%)
entry 3457000/8135736 (42.4915%)
entry 3459000/8135736 (42.5161%)
entry 3460000/8135736 (42.5284%)
entry 3463000/8135736 (42.5653%)
entry 3466000/8135736 (42.6022%)
entry 3471000/8135736 (42.6636%)
entry 3481000/8135736 (42.7865%)
entry 3488000/8135736 (42.8726%)
entry 3489000/8135736 (42.8849%)
entry 3497000/8135736 (42.9832%)
entry 3506000/8135736 (43.0938%)
entry 3507000/8135736 (43.1061%)
entry 3508000/8135736 (43.1184%)
entry 3509000/8135736 (43.1307%)
entry 3511000/8135736 (43.1553%)
entry 3512000/8135736 (43.1676%)
entry 3513000/8135736 (43.1799%)
entry 3516000/8135736 (43.2167%)
entry 3524000/8135736 (43.3151%)
entry 3525000/8135736 (43.3274%)
entry 3531000/8135736 (43.4011%)
entry 3535000/8135736 (43.4503%)
entry 3537000/8135736 (43.4749%)
entry 3539000/8135736 (43.4994%)
entry 3541000/8135736 (43.524%)
entry 3545000/8135736 (43.5732%)
entry 3555000/8135736 (43.6961%)
entry 3556000/8135736 (43.7084%)
entry 3558000/8135736 (43.733%)
entry 3559000/8135736 (43.7453%)
entry 3560000/8135736 (43.7576%)
entry 3562000/8135736 (43.7821%)
entry 3564000/8135736 (43.8067%)
entry 3567000/8135736 (43.8436%)
entry 3568000/8135736 (43.8559%)
entry 3570000/8135736 (43.8805%)
entry 3572000/8135736 (43.9051%)
entry 3575000/8135736 (43.9419%)
entry 3576000/8135736 (43.9542%)
entry 3586000/8135736 (44.0771%)
entry 3591000/8135736 (44.1386%)
entry 3593000/8135736 (44.1632%)
entry 3594000/8135736 (44.1755%)
entry 3597000/8135736 (44.2124%)
entry 3599000/8135736 (44.2369%)
entry 3604000/8135736 (44.2984%)
entry 3606000/8135736 (44.323%)
entry 3608000/8135736 (44.3476%)
entry 3614000/8135736 (44.4213%)
entry 3620000/8135736 (44.4951%)
entry 3622000/8135736 (44.5196%)
entry 3625000/8135736 (44.5565%)
entry 3630000/8135736 (44.618%)
entry 3632000/8135736 (44.6425%)
entry 3635000/8135736 (44.6794%)
entry 3638000/8135736 (44.7163%)
entry 3656000/8135736 (44.9375%)
entry 3657000/8135736 (44.9498%)
entry 3664000/8135736 (45.0359%)
entry 3666000/8135736 (45.0605%)
entry 3668000/8135736 (45.085%)
entry 3670000/8135736 (45.1096%)
entry 3673000/8135736 (45.1465%)
entry 3682000/8135736 (45.2571%)
entry 3689000/8135736 (45.3432%)
entry 3694000/8135736 (45.4046%)
entry 3696000/8135736 (45.4292%)
entry 3701000/8135736 (45.4907%)
entry 3702000/8135736 (45.503%)
entry 3703000/8135736 (45.5152%)
entry 3705000/8135736 (45.5398%)
entry 3706000/8135736 (45.5521%)
entry 3711000/8135736 (45.6136%)
entry 3712000/8135736 (45.6259%)
entry 3714000/8135736 (45.6504%)
entry 3715000/8135736 (45.6627%)
entry 3721000/8135736 (45.7365%)
entry 3734000/8135736 (45.8963%)
entry 3735000/8135736 (45.9086%)
entry 3737000/8135736 (45.9332%)
entry 3740000/8135736 (45.97%)
entry 3742000/8135736 (45.9946%)
entry 3743000/8135736 (46.0069%)
entry 3752000/8135736 (46.1175%)
entry 3753000/8135736 (46.1298%)
entry 3757000/8135736 (46.179%)
entry 3772000/8135736 (46.3634%)
entry 3784000/8135736 (46.5109%)
entry 3785000/8135736 (46.5231%)
entry 3793000/8135736 (46.6215%)
entry 3800000/8135736 (46.7075%)
entry 3803000/8135736 (46.7444%)
entry 3814000/8135736 (46.8796%)
entry 3818000/8135736 (46.9288%)
entry 3823000/8135736 (46.9902%)
entry 3824000/8135736 (47.0025%)
entry 3831000/8135736 (47.0885%)
entry 3835000/8135736 (47.1377%)
entry 3838000/8135736 (47.1746%)
entry 3842000/8135736 (47.2238%)
entry 3846000/8135736 (47.2729%)
entry 3847000/8135736 (47.2852%)
entry 3851000/8135736 (47.3344%)
entry 3854000/8135736 (47.3713%)
entry 3855000/8135736 (47.3835%)
entry 3857000/8135736 (47.4081%)
entry 3858000/8135736 (47.4204%)
entry 3869000/8135736 (47.5556%)
entry 3870000/8135736 (47.5679%)
entry 3873000/8135736 (47.6048%)
entry 3877000/8135736 (47.654%)
entry 3880000/8135736 (47.6908%)
entry 3897000/8135736 (47.8998%)
entry 3898000/8135736 (47.9121%)
entry 3902000/8135736 (47.9612%)
entry 3903000/8135736 (47.9735%)
entry 3904000/8135736 (47.9858%)
entry 3906000/8135736 (48.0104%)
entry 3909000/8135736 (48.0473%)
entry 3920000/8135736 (48.1825%)
entry 3921000/8135736 (48.1948%)
entry 3936000/8135736 (48.3792%)
entry 3939000/8135736 (48.416%)
entry 3940000/8135736 (48.4283%)
entry 3943000/8135736 (48.4652%)
entry 3946000/8135736 (48.5021%)
entry 3947000/8135736 (48.5144%)
entry 3948000/8135736 (48.5266%)
entry 3949000/8135736 (48.5389%)
entry 3954000/8135736 (48.6004%)
entry 3961000/8135736 (48.6864%)
entry 3967000/8135736 (48.7602%)
entry 3973000/8135736 (48.8339%)
entry 3976000/8135736 (48.8708%)
entry 3978000/8135736 (48.8954%)
entry 3982000/8135736 (48.9446%)
entry 3984000/8135736 (48.9691%)
entry 3989000/8135736 (49.0306%)
entry 3994000/8135736 (49.0921%)
entry 3998000/8135736 (49.1412%)
entry 4001000/8135736 (49.1781%)
entry 4003000/8135736 (49.2027%)
entry 4010000/8135736 (49.2887%)
entry 4016000/8135736 (49.3625%)
entry 4020000/8135736 (49.4116%)
entry 4025000/8135736 (49.4731%)
entry 4026000/8135736 (49.4854%)
entry 4030000/8135736 (49.5345%)
entry 4035000/8135736 (49.596%)
entry 4037000/8135736 (49.6206%)
entry 4038000/8135736 (49.6329%)
entry 4040000/8135736 (49.6575%)
entry 4041000/8135736 (49.6698%)
entry 4042000/8135736 (49.682%)
entry 4044000/8135736 (49.7066%)
entry 4047000/8135736 (49.7435%)
entry 4051000/8135736 (49.7927%)
entry 4053000/8135736 (49.8173%)
entry 4057000/8135736 (49.8664%)
entry 4058000/8135736 (49.8787%)
entry 4066000/8135736 (49.977%)
entry 4067000/8135736 (49.9893%)
entry 4074000/8135736 (50.0754%)
entry 4077000/8135736 (50.1122%)
entry 4078000/8135736 (50.1245%)
entry 4080000/8135736 (50.1491%)
entry 4083000/8135736 (50.186%)
entry 4084000/8135736 (50.1983%)
entry 4085000/8135736 (50.2106%)
entry 4097000/8135736 (50.3581%)
entry 4100000/8135736 (50.3949%)
entry 4111000/8135736 (50.5302%)
entry 4113000/8135736 (50.5547%)
entry 4114000/8135736 (50.567%)
entry 4115000/8135736 (50.5793%)
entry 4118000/8135736 (50.6162%)
entry 4119000/8135736 (50.6285%)
entry 4129000/8135736 (50.7514%)
entry 4133000/8135736 (50.8006%)
entry 4140000/8135736 (50.8866%)
entry 4143000/8135736 (50.9235%)
entry 4147000/8135736 (50.9726%)
entry 4152000/8135736 (51.0341%)
entry 4153000/8135736 (51.0464%)
entry 4155000/8135736 (51.071%)
entry 4166000/8135736 (51.2062%)
entry 4179000/8135736 (51.366%)
entry 4181000/8135736 (51.3906%)
entry 4182000/8135736 (51.4028%)
entry 4195000/8135736 (51.5626%)
entry 4197000/8135736 (51.5872%)
entry 4208000/8135736 (51.7224%)
entry 4210000/8135736 (51.747%)
entry 4217000/8135736 (51.8331%)
entry 4219000/8135736 (51.8576%)
entry 4229000/8135736 (51.9805%)
entry 4230000/8135736 (51.9928%)
entry 4241000/8135736 (52.128%)
entry 4242000/8135736 (52.1403%)
entry 4243000/8135736 (52.1526%)
entry 4249000/8135736 (52.2264%)
entry 4251000/8135736 (52.251%)
entry 4257000/8135736 (52.3247%)
entry 4260000/8135736 (52.3616%)
entry 4264000/8135736 (52.4107%)
entry 4270000/8135736 (52.4845%)
entry 4273000/8135736 (52.5214%)
entry 4279000/8135736 (52.5951%)
entry 4283000/8135736 (52.6443%)
entry 4285000/8135736 (52.6689%)
entry 4286000/8135736 (52.6812%)
entry 4293000/8135736 (52.7672%)
entry 4295000/8135736 (52.7918%)
entry 4297000/8135736 (52.8164%)
entry 4301000/8135736 (52.8655%)
entry 4302000/8135736 (52.8778%)
entry 4313000/8135736 (53.013%)
entry 4316000/8135736 (53.0499%)
entry 4317000/8135736 (53.0622%)
entry 4318000/8135736 (53.0745%)
entry 4320000/8135736 (53.0991%)
entry 4326000/8135736 (53.1728%)
entry 4328000/8135736 (53.1974%)
entry 4329000/8135736 (53.2097%)
entry 4338000/8135736 (53.3203%)
entry 4339000/8135736 (53.3326%)
entry 4341000/8135736 (53.3572%)
entry 4343000/8135736 (53.3818%)
entry 4344000/8135736 (53.3941%)
entry 4349000/8135736 (53.4555%)
entry 4358000/8135736 (53.5661%)
entry 4361000/8135736 (53.603%)
entry 4369000/8135736 (53.7013%)
entry 4370000/8135736 (53.7136%)
entry 4374000/8135736 (53.7628%)
entry 4376000/8135736 (53.7874%)
entry 4377000/8135736 (53.7997%)
entry 4380000/8135736 (53.8366%)
entry 4385000/8135736 (53.898%)
entry 4386000/8135736 (53.9103%)
entry 4387000/8135736 (53.9226%)
entry 4388000/8135736 (53.9349%)
entry 4392000/8135736 (53.9841%)
entry 4395000/8135736 (54.0209%)
entry 4397000/8135736 (54.0455%)
entry 4398000/8135736 (54.0578%)
entry 4399000/8135736 (54.0701%)
entry 4400000/8135736 (54.0824%)
entry 4402000/8135736 (54.107%)
entry 4403000/8135736 (54.1193%)
entry 4407000/8135736 (54.1684%)
entry 4409000/8135736 (54.193%)
entry 4415000/8135736 (54.2668%)
entry 4419000/8135736 (54.3159%)
entry 4420000/8135736 (54.3282%)
entry 4421000/8135736 (54.3405%)
entry 4427000/8135736 (54.4143%)
entry 4432000/8135736 (54.4757%)
entry 4433000/8135736 (54.488%)
entry 4436000/8135736 (54.5249%)
entry 4438000/8135736 (54.5495%)
entry 4439000/8135736 (54.5618%)
entry 4445000/8135736 (54.6355%)
entry 4446000/8135736 (54.6478%)
entry 4452000/8135736 (54.7215%)
entry 4459000/8135736 (54.8076%)
entry 4461000/8135736 (54.8322%)
entry 4466000/8135736 (54.8936%)
entry 4469000/8135736 (54.9305%)
entry 4472000/8135736 (54.9674%)
entry 4475000/8135736 (55.0042%)
entry 4484000/8135736 (55.1149%)
entry 4488000/8135736 (55.164%)
entry 4490000/8135736 (55.1886%)
entry 4494000/8135736 (55.2378%)
entry 4495000/8135736 (55.2501%)
entry 4499000/8135736 (55.2992%)
entry 4500000/8135736 (55.3115%)
entry 4502000/8135736 (55.3361%)
entry 4513000/8135736 (55.4713%)
entry 4517000/8135736 (55.5205%)
entry 4520000/8135736 (55.5574%)
entry 4525000/8135736 (55.6188%)
entry 4526000/8135736 (55.6311%)
entry 4529000/8135736 (55.668%)
entry 4531000/8135736 (55.6926%)
entry 4532000/8135736 (55.7049%)
entry 4542000/8135736 (55.8278%)
entry 4544000/8135736 (55.8524%)
entry 4551000/8135736 (55.9384%)
entry 4552000/8135736 (55.9507%)
entry 4555000/8135736 (55.9876%)
entry 4559000/8135736 (56.0367%)
entry 4560000/8135736 (56.049%)
entry 4561000/8135736 (56.0613%)
entry 4562000/8135736 (56.0736%)
entry 4571000/8135736 (56.1842%)
entry 4573000/8135736 (56.2088%)
entry 4574000/8135736 (56.2211%)
entry 4577000/8135736 (56.258%)
entry 4579000/8135736 (56.2826%)
entry 4581000/8135736 (56.3071%)
entry 4582000/8135736 (56.3194%)
entry 4583000/8135736 (56.3317%)
entry 4584000/8135736 (56.344%)
entry 4588000/8135736 (56.3932%)
entry 4589000/8135736 (56.4055%)
entry 4590000/8135736 (56.4178%)
entry 4591000/8135736 (56.4301%)
entry 4602000/8135736 (56.5653%)
entry 4607000/8135736 (56.6267%)
entry 4610000/8135736 (56.6636%)
entry 4616000/8135736 (56.7373%)
entry 4617000/8135736 (56.7496%)
entry 4619000/8135736 (56.7742%)
entry 4620000/8135736 (56.7865%)
entry 4621000/8135736 (56.7988%)
entry 4625000/8135736 (56.848%)
entry 4628000/8135736 (56.8848%)
entry 4629000/8135736 (56.8971%)
entry 4633000/8135736 (56.9463%)
entry 4634000/8135736 (56.9586%)
entry 4636000/8135736 (56.9832%)
entry 4640000/8135736 (57.0323%)
entry 4643000/8135736 (57.0692%)
entry 4650000/8135736 (57.1552%)
entry 4651000/8135736 (57.1675%)
entry 4652000/8135736 (57.1798%)
entry 4656000/8135736 (57.229%)
entry 4658000/8135736 (57.2536%)
entry 4675000/8135736 (57.4625%)
entry 4679000/8135736 (57.5117%)
entry 4684000/8135736 (57.5732%)
entry 4687000/8135736 (57.61%)
entry 4693000/8135736 (57.6838%)
entry 4694000/8135736 (57.6961%)
entry 4695000/8135736 (57.7084%)
entry 4696000/8135736 (57.7207%)
entry 4698000/8135736 (57.7452%)
entry 4699000/8135736 (57.7575%)
entry 4700000/8135736 (57.7698%)
entry 4703000/8135736 (57.8067%)
entry 4707000/8135736 (57.8559%)
entry 4717000/8135736 (57.9788%)
entry 4719000/8135736 (58.0034%)
entry 4720000/8135736 (58.0157%)
entry 4721000/8135736 (58.0279%)
entry 4723000/8135736 (58.0525%)
entry 4733000/8135736 (58.1754%)
entry 4742000/8135736 (58.2861%)
entry 4743000/8135736 (58.2983%)
entry 4752000/8135736 (58.409%)
entry 4756000/8135736 (58.4581%)
entry 4757000/8135736 (58.4704%)
entry 4758000/8135736 (58.4827%)
entry 4760000/8135736 (58.5073%)
entry 4761000/8135736 (58.5196%)
entry 4764000/8135736 (58.5565%)
entry 4765000/8135736 (58.5688%)
entry 4768000/8135736 (58.6056%)
entry 4770000/8135736 (58.6302%)
entry 4771000/8135736 (58.6425%)
entry 4774000/8135736 (58.6794%)
entry 4782000/8135736 (58.7777%)
entry 4784000/8135736 (58.8023%)
entry 4789000/8135736 (58.8638%)
entry 4791000/8135736 (58.8883%)
entry 4794000/8135736 (58.9252%)
entry 4797000/8135736 (58.9621%)
entry 4802000/8135736 (59.0235%)
entry 4805000/8135736 (59.0604%)
entry 4810000/8135736 (59.1219%)
entry 4815000/8135736 (59.1833%)
entry 4819000/8135736 (59.2325%)
entry 4820000/8135736 (59.2448%)
entry 4824000/8135736 (59.294%)
entry 4825000/8135736 (59.3063%)
entry 4831000/8135736 (59.38%)
entry 4832000/8135736 (59.3923%)
entry 4838000/8135736 (59.466%)
entry 4839000/8135736 (59.4783%)
entry 4841000/8135736 (59.5029%)
entry 4844000/8135736 (59.5398%)
entry 4848000/8135736 (59.589%)
entry 4853000/8135736 (59.6504%)
entry 4859000/8135736 (59.7242%)
entry 4861000/8135736 (59.7487%)
entry 4865000/8135736 (59.7979%)
entry 4866000/8135736 (59.8102%)
entry 4868000/8135736 (59.8348%)
entry 4870000/8135736 (59.8594%)
entry 4873000/8135736 (59.8962%)
entry 4875000/8135736 (59.9208%)
entry 4877000/8135736 (59.9454%)
entry 4878000/8135736 (59.9577%)
entry 4879000/8135736 (59.97%)
entry 4881000/8135736 (59.9946%)
entry 4882000/8135736 (60.0069%)
entry 4887000/8135736 (60.0683%)
entry 4890000/8135736 (60.1052%)
entry 4898000/8135736 (60.2035%)
entry 4899000/8135736 (60.2158%)
entry 4902000/8135736 (60.2527%)
entry 4903000/8135736 (60.265%)
entry 4908000/8135736 (60.3264%)
entry 4909000/8135736 (60.3387%)
entry 4910000/8135736 (60.351%)
entry 4924000/8135736 (60.5231%)
entry 4926000/8135736 (60.5477%)
entry 4933000/8135736 (60.6337%)
entry 4938000/8135736 (60.6952%)
entry 4942000/8135736 (60.7444%)
entry 4947000/8135736 (60.8058%)
entry 4949000/8135736 (60.8304%)
entry 4951000/8135736 (60.855%)
entry 4952000/8135736 (60.8673%)
entry 4964000/8135736 (61.0148%)
entry 4967000/8135736 (61.0516%)
entry 4968000/8135736 (61.0639%)
entry 4969000/8135736 (61.0762%)
entry 4970000/8135736 (61.0885%)
entry 4972000/8135736 (61.1131%)
entry 4977000/8135736 (61.1746%)
entry 4986000/8135736 (61.2852%)
entry 4987000/8135736 (61.2975%)
entry 4997000/8135736 (61.4204%)
entry 4998000/8135736 (61.4327%)
entry 5002000/8135736 (61.4818%)
entry 5003000/8135736 (61.4941%)
entry 5006000/8135736 (61.531%)
entry 5009000/8135736 (61.5679%)
entry 5012000/8135736 (61.6048%)
entry 5013000/8135736 (61.617%)
entry 5022000/8135736 (61.7277%)
entry 5023000/8135736 (61.74%)
entry 5031000/8135736 (61.8383%)
entry 5034000/8135736 (61.8752%)
entry 5037000/8135736 (61.912%)
entry 5042000/8135736 (61.9735%)
entry 5048000/8135736 (62.0472%)
entry 5049000/8135736 (62.0595%)
entry 5050000/8135736 (62.0718%)
entry 5051000/8135736 (62.0841%)
entry 5052000/8135736 (62.0964%)
entry 5055000/8135736 (62.1333%)
entry 5061000/8135736 (62.207%)
entry 5064000/8135736 (62.2439%)
entry 5071000/8135736 (62.3299%)
entry 5075000/8135736 (62.3791%)
entry 5077000/8135736 (62.4037%)
entry 5078000/8135736 (62.416%)
entry 5079000/8135736 (62.4283%)
entry 5085000/8135736 (62.502%)
entry 5086000/8135736 (62.5143%)
entry 5087000/8135736 (62.5266%)
entry 5088000/8135736 (62.5389%)
entry 5096000/8135736 (62.6372%)
entry 5097000/8135736 (62.6495%)
entry 5100000/8135736 (62.6864%)
entry 5101000/8135736 (62.6987%)
entry 5106000/8135736 (62.7602%)
entry 5108000/8135736 (62.7847%)
entry 5111000/8135736 (62.8216%)
entry 5114000/8135736 (62.8585%)
entry 5116000/8135736 (62.8831%)
entry 5117000/8135736 (62.8954%)
entry 5118000/8135736 (62.9076%)
entry 5138000/8135736 (63.1535%)
entry 5152000/8135736 (63.3256%)
entry 5155000/8135736 (63.3624%)
entry 5157000/8135736 (63.387%)
entry 5161000/8135736 (63.4362%)
entry 5164000/8135736 (63.4731%)
entry 5166000/8135736 (63.4976%)
entry 5169000/8135736 (63.5345%)
entry 5170000/8135736 (63.5468%)
entry 5172000/8135736 (63.5714%)
entry 5173000/8135736 (63.5837%)
entry 5180000/8135736 (63.6697%)
entry 5186000/8135736 (63.7435%)
entry 5187000/8135736 (63.7558%)
entry 5191000/8135736 (63.8049%)
entry 5199000/8135736 (63.9033%)
entry 5201000/8135736 (63.9278%)
entry 5202000/8135736 (63.9401%)
entry 5204000/8135736 (63.9647%)
entry 5207000/8135736 (64.0016%)
entry 5208000/8135736 (64.0139%)
entry 5212000/8135736 (64.063%)
entry 5213000/8135736 (64.0753%)
entry 5217000/8135736 (64.1245%)
entry 5222000/8135736 (64.186%)
entry 5228000/8135736 (64.2597%)
entry 5231000/8135736 (64.2966%)
entry 5233000/8135736 (64.3212%)
entry 5234000/8135736 (64.3335%)
entry 5236000/8135736 (64.358%)
entry 5242000/8135736 (64.4318%)
entry 5244000/8135736 (64.4564%)
entry 5251000/8135736 (64.5424%)
entry 5262000/8135736 (64.6776%)
entry 5265000/8135736 (64.7145%)
entry 5269000/8135736 (64.7637%)
entry 5272000/8135736 (64.8005%)
entry 5277000/8135736 (64.862%)
entry 5281000/8135736 (64.9112%)
entry 5287000/8135736 (64.9849%)
entry 5288000/8135736 (64.9972%)
entry 5293000/8135736 (65.0586%)
entry 5294000/8135736 (65.0709%)
entry 5298000/8135736 (65.1201%)
entry 5301000/8135736 (65.157%)
entry 5303000/8135736 (65.1816%)
entry 5305000/8135736 (65.2061%)
entry 5307000/8135736 (65.2307%)
entry 5319000/8135736 (65.3782%)
entry 5329000/8135736 (65.5011%)
entry 5332000/8135736 (65.538%)
entry 5336000/8135736 (65.5872%)
entry 5340000/8135736 (65.6363%)
entry 5345000/8135736 (65.6978%)
entry 5351000/8135736 (65.7716%)
entry 5354000/8135736 (65.8084%)
entry 5358000/8135736 (65.8576%)
entry 5359000/8135736 (65.8699%)
entry 5360000/8135736 (65.8822%)
entry 5362000/8135736 (65.9068%)
entry 5366000/8135736 (65.9559%)
entry 5373000/8135736 (66.042%)
entry 5375000/8135736 (66.0666%)
entry 5376000/8135736 (66.0788%)
entry 5379000/8135736 (66.1157%)
entry 5386000/8135736 (66.2018%)
entry 5387000/8135736 (66.214%)
entry 5395000/8135736 (66.3124%)
entry 5397000/8135736 (66.337%)
entry 5398000/8135736 (66.3493%)
entry 5399000/8135736 (66.3615%)
entry 5405000/8135736 (66.4353%)
entry 5407000/8135736 (66.4599%)
entry 5413000/8135736 (66.5336%)
entry 5417000/8135736 (66.5828%)
entry 5418000/8135736 (66.5951%)
entry 5419000/8135736 (66.6074%)
entry 5432000/8135736 (66.7672%)
entry 5440000/8135736 (66.8655%)
entry 5441000/8135736 (66.8778%)
entry 5443000/8135736 (66.9024%)
entry 5445000/8135736 (66.927%)
entry 5446000/8135736 (66.9392%)
entry 5451000/8135736 (67.0007%)
entry 5466000/8135736 (67.1851%)
entry 5467000/8135736 (67.1974%)
entry 5469000/8135736 (67.2219%)
entry 5478000/8135736 (67.3326%)
entry 5481000/8135736 (67.3694%)
entry 5483000/8135736 (67.394%)
entry 5489000/8135736 (67.4678%)
entry 5491000/8135736 (67.4924%)
entry 5493000/8135736 (67.5169%)
entry 5494000/8135736 (67.5292%)
entry 5502000/8135736 (67.6276%)
entry 5503000/8135736 (67.6399%)
entry 5505000/8135736 (67.6644%)
entry 5507000/8135736 (67.689%)
entry 5509000/8135736 (67.7136%)
entry 5511000/8135736 (67.7382%)
entry 5512000/8135736 (67.7505%)
entry 5515000/8135736 (67.7873%)
entry 5516000/8135736 (67.7996%)
entry 5517000/8135736 (67.8119%)
entry 5520000/8135736 (67.8488%)
entry 5523000/8135736 (67.8857%)
entry 5525000/8135736 (67.9103%)
entry 5532000/8135736 (67.9963%)
entry 5533000/8135736 (68.0086%)
entry 5548000/8135736 (68.193%)
entry 5552000/8135736 (68.2421%)
entry 5555000/8135736 (68.279%)
entry 5556000/8135736 (68.2913%)
entry 5558000/8135736 (68.3159%)
entry 5559000/8135736 (68.3282%)
entry 5563000/8135736 (68.3773%)
entry 5564000/8135736 (68.3896%)
entry 5567000/8135736 (68.4265%)
entry 5569000/8135736 (68.4511%)
entry 5572000/8135736 (68.488%)
entry 5577000/8135736 (68.5494%)
entry 5578000/8135736 (68.5617%)
entry 5584000/8135736 (68.6355%)
entry 5589000/8135736 (68.6969%)
entry 5592000/8135736 (68.7338%)
entry 5594000/8135736 (68.7584%)
entry 5595000/8135736 (68.7707%)
entry 5598000/8135736 (68.8075%)
entry 5605000/8135736 (68.8936%)
entry 5613000/8135736 (68.9919%)
entry 5616000/8135736 (69.0288%)
entry 5622000/8135736 (69.1025%)
entry 5627000/8135736 (69.164%)
entry 5637000/8135736 (69.2869%)
entry 5642000/8135736 (69.3484%)
entry 5647000/8135736 (69.4098%)
entry 5648000/8135736 (69.4221%)
entry 5650000/8135736 (69.4467%)
entry 5651000/8135736 (69.459%)
entry 5657000/8135736 (69.5327%)
entry 5658000/8135736 (69.545%)
entry 5662000/8135736 (69.5942%)
entry 5664000/8135736 (69.6188%)
entry 5675000/8135736 (69.754%)
entry 5680000/8135736 (69.8154%)
entry 5682000/8135736 (69.84%)
entry 5684000/8135736 (69.8646%)
entry 5686000/8135736 (69.8892%)
entry 5691000/8135736 (69.9506%)
entry 5692000/8135736 (69.9629%)
entry 5702000/8135736 (70.0859%)
entry 5705000/8135736 (70.1227%)
entry 5709000/8135736 (70.1719%)
entry 5710000/8135736 (70.1842%)
entry 5711000/8135736 (70.1965%)
entry 5714000/8135736 (70.2334%)
entry 5724000/8135736 (70.3563%)
entry 5729000/8135736 (70.4177%)
entry 5730000/8135736 (70.43%)
entry 5734000/8135736 (70.4792%)
entry 5740000/8135736 (70.5529%)
entry 5743000/8135736 (70.5898%)
entry 5747000/8135736 (70.639%)
entry 5750000/8135736 (70.6758%)
entry 5754000/8135736 (70.725%)
entry 5755000/8135736 (70.7373%)
entry 5760000/8135736 (70.7988%)
entry 5761000/8135736 (70.8111%)
entry 5762000/8135736 (70.8233%)
entry 5768000/8135736 (70.8971%)
entry 5772000/8135736 (70.9463%)
entry 5774000/8135736 (70.9708%)
entry 5775000/8135736 (70.9831%)
entry 5780000/8135736 (71.0446%)
entry 5788000/8135736 (71.1429%)
entry 5795000/8135736 (71.229%)
entry 5800000/8135736 (71.2904%)
entry 5801000/8135736 (71.3027%)
entry 5803000/8135736 (71.3273%)
entry 5808000/8135736 (71.3887%)
entry 5816000/8135736 (71.4871%)
entry 5817000/8135736 (71.4994%)
entry 5821000/8135736 (71.5485%)
entry 5825000/8135736 (71.5977%)
entry 5826000/8135736 (71.61%)
entry 5831000/8135736 (71.6715%)
entry 5833000/8135736 (71.696%)
entry 5835000/8135736 (71.7206%)
entry 5846000/8135736 (71.8558%)
entry 5847000/8135736 (71.8681%)
entry 5858000/8135736 (72.0033%)
entry 5876000/8135736 (72.2246%)
entry 5881000/8135736 (72.286%)
entry 5883000/8135736 (72.3106%)
entry 5889000/8135736 (72.3844%)
entry 5899000/8135736 (72.5073%)
entry 5900000/8135736 (72.5196%)
entry 5901000/8135736 (72.5318%)
entry 5903000/8135736 (72.5564%)
entry 5904000/8135736 (72.5687%)
entry 5908000/8135736 (72.6179%)
entry 5917000/8135736 (72.7285%)
entry 5921000/8135736 (72.7777%)
entry 5923000/8135736 (72.8023%)
entry 5924000/8135736 (72.8146%)
entry 5930000/8135736 (72.8883%)
entry 5932000/8135736 (72.9129%)
entry 5937000/8135736 (72.9743%)
entry 5943000/8135736 (73.0481%)
entry 5947000/8135736 (73.0973%)
entry 5949000/8135736 (73.1218%)
entry 5950000/8135736 (73.1341%)
entry 5951000/8135736 (73.1464%)
entry 5959000/8135736 (73.2448%)
entry 5963000/8135736 (73.2939%)
entry 5965000/8135736 (73.3185%)
entry 5972000/8135736 (73.4045%)
entry 5973000/8135736 (73.4168%)
entry 5975000/8135736 (73.4414%)
entry 5981000/8135736 (73.5152%)
entry 5984000/8135736 (73.552%)
entry 5985000/8135736 (73.5643%)
entry 5986000/8135736 (73.5766%)
entry 5990000/8135736 (73.6258%)
entry 5991000/8135736 (73.6381%)
entry 5992000/8135736 (73.6504%)
entry 5994000/8135736 (73.675%)
entry 5996000/8135736 (73.6995%)
entry 6003000/8135736 (73.7856%)
entry 6006000/8135736 (73.8225%)
entry 6012000/8135736 (73.8962%)
entry 6013000/8135736 (73.9085%)
entry 6014000/8135736 (73.9208%)
entry 6015000/8135736 (73.9331%)
entry 6020000/8135736 (73.9945%)
entry 6027000/8135736 (74.0806%)
entry 6029000/8135736 (74.1052%)
entry 6034000/8135736 (74.1666%)
entry 6035000/8135736 (74.1789%)
entry 6037000/8135736 (74.2035%)
entry 6040000/8135736 (74.2404%)
entry 6043000/8135736 (74.2772%)
entry 6045000/8135736 (74.3018%)
entry 6048000/8135736 (74.3387%)
entry 6051000/8135736 (74.3756%)
entry 6052000/8135736 (74.3879%)
entry 6053000/8135736 (74.4002%)
entry 6054000/8135736 (74.4124%)
entry 6055000/8135736 (74.4247%)
entry 6056000/8135736 (74.437%)
entry 6057000/8135736 (74.4493%)
entry 6060000/8135736 (74.4862%)
entry 6064000/8135736 (74.5354%)
entry 6065000/8135736 (74.5476%)
entry 6067000/8135736 (74.5722%)
entry 6069000/8135736 (74.5968%)
entry 6075000/8135736 (74.6706%)
entry 6076000/8135736 (74.6829%)
entry 6077000/8135736 (74.6951%)
entry 6078000/8135736 (74.7074%)
entry 6081000/8135736 (74.7443%)
entry 6083000/8135736 (74.7689%)
entry 6084000/8135736 (74.7812%)
entry 6086000/8135736 (74.8058%)
entry 6087000/8135736 (74.8181%)
entry 6093000/8135736 (74.8918%)
entry 6094000/8135736 (74.9041%)
entry 6098000/8135736 (74.9533%)
entry 6099000/8135736 (74.9656%)
entry 6101000/8135736 (74.9901%)
entry 6107000/8135736 (75.0639%)
entry 6110000/8135736 (75.1008%)
entry 6111000/8135736 (75.1131%)
entry 6112000/8135736 (75.1253%)
entry 6113000/8135736 (75.1376%)
entry 6114000/8135736 (75.1499%)
entry 6115000/8135736 (75.1622%)
entry 6122000/8135736 (75.2483%)
entry 6123000/8135736 (75.2606%)
entry 6125000/8135736 (75.2851%)
entry 6126000/8135736 (75.2974%)
entry 6131000/8135736 (75.3589%)
entry 6132000/8135736 (75.3712%)
entry 6136000/8135736 (75.4203%)
entry 6138000/8135736 (75.4449%)
entry 6150000/8135736 (75.5924%)
entry 6151000/8135736 (75.6047%)
entry 6156000/8135736 (75.6662%)
entry 6160000/8135736 (75.7153%)
entry 6169000/8135736 (75.826%)
entry 6171000/8135736 (75.8505%)
entry 6175000/8135736 (75.8997%)
entry 6179000/8135736 (75.9489%)
entry 6180000/8135736 (75.9612%)
entry 6183000/8135736 (75.998%)
entry 6184000/8135736 (76.0103%)
entry 6188000/8135736 (76.0595%)
entry 6189000/8135736 (76.0718%)
entry 6193000/8135736 (76.121%)
entry 6195000/8135736 (76.1455%)
entry 6204000/8135736 (76.2562%)
entry 6205000/8135736 (76.2685%)
entry 6206000/8135736 (76.2807%)
entry 6213000/8135736 (76.3668%)
entry 6217000/8135736 (76.416%)
entry 6219000/8135736 (76.4405%)
entry 6223000/8135736 (76.4897%)
entry 6227000/8135736 (76.5389%)
entry 6232000/8135736 (76.6003%)
entry 6236000/8135736 (76.6495%)
entry 6237000/8135736 (76.6618%)
entry 6238000/8135736 (76.6741%)
entry 6243000/8135736 (76.7355%)
entry 6246000/8135736 (76.7724%)
entry 6248000/8135736 (76.797%)
entry 6249000/8135736 (76.8093%)
entry 6251000/8135736 (76.8339%)
entry 6256000/8135736 (76.8953%)
entry 6260000/8135736 (76.9445%)
entry 6261000/8135736 (76.9568%)
entry 6265000/8135736 (77.0059%)
entry 6266000/8135736 (77.0182%)
entry 6269000/8135736 (77.0551%)
entry 6271000/8135736 (77.0797%)
entry 6273000/8135736 (77.1043%)
entry 6281000/8135736 (77.2026%)
entry 6282000/8135736 (77.2149%)
entry 6283000/8135736 (77.2272%)
entry 6284000/8135736 (77.2395%)
entry 6285000/8135736 (77.2518%)
entry 6286000/8135736 (77.2641%)
entry 6287000/8135736 (77.2764%)
entry 6288000/8135736 (77.2886%)
entry 6295000/8135736 (77.3747%)
entry 6296000/8135736 (77.387%)
entry 6300000/8135736 (77.4361%)
entry 6302000/8135736 (77.4607%)
entry 6304000/8135736 (77.4853%)
entry 6305000/8135736 (77.4976%)
entry 6308000/8135736 (77.5345%)
entry 6310000/8135736 (77.5591%)
entry 6315000/8135736 (77.6205%)
entry 6317000/8135736 (77.6451%)
entry 6320000/8135736 (77.682%)
entry 6323000/8135736 (77.7188%)
entry 6327000/8135736 (77.768%)
entry 6328000/8135736 (77.7803%)
entry 6329000/8135736 (77.7926%)
entry 6330000/8135736 (77.8049%)
entry 6331000/8135736 (77.8172%)
entry 6333000/8135736 (77.8418%)
entry 6334000/8135736 (77.854%)
entry 6336000/8135736 (77.8786%)
entry 6339000/8135736 (77.9155%)
entry 6340000/8135736 (77.9278%)
entry 6343000/8135736 (77.9647%)
entry 6345000/8135736 (77.9893%)
entry 6348000/8135736 (78.0261%)
entry 6351000/8135736 (78.063%)
entry 6354000/8135736 (78.0999%)
entry 6357000/8135736 (78.1368%)
entry 6361000/8135736 (78.1859%)
entry 6364000/8135736 (78.2228%)
entry 6369000/8135736 (78.2843%)
entry 6380000/8135736 (78.4195%)
entry 6388000/8135736 (78.5178%)
entry 6395000/8135736 (78.6038%)
entry 6400000/8135736 (78.6653%)
entry 6403000/8135736 (78.7022%)
entry 6408000/8135736 (78.7636%)
entry 6410000/8135736 (78.7882%)
entry 6413000/8135736 (78.8251%)
entry 6414000/8135736 (78.8374%)
entry 6415000/8135736 (78.8497%)
entry 6419000/8135736 (78.8988%)
entry 6420000/8135736 (78.9111%)
entry 6435000/8135736 (79.0955%)
entry 6436000/8135736 (79.1078%)
entry 6437000/8135736 (79.1201%)
entry 6438000/8135736 (79.1324%)
entry 6440000/8135736 (79.1569%)
entry 6441000/8135736 (79.1692%)
entry 6448000/8135736 (79.2553%)
entry 6451000/8135736 (79.2921%)
entry 6457000/8135736 (79.3659%)
entry 6461000/8135736 (79.4151%)
entry 6464000/8135736 (79.4519%)
entry 6465000/8135736 (79.4642%)
entry 6466000/8135736 (79.4765%)
entry 6468000/8135736 (79.5011%)
entry 6473000/8135736 (79.5626%)
entry 6475000/8135736 (79.5871%)
entry 6476000/8135736 (79.5994%)
entry 6485000/8135736 (79.7101%)
entry 6491000/8135736 (79.7838%)
entry 6492000/8135736 (79.7961%)
entry 6493000/8135736 (79.8084%)
entry 6497000/8135736 (79.8576%)
entry 6500000/8135736 (79.8944%)
entry 6501000/8135736 (79.9067%)
entry 6506000/8135736 (79.9682%)
entry 6509000/8135736 (80.0051%)
entry 6514000/8135736 (80.0665%)
entry 6515000/8135736 (80.0788%)
entry 6517000/8135736 (80.1034%)
entry 6520000/8135736 (80.1403%)
entry 6523000/8135736 (80.1771%)
entry 6526000/8135736 (80.214%)
entry 6529000/8135736 (80.2509%)
entry 6531000/8135736 (80.2755%)
entry 6539000/8135736 (80.3738%)
entry 6550000/8135736 (80.509%)
entry 6551000/8135736 (80.5213%)
entry 6553000/8135736 (80.5459%)
entry 6555000/8135736 (80.5705%)
entry 6558000/8135736 (80.6073%)
entry 6567000/8135736 (80.718%)
entry 6571000/8135736 (80.7671%)
entry 6573000/8135736 (80.7917%)
entry 6575000/8135736 (80.8163%)
entry 6581000/8135736 (80.89%)
entry 6594000/8135736 (81.0498%)
entry 6596000/8135736 (81.0744%)
entry 6598000/8135736 (81.099%)
entry 6609000/8135736 (81.2342%)
entry 6614000/8135736 (81.2957%)
entry 6615000/8135736 (81.3079%)
entry 6621000/8135736 (81.3817%)
entry 6622000/8135736 (81.394%)
entry 6624000/8135736 (81.4186%)
entry 6628000/8135736 (81.4677%)
entry 6635000/8135736 (81.5538%)
entry 6640000/8135736 (81.6152%)
entry 6644000/8135736 (81.6644%)
entry 6647000/8135736 (81.7013%)
entry 6651000/8135736 (81.7504%)
entry 6653000/8135736 (81.775%)
entry 6661000/8135736 (81.8734%)
entry 6672000/8135736 (82.0086%)
entry 6673000/8135736 (82.0209%)
entry 6692000/8135736 (82.2544%)
entry 6693000/8135736 (82.2667%)
entry 6698000/8135736 (82.3281%)
entry 6701000/8135736 (82.365%)
entry 6709000/8135736 (82.4633%)
entry 6711000/8135736 (82.4879%)
entry 6715000/8135736 (82.5371%)
entry 6718000/8135736 (82.574%)
entry 6719000/8135736 (82.5863%)
entry 6722000/8135736 (82.6231%)
entry 6731000/8135736 (82.7338%)
entry 6734000/8135736 (82.7706%)
entry 6739000/8135736 (82.8321%)
entry 6744000/8135736 (82.8935%)
entry 6746000/8135736 (82.9181%)
entry 6747000/8135736 (82.9304%)
entry 6749000/8135736 (82.955%)
entry 6750000/8135736 (82.9673%)
entry 6752000/8135736 (82.9919%)
entry 6753000/8135736 (83.0042%)
entry 6756000/8135736 (83.041%)
entry 6761000/8135736 (83.1025%)
entry 6764000/8135736 (83.1394%)
entry 6767000/8135736 (83.1762%)
entry 6769000/8135736 (83.2008%)
entry 6777000/8135736 (83.2992%)
entry 6781000/8135736 (83.3483%)
entry 6784000/8135736 (83.3852%)
entry 6789000/8135736 (83.4467%)
entry 6793000/8135736 (83.4958%)
entry 6794000/8135736 (83.5081%)
entry 6802000/8135736 (83.6065%)
entry 6804000/8135736 (83.631%)
entry 6808000/8135736 (83.6802%)
entry 6809000/8135736 (83.6925%)
entry 6810000/8135736 (83.7048%)
entry 6815000/8135736 (83.7662%)
entry 6818000/8135736 (83.8031%)
entry 6823000/8135736 (83.8646%)
entry 6826000/8135736 (83.9014%)
entry 6831000/8135736 (83.9629%)
entry 6837000/8135736 (84.0366%)
entry 6838000/8135736 (84.0489%)
entry 6839000/8135736 (84.0612%)
entry 6841000/8135736 (84.0858%)
entry 6847000/8135736 (84.1596%)
entry 6849000/8135736 (84.1841%)
entry 6852000/8135736 (84.221%)
entry 6855000/8135736 (84.2579%)
entry 6856000/8135736 (84.2702%)
entry 6858000/8135736 (84.2948%)
entry 6861000/8135736 (84.3316%)
entry 6864000/8135736 (84.3685%)
entry 6866000/8135736 (84.3931%)
entry 6868000/8135736 (84.4177%)
entry 6869000/8135736 (84.43%)
entry 6870000/8135736 (84.4423%)
entry 6872000/8135736 (84.4669%)
entry 6875000/8135736 (84.5037%)
entry 6879000/8135736 (84.5529%)
entry 6882000/8135736 (84.5898%)
entry 6883000/8135736 (84.6021%)
entry 6886000/8135736 (84.6389%)
entry 6889000/8135736 (84.6758%)
entry 6896000/8135736 (84.7618%)
entry 6899000/8135736 (84.7987%)
entry 6901000/8135736 (84.8233%)
entry 6903000/8135736 (84.8479%)
entry 6904000/8135736 (84.8602%)
entry 6907000/8135736 (84.8971%)
entry 6908000/8135736 (84.9093%)
entry 6914000/8135736 (84.9831%)
entry 6918000/8135736 (85.0323%)
entry 6920000/8135736 (85.0568%)
entry 6924000/8135736 (85.106%)
entry 6927000/8135736 (85.1429%)
entry 6929000/8135736 (85.1675%)
entry 6930000/8135736 (85.1798%)
entry 6931000/8135736 (85.192%)
entry 6946000/8135736 (85.3764%)
entry 6952000/8135736 (85.4502%)
entry 6956000/8135736 (85.4993%)
entry 6959000/8135736 (85.5362%)
entry 6969000/8135736 (85.6591%)
entry 6975000/8135736 (85.7329%)
entry 6976000/8135736 (85.7452%)
entry 6982000/8135736 (85.8189%)
entry 6987000/8135736 (85.8804%)
entry 6988000/8135736 (85.8927%)
entry 6991000/8135736 (85.9295%)
entry 6993000/8135736 (85.9541%)
entry 6994000/8135736 (85.9664%)
entry 6999000/8135736 (86.0279%)
entry 7005000/8135736 (86.1016%)
entry 7008000/8135736 (86.1385%)
entry 7013000/8135736 (86.1999%)
entry 7016000/8135736 (86.2368%)
entry 7031000/8135736 (86.4212%)
entry 7034000/8135736 (86.4581%)
entry 7035000/8135736 (86.4704%)
entry 7038000/8135736 (86.5072%)
entry 7039000/8135736 (86.5195%)
entry 7042000/8135736 (86.5564%)
entry 7048000/8135736 (86.6301%)
entry 7049000/8135736 (86.6424%)
entry 7050000/8135736 (86.6547%)
entry 7055000/8135736 (86.7162%)
entry 7064000/8135736 (86.8268%)
entry 7065000/8135736 (86.8391%)
entry 7069000/8135736 (86.8883%)
entry 7072000/8135736 (86.9251%)
entry 7077000/8135736 (86.9866%)
entry 7079000/8135736 (87.0112%)
entry 7080000/8135736 (87.0235%)
entry 7088000/8135736 (87.1218%)
entry 7090000/8135736 (87.1464%)
entry 7091000/8135736 (87.1587%)
entry 7103000/8135736 (87.3062%)
entry 7104000/8135736 (87.3185%)
entry 7110000/8135736 (87.3922%)
entry 7115000/8135736 (87.4537%)
entry 7116000/8135736 (87.466%)
entry 7122000/8135736 (87.5397%)
entry 7123000/8135736 (87.552%)
entry 7128000/8135736 (87.6135%)
entry 7132000/8135736 (87.6626%)
entry 7133000/8135736 (87.6749%)
entry 7139000/8135736 (87.7487%)
entry 7143000/8135736 (87.7978%)
entry 7145000/8135736 (87.8224%)
entry 7147000/8135736 (87.847%)
entry 7148000/8135736 (87.8593%)
entry 7150000/8135736 (87.8839%)
entry 7161000/8135736 (88.0191%)
entry 7166000/8135736 (88.0805%)
entry 7168000/8135736 (88.1051%)
entry 7169000/8135736 (88.1174%)
entry 7174000/8135736 (88.1789%)
entry 7176000/8135736 (88.2035%)
entry 7180000/8135736 (88.2526%)
entry 7182000/8135736 (88.2772%)
entry 7183000/8135736 (88.2895%)
entry 7186000/8135736 (88.3264%)
entry 7193000/8135736 (88.4124%)
entry 7197000/8135736 (88.4616%)
entry 7198000/8135736 (88.4739%)
entry 7199000/8135736 (88.4862%)
entry 7204000/8135736 (88.5476%)
entry 7210000/8135736 (88.6214%)
entry 7211000/8135736 (88.6337%)
entry 7213000/8135736 (88.6582%)
entry 7222000/8135736 (88.7689%)
entry 7231000/8135736 (88.8795%)
entry 7233000/8135736 (88.9041%)
entry 7235000/8135736 (88.9286%)
entry 7241000/8135736 (89.0024%)
entry 7244000/8135736 (89.0393%)
entry 7245000/8135736 (89.0516%)
entry 7249000/8135736 (89.1007%)
entry 7250000/8135736 (89.113%)
entry 7251000/8135736 (89.1253%)
entry 7252000/8135736 (89.1376%)
entry 7254000/8135736 (89.1622%)
entry 7256000/8135736 (89.1868%)
entry 7257000/8135736 (89.1991%)
entry 7258000/8135736 (89.2114%)
entry 7270000/8135736 (89.3588%)
entry 7272000/8135736 (89.3834%)
entry 7275000/8135736 (89.4203%)
entry 7283000/8135736 (89.5186%)
entry 7284000/8135736 (89.5309%)
entry 7287000/8135736 (89.5678%)
entry 7293000/8135736 (89.6416%)
entry 7294000/8135736 (89.6538%)
entry 7296000/8135736 (89.6784%)
entry 7297000/8135736 (89.6907%)
entry 7301000/8135736 (89.7399%)
entry 7302000/8135736 (89.7522%)
entry 7303000/8135736 (89.7645%)
entry 7305000/8135736 (89.7891%)
entry 7309000/8135736 (89.8382%)
entry 7312000/8135736 (89.8751%)
entry 7314000/8135736 (89.8997%)
entry 7324000/8135736 (90.0226%)
entry 7325000/8135736 (90.0349%)
entry 7326000/8135736 (90.0472%)
entry 7328000/8135736 (90.0717%)
entry 7331000/8135736 (90.1086%)
entry 7332000/8135736 (90.1209%)
entry 7338000/8135736 (90.1947%)
entry 7343000/8135736 (90.2561%)
entry 7345000/8135736 (90.2807%)
entry 7347000/8135736 (90.3053%)
entry 7351000/8135736 (90.3545%)
entry 7355000/8135736 (90.4036%)
entry 7363000/8135736 (90.502%)
entry 7376000/8135736 (90.6617%)
entry 7377000/8135736 (90.674%)
entry 7378000/8135736 (90.6863%)
entry 7390000/8135736 (90.8338%)
entry 7400000/8135736 (90.9567%)
entry 7407000/8135736 (91.0428%)
entry 7409000/8135736 (91.0674%)
entry 7410000/8135736 (91.0797%)
entry 7411000/8135736 (91.0919%)
entry 7413000/8135736 (91.1165%)
entry 7420000/8135736 (91.2026%)
entry 7424000/8135736 (91.2517%)
entry 7437000/8135736 (91.4115%)
entry 7443000/8135736 (91.4853%)
entry 7445000/8135736 (91.5099%)
entry 7446000/8135736 (91.5221%)
entry 7448000/8135736 (91.5467%)
entry 7450000/8135736 (91.5713%)
entry 7452000/8135736 (91.5959%)
entry 7457000/8135736 (91.6574%)
entry 7459000/8135736 (91.6819%)
entry 7462000/8135736 (91.7188%)
entry 7466000/8135736 (91.768%)
entry 7468000/8135736 (91.7926%)
entry 7472000/8135736 (91.8417%)
entry 7473000/8135736 (91.854%)
entry 7476000/8135736 (91.8909%)
entry 7479000/8135736 (91.9278%)
entry 7480000/8135736 (91.9401%)
entry 7484000/8135736 (91.9892%)
entry 7487000/8135736 (92.0261%)
entry 7498000/8135736 (92.1613%)
entry 7508000/8135736 (92.2842%)
entry 7509000/8135736 (92.2965%)
entry 7511000/8135736 (92.3211%)
entry 7518000/8135736 (92.4071%)
entry 7519000/8135736 (92.4194%)
entry 7521000/8135736 (92.444%)
entry 7524000/8135736 (92.4809%)
entry 7525000/8135736 (92.4932%)
entry 7528000/8135736 (92.53%)
entry 7532000/8135736 (92.5792%)
entry 7535000/8135736 (92.6161%)
entry 7536000/8135736 (92.6284%)
entry 7539000/8135736 (92.6652%)
entry 7549000/8135736 (92.7882%)
entry 7553000/8135736 (92.8373%)
entry 7555000/8135736 (92.8619%)
entry 7556000/8135736 (92.8742%)
entry 7558000/8135736 (92.8988%)
entry 7559000/8135736 (92.9111%)
entry 7560000/8135736 (92.9234%)
entry 7569000/8135736 (93.034%)
entry 7574000/8135736 (93.0955%)
entry 7576000/8135736 (93.12%)
entry 7582000/8135736 (93.1938%)
entry 7585000/8135736 (93.2307%)
entry 7593000/8135736 (93.329%)
entry 7595000/8135736 (93.3536%)
entry 7599000/8135736 (93.4027%)
entry 7603000/8135736 (93.4519%)
entry 7606000/8135736 (93.4888%)
entry 7607000/8135736 (93.5011%)
entry 7611000/8135736 (93.5502%)
entry 7613000/8135736 (93.5748%)
entry 7614000/8135736 (93.5871%)
entry 7615000/8135736 (93.5994%)
entry 7616000/8135736 (93.6117%)
entry 7617000/8135736 (93.624%)
entry 7619000/8135736 (93.6486%)
entry 7621000/8135736 (93.6731%)
entry 7622000/8135736 (93.6854%)
entry 7625000/8135736 (93.7223%)
entry 7628000/8135736 (93.7592%)
entry 7630000/8135736 (93.7838%)
entry 7631000/8135736 (93.7961%)
entry 7639000/8135736 (93.8944%)
entry 7643000/8135736 (93.9436%)
entry 7644000/8135736 (93.9559%)
entry 7648000/8135736 (94.005%)
entry 7650000/8135736 (94.0296%)
entry 7652000/8135736 (94.0542%)
entry 7661000/8135736 (94.1648%)
entry 7668000/8135736 (94.2508%)
entry 7671000/8135736 (94.2877%)
entry 7673000/8135736 (94.3123%)
entry 7676000/8135736 (94.3492%)
entry 7687000/8135736 (94.4844%)
entry 7688000/8135736 (94.4967%)
entry 7695000/8135736 (94.5827%)
entry 7696000/8135736 (94.595%)
entry 7702000/8135736 (94.6688%)
entry 7707000/8135736 (94.7302%)
entry 7712000/8135736 (94.7917%)
entry 7715000/8135736 (94.8285%)
entry 7726000/8135736 (94.9637%)
entry 7728000/8135736 (94.9883%)
entry 7736000/8135736 (95.0867%)
entry 7738000/8135736 (95.1112%)
entry 7739000/8135736 (95.1235%)
entry 7741000/8135736 (95.1481%)
entry 7749000/8135736 (95.2465%)
entry 7750000/8135736 (95.2587%)
entry 7752000/8135736 (95.2833%)
entry 7754000/8135736 (95.3079%)
entry 7756000/8135736 (95.3325%)
entry 7757000/8135736 (95.3448%)
entry 7758000/8135736 (95.3571%)
entry 7762000/8135736 (95.4062%)
entry 7765000/8135736 (95.4431%)
entry 7774000/8135736 (95.5537%)
entry 7777000/8135736 (95.5906%)
entry 7778000/8135736 (95.6029%)
entry 7779000/8135736 (95.6152%)
entry 7782000/8135736 (95.6521%)
entry 7791000/8135736 (95.7627%)
entry 7793000/8135736 (95.7873%)
entry 7800000/8135736 (95.8733%)
entry 7803000/8135736 (95.9102%)
entry 7805000/8135736 (95.9348%)
entry 7809000/8135736 (95.9839%)
entry 7810000/8135736 (95.9962%)
entry 7811000/8135736 (96.0085%)
entry 7815000/8135736 (96.0577%)
entry 7820000/8135736 (96.1191%)
entry 7824000/8135736 (96.1683%)
entry 7826000/8135736 (96.1929%)
entry 7828000/8135736 (96.2175%)
entry 7830000/8135736 (96.2421%)
entry 7833000/8135736 (96.2789%)
entry 7834000/8135736 (96.2912%)
entry 7836000/8135736 (96.3158%)
entry 7839000/8135736 (96.3527%)
entry 7850000/8135736 (96.4879%)
entry 7854000/8135736 (96.5371%)
entry 7857000/8135736 (96.5739%)
entry 7859000/8135736 (96.5985%)
entry 7863000/8135736 (96.6477%)
entry 7864000/8135736 (96.66%)
entry 7868000/8135736 (96.7091%)
entry 7869000/8135736 (96.7214%)
entry 7874000/8135736 (96.7829%)
entry 7881000/8135736 (96.8689%)
entry 7884000/8135736 (96.9058%)
entry 7886000/8135736 (96.9304%)
entry 7890000/8135736 (96.9795%)
entry 7898000/8135736 (97.0779%)
entry 7903000/8135736 (97.1393%)
entry 7909000/8135736 (97.2131%)
entry 7917000/8135736 (97.3114%)
entry 7924000/8135736 (97.3975%)
entry 7926000/8135736 (97.422%)
entry 7927000/8135736 (97.4343%)
entry 7931000/8135736 (97.4835%)
entry 7932000/8135736 (97.4958%)
entry 7933000/8135736 (97.5081%)
entry 7934000/8135736 (97.5204%)
entry 7936000/8135736 (97.545%)
entry 7937000/8135736 (97.5572%)
entry 7938000/8135736 (97.5695%)
entry 7945000/8135736 (97.6556%)
entry 7950000/8135736 (97.717%)
entry 7951000/8135736 (97.7293%)
entry 7953000/8135736 (97.7539%)
entry 7954000/8135736 (97.7662%)
entry 7958000/8135736 (97.8154%)
entry 7959000/8135736 (97.8277%)
entry 7965000/8135736 (97.9014%)
entry 7968000/8135736 (97.9383%)
entry 7979000/8135736 (98.0735%)
entry 7980000/8135736 (98.0858%)
entry 7988000/8135736 (98.1841%)
entry 7994000/8135736 (98.2579%)
entry 8000000/8135736 (98.3316%)
entry 8001000/8135736 (98.3439%)
entry 8003000/8135736 (98.3685%)
entry 8010000/8135736 (98.4545%)
entry 8011000/8135736 (98.4668%)
entry 8013000/8135736 (98.4914%)
entry 8015000/8135736 (98.516%)
entry 8022000/8135736 (98.602%)
entry 8025000/8135736 (98.6389%)
entry 8028000/8135736 (98.6758%)
entry 8030000/8135736 (98.7004%)
entry 8039000/8135736 (98.811%)
entry 8043000/8135736 (98.8601%)
entry 8052000/8135736 (98.9708%)
entry 8064000/8135736 (99.1183%)
entry 8067000/8135736 (99.1551%)
entry 8070000/8135736 (99.192%)
entry 8072000/8135736 (99.2166%)
entry 8073000/8135736 (99.2289%)
entry 8075000/8135736 (99.2535%)
entry 8076000/8135736 (99.2658%)
entry 8077000/8135736 (99.2781%)
entry 8078000/8135736 (99.2903%)
entry 8088000/8135736 (99.4133%)
entry 8089000/8135736 (99.4255%)
entry 8090000/8135736 (99.4378%)
entry 8100000/8135736 (99.5608%)
entry 8102000/8135736 (99.5853%)
entry 8104000/8135736 (99.6099%)
entry 8106000/8135736 (99.6345%)
entry 8115000/8135736 (99.7451%)
entry 8116000/8135736 (99.7574%)
entry 8117000/8135736 (99.7697%)
entry 8127000/8135736 (99.8926%)
entry 8131000/8135736 (99.9418%)
all done
script done
