sphnx1036.sdcc.bnl.gov
rsyncing from /gpfs/mnt/gpfs02/sphenix/user/samfred/run25/ppg11/histmaking
running: /gpfs/mnt/gpfs02/sphenix/user/samfred/run25/ppg11/histmaking/script_data.sh 48645
LD_LIBRARY_PATH now /sphenix/user/samfred/run25/install//lib:/cvmfs/sphenix.sdcc.bnl.gov/alma9.2-gcc-14.2.0/opt/sphenix/core/gcc/14.2.0-2f0a0/x86_64-el9/lib:/cvmfs/sphenix.sdcc.bnl.gov/alma9.2-gcc-14.2.0/opt/sphenix/core/gcc/14.2.0-2f0a0/x86_64-el9/lib64:/cvmfs/sphenix.sdcc.bnl.gov/alma9.2-gcc-14.2.0/opt/sphenix/core/binutils/2.40-acaab/x86_64-el9/lib:.:/cvmfs/sphenix.sdcc.bnl.gov/alma9.2-gcc-14.2.0/release/release_new/new.10/lib64:/cvmfs/sphenix.sdcc.bnl.gov/alma9.2-gcc-14.2.0/release/release_new/new.10/lib:/cvmfs/sphenix.sdcc.bnl.gov/alma9.2-gcc-14.2.0/opt/sphenix/utils/lib:/cvmfs/sphenix.sdcc.bnl.gov/alma9.2-gcc-14.2.0/opt/sphenix/core/lib:/cvmfs/sphenix.sdcc.bnl.gov/alma9.2-gcc-14.2.0/opt/sphenix/core/root-6.32.06/lib:/cvmfs/sphenix.sdcc.bnl.gov/alma9.2-gcc-14.2.0/opt/sphenix/core/geant4.10.07.p04/lib64:/cvmfs/sphenix.sdcc.bnl.gov/alma9.2-gcc-14.2.0/opt/sphenix/core/lhapdf-5.9.1/lib:/usr/local/lib64:/usr/lib64
PATH now /sphenix/user/samfred/run25/install//bin:/cvmfs/sphenix.sdcc.bnl.gov/alma9.2-gcc-14.2.0/opt/sphenix/core/gcc/14.2.0-2f0a0/x86_64-el9/bin:/cvmfs/sphenix.sdcc.bnl.gov/alma9.2-gcc-14.2.0/opt/sphenix/core/binutils/2.40-acaab/x86_64-el9/bin:.:/cvmfs/sphenix.sdcc.bnl.gov/alma9.2-gcc-14.2.0/release/release_new/new.10/bin:/cvmfs/sphenix.sdcc.bnl.gov/alma9.2-gcc-14.2.0/opt/sphenix/utils/bin:/cvmfs/sphenix.sdcc.bnl.gov/alma9.2-gcc-14.2.0/opt/sphenix/core/bin:/cvmfs/sphenix.sdcc.bnl.gov/alma9.2-gcc-14.2.0/opt/sphenix/core/root-6.32.06/bin:/cvmfs/sphenix.sdcc.bnl.gov/alma9.2-gcc-14.2.0/opt/sphenix/core/geant4.10.07.p04/bin:/usr/local/bin:/usr/bin:/usr/local/sbin:/usr/sbin
SINGULARITY_CACHEDIR=/home/condor/local/sphnx/execute/dir_232373
_CONDOR_CHIRP_CONFIG=/home/condor/local/sphnx/execute/dir_232373/.chirp.config
_CONDOR_JOB_IWD=/sphenix/user/samfred/run25/ppg11/histmaking
G4ENSDFSTATEDATA=/cvmfs/sphenix.sdcc.bnl.gov/alma9.2-gcc-14.2.0/opt/sphenix/core/geant4.10.07.p04/share/Geant4-10.7.4/data/G4ENSDFSTATE2.3
_CONDOR_MACHINE_AD=/home/condor/local/sphnx/execute/dir_232373/.machine.ad
ROOT_MAX_THREADS=1
_CONDOR_ANCESTOR_232373=242025:1759352690:123788723
NUMEXPR_NUM_THREADS=1
CUBACORES=1
_CHIRP_DELAYED_UPDATE_PREFIX=Chirp*
OMP_THREAD_LIMIT=1
G4PIIDATA=/cvmfs/sphenix.sdcc.bnl.gov/alma9.2-gcc-14.2.0/opt/sphenix/core/geant4.10.07.p04/share/Geant4-10.7.4/data/G4PII1.3
NO_AT_BRIDGE=1
_CONDOR_ANCESTOR_26135=26177:1756527008:2736685448
G4_MAIN=/cvmfs/sphenix.sdcc.bnl.gov/alma9.2-gcc-14.2.0/opt/sphenix/core/geant4.10.07.p04
COMPILER_PATH=/cvmfs/sphenix.sdcc.bnl.gov/alma9.2-gcc-14.2.0/opt/sphenix/core/gcc/14.2.0-2f0a0/x86_64-el9
ROOT_INCLUDE_PATH=./:/sphenix/user/samfred/run25/install//include:/sphenix/user/samfred/run25/install//include/caloana:/sphenix/user/samfred/run25/install//include/qa_centrality:/sphenix/user/samfred/run25/install//include/mbdana:/sphenix/user/samfred/run25/install//include/centrality:/sphenix/user/samfred/run25/install//include/Event:/cvmfs/sphenix.sdcc.bnl.gov/alma9.2-gcc-14.2.0/release/release_new/new.10/include:/cvmfs/sphenix.sdcc.bnl.gov/alma9.2-gcc-14.2.0/release/release_new/new.10/include:/cvmfs/sphenix.sdcc.bnl.gov/alma9.2-gcc-14.2.0/release/release_new/new.10/include/g4mbd:/cvmfs/sphenix.sdcc.bnl.gov/alma9.2-gcc-14.2.0/release/release_new/new.10/include/fmt:/cvmfs/sphenix.sdcc.bnl.gov/alma9.2-gcc-14.2.0/release/release_new/new.10/include/ffarawobjects:/cvmfs/sphenix.sdcc.bnl.gov/alma9.2-gcc-14.2.0/release/release_new/new.10/include/JSON:/cvmfs/sphenix.sdcc.bnl.gov/alma9.2-gcc-14.2.0/release/release_new/new.10/include/calotreegen:/cvmfs/sphenix.sdcc.bnl.gov/alma9.2-gcc-14.2.0/release/release_new/new.10/include/torch:/cvmfs/sphenix.sdcc.bnl.gov/alma9.2-gcc-14.2.0/release/release_new/new.10/include/g4detectors:/cvmfs/sphenix.sdcc.bnl.gov/alma9.2-gcc-14.2.0/release/release_new/new.10/include/kineto:/cvmfs/sphenix.sdcc.bnl.gov/alma9.2-gcc-14.2.0/release/release_new/new.10/include/g4decayer:/cvmfs/sphenix.sdcc.bnl.gov/alma9.2-gcc-14.2.0/release/release_new/new.10/include/kfparticleqa:/cvmfs/sphenix.sdcc.bnl.gov/alma9.2-gcc-14.2.0/release/release_new/new.10/include/phfield:/cvmfs/sphenix.sdcc.bnl.gov/alma9.2-gcc-14.2.0/release/release_new/new.10/include/LHAPDF:/cvmfs/sphenix.sdcc.bnl.gov/alma9.2-gcc-14.2.0/release/release_new/new.10/include/readdigitalcurrents:/cvmfs/sphenix.sdcc.bnl.gov/alma9.2-gcc-14.2.0/release/release_new/new.10/include/c10:/cvmfs/sphenix.sdcc.bnl.gov/alma9.2-gcc-14.2.0/release/release_new/new.10/include/calovalid:/cvmfs/sphenix.sdcc.bnl.gov/alma9.2-gcc-14.2.0/release/release_new/new.10/include/oneapi:/cvmfs/sphenix.sdcc.bnl.gov/alma9.2-gcc-14.2.0/release/release_new/new.10/include/DDCond:/cvmfs/sphenix.sdcc.bnl.gov/alma9.2-gcc-14.2.0/release/release_new/new.10/include/g4tracking:/cvmfs/sphenix.sdcc.bnl.gov/alma9.2-gcc-14.2.0/release/release_new/new.10/include/litecaloeval:/cvmfs/sphenix.sdcc.bnl.gov/alma9.2-gcc-14.2.0/release/release_new/new.10/include/g4intt:/cvmfs/sphenix.sdcc.bnl.gov/alma9.2-gcc-14.2.0/release/release_new/new.10/include/phool:/cvmfs/sphenix.sdcc.bnl.gov/alma9.2-gcc-14.2.0/release/release_new/new.10/include/boost:/cvmfs/sphenix.sdcc.bnl.gov/alma9.2-gcc-14.2.0/release/release_new/new.10/include/Pythia8Plugins:/cvmfs/sphenix.sdcc.bnl.gov/alma9.2-gcc-14.2.0/release/release_new/new.10/include/calib_emc_pi0:/cvmfs/sphenix.sdcc.bnl.gov/alma9.2-gcc-14.2.0/release/release_new/new.10/include/hijingflipafterburner:/cvmfs/sphenix.sdcc.bnl.gov/alma9.2-gcc-14.2.0/release/release_new/new.10/include/ffaobjects:/cvmfs/sphenix.sdcc.bnl.gov/alma9.2-gcc-14.2.0/release/release_new/new.10/include/EvtGenBase:/cvmfs/sphenix.sdcc.bnl.gov/alma9.2-gcc-14.2.0/release/release_new/new.10/include/flowafterburner:/cvmfs/sphenix.sdcc.bnl.gov/alma9.2-gcc-14.2.0/release/release_new/new.10/include/google:/cvmfs/sphenix.sdcc.bnl.gov/alma9.2-gcc-14.2.0/release/release_new/new.10/include/g4tpc:/cvmfs/sphenix.sdcc.bnl.gov/alma9.2-gcc-14.2.0/release/release_new/new.10/include/caffe2:/cvmfs/sphenix.sdcc.bnl.gov/alma9.2-gcc-14.2.0/release/release_new/new.10/include/EvtGenExternal:/cvmfs/sphenix.sdcc.bnl.gov/alma9.2-gcc-14.2.0/release/release_new/new.10/include/fp16:/cvmfs/sphenix.sdcc.bnl.gov/alma9.2-gcc-14.2.0/release/release_new/new.10/include/ffamodules:/cvmfs/sphenix.sdcc.bnl.gov/alma9.2-gcc-14.2.0/release/release_new/new.10/include/uspin:/cvmfs/sphenix.sdcc.bnl.gov/alma9.2-gcc-14.2.0/release/release_new/new.10/include/Herwig:/cvmfs/sphenix.sdcc.bnl.gov/alma9.2-gcc-14.2.0/release/release_new/new.10/include/genfitexp:/cvmfs/sphenix.sdcc.bnl.gov/alma9.2-gcc-14.2.0/release/release_new/new.10/include/XML:/cvmfs/sphenix.sdcc.bnl.gov/alma9.2-gcc-14.2.0/release/release_new/new.10/include/fbgemm:/cvmfs/sphenix.sdcc.bnl.gov/alma9.2-gcc-14.2.0/release/release_new/new.10/include/DDAlign:/cvmfs/sphenix.sdcc.bnl.gov/alma9.2-gcc-14.2.0/release/release_new/new.10/include/g4mvtx:/cvmfs/sphenix.sdcc.bnl.gov/alma9.2-gcc-14.2.0/release/release_new/new.10/include/kfparticle_sphenix:/cvmfs/sphenix.sdcc.bnl.gov/alma9.2-gcc-14.2.0/release/release_new/new.10/include/fun4all:/cvmfs/sphenix.sdcc.bnl.gov/alma9.2-gcc-14.2.0/release/release_new/new.10/include/intt:/cvmfs/sphenix.sdcc.bnl.gov/alma9.2-gcc-14.2.0/release/release_new/new.10/include/eventdisplay:/cvmfs/sphenix.sdcc.bnl.gov/alma9.2-gcc-14.2.0/release/release_new/new.10/include/EvtGen:/cvmfs/sphenix.sdcc.bnl.gov/alma9.2-gcc-14.2.0/release/release_new/new.10/include/Evaluator:/cvmfs/sphenix.sdcc.bnl.gov/alma9.2-gcc-14.2.0/release/release_new/new.10/include/tpc:/cvmfs/sphenix.sdcc.bnl.gov/alma9.2-gcc-14.2.0/release/release_new/new.10/include/GenFit:/cvmfs/sphenix.sdcc.bnl.gov/alma9.2-gcc-14.2.0/release/release_new/new.10/include/prototype4:/cvmfs/sphenix.sdcc.bnl.gov/alma9.2-gcc-14.2.0/release/release_new/new.10/include/caloembedding:/cvmfs/sphenix.sdcc.bnl.gov/alma9.2-gcc-14.2.0/release/release_new/new.10/include/EvtGenModels:/cvmfs/sphenix.sdcc.bnl.gov/alma9.2-gcc-14.2.0/release/release_new/new.10/include/fastjet:/cvmfs/sphenix.sdcc.bnl.gov/alma9.2-gcc-14.2.0/release/release_new/new.10/include/DDG4:/cvmfs/sphenix.sdcc.bnl.gov/alma9.2-gcc-14.2.0/release/release_new/new.10/include/mbd:/cvmfs/sphenix.sdcc.bnl.gov/alma9.2-gcc-14.2.0/release/release_new/new.10/include/tbb:/cvmfs/sphenix.sdcc.bnl.gov/alma9.2-gcc-14.2.0/release/release_new/new.10/include/phgeom:/cvmfs/sphenix.sdcc.bnl.gov/alma9.2-gcc-14.2.0/release/release_new/new.10/include/g4epd:/cvmfs/sphenix.sdcc.bnl.gov/alma9.2-gcc-14.2.0/release/release_new/new.10/include/oncal:/cvmfs/sphenix.sdcc.bnl.gov/alma9.2-gcc-14.2.0/release/release_new/new.10/include/pybind11:/cvmfs/sphenix.sdcc.bnl.gov/alma9.2-gcc-14.2.0/release/release_new/new.10/include/tpcdistgenerator:/cvmfs/sphenix.sdcc.bnl.gov/alma9.2-gcc-14.2.0/release/release_new/new.10/include/cdbobjects:/cvmfs/sphenix.sdcc.bnl.gov/alma9.2-gcc-14.2.0/release/release_new/new.10/include/g4micromegas:/cvmfs/sphenix.sdcc.bnl.gov/alma9.2-gcc-14.2.0/release/release_new/new.10/include/g4eval:/cvmfs/sphenix.sdcc.bnl.gov/alma9.2-gcc-14.2.0/release/release_new/new.10/include/jetbackground:/cvmfs/sphenix.sdcc.bnl.gov/alma9.2-gcc-14.2.0/release/release_new/new.10/include/micromegas:/cvmfs/sphenix.sdcc.bnl.gov/alma9.2-gcc-14.2.0/release/release_new/new.10/include/hftrackefficiency:/cvmfs/sphenix.sdcc.bnl.gov/alma9.2-gcc-14.2.0/release/release_new/new.10/include/inttrawhitqa:/cvmfs/sphenix.sdcc.bnl.gov/alma9.2-gcc-14.2.0/release/release_new/new.10/include/centrality:/cvmfs/sphenix.sdcc.bnl.gov/alma9.2-gcc-14.2.0/release/release_new/new.10/include/epd:/cvmfs/sphenix.sdcc.bnl.gov/alma9.2-gcc-14.2.0/release/release_new/new.10/include/caloreco:/cvmfs/sphenix.sdcc.bnl.gov/alma9.2-gcc-14.2.0/release/release_new/new.10/include/HepMC:/cvmfs/sphenix.sdcc.bnl.gov/alma9.2-gcc-14.2.0/release/release_new/new.10/include/CLHEP:/cvmfs/sphenix.sdcc.bnl.gov/alma9.2-gcc-14.2.0/release/release_new/new.10/include/Acts:/cvmfs/sphenix.sdcc.bnl.gov/alma9.2-gcc-14.2.0/release/release_new/new.10/include/g4histos:/cvmfs/sphenix.sdcc.bnl.gov/alma9.2-gcc-14.2.0/release/release_new/new.10/include/eventplaneinfo:/cvmfs/sphenix.sdcc.bnl.gov/alma9.2-gcc-14.2.0/release/release_new/new.10/include/fillspacechargemaps:/cvmfs/sphenix.sdcc.bnl.gov/alma9.2-gcc-14.2.0/release/release_new/new.10/include/phhepmc:/cvmfs/sphenix.sdcc.bnl.gov/alma9.2-gcc-14.2.0/release/release_new/new.10/include/trackingqa:/cvmfs/sphenix.sdcc.bnl.gov/alma9.2-gcc-14.2.0/release/release_new/new.10/include/qautils:/cvmfs/sphenix.sdcc.bnl.gov/alma9.2-gcc-14.2.0/release/release_new/new.10/include/trackreco:/cvmfs/sphenix.sdcc.bnl.gov/alma9.2-gcc-14.2.0/release/release_new/new.10/include/g4ohcal:/cvmfs/sphenix.sdcc.bnl.gov/alma9.2-gcc-14.2.0/release/release_new/new.10/include/tpcdvcalib:/cvmfs/sphenix.sdcc.bnl.gov/alma9.2-gcc-14.2.0/release/release_new/new.10/include/zdcinfo:/cvmfs/sphenix.sdcc.bnl.gov/alma9.2-gcc-14.2.0/release/release_new/new.10/include/phpythia8:/cvmfs/sphenix.sdcc.bnl.gov/alma9.2-gcc-14.2.0/release/release_new/new.10/include/fun4allutils:/cvmfs/sphenix.sdcc.bnl.gov/alma9.2-gcc-14.2.0/release/release_new/new.10/include/tpcqa:/cvmfs/sphenix.sdcc.bnl.gov/alma9.2-gcc-14.2.0/release/release_new/new.10/include/Pythia8:/cvmfs/sphenix.sdcc.bnl.gov/alma9.2-gcc-14.2.0/release/release_new/new.10/include/DDRec:/cvmfs/sphenix.sdcc.bnl.gov/alma9.2-gcc-14.2.0/release/release_new/new.10/include/DDDigi:/cvmfs/sphenix.sdcc.bnl.gov/alma9.2-gcc-14.2.0/release/release_new/new.10/include/g4ihcal:/cvmfs/sphenix.sdcc.bnl.gov/alma9.2-gcc-14.2.0/release/release_new/new.10/include/frog:/cvmfs/sphenix.sdcc.bnl.gov/alma9.2-gcc-14.2.0/release/release_new/new.10/include/eigen3:/cvmfs/sphenix.sdcc.bnl.gov/alma9.2-gcc-14.2.0/release/release_new/new.10/include/tensorpipe:/cvmfs/sphenix.sdcc.bnl.gov/alma9.2-gcc-14.2.0/release/release_new/new.10/include/sphenixnpc:/cvmfs/sphenix.sdcc.bnl.gov/alma9.2-gcc-14.2.0/release/release_new/new.10/include/siscone:/cvmfs/sphenix.sdcc.bnl.gov/alma9.2-gcc-14.2.0/release/release_new/new.10/include/pmonitor:/cvmfs/sphenix.sdcc.bnl.gov/alma9.2-gcc-14.2.0/release/release_new/new.10/include/calobase:/cvmfs/sphenix.sdcc.bnl.gov/alma9.2-gcc-14.2.0/release/release_new/new.10/include/ActsExamples:/cvmfs/sphenix.sdcc.bnl.gov/alma9.2-gcc-14.2.0/release/release_new/new.10/include/g4gdml:/cvmfs/sphenix.sdcc.bnl.gov/alma9.2-gcc-14.2.0/release/release_new/new.10/include/mvtx_decoder:/cvmfs/sphenix.sdcc.bnl.gov/alma9.2-gcc-14.2.0/release/release_new/new.10/include/ROOT:/cvmfs/sphenix.sdcc.bnl.gov/alma9.2-gcc-14.2.0/release/release_new/new.10/include/phparameter:/cvmfs/sphenix.sdcc.bnl.gov/alma9.2-gcc-14.2.0/release/release_new/new.10/include/rsa:/cvmfs/sphenix.sdcc.bnl.gov/alma9.2-gcc-14.2.0/release/release_new/new.10/include/fun4allraw:/cvmfs/sphenix.sdcc.bnl.gov/alma9.2-gcc-14.2.0/release/release_new/new.10/include/trackbase_historic:/cvmfs/sphenix.sdcc.bnl.gov/alma9.2-gcc-14.2.0/release/release_new/new.10/include/g4jets:/cvmfs/sphenix.sdcc.bnl.gov/alma9.2-gcc-14.2.0/release/release_new/new.10/include/jetqa:/cvmfs/sphenix.sdcc.bnl.gov/alma9.2-gcc-14.2.0/release/release_new/new.10/include/phoolraw:/cvmfs/sphenix.sdcc.bnl.gov/alma9.2-gcc-14.2.0/release/release_new/new.10/include/g4calo:/cvmfs/sphenix.sdcc.bnl.gov/alma9.2-gcc-14.2.0/release/release_new/new.10/include/mvtxrawhitqa:/cvmfs/sphenix.sdcc.bnl.gov/alma9.2-gcc-14.2.0/release/release_new/new.10/include/HepMC3:/cvmfs/sphenix.sdcc.bnl.gov/alma9.2-gcc-14.2.0/release/release_new/new.10/include/calowaveformsim:/cvmfs/sphenix.sdcc.bnl.gov/alma9.2-gcc-14.2.0/release/release_new/new.10/include/g4caloprototype:/cvmfs/sphenix.sdcc.bnl.gov/alma9.2-gcc-14.2.0/release/release_new/new.10/include/pdbcalbase:/cvmfs/sphenix.sdcc.bnl.gov/alma9.2-gcc-14.2.0/release/release_new/new.10/include/gsl:/cvmfs/sphenix.sdcc.bnl.gov/alma9.2-gcc-14.2.0/release/release_new/new.10/include/nodedump:/cvmfs/sphenix.sdcc.bnl.gov/alma9.2-gcc-14.2.0/release/release_new/new.10/include/emcnoisytowerfinder:/cvmfs/sphenix.sdcc.bnl.gov/alma9.2-gcc-14.2.0/release/release_new/new.10/include/ActsFatras:/cvmfs/sphenix.sdcc.bnl.gov/alma9.2-gcc-14.2.0/release/release_new/new.10/include/ffarawmodules:/cvmfs/sphenix.sdcc.bnl.gov/alma9.2-gcc-14.2.0/release/release_new/new.10/include/Event:/cvmfs/sphenix.sdcc.bnl.gov/alma9.2-gcc-14.2.0/release/release_new/new.10/include/prototype3:/cvmfs/sphenix.sdcc.bnl.gov/alma9.2-gcc-14.2.0/release/release_new/new.10/include/fermimotionafterburner:/cvmfs/sphenix.sdcc.bnl.gov/alma9.2-gcc-14.2.0/release/release_new/new.10/include/Photos:/cvmfs/sphenix.sdcc.bnl.gov/alma9.2-gcc-14.2.0/release/release_new/new.10/include/xingshiftcal:/cvmfs/sphenix.sdcc.bnl.gov/alma9.2-gcc-14.2.0/release/release_new/new.10/include/trackbase:/cvmfs/sphenix.sdcc.bnl.gov/alma9.2-gcc-14.2.0/release/release_new/new.10/include/jetdstskimmer:/cvmfs/sphenix.sdcc.bnl.gov/alma9.2-gcc-14.2.0/release/release_new/new.10/include/clusteriso:/cvmfs/sphenix.sdcc.bnl.gov/alma9.2-gcc-14.2.0/release/release_new/new.10/include/asmjit:/cvmfs/sphenix.sdcc.bnl.gov/alma9.2-gcc-14.2.0/release/release_new/new.10/include/particleflowreco:/cvmfs/sphenix.sdcc.bnl.gov/alma9.2-gcc-14.2.0/release/release_new/new.10/include/tpchittrackdisplay:/cvmfs/sphenix.sdcc.bnl.gov/alma9.2-gcc-14.2.0/release/release_new/new.10/include/caloana:/cvmfs/sphenix.sdcc.bnl.gov/alma9.2-gcc-14.2.0/release/release_new/new.10/include/calotrigger:/cvmfs/sphenix.sdcc.bnl.gov/alma9.2-gcc-14.2.0/release/release_new/new.10/include/nopayloadclient:/cvmfs/sphenix.sdcc.bnl.gov/alma9.2-gcc-14.2.0/release/release_new/new.10/include/trackermillepedealignment:/cvmfs/sphenix.sdcc.bnl.gov/alma9.2-gcc-14.2.0/release/release_new/new.10/include/DD4hep:/cvmfs/sphenix.sdcc.bnl.gov/alma9.2-gcc-14.2.0/release/release_new/new.10/include/g4trackfastsim:/cvmfs/sphenix.sdcc.bnl.gov/alma9.2-gcc-14.2.0/release/release_new/new.10/include/prototype2:/cvmfs/sphenix.sdcc.bnl.gov/alma9.2-gcc-14.2.0/release/release_new/new.10/include/ATen:/cvmfs/sphenix.sdcc.bnl.gov/alma9.2-gcc-14.2.0/release/release_new/new.10/include/g4main:/cvmfs/sphenix.sdcc.bnl.gov/alma9.2-gcc-14.2.0/release/release_new/new.10/include/Tauola:/cvmfs/sphenix.sdcc.bnl.gov/alma9.2-gcc-14.2.0/release/release_new/new.10/include/inttcalib:/cvmfs/sphenix.sdcc.bnl.gov/alma9.2-gcc-14.2.0/release/release_new/new.10/include/reactionplaneafterburner:/cvmfs/sphenix.sdcc.bnl.gov/alma9.2-gcc-14.2.0/release/release_new/new.10/include/globalqa:/cvmfs/sphenix.sdcc.bnl.gov/alma9.2-gcc-14.2.0/release/release_new/new.10/include/tpccalib:/cvmfs/sphenix.sdcc.bnl.gov/alma9.2-gcc-14.2.0/release/release_new/new.10/include/DDSegmentation:/cvmfs/sphenix.sdcc.bnl.gov/alma9.2-gcc-14.2.0/release/release_new/new.10/include/decayfinder:/cvmfs/sphenix.sdcc.bnl.gov/alma9.2-gcc-14.2.0/release/release_new/new.10/include/compressclus:/cvmfs/sphenix.sdcc.bnl.gov/alma9.2-gcc-14.2.0/release/release_new/new.10/include/simqa_modules:/cvmfs/sphenix.sdcc.bnl.gov/alma9.2-gcc-14.2.0/release/release_new/new.10/include/resonancejettagging:/cvmfs/sphenix.sdcc.bnl.gov/alma9.2-gcc-14.2.0/release/release_new/new.10/include/g4centrality:/cvmfs/sphenix.sdcc.bnl.gov/alma9.2-gcc-14.2.0/release/release_new/new.10/include/mvtx:/cvmfs/sphenix.sdcc.bnl.gov/alma9.2-gcc-14.2.0/release/release_new/new.10/include/nlohmann:/cvmfs/sphenix.sdcc.bnl.gov/alma9.2-gcc-14.2.0/release/release_new/new.10/include/localpoloffmon:/cvmfs/sphenix.sdcc.bnl.gov/alma9.2-gcc-14.2.0/release/release_new/new.10/include/DDEve:/cvmfs/sphenix.sdcc.bnl.gov/alma9.2-gcc-14.2.0/release/release_new/new.10/include/Parsers:/cvmfs/sphenix.sdcc.bnl.gov/alma9.2-gcc-14.2.0/release/release_new/new.10/include/trackingdiagnostics:/cvmfs/sphenix.sdcc.bnl.gov/alma9.2-gcc-14.2.0/release/release_new/new.10/include/g4vertex:/cvmfs/sphenix.sdcc.bnl.gov/alma9.2-gcc-14.2.0/release/release_new/new.10/include/jetbase:/cvmfs/sphenix.sdcc.bnl.gov/alma9.2-gcc-14.2.0/release/release_new/new.10/include/globalvertex:/cvmfs/sphenix.sdcc.bnl.gov/alma9.2-gcc-14.2.0/release/release_new/new.10/include/phgenfit:/cvmfs/sphenix.sdcc.bnl.gov/alma9.2-gcc-14.2.0/release/release_new/new.10/include/rawbcolumi:/cvmfs/sphenix.sdcc.bnl.gov/alma9.2-gcc-14.2.0/release/release_new/new.10/include/eicsmear:/cvmfs/sphenix.sdcc.bnl.gov/alma9.2-gcc-14.2.0/release/release_new/new.10/include/mvtxcalib:/cvmfs/sphenix.sdcc.bnl.gov/alma9.2-gcc-14.2.0/release/release_new/new.10/include/tpclinelaserdiode:/cvmfs/sphenix.sdcc.bnl.gov/alma9.2-gcc-14.2.0/release/release_new/new.10/include/hepmcjettrigger:/cvmfs/sphenix.sdcc.bnl.gov/alma9.2-gcc-14.2.0/release/release_new/new.10/include/core:/cvmfs/sphenix.sdcc.bnl.gov/alma9.2-gcc-14.2.0/release/release_new/new.10/include/calo_cdb:/cvmfs/sphenix.sdcc.bnl.gov/alma9.2-gcc-14.2.0/release/release_new/new.10/include/mvtxclustershapesqa:/cvmfs/sphenix.sdcc.bnl.gov/alma9.2-gcc-14.2.0/release/release_new/new.10/include/calopacketskimmer:/cvmfs/sphenix.sdcc.bnl.gov/alma9.2-gcc-14.2.0/opt/sphenix/core/geant4.10.07.p04/include:/cvmfs/sphenix.sdcc.bnl.gov/alma9.2-gcc-14.2.0/release/release_new/new.10/rootmacros:/cvmfs/sphenix.sdcc.bnl.gov/alma9.2-gcc-14.2.0/opt/sphenix/core/include
GSEARCHPATH=.:PG:LUSTRE:RAWDATA
PWD=/gpfs/mnt/gpfs02/sphenix/user/samfred/run25/ppg11/histmaking
LOGNAME=samfred
_CONDOR_JOB_AD=/home/condor/local/sphnx/execute/dir_232373/.job.ad
MANPATH=/cvmfs/sphenix.sdcc.bnl.gov/alma9.2-gcc-14.2.0/opt/sphenix/core/gcc/14.2.0-2f0a0/x86_64-el9/share/man:/cvmfs/sphenix.sdcc.bnl.gov/alma9.2-gcc-14.2.0/opt/sphenix/core/binutils/2.40-acaab/x86_64-el9/share/man:/cvmfs/sphenix.sdcc.bnl.gov/alma9.2-gcc-14.2.0/release/release_new/new.10/share/man:/cvmfs/sphenix.sdcc.bnl.gov/alma9.2-gcc-14.2.0/opt/sphenix/utils/share/man:/cvmfs/sphenix.sdcc.bnl.gov/alma9.2-gcc-14.2.0/opt/sphenix/core/share/man:/cvmfs/sphenix.sdcc.bnl.gov/alma9.2-gcc-14.2.0/opt/sphenix/core/root-6.32.06/man:/usr/local/share/man:/usr/share/man
PYTHIA8=/cvmfs/sphenix.sdcc.bnl.gov/alma9.2-gcc-14.2.0/release/release_new/new.10/share/Pythia8
G4INCLDATA=/cvmfs/sphenix.sdcc.bnl.gov/alma9.2-gcc-14.2.0/opt/sphenix/core/geant4.10.07.p04/share/Geant4-10.7.4/data/G4INCL1.0
ORIG_PATH=/usr/local/bin:/usr/bin
CXX=/cvmfs/sphenix.sdcc.bnl.gov/alma9.2-gcc-14.2.0/opt/sphenix/core/gcc/14.2.0-2f0a0/x86_64-el9/bin/g++
G4LEDATA=/cvmfs/sphenix.sdcc.bnl.gov/alma9.2-gcc-14.2.0/opt/sphenix/core/geant4.10.07.p04/share/Geant4-10.7.4/data/G4EMLOW7.13
PYTHON_CPU_COUNT=1
OPENBLAS_NUM_THREADS=1
_CONDOR_BIN=/usr/bin
HOME=/sphenix/u/samfred
G4PARTICLEXSDATA=/cvmfs/sphenix.sdcc.bnl.gov/alma9.2-gcc-14.2.0/opt/sphenix/core/geant4.10.07.p04/share/Geant4-10.7.4/data/G4PARTICLEXS3.1.1
ONLINE_MAIN=/cvmfs/sphenix.sdcc.bnl.gov/alma9.2-gcc-14.2.0/release/release_new/new.10
CALIBRATIONROOT=/cvmfs/sphenix.sdcc.bnl.gov/alma9.2-gcc-14.2.0/release/release_new/new.10/share/calibrations
TMPDIR=/tmp
_CONDOR_SCRATCH_DIR=/home/condor/local/sphnx/execute/dir_232373
PGUSER=phnxrc
NOPAYLOADCLIENT_CONF=/cvmfs/sphenix.sdcc.bnl.gov/alma9.2-gcc-14.2.0/opt/sphenix/core/etc/sPHENIX_newcdb.json
XERCESCROOT=/cvmfs/sphenix.sdcc.bnl.gov/alma9.2-gcc-14.2.0/opt/sphenix/core/geant4.10.07.p04
LHAPATH=/cvmfs/sphenix.sdcc.bnl.gov/alma9.2-gcc-14.2.0/opt/sphenix/core/lhapdf-5.9.1/share/lhapdf/PDFsets
G4NEUTRONHPDATA=/cvmfs/sphenix.sdcc.bnl.gov/alma9.2-gcc-14.2.0/opt/sphenix/core/geant4.10.07.p04/share/Geant4-10.7.4/data/G4NDL4.6
PYTHONPATH=.:/cvmfs/sphenix.sdcc.bnl.gov/alma9.2-gcc-14.2.0/release/release_new/new.10/lib/python3.13/site-packages:/cvmfs/sphenix.sdcc.bnl.gov/alma9.2-gcc-14.2.0/opt/sphenix/core/lib/python3.13/site-packages:/cvmfs/sphenix.sdcc.bnl.gov/alma9.2-gcc-14.2.0/opt/sphenix/core/root-6.32.06/lib
USER=samfred
_CONDOR_ANCESTOR_26177=232373:1759352690:1391983767
_CONDOR_JOB_PIDS=
TEMP=/tmp
GOMAXPROCS=1
OFFLINE_MAIN=/cvmfs/sphenix.sdcc.bnl.gov/alma9.2-gcc-14.2.0/release/release_new/new.10
SHLVL=1
TF_NUM_THREADS=1
G4SAIDXSDATA=/cvmfs/sphenix.sdcc.bnl.gov/alma9.2-gcc-14.2.0/opt/sphenix/core/geant4.10.07.p04/share/Geant4-10.7.4/data/G4SAIDDATA2.0
APPTAINER_CACHEDIR=/home/condor/local/sphnx/execute/dir_232373
ROOTSYS=/cvmfs/sphenix.sdcc.bnl.gov/alma9.2-gcc-14.2.0/opt/sphenix/core/root-6.32.06
BATCH_SYSTEM=HTCondor
_CONDOR_SLOT=slot1_17
LD_LIBRARY_PATH=/sphenix/user/samfred/run25/install//lib:/cvmfs/sphenix.sdcc.bnl.gov/alma9.2-gcc-14.2.0/opt/sphenix/core/gcc/14.2.0-2f0a0/x86_64-el9/lib:/cvmfs/sphenix.sdcc.bnl.gov/alma9.2-gcc-14.2.0/opt/sphenix/core/gcc/14.2.0-2f0a0/x86_64-el9/lib64:/cvmfs/sphenix.sdcc.bnl.gov/alma9.2-gcc-14.2.0/opt/sphenix/core/binutils/2.40-acaab/x86_64-el9/lib:.:/cvmfs/sphenix.sdcc.bnl.gov/alma9.2-gcc-14.2.0/release/release_new/new.10/lib64:/cvmfs/sphenix.sdcc.bnl.gov/alma9.2-gcc-14.2.0/release/release_new/new.10/lib:/cvmfs/sphenix.sdcc.bnl.gov/alma9.2-gcc-14.2.0/opt/sphenix/utils/lib:/cvmfs/sphenix.sdcc.bnl.gov/alma9.2-gcc-14.2.0/opt/sphenix/core/lib:/cvmfs/sphenix.sdcc.bnl.gov/alma9.2-gcc-14.2.0/opt/sphenix/core/root-6.32.06/lib:/cvmfs/sphenix.sdcc.bnl.gov/alma9.2-gcc-14.2.0/opt/sphenix/core/geant4.10.07.p04/lib64:/cvmfs/sphenix.sdcc.bnl.gov/alma9.2-gcc-14.2.0/opt/sphenix/core/lhapdf-5.9.1/lib:/usr/local/lib64:/usr/lib64
OPT_SPHENIX=/cvmfs/sphenix.sdcc.bnl.gov/alma9.2-gcc-14.2.0/opt/sphenix/core
TF_LOOP_PARALLEL_ITERATIONS=1
EVT_LIB=/cvmfs/sphenix.sdcc.bnl.gov/alma9.2-gcc-14.2.0/opt/sphenix/core/root-6.32.06/lib
PGHOST=sphnxdbmaster.sdcc.bnl.gov
OMP_NUM_THREADS=1
G4REALSURFACEDATA=/cvmfs/sphenix.sdcc.bnl.gov/alma9.2-gcc-14.2.0/opt/sphenix/core/geant4.10.07.p04/share/Geant4-10.7.4/data/RealSurface2.2
FC=/cvmfs/sphenix.sdcc.bnl.gov/alma9.2-gcc-14.2.0/opt/sphenix/core/gcc/14.2.0-2f0a0/x86_64-el9/bin/gfortran
G4ABLADATA=/cvmfs/sphenix.sdcc.bnl.gov/alma9.2-gcc-14.2.0/opt/sphenix/core/geant4.10.07.p04/share/Geant4-10.7.4/data/G4ABLA3.1
PARASOFT=doesnotexist
TMP=/tmp
OPT_UTILS=/cvmfs/sphenix.sdcc.bnl.gov/alma9.2-gcc-14.2.0/opt/sphenix/utils
CONFIG_SITE=/cvmfs/sphenix.sdcc.bnl.gov/alma9.2-gcc-14.2.0/opt/sphenix/core/etc/config.site
PATH=/sphenix/user/samfred/run25/install//bin:/cvmfs/sphenix.sdcc.bnl.gov/alma9.2-gcc-14.2.0/opt/sphenix/core/gcc/14.2.0-2f0a0/x86_64-el9/bin:/cvmfs/sphenix.sdcc.bnl.gov/alma9.2-gcc-14.2.0/opt/sphenix/core/binutils/2.40-acaab/x86_64-el9/bin:.:/cvmfs/sphenix.sdcc.bnl.gov/alma9.2-gcc-14.2.0/release/release_new/new.10/bin:/cvmfs/sphenix.sdcc.bnl.gov/alma9.2-gcc-14.2.0/opt/sphenix/utils/bin:/cvmfs/sphenix.sdcc.bnl.gov/alma9.2-gcc-14.2.0/opt/sphenix/core/bin:/cvmfs/sphenix.sdcc.bnl.gov/alma9.2-gcc-14.2.0/opt/sphenix/core/root-6.32.06/bin:/cvmfs/sphenix.sdcc.bnl.gov/alma9.2-gcc-14.2.0/opt/sphenix/core/geant4.10.07.p04/bin:/usr/local/bin:/usr/bin:/usr/local/sbin:/usr/sbin
G4LEVELGAMMADATA=/cvmfs/sphenix.sdcc.bnl.gov/alma9.2-gcc-14.2.0/opt/sphenix/core/geant4.10.07.p04/share/Geant4-10.7.4/data/PhotonEvaporation5.7
CC=/cvmfs/sphenix.sdcc.bnl.gov/alma9.2-gcc-14.2.0/opt/sphenix/core/gcc/14.2.0-2f0a0/x86_64-el9/bin/gcc
G4RADIOACTIVEDATA=/cvmfs/sphenix.sdcc.bnl.gov/alma9.2-gcc-14.2.0/opt/sphenix/core/geant4.10.07.p04/share/Geant4-10.7.4/data/RadioactiveDecay5.6
JULIA_NUM_THREADS=1
MKL_NUM_THREADS=1
LHAPDF_DATA_PATH=/cvmfs/sphenix.sdcc.bnl.gov/alma9.2-gcc-14.2.0/release/release_new/new.10/share/LHAPDF
XPLOAD_CONFIG_DIR=/cvmfs/sphenix.sdcc.bnl.gov/alma9.2-gcc-14.2.0/opt/sphenix/core/etc
OLDPWD=/cvmfs/sphenix.sdcc.bnl.gov/alma9.2-gcc-14.2.0/release/release_new/new.10/geant4
_=/usr/bin/printenv
runnumber...
48645
trigger...

   ------------------------------------------------------------------
  | Welcome to ROOT 6.32.06                        https://root.cern |
  | (c) 1995-2024, The ROOT Team; conception: R. Brun, F. Rademakers |
  | Built for linuxx8664gcc on Dec 13 2024, 17:23:48                 |
  | From tags/6-32-06@6-32-06                                        |
  | With g++ (GCC) 14.2.0                                            |
  | Try '.help'/'.?', '.demo', '.license', '.credits', '.quit'/'.q'  |
   ------------------------------------------------------------------


Processing data_histmaker.C(48645)...
entry 4000/8349907 (0.0479047%)
entry 6000/8349907 (0.0718571%)
entry 8000/8349907 (0.0958094%)
entry 11000/8349907 (0.131738%)
entry 12000/8349907 (0.143714%)
entry 13000/8349907 (0.15569%)
entry 15000/8349907 (0.179643%)
entry 17000/8349907 (0.203595%)
entry 27000/8349907 (0.323357%)
entry 38000/8349907 (0.455095%)
entry 41000/8349907 (0.491023%)
entry 42000/8349907 (0.503%)
entry 47000/8349907 (0.562881%)
entry 50000/8349907 (0.598809%)
entry 56000/8349907 (0.670666%)
entry 58000/8349907 (0.694619%)
entry 63000/8349907 (0.754499%)
entry 71000/8349907 (0.850309%)
entry 72000/8349907 (0.862285%)
entry 85000/8349907 (1.01798%)
entry 86000/8349907 (1.02995%)
entry 89000/8349907 (1.06588%)
entry 95000/8349907 (1.13774%)
entry 96000/8349907 (1.14971%)
entry 100000/8349907 (1.19762%)
entry 101000/8349907 (1.20959%)
entry 104000/8349907 (1.24552%)
entry 108000/8349907 (1.29343%)
entry 111000/8349907 (1.32936%)
entry 113000/8349907 (1.35331%)
entry 121000/8349907 (1.44912%)
entry 124000/8349907 (1.48505%)
entry 134000/8349907 (1.60481%)
entry 138000/8349907 (1.65271%)
entry 142000/8349907 (1.70062%)
entry 143000/8349907 (1.71259%)
entry 147000/8349907 (1.7605%)
entry 149000/8349907 (1.78445%)
entry 151000/8349907 (1.8084%)
entry 152000/8349907 (1.82038%)
entry 154000/8349907 (1.84433%)
entry 157000/8349907 (1.88026%)
entry 160000/8349907 (1.91619%)
entry 162000/8349907 (1.94014%)
entry 163000/8349907 (1.95212%)
entry 168000/8349907 (2.012%)
entry 171000/8349907 (2.04793%)
entry 173000/8349907 (2.07188%)
entry 174000/8349907 (2.08386%)
entry 177000/8349907 (2.11978%)
entry 180000/8349907 (2.15571%)
entry 181000/8349907 (2.16769%)
entry 185000/8349907 (2.21559%)
entry 186000/8349907 (2.22757%)
entry 193000/8349907 (2.3114%)
entry 195000/8349907 (2.33536%)
entry 197000/8349907 (2.35931%)
entry 199000/8349907 (2.38326%)
entry 200000/8349907 (2.39524%)
entry 204000/8349907 (2.44314%)
entry 209000/8349907 (2.50302%)
entry 211000/8349907 (2.52697%)
entry 215000/8349907 (2.57488%)
entry 216000/8349907 (2.58686%)
entry 217000/8349907 (2.59883%)
entry 220000/8349907 (2.63476%)
entry 222000/8349907 (2.65871%)
entry 223000/8349907 (2.67069%)
entry 226000/8349907 (2.70662%)
entry 228000/8349907 (2.73057%)
entry 229000/8349907 (2.74255%)
entry 233000/8349907 (2.79045%)
entry 235000/8349907 (2.8144%)
entry 236000/8349907 (2.82638%)
entry 247000/8349907 (2.95812%)
entry 250000/8349907 (2.99405%)
entry 254000/8349907 (3.04195%)
entry 261000/8349907 (3.12578%)
entry 264000/8349907 (3.16171%)
entry 265000/8349907 (3.17369%)
entry 266000/8349907 (3.18566%)
entry 269000/8349907 (3.22159%)
entry 278000/8349907 (3.32938%)
entry 282000/8349907 (3.37728%)
entry 291000/8349907 (3.48507%)
entry 294000/8349907 (3.521%)
entry 300000/8349907 (3.59285%)
entry 301000/8349907 (3.60483%)
entry 302000/8349907 (3.61681%)
entry 305000/8349907 (3.65274%)
entry 309000/8349907 (3.70064%)
entry 311000/8349907 (3.72459%)
entry 312000/8349907 (3.73657%)
entry 315000/8349907 (3.7725%)
entry 322000/8349907 (3.85633%)
entry 323000/8349907 (3.86831%)
entry 325000/8349907 (3.89226%)
entry 326000/8349907 (3.90423%)
entry 335000/8349907 (4.01202%)
entry 338000/8349907 (4.04795%)
entry 341000/8349907 (4.08388%)
entry 342000/8349907 (4.09585%)
entry 343000/8349907 (4.10783%)
entry 345000/8349907 (4.13178%)
entry 346000/8349907 (4.14376%)
entry 353000/8349907 (4.22759%)
entry 357000/8349907 (4.2755%)
entry 359000/8349907 (4.29945%)
entry 366000/8349907 (4.38328%)
entry 369000/8349907 (4.41921%)
entry 372000/8349907 (4.45514%)
entry 373000/8349907 (4.46712%)
entry 374000/8349907 (4.47909%)
entry 375000/8349907 (4.49107%)
entry 378000/8349907 (4.527%)
entry 380000/8349907 (4.55095%)
entry 381000/8349907 (4.56293%)
entry 386000/8349907 (4.62281%)
entry 387000/8349907 (4.63478%)
entry 388000/8349907 (4.64676%)
entry 391000/8349907 (4.68269%)
entry 392000/8349907 (4.69466%)
entry 395000/8349907 (4.73059%)
entry 396000/8349907 (4.74257%)
entry 397000/8349907 (4.75454%)
entry 398000/8349907 (4.76652%)
entry 403000/8349907 (4.8264%)
entry 409000/8349907 (4.89826%)
entry 411000/8349907 (4.92221%)
entry 412000/8349907 (4.93419%)
entry 413000/8349907 (4.94616%)
entry 415000/8349907 (4.97012%)
entry 417000/8349907 (4.99407%)
entry 418000/8349907 (5.00604%)
entry 422000/8349907 (5.05395%)
entry 424000/8349907 (5.0779%)
entry 427000/8349907 (5.11383%)
entry 428000/8349907 (5.12581%)
entry 429000/8349907 (5.13778%)
entry 430000/8349907 (5.14976%)
entry 432000/8349907 (5.17371%)
entry 436000/8349907 (5.22161%)
entry 437000/8349907 (5.23359%)
entry 443000/8349907 (5.30545%)
entry 447000/8349907 (5.35335%)
entry 448000/8349907 (5.36533%)
entry 449000/8349907 (5.37731%)
entry 455000/8349907 (5.44916%)
entry 460000/8349907 (5.50904%)
entry 472000/8349907 (5.65276%)
entry 475000/8349907 (5.68869%)
entry 476000/8349907 (5.70066%)
entry 481000/8349907 (5.76054%)
entry 482000/8349907 (5.77252%)
entry 486000/8349907 (5.82042%)
entry 489000/8349907 (5.85635%)
entry 495000/8349907 (5.92821%)
entry 497000/8349907 (5.95216%)
entry 498000/8349907 (5.96414%)
entry 500000/8349907 (5.98809%)
entry 504000/8349907 (6.036%)
entry 506000/8349907 (6.05995%)
entry 507000/8349907 (6.07192%)
entry 509000/8349907 (6.09588%)
entry 510000/8349907 (6.10785%)
entry 511000/8349907 (6.11983%)
entry 515000/8349907 (6.16773%)
entry 516000/8349907 (6.17971%)
entry 517000/8349907 (6.19169%)
entry 519000/8349907 (6.21564%)
entry 520000/8349907 (6.22761%)
entry 521000/8349907 (6.23959%)
entry 528000/8349907 (6.32342%)
entry 530000/8349907 (6.34738%)
entry 535000/8349907 (6.40726%)
entry 537000/8349907 (6.43121%)
entry 539000/8349907 (6.45516%)
entry 540000/8349907 (6.46714%)
entry 541000/8349907 (6.47911%)
entry 546000/8349907 (6.539%)
entry 556000/8349907 (6.65876%)
entry 562000/8349907 (6.73061%)
entry 570000/8349907 (6.82642%)
entry 572000/8349907 (6.85038%)
entry 574000/8349907 (6.87433%)
entry 575000/8349907 (6.8863%)
entry 578000/8349907 (6.92223%)
entry 579000/8349907 (6.93421%)
entry 581000/8349907 (6.95816%)
entry 584000/8349907 (6.99409%)
entry 585000/8349907 (7.00607%)
entry 587000/8349907 (7.03002%)
entry 602000/8349907 (7.20966%)
entry 604000/8349907 (7.23361%)
entry 608000/8349907 (7.28152%)
entry 609000/8349907 (7.29349%)
entry 610000/8349907 (7.30547%)
entry 614000/8349907 (7.35338%)
entry 615000/8349907 (7.36535%)
entry 619000/8349907 (7.41326%)
entry 620000/8349907 (7.42523%)
entry 623000/8349907 (7.46116%)
entry 628000/8349907 (7.52104%)
entry 632000/8349907 (7.56895%)
entry 633000/8349907 (7.58092%)
entry 635000/8349907 (7.60488%)
entry 640000/8349907 (7.66476%)
entry 641000/8349907 (7.67673%)
entry 642000/8349907 (7.68871%)
entry 645000/8349907 (7.72464%)
entry 647000/8349907 (7.74859%)
entry 649000/8349907 (7.77254%)
entry 650000/8349907 (7.78452%)
entry 652000/8349907 (7.80847%)
entry 653000/8349907 (7.82045%)
entry 655000/8349907 (7.8444%)
entry 659000/8349907 (7.8923%)
entry 666000/8349907 (7.97614%)
entry 668000/8349907 (8.00009%)
entry 676000/8349907 (8.0959%)
entry 680000/8349907 (8.1438%)
entry 681000/8349907 (8.15578%)
entry 683000/8349907 (8.17973%)
entry 687000/8349907 (8.22764%)
entry 688000/8349907 (8.23961%)
entry 690000/8349907 (8.26356%)
entry 691000/8349907 (8.27554%)
entry 693000/8349907 (8.29949%)
entry 698000/8349907 (8.35937%)
entry 699000/8349907 (8.37135%)
entry 702000/8349907 (8.40728%)
entry 707000/8349907 (8.46716%)
entry 710000/8349907 (8.50309%)
entry 711000/8349907 (8.51507%)
entry 712000/8349907 (8.52704%)
entry 713000/8349907 (8.53902%)
entry 715000/8349907 (8.56297%)
entry 719000/8349907 (8.61087%)
entry 720000/8349907 (8.62285%)
entry 730000/8349907 (8.74261%)
entry 731000/8349907 (8.75459%)
entry 736000/8349907 (8.81447%)
entry 738000/8349907 (8.83842%)
entry 741000/8349907 (8.87435%)
entry 742000/8349907 (8.88633%)
entry 743000/8349907 (8.8983%)
entry 744000/8349907 (8.91028%)
entry 745000/8349907 (8.92226%)
entry 748000/8349907 (8.95818%)
entry 749000/8349907 (8.97016%)
entry 750000/8349907 (8.98214%)
entry 751000/8349907 (8.99411%)
entry 757000/8349907 (9.06597%)
entry 758000/8349907 (9.07795%)
entry 762000/8349907 (9.12585%)
entry 782000/8349907 (9.36537%)
entry 791000/8349907 (9.47316%)
entry 795000/8349907 (9.52106%)
entry 797000/8349907 (9.54502%)
entry 801000/8349907 (9.59292%)
entry 808000/8349907 (9.67675%)
entry 809000/8349907 (9.68873%)
entry 813000/8349907 (9.73664%)
entry 815000/8349907 (9.76059%)
entry 817000/8349907 (9.78454%)
entry 818000/8349907 (9.79652%)
entry 822000/8349907 (9.84442%)
entry 823000/8349907 (9.8564%)
entry 825000/8349907 (9.88035%)
entry 826000/8349907 (9.89233%)
entry 828000/8349907 (9.91628%)
entry 829000/8349907 (9.92825%)
entry 832000/8349907 (9.96418%)
entry 833000/8349907 (9.97616%)
entry 836000/8349907 (10.0121%)
entry 837000/8349907 (10.0241%)
entry 838000/8349907 (10.036%)
entry 847000/8349907 (10.1438%)
entry 848000/8349907 (10.1558%)
entry 850000/8349907 (10.1798%)
entry 852000/8349907 (10.2037%)
entry 854000/8349907 (10.2277%)
entry 855000/8349907 (10.2396%)
entry 856000/8349907 (10.2516%)
entry 857000/8349907 (10.2636%)
entry 858000/8349907 (10.2756%)
entry 865000/8349907 (10.3594%)
entry 868000/8349907 (10.3953%)
entry 873000/8349907 (10.4552%)
entry 874000/8349907 (10.4672%)
entry 875000/8349907 (10.4792%)
entry 876000/8349907 (10.4911%)
entry 884000/8349907 (10.5869%)
entry 889000/8349907 (10.6468%)
entry 891000/8349907 (10.6708%)
entry 892000/8349907 (10.6828%)
entry 894000/8349907 (10.7067%)
entry 903000/8349907 (10.8145%)
entry 905000/8349907 (10.8384%)
entry 910000/8349907 (10.8983%)
entry 912000/8349907 (10.9223%)
entry 916000/8349907 (10.9702%)
entry 920000/8349907 (11.0181%)
entry 923000/8349907 (11.054%)
entry 924000/8349907 (11.066%)
entry 926000/8349907 (11.0899%)
entry 932000/8349907 (11.1618%)
entry 935000/8349907 (11.1977%)
entry 936000/8349907 (11.2097%)
entry 938000/8349907 (11.2337%)
entry 939000/8349907 (11.2456%)
entry 944000/8349907 (11.3055%)
entry 945000/8349907 (11.3175%)
entry 947000/8349907 (11.3414%)
entry 952000/8349907 (11.4013%)
entry 958000/8349907 (11.4732%)
entry 959000/8349907 (11.4852%)
entry 965000/8349907 (11.557%)
entry 966000/8349907 (11.569%)
entry 968000/8349907 (11.5929%)
entry 969000/8349907 (11.6049%)
entry 973000/8349907 (11.6528%)
entry 974000/8349907 (11.6648%)
entry 975000/8349907 (11.6768%)
entry 977000/8349907 (11.7007%)
entry 979000/8349907 (11.7247%)
entry 980000/8349907 (11.7367%)
entry 983000/8349907 (11.7726%)
entry 984000/8349907 (11.7846%)
entry 985000/8349907 (11.7965%)
entry 987000/8349907 (11.8205%)
entry 988000/8349907 (11.8325%)
entry 991000/8349907 (11.8684%)
entry 992000/8349907 (11.8804%)
entry 994000/8349907 (11.9043%)
entry 995000/8349907 (11.9163%)
entry 996000/8349907 (11.9283%)
entry 997000/8349907 (11.9403%)
entry 1006000/8349907 (12.048%)
entry 1007000/8349907 (12.06%)
entry 1011000/8349907 (12.1079%)
entry 1020000/8349907 (12.2157%)
entry 1021000/8349907 (12.2277%)
entry 1024000/8349907 (12.2636%)
entry 1028000/8349907 (12.3115%)
entry 1030000/8349907 (12.3355%)
entry 1034000/8349907 (12.3834%)
entry 1035000/8349907 (12.3953%)
entry 1043000/8349907 (12.4912%)
entry 1061000/8349907 (12.7067%)
entry 1066000/8349907 (12.7666%)
entry 1068000/8349907 (12.7906%)
entry 1070000/8349907 (12.8145%)
entry 1071000/8349907 (12.8265%)
entry 1072000/8349907 (12.8385%)
entry 1073000/8349907 (12.8504%)
entry 1080000/8349907 (12.9343%)
entry 1086000/8349907 (13.0061%)
entry 1087000/8349907 (13.0181%)
entry 1088000/8349907 (13.0301%)
entry 1090000/8349907 (13.054%)
entry 1095000/8349907 (13.1139%)
entry 1096000/8349907 (13.1259%)
entry 1097000/8349907 (13.1379%)
entry 1099000/8349907 (13.1618%)
entry 1102000/8349907 (13.1978%)
entry 1103000/8349907 (13.2097%)
entry 1105000/8349907 (13.2337%)
entry 1107000/8349907 (13.2576%)
entry 1108000/8349907 (13.2696%)
entry 1115000/8349907 (13.3534%)
entry 1126000/8349907 (13.4852%)
entry 1128000/8349907 (13.5091%)
entry 1129000/8349907 (13.5211%)
entry 1135000/8349907 (13.593%)
entry 1142000/8349907 (13.6768%)
entry 1151000/8349907 (13.7846%)
entry 1153000/8349907 (13.8085%)
entry 1155000/8349907 (13.8325%)
entry 1157000/8349907 (13.8564%)
entry 1158000/8349907 (13.8684%)
entry 1161000/8349907 (13.9043%)
entry 1162000/8349907 (13.9163%)
entry 1166000/8349907 (13.9642%)
entry 1167000/8349907 (13.9762%)
entry 1169000/8349907 (14.0002%)
entry 1171000/8349907 (14.0241%)
entry 1174000/8349907 (14.06%)
entry 1178000/8349907 (14.1079%)
entry 1179000/8349907 (14.1199%)
entry 1184000/8349907 (14.1798%)
entry 1186000/8349907 (14.2038%)
entry 1187000/8349907 (14.2157%)
entry 1188000/8349907 (14.2277%)
entry 1190000/8349907 (14.2517%)
entry 1191000/8349907 (14.2636%)
entry 1196000/8349907 (14.3235%)
entry 1199000/8349907 (14.3594%)
entry 1201000/8349907 (14.3834%)
entry 1203000/8349907 (14.4073%)
entry 1204000/8349907 (14.4193%)
entry 1215000/8349907 (14.5511%)
entry 1217000/8349907 (14.575%)
entry 1222000/8349907 (14.6349%)
entry 1224000/8349907 (14.6588%)
entry 1227000/8349907 (14.6948%)
entry 1230000/8349907 (14.7307%)
entry 1236000/8349907 (14.8026%)
entry 1242000/8349907 (14.8744%)
entry 1247000/8349907 (14.9343%)
entry 1249000/8349907 (14.9583%)
entry 1250000/8349907 (14.9702%)
entry 1252000/8349907 (14.9942%)
entry 1260000/8349907 (15.09%)
entry 1265000/8349907 (15.1499%)
entry 1267000/8349907 (15.1738%)
entry 1268000/8349907 (15.1858%)
entry 1271000/8349907 (15.2217%)
entry 1277000/8349907 (15.2936%)
entry 1279000/8349907 (15.3175%)
entry 1283000/8349907 (15.3654%)
entry 1285000/8349907 (15.3894%)
entry 1287000/8349907 (15.4133%)
entry 1288000/8349907 (15.4253%)
entry 1300000/8349907 (15.569%)
entry 1301000/8349907 (15.581%)
entry 1306000/8349907 (15.6409%)
entry 1307000/8349907 (15.6529%)
entry 1323000/8349907 (15.8445%)
entry 1324000/8349907 (15.8565%)
entry 1333000/8349907 (15.9643%)
entry 1336000/8349907 (16.0002%)
entry 1346000/8349907 (16.1199%)
entry 1350000/8349907 (16.1678%)
entry 1351000/8349907 (16.1798%)
entry 1355000/8349907 (16.2277%)
entry 1357000/8349907 (16.2517%)
entry 1362000/8349907 (16.3116%)
entry 1364000/8349907 (16.3355%)
entry 1368000/8349907 (16.3834%)
entry 1373000/8349907 (16.4433%)
entry 1380000/8349907 (16.5271%)
entry 1381000/8349907 (16.5391%)
entry 1385000/8349907 (16.587%)
entry 1389000/8349907 (16.6349%)
entry 1390000/8349907 (16.6469%)
entry 1391000/8349907 (16.6589%)
entry 1398000/8349907 (16.7427%)
entry 1399000/8349907 (16.7547%)
entry 1401000/8349907 (16.7786%)
entry 1402000/8349907 (16.7906%)
entry 1405000/8349907 (16.8265%)
entry 1406000/8349907 (16.8385%)
entry 1407000/8349907 (16.8505%)
entry 1412000/8349907 (16.9104%)
entry 1413000/8349907 (16.9223%)
entry 1414000/8349907 (16.9343%)
entry 1419000/8349907 (16.9942%)
entry 1420000/8349907 (17.0062%)
entry 1422000/8349907 (17.0301%)
entry 1431000/8349907 (17.1379%)
entry 1432000/8349907 (17.1499%)
entry 1438000/8349907 (17.2217%)
entry 1441000/8349907 (17.2577%)
entry 1443000/8349907 (17.2816%)
entry 1448000/8349907 (17.3415%)
entry 1449000/8349907 (17.3535%)
entry 1453000/8349907 (17.4014%)
entry 1454000/8349907 (17.4134%)
entry 1455000/8349907 (17.4253%)
entry 1458000/8349907 (17.4613%)
entry 1460000/8349907 (17.4852%)
entry 1461000/8349907 (17.4972%)
entry 1467000/8349907 (17.5691%)
entry 1469000/8349907 (17.593%)
entry 1470000/8349907 (17.605%)
entry 1472000/8349907 (17.6289%)
entry 1474000/8349907 (17.6529%)
entry 1475000/8349907 (17.6649%)
entry 1476000/8349907 (17.6768%)
entry 1478000/8349907 (17.7008%)
entry 1480000/8349907 (17.7247%)
entry 1486000/8349907 (17.7966%)
entry 1490000/8349907 (17.8445%)
entry 1495000/8349907 (17.9044%)
entry 1497000/8349907 (17.9283%)
entry 1498000/8349907 (17.9403%)
entry 1501000/8349907 (17.9762%)
entry 1504000/8349907 (18.0122%)
entry 1506000/8349907 (18.0361%)
entry 1509000/8349907 (18.0721%)
entry 1513000/8349907 (18.12%)
entry 1515000/8349907 (18.1439%)
entry 1531000/8349907 (18.3355%)
entry 1532000/8349907 (18.3475%)
entry 1535000/8349907 (18.3834%)
entry 1536000/8349907 (18.3954%)
entry 1541000/8349907 (18.4553%)
entry 1547000/8349907 (18.5272%)
entry 1551000/8349907 (18.5751%)
entry 1552000/8349907 (18.587%)
entry 1554000/8349907 (18.611%)
entry 1555000/8349907 (18.623%)
entry 1559000/8349907 (18.6709%)
entry 1560000/8349907 (18.6828%)
entry 1561000/8349907 (18.6948%)
entry 1562000/8349907 (18.7068%)
entry 1567000/8349907 (18.7667%)
entry 1571000/8349907 (18.8146%)
entry 1573000/8349907 (18.8385%)
entry 1574000/8349907 (18.8505%)
entry 1576000/8349907 (18.8745%)
entry 1577000/8349907 (18.8864%)
entry 1578000/8349907 (18.8984%)
entry 1580000/8349907 (18.9224%)
entry 1583000/8349907 (18.9583%)
entry 1584000/8349907 (18.9703%)
entry 1585000/8349907 (18.9822%)
entry 1591000/8349907 (19.0541%)
entry 1594000/8349907 (19.09%)
entry 1595000/8349907 (19.102%)
entry 1597000/8349907 (19.126%)
entry 1599000/8349907 (19.1499%)
entry 1611000/8349907 (19.2936%)
entry 1621000/8349907 (19.4134%)
entry 1626000/8349907 (19.4733%)
entry 1634000/8349907 (19.5691%)
entry 1641000/8349907 (19.6529%)
entry 1648000/8349907 (19.7367%)
entry 1649000/8349907 (19.7487%)
entry 1650000/8349907 (19.7607%)
entry 1652000/8349907 (19.7847%)
entry 1655000/8349907 (19.8206%)
entry 1657000/8349907 (19.8445%)
entry 1669000/8349907 (19.9882%)
entry 1670000/8349907 (20.0002%)
entry 1676000/8349907 (20.0721%)
entry 1678000/8349907 (20.096%)
entry 1681000/8349907 (20.132%)
entry 1683000/8349907 (20.1559%)
entry 1685000/8349907 (20.1799%)
entry 1687000/8349907 (20.2038%)
entry 1689000/8349907 (20.2278%)
entry 1690000/8349907 (20.2397%)
entry 1692000/8349907 (20.2637%)
entry 1698000/8349907 (20.3356%)
entry 1699000/8349907 (20.3475%)
entry 1701000/8349907 (20.3715%)
entry 1703000/8349907 (20.3954%)
entry 1707000/8349907 (20.4433%)
entry 1708000/8349907 (20.4553%)
entry 1711000/8349907 (20.4912%)
entry 1714000/8349907 (20.5272%)
entry 1715000/8349907 (20.5392%)
entry 1718000/8349907 (20.5751%)
entry 1724000/8349907 (20.6469%)
entry 1725000/8349907 (20.6589%)
entry 1726000/8349907 (20.6709%)
entry 1733000/8349907 (20.7547%)
entry 1734000/8349907 (20.7667%)
entry 1735000/8349907 (20.7787%)
entry 1737000/8349907 (20.8026%)
entry 1740000/8349907 (20.8386%)
entry 1741000/8349907 (20.8505%)
entry 1743000/8349907 (20.8745%)
entry 1745000/8349907 (20.8984%)
entry 1746000/8349907 (20.9104%)
entry 1751000/8349907 (20.9703%)
entry 1754000/8349907 (21.0062%)
entry 1757000/8349907 (21.0422%)
entry 1761000/8349907 (21.0901%)
entry 1765000/8349907 (21.138%)
entry 1771000/8349907 (21.2098%)
entry 1773000/8349907 (21.2338%)
entry 1776000/8349907 (21.2697%)
entry 1777000/8349907 (21.2817%)
entry 1785000/8349907 (21.3775%)
entry 1786000/8349907 (21.3895%)
entry 1788000/8349907 (21.4134%)
entry 1796000/8349907 (21.5092%)
entry 1798000/8349907 (21.5332%)
entry 1800000/8349907 (21.5571%)
entry 1803000/8349907 (21.5931%)
entry 1808000/8349907 (21.6529%)
entry 1813000/8349907 (21.7128%)
entry 1819000/8349907 (21.7847%)
entry 1821000/8349907 (21.8086%)
entry 1822000/8349907 (21.8206%)
entry 1823000/8349907 (21.8326%)
entry 1825000/8349907 (21.8565%)
entry 1830000/8349907 (21.9164%)
entry 1831000/8349907 (21.9284%)
entry 1838000/8349907 (22.0122%)
entry 1840000/8349907 (22.0362%)
entry 1841000/8349907 (22.0482%)
entry 1843000/8349907 (22.0721%)
entry 1844000/8349907 (22.0841%)
entry 1847000/8349907 (22.12%)
entry 1849000/8349907 (22.144%)
entry 1852000/8349907 (22.1799%)
entry 1856000/8349907 (22.2278%)
entry 1865000/8349907 (22.3356%)
entry 1866000/8349907 (22.3476%)
entry 1869000/8349907 (22.3835%)
entry 1872000/8349907 (22.4194%)
entry 1874000/8349907 (22.4434%)
entry 1877000/8349907 (22.4793%)
entry 1878000/8349907 (22.4913%)
entry 1879000/8349907 (22.5032%)
entry 1880000/8349907 (22.5152%)
entry 1881000/8349907 (22.5272%)
entry 1882000/8349907 (22.5392%)
entry 1883000/8349907 (22.5511%)
entry 1886000/8349907 (22.5871%)
entry 1888000/8349907 (22.611%)
entry 1891000/8349907 (22.647%)
entry 1893000/8349907 (22.6709%)
entry 1894000/8349907 (22.6829%)
entry 1897000/8349907 (22.7188%)
entry 1898000/8349907 (22.7308%)
entry 1902000/8349907 (22.7787%)
entry 1905000/8349907 (22.8146%)
entry 1909000/8349907 (22.8625%)
entry 1910000/8349907 (22.8745%)
entry 1912000/8349907 (22.8985%)
entry 1913000/8349907 (22.9104%)
entry 1914000/8349907 (22.9224%)
entry 1917000/8349907 (22.9583%)
entry 1919000/8349907 (22.9823%)
entry 1925000/8349907 (23.0541%)
entry 1927000/8349907 (23.0781%)
entry 1928000/8349907 (23.0901%)
entry 1930000/8349907 (23.114%)
entry 1931000/8349907 (23.126%)
entry 1939000/8349907 (23.2218%)
entry 1940000/8349907 (23.2338%)
entry 1941000/8349907 (23.2458%)
entry 1943000/8349907 (23.2697%)
entry 1944000/8349907 (23.2817%)
entry 1948000/8349907 (23.3296%)
entry 1949000/8349907 (23.3416%)
entry 1958000/8349907 (23.4494%)
entry 1959000/8349907 (23.4613%)
entry 1960000/8349907 (23.4733%)
entry 1961000/8349907 (23.4853%)
entry 1964000/8349907 (23.5212%)
entry 1965000/8349907 (23.5332%)
entry 1966000/8349907 (23.5452%)
entry 1970000/8349907 (23.5931%)
entry 1971000/8349907 (23.6051%)
entry 1976000/8349907 (23.6649%)
entry 1977000/8349907 (23.6769%)
entry 1978000/8349907 (23.6889%)
entry 1980000/8349907 (23.7128%)
entry 1984000/8349907 (23.7607%)
entry 1985000/8349907 (23.7727%)
entry 1986000/8349907 (23.7847%)
entry 1989000/8349907 (23.8206%)
entry 1991000/8349907 (23.8446%)
entry 1993000/8349907 (23.8685%)
entry 1999000/8349907 (23.9404%)
entry 2003000/8349907 (23.9883%)
entry 2006000/8349907 (24.0242%)
entry 2007000/8349907 (24.0362%)
entry 2012000/8349907 (24.0961%)
entry 2013000/8349907 (24.1081%)
entry 2014000/8349907 (24.12%)
entry 2015000/8349907 (24.132%)
entry 2019000/8349907 (24.1799%)
entry 2034000/8349907 (24.3596%)
entry 2035000/8349907 (24.3715%)
entry 2039000/8349907 (24.4194%)
entry 2041000/8349907 (24.4434%)
entry 2043000/8349907 (24.4673%)
entry 2045000/8349907 (24.4913%)
entry 2048000/8349907 (24.5272%)
entry 2049000/8349907 (24.5392%)
entry 2051000/8349907 (24.5631%)
entry 2053000/8349907 (24.5871%)
entry 2054000/8349907 (24.5991%)
entry 2061000/8349907 (24.6829%)
entry 2064000/8349907 (24.7188%)
entry 2065000/8349907 (24.7308%)
entry 2067000/8349907 (24.7548%)
entry 2070000/8349907 (24.7907%)
entry 2078000/8349907 (24.8865%)
entry 2080000/8349907 (24.9105%)
entry 2082000/8349907 (24.9344%)
entry 2091000/8349907 (25.0422%)
entry 2094000/8349907 (25.0781%)
entry 2095000/8349907 (25.0901%)
entry 2101000/8349907 (25.162%)
entry 2103000/8349907 (25.1859%)
entry 2104000/8349907 (25.1979%)
entry 2107000/8349907 (25.2338%)
entry 2111000/8349907 (25.2817%)
entry 2112000/8349907 (25.2937%)
entry 2116000/8349907 (25.3416%)
entry 2120000/8349907 (25.3895%)
entry 2129000/8349907 (25.4973%)
entry 2130000/8349907 (25.5093%)
entry 2137000/8349907 (25.5931%)
entry 2138000/8349907 (25.6051%)
entry 2143000/8349907 (25.665%)
entry 2144000/8349907 (25.6769%)
entry 2147000/8349907 (25.7129%)
entry 2150000/8349907 (25.7488%)
entry 2151000/8349907 (25.7608%)
entry 2157000/8349907 (25.8326%)
entry 2159000/8349907 (25.8566%)
entry 2160000/8349907 (25.8686%)
entry 2161000/8349907 (25.8805%)
entry 2165000/8349907 (25.9284%)
entry 2167000/8349907 (25.9524%)
entry 2169000/8349907 (25.9763%)
entry 2178000/8349907 (26.0841%)
entry 2179000/8349907 (26.0961%)
entry 2182000/8349907 (26.132%)
entry 2186000/8349907 (26.1799%)
entry 2187000/8349907 (26.1919%)
entry 2188000/8349907 (26.2039%)
entry 2191000/8349907 (26.2398%)
entry 2194000/8349907 (26.2757%)
entry 2198000/8349907 (26.3236%)
entry 2203000/8349907 (26.3835%)
entry 2207000/8349907 (26.4314%)
entry 2214000/8349907 (26.5153%)
entry 2216000/8349907 (26.5392%)
entry 2217000/8349907 (26.5512%)
entry 2218000/8349907 (26.5632%)
entry 2220000/8349907 (26.5871%)
entry 2222000/8349907 (26.6111%)
entry 2225000/8349907 (26.647%)
entry 2226000/8349907 (26.659%)
entry 2228000/8349907 (26.6829%)
entry 2229000/8349907 (26.6949%)
entry 2231000/8349907 (26.7189%)
entry 2232000/8349907 (26.7308%)
entry 2238000/8349907 (26.8027%)
entry 2239000/8349907 (26.8147%)
entry 2243000/8349907 (26.8626%)
entry 2244000/8349907 (26.8746%)
entry 2246000/8349907 (26.8985%)
entry 2247000/8349907 (26.9105%)
entry 2249000/8349907 (26.9344%)
entry 2250000/8349907 (26.9464%)
entry 2252000/8349907 (26.9704%)
entry 2258000/8349907 (27.0422%)
entry 2259000/8349907 (27.0542%)
entry 2260000/8349907 (27.0662%)
entry 2262000/8349907 (27.0901%)
entry 2273000/8349907 (27.2219%)
entry 2275000/8349907 (27.2458%)
entry 2276000/8349907 (27.2578%)
entry 2278000/8349907 (27.2817%)
entry 2281000/8349907 (27.3177%)
entry 2282000/8349907 (27.3296%)
entry 2284000/8349907 (27.3536%)
entry 2290000/8349907 (27.4255%)
entry 2291000/8349907 (27.4374%)
entry 2293000/8349907 (27.4614%)
entry 2296000/8349907 (27.4973%)
entry 2298000/8349907 (27.5213%)
entry 2306000/8349907 (27.6171%)
entry 2307000/8349907 (27.6291%)
entry 2308000/8349907 (27.641%)
entry 2309000/8349907 (27.653%)
entry 2314000/8349907 (27.7129%)
entry 2316000/8349907 (27.7368%)
entry 2318000/8349907 (27.7608%)
entry 2320000/8349907 (27.7847%)
entry 2324000/8349907 (27.8326%)
entry 2329000/8349907 (27.8925%)
entry 2334000/8349907 (27.9524%)
entry 2340000/8349907 (28.0243%)
entry 2341000/8349907 (28.0362%)
entry 2343000/8349907 (28.0602%)
entry 2344000/8349907 (28.0722%)
entry 2346000/8349907 (28.0961%)
entry 2353000/8349907 (28.18%)
entry 2357000/8349907 (28.2279%)
entry 2358000/8349907 (28.2398%)
entry 2359000/8349907 (28.2518%)
entry 2361000/8349907 (28.2758%)
entry 2363000/8349907 (28.2997%)
entry 2365000/8349907 (28.3237%)
entry 2366000/8349907 (28.3356%)
entry 2368000/8349907 (28.3596%)
entry 2371000/8349907 (28.3955%)
entry 2372000/8349907 (28.4075%)
entry 2375000/8349907 (28.4434%)
entry 2376000/8349907 (28.4554%)
entry 2378000/8349907 (28.4794%)
entry 2382000/8349907 (28.5273%)
entry 2385000/8349907 (28.5632%)
entry 2386000/8349907 (28.5752%)
entry 2387000/8349907 (28.5871%)
entry 2390000/8349907 (28.6231%)
entry 2391000/8349907 (28.635%)
entry 2398000/8349907 (28.7189%)
entry 2406000/8349907 (28.8147%)
entry 2414000/8349907 (28.9105%)
entry 2415000/8349907 (28.9225%)
entry 2419000/8349907 (28.9704%)
entry 2420000/8349907 (28.9824%)
entry 2425000/8349907 (29.0422%)
entry 2430000/8349907 (29.1021%)
entry 2432000/8349907 (29.1261%)
entry 2435000/8349907 (29.162%)
entry 2437000/8349907 (29.186%)
entry 2445000/8349907 (29.2818%)
entry 2448000/8349907 (29.3177%)
entry 2449000/8349907 (29.3297%)
entry 2453000/8349907 (29.3776%)
entry 2454000/8349907 (29.3895%)
entry 2455000/8349907 (29.4015%)
entry 2461000/8349907 (29.4734%)
entry 2463000/8349907 (29.4973%)
entry 2464000/8349907 (29.5093%)
entry 2467000/8349907 (29.5452%)
entry 2468000/8349907 (29.5572%)
entry 2469000/8349907 (29.5692%)
entry 2472000/8349907 (29.6051%)
entry 2474000/8349907 (29.6291%)
entry 2475000/8349907 (29.6411%)
entry 2480000/8349907 (29.7009%)
entry 2481000/8349907 (29.7129%)
entry 2482000/8349907 (29.7249%)
entry 2485000/8349907 (29.7608%)
entry 2486000/8349907 (29.7728%)
entry 2488000/8349907 (29.7967%)
entry 2491000/8349907 (29.8327%)
entry 2493000/8349907 (29.8566%)
entry 2496000/8349907 (29.8925%)
entry 2504000/8349907 (29.9884%)
entry 2507000/8349907 (30.0243%)
entry 2510000/8349907 (30.0602%)
entry 2516000/8349907 (30.1321%)
entry 2519000/8349907 (30.168%)
entry 2520000/8349907 (30.18%)
entry 2521000/8349907 (30.192%)
entry 2524000/8349907 (30.2279%)
entry 2526000/8349907 (30.2518%)
entry 2527000/8349907 (30.2638%)
entry 2529000/8349907 (30.2878%)
entry 2530000/8349907 (30.2997%)
entry 2531000/8349907 (30.3117%)
entry 2533000/8349907 (30.3357%)
entry 2535000/8349907 (30.3596%)
entry 2536000/8349907 (30.3716%)
entry 2537000/8349907 (30.3836%)
entry 2538000/8349907 (30.3955%)
entry 2540000/8349907 (30.4195%)
entry 2542000/8349907 (30.4435%)
entry 2548000/8349907 (30.5153%)
entry 2552000/8349907 (30.5632%)
entry 2553000/8349907 (30.5752%)
entry 2558000/8349907 (30.6351%)
entry 2561000/8349907 (30.671%)
entry 2563000/8349907 (30.695%)
entry 2564000/8349907 (30.7069%)
entry 2566000/8349907 (30.7309%)
entry 2567000/8349907 (30.7429%)
entry 2568000/8349907 (30.7548%)
entry 2572000/8349907 (30.8027%)
entry 2577000/8349907 (30.8626%)
entry 2579000/8349907 (30.8866%)
entry 2586000/8349907 (30.9704%)
entry 2589000/8349907 (31.0063%)
entry 2590000/8349907 (31.0183%)
entry 2597000/8349907 (31.1021%)
entry 2598000/8349907 (31.1141%)
entry 2599000/8349907 (31.1261%)
entry 2602000/8349907 (31.162%)
entry 2604000/8349907 (31.186%)
entry 2611000/8349907 (31.2698%)
entry 2612000/8349907 (31.2818%)
entry 2613000/8349907 (31.2938%)
entry 2621000/8349907 (31.3896%)
entry 2622000/8349907 (31.4015%)
entry 2623000/8349907 (31.4135%)
entry 2625000/8349907 (31.4375%)
entry 2628000/8349907 (31.4734%)
entry 2631000/8349907 (31.5093%)
entry 2634000/8349907 (31.5453%)
entry 2635000/8349907 (31.5572%)
entry 2638000/8349907 (31.5932%)
entry 2640000/8349907 (31.6171%)
entry 2653000/8349907 (31.7728%)
entry 2659000/8349907 (31.8447%)
entry 2660000/8349907 (31.8566%)
entry 2661000/8349907 (31.8686%)
entry 2663000/8349907 (31.8926%)
entry 2664000/8349907 (31.9045%)
entry 2670000/8349907 (31.9764%)
entry 2673000/8349907 (32.0123%)
entry 2674000/8349907 (32.0243%)
entry 2675000/8349907 (32.0363%)
entry 2676000/8349907 (32.0483%)
entry 2678000/8349907 (32.0722%)
entry 2679000/8349907 (32.0842%)
entry 2680000/8349907 (32.0962%)
entry 2682000/8349907 (32.1201%)
entry 2684000/8349907 (32.1441%)
entry 2691000/8349907 (32.2279%)
entry 2694000/8349907 (32.2638%)
entry 2696000/8349907 (32.2878%)
entry 2699000/8349907 (32.3237%)
entry 2701000/8349907 (32.3477%)
entry 2702000/8349907 (32.3596%)
entry 2706000/8349907 (32.4075%)
entry 2708000/8349907 (32.4315%)
entry 2709000/8349907 (32.4435%)
entry 2713000/8349907 (32.4914%)
entry 2715000/8349907 (32.5153%)
entry 2720000/8349907 (32.5752%)
entry 2722000/8349907 (32.5992%)
entry 2723000/8349907 (32.6111%)
entry 2733000/8349907 (32.7309%)
entry 2738000/8349907 (32.7908%)
entry 2739000/8349907 (32.8028%)
entry 2740000/8349907 (32.8147%)
entry 2743000/8349907 (32.8507%)
entry 2747000/8349907 (32.8986%)
entry 2751000/8349907 (32.9465%)
entry 2755000/8349907 (32.9944%)
entry 2756000/8349907 (33.0064%)
entry 2762000/8349907 (33.0782%)
entry 2767000/8349907 (33.1381%)
entry 2769000/8349907 (33.162%)
entry 2770000/8349907 (33.174%)
entry 2771000/8349907 (33.186%)
entry 2772000/8349907 (33.198%)
entry 2773000/8349907 (33.2099%)
entry 2776000/8349907 (33.2459%)
entry 2777000/8349907 (33.2579%)
entry 2780000/8349907 (33.2938%)
entry 2781000/8349907 (33.3058%)
entry 2783000/8349907 (33.3297%)
entry 2794000/8349907 (33.4615%)
entry 2798000/8349907 (33.5094%)
entry 2801000/8349907 (33.5453%)
entry 2802000/8349907 (33.5573%)
entry 2803000/8349907 (33.5692%)
entry 2806000/8349907 (33.6052%)
entry 2807000/8349907 (33.6171%)
entry 2808000/8349907 (33.6291%)
entry 2810000/8349907 (33.6531%)
entry 2811000/8349907 (33.665%)
entry 2814000/8349907 (33.701%)
entry 2818000/8349907 (33.7489%)
entry 2826000/8349907 (33.8447%)
entry 2827000/8349907 (33.8567%)
entry 2831000/8349907 (33.9046%)
entry 2833000/8349907 (33.9285%)
entry 2835000/8349907 (33.9525%)
entry 2836000/8349907 (33.9644%)
entry 2837000/8349907 (33.9764%)
entry 2838000/8349907 (33.9884%)
entry 2840000/8349907 (34.0124%)
entry 2846000/8349907 (34.0842%)
entry 2848000/8349907 (34.1082%)
entry 2849000/8349907 (34.1201%)
entry 2854000/8349907 (34.18%)
entry 2855000/8349907 (34.192%)
entry 2856000/8349907 (34.204%)
entry 2857000/8349907 (34.216%)
entry 2858000/8349907 (34.2279%)
entry 2859000/8349907 (34.2399%)
entry 2865000/8349907 (34.3118%)
entry 2866000/8349907 (34.3237%)
entry 2867000/8349907 (34.3357%)
entry 2871000/8349907 (34.3836%)
entry 2874000/8349907 (34.4195%)
entry 2879000/8349907 (34.4794%)
entry 2882000/8349907 (34.5154%)
entry 2884000/8349907 (34.5393%)
entry 2885000/8349907 (34.5513%)
entry 2888000/8349907 (34.5872%)
entry 2890000/8349907 (34.6112%)
entry 2893000/8349907 (34.6471%)
entry 2904000/8349907 (34.7788%)
entry 2906000/8349907 (34.8028%)
entry 2909000/8349907 (34.8387%)
entry 2911000/8349907 (34.8627%)
entry 2912000/8349907 (34.8746%)
entry 2914000/8349907 (34.8986%)
entry 2918000/8349907 (34.9465%)
entry 2919000/8349907 (34.9585%)
entry 2924000/8349907 (35.0184%)
entry 2925000/8349907 (35.0303%)
entry 2929000/8349907 (35.0782%)
entry 2935000/8349907 (35.1501%)
entry 2940000/8349907 (35.21%)
entry 2941000/8349907 (35.2219%)
entry 2945000/8349907 (35.2699%)
entry 2950000/8349907 (35.3297%)
entry 2961000/8349907 (35.4615%)
entry 2962000/8349907 (35.4734%)
entry 2963000/8349907 (35.4854%)
entry 2966000/8349907 (35.5214%)
entry 2968000/8349907 (35.5453%)
entry 2970000/8349907 (35.5693%)
entry 2972000/8349907 (35.5932%)
entry 2975000/8349907 (35.6291%)
entry 2977000/8349907 (35.6531%)
entry 2978000/8349907 (35.6651%)
entry 2980000/8349907 (35.689%)
entry 2988000/8349907 (35.7848%)
entry 2989000/8349907 (35.7968%)
entry 2991000/8349907 (35.8208%)
entry 2993000/8349907 (35.8447%)
entry 2996000/8349907 (35.8806%)
entry 2997000/8349907 (35.8926%)
entry 3001000/8349907 (35.9405%)
entry 3009000/8349907 (36.0363%)
entry 3011000/8349907 (36.0603%)
entry 3014000/8349907 (36.0962%)
entry 3016000/8349907 (36.1202%)
entry 3019000/8349907 (36.1561%)
entry 3021000/8349907 (36.18%)
entry 3024000/8349907 (36.216%)
entry 3027000/8349907 (36.2519%)
entry 3029000/8349907 (36.2759%)
entry 3030000/8349907 (36.2878%)
entry 3031000/8349907 (36.2998%)
entry 3033000/8349907 (36.3238%)
entry 3036000/8349907 (36.3597%)
entry 3038000/8349907 (36.3836%)
entry 3039000/8349907 (36.3956%)
entry 3040000/8349907 (36.4076%)
entry 3041000/8349907 (36.4196%)
entry 3048000/8349907 (36.5034%)
entry 3049000/8349907 (36.5154%)
entry 3055000/8349907 (36.5872%)
entry 3060000/8349907 (36.6471%)
entry 3061000/8349907 (36.6591%)
entry 3062000/8349907 (36.6711%)
entry 3069000/8349907 (36.7549%)
entry 3080000/8349907 (36.8866%)
entry 3081000/8349907 (36.8986%)
entry 3082000/8349907 (36.9106%)
entry 3083000/8349907 (36.9226%)
entry 3085000/8349907 (36.9465%)
entry 3086000/8349907 (36.9585%)
entry 3089000/8349907 (36.9944%)
entry 3095000/8349907 (37.0663%)
entry 3099000/8349907 (37.1142%)
entry 3111000/8349907 (37.2579%)
entry 3113000/8349907 (37.2819%)
entry 3114000/8349907 (37.2938%)
entry 3115000/8349907 (37.3058%)
entry 3119000/8349907 (37.3537%)
entry 3121000/8349907 (37.3777%)
entry 3126000/8349907 (37.4375%)
entry 3134000/8349907 (37.5334%)
entry 3135000/8349907 (37.5453%)
entry 3136000/8349907 (37.5573%)
entry 3137000/8349907 (37.5693%)
entry 3140000/8349907 (37.6052%)
entry 3144000/8349907 (37.6531%)
entry 3147000/8349907 (37.689%)
entry 3151000/8349907 (37.7369%)
entry 3154000/8349907 (37.7729%)
entry 3155000/8349907 (37.7849%)
entry 3167000/8349907 (37.9286%)
entry 3169000/8349907 (37.9525%)
entry 3170000/8349907 (37.9645%)
entry 3172000/8349907 (37.9884%)
entry 3173000/8349907 (38.0004%)
entry 3175000/8349907 (38.0244%)
entry 3180000/8349907 (38.0843%)
entry 3185000/8349907 (38.1441%)
entry 3192000/8349907 (38.228%)
entry 3194000/8349907 (38.2519%)
entry 3198000/8349907 (38.2998%)
entry 3199000/8349907 (38.3118%)
entry 3207000/8349907 (38.4076%)
entry 3209000/8349907 (38.4316%)
entry 3218000/8349907 (38.5394%)
entry 3221000/8349907 (38.5753%)
entry 3226000/8349907 (38.6352%)
entry 3229000/8349907 (38.6711%)
entry 3230000/8349907 (38.6831%)
entry 3238000/8349907 (38.7789%)
entry 3241000/8349907 (38.8148%)
entry 3242000/8349907 (38.8268%)
entry 3244000/8349907 (38.8507%)
entry 3245000/8349907 (38.8627%)
entry 3247000/8349907 (38.8867%)
entry 3248000/8349907 (38.8986%)
entry 3250000/8349907 (38.9226%)
entry 3254000/8349907 (38.9705%)
entry 3256000/8349907 (38.9944%)
entry 3258000/8349907 (39.0184%)
entry 3259000/8349907 (39.0304%)
entry 3260000/8349907 (39.0424%)
entry 3261000/8349907 (39.0543%)
entry 3266000/8349907 (39.1142%)
entry 3267000/8349907 (39.1262%)
entry 3268000/8349907 (39.1382%)
entry 3272000/8349907 (39.1861%)
entry 3273000/8349907 (39.198%)
entry 3282000/8349907 (39.3058%)
entry 3286000/8349907 (39.3537%)
entry 3290000/8349907 (39.4016%)
entry 3291000/8349907 (39.4136%)
entry 3298000/8349907 (39.4974%)
entry 3299000/8349907 (39.5094%)
entry 3302000/8349907 (39.5454%)
entry 3304000/8349907 (39.5693%)
entry 3307000/8349907 (39.6052%)
entry 3310000/8349907 (39.6412%)
entry 3313000/8349907 (39.6771%)
entry 3320000/8349907 (39.7609%)
entry 3322000/8349907 (39.7849%)
entry 3323000/8349907 (39.7969%)
entry 3324000/8349907 (39.8088%)
entry 3326000/8349907 (39.8328%)
entry 3330000/8349907 (39.8807%)
entry 3334000/8349907 (39.9286%)
entry 3337000/8349907 (39.9645%)
entry 3338000/8349907 (39.9765%)
entry 3339000/8349907 (39.9885%)
entry 3344000/8349907 (40.0483%)
entry 3348000/8349907 (40.0963%)
entry 3351000/8349907 (40.1322%)
entry 3354000/8349907 (40.1681%)
entry 3359000/8349907 (40.228%)
entry 3366000/8349907 (40.3118%)
entry 3370000/8349907 (40.3597%)
entry 3372000/8349907 (40.3837%)
entry 3373000/8349907 (40.3957%)
entry 3379000/8349907 (40.4675%)
entry 3383000/8349907 (40.5154%)
entry 3388000/8349907 (40.5753%)
entry 3391000/8349907 (40.6112%)
entry 3396000/8349907 (40.6711%)
entry 3402000/8349907 (40.743%)
entry 3403000/8349907 (40.7549%)
entry 3404000/8349907 (40.7669%)
entry 3405000/8349907 (40.7789%)
entry 3407000/8349907 (40.8028%)
entry 3415000/8349907 (40.8987%)
entry 3418000/8349907 (40.9346%)
entry 3419000/8349907 (40.9466%)
entry 3422000/8349907 (40.9825%)
entry 3423000/8349907 (40.9945%)
entry 3424000/8349907 (41.0064%)
entry 3425000/8349907 (41.0184%)
entry 3427000/8349907 (41.0424%)
entry 3428000/8349907 (41.0544%)
entry 3429000/8349907 (41.0663%)
entry 3431000/8349907 (41.0903%)
entry 3433000/8349907 (41.1142%)
entry 3435000/8349907 (41.1382%)
entry 3440000/8349907 (41.1981%)
entry 3442000/8349907 (41.222%)
entry 3443000/8349907 (41.234%)
entry 3444000/8349907 (41.246%)
entry 3445000/8349907 (41.2579%)
entry 3450000/8349907 (41.3178%)
entry 3452000/8349907 (41.3418%)
entry 3453000/8349907 (41.3538%)
entry 3455000/8349907 (41.3777%)
entry 3458000/8349907 (41.4136%)
entry 3460000/8349907 (41.4376%)
entry 3461000/8349907 (41.4496%)
entry 3464000/8349907 (41.4855%)
entry 3468000/8349907 (41.5334%)
entry 3469000/8349907 (41.5454%)
entry 3473000/8349907 (41.5933%)
entry 3477000/8349907 (41.6412%)
entry 3478000/8349907 (41.6532%)
entry 3481000/8349907 (41.6891%)
entry 3483000/8349907 (41.713%)
entry 3484000/8349907 (41.725%)
entry 3487000/8349907 (41.7609%)
entry 3489000/8349907 (41.7849%)
entry 3490000/8349907 (41.7969%)
entry 3491000/8349907 (41.8088%)
entry 3498000/8349907 (41.8927%)
entry 3499000/8349907 (41.9047%)
entry 3500000/8349907 (41.9166%)
entry 3502000/8349907 (41.9406%)
entry 3503000/8349907 (41.9526%)
entry 3505000/8349907 (41.9765%)
entry 3506000/8349907 (41.9885%)
entry 3509000/8349907 (42.0244%)
entry 3510000/8349907 (42.0364%)
entry 3512000/8349907 (42.0603%)
entry 3515000/8349907 (42.0963%)
entry 3518000/8349907 (42.1322%)
entry 3519000/8349907 (42.1442%)
entry 3522000/8349907 (42.1801%)
entry 3524000/8349907 (42.2041%)
entry 3525000/8349907 (42.216%)
entry 3527000/8349907 (42.24%)
entry 3531000/8349907 (42.2879%)
entry 3532000/8349907 (42.2999%)
entry 3535000/8349907 (42.3358%)
entry 3537000/8349907 (42.3598%)
entry 3538000/8349907 (42.3717%)
entry 3541000/8349907 (42.4077%)
entry 3550000/8349907 (42.5154%)
entry 3551000/8349907 (42.5274%)
entry 3556000/8349907 (42.5873%)
entry 3557000/8349907 (42.5993%)
entry 3560000/8349907 (42.6352%)
entry 3561000/8349907 (42.6472%)
entry 3563000/8349907 (42.6711%)
entry 3569000/8349907 (42.743%)
entry 3572000/8349907 (42.7789%)
entry 3575000/8349907 (42.8148%)
entry 3577000/8349907 (42.8388%)
entry 3578000/8349907 (42.8508%)
entry 3586000/8349907 (42.9466%)
entry 3592000/8349907 (43.0184%)
entry 3594000/8349907 (43.0424%)
entry 3595000/8349907 (43.0544%)
entry 3596000/8349907 (43.0663%)
entry 3600000/8349907 (43.1143%)
entry 3604000/8349907 (43.1622%)
entry 3606000/8349907 (43.1861%)
entry 3609000/8349907 (43.222%)
entry 3612000/8349907 (43.258%)
entry 3614000/8349907 (43.2819%)
entry 3627000/8349907 (43.4376%)
entry 3638000/8349907 (43.5693%)
entry 3641000/8349907 (43.6053%)
entry 3646000/8349907 (43.6652%)
entry 3647000/8349907 (43.6771%)
entry 3650000/8349907 (43.7131%)
entry 3655000/8349907 (43.7729%)
entry 3657000/8349907 (43.7969%)
entry 3658000/8349907 (43.8089%)
entry 3662000/8349907 (43.8568%)
entry 3666000/8349907 (43.9047%)
entry 3668000/8349907 (43.9286%)
entry 3672000/8349907 (43.9765%)
entry 3675000/8349907 (44.0125%)
entry 3677000/8349907 (44.0364%)
entry 3678000/8349907 (44.0484%)
entry 3690000/8349907 (44.1921%)
entry 3694000/8349907 (44.24%)
entry 3695000/8349907 (44.252%)
entry 3702000/8349907 (44.3358%)
entry 3703000/8349907 (44.3478%)
entry 3704000/8349907 (44.3598%)
entry 3706000/8349907 (44.3837%)
entry 3707000/8349907 (44.3957%)
entry 3708000/8349907 (44.4077%)
entry 3709000/8349907 (44.4197%)
entry 3710000/8349907 (44.4316%)
entry 3713000/8349907 (44.4676%)
entry 3714000/8349907 (44.4795%)
entry 3715000/8349907 (44.4915%)
entry 3718000/8349907 (44.5274%)
entry 3721000/8349907 (44.5634%)
entry 3723000/8349907 (44.5873%)
entry 3724000/8349907 (44.5993%)
entry 3728000/8349907 (44.6472%)
entry 3729000/8349907 (44.6592%)
entry 3734000/8349907 (44.7191%)
entry 3736000/8349907 (44.743%)
entry 3737000/8349907 (44.755%)
entry 3738000/8349907 (44.767%)
entry 3739000/8349907 (44.7789%)
entry 3740000/8349907 (44.7909%)
entry 3741000/8349907 (44.8029%)
entry 3748000/8349907 (44.8867%)
entry 3751000/8349907 (44.9227%)
entry 3753000/8349907 (44.9466%)
entry 3756000/8349907 (44.9825%)
entry 3758000/8349907 (45.0065%)
entry 3759000/8349907 (45.0185%)
entry 3762000/8349907 (45.0544%)
entry 3764000/8349907 (45.0783%)
entry 3772000/8349907 (45.1742%)
entry 3773000/8349907 (45.1861%)
entry 3776000/8349907 (45.2221%)
entry 3785000/8349907 (45.3298%)
entry 3788000/8349907 (45.3658%)
entry 3790000/8349907 (45.3897%)
entry 3795000/8349907 (45.4496%)
entry 3796000/8349907 (45.4616%)
entry 3799000/8349907 (45.4975%)
entry 3800000/8349907 (45.5095%)
entry 3812000/8349907 (45.6532%)
entry 3814000/8349907 (45.6772%)
entry 3816000/8349907 (45.7011%)
entry 3819000/8349907 (45.737%)
entry 3822000/8349907 (45.773%)
entry 3825000/8349907 (45.8089%)
entry 3826000/8349907 (45.8209%)
entry 3831000/8349907 (45.8807%)
entry 3832000/8349907 (45.8927%)
entry 3846000/8349907 (46.0604%)
entry 3849000/8349907 (46.0963%)
entry 3852000/8349907 (46.1323%)
entry 3855000/8349907 (46.1682%)
entry 3856000/8349907 (46.1802%)
entry 3857000/8349907 (46.1921%)
entry 3859000/8349907 (46.2161%)
entry 3861000/8349907 (46.24%)
entry 3862000/8349907 (46.252%)
entry 3863000/8349907 (46.264%)
entry 3864000/8349907 (46.276%)
entry 3868000/8349907 (46.3239%)
entry 3879000/8349907 (46.4556%)
entry 3881000/8349907 (46.4796%)
entry 3882000/8349907 (46.4915%)
entry 3888000/8349907 (46.5634%)
entry 3894000/8349907 (46.6352%)
entry 3895000/8349907 (46.6472%)
entry 3898000/8349907 (46.6832%)
entry 3900000/8349907 (46.7071%)
entry 3903000/8349907 (46.743%)
entry 3904000/8349907 (46.755%)
entry 3907000/8349907 (46.7909%)
entry 3912000/8349907 (46.8508%)
entry 3915000/8349907 (46.8868%)
entry 3917000/8349907 (46.9107%)
entry 3918000/8349907 (46.9227%)
entry 3923000/8349907 (46.9826%)
entry 3925000/8349907 (47.0065%)
entry 3926000/8349907 (47.0185%)
entry 3927000/8349907 (47.0305%)
entry 3929000/8349907 (47.0544%)
entry 3934000/8349907 (47.1143%)
entry 3935000/8349907 (47.1263%)
entry 3938000/8349907 (47.1622%)
entry 3940000/8349907 (47.1862%)
entry 3942000/8349907 (47.2101%)
entry 3945000/8349907 (47.246%)
entry 3947000/8349907 (47.27%)
entry 3948000/8349907 (47.282%)
entry 3950000/8349907 (47.3059%)
entry 3955000/8349907 (47.3658%)
entry 3957000/8349907 (47.3897%)
entry 3959000/8349907 (47.4137%)
entry 3968000/8349907 (47.5215%)
entry 3971000/8349907 (47.5574%)
entry 3972000/8349907 (47.5694%)
entry 3977000/8349907 (47.6293%)
entry 3979000/8349907 (47.6532%)
entry 3981000/8349907 (47.6772%)
entry 3988000/8349907 (47.761%)
entry 3990000/8349907 (47.785%)
entry 3992000/8349907 (47.8089%)
entry 3993000/8349907 (47.8209%)
entry 3994000/8349907 (47.8329%)
entry 3996000/8349907 (47.8568%)
entry 3999000/8349907 (47.8927%)
entry 4000000/8349907 (47.9047%)
entry 4001000/8349907 (47.9167%)
entry 4003000/8349907 (47.9407%)
entry 4004000/8349907 (47.9526%)
entry 4005000/8349907 (47.9646%)
entry 4009000/8349907 (48.0125%)
entry 4014000/8349907 (48.0724%)
entry 4015000/8349907 (48.0844%)
entry 4016000/8349907 (48.0963%)
entry 4017000/8349907 (48.1083%)
entry 4018000/8349907 (48.1203%)
entry 4022000/8349907 (48.1682%)
entry 4023000/8349907 (48.1802%)
entry 4024000/8349907 (48.1922%)
entry 4025000/8349907 (48.2041%)
entry 4027000/8349907 (48.2281%)
entry 4030000/8349907 (48.264%)
entry 4034000/8349907 (48.3119%)
entry 4035000/8349907 (48.3239%)
entry 4037000/8349907 (48.3478%)
entry 4039000/8349907 (48.3718%)
entry 4046000/8349907 (48.4556%)
entry 4047000/8349907 (48.4676%)
entry 4051000/8349907 (48.5155%)
entry 4055000/8349907 (48.5634%)
entry 4058000/8349907 (48.5993%)
entry 4062000/8349907 (48.6472%)
entry 4063000/8349907 (48.6592%)
entry 4064000/8349907 (48.6712%)
entry 4068000/8349907 (48.7191%)
entry 4070000/8349907 (48.7431%)
entry 4071000/8349907 (48.755%)
entry 4081000/8349907 (48.8748%)
entry 4088000/8349907 (48.9586%)
entry 4089000/8349907 (48.9706%)
entry 4094000/8349907 (49.0305%)
entry 4097000/8349907 (49.0664%)
entry 4100000/8349907 (49.1023%)
entry 4101000/8349907 (49.1143%)
entry 4103000/8349907 (49.1383%)
entry 4108000/8349907 (49.1982%)
entry 4109000/8349907 (49.2101%)
entry 4111000/8349907 (49.2341%)
entry 4113000/8349907 (49.258%)
entry 4115000/8349907 (49.282%)
entry 4119000/8349907 (49.3299%)
entry 4121000/8349907 (49.3538%)
entry 4123000/8349907 (49.3778%)
entry 4129000/8349907 (49.4497%)
entry 4135000/8349907 (49.5215%)
entry 4142000/8349907 (49.6053%)
entry 4143000/8349907 (49.6173%)
entry 4151000/8349907 (49.7131%)
entry 4152000/8349907 (49.7251%)
entry 4162000/8349907 (49.8449%)
entry 4167000/8349907 (49.9047%)
entry 4168000/8349907 (49.9167%)
entry 4170000/8349907 (49.9407%)
entry 4173000/8349907 (49.9766%)
entry 4182000/8349907 (50.0844%)
entry 4184000/8349907 (50.1083%)
entry 4186000/8349907 (50.1323%)
entry 4188000/8349907 (50.1562%)
entry 4193000/8349907 (50.2161%)
entry 4196000/8349907 (50.2521%)
entry 4198000/8349907 (50.276%)
entry 4200000/8349907 (50.3%)
entry 4201000/8349907 (50.3119%)
entry 4203000/8349907 (50.3359%)
entry 4208000/8349907 (50.3958%)
entry 4210000/8349907 (50.4197%)
entry 4221000/8349907 (50.5515%)
entry 4222000/8349907 (50.5634%)
entry 4223000/8349907 (50.5754%)
entry 4226000/8349907 (50.6113%)
entry 4227000/8349907 (50.6233%)
entry 4228000/8349907 (50.6353%)
entry 4229000/8349907 (50.6473%)
entry 4230000/8349907 (50.6592%)
entry 4232000/8349907 (50.6832%)
entry 4236000/8349907 (50.7311%)
entry 4239000/8349907 (50.767%)
entry 4251000/8349907 (50.9107%)
entry 4254000/8349907 (50.9467%)
entry 4256000/8349907 (50.9706%)
entry 4261000/8349907 (51.0305%)
entry 4265000/8349907 (51.0784%)
entry 4267000/8349907 (51.1024%)
entry 4272000/8349907 (51.1622%)
entry 4274000/8349907 (51.1862%)
entry 4280000/8349907 (51.2581%)
entry 4282000/8349907 (51.282%)
entry 4283000/8349907 (51.294%)
entry 4290000/8349907 (51.3778%)
entry 4293000/8349907 (51.4137%)
entry 4297000/8349907 (51.4616%)
entry 4298000/8349907 (51.4736%)
entry 4300000/8349907 (51.4976%)
entry 4303000/8349907 (51.5335%)
entry 4304000/8349907 (51.5455%)
entry 4311000/8349907 (51.6293%)
entry 4313000/8349907 (51.6533%)
entry 4314000/8349907 (51.6652%)
entry 4316000/8349907 (51.6892%)
entry 4318000/8349907 (51.7132%)
entry 4322000/8349907 (51.7611%)
entry 4326000/8349907 (51.809%)
entry 4329000/8349907 (51.8449%)
entry 4332000/8349907 (51.8808%)
entry 4334000/8349907 (51.9048%)
entry 4336000/8349907 (51.9287%)
entry 4338000/8349907 (51.9527%)
entry 4340000/8349907 (51.9766%)
entry 4341000/8349907 (51.9886%)
entry 4342000/8349907 (52.0006%)
entry 4352000/8349907 (52.1203%)
entry 4354000/8349907 (52.1443%)
entry 4355000/8349907 (52.1563%)
entry 4357000/8349907 (52.1802%)
entry 4365000/8349907 (52.276%)
entry 4369000/8349907 (52.3239%)
entry 4370000/8349907 (52.3359%)
entry 4372000/8349907 (52.3599%)
entry 4374000/8349907 (52.3838%)
entry 4376000/8349907 (52.4078%)
entry 4383000/8349907 (52.4916%)
entry 4385000/8349907 (52.5156%)
entry 4388000/8349907 (52.5515%)
entry 4393000/8349907 (52.6114%)
entry 4394000/8349907 (52.6233%)
entry 4395000/8349907 (52.6353%)
entry 4399000/8349907 (52.6832%)
entry 4400000/8349907 (52.6952%)
entry 4407000/8349907 (52.779%)
entry 4411000/8349907 (52.8269%)
entry 4417000/8349907 (52.8988%)
entry 4419000/8349907 (52.9227%)
entry 4420000/8349907 (52.9347%)
entry 4421000/8349907 (52.9467%)
entry 4427000/8349907 (53.0186%)
entry 4431000/8349907 (53.0665%)
entry 4432000/8349907 (53.0784%)
entry 4439000/8349907 (53.1623%)
entry 4441000/8349907 (53.1862%)
entry 4449000/8349907 (53.282%)
entry 4453000/8349907 (53.3299%)
entry 4456000/8349907 (53.3659%)
entry 4457000/8349907 (53.3778%)
entry 4459000/8349907 (53.4018%)
entry 4461000/8349907 (53.4257%)
entry 4468000/8349907 (53.5096%)
entry 4469000/8349907 (53.5216%)
entry 4472000/8349907 (53.5575%)
entry 4474000/8349907 (53.5814%)
entry 4475000/8349907 (53.5934%)
entry 4476000/8349907 (53.6054%)
entry 4479000/8349907 (53.6413%)
entry 4485000/8349907 (53.7132%)
entry 4487000/8349907 (53.7371%)
entry 4491000/8349907 (53.785%)
entry 4502000/8349907 (53.9168%)
entry 4503000/8349907 (53.9287%)
entry 4504000/8349907 (53.9407%)
entry 4508000/8349907 (53.9886%)
entry 4511000/8349907 (54.0246%)
entry 4517000/8349907 (54.0964%)
entry 4519000/8349907 (54.1204%)
entry 4520000/8349907 (54.1323%)
entry 4521000/8349907 (54.1443%)
entry 4527000/8349907 (54.2162%)
entry 4529000/8349907 (54.2401%)
entry 4535000/8349907 (54.312%)
entry 4543000/8349907 (54.4078%)
entry 4549000/8349907 (54.4796%)
entry 4552000/8349907 (54.5156%)
entry 4553000/8349907 (54.5276%)
entry 4554000/8349907 (54.5395%)
entry 4558000/8349907 (54.5874%)
entry 4559000/8349907 (54.5994%)
entry 4563000/8349907 (54.6473%)
entry 4573000/8349907 (54.7671%)
entry 4574000/8349907 (54.7791%)
entry 4576000/8349907 (54.803%)
entry 4577000/8349907 (54.815%)
entry 4579000/8349907 (54.8389%)
entry 4587000/8349907 (54.9347%)
entry 4597000/8349907 (55.0545%)
entry 4598000/8349907 (55.0665%)
entry 4599000/8349907 (55.0785%)
entry 4601000/8349907 (55.1024%)
entry 4605000/8349907 (55.1503%)
entry 4606000/8349907 (55.1623%)
entry 4612000/8349907 (55.2341%)
entry 4617000/8349907 (55.294%)
entry 4619000/8349907 (55.318%)
entry 4622000/8349907 (55.3539%)
entry 4623000/8349907 (55.3659%)
entry 4624000/8349907 (55.3779%)
entry 4627000/8349907 (55.4138%)
entry 4631000/8349907 (55.4617%)
entry 4633000/8349907 (55.4856%)
entry 4637000/8349907 (55.5336%)
entry 4638000/8349907 (55.5455%)
entry 4640000/8349907 (55.5695%)
entry 4642000/8349907 (55.5934%)
entry 4643000/8349907 (55.6054%)
entry 4646000/8349907 (55.6413%)
entry 4647000/8349907 (55.6533%)
entry 4651000/8349907 (55.7012%)
entry 4653000/8349907 (55.7252%)
entry 4656000/8349907 (55.7611%)
entry 4657000/8349907 (55.7731%)
entry 4666000/8349907 (55.8809%)
entry 4672000/8349907 (55.9527%)
entry 4686000/8349907 (56.1204%)
entry 4691000/8349907 (56.1803%)
entry 4692000/8349907 (56.1922%)
entry 4693000/8349907 (56.2042%)
entry 4695000/8349907 (56.2282%)
entry 4699000/8349907 (56.2761%)
entry 4703000/8349907 (56.324%)
entry 4705000/8349907 (56.3479%)
entry 4707000/8349907 (56.3719%)
entry 4709000/8349907 (56.3958%)
entry 4714000/8349907 (56.4557%)
entry 4716000/8349907 (56.4797%)
entry 4717000/8349907 (56.4916%)
entry 4718000/8349907 (56.5036%)
entry 4721000/8349907 (56.5396%)
entry 4728000/8349907 (56.6234%)
entry 4732000/8349907 (56.6713%)
entry 4734000/8349907 (56.6952%)
entry 4740000/8349907 (56.7671%)
entry 4741000/8349907 (56.7791%)
entry 4750000/8349907 (56.8869%)
entry 4751000/8349907 (56.8988%)
entry 4753000/8349907 (56.9228%)
entry 4756000/8349907 (56.9587%)
entry 4759000/8349907 (56.9946%)
entry 4760000/8349907 (57.0066%)
entry 4761000/8349907 (57.0186%)
entry 4765000/8349907 (57.0665%)
entry 4767000/8349907 (57.0905%)
entry 4773000/8349907 (57.1623%)
entry 4776000/8349907 (57.1982%)
entry 4778000/8349907 (57.2222%)
entry 4784000/8349907 (57.2941%)
entry 4785000/8349907 (57.306%)
entry 4788000/8349907 (57.342%)
entry 4789000/8349907 (57.3539%)
entry 4793000/8349907 (57.4018%)
entry 4800000/8349907 (57.4857%)
entry 4801000/8349907 (57.4976%)
entry 4804000/8349907 (57.5336%)
entry 4805000/8349907 (57.5455%)
entry 4809000/8349907 (57.5935%)
entry 4811000/8349907 (57.6174%)
entry 4813000/8349907 (57.6414%)
entry 4814000/8349907 (57.6533%)
entry 4818000/8349907 (57.7012%)
entry 4819000/8349907 (57.7132%)
entry 4821000/8349907 (57.7372%)
entry 4824000/8349907 (57.7731%)
entry 4826000/8349907 (57.7971%)
entry 4829000/8349907 (57.833%)
entry 4830000/8349907 (57.845%)
entry 4831000/8349907 (57.8569%)
entry 4834000/8349907 (57.8929%)
entry 4837000/8349907 (57.9288%)
entry 4843000/8349907 (58.0006%)
entry 4844000/8349907 (58.0126%)
entry 4847000/8349907 (58.0486%)
entry 4848000/8349907 (58.0605%)
entry 4850000/8349907 (58.0845%)
entry 4851000/8349907 (58.0965%)
entry 4853000/8349907 (58.1204%)
entry 4855000/8349907 (58.1444%)
entry 4858000/8349907 (58.1803%)
entry 4860000/8349907 (58.2042%)
entry 4861000/8349907 (58.2162%)
entry 4865000/8349907 (58.2641%)
entry 4867000/8349907 (58.2881%)
entry 4870000/8349907 (58.324%)
entry 4876000/8349907 (58.3959%)
entry 4877000/8349907 (58.4078%)
entry 4878000/8349907 (58.4198%)
entry 4879000/8349907 (58.4318%)
entry 4880000/8349907 (58.4438%)
entry 4882000/8349907 (58.4677%)
entry 4883000/8349907 (58.4797%)
entry 4889000/8349907 (58.5515%)
entry 4892000/8349907 (58.5875%)
entry 4893000/8349907 (58.5995%)
entry 4894000/8349907 (58.6114%)
entry 4898000/8349907 (58.6593%)
entry 4901000/8349907 (58.6953%)
entry 4902000/8349907 (58.7072%)
entry 4903000/8349907 (58.7192%)
entry 4909000/8349907 (58.7911%)
entry 4910000/8349907 (58.8031%)
entry 4912000/8349907 (58.827%)
entry 4919000/8349907 (58.9108%)
entry 4920000/8349907 (58.9228%)
entry 4924000/8349907 (58.9707%)
entry 4926000/8349907 (58.9947%)
entry 4931000/8349907 (59.0545%)
entry 4932000/8349907 (59.0665%)
entry 4933000/8349907 (59.0785%)
entry 4936000/8349907 (59.1144%)
entry 4942000/8349907 (59.1863%)
entry 4944000/8349907 (59.2102%)
entry 4946000/8349907 (59.2342%)
entry 4947000/8349907 (59.2462%)
entry 4952000/8349907 (59.306%)
entry 4953000/8349907 (59.318%)
entry 4954000/8349907 (59.33%)
entry 4955000/8349907 (59.342%)
entry 4957000/8349907 (59.3659%)
entry 4958000/8349907 (59.3779%)
entry 4959000/8349907 (59.3899%)
entry 4962000/8349907 (59.4258%)
entry 4963000/8349907 (59.4378%)
entry 4969000/8349907 (59.5096%)
entry 4970000/8349907 (59.5216%)
entry 4976000/8349907 (59.5935%)
entry 4978000/8349907 (59.6174%)
entry 4980000/8349907 (59.6414%)
entry 4988000/8349907 (59.7372%)
entry 4989000/8349907 (59.7492%)
entry 4992000/8349907 (59.7851%)
entry 4996000/8349907 (59.833%)
entry 4998000/8349907 (59.857%)
entry 4999000/8349907 (59.8689%)
entry 5003000/8349907 (59.9168%)
entry 5010000/8349907 (60.0007%)
entry 5013000/8349907 (60.0366%)
entry 5014000/8349907 (60.0486%)
entry 5015000/8349907 (60.0605%)
entry 5021000/8349907 (60.1324%)
entry 5028000/8349907 (60.2162%)
entry 5029000/8349907 (60.2282%)
entry 5032000/8349907 (60.2641%)
entry 5033000/8349907 (60.2761%)
entry 5036000/8349907 (60.3121%)
entry 5041000/8349907 (60.3719%)
entry 5043000/8349907 (60.3959%)
entry 5044000/8349907 (60.4079%)
entry 5048000/8349907 (60.4558%)
entry 5049000/8349907 (60.4677%)
entry 5055000/8349907 (60.5396%)
entry 5056000/8349907 (60.5516%)
entry 5058000/8349907 (60.5755%)
entry 5064000/8349907 (60.6474%)
entry 5067000/8349907 (60.6833%)
entry 5068000/8349907 (60.6953%)
entry 5069000/8349907 (60.7073%)
entry 5070000/8349907 (60.7192%)
entry 5071000/8349907 (60.7312%)
entry 5072000/8349907 (60.7432%)
entry 5076000/8349907 (60.7911%)
entry 5079000/8349907 (60.827%)
entry 5084000/8349907 (60.8869%)
entry 5086000/8349907 (60.9109%)
entry 5090000/8349907 (60.9588%)
entry 5092000/8349907 (60.9827%)
entry 5093000/8349907 (60.9947%)
entry 5102000/8349907 (61.1025%)
entry 5103000/8349907 (61.1145%)
entry 5104000/8349907 (61.1264%)
entry 5105000/8349907 (61.1384%)
entry 5106000/8349907 (61.1504%)
entry 5109000/8349907 (61.1863%)
entry 5110000/8349907 (61.1983%)
entry 5112000/8349907 (61.2222%)
entry 5114000/8349907 (61.2462%)
entry 5115000/8349907 (61.2582%)
entry 5116000/8349907 (61.2701%)
entry 5117000/8349907 (61.2821%)
entry 5119000/8349907 (61.3061%)
entry 5122000/8349907 (61.342%)
entry 5124000/8349907 (61.366%)
entry 5126000/8349907 (61.3899%)
entry 5131000/8349907 (61.4498%)
entry 5132000/8349907 (61.4618%)
entry 5133000/8349907 (61.4737%)
entry 5136000/8349907 (61.5097%)
entry 5139000/8349907 (61.5456%)
entry 5140000/8349907 (61.5576%)
entry 5147000/8349907 (61.6414%)
entry 5150000/8349907 (61.6773%)
entry 5151000/8349907 (61.6893%)
entry 5152000/8349907 (61.7013%)
entry 5153000/8349907 (61.7133%)
entry 5157000/8349907 (61.7612%)
entry 5159000/8349907 (61.7851%)
entry 5160000/8349907 (61.7971%)
entry 5164000/8349907 (61.845%)
entry 5173000/8349907 (61.9528%)
entry 5174000/8349907 (61.9648%)
entry 5177000/8349907 (62.0007%)
entry 5179000/8349907 (62.0246%)
entry 5181000/8349907 (62.0486%)
entry 5185000/8349907 (62.0965%)
entry 5186000/8349907 (62.1085%)
entry 5188000/8349907 (62.1324%)
entry 5197000/8349907 (62.2402%)
entry 5201000/8349907 (62.2881%)
entry 5203000/8349907 (62.3121%)
entry 5205000/8349907 (62.336%)
entry 5207000/8349907 (62.36%)
entry 5208000/8349907 (62.372%)
entry 5211000/8349907 (62.4079%)
entry 5217000/8349907 (62.4797%)
entry 5219000/8349907 (62.5037%)
entry 5221000/8349907 (62.5276%)
entry 5222000/8349907 (62.5396%)
entry 5223000/8349907 (62.5516%)
entry 5230000/8349907 (62.6354%)
entry 5233000/8349907 (62.6714%)
entry 5234000/8349907 (62.6833%)
entry 5235000/8349907 (62.6953%)
entry 5242000/8349907 (62.7791%)
entry 5245000/8349907 (62.8151%)
entry 5246000/8349907 (62.827%)
entry 5247000/8349907 (62.839%)
entry 5249000/8349907 (62.863%)
entry 5251000/8349907 (62.8869%)
entry 5252000/8349907 (62.8989%)
entry 5253000/8349907 (62.9109%)
entry 5255000/8349907 (62.9348%)
entry 5260000/8349907 (62.9947%)
entry 5263000/8349907 (63.0306%)
entry 5264000/8349907 (63.0426%)
entry 5268000/8349907 (63.0905%)
entry 5269000/8349907 (63.1025%)
entry 5270000/8349907 (63.1145%)
entry 5272000/8349907 (63.1384%)
entry 5273000/8349907 (63.1504%)
entry 5276000/8349907 (63.1863%)
entry 5281000/8349907 (63.2462%)
entry 5286000/8349907 (63.3061%)
entry 5292000/8349907 (63.378%)
entry 5293000/8349907 (63.3899%)
entry 5294000/8349907 (63.4019%)
entry 5298000/8349907 (63.4498%)
entry 5304000/8349907 (63.5217%)
entry 5305000/8349907 (63.5336%)
entry 5306000/8349907 (63.5456%)
entry 5310000/8349907 (63.5935%)
entry 5317000/8349907 (63.6774%)
entry 5320000/8349907 (63.7133%)
entry 5323000/8349907 (63.7492%)
entry 5327000/8349907 (63.7971%)
entry 5331000/8349907 (63.845%)
entry 5333000/8349907 (63.869%)
entry 5335000/8349907 (63.8929%)
entry 5343000/8349907 (63.9887%)
entry 5344000/8349907 (64.0007%)
entry 5346000/8349907 (64.0247%)
entry 5351000/8349907 (64.0845%)
entry 5353000/8349907 (64.1085%)
entry 5357000/8349907 (64.1564%)
entry 5358000/8349907 (64.1684%)
entry 5359000/8349907 (64.1804%)
entry 5363000/8349907 (64.2283%)
entry 5366000/8349907 (64.2642%)
entry 5369000/8349907 (64.3001%)
entry 5370000/8349907 (64.3121%)
entry 5372000/8349907 (64.336%)
entry 5373000/8349907 (64.348%)
entry 5374000/8349907 (64.36%)
entry 5375000/8349907 (64.372%)
entry 5377000/8349907 (64.3959%)
entry 5379000/8349907 (64.4199%)
entry 5384000/8349907 (64.4798%)
entry 5385000/8349907 (64.4917%)
entry 5386000/8349907 (64.5037%)
entry 5387000/8349907 (64.5157%)
entry 5390000/8349907 (64.5516%)
entry 5392000/8349907 (64.5756%)
entry 5394000/8349907 (64.5995%)
entry 5395000/8349907 (64.6115%)
entry 5396000/8349907 (64.6235%)
entry 5398000/8349907 (64.6474%)
entry 5399000/8349907 (64.6594%)
entry 5402000/8349907 (64.6953%)
entry 5407000/8349907 (64.7552%)
entry 5408000/8349907 (64.7672%)
entry 5410000/8349907 (64.7911%)
entry 5412000/8349907 (64.8151%)
entry 5413000/8349907 (64.8271%)
entry 5418000/8349907 (64.887%)
entry 5420000/8349907 (64.9109%)
entry 5423000/8349907 (64.9468%)
entry 5428000/8349907 (65.0067%)
entry 5429000/8349907 (65.0187%)
entry 5430000/8349907 (65.0307%)
entry 5432000/8349907 (65.0546%)
entry 5433000/8349907 (65.0666%)
entry 5438000/8349907 (65.1265%)
entry 5439000/8349907 (65.1384%)
entry 5441000/8349907 (65.1624%)
entry 5447000/8349907 (65.2343%)
entry 5452000/8349907 (65.2941%)
entry 5456000/8349907 (65.342%)
entry 5460000/8349907 (65.3899%)
entry 5464000/8349907 (65.4379%)
entry 5469000/8349907 (65.4977%)
entry 5470000/8349907 (65.5097%)
entry 5473000/8349907 (65.5456%)
entry 5482000/8349907 (65.6534%)
entry 5488000/8349907 (65.7253%)
entry 5494000/8349907 (65.7971%)
entry 5503000/8349907 (65.9049%)
entry 5506000/8349907 (65.9409%)
entry 5509000/8349907 (65.9768%)
entry 5512000/8349907 (66.0127%)
entry 5517000/8349907 (66.0726%)
entry 5521000/8349907 (66.1205%)
entry 5523000/8349907 (66.1444%)
entry 5530000/8349907 (66.2283%)
entry 5532000/8349907 (66.2522%)
entry 5533000/8349907 (66.2642%)
entry 5535000/8349907 (66.2882%)
entry 5536000/8349907 (66.3001%)
entry 5539000/8349907 (66.3361%)
entry 5541000/8349907 (66.36%)
entry 5545000/8349907 (66.4079%)
entry 5547000/8349907 (66.4319%)
entry 5549000/8349907 (66.4558%)
entry 5553000/8349907 (66.5037%)
entry 5554000/8349907 (66.5157%)
entry 5557000/8349907 (66.5516%)
entry 5558000/8349907 (66.5636%)
entry 5575000/8349907 (66.7672%)
entry 5576000/8349907 (66.7792%)
entry 5578000/8349907 (66.8031%)
entry 5579000/8349907 (66.8151%)
entry 5582000/8349907 (66.851%)
entry 5584000/8349907 (66.875%)
entry 5585000/8349907 (66.887%)
entry 5586000/8349907 (66.8989%)
entry 5589000/8349907 (66.9349%)
entry 5591000/8349907 (66.9588%)
entry 5596000/8349907 (67.0187%)
entry 5597000/8349907 (67.0307%)
entry 5600000/8349907 (67.0666%)
entry 5601000/8349907 (67.0786%)
entry 5607000/8349907 (67.1504%)
entry 5608000/8349907 (67.1624%)
entry 5611000/8349907 (67.1984%)
entry 5613000/8349907 (67.2223%)
entry 5628000/8349907 (67.4019%)
entry 5629000/8349907 (67.4139%)
entry 5635000/8349907 (67.4858%)
entry 5638000/8349907 (67.5217%)
entry 5642000/8349907 (67.5696%)
entry 5644000/8349907 (67.5936%)
entry 5645000/8349907 (67.6055%)
entry 5652000/8349907 (67.6894%)
entry 5657000/8349907 (67.7493%)
entry 5659000/8349907 (67.7732%)
entry 5660000/8349907 (67.7852%)
entry 5664000/8349907 (67.8331%)
entry 5673000/8349907 (67.9409%)
entry 5675000/8349907 (67.9648%)
entry 5676000/8349907 (67.9768%)
entry 5680000/8349907 (68.0247%)
entry 5686000/8349907 (68.0966%)
entry 5690000/8349907 (68.1445%)
entry 5691000/8349907 (68.1564%)
entry 5698000/8349907 (68.2403%)
entry 5699000/8349907 (68.2523%)
entry 5701000/8349907 (68.2762%)
entry 5706000/8349907 (68.3361%)
entry 5708000/8349907 (68.36%)
entry 5712000/8349907 (68.4079%)
entry 5713000/8349907 (68.4199%)
entry 5715000/8349907 (68.4439%)
entry 5717000/8349907 (68.4678%)
entry 5718000/8349907 (68.4798%)
entry 5719000/8349907 (68.4918%)
entry 5726000/8349907 (68.5756%)
entry 5728000/8349907 (68.5996%)
entry 5733000/8349907 (68.6594%)
entry 5740000/8349907 (68.7433%)
entry 5743000/8349907 (68.7792%)
entry 5745000/8349907 (68.8032%)
entry 5747000/8349907 (68.8271%)
entry 5748000/8349907 (68.8391%)
entry 5749000/8349907 (68.8511%)
entry 5750000/8349907 (68.863%)
entry 5754000/8349907 (68.9109%)
entry 5755000/8349907 (68.9229%)
entry 5757000/8349907 (68.9469%)
entry 5758000/8349907 (68.9589%)
entry 5760000/8349907 (68.9828%)
entry 5765000/8349907 (69.0427%)
entry 5766000/8349907 (69.0547%)
entry 5767000/8349907 (69.0666%)
entry 5769000/8349907 (69.0906%)
entry 5776000/8349907 (69.1744%)
entry 5780000/8349907 (69.2223%)
entry 5781000/8349907 (69.2343%)
entry 5784000/8349907 (69.2702%)
entry 5790000/8349907 (69.3421%)
entry 5792000/8349907 (69.366%)
entry 5796000/8349907 (69.4139%)
entry 5804000/8349907 (69.5098%)
entry 5805000/8349907 (69.5217%)
entry 5807000/8349907 (69.5457%)
entry 5809000/8349907 (69.5696%)
entry 5810000/8349907 (69.5816%)
entry 5811000/8349907 (69.5936%)
entry 5823000/8349907 (69.7373%)
entry 5828000/8349907 (69.7972%)
entry 5832000/8349907 (69.8451%)
entry 5835000/8349907 (69.881%)
entry 5838000/8349907 (69.9169%)
entry 5840000/8349907 (69.9409%)
entry 5841000/8349907 (69.9529%)
entry 5845000/8349907 (70.0008%)
entry 5847000/8349907 (70.0247%)
entry 5848000/8349907 (70.0367%)
entry 5850000/8349907 (70.0607%)
entry 5853000/8349907 (70.0966%)
entry 5863000/8349907 (70.2164%)
entry 5865000/8349907 (70.2403%)
entry 5868000/8349907 (70.2762%)
entry 5870000/8349907 (70.3002%)
entry 5873000/8349907 (70.3361%)
entry 5874000/8349907 (70.3481%)
entry 5888000/8349907 (70.5158%)
entry 5889000/8349907 (70.5277%)
entry 5890000/8349907 (70.5397%)
entry 5891000/8349907 (70.5517%)
entry 5898000/8349907 (70.6355%)
entry 5899000/8349907 (70.6475%)
entry 5902000/8349907 (70.6834%)
entry 5904000/8349907 (70.7074%)
entry 5910000/8349907 (70.7792%)
entry 5911000/8349907 (70.7912%)
entry 5919000/8349907 (70.887%)
entry 5926000/8349907 (70.9709%)
entry 5929000/8349907 (71.0068%)
entry 5930000/8349907 (71.0188%)
entry 5932000/8349907 (71.0427%)
entry 5933000/8349907 (71.0547%)
entry 5939000/8349907 (71.1265%)
entry 5940000/8349907 (71.1385%)
entry 5941000/8349907 (71.1505%)
entry 5945000/8349907 (71.1984%)
entry 5946000/8349907 (71.2104%)
entry 5952000/8349907 (71.2822%)
entry 5956000/8349907 (71.3301%)
entry 5962000/8349907 (71.402%)
entry 5966000/8349907 (71.4499%)
entry 5969000/8349907 (71.4858%)
entry 5970000/8349907 (71.4978%)
entry 5971000/8349907 (71.5098%)
entry 5973000/8349907 (71.5337%)
entry 5986000/8349907 (71.6894%)
entry 5988000/8349907 (71.7134%)
entry 5992000/8349907 (71.7613%)
entry 5993000/8349907 (71.7733%)
entry 5994000/8349907 (71.7852%)
entry 5996000/8349907 (71.8092%)
entry 5997000/8349907 (71.8212%)
entry 6001000/8349907 (71.8691%)
entry 6003000/8349907 (71.893%)
entry 6005000/8349907 (71.917%)
entry 6011000/8349907 (71.9888%)
entry 6014000/8349907 (72.0248%)
entry 6017000/8349907 (72.0607%)
entry 6025000/8349907 (72.1565%)
entry 6028000/8349907 (72.1924%)
entry 6029000/8349907 (72.2044%)
entry 6032000/8349907 (72.2403%)
entry 6034000/8349907 (72.2643%)
entry 6035000/8349907 (72.2763%)
entry 6036000/8349907 (72.2882%)
entry 6040000/8349907 (72.3361%)
entry 6043000/8349907 (72.3721%)
entry 6044000/8349907 (72.384%)
entry 6047000/8349907 (72.42%)
entry 6048000/8349907 (72.4319%)
entry 6059000/8349907 (72.5637%)
entry 6060000/8349907 (72.5757%)
entry 6062000/8349907 (72.5996%)
entry 6066000/8349907 (72.6475%)
entry 6067000/8349907 (72.6595%)
entry 6068000/8349907 (72.6715%)
entry 6069000/8349907 (72.6834%)
entry 6074000/8349907 (72.7433%)
entry 6085000/8349907 (72.8751%)
entry 6087000/8349907 (72.899%)
entry 6090000/8349907 (72.9349%)
entry 6095000/8349907 (72.9948%)
entry 6101000/8349907 (73.0667%)
entry 6103000/8349907 (73.0906%)
entry 6104000/8349907 (73.1026%)
entry 6105000/8349907 (73.1146%)
entry 6107000/8349907 (73.1385%)
entry 6108000/8349907 (73.1505%)
entry 6109000/8349907 (73.1625%)
entry 6112000/8349907 (73.1984%)
entry 6117000/8349907 (73.2583%)
entry 6127000/8349907 (73.3781%)
entry 6128000/8349907 (73.39%)
entry 6131000/8349907 (73.426%)
entry 6139000/8349907 (73.5218%)
entry 6141000/8349907 (73.5457%)
entry 6142000/8349907 (73.5577%)
entry 6153000/8349907 (73.6894%)
entry 6156000/8349907 (73.7254%)
entry 6160000/8349907 (73.7733%)
entry 6165000/8349907 (73.8332%)
entry 6167000/8349907 (73.8571%)
entry 6168000/8349907 (73.8691%)
entry 6169000/8349907 (73.8811%)
entry 6175000/8349907 (73.9529%)
entry 6179000/8349907 (74.0008%)
entry 6181000/8349907 (74.0248%)
entry 6185000/8349907 (74.0727%)
entry 6187000/8349907 (74.0966%)
entry 6188000/8349907 (74.1086%)
entry 6189000/8349907 (74.1206%)
entry 6192000/8349907 (74.1565%)
entry 6193000/8349907 (74.1685%)
entry 6194000/8349907 (74.1805%)
entry 6197000/8349907 (74.2164%)
entry 6198000/8349907 (74.2284%)
entry 6201000/8349907 (74.2643%)
entry 6204000/8349907 (74.3002%)
entry 6209000/8349907 (74.3601%)
entry 6212000/8349907 (74.396%)
entry 6214000/8349907 (74.42%)
entry 6216000/8349907 (74.4439%)
entry 6229000/8349907 (74.5996%)
entry 6237000/8349907 (74.6954%)
entry 6239000/8349907 (74.7194%)
entry 6242000/8349907 (74.7553%)
entry 6244000/8349907 (74.7793%)
entry 6247000/8349907 (74.8152%)
entry 6249000/8349907 (74.8392%)
entry 6252000/8349907 (74.8751%)
entry 6254000/8349907 (74.899%)
entry 6255000/8349907 (74.911%)
entry 6257000/8349907 (74.935%)
entry 6260000/8349907 (74.9709%)
entry 6263000/8349907 (75.0068%)
entry 6265000/8349907 (75.0308%)
entry 6275000/8349907 (75.1505%)
entry 6279000/8349907 (75.1984%)
entry 6284000/8349907 (75.2583%)
entry 6286000/8349907 (75.2823%)
entry 6288000/8349907 (75.3062%)
entry 6289000/8349907 (75.3182%)
entry 6299000/8349907 (75.438%)
entry 6301000/8349907 (75.4619%)
entry 6305000/8349907 (75.5098%)
entry 6306000/8349907 (75.5218%)
entry 6308000/8349907 (75.5458%)
entry 6315000/8349907 (75.6296%)
entry 6319000/8349907 (75.6775%)
entry 6320000/8349907 (75.6895%)
entry 6323000/8349907 (75.7254%)
entry 6325000/8349907 (75.7493%)
entry 6334000/8349907 (75.8571%)
entry 6337000/8349907 (75.8931%)
entry 6338000/8349907 (75.905%)
entry 6341000/8349907 (75.941%)
entry 6343000/8349907 (75.9649%)
entry 6344000/8349907 (75.9769%)
entry 6352000/8349907 (76.0727%)
entry 6360000/8349907 (76.1685%)
entry 6362000/8349907 (76.1925%)
entry 6371000/8349907 (76.3003%)
entry 6375000/8349907 (76.3482%)
entry 6378000/8349907 (76.3841%)
entry 6380000/8349907 (76.408%)
entry 6383000/8349907 (76.444%)
entry 6384000/8349907 (76.4559%)
entry 6394000/8349907 (76.5757%)
entry 6395000/8349907 (76.5877%)
entry 6397000/8349907 (76.6116%)
entry 6400000/8349907 (76.6476%)
entry 6403000/8349907 (76.6835%)
entry 6404000/8349907 (76.6955%)
entry 6416000/8349907 (76.8392%)
entry 6418000/8349907 (76.8631%)
entry 6419000/8349907 (76.8751%)
entry 6421000/8349907 (76.8991%)
entry 6424000/8349907 (76.935%)
entry 6426000/8349907 (76.9589%)
entry 6427000/8349907 (76.9709%)
entry 6430000/8349907 (77.0068%)
entry 6436000/8349907 (77.0787%)
entry 6440000/8349907 (77.1266%)
entry 6447000/8349907 (77.2104%)
entry 6448000/8349907 (77.2224%)
entry 6451000/8349907 (77.2583%)
entry 6453000/8349907 (77.2823%)
entry 6454000/8349907 (77.2943%)
entry 6463000/8349907 (77.4021%)
entry 6467000/8349907 (77.45%)
entry 6469000/8349907 (77.4739%)
entry 6470000/8349907 (77.4859%)
entry 6472000/8349907 (77.5098%)
entry 6475000/8349907 (77.5458%)
entry 6479000/8349907 (77.5937%)
entry 6480000/8349907 (77.6057%)
entry 6481000/8349907 (77.6176%)
entry 6482000/8349907 (77.6296%)
entry 6486000/8349907 (77.6775%)
entry 6488000/8349907 (77.7015%)
entry 6490000/8349907 (77.7254%)
entry 6494000/8349907 (77.7733%)
entry 6495000/8349907 (77.7853%)
entry 6497000/8349907 (77.8093%)
entry 6501000/8349907 (77.8572%)
entry 6503000/8349907 (77.8811%)
entry 6504000/8349907 (77.8931%)
entry 6510000/8349907 (77.9649%)
entry 6512000/8349907 (77.9889%)
entry 6516000/8349907 (78.0368%)
entry 6519000/8349907 (78.0727%)
entry 6521000/8349907 (78.0967%)
entry 6522000/8349907 (78.1087%)
entry 6523000/8349907 (78.1206%)
entry 6530000/8349907 (78.2045%)
entry 6531000/8349907 (78.2164%)
entry 6532000/8349907 (78.2284%)
entry 6533000/8349907 (78.2404%)
entry 6534000/8349907 (78.2524%)
entry 6537000/8349907 (78.2883%)
entry 6538000/8349907 (78.3003%)
entry 6541000/8349907 (78.3362%)
entry 6547000/8349907 (78.4081%)
entry 6549000/8349907 (78.432%)
entry 6550000/8349907 (78.444%)
entry 6553000/8349907 (78.4799%)
entry 6559000/8349907 (78.5518%)
entry 6562000/8349907 (78.5877%)
entry 6564000/8349907 (78.6117%)
entry 6565000/8349907 (78.6236%)
entry 6570000/8349907 (78.6835%)
entry 6571000/8349907 (78.6955%)
entry 6580000/8349907 (78.8033%)
entry 6581000/8349907 (78.8153%)
entry 6586000/8349907 (78.8751%)
entry 6591000/8349907 (78.935%)
entry 6594000/8349907 (78.9709%)
entry 6597000/8349907 (79.0069%)
entry 6600000/8349907 (79.0428%)
entry 6602000/8349907 (79.0667%)
entry 6609000/8349907 (79.1506%)
entry 6612000/8349907 (79.1865%)
entry 6614000/8349907 (79.2105%)
entry 6618000/8349907 (79.2584%)
entry 6622000/8349907 (79.3063%)
entry 6623000/8349907 (79.3182%)
entry 6624000/8349907 (79.3302%)
entry 6626000/8349907 (79.3542%)
entry 6629000/8349907 (79.3901%)
entry 6637000/8349907 (79.4859%)
entry 6638000/8349907 (79.4979%)
entry 6645000/8349907 (79.5817%)
entry 6651000/8349907 (79.6536%)
entry 6655000/8349907 (79.7015%)
entry 6656000/8349907 (79.7135%)
entry 6659000/8349907 (79.7494%)
entry 6663000/8349907 (79.7973%)
entry 6664000/8349907 (79.8093%)
entry 6666000/8349907 (79.8332%)
entry 6667000/8349907 (79.8452%)
entry 6670000/8349907 (79.8811%)
entry 6672000/8349907 (79.9051%)
entry 6673000/8349907 (79.9171%)
entry 6676000/8349907 (79.953%)
entry 6685000/8349907 (80.0608%)
entry 6686000/8349907 (80.0727%)
entry 6687000/8349907 (80.0847%)
entry 6689000/8349907 (80.1087%)
entry 6696000/8349907 (80.1925%)
entry 6697000/8349907 (80.2045%)
entry 6702000/8349907 (80.2644%)
entry 6704000/8349907 (80.2883%)
entry 6708000/8349907 (80.3362%)
entry 6710000/8349907 (80.3602%)
entry 6712000/8349907 (80.3841%)
entry 6714000/8349907 (80.4081%)
entry 6717000/8349907 (80.444%)
entry 6718000/8349907 (80.456%)
entry 6719000/8349907 (80.468%)
entry 6720000/8349907 (80.4799%)
entry 6721000/8349907 (80.4919%)
entry 6724000/8349907 (80.5278%)
entry 6728000/8349907 (80.5757%)
entry 6730000/8349907 (80.5997%)
entry 6735000/8349907 (80.6596%)
entry 6738000/8349907 (80.6955%)
entry 6739000/8349907 (80.7075%)
entry 6744000/8349907 (80.7674%)
entry 6745000/8349907 (80.7793%)
entry 6752000/8349907 (80.8632%)
entry 6753000/8349907 (80.8752%)
entry 6754000/8349907 (80.8871%)
entry 6758000/8349907 (80.935%)
entry 6760000/8349907 (80.959%)
entry 6761000/8349907 (80.971%)
entry 6762000/8349907 (80.9829%)
entry 6763000/8349907 (80.9949%)
entry 6765000/8349907 (81.0189%)
entry 6774000/8349907 (81.1267%)
entry 6776000/8349907 (81.1506%)
entry 6777000/8349907 (81.1626%)
entry 6785000/8349907 (81.2584%)
entry 6787000/8349907 (81.2823%)
entry 6788000/8349907 (81.2943%)
entry 6789000/8349907 (81.3063%)
entry 6791000/8349907 (81.3302%)
entry 6794000/8349907 (81.3662%)
entry 6797000/8349907 (81.4021%)
entry 6800000/8349907 (81.438%)
entry 6801000/8349907 (81.45%)
entry 6807000/8349907 (81.5219%)
entry 6811000/8349907 (81.5698%)
entry 6815000/8349907 (81.6177%)
entry 6817000/8349907 (81.6416%)
entry 6819000/8349907 (81.6656%)
entry 6820000/8349907 (81.6776%)
entry 6822000/8349907 (81.7015%)
entry 6824000/8349907 (81.7255%)
entry 6832000/8349907 (81.8213%)
entry 6833000/8349907 (81.8332%)
entry 6834000/8349907 (81.8452%)
entry 6836000/8349907 (81.8692%)
entry 6837000/8349907 (81.8812%)
entry 6841000/8349907 (81.9291%)
entry 6844000/8349907 (81.965%)
entry 6846000/8349907 (81.9889%)
entry 6847000/8349907 (82.0009%)
entry 6849000/8349907 (82.0249%)
entry 6850000/8349907 (82.0368%)
entry 6852000/8349907 (82.0608%)
entry 6853000/8349907 (82.0728%)
entry 6859000/8349907 (82.1446%)
entry 6860000/8349907 (82.1566%)
entry 6863000/8349907 (82.1925%)
entry 6873000/8349907 (82.3123%)
entry 6875000/8349907 (82.3362%)
entry 6877000/8349907 (82.3602%)
entry 6880000/8349907 (82.3961%)
entry 6882000/8349907 (82.4201%)
entry 6885000/8349907 (82.456%)
entry 6888000/8349907 (82.4919%)
entry 6889000/8349907 (82.5039%)
entry 6900000/8349907 (82.6357%)
entry 6901000/8349907 (82.6476%)
entry 6911000/8349907 (82.7674%)
entry 6913000/8349907 (82.7913%)
entry 6914000/8349907 (82.8033%)
entry 6921000/8349907 (82.8871%)
entry 6924000/8349907 (82.9231%)
entry 6925000/8349907 (82.9351%)
entry 6926000/8349907 (82.947%)
entry 6931000/8349907 (83.0069%)
entry 6937000/8349907 (83.0788%)
entry 6939000/8349907 (83.1027%)
entry 6943000/8349907 (83.1506%)
entry 6948000/8349907 (83.2105%)
entry 6949000/8349907 (83.2225%)
entry 6950000/8349907 (83.2345%)
entry 6951000/8349907 (83.2464%)
entry 6954000/8349907 (83.2824%)
entry 6963000/8349907 (83.3902%)
entry 6967000/8349907 (83.4381%)
entry 6980000/8349907 (83.5937%)
entry 6981000/8349907 (83.6057%)
entry 6986000/8349907 (83.6656%)
entry 6988000/8349907 (83.6896%)
entry 6989000/8349907 (83.7015%)
entry 6995000/8349907 (83.7734%)
entry 6999000/8349907 (83.8213%)
entry 7001000/8349907 (83.8452%)
entry 7009000/8349907 (83.9411%)
entry 7017000/8349907 (84.0369%)
entry 7019000/8349907 (84.0608%)
entry 7027000/8349907 (84.1566%)
entry 7030000/8349907 (84.1926%)
entry 7043000/8349907 (84.3482%)
entry 7059000/8349907 (84.5399%)
entry 7060000/8349907 (84.5518%)
entry 7061000/8349907 (84.5638%)
entry 7064000/8349907 (84.5997%)
entry 7065000/8349907 (84.6117%)
entry 7066000/8349907 (84.6237%)
entry 7068000/8349907 (84.6476%)
entry 7072000/8349907 (84.6956%)
entry 7075000/8349907 (84.7315%)
entry 7079000/8349907 (84.7794%)
entry 7082000/8349907 (84.8153%)
entry 7084000/8349907 (84.8393%)
entry 7086000/8349907 (84.8632%)
entry 7087000/8349907 (84.8752%)
entry 7095000/8349907 (84.971%)
entry 7096000/8349907 (84.983%)
entry 7099000/8349907 (85.0189%)
entry 7100000/8349907 (85.0309%)
entry 7101000/8349907 (85.0429%)
entry 7105000/8349907 (85.0908%)
entry 7106000/8349907 (85.1027%)
entry 7111000/8349907 (85.1626%)
entry 7112000/8349907 (85.1746%)
entry 7113000/8349907 (85.1866%)
entry 7116000/8349907 (85.2225%)
entry 7119000/8349907 (85.2584%)
entry 7123000/8349907 (85.3063%)
entry 7124000/8349907 (85.3183%)
entry 7125000/8349907 (85.3303%)
entry 7132000/8349907 (85.4141%)
entry 7139000/8349907 (85.498%)
entry 7149000/8349907 (85.6177%)
entry 7153000/8349907 (85.6656%)
entry 7155000/8349907 (85.6896%)
entry 7158000/8349907 (85.7255%)
entry 7160000/8349907 (85.7495%)
entry 7162000/8349907 (85.7734%)
entry 7163000/8349907 (85.7854%)
entry 7165000/8349907 (85.8093%)
entry 7166000/8349907 (85.8213%)
entry 7170000/8349907 (85.8692%)
entry 7171000/8349907 (85.8812%)
entry 7172000/8349907 (85.8932%)
entry 7173000/8349907 (85.9051%)
entry 7175000/8349907 (85.9291%)
entry 7178000/8349907 (85.965%)
entry 7182000/8349907 (86.0129%)
entry 7183000/8349907 (86.0249%)
entry 7185000/8349907 (86.0489%)
entry 7188000/8349907 (86.0848%)
entry 7189000/8349907 (86.0968%)
entry 7191000/8349907 (86.1207%)
entry 7194000/8349907 (86.1566%)
entry 7195000/8349907 (86.1686%)
entry 7197000/8349907 (86.1926%)
entry 7198000/8349907 (86.2046%)
entry 7202000/8349907 (86.2525%)
entry 7208000/8349907 (86.3243%)
entry 7209000/8349907 (86.3363%)
entry 7210000/8349907 (86.3483%)
entry 7211000/8349907 (86.3602%)
entry 7217000/8349907 (86.4321%)
entry 7222000/8349907 (86.492%)
entry 7226000/8349907 (86.5399%)
entry 7227000/8349907 (86.5519%)
entry 7229000/8349907 (86.5758%)
entry 7237000/8349907 (86.6716%)
entry 7238000/8349907 (86.6836%)
entry 7241000/8349907 (86.7195%)
entry 7246000/8349907 (86.7794%)
entry 7250000/8349907 (86.8273%)
entry 7252000/8349907 (86.8513%)
entry 7255000/8349907 (86.8872%)
entry 7259000/8349907 (86.9351%)
entry 7261000/8349907 (86.9591%)
entry 7267000/8349907 (87.0309%)
entry 7273000/8349907 (87.1028%)
entry 7274000/8349907 (87.1147%)
entry 7276000/8349907 (87.1387%)
entry 7277000/8349907 (87.1507%)
entry 7282000/8349907 (87.2106%)
entry 7289000/8349907 (87.2944%)
entry 7292000/8349907 (87.3303%)
entry 7296000/8349907 (87.3782%)
entry 7299000/8349907 (87.4141%)
entry 7303000/8349907 (87.462%)
entry 7304000/8349907 (87.474%)
entry 7310000/8349907 (87.5459%)
entry 7311000/8349907 (87.5579%)
entry 7318000/8349907 (87.6417%)
entry 7320000/8349907 (87.6656%)
entry 7322000/8349907 (87.6896%)
entry 7324000/8349907 (87.7136%)
entry 7325000/8349907 (87.7255%)
entry 7326000/8349907 (87.7375%)
entry 7328000/8349907 (87.7615%)
entry 7331000/8349907 (87.7974%)
entry 7333000/8349907 (87.8213%)
entry 7335000/8349907 (87.8453%)
entry 7336000/8349907 (87.8573%)
entry 7340000/8349907 (87.9052%)
entry 7342000/8349907 (87.9291%)
entry 7347000/8349907 (87.989%)
entry 7348000/8349907 (88.001%)
entry 7352000/8349907 (88.0489%)
entry 7353000/8349907 (88.0609%)
entry 7356000/8349907 (88.0968%)
entry 7357000/8349907 (88.1088%)
entry 7358000/8349907 (88.1207%)
entry 7359000/8349907 (88.1327%)
entry 7363000/8349907 (88.1806%)
entry 7364000/8349907 (88.1926%)
entry 7366000/8349907 (88.2165%)
entry 7369000/8349907 (88.2525%)
entry 7374000/8349907 (88.3124%)
entry 7379000/8349907 (88.3722%)
entry 7384000/8349907 (88.4321%)
entry 7400000/8349907 (88.6237%)
entry 7403000/8349907 (88.6597%)
entry 7404000/8349907 (88.6716%)
entry 7411000/8349907 (88.7555%)
entry 7412000/8349907 (88.7675%)
entry 7413000/8349907 (88.7794%)
entry 7419000/8349907 (88.8513%)
entry 7423000/8349907 (88.8992%)
entry 7431000/8349907 (88.995%)
entry 7432000/8349907 (89.007%)
entry 7436000/8349907 (89.0549%)
entry 7437000/8349907 (89.0669%)
entry 7438000/8349907 (89.0788%)
entry 7440000/8349907 (89.1028%)
entry 7452000/8349907 (89.2465%)
entry 7454000/8349907 (89.2705%)
entry 7456000/8349907 (89.2944%)
entry 7458000/8349907 (89.3184%)
entry 7459000/8349907 (89.3303%)
entry 7460000/8349907 (89.3423%)
entry 7461000/8349907 (89.3543%)
entry 7463000/8349907 (89.3782%)
entry 7464000/8349907 (89.3902%)
entry 7465000/8349907 (89.4022%)
entry 7471000/8349907 (89.4741%)
entry 7472000/8349907 (89.486%)
entry 7473000/8349907 (89.498%)
entry 7474000/8349907 (89.51%)
entry 7478000/8349907 (89.5579%)
entry 7483000/8349907 (89.6178%)
entry 7487000/8349907 (89.6657%)
entry 7491000/8349907 (89.7136%)
entry 7492000/8349907 (89.7255%)
entry 7495000/8349907 (89.7615%)
entry 7496000/8349907 (89.7735%)
entry 7501000/8349907 (89.8333%)
entry 7504000/8349907 (89.8693%)
entry 7507000/8349907 (89.9052%)
entry 7509000/8349907 (89.9291%)
entry 7513000/8349907 (89.977%)
entry 7515000/8349907 (90.001%)
entry 7523000/8349907 (90.0968%)
entry 7525000/8349907 (90.1208%)
entry 7526000/8349907 (90.1327%)
entry 7527000/8349907 (90.1447%)
entry 7528000/8349907 (90.1567%)
entry 7534000/8349907 (90.2286%)
entry 7535000/8349907 (90.2405%)
entry 7540000/8349907 (90.3004%)
entry 7542000/8349907 (90.3244%)
entry 7544000/8349907 (90.3483%)
entry 7550000/8349907 (90.4202%)
entry 7551000/8349907 (90.4321%)
entry 7558000/8349907 (90.516%)
entry 7563000/8349907 (90.5759%)
entry 7565000/8349907 (90.5998%)
entry 7566000/8349907 (90.6118%)
entry 7567000/8349907 (90.6238%)
entry 7569000/8349907 (90.6477%)
entry 7570000/8349907 (90.6597%)
entry 7571000/8349907 (90.6717%)
entry 7576000/8349907 (90.7315%)
entry 7580000/8349907 (90.7795%)
entry 7582000/8349907 (90.8034%)
entry 7583000/8349907 (90.8154%)
entry 7589000/8349907 (90.8872%)
entry 7590000/8349907 (90.8992%)
entry 7591000/8349907 (90.9112%)
entry 7593000/8349907 (90.9351%)
entry 7601000/8349907 (91.031%)
entry 7608000/8349907 (91.1148%)
entry 7615000/8349907 (91.1986%)
entry 7616000/8349907 (91.2106%)
entry 7618000/8349907 (91.2345%)
entry 7621000/8349907 (91.2705%)
entry 7624000/8349907 (91.3064%)
entry 7630000/8349907 (91.3783%)
entry 7631000/8349907 (91.3902%)
entry 7633000/8349907 (91.4142%)
entry 7634000/8349907 (91.4262%)
entry 7635000/8349907 (91.4381%)
entry 7636000/8349907 (91.4501%)
entry 7639000/8349907 (91.486%)
entry 7640000/8349907 (91.498%)
entry 7641000/8349907 (91.51%)
entry 7644000/8349907 (91.5459%)
entry 7646000/8349907 (91.5699%)
entry 7647000/8349907 (91.5819%)
entry 7656000/8349907 (91.6896%)
entry 7658000/8349907 (91.7136%)
entry 7659000/8349907 (91.7256%)
entry 7660000/8349907 (91.7376%)
entry 7662000/8349907 (91.7615%)
entry 7664000/8349907 (91.7855%)
entry 7669000/8349907 (91.8453%)
entry 7674000/8349907 (91.9052%)
entry 7681000/8349907 (91.989%)
entry 7687000/8349907 (92.0609%)
entry 7692000/8349907 (92.1208%)
entry 7693000/8349907 (92.1328%)
entry 7700000/8349907 (92.2166%)
entry 7705000/8349907 (92.2765%)
entry 7706000/8349907 (92.2885%)
entry 7709000/8349907 (92.3244%)
entry 7712000/8349907 (92.3603%)
entry 7715000/8349907 (92.3962%)
entry 7716000/8349907 (92.4082%)
entry 7721000/8349907 (92.4681%)
entry 7726000/8349907 (92.528%)
entry 7728000/8349907 (92.5519%)
entry 7730000/8349907 (92.5759%)
entry 7735000/8349907 (92.6358%)
entry 7736000/8349907 (92.6477%)
entry 7744000/8349907 (92.7435%)
entry 7747000/8349907 (92.7795%)
entry 7748000/8349907 (92.7915%)
entry 7754000/8349907 (92.8633%)
entry 7755000/8349907 (92.8753%)
entry 7756000/8349907 (92.8873%)
entry 7757000/8349907 (92.8992%)
entry 7760000/8349907 (92.9352%)
entry 7764000/8349907 (92.9831%)
entry 7767000/8349907 (93.019%)
entry 7772000/8349907 (93.0789%)
entry 7774000/8349907 (93.1028%)
entry 7775000/8349907 (93.1148%)
entry 7777000/8349907 (93.1388%)
entry 7778000/8349907 (93.1507%)
entry 7780000/8349907 (93.1747%)
entry 7781000/8349907 (93.1867%)
entry 7783000/8349907 (93.2106%)
entry 7786000/8349907 (93.2465%)
entry 7794000/8349907 (93.3424%)
entry 7798000/8349907 (93.3903%)
entry 7801000/8349907 (93.4262%)
entry 7802000/8349907 (93.4382%)
entry 7808000/8349907 (93.51%)
entry 7812000/8349907 (93.5579%)
entry 7813000/8349907 (93.5699%)
entry 7816000/8349907 (93.6058%)
entry 7820000/8349907 (93.6537%)
entry 7823000/8349907 (93.6897%)
entry 7827000/8349907 (93.7376%)
entry 7830000/8349907 (93.7735%)
entry 7833000/8349907 (93.8094%)
entry 7838000/8349907 (93.8693%)
entry 7839000/8349907 (93.8813%)
entry 7840000/8349907 (93.8933%)
entry 7841000/8349907 (93.9052%)
entry 7843000/8349907 (93.9292%)
entry 7846000/8349907 (93.9651%)
entry 7848000/8349907 (93.9891%)
entry 7850000/8349907 (94.013%)
entry 7851000/8349907 (94.025%)
entry 7856000/8349907 (94.0849%)
entry 7858000/8349907 (94.1088%)
entry 7859000/8349907 (94.1208%)
entry 7865000/8349907 (94.1927%)
entry 7867000/8349907 (94.2166%)
entry 7869000/8349907 (94.2406%)
entry 7870000/8349907 (94.2525%)
entry 7871000/8349907 (94.2645%)
entry 7872000/8349907 (94.2765%)
entry 7876000/8349907 (94.3244%)
entry 7878000/8349907 (94.3484%)
entry 7882000/8349907 (94.3963%)
entry 7884000/8349907 (94.4202%)
entry 7885000/8349907 (94.4322%)
entry 7889000/8349907 (94.4801%)
entry 7892000/8349907 (94.516%)
entry 7894000/8349907 (94.54%)
entry 7896000/8349907 (94.5639%)
entry 7902000/8349907 (94.6358%)
entry 7904000/8349907 (94.6597%)
entry 7906000/8349907 (94.6837%)
entry 7908000/8349907 (94.7076%)
entry 7914000/8349907 (94.7795%)
entry 7916000/8349907 (94.8035%)
entry 7918000/8349907 (94.8274%)
entry 7922000/8349907 (94.8753%)
entry 7924000/8349907 (94.8993%)
entry 7925000/8349907 (94.9112%)
entry 7929000/8349907 (94.9591%)
entry 7930000/8349907 (94.9711%)
entry 7931000/8349907 (94.9831%)
entry 7932000/8349907 (94.9951%)
entry 7943000/8349907 (95.1268%)
entry 7945000/8349907 (95.1508%)
entry 7947000/8349907 (95.1747%)
entry 7948000/8349907 (95.1867%)
entry 7952000/8349907 (95.2346%)
entry 7954000/8349907 (95.2585%)
entry 7957000/8349907 (95.2945%)
entry 7959000/8349907 (95.3184%)
entry 7965000/8349907 (95.3903%)
entry 7966000/8349907 (95.4023%)
entry 7968000/8349907 (95.4262%)
entry 7970000/8349907 (95.4502%)
entry 7975000/8349907 (95.51%)
entry 7980000/8349907 (95.5699%)
entry 7982000/8349907 (95.5939%)
entry 7986000/8349907 (95.6418%)
entry 7993000/8349907 (95.7256%)
entry 8000000/8349907 (95.8094%)
entry 8002000/8349907 (95.8334%)
entry 8003000/8349907 (95.8454%)
entry 8006000/8349907 (95.8813%)
entry 8010000/8349907 (95.9292%)
entry 8011000/8349907 (95.9412%)
entry 8017000/8349907 (96.013%)
entry 8018000/8349907 (96.025%)
entry 8023000/8349907 (96.0849%)
entry 8029000/8349907 (96.1568%)
entry 8034000/8349907 (96.2166%)
entry 8035000/8349907 (96.2286%)
entry 8036000/8349907 (96.2406%)
entry 8037000/8349907 (96.2526%)
entry 8042000/8349907 (96.3125%)
entry 8045000/8349907 (96.3484%)
entry 8046000/8349907 (96.3604%)
entry 8056000/8349907 (96.4801%)
entry 8057000/8349907 (96.4921%)
entry 8058000/8349907 (96.5041%)
entry 8060000/8349907 (96.528%)
entry 8065000/8349907 (96.5879%)
entry 8069000/8349907 (96.6358%)
entry 8073000/8349907 (96.6837%)
entry 8075000/8349907 (96.7077%)
entry 8077000/8349907 (96.7316%)
entry 8079000/8349907 (96.7556%)
entry 8083000/8349907 (96.8035%)
entry 8084000/8349907 (96.8154%)
entry 8089000/8349907 (96.8753%)
entry 8092000/8349907 (96.9113%)
entry 8093000/8349907 (96.9232%)
entry 8096000/8349907 (96.9592%)
entry 8099000/8349907 (96.9951%)
entry 8107000/8349907 (97.0909%)
entry 8118000/8349907 (97.2226%)
entry 8120000/8349907 (97.2466%)
entry 8122000/8349907 (97.2705%)
entry 8123000/8349907 (97.2825%)
entry 8127000/8349907 (97.3304%)
entry 8128000/8349907 (97.3424%)
entry 8129000/8349907 (97.3544%)
entry 8133000/8349907 (97.4023%)
entry 8139000/8349907 (97.4741%)
entry 8141000/8349907 (97.4981%)
entry 8146000/8349907 (97.558%)
entry 8149000/8349907 (97.5939%)
entry 8150000/8349907 (97.6059%)
entry 8151000/8349907 (97.6179%)
entry 8159000/8349907 (97.7137%)
entry 8160000/8349907 (97.7256%)
entry 8162000/8349907 (97.7496%)
entry 8163000/8349907 (97.7616%)
entry 8167000/8349907 (97.8095%)
entry 8172000/8349907 (97.8694%)
entry 8177000/8349907 (97.9292%)
entry 8186000/8349907 (98.037%)
entry 8191000/8349907 (98.0969%)
entry 8192000/8349907 (98.1089%)
entry 8193000/8349907 (98.1209%)
entry 8199000/8349907 (98.1927%)
entry 8201000/8349907 (98.2167%)
entry 8202000/8349907 (98.2286%)
entry 8203000/8349907 (98.2406%)
entry 8204000/8349907 (98.2526%)
entry 8206000/8349907 (98.2765%)
entry 8215000/8349907 (98.3843%)
entry 8216000/8349907 (98.3963%)
entry 8217000/8349907 (98.4083%)
entry 8219000/8349907 (98.4322%)
entry 8222000/8349907 (98.4682%)
entry 8227000/8349907 (98.528%)
entry 8235000/8349907 (98.6239%)
entry 8238000/8349907 (98.6598%)
entry 8241000/8349907 (98.6957%)
entry 8245000/8349907 (98.7436%)
entry 8248000/8349907 (98.7795%)
entry 8249000/8349907 (98.7915%)
entry 8252000/8349907 (98.8274%)
entry 8253000/8349907 (98.8394%)
entry 8256000/8349907 (98.8754%)
entry 8259000/8349907 (98.9113%)
entry 8263000/8349907 (98.9592%)
entry 8264000/8349907 (98.9712%)
entry 8284000/8349907 (99.2107%)
entry 8291000/8349907 (99.2945%)
entry 8294000/8349907 (99.3304%)
entry 8300000/8349907 (99.4023%)
entry 8301000/8349907 (99.4143%)
entry 8303000/8349907 (99.4382%)
entry 8306000/8349907 (99.4742%)
entry 8311000/8349907 (99.534%)
entry 8314000/8349907 (99.57%)
entry 8318000/8349907 (99.6179%)
entry 8319000/8349907 (99.6298%)
entry 8322000/8349907 (99.6658%)
entry 8324000/8349907 (99.6897%)
entry 8329000/8349907 (99.7496%)
entry 8330000/8349907 (99.7616%)
entry 8331000/8349907 (99.7736%)
entry 8333000/8349907 (99.7975%)
entry 8335000/8349907 (99.8215%)
entry 8345000/8349907 (99.9412%)
entry 8348000/8349907 (99.9772%)
all done
script done
