sphnx1088.sdcc.bnl.gov
rsyncing from /gpfs/mnt/gpfs02/sphenix/user/samfred/run25/ppg11/histmaking
running: /gpfs/mnt/gpfs02/sphenix/user/samfred/run25/ppg11/histmaking/script_data.sh 48828
LD_LIBRARY_PATH now /sphenix/user/samfred/run25/install//lib:/cvmfs/sphenix.sdcc.bnl.gov/alma9.2-gcc-14.2.0/opt/sphenix/core/gcc/14.2.0-2f0a0/x86_64-el9/lib:/cvmfs/sphenix.sdcc.bnl.gov/alma9.2-gcc-14.2.0/opt/sphenix/core/gcc/14.2.0-2f0a0/x86_64-el9/lib64:/cvmfs/sphenix.sdcc.bnl.gov/alma9.2-gcc-14.2.0/opt/sphenix/core/binutils/2.40-acaab/x86_64-el9/lib:.:/cvmfs/sphenix.sdcc.bnl.gov/alma9.2-gcc-14.2.0/release/release_new/new.10/lib64:/cvmfs/sphenix.sdcc.bnl.gov/alma9.2-gcc-14.2.0/release/release_new/new.10/lib:/cvmfs/sphenix.sdcc.bnl.gov/alma9.2-gcc-14.2.0/opt/sphenix/utils/lib:/cvmfs/sphenix.sdcc.bnl.gov/alma9.2-gcc-14.2.0/opt/sphenix/core/lib:/cvmfs/sphenix.sdcc.bnl.gov/alma9.2-gcc-14.2.0/opt/sphenix/core/root-6.32.06/lib:/cvmfs/sphenix.sdcc.bnl.gov/alma9.2-gcc-14.2.0/opt/sphenix/core/geant4.10.07.p04/lib64:/cvmfs/sphenix.sdcc.bnl.gov/alma9.2-gcc-14.2.0/opt/sphenix/core/lhapdf-5.9.1/lib:/usr/local/lib64:/usr/lib64
PATH now /sphenix/user/samfred/run25/install//bin:/cvmfs/sphenix.sdcc.bnl.gov/alma9.2-gcc-14.2.0/opt/sphenix/core/gcc/14.2.0-2f0a0/x86_64-el9/bin:/cvmfs/sphenix.sdcc.bnl.gov/alma9.2-gcc-14.2.0/opt/sphenix/core/binutils/2.40-acaab/x86_64-el9/bin:.:/cvmfs/sphenix.sdcc.bnl.gov/alma9.2-gcc-14.2.0/release/release_new/new.10/bin:/cvmfs/sphenix.sdcc.bnl.gov/alma9.2-gcc-14.2.0/opt/sphenix/utils/bin:/cvmfs/sphenix.sdcc.bnl.gov/alma9.2-gcc-14.2.0/opt/sphenix/core/bin:/cvmfs/sphenix.sdcc.bnl.gov/alma9.2-gcc-14.2.0/opt/sphenix/core/root-6.32.06/bin:/cvmfs/sphenix.sdcc.bnl.gov/alma9.2-gcc-14.2.0/opt/sphenix/core/geant4.10.07.p04/bin:/usr/local/bin:/usr/bin:/usr/local/sbin:/usr/sbin
SINGULARITY_CACHEDIR=/home/condor/local/sphnx/execute/dir_301810
_CONDOR_CHIRP_CONFIG=/home/condor/local/sphnx/execute/dir_301810/.chirp.config
_CONDOR_JOB_IWD=/sphenix/user/samfred/run25/ppg11/histmaking
G4ENSDFSTATEDATA=/cvmfs/sphenix.sdcc.bnl.gov/alma9.2-gcc-14.2.0/opt/sphenix/core/geant4.10.07.p04/share/Geant4-10.7.4/data/G4ENSDFSTATE2.3
_CONDOR_MACHINE_AD=/home/condor/local/sphnx/execute/dir_301810/.machine.ad
ROOT_MAX_THREADS=1
NUMEXPR_NUM_THREADS=1
CUBACORES=1
_CHIRP_DELAYED_UPDATE_PREFIX=Chirp*
OMP_THREAD_LIMIT=1
G4PIIDATA=/cvmfs/sphenix.sdcc.bnl.gov/alma9.2-gcc-14.2.0/opt/sphenix/core/geant4.10.07.p04/share/Geant4-10.7.4/data/G4PII1.3
NO_AT_BRIDGE=1
G4_MAIN=/cvmfs/sphenix.sdcc.bnl.gov/alma9.2-gcc-14.2.0/opt/sphenix/core/geant4.10.07.p04
COMPILER_PATH=/cvmfs/sphenix.sdcc.bnl.gov/alma9.2-gcc-14.2.0/opt/sphenix/core/gcc/14.2.0-2f0a0/x86_64-el9
ROOT_INCLUDE_PATH=./:/sphenix/user/samfred/run25/install//include:/sphenix/user/samfred/run25/install//include/caloana:/sphenix/user/samfred/run25/install//include/qa_centrality:/sphenix/user/samfred/run25/install//include/mbdana:/sphenix/user/samfred/run25/install//include/centrality:/sphenix/user/samfred/run25/install//include/Event:/cvmfs/sphenix.sdcc.bnl.gov/alma9.2-gcc-14.2.0/release/release_new/new.10/include:/cvmfs/sphenix.sdcc.bnl.gov/alma9.2-gcc-14.2.0/release/release_new/new.10/include:/cvmfs/sphenix.sdcc.bnl.gov/alma9.2-gcc-14.2.0/release/release_new/new.10/include/g4mbd:/cvmfs/sphenix.sdcc.bnl.gov/alma9.2-gcc-14.2.0/release/release_new/new.10/include/fmt:/cvmfs/sphenix.sdcc.bnl.gov/alma9.2-gcc-14.2.0/release/release_new/new.10/include/ffarawobjects:/cvmfs/sphenix.sdcc.bnl.gov/alma9.2-gcc-14.2.0/release/release_new/new.10/include/JSON:/cvmfs/sphenix.sdcc.bnl.gov/alma9.2-gcc-14.2.0/release/release_new/new.10/include/calotreegen:/cvmfs/sphenix.sdcc.bnl.gov/alma9.2-gcc-14.2.0/release/release_new/new.10/include/torch:/cvmfs/sphenix.sdcc.bnl.gov/alma9.2-gcc-14.2.0/release/release_new/new.10/include/g4detectors:/cvmfs/sphenix.sdcc.bnl.gov/alma9.2-gcc-14.2.0/release/release_new/new.10/include/kineto:/cvmfs/sphenix.sdcc.bnl.gov/alma9.2-gcc-14.2.0/release/release_new/new.10/include/g4decayer:/cvmfs/sphenix.sdcc.bnl.gov/alma9.2-gcc-14.2.0/release/release_new/new.10/include/kfparticleqa:/cvmfs/sphenix.sdcc.bnl.gov/alma9.2-gcc-14.2.0/release/release_new/new.10/include/phfield:/cvmfs/sphenix.sdcc.bnl.gov/alma9.2-gcc-14.2.0/release/release_new/new.10/include/LHAPDF:/cvmfs/sphenix.sdcc.bnl.gov/alma9.2-gcc-14.2.0/release/release_new/new.10/include/readdigitalcurrents:/cvmfs/sphenix.sdcc.bnl.gov/alma9.2-gcc-14.2.0/release/release_new/new.10/include/c10:/cvmfs/sphenix.sdcc.bnl.gov/alma9.2-gcc-14.2.0/release/release_new/new.10/include/calovalid:/cvmfs/sphenix.sdcc.bnl.gov/alma9.2-gcc-14.2.0/release/release_new/new.10/include/oneapi:/cvmfs/sphenix.sdcc.bnl.gov/alma9.2-gcc-14.2.0/release/release_new/new.10/include/DDCond:/cvmfs/sphenix.sdcc.bnl.gov/alma9.2-gcc-14.2.0/release/release_new/new.10/include/g4tracking:/cvmfs/sphenix.sdcc.bnl.gov/alma9.2-gcc-14.2.0/release/release_new/new.10/include/litecaloeval:/cvmfs/sphenix.sdcc.bnl.gov/alma9.2-gcc-14.2.0/release/release_new/new.10/include/g4intt:/cvmfs/sphenix.sdcc.bnl.gov/alma9.2-gcc-14.2.0/release/release_new/new.10/include/phool:/cvmfs/sphenix.sdcc.bnl.gov/alma9.2-gcc-14.2.0/release/release_new/new.10/include/boost:/cvmfs/sphenix.sdcc.bnl.gov/alma9.2-gcc-14.2.0/release/release_new/new.10/include/Pythia8Plugins:/cvmfs/sphenix.sdcc.bnl.gov/alma9.2-gcc-14.2.0/release/release_new/new.10/include/calib_emc_pi0:/cvmfs/sphenix.sdcc.bnl.gov/alma9.2-gcc-14.2.0/release/release_new/new.10/include/hijingflipafterburner:/cvmfs/sphenix.sdcc.bnl.gov/alma9.2-gcc-14.2.0/release/release_new/new.10/include/ffaobjects:/cvmfs/sphenix.sdcc.bnl.gov/alma9.2-gcc-14.2.0/release/release_new/new.10/include/EvtGenBase:/cvmfs/sphenix.sdcc.bnl.gov/alma9.2-gcc-14.2.0/release/release_new/new.10/include/flowafterburner:/cvmfs/sphenix.sdcc.bnl.gov/alma9.2-gcc-14.2.0/release/release_new/new.10/include/google:/cvmfs/sphenix.sdcc.bnl.gov/alma9.2-gcc-14.2.0/release/release_new/new.10/include/g4tpc:/cvmfs/sphenix.sdcc.bnl.gov/alma9.2-gcc-14.2.0/release/release_new/new.10/include/caffe2:/cvmfs/sphenix.sdcc.bnl.gov/alma9.2-gcc-14.2.0/release/release_new/new.10/include/EvtGenExternal:/cvmfs/sphenix.sdcc.bnl.gov/alma9.2-gcc-14.2.0/release/release_new/new.10/include/fp16:/cvmfs/sphenix.sdcc.bnl.gov/alma9.2-gcc-14.2.0/release/release_new/new.10/include/ffamodules:/cvmfs/sphenix.sdcc.bnl.gov/alma9.2-gcc-14.2.0/release/release_new/new.10/include/uspin:/cvmfs/sphenix.sdcc.bnl.gov/alma9.2-gcc-14.2.0/release/release_new/new.10/include/Herwig:/cvmfs/sphenix.sdcc.bnl.gov/alma9.2-gcc-14.2.0/release/release_new/new.10/include/genfitexp:/cvmfs/sphenix.sdcc.bnl.gov/alma9.2-gcc-14.2.0/release/release_new/new.10/include/XML:/cvmfs/sphenix.sdcc.bnl.gov/alma9.2-gcc-14.2.0/release/release_new/new.10/include/fbgemm:/cvmfs/sphenix.sdcc.bnl.gov/alma9.2-gcc-14.2.0/release/release_new/new.10/include/DDAlign:/cvmfs/sphenix.sdcc.bnl.gov/alma9.2-gcc-14.2.0/release/release_new/new.10/include/g4mvtx:/cvmfs/sphenix.sdcc.bnl.gov/alma9.2-gcc-14.2.0/release/release_new/new.10/include/kfparticle_sphenix:/cvmfs/sphenix.sdcc.bnl.gov/alma9.2-gcc-14.2.0/release/release_new/new.10/include/fun4all:/cvmfs/sphenix.sdcc.bnl.gov/alma9.2-gcc-14.2.0/release/release_new/new.10/include/intt:/cvmfs/sphenix.sdcc.bnl.gov/alma9.2-gcc-14.2.0/release/release_new/new.10/include/eventdisplay:/cvmfs/sphenix.sdcc.bnl.gov/alma9.2-gcc-14.2.0/release/release_new/new.10/include/EvtGen:/cvmfs/sphenix.sdcc.bnl.gov/alma9.2-gcc-14.2.0/release/release_new/new.10/include/Evaluator:/cvmfs/sphenix.sdcc.bnl.gov/alma9.2-gcc-14.2.0/release/release_new/new.10/include/tpc:/cvmfs/sphenix.sdcc.bnl.gov/alma9.2-gcc-14.2.0/release/release_new/new.10/include/GenFit:/cvmfs/sphenix.sdcc.bnl.gov/alma9.2-gcc-14.2.0/release/release_new/new.10/include/prototype4:/cvmfs/sphenix.sdcc.bnl.gov/alma9.2-gcc-14.2.0/release/release_new/new.10/include/caloembedding:/cvmfs/sphenix.sdcc.bnl.gov/alma9.2-gcc-14.2.0/release/release_new/new.10/include/EvtGenModels:/cvmfs/sphenix.sdcc.bnl.gov/alma9.2-gcc-14.2.0/release/release_new/new.10/include/fastjet:/cvmfs/sphenix.sdcc.bnl.gov/alma9.2-gcc-14.2.0/release/release_new/new.10/include/DDG4:/cvmfs/sphenix.sdcc.bnl.gov/alma9.2-gcc-14.2.0/release/release_new/new.10/include/mbd:/cvmfs/sphenix.sdcc.bnl.gov/alma9.2-gcc-14.2.0/release/release_new/new.10/include/tbb:/cvmfs/sphenix.sdcc.bnl.gov/alma9.2-gcc-14.2.0/release/release_new/new.10/include/phgeom:/cvmfs/sphenix.sdcc.bnl.gov/alma9.2-gcc-14.2.0/release/release_new/new.10/include/g4epd:/cvmfs/sphenix.sdcc.bnl.gov/alma9.2-gcc-14.2.0/release/release_new/new.10/include/oncal:/cvmfs/sphenix.sdcc.bnl.gov/alma9.2-gcc-14.2.0/release/release_new/new.10/include/pybind11:/cvmfs/sphenix.sdcc.bnl.gov/alma9.2-gcc-14.2.0/release/release_new/new.10/include/tpcdistgenerator:/cvmfs/sphenix.sdcc.bnl.gov/alma9.2-gcc-14.2.0/release/release_new/new.10/include/cdbobjects:/cvmfs/sphenix.sdcc.bnl.gov/alma9.2-gcc-14.2.0/release/release_new/new.10/include/g4micromegas:/cvmfs/sphenix.sdcc.bnl.gov/alma9.2-gcc-14.2.0/release/release_new/new.10/include/g4eval:/cvmfs/sphenix.sdcc.bnl.gov/alma9.2-gcc-14.2.0/release/release_new/new.10/include/jetbackground:/cvmfs/sphenix.sdcc.bnl.gov/alma9.2-gcc-14.2.0/release/release_new/new.10/include/micromegas:/cvmfs/sphenix.sdcc.bnl.gov/alma9.2-gcc-14.2.0/release/release_new/new.10/include/hftrackefficiency:/cvmfs/sphenix.sdcc.bnl.gov/alma9.2-gcc-14.2.0/release/release_new/new.10/include/inttrawhitqa:/cvmfs/sphenix.sdcc.bnl.gov/alma9.2-gcc-14.2.0/release/release_new/new.10/include/centrality:/cvmfs/sphenix.sdcc.bnl.gov/alma9.2-gcc-14.2.0/release/release_new/new.10/include/epd:/cvmfs/sphenix.sdcc.bnl.gov/alma9.2-gcc-14.2.0/release/release_new/new.10/include/caloreco:/cvmfs/sphenix.sdcc.bnl.gov/alma9.2-gcc-14.2.0/release/release_new/new.10/include/HepMC:/cvmfs/sphenix.sdcc.bnl.gov/alma9.2-gcc-14.2.0/release/release_new/new.10/include/CLHEP:/cvmfs/sphenix.sdcc.bnl.gov/alma9.2-gcc-14.2.0/release/release_new/new.10/include/Acts:/cvmfs/sphenix.sdcc.bnl.gov/alma9.2-gcc-14.2.0/release/release_new/new.10/include/g4histos:/cvmfs/sphenix.sdcc.bnl.gov/alma9.2-gcc-14.2.0/release/release_new/new.10/include/eventplaneinfo:/cvmfs/sphenix.sdcc.bnl.gov/alma9.2-gcc-14.2.0/release/release_new/new.10/include/fillspacechargemaps:/cvmfs/sphenix.sdcc.bnl.gov/alma9.2-gcc-14.2.0/release/release_new/new.10/include/phhepmc:/cvmfs/sphenix.sdcc.bnl.gov/alma9.2-gcc-14.2.0/release/release_new/new.10/include/trackingqa:/cvmfs/sphenix.sdcc.bnl.gov/alma9.2-gcc-14.2.0/release/release_new/new.10/include/qautils:/cvmfs/sphenix.sdcc.bnl.gov/alma9.2-gcc-14.2.0/release/release_new/new.10/include/trackreco:/cvmfs/sphenix.sdcc.bnl.gov/alma9.2-gcc-14.2.0/release/release_new/new.10/include/g4ohcal:/cvmfs/sphenix.sdcc.bnl.gov/alma9.2-gcc-14.2.0/release/release_new/new.10/include/tpcdvcalib:/cvmfs/sphenix.sdcc.bnl.gov/alma9.2-gcc-14.2.0/release/release_new/new.10/include/zdcinfo:/cvmfs/sphenix.sdcc.bnl.gov/alma9.2-gcc-14.2.0/release/release_new/new.10/include/phpythia8:/cvmfs/sphenix.sdcc.bnl.gov/alma9.2-gcc-14.2.0/release/release_new/new.10/include/fun4allutils:/cvmfs/sphenix.sdcc.bnl.gov/alma9.2-gcc-14.2.0/release/release_new/new.10/include/tpcqa:/cvmfs/sphenix.sdcc.bnl.gov/alma9.2-gcc-14.2.0/release/release_new/new.10/include/Pythia8:/cvmfs/sphenix.sdcc.bnl.gov/alma9.2-gcc-14.2.0/release/release_new/new.10/include/DDRec:/cvmfs/sphenix.sdcc.bnl.gov/alma9.2-gcc-14.2.0/release/release_new/new.10/include/DDDigi:/cvmfs/sphenix.sdcc.bnl.gov/alma9.2-gcc-14.2.0/release/release_new/new.10/include/g4ihcal:/cvmfs/sphenix.sdcc.bnl.gov/alma9.2-gcc-14.2.0/release/release_new/new.10/include/frog:/cvmfs/sphenix.sdcc.bnl.gov/alma9.2-gcc-14.2.0/release/release_new/new.10/include/eigen3:/cvmfs/sphenix.sdcc.bnl.gov/alma9.2-gcc-14.2.0/release/release_new/new.10/include/tensorpipe:/cvmfs/sphenix.sdcc.bnl.gov/alma9.2-gcc-14.2.0/release/release_new/new.10/include/sphenixnpc:/cvmfs/sphenix.sdcc.bnl.gov/alma9.2-gcc-14.2.0/release/release_new/new.10/include/siscone:/cvmfs/sphenix.sdcc.bnl.gov/alma9.2-gcc-14.2.0/release/release_new/new.10/include/pmonitor:/cvmfs/sphenix.sdcc.bnl.gov/alma9.2-gcc-14.2.0/release/release_new/new.10/include/calobase:/cvmfs/sphenix.sdcc.bnl.gov/alma9.2-gcc-14.2.0/release/release_new/new.10/include/ActsExamples:/cvmfs/sphenix.sdcc.bnl.gov/alma9.2-gcc-14.2.0/release/release_new/new.10/include/g4gdml:/cvmfs/sphenix.sdcc.bnl.gov/alma9.2-gcc-14.2.0/release/release_new/new.10/include/mvtx_decoder:/cvmfs/sphenix.sdcc.bnl.gov/alma9.2-gcc-14.2.0/release/release_new/new.10/include/ROOT:/cvmfs/sphenix.sdcc.bnl.gov/alma9.2-gcc-14.2.0/release/release_new/new.10/include/phparameter:/cvmfs/sphenix.sdcc.bnl.gov/alma9.2-gcc-14.2.0/release/release_new/new.10/include/rsa:/cvmfs/sphenix.sdcc.bnl.gov/alma9.2-gcc-14.2.0/release/release_new/new.10/include/fun4allraw:/cvmfs/sphenix.sdcc.bnl.gov/alma9.2-gcc-14.2.0/release/release_new/new.10/include/trackbase_historic:/cvmfs/sphenix.sdcc.bnl.gov/alma9.2-gcc-14.2.0/release/release_new/new.10/include/g4jets:/cvmfs/sphenix.sdcc.bnl.gov/alma9.2-gcc-14.2.0/release/release_new/new.10/include/jetqa:/cvmfs/sphenix.sdcc.bnl.gov/alma9.2-gcc-14.2.0/release/release_new/new.10/include/phoolraw:/cvmfs/sphenix.sdcc.bnl.gov/alma9.2-gcc-14.2.0/release/release_new/new.10/include/g4calo:/cvmfs/sphenix.sdcc.bnl.gov/alma9.2-gcc-14.2.0/release/release_new/new.10/include/mvtxrawhitqa:/cvmfs/sphenix.sdcc.bnl.gov/alma9.2-gcc-14.2.0/release/release_new/new.10/include/HepMC3:/cvmfs/sphenix.sdcc.bnl.gov/alma9.2-gcc-14.2.0/release/release_new/new.10/include/calowaveformsim:/cvmfs/sphenix.sdcc.bnl.gov/alma9.2-gcc-14.2.0/release/release_new/new.10/include/g4caloprototype:/cvmfs/sphenix.sdcc.bnl.gov/alma9.2-gcc-14.2.0/release/release_new/new.10/include/pdbcalbase:/cvmfs/sphenix.sdcc.bnl.gov/alma9.2-gcc-14.2.0/release/release_new/new.10/include/gsl:/cvmfs/sphenix.sdcc.bnl.gov/alma9.2-gcc-14.2.0/release/release_new/new.10/include/nodedump:/cvmfs/sphenix.sdcc.bnl.gov/alma9.2-gcc-14.2.0/release/release_new/new.10/include/emcnoisytowerfinder:/cvmfs/sphenix.sdcc.bnl.gov/alma9.2-gcc-14.2.0/release/release_new/new.10/include/ActsFatras:/cvmfs/sphenix.sdcc.bnl.gov/alma9.2-gcc-14.2.0/release/release_new/new.10/include/ffarawmodules:/cvmfs/sphenix.sdcc.bnl.gov/alma9.2-gcc-14.2.0/release/release_new/new.10/include/Event:/cvmfs/sphenix.sdcc.bnl.gov/alma9.2-gcc-14.2.0/release/release_new/new.10/include/prototype3:/cvmfs/sphenix.sdcc.bnl.gov/alma9.2-gcc-14.2.0/release/release_new/new.10/include/fermimotionafterburner:/cvmfs/sphenix.sdcc.bnl.gov/alma9.2-gcc-14.2.0/release/release_new/new.10/include/Photos:/cvmfs/sphenix.sdcc.bnl.gov/alma9.2-gcc-14.2.0/release/release_new/new.10/include/xingshiftcal:/cvmfs/sphenix.sdcc.bnl.gov/alma9.2-gcc-14.2.0/release/release_new/new.10/include/trackbase:/cvmfs/sphenix.sdcc.bnl.gov/alma9.2-gcc-14.2.0/release/release_new/new.10/include/jetdstskimmer:/cvmfs/sphenix.sdcc.bnl.gov/alma9.2-gcc-14.2.0/release/release_new/new.10/include/clusteriso:/cvmfs/sphenix.sdcc.bnl.gov/alma9.2-gcc-14.2.0/release/release_new/new.10/include/asmjit:/cvmfs/sphenix.sdcc.bnl.gov/alma9.2-gcc-14.2.0/release/release_new/new.10/include/particleflowreco:/cvmfs/sphenix.sdcc.bnl.gov/alma9.2-gcc-14.2.0/release/release_new/new.10/include/tpchittrackdisplay:/cvmfs/sphenix.sdcc.bnl.gov/alma9.2-gcc-14.2.0/release/release_new/new.10/include/caloana:/cvmfs/sphenix.sdcc.bnl.gov/alma9.2-gcc-14.2.0/release/release_new/new.10/include/calotrigger:/cvmfs/sphenix.sdcc.bnl.gov/alma9.2-gcc-14.2.0/release/release_new/new.10/include/nopayloadclient:/cvmfs/sphenix.sdcc.bnl.gov/alma9.2-gcc-14.2.0/release/release_new/new.10/include/trackermillepedealignment:/cvmfs/sphenix.sdcc.bnl.gov/alma9.2-gcc-14.2.0/release/release_new/new.10/include/DD4hep:/cvmfs/sphenix.sdcc.bnl.gov/alma9.2-gcc-14.2.0/release/release_new/new.10/include/g4trackfastsim:/cvmfs/sphenix.sdcc.bnl.gov/alma9.2-gcc-14.2.0/release/release_new/new.10/include/prototype2:/cvmfs/sphenix.sdcc.bnl.gov/alma9.2-gcc-14.2.0/release/release_new/new.10/include/ATen:/cvmfs/sphenix.sdcc.bnl.gov/alma9.2-gcc-14.2.0/release/release_new/new.10/include/g4main:/cvmfs/sphenix.sdcc.bnl.gov/alma9.2-gcc-14.2.0/release/release_new/new.10/include/Tauola:/cvmfs/sphenix.sdcc.bnl.gov/alma9.2-gcc-14.2.0/release/release_new/new.10/include/inttcalib:/cvmfs/sphenix.sdcc.bnl.gov/alma9.2-gcc-14.2.0/release/release_new/new.10/include/reactionplaneafterburner:/cvmfs/sphenix.sdcc.bnl.gov/alma9.2-gcc-14.2.0/release/release_new/new.10/include/globalqa:/cvmfs/sphenix.sdcc.bnl.gov/alma9.2-gcc-14.2.0/release/release_new/new.10/include/tpccalib:/cvmfs/sphenix.sdcc.bnl.gov/alma9.2-gcc-14.2.0/release/release_new/new.10/include/DDSegmentation:/cvmfs/sphenix.sdcc.bnl.gov/alma9.2-gcc-14.2.0/release/release_new/new.10/include/decayfinder:/cvmfs/sphenix.sdcc.bnl.gov/alma9.2-gcc-14.2.0/release/release_new/new.10/include/compressclus:/cvmfs/sphenix.sdcc.bnl.gov/alma9.2-gcc-14.2.0/release/release_new/new.10/include/simqa_modules:/cvmfs/sphenix.sdcc.bnl.gov/alma9.2-gcc-14.2.0/release/release_new/new.10/include/resonancejettagging:/cvmfs/sphenix.sdcc.bnl.gov/alma9.2-gcc-14.2.0/release/release_new/new.10/include/g4centrality:/cvmfs/sphenix.sdcc.bnl.gov/alma9.2-gcc-14.2.0/release/release_new/new.10/include/mvtx:/cvmfs/sphenix.sdcc.bnl.gov/alma9.2-gcc-14.2.0/release/release_new/new.10/include/nlohmann:/cvmfs/sphenix.sdcc.bnl.gov/alma9.2-gcc-14.2.0/release/release_new/new.10/include/localpoloffmon:/cvmfs/sphenix.sdcc.bnl.gov/alma9.2-gcc-14.2.0/release/release_new/new.10/include/DDEve:/cvmfs/sphenix.sdcc.bnl.gov/alma9.2-gcc-14.2.0/release/release_new/new.10/include/Parsers:/cvmfs/sphenix.sdcc.bnl.gov/alma9.2-gcc-14.2.0/release/release_new/new.10/include/trackingdiagnostics:/cvmfs/sphenix.sdcc.bnl.gov/alma9.2-gcc-14.2.0/release/release_new/new.10/include/g4vertex:/cvmfs/sphenix.sdcc.bnl.gov/alma9.2-gcc-14.2.0/release/release_new/new.10/include/jetbase:/cvmfs/sphenix.sdcc.bnl.gov/alma9.2-gcc-14.2.0/release/release_new/new.10/include/globalvertex:/cvmfs/sphenix.sdcc.bnl.gov/alma9.2-gcc-14.2.0/release/release_new/new.10/include/phgenfit:/cvmfs/sphenix.sdcc.bnl.gov/alma9.2-gcc-14.2.0/release/release_new/new.10/include/rawbcolumi:/cvmfs/sphenix.sdcc.bnl.gov/alma9.2-gcc-14.2.0/release/release_new/new.10/include/eicsmear:/cvmfs/sphenix.sdcc.bnl.gov/alma9.2-gcc-14.2.0/release/release_new/new.10/include/mvtxcalib:/cvmfs/sphenix.sdcc.bnl.gov/alma9.2-gcc-14.2.0/release/release_new/new.10/include/tpclinelaserdiode:/cvmfs/sphenix.sdcc.bnl.gov/alma9.2-gcc-14.2.0/release/release_new/new.10/include/hepmcjettrigger:/cvmfs/sphenix.sdcc.bnl.gov/alma9.2-gcc-14.2.0/release/release_new/new.10/include/core:/cvmfs/sphenix.sdcc.bnl.gov/alma9.2-gcc-14.2.0/release/release_new/new.10/include/calo_cdb:/cvmfs/sphenix.sdcc.bnl.gov/alma9.2-gcc-14.2.0/release/release_new/new.10/include/mvtxclustershapesqa:/cvmfs/sphenix.sdcc.bnl.gov/alma9.2-gcc-14.2.0/release/release_new/new.10/include/calopacketskimmer:/cvmfs/sphenix.sdcc.bnl.gov/alma9.2-gcc-14.2.0/opt/sphenix/core/geant4.10.07.p04/include:/cvmfs/sphenix.sdcc.bnl.gov/alma9.2-gcc-14.2.0/release/release_new/new.10/rootmacros:/cvmfs/sphenix.sdcc.bnl.gov/alma9.2-gcc-14.2.0/opt/sphenix/core/include
GSEARCHPATH=.:PG:LUSTRE:RAWDATA
_CONDOR_ANCESTOR_301810=309267:1759352692:473852644
PWD=/gpfs/mnt/gpfs02/sphenix/user/samfred/run25/ppg11/histmaking
LOGNAME=samfred
_CONDOR_JOB_AD=/home/condor/local/sphnx/execute/dir_301810/.job.ad
MANPATH=/cvmfs/sphenix.sdcc.bnl.gov/alma9.2-gcc-14.2.0/opt/sphenix/core/gcc/14.2.0-2f0a0/x86_64-el9/share/man:/cvmfs/sphenix.sdcc.bnl.gov/alma9.2-gcc-14.2.0/opt/sphenix/core/binutils/2.40-acaab/x86_64-el9/share/man:/cvmfs/sphenix.sdcc.bnl.gov/alma9.2-gcc-14.2.0/release/release_new/new.10/share/man:/cvmfs/sphenix.sdcc.bnl.gov/alma9.2-gcc-14.2.0/opt/sphenix/utils/share/man:/cvmfs/sphenix.sdcc.bnl.gov/alma9.2-gcc-14.2.0/opt/sphenix/core/share/man:/cvmfs/sphenix.sdcc.bnl.gov/alma9.2-gcc-14.2.0/opt/sphenix/core/root-6.32.06/man:/usr/local/share/man:/usr/share/man
PYTHIA8=/cvmfs/sphenix.sdcc.bnl.gov/alma9.2-gcc-14.2.0/release/release_new/new.10/share/Pythia8
G4INCLDATA=/cvmfs/sphenix.sdcc.bnl.gov/alma9.2-gcc-14.2.0/opt/sphenix/core/geant4.10.07.p04/share/Geant4-10.7.4/data/G4INCL1.0
ORIG_PATH=/usr/local/bin:/usr/bin
CXX=/cvmfs/sphenix.sdcc.bnl.gov/alma9.2-gcc-14.2.0/opt/sphenix/core/gcc/14.2.0-2f0a0/x86_64-el9/bin/g++
G4LEDATA=/cvmfs/sphenix.sdcc.bnl.gov/alma9.2-gcc-14.2.0/opt/sphenix/core/geant4.10.07.p04/share/Geant4-10.7.4/data/G4EMLOW7.13
PYTHON_CPU_COUNT=1
OPENBLAS_NUM_THREADS=1
_CONDOR_BIN=/usr/bin
HOME=/sphenix/u/samfred
G4PARTICLEXSDATA=/cvmfs/sphenix.sdcc.bnl.gov/alma9.2-gcc-14.2.0/opt/sphenix/core/geant4.10.07.p04/share/Geant4-10.7.4/data/G4PARTICLEXS3.1.1
ONLINE_MAIN=/cvmfs/sphenix.sdcc.bnl.gov/alma9.2-gcc-14.2.0/release/release_new/new.10
CALIBRATIONROOT=/cvmfs/sphenix.sdcc.bnl.gov/alma9.2-gcc-14.2.0/release/release_new/new.10/share/calibrations
TMPDIR=/tmp
_CONDOR_SCRATCH_DIR=/home/condor/local/sphnx/execute/dir_301810
PGUSER=phnxrc
NOPAYLOADCLIENT_CONF=/cvmfs/sphenix.sdcc.bnl.gov/alma9.2-gcc-14.2.0/opt/sphenix/core/etc/sPHENIX_newcdb.json
XERCESCROOT=/cvmfs/sphenix.sdcc.bnl.gov/alma9.2-gcc-14.2.0/opt/sphenix/core/geant4.10.07.p04
LHAPATH=/cvmfs/sphenix.sdcc.bnl.gov/alma9.2-gcc-14.2.0/opt/sphenix/core/lhapdf-5.9.1/share/lhapdf/PDFsets
G4NEUTRONHPDATA=/cvmfs/sphenix.sdcc.bnl.gov/alma9.2-gcc-14.2.0/opt/sphenix/core/geant4.10.07.p04/share/Geant4-10.7.4/data/G4NDL4.6
PYTHONPATH=.:/cvmfs/sphenix.sdcc.bnl.gov/alma9.2-gcc-14.2.0/release/release_new/new.10/lib/python3.13/site-packages:/cvmfs/sphenix.sdcc.bnl.gov/alma9.2-gcc-14.2.0/opt/sphenix/core/lib/python3.13/site-packages:/cvmfs/sphenix.sdcc.bnl.gov/alma9.2-gcc-14.2.0/opt/sphenix/core/root-6.32.06/lib
USER=samfred
_CONDOR_JOB_PIDS=
TEMP=/tmp
_CONDOR_ANCESTOR_299925=301810:1759352692:330626004
GOMAXPROCS=1
OFFLINE_MAIN=/cvmfs/sphenix.sdcc.bnl.gov/alma9.2-gcc-14.2.0/release/release_new/new.10
SHLVL=1
TF_NUM_THREADS=1
G4SAIDXSDATA=/cvmfs/sphenix.sdcc.bnl.gov/alma9.2-gcc-14.2.0/opt/sphenix/core/geant4.10.07.p04/share/Geant4-10.7.4/data/G4SAIDDATA2.0
APPTAINER_CACHEDIR=/home/condor/local/sphnx/execute/dir_301810
ROOTSYS=/cvmfs/sphenix.sdcc.bnl.gov/alma9.2-gcc-14.2.0/opt/sphenix/core/root-6.32.06
BATCH_SYSTEM=HTCondor
_CONDOR_SLOT=slot1_16
LD_LIBRARY_PATH=/sphenix/user/samfred/run25/install//lib:/cvmfs/sphenix.sdcc.bnl.gov/alma9.2-gcc-14.2.0/opt/sphenix/core/gcc/14.2.0-2f0a0/x86_64-el9/lib:/cvmfs/sphenix.sdcc.bnl.gov/alma9.2-gcc-14.2.0/opt/sphenix/core/gcc/14.2.0-2f0a0/x86_64-el9/lib64:/cvmfs/sphenix.sdcc.bnl.gov/alma9.2-gcc-14.2.0/opt/sphenix/core/binutils/2.40-acaab/x86_64-el9/lib:.:/cvmfs/sphenix.sdcc.bnl.gov/alma9.2-gcc-14.2.0/release/release_new/new.10/lib64:/cvmfs/sphenix.sdcc.bnl.gov/alma9.2-gcc-14.2.0/release/release_new/new.10/lib:/cvmfs/sphenix.sdcc.bnl.gov/alma9.2-gcc-14.2.0/opt/sphenix/utils/lib:/cvmfs/sphenix.sdcc.bnl.gov/alma9.2-gcc-14.2.0/opt/sphenix/core/lib:/cvmfs/sphenix.sdcc.bnl.gov/alma9.2-gcc-14.2.0/opt/sphenix/core/root-6.32.06/lib:/cvmfs/sphenix.sdcc.bnl.gov/alma9.2-gcc-14.2.0/opt/sphenix/core/geant4.10.07.p04/lib64:/cvmfs/sphenix.sdcc.bnl.gov/alma9.2-gcc-14.2.0/opt/sphenix/core/lhapdf-5.9.1/lib:/usr/local/lib64:/usr/lib64
OPT_SPHENIX=/cvmfs/sphenix.sdcc.bnl.gov/alma9.2-gcc-14.2.0/opt/sphenix/core
TF_LOOP_PARALLEL_ITERATIONS=1
EVT_LIB=/cvmfs/sphenix.sdcc.bnl.gov/alma9.2-gcc-14.2.0/opt/sphenix/core/root-6.32.06/lib
PGHOST=sphnxdbmaster.sdcc.bnl.gov
OMP_NUM_THREADS=1
G4REALSURFACEDATA=/cvmfs/sphenix.sdcc.bnl.gov/alma9.2-gcc-14.2.0/opt/sphenix/core/geant4.10.07.p04/share/Geant4-10.7.4/data/RealSurface2.2
FC=/cvmfs/sphenix.sdcc.bnl.gov/alma9.2-gcc-14.2.0/opt/sphenix/core/gcc/14.2.0-2f0a0/x86_64-el9/bin/gfortran
G4ABLADATA=/cvmfs/sphenix.sdcc.bnl.gov/alma9.2-gcc-14.2.0/opt/sphenix/core/geant4.10.07.p04/share/Geant4-10.7.4/data/G4ABLA3.1
PARASOFT=doesnotexist
TMP=/tmp
OPT_UTILS=/cvmfs/sphenix.sdcc.bnl.gov/alma9.2-gcc-14.2.0/opt/sphenix/utils
CONFIG_SITE=/cvmfs/sphenix.sdcc.bnl.gov/alma9.2-gcc-14.2.0/opt/sphenix/core/etc/config.site
PATH=/sphenix/user/samfred/run25/install//bin:/cvmfs/sphenix.sdcc.bnl.gov/alma9.2-gcc-14.2.0/opt/sphenix/core/gcc/14.2.0-2f0a0/x86_64-el9/bin:/cvmfs/sphenix.sdcc.bnl.gov/alma9.2-gcc-14.2.0/opt/sphenix/core/binutils/2.40-acaab/x86_64-el9/bin:.:/cvmfs/sphenix.sdcc.bnl.gov/alma9.2-gcc-14.2.0/release/release_new/new.10/bin:/cvmfs/sphenix.sdcc.bnl.gov/alma9.2-gcc-14.2.0/opt/sphenix/utils/bin:/cvmfs/sphenix.sdcc.bnl.gov/alma9.2-gcc-14.2.0/opt/sphenix/core/bin:/cvmfs/sphenix.sdcc.bnl.gov/alma9.2-gcc-14.2.0/opt/sphenix/core/root-6.32.06/bin:/cvmfs/sphenix.sdcc.bnl.gov/alma9.2-gcc-14.2.0/opt/sphenix/core/geant4.10.07.p04/bin:/usr/local/bin:/usr/bin:/usr/local/sbin:/usr/sbin
G4LEVELGAMMADATA=/cvmfs/sphenix.sdcc.bnl.gov/alma9.2-gcc-14.2.0/opt/sphenix/core/geant4.10.07.p04/share/Geant4-10.7.4/data/PhotonEvaporation5.7
CC=/cvmfs/sphenix.sdcc.bnl.gov/alma9.2-gcc-14.2.0/opt/sphenix/core/gcc/14.2.0-2f0a0/x86_64-el9/bin/gcc
G4RADIOACTIVEDATA=/cvmfs/sphenix.sdcc.bnl.gov/alma9.2-gcc-14.2.0/opt/sphenix/core/geant4.10.07.p04/share/Geant4-10.7.4/data/RadioactiveDecay5.6
JULIA_NUM_THREADS=1
MKL_NUM_THREADS=1
LHAPDF_DATA_PATH=/cvmfs/sphenix.sdcc.bnl.gov/alma9.2-gcc-14.2.0/release/release_new/new.10/share/LHAPDF
XPLOAD_CONFIG_DIR=/cvmfs/sphenix.sdcc.bnl.gov/alma9.2-gcc-14.2.0/opt/sphenix/core/etc
OLDPWD=/cvmfs/sphenix.sdcc.bnl.gov/alma9.2-gcc-14.2.0/release/release_new/new.10/geant4
_CONDOR_ANCESTOR_299890=299925:1756523319:3688788491
_=/usr/bin/printenv
runnumber...
48828
trigger...

   ------------------------------------------------------------------
  | Welcome to ROOT 6.32.06                        https://root.cern |
  | (c) 1995-2024, The ROOT Team; conception: R. Brun, F. Rademakers |
  | Built for linuxx8664gcc on Dec 13 2024, 17:23:48                 |
  | From tags/6-32-06@6-32-06                                        |
  | With g++ (GCC) 14.2.0                                            |
  | Try '.help'/'.?', '.demo', '.license', '.credits', '.quit'/'.q'  |
   ------------------------------------------------------------------


Processing data_histmaker.C(48828)...
entry 0/17301707 (0%)
entry 5000/17301707 (0.0288989%)
entry 15000/17301707 (0.0866966%)
entry 16000/17301707 (0.0924764%)
entry 17000/17301707 (0.0982562%)
entry 18000/17301707 (0.104036%)
entry 19000/17301707 (0.109816%)
entry 22000/17301707 (0.127155%)
entry 27000/17301707 (0.156054%)
entry 33000/17301707 (0.190733%)
entry 38000/17301707 (0.219631%)
entry 39000/17301707 (0.225411%)
entry 42000/17301707 (0.242751%)
entry 43000/17301707 (0.24853%)
entry 51000/17301707 (0.294769%)
entry 57000/17301707 (0.329447%)
entry 63000/17301707 (0.364126%)
entry 64000/17301707 (0.369906%)
entry 69000/17301707 (0.398805%)
entry 71000/17301707 (0.410364%)
entry 77000/17301707 (0.445043%)
entry 78000/17301707 (0.450823%)
entry 81000/17301707 (0.468162%)
entry 82000/17301707 (0.473942%)
entry 83000/17301707 (0.479721%)
entry 87000/17301707 (0.502841%)
entry 97000/17301707 (0.560638%)
entry 102000/17301707 (0.589537%)
entry 109000/17301707 (0.629996%)
entry 115000/17301707 (0.664674%)
entry 119000/17301707 (0.687793%)
entry 121000/17301707 (0.699353%)
entry 122000/17301707 (0.705133%)
entry 130000/17301707 (0.751371%)
entry 133000/17301707 (0.76871%)
entry 134000/17301707 (0.77449%)
entry 135000/17301707 (0.78027%)
entry 138000/17301707 (0.797609%)
entry 140000/17301707 (0.809169%)
entry 144000/17301707 (0.832288%)
entry 145000/17301707 (0.838068%)
entry 148000/17301707 (0.855407%)
entry 149000/17301707 (0.861187%)
entry 152000/17301707 (0.878526%)
entry 153000/17301707 (0.884306%)
entry 157000/17301707 (0.907425%)
entry 159000/17301707 (0.918984%)
entry 163000/17301707 (0.942104%)
entry 164000/17301707 (0.947883%)
entry 165000/17301707 (0.953663%)
entry 166000/17301707 (0.959443%)
entry 170000/17301707 (0.982562%)
entry 174000/17301707 (1.00568%)
entry 178000/17301707 (1.0288%)
entry 181000/17301707 (1.04614%)
entry 186000/17301707 (1.07504%)
entry 192000/17301707 (1.10972%)
entry 194000/17301707 (1.12128%)
entry 195000/17301707 (1.12706%)
entry 197000/17301707 (1.13862%)
entry 198000/17301707 (1.1444%)
entry 199000/17301707 (1.15018%)
entry 200000/17301707 (1.15596%)
entry 201000/17301707 (1.16174%)
entry 203000/17301707 (1.17329%)
entry 204000/17301707 (1.17907%)
entry 205000/17301707 (1.18485%)
entry 209000/17301707 (1.20797%)
entry 218000/17301707 (1.25999%)
entry 231000/17301707 (1.33513%)
entry 238000/17301707 (1.37559%)
entry 239000/17301707 (1.38137%)
entry 242000/17301707 (1.39871%)
entry 243000/17301707 (1.40449%)
entry 244000/17301707 (1.41027%)
entry 245000/17301707 (1.41605%)
entry 247000/17301707 (1.4276%)
entry 254000/17301707 (1.46806%)
entry 255000/17301707 (1.47384%)
entry 256000/17301707 (1.47962%)
entry 258000/17301707 (1.49118%)
entry 259000/17301707 (1.49696%)
entry 261000/17301707 (1.50852%)
entry 262000/17301707 (1.5143%)
entry 267000/17301707 (1.5432%)
entry 270000/17301707 (1.56054%)
entry 271000/17301707 (1.56632%)
entry 273000/17301707 (1.57788%)
entry 277000/17301707 (1.601%)
entry 280000/17301707 (1.61834%)
entry 282000/17301707 (1.6299%)
entry 285000/17301707 (1.64724%)
entry 286000/17301707 (1.65302%)
entry 288000/17301707 (1.66458%)
entry 292000/17301707 (1.68769%)
entry 296000/17301707 (1.71081%)
entry 297000/17301707 (1.71659%)
entry 298000/17301707 (1.72237%)
entry 300000/17301707 (1.73393%)
entry 303000/17301707 (1.75127%)
entry 307000/17301707 (1.77439%)
entry 310000/17301707 (1.79173%)
entry 315000/17301707 (1.82063%)
entry 318000/17301707 (1.83797%)
entry 319000/17301707 (1.84375%)
entry 321000/17301707 (1.85531%)
entry 322000/17301707 (1.86109%)
entry 332000/17301707 (1.91889%)
entry 339000/17301707 (1.95934%)
entry 340000/17301707 (1.96512%)
entry 341000/17301707 (1.9709%)
entry 342000/17301707 (1.97668%)
entry 344000/17301707 (1.98824%)
entry 346000/17301707 (1.9998%)
entry 349000/17301707 (2.01714%)
entry 352000/17301707 (2.03448%)
entry 354000/17301707 (2.04604%)
entry 355000/17301707 (2.05182%)
entry 357000/17301707 (2.06338%)
entry 362000/17301707 (2.09228%)
entry 363000/17301707 (2.09806%)
entry 365000/17301707 (2.10962%)
entry 369000/17301707 (2.13274%)
entry 370000/17301707 (2.13852%)
entry 376000/17301707 (2.1732%)
entry 384000/17301707 (2.21943%)
entry 386000/17301707 (2.23099%)
entry 387000/17301707 (2.23677%)
entry 388000/17301707 (2.24255%)
entry 390000/17301707 (2.25411%)
entry 394000/17301707 (2.27723%)
entry 396000/17301707 (2.28879%)
entry 401000/17301707 (2.31769%)
entry 402000/17301707 (2.32347%)
entry 403000/17301707 (2.32925%)
entry 404000/17301707 (2.33503%)
entry 408000/17301707 (2.35815%)
entry 414000/17301707 (2.39283%)
entry 416000/17301707 (2.40439%)
entry 419000/17301707 (2.42173%)
entry 423000/17301707 (2.44485%)
entry 424000/17301707 (2.45063%)
entry 426000/17301707 (2.46218%)
entry 427000/17301707 (2.46796%)
entry 430000/17301707 (2.4853%)
entry 431000/17301707 (2.49108%)
entry 432000/17301707 (2.49686%)
entry 436000/17301707 (2.51998%)
entry 438000/17301707 (2.53154%)
entry 442000/17301707 (2.55466%)
entry 444000/17301707 (2.56622%)
entry 446000/17301707 (2.57778%)
entry 449000/17301707 (2.59512%)
entry 450000/17301707 (2.6009%)
entry 452000/17301707 (2.61246%)
entry 455000/17301707 (2.6298%)
entry 464000/17301707 (2.68182%)
entry 467000/17301707 (2.69916%)
entry 468000/17301707 (2.70494%)
entry 470000/17301707 (2.71649%)
entry 471000/17301707 (2.72227%)
entry 473000/17301707 (2.73383%)
entry 476000/17301707 (2.75117%)
entry 478000/17301707 (2.76273%)
entry 480000/17301707 (2.77429%)
entry 485000/17301707 (2.80319%)
entry 488000/17301707 (2.82053%)
entry 490000/17301707 (2.83209%)
entry 499000/17301707 (2.88411%)
entry 500000/17301707 (2.88989%)
entry 505000/17301707 (2.91879%)
entry 508000/17301707 (2.93613%)
entry 511000/17301707 (2.95347%)
entry 512000/17301707 (2.95925%)
entry 514000/17301707 (2.97081%)
entry 515000/17301707 (2.97658%)
entry 516000/17301707 (2.98236%)
entry 517000/17301707 (2.98814%)
entry 518000/17301707 (2.99392%)
entry 522000/17301707 (3.01704%)
entry 523000/17301707 (3.02282%)
entry 529000/17301707 (3.0575%)
entry 531000/17301707 (3.06906%)
entry 533000/17301707 (3.08062%)
entry 536000/17301707 (3.09796%)
entry 538000/17301707 (3.10952%)
entry 543000/17301707 (3.13842%)
entry 544000/17301707 (3.1442%)
entry 550000/17301707 (3.17888%)
entry 554000/17301707 (3.202%)
entry 558000/17301707 (3.22511%)
entry 560000/17301707 (3.23667%)
entry 563000/17301707 (3.25401%)
entry 566000/17301707 (3.27135%)
entry 567000/17301707 (3.27713%)
entry 572000/17301707 (3.30603%)
entry 573000/17301707 (3.31181%)
entry 574000/17301707 (3.31759%)
entry 576000/17301707 (3.32915%)
entry 583000/17301707 (3.36961%)
entry 584000/17301707 (3.37539%)
entry 585000/17301707 (3.38117%)
entry 586000/17301707 (3.38695%)
entry 588000/17301707 (3.39851%)
entry 590000/17301707 (3.41007%)
entry 591000/17301707 (3.41585%)
entry 595000/17301707 (3.43897%)
entry 599000/17301707 (3.46209%)
entry 605000/17301707 (3.49676%)
entry 606000/17301707 (3.50254%)
entry 609000/17301707 (3.51988%)
entry 611000/17301707 (3.53144%)
entry 612000/17301707 (3.53722%)
entry 615000/17301707 (3.55456%)
entry 616000/17301707 (3.56034%)
entry 617000/17301707 (3.56612%)
entry 618000/17301707 (3.5719%)
entry 619000/17301707 (3.57768%)
entry 621000/17301707 (3.58924%)
entry 625000/17301707 (3.61236%)
entry 626000/17301707 (3.61814%)
entry 631000/17301707 (3.64704%)
entry 634000/17301707 (3.66438%)
entry 642000/17301707 (3.71062%)
entry 645000/17301707 (3.72796%)
entry 648000/17301707 (3.7453%)
entry 650000/17301707 (3.75685%)
entry 661000/17301707 (3.82043%)
entry 662000/17301707 (3.82621%)
entry 664000/17301707 (3.83777%)
entry 668000/17301707 (3.86089%)
entry 671000/17301707 (3.87823%)
entry 675000/17301707 (3.90135%)
entry 676000/17301707 (3.90713%)
entry 677000/17301707 (3.91291%)
entry 682000/17301707 (3.94181%)
entry 689000/17301707 (3.98227%)
entry 691000/17301707 (3.99383%)
entry 695000/17301707 (4.01694%)
entry 697000/17301707 (4.0285%)
entry 700000/17301707 (4.04584%)
entry 701000/17301707 (4.05162%)
entry 702000/17301707 (4.0574%)
entry 703000/17301707 (4.06318%)
entry 704000/17301707 (4.06896%)
entry 706000/17301707 (4.08052%)
entry 710000/17301707 (4.10364%)
entry 711000/17301707 (4.10942%)
entry 712000/17301707 (4.1152%)
entry 713000/17301707 (4.12098%)
entry 714000/17301707 (4.12676%)
entry 721000/17301707 (4.16722%)
entry 722000/17301707 (4.173%)
entry 727000/17301707 (4.2019%)
entry 728000/17301707 (4.20768%)
entry 729000/17301707 (4.21346%)
entry 731000/17301707 (4.22502%)
entry 733000/17301707 (4.23658%)
entry 738000/17301707 (4.26547%)
entry 740000/17301707 (4.27703%)
entry 746000/17301707 (4.31171%)
entry 749000/17301707 (4.32905%)
entry 750000/17301707 (4.33483%)
entry 754000/17301707 (4.35795%)
entry 756000/17301707 (4.36951%)
entry 761000/17301707 (4.39841%)
entry 762000/17301707 (4.40419%)
entry 767000/17301707 (4.43309%)
entry 770000/17301707 (4.45043%)
entry 778000/17301707 (4.49667%)
entry 779000/17301707 (4.50245%)
entry 786000/17301707 (4.5429%)
entry 787000/17301707 (4.54868%)
entry 789000/17301707 (4.56024%)
entry 791000/17301707 (4.5718%)
entry 794000/17301707 (4.58914%)
entry 797000/17301707 (4.60648%)
entry 800000/17301707 (4.62382%)
entry 801000/17301707 (4.6296%)
entry 805000/17301707 (4.65272%)
entry 809000/17301707 (4.67584%)
entry 811000/17301707 (4.6874%)
entry 816000/17301707 (4.7163%)
entry 820000/17301707 (4.73942%)
entry 824000/17301707 (4.76254%)
entry 825000/17301707 (4.76832%)
entry 829000/17301707 (4.79143%)
entry 830000/17301707 (4.79721%)
entry 840000/17301707 (4.85501%)
entry 842000/17301707 (4.86657%)
entry 843000/17301707 (4.87235%)
entry 844000/17301707 (4.87813%)
entry 845000/17301707 (4.88391%)
entry 848000/17301707 (4.90125%)
entry 853000/17301707 (4.93015%)
entry 855000/17301707 (4.94171%)
entry 856000/17301707 (4.94749%)
entry 859000/17301707 (4.96483%)
entry 862000/17301707 (4.98217%)
entry 865000/17301707 (4.99951%)
entry 868000/17301707 (5.01685%)
entry 869000/17301707 (5.02263%)
entry 875000/17301707 (5.0573%)
entry 876000/17301707 (5.06308%)
entry 878000/17301707 (5.07464%)
entry 879000/17301707 (5.08042%)
entry 881000/17301707 (5.09198%)
entry 882000/17301707 (5.09776%)
entry 883000/17301707 (5.10354%)
entry 885000/17301707 (5.1151%)
entry 888000/17301707 (5.13244%)
entry 889000/17301707 (5.13822%)
entry 896000/17301707 (5.17868%)
entry 903000/17301707 (5.21914%)
entry 912000/17301707 (5.27116%)
entry 915000/17301707 (5.2885%)
entry 918000/17301707 (5.30583%)
entry 919000/17301707 (5.31161%)
entry 922000/17301707 (5.32895%)
entry 926000/17301707 (5.35207%)
entry 927000/17301707 (5.35785%)
entry 929000/17301707 (5.36941%)
entry 930000/17301707 (5.37519%)
entry 931000/17301707 (5.38097%)
entry 932000/17301707 (5.38675%)
entry 934000/17301707 (5.39831%)
entry 936000/17301707 (5.40987%)
entry 937000/17301707 (5.41565%)
entry 938000/17301707 (5.42143%)
entry 940000/17301707 (5.43299%)
entry 941000/17301707 (5.43877%)
entry 949000/17301707 (5.48501%)
entry 953000/17301707 (5.50813%)
entry 956000/17301707 (5.52547%)
entry 958000/17301707 (5.53703%)
entry 960000/17301707 (5.54859%)
entry 961000/17301707 (5.55436%)
entry 962000/17301707 (5.56014%)
entry 966000/17301707 (5.58326%)
entry 972000/17301707 (5.61794%)
entry 973000/17301707 (5.62372%)
entry 980000/17301707 (5.66418%)
entry 983000/17301707 (5.68152%)
entry 984000/17301707 (5.6873%)
entry 986000/17301707 (5.69886%)
entry 991000/17301707 (5.72776%)
entry 992000/17301707 (5.73354%)
entry 994000/17301707 (5.7451%)
entry 995000/17301707 (5.75088%)
entry 997000/17301707 (5.76244%)
entry 1001000/17301707 (5.78556%)
entry 1002000/17301707 (5.79134%)
entry 1008000/17301707 (5.82601%)
entry 1011000/17301707 (5.84335%)
entry 1015000/17301707 (5.86647%)
entry 1021000/17301707 (5.90115%)
entry 1022000/17301707 (5.90693%)
entry 1023000/17301707 (5.91271%)
entry 1024000/17301707 (5.91849%)
entry 1026000/17301707 (5.93005%)
entry 1031000/17301707 (5.95895%)
entry 1033000/17301707 (5.97051%)
entry 1035000/17301707 (5.98207%)
entry 1039000/17301707 (6.00519%)
entry 1040000/17301707 (6.01097%)
entry 1042000/17301707 (6.02253%)
entry 1043000/17301707 (6.02831%)
entry 1056000/17301707 (6.10344%)
entry 1057000/17301707 (6.10922%)
entry 1062000/17301707 (6.13812%)
entry 1063000/17301707 (6.1439%)
entry 1066000/17301707 (6.16124%)
entry 1067000/17301707 (6.16702%)
entry 1069000/17301707 (6.17858%)
entry 1070000/17301707 (6.18436%)
entry 1071000/17301707 (6.19014%)
entry 1073000/17301707 (6.2017%)
entry 1080000/17301707 (6.24216%)
entry 1081000/17301707 (6.24794%)
entry 1082000/17301707 (6.25372%)
entry 1084000/17301707 (6.26528%)
entry 1085000/17301707 (6.27106%)
entry 1086000/17301707 (6.27684%)
entry 1090000/17301707 (6.29996%)
entry 1091000/17301707 (6.30574%)
entry 1094000/17301707 (6.32308%)
entry 1097000/17301707 (6.34041%)
entry 1101000/17301707 (6.36353%)
entry 1104000/17301707 (6.38087%)
entry 1105000/17301707 (6.38665%)
entry 1110000/17301707 (6.41555%)
entry 1113000/17301707 (6.43289%)
entry 1114000/17301707 (6.43867%)
entry 1115000/17301707 (6.44445%)
entry 1119000/17301707 (6.46757%)
entry 1120000/17301707 (6.47335%)
entry 1121000/17301707 (6.47913%)
entry 1123000/17301707 (6.49069%)
entry 1126000/17301707 (6.50803%)
entry 1127000/17301707 (6.51381%)
entry 1128000/17301707 (6.51959%)
entry 1129000/17301707 (6.52537%)
entry 1132000/17301707 (6.54271%)
entry 1133000/17301707 (6.54849%)
entry 1135000/17301707 (6.56005%)
entry 1138000/17301707 (6.57739%)
entry 1142000/17301707 (6.6005%)
entry 1144000/17301707 (6.61206%)
entry 1148000/17301707 (6.63518%)
entry 1149000/17301707 (6.64096%)
entry 1150000/17301707 (6.64674%)
entry 1157000/17301707 (6.6872%)
entry 1158000/17301707 (6.69298%)
entry 1160000/17301707 (6.70454%)
entry 1162000/17301707 (6.7161%)
entry 1164000/17301707 (6.72766%)
entry 1166000/17301707 (6.73922%)
entry 1167000/17301707 (6.745%)
entry 1170000/17301707 (6.76234%)
entry 1172000/17301707 (6.7739%)
entry 1177000/17301707 (6.8028%)
entry 1180000/17301707 (6.82014%)
entry 1181000/17301707 (6.82592%)
entry 1182000/17301707 (6.8317%)
entry 1183000/17301707 (6.83748%)
entry 1184000/17301707 (6.84325%)
entry 1188000/17301707 (6.86637%)
entry 1192000/17301707 (6.88949%)
entry 1197000/17301707 (6.91839%)
entry 1200000/17301707 (6.93573%)
entry 1203000/17301707 (6.95307%)
entry 1207000/17301707 (6.97619%)
entry 1209000/17301707 (6.98775%)
entry 1213000/17301707 (7.01087%)
entry 1214000/17301707 (7.01665%)
entry 1216000/17301707 (7.02821%)
entry 1217000/17301707 (7.03399%)
entry 1221000/17301707 (7.05711%)
entry 1226000/17301707 (7.08601%)
entry 1233000/17301707 (7.12646%)
entry 1236000/17301707 (7.1438%)
entry 1237000/17301707 (7.14958%)
entry 1243000/17301707 (7.18426%)
entry 1244000/17301707 (7.19004%)
entry 1246000/17301707 (7.2016%)
entry 1247000/17301707 (7.20738%)
entry 1248000/17301707 (7.21316%)
entry 1249000/17301707 (7.21894%)
entry 1255000/17301707 (7.25362%)
entry 1256000/17301707 (7.2594%)
entry 1257000/17301707 (7.26518%)
entry 1260000/17301707 (7.28252%)
entry 1263000/17301707 (7.29986%)
entry 1264000/17301707 (7.30564%)
entry 1268000/17301707 (7.32876%)
entry 1271000/17301707 (7.3461%)
entry 1274000/17301707 (7.36343%)
entry 1279000/17301707 (7.39233%)
entry 1282000/17301707 (7.40967%)
entry 1290000/17301707 (7.45591%)
entry 1293000/17301707 (7.47325%)
entry 1299000/17301707 (7.50793%)
entry 1303000/17301707 (7.53105%)
entry 1304000/17301707 (7.53683%)
entry 1306000/17301707 (7.54839%)
entry 1307000/17301707 (7.55417%)
entry 1308000/17301707 (7.55995%)
entry 1311000/17301707 (7.57729%)
entry 1312000/17301707 (7.58307%)
entry 1314000/17301707 (7.59463%)
entry 1316000/17301707 (7.60619%)
entry 1317000/17301707 (7.61197%)
entry 1320000/17301707 (7.6293%)
entry 1321000/17301707 (7.63508%)
entry 1323000/17301707 (7.64664%)
entry 1324000/17301707 (7.65242%)
entry 1327000/17301707 (7.66976%)
entry 1329000/17301707 (7.68132%)
entry 1330000/17301707 (7.6871%)
entry 1331000/17301707 (7.69288%)
entry 1332000/17301707 (7.69866%)
entry 1338000/17301707 (7.73334%)
entry 1342000/17301707 (7.75646%)
entry 1343000/17301707 (7.76224%)
entry 1344000/17301707 (7.76802%)
entry 1349000/17301707 (7.79692%)
entry 1350000/17301707 (7.8027%)
entry 1351000/17301707 (7.80848%)
entry 1352000/17301707 (7.81426%)
entry 1353000/17301707 (7.82004%)
entry 1355000/17301707 (7.8316%)
entry 1356000/17301707 (7.83738%)
entry 1362000/17301707 (7.87206%)
entry 1364000/17301707 (7.88362%)
entry 1367000/17301707 (7.90095%)
entry 1368000/17301707 (7.90673%)
entry 1370000/17301707 (7.91829%)
entry 1372000/17301707 (7.92985%)
entry 1373000/17301707 (7.93563%)
entry 1375000/17301707 (7.94719%)
entry 1376000/17301707 (7.95297%)
entry 1377000/17301707 (7.95875%)
entry 1380000/17301707 (7.97609%)
entry 1382000/17301707 (7.98765%)
entry 1384000/17301707 (7.99921%)
entry 1385000/17301707 (8.00499%)
entry 1386000/17301707 (8.01077%)
entry 1393000/17301707 (8.05123%)
entry 1395000/17301707 (8.06279%)
entry 1398000/17301707 (8.08013%)
entry 1400000/17301707 (8.09169%)
entry 1401000/17301707 (8.09747%)
entry 1409000/17301707 (8.1437%)
entry 1413000/17301707 (8.16682%)
entry 1419000/17301707 (8.2015%)
entry 1420000/17301707 (8.20728%)
entry 1423000/17301707 (8.22462%)
entry 1424000/17301707 (8.2304%)
entry 1432000/17301707 (8.27664%)
entry 1433000/17301707 (8.28242%)
entry 1434000/17301707 (8.2882%)
entry 1437000/17301707 (8.30554%)
entry 1438000/17301707 (8.31132%)
entry 1440000/17301707 (8.32288%)
entry 1441000/17301707 (8.32866%)
entry 1443000/17301707 (8.34022%)
entry 1448000/17301707 (8.36912%)
entry 1449000/17301707 (8.3749%)
entry 1454000/17301707 (8.40379%)
entry 1455000/17301707 (8.40957%)
entry 1457000/17301707 (8.42113%)
entry 1458000/17301707 (8.42691%)
entry 1460000/17301707 (8.43847%)
entry 1461000/17301707 (8.44425%)
entry 1466000/17301707 (8.47315%)
entry 1467000/17301707 (8.47893%)
entry 1468000/17301707 (8.48471%)
entry 1474000/17301707 (8.51939%)
entry 1481000/17301707 (8.55985%)
entry 1482000/17301707 (8.56563%)
entry 1484000/17301707 (8.57719%)
entry 1485000/17301707 (8.58297%)
entry 1486000/17301707 (8.58875%)
entry 1487000/17301707 (8.59453%)
entry 1490000/17301707 (8.61187%)
entry 1491000/17301707 (8.61765%)
entry 1493000/17301707 (8.62921%)
entry 1496000/17301707 (8.64654%)
entry 1499000/17301707 (8.66388%)
entry 1500000/17301707 (8.66966%)
entry 1506000/17301707 (8.70434%)
entry 1514000/17301707 (8.75058%)
entry 1516000/17301707 (8.76214%)
entry 1517000/17301707 (8.76792%)
entry 1523000/17301707 (8.8026%)
entry 1524000/17301707 (8.80838%)
entry 1526000/17301707 (8.81994%)
entry 1527000/17301707 (8.82572%)
entry 1530000/17301707 (8.84306%)
entry 1531000/17301707 (8.84884%)
entry 1532000/17301707 (8.85462%)
entry 1533000/17301707 (8.8604%)
entry 1547000/17301707 (8.94131%)
entry 1550000/17301707 (8.95865%)
entry 1554000/17301707 (8.98177%)
entry 1555000/17301707 (8.98755%)
entry 1556000/17301707 (8.99333%)
entry 1560000/17301707 (9.01645%)
entry 1561000/17301707 (9.02223%)
entry 1562000/17301707 (9.02801%)
entry 1571000/17301707 (9.08003%)
entry 1574000/17301707 (9.09737%)
entry 1575000/17301707 (9.10315%)
entry 1576000/17301707 (9.10893%)
entry 1577000/17301707 (9.11471%)
entry 1579000/17301707 (9.12627%)
entry 1580000/17301707 (9.13205%)
entry 1584000/17301707 (9.15517%)
entry 1587000/17301707 (9.17251%)
entry 1588000/17301707 (9.17828%)
entry 1589000/17301707 (9.18406%)
entry 1590000/17301707 (9.18984%)
entry 1594000/17301707 (9.21296%)
entry 1597000/17301707 (9.2303%)
entry 1599000/17301707 (9.24186%)
entry 1600000/17301707 (9.24764%)
entry 1606000/17301707 (9.28232%)
entry 1608000/17301707 (9.29388%)
entry 1613000/17301707 (9.32278%)
entry 1614000/17301707 (9.32856%)
entry 1615000/17301707 (9.33434%)
entry 1617000/17301707 (9.3459%)
entry 1619000/17301707 (9.35746%)
entry 1625000/17301707 (9.39214%)
entry 1627000/17301707 (9.4037%)
entry 1630000/17301707 (9.42103%)
entry 1633000/17301707 (9.43837%)
entry 1635000/17301707 (9.44993%)
entry 1640000/17301707 (9.47883%)
entry 1641000/17301707 (9.48461%)
entry 1648000/17301707 (9.52507%)
entry 1649000/17301707 (9.53085%)
entry 1653000/17301707 (9.55397%)
entry 1654000/17301707 (9.55975%)
entry 1656000/17301707 (9.57131%)
entry 1657000/17301707 (9.57709%)
entry 1664000/17301707 (9.61755%)
entry 1667000/17301707 (9.63489%)
entry 1672000/17301707 (9.66379%)
entry 1675000/17301707 (9.68112%)
entry 1676000/17301707 (9.68691%)
entry 1677000/17301707 (9.69268%)
entry 1682000/17301707 (9.72158%)
entry 1686000/17301707 (9.7447%)
entry 1688000/17301707 (9.75626%)
entry 1689000/17301707 (9.76204%)
entry 1692000/17301707 (9.77938%)
entry 1693000/17301707 (9.78516%)
entry 1697000/17301707 (9.80828%)
entry 1698000/17301707 (9.81406%)
entry 1702000/17301707 (9.83718%)
entry 1703000/17301707 (9.84296%)
entry 1705000/17301707 (9.85452%)
entry 1708000/17301707 (9.87186%)
entry 1709000/17301707 (9.87764%)
entry 1711000/17301707 (9.8892%)
entry 1714000/17301707 (9.90654%)
entry 1718000/17301707 (9.92966%)
entry 1719000/17301707 (9.93543%)
entry 1728000/17301707 (9.98745%)
entry 1732000/17301707 (10.0106%)
entry 1733000/17301707 (10.0164%)
entry 1735000/17301707 (10.0279%)
entry 1736000/17301707 (10.0337%)
entry 1738000/17301707 (10.0453%)
entry 1742000/17301707 (10.0684%)
entry 1743000/17301707 (10.0741%)
entry 1746000/17301707 (10.0915%)
entry 1750000/17301707 (10.1146%)
entry 1754000/17301707 (10.1377%)
entry 1755000/17301707 (10.1435%)
entry 1756000/17301707 (10.1493%)
entry 1757000/17301707 (10.1551%)
entry 1771000/17301707 (10.236%)
entry 1773000/17301707 (10.2475%)
entry 1775000/17301707 (10.2591%)
entry 1776000/17301707 (10.2649%)
entry 1777000/17301707 (10.2707%)
entry 1778000/17301707 (10.2764%)
entry 1779000/17301707 (10.2822%)
entry 1782000/17301707 (10.2996%)
entry 1785000/17301707 (10.3169%)
entry 1800000/17301707 (10.4036%)
entry 1806000/17301707 (10.4383%)
entry 1809000/17301707 (10.4556%)
entry 1811000/17301707 (10.4672%)
entry 1814000/17301707 (10.4845%)
entry 1816000/17301707 (10.4961%)
entry 1818000/17301707 (10.5076%)
entry 1819000/17301707 (10.5134%)
entry 1821000/17301707 (10.525%)
entry 1823000/17301707 (10.5365%)
entry 1829000/17301707 (10.5712%)
entry 1830000/17301707 (10.577%)
entry 1833000/17301707 (10.5943%)
entry 1834000/17301707 (10.6001%)
entry 1835000/17301707 (10.6059%)
entry 1836000/17301707 (10.6117%)
entry 1842000/17301707 (10.6463%)
entry 1848000/17301707 (10.681%)
entry 1849000/17301707 (10.6868%)
entry 1852000/17301707 (10.7041%)
entry 1853000/17301707 (10.7099%)
entry 1854000/17301707 (10.7157%)
entry 1857000/17301707 (10.733%)
entry 1864000/17301707 (10.7735%)
entry 1866000/17301707 (10.7851%)
entry 1869000/17301707 (10.8024%)
entry 1879000/17301707 (10.8602%)
entry 1880000/17301707 (10.866%)
entry 1882000/17301707 (10.8775%)
entry 1884000/17301707 (10.8891%)
entry 1894000/17301707 (10.9469%)
entry 1899000/17301707 (10.9758%)
entry 1901000/17301707 (10.9874%)
entry 1903000/17301707 (10.9989%)
entry 1906000/17301707 (11.0163%)
entry 1909000/17301707 (11.0336%)
entry 1911000/17301707 (11.0452%)
entry 1914000/17301707 (11.0625%)
entry 1919000/17301707 (11.0914%)
entry 1920000/17301707 (11.0972%)
entry 1923000/17301707 (11.1145%)
entry 1926000/17301707 (11.1318%)
entry 1928000/17301707 (11.1434%)
entry 1933000/17301707 (11.1723%)
entry 1935000/17301707 (11.1839%)
entry 1939000/17301707 (11.207%)
entry 1949000/17301707 (11.2648%)
entry 1952000/17301707 (11.2821%)
entry 1953000/17301707 (11.2879%)
entry 1954000/17301707 (11.2937%)
entry 1957000/17301707 (11.311%)
entry 1960000/17301707 (11.3284%)
entry 1961000/17301707 (11.3341%)
entry 1963000/17301707 (11.3457%)
entry 1969000/17301707 (11.3804%)
entry 1971000/17301707 (11.3919%)
entry 1972000/17301707 (11.3977%)
entry 1974000/17301707 (11.4093%)
entry 1976000/17301707 (11.4208%)
entry 1977000/17301707 (11.4266%)
entry 1978000/17301707 (11.4324%)
entry 1985000/17301707 (11.4729%)
entry 1987000/17301707 (11.4844%)
entry 1988000/17301707 (11.4902%)
entry 1995000/17301707 (11.5307%)
entry 2003000/17301707 (11.5769%)
entry 2004000/17301707 (11.5827%)
entry 2006000/17301707 (11.5942%)
entry 2010000/17301707 (11.6173%)
entry 2011000/17301707 (11.6231%)
entry 2017000/17301707 (11.6578%)
entry 2021000/17301707 (11.6809%)
entry 2022000/17301707 (11.6867%)
entry 2025000/17301707 (11.704%)
entry 2026000/17301707 (11.7098%)
entry 2027000/17301707 (11.7156%)
entry 2030000/17301707 (11.7329%)
entry 2035000/17301707 (11.7618%)
entry 2036000/17301707 (11.7676%)
entry 2039000/17301707 (11.785%)
entry 2042000/17301707 (11.8023%)
entry 2046000/17301707 (11.8254%)
entry 2052000/17301707 (11.8601%)
entry 2053000/17301707 (11.8659%)
entry 2057000/17301707 (11.889%)
entry 2060000/17301707 (11.9063%)
entry 2061000/17301707 (11.9121%)
entry 2067000/17301707 (11.9468%)
entry 2072000/17301707 (11.9757%)
entry 2073000/17301707 (11.9815%)
entry 2075000/17301707 (11.993%)
entry 2077000/17301707 (12.0046%)
entry 2079000/17301707 (12.0162%)
entry 2080000/17301707 (12.0219%)
entry 2083000/17301707 (12.0393%)
entry 2085000/17301707 (12.0508%)
entry 2086000/17301707 (12.0566%)
entry 2089000/17301707 (12.074%)
entry 2093000/17301707 (12.0971%)
entry 2095000/17301707 (12.1086%)
entry 2097000/17301707 (12.1202%)
entry 2099000/17301707 (12.1318%)
entry 2100000/17301707 (12.1375%)
entry 2101000/17301707 (12.1433%)
entry 2102000/17301707 (12.1491%)
entry 2105000/17301707 (12.1664%)
entry 2108000/17301707 (12.1838%)
entry 2110000/17301707 (12.1953%)
entry 2114000/17301707 (12.2184%)
entry 2115000/17301707 (12.2242%)
entry 2116000/17301707 (12.23%)
entry 2120000/17301707 (12.2531%)
entry 2123000/17301707 (12.2705%)
entry 2128000/17301707 (12.2994%)
entry 2131000/17301707 (12.3167%)
entry 2132000/17301707 (12.3225%)
entry 2137000/17301707 (12.3514%)
entry 2138000/17301707 (12.3572%)
entry 2141000/17301707 (12.3745%)
entry 2144000/17301707 (12.3918%)
entry 2149000/17301707 (12.4207%)
entry 2153000/17301707 (12.4439%)
entry 2154000/17301707 (12.4496%)
entry 2159000/17301707 (12.4785%)
entry 2160000/17301707 (12.4843%)
entry 2165000/17301707 (12.5132%)
entry 2168000/17301707 (12.5306%)
entry 2172000/17301707 (12.5537%)
entry 2176000/17301707 (12.5768%)
entry 2185000/17301707 (12.6288%)
entry 2187000/17301707 (12.6404%)
entry 2188000/17301707 (12.6462%)
entry 2189000/17301707 (12.6519%)
entry 2193000/17301707 (12.675%)
entry 2194000/17301707 (12.6808%)
entry 2195000/17301707 (12.6866%)
entry 2196000/17301707 (12.6924%)
entry 2208000/17301707 (12.7617%)
entry 2209000/17301707 (12.7675%)
entry 2210000/17301707 (12.7733%)
entry 2212000/17301707 (12.7849%)
entry 2221000/17301707 (12.8369%)
entry 2224000/17301707 (12.8542%)
entry 2225000/17301707 (12.86%)
entry 2226000/17301707 (12.8658%)
entry 2227000/17301707 (12.8716%)
entry 2228000/17301707 (12.8773%)
entry 2236000/17301707 (12.9236%)
entry 2241000/17301707 (12.9525%)
entry 2249000/17301707 (12.9987%)
entry 2250000/17301707 (13.0045%)
entry 2251000/17301707 (13.0103%)
entry 2254000/17301707 (13.0276%)
entry 2256000/17301707 (13.0392%)
entry 2257000/17301707 (13.045%)
entry 2260000/17301707 (13.0623%)
entry 2262000/17301707 (13.0739%)
entry 2266000/17301707 (13.097%)
entry 2267000/17301707 (13.1028%)
entry 2268000/17301707 (13.1085%)
entry 2271000/17301707 (13.1259%)
entry 2274000/17301707 (13.1432%)
entry 2278000/17301707 (13.1663%)
entry 2281000/17301707 (13.1837%)
entry 2282000/17301707 (13.1894%)
entry 2287000/17301707 (13.2183%)
entry 2288000/17301707 (13.2241%)
entry 2292000/17301707 (13.2472%)
entry 2294000/17301707 (13.2588%)
entry 2297000/17301707 (13.2761%)
entry 2299000/17301707 (13.2877%)
entry 2308000/17301707 (13.3397%)
entry 2313000/17301707 (13.3686%)
entry 2314000/17301707 (13.3744%)
entry 2315000/17301707 (13.3802%)
entry 2317000/17301707 (13.3917%)
entry 2318000/17301707 (13.3975%)
entry 2321000/17301707 (13.4149%)
entry 2329000/17301707 (13.4611%)
entry 2331000/17301707 (13.4727%)
entry 2335000/17301707 (13.4958%)
entry 2338000/17301707 (13.5131%)
entry 2344000/17301707 (13.5478%)
entry 2345000/17301707 (13.5536%)
entry 2347000/17301707 (13.5651%)
entry 2353000/17301707 (13.5998%)
entry 2354000/17301707 (13.6056%)
entry 2355000/17301707 (13.6114%)
entry 2357000/17301707 (13.6229%)
entry 2359000/17301707 (13.6345%)
entry 2366000/17301707 (13.675%)
entry 2368000/17301707 (13.6865%)
entry 2369000/17301707 (13.6923%)
entry 2373000/17301707 (13.7154%)
entry 2374000/17301707 (13.7212%)
entry 2375000/17301707 (13.727%)
entry 2377000/17301707 (13.7385%)
entry 2380000/17301707 (13.7559%)
entry 2384000/17301707 (13.779%)
entry 2385000/17301707 (13.7848%)
entry 2388000/17301707 (13.8021%)
entry 2389000/17301707 (13.8079%)
entry 2400000/17301707 (13.8715%)
entry 2401000/17301707 (13.8772%)
entry 2404000/17301707 (13.8946%)
entry 2405000/17301707 (13.9004%)
entry 2406000/17301707 (13.9061%)
entry 2407000/17301707 (13.9119%)
entry 2408000/17301707 (13.9177%)
entry 2409000/17301707 (13.9235%)
entry 2410000/17301707 (13.9293%)
entry 2412000/17301707 (13.9408%)
entry 2414000/17301707 (13.9524%)
entry 2418000/17301707 (13.9755%)
entry 2420000/17301707 (13.9871%)
entry 2424000/17301707 (14.0102%)
entry 2426000/17301707 (14.0217%)
entry 2429000/17301707 (14.0391%)
entry 2435000/17301707 (14.0738%)
entry 2436000/17301707 (14.0795%)
entry 2437000/17301707 (14.0853%)
entry 2440000/17301707 (14.1027%)
entry 2446000/17301707 (14.1373%)
entry 2448000/17301707 (14.1489%)
entry 2449000/17301707 (14.1547%)
entry 2452000/17301707 (14.172%)
entry 2455000/17301707 (14.1894%)
entry 2458000/17301707 (14.2067%)
entry 2459000/17301707 (14.2125%)
entry 2465000/17301707 (14.2471%)
entry 2466000/17301707 (14.2529%)
entry 2467000/17301707 (14.2587%)
entry 2471000/17301707 (14.2818%)
entry 2472000/17301707 (14.2876%)
entry 2486000/17301707 (14.3685%)
entry 2487000/17301707 (14.3743%)
entry 2490000/17301707 (14.3916%)
entry 2499000/17301707 (14.4437%)
entry 2505000/17301707 (14.4783%)
entry 2506000/17301707 (14.4841%)
entry 2516000/17301707 (14.5419%)
entry 2519000/17301707 (14.5593%)
entry 2520000/17301707 (14.565%)
entry 2522000/17301707 (14.5766%)
entry 2527000/17301707 (14.6055%)
entry 2528000/17301707 (14.6113%)
entry 2534000/17301707 (14.646%)
entry 2536000/17301707 (14.6575%)
entry 2541000/17301707 (14.6864%)
entry 2542000/17301707 (14.6922%)
entry 2548000/17301707 (14.7269%)
entry 2553000/17301707 (14.7558%)
entry 2559000/17301707 (14.7904%)
entry 2564000/17301707 (14.8193%)
entry 2566000/17301707 (14.8309%)
entry 2567000/17301707 (14.8367%)
entry 2568000/17301707 (14.8425%)
entry 2569000/17301707 (14.8482%)
entry 2570000/17301707 (14.854%)
entry 2572000/17301707 (14.8656%)
entry 2574000/17301707 (14.8771%)
entry 2575000/17301707 (14.8829%)
entry 2577000/17301707 (14.8945%)
entry 2578000/17301707 (14.9003%)
entry 2582000/17301707 (14.9234%)
entry 2584000/17301707 (14.9349%)
entry 2585000/17301707 (14.9407%)
entry 2587000/17301707 (14.9523%)
entry 2588000/17301707 (14.9581%)
entry 2589000/17301707 (14.9638%)
entry 2600000/17301707 (15.0274%)
entry 2601000/17301707 (15.0332%)
entry 2604000/17301707 (15.0505%)
entry 2607000/17301707 (15.0679%)
entry 2609000/17301707 (15.0794%)
entry 2620000/17301707 (15.143%)
entry 2621000/17301707 (15.1488%)
entry 2624000/17301707 (15.1661%)
entry 2625000/17301707 (15.1719%)
entry 2626000/17301707 (15.1777%)
entry 2627000/17301707 (15.1835%)
entry 2630000/17301707 (15.2008%)
entry 2634000/17301707 (15.2239%)
entry 2635000/17301707 (15.2297%)
entry 2636000/17301707 (15.2355%)
entry 2639000/17301707 (15.2528%)
entry 2645000/17301707 (15.2875%)
entry 2647000/17301707 (15.2991%)
entry 2650000/17301707 (15.3164%)
entry 2652000/17301707 (15.328%)
entry 2653000/17301707 (15.3337%)
entry 2660000/17301707 (15.3742%)
entry 2661000/17301707 (15.38%)
entry 2664000/17301707 (15.3973%)
entry 2665000/17301707 (15.4031%)
entry 2668000/17301707 (15.4204%)
entry 2669000/17301707 (15.4262%)
entry 2670000/17301707 (15.432%)
entry 2673000/17301707 (15.4493%)
entry 2675000/17301707 (15.4609%)
entry 2679000/17301707 (15.484%)
entry 2685000/17301707 (15.5187%)
entry 2688000/17301707 (15.536%)
entry 2689000/17301707 (15.5418%)
entry 2697000/17301707 (15.5881%)
entry 2698000/17301707 (15.5938%)
entry 2699000/17301707 (15.5996%)
entry 2706000/17301707 (15.6401%)
entry 2707000/17301707 (15.6459%)
entry 2710000/17301707 (15.6632%)
entry 2712000/17301707 (15.6748%)
entry 2715000/17301707 (15.6921%)
entry 2716000/17301707 (15.6979%)
entry 2718000/17301707 (15.7094%)
entry 2719000/17301707 (15.7152%)
entry 2721000/17301707 (15.7268%)
entry 2723000/17301707 (15.7383%)
entry 2725000/17301707 (15.7499%)
entry 2727000/17301707 (15.7614%)
entry 2729000/17301707 (15.773%)
entry 2730000/17301707 (15.7788%)
entry 2734000/17301707 (15.8019%)
entry 2735000/17301707 (15.8077%)
entry 2739000/17301707 (15.8308%)
entry 2740000/17301707 (15.8366%)
entry 2741000/17301707 (15.8424%)
entry 2742000/17301707 (15.8481%)
entry 2747000/17301707 (15.877%)
entry 2749000/17301707 (15.8886%)
entry 2752000/17301707 (15.9059%)
entry 2757000/17301707 (15.9348%)
entry 2761000/17301707 (15.958%)
entry 2766000/17301707 (15.9869%)
entry 2767000/17301707 (15.9926%)
entry 2773000/17301707 (16.0273%)
entry 2781000/17301707 (16.0736%)
entry 2786000/17301707 (16.1025%)
entry 2788000/17301707 (16.114%)
entry 2792000/17301707 (16.1371%)
entry 2794000/17301707 (16.1487%)
entry 2795000/17301707 (16.1545%)
entry 2797000/17301707 (16.166%)
entry 2800000/17301707 (16.1834%)
entry 2801000/17301707 (16.1892%)
entry 2807000/17301707 (16.2238%)
entry 2811000/17301707 (16.247%)
entry 2814000/17301707 (16.2643%)
entry 2816000/17301707 (16.2758%)
entry 2818000/17301707 (16.2874%)
entry 2819000/17301707 (16.2932%)
entry 2821000/17301707 (16.3047%)
entry 2823000/17301707 (16.3163%)
entry 2825000/17301707 (16.3279%)
entry 2828000/17301707 (16.3452%)
entry 2829000/17301707 (16.351%)
entry 2830000/17301707 (16.3568%)
entry 2834000/17301707 (16.3799%)
entry 2839000/17301707 (16.4088%)
entry 2844000/17301707 (16.4377%)
entry 2845000/17301707 (16.4435%)
entry 2846000/17301707 (16.4492%)
entry 2849000/17301707 (16.4666%)
entry 2850000/17301707 (16.4724%)
entry 2852000/17301707 (16.4839%)
entry 2853000/17301707 (16.4897%)
entry 2854000/17301707 (16.4955%)
entry 2856000/17301707 (16.507%)
entry 2860000/17301707 (16.5302%)
entry 2862000/17301707 (16.5417%)
entry 2863000/17301707 (16.5475%)
entry 2865000/17301707 (16.5591%)
entry 2868000/17301707 (16.5764%)
entry 2870000/17301707 (16.588%)
entry 2874000/17301707 (16.6111%)
entry 2879000/17301707 (16.64%)
entry 2885000/17301707 (16.6747%)
entry 2888000/17301707 (16.692%)
entry 2896000/17301707 (16.7382%)
entry 2897000/17301707 (16.744%)
entry 2898000/17301707 (16.7498%)
entry 2902000/17301707 (16.7729%)
entry 2903000/17301707 (16.7787%)
entry 2906000/17301707 (16.796%)
entry 2909000/17301707 (16.8134%)
entry 2910000/17301707 (16.8191%)
entry 2916000/17301707 (16.8538%)
entry 2917000/17301707 (16.8596%)
entry 2918000/17301707 (16.8654%)
entry 2923000/17301707 (16.8943%)
entry 2924000/17301707 (16.9001%)
entry 2925000/17301707 (16.9058%)
entry 2926000/17301707 (16.9116%)
entry 2928000/17301707 (16.9232%)
entry 2934000/17301707 (16.9579%)
entry 2935000/17301707 (16.9636%)
entry 2937000/17301707 (16.9752%)
entry 2942000/17301707 (17.0041%)
entry 2944000/17301707 (17.0157%)
entry 2945000/17301707 (17.0214%)
entry 2947000/17301707 (17.033%)
entry 2951000/17301707 (17.0561%)
entry 2956000/17301707 (17.085%)
entry 2959000/17301707 (17.1024%)
entry 2960000/17301707 (17.1081%)
entry 2962000/17301707 (17.1197%)
entry 2963000/17301707 (17.1255%)
entry 2967000/17301707 (17.1486%)
entry 2976000/17301707 (17.2006%)
entry 2981000/17301707 (17.2295%)
entry 2982000/17301707 (17.2353%)
entry 2983000/17301707 (17.2411%)
entry 2984000/17301707 (17.2469%)
entry 2998000/17301707 (17.3278%)
entry 3002000/17301707 (17.3509%)
entry 3011000/17301707 (17.4029%)
entry 3018000/17301707 (17.4434%)
entry 3022000/17301707 (17.4665%)
entry 3029000/17301707 (17.5069%)
entry 3031000/17301707 (17.5185%)
entry 3039000/17301707 (17.5647%)
entry 3061000/17301707 (17.6919%)
entry 3062000/17301707 (17.6977%)
entry 3064000/17301707 (17.7092%)
entry 3067000/17301707 (17.7266%)
entry 3073000/17301707 (17.7613%)
entry 3074000/17301707 (17.767%)
entry 3079000/17301707 (17.7959%)
entry 3081000/17301707 (17.8075%)
entry 3085000/17301707 (17.8306%)
entry 3088000/17301707 (17.8479%)
entry 3089000/17301707 (17.8537%)
entry 3090000/17301707 (17.8595%)
entry 3093000/17301707 (17.8768%)
entry 3097000/17301707 (17.9%)
entry 3101000/17301707 (17.9231%)
entry 3102000/17301707 (17.9289%)
entry 3103000/17301707 (17.9346%)
entry 3104000/17301707 (17.9404%)
entry 3106000/17301707 (17.952%)
entry 3108000/17301707 (17.9635%)
entry 3109000/17301707 (17.9693%)
entry 3111000/17301707 (17.9809%)
entry 3113000/17301707 (17.9924%)
entry 3118000/17301707 (18.0213%)
entry 3120000/17301707 (18.0329%)
entry 3122000/17301707 (18.0445%)
entry 3123000/17301707 (18.0502%)
entry 3127000/17301707 (18.0734%)
entry 3129000/17301707 (18.0849%)
entry 3131000/17301707 (18.0965%)
entry 3133000/17301707 (18.108%)
entry 3134000/17301707 (18.1138%)
entry 3135000/17301707 (18.1196%)
entry 3136000/17301707 (18.1254%)
entry 3142000/17301707 (18.1601%)
entry 3144000/17301707 (18.1716%)
entry 3145000/17301707 (18.1774%)
entry 3146000/17301707 (18.1832%)
entry 3147000/17301707 (18.189%)
entry 3153000/17301707 (18.2236%)
entry 3154000/17301707 (18.2294%)
entry 3159000/17301707 (18.2583%)
entry 3161000/17301707 (18.2699%)
entry 3162000/17301707 (18.2757%)
entry 3165000/17301707 (18.293%)
entry 3167000/17301707 (18.3046%)
entry 3168000/17301707 (18.3103%)
entry 3170000/17301707 (18.3219%)
entry 3172000/17301707 (18.3334%)
entry 3173000/17301707 (18.3392%)
entry 3175000/17301707 (18.3508%)
entry 3176000/17301707 (18.3566%)
entry 3177000/17301707 (18.3623%)
entry 3179000/17301707 (18.3739%)
entry 3181000/17301707 (18.3855%)
entry 3185000/17301707 (18.4086%)
entry 3186000/17301707 (18.4144%)
entry 3188000/17301707 (18.4259%)
entry 3189000/17301707 (18.4317%)
entry 3192000/17301707 (18.449%)
entry 3195000/17301707 (18.4664%)
entry 3201000/17301707 (18.5011%)
entry 3202000/17301707 (18.5068%)
entry 3205000/17301707 (18.5242%)
entry 3207000/17301707 (18.5357%)
entry 3209000/17301707 (18.5473%)
entry 3210000/17301707 (18.5531%)
entry 3215000/17301707 (18.582%)
entry 3216000/17301707 (18.5878%)
entry 3218000/17301707 (18.5993%)
entry 3222000/17301707 (18.6224%)
entry 3223000/17301707 (18.6282%)
entry 3224000/17301707 (18.634%)
entry 3225000/17301707 (18.6398%)
entry 3234000/17301707 (18.6918%)
entry 3237000/17301707 (18.7091%)
entry 3241000/17301707 (18.7323%)
entry 3256000/17301707 (18.819%)
entry 3257000/17301707 (18.8247%)
entry 3263000/17301707 (18.8594%)
entry 3265000/17301707 (18.871%)
entry 3266000/17301707 (18.8767%)
entry 3269000/17301707 (18.8941%)
entry 3272000/17301707 (18.9114%)
entry 3273000/17301707 (18.9172%)
entry 3276000/17301707 (18.9345%)
entry 3278000/17301707 (18.9461%)
entry 3279000/17301707 (18.9519%)
entry 3282000/17301707 (18.9692%)
entry 3283000/17301707 (18.975%)
entry 3287000/17301707 (18.9981%)
entry 3288000/17301707 (19.0039%)
entry 3295000/17301707 (19.0444%)
entry 3303000/17301707 (19.0906%)
entry 3304000/17301707 (19.0964%)
entry 3313000/17301707 (19.1484%)
entry 3315000/17301707 (19.16%)
entry 3317000/17301707 (19.1715%)
entry 3318000/17301707 (19.1773%)
entry 3320000/17301707 (19.1889%)
entry 3321000/17301707 (19.1946%)
entry 3322000/17301707 (19.2004%)
entry 3325000/17301707 (19.2178%)
entry 3333000/17301707 (19.264%)
entry 3335000/17301707 (19.2756%)
entry 3336000/17301707 (19.2813%)
entry 3337000/17301707 (19.2871%)
entry 3340000/17301707 (19.3045%)
entry 3341000/17301707 (19.3102%)
entry 3343000/17301707 (19.3218%)
entry 3349000/17301707 (19.3565%)
entry 3353000/17301707 (19.3796%)
entry 3355000/17301707 (19.3911%)
entry 3367000/17301707 (19.4605%)
entry 3368000/17301707 (19.4663%)
entry 3377000/17301707 (19.5183%)
entry 3379000/17301707 (19.5299%)
entry 3380000/17301707 (19.5356%)
entry 3381000/17301707 (19.5414%)
entry 3384000/17301707 (19.5588%)
entry 3385000/17301707 (19.5645%)
entry 3391000/17301707 (19.5992%)
entry 3392000/17301707 (19.605%)
entry 3398000/17301707 (19.6397%)
entry 3400000/17301707 (19.6512%)
entry 3408000/17301707 (19.6975%)
entry 3415000/17301707 (19.7379%)
entry 3417000/17301707 (19.7495%)
entry 3419000/17301707 (19.7611%)
entry 3420000/17301707 (19.7668%)
entry 3423000/17301707 (19.7842%)
entry 3431000/17301707 (19.8304%)
entry 3432000/17301707 (19.8362%)
entry 3434000/17301707 (19.8478%)
entry 3435000/17301707 (19.8535%)
entry 3439000/17301707 (19.8766%)
entry 3445000/17301707 (19.9113%)
entry 3446000/17301707 (19.9171%)
entry 3456000/17301707 (19.9749%)
entry 3459000/17301707 (19.9922%)
entry 3468000/17301707 (20.0443%)
entry 3473000/17301707 (20.0732%)
entry 3478000/17301707 (20.1021%)
entry 3479000/17301707 (20.1078%)
entry 3486000/17301707 (20.1483%)
entry 3487000/17301707 (20.1541%)
entry 3492000/17301707 (20.183%)
entry 3493000/17301707 (20.1888%)
entry 3497000/17301707 (20.2119%)
entry 3498000/17301707 (20.2177%)
entry 3499000/17301707 (20.2234%)
entry 3500000/17301707 (20.2292%)
entry 3502000/17301707 (20.2408%)
entry 3506000/17301707 (20.2639%)
entry 3507000/17301707 (20.2697%)
entry 3511000/17301707 (20.2928%)
entry 3512000/17301707 (20.2986%)
entry 3519000/17301707 (20.339%)
entry 3525000/17301707 (20.3737%)
entry 3526000/17301707 (20.3795%)
entry 3533000/17301707 (20.4199%)
entry 3535000/17301707 (20.4315%)
entry 3538000/17301707 (20.4488%)
entry 3542000/17301707 (20.472%)
entry 3545000/17301707 (20.4893%)
entry 3552000/17301707 (20.5298%)
entry 3554000/17301707 (20.5413%)
entry 3557000/17301707 (20.5587%)
entry 3560000/17301707 (20.576%)
entry 3565000/17301707 (20.6049%)
entry 3567000/17301707 (20.6165%)
entry 3569000/17301707 (20.628%)
entry 3571000/17301707 (20.6396%)
entry 3578000/17301707 (20.68%)
entry 3582000/17301707 (20.7032%)
entry 3585000/17301707 (20.7205%)
entry 3594000/17301707 (20.7725%)
entry 3602000/17301707 (20.8188%)
entry 3603000/17301707 (20.8245%)
entry 3610000/17301707 (20.865%)
entry 3613000/17301707 (20.8823%)
entry 3629000/17301707 (20.9748%)
entry 3631000/17301707 (20.9864%)
entry 3633000/17301707 (20.9979%)
entry 3636000/17301707 (21.0153%)
entry 3643000/17301707 (21.0557%)
entry 3647000/17301707 (21.0788%)
entry 3648000/17301707 (21.0846%)
entry 3652000/17301707 (21.1077%)
entry 3659000/17301707 (21.1482%)
entry 3663000/17301707 (21.1713%)
entry 3666000/17301707 (21.1887%)
entry 3668000/17301707 (21.2002%)
entry 3670000/17301707 (21.2118%)
entry 3671000/17301707 (21.2176%)
entry 3678000/17301707 (21.258%)
entry 3680000/17301707 (21.2696%)
entry 3681000/17301707 (21.2754%)
entry 3682000/17301707 (21.2811%)
entry 3683000/17301707 (21.2869%)
entry 3687000/17301707 (21.31%)
entry 3691000/17301707 (21.3332%)
entry 3695000/17301707 (21.3563%)
entry 3705000/17301707 (21.4141%)
entry 3706000/17301707 (21.4198%)
entry 3712000/17301707 (21.4545%)
entry 3716000/17301707 (21.4776%)
entry 3717000/17301707 (21.4834%)
entry 3718000/17301707 (21.4892%)
entry 3720000/17301707 (21.5008%)
entry 3728000/17301707 (21.547%)
entry 3729000/17301707 (21.5528%)
entry 3733000/17301707 (21.5759%)
entry 3735000/17301707 (21.5875%)
entry 3737000/17301707 (21.599%)
entry 3743000/17301707 (21.6337%)
entry 3745000/17301707 (21.6453%)
entry 3746000/17301707 (21.651%)
entry 3748000/17301707 (21.6626%)
entry 3749000/17301707 (21.6684%)
entry 3754000/17301707 (21.6973%)
entry 3757000/17301707 (21.7146%)
entry 3758000/17301707 (21.7204%)
entry 3762000/17301707 (21.7435%)
entry 3765000/17301707 (21.7609%)
entry 3766000/17301707 (21.7666%)
entry 3767000/17301707 (21.7724%)
entry 3768000/17301707 (21.7782%)
entry 3770000/17301707 (21.7898%)
entry 3776000/17301707 (21.8244%)
entry 3779000/17301707 (21.8418%)
entry 3784000/17301707 (21.8707%)
entry 3785000/17301707 (21.8765%)
entry 3786000/17301707 (21.8822%)
entry 3787000/17301707 (21.888%)
entry 3788000/17301707 (21.8938%)
entry 3791000/17301707 (21.9111%)
entry 3792000/17301707 (21.9169%)
entry 3796000/17301707 (21.94%)
entry 3805000/17301707 (21.992%)
entry 3807000/17301707 (22.0036%)
entry 3808000/17301707 (22.0094%)
entry 3811000/17301707 (22.0267%)
entry 3815000/17301707 (22.0498%)
entry 3816000/17301707 (22.0556%)
entry 3817000/17301707 (22.0614%)
entry 3823000/17301707 (22.0961%)
entry 3824000/17301707 (22.1019%)
entry 3827000/17301707 (22.1192%)
entry 3828000/17301707 (22.125%)
entry 3829000/17301707 (22.1308%)
entry 3837000/17301707 (22.177%)
entry 3838000/17301707 (22.1828%)
entry 3839000/17301707 (22.1886%)
entry 3840000/17301707 (22.1943%)
entry 3842000/17301707 (22.2059%)
entry 3847000/17301707 (22.2348%)
entry 3849000/17301707 (22.2464%)
entry 3851000/17301707 (22.2579%)
entry 3856000/17301707 (22.2868%)
entry 3858000/17301707 (22.2984%)
entry 3860000/17301707 (22.3099%)
entry 3868000/17301707 (22.3562%)
entry 3873000/17301707 (22.3851%)
entry 3874000/17301707 (22.3909%)
entry 3875000/17301707 (22.3966%)
entry 3877000/17301707 (22.4082%)
entry 3883000/17301707 (22.4429%)
entry 3885000/17301707 (22.4544%)
entry 3892000/17301707 (22.4949%)
entry 3897000/17301707 (22.5238%)
entry 3902000/17301707 (22.5527%)
entry 3903000/17301707 (22.5585%)
entry 3904000/17301707 (22.5642%)
entry 3905000/17301707 (22.57%)
entry 3906000/17301707 (22.5758%)
entry 3908000/17301707 (22.5874%)
entry 3913000/17301707 (22.6163%)
entry 3922000/17301707 (22.6683%)
entry 3925000/17301707 (22.6856%)
entry 3926000/17301707 (22.6914%)
entry 3931000/17301707 (22.7203%)
entry 3934000/17301707 (22.7376%)
entry 3945000/17301707 (22.8012%)
entry 3949000/17301707 (22.8243%)
entry 3951000/17301707 (22.8359%)
entry 3954000/17301707 (22.8532%)
entry 3957000/17301707 (22.8706%)
entry 3964000/17301707 (22.911%)
entry 3969000/17301707 (22.9399%)
entry 3974000/17301707 (22.9688%)
entry 3975000/17301707 (22.9746%)
entry 3976000/17301707 (22.9804%)
entry 3977000/17301707 (22.9862%)
entry 3980000/17301707 (23.0035%)
entry 3982000/17301707 (23.0151%)
entry 3985000/17301707 (23.0324%)
entry 3988000/17301707 (23.0497%)
entry 3992000/17301707 (23.0729%)
entry 3994000/17301707 (23.0844%)
entry 3995000/17301707 (23.0902%)
entry 3997000/17301707 (23.1018%)
entry 3998000/17301707 (23.1075%)
entry 4002000/17301707 (23.1307%)
entry 4004000/17301707 (23.1422%)
entry 4008000/17301707 (23.1653%)
entry 4009000/17301707 (23.1711%)
entry 4013000/17301707 (23.1942%)
entry 4014000/17301707 (23.2%)
entry 4016000/17301707 (23.2116%)
entry 4019000/17301707 (23.2289%)
entry 4022000/17301707 (23.2463%)
entry 4023000/17301707 (23.252%)
entry 4025000/17301707 (23.2636%)
entry 4026000/17301707 (23.2694%)
entry 4028000/17301707 (23.2809%)
entry 4029000/17301707 (23.2867%)
entry 4033000/17301707 (23.3098%)
entry 4034000/17301707 (23.3156%)
entry 4037000/17301707 (23.333%)
entry 4040000/17301707 (23.3503%)
entry 4041000/17301707 (23.3561%)
entry 4043000/17301707 (23.3676%)
entry 4049000/17301707 (23.4023%)
entry 4057000/17301707 (23.4486%)
entry 4058000/17301707 (23.4543%)
entry 4059000/17301707 (23.4601%)
entry 4060000/17301707 (23.4659%)
entry 4065000/17301707 (23.4948%)
entry 4067000/17301707 (23.5063%)
entry 4069000/17301707 (23.5179%)
entry 4076000/17301707 (23.5584%)
entry 4077000/17301707 (23.5641%)
entry 4079000/17301707 (23.5757%)
entry 4080000/17301707 (23.5815%)
entry 4081000/17301707 (23.5873%)
entry 4084000/17301707 (23.6046%)
entry 4088000/17301707 (23.6277%)
entry 4089000/17301707 (23.6335%)
entry 4091000/17301707 (23.6451%)
entry 4092000/17301707 (23.6508%)
entry 4099000/17301707 (23.6913%)
entry 4100000/17301707 (23.6971%)
entry 4105000/17301707 (23.726%)
entry 4108000/17301707 (23.7433%)
entry 4111000/17301707 (23.7607%)
entry 4113000/17301707 (23.7722%)
entry 4116000/17301707 (23.7896%)
entry 4118000/17301707 (23.8011%)
entry 4119000/17301707 (23.8069%)
entry 4122000/17301707 (23.8242%)
entry 4124000/17301707 (23.8358%)
entry 4127000/17301707 (23.8531%)
entry 4128000/17301707 (23.8589%)
entry 4130000/17301707 (23.8705%)
entry 4132000/17301707 (23.882%)
entry 4135000/17301707 (23.8994%)
entry 4143000/17301707 (23.9456%)
entry 4145000/17301707 (23.9572%)
entry 4151000/17301707 (23.9919%)
entry 4152000/17301707 (23.9976%)
entry 4155000/17301707 (24.015%)
entry 4156000/17301707 (24.0207%)
entry 4157000/17301707 (24.0265%)
entry 4160000/17301707 (24.0439%)
entry 4161000/17301707 (24.0496%)
entry 4163000/17301707 (24.0612%)
entry 4164000/17301707 (24.067%)
entry 4165000/17301707 (24.0728%)
entry 4169000/17301707 (24.0959%)
entry 4174000/17301707 (24.1248%)
entry 4176000/17301707 (24.1363%)
entry 4179000/17301707 (24.1537%)
entry 4181000/17301707 (24.1652%)
entry 4186000/17301707 (24.1941%)
entry 4187000/17301707 (24.1999%)
entry 4188000/17301707 (24.2057%)
entry 4189000/17301707 (24.2115%)
entry 4194000/17301707 (24.2404%)
entry 4199000/17301707 (24.2693%)
entry 4209000/17301707 (24.3271%)
entry 4212000/17301707 (24.3444%)
entry 4214000/17301707 (24.356%)
entry 4215000/17301707 (24.3618%)
entry 4216000/17301707 (24.3675%)
entry 4222000/17301707 (24.4022%)
entry 4236000/17301707 (24.4831%)
entry 4243000/17301707 (24.5236%)
entry 4244000/17301707 (24.5294%)
entry 4248000/17301707 (24.5525%)
entry 4250000/17301707 (24.564%)
entry 4256000/17301707 (24.5987%)
entry 4260000/17301707 (24.6218%)
entry 4261000/17301707 (24.6276%)
entry 4262000/17301707 (24.6334%)
entry 4270000/17301707 (24.6796%)
entry 4274000/17301707 (24.7028%)
entry 4284000/17301707 (24.7606%)
entry 4287000/17301707 (24.7779%)
entry 4288000/17301707 (24.7837%)
entry 4290000/17301707 (24.7952%)
entry 4293000/17301707 (24.8126%)
entry 4294000/17301707 (24.8184%)
entry 4300000/17301707 (24.853%)
entry 4308000/17301707 (24.8993%)
entry 4309000/17301707 (24.9051%)
entry 4310000/17301707 (24.9108%)
entry 4312000/17301707 (24.9224%)
entry 4313000/17301707 (24.9282%)
entry 4319000/17301707 (24.9629%)
entry 4322000/17301707 (24.9802%)
entry 4332000/17301707 (25.038%)
entry 4335000/17301707 (25.0553%)
entry 4341000/17301707 (25.09%)
entry 4342000/17301707 (25.0958%)
entry 4347000/17301707 (25.1247%)
entry 4353000/17301707 (25.1594%)
entry 4354000/17301707 (25.1651%)
entry 4355000/17301707 (25.1709%)
entry 4357000/17301707 (25.1825%)
entry 4362000/17301707 (25.2114%)
entry 4364000/17301707 (25.2229%)
entry 4367000/17301707 (25.2403%)
entry 4390000/17301707 (25.3732%)
entry 4391000/17301707 (25.379%)
entry 4394000/17301707 (25.3963%)
entry 4395000/17301707 (25.4021%)
entry 4400000/17301707 (25.431%)
entry 4401000/17301707 (25.4368%)
entry 4404000/17301707 (25.4541%)
entry 4406000/17301707 (25.4657%)
entry 4415000/17301707 (25.5177%)
entry 4420000/17301707 (25.5466%)
entry 4421000/17301707 (25.5524%)
entry 4427000/17301707 (25.5871%)
entry 4428000/17301707 (25.5928%)
entry 4429000/17301707 (25.5986%)
entry 4431000/17301707 (25.6102%)
entry 4435000/17301707 (25.6333%)
entry 4441000/17301707 (25.668%)
entry 4444000/17301707 (25.6853%)
entry 4445000/17301707 (25.6911%)
entry 4446000/17301707 (25.6969%)
entry 4448000/17301707 (25.7084%)
entry 4456000/17301707 (25.7547%)
entry 4461000/17301707 (25.7836%)
entry 4463000/17301707 (25.7951%)
entry 4470000/17301707 (25.8356%)
entry 4472000/17301707 (25.8472%)
entry 4475000/17301707 (25.8645%)
entry 4481000/17301707 (25.8992%)
entry 4483000/17301707 (25.9107%)
entry 4484000/17301707 (25.9165%)
entry 4486000/17301707 (25.9281%)
entry 4491000/17301707 (25.957%)
entry 4492000/17301707 (25.9628%)
entry 4494000/17301707 (25.9743%)
entry 4495000/17301707 (25.9801%)
entry 4497000/17301707 (25.9917%)
entry 4499000/17301707 (26.0032%)
entry 4505000/17301707 (26.0379%)
entry 4509000/17301707 (26.061%)
entry 4512000/17301707 (26.0783%)
entry 4513000/17301707 (26.0841%)
entry 4515000/17301707 (26.0957%)
entry 4517000/17301707 (26.1072%)
entry 4518000/17301707 (26.113%)
entry 4521000/17301707 (26.1304%)
entry 4527000/17301707 (26.165%)
entry 4534000/17301707 (26.2055%)
entry 4535000/17301707 (26.2113%)
entry 4538000/17301707 (26.2286%)
entry 4544000/17301707 (26.2633%)
entry 4550000/17301707 (26.298%)
entry 4554000/17301707 (26.3211%)
entry 4555000/17301707 (26.3269%)
entry 4556000/17301707 (26.3327%)
entry 4560000/17301707 (26.3558%)
entry 4561000/17301707 (26.3616%)
entry 4563000/17301707 (26.3731%)
entry 4565000/17301707 (26.3847%)
entry 4566000/17301707 (26.3905%)
entry 4568000/17301707 (26.402%)
entry 4569000/17301707 (26.4078%)
entry 4572000/17301707 (26.4251%)
entry 4574000/17301707 (26.4367%)
entry 4578000/17301707 (26.4598%)
entry 4584000/17301707 (26.4945%)
entry 4586000/17301707 (26.5061%)
entry 4590000/17301707 (26.5292%)
entry 4591000/17301707 (26.535%)
entry 4593000/17301707 (26.5465%)
entry 4594000/17301707 (26.5523%)
entry 4595000/17301707 (26.5581%)
entry 4600000/17301707 (26.587%)
entry 4603000/17301707 (26.6043%)
entry 4606000/17301707 (26.6216%)
entry 4608000/17301707 (26.6332%)
entry 4611000/17301707 (26.6505%)
entry 4620000/17301707 (26.7026%)
entry 4621000/17301707 (26.7083%)
entry 4626000/17301707 (26.7372%)
entry 4627000/17301707 (26.743%)
entry 4628000/17301707 (26.7488%)
entry 4634000/17301707 (26.7835%)
entry 4635000/17301707 (26.7893%)
entry 4640000/17301707 (26.8182%)
entry 4642000/17301707 (26.8297%)
entry 4643000/17301707 (26.8355%)
entry 4650000/17301707 (26.876%)
entry 4651000/17301707 (26.8817%)
entry 4654000/17301707 (26.8991%)
entry 4656000/17301707 (26.9106%)
entry 4659000/17301707 (26.928%)
entry 4660000/17301707 (26.9338%)
entry 4666000/17301707 (26.9684%)
entry 4668000/17301707 (26.98%)
entry 4677000/17301707 (27.032%)
entry 4678000/17301707 (27.0378%)
entry 4679000/17301707 (27.0436%)
entry 4680000/17301707 (27.0494%)
entry 4681000/17301707 (27.0551%)
entry 4693000/17301707 (27.1245%)
entry 4696000/17301707 (27.1418%)
entry 4697000/17301707 (27.1476%)
entry 4699000/17301707 (27.1592%)
entry 4700000/17301707 (27.1649%)
entry 4704000/17301707 (27.1881%)
entry 4711000/17301707 (27.2285%)
entry 4714000/17301707 (27.2459%)
entry 4718000/17301707 (27.269%)
entry 4726000/17301707 (27.3152%)
entry 4728000/17301707 (27.3268%)
entry 4731000/17301707 (27.3441%)
entry 4733000/17301707 (27.3557%)
entry 4734000/17301707 (27.3615%)
entry 4735000/17301707 (27.3672%)
entry 4736000/17301707 (27.373%)
entry 4738000/17301707 (27.3846%)
entry 4746000/17301707 (27.4308%)
entry 4749000/17301707 (27.4482%)
entry 4750000/17301707 (27.4539%)
entry 4753000/17301707 (27.4713%)
entry 4756000/17301707 (27.4886%)
entry 4757000/17301707 (27.4944%)
entry 4758000/17301707 (27.5002%)
entry 4761000/17301707 (27.5175%)
entry 4765000/17301707 (27.5406%)
entry 4767000/17301707 (27.5522%)
entry 4768000/17301707 (27.558%)
entry 4772000/17301707 (27.5811%)
entry 4773000/17301707 (27.5869%)
entry 4781000/17301707 (27.6331%)
entry 4786000/17301707 (27.662%)
entry 4789000/17301707 (27.6793%)
entry 4793000/17301707 (27.7025%)
entry 4795000/17301707 (27.714%)
entry 4796000/17301707 (27.7198%)
entry 4797000/17301707 (27.7256%)
entry 4798000/17301707 (27.7314%)
entry 4808000/17301707 (27.7892%)
entry 4809000/17301707 (27.7949%)
entry 4813000/17301707 (27.8181%)
entry 4814000/17301707 (27.8238%)
entry 4818000/17301707 (27.847%)
entry 4819000/17301707 (27.8527%)
entry 4835000/17301707 (27.9452%)
entry 4836000/17301707 (27.951%)
entry 4837000/17301707 (27.9568%)
entry 4841000/17301707 (27.9799%)
entry 4844000/17301707 (27.9972%)
entry 4846000/17301707 (28.0088%)
entry 4849000/17301707 (28.0261%)
entry 4851000/17301707 (28.0377%)
entry 4852000/17301707 (28.0435%)
entry 4854000/17301707 (28.055%)
entry 4856000/17301707 (28.0666%)
entry 4858000/17301707 (28.0782%)
entry 4859000/17301707 (28.0839%)
entry 4861000/17301707 (28.0955%)
entry 4864000/17301707 (28.1128%)
entry 4865000/17301707 (28.1186%)
entry 4867000/17301707 (28.1302%)
entry 4869000/17301707 (28.1417%)
entry 4870000/17301707 (28.1475%)
entry 4872000/17301707 (28.1591%)
entry 4873000/17301707 (28.1648%)
entry 4877000/17301707 (28.188%)
entry 4879000/17301707 (28.1995%)
entry 4881000/17301707 (28.2111%)
entry 4882000/17301707 (28.2169%)
entry 4888000/17301707 (28.2515%)
entry 4890000/17301707 (28.2631%)
entry 4895000/17301707 (28.292%)
entry 4898000/17301707 (28.3093%)
entry 4904000/17301707 (28.344%)
entry 4907000/17301707 (28.3614%)
entry 4909000/17301707 (28.3729%)
entry 4910000/17301707 (28.3787%)
entry 4911000/17301707 (28.3845%)
entry 4916000/17301707 (28.4134%)
entry 4920000/17301707 (28.4365%)
entry 4921000/17301707 (28.4423%)
entry 4922000/17301707 (28.4481%)
entry 4923000/17301707 (28.4538%)
entry 4925000/17301707 (28.4654%)
entry 4926000/17301707 (28.4712%)
entry 4929000/17301707 (28.4885%)
entry 4931000/17301707 (28.5001%)
entry 4933000/17301707 (28.5116%)
entry 4937000/17301707 (28.5348%)
entry 4938000/17301707 (28.5405%)
entry 4946000/17301707 (28.5868%)
entry 4954000/17301707 (28.633%)
entry 4958000/17301707 (28.6561%)
entry 4961000/17301707 (28.6735%)
entry 4964000/17301707 (28.6908%)
entry 4965000/17301707 (28.6966%)
entry 4966000/17301707 (28.7024%)
entry 4967000/17301707 (28.7081%)
entry 4969000/17301707 (28.7197%)
entry 4973000/17301707 (28.7428%)
entry 4975000/17301707 (28.7544%)
entry 4976000/17301707 (28.7602%)
entry 4985000/17301707 (28.8122%)
entry 4987000/17301707 (28.8237%)
entry 4989000/17301707 (28.8353%)
entry 4991000/17301707 (28.8469%)
entry 4995000/17301707 (28.87%)
entry 4996000/17301707 (28.8758%)
entry 4997000/17301707 (28.8815%)
entry 4999000/17301707 (28.8931%)
entry 5003000/17301707 (28.9162%)
entry 5005000/17301707 (28.9278%)
entry 5006000/17301707 (28.9336%)
entry 5007000/17301707 (28.9393%)
entry 5012000/17301707 (28.9682%)
entry 5024000/17301707 (29.0376%)
entry 5025000/17301707 (29.0434%)
entry 5030000/17301707 (29.0723%)
entry 5035000/17301707 (29.1012%)
entry 5036000/17301707 (29.107%)
entry 5042000/17301707 (29.1416%)
entry 5049000/17301707 (29.1821%)
entry 5053000/17301707 (29.2052%)
entry 5055000/17301707 (29.2168%)
entry 5058000/17301707 (29.2341%)
entry 5063000/17301707 (29.263%)
entry 5066000/17301707 (29.2803%)
entry 5067000/17301707 (29.2861%)
entry 5068000/17301707 (29.2919%)
entry 5071000/17301707 (29.3092%)
entry 5072000/17301707 (29.315%)
entry 5073000/17301707 (29.3208%)
entry 5074000/17301707 (29.3266%)
entry 5075000/17301707 (29.3324%)
entry 5078000/17301707 (29.3497%)
entry 5079000/17301707 (29.3555%)
entry 5085000/17301707 (29.3902%)
entry 5086000/17301707 (29.3959%)
entry 5091000/17301707 (29.4248%)
entry 5093000/17301707 (29.4364%)
entry 5098000/17301707 (29.4653%)
entry 5100000/17301707 (29.4769%)
entry 5101000/17301707 (29.4826%)
entry 5106000/17301707 (29.5115%)
entry 5107000/17301707 (29.5173%)
entry 5108000/17301707 (29.5231%)
entry 5116000/17301707 (29.5693%)
entry 5117000/17301707 (29.5751%)
entry 5122000/17301707 (29.604%)
entry 5124000/17301707 (29.6156%)
entry 5126000/17301707 (29.6271%)
entry 5127000/17301707 (29.6329%)
entry 5130000/17301707 (29.6503%)
entry 5132000/17301707 (29.6618%)
entry 5135000/17301707 (29.6791%)
entry 5136000/17301707 (29.6849%)
entry 5137000/17301707 (29.6907%)
entry 5140000/17301707 (29.708%)
entry 5143000/17301707 (29.7254%)
entry 5146000/17301707 (29.7427%)
entry 5149000/17301707 (29.7601%)
entry 5150000/17301707 (29.7658%)
entry 5156000/17301707 (29.8005%)
entry 5158000/17301707 (29.8121%)
entry 5161000/17301707 (29.8294%)
entry 5164000/17301707 (29.8468%)
entry 5170000/17301707 (29.8814%)
entry 5171000/17301707 (29.8872%)
entry 5173000/17301707 (29.8988%)
entry 5178000/17301707 (29.9277%)
entry 5180000/17301707 (29.9392%)
entry 5181000/17301707 (29.945%)
entry 5183000/17301707 (29.9566%)
entry 5188000/17301707 (29.9855%)
entry 5189000/17301707 (29.9913%)
entry 5190000/17301707 (29.997%)
entry 5192000/17301707 (30.0086%)
entry 5193000/17301707 (30.0144%)
entry 5196000/17301707 (30.0317%)
entry 5199000/17301707 (30.0491%)
entry 5203000/17301707 (30.0722%)
entry 5207000/17301707 (30.0953%)
entry 5208000/17301707 (30.1011%)
entry 5211000/17301707 (30.1184%)
entry 5213000/17301707 (30.13%)
entry 5216000/17301707 (30.1473%)
entry 5223000/17301707 (30.1878%)
entry 5231000/17301707 (30.234%)
entry 5234000/17301707 (30.2513%)
entry 5237000/17301707 (30.2687%)
entry 5239000/17301707 (30.2802%)
entry 5248000/17301707 (30.3323%)
entry 5251000/17301707 (30.3496%)
entry 5252000/17301707 (30.3554%)
entry 5255000/17301707 (30.3727%)
entry 5263000/17301707 (30.419%)
entry 5266000/17301707 (30.4363%)
entry 5268000/17301707 (30.4479%)
entry 5275000/17301707 (30.4883%)
entry 5276000/17301707 (30.4941%)
entry 5278000/17301707 (30.5057%)
entry 5280000/17301707 (30.5172%)
entry 5281000/17301707 (30.523%)
entry 5286000/17301707 (30.5519%)
entry 5287000/17301707 (30.5577%)
entry 5288000/17301707 (30.5635%)
entry 5290000/17301707 (30.575%)
entry 5293000/17301707 (30.5924%)
entry 5295000/17301707 (30.6039%)
entry 5297000/17301707 (30.6155%)
entry 5299000/17301707 (30.627%)
entry 5300000/17301707 (30.6328%)
entry 5304000/17301707 (30.6559%)
entry 5307000/17301707 (30.6733%)
entry 5310000/17301707 (30.6906%)
entry 5311000/17301707 (30.6964%)
entry 5316000/17301707 (30.7253%)
entry 5317000/17301707 (30.7311%)
entry 5319000/17301707 (30.7426%)
entry 5321000/17301707 (30.7542%)
entry 5323000/17301707 (30.7657%)
entry 5328000/17301707 (30.7946%)
entry 5329000/17301707 (30.8004%)
entry 5331000/17301707 (30.812%)
entry 5333000/17301707 (30.8235%)
entry 5337000/17301707 (30.8467%)
entry 5341000/17301707 (30.8698%)
entry 5343000/17301707 (30.8813%)
entry 5344000/17301707 (30.8871%)
entry 5346000/17301707 (30.8987%)
entry 5347000/17301707 (30.9045%)
entry 5348000/17301707 (30.9102%)
entry 5349000/17301707 (30.916%)
entry 5356000/17301707 (30.9565%)
entry 5362000/17301707 (30.9912%)
entry 5364000/17301707 (31.0027%)
entry 5367000/17301707 (31.0201%)
entry 5369000/17301707 (31.0316%)
entry 5370000/17301707 (31.0374%)
entry 5372000/17301707 (31.049%)
entry 5376000/17301707 (31.0721%)
entry 5377000/17301707 (31.0779%)
entry 5378000/17301707 (31.0836%)
entry 5379000/17301707 (31.0894%)
entry 5380000/17301707 (31.0952%)
entry 5384000/17301707 (31.1183%)
entry 5385000/17301707 (31.1241%)
entry 5392000/17301707 (31.1646%)
entry 5396000/17301707 (31.1877%)
entry 5397000/17301707 (31.1935%)
entry 5398000/17301707 (31.1992%)
entry 5405000/17301707 (31.2397%)
entry 5409000/17301707 (31.2628%)
entry 5411000/17301707 (31.2744%)
entry 5415000/17301707 (31.2975%)
entry 5418000/17301707 (31.3148%)
entry 5421000/17301707 (31.3322%)
entry 5422000/17301707 (31.3379%)
entry 5424000/17301707 (31.3495%)
entry 5425000/17301707 (31.3553%)
entry 5427000/17301707 (31.3668%)
entry 5428000/17301707 (31.3726%)
entry 5432000/17301707 (31.3957%)
entry 5433000/17301707 (31.4015%)
entry 5443000/17301707 (31.4593%)
entry 5445000/17301707 (31.4709%)
entry 5447000/17301707 (31.4824%)
entry 5448000/17301707 (31.4882%)
entry 5449000/17301707 (31.494%)
entry 5450000/17301707 (31.4998%)
entry 5457000/17301707 (31.5402%)
entry 5458000/17301707 (31.546%)
entry 5463000/17301707 (31.5749%)
entry 5466000/17301707 (31.5923%)
entry 5471000/17301707 (31.6212%)
entry 5473000/17301707 (31.6327%)
entry 5480000/17301707 (31.6732%)
entry 5487000/17301707 (31.7136%)
entry 5490000/17301707 (31.731%)
entry 5495000/17301707 (31.7599%)
entry 5496000/17301707 (31.7656%)
entry 5497000/17301707 (31.7714%)
entry 5498000/17301707 (31.7772%)
entry 5502000/17301707 (31.8003%)
entry 5503000/17301707 (31.8061%)
entry 5505000/17301707 (31.8177%)
entry 5506000/17301707 (31.8234%)
entry 5507000/17301707 (31.8292%)
entry 5508000/17301707 (31.835%)
entry 5509000/17301707 (31.8408%)
entry 5510000/17301707 (31.8466%)
entry 5512000/17301707 (31.8581%)
entry 5518000/17301707 (31.8928%)
entry 5519000/17301707 (31.8986%)
entry 5521000/17301707 (31.9101%)
entry 5522000/17301707 (31.9159%)
entry 5523000/17301707 (31.9217%)
entry 5525000/17301707 (31.9333%)
entry 5528000/17301707 (31.9506%)
entry 5529000/17301707 (31.9564%)
entry 5530000/17301707 (31.9622%)
entry 5533000/17301707 (31.9795%)
entry 5534000/17301707 (31.9853%)
entry 5537000/17301707 (32.0026%)
entry 5538000/17301707 (32.0084%)
entry 5539000/17301707 (32.0142%)
entry 5549000/17301707 (32.072%)
entry 5550000/17301707 (32.0778%)
entry 5552000/17301707 (32.0893%)
entry 5555000/17301707 (32.1067%)
entry 5556000/17301707 (32.1124%)
entry 5560000/17301707 (32.1356%)
entry 5563000/17301707 (32.1529%)
entry 5568000/17301707 (32.1818%)
entry 5569000/17301707 (32.1876%)
entry 5571000/17301707 (32.1991%)
entry 5572000/17301707 (32.2049%)
entry 5575000/17301707 (32.2223%)
entry 5576000/17301707 (32.228%)
entry 5579000/17301707 (32.2454%)
entry 5582000/17301707 (32.2627%)
entry 5584000/17301707 (32.2743%)
entry 5585000/17301707 (32.28%)
entry 5586000/17301707 (32.2858%)
entry 5591000/17301707 (32.3147%)
entry 5592000/17301707 (32.3205%)
entry 5596000/17301707 (32.3436%)
entry 5599000/17301707 (32.361%)
entry 5601000/17301707 (32.3725%)
entry 5604000/17301707 (32.3899%)
entry 5608000/17301707 (32.413%)
entry 5609000/17301707 (32.4188%)
entry 5614000/17301707 (32.4477%)
entry 5621000/17301707 (32.4881%)
entry 5622000/17301707 (32.4939%)
entry 5623000/17301707 (32.4997%)
entry 5625000/17301707 (32.5112%)
entry 5626000/17301707 (32.517%)
entry 5628000/17301707 (32.5286%)
entry 5629000/17301707 (32.5344%)
entry 5634000/17301707 (32.5633%)
entry 5636000/17301707 (32.5748%)
entry 5637000/17301707 (32.5806%)
entry 5638000/17301707 (32.5864%)
entry 5647000/17301707 (32.6384%)
entry 5652000/17301707 (32.6673%)
entry 5656000/17301707 (32.6904%)
entry 5657000/17301707 (32.6962%)
entry 5658000/17301707 (32.702%)
entry 5660000/17301707 (32.7135%)
entry 5664000/17301707 (32.7367%)
entry 5665000/17301707 (32.7424%)
entry 5673000/17301707 (32.7887%)
entry 5675000/17301707 (32.8002%)
entry 5676000/17301707 (32.806%)
entry 5678000/17301707 (32.8176%)
entry 5679000/17301707 (32.8233%)
entry 5685000/17301707 (32.858%)
entry 5692000/17301707 (32.8985%)
entry 5699000/17301707 (32.9389%)
entry 5701000/17301707 (32.9505%)
entry 5705000/17301707 (32.9736%)
entry 5710000/17301707 (33.0025%)
entry 5712000/17301707 (33.0141%)
entry 5714000/17301707 (33.0256%)
entry 5717000/17301707 (33.043%)
entry 5721000/17301707 (33.0661%)
entry 5722000/17301707 (33.0719%)
entry 5729000/17301707 (33.1123%)
entry 5738000/17301707 (33.1644%)
entry 5739000/17301707 (33.1701%)
entry 5740000/17301707 (33.1759%)
entry 5741000/17301707 (33.1817%)
entry 5743000/17301707 (33.1933%)
entry 5747000/17301707 (33.2164%)
entry 5751000/17301707 (33.2395%)
entry 5754000/17301707 (33.2568%)
entry 5758000/17301707 (33.28%)
entry 5759000/17301707 (33.2857%)
entry 5761000/17301707 (33.2973%)
entry 5765000/17301707 (33.3204%)
entry 5769000/17301707 (33.3435%)
entry 5774000/17301707 (33.3724%)
entry 5776000/17301707 (33.384%)
entry 5777000/17301707 (33.3898%)
entry 5786000/17301707 (33.4418%)
entry 5788000/17301707 (33.4533%)
entry 5791000/17301707 (33.4707%)
entry 5795000/17301707 (33.4938%)
entry 5800000/17301707 (33.5227%)
entry 5806000/17301707 (33.5574%)
entry 5809000/17301707 (33.5747%)
entry 5810000/17301707 (33.5805%)
entry 5812000/17301707 (33.5921%)
entry 5820000/17301707 (33.6383%)
entry 5824000/17301707 (33.6614%)
entry 5832000/17301707 (33.7077%)
entry 5837000/17301707 (33.7366%)
entry 5839000/17301707 (33.7481%)
entry 5840000/17301707 (33.7539%)
entry 5842000/17301707 (33.7655%)
entry 5848000/17301707 (33.8001%)
entry 5849000/17301707 (33.8059%)
entry 5853000/17301707 (33.829%)
entry 5856000/17301707 (33.8464%)
entry 5857000/17301707 (33.8521%)
entry 5858000/17301707 (33.8579%)
entry 5859000/17301707 (33.8637%)
entry 5860000/17301707 (33.8695%)
entry 5861000/17301707 (33.8753%)
entry 5862000/17301707 (33.881%)
entry 5863000/17301707 (33.8868%)
entry 5866000/17301707 (33.9042%)
entry 5874000/17301707 (33.9504%)
entry 5875000/17301707 (33.9562%)
entry 5879000/17301707 (33.9793%)
entry 5880000/17301707 (33.9851%)
entry 5882000/17301707 (33.9966%)
entry 5883000/17301707 (34.0024%)
entry 5886000/17301707 (34.0198%)
entry 5887000/17301707 (34.0255%)
entry 5892000/17301707 (34.0544%)
entry 5893000/17301707 (34.0602%)
entry 5894000/17301707 (34.066%)
entry 5897000/17301707 (34.0833%)
entry 5898000/17301707 (34.0891%)
entry 5899000/17301707 (34.0949%)
entry 5900000/17301707 (34.1007%)
entry 5903000/17301707 (34.118%)
entry 5906000/17301707 (34.1354%)
entry 5908000/17301707 (34.1469%)
entry 5910000/17301707 (34.1585%)
entry 5912000/17301707 (34.17%)
entry 5913000/17301707 (34.1758%)
entry 5916000/17301707 (34.1932%)
entry 5918000/17301707 (34.2047%)
entry 5920000/17301707 (34.2163%)
entry 5922000/17301707 (34.2278%)
entry 5923000/17301707 (34.2336%)
entry 5933000/17301707 (34.2914%)
entry 5934000/17301707 (34.2972%)
entry 5942000/17301707 (34.3434%)
entry 5943000/17301707 (34.3492%)
entry 5944000/17301707 (34.355%)
entry 5945000/17301707 (34.3608%)
entry 5948000/17301707 (34.3781%)
entry 5949000/17301707 (34.3839%)
entry 5951000/17301707 (34.3954%)
entry 5953000/17301707 (34.407%)
entry 5958000/17301707 (34.4359%)
entry 5959000/17301707 (34.4417%)
entry 5966000/17301707 (34.4821%)
entry 5968000/17301707 (34.4937%)
entry 5971000/17301707 (34.511%)
entry 5972000/17301707 (34.5168%)
entry 5973000/17301707 (34.5226%)
entry 5985000/17301707 (34.592%)
entry 5988000/17301707 (34.6093%)
entry 5989000/17301707 (34.6151%)
entry 5991000/17301707 (34.6266%)
entry 5992000/17301707 (34.6324%)
entry 5993000/17301707 (34.6382%)
entry 6006000/17301707 (34.7133%)
entry 6007000/17301707 (34.7191%)
entry 6009000/17301707 (34.7307%)
entry 6012000/17301707 (34.748%)
entry 6013000/17301707 (34.7538%)
entry 6014000/17301707 (34.7596%)
entry 6017000/17301707 (34.7769%)
entry 6021000/17301707 (34.8%)
entry 6025000/17301707 (34.8232%)
entry 6029000/17301707 (34.8463%)
entry 6030000/17301707 (34.8521%)
entry 6031000/17301707 (34.8578%)
entry 6035000/17301707 (34.8809%)
entry 6043000/17301707 (34.9272%)
entry 6046000/17301707 (34.9445%)
entry 6047000/17301707 (34.9503%)
entry 6053000/17301707 (34.985%)
entry 6055000/17301707 (34.9965%)
entry 6062000/17301707 (35.037%)
entry 6063000/17301707 (35.0428%)
entry 6064000/17301707 (35.0486%)
entry 6067000/17301707 (35.0659%)
entry 6068000/17301707 (35.0717%)
entry 6070000/17301707 (35.0832%)
entry 6072000/17301707 (35.0948%)
entry 6073000/17301707 (35.1006%)
entry 6077000/17301707 (35.1237%)
entry 6078000/17301707 (35.1295%)
entry 6079000/17301707 (35.1353%)
entry 6084000/17301707 (35.1642%)
entry 6087000/17301707 (35.1815%)
entry 6091000/17301707 (35.2046%)
entry 6103000/17301707 (35.274%)
entry 6108000/17301707 (35.3029%)
entry 6113000/17301707 (35.3318%)
entry 6114000/17301707 (35.3376%)
entry 6116000/17301707 (35.3491%)
entry 6117000/17301707 (35.3549%)
entry 6118000/17301707 (35.3607%)
entry 6119000/17301707 (35.3665%)
entry 6120000/17301707 (35.3722%)
entry 6121000/17301707 (35.378%)
entry 6129000/17301707 (35.4242%)
entry 6136000/17301707 (35.4647%)
entry 6138000/17301707 (35.4763%)
entry 6140000/17301707 (35.4878%)
entry 6145000/17301707 (35.5167%)
entry 6146000/17301707 (35.5225%)
entry 6149000/17301707 (35.5398%)
entry 6150000/17301707 (35.5456%)
entry 6151000/17301707 (35.5514%)
entry 6152000/17301707 (35.5572%)
entry 6153000/17301707 (35.563%)
entry 6155000/17301707 (35.5745%)
entry 6156000/17301707 (35.5803%)
entry 6159000/17301707 (35.5976%)
entry 6160000/17301707 (35.6034%)
entry 6161000/17301707 (35.6092%)
entry 6162000/17301707 (35.615%)
entry 6169000/17301707 (35.6554%)
entry 6170000/17301707 (35.6612%)
entry 6178000/17301707 (35.7075%)
entry 6179000/17301707 (35.7132%)
entry 6180000/17301707 (35.719%)
entry 6184000/17301707 (35.7421%)
entry 6185000/17301707 (35.7479%)
entry 6187000/17301707 (35.7595%)
entry 6202000/17301707 (35.8462%)
entry 6207000/17301707 (35.8751%)
entry 6208000/17301707 (35.8809%)
entry 6211000/17301707 (35.8982%)
entry 6213000/17301707 (35.9097%)
entry 6217000/17301707 (35.9329%)
entry 6218000/17301707 (35.9386%)
entry 6220000/17301707 (35.9502%)
entry 6222000/17301707 (35.9618%)
entry 6227000/17301707 (35.9907%)
entry 6233000/17301707 (36.0253%)
entry 6236000/17301707 (36.0427%)
entry 6237000/17301707 (36.0485%)
entry 6239000/17301707 (36.06%)
entry 6242000/17301707 (36.0774%)
entry 6247000/17301707 (36.1063%)
entry 6251000/17301707 (36.1294%)
entry 6252000/17301707 (36.1352%)
entry 6254000/17301707 (36.1467%)
entry 6255000/17301707 (36.1525%)
entry 6266000/17301707 (36.2161%)
entry 6268000/17301707 (36.2276%)
entry 6269000/17301707 (36.2334%)
entry 6270000/17301707 (36.2392%)
entry 6271000/17301707 (36.245%)
entry 6274000/17301707 (36.2623%)
entry 6278000/17301707 (36.2854%)
entry 6283000/17301707 (36.3143%)
entry 6284000/17301707 (36.3201%)
entry 6285000/17301707 (36.3259%)
entry 6292000/17301707 (36.3664%)
entry 6299000/17301707 (36.4068%)
entry 6308000/17301707 (36.4588%)
entry 6315000/17301707 (36.4993%)
entry 6317000/17301707 (36.5108%)
entry 6320000/17301707 (36.5282%)
entry 6324000/17301707 (36.5513%)
entry 6325000/17301707 (36.5571%)
entry 6327000/17301707 (36.5686%)
entry 6328000/17301707 (36.5744%)
entry 6331000/17301707 (36.5918%)
entry 6332000/17301707 (36.5975%)
entry 6334000/17301707 (36.6091%)
entry 6337000/17301707 (36.6264%)
entry 6338000/17301707 (36.6322%)
entry 6339000/17301707 (36.638%)
entry 6341000/17301707 (36.6496%)
entry 6342000/17301707 (36.6553%)
entry 6345000/17301707 (36.6727%)
entry 6350000/17301707 (36.7016%)
entry 6356000/17301707 (36.7363%)
entry 6357000/17301707 (36.742%)
entry 6359000/17301707 (36.7536%)
entry 6360000/17301707 (36.7594%)
entry 6361000/17301707 (36.7652%)
entry 6368000/17301707 (36.8056%)
entry 6372000/17301707 (36.8287%)
entry 6379000/17301707 (36.8692%)
entry 6383000/17301707 (36.8923%)
entry 6385000/17301707 (36.9039%)
entry 6388000/17301707 (36.9212%)
entry 6391000/17301707 (36.9386%)
entry 6392000/17301707 (36.9443%)
entry 6393000/17301707 (36.9501%)
entry 6400000/17301707 (36.9906%)
entry 6401000/17301707 (36.9963%)
entry 6402000/17301707 (37.0021%)
entry 6404000/17301707 (37.0137%)
entry 6405000/17301707 (37.0195%)
entry 6407000/17301707 (37.031%)
entry 6408000/17301707 (37.0368%)
entry 6409000/17301707 (37.0426%)
entry 6412000/17301707 (37.0599%)
entry 6416000/17301707 (37.083%)
entry 6418000/17301707 (37.0946%)
entry 6420000/17301707 (37.1062%)
entry 6425000/17301707 (37.1351%)
entry 6432000/17301707 (37.1755%)
entry 6434000/17301707 (37.1871%)
entry 6437000/17301707 (37.2044%)
entry 6441000/17301707 (37.2275%)
entry 6443000/17301707 (37.2391%)
entry 6446000/17301707 (37.2564%)
entry 6449000/17301707 (37.2738%)
entry 6456000/17301707 (37.3142%)
entry 6463000/17301707 (37.3547%)
entry 6466000/17301707 (37.372%)
entry 6469000/17301707 (37.3894%)
entry 6470000/17301707 (37.3952%)
entry 6473000/17301707 (37.4125%)
entry 6475000/17301707 (37.4241%)
entry 6476000/17301707 (37.4298%)
entry 6477000/17301707 (37.4356%)
entry 6478000/17301707 (37.4414%)
entry 6482000/17301707 (37.4645%)
entry 6486000/17301707 (37.4876%)
entry 6487000/17301707 (37.4934%)
entry 6489000/17301707 (37.505%)
entry 6491000/17301707 (37.5165%)
entry 6492000/17301707 (37.5223%)
entry 6493000/17301707 (37.5281%)
entry 6494000/17301707 (37.5339%)
entry 6503000/17301707 (37.5859%)
entry 6510000/17301707 (37.6263%)
entry 6511000/17301707 (37.6321%)
entry 6512000/17301707 (37.6379%)
entry 6519000/17301707 (37.6784%)
entry 6522000/17301707 (37.6957%)
entry 6523000/17301707 (37.7015%)
entry 6524000/17301707 (37.7073%)
entry 6526000/17301707 (37.7188%)
entry 6531000/17301707 (37.7477%)
entry 6533000/17301707 (37.7593%)
entry 6537000/17301707 (37.7824%)
entry 6539000/17301707 (37.794%)
entry 6544000/17301707 (37.8229%)
entry 6545000/17301707 (37.8286%)
entry 6550000/17301707 (37.8575%)
entry 6557000/17301707 (37.898%)
entry 6559000/17301707 (37.9096%)
entry 6561000/17301707 (37.9211%)
entry 6564000/17301707 (37.9385%)
entry 6568000/17301707 (37.9616%)
entry 6569000/17301707 (37.9674%)
entry 6574000/17301707 (37.9962%)
entry 6579000/17301707 (38.0251%)
entry 6583000/17301707 (38.0483%)
entry 6584000/17301707 (38.054%)
entry 6587000/17301707 (38.0714%)
entry 6592000/17301707 (38.1003%)
entry 6593000/17301707 (38.1061%)
entry 6594000/17301707 (38.1118%)
entry 6597000/17301707 (38.1292%)
entry 6602000/17301707 (38.1581%)
entry 6605000/17301707 (38.1754%)
entry 6606000/17301707 (38.1812%)
entry 6607000/17301707 (38.187%)
entry 6609000/17301707 (38.1985%)
entry 6610000/17301707 (38.2043%)
entry 6615000/17301707 (38.2332%)
entry 6617000/17301707 (38.2448%)
entry 6618000/17301707 (38.2506%)
entry 6621000/17301707 (38.2679%)
entry 6623000/17301707 (38.2795%)
entry 6626000/17301707 (38.2968%)
entry 6627000/17301707 (38.3026%)
entry 6632000/17301707 (38.3315%)
entry 6635000/17301707 (38.3488%)
entry 6638000/17301707 (38.3662%)
entry 6640000/17301707 (38.3777%)
entry 6643000/17301707 (38.3951%)
entry 6644000/17301707 (38.4008%)
entry 6647000/17301707 (38.4182%)
entry 6651000/17301707 (38.4413%)
entry 6652000/17301707 (38.4471%)
entry 6656000/17301707 (38.4702%)
entry 6657000/17301707 (38.476%)
entry 6661000/17301707 (38.4991%)
entry 6662000/17301707 (38.5049%)
entry 6671000/17301707 (38.5569%)
entry 6675000/17301707 (38.58%)
entry 6676000/17301707 (38.5858%)
entry 6677000/17301707 (38.5916%)
entry 6679000/17301707 (38.6031%)
entry 6685000/17301707 (38.6378%)
entry 6686000/17301707 (38.6436%)
entry 6687000/17301707 (38.6494%)
entry 6688000/17301707 (38.6551%)
entry 6689000/17301707 (38.6609%)
entry 6690000/17301707 (38.6667%)
entry 6692000/17301707 (38.6783%)
entry 6698000/17301707 (38.7129%)
entry 6701000/17301707 (38.7303%)
entry 6708000/17301707 (38.7707%)
entry 6709000/17301707 (38.7765%)
entry 6713000/17301707 (38.7996%)
entry 6714000/17301707 (38.8054%)
entry 6717000/17301707 (38.8228%)
entry 6718000/17301707 (38.8285%)
entry 6721000/17301707 (38.8459%)
entry 6722000/17301707 (38.8517%)
entry 6723000/17301707 (38.8574%)
entry 6725000/17301707 (38.869%)
entry 6726000/17301707 (38.8748%)
entry 6727000/17301707 (38.8806%)
entry 6728000/17301707 (38.8863%)
entry 6732000/17301707 (38.9095%)
entry 6733000/17301707 (38.9152%)
entry 6734000/17301707 (38.921%)
entry 6735000/17301707 (38.9268%)
entry 6737000/17301707 (38.9384%)
entry 6740000/17301707 (38.9557%)
entry 6742000/17301707 (38.9673%)
entry 6743000/17301707 (38.973%)
entry 6744000/17301707 (38.9788%)
entry 6747000/17301707 (38.9962%)
entry 6751000/17301707 (39.0193%)
entry 6753000/17301707 (39.0308%)
entry 6754000/17301707 (39.0366%)
entry 6757000/17301707 (39.0539%)
entry 6759000/17301707 (39.0655%)
entry 6760000/17301707 (39.0713%)
entry 6762000/17301707 (39.0828%)
entry 6765000/17301707 (39.1002%)
entry 6767000/17301707 (39.1117%)
entry 6774000/17301707 (39.1522%)
entry 6775000/17301707 (39.158%)
entry 6779000/17301707 (39.1811%)
entry 6780000/17301707 (39.1869%)
entry 6782000/17301707 (39.1984%)
entry 6783000/17301707 (39.2042%)
entry 6787000/17301707 (39.2273%)
entry 6791000/17301707 (39.2505%)
entry 6795000/17301707 (39.2736%)
entry 6802000/17301707 (39.314%)
entry 6806000/17301707 (39.3372%)
entry 6808000/17301707 (39.3487%)
entry 6810000/17301707 (39.3603%)
entry 6811000/17301707 (39.3661%)
entry 6812000/17301707 (39.3718%)
entry 6813000/17301707 (39.3776%)
entry 6818000/17301707 (39.4065%)
entry 6822000/17301707 (39.4296%)
entry 6823000/17301707 (39.4354%)
entry 6825000/17301707 (39.447%)
entry 6829000/17301707 (39.4701%)
entry 6832000/17301707 (39.4874%)
entry 6834000/17301707 (39.499%)
entry 6836000/17301707 (39.5106%)
entry 6838000/17301707 (39.5221%)
entry 6842000/17301707 (39.5452%)
entry 6846000/17301707 (39.5683%)
entry 6849000/17301707 (39.5857%)
entry 6853000/17301707 (39.6088%)
entry 6856000/17301707 (39.6261%)
entry 6861000/17301707 (39.655%)
entry 6865000/17301707 (39.6782%)
entry 6866000/17301707 (39.6839%)
entry 6868000/17301707 (39.6955%)
entry 6870000/17301707 (39.7071%)
entry 6873000/17301707 (39.7244%)
entry 6881000/17301707 (39.7706%)
entry 6888000/17301707 (39.8111%)
entry 6891000/17301707 (39.8284%)
entry 6900000/17301707 (39.8805%)
entry 6905000/17301707 (39.9094%)
entry 6909000/17301707 (39.9325%)
entry 6912000/17301707 (39.9498%)
entry 6916000/17301707 (39.9729%)
entry 6919000/17301707 (39.9903%)
entry 6920000/17301707 (39.9961%)
entry 6922000/17301707 (40.0076%)
entry 6923000/17301707 (40.0134%)
entry 6927000/17301707 (40.0365%)
entry 6931000/17301707 (40.0596%)
entry 6932000/17301707 (40.0654%)
entry 6934000/17301707 (40.077%)
entry 6935000/17301707 (40.0827%)
entry 6938000/17301707 (40.1001%)
entry 6939000/17301707 (40.1059%)
entry 6941000/17301707 (40.1174%)
entry 6942000/17301707 (40.1232%)
entry 6947000/17301707 (40.1521%)
entry 6948000/17301707 (40.1579%)
entry 6951000/17301707 (40.1752%)
entry 6956000/17301707 (40.2041%)
entry 6959000/17301707 (40.2215%)
entry 6967000/17301707 (40.2677%)
entry 6968000/17301707 (40.2735%)
entry 6976000/17301707 (40.3197%)
entry 6977000/17301707 (40.3255%)
entry 6978000/17301707 (40.3313%)
entry 6981000/17301707 (40.3486%)
entry 6982000/17301707 (40.3544%)
entry 6983000/17301707 (40.3602%)
entry 6984000/17301707 (40.366%)
entry 6985000/17301707 (40.3717%)
entry 6986000/17301707 (40.3775%)
entry 6987000/17301707 (40.3833%)
entry 6999000/17301707 (40.4527%)
entry 7000000/17301707 (40.4584%)
entry 7003000/17301707 (40.4758%)
entry 7006000/17301707 (40.4931%)
entry 7013000/17301707 (40.5336%)
entry 7022000/17301707 (40.5856%)
entry 7023000/17301707 (40.5914%)
entry 7026000/17301707 (40.6087%)
entry 7031000/17301707 (40.6376%)
entry 7033000/17301707 (40.6492%)
entry 7037000/17301707 (40.6723%)
entry 7039000/17301707 (40.6838%)
entry 7041000/17301707 (40.6954%)
entry 7044000/17301707 (40.7127%)
entry 7048000/17301707 (40.7359%)
entry 7050000/17301707 (40.7474%)
entry 7051000/17301707 (40.7532%)
entry 7056000/17301707 (40.7821%)
entry 7064000/17301707 (40.8283%)
entry 7069000/17301707 (40.8572%)
entry 7073000/17301707 (40.8804%)
entry 7075000/17301707 (40.8919%)
entry 7078000/17301707 (40.9093%)
entry 7082000/17301707 (40.9324%)
entry 7084000/17301707 (40.9439%)
entry 7085000/17301707 (40.9497%)
entry 7086000/17301707 (40.9555%)
entry 7088000/17301707 (40.9671%)
entry 7091000/17301707 (40.9844%)
entry 7093000/17301707 (40.996%)
entry 7094000/17301707 (41.0017%)
entry 7099000/17301707 (41.0306%)
entry 7104000/17301707 (41.0595%)
entry 7110000/17301707 (41.0942%)
entry 7115000/17301707 (41.1231%)
entry 7132000/17301707 (41.2214%)
entry 7133000/17301707 (41.2271%)
entry 7135000/17301707 (41.2387%)
entry 7139000/17301707 (41.2618%)
entry 7143000/17301707 (41.2849%)
entry 7144000/17301707 (41.2907%)
entry 7145000/17301707 (41.2965%)
entry 7146000/17301707 (41.3023%)
entry 7150000/17301707 (41.3254%)
entry 7157000/17301707 (41.3659%)
entry 7162000/17301707 (41.3948%)
entry 7163000/17301707 (41.4005%)
entry 7164000/17301707 (41.4063%)
entry 7166000/17301707 (41.4179%)
entry 7170000/17301707 (41.441%)
entry 7171000/17301707 (41.4468%)
entry 7177000/17301707 (41.4815%)
entry 7179000/17301707 (41.493%)
entry 7180000/17301707 (41.4988%)
entry 7184000/17301707 (41.5219%)
entry 7185000/17301707 (41.5277%)
entry 7188000/17301707 (41.545%)
entry 7190000/17301707 (41.5566%)
entry 7191000/17301707 (41.5624%)
entry 7194000/17301707 (41.5797%)
entry 7195000/17301707 (41.5855%)
entry 7196000/17301707 (41.5913%)
entry 7199000/17301707 (41.6086%)
entry 7200000/17301707 (41.6144%)
entry 7201000/17301707 (41.6202%)
entry 7203000/17301707 (41.6317%)
entry 7208000/17301707 (41.6606%)
entry 7209000/17301707 (41.6664%)
entry 7214000/17301707 (41.6953%)
entry 7222000/17301707 (41.7415%)
entry 7225000/17301707 (41.7589%)
entry 7226000/17301707 (41.7647%)
entry 7227000/17301707 (41.7704%)
entry 7228000/17301707 (41.7762%)
entry 7230000/17301707 (41.7878%)
entry 7240000/17301707 (41.8456%)
entry 7241000/17301707 (41.8514%)
entry 7245000/17301707 (41.8745%)
entry 7247000/17301707 (41.886%)
entry 7249000/17301707 (41.8976%)
entry 7253000/17301707 (41.9207%)
entry 7254000/17301707 (41.9265%)
entry 7266000/17301707 (41.9959%)
entry 7267000/17301707 (42.0016%)
entry 7272000/17301707 (42.0305%)
entry 7273000/17301707 (42.0363%)
entry 7275000/17301707 (42.0479%)
entry 7276000/17301707 (42.0537%)
entry 7277000/17301707 (42.0594%)
entry 7281000/17301707 (42.0826%)
entry 7290000/17301707 (42.1346%)
entry 7295000/17301707 (42.1635%)
entry 7304000/17301707 (42.2155%)
entry 7311000/17301707 (42.2559%)
entry 7315000/17301707 (42.2791%)
entry 7317000/17301707 (42.2906%)
entry 7319000/17301707 (42.3022%)
entry 7321000/17301707 (42.3137%)
entry 7322000/17301707 (42.3195%)
entry 7323000/17301707 (42.3253%)
entry 7328000/17301707 (42.3542%)
entry 7331000/17301707 (42.3715%)
entry 7339000/17301707 (42.4178%)
entry 7340000/17301707 (42.4236%)
entry 7342000/17301707 (42.4351%)
entry 7344000/17301707 (42.4467%)
entry 7345000/17301707 (42.4525%)
entry 7346000/17301707 (42.4582%)
entry 7351000/17301707 (42.4871%)
entry 7355000/17301707 (42.5103%)
entry 7357000/17301707 (42.5218%)
entry 7362000/17301707 (42.5507%)
entry 7363000/17301707 (42.5565%)
entry 7367000/17301707 (42.5796%)
entry 7376000/17301707 (42.6316%)
entry 7379000/17301707 (42.649%)
entry 7388000/17301707 (42.701%)
entry 7395000/17301707 (42.7414%)
entry 7400000/17301707 (42.7703%)
entry 7410000/17301707 (42.8281%)
entry 7419000/17301707 (42.8802%)
entry 7422000/17301707 (42.8975%)
entry 7423000/17301707 (42.9033%)
entry 7425000/17301707 (42.9148%)
entry 7438000/17301707 (42.99%)
entry 7439000/17301707 (42.9958%)
entry 7442000/17301707 (43.0131%)
entry 7443000/17301707 (43.0189%)
entry 7445000/17301707 (43.0304%)
entry 7446000/17301707 (43.0362%)
entry 7448000/17301707 (43.0478%)
entry 7449000/17301707 (43.0536%)
entry 7450000/17301707 (43.0593%)
entry 7453000/17301707 (43.0767%)
entry 7454000/17301707 (43.0825%)
entry 7457000/17301707 (43.0998%)
entry 7461000/17301707 (43.1229%)
entry 7463000/17301707 (43.1345%)
entry 7466000/17301707 (43.1518%)
entry 7467000/17301707 (43.1576%)
entry 7470000/17301707 (43.1749%)
entry 7471000/17301707 (43.1807%)
entry 7478000/17301707 (43.2212%)
entry 7479000/17301707 (43.2269%)
entry 7485000/17301707 (43.2616%)
entry 7487000/17301707 (43.2732%)
entry 7489000/17301707 (43.2847%)
entry 7490000/17301707 (43.2905%)
entry 7496000/17301707 (43.3252%)
entry 7498000/17301707 (43.3368%)
entry 7499000/17301707 (43.3425%)
entry 7500000/17301707 (43.3483%)
entry 7501000/17301707 (43.3541%)
entry 7503000/17301707 (43.3657%)
entry 7505000/17301707 (43.3772%)
entry 7506000/17301707 (43.383%)
entry 7507000/17301707 (43.3888%)
entry 7508000/17301707 (43.3946%)
entry 7511000/17301707 (43.4119%)
entry 7517000/17301707 (43.4466%)
entry 7519000/17301707 (43.4581%)
entry 7521000/17301707 (43.4697%)
entry 7523000/17301707 (43.4813%)
entry 7524000/17301707 (43.487%)
entry 7530000/17301707 (43.5217%)
entry 7531000/17301707 (43.5275%)
entry 7532000/17301707 (43.5333%)
entry 7533000/17301707 (43.5391%)
entry 7534000/17301707 (43.5448%)
entry 7535000/17301707 (43.5506%)
entry 7541000/17301707 (43.5853%)
entry 7544000/17301707 (43.6026%)
entry 7547000/17301707 (43.62%)
entry 7552000/17301707 (43.6489%)
entry 7558000/17301707 (43.6835%)
entry 7559000/17301707 (43.6893%)
entry 7564000/17301707 (43.7182%)
entry 7577000/17301707 (43.7934%)
entry 7580000/17301707 (43.8107%)
entry 7581000/17301707 (43.8165%)
entry 7588000/17301707 (43.8569%)
entry 7589000/17301707 (43.8627%)
entry 7591000/17301707 (43.8743%)
entry 7592000/17301707 (43.8801%)
entry 7594000/17301707 (43.8916%)
entry 7599000/17301707 (43.9205%)
entry 7600000/17301707 (43.9263%)
entry 7605000/17301707 (43.9552%)
entry 7606000/17301707 (43.961%)
entry 7607000/17301707 (43.9668%)
entry 7611000/17301707 (43.9899%)
entry 7612000/17301707 (43.9957%)
entry 7616000/17301707 (44.0188%)
entry 7619000/17301707 (44.0361%)
entry 7620000/17301707 (44.0419%)
entry 7621000/17301707 (44.0477%)
entry 7623000/17301707 (44.0592%)
entry 7628000/17301707 (44.0881%)
entry 7630000/17301707 (44.0997%)
entry 7632000/17301707 (44.1113%)
entry 7633000/17301707 (44.117%)
entry 7634000/17301707 (44.1228%)
entry 7636000/17301707 (44.1344%)
entry 7640000/17301707 (44.1575%)
entry 7646000/17301707 (44.1922%)
entry 7652000/17301707 (44.2268%)
entry 7656000/17301707 (44.25%)
entry 7659000/17301707 (44.2673%)
entry 7661000/17301707 (44.2789%)
entry 7663000/17301707 (44.2904%)
entry 7667000/17301707 (44.3135%)
entry 7669000/17301707 (44.3251%)
entry 7673000/17301707 (44.3482%)
entry 7674000/17301707 (44.354%)
entry 7675000/17301707 (44.3598%)
entry 7677000/17301707 (44.3713%)
entry 7680000/17301707 (44.3887%)
entry 7681000/17301707 (44.3945%)
entry 7682000/17301707 (44.4002%)
entry 7683000/17301707 (44.406%)
entry 7684000/17301707 (44.4118%)
entry 7689000/17301707 (44.4407%)
entry 7691000/17301707 (44.4523%)
entry 7692000/17301707 (44.458%)
entry 7695000/17301707 (44.4754%)
entry 7700000/17301707 (44.5043%)
entry 7705000/17301707 (44.5332%)
entry 7708000/17301707 (44.5505%)
entry 7711000/17301707 (44.5679%)
entry 7717000/17301707 (44.6025%)
entry 7718000/17301707 (44.6083%)
entry 7722000/17301707 (44.6314%)
entry 7725000/17301707 (44.6488%)
entry 7728000/17301707 (44.6661%)
entry 7732000/17301707 (44.6892%)
entry 7733000/17301707 (44.695%)
entry 7734000/17301707 (44.7008%)
entry 7735000/17301707 (44.7066%)
entry 7738000/17301707 (44.7239%)
entry 7740000/17301707 (44.7355%)
entry 7741000/17301707 (44.7412%)
entry 7743000/17301707 (44.7528%)
entry 7744000/17301707 (44.7586%)
entry 7745000/17301707 (44.7644%)
entry 7748000/17301707 (44.7817%)
entry 7753000/17301707 (44.8106%)
entry 7759000/17301707 (44.8453%)
entry 7760000/17301707 (44.8511%)
entry 7762000/17301707 (44.8626%)
entry 7767000/17301707 (44.8915%)
entry 7768000/17301707 (44.8973%)
entry 7777000/17301707 (44.9493%)
entry 7781000/17301707 (44.9724%)
entry 7784000/17301707 (44.9898%)
entry 7786000/17301707 (45.0013%)
entry 7787000/17301707 (45.0071%)
entry 7789000/17301707 (45.0187%)
entry 7790000/17301707 (45.0245%)
entry 7791000/17301707 (45.0302%)
entry 7792000/17301707 (45.036%)
entry 7795000/17301707 (45.0534%)
entry 7809000/17301707 (45.1343%)
entry 7811000/17301707 (45.1458%)
entry 7816000/17301707 (45.1747%)
entry 7818000/17301707 (45.1863%)
entry 7819000/17301707 (45.1921%)
entry 7821000/17301707 (45.2036%)
entry 7824000/17301707 (45.221%)
entry 7828000/17301707 (45.2441%)
entry 7834000/17301707 (45.2788%)
entry 7835000/17301707 (45.2845%)
entry 7840000/17301707 (45.3134%)
entry 7847000/17301707 (45.3539%)
entry 7848000/17301707 (45.3597%)
entry 7851000/17301707 (45.377%)
entry 7856000/17301707 (45.4059%)
entry 7857000/17301707 (45.4117%)
entry 7858000/17301707 (45.4175%)
entry 7860000/17301707 (45.429%)
entry 7866000/17301707 (45.4637%)
entry 7867000/17301707 (45.4695%)
entry 7869000/17301707 (45.4811%)
entry 7876000/17301707 (45.5215%)
entry 7878000/17301707 (45.5331%)
entry 7883000/17301707 (45.562%)
entry 7886000/17301707 (45.5793%)
entry 7887000/17301707 (45.5851%)
entry 7889000/17301707 (45.5967%)
entry 7890000/17301707 (45.6024%)
entry 7893000/17301707 (45.6198%)
entry 7894000/17301707 (45.6256%)
entry 7896000/17301707 (45.6371%)
entry 7902000/17301707 (45.6718%)
entry 7903000/17301707 (45.6776%)
entry 7904000/17301707 (45.6834%)
entry 7905000/17301707 (45.6891%)
entry 7907000/17301707 (45.7007%)
entry 7910000/17301707 (45.718%)
entry 7912000/17301707 (45.7296%)
entry 7916000/17301707 (45.7527%)
entry 7918000/17301707 (45.7643%)
entry 7921000/17301707 (45.7816%)
entry 7923000/17301707 (45.7932%)
entry 7925000/17301707 (45.8047%)
entry 7926000/17301707 (45.8105%)
entry 7930000/17301707 (45.8336%)
entry 7936000/17301707 (45.8683%)
entry 7938000/17301707 (45.8799%)
entry 7939000/17301707 (45.8856%)
entry 7945000/17301707 (45.9203%)
entry 7948000/17301707 (45.9377%)
entry 7950000/17301707 (45.9492%)
entry 7958000/17301707 (45.9955%)
entry 7959000/17301707 (46.0012%)
entry 7962000/17301707 (46.0186%)
entry 7963000/17301707 (46.0244%)
entry 7964000/17301707 (46.0301%)
entry 7965000/17301707 (46.0359%)
entry 7970000/17301707 (46.0648%)
entry 7976000/17301707 (46.0995%)
entry 7979000/17301707 (46.1168%)
entry 7980000/17301707 (46.1226%)
entry 7984000/17301707 (46.1457%)
entry 7986000/17301707 (46.1573%)
entry 7987000/17301707 (46.1631%)
entry 7988000/17301707 (46.1689%)
entry 7989000/17301707 (46.1746%)
entry 8001000/17301707 (46.244%)
entry 8003000/17301707 (46.2555%)
entry 8004000/17301707 (46.2613%)
entry 8005000/17301707 (46.2671%)
entry 8008000/17301707 (46.2844%)
entry 8009000/17301707 (46.2902%)
entry 8010000/17301707 (46.296%)
entry 8013000/17301707 (46.3133%)
entry 8015000/17301707 (46.3249%)
entry 8018000/17301707 (46.3422%)
entry 8019000/17301707 (46.348%)
entry 8021000/17301707 (46.3596%)
entry 8027000/17301707 (46.3943%)
entry 8032000/17301707 (46.4232%)
entry 8036000/17301707 (46.4463%)
entry 8052000/17301707 (46.5388%)
entry 8053000/17301707 (46.5445%)
entry 8054000/17301707 (46.5503%)
entry 8061000/17301707 (46.5908%)
entry 8063000/17301707 (46.6023%)
entry 8066000/17301707 (46.6197%)
entry 8071000/17301707 (46.6486%)
entry 8073000/17301707 (46.6601%)
entry 8076000/17301707 (46.6775%)
entry 8077000/17301707 (46.6833%)
entry 8078000/17301707 (46.689%)
entry 8079000/17301707 (46.6948%)
entry 8082000/17301707 (46.7122%)
entry 8085000/17301707 (46.7295%)
entry 8087000/17301707 (46.7411%)
entry 8092000/17301707 (46.7699%)
entry 8093000/17301707 (46.7757%)
entry 8098000/17301707 (46.8046%)
entry 8103000/17301707 (46.8335%)
entry 8106000/17301707 (46.8509%)
entry 8107000/17301707 (46.8566%)
entry 8108000/17301707 (46.8624%)
entry 8109000/17301707 (46.8682%)
entry 8112000/17301707 (46.8855%)
entry 8114000/17301707 (46.8971%)
entry 8115000/17301707 (46.9029%)
entry 8120000/17301707 (46.9318%)
entry 8124000/17301707 (46.9549%)
entry 8125000/17301707 (46.9607%)
entry 8126000/17301707 (46.9665%)
entry 8132000/17301707 (47.0011%)
entry 8133000/17301707 (47.0069%)
entry 8138000/17301707 (47.0358%)
entry 8141000/17301707 (47.0532%)
entry 8143000/17301707 (47.0647%)
entry 8147000/17301707 (47.0878%)
entry 8151000/17301707 (47.111%)
entry 8152000/17301707 (47.1167%)
entry 8154000/17301707 (47.1283%)
entry 8157000/17301707 (47.1456%)
entry 8161000/17301707 (47.1688%)
entry 8164000/17301707 (47.1861%)
entry 8169000/17301707 (47.215%)
entry 8177000/17301707 (47.2612%)
entry 8181000/17301707 (47.2843%)
entry 8182000/17301707 (47.2901%)
entry 8190000/17301707 (47.3364%)
entry 8192000/17301707 (47.3479%)
entry 8195000/17301707 (47.3653%)
entry 8199000/17301707 (47.3884%)
entry 8200000/17301707 (47.3942%)
entry 8203000/17301707 (47.4115%)
entry 8208000/17301707 (47.4404%)
entry 8210000/17301707 (47.452%)
entry 8212000/17301707 (47.4635%)
entry 8215000/17301707 (47.4809%)
entry 8216000/17301707 (47.4866%)
entry 8219000/17301707 (47.504%)
entry 8225000/17301707 (47.5387%)
entry 8226000/17301707 (47.5444%)
entry 8237000/17301707 (47.608%)
entry 8238000/17301707 (47.6138%)
entry 8239000/17301707 (47.6196%)
entry 8240000/17301707 (47.6254%)
entry 8242000/17301707 (47.6369%)
entry 8243000/17301707 (47.6427%)
entry 8245000/17301707 (47.6543%)
entry 8247000/17301707 (47.6658%)
entry 8248000/17301707 (47.6716%)
entry 8249000/17301707 (47.6774%)
entry 8250000/17301707 (47.6832%)
entry 8251000/17301707 (47.6889%)
entry 8254000/17301707 (47.7063%)
entry 8258000/17301707 (47.7294%)
entry 8259000/17301707 (47.7352%)
entry 8260000/17301707 (47.741%)
entry 8261000/17301707 (47.7467%)
entry 8262000/17301707 (47.7525%)
entry 8266000/17301707 (47.7756%)
entry 8271000/17301707 (47.8045%)
entry 8281000/17301707 (47.8623%)
entry 8284000/17301707 (47.8797%)
entry 8287000/17301707 (47.897%)
entry 8289000/17301707 (47.9086%)
entry 8290000/17301707 (47.9143%)
entry 8291000/17301707 (47.9201%)
entry 8292000/17301707 (47.9259%)
entry 8294000/17301707 (47.9375%)
entry 8302000/17301707 (47.9837%)
entry 8303000/17301707 (47.9895%)
entry 8309000/17301707 (48.0242%)
entry 8311000/17301707 (48.0357%)
entry 8312000/17301707 (48.0415%)
entry 8314000/17301707 (48.0531%)
entry 8317000/17301707 (48.0704%)
entry 8318000/17301707 (48.0762%)
entry 8321000/17301707 (48.0935%)
entry 8328000/17301707 (48.134%)
entry 8331000/17301707 (48.1513%)
entry 8332000/17301707 (48.1571%)
entry 8333000/17301707 (48.1629%)
entry 8341000/17301707 (48.2091%)
entry 8344000/17301707 (48.2265%)
entry 8348000/17301707 (48.2496%)
entry 8351000/17301707 (48.2669%)
entry 8353000/17301707 (48.2785%)
entry 8354000/17301707 (48.2843%)
entry 8357000/17301707 (48.3016%)
entry 8359000/17301707 (48.3131%)
entry 8360000/17301707 (48.3189%)
entry 8365000/17301707 (48.3478%)
entry 8366000/17301707 (48.3536%)
entry 8367000/17301707 (48.3594%)
entry 8368000/17301707 (48.3652%)
entry 8369000/17301707 (48.3709%)
entry 8370000/17301707 (48.3767%)
entry 8373000/17301707 (48.3941%)
entry 8374000/17301707 (48.3998%)
entry 8376000/17301707 (48.4114%)
entry 8377000/17301707 (48.4172%)
entry 8378000/17301707 (48.423%)
entry 8382000/17301707 (48.4461%)
entry 8383000/17301707 (48.4519%)
entry 8386000/17301707 (48.4692%)
entry 8388000/17301707 (48.4808%)
entry 8392000/17301707 (48.5039%)
entry 8399000/17301707 (48.5443%)
entry 8400000/17301707 (48.5501%)
entry 8401000/17301707 (48.5559%)
entry 8404000/17301707 (48.5732%)
entry 8407000/17301707 (48.5906%)
entry 8410000/17301707 (48.6079%)
entry 8414000/17301707 (48.631%)
entry 8416000/17301707 (48.6426%)
entry 8424000/17301707 (48.6888%)
entry 8427000/17301707 (48.7062%)
entry 8428000/17301707 (48.712%)
entry 8431000/17301707 (48.7293%)
entry 8435000/17301707 (48.7524%)
entry 8436000/17301707 (48.7582%)
entry 8437000/17301707 (48.764%)
entry 8444000/17301707 (48.8044%)
entry 8446000/17301707 (48.816%)
entry 8447000/17301707 (48.8218%)
entry 8453000/17301707 (48.8564%)
entry 8459000/17301707 (48.8911%)
entry 8468000/17301707 (48.9431%)
entry 8471000/17301707 (48.9605%)
entry 8474000/17301707 (48.9778%)
entry 8476000/17301707 (48.9894%)
entry 8489000/17301707 (49.0645%)
entry 8492000/17301707 (49.0819%)
entry 8494000/17301707 (49.0934%)
entry 8499000/17301707 (49.1223%)
entry 8501000/17301707 (49.1339%)
entry 8502000/17301707 (49.1397%)
entry 8507000/17301707 (49.1686%)
entry 8508000/17301707 (49.1743%)
entry 8509000/17301707 (49.1801%)
entry 8513000/17301707 (49.2032%)
entry 8514000/17301707 (49.209%)
entry 8515000/17301707 (49.2148%)
entry 8517000/17301707 (49.2264%)
entry 8518000/17301707 (49.2321%)
entry 8523000/17301707 (49.261%)
entry 8525000/17301707 (49.2726%)
entry 8526000/17301707 (49.2784%)
entry 8536000/17301707 (49.3362%)
entry 8539000/17301707 (49.3535%)
entry 8541000/17301707 (49.3651%)
entry 8542000/17301707 (49.3708%)
entry 8545000/17301707 (49.3882%)
entry 8546000/17301707 (49.394%)
entry 8547000/17301707 (49.3997%)
entry 8549000/17301707 (49.4113%)
entry 8551000/17301707 (49.4229%)
entry 8552000/17301707 (49.4286%)
entry 8554000/17301707 (49.4402%)
entry 8555000/17301707 (49.446%)
entry 8559000/17301707 (49.4691%)
entry 8560000/17301707 (49.4749%)
entry 8563000/17301707 (49.4922%)
entry 8565000/17301707 (49.5038%)
entry 8569000/17301707 (49.5269%)
entry 8573000/17301707 (49.55%)
entry 8575000/17301707 (49.5616%)
entry 8582000/17301707 (49.602%)
entry 8583000/17301707 (49.6078%)
entry 8589000/17301707 (49.6425%)
entry 8590000/17301707 (49.6483%)
entry 8595000/17301707 (49.6772%)
entry 8596000/17301707 (49.683%)
entry 8597000/17301707 (49.6887%)
entry 8599000/17301707 (49.7003%)
entry 8604000/17301707 (49.7292%)
entry 8610000/17301707 (49.7639%)
entry 8611000/17301707 (49.7697%)
entry 8613000/17301707 (49.7812%)
entry 8614000/17301707 (49.787%)
entry 8616000/17301707 (49.7986%)
entry 8617000/17301707 (49.8043%)
entry 8619000/17301707 (49.8159%)
entry 8628000/17301707 (49.8679%)
entry 8629000/17301707 (49.8737%)
entry 8634000/17301707 (49.9026%)
entry 8636000/17301707 (49.9141%)
entry 8637000/17301707 (49.9199%)
entry 8640000/17301707 (49.9373%)
entry 8642000/17301707 (49.9488%)
entry 8645000/17301707 (49.9662%)
entry 8648000/17301707 (49.9835%)
entry 8651000/17301707 (50.0008%)
entry 8653000/17301707 (50.0124%)
entry 8655000/17301707 (50.024%)
entry 8659000/17301707 (50.0471%)
entry 8665000/17301707 (50.0818%)
entry 8667000/17301707 (50.0933%)
entry 8668000/17301707 (50.0991%)
entry 8669000/17301707 (50.1049%)
entry 8674000/17301707 (50.1338%)
entry 8675000/17301707 (50.1396%)
entry 8676000/17301707 (50.1453%)
entry 8679000/17301707 (50.1627%)
entry 8684000/17301707 (50.1916%)
entry 8687000/17301707 (50.2089%)
entry 8689000/17301707 (50.2205%)
entry 8692000/17301707 (50.2378%)
entry 8693000/17301707 (50.2436%)
entry 8694000/17301707 (50.2494%)
entry 8696000/17301707 (50.2609%)
entry 8697000/17301707 (50.2667%)
entry 8698000/17301707 (50.2725%)
entry 8700000/17301707 (50.2841%)
entry 8703000/17301707 (50.3014%)
entry 8708000/17301707 (50.3303%)
entry 8710000/17301707 (50.3419%)
entry 8711000/17301707 (50.3476%)
entry 8715000/17301707 (50.3707%)
entry 8719000/17301707 (50.3939%)
entry 8721000/17301707 (50.4054%)
entry 8722000/17301707 (50.4112%)
entry 8726000/17301707 (50.4343%)
entry 8728000/17301707 (50.4459%)
entry 8733000/17301707 (50.4748%)
entry 8734000/17301707 (50.4806%)
entry 8739000/17301707 (50.5095%)
entry 8748000/17301707 (50.5615%)
entry 8749000/17301707 (50.5673%)
entry 8751000/17301707 (50.5788%)
entry 8752000/17301707 (50.5846%)
entry 8753000/17301707 (50.5904%)
entry 8762000/17301707 (50.6424%)
entry 8763000/17301707 (50.6482%)
entry 8767000/17301707 (50.6713%)
entry 8768000/17301707 (50.6771%)
entry 8772000/17301707 (50.7002%)
entry 8773000/17301707 (50.706%)
entry 8774000/17301707 (50.7118%)
entry 8777000/17301707 (50.7291%)
entry 8778000/17301707 (50.7349%)
entry 8780000/17301707 (50.7464%)
entry 8783000/17301707 (50.7638%)
entry 8784000/17301707 (50.7696%)
entry 8796000/17301707 (50.8389%)
entry 8797000/17301707 (50.8447%)
entry 8804000/17301707 (50.8851%)
entry 8810000/17301707 (50.9198%)
entry 8813000/17301707 (50.9372%)
entry 8816000/17301707 (50.9545%)
entry 8818000/17301707 (50.9661%)
entry 8822000/17301707 (50.9892%)
entry 8823000/17301707 (50.995%)
entry 8828000/17301707 (51.0239%)
entry 8829000/17301707 (51.0296%)
entry 8831000/17301707 (51.0412%)
entry 8833000/17301707 (51.0528%)
entry 8834000/17301707 (51.0585%)
entry 8835000/17301707 (51.0643%)
entry 8837000/17301707 (51.0759%)
entry 8841000/17301707 (51.099%)
entry 8843000/17301707 (51.1106%)
entry 8844000/17301707 (51.1163%)
entry 8845000/17301707 (51.1221%)
entry 8852000/17301707 (51.1626%)
entry 8854000/17301707 (51.1741%)
entry 8856000/17301707 (51.1857%)
entry 8857000/17301707 (51.1915%)
entry 8869000/17301707 (51.2608%)
entry 8872000/17301707 (51.2782%)
entry 8874000/17301707 (51.2897%)
entry 8877000/17301707 (51.3071%)
entry 8878000/17301707 (51.3129%)
entry 8879000/17301707 (51.3186%)
entry 8880000/17301707 (51.3244%)
entry 8888000/17301707 (51.3707%)
entry 8892000/17301707 (51.3938%)
entry 8893000/17301707 (51.3995%)
entry 8897000/17301707 (51.4227%)
entry 8901000/17301707 (51.4458%)
entry 8902000/17301707 (51.4516%)
entry 8903000/17301707 (51.4573%)
entry 8905000/17301707 (51.4689%)
entry 8907000/17301707 (51.4805%)
entry 8917000/17301707 (51.5383%)
entry 8918000/17301707 (51.544%)
entry 8919000/17301707 (51.5498%)
entry 8923000/17301707 (51.5729%)
entry 8924000/17301707 (51.5787%)
entry 8926000/17301707 (51.5903%)
entry 8927000/17301707 (51.5961%)
entry 8929000/17301707 (51.6076%)
entry 8933000/17301707 (51.6307%)
entry 8935000/17301707 (51.6423%)
entry 8936000/17301707 (51.6481%)
entry 8937000/17301707 (51.6539%)
entry 8940000/17301707 (51.6712%)
entry 8942000/17301707 (51.6828%)
entry 8947000/17301707 (51.7117%)
entry 8948000/17301707 (51.7174%)
entry 8950000/17301707 (51.729%)
entry 8955000/17301707 (51.7579%)
entry 8956000/17301707 (51.7637%)
entry 8959000/17301707 (51.781%)
entry 8966000/17301707 (51.8215%)
entry 8969000/17301707 (51.8388%)
entry 8971000/17301707 (51.8504%)
entry 8974000/17301707 (51.8677%)
entry 8978000/17301707 (51.8908%)
entry 8981000/17301707 (51.9082%)
entry 8989000/17301707 (51.9544%)
entry 8991000/17301707 (51.966%)
entry 8992000/17301707 (51.9717%)
entry 8993000/17301707 (51.9775%)
entry 8995000/17301707 (51.9891%)
entry 8997000/17301707 (52.0006%)
entry 8998000/17301707 (52.0064%)
entry 9000000/17301707 (52.018%)
entry 9002000/17301707 (52.0295%)
entry 9003000/17301707 (52.0353%)
entry 9012000/17301707 (52.0873%)
entry 9018000/17301707 (52.122%)
entry 9021000/17301707 (52.1394%)
entry 9024000/17301707 (52.1567%)
entry 9027000/17301707 (52.174%)
entry 9031000/17301707 (52.1972%)
entry 9035000/17301707 (52.2203%)
entry 9040000/17301707 (52.2492%)
entry 9041000/17301707 (52.255%)
entry 9049000/17301707 (52.3012%)
entry 9051000/17301707 (52.3128%)
entry 9053000/17301707 (52.3243%)
entry 9054000/17301707 (52.3301%)
entry 9058000/17301707 (52.3532%)
entry 9059000/17301707 (52.359%)
entry 9064000/17301707 (52.3879%)
entry 9075000/17301707 (52.4515%)
entry 9076000/17301707 (52.4572%)
entry 9077000/17301707 (52.463%)
entry 9079000/17301707 (52.4746%)
entry 9082000/17301707 (52.4919%)
entry 9087000/17301707 (52.5208%)
entry 9091000/17301707 (52.5439%)
entry 9096000/17301707 (52.5728%)
entry 9099000/17301707 (52.5902%)
entry 9101000/17301707 (52.6017%)
entry 9108000/17301707 (52.6422%)
entry 9109000/17301707 (52.648%)
entry 9115000/17301707 (52.6827%)
entry 9119000/17301707 (52.7058%)
entry 9120000/17301707 (52.7116%)
entry 9124000/17301707 (52.7347%)
entry 9126000/17301707 (52.7462%)
entry 9127000/17301707 (52.752%)
entry 9128000/17301707 (52.7578%)
entry 9130000/17301707 (52.7694%)
entry 9134000/17301707 (52.7925%)
entry 9136000/17301707 (52.804%)
entry 9147000/17301707 (52.8676%)
entry 9148000/17301707 (52.8734%)
entry 9150000/17301707 (52.885%)
entry 9155000/17301707 (52.9139%)
entry 9156000/17301707 (52.9196%)
entry 9157000/17301707 (52.9254%)
entry 9162000/17301707 (52.9543%)
entry 9168000/17301707 (52.989%)
entry 9169000/17301707 (52.9948%)
entry 9170000/17301707 (53.0005%)
entry 9172000/17301707 (53.0121%)
entry 9175000/17301707 (53.0294%)
entry 9179000/17301707 (53.0526%)
entry 9182000/17301707 (53.0699%)
entry 9186000/17301707 (53.093%)
entry 9190000/17301707 (53.1161%)
entry 9193000/17301707 (53.1335%)
entry 9195000/17301707 (53.145%)
entry 9198000/17301707 (53.1624%)
entry 9201000/17301707 (53.1797%)
entry 9204000/17301707 (53.1971%)
entry 9206000/17301707 (53.2086%)
entry 9207000/17301707 (53.2144%)
entry 9208000/17301707 (53.2202%)
entry 9209000/17301707 (53.226%)
entry 9210000/17301707 (53.2317%)
entry 9211000/17301707 (53.2375%)
entry 9214000/17301707 (53.2549%)
entry 9217000/17301707 (53.2722%)
entry 9218000/17301707 (53.278%)
entry 9219000/17301707 (53.2838%)
entry 9231000/17301707 (53.3531%)
entry 9233000/17301707 (53.3647%)
entry 9234000/17301707 (53.3705%)
entry 9237000/17301707 (53.3878%)
entry 9239000/17301707 (53.3994%)
entry 9242000/17301707 (53.4167%)
entry 9243000/17301707 (53.4225%)
entry 9244000/17301707 (53.4283%)
entry 9246000/17301707 (53.4398%)
entry 9250000/17301707 (53.4629%)
entry 9251000/17301707 (53.4687%)
entry 9255000/17301707 (53.4918%)
entry 9256000/17301707 (53.4976%)
entry 9264000/17301707 (53.5438%)
entry 9268000/17301707 (53.567%)
entry 9275000/17301707 (53.6074%)
entry 9280000/17301707 (53.6363%)
entry 9281000/17301707 (53.6421%)
entry 9282000/17301707 (53.6479%)
entry 9284000/17301707 (53.6594%)
entry 9289000/17301707 (53.6883%)
entry 9290000/17301707 (53.6941%)
entry 9296000/17301707 (53.7288%)
entry 9298000/17301707 (53.7404%)
entry 9299000/17301707 (53.7461%)
entry 9303000/17301707 (53.7693%)
entry 9309000/17301707 (53.8039%)
entry 9310000/17301707 (53.8097%)
entry 9312000/17301707 (53.8213%)
entry 9315000/17301707 (53.8386%)
entry 9317000/17301707 (53.8502%)
entry 9319000/17301707 (53.8617%)
entry 9321000/17301707 (53.8733%)
entry 9322000/17301707 (53.8791%)
entry 9323000/17301707 (53.8849%)
entry 9333000/17301707 (53.9427%)
entry 9334000/17301707 (53.9484%)
entry 9335000/17301707 (53.9542%)
entry 9337000/17301707 (53.9658%)
entry 9338000/17301707 (53.9716%)
entry 9339000/17301707 (53.9773%)
entry 9340000/17301707 (53.9831%)
entry 9341000/17301707 (53.9889%)
entry 9347000/17301707 (54.0236%)
entry 9348000/17301707 (54.0293%)
entry 9352000/17301707 (54.0525%)
entry 9359000/17301707 (54.0929%)
entry 9364000/17301707 (54.1218%)
entry 9368000/17301707 (54.1449%)
entry 9371000/17301707 (54.1623%)
entry 9373000/17301707 (54.1738%)
entry 9376000/17301707 (54.1912%)
entry 9377000/17301707 (54.197%)
entry 9381000/17301707 (54.2201%)
entry 9397000/17301707 (54.3126%)
entry 9398000/17301707 (54.3183%)
entry 9401000/17301707 (54.3357%)
entry 9405000/17301707 (54.3588%)
entry 9407000/17301707 (54.3704%)
entry 9411000/17301707 (54.3935%)
entry 9412000/17301707 (54.3993%)
entry 9415000/17301707 (54.4166%)
entry 9416000/17301707 (54.4224%)
entry 9429000/17301707 (54.4975%)
entry 9431000/17301707 (54.5091%)
entry 9432000/17301707 (54.5148%)
entry 9436000/17301707 (54.538%)
entry 9438000/17301707 (54.5495%)
entry 9439000/17301707 (54.5553%)
entry 9440000/17301707 (54.5611%)
entry 9445000/17301707 (54.59%)
entry 9450000/17301707 (54.6189%)
entry 9455000/17301707 (54.6478%)
entry 9456000/17301707 (54.6536%)
entry 9457000/17301707 (54.6593%)
entry 9458000/17301707 (54.6651%)
entry 9464000/17301707 (54.6998%)
entry 9467000/17301707 (54.7171%)
entry 9468000/17301707 (54.7229%)
entry 9479000/17301707 (54.7865%)
entry 9481000/17301707 (54.7981%)
entry 9483000/17301707 (54.8096%)
entry 9489000/17301707 (54.8443%)
entry 9494000/17301707 (54.8732%)
entry 9496000/17301707 (54.8848%)
entry 9502000/17301707 (54.9194%)
entry 9507000/17301707 (54.9483%)
entry 9508000/17301707 (54.9541%)
entry 9510000/17301707 (54.9657%)
entry 9511000/17301707 (54.9715%)
entry 9512000/17301707 (54.9772%)
entry 9514000/17301707 (54.9888%)
entry 9515000/17301707 (54.9946%)
entry 9520000/17301707 (55.0235%)
entry 9526000/17301707 (55.0581%)
entry 9527000/17301707 (55.0639%)
entry 9530000/17301707 (55.0813%)
entry 9533000/17301707 (55.0986%)
entry 9539000/17301707 (55.1333%)
entry 9542000/17301707 (55.1506%)
entry 9546000/17301707 (55.1737%)
entry 9548000/17301707 (55.1853%)
entry 9549000/17301707 (55.1911%)
entry 9550000/17301707 (55.1969%)
entry 9552000/17301707 (55.2084%)
entry 9555000/17301707 (55.2258%)
entry 9558000/17301707 (55.2431%)
entry 9565000/17301707 (55.2836%)
entry 9566000/17301707 (55.2893%)
entry 9569000/17301707 (55.3067%)
entry 9570000/17301707 (55.3125%)
entry 9573000/17301707 (55.3298%)
entry 9576000/17301707 (55.3471%)
entry 9577000/17301707 (55.3529%)
entry 9578000/17301707 (55.3587%)
entry 9580000/17301707 (55.3703%)
entry 9587000/17301707 (55.4107%)
entry 9592000/17301707 (55.4396%)
entry 9594000/17301707 (55.4512%)
entry 9598000/17301707 (55.4743%)
entry 9601000/17301707 (55.4916%)
entry 9604000/17301707 (55.509%)
entry 9605000/17301707 (55.5148%)
entry 9606000/17301707 (55.5205%)
entry 9609000/17301707 (55.5379%)
entry 9614000/17301707 (55.5668%)
entry 9615000/17301707 (55.5725%)
entry 9616000/17301707 (55.5783%)
entry 9620000/17301707 (55.6014%)
entry 9625000/17301707 (55.6303%)
entry 9631000/17301707 (55.665%)
entry 9632000/17301707 (55.6708%)
entry 9635000/17301707 (55.6881%)
entry 9638000/17301707 (55.7055%)
entry 9640000/17301707 (55.717%)
entry 9643000/17301707 (55.7344%)
entry 9647000/17301707 (55.7575%)
entry 9648000/17301707 (55.7633%)
entry 9656000/17301707 (55.8095%)
entry 9659000/17301707 (55.8269%)
entry 9663000/17301707 (55.85%)
entry 9664000/17301707 (55.8558%)
entry 9668000/17301707 (55.8789%)
entry 9671000/17301707 (55.8962%)
entry 9672000/17301707 (55.902%)
entry 9677000/17301707 (55.9309%)
entry 9678000/17301707 (55.9367%)
entry 9679000/17301707 (55.9425%)
entry 9687000/17301707 (55.9887%)
entry 9688000/17301707 (55.9945%)
entry 9689000/17301707 (56.0003%)
entry 9690000/17301707 (56.006%)
entry 9691000/17301707 (56.0118%)
entry 9696000/17301707 (56.0407%)
entry 9700000/17301707 (56.0638%)
entry 9701000/17301707 (56.0696%)
entry 9704000/17301707 (56.0869%)
entry 9706000/17301707 (56.0985%)
entry 9709000/17301707 (56.1158%)
entry 9713000/17301707 (56.139%)
entry 9714000/17301707 (56.1447%)
entry 9717000/17301707 (56.1621%)
entry 9724000/17301707 (56.2025%)
entry 9728000/17301707 (56.2257%)
entry 9732000/17301707 (56.2488%)
entry 9738000/17301707 (56.2835%)
entry 9739000/17301707 (56.2892%)
entry 9742000/17301707 (56.3066%)
entry 9744000/17301707 (56.3181%)
entry 9745000/17301707 (56.3239%)
entry 9746000/17301707 (56.3297%)
entry 9747000/17301707 (56.3355%)
entry 9750000/17301707 (56.3528%)
entry 9753000/17301707 (56.3702%)
entry 9755000/17301707 (56.3817%)
entry 9759000/17301707 (56.4048%)
entry 9760000/17301707 (56.4106%)
entry 9761000/17301707 (56.4164%)
entry 9768000/17301707 (56.4569%)
entry 9771000/17301707 (56.4742%)
entry 9773000/17301707 (56.4858%)
entry 9775000/17301707 (56.4973%)
entry 9776000/17301707 (56.5031%)
entry 9777000/17301707 (56.5089%)
entry 9779000/17301707 (56.5204%)
entry 9784000/17301707 (56.5493%)
entry 9785000/17301707 (56.5551%)
entry 9786000/17301707 (56.5609%)
entry 9787000/17301707 (56.5667%)
entry 9796000/17301707 (56.6187%)
entry 9798000/17301707 (56.6302%)
entry 9799000/17301707 (56.636%)
entry 9801000/17301707 (56.6476%)
entry 9804000/17301707 (56.6649%)
entry 9805000/17301707 (56.6707%)
entry 9806000/17301707 (56.6765%)
entry 9816000/17301707 (56.7343%)
entry 9817000/17301707 (56.7401%)
entry 9818000/17301707 (56.7458%)
entry 9826000/17301707 (56.7921%)
entry 9828000/17301707 (56.8036%)
entry 9829000/17301707 (56.8094%)
entry 9837000/17301707 (56.8557%)
entry 9841000/17301707 (56.8788%)
entry 9844000/17301707 (56.8961%)
entry 9845000/17301707 (56.9019%)
entry 9850000/17301707 (56.9308%)
entry 9852000/17301707 (56.9424%)
entry 9853000/17301707 (56.9481%)
entry 9854000/17301707 (56.9539%)
entry 9856000/17301707 (56.9655%)
entry 9857000/17301707 (56.9713%)
entry 9862000/17301707 (57.0002%)
entry 9864000/17301707 (57.0117%)
entry 9871000/17301707 (57.0522%)
entry 9874000/17301707 (57.0695%)
entry 9876000/17301707 (57.0811%)
entry 9878000/17301707 (57.0926%)
entry 9883000/17301707 (57.1215%)
entry 9884000/17301707 (57.1273%)
entry 9894000/17301707 (57.1851%)
entry 9896000/17301707 (57.1967%)
entry 9898000/17301707 (57.2082%)
entry 9907000/17301707 (57.2602%)
entry 9909000/17301707 (57.2718%)
entry 9918000/17301707 (57.3238%)
entry 9921000/17301707 (57.3412%)
entry 9925000/17301707 (57.3643%)
entry 9927000/17301707 (57.3758%)
entry 9933000/17301707 (57.4105%)
entry 9935000/17301707 (57.4221%)
entry 9938000/17301707 (57.4394%)
entry 9940000/17301707 (57.451%)
entry 9941000/17301707 (57.4568%)
entry 9942000/17301707 (57.4625%)
entry 9943000/17301707 (57.4683%)
entry 9947000/17301707 (57.4914%)
entry 9948000/17301707 (57.4972%)
entry 9949000/17301707 (57.503%)
entry 9951000/17301707 (57.5146%)
entry 9956000/17301707 (57.5435%)
entry 9964000/17301707 (57.5897%)
entry 9969000/17301707 (57.6186%)
entry 9970000/17301707 (57.6244%)
entry 9975000/17301707 (57.6533%)
entry 9976000/17301707 (57.659%)
entry 9978000/17301707 (57.6706%)
entry 9989000/17301707 (57.7342%)
entry 9997000/17301707 (57.7804%)
entry 10005000/17301707 (57.8267%)
entry 10006000/17301707 (57.8324%)
entry 10007000/17301707 (57.8382%)
entry 10010000/17301707 (57.8556%)
entry 10018000/17301707 (57.9018%)
entry 10021000/17301707 (57.9191%)
entry 10023000/17301707 (57.9307%)
entry 10024000/17301707 (57.9365%)
entry 10025000/17301707 (57.9423%)
entry 10027000/17301707 (57.9538%)
entry 10028000/17301707 (57.9596%)
entry 10029000/17301707 (57.9654%)
entry 10032000/17301707 (57.9827%)
entry 10037000/17301707 (58.0116%)
entry 10038000/17301707 (58.0174%)
entry 10042000/17301707 (58.0405%)
entry 10043000/17301707 (58.0463%)
entry 10051000/17301707 (58.0925%)
entry 10052000/17301707 (58.0983%)
entry 10054000/17301707 (58.1099%)
entry 10056000/17301707 (58.1214%)
entry 10061000/17301707 (58.1503%)
entry 10066000/17301707 (58.1792%)
entry 10069000/17301707 (58.1966%)
entry 10075000/17301707 (58.2312%)
entry 10081000/17301707 (58.2659%)
entry 10084000/17301707 (58.2833%)
entry 10085000/17301707 (58.289%)
entry 10087000/17301707 (58.3006%)
entry 10090000/17301707 (58.3179%)
entry 10093000/17301707 (58.3353%)
entry 10103000/17301707 (58.3931%)
entry 10113000/17301707 (58.4509%)
entry 10115000/17301707 (58.4624%)
entry 10116000/17301707 (58.4682%)
entry 10118000/17301707 (58.4798%)
entry 10129000/17301707 (58.5434%)
entry 10132000/17301707 (58.5607%)
entry 10135000/17301707 (58.578%)
entry 10136000/17301707 (58.5838%)
entry 10141000/17301707 (58.6127%)
entry 10142000/17301707 (58.6185%)
entry 10143000/17301707 (58.6243%)
entry 10145000/17301707 (58.6358%)
entry 10147000/17301707 (58.6474%)
entry 10148000/17301707 (58.6532%)
entry 10149000/17301707 (58.659%)
entry 10150000/17301707 (58.6647%)
entry 10151000/17301707 (58.6705%)
entry 10152000/17301707 (58.6763%)
entry 10154000/17301707 (58.6878%)
entry 10157000/17301707 (58.7052%)
entry 10158000/17301707 (58.711%)
entry 10159000/17301707 (58.7167%)
entry 10171000/17301707 (58.7861%)
entry 10176000/17301707 (58.815%)
entry 10177000/17301707 (58.8208%)
entry 10178000/17301707 (58.8266%)
entry 10180000/17301707 (58.8381%)
entry 10181000/17301707 (58.8439%)
entry 10184000/17301707 (58.8612%)
entry 10186000/17301707 (58.8728%)
entry 10189000/17301707 (58.8901%)
entry 10192000/17301707 (58.9075%)
entry 10195000/17301707 (58.9248%)
entry 10200000/17301707 (58.9537%)
entry 10203000/17301707 (58.9711%)
entry 10204000/17301707 (58.9768%)
entry 10216000/17301707 (59.0462%)
entry 10217000/17301707 (59.052%)
entry 10218000/17301707 (59.0578%)
entry 10221000/17301707 (59.0751%)
entry 10226000/17301707 (59.104%)
entry 10228000/17301707 (59.1156%)
entry 10231000/17301707 (59.1329%)
entry 10236000/17301707 (59.1618%)
entry 10237000/17301707 (59.1676%)
entry 10242000/17301707 (59.1965%)
entry 10245000/17301707 (59.2138%)
entry 10247000/17301707 (59.2254%)
entry 10250000/17301707 (59.2427%)
entry 10251000/17301707 (59.2485%)
entry 10254000/17301707 (59.2658%)
entry 10257000/17301707 (59.2832%)
entry 10259000/17301707 (59.2947%)
entry 10262000/17301707 (59.3121%)
entry 10264000/17301707 (59.3236%)
entry 10267000/17301707 (59.341%)
entry 10271000/17301707 (59.3641%)
entry 10272000/17301707 (59.3699%)
entry 10273000/17301707 (59.3756%)
entry 10281000/17301707 (59.4219%)
entry 10283000/17301707 (59.4334%)
entry 10284000/17301707 (59.4392%)
entry 10286000/17301707 (59.4508%)
entry 10292000/17301707 (59.4855%)
entry 10294000/17301707 (59.497%)
entry 10297000/17301707 (59.5144%)
entry 10299000/17301707 (59.5259%)
entry 10301000/17301707 (59.5375%)
entry 10308000/17301707 (59.5779%)
entry 10313000/17301707 (59.6068%)
entry 10314000/17301707 (59.6126%)
entry 10318000/17301707 (59.6357%)
entry 10319000/17301707 (59.6415%)
entry 10320000/17301707 (59.6473%)
entry 10322000/17301707 (59.6588%)
entry 10323000/17301707 (59.6646%)
entry 10328000/17301707 (59.6935%)
entry 10334000/17301707 (59.7282%)
entry 10340000/17301707 (59.7629%)
entry 10341000/17301707 (59.7687%)
entry 10343000/17301707 (59.7802%)
entry 10344000/17301707 (59.786%)
entry 10345000/17301707 (59.7918%)
entry 10347000/17301707 (59.8033%)
entry 10348000/17301707 (59.8091%)
entry 10349000/17301707 (59.8149%)
entry 10352000/17301707 (59.8322%)
entry 10354000/17301707 (59.8438%)
entry 10355000/17301707 (59.8496%)
entry 10360000/17301707 (59.8785%)
entry 10361000/17301707 (59.8843%)
entry 10362000/17301707 (59.89%)
entry 10365000/17301707 (59.9074%)
entry 10366000/17301707 (59.9132%)
entry 10371000/17301707 (59.9421%)
entry 10374000/17301707 (59.9594%)
entry 10375000/17301707 (59.9652%)
entry 10377000/17301707 (59.9767%)
entry 10379000/17301707 (59.9883%)
entry 10381000/17301707 (59.9999%)
entry 10387000/17301707 (60.0345%)
entry 10389000/17301707 (60.0461%)
entry 10390000/17301707 (60.0519%)
entry 10396000/17301707 (60.0866%)
entry 10401000/17301707 (60.1155%)
entry 10404000/17301707 (60.1328%)
entry 10411000/17301707 (60.1732%)
entry 10412000/17301707 (60.179%)
entry 10415000/17301707 (60.1964%)
entry 10416000/17301707 (60.2022%)
entry 10418000/17301707 (60.2137%)
entry 10420000/17301707 (60.2253%)
entry 10422000/17301707 (60.2368%)
entry 10423000/17301707 (60.2426%)
entry 10424000/17301707 (60.2484%)
entry 10425000/17301707 (60.2542%)
entry 10427000/17301707 (60.2657%)
entry 10433000/17301707 (60.3004%)
entry 10436000/17301707 (60.3177%)
entry 10439000/17301707 (60.3351%)
entry 10440000/17301707 (60.3409%)
entry 10441000/17301707 (60.3466%)
entry 10444000/17301707 (60.364%)
entry 10446000/17301707 (60.3755%)
entry 10450000/17301707 (60.3987%)
entry 10452000/17301707 (60.4102%)
entry 10454000/17301707 (60.4218%)
entry 10461000/17301707 (60.4622%)
entry 10462000/17301707 (60.468%)
entry 10464000/17301707 (60.4796%)
entry 10467000/17301707 (60.4969%)
entry 10469000/17301707 (60.5085%)
entry 10471000/17301707 (60.52%)
entry 10478000/17301707 (60.5605%)
entry 10480000/17301707 (60.5721%)
entry 10486000/17301707 (60.6067%)
entry 10487000/17301707 (60.6125%)
entry 10488000/17301707 (60.6183%)
entry 10492000/17301707 (60.6414%)
entry 10493000/17301707 (60.6472%)
entry 10494000/17301707 (60.653%)
entry 10495000/17301707 (60.6588%)
entry 10502000/17301707 (60.6992%)
entry 10505000/17301707 (60.7166%)
entry 10507000/17301707 (60.7281%)
entry 10512000/17301707 (60.757%)
entry 10513000/17301707 (60.7628%)
entry 10523000/17301707 (60.8206%)
entry 10526000/17301707 (60.8379%)
entry 10528000/17301707 (60.8495%)
entry 10529000/17301707 (60.8553%)
entry 10530000/17301707 (60.861%)
entry 10531000/17301707 (60.8668%)
entry 10535000/17301707 (60.8899%)
entry 10537000/17301707 (60.9015%)
entry 10542000/17301707 (60.9304%)
entry 10546000/17301707 (60.9535%)
entry 10547000/17301707 (60.9593%)
entry 10549000/17301707 (60.9709%)
entry 10553000/17301707 (60.994%)
entry 10555000/17301707 (61.0055%)
entry 10559000/17301707 (61.0287%)
entry 10565000/17301707 (61.0633%)
entry 10566000/17301707 (61.0691%)
entry 10569000/17301707 (61.0865%)
entry 10571000/17301707 (61.098%)
entry 10572000/17301707 (61.1038%)
entry 10576000/17301707 (61.1269%)
entry 10579000/17301707 (61.1443%)
entry 10582000/17301707 (61.1616%)
entry 10585000/17301707 (61.1789%)
entry 10586000/17301707 (61.1847%)
entry 10587000/17301707 (61.1905%)
entry 10588000/17301707 (61.1963%)
entry 10589000/17301707 (61.202%)
entry 10592000/17301707 (61.2194%)
entry 10593000/17301707 (61.2252%)
entry 10598000/17301707 (61.2541%)
entry 10599000/17301707 (61.2598%)
entry 10601000/17301707 (61.2714%)
entry 10603000/17301707 (61.283%)
entry 10609000/17301707 (61.3176%)
entry 10610000/17301707 (61.3234%)
entry 10613000/17301707 (61.3408%)
entry 10614000/17301707 (61.3465%)
entry 10615000/17301707 (61.3523%)
entry 10616000/17301707 (61.3581%)
entry 10618000/17301707 (61.3697%)
entry 10621000/17301707 (61.387%)
entry 10623000/17301707 (61.3986%)
entry 10626000/17301707 (61.4159%)
entry 10628000/17301707 (61.4275%)
entry 10633000/17301707 (61.4564%)
entry 10635000/17301707 (61.4679%)
entry 10638000/17301707 (61.4853%)
entry 10640000/17301707 (61.4968%)
entry 10643000/17301707 (61.5142%)
entry 10645000/17301707 (61.5257%)
entry 10656000/17301707 (61.5893%)
entry 10661000/17301707 (61.6182%)
entry 10663000/17301707 (61.6298%)
entry 10665000/17301707 (61.6413%)
entry 10667000/17301707 (61.6529%)
entry 10669000/17301707 (61.6644%)
entry 10670000/17301707 (61.6702%)
entry 10672000/17301707 (61.6818%)
entry 10673000/17301707 (61.6876%)
entry 10681000/17301707 (61.7338%)
entry 10682000/17301707 (61.7396%)
entry 10684000/17301707 (61.7511%)
entry 10686000/17301707 (61.7627%)
entry 10689000/17301707 (61.78%)
entry 10690000/17301707 (61.7858%)
entry 10691000/17301707 (61.7916%)
entry 10693000/17301707 (61.8031%)
entry 10694000/17301707 (61.8089%)
entry 10695000/17301707 (61.8147%)
entry 10696000/17301707 (61.8205%)
entry 10697000/17301707 (61.8263%)
entry 10700000/17301707 (61.8436%)
entry 10702000/17301707 (61.8552%)
entry 10706000/17301707 (61.8783%)
entry 10713000/17301707 (61.9187%)
entry 10715000/17301707 (61.9303%)
entry 10724000/17301707 (61.9823%)
entry 10728000/17301707 (62.0054%)
entry 10730000/17301707 (62.017%)
entry 10731000/17301707 (62.0228%)
entry 10737000/17301707 (62.0575%)
entry 10739000/17301707 (62.069%)
entry 10744000/17301707 (62.0979%)
entry 10747000/17301707 (62.1153%)
entry 10748000/17301707 (62.121%)
entry 10752000/17301707 (62.1442%)
entry 10755000/17301707 (62.1615%)
entry 10759000/17301707 (62.1846%)
entry 10764000/17301707 (62.2135%)
entry 10765000/17301707 (62.2193%)
entry 10768000/17301707 (62.2366%)
entry 10772000/17301707 (62.2598%)
entry 10780000/17301707 (62.306%)
entry 10784000/17301707 (62.3291%)
entry 10785000/17301707 (62.3349%)
entry 10787000/17301707 (62.3464%)
entry 10792000/17301707 (62.3753%)
entry 10796000/17301707 (62.3985%)
entry 10807000/17301707 (62.462%)
entry 10812000/17301707 (62.4909%)
entry 10814000/17301707 (62.5025%)
entry 10815000/17301707 (62.5083%)
entry 10817000/17301707 (62.5198%)
entry 10818000/17301707 (62.5256%)
entry 10819000/17301707 (62.5314%)
entry 10821000/17301707 (62.543%)
entry 10822000/17301707 (62.5487%)
entry 10823000/17301707 (62.5545%)
entry 10830000/17301707 (62.595%)
entry 10831000/17301707 (62.6008%)
entry 10832000/17301707 (62.6065%)
entry 10834000/17301707 (62.6181%)
entry 10835000/17301707 (62.6239%)
entry 10840000/17301707 (62.6528%)
entry 10847000/17301707 (62.6932%)
entry 10850000/17301707 (62.7106%)
entry 10851000/17301707 (62.7164%)
entry 10855000/17301707 (62.7395%)
entry 10857000/17301707 (62.751%)
entry 10858000/17301707 (62.7568%)
entry 10859000/17301707 (62.7626%)
entry 10861000/17301707 (62.7742%)
entry 10864000/17301707 (62.7915%)
entry 10865000/17301707 (62.7973%)
entry 10866000/17301707 (62.803%)
entry 10868000/17301707 (62.8146%)
entry 10874000/17301707 (62.8493%)
entry 10876000/17301707 (62.8608%)
entry 10879000/17301707 (62.8782%)
entry 10885000/17301707 (62.9129%)
entry 10888000/17301707 (62.9302%)
entry 10889000/17301707 (62.936%)
entry 10890000/17301707 (62.9418%)
entry 10893000/17301707 (62.9591%)
entry 10894000/17301707 (62.9649%)
entry 10895000/17301707 (62.9707%)
entry 10896000/17301707 (62.9764%)
entry 10906000/17301707 (63.0342%)
entry 10907000/17301707 (63.04%)
entry 10908000/17301707 (63.0458%)
entry 10911000/17301707 (63.0631%)
entry 10913000/17301707 (63.0747%)
entry 10917000/17301707 (63.0978%)
entry 10919000/17301707 (63.1094%)
entry 10923000/17301707 (63.1325%)
entry 10925000/17301707 (63.1441%)
entry 10927000/17301707 (63.1556%)
entry 10930000/17301707 (63.173%)
entry 10936000/17301707 (63.2076%)
entry 10939000/17301707 (63.225%)
entry 10940000/17301707 (63.2308%)
entry 10941000/17301707 (63.2365%)
entry 10945000/17301707 (63.2596%)
entry 10947000/17301707 (63.2712%)
entry 10960000/17301707 (63.3463%)
entry 10962000/17301707 (63.3579%)
entry 10965000/17301707 (63.3752%)
entry 10967000/17301707 (63.3868%)
entry 10968000/17301707 (63.3926%)
entry 10970000/17301707 (63.4041%)
entry 10971000/17301707 (63.4099%)
entry 10976000/17301707 (63.4388%)
entry 10979000/17301707 (63.4562%)
entry 10987000/17301707 (63.5024%)
entry 10991000/17301707 (63.5255%)
entry 10993000/17301707 (63.5371%)
entry 10998000/17301707 (63.566%)
entry 11003000/17301707 (63.5949%)
entry 11006000/17301707 (63.6122%)
entry 11007000/17301707 (63.618%)
entry 11015000/17301707 (63.6642%)
entry 11016000/17301707 (63.67%)
entry 11025000/17301707 (63.722%)
entry 11027000/17301707 (63.7336%)
entry 11030000/17301707 (63.7509%)
entry 11035000/17301707 (63.7798%)
entry 11039000/17301707 (63.803%)
entry 11046000/17301707 (63.8434%)
entry 11054000/17301707 (63.8896%)
entry 11060000/17301707 (63.9243%)
entry 11067000/17301707 (63.9648%)
entry 11074000/17301707 (64.0052%)
entry 11077000/17301707 (64.0226%)
entry 11079000/17301707 (64.0341%)
entry 11082000/17301707 (64.0515%)
entry 11090000/17301707 (64.0977%)
entry 11092000/17301707 (64.1093%)
entry 11093000/17301707 (64.1151%)
entry 11095000/17301707 (64.1266%)
entry 11096000/17301707 (64.1324%)
entry 11097000/17301707 (64.1382%)
entry 11101000/17301707 (64.1613%)
entry 11103000/17301707 (64.1729%)
entry 11104000/17301707 (64.1786%)
entry 11106000/17301707 (64.1902%)
entry 11111000/17301707 (64.2191%)
entry 11112000/17301707 (64.2249%)
entry 11113000/17301707 (64.2307%)
entry 11114000/17301707 (64.2364%)
entry 11121000/17301707 (64.2769%)
entry 11126000/17301707 (64.3058%)
entry 11128000/17301707 (64.3174%)
entry 11129000/17301707 (64.3231%)
entry 11131000/17301707 (64.3347%)
entry 11132000/17301707 (64.3405%)
entry 11141000/17301707 (64.3925%)
entry 11142000/17301707 (64.3983%)
entry 11143000/17301707 (64.404%)
entry 11148000/17301707 (64.4329%)
entry 11154000/17301707 (64.4676%)
entry 11157000/17301707 (64.485%)
entry 11158000/17301707 (64.4907%)
entry 11162000/17301707 (64.5139%)
entry 11163000/17301707 (64.5196%)
entry 11166000/17301707 (64.537%)
entry 11167000/17301707 (64.5428%)
entry 11168000/17301707 (64.5485%)
entry 11169000/17301707 (64.5543%)
entry 11172000/17301707 (64.5717%)
entry 11173000/17301707 (64.5774%)
entry 11174000/17301707 (64.5832%)
entry 11179000/17301707 (64.6121%)
entry 11180000/17301707 (64.6179%)
entry 11183000/17301707 (64.6352%)
entry 11184000/17301707 (64.641%)
entry 11187000/17301707 (64.6584%)
entry 11192000/17301707 (64.6873%)
entry 11194000/17301707 (64.6988%)
entry 11197000/17301707 (64.7162%)
entry 11202000/17301707 (64.7451%)
entry 11206000/17301707 (64.7682%)
entry 11210000/17301707 (64.7913%)
entry 11229000/17301707 (64.9011%)
entry 11230000/17301707 (64.9069%)
entry 11232000/17301707 (64.9184%)
entry 11234000/17301707 (64.93%)
entry 11239000/17301707 (64.9589%)
entry 11241000/17301707 (64.9705%)
entry 11244000/17301707 (64.9878%)
entry 11251000/17301707 (65.0283%)
entry 11259000/17301707 (65.0745%)
entry 11262000/17301707 (65.0918%)
entry 11265000/17301707 (65.1092%)
entry 11266000/17301707 (65.115%)
entry 11269000/17301707 (65.1323%)
entry 11270000/17301707 (65.1381%)
entry 11272000/17301707 (65.1496%)
entry 11273000/17301707 (65.1554%)
entry 11278000/17301707 (65.1843%)
entry 11285000/17301707 (65.2248%)
entry 11287000/17301707 (65.2363%)
entry 11291000/17301707 (65.2595%)
entry 11292000/17301707 (65.2652%)
entry 11294000/17301707 (65.2768%)
entry 11303000/17301707 (65.3288%)
entry 11305000/17301707 (65.3404%)
entry 11306000/17301707 (65.3462%)
entry 11309000/17301707 (65.3635%)
entry 11310000/17301707 (65.3693%)
entry 11312000/17301707 (65.3808%)
entry 11313000/17301707 (65.3866%)
entry 11318000/17301707 (65.4155%)
entry 11320000/17301707 (65.4271%)
entry 11321000/17301707 (65.4328%)
entry 11322000/17301707 (65.4386%)
entry 11330000/17301707 (65.4849%)
entry 11335000/17301707 (65.5138%)
entry 11336000/17301707 (65.5195%)
entry 11337000/17301707 (65.5253%)
entry 11338000/17301707 (65.5311%)
entry 11342000/17301707 (65.5542%)
entry 11344000/17301707 (65.5658%)
entry 11350000/17301707 (65.6005%)
entry 11351000/17301707 (65.6062%)
entry 11353000/17301707 (65.6178%)
entry 11356000/17301707 (65.6351%)
entry 11360000/17301707 (65.6583%)
entry 11362000/17301707 (65.6698%)
entry 11368000/17301707 (65.7045%)
entry 11369000/17301707 (65.7103%)
entry 11372000/17301707 (65.7276%)
entry 11382000/17301707 (65.7854%)
entry 11390000/17301707 (65.8316%)
entry 11393000/17301707 (65.849%)
entry 11395000/17301707 (65.8606%)
entry 11401000/17301707 (65.8952%)
entry 11410000/17301707 (65.9472%)
entry 11413000/17301707 (65.9646%)
entry 11414000/17301707 (65.9704%)
entry 11415000/17301707 (65.9761%)
entry 11420000/17301707 (66.005%)
entry 11422000/17301707 (66.0166%)
entry 11424000/17301707 (66.0282%)
entry 11426000/17301707 (66.0397%)
entry 11427000/17301707 (66.0455%)
entry 11429000/17301707 (66.0571%)
entry 11430000/17301707 (66.0628%)
entry 11431000/17301707 (66.0686%)
entry 11432000/17301707 (66.0744%)
entry 11436000/17301707 (66.0975%)
entry 11439000/17301707 (66.1149%)
entry 11440000/17301707 (66.1206%)
entry 11442000/17301707 (66.1322%)
entry 11446000/17301707 (66.1553%)
entry 11449000/17301707 (66.1727%)
entry 11460000/17301707 (66.2362%)
entry 11461000/17301707 (66.242%)
entry 11465000/17301707 (66.2651%)
entry 11466000/17301707 (66.2709%)
entry 11468000/17301707 (66.2825%)
entry 11479000/17301707 (66.346%)
entry 11480000/17301707 (66.3518%)
entry 11481000/17301707 (66.3576%)
entry 11486000/17301707 (66.3865%)
entry 11488000/17301707 (66.3981%)
entry 11489000/17301707 (66.4038%)
entry 11494000/17301707 (66.4328%)
entry 11497000/17301707 (66.4501%)
entry 11498000/17301707 (66.4559%)
entry 11500000/17301707 (66.4674%)
entry 11502000/17301707 (66.479%)
entry 11504000/17301707 (66.4905%)
entry 11505000/17301707 (66.4963%)
entry 11509000/17301707 (66.5194%)
entry 11521000/17301707 (66.5888%)
entry 11524000/17301707 (66.6061%)
entry 11527000/17301707 (66.6235%)
entry 11529000/17301707 (66.635%)
entry 11531000/17301707 (66.6466%)
entry 11532000/17301707 (66.6524%)
entry 11533000/17301707 (66.6582%)
entry 11534000/17301707 (66.6639%)
entry 11537000/17301707 (66.6813%)
entry 11538000/17301707 (66.6871%)
entry 11540000/17301707 (66.6986%)
entry 11544000/17301707 (66.7217%)
entry 11548000/17301707 (66.7449%)
entry 11550000/17301707 (66.7564%)
entry 11554000/17301707 (66.7795%)
entry 11556000/17301707 (66.7911%)
entry 11557000/17301707 (66.7969%)
entry 11559000/17301707 (66.8084%)
entry 11560000/17301707 (66.8142%)
entry 11562000/17301707 (66.8258%)
entry 11566000/17301707 (66.8489%)
entry 11568000/17301707 (66.8604%)
entry 11574000/17301707 (66.8951%)
entry 11575000/17301707 (66.9009%)
entry 11584000/17301707 (66.9529%)
entry 11587000/17301707 (66.9703%)
entry 11592000/17301707 (66.9992%)
entry 11593000/17301707 (67.0049%)
entry 11594000/17301707 (67.0107%)
entry 11595000/17301707 (67.0165%)
entry 11596000/17301707 (67.0223%)
entry 11597000/17301707 (67.0281%)
entry 11599000/17301707 (67.0396%)
entry 11600000/17301707 (67.0454%)
entry 11601000/17301707 (67.0512%)
entry 11607000/17301707 (67.0859%)
entry 11611000/17301707 (67.109%)
entry 11612000/17301707 (67.1148%)
entry 11621000/17301707 (67.1668%)
entry 11623000/17301707 (67.1783%)
entry 11624000/17301707 (67.1841%)
entry 11625000/17301707 (67.1899%)
entry 11628000/17301707 (67.2072%)
entry 11629000/17301707 (67.213%)
entry 11632000/17301707 (67.2304%)
entry 11635000/17301707 (67.2477%)
entry 11636000/17301707 (67.2535%)
entry 11638000/17301707 (67.265%)
entry 11639000/17301707 (67.2708%)
entry 11642000/17301707 (67.2882%)
entry 11650000/17301707 (67.3344%)
entry 11653000/17301707 (67.3517%)
entry 11661000/17301707 (67.398%)
entry 11663000/17301707 (67.4095%)
entry 11664000/17301707 (67.4153%)
entry 11670000/17301707 (67.45%)
entry 11674000/17301707 (67.4731%)
entry 11676000/17301707 (67.4847%)
entry 11678000/17301707 (67.4962%)
entry 11679000/17301707 (67.502%)
entry 11684000/17301707 (67.5309%)
entry 11689000/17301707 (67.5598%)
entry 11690000/17301707 (67.5656%)
entry 11691000/17301707 (67.5714%)
entry 11692000/17301707 (67.5771%)
entry 11693000/17301707 (67.5829%)
entry 11695000/17301707 (67.5945%)
entry 11697000/17301707 (67.606%)
entry 11699000/17301707 (67.6176%)
entry 11704000/17301707 (67.6465%)
entry 11706000/17301707 (67.6581%)
entry 11707000/17301707 (67.6638%)
entry 11708000/17301707 (67.6696%)
entry 11711000/17301707 (67.687%)
entry 11712000/17301707 (67.6927%)
entry 11714000/17301707 (67.7043%)
entry 11715000/17301707 (67.7101%)
entry 11716000/17301707 (67.7159%)
entry 11717000/17301707 (67.7216%)
entry 11720000/17301707 (67.739%)
entry 11724000/17301707 (67.7621%)
entry 11729000/17301707 (67.791%)
entry 11731000/17301707 (67.8026%)
entry 11738000/17301707 (67.843%)
entry 11739000/17301707 (67.8488%)
entry 11740000/17301707 (67.8546%)
entry 11741000/17301707 (67.8604%)
entry 11742000/17301707 (67.8661%)
entry 11743000/17301707 (67.8719%)
entry 11745000/17301707 (67.8835%)
entry 11747000/17301707 (67.895%)
entry 11748000/17301707 (67.9008%)
entry 11751000/17301707 (67.9182%)
entry 11753000/17301707 (67.9297%)
entry 11754000/17301707 (67.9355%)
entry 11757000/17301707 (67.9528%)
entry 11758000/17301707 (67.9586%)
entry 11759000/17301707 (67.9644%)
entry 11762000/17301707 (67.9817%)
entry 11763000/17301707 (67.9875%)
entry 11764000/17301707 (67.9933%)
entry 11765000/17301707 (67.9991%)
entry 11766000/17301707 (68.0048%)
entry 11770000/17301707 (68.028%)
entry 11771000/17301707 (68.0337%)
entry 11776000/17301707 (68.0626%)
entry 11778000/17301707 (68.0742%)
entry 11780000/17301707 (68.0858%)
entry 11781000/17301707 (68.0915%)
entry 11783000/17301707 (68.1031%)
entry 11785000/17301707 (68.1147%)
entry 11789000/17301707 (68.1378%)
entry 11790000/17301707 (68.1436%)
entry 11795000/17301707 (68.1725%)
entry 11796000/17301707 (68.1782%)
entry 11797000/17301707 (68.184%)
entry 11800000/17301707 (68.2014%)
entry 11803000/17301707 (68.2187%)
entry 11814000/17301707 (68.2823%)
entry 11815000/17301707 (68.2881%)
entry 11819000/17301707 (68.3112%)
entry 11821000/17301707 (68.3227%)
entry 11822000/17301707 (68.3285%)
entry 11824000/17301707 (68.3401%)
entry 11830000/17301707 (68.3748%)
entry 11831000/17301707 (68.3805%)
entry 11835000/17301707 (68.4036%)
entry 11836000/17301707 (68.4094%)
entry 11838000/17301707 (68.421%)
entry 11840000/17301707 (68.4326%)
entry 11842000/17301707 (68.4441%)
entry 11844000/17301707 (68.4557%)
entry 11846000/17301707 (68.4672%)
entry 11850000/17301707 (68.4904%)
entry 11851000/17301707 (68.4961%)
entry 11852000/17301707 (68.5019%)
entry 11854000/17301707 (68.5135%)
entry 11857000/17301707 (68.5308%)
entry 11858000/17301707 (68.5366%)
entry 11864000/17301707 (68.5713%)
entry 11866000/17301707 (68.5828%)
entry 11868000/17301707 (68.5944%)
entry 11870000/17301707 (68.6059%)
entry 11871000/17301707 (68.6117%)
entry 11877000/17301707 (68.6464%)
entry 11888000/17301707 (68.71%)
entry 11891000/17301707 (68.7273%)
entry 11892000/17301707 (68.7331%)
entry 11904000/17301707 (68.8025%)
entry 11908000/17301707 (68.8256%)
entry 11909000/17301707 (68.8314%)
entry 11911000/17301707 (68.8429%)
entry 11914000/17301707 (68.8603%)
entry 11917000/17301707 (68.8776%)
entry 11918000/17301707 (68.8834%)
entry 11924000/17301707 (68.918%)
entry 11925000/17301707 (68.9238%)
entry 11927000/17301707 (68.9354%)
entry 11929000/17301707 (68.947%)
entry 11935000/17301707 (68.9816%)
entry 11936000/17301707 (68.9874%)
entry 11940000/17301707 (69.0105%)
entry 11941000/17301707 (69.0163%)
entry 11943000/17301707 (69.0279%)
entry 11945000/17301707 (69.0394%)
entry 11946000/17301707 (69.0452%)
entry 11947000/17301707 (69.051%)
entry 11966000/17301707 (69.1608%)
entry 11968000/17301707 (69.1724%)
entry 11970000/17301707 (69.1839%)
entry 11976000/17301707 (69.2186%)
entry 11985000/17301707 (69.2706%)
entry 11987000/17301707 (69.2822%)
entry 11991000/17301707 (69.3053%)
entry 11994000/17301707 (69.3226%)
entry 11996000/17301707 (69.3342%)
entry 11997000/17301707 (69.34%)
entry 11998000/17301707 (69.3458%)
entry 12001000/17301707 (69.3631%)
entry 12002000/17301707 (69.3689%)
entry 12006000/17301707 (69.392%)
entry 12008000/17301707 (69.4036%)
entry 12011000/17301707 (69.4209%)
entry 12015000/17301707 (69.444%)
entry 12018000/17301707 (69.4614%)
entry 12023000/17301707 (69.4902%)
entry 12026000/17301707 (69.5076%)
entry 12031000/17301707 (69.5365%)
entry 12033000/17301707 (69.548%)
entry 12036000/17301707 (69.5654%)
entry 12037000/17301707 (69.5712%)
entry 12039000/17301707 (69.5827%)
entry 12040000/17301707 (69.5885%)
entry 12047000/17301707 (69.629%)
entry 12051000/17301707 (69.6521%)
entry 12053000/17301707 (69.6636%)
entry 12057000/17301707 (69.6868%)
entry 12061000/17301707 (69.7099%)
entry 12062000/17301707 (69.7157%)
entry 12064000/17301707 (69.7272%)
entry 12065000/17301707 (69.733%)
entry 12066000/17301707 (69.7388%)
entry 12071000/17301707 (69.7677%)
entry 12072000/17301707 (69.7735%)
entry 12073000/17301707 (69.7792%)
entry 12076000/17301707 (69.7966%)
entry 12077000/17301707 (69.8024%)
entry 12085000/17301707 (69.8486%)
entry 12087000/17301707 (69.8602%)
entry 12092000/17301707 (69.8891%)
entry 12096000/17301707 (69.9122%)
entry 12097000/17301707 (69.918%)
entry 12099000/17301707 (69.9295%)
entry 12100000/17301707 (69.9353%)
entry 12101000/17301707 (69.9411%)
entry 12103000/17301707 (69.9526%)
entry 12105000/17301707 (69.9642%)
entry 12111000/17301707 (69.9989%)
entry 12116000/17301707 (70.0278%)
entry 12118000/17301707 (70.0393%)
entry 12120000/17301707 (70.0509%)
entry 12121000/17301707 (70.0567%)
entry 12123000/17301707 (70.0682%)
entry 12124000/17301707 (70.074%)
entry 12126000/17301707 (70.0856%)
entry 12127000/17301707 (70.0913%)
entry 12133000/17301707 (70.126%)
entry 12136000/17301707 (70.1434%)
entry 12140000/17301707 (70.1665%)
entry 12143000/17301707 (70.1838%)
entry 12144000/17301707 (70.1896%)
entry 12147000/17301707 (70.2069%)
entry 12148000/17301707 (70.2127%)
entry 12149000/17301707 (70.2185%)
entry 12150000/17301707 (70.2243%)
entry 12152000/17301707 (70.2358%)
entry 12153000/17301707 (70.2416%)
entry 12154000/17301707 (70.2474%)
entry 12155000/17301707 (70.2532%)
entry 12158000/17301707 (70.2705%)
entry 12161000/17301707 (70.2879%)
entry 12162000/17301707 (70.2936%)
entry 12167000/17301707 (70.3225%)
entry 12171000/17301707 (70.3457%)
entry 12172000/17301707 (70.3514%)
entry 12177000/17301707 (70.3803%)
entry 12182000/17301707 (70.4092%)
entry 12184000/17301707 (70.4208%)
entry 12185000/17301707 (70.4266%)
entry 12186000/17301707 (70.4324%)
entry 12187000/17301707 (70.4381%)
entry 12188000/17301707 (70.4439%)
entry 12189000/17301707 (70.4497%)
entry 12191000/17301707 (70.4612%)
entry 12193000/17301707 (70.4728%)
entry 12194000/17301707 (70.4786%)
entry 12196000/17301707 (70.4902%)
entry 12202000/17301707 (70.5248%)
entry 12204000/17301707 (70.5364%)
entry 12209000/17301707 (70.5653%)
entry 12211000/17301707 (70.5768%)
entry 12213000/17301707 (70.5884%)
entry 12215000/17301707 (70.6%)
entry 12219000/17301707 (70.6231%)
entry 12222000/17301707 (70.6404%)
entry 12223000/17301707 (70.6462%)
entry 12224000/17301707 (70.652%)
entry 12231000/17301707 (70.6924%)
entry 12232000/17301707 (70.6982%)
entry 12237000/17301707 (70.7271%)
entry 12239000/17301707 (70.7387%)
entry 12242000/17301707 (70.756%)
entry 12245000/17301707 (70.7734%)
entry 12247000/17301707 (70.7849%)
entry 12248000/17301707 (70.7907%)
entry 12251000/17301707 (70.808%)
entry 12258000/17301707 (70.8485%)
entry 12259000/17301707 (70.8543%)
entry 12260000/17301707 (70.8601%)
entry 12263000/17301707 (70.8774%)
entry 12264000/17301707 (70.8832%)
entry 12265000/17301707 (70.889%)
entry 12270000/17301707 (70.9179%)
entry 12271000/17301707 (70.9236%)
entry 12276000/17301707 (70.9525%)
entry 12283000/17301707 (70.993%)
entry 12284000/17301707 (70.9988%)
entry 12293000/17301707 (71.0508%)
entry 12302000/17301707 (71.1028%)
entry 12303000/17301707 (71.1086%)
entry 12310000/17301707 (71.149%)
entry 12311000/17301707 (71.1548%)
entry 12316000/17301707 (71.1837%)
entry 12323000/17301707 (71.2242%)
entry 12326000/17301707 (71.2415%)
entry 12330000/17301707 (71.2646%)
entry 12336000/17301707 (71.2993%)
entry 12339000/17301707 (71.3167%)
entry 12340000/17301707 (71.3224%)
entry 12343000/17301707 (71.3398%)
entry 12347000/17301707 (71.3629%)
entry 12349000/17301707 (71.3745%)
entry 12351000/17301707 (71.386%)
entry 12352000/17301707 (71.3918%)
entry 12354000/17301707 (71.4034%)
entry 12356000/17301707 (71.4149%)
entry 12361000/17301707 (71.4438%)
entry 12365000/17301707 (71.4669%)
entry 12368000/17301707 (71.4843%)
entry 12369000/17301707 (71.49%)
entry 12370000/17301707 (71.4958%)
entry 12371000/17301707 (71.5016%)
entry 12376000/17301707 (71.5305%)
entry 12377000/17301707 (71.5363%)
entry 12384000/17301707 (71.5768%)
entry 12385000/17301707 (71.5825%)
entry 12398000/17301707 (71.6577%)
entry 12399000/17301707 (71.6634%)
entry 12401000/17301707 (71.675%)
entry 12402000/17301707 (71.6808%)
entry 12404000/17301707 (71.6923%)
entry 12405000/17301707 (71.6981%)
entry 12409000/17301707 (71.7212%)
entry 12410000/17301707 (71.727%)
entry 12413000/17301707 (71.7444%)
entry 12416000/17301707 (71.7617%)
entry 12417000/17301707 (71.7675%)
entry 12418000/17301707 (71.7733%)
entry 12421000/17301707 (71.7906%)
entry 12423000/17301707 (71.8022%)
entry 12427000/17301707 (71.8253%)
entry 12445000/17301707 (71.9293%)
entry 12446000/17301707 (71.9351%)
entry 12448000/17301707 (71.9467%)
entry 12451000/17301707 (71.964%)
entry 12452000/17301707 (71.9698%)
entry 12453000/17301707 (71.9756%)
entry 12454000/17301707 (71.9813%)
entry 12460000/17301707 (72.016%)
entry 12461000/17301707 (72.0218%)
entry 12463000/17301707 (72.0334%)
entry 12464000/17301707 (72.0391%)
entry 12467000/17301707 (72.0565%)
entry 12471000/17301707 (72.0796%)
entry 12474000/17301707 (72.0969%)
entry 12477000/17301707 (72.1143%)
entry 12479000/17301707 (72.1258%)
entry 12487000/17301707 (72.1721%)
entry 12490000/17301707 (72.1894%)
entry 12491000/17301707 (72.1952%)
entry 12492000/17301707 (72.201%)
entry 12501000/17301707 (72.253%)
entry 12502000/17301707 (72.2588%)
entry 12504000/17301707 (72.2703%)
entry 12505000/17301707 (72.2761%)
entry 12507000/17301707 (72.2877%)
entry 12514000/17301707 (72.3281%)
entry 12517000/17301707 (72.3455%)
entry 12518000/17301707 (72.3512%)
entry 12520000/17301707 (72.3628%)
entry 12522000/17301707 (72.3744%)
entry 12533000/17301707 (72.4379%)
entry 12534000/17301707 (72.4437%)
entry 12538000/17301707 (72.4668%)
entry 12547000/17301707 (72.5188%)
entry 12549000/17301707 (72.5304%)
entry 12551000/17301707 (72.542%)
entry 12552000/17301707 (72.5478%)
entry 12557000/17301707 (72.5766%)
entry 12559000/17301707 (72.5882%)
entry 12569000/17301707 (72.646%)
entry 12570000/17301707 (72.6518%)
entry 12572000/17301707 (72.6633%)
entry 12574000/17301707 (72.6749%)
entry 12576000/17301707 (72.6865%)
entry 12579000/17301707 (72.7038%)
entry 12580000/17301707 (72.7096%)
entry 12583000/17301707 (72.7269%)
entry 12586000/17301707 (72.7443%)
entry 12588000/17301707 (72.7558%)
entry 12590000/17301707 (72.7674%)
entry 12592000/17301707 (72.7789%)
entry 12596000/17301707 (72.8021%)
entry 12599000/17301707 (72.8194%)
entry 12601000/17301707 (72.831%)
entry 12602000/17301707 (72.8367%)
entry 12603000/17301707 (72.8425%)
entry 12605000/17301707 (72.8541%)
entry 12607000/17301707 (72.8656%)
entry 12611000/17301707 (72.8888%)
entry 12612000/17301707 (72.8945%)
entry 12613000/17301707 (72.9003%)
entry 12617000/17301707 (72.9234%)
entry 12621000/17301707 (72.9466%)
entry 12622000/17301707 (72.9523%)
entry 12633000/17301707 (73.0159%)
entry 12634000/17301707 (73.0217%)
entry 12636000/17301707 (73.0332%)
entry 12639000/17301707 (73.0506%)
entry 12648000/17301707 (73.1026%)
entry 12649000/17301707 (73.1084%)
entry 12651000/17301707 (73.12%)
entry 12653000/17301707 (73.1315%)
entry 12654000/17301707 (73.1373%)
entry 12660000/17301707 (73.172%)
entry 12664000/17301707 (73.1951%)
entry 12666000/17301707 (73.2066%)
entry 12667000/17301707 (73.2124%)
entry 12668000/17301707 (73.2182%)
entry 12670000/17301707 (73.2298%)
entry 12673000/17301707 (73.2471%)
entry 12681000/17301707 (73.2933%)
entry 12682000/17301707 (73.2991%)
entry 12683000/17301707 (73.3049%)
entry 12688000/17301707 (73.3338%)
entry 12692000/17301707 (73.3569%)
entry 12701000/17301707 (73.4089%)
entry 12704000/17301707 (73.4263%)
entry 12705000/17301707 (73.4321%)
entry 12706000/17301707 (73.4378%)
entry 12708000/17301707 (73.4494%)
entry 12709000/17301707 (73.4552%)
entry 12711000/17301707 (73.4667%)
entry 12712000/17301707 (73.4725%)
entry 12719000/17301707 (73.513%)
entry 12722000/17301707 (73.5303%)
entry 12727000/17301707 (73.5592%)
entry 12728000/17301707 (73.565%)
entry 12729000/17301707 (73.5708%)
entry 12735000/17301707 (73.6054%)
entry 12736000/17301707 (73.6112%)
entry 12740000/17301707 (73.6344%)
entry 12742000/17301707 (73.6459%)
entry 12744000/17301707 (73.6575%)
entry 12749000/17301707 (73.6864%)
entry 12752000/17301707 (73.7037%)
entry 12753000/17301707 (73.7095%)
entry 12754000/17301707 (73.7153%)
entry 12755000/17301707 (73.721%)
entry 12757000/17301707 (73.7326%)
entry 12760000/17301707 (73.7499%)
entry 12769000/17301707 (73.802%)
entry 12776000/17301707 (73.8424%)
entry 12779000/17301707 (73.8598%)
entry 12780000/17301707 (73.8655%)
entry 12782000/17301707 (73.8771%)
entry 12784000/17301707 (73.8887%)
entry 12785000/17301707 (73.8944%)
entry 12787000/17301707 (73.906%)
entry 12788000/17301707 (73.9118%)
entry 12790000/17301707 (73.9233%)
entry 12793000/17301707 (73.9407%)
entry 12797000/17301707 (73.9638%)
entry 12800000/17301707 (73.9811%)
entry 12802000/17301707 (73.9927%)
entry 12805000/17301707 (74.01%)
entry 12806000/17301707 (74.0158%)
entry 12807000/17301707 (74.0216%)
entry 12810000/17301707 (74.0389%)
entry 12811000/17301707 (74.0447%)
entry 12812000/17301707 (74.0505%)
entry 12813000/17301707 (74.0563%)
entry 12814000/17301707 (74.062%)
entry 12817000/17301707 (74.0794%)
entry 12824000/17301707 (74.1198%)
entry 12826000/17301707 (74.1314%)
entry 12827000/17301707 (74.1372%)
entry 12841000/17301707 (74.2181%)
entry 12847000/17301707 (74.2528%)
entry 12848000/17301707 (74.2586%)
entry 12850000/17301707 (74.2701%)
entry 12851000/17301707 (74.2759%)
entry 12852000/17301707 (74.2817%)
entry 12853000/17301707 (74.2875%)
entry 12860000/17301707 (74.3279%)
entry 12861000/17301707 (74.3337%)
entry 12869000/17301707 (74.3799%)
entry 12870000/17301707 (74.3857%)
entry 12872000/17301707 (74.3973%)
entry 12874000/17301707 (74.4088%)
entry 12876000/17301707 (74.4204%)
entry 12879000/17301707 (74.4377%)
entry 12881000/17301707 (74.4493%)
entry 12884000/17301707 (74.4666%)
entry 12886000/17301707 (74.4782%)
entry 12887000/17301707 (74.484%)
entry 12889000/17301707 (74.4955%)
entry 12890000/17301707 (74.5013%)
entry 12892000/17301707 (74.5129%)
entry 12895000/17301707 (74.5302%)
entry 12896000/17301707 (74.536%)
entry 12897000/17301707 (74.5418%)
entry 12909000/17301707 (74.6111%)
entry 12911000/17301707 (74.6227%)
entry 12914000/17301707 (74.64%)
entry 12915000/17301707 (74.6458%)
entry 12916000/17301707 (74.6516%)
entry 12918000/17301707 (74.6632%)
entry 12921000/17301707 (74.6805%)
entry 12923000/17301707 (74.692%)
entry 12927000/17301707 (74.7152%)
entry 12928000/17301707 (74.7209%)
entry 12936000/17301707 (74.7672%)
entry 12940000/17301707 (74.7903%)
entry 12943000/17301707 (74.8076%)
entry 12946000/17301707 (74.825%)
entry 12952000/17301707 (74.8597%)
entry 12955000/17301707 (74.877%)
entry 12956000/17301707 (74.8828%)
entry 12957000/17301707 (74.8886%)
entry 12959000/17301707 (74.9001%)
entry 12962000/17301707 (74.9175%)
entry 12963000/17301707 (74.9232%)
entry 12964000/17301707 (74.929%)
entry 12975000/17301707 (74.9926%)
entry 12980000/17301707 (75.0215%)
entry 12981000/17301707 (75.0273%)
entry 12982000/17301707 (75.0331%)
entry 12986000/17301707 (75.0562%)
entry 12990000/17301707 (75.0793%)
entry 12995000/17301707 (75.1082%)
entry 12996000/17301707 (75.114%)
entry 12997000/17301707 (75.1198%)
entry 13002000/17301707 (75.1486%)
entry 13003000/17301707 (75.1544%)
entry 13011000/17301707 (75.2007%)
entry 13012000/17301707 (75.2064%)
entry 13013000/17301707 (75.2122%)
entry 13018000/17301707 (75.2411%)
entry 13019000/17301707 (75.2469%)
entry 13021000/17301707 (75.2585%)
entry 13024000/17301707 (75.2758%)
entry 13025000/17301707 (75.2816%)
entry 13028000/17301707 (75.2989%)
entry 13029000/17301707 (75.3047%)
entry 13033000/17301707 (75.3278%)
entry 13035000/17301707 (75.3394%)
entry 13038000/17301707 (75.3567%)
entry 13039000/17301707 (75.3625%)
entry 13040000/17301707 (75.3683%)
entry 13044000/17301707 (75.3914%)
entry 13047000/17301707 (75.4087%)
entry 13052000/17301707 (75.4376%)
entry 13056000/17301707 (75.4608%)
entry 13057000/17301707 (75.4665%)
entry 13059000/17301707 (75.4781%)
entry 13060000/17301707 (75.4839%)
entry 13061000/17301707 (75.4897%)
entry 13065000/17301707 (75.5128%)
entry 13069000/17301707 (75.5359%)
entry 13078000/17301707 (75.5879%)
entry 13081000/17301707 (75.6052%)
entry 13085000/17301707 (75.6284%)
entry 13087000/17301707 (75.6399%)
entry 13092000/17301707 (75.6688%)
entry 13094000/17301707 (75.6804%)
entry 13095000/17301707 (75.6862%)
entry 13096000/17301707 (75.692%)
entry 13100000/17301707 (75.7151%)
entry 13102000/17301707 (75.7266%)
entry 13103000/17301707 (75.7324%)
entry 13106000/17301707 (75.7497%)
entry 13107000/17301707 (75.7555%)
entry 13109000/17301707 (75.7671%)
entry 13111000/17301707 (75.7786%)
entry 13112000/17301707 (75.7844%)
entry 13113000/17301707 (75.7902%)
entry 13120000/17301707 (75.8307%)
entry 13124000/17301707 (75.8538%)
entry 13127000/17301707 (75.8711%)
entry 13128000/17301707 (75.8769%)
entry 13130000/17301707 (75.8885%)
entry 13133000/17301707 (75.9058%)
entry 13135000/17301707 (75.9174%)
entry 13136000/17301707 (75.9231%)
entry 13142000/17301707 (75.9578%)
entry 13143000/17301707 (75.9636%)
entry 13146000/17301707 (75.9809%)
entry 13148000/17301707 (75.9925%)
entry 13150000/17301707 (76.0041%)
entry 13151000/17301707 (76.0098%)
entry 13152000/17301707 (76.0156%)
entry 13153000/17301707 (76.0214%)
entry 13154000/17301707 (76.0272%)
entry 13157000/17301707 (76.0445%)
entry 13158000/17301707 (76.0503%)
entry 13159000/17301707 (76.0561%)
entry 13164000/17301707 (76.085%)
entry 13168000/17301707 (76.1081%)
entry 13171000/17301707 (76.1254%)
entry 13180000/17301707 (76.1774%)
entry 13182000/17301707 (76.189%)
entry 13183000/17301707 (76.1948%)
entry 13190000/17301707 (76.2352%)
entry 13195000/17301707 (76.2641%)
entry 13205000/17301707 (76.3219%)
entry 13206000/17301707 (76.3277%)
entry 13208000/17301707 (76.3393%)
entry 13214000/17301707 (76.374%)
entry 13217000/17301707 (76.3913%)
entry 13218000/17301707 (76.3971%)
entry 13220000/17301707 (76.4086%)
entry 13221000/17301707 (76.4144%)
entry 13224000/17301707 (76.4318%)
entry 13227000/17301707 (76.4491%)
entry 13231000/17301707 (76.4722%)
entry 13239000/17301707 (76.5185%)
entry 13240000/17301707 (76.5242%)
entry 13241000/17301707 (76.53%)
entry 13243000/17301707 (76.5416%)
entry 13246000/17301707 (76.5589%)
entry 13247000/17301707 (76.5647%)
entry 13248000/17301707 (76.5705%)
entry 13249000/17301707 (76.5763%)
entry 13250000/17301707 (76.582%)
entry 13251000/17301707 (76.5878%)
entry 13256000/17301707 (76.6167%)
entry 13257000/17301707 (76.6225%)
entry 13258000/17301707 (76.6283%)
entry 13265000/17301707 (76.6687%)
entry 13270000/17301707 (76.6976%)
entry 13271000/17301707 (76.7034%)
entry 13274000/17301707 (76.7208%)
entry 13277000/17301707 (76.7381%)
entry 13278000/17301707 (76.7439%)
entry 13280000/17301707 (76.7554%)
entry 13283000/17301707 (76.7728%)
entry 13286000/17301707 (76.7901%)
entry 13288000/17301707 (76.8017%)
entry 13290000/17301707 (76.8132%)
entry 13291000/17301707 (76.819%)
entry 13294000/17301707 (76.8363%)
entry 13296000/17301707 (76.8479%)
entry 13300000/17301707 (76.871%)
entry 13301000/17301707 (76.8768%)
entry 13305000/17301707 (76.8999%)
entry 13307000/17301707 (76.9115%)
entry 13308000/17301707 (76.9173%)
entry 13309000/17301707 (76.923%)
entry 13314000/17301707 (76.9519%)
entry 13315000/17301707 (76.9577%)
entry 13318000/17301707 (76.9751%)
entry 13320000/17301707 (76.9866%)
entry 13321000/17301707 (76.9924%)
entry 13324000/17301707 (77.0097%)
entry 13327000/17301707 (77.0271%)
entry 13330000/17301707 (77.0444%)
entry 13332000/17301707 (77.056%)
entry 13333000/17301707 (77.0618%)
entry 13336000/17301707 (77.0791%)
entry 13338000/17301707 (77.0907%)
entry 13340000/17301707 (77.1022%)
entry 13347000/17301707 (77.1427%)
entry 13348000/17301707 (77.1485%)
entry 13349000/17301707 (77.1542%)
entry 13351000/17301707 (77.1658%)
entry 13362000/17301707 (77.2294%)
entry 13364000/17301707 (77.2409%)
entry 13365000/17301707 (77.2467%)
entry 13372000/17301707 (77.2872%)
entry 13374000/17301707 (77.2987%)
entry 13375000/17301707 (77.3045%)
entry 13378000/17301707 (77.3218%)
entry 13380000/17301707 (77.3334%)
entry 13382000/17301707 (77.345%)
entry 13384000/17301707 (77.3565%)
entry 13388000/17301707 (77.3796%)
entry 13391000/17301707 (77.397%)
entry 13400000/17301707 (77.449%)
entry 13401000/17301707 (77.4548%)
entry 13403000/17301707 (77.4663%)
entry 13409000/17301707 (77.501%)
entry 13411000/17301707 (77.5126%)
entry 13414000/17301707 (77.5299%)
entry 13415000/17301707 (77.5357%)
entry 13417000/17301707 (77.5473%)
entry 13421000/17301707 (77.5704%)
entry 13428000/17301707 (77.6108%)
entry 13430000/17301707 (77.6224%)
entry 13433000/17301707 (77.6397%)
entry 13435000/17301707 (77.6513%)
entry 13438000/17301707 (77.6686%)
entry 13441000/17301707 (77.686%)
entry 13443000/17301707 (77.6975%)
entry 13458000/17301707 (77.7842%)
entry 13464000/17301707 (77.8189%)
entry 13469000/17301707 (77.8478%)
entry 13470000/17301707 (77.8536%)
entry 13480000/17301707 (77.9114%)
entry 13481000/17301707 (77.9172%)
entry 13485000/17301707 (77.9403%)
entry 13486000/17301707 (77.9461%)
entry 13488000/17301707 (77.9576%)
entry 13490000/17301707 (77.9692%)
entry 13492000/17301707 (77.9807%)
entry 13494000/17301707 (77.9923%)
entry 13495000/17301707 (77.9981%)
entry 13496000/17301707 (78.0039%)
entry 13503000/17301707 (78.0443%)
entry 13504000/17301707 (78.0501%)
entry 13510000/17301707 (78.0848%)
entry 13512000/17301707 (78.0963%)
entry 13517000/17301707 (78.1252%)
entry 13518000/17301707 (78.131%)
entry 13519000/17301707 (78.1368%)
entry 13522000/17301707 (78.1541%)
entry 13523000/17301707 (78.1599%)
entry 13524000/17301707 (78.1657%)
entry 13525000/17301707 (78.1715%)
entry 13529000/17301707 (78.1946%)
entry 13531000/17301707 (78.2062%)
entry 13532000/17301707 (78.2119%)
entry 13533000/17301707 (78.2177%)
entry 13535000/17301707 (78.2293%)
entry 13538000/17301707 (78.2466%)
entry 13539000/17301707 (78.2524%)
entry 13541000/17301707 (78.264%)
entry 13542000/17301707 (78.2697%)
entry 13543000/17301707 (78.2755%)
entry 13545000/17301707 (78.2871%)
entry 13548000/17301707 (78.3044%)
entry 13549000/17301707 (78.3102%)
entry 13550000/17301707 (78.316%)
entry 13555000/17301707 (78.3449%)
entry 13557000/17301707 (78.3564%)
entry 13559000/17301707 (78.368%)
entry 13564000/17301707 (78.3969%)
entry 13565000/17301707 (78.4027%)
entry 13569000/17301707 (78.4258%)
entry 13572000/17301707 (78.4431%)
entry 13576000/17301707 (78.4662%)
entry 13578000/17301707 (78.4778%)
entry 13580000/17301707 (78.4894%)
entry 13581000/17301707 (78.4951%)
entry 13584000/17301707 (78.5125%)
entry 13587000/17301707 (78.5298%)
entry 13592000/17301707 (78.5587%)
entry 13594000/17301707 (78.5703%)
entry 13597000/17301707 (78.5876%)
entry 13599000/17301707 (78.5992%)
entry 13603000/17301707 (78.6223%)
entry 13604000/17301707 (78.6281%)
entry 13605000/17301707 (78.6339%)
entry 13608000/17301707 (78.6512%)
entry 13610000/17301707 (78.6628%)
entry 13614000/17301707 (78.6859%)
entry 13616000/17301707 (78.6974%)
entry 13623000/17301707 (78.7379%)
entry 13624000/17301707 (78.7437%)
entry 13630000/17301707 (78.7784%)
entry 13632000/17301707 (78.7899%)
entry 13636000/17301707 (78.813%)
entry 13644000/17301707 (78.8593%)
entry 13649000/17301707 (78.8882%)
entry 13659000/17301707 (78.946%)
entry 13661000/17301707 (78.9575%)
entry 13672000/17301707 (79.0211%)
entry 13676000/17301707 (79.0442%)
entry 13686000/17301707 (79.102%)
entry 13688000/17301707 (79.1136%)
entry 13690000/17301707 (79.1251%)
entry 13703000/17301707 (79.2003%)
entry 13705000/17301707 (79.2118%)
entry 13713000/17301707 (79.2581%)
entry 13715000/17301707 (79.2696%)
entry 13717000/17301707 (79.2812%)
entry 13720000/17301707 (79.2985%)
entry 13721000/17301707 (79.3043%)
entry 13723000/17301707 (79.3159%)
entry 13724000/17301707 (79.3216%)
entry 13728000/17301707 (79.3448%)
entry 13731000/17301707 (79.3621%)
entry 13733000/17301707 (79.3737%)
entry 13734000/17301707 (79.3794%)
entry 13735000/17301707 (79.3852%)
entry 13736000/17301707 (79.391%)
entry 13737000/17301707 (79.3968%)
entry 13744000/17301707 (79.4372%)
entry 13745000/17301707 (79.443%)
entry 13748000/17301707 (79.4604%)
entry 13752000/17301707 (79.4835%)
entry 13754000/17301707 (79.495%)
entry 13759000/17301707 (79.5239%)
entry 13762000/17301707 (79.5413%)
entry 13764000/17301707 (79.5528%)
entry 13766000/17301707 (79.5644%)
entry 13767000/17301707 (79.5702%)
entry 13770000/17301707 (79.5875%)
entry 13774000/17301707 (79.6106%)
entry 13776000/17301707 (79.6222%)
entry 13778000/17301707 (79.6338%)
entry 13779000/17301707 (79.6395%)
entry 13781000/17301707 (79.6511%)
entry 13784000/17301707 (79.6684%)
entry 13785000/17301707 (79.6742%)
entry 13788000/17301707 (79.6916%)
entry 13790000/17301707 (79.7031%)
entry 13791000/17301707 (79.7089%)
entry 13792000/17301707 (79.7147%)
entry 13794000/17301707 (79.7262%)
entry 13795000/17301707 (79.732%)
entry 13798000/17301707 (79.7494%)
entry 13803000/17301707 (79.7782%)
entry 13804000/17301707 (79.784%)
entry 13805000/17301707 (79.7898%)
entry 13808000/17301707 (79.8072%)
entry 13812000/17301707 (79.8303%)
entry 13816000/17301707 (79.8534%)
entry 13817000/17301707 (79.8592%)
entry 13818000/17301707 (79.8649%)
entry 13821000/17301707 (79.8823%)
entry 13822000/17301707 (79.8881%)
entry 13827000/17301707 (79.917%)
entry 13829000/17301707 (79.9285%)
entry 13831000/17301707 (79.9401%)
entry 13833000/17301707 (79.9516%)
entry 13836000/17301707 (79.969%)
entry 13839000/17301707 (79.9863%)
entry 13843000/17301707 (80.0094%)
entry 13846000/17301707 (80.0268%)
entry 13851000/17301707 (80.0557%)
entry 13854000/17301707 (80.073%)
entry 13855000/17301707 (80.0788%)
entry 13861000/17301707 (80.1135%)
entry 13863000/17301707 (80.125%)
entry 13867000/17301707 (80.1482%)
entry 13870000/17301707 (80.1655%)
entry 13872000/17301707 (80.1771%)
entry 13876000/17301707 (80.2002%)
entry 13877000/17301707 (80.206%)
entry 13878000/17301707 (80.2117%)
entry 13879000/17301707 (80.2175%)
entry 13880000/17301707 (80.2233%)
entry 13884000/17301707 (80.2464%)
entry 13887000/17301707 (80.2638%)
entry 13889000/17301707 (80.2753%)
entry 13890000/17301707 (80.2811%)
entry 13893000/17301707 (80.2984%)
entry 13894000/17301707 (80.3042%)
entry 13897000/17301707 (80.3216%)
entry 13906000/17301707 (80.3736%)
entry 13912000/17301707 (80.4082%)
entry 13917000/17301707 (80.4371%)
entry 13923000/17301707 (80.4718%)
entry 13926000/17301707 (80.4892%)
entry 13927000/17301707 (80.4949%)
entry 13930000/17301707 (80.5123%)
entry 13933000/17301707 (80.5296%)
entry 13935000/17301707 (80.5412%)
entry 13937000/17301707 (80.5527%)
entry 13939000/17301707 (80.5643%)
entry 13942000/17301707 (80.5816%)
entry 13951000/17301707 (80.6337%)
entry 13954000/17301707 (80.651%)
entry 13958000/17301707 (80.6741%)
entry 13959000/17301707 (80.6799%)
entry 13961000/17301707 (80.6915%)
entry 13962000/17301707 (80.6972%)
entry 13964000/17301707 (80.7088%)
entry 13966000/17301707 (80.7204%)
entry 13967000/17301707 (80.7261%)
entry 13970000/17301707 (80.7435%)
entry 13978000/17301707 (80.7897%)
entry 13982000/17301707 (80.8128%)
entry 13985000/17301707 (80.8302%)
entry 13989000/17301707 (80.8533%)
entry 13994000/17301707 (80.8822%)
entry 13995000/17301707 (80.888%)
entry 13997000/17301707 (80.8995%)
entry 14000000/17301707 (80.9169%)
entry 14001000/17301707 (80.9226%)
entry 14002000/17301707 (80.9284%)
entry 14003000/17301707 (80.9342%)
entry 14004000/17301707 (80.94%)
entry 14011000/17301707 (80.9804%)
entry 14017000/17301707 (81.0151%)
entry 14019000/17301707 (81.0267%)
entry 14020000/17301707 (81.0325%)
entry 14023000/17301707 (81.0498%)
entry 14024000/17301707 (81.0556%)
entry 14026000/17301707 (81.0671%)
entry 14028000/17301707 (81.0787%)
entry 14030000/17301707 (81.0903%)
entry 14034000/17301707 (81.1134%)
entry 14038000/17301707 (81.1365%)
entry 14046000/17301707 (81.1827%)
entry 14049000/17301707 (81.2001%)
entry 14055000/17301707 (81.2348%)
entry 14057000/17301707 (81.2463%)
entry 14058000/17301707 (81.2521%)
entry 14059000/17301707 (81.2579%)
entry 14060000/17301707 (81.2637%)
entry 14065000/17301707 (81.2926%)
entry 14067000/17301707 (81.3041%)
entry 14072000/17301707 (81.333%)
entry 14075000/17301707 (81.3504%)
entry 14077000/17301707 (81.3619%)
entry 14082000/17301707 (81.3908%)
entry 14084000/17301707 (81.4024%)
entry 14086000/17301707 (81.4139%)
entry 14097000/17301707 (81.4775%)
entry 14101000/17301707 (81.5006%)
entry 14106000/17301707 (81.5295%)
entry 14107000/17301707 (81.5353%)
entry 14108000/17301707 (81.5411%)
entry 14109000/17301707 (81.5469%)
entry 14114000/17301707 (81.5758%)
entry 14116000/17301707 (81.5873%)
entry 14117000/17301707 (81.5931%)
entry 14118000/17301707 (81.5989%)
entry 14120000/17301707 (81.6104%)
entry 14121000/17301707 (81.6162%)
entry 14124000/17301707 (81.6336%)
entry 14125000/17301707 (81.6393%)
entry 14127000/17301707 (81.6509%)
entry 14131000/17301707 (81.674%)
entry 14132000/17301707 (81.6798%)
entry 14134000/17301707 (81.6914%)
entry 14135000/17301707 (81.6971%)
entry 14137000/17301707 (81.7087%)
entry 14138000/17301707 (81.7145%)
entry 14140000/17301707 (81.726%)
entry 14142000/17301707 (81.7376%)
entry 14146000/17301707 (81.7607%)
entry 14148000/17301707 (81.7723%)
entry 14149000/17301707 (81.7781%)
entry 14151000/17301707 (81.7896%)
entry 14154000/17301707 (81.807%)
entry 14160000/17301707 (81.8416%)
entry 14162000/17301707 (81.8532%)
entry 14166000/17301707 (81.8763%)
entry 14167000/17301707 (81.8821%)
entry 14168000/17301707 (81.8879%)
entry 14169000/17301707 (81.8936%)
entry 14170000/17301707 (81.8994%)
entry 14175000/17301707 (81.9283%)
entry 14178000/17301707 (81.9457%)
entry 14182000/17301707 (81.9688%)
entry 14184000/17301707 (81.9803%)
entry 14198000/17301707 (82.0613%)
entry 14201000/17301707 (82.0786%)
entry 14204000/17301707 (82.0959%)
entry 14212000/17301707 (82.1422%)
entry 14213000/17301707 (82.148%)
entry 14216000/17301707 (82.1653%)
entry 14220000/17301707 (82.1884%)
entry 14224000/17301707 (82.2115%)
entry 14226000/17301707 (82.2231%)
entry 14228000/17301707 (82.2347%)
entry 14233000/17301707 (82.2636%)
entry 14236000/17301707 (82.2809%)
entry 14238000/17301707 (82.2925%)
entry 14242000/17301707 (82.3156%)
entry 14246000/17301707 (82.3387%)
entry 14247000/17301707 (82.3445%)
entry 14258000/17301707 (82.408%)
entry 14259000/17301707 (82.4138%)
entry 14262000/17301707 (82.4312%)
entry 14264000/17301707 (82.4427%)
entry 14267000/17301707 (82.4601%)
entry 14268000/17301707 (82.4658%)
entry 14272000/17301707 (82.489%)
entry 14273000/17301707 (82.4947%)
entry 14274000/17301707 (82.5005%)
entry 14277000/17301707 (82.5179%)
entry 14279000/17301707 (82.5294%)
entry 14280000/17301707 (82.5352%)
entry 14284000/17301707 (82.5583%)
entry 14285000/17301707 (82.5641%)
entry 14287000/17301707 (82.5757%)
entry 14291000/17301707 (82.5988%)
entry 14293000/17301707 (82.6103%)
entry 14298000/17301707 (82.6392%)
entry 14301000/17301707 (82.6566%)
entry 14306000/17301707 (82.6855%)
entry 14311000/17301707 (82.7144%)
entry 14312000/17301707 (82.7202%)
entry 14316000/17301707 (82.7433%)
entry 14317000/17301707 (82.7491%)
entry 14318000/17301707 (82.7548%)
entry 14326000/17301707 (82.8011%)
entry 14332000/17301707 (82.8358%)
entry 14333000/17301707 (82.8415%)
entry 14336000/17301707 (82.8589%)
entry 14337000/17301707 (82.8647%)
entry 14338000/17301707 (82.8704%)
entry 14339000/17301707 (82.8762%)
entry 14341000/17301707 (82.8878%)
entry 14342000/17301707 (82.8936%)
entry 14345000/17301707 (82.9109%)
entry 14346000/17301707 (82.9167%)
entry 14349000/17301707 (82.934%)
entry 14351000/17301707 (82.9456%)
entry 14354000/17301707 (82.9629%)
entry 14357000/17301707 (82.9802%)
entry 14358000/17301707 (82.986%)
entry 14360000/17301707 (82.9976%)
entry 14361000/17301707 (83.0034%)
entry 14367000/17301707 (83.038%)
entry 14375000/17301707 (83.0843%)
entry 14383000/17301707 (83.1305%)
entry 14384000/17301707 (83.1363%)
entry 14385000/17301707 (83.1421%)
entry 14389000/17301707 (83.1652%)
entry 14390000/17301707 (83.171%)
entry 14393000/17301707 (83.1883%)
entry 14395000/17301707 (83.1999%)
entry 14396000/17301707 (83.2057%)
entry 14401000/17301707 (83.2346%)
entry 14403000/17301707 (83.2461%)
entry 14409000/17301707 (83.2808%)
entry 14410000/17301707 (83.2866%)
entry 14412000/17301707 (83.2981%)
entry 14414000/17301707 (83.3097%)
entry 14415000/17301707 (83.3155%)
entry 14417000/17301707 (83.327%)
entry 14418000/17301707 (83.3328%)
entry 14420000/17301707 (83.3444%)
entry 14421000/17301707 (83.3502%)
entry 14424000/17301707 (83.3675%)
entry 14428000/17301707 (83.3906%)
entry 14432000/17301707 (83.4137%)
entry 14433000/17301707 (83.4195%)
entry 14436000/17301707 (83.4368%)
entry 14439000/17301707 (83.4542%)
entry 14441000/17301707 (83.4657%)
entry 14444000/17301707 (83.4831%)
entry 14445000/17301707 (83.4889%)
entry 14446000/17301707 (83.4946%)
entry 14449000/17301707 (83.512%)
entry 14450000/17301707 (83.5178%)
entry 14455000/17301707 (83.5467%)
entry 14458000/17301707 (83.564%)
entry 14463000/17301707 (83.5929%)
entry 14464000/17301707 (83.5987%)
entry 14465000/17301707 (83.6045%)
entry 14466000/17301707 (83.6102%)
entry 14467000/17301707 (83.616%)
entry 14473000/17301707 (83.6507%)
entry 14475000/17301707 (83.6623%)
entry 14479000/17301707 (83.6854%)
entry 14482000/17301707 (83.7027%)
entry 14483000/17301707 (83.7085%)
entry 14484000/17301707 (83.7143%)
entry 14486000/17301707 (83.7258%)
entry 14488000/17301707 (83.7374%)
entry 14490000/17301707 (83.749%)
entry 14492000/17301707 (83.7605%)
entry 14494000/17301707 (83.7721%)
entry 14497000/17301707 (83.7894%)
entry 14498000/17301707 (83.7952%)
entry 14499000/17301707 (83.801%)
entry 14501000/17301707 (83.8125%)
entry 14502000/17301707 (83.8183%)
entry 14503000/17301707 (83.8241%)
entry 14504000/17301707 (83.8299%)
entry 14506000/17301707 (83.8414%)
entry 14512000/17301707 (83.8761%)
entry 14518000/17301707 (83.9108%)
entry 14526000/17301707 (83.957%)
entry 14528000/17301707 (83.9686%)
entry 14529000/17301707 (83.9744%)
entry 14530000/17301707 (83.9801%)
entry 14531000/17301707 (83.9859%)
entry 14535000/17301707 (84.009%)
entry 14538000/17301707 (84.0264%)
entry 14540000/17301707 (84.0379%)
entry 14544000/17301707 (84.0611%)
entry 14545000/17301707 (84.0668%)
entry 14547000/17301707 (84.0784%)
entry 14550000/17301707 (84.0957%)
entry 14554000/17301707 (84.1189%)
entry 14559000/17301707 (84.1478%)
entry 14560000/17301707 (84.1535%)
entry 14565000/17301707 (84.1824%)
entry 14566000/17301707 (84.1882%)
entry 14574000/17301707 (84.2345%)
entry 14576000/17301707 (84.246%)
entry 14577000/17301707 (84.2518%)
entry 14582000/17301707 (84.2807%)
entry 14584000/17301707 (84.2923%)
entry 14586000/17301707 (84.3038%)
entry 14587000/17301707 (84.3096%)
entry 14592000/17301707 (84.3385%)
entry 14594000/17301707 (84.3501%)
entry 14598000/17301707 (84.3732%)
entry 14608000/17301707 (84.431%)
entry 14609000/17301707 (84.4368%)
entry 14611000/17301707 (84.4483%)
entry 14613000/17301707 (84.4599%)
entry 14614000/17301707 (84.4656%)
entry 14615000/17301707 (84.4714%)
entry 14616000/17301707 (84.4772%)
entry 14619000/17301707 (84.4945%)
entry 14622000/17301707 (84.5119%)
entry 14629000/17301707 (84.5523%)
entry 14630000/17301707 (84.5581%)
entry 14631000/17301707 (84.5639%)
entry 14633000/17301707 (84.5755%)
entry 14636000/17301707 (84.5928%)
entry 14637000/17301707 (84.5986%)
entry 14638000/17301707 (84.6044%)
entry 14642000/17301707 (84.6275%)
entry 14643000/17301707 (84.6333%)
entry 14644000/17301707 (84.639%)
entry 14645000/17301707 (84.6448%)
entry 14646000/17301707 (84.6506%)
entry 14647000/17301707 (84.6564%)
entry 14651000/17301707 (84.6795%)
entry 14652000/17301707 (84.6853%)
entry 14655000/17301707 (84.7026%)
entry 14657000/17301707 (84.7142%)
entry 14663000/17301707 (84.7489%)
entry 14665000/17301707 (84.7604%)
entry 14666000/17301707 (84.7662%)
entry 14668000/17301707 (84.7778%)
entry 14669000/17301707 (84.7835%)
entry 14670000/17301707 (84.7893%)
entry 14671000/17301707 (84.7951%)
entry 14672000/17301707 (84.8009%)
entry 14674000/17301707 (84.8124%)
entry 14677000/17301707 (84.8298%)
entry 14678000/17301707 (84.8356%)
entry 14679000/17301707 (84.8413%)
entry 14683000/17301707 (84.8645%)
entry 14686000/17301707 (84.8818%)
entry 14689000/17301707 (84.8991%)
entry 14690000/17301707 (84.9049%)
entry 14694000/17301707 (84.928%)
entry 14696000/17301707 (84.9396%)
entry 14703000/17301707 (84.98%)
entry 14713000/17301707 (85.0378%)
entry 14714000/17301707 (85.0436%)
entry 14719000/17301707 (85.0725%)
entry 14720000/17301707 (85.0783%)
entry 14721000/17301707 (85.0841%)
entry 14723000/17301707 (85.0956%)
entry 14724000/17301707 (85.1014%)
entry 14727000/17301707 (85.1188%)
entry 14733000/17301707 (85.1534%)
entry 14736000/17301707 (85.1708%)
entry 14738000/17301707 (85.1823%)
entry 14743000/17301707 (85.2112%)
entry 14744000/17301707 (85.217%)
entry 14750000/17301707 (85.2517%)
entry 14751000/17301707 (85.2575%)
entry 14753000/17301707 (85.269%)
entry 14754000/17301707 (85.2748%)
entry 14755000/17301707 (85.2806%)
entry 14756000/17301707 (85.2864%)
entry 14757000/17301707 (85.2922%)
entry 14758000/17301707 (85.2979%)
entry 14767000/17301707 (85.35%)
entry 14768000/17301707 (85.3557%)
entry 14769000/17301707 (85.3615%)
entry 14777000/17301707 (85.4078%)
entry 14778000/17301707 (85.4135%)
entry 14779000/17301707 (85.4193%)
entry 14782000/17301707 (85.4367%)
entry 14791000/17301707 (85.4887%)
entry 14795000/17301707 (85.5118%)
entry 14797000/17301707 (85.5233%)
entry 14803000/17301707 (85.558%)
entry 14804000/17301707 (85.5638%)
entry 14809000/17301707 (85.5927%)
entry 14810000/17301707 (85.5985%)
entry 14812000/17301707 (85.61%)
entry 14818000/17301707 (85.6447%)
entry 14828000/17301707 (85.7025%)
entry 14829000/17301707 (85.7083%)
entry 14832000/17301707 (85.7256%)
entry 14833000/17301707 (85.7314%)
entry 14834000/17301707 (85.7372%)
entry 14839000/17301707 (85.7661%)
entry 14840000/17301707 (85.7719%)
entry 14841000/17301707 (85.7777%)
entry 14845000/17301707 (85.8008%)
entry 14847000/17301707 (85.8123%)
entry 14850000/17301707 (85.8297%)
entry 14853000/17301707 (85.847%)
entry 14856000/17301707 (85.8644%)
entry 14858000/17301707 (85.8759%)
entry 14859000/17301707 (85.8817%)
entry 14860000/17301707 (85.8875%)
entry 14870000/17301707 (85.9453%)
entry 14872000/17301707 (85.9568%)
entry 14873000/17301707 (85.9626%)
entry 14875000/17301707 (85.9742%)
entry 14880000/17301707 (86.0031%)
entry 14883000/17301707 (86.0204%)
entry 14890000/17301707 (86.0609%)
entry 14891000/17301707 (86.0666%)
entry 14900000/17301707 (86.1187%)
entry 14907000/17301707 (86.1591%)
entry 14910000/17301707 (86.1765%)
entry 14911000/17301707 (86.1822%)
entry 14914000/17301707 (86.1996%)
entry 14916000/17301707 (86.2111%)
entry 14917000/17301707 (86.2169%)
entry 14918000/17301707 (86.2227%)
entry 14922000/17301707 (86.2458%)
entry 14923000/17301707 (86.2516%)
entry 14924000/17301707 (86.2574%)
entry 14925000/17301707 (86.2632%)
entry 14928000/17301707 (86.2805%)
entry 14935000/17301707 (86.321%)
entry 14936000/17301707 (86.3267%)
entry 14941000/17301707 (86.3556%)
entry 14942000/17301707 (86.3614%)
entry 14946000/17301707 (86.3845%)
entry 14947000/17301707 (86.3903%)
entry 14949000/17301707 (86.4019%)
entry 14952000/17301707 (86.4192%)
entry 14954000/17301707 (86.4308%)
entry 14955000/17301707 (86.4366%)
entry 14956000/17301707 (86.4423%)
entry 14961000/17301707 (86.4712%)
entry 14965000/17301707 (86.4944%)
entry 14968000/17301707 (86.5117%)
entry 14970000/17301707 (86.5232%)
entry 14973000/17301707 (86.5406%)
entry 14974000/17301707 (86.5464%)
entry 14977000/17301707 (86.5637%)
entry 14980000/17301707 (86.581%)
entry 14985000/17301707 (86.6099%)
entry 14986000/17301707 (86.6157%)
entry 14989000/17301707 (86.6331%)
entry 14991000/17301707 (86.6446%)
entry 14992000/17301707 (86.6504%)
entry 14994000/17301707 (86.662%)
entry 14996000/17301707 (86.6735%)
entry 14997000/17301707 (86.6793%)
entry 14998000/17301707 (86.6851%)
entry 14999000/17301707 (86.6909%)
entry 15002000/17301707 (86.7082%)
entry 15006000/17301707 (86.7313%)
entry 15008000/17301707 (86.7429%)
entry 15009000/17301707 (86.7487%)
entry 15012000/17301707 (86.766%)
entry 15013000/17301707 (86.7718%)
entry 15014000/17301707 (86.7776%)
entry 15017000/17301707 (86.7949%)
entry 15018000/17301707 (86.8007%)
entry 15020000/17301707 (86.8122%)
entry 15028000/17301707 (86.8585%)
entry 15029000/17301707 (86.8643%)
entry 15032000/17301707 (86.8816%)
entry 15033000/17301707 (86.8874%)
entry 15034000/17301707 (86.8932%)
entry 15035000/17301707 (86.8989%)
entry 15036000/17301707 (86.9047%)
entry 15045000/17301707 (86.9567%)
entry 15047000/17301707 (86.9683%)
entry 15050000/17301707 (86.9856%)
entry 15053000/17301707 (87.003%)
entry 15055000/17301707 (87.0145%)
entry 15056000/17301707 (87.0203%)
entry 15060000/17301707 (87.0434%)
entry 15074000/17301707 (87.1243%)
entry 15075000/17301707 (87.1301%)
entry 15076000/17301707 (87.1359%)
entry 15080000/17301707 (87.159%)
entry 15082000/17301707 (87.1706%)
entry 15083000/17301707 (87.1764%)
entry 15084000/17301707 (87.1821%)
entry 15085000/17301707 (87.1879%)
entry 15086000/17301707 (87.1937%)
entry 15088000/17301707 (87.2053%)
entry 15090000/17301707 (87.2168%)
entry 15091000/17301707 (87.2226%)
entry 15094000/17301707 (87.2399%)
entry 15100000/17301707 (87.2746%)
entry 15102000/17301707 (87.2862%)
entry 15103000/17301707 (87.292%)
entry 15107000/17301707 (87.3151%)
entry 15112000/17301707 (87.344%)
entry 15113000/17301707 (87.3498%)
entry 15114000/17301707 (87.3555%)
entry 15115000/17301707 (87.3613%)
entry 15116000/17301707 (87.3671%)
entry 15119000/17301707 (87.3844%)
entry 15122000/17301707 (87.4018%)
entry 15124000/17301707 (87.4133%)
entry 15130000/17301707 (87.448%)
entry 15131000/17301707 (87.4538%)
entry 15133000/17301707 (87.4654%)
entry 15134000/17301707 (87.4711%)
entry 15136000/17301707 (87.4827%)
entry 15139000/17301707 (87.5%)
entry 15145000/17301707 (87.5347%)
entry 15146000/17301707 (87.5405%)
entry 15147000/17301707 (87.5463%)
entry 15148000/17301707 (87.5521%)
entry 15149000/17301707 (87.5578%)
entry 15153000/17301707 (87.5809%)
entry 15164000/17301707 (87.6445%)
entry 15165000/17301707 (87.6503%)
entry 15168000/17301707 (87.6676%)
entry 15169000/17301707 (87.6734%)
entry 15170000/17301707 (87.6792%)
entry 15174000/17301707 (87.7023%)
entry 15175000/17301707 (87.7081%)
entry 15176000/17301707 (87.7139%)
entry 15181000/17301707 (87.7428%)
entry 15186000/17301707 (87.7717%)
entry 15188000/17301707 (87.7832%)
entry 15189000/17301707 (87.789%)
entry 15191000/17301707 (87.8006%)
entry 15193000/17301707 (87.8121%)
entry 15196000/17301707 (87.8295%)
entry 15200000/17301707 (87.8526%)
entry 15207000/17301707 (87.8931%)
entry 15211000/17301707 (87.9162%)
entry 15212000/17301707 (87.922%)
entry 15213000/17301707 (87.9277%)
entry 15217000/17301707 (87.9509%)
entry 15218000/17301707 (87.9566%)
entry 15219000/17301707 (87.9624%)
entry 15220000/17301707 (87.9682%)
entry 15221000/17301707 (87.974%)
entry 15225000/17301707 (87.9971%)
entry 15226000/17301707 (88.0029%)
entry 15235000/17301707 (88.0549%)
entry 15236000/17301707 (88.0607%)
entry 15239000/17301707 (88.078%)
entry 15240000/17301707 (88.0838%)
entry 15241000/17301707 (88.0896%)
entry 15243000/17301707 (88.1011%)
entry 15247000/17301707 (88.1242%)
entry 15248000/17301707 (88.13%)
entry 15256000/17301707 (88.1763%)
entry 15260000/17301707 (88.1994%)
entry 15264000/17301707 (88.2225%)
entry 15266000/17301707 (88.2341%)
entry 15267000/17301707 (88.2398%)
entry 15270000/17301707 (88.2572%)
entry 15272000/17301707 (88.2687%)
entry 15273000/17301707 (88.2745%)
entry 15274000/17301707 (88.2803%)
entry 15276000/17301707 (88.2919%)
entry 15277000/17301707 (88.2976%)
entry 15278000/17301707 (88.3034%)
entry 15282000/17301707 (88.3265%)
entry 15285000/17301707 (88.3439%)
entry 15286000/17301707 (88.3497%)
entry 15288000/17301707 (88.3612%)
entry 15290000/17301707 (88.3728%)
entry 15294000/17301707 (88.3959%)
entry 15298000/17301707 (88.419%)
entry 15303000/17301707 (88.4479%)
entry 15305000/17301707 (88.4595%)
entry 15309000/17301707 (88.4826%)
entry 15315000/17301707 (88.5173%)
entry 15319000/17301707 (88.5404%)
entry 15326000/17301707 (88.5809%)
entry 15327000/17301707 (88.5866%)
entry 15332000/17301707 (88.6155%)
entry 15333000/17301707 (88.6213%)
entry 15337000/17301707 (88.6444%)
entry 15350000/17301707 (88.7196%)
entry 15351000/17301707 (88.7253%)
entry 15353000/17301707 (88.7369%)
entry 15355000/17301707 (88.7485%)
entry 15356000/17301707 (88.7542%)
entry 15357000/17301707 (88.76%)
entry 15358000/17301707 (88.7658%)
entry 15364000/17301707 (88.8005%)
entry 15371000/17301707 (88.8409%)
entry 15374000/17301707 (88.8583%)
entry 15376000/17301707 (88.8698%)
entry 15381000/17301707 (88.8987%)
entry 15385000/17301707 (88.9219%)
entry 15386000/17301707 (88.9276%)
entry 15388000/17301707 (88.9392%)
entry 15390000/17301707 (88.9508%)
entry 15391000/17301707 (88.9565%)
entry 15392000/17301707 (88.9623%)
entry 15393000/17301707 (88.9681%)
entry 15395000/17301707 (88.9797%)
entry 15396000/17301707 (88.9854%)
entry 15408000/17301707 (89.0548%)
entry 15412000/17301707 (89.0779%)
entry 15413000/17301707 (89.0837%)
entry 15414000/17301707 (89.0895%)
entry 15416000/17301707 (89.101%)
entry 15418000/17301707 (89.1126%)
entry 15419000/17301707 (89.1184%)
entry 15420000/17301707 (89.1241%)
entry 15422000/17301707 (89.1357%)
entry 15427000/17301707 (89.1646%)
entry 15430000/17301707 (89.1819%)
entry 15438000/17301707 (89.2282%)
entry 15439000/17301707 (89.234%)
entry 15440000/17301707 (89.2397%)
entry 15443000/17301707 (89.2571%)
entry 15444000/17301707 (89.2629%)
entry 15445000/17301707 (89.2686%)
entry 15446000/17301707 (89.2744%)
entry 15448000/17301707 (89.286%)
entry 15449000/17301707 (89.2918%)
entry 15453000/17301707 (89.3149%)
entry 15460000/17301707 (89.3553%)
entry 15464000/17301707 (89.3785%)
entry 15468000/17301707 (89.4016%)
entry 15471000/17301707 (89.4189%)
entry 15472000/17301707 (89.4247%)
entry 15473000/17301707 (89.4305%)
entry 15474000/17301707 (89.4363%)
entry 15475000/17301707 (89.442%)
entry 15477000/17301707 (89.4536%)
entry 15478000/17301707 (89.4594%)
entry 15485000/17301707 (89.4998%)
entry 15486000/17301707 (89.5056%)
entry 15489000/17301707 (89.523%)
entry 15500000/17301707 (89.5865%)
entry 15508000/17301707 (89.6328%)
entry 15516000/17301707 (89.679%)
entry 15520000/17301707 (89.7021%)
entry 15522000/17301707 (89.7137%)
entry 15523000/17301707 (89.7195%)
entry 15533000/17301707 (89.7773%)
entry 15535000/17301707 (89.7888%)
entry 15538000/17301707 (89.8062%)
entry 15540000/17301707 (89.8177%)
entry 15543000/17301707 (89.8351%)
entry 15552000/17301707 (89.8871%)
entry 15553000/17301707 (89.8929%)
entry 15554000/17301707 (89.8986%)
entry 15561000/17301707 (89.9391%)
entry 15565000/17301707 (89.9622%)
entry 15566000/17301707 (89.968%)
entry 15567000/17301707 (89.9738%)
entry 15568000/17301707 (89.9796%)
entry 15569000/17301707 (89.9853%)
entry 15570000/17301707 (89.9911%)
entry 15574000/17301707 (90.0142%)
entry 15575000/17301707 (90.02%)
entry 15576000/17301707 (90.0258%)
entry 15578000/17301707 (90.0374%)
entry 15580000/17301707 (90.0489%)
entry 15581000/17301707 (90.0547%)
entry 15583000/17301707 (90.0663%)
entry 15584000/17301707 (90.072%)
entry 15587000/17301707 (90.0894%)
entry 15589000/17301707 (90.1009%)
entry 15591000/17301707 (90.1125%)
entry 15592000/17301707 (90.1183%)
entry 15594000/17301707 (90.1298%)
entry 15595000/17301707 (90.1356%)
entry 15600000/17301707 (90.1645%)
entry 15605000/17301707 (90.1934%)
entry 15607000/17301707 (90.205%)
entry 15611000/17301707 (90.2281%)
entry 15615000/17301707 (90.2512%)
entry 15618000/17301707 (90.2685%)
entry 15620000/17301707 (90.2801%)
entry 15621000/17301707 (90.2859%)
entry 15628000/17301707 (90.3263%)
entry 15637000/17301707 (90.3784%)
entry 15640000/17301707 (90.3957%)
entry 15641000/17301707 (90.4015%)
entry 15649000/17301707 (90.4477%)
entry 15651000/17301707 (90.4593%)
entry 15653000/17301707 (90.4708%)
entry 15656000/17301707 (90.4882%)
entry 15657000/17301707 (90.494%)
entry 15659000/17301707 (90.5055%)
entry 15660000/17301707 (90.5113%)
entry 15663000/17301707 (90.5286%)
entry 15664000/17301707 (90.5344%)
entry 15665000/17301707 (90.5402%)
entry 15666000/17301707 (90.546%)
entry 15667000/17301707 (90.5518%)
entry 15669000/17301707 (90.5633%)
entry 15670000/17301707 (90.5691%)
entry 15673000/17301707 (90.5864%)
entry 15677000/17301707 (90.6096%)
entry 15679000/17301707 (90.6211%)
entry 15680000/17301707 (90.6269%)
entry 15681000/17301707 (90.6327%)
entry 15685000/17301707 (90.6558%)
entry 15687000/17301707 (90.6673%)
entry 15689000/17301707 (90.6789%)
entry 15693000/17301707 (90.702%)
entry 15694000/17301707 (90.7078%)
entry 15702000/17301707 (90.754%)
entry 15710000/17301707 (90.8003%)
entry 15711000/17301707 (90.8061%)
entry 15717000/17301707 (90.8407%)
entry 15719000/17301707 (90.8523%)
entry 15725000/17301707 (90.887%)
entry 15726000/17301707 (90.8928%)
entry 15735000/17301707 (90.9448%)
entry 15738000/17301707 (90.9621%)
entry 15739000/17301707 (90.9679%)
entry 15740000/17301707 (90.9737%)
entry 15741000/17301707 (90.9795%)
entry 15742000/17301707 (90.9852%)
entry 15750000/17301707 (91.0315%)
entry 15752000/17301707 (91.043%)
entry 15753000/17301707 (91.0488%)
entry 15756000/17301707 (91.0662%)
entry 15759000/17301707 (91.0835%)
entry 15762000/17301707 (91.1008%)
entry 15765000/17301707 (91.1182%)
entry 15768000/17301707 (91.1355%)
entry 15771000/17301707 (91.1529%)
entry 15772000/17301707 (91.1586%)
entry 15779000/17301707 (91.1991%)
entry 15780000/17301707 (91.2049%)
entry 15781000/17301707 (91.2106%)
entry 15784000/17301707 (91.228%)
entry 15786000/17301707 (91.2395%)
entry 15789000/17301707 (91.2569%)
entry 15790000/17301707 (91.2627%)
entry 15792000/17301707 (91.2742%)
entry 15793000/17301707 (91.28%)
entry 15801000/17301707 (91.3262%)
entry 15809000/17301707 (91.3725%)
entry 15819000/17301707 (91.4303%)
entry 15820000/17301707 (91.4361%)
entry 15821000/17301707 (91.4418%)
entry 15824000/17301707 (91.4592%)
entry 15826000/17301707 (91.4707%)
entry 15828000/17301707 (91.4823%)
entry 15830000/17301707 (91.4939%)
entry 15832000/17301707 (91.5054%)
entry 15833000/17301707 (91.5112%)
entry 15838000/17301707 (91.5401%)
entry 15842000/17301707 (91.5632%)
entry 15849000/17301707 (91.6037%)
entry 15850000/17301707 (91.6095%)
entry 15853000/17301707 (91.6268%)
entry 15854000/17301707 (91.6326%)
entry 15855000/17301707 (91.6384%)
entry 15860000/17301707 (91.6673%)
entry 15861000/17301707 (91.673%)
entry 15863000/17301707 (91.6846%)
entry 15867000/17301707 (91.7077%)
entry 15869000/17301707 (91.7193%)
entry 15871000/17301707 (91.7308%)
entry 15874000/17301707 (91.7482%)
entry 15876000/17301707 (91.7597%)
entry 15877000/17301707 (91.7655%)
entry 15879000/17301707 (91.7771%)
entry 15884000/17301707 (91.806%)
entry 15885000/17301707 (91.8117%)
entry 15892000/17301707 (91.8522%)
entry 15902000/17301707 (91.91%)
entry 15904000/17301707 (91.9216%)
entry 15909000/17301707 (91.9505%)
entry 15911000/17301707 (91.962%)
entry 15912000/17301707 (91.9678%)
entry 15913000/17301707 (91.9736%)
entry 15914000/17301707 (91.9794%)
entry 15915000/17301707 (91.9851%)
entry 15916000/17301707 (91.9909%)
entry 15917000/17301707 (91.9967%)
entry 15918000/17301707 (92.0025%)
entry 15920000/17301707 (92.014%)
entry 15924000/17301707 (92.0372%)
entry 15926000/17301707 (92.0487%)
entry 15929000/17301707 (92.0661%)
entry 15933000/17301707 (92.0892%)
entry 15935000/17301707 (92.1007%)
entry 15936000/17301707 (92.1065%)
entry 15937000/17301707 (92.1123%)
entry 15938000/17301707 (92.1181%)
entry 15939000/17301707 (92.1239%)
entry 15944000/17301707 (92.1528%)
entry 15946000/17301707 (92.1643%)
entry 15949000/17301707 (92.1817%)
entry 15955000/17301707 (92.2163%)
entry 15959000/17301707 (92.2394%)
entry 15966000/17301707 (92.2799%)
entry 15970000/17301707 (92.303%)
entry 15971000/17301707 (92.3088%)
entry 15972000/17301707 (92.3146%)
entry 15973000/17301707 (92.3204%)
entry 15979000/17301707 (92.355%)
entry 15981000/17301707 (92.3666%)
entry 15984000/17301707 (92.3839%)
entry 15986000/17301707 (92.3955%)
entry 15988000/17301707 (92.4071%)
entry 15989000/17301707 (92.4128%)
entry 15994000/17301707 (92.4417%)
entry 15995000/17301707 (92.4475%)
entry 15999000/17301707 (92.4706%)
entry 16000000/17301707 (92.4764%)
entry 16002000/17301707 (92.488%)
entry 16007000/17301707 (92.5169%)
entry 16009000/17301707 (92.5284%)
entry 16015000/17301707 (92.5631%)
entry 16016000/17301707 (92.5689%)
entry 16017000/17301707 (92.5747%)
entry 16018000/17301707 (92.5805%)
entry 16021000/17301707 (92.5978%)
entry 16024000/17301707 (92.6151%)
entry 16025000/17301707 (92.6209%)
entry 16032000/17301707 (92.6614%)
entry 16038000/17301707 (92.6961%)
entry 16039000/17301707 (92.7018%)
entry 16041000/17301707 (92.7134%)
entry 16045000/17301707 (92.7365%)
entry 16049000/17301707 (92.7596%)
entry 16052000/17301707 (92.777%)
entry 16053000/17301707 (92.7827%)
entry 16056000/17301707 (92.8001%)
entry 16063000/17301707 (92.8405%)
entry 16069000/17301707 (92.8752%)
entry 16074000/17301707 (92.9041%)
entry 16075000/17301707 (92.9099%)
entry 16076000/17301707 (92.9157%)
entry 16078000/17301707 (92.9272%)
entry 16079000/17301707 (92.933%)
entry 16081000/17301707 (92.9446%)
entry 16082000/17301707 (92.9504%)
entry 16085000/17301707 (92.9677%)
entry 16087000/17301707 (92.9793%)
entry 16092000/17301707 (93.0082%)
entry 16097000/17301707 (93.0371%)
entry 16101000/17301707 (93.0602%)
entry 16107000/17301707 (93.0949%)
entry 16111000/17301707 (93.118%)
entry 16113000/17301707 (93.1295%)
entry 16114000/17301707 (93.1353%)
entry 16115000/17301707 (93.1411%)
entry 16118000/17301707 (93.1584%)
entry 16119000/17301707 (93.1642%)
entry 16121000/17301707 (93.1758%)
entry 16122000/17301707 (93.1816%)
entry 16128000/17301707 (93.2162%)
entry 16130000/17301707 (93.2278%)
entry 16132000/17301707 (93.2393%)
entry 16135000/17301707 (93.2567%)
entry 16136000/17301707 (93.2625%)
entry 16140000/17301707 (93.2856%)
entry 16143000/17301707 (93.3029%)
entry 16154000/17301707 (93.3665%)
entry 16155000/17301707 (93.3723%)
entry 16156000/17301707 (93.3781%)
entry 16161000/17301707 (93.407%)
entry 16164000/17301707 (93.4243%)
entry 16166000/17301707 (93.4359%)
entry 16167000/17301707 (93.4416%)
entry 16171000/17301707 (93.4648%)
entry 16173000/17301707 (93.4763%)
entry 16174000/17301707 (93.4821%)
entry 16180000/17301707 (93.5168%)
entry 16187000/17301707 (93.5572%)
entry 16192000/17301707 (93.5861%)
entry 16199000/17301707 (93.6266%)
entry 16201000/17301707 (93.6382%)
entry 16202000/17301707 (93.6439%)
entry 16204000/17301707 (93.6555%)
entry 16208000/17301707 (93.6786%)
entry 16210000/17301707 (93.6902%)
entry 16214000/17301707 (93.7133%)
entry 16218000/17301707 (93.7364%)
entry 16227000/17301707 (93.7884%)
entry 16228000/17301707 (93.7942%)
entry 16229000/17301707 (93.8%)
entry 16230000/17301707 (93.8058%)
entry 16235000/17301707 (93.8347%)
entry 16236000/17301707 (93.8404%)
entry 16244000/17301707 (93.8867%)
entry 16247000/17301707 (93.904%)
entry 16248000/17301707 (93.9098%)
entry 16249000/17301707 (93.9156%)
entry 16253000/17301707 (93.9387%)
entry 16255000/17301707 (93.9503%)
entry 16260000/17301707 (93.9792%)
entry 16267000/17301707 (94.0196%)
entry 16268000/17301707 (94.0254%)
entry 16270000/17301707 (94.037%)
entry 16283000/17301707 (94.1121%)
entry 16289000/17301707 (94.1468%)
entry 16290000/17301707 (94.1526%)
entry 16300000/17301707 (94.2104%)
entry 16313000/17301707 (94.2855%)
entry 16319000/17301707 (94.3202%)
entry 16320000/17301707 (94.3259%)
entry 16321000/17301707 (94.3317%)
entry 16324000/17301707 (94.3491%)
entry 16326000/17301707 (94.3606%)
entry 16328000/17301707 (94.3722%)
entry 16329000/17301707 (94.378%)
entry 16334000/17301707 (94.4069%)
entry 16336000/17301707 (94.4184%)
entry 16341000/17301707 (94.4473%)
entry 16343000/17301707 (94.4589%)
entry 16345000/17301707 (94.4704%)
entry 16347000/17301707 (94.482%)
entry 16348000/17301707 (94.4878%)
entry 16354000/17301707 (94.5225%)
entry 16367000/17301707 (94.5976%)
entry 16368000/17301707 (94.6034%)
entry 16369000/17301707 (94.6092%)
entry 16370000/17301707 (94.6149%)
entry 16375000/17301707 (94.6438%)
entry 16377000/17301707 (94.6554%)
entry 16380000/17301707 (94.6727%)
entry 16381000/17301707 (94.6785%)
entry 16382000/17301707 (94.6843%)
entry 16387000/17301707 (94.7132%)
entry 16389000/17301707 (94.7248%)
entry 16395000/17301707 (94.7594%)
entry 16397000/17301707 (94.771%)
entry 16402000/17301707 (94.7999%)
entry 16405000/17301707 (94.8172%)
entry 16417000/17301707 (94.8866%)
entry 16420000/17301707 (94.9039%)
entry 16429000/17301707 (94.9559%)
entry 16431000/17301707 (94.9675%)
entry 16435000/17301707 (94.9906%)
entry 16441000/17301707 (95.0253%)
entry 16442000/17301707 (95.0311%)
entry 16446000/17301707 (95.0542%)
entry 16448000/17301707 (95.0658%)
entry 16450000/17301707 (95.0773%)
entry 16456000/17301707 (95.112%)
entry 16461000/17301707 (95.1409%)
entry 16466000/17301707 (95.1698%)
entry 16468000/17301707 (95.1814%)
entry 16471000/17301707 (95.1987%)
entry 16473000/17301707 (95.2103%)
entry 16478000/17301707 (95.2392%)
entry 16479000/17301707 (95.2449%)
entry 16480000/17301707 (95.2507%)
entry 16481000/17301707 (95.2565%)
entry 16482000/17301707 (95.2623%)
entry 16483000/17301707 (95.2681%)
entry 16485000/17301707 (95.2796%)
entry 16486000/17301707 (95.2854%)
entry 16489000/17301707 (95.3027%)
entry 16490000/17301707 (95.3085%)
entry 16492000/17301707 (95.3201%)
entry 16493000/17301707 (95.3259%)
entry 16496000/17301707 (95.3432%)
entry 16497000/17301707 (95.349%)
entry 16501000/17301707 (95.3721%)
entry 16504000/17301707 (95.3894%)
entry 16512000/17301707 (95.4357%)
entry 16517000/17301707 (95.4646%)
entry 16518000/17301707 (95.4703%)
entry 16519000/17301707 (95.4761%)
entry 16520000/17301707 (95.4819%)
entry 16524000/17301707 (95.505%)
entry 16525000/17301707 (95.5108%)
entry 16529000/17301707 (95.5339%)
entry 16531000/17301707 (95.5455%)
entry 16533000/17301707 (95.557%)
entry 16535000/17301707 (95.5686%)
entry 16536000/17301707 (95.5744%)
entry 16537000/17301707 (95.5802%)
entry 16538000/17301707 (95.5859%)
entry 16540000/17301707 (95.5975%)
entry 16545000/17301707 (95.6264%)
entry 16546000/17301707 (95.6322%)
entry 16548000/17301707 (95.6437%)
entry 16550000/17301707 (95.6553%)
entry 16551000/17301707 (95.6611%)
entry 16554000/17301707 (95.6784%)
entry 16557000/17301707 (95.6958%)
entry 16559000/17301707 (95.7073%)
entry 16562000/17301707 (95.7247%)
entry 16563000/17301707 (95.7304%)
entry 16564000/17301707 (95.7362%)
entry 16566000/17301707 (95.7478%)
entry 16567000/17301707 (95.7536%)
entry 16568000/17301707 (95.7593%)
entry 16571000/17301707 (95.7767%)
entry 16573000/17301707 (95.7882%)
entry 16574000/17301707 (95.794%)
entry 16575000/17301707 (95.7998%)
entry 16577000/17301707 (95.8113%)
entry 16581000/17301707 (95.8345%)
entry 16582000/17301707 (95.8403%)
entry 16583000/17301707 (95.846%)
entry 16584000/17301707 (95.8518%)
entry 16592000/17301707 (95.898%)
entry 16597000/17301707 (95.9269%)
entry 16598000/17301707 (95.9327%)
entry 16600000/17301707 (95.9443%)
entry 16601000/17301707 (95.9501%)
entry 16604000/17301707 (95.9674%)
entry 16609000/17301707 (95.9963%)
entry 16612000/17301707 (96.0136%)
entry 16619000/17301707 (96.0541%)
entry 16621000/17301707 (96.0657%)
entry 16622000/17301707 (96.0714%)
entry 16624000/17301707 (96.083%)
entry 16626000/17301707 (96.0946%)
entry 16627000/17301707 (96.1003%)
entry 16630000/17301707 (96.1177%)
entry 16632000/17301707 (96.1292%)
entry 16634000/17301707 (96.1408%)
entry 16635000/17301707 (96.1466%)
entry 16644000/17301707 (96.1986%)
entry 16645000/17301707 (96.2044%)
entry 16647000/17301707 (96.2159%)
entry 16648000/17301707 (96.2217%)
entry 16650000/17301707 (96.2333%)
entry 16652000/17301707 (96.2448%)
entry 16655000/17301707 (96.2622%)
entry 16656000/17301707 (96.268%)
entry 16657000/17301707 (96.2737%)
entry 16658000/17301707 (96.2795%)
entry 16670000/17301707 (96.3489%)
entry 16677000/17301707 (96.3893%)
entry 16678000/17301707 (96.3951%)
entry 16681000/17301707 (96.4124%)
entry 16683000/17301707 (96.424%)
entry 16686000/17301707 (96.4413%)
entry 16687000/17301707 (96.4471%)
entry 16689000/17301707 (96.4587%)
entry 16690000/17301707 (96.4645%)
entry 16691000/17301707 (96.4702%)
entry 16693000/17301707 (96.4818%)
entry 16695000/17301707 (96.4934%)
entry 16697000/17301707 (96.5049%)
entry 16699000/17301707 (96.5165%)
entry 16700000/17301707 (96.5223%)
entry 16717000/17301707 (96.6205%)
entry 16720000/17301707 (96.6379%)
entry 16724000/17301707 (96.661%)
entry 16728000/17301707 (96.6841%)
entry 16730000/17301707 (96.6957%)
entry 16731000/17301707 (96.7014%)
entry 16734000/17301707 (96.7188%)
entry 16745000/17301707 (96.7824%)
entry 16754000/17301707 (96.8344%)
entry 16758000/17301707 (96.8575%)
entry 16760000/17301707 (96.8691%)
entry 16761000/17301707 (96.8748%)
entry 16764000/17301707 (96.8922%)
entry 16766000/17301707 (96.9037%)
entry 16769000/17301707 (96.9211%)
entry 16774000/17301707 (96.95%)
entry 16776000/17301707 (96.9615%)
entry 16778000/17301707 (96.9731%)
entry 16779000/17301707 (96.9789%)
entry 16782000/17301707 (96.9962%)
entry 16788000/17301707 (97.0309%)
entry 16790000/17301707 (97.0424%)
entry 16792000/17301707 (97.054%)
entry 16798000/17301707 (97.0887%)
entry 16800000/17301707 (97.1002%)
entry 16805000/17301707 (97.1291%)
entry 16810000/17301707 (97.158%)
entry 16811000/17301707 (97.1638%)
entry 16814000/17301707 (97.1812%)
entry 16818000/17301707 (97.2043%)
entry 16830000/17301707 (97.2736%)
entry 16831000/17301707 (97.2794%)
entry 16832000/17301707 (97.2852%)
entry 16834000/17301707 (97.2968%)
entry 16836000/17301707 (97.3083%)
entry 16837000/17301707 (97.3141%)
entry 16841000/17301707 (97.3372%)
entry 16844000/17301707 (97.3545%)
entry 16845000/17301707 (97.3603%)
entry 16846000/17301707 (97.3661%)
entry 16847000/17301707 (97.3719%)
entry 16852000/17301707 (97.4008%)
entry 16853000/17301707 (97.4066%)
entry 16856000/17301707 (97.4239%)
entry 16857000/17301707 (97.4297%)
entry 16863000/17301707 (97.4644%)
entry 16864000/17301707 (97.4701%)
entry 16870000/17301707 (97.5048%)
entry 16871000/17301707 (97.5106%)
entry 16872000/17301707 (97.5164%)
entry 16880000/17301707 (97.5626%)
entry 16881000/17301707 (97.5684%)
entry 16883000/17301707 (97.58%)
entry 16884000/17301707 (97.5857%)
entry 16886000/17301707 (97.5973%)
entry 16887000/17301707 (97.6031%)
entry 16898000/17301707 (97.6667%)
entry 16899000/17301707 (97.6724%)
entry 16901000/17301707 (97.684%)
entry 16904000/17301707 (97.7013%)
entry 16909000/17301707 (97.7302%)
entry 16911000/17301707 (97.7418%)
entry 16917000/17301707 (97.7765%)
entry 16919000/17301707 (97.788%)
entry 16920000/17301707 (97.7938%)
entry 16921000/17301707 (97.7996%)
entry 16924000/17301707 (97.8169%)
entry 16930000/17301707 (97.8516%)
entry 16931000/17301707 (97.8574%)
entry 16939000/17301707 (97.9036%)
entry 16945000/17301707 (97.9383%)
entry 16946000/17301707 (97.9441%)
entry 16947000/17301707 (97.9499%)
entry 16949000/17301707 (97.9614%)
entry 16951000/17301707 (97.973%)
entry 16952000/17301707 (97.9788%)
entry 16953000/17301707 (97.9845%)
entry 16957000/17301707 (98.0077%)
entry 16959000/17301707 (98.0192%)
entry 16960000/17301707 (98.025%)
entry 16962000/17301707 (98.0366%)
entry 16971000/17301707 (98.0886%)
entry 16976000/17301707 (98.1175%)
entry 16979000/17301707 (98.1348%)
entry 16984000/17301707 (98.1637%)
entry 16985000/17301707 (98.1695%)
entry 16991000/17301707 (98.2042%)
entry 16996000/17301707 (98.2331%)
entry 16997000/17301707 (98.2389%)
entry 16999000/17301707 (98.2504%)
entry 17001000/17301707 (98.262%)
entry 17011000/17301707 (98.3198%)
entry 17012000/17301707 (98.3256%)
entry 17015000/17301707 (98.3429%)
entry 17020000/17301707 (98.3718%)
entry 17023000/17301707 (98.3891%)
entry 17026000/17301707 (98.4065%)
entry 17027000/17301707 (98.4123%)
entry 17029000/17301707 (98.4238%)
entry 17031000/17301707 (98.4354%)
entry 17032000/17301707 (98.4411%)
entry 17038000/17301707 (98.4758%)
entry 17040000/17301707 (98.4874%)
entry 17041000/17301707 (98.4932%)
entry 17042000/17301707 (98.4989%)
entry 17044000/17301707 (98.5105%)
entry 17047000/17301707 (98.5278%)
entry 17049000/17301707 (98.5394%)
entry 17050000/17301707 (98.5452%)
entry 17052000/17301707 (98.5567%)
entry 17053000/17301707 (98.5625%)
entry 17054000/17301707 (98.5683%)
entry 17055000/17301707 (98.5741%)
entry 17063000/17301707 (98.6203%)
entry 17064000/17301707 (98.6261%)
entry 17065000/17301707 (98.6319%)
entry 17067000/17301707 (98.6434%)
entry 17068000/17301707 (98.6492%)
entry 17075000/17301707 (98.6897%)
entry 17076000/17301707 (98.6955%)
entry 17078000/17301707 (98.707%)
entry 17087000/17301707 (98.759%)
entry 17094000/17301707 (98.7995%)
entry 17104000/17301707 (98.8573%)
entry 17105000/17301707 (98.8631%)
entry 17109000/17301707 (98.8862%)
entry 17110000/17301707 (98.892%)
entry 17112000/17301707 (98.9035%)
entry 17113000/17301707 (98.9093%)
entry 17114000/17301707 (98.9151%)
entry 17120000/17301707 (98.9498%)
entry 17121000/17301707 (98.9555%)
entry 17128000/17301707 (98.996%)
entry 17132000/17301707 (99.0191%)
entry 17134000/17301707 (99.0307%)
entry 17135000/17301707 (99.0365%)
entry 17136000/17301707 (99.0422%)
entry 17142000/17301707 (99.0769%)
entry 17143000/17301707 (99.0827%)
entry 17144000/17301707 (99.0885%)
entry 17146000/17301707 (99.1%)
entry 17149000/17301707 (99.1174%)
entry 17151000/17301707 (99.1289%)
entry 17152000/17301707 (99.1347%)
entry 17153000/17301707 (99.1405%)
entry 17155000/17301707 (99.1521%)
entry 17158000/17301707 (99.1694%)
entry 17160000/17301707 (99.181%)
entry 17165000/17301707 (99.2099%)
entry 17168000/17301707 (99.2272%)
entry 17171000/17301707 (99.2445%)
entry 17172000/17301707 (99.2503%)
entry 17176000/17301707 (99.2734%)
entry 17179000/17301707 (99.2908%)
entry 17182000/17301707 (99.3081%)
entry 17184000/17301707 (99.3197%)
entry 17187000/17301707 (99.337%)
entry 17188000/17301707 (99.3428%)
entry 17189000/17301707 (99.3486%)
entry 17191000/17301707 (99.3601%)
entry 17192000/17301707 (99.3659%)
entry 17194000/17301707 (99.3775%)
entry 17197000/17301707 (99.3948%)
entry 17198000/17301707 (99.4006%)
entry 17203000/17301707 (99.4295%)
entry 17204000/17301707 (99.4353%)
entry 17210000/17301707 (99.4699%)
entry 17215000/17301707 (99.4989%)
entry 17218000/17301707 (99.5162%)
entry 17223000/17301707 (99.5451%)
entry 17226000/17301707 (99.5624%)
entry 17227000/17301707 (99.5682%)
entry 17228000/17301707 (99.574%)
entry 17231000/17301707 (99.5913%)
entry 17240000/17301707 (99.6433%)
entry 17248000/17301707 (99.6896%)
entry 17251000/17301707 (99.7069%)
entry 17252000/17301707 (99.7127%)
entry 17255000/17301707 (99.73%)
entry 17256000/17301707 (99.7358%)
entry 17257000/17301707 (99.7416%)
entry 17259000/17301707 (99.7532%)
entry 17265000/17301707 (99.7878%)
entry 17268000/17301707 (99.8052%)
entry 17270000/17301707 (99.8167%)
entry 17274000/17301707 (99.8399%)
entry 17275000/17301707 (99.8456%)
entry 17278000/17301707 (99.863%)
entry 17283000/17301707 (99.8919%)
entry 17284000/17301707 (99.8977%)
entry 17285000/17301707 (99.9034%)
entry 17289000/17301707 (99.9265%)
entry 17294000/17301707 (99.9555%)
entry 17296000/17301707 (99.967%)
entry 17297000/17301707 (99.9728%)
entry 17300000/17301707 (99.9901%)
all done
script done
