sphnx1076.sdcc.bnl.gov
rsyncing from /gpfs/mnt/gpfs02/sphenix/user/samfred/run25/ppg11/histmaking
running: /gpfs/mnt/gpfs02/sphenix/user/samfred/run25/ppg11/histmaking/script_data.sh 48903
LD_LIBRARY_PATH now /sphenix/user/samfred/run25/install//lib:/cvmfs/sphenix.sdcc.bnl.gov/alma9.2-gcc-14.2.0/opt/sphenix/core/gcc/14.2.0-2f0a0/x86_64-el9/lib:/cvmfs/sphenix.sdcc.bnl.gov/alma9.2-gcc-14.2.0/opt/sphenix/core/gcc/14.2.0-2f0a0/x86_64-el9/lib64:/cvmfs/sphenix.sdcc.bnl.gov/alma9.2-gcc-14.2.0/opt/sphenix/core/binutils/2.40-acaab/x86_64-el9/lib:.:/cvmfs/sphenix.sdcc.bnl.gov/alma9.2-gcc-14.2.0/release/release_new/new.10/lib64:/cvmfs/sphenix.sdcc.bnl.gov/alma9.2-gcc-14.2.0/release/release_new/new.10/lib:/cvmfs/sphenix.sdcc.bnl.gov/alma9.2-gcc-14.2.0/opt/sphenix/utils/lib:/cvmfs/sphenix.sdcc.bnl.gov/alma9.2-gcc-14.2.0/opt/sphenix/core/lib:/cvmfs/sphenix.sdcc.bnl.gov/alma9.2-gcc-14.2.0/opt/sphenix/core/root-6.32.06/lib:/cvmfs/sphenix.sdcc.bnl.gov/alma9.2-gcc-14.2.0/opt/sphenix/core/geant4.10.07.p04/lib64:/cvmfs/sphenix.sdcc.bnl.gov/alma9.2-gcc-14.2.0/opt/sphenix/core/lhapdf-5.9.1/lib:/usr/local/lib64:/usr/lib64
PATH now /sphenix/user/samfred/run25/install//bin:/cvmfs/sphenix.sdcc.bnl.gov/alma9.2-gcc-14.2.0/opt/sphenix/core/gcc/14.2.0-2f0a0/x86_64-el9/bin:/cvmfs/sphenix.sdcc.bnl.gov/alma9.2-gcc-14.2.0/opt/sphenix/core/binutils/2.40-acaab/x86_64-el9/bin:.:/cvmfs/sphenix.sdcc.bnl.gov/alma9.2-gcc-14.2.0/release/release_new/new.10/bin:/cvmfs/sphenix.sdcc.bnl.gov/alma9.2-gcc-14.2.0/opt/sphenix/utils/bin:/cvmfs/sphenix.sdcc.bnl.gov/alma9.2-gcc-14.2.0/opt/sphenix/core/bin:/cvmfs/sphenix.sdcc.bnl.gov/alma9.2-gcc-14.2.0/opt/sphenix/core/root-6.32.06/bin:/cvmfs/sphenix.sdcc.bnl.gov/alma9.2-gcc-14.2.0/opt/sphenix/core/geant4.10.07.p04/bin:/usr/local/bin:/usr/bin:/usr/local/sbin:/usr/sbin
SINGULARITY_CACHEDIR=/home/condor/local/sphnx/execute/dir_3483286
_CONDOR_CHIRP_CONFIG=/home/condor/local/sphnx/execute/dir_3483286/.chirp.config
_CONDOR_JOB_IWD=/sphenix/user/samfred/run25/ppg11/histmaking
G4ENSDFSTATEDATA=/cvmfs/sphenix.sdcc.bnl.gov/alma9.2-gcc-14.2.0/opt/sphenix/core/geant4.10.07.p04/share/Geant4-10.7.4/data/G4ENSDFSTATE2.3
_CONDOR_MACHINE_AD=/home/condor/local/sphnx/execute/dir_3483286/.machine.ad
ROOT_MAX_THREADS=1
NUMEXPR_NUM_THREADS=1
CUBACORES=1
_CHIRP_DELAYED_UPDATE_PREFIX=Chirp*
OMP_THREAD_LIMIT=1
G4PIIDATA=/cvmfs/sphenix.sdcc.bnl.gov/alma9.2-gcc-14.2.0/opt/sphenix/core/geant4.10.07.p04/share/Geant4-10.7.4/data/G4PII1.3
NO_AT_BRIDGE=1
G4_MAIN=/cvmfs/sphenix.sdcc.bnl.gov/alma9.2-gcc-14.2.0/opt/sphenix/core/geant4.10.07.p04
COMPILER_PATH=/cvmfs/sphenix.sdcc.bnl.gov/alma9.2-gcc-14.2.0/opt/sphenix/core/gcc/14.2.0-2f0a0/x86_64-el9
ROOT_INCLUDE_PATH=./:/sphenix/user/samfred/run25/install//include:/sphenix/user/samfred/run25/install//include/caloana:/sphenix/user/samfred/run25/install//include/qa_centrality:/sphenix/user/samfred/run25/install//include/mbdana:/sphenix/user/samfred/run25/install//include/centrality:/sphenix/user/samfred/run25/install//include/Event:/cvmfs/sphenix.sdcc.bnl.gov/alma9.2-gcc-14.2.0/release/release_new/new.10/include:/cvmfs/sphenix.sdcc.bnl.gov/alma9.2-gcc-14.2.0/release/release_new/new.10/include:/cvmfs/sphenix.sdcc.bnl.gov/alma9.2-gcc-14.2.0/release/release_new/new.10/include/g4mbd:/cvmfs/sphenix.sdcc.bnl.gov/alma9.2-gcc-14.2.0/release/release_new/new.10/include/fmt:/cvmfs/sphenix.sdcc.bnl.gov/alma9.2-gcc-14.2.0/release/release_new/new.10/include/ffarawobjects:/cvmfs/sphenix.sdcc.bnl.gov/alma9.2-gcc-14.2.0/release/release_new/new.10/include/JSON:/cvmfs/sphenix.sdcc.bnl.gov/alma9.2-gcc-14.2.0/release/release_new/new.10/include/calotreegen:/cvmfs/sphenix.sdcc.bnl.gov/alma9.2-gcc-14.2.0/release/release_new/new.10/include/torch:/cvmfs/sphenix.sdcc.bnl.gov/alma9.2-gcc-14.2.0/release/release_new/new.10/include/g4detectors:/cvmfs/sphenix.sdcc.bnl.gov/alma9.2-gcc-14.2.0/release/release_new/new.10/include/kineto:/cvmfs/sphenix.sdcc.bnl.gov/alma9.2-gcc-14.2.0/release/release_new/new.10/include/g4decayer:/cvmfs/sphenix.sdcc.bnl.gov/alma9.2-gcc-14.2.0/release/release_new/new.10/include/kfparticleqa:/cvmfs/sphenix.sdcc.bnl.gov/alma9.2-gcc-14.2.0/release/release_new/new.10/include/phfield:/cvmfs/sphenix.sdcc.bnl.gov/alma9.2-gcc-14.2.0/release/release_new/new.10/include/LHAPDF:/cvmfs/sphenix.sdcc.bnl.gov/alma9.2-gcc-14.2.0/release/release_new/new.10/include/readdigitalcurrents:/cvmfs/sphenix.sdcc.bnl.gov/alma9.2-gcc-14.2.0/release/release_new/new.10/include/c10:/cvmfs/sphenix.sdcc.bnl.gov/alma9.2-gcc-14.2.0/release/release_new/new.10/include/calovalid:/cvmfs/sphenix.sdcc.bnl.gov/alma9.2-gcc-14.2.0/release/release_new/new.10/include/oneapi:/cvmfs/sphenix.sdcc.bnl.gov/alma9.2-gcc-14.2.0/release/release_new/new.10/include/DDCond:/cvmfs/sphenix.sdcc.bnl.gov/alma9.2-gcc-14.2.0/release/release_new/new.10/include/g4tracking:/cvmfs/sphenix.sdcc.bnl.gov/alma9.2-gcc-14.2.0/release/release_new/new.10/include/litecaloeval:/cvmfs/sphenix.sdcc.bnl.gov/alma9.2-gcc-14.2.0/release/release_new/new.10/include/g4intt:/cvmfs/sphenix.sdcc.bnl.gov/alma9.2-gcc-14.2.0/release/release_new/new.10/include/phool:/cvmfs/sphenix.sdcc.bnl.gov/alma9.2-gcc-14.2.0/release/release_new/new.10/include/boost:/cvmfs/sphenix.sdcc.bnl.gov/alma9.2-gcc-14.2.0/release/release_new/new.10/include/Pythia8Plugins:/cvmfs/sphenix.sdcc.bnl.gov/alma9.2-gcc-14.2.0/release/release_new/new.10/include/calib_emc_pi0:/cvmfs/sphenix.sdcc.bnl.gov/alma9.2-gcc-14.2.0/release/release_new/new.10/include/hijingflipafterburner:/cvmfs/sphenix.sdcc.bnl.gov/alma9.2-gcc-14.2.0/release/release_new/new.10/include/ffaobjects:/cvmfs/sphenix.sdcc.bnl.gov/alma9.2-gcc-14.2.0/release/release_new/new.10/include/EvtGenBase:/cvmfs/sphenix.sdcc.bnl.gov/alma9.2-gcc-14.2.0/release/release_new/new.10/include/flowafterburner:/cvmfs/sphenix.sdcc.bnl.gov/alma9.2-gcc-14.2.0/release/release_new/new.10/include/google:/cvmfs/sphenix.sdcc.bnl.gov/alma9.2-gcc-14.2.0/release/release_new/new.10/include/g4tpc:/cvmfs/sphenix.sdcc.bnl.gov/alma9.2-gcc-14.2.0/release/release_new/new.10/include/caffe2:/cvmfs/sphenix.sdcc.bnl.gov/alma9.2-gcc-14.2.0/release/release_new/new.10/include/EvtGenExternal:/cvmfs/sphenix.sdcc.bnl.gov/alma9.2-gcc-14.2.0/release/release_new/new.10/include/fp16:/cvmfs/sphenix.sdcc.bnl.gov/alma9.2-gcc-14.2.0/release/release_new/new.10/include/ffamodules:/cvmfs/sphenix.sdcc.bnl.gov/alma9.2-gcc-14.2.0/release/release_new/new.10/include/uspin:/cvmfs/sphenix.sdcc.bnl.gov/alma9.2-gcc-14.2.0/release/release_new/new.10/include/Herwig:/cvmfs/sphenix.sdcc.bnl.gov/alma9.2-gcc-14.2.0/release/release_new/new.10/include/genfitexp:/cvmfs/sphenix.sdcc.bnl.gov/alma9.2-gcc-14.2.0/release/release_new/new.10/include/XML:/cvmfs/sphenix.sdcc.bnl.gov/alma9.2-gcc-14.2.0/release/release_new/new.10/include/fbgemm:/cvmfs/sphenix.sdcc.bnl.gov/alma9.2-gcc-14.2.0/release/release_new/new.10/include/DDAlign:/cvmfs/sphenix.sdcc.bnl.gov/alma9.2-gcc-14.2.0/release/release_new/new.10/include/g4mvtx:/cvmfs/sphenix.sdcc.bnl.gov/alma9.2-gcc-14.2.0/release/release_new/new.10/include/kfparticle_sphenix:/cvmfs/sphenix.sdcc.bnl.gov/alma9.2-gcc-14.2.0/release/release_new/new.10/include/fun4all:/cvmfs/sphenix.sdcc.bnl.gov/alma9.2-gcc-14.2.0/release/release_new/new.10/include/intt:/cvmfs/sphenix.sdcc.bnl.gov/alma9.2-gcc-14.2.0/release/release_new/new.10/include/eventdisplay:/cvmfs/sphenix.sdcc.bnl.gov/alma9.2-gcc-14.2.0/release/release_new/new.10/include/EvtGen:/cvmfs/sphenix.sdcc.bnl.gov/alma9.2-gcc-14.2.0/release/release_new/new.10/include/Evaluator:/cvmfs/sphenix.sdcc.bnl.gov/alma9.2-gcc-14.2.0/release/release_new/new.10/include/tpc:/cvmfs/sphenix.sdcc.bnl.gov/alma9.2-gcc-14.2.0/release/release_new/new.10/include/GenFit:/cvmfs/sphenix.sdcc.bnl.gov/alma9.2-gcc-14.2.0/release/release_new/new.10/include/prototype4:/cvmfs/sphenix.sdcc.bnl.gov/alma9.2-gcc-14.2.0/release/release_new/new.10/include/caloembedding:/cvmfs/sphenix.sdcc.bnl.gov/alma9.2-gcc-14.2.0/release/release_new/new.10/include/EvtGenModels:/cvmfs/sphenix.sdcc.bnl.gov/alma9.2-gcc-14.2.0/release/release_new/new.10/include/fastjet:/cvmfs/sphenix.sdcc.bnl.gov/alma9.2-gcc-14.2.0/release/release_new/new.10/include/DDG4:/cvmfs/sphenix.sdcc.bnl.gov/alma9.2-gcc-14.2.0/release/release_new/new.10/include/mbd:/cvmfs/sphenix.sdcc.bnl.gov/alma9.2-gcc-14.2.0/release/release_new/new.10/include/tbb:/cvmfs/sphenix.sdcc.bnl.gov/alma9.2-gcc-14.2.0/release/release_new/new.10/include/phgeom:/cvmfs/sphenix.sdcc.bnl.gov/alma9.2-gcc-14.2.0/release/release_new/new.10/include/g4epd:/cvmfs/sphenix.sdcc.bnl.gov/alma9.2-gcc-14.2.0/release/release_new/new.10/include/oncal:/cvmfs/sphenix.sdcc.bnl.gov/alma9.2-gcc-14.2.0/release/release_new/new.10/include/pybind11:/cvmfs/sphenix.sdcc.bnl.gov/alma9.2-gcc-14.2.0/release/release_new/new.10/include/tpcdistgenerator:/cvmfs/sphenix.sdcc.bnl.gov/alma9.2-gcc-14.2.0/release/release_new/new.10/include/cdbobjects:/cvmfs/sphenix.sdcc.bnl.gov/alma9.2-gcc-14.2.0/release/release_new/new.10/include/g4micromegas:/cvmfs/sphenix.sdcc.bnl.gov/alma9.2-gcc-14.2.0/release/release_new/new.10/include/g4eval:/cvmfs/sphenix.sdcc.bnl.gov/alma9.2-gcc-14.2.0/release/release_new/new.10/include/jetbackground:/cvmfs/sphenix.sdcc.bnl.gov/alma9.2-gcc-14.2.0/release/release_new/new.10/include/micromegas:/cvmfs/sphenix.sdcc.bnl.gov/alma9.2-gcc-14.2.0/release/release_new/new.10/include/hftrackefficiency:/cvmfs/sphenix.sdcc.bnl.gov/alma9.2-gcc-14.2.0/release/release_new/new.10/include/inttrawhitqa:/cvmfs/sphenix.sdcc.bnl.gov/alma9.2-gcc-14.2.0/release/release_new/new.10/include/centrality:/cvmfs/sphenix.sdcc.bnl.gov/alma9.2-gcc-14.2.0/release/release_new/new.10/include/epd:/cvmfs/sphenix.sdcc.bnl.gov/alma9.2-gcc-14.2.0/release/release_new/new.10/include/caloreco:/cvmfs/sphenix.sdcc.bnl.gov/alma9.2-gcc-14.2.0/release/release_new/new.10/include/HepMC:/cvmfs/sphenix.sdcc.bnl.gov/alma9.2-gcc-14.2.0/release/release_new/new.10/include/CLHEP:/cvmfs/sphenix.sdcc.bnl.gov/alma9.2-gcc-14.2.0/release/release_new/new.10/include/Acts:/cvmfs/sphenix.sdcc.bnl.gov/alma9.2-gcc-14.2.0/release/release_new/new.10/include/g4histos:/cvmfs/sphenix.sdcc.bnl.gov/alma9.2-gcc-14.2.0/release/release_new/new.10/include/eventplaneinfo:/cvmfs/sphenix.sdcc.bnl.gov/alma9.2-gcc-14.2.0/release/release_new/new.10/include/fillspacechargemaps:/cvmfs/sphenix.sdcc.bnl.gov/alma9.2-gcc-14.2.0/release/release_new/new.10/include/phhepmc:/cvmfs/sphenix.sdcc.bnl.gov/alma9.2-gcc-14.2.0/release/release_new/new.10/include/trackingqa:/cvmfs/sphenix.sdcc.bnl.gov/alma9.2-gcc-14.2.0/release/release_new/new.10/include/qautils:/cvmfs/sphenix.sdcc.bnl.gov/alma9.2-gcc-14.2.0/release/release_new/new.10/include/trackreco:/cvmfs/sphenix.sdcc.bnl.gov/alma9.2-gcc-14.2.0/release/release_new/new.10/include/g4ohcal:/cvmfs/sphenix.sdcc.bnl.gov/alma9.2-gcc-14.2.0/release/release_new/new.10/include/tpcdvcalib:/cvmfs/sphenix.sdcc.bnl.gov/alma9.2-gcc-14.2.0/release/release_new/new.10/include/zdcinfo:/cvmfs/sphenix.sdcc.bnl.gov/alma9.2-gcc-14.2.0/release/release_new/new.10/include/phpythia8:/cvmfs/sphenix.sdcc.bnl.gov/alma9.2-gcc-14.2.0/release/release_new/new.10/include/fun4allutils:/cvmfs/sphenix.sdcc.bnl.gov/alma9.2-gcc-14.2.0/release/release_new/new.10/include/tpcqa:/cvmfs/sphenix.sdcc.bnl.gov/alma9.2-gcc-14.2.0/release/release_new/new.10/include/Pythia8:/cvmfs/sphenix.sdcc.bnl.gov/alma9.2-gcc-14.2.0/release/release_new/new.10/include/DDRec:/cvmfs/sphenix.sdcc.bnl.gov/alma9.2-gcc-14.2.0/release/release_new/new.10/include/DDDigi:/cvmfs/sphenix.sdcc.bnl.gov/alma9.2-gcc-14.2.0/release/release_new/new.10/include/g4ihcal:/cvmfs/sphenix.sdcc.bnl.gov/alma9.2-gcc-14.2.0/release/release_new/new.10/include/frog:/cvmfs/sphenix.sdcc.bnl.gov/alma9.2-gcc-14.2.0/release/release_new/new.10/include/eigen3:/cvmfs/sphenix.sdcc.bnl.gov/alma9.2-gcc-14.2.0/release/release_new/new.10/include/tensorpipe:/cvmfs/sphenix.sdcc.bnl.gov/alma9.2-gcc-14.2.0/release/release_new/new.10/include/sphenixnpc:/cvmfs/sphenix.sdcc.bnl.gov/alma9.2-gcc-14.2.0/release/release_new/new.10/include/siscone:/cvmfs/sphenix.sdcc.bnl.gov/alma9.2-gcc-14.2.0/release/release_new/new.10/include/pmonitor:/cvmfs/sphenix.sdcc.bnl.gov/alma9.2-gcc-14.2.0/release/release_new/new.10/include/calobase:/cvmfs/sphenix.sdcc.bnl.gov/alma9.2-gcc-14.2.0/release/release_new/new.10/include/ActsExamples:/cvmfs/sphenix.sdcc.bnl.gov/alma9.2-gcc-14.2.0/release/release_new/new.10/include/g4gdml:/cvmfs/sphenix.sdcc.bnl.gov/alma9.2-gcc-14.2.0/release/release_new/new.10/include/mvtx_decoder:/cvmfs/sphenix.sdcc.bnl.gov/alma9.2-gcc-14.2.0/release/release_new/new.10/include/ROOT:/cvmfs/sphenix.sdcc.bnl.gov/alma9.2-gcc-14.2.0/release/release_new/new.10/include/phparameter:/cvmfs/sphenix.sdcc.bnl.gov/alma9.2-gcc-14.2.0/release/release_new/new.10/include/rsa:/cvmfs/sphenix.sdcc.bnl.gov/alma9.2-gcc-14.2.0/release/release_new/new.10/include/fun4allraw:/cvmfs/sphenix.sdcc.bnl.gov/alma9.2-gcc-14.2.0/release/release_new/new.10/include/trackbase_historic:/cvmfs/sphenix.sdcc.bnl.gov/alma9.2-gcc-14.2.0/release/release_new/new.10/include/g4jets:/cvmfs/sphenix.sdcc.bnl.gov/alma9.2-gcc-14.2.0/release/release_new/new.10/include/jetqa:/cvmfs/sphenix.sdcc.bnl.gov/alma9.2-gcc-14.2.0/release/release_new/new.10/include/phoolraw:/cvmfs/sphenix.sdcc.bnl.gov/alma9.2-gcc-14.2.0/release/release_new/new.10/include/g4calo:/cvmfs/sphenix.sdcc.bnl.gov/alma9.2-gcc-14.2.0/release/release_new/new.10/include/mvtxrawhitqa:/cvmfs/sphenix.sdcc.bnl.gov/alma9.2-gcc-14.2.0/release/release_new/new.10/include/HepMC3:/cvmfs/sphenix.sdcc.bnl.gov/alma9.2-gcc-14.2.0/release/release_new/new.10/include/calowaveformsim:/cvmfs/sphenix.sdcc.bnl.gov/alma9.2-gcc-14.2.0/release/release_new/new.10/include/g4caloprototype:/cvmfs/sphenix.sdcc.bnl.gov/alma9.2-gcc-14.2.0/release/release_new/new.10/include/pdbcalbase:/cvmfs/sphenix.sdcc.bnl.gov/alma9.2-gcc-14.2.0/release/release_new/new.10/include/gsl:/cvmfs/sphenix.sdcc.bnl.gov/alma9.2-gcc-14.2.0/release/release_new/new.10/include/nodedump:/cvmfs/sphenix.sdcc.bnl.gov/alma9.2-gcc-14.2.0/release/release_new/new.10/include/emcnoisytowerfinder:/cvmfs/sphenix.sdcc.bnl.gov/alma9.2-gcc-14.2.0/release/release_new/new.10/include/ActsFatras:/cvmfs/sphenix.sdcc.bnl.gov/alma9.2-gcc-14.2.0/release/release_new/new.10/include/ffarawmodules:/cvmfs/sphenix.sdcc.bnl.gov/alma9.2-gcc-14.2.0/release/release_new/new.10/include/Event:/cvmfs/sphenix.sdcc.bnl.gov/alma9.2-gcc-14.2.0/release/release_new/new.10/include/prototype3:/cvmfs/sphenix.sdcc.bnl.gov/alma9.2-gcc-14.2.0/release/release_new/new.10/include/fermimotionafterburner:/cvmfs/sphenix.sdcc.bnl.gov/alma9.2-gcc-14.2.0/release/release_new/new.10/include/Photos:/cvmfs/sphenix.sdcc.bnl.gov/alma9.2-gcc-14.2.0/release/release_new/new.10/include/xingshiftcal:/cvmfs/sphenix.sdcc.bnl.gov/alma9.2-gcc-14.2.0/release/release_new/new.10/include/trackbase:/cvmfs/sphenix.sdcc.bnl.gov/alma9.2-gcc-14.2.0/release/release_new/new.10/include/jetdstskimmer:/cvmfs/sphenix.sdcc.bnl.gov/alma9.2-gcc-14.2.0/release/release_new/new.10/include/clusteriso:/cvmfs/sphenix.sdcc.bnl.gov/alma9.2-gcc-14.2.0/release/release_new/new.10/include/asmjit:/cvmfs/sphenix.sdcc.bnl.gov/alma9.2-gcc-14.2.0/release/release_new/new.10/include/particleflowreco:/cvmfs/sphenix.sdcc.bnl.gov/alma9.2-gcc-14.2.0/release/release_new/new.10/include/tpchittrackdisplay:/cvmfs/sphenix.sdcc.bnl.gov/alma9.2-gcc-14.2.0/release/release_new/new.10/include/caloana:/cvmfs/sphenix.sdcc.bnl.gov/alma9.2-gcc-14.2.0/release/release_new/new.10/include/calotrigger:/cvmfs/sphenix.sdcc.bnl.gov/alma9.2-gcc-14.2.0/release/release_new/new.10/include/nopayloadclient:/cvmfs/sphenix.sdcc.bnl.gov/alma9.2-gcc-14.2.0/release/release_new/new.10/include/trackermillepedealignment:/cvmfs/sphenix.sdcc.bnl.gov/alma9.2-gcc-14.2.0/release/release_new/new.10/include/DD4hep:/cvmfs/sphenix.sdcc.bnl.gov/alma9.2-gcc-14.2.0/release/release_new/new.10/include/g4trackfastsim:/cvmfs/sphenix.sdcc.bnl.gov/alma9.2-gcc-14.2.0/release/release_new/new.10/include/prototype2:/cvmfs/sphenix.sdcc.bnl.gov/alma9.2-gcc-14.2.0/release/release_new/new.10/include/ATen:/cvmfs/sphenix.sdcc.bnl.gov/alma9.2-gcc-14.2.0/release/release_new/new.10/include/g4main:/cvmfs/sphenix.sdcc.bnl.gov/alma9.2-gcc-14.2.0/release/release_new/new.10/include/Tauola:/cvmfs/sphenix.sdcc.bnl.gov/alma9.2-gcc-14.2.0/release/release_new/new.10/include/inttcalib:/cvmfs/sphenix.sdcc.bnl.gov/alma9.2-gcc-14.2.0/release/release_new/new.10/include/reactionplaneafterburner:/cvmfs/sphenix.sdcc.bnl.gov/alma9.2-gcc-14.2.0/release/release_new/new.10/include/globalqa:/cvmfs/sphenix.sdcc.bnl.gov/alma9.2-gcc-14.2.0/release/release_new/new.10/include/tpccalib:/cvmfs/sphenix.sdcc.bnl.gov/alma9.2-gcc-14.2.0/release/release_new/new.10/include/DDSegmentation:/cvmfs/sphenix.sdcc.bnl.gov/alma9.2-gcc-14.2.0/release/release_new/new.10/include/decayfinder:/cvmfs/sphenix.sdcc.bnl.gov/alma9.2-gcc-14.2.0/release/release_new/new.10/include/compressclus:/cvmfs/sphenix.sdcc.bnl.gov/alma9.2-gcc-14.2.0/release/release_new/new.10/include/simqa_modules:/cvmfs/sphenix.sdcc.bnl.gov/alma9.2-gcc-14.2.0/release/release_new/new.10/include/resonancejettagging:/cvmfs/sphenix.sdcc.bnl.gov/alma9.2-gcc-14.2.0/release/release_new/new.10/include/g4centrality:/cvmfs/sphenix.sdcc.bnl.gov/alma9.2-gcc-14.2.0/release/release_new/new.10/include/mvtx:/cvmfs/sphenix.sdcc.bnl.gov/alma9.2-gcc-14.2.0/release/release_new/new.10/include/nlohmann:/cvmfs/sphenix.sdcc.bnl.gov/alma9.2-gcc-14.2.0/release/release_new/new.10/include/localpoloffmon:/cvmfs/sphenix.sdcc.bnl.gov/alma9.2-gcc-14.2.0/release/release_new/new.10/include/DDEve:/cvmfs/sphenix.sdcc.bnl.gov/alma9.2-gcc-14.2.0/release/release_new/new.10/include/Parsers:/cvmfs/sphenix.sdcc.bnl.gov/alma9.2-gcc-14.2.0/release/release_new/new.10/include/trackingdiagnostics:/cvmfs/sphenix.sdcc.bnl.gov/alma9.2-gcc-14.2.0/release/release_new/new.10/include/g4vertex:/cvmfs/sphenix.sdcc.bnl.gov/alma9.2-gcc-14.2.0/release/release_new/new.10/include/jetbase:/cvmfs/sphenix.sdcc.bnl.gov/alma9.2-gcc-14.2.0/release/release_new/new.10/include/globalvertex:/cvmfs/sphenix.sdcc.bnl.gov/alma9.2-gcc-14.2.0/release/release_new/new.10/include/phgenfit:/cvmfs/sphenix.sdcc.bnl.gov/alma9.2-gcc-14.2.0/release/release_new/new.10/include/rawbcolumi:/cvmfs/sphenix.sdcc.bnl.gov/alma9.2-gcc-14.2.0/release/release_new/new.10/include/eicsmear:/cvmfs/sphenix.sdcc.bnl.gov/alma9.2-gcc-14.2.0/release/release_new/new.10/include/mvtxcalib:/cvmfs/sphenix.sdcc.bnl.gov/alma9.2-gcc-14.2.0/release/release_new/new.10/include/tpclinelaserdiode:/cvmfs/sphenix.sdcc.bnl.gov/alma9.2-gcc-14.2.0/release/release_new/new.10/include/hepmcjettrigger:/cvmfs/sphenix.sdcc.bnl.gov/alma9.2-gcc-14.2.0/release/release_new/new.10/include/core:/cvmfs/sphenix.sdcc.bnl.gov/alma9.2-gcc-14.2.0/release/release_new/new.10/include/calo_cdb:/cvmfs/sphenix.sdcc.bnl.gov/alma9.2-gcc-14.2.0/release/release_new/new.10/include/mvtxclustershapesqa:/cvmfs/sphenix.sdcc.bnl.gov/alma9.2-gcc-14.2.0/release/release_new/new.10/include/calopacketskimmer:/cvmfs/sphenix.sdcc.bnl.gov/alma9.2-gcc-14.2.0/opt/sphenix/core/geant4.10.07.p04/include:/cvmfs/sphenix.sdcc.bnl.gov/alma9.2-gcc-14.2.0/release/release_new/new.10/rootmacros:/cvmfs/sphenix.sdcc.bnl.gov/alma9.2-gcc-14.2.0/opt/sphenix/core/include
GSEARCHPATH=.:PG:LUSTRE:RAWDATA
PWD=/gpfs/mnt/gpfs02/sphenix/user/samfred/run25/ppg11/histmaking
LOGNAME=samfred
_CONDOR_JOB_AD=/home/condor/local/sphnx/execute/dir_3483286/.job.ad
MANPATH=/cvmfs/sphenix.sdcc.bnl.gov/alma9.2-gcc-14.2.0/opt/sphenix/core/gcc/14.2.0-2f0a0/x86_64-el9/share/man:/cvmfs/sphenix.sdcc.bnl.gov/alma9.2-gcc-14.2.0/opt/sphenix/core/binutils/2.40-acaab/x86_64-el9/share/man:/cvmfs/sphenix.sdcc.bnl.gov/alma9.2-gcc-14.2.0/release/release_new/new.10/share/man:/cvmfs/sphenix.sdcc.bnl.gov/alma9.2-gcc-14.2.0/opt/sphenix/utils/share/man:/cvmfs/sphenix.sdcc.bnl.gov/alma9.2-gcc-14.2.0/opt/sphenix/core/share/man:/cvmfs/sphenix.sdcc.bnl.gov/alma9.2-gcc-14.2.0/opt/sphenix/core/root-6.32.06/man:/usr/local/share/man:/usr/share/man
PYTHIA8=/cvmfs/sphenix.sdcc.bnl.gov/alma9.2-gcc-14.2.0/release/release_new/new.10/share/Pythia8
G4INCLDATA=/cvmfs/sphenix.sdcc.bnl.gov/alma9.2-gcc-14.2.0/opt/sphenix/core/geant4.10.07.p04/share/Geant4-10.7.4/data/G4INCL1.0
ORIG_PATH=/usr/local/bin:/usr/bin
CXX=/cvmfs/sphenix.sdcc.bnl.gov/alma9.2-gcc-14.2.0/opt/sphenix/core/gcc/14.2.0-2f0a0/x86_64-el9/bin/g++
G4LEDATA=/cvmfs/sphenix.sdcc.bnl.gov/alma9.2-gcc-14.2.0/opt/sphenix/core/geant4.10.07.p04/share/Geant4-10.7.4/data/G4EMLOW7.13
PYTHON_CPU_COUNT=1
OPENBLAS_NUM_THREADS=1
_CONDOR_BIN=/usr/bin
HOME=/sphenix/u/samfred
G4PARTICLEXSDATA=/cvmfs/sphenix.sdcc.bnl.gov/alma9.2-gcc-14.2.0/opt/sphenix/core/geant4.10.07.p04/share/Geant4-10.7.4/data/G4PARTICLEXS3.1.1
ONLINE_MAIN=/cvmfs/sphenix.sdcc.bnl.gov/alma9.2-gcc-14.2.0/release/release_new/new.10
CALIBRATIONROOT=/cvmfs/sphenix.sdcc.bnl.gov/alma9.2-gcc-14.2.0/release/release_new/new.10/share/calibrations
TMPDIR=/tmp
_CONDOR_SCRATCH_DIR=/home/condor/local/sphnx/execute/dir_3483286
PGUSER=phnxrc
NOPAYLOADCLIENT_CONF=/cvmfs/sphenix.sdcc.bnl.gov/alma9.2-gcc-14.2.0/opt/sphenix/core/etc/sPHENIX_newcdb.json
XERCESCROOT=/cvmfs/sphenix.sdcc.bnl.gov/alma9.2-gcc-14.2.0/opt/sphenix/core/geant4.10.07.p04
LHAPATH=/cvmfs/sphenix.sdcc.bnl.gov/alma9.2-gcc-14.2.0/opt/sphenix/core/lhapdf-5.9.1/share/lhapdf/PDFsets
G4NEUTRONHPDATA=/cvmfs/sphenix.sdcc.bnl.gov/alma9.2-gcc-14.2.0/opt/sphenix/core/geant4.10.07.p04/share/Geant4-10.7.4/data/G4NDL4.6
PYTHONPATH=.:/cvmfs/sphenix.sdcc.bnl.gov/alma9.2-gcc-14.2.0/release/release_new/new.10/lib/python3.13/site-packages:/cvmfs/sphenix.sdcc.bnl.gov/alma9.2-gcc-14.2.0/opt/sphenix/core/lib/python3.13/site-packages:/cvmfs/sphenix.sdcc.bnl.gov/alma9.2-gcc-14.2.0/opt/sphenix/core/root-6.32.06/lib
USER=samfred
_CONDOR_JOB_PIDS=
TEMP=/tmp
GOMAXPROCS=1
OFFLINE_MAIN=/cvmfs/sphenix.sdcc.bnl.gov/alma9.2-gcc-14.2.0/release/release_new/new.10
SHLVL=1
TF_NUM_THREADS=1
G4SAIDXSDATA=/cvmfs/sphenix.sdcc.bnl.gov/alma9.2-gcc-14.2.0/opt/sphenix/core/geant4.10.07.p04/share/Geant4-10.7.4/data/G4SAIDDATA2.0
APPTAINER_CACHEDIR=/home/condor/local/sphnx/execute/dir_3483286
ROOTSYS=/cvmfs/sphenix.sdcc.bnl.gov/alma9.2-gcc-14.2.0/opt/sphenix/core/root-6.32.06
BATCH_SYSTEM=HTCondor
_CONDOR_ANCESTOR_329645=3483286:1759352694:680558956
_CONDOR_SLOT=slot1_16
LD_LIBRARY_PATH=/sphenix/user/samfred/run25/install//lib:/cvmfs/sphenix.sdcc.bnl.gov/alma9.2-gcc-14.2.0/opt/sphenix/core/gcc/14.2.0-2f0a0/x86_64-el9/lib:/cvmfs/sphenix.sdcc.bnl.gov/alma9.2-gcc-14.2.0/opt/sphenix/core/gcc/14.2.0-2f0a0/x86_64-el9/lib64:/cvmfs/sphenix.sdcc.bnl.gov/alma9.2-gcc-14.2.0/opt/sphenix/core/binutils/2.40-acaab/x86_64-el9/lib:.:/cvmfs/sphenix.sdcc.bnl.gov/alma9.2-gcc-14.2.0/release/release_new/new.10/lib64:/cvmfs/sphenix.sdcc.bnl.gov/alma9.2-gcc-14.2.0/release/release_new/new.10/lib:/cvmfs/sphenix.sdcc.bnl.gov/alma9.2-gcc-14.2.0/opt/sphenix/utils/lib:/cvmfs/sphenix.sdcc.bnl.gov/alma9.2-gcc-14.2.0/opt/sphenix/core/lib:/cvmfs/sphenix.sdcc.bnl.gov/alma9.2-gcc-14.2.0/opt/sphenix/core/root-6.32.06/lib:/cvmfs/sphenix.sdcc.bnl.gov/alma9.2-gcc-14.2.0/opt/sphenix/core/geant4.10.07.p04/lib64:/cvmfs/sphenix.sdcc.bnl.gov/alma9.2-gcc-14.2.0/opt/sphenix/core/lhapdf-5.9.1/lib:/usr/local/lib64:/usr/lib64
_CONDOR_ANCESTOR_329610=329645:1756523318:2805544291
OPT_SPHENIX=/cvmfs/sphenix.sdcc.bnl.gov/alma9.2-gcc-14.2.0/opt/sphenix/core
TF_LOOP_PARALLEL_ITERATIONS=1
EVT_LIB=/cvmfs/sphenix.sdcc.bnl.gov/alma9.2-gcc-14.2.0/opt/sphenix/core/root-6.32.06/lib
PGHOST=sphnxdbmaster.sdcc.bnl.gov
OMP_NUM_THREADS=1
G4REALSURFACEDATA=/cvmfs/sphenix.sdcc.bnl.gov/alma9.2-gcc-14.2.0/opt/sphenix/core/geant4.10.07.p04/share/Geant4-10.7.4/data/RealSurface2.2
FC=/cvmfs/sphenix.sdcc.bnl.gov/alma9.2-gcc-14.2.0/opt/sphenix/core/gcc/14.2.0-2f0a0/x86_64-el9/bin/gfortran
G4ABLADATA=/cvmfs/sphenix.sdcc.bnl.gov/alma9.2-gcc-14.2.0/opt/sphenix/core/geant4.10.07.p04/share/Geant4-10.7.4/data/G4ABLA3.1
PARASOFT=doesnotexist
TMP=/tmp
OPT_UTILS=/cvmfs/sphenix.sdcc.bnl.gov/alma9.2-gcc-14.2.0/opt/sphenix/utils
CONFIG_SITE=/cvmfs/sphenix.sdcc.bnl.gov/alma9.2-gcc-14.2.0/opt/sphenix/core/etc/config.site
PATH=/sphenix/user/samfred/run25/install//bin:/cvmfs/sphenix.sdcc.bnl.gov/alma9.2-gcc-14.2.0/opt/sphenix/core/gcc/14.2.0-2f0a0/x86_64-el9/bin:/cvmfs/sphenix.sdcc.bnl.gov/alma9.2-gcc-14.2.0/opt/sphenix/core/binutils/2.40-acaab/x86_64-el9/bin:.:/cvmfs/sphenix.sdcc.bnl.gov/alma9.2-gcc-14.2.0/release/release_new/new.10/bin:/cvmfs/sphenix.sdcc.bnl.gov/alma9.2-gcc-14.2.0/opt/sphenix/utils/bin:/cvmfs/sphenix.sdcc.bnl.gov/alma9.2-gcc-14.2.0/opt/sphenix/core/bin:/cvmfs/sphenix.sdcc.bnl.gov/alma9.2-gcc-14.2.0/opt/sphenix/core/root-6.32.06/bin:/cvmfs/sphenix.sdcc.bnl.gov/alma9.2-gcc-14.2.0/opt/sphenix/core/geant4.10.07.p04/bin:/usr/local/bin:/usr/bin:/usr/local/sbin:/usr/sbin
G4LEVELGAMMADATA=/cvmfs/sphenix.sdcc.bnl.gov/alma9.2-gcc-14.2.0/opt/sphenix/core/geant4.10.07.p04/share/Geant4-10.7.4/data/PhotonEvaporation5.7
CC=/cvmfs/sphenix.sdcc.bnl.gov/alma9.2-gcc-14.2.0/opt/sphenix/core/gcc/14.2.0-2f0a0/x86_64-el9/bin/gcc
_CONDOR_ANCESTOR_3483286=3489398:1759352694:4070742296
G4RADIOACTIVEDATA=/cvmfs/sphenix.sdcc.bnl.gov/alma9.2-gcc-14.2.0/opt/sphenix/core/geant4.10.07.p04/share/Geant4-10.7.4/data/RadioactiveDecay5.6
JULIA_NUM_THREADS=1
MKL_NUM_THREADS=1
LHAPDF_DATA_PATH=/cvmfs/sphenix.sdcc.bnl.gov/alma9.2-gcc-14.2.0/release/release_new/new.10/share/LHAPDF
XPLOAD_CONFIG_DIR=/cvmfs/sphenix.sdcc.bnl.gov/alma9.2-gcc-14.2.0/opt/sphenix/core/etc
OLDPWD=/cvmfs/sphenix.sdcc.bnl.gov/alma9.2-gcc-14.2.0/release/release_new/new.10/geant4
_=/usr/bin/printenv
runnumber...
48903
trigger...

   ------------------------------------------------------------------
  | Welcome to ROOT 6.32.06                        https://root.cern |
  | (c) 1995-2024, The ROOT Team; conception: R. Brun, F. Rademakers |
  | Built for linuxx8664gcc on Dec 13 2024, 17:23:48                 |
  | From tags/6-32-06@6-32-06                                        |
  | With g++ (GCC) 14.2.0                                            |
  | Try '.help'/'.?', '.demo', '.license', '.credits', '.quit'/'.q'  |
   ------------------------------------------------------------------


Processing data_histmaker.C(48903)...
entry 6000/10970295 (0.0546932%)
entry 7000/10970295 (0.0638087%)
entry 8000/10970295 (0.0729242%)
entry 10000/10970295 (0.0911553%)
entry 13000/10970295 (0.118502%)
entry 16000/10970295 (0.145848%)
entry 19000/10970295 (0.173195%)
entry 20000/10970295 (0.182311%)
entry 24000/10970295 (0.218773%)
entry 25000/10970295 (0.227888%)
entry 26000/10970295 (0.237004%)
entry 35000/10970295 (0.319043%)
entry 37000/10970295 (0.337274%)
entry 38000/10970295 (0.34639%)
entry 39000/10970295 (0.355505%)
entry 40000/10970295 (0.364621%)
entry 43000/10970295 (0.391968%)
entry 44000/10970295 (0.401083%)
entry 52000/10970295 (0.474007%)
entry 57000/10970295 (0.519585%)
entry 59000/10970295 (0.537816%)
entry 64000/10970295 (0.583394%)
entry 68000/10970295 (0.619856%)
entry 77000/10970295 (0.701895%)
entry 81000/10970295 (0.738358%)
entry 84000/10970295 (0.765704%)
entry 86000/10970295 (0.783935%)
entry 89000/10970295 (0.811282%)
entry 91000/10970295 (0.829513%)
entry 93000/10970295 (0.847744%)
entry 94000/10970295 (0.856859%)
entry 96000/10970295 (0.87509%)
entry 97000/10970295 (0.884206%)
entry 98000/10970295 (0.893321%)
entry 104000/10970295 (0.948015%)
entry 105000/10970295 (0.95713%)
entry 111000/10970295 (1.01182%)
entry 113000/10970295 (1.03005%)
entry 117000/10970295 (1.06652%)
entry 118000/10970295 (1.07563%)
entry 120000/10970295 (1.09386%)
entry 125000/10970295 (1.13944%)
entry 131000/10970295 (1.19413%)
entry 135000/10970295 (1.2306%)
entry 137000/10970295 (1.24883%)
entry 138000/10970295 (1.25794%)
entry 141000/10970295 (1.28529%)
entry 143000/10970295 (1.30352%)
entry 147000/10970295 (1.33998%)
entry 149000/10970295 (1.35821%)
entry 151000/10970295 (1.37644%)
entry 152000/10970295 (1.38556%)
entry 156000/10970295 (1.42202%)
entry 159000/10970295 (1.44937%)
entry 163000/10970295 (1.48583%)
entry 166000/10970295 (1.51318%)
entry 167000/10970295 (1.52229%)
entry 169000/10970295 (1.54052%)
entry 170000/10970295 (1.54964%)
entry 173000/10970295 (1.57699%)
entry 174000/10970295 (1.5861%)
entry 175000/10970295 (1.59522%)
entry 176000/10970295 (1.60433%)
entry 182000/10970295 (1.65903%)
entry 183000/10970295 (1.66814%)
entry 184000/10970295 (1.67726%)
entry 185000/10970295 (1.68637%)
entry 186000/10970295 (1.69549%)
entry 187000/10970295 (1.7046%)
entry 188000/10970295 (1.71372%)
entry 189000/10970295 (1.72283%)
entry 190000/10970295 (1.73195%)
entry 192000/10970295 (1.75018%)
entry 193000/10970295 (1.7593%)
entry 195000/10970295 (1.77753%)
entry 198000/10970295 (1.80487%)
entry 200000/10970295 (1.82311%)
entry 204000/10970295 (1.85957%)
entry 207000/10970295 (1.88691%)
entry 208000/10970295 (1.89603%)
entry 212000/10970295 (1.93249%)
entry 213000/10970295 (1.94161%)
entry 217000/10970295 (1.97807%)
entry 220000/10970295 (2.00542%)
entry 224000/10970295 (2.04188%)
entry 226000/10970295 (2.06011%)
entry 228000/10970295 (2.07834%)
entry 229000/10970295 (2.08746%)
entry 235000/10970295 (2.14215%)
entry 239000/10970295 (2.17861%)
entry 240000/10970295 (2.18773%)
entry 244000/10970295 (2.22419%)
entry 252000/10970295 (2.29711%)
entry 253000/10970295 (2.30623%)
entry 257000/10970295 (2.34269%)
entry 261000/10970295 (2.37915%)
entry 262000/10970295 (2.38827%)
entry 265000/10970295 (2.41561%)
entry 266000/10970295 (2.42473%)
entry 269000/10970295 (2.45208%)
entry 271000/10970295 (2.47031%)
entry 274000/10970295 (2.49765%)
entry 277000/10970295 (2.525%)
entry 282000/10970295 (2.57058%)
entry 284000/10970295 (2.58881%)
entry 289000/10970295 (2.63439%)
entry 291000/10970295 (2.65262%)
entry 292000/10970295 (2.66173%)
entry 294000/10970295 (2.67996%)
entry 297000/10970295 (2.70731%)
entry 299000/10970295 (2.72554%)
entry 302000/10970295 (2.75289%)
entry 310000/10970295 (2.82581%)
entry 312000/10970295 (2.84404%)
entry 315000/10970295 (2.87139%)
entry 319000/10970295 (2.90785%)
entry 322000/10970295 (2.9352%)
entry 323000/10970295 (2.94431%)
entry 324000/10970295 (2.95343%)
entry 326000/10970295 (2.97166%)
entry 328000/10970295 (2.98989%)
entry 330000/10970295 (3.00812%)
entry 338000/10970295 (3.08105%)
entry 340000/10970295 (3.09928%)
entry 341000/10970295 (3.10839%)
entry 344000/10970295 (3.13574%)
entry 346000/10970295 (3.15397%)
entry 350000/10970295 (3.19043%)
entry 352000/10970295 (3.20866%)
entry 361000/10970295 (3.2907%)
entry 367000/10970295 (3.3454%)
entry 369000/10970295 (3.36363%)
entry 373000/10970295 (3.40009%)
entry 374000/10970295 (3.40921%)
entry 376000/10970295 (3.42744%)
entry 377000/10970295 (3.43655%)
entry 378000/10970295 (3.44567%)
entry 379000/10970295 (3.45478%)
entry 383000/10970295 (3.49125%)
entry 384000/10970295 (3.50036%)
entry 390000/10970295 (3.55505%)
entry 391000/10970295 (3.56417%)
entry 392000/10970295 (3.57329%)
entry 399000/10970295 (3.63709%)
entry 407000/10970295 (3.71002%)
entry 408000/10970295 (3.71913%)
entry 414000/10970295 (3.77383%)
entry 416000/10970295 (3.79206%)
entry 419000/10970295 (3.8194%)
entry 420000/10970295 (3.82852%)
entry 421000/10970295 (3.83764%)
entry 423000/10970295 (3.85587%)
entry 424000/10970295 (3.86498%)
entry 425000/10970295 (3.8741%)
entry 428000/10970295 (3.90144%)
entry 430000/10970295 (3.91968%)
entry 431000/10970295 (3.92879%)
entry 432000/10970295 (3.93791%)
entry 437000/10970295 (3.98348%)
entry 438000/10970295 (3.9926%)
entry 443000/10970295 (4.03818%)
entry 451000/10970295 (4.1111%)
entry 452000/10970295 (4.12022%)
entry 453000/10970295 (4.12933%)
entry 455000/10970295 (4.14756%)
entry 457000/10970295 (4.1658%)
entry 459000/10970295 (4.18403%)
entry 463000/10970295 (4.22049%)
entry 466000/10970295 (4.24783%)
entry 468000/10970295 (4.26607%)
entry 469000/10970295 (4.27518%)
entry 471000/10970295 (4.29341%)
entry 472000/10970295 (4.30253%)
entry 475000/10970295 (4.32987%)
entry 482000/10970295 (4.39368%)
entry 486000/10970295 (4.43015%)
entry 488000/10970295 (4.44838%)
entry 490000/10970295 (4.46661%)
entry 491000/10970295 (4.47572%)
entry 493000/10970295 (4.49395%)
entry 494000/10970295 (4.50307%)
entry 495000/10970295 (4.51218%)
entry 496000/10970295 (4.5213%)
entry 501000/10970295 (4.56688%)
entry 504000/10970295 (4.59422%)
entry 509000/10970295 (4.6398%)
entry 510000/10970295 (4.64892%)
entry 519000/10970295 (4.73096%)
entry 521000/10970295 (4.74919%)
entry 524000/10970295 (4.77654%)
entry 525000/10970295 (4.78565%)
entry 526000/10970295 (4.79477%)
entry 528000/10970295 (4.813%)
entry 530000/10970295 (4.83123%)
entry 532000/10970295 (4.84946%)
entry 535000/10970295 (4.87681%)
entry 538000/10970295 (4.90415%)
entry 541000/10970295 (4.9315%)
entry 543000/10970295 (4.94973%)
entry 544000/10970295 (4.95885%)
entry 545000/10970295 (4.96796%)
entry 546000/10970295 (4.97708%)
entry 549000/10970295 (5.00442%)
entry 551000/10970295 (5.02265%)
entry 553000/10970295 (5.04089%)
entry 555000/10970295 (5.05912%)
entry 562000/10970295 (5.12292%)
entry 563000/10970295 (5.13204%)
entry 569000/10970295 (5.18673%)
entry 570000/10970295 (5.19585%)
entry 571000/10970295 (5.20496%)
entry 577000/10970295 (5.25966%)
entry 578000/10970295 (5.26877%)
entry 585000/10970295 (5.33258%)
entry 592000/10970295 (5.39639%)
entry 595000/10970295 (5.42374%)
entry 598000/10970295 (5.45108%)
entry 601000/10970295 (5.47843%)
entry 603000/10970295 (5.49666%)
entry 616000/10970295 (5.61516%)
entry 618000/10970295 (5.63339%)
entry 620000/10970295 (5.65163%)
entry 625000/10970295 (5.6972%)
entry 628000/10970295 (5.72455%)
entry 642000/10970295 (5.85217%)
entry 645000/10970295 (5.87951%)
entry 646000/10970295 (5.88863%)
entry 647000/10970295 (5.89774%)
entry 651000/10970295 (5.93421%)
entry 654000/10970295 (5.96155%)
entry 655000/10970295 (5.97067%)
entry 659000/10970295 (6.00713%)
entry 662000/10970295 (6.03448%)
entry 663000/10970295 (6.04359%)
entry 665000/10970295 (6.06182%)
entry 669000/10970295 (6.09829%)
entry 670000/10970295 (6.1074%)
entry 672000/10970295 (6.12563%)
entry 673000/10970295 (6.13475%)
entry 675000/10970295 (6.15298%)
entry 680000/10970295 (6.19856%)
entry 682000/10970295 (6.21679%)
entry 684000/10970295 (6.23502%)
entry 685000/10970295 (6.24413%)
entry 691000/10970295 (6.29883%)
entry 692000/10970295 (6.30794%)
entry 693000/10970295 (6.31706%)
entry 696000/10970295 (6.34441%)
entry 710000/10970295 (6.47202%)
entry 711000/10970295 (6.48114%)
entry 716000/10970295 (6.52672%)
entry 720000/10970295 (6.56318%)
entry 721000/10970295 (6.57229%)
entry 727000/10970295 (6.62699%)
entry 730000/10970295 (6.65433%)
entry 737000/10970295 (6.71814%)
entry 738000/10970295 (6.72726%)
entry 739000/10970295 (6.73637%)
entry 741000/10970295 (6.7546%)
entry 743000/10970295 (6.77284%)
entry 748000/10970295 (6.81841%)
entry 751000/10970295 (6.84576%)
entry 753000/10970295 (6.86399%)
entry 763000/10970295 (6.95515%)
entry 765000/10970295 (6.97338%)
entry 766000/10970295 (6.98249%)
entry 768000/10970295 (7.00072%)
entry 769000/10970295 (7.00984%)
entry 783000/10970295 (7.13746%)
entry 784000/10970295 (7.14657%)
entry 788000/10970295 (7.18303%)
entry 790000/10970295 (7.20126%)
entry 791000/10970295 (7.21038%)
entry 797000/10970295 (7.26507%)
entry 798000/10970295 (7.27419%)
entry 799000/10970295 (7.2833%)
entry 802000/10970295 (7.31065%)
entry 804000/10970295 (7.32888%)
entry 807000/10970295 (7.35623%)
entry 810000/10970295 (7.38358%)
entry 811000/10970295 (7.39269%)
entry 812000/10970295 (7.40181%)
entry 813000/10970295 (7.41092%)
entry 821000/10970295 (7.48385%)
entry 823000/10970295 (7.50208%)
entry 827000/10970295 (7.53854%)
entry 828000/10970295 (7.54765%)
entry 832000/10970295 (7.58412%)
entry 836000/10970295 (7.62058%)
entry 837000/10970295 (7.62969%)
entry 840000/10970295 (7.65704%)
entry 847000/10970295 (7.72085%)
entry 849000/10970295 (7.73908%)
entry 854000/10970295 (7.78466%)
entry 855000/10970295 (7.79377%)
entry 856000/10970295 (7.80289%)
entry 862000/10970295 (7.85758%)
entry 866000/10970295 (7.89405%)
entry 867000/10970295 (7.90316%)
entry 872000/10970295 (7.94874%)
entry 873000/10970295 (7.95785%)
entry 874000/10970295 (7.96697%)
entry 881000/10970295 (8.03078%)
entry 893000/10970295 (8.14016%)
entry 894000/10970295 (8.14928%)
entry 896000/10970295 (8.16751%)
entry 900000/10970295 (8.20397%)
entry 902000/10970295 (8.2222%)
entry 903000/10970295 (8.23132%)
entry 904000/10970295 (8.24043%)
entry 909000/10970295 (8.28601%)
entry 912000/10970295 (8.31336%)
entry 913000/10970295 (8.32247%)
entry 914000/10970295 (8.33159%)
entry 915000/10970295 (8.34071%)
entry 916000/10970295 (8.34982%)
entry 919000/10970295 (8.37717%)
entry 920000/10970295 (8.38628%)
entry 922000/10970295 (8.40451%)
entry 923000/10970295 (8.41363%)
entry 927000/10970295 (8.45009%)
entry 934000/10970295 (8.5139%)
entry 938000/10970295 (8.55036%)
entry 945000/10970295 (8.61417%)
entry 951000/10970295 (8.66886%)
entry 952000/10970295 (8.67798%)
entry 958000/10970295 (8.73267%)
entry 960000/10970295 (8.7509%)
entry 963000/10970295 (8.77825%)
entry 968000/10970295 (8.82383%)
entry 969000/10970295 (8.83294%)
entry 972000/10970295 (8.86029%)
entry 975000/10970295 (8.88764%)
entry 978000/10970295 (8.91498%)
entry 980000/10970295 (8.93321%)
entry 982000/10970295 (8.95145%)
entry 989000/10970295 (9.01525%)
entry 1001000/10970295 (9.12464%)
entry 1003000/10970295 (9.14287%)
entry 1008000/10970295 (9.18845%)
entry 1010000/10970295 (9.20668%)
entry 1011000/10970295 (9.2158%)
entry 1016000/10970295 (9.26137%)
entry 1020000/10970295 (9.29784%)
entry 1022000/10970295 (9.31607%)
entry 1023000/10970295 (9.32518%)
entry 1026000/10970295 (9.35253%)
entry 1030000/10970295 (9.38899%)
entry 1035000/10970295 (9.43457%)
entry 1037000/10970295 (9.4528%)
entry 1039000/10970295 (9.47103%)
entry 1040000/10970295 (9.48015%)
entry 1041000/10970295 (9.48926%)
entry 1046000/10970295 (9.53484%)
entry 1047000/10970295 (9.54395%)
entry 1050000/10970295 (9.5713%)
entry 1052000/10970295 (9.58953%)
entry 1053000/10970295 (9.59865%)
entry 1054000/10970295 (9.60776%)
entry 1061000/10970295 (9.67157%)
entry 1065000/10970295 (9.70803%)
entry 1066000/10970295 (9.71715%)
entry 1067000/10970295 (9.72627%)
entry 1071000/10970295 (9.76273%)
entry 1072000/10970295 (9.77184%)
entry 1075000/10970295 (9.79919%)
entry 1076000/10970295 (9.8083%)
entry 1077000/10970295 (9.81742%)
entry 1078000/10970295 (9.82654%)
entry 1080000/10970295 (9.84477%)
entry 1081000/10970295 (9.85388%)
entry 1083000/10970295 (9.87211%)
entry 1084000/10970295 (9.88123%)
entry 1087000/10970295 (9.90858%)
entry 1089000/10970295 (9.92681%)
entry 1094000/10970295 (9.97238%)
entry 1099000/10970295 (10.018%)
entry 1100000/10970295 (10.0271%)
entry 1101000/10970295 (10.0362%)
entry 1108000/10970295 (10.1%)
entry 1109000/10970295 (10.1091%)
entry 1110000/10970295 (10.1182%)
entry 1114000/10970295 (10.1547%)
entry 1121000/10970295 (10.2185%)
entry 1124000/10970295 (10.2458%)
entry 1126000/10970295 (10.2641%)
entry 1128000/10970295 (10.2823%)
entry 1131000/10970295 (10.3097%)
entry 1134000/10970295 (10.337%)
entry 1135000/10970295 (10.3461%)
entry 1136000/10970295 (10.3552%)
entry 1137000/10970295 (10.3644%)
entry 1139000/10970295 (10.3826%)
entry 1141000/10970295 (10.4008%)
entry 1142000/10970295 (10.4099%)
entry 1145000/10970295 (10.4373%)
entry 1149000/10970295 (10.4737%)
entry 1150000/10970295 (10.4829%)
entry 1154000/10970295 (10.5193%)
entry 1155000/10970295 (10.5284%)
entry 1156000/10970295 (10.5375%)
entry 1161000/10970295 (10.5831%)
entry 1162000/10970295 (10.5922%)
entry 1163000/10970295 (10.6014%)
entry 1166000/10970295 (10.6287%)
entry 1167000/10970295 (10.6378%)
entry 1169000/10970295 (10.656%)
entry 1175000/10970295 (10.7107%)
entry 1176000/10970295 (10.7199%)
entry 1178000/10970295 (10.7381%)
entry 1179000/10970295 (10.7472%)
entry 1183000/10970295 (10.7837%)
entry 1191000/10970295 (10.8566%)
entry 1193000/10970295 (10.8748%)
entry 1195000/10970295 (10.8931%)
entry 1199000/10970295 (10.9295%)
entry 1207000/10970295 (11.0024%)
entry 1208000/10970295 (11.0116%)
entry 1209000/10970295 (11.0207%)
entry 1210000/10970295 (11.0298%)
entry 1211000/10970295 (11.0389%)
entry 1212000/10970295 (11.048%)
entry 1213000/10970295 (11.0571%)
entry 1215000/10970295 (11.0754%)
entry 1216000/10970295 (11.0845%)
entry 1218000/10970295 (11.1027%)
entry 1219000/10970295 (11.1118%)
entry 1221000/10970295 (11.1301%)
entry 1223000/10970295 (11.1483%)
entry 1227000/10970295 (11.1847%)
entry 1232000/10970295 (11.2303%)
entry 1233000/10970295 (11.2394%)
entry 1234000/10970295 (11.2486%)
entry 1240000/10970295 (11.3033%)
entry 1243000/10970295 (11.3306%)
entry 1244000/10970295 (11.3397%)
entry 1247000/10970295 (11.3671%)
entry 1249000/10970295 (11.3853%)
entry 1250000/10970295 (11.3944%)
entry 1251000/10970295 (11.4035%)
entry 1252000/10970295 (11.4126%)
entry 1253000/10970295 (11.4218%)
entry 1256000/10970295 (11.4491%)
entry 1257000/10970295 (11.4582%)
entry 1259000/10970295 (11.4764%)
entry 1260000/10970295 (11.4856%)
entry 1261000/10970295 (11.4947%)
entry 1265000/10970295 (11.5311%)
entry 1266000/10970295 (11.5403%)
entry 1268000/10970295 (11.5585%)
entry 1269000/10970295 (11.5676%)
entry 1275000/10970295 (11.6223%)
entry 1276000/10970295 (11.6314%)
entry 1277000/10970295 (11.6405%)
entry 1280000/10970295 (11.6679%)
entry 1288000/10970295 (11.7408%)
entry 1289000/10970295 (11.7499%)
entry 1293000/10970295 (11.7864%)
entry 1296000/10970295 (11.8137%)
entry 1299000/10970295 (11.8411%)
entry 1300000/10970295 (11.8502%)
entry 1301000/10970295 (11.8593%)
entry 1304000/10970295 (11.8866%)
entry 1305000/10970295 (11.8958%)
entry 1310000/10970295 (11.9413%)
entry 1317000/10970295 (12.0051%)
entry 1318000/10970295 (12.0143%)
entry 1322000/10970295 (12.0507%)
entry 1326000/10970295 (12.0872%)
entry 1328000/10970295 (12.1054%)
entry 1330000/10970295 (12.1236%)
entry 1335000/10970295 (12.1692%)
entry 1336000/10970295 (12.1783%)
entry 1337000/10970295 (12.1875%)
entry 1338000/10970295 (12.1966%)
entry 1340000/10970295 (12.2148%)
entry 1341000/10970295 (12.2239%)
entry 1344000/10970295 (12.2513%)
entry 1345000/10970295 (12.2604%)
entry 1348000/10970295 (12.2877%)
entry 1349000/10970295 (12.2968%)
entry 1356000/10970295 (12.3607%)
entry 1357000/10970295 (12.3698%)
entry 1364000/10970295 (12.4336%)
entry 1365000/10970295 (12.4427%)
entry 1367000/10970295 (12.4609%)
entry 1368000/10970295 (12.47%)
entry 1371000/10970295 (12.4974%)
entry 1372000/10970295 (12.5065%)
entry 1374000/10970295 (12.5247%)
entry 1375000/10970295 (12.5338%)
entry 1377000/10970295 (12.5521%)
entry 1380000/10970295 (12.5794%)
entry 1381000/10970295 (12.5885%)
entry 1386000/10970295 (12.6341%)
entry 1387000/10970295 (12.6432%)
entry 1388000/10970295 (12.6523%)
entry 1389000/10970295 (12.6615%)
entry 1393000/10970295 (12.6979%)
entry 1403000/10970295 (12.7891%)
entry 1405000/10970295 (12.8073%)
entry 1406000/10970295 (12.8164%)
entry 1410000/10970295 (12.8529%)
entry 1411000/10970295 (12.862%)
entry 1416000/10970295 (12.9076%)
entry 1422000/10970295 (12.9623%)
entry 1428000/10970295 (13.017%)
entry 1431000/10970295 (13.0443%)
entry 1436000/10970295 (13.0899%)
entry 1440000/10970295 (13.1264%)
entry 1442000/10970295 (13.1446%)
entry 1445000/10970295 (13.1719%)
entry 1450000/10970295 (13.2175%)
entry 1451000/10970295 (13.2266%)
entry 1453000/10970295 (13.2449%)
entry 1454000/10970295 (13.254%)
entry 1455000/10970295 (13.2631%)
entry 1457000/10970295 (13.2813%)
entry 1460000/10970295 (13.3087%)
entry 1466000/10970295 (13.3634%)
entry 1467000/10970295 (13.3725%)
entry 1468000/10970295 (13.3816%)
entry 1469000/10970295 (13.3907%)
entry 1472000/10970295 (13.4181%)
entry 1475000/10970295 (13.4454%)
entry 1481000/10970295 (13.5001%)
entry 1482000/10970295 (13.5092%)
entry 1484000/10970295 (13.5274%)
entry 1488000/10970295 (13.5639%)
entry 1492000/10970295 (13.6004%)
entry 1494000/10970295 (13.6186%)
entry 1499000/10970295 (13.6642%)
entry 1503000/10970295 (13.7006%)
entry 1508000/10970295 (13.7462%)
entry 1510000/10970295 (13.7644%)
entry 1511000/10970295 (13.7736%)
entry 1513000/10970295 (13.7918%)
entry 1518000/10970295 (13.8374%)
entry 1520000/10970295 (13.8556%)
entry 1522000/10970295 (13.8738%)
entry 1523000/10970295 (13.8829%)
entry 1527000/10970295 (13.9194%)
entry 1536000/10970295 (14.0014%)
entry 1537000/10970295 (14.0106%)
entry 1540000/10970295 (14.0379%)
entry 1541000/10970295 (14.047%)
entry 1544000/10970295 (14.0744%)
entry 1547000/10970295 (14.1017%)
entry 1550000/10970295 (14.1291%)
entry 1551000/10970295 (14.1382%)
entry 1552000/10970295 (14.1473%)
entry 1553000/10970295 (14.1564%)
entry 1554000/10970295 (14.1655%)
entry 1556000/10970295 (14.1838%)
entry 1558000/10970295 (14.202%)
entry 1559000/10970295 (14.2111%)
entry 1564000/10970295 (14.2567%)
entry 1567000/10970295 (14.284%)
entry 1571000/10970295 (14.3205%)
entry 1581000/10970295 (14.4116%)
entry 1585000/10970295 (14.4481%)
entry 1590000/10970295 (14.4937%)
entry 1597000/10970295 (14.5575%)
entry 1600000/10970295 (14.5848%)
entry 1601000/10970295 (14.594%)
entry 1602000/10970295 (14.6031%)
entry 1608000/10970295 (14.6578%)
entry 1610000/10970295 (14.676%)
entry 1616000/10970295 (14.7307%)
entry 1617000/10970295 (14.7398%)
entry 1619000/10970295 (14.758%)
entry 1623000/10970295 (14.7945%)
entry 1624000/10970295 (14.8036%)
entry 1625000/10970295 (14.8127%)
entry 1627000/10970295 (14.831%)
entry 1630000/10970295 (14.8583%)
entry 1632000/10970295 (14.8765%)
entry 1635000/10970295 (14.9039%)
entry 1636000/10970295 (14.913%)
entry 1637000/10970295 (14.9221%)
entry 1638000/10970295 (14.9312%)
entry 1641000/10970295 (14.9586%)
entry 1644000/10970295 (14.9859%)
entry 1651000/10970295 (15.0497%)
entry 1654000/10970295 (15.0771%)
entry 1656000/10970295 (15.0953%)
entry 1657000/10970295 (15.1044%)
entry 1661000/10970295 (15.1409%)
entry 1666000/10970295 (15.1865%)
entry 1668000/10970295 (15.2047%)
entry 1670000/10970295 (15.2229%)
entry 1672000/10970295 (15.2412%)
entry 1676000/10970295 (15.2776%)
entry 1680000/10970295 (15.3141%)
entry 1685000/10970295 (15.3597%)
entry 1691000/10970295 (15.4144%)
entry 1693000/10970295 (15.4326%)
entry 1694000/10970295 (15.4417%)
entry 1696000/10970295 (15.4599%)
entry 1701000/10970295 (15.5055%)
entry 1703000/10970295 (15.5237%)
entry 1704000/10970295 (15.5329%)
entry 1708000/10970295 (15.5693%)
entry 1711000/10970295 (15.5967%)
entry 1716000/10970295 (15.6422%)
entry 1717000/10970295 (15.6514%)
entry 1721000/10970295 (15.6878%)
entry 1722000/10970295 (15.6969%)
entry 1729000/10970295 (15.7607%)
entry 1730000/10970295 (15.7699%)
entry 1733000/10970295 (15.7972%)
entry 1735000/10970295 (15.8154%)
entry 1737000/10970295 (15.8337%)
entry 1739000/10970295 (15.8519%)
entry 1741000/10970295 (15.8701%)
entry 1748000/10970295 (15.9339%)
entry 1750000/10970295 (15.9522%)
entry 1754000/10970295 (15.9886%)
entry 1756000/10970295 (16.0069%)
entry 1761000/10970295 (16.0524%)
entry 1762000/10970295 (16.0616%)
entry 1764000/10970295 (16.0798%)
entry 1769000/10970295 (16.1254%)
entry 1773000/10970295 (16.1618%)
entry 1774000/10970295 (16.1709%)
entry 1775000/10970295 (16.1801%)
entry 1780000/10970295 (16.2256%)
entry 1781000/10970295 (16.2347%)
entry 1782000/10970295 (16.2439%)
entry 1783000/10970295 (16.253%)
entry 1784000/10970295 (16.2621%)
entry 1785000/10970295 (16.2712%)
entry 1788000/10970295 (16.2986%)
entry 1791000/10970295 (16.3259%)
entry 1795000/10970295 (16.3624%)
entry 1796000/10970295 (16.3715%)
entry 1797000/10970295 (16.3806%)
entry 1798000/10970295 (16.3897%)
entry 1801000/10970295 (16.4171%)
entry 1802000/10970295 (16.4262%)
entry 1803000/10970295 (16.4353%)
entry 1804000/10970295 (16.4444%)
entry 1805000/10970295 (16.4535%)
entry 1808000/10970295 (16.4809%)
entry 1811000/10970295 (16.5082%)
entry 1813000/10970295 (16.5264%)
entry 1816000/10970295 (16.5538%)
entry 1817000/10970295 (16.5629%)
entry 1819000/10970295 (16.5811%)
entry 1820000/10970295 (16.5903%)
entry 1821000/10970295 (16.5994%)
entry 1822000/10970295 (16.6085%)
entry 1823000/10970295 (16.6176%)
entry 1826000/10970295 (16.6449%)
entry 1827000/10970295 (16.6541%)
entry 1828000/10970295 (16.6632%)
entry 1833000/10970295 (16.7088%)
entry 1836000/10970295 (16.7361%)
entry 1837000/10970295 (16.7452%)
entry 1838000/10970295 (16.7543%)
entry 1840000/10970295 (16.7726%)
entry 1845000/10970295 (16.8181%)
entry 1849000/10970295 (16.8546%)
entry 1850000/10970295 (16.8637%)
entry 1851000/10970295 (16.8728%)
entry 1853000/10970295 (16.8911%)
entry 1854000/10970295 (16.9002%)
entry 1859000/10970295 (16.9458%)
entry 1860000/10970295 (16.9549%)
entry 1862000/10970295 (16.9731%)
entry 1864000/10970295 (16.9913%)
entry 1865000/10970295 (17.0005%)
entry 1870000/10970295 (17.046%)
entry 1874000/10970295 (17.0825%)
entry 1877000/10970295 (17.1098%)
entry 1878000/10970295 (17.119%)
entry 1885000/10970295 (17.1828%)
entry 1886000/10970295 (17.1919%)
entry 1891000/10970295 (17.2375%)
entry 1892000/10970295 (17.2466%)
entry 1895000/10970295 (17.2739%)
entry 1898000/10970295 (17.3013%)
entry 1904000/10970295 (17.356%)
entry 1908000/10970295 (17.3924%)
entry 1909000/10970295 (17.4015%)
entry 1910000/10970295 (17.4107%)
entry 1911000/10970295 (17.4198%)
entry 1912000/10970295 (17.4289%)
entry 1916000/10970295 (17.4653%)
entry 1917000/10970295 (17.4745%)
entry 1918000/10970295 (17.4836%)
entry 1921000/10970295 (17.5109%)
entry 1926000/10970295 (17.5565%)
entry 1933000/10970295 (17.6203%)
entry 1937000/10970295 (17.6568%)
entry 1941000/10970295 (17.6932%)
entry 1945000/10970295 (17.7297%)
entry 1954000/10970295 (17.8117%)
entry 1955000/10970295 (17.8209%)
entry 1957000/10970295 (17.8391%)
entry 1960000/10970295 (17.8664%)
entry 1962000/10970295 (17.8847%)
entry 1971000/10970295 (17.9667%)
entry 1974000/10970295 (17.994%)
entry 1976000/10970295 (18.0123%)
entry 1978000/10970295 (18.0305%)
entry 1979000/10970295 (18.0396%)
entry 1981000/10970295 (18.0579%)
entry 1983000/10970295 (18.0761%)
entry 1984000/10970295 (18.0852%)
entry 1993000/10970295 (18.1672%)
entry 1995000/10970295 (18.1855%)
entry 1996000/10970295 (18.1946%)
entry 1999000/10970295 (18.2219%)
entry 2000000/10970295 (18.2311%)
entry 2002000/10970295 (18.2493%)
entry 2003000/10970295 (18.2584%)
entry 2008000/10970295 (18.304%)
entry 2010000/10970295 (18.3222%)
entry 2012000/10970295 (18.3404%)
entry 2013000/10970295 (18.3496%)
entry 2015000/10970295 (18.3678%)
entry 2019000/10970295 (18.4042%)
entry 2021000/10970295 (18.4225%)
entry 2022000/10970295 (18.4316%)
entry 2024000/10970295 (18.4498%)
entry 2025000/10970295 (18.4589%)
entry 2027000/10970295 (18.4772%)
entry 2030000/10970295 (18.5045%)
entry 2031000/10970295 (18.5136%)
entry 2034000/10970295 (18.541%)
entry 2035000/10970295 (18.5501%)
entry 2039000/10970295 (18.5866%)
entry 2040000/10970295 (18.5957%)
entry 2045000/10970295 (18.6412%)
entry 2046000/10970295 (18.6504%)
entry 2049000/10970295 (18.6777%)
entry 2052000/10970295 (18.7051%)
entry 2056000/10970295 (18.7415%)
entry 2057000/10970295 (18.7506%)
entry 2058000/10970295 (18.7598%)
entry 2059000/10970295 (18.7689%)
entry 2083000/10970295 (18.9876%)
entry 2085000/10970295 (19.0059%)
entry 2092000/10970295 (19.0697%)
entry 2099000/10970295 (19.1335%)
entry 2104000/10970295 (19.1791%)
entry 2105000/10970295 (19.1882%)
entry 2109000/10970295 (19.2246%)
entry 2111000/10970295 (19.2429%)
entry 2114000/10970295 (19.2702%)
entry 2116000/10970295 (19.2885%)
entry 2118000/10970295 (19.3067%)
entry 2122000/10970295 (19.3431%)
entry 2123000/10970295 (19.3523%)
entry 2126000/10970295 (19.3796%)
entry 2129000/10970295 (19.407%)
entry 2130000/10970295 (19.4161%)
entry 2133000/10970295 (19.4434%)
entry 2138000/10970295 (19.489%)
entry 2142000/10970295 (19.5255%)
entry 2144000/10970295 (19.5437%)
entry 2145000/10970295 (19.5528%)
entry 2150000/10970295 (19.5984%)
entry 2152000/10970295 (19.6166%)
entry 2154000/10970295 (19.6348%)
entry 2155000/10970295 (19.644%)
entry 2156000/10970295 (19.6531%)
entry 2158000/10970295 (19.6713%)
entry 2161000/10970295 (19.6986%)
entry 2162000/10970295 (19.7078%)
entry 2164000/10970295 (19.726%)
entry 2174000/10970295 (19.8172%)
entry 2176000/10970295 (19.8354%)
entry 2180000/10970295 (19.8718%)
entry 2183000/10970295 (19.8992%)
entry 2187000/10970295 (19.9357%)
entry 2188000/10970295 (19.9448%)
entry 2189000/10970295 (19.9539%)
entry 2190000/10970295 (19.963%)
entry 2191000/10970295 (19.9721%)
entry 2192000/10970295 (19.9812%)
entry 2197000/10970295 (20.0268%)
entry 2201000/10970295 (20.0633%)
entry 2202000/10970295 (20.0724%)
entry 2204000/10970295 (20.0906%)
entry 2207000/10970295 (20.118%)
entry 2208000/10970295 (20.1271%)
entry 2209000/10970295 (20.1362%)
entry 2210000/10970295 (20.1453%)
entry 2211000/10970295 (20.1544%)
entry 2212000/10970295 (20.1635%)
entry 2213000/10970295 (20.1727%)
entry 2219000/10970295 (20.2274%)
entry 2223000/10970295 (20.2638%)
entry 2224000/10970295 (20.2729%)
entry 2228000/10970295 (20.3094%)
entry 2232000/10970295 (20.3459%)
entry 2238000/10970295 (20.4005%)
entry 2239000/10970295 (20.4097%)
entry 2240000/10970295 (20.4188%)
entry 2241000/10970295 (20.4279%)
entry 2244000/10970295 (20.4552%)
entry 2248000/10970295 (20.4917%)
entry 2251000/10970295 (20.519%)
entry 2252000/10970295 (20.5282%)
entry 2257000/10970295 (20.5737%)
entry 2258000/10970295 (20.5829%)
entry 2261000/10970295 (20.6102%)
entry 2262000/10970295 (20.6193%)
entry 2269000/10970295 (20.6831%)
entry 2276000/10970295 (20.7469%)
entry 2277000/10970295 (20.7561%)
entry 2280000/10970295 (20.7834%)
entry 2283000/10970295 (20.8107%)
entry 2288000/10970295 (20.8563%)
entry 2289000/10970295 (20.8654%)
entry 2290000/10970295 (20.8746%)
entry 2293000/10970295 (20.9019%)
entry 2296000/10970295 (20.9292%)
entry 2297000/10970295 (20.9384%)
entry 2298000/10970295 (20.9475%)
entry 2302000/10970295 (20.9839%)
entry 2306000/10970295 (21.0204%)
entry 2313000/10970295 (21.0842%)
entry 2315000/10970295 (21.1024%)
entry 2317000/10970295 (21.1207%)
entry 2319000/10970295 (21.1389%)
entry 2323000/10970295 (21.1754%)
entry 2325000/10970295 (21.1936%)
entry 2334000/10970295 (21.2756%)
entry 2340000/10970295 (21.3303%)
entry 2342000/10970295 (21.3486%)
entry 2346000/10970295 (21.385%)
entry 2347000/10970295 (21.3941%)
entry 2352000/10970295 (21.4397%)
entry 2353000/10970295 (21.4488%)
entry 2354000/10970295 (21.4579%)
entry 2355000/10970295 (21.4671%)
entry 2356000/10970295 (21.4762%)
entry 2357000/10970295 (21.4853%)
entry 2362000/10970295 (21.5309%)
entry 2367000/10970295 (21.5764%)
entry 2368000/10970295 (21.5856%)
entry 2369000/10970295 (21.5947%)
entry 2372000/10970295 (21.622%)
entry 2374000/10970295 (21.6403%)
entry 2380000/10970295 (21.6949%)
entry 2381000/10970295 (21.7041%)
entry 2382000/10970295 (21.7132%)
entry 2384000/10970295 (21.7314%)
entry 2389000/10970295 (21.777%)
entry 2394000/10970295 (21.8226%)
entry 2395000/10970295 (21.8317%)
entry 2396000/10970295 (21.8408%)
entry 2397000/10970295 (21.8499%)
entry 2398000/10970295 (21.859%)
entry 2400000/10970295 (21.8773%)
entry 2402000/10970295 (21.8955%)
entry 2407000/10970295 (21.9411%)
entry 2409000/10970295 (21.9593%)
entry 2411000/10970295 (21.9775%)
entry 2413000/10970295 (21.9958%)
entry 2419000/10970295 (22.0505%)
entry 2421000/10970295 (22.0687%)
entry 2423000/10970295 (22.0869%)
entry 2425000/10970295 (22.1051%)
entry 2427000/10970295 (22.1234%)
entry 2428000/10970295 (22.1325%)
entry 2433000/10970295 (22.1781%)
entry 2436000/10970295 (22.2054%)
entry 2437000/10970295 (22.2145%)
entry 2442000/10970295 (22.2601%)
entry 2443000/10970295 (22.2692%)
entry 2444000/10970295 (22.2783%)
entry 2445000/10970295 (22.2875%)
entry 2446000/10970295 (22.2966%)
entry 2447000/10970295 (22.3057%)
entry 2448000/10970295 (22.3148%)
entry 2450000/10970295 (22.333%)
entry 2452000/10970295 (22.3513%)
entry 2455000/10970295 (22.3786%)
entry 2458000/10970295 (22.406%)
entry 2459000/10970295 (22.4151%)
entry 2460000/10970295 (22.4242%)
entry 2462000/10970295 (22.4424%)
entry 2463000/10970295 (22.4515%)
entry 2464000/10970295 (22.4607%)
entry 2466000/10970295 (22.4789%)
entry 2474000/10970295 (22.5518%)
entry 2478000/10970295 (22.5883%)
entry 2483000/10970295 (22.6338%)
entry 2488000/10970295 (22.6794%)
entry 2489000/10970295 (22.6885%)
entry 2490000/10970295 (22.6977%)
entry 2495000/10970295 (22.7432%)
entry 2497000/10970295 (22.7615%)
entry 2498000/10970295 (22.7706%)
entry 2502000/10970295 (22.807%)
entry 2506000/10970295 (22.8435%)
entry 2509000/10970295 (22.8709%)
entry 2519000/10970295 (22.962%)
entry 2527000/10970295 (23.0349%)
entry 2530000/10970295 (23.0623%)
entry 2532000/10970295 (23.0805%)
entry 2535000/10970295 (23.1079%)
entry 2543000/10970295 (23.1808%)
entry 2548000/10970295 (23.2264%)
entry 2550000/10970295 (23.2446%)
entry 2551000/10970295 (23.2537%)
entry 2553000/10970295 (23.2719%)
entry 2557000/10970295 (23.3084%)
entry 2559000/10970295 (23.3266%)
entry 2563000/10970295 (23.3631%)
entry 2564000/10970295 (23.3722%)
entry 2566000/10970295 (23.3904%)
entry 2569000/10970295 (23.4178%)
entry 2571000/10970295 (23.436%)
entry 2574000/10970295 (23.4634%)
entry 2578000/10970295 (23.4998%)
entry 2590000/10970295 (23.6092%)
entry 2592000/10970295 (23.6274%)
entry 2596000/10970295 (23.6639%)
entry 2603000/10970295 (23.7277%)
entry 2604000/10970295 (23.7368%)
entry 2605000/10970295 (23.7459%)
entry 2606000/10970295 (23.7551%)
entry 2609000/10970295 (23.7824%)
entry 2611000/10970295 (23.8006%)
entry 2612000/10970295 (23.8098%)
entry 2615000/10970295 (23.8371%)
entry 2618000/10970295 (23.8644%)
entry 2625000/10970295 (23.9283%)
entry 2629000/10970295 (23.9647%)
entry 2630000/10970295 (23.9738%)
entry 2637000/10970295 (24.0376%)
entry 2639000/10970295 (24.0559%)
entry 2641000/10970295 (24.0741%)
entry 2644000/10970295 (24.1014%)
entry 2645000/10970295 (24.1106%)
entry 2646000/10970295 (24.1197%)
entry 2651000/10970295 (24.1653%)
entry 2652000/10970295 (24.1744%)
entry 2667000/10970295 (24.3111%)
entry 2672000/10970295 (24.3567%)
entry 2674000/10970295 (24.3749%)
entry 2676000/10970295 (24.3931%)
entry 2681000/10970295 (24.4387%)
entry 2687000/10970295 (24.4934%)
entry 2689000/10970295 (24.5116%)
entry 2695000/10970295 (24.5663%)
entry 2702000/10970295 (24.6301%)
entry 2706000/10970295 (24.6666%)
entry 2707000/10970295 (24.6757%)
entry 2708000/10970295 (24.6848%)
entry 2710000/10970295 (24.7031%)
entry 2714000/10970295 (24.7395%)
entry 2716000/10970295 (24.7578%)
entry 2718000/10970295 (24.776%)
entry 2720000/10970295 (24.7942%)
entry 2721000/10970295 (24.8033%)
entry 2722000/10970295 (24.8125%)
entry 2727000/10970295 (24.858%)
entry 2728000/10970295 (24.8672%)
entry 2729000/10970295 (24.8763%)
entry 2731000/10970295 (24.8945%)
entry 2734000/10970295 (24.9218%)
entry 2736000/10970295 (24.9401%)
entry 2738000/10970295 (24.9583%)
entry 2740000/10970295 (24.9765%)
entry 2745000/10970295 (25.0221%)
entry 2748000/10970295 (25.0495%)
entry 2751000/10970295 (25.0768%)
entry 2754000/10970295 (25.1042%)
entry 2757000/10970295 (25.1315%)
entry 2760000/10970295 (25.1588%)
entry 2763000/10970295 (25.1862%)
entry 2766000/10970295 (25.2135%)
entry 2768000/10970295 (25.2318%)
entry 2771000/10970295 (25.2591%)
entry 2777000/10970295 (25.3138%)
entry 2780000/10970295 (25.3412%)
entry 2789000/10970295 (25.4232%)
entry 2791000/10970295 (25.4414%)
entry 2792000/10970295 (25.4505%)
entry 2793000/10970295 (25.4597%)
entry 2794000/10970295 (25.4688%)
entry 2795000/10970295 (25.4779%)
entry 2799000/10970295 (25.5144%)
entry 2800000/10970295 (25.5235%)
entry 2806000/10970295 (25.5782%)
entry 2808000/10970295 (25.5964%)
entry 2814000/10970295 (25.6511%)
entry 2822000/10970295 (25.724%)
entry 2828000/10970295 (25.7787%)
entry 2829000/10970295 (25.7878%)
entry 2830000/10970295 (25.7969%)
entry 2839000/10970295 (25.879%)
entry 2841000/10970295 (25.8972%)
entry 2842000/10970295 (25.9063%)
entry 2854000/10970295 (26.0157%)
entry 2857000/10970295 (26.0431%)
entry 2858000/10970295 (26.0522%)
entry 2861000/10970295 (26.0795%)
entry 2864000/10970295 (26.1069%)
entry 2866000/10970295 (26.1251%)
entry 2868000/10970295 (26.1433%)
entry 2871000/10970295 (26.1707%)
entry 2873000/10970295 (26.1889%)
entry 2875000/10970295 (26.2071%)
entry 2880000/10970295 (26.2527%)
entry 2881000/10970295 (26.2618%)
entry 2886000/10970295 (26.3074%)
entry 2887000/10970295 (26.3165%)
entry 2890000/10970295 (26.3439%)
entry 2895000/10970295 (26.3894%)
entry 2899000/10970295 (26.4259%)
entry 2901000/10970295 (26.4441%)
entry 2903000/10970295 (26.4624%)
entry 2904000/10970295 (26.4715%)
entry 2905000/10970295 (26.4806%)
entry 2911000/10970295 (26.5353%)
entry 2916000/10970295 (26.5809%)
entry 2918000/10970295 (26.5991%)
entry 2919000/10970295 (26.6082%)
entry 2921000/10970295 (26.6264%)
entry 2922000/10970295 (26.6356%)
entry 2924000/10970295 (26.6538%)
entry 2929000/10970295 (26.6994%)
entry 2930000/10970295 (26.7085%)
entry 2934000/10970295 (26.7449%)
entry 2937000/10970295 (26.7723%)
entry 2944000/10970295 (26.8361%)
entry 2945000/10970295 (26.8452%)
entry 2948000/10970295 (26.8726%)
entry 2950000/10970295 (26.8908%)
entry 2953000/10970295 (26.9181%)
entry 2954000/10970295 (26.9273%)
entry 2955000/10970295 (26.9364%)
entry 2959000/10970295 (26.9728%)
entry 2960000/10970295 (26.982%)
entry 2967000/10970295 (27.0458%)
entry 2975000/10970295 (27.1187%)
entry 2982000/10970295 (27.1825%)
entry 2984000/10970295 (27.2007%)
entry 2986000/10970295 (27.219%)
entry 2988000/10970295 (27.2372%)
entry 2992000/10970295 (27.2737%)
entry 2995000/10970295 (27.301%)
entry 2996000/10970295 (27.3101%)
entry 3000000/10970295 (27.3466%)
entry 3006000/10970295 (27.4013%)
entry 3007000/10970295 (27.4104%)
entry 3011000/10970295 (27.4468%)
entry 3014000/10970295 (27.4742%)
entry 3015000/10970295 (27.4833%)
entry 3019000/10970295 (27.5198%)
entry 3022000/10970295 (27.5471%)
entry 3025000/10970295 (27.5745%)
entry 3027000/10970295 (27.5927%)
entry 3030000/10970295 (27.62%)
entry 3034000/10970295 (27.6565%)
entry 3035000/10970295 (27.6656%)
entry 3036000/10970295 (27.6747%)
entry 3041000/10970295 (27.7203%)
entry 3042000/10970295 (27.7294%)
entry 3043000/10970295 (27.7385%)
entry 3044000/10970295 (27.7477%)
entry 3046000/10970295 (27.7659%)
entry 3059000/10970295 (27.8844%)
entry 3060000/10970295 (27.8935%)
entry 3063000/10970295 (27.9209%)
entry 3064000/10970295 (27.93%)
entry 3068000/10970295 (27.9664%)
entry 3071000/10970295 (27.9938%)
entry 3073000/10970295 (28.012%)
entry 3075000/10970295 (28.0302%)
entry 3077000/10970295 (28.0485%)
entry 3078000/10970295 (28.0576%)
entry 3095000/10970295 (28.2126%)
entry 3096000/10970295 (28.2217%)
entry 3097000/10970295 (28.2308%)
entry 3098000/10970295 (28.2399%)
entry 3099000/10970295 (28.249%)
entry 3100000/10970295 (28.2581%)
entry 3101000/10970295 (28.2672%)
entry 3102000/10970295 (28.2764%)
entry 3105000/10970295 (28.3037%)
entry 3108000/10970295 (28.3311%)
entry 3109000/10970295 (28.3402%)
entry 3110000/10970295 (28.3493%)
entry 3117000/10970295 (28.4131%)
entry 3121000/10970295 (28.4496%)
entry 3122000/10970295 (28.4587%)
entry 3124000/10970295 (28.4769%)
entry 3126000/10970295 (28.4951%)
entry 3128000/10970295 (28.5134%)
entry 3129000/10970295 (28.5225%)
entry 3131000/10970295 (28.5407%)
entry 3133000/10970295 (28.5589%)
entry 3134000/10970295 (28.5681%)
entry 3135000/10970295 (28.5772%)
entry 3137000/10970295 (28.5954%)
entry 3138000/10970295 (28.6045%)
entry 3140000/10970295 (28.6227%)
entry 3141000/10970295 (28.6319%)
entry 3144000/10970295 (28.6592%)
entry 3146000/10970295 (28.6774%)
entry 3147000/10970295 (28.6866%)
entry 3148000/10970295 (28.6957%)
entry 3149000/10970295 (28.7048%)
entry 3151000/10970295 (28.723%)
entry 3153000/10970295 (28.7412%)
entry 3154000/10970295 (28.7504%)
entry 3160000/10970295 (28.8051%)
entry 3166000/10970295 (28.8598%)
entry 3167000/10970295 (28.8689%)
entry 3169000/10970295 (28.8871%)
entry 3170000/10970295 (28.8962%)
entry 3171000/10970295 (28.9053%)
entry 3173000/10970295 (28.9236%)
entry 3176000/10970295 (28.9509%)
entry 3177000/10970295 (28.96%)
entry 3178000/10970295 (28.9691%)
entry 3180000/10970295 (28.9874%)
entry 3181000/10970295 (28.9965%)
entry 3182000/10970295 (29.0056%)
entry 3188000/10970295 (29.0603%)
entry 3189000/10970295 (29.0694%)
entry 3190000/10970295 (29.0785%)
entry 3192000/10970295 (29.0968%)
entry 3195000/10970295 (29.1241%)
entry 3199000/10970295 (29.1606%)
entry 3200000/10970295 (29.1697%)
entry 3206000/10970295 (29.2244%)
entry 3209000/10970295 (29.2517%)
entry 3214000/10970295 (29.2973%)
entry 3216000/10970295 (29.3155%)
entry 3217000/10970295 (29.3246%)
entry 3218000/10970295 (29.3338%)
entry 3219000/10970295 (29.3429%)
entry 3220000/10970295 (29.352%)
entry 3221000/10970295 (29.3611%)
entry 3222000/10970295 (29.3702%)
entry 3229000/10970295 (29.434%)
entry 3236000/10970295 (29.4978%)
entry 3237000/10970295 (29.507%)
entry 3239000/10970295 (29.5252%)
entry 3240000/10970295 (29.5343%)
entry 3244000/10970295 (29.5708%)
entry 3246000/10970295 (29.589%)
entry 3248000/10970295 (29.6072%)
entry 3249000/10970295 (29.6163%)
entry 3254000/10970295 (29.6619%)
entry 3257000/10970295 (29.6893%)
entry 3259000/10970295 (29.7075%)
entry 3261000/10970295 (29.7257%)
entry 3263000/10970295 (29.744%)
entry 3265000/10970295 (29.7622%)
entry 3268000/10970295 (29.7895%)
entry 3269000/10970295 (29.7987%)
entry 3271000/10970295 (29.8169%)
entry 3273000/10970295 (29.8351%)
entry 3279000/10970295 (29.8898%)
entry 3280000/10970295 (29.8989%)
entry 3283000/10970295 (29.9263%)
entry 3286000/10970295 (29.9536%)
entry 3289000/10970295 (29.981%)
entry 3291000/10970295 (29.9992%)
entry 3292000/10970295 (30.0083%)
entry 3293000/10970295 (30.0174%)
entry 3296000/10970295 (30.0448%)
entry 3297000/10970295 (30.0539%)
entry 3299000/10970295 (30.0721%)
entry 3300000/10970295 (30.0812%)
entry 3303000/10970295 (30.1086%)
entry 3304000/10970295 (30.1177%)
entry 3307000/10970295 (30.145%)
entry 3314000/10970295 (30.2088%)
entry 3320000/10970295 (30.2635%)
entry 3324000/10970295 (30.3%)
entry 3326000/10970295 (30.3182%)
entry 3334000/10970295 (30.3912%)
entry 3339000/10970295 (30.4367%)
entry 3340000/10970295 (30.4459%)
entry 3341000/10970295 (30.455%)
entry 3343000/10970295 (30.4732%)
entry 3344000/10970295 (30.4823%)
entry 3348000/10970295 (30.5188%)
entry 3349000/10970295 (30.5279%)
entry 3354000/10970295 (30.5735%)
entry 3355000/10970295 (30.5826%)
entry 3357000/10970295 (30.6008%)
entry 3358000/10970295 (30.6099%)
entry 3361000/10970295 (30.6373%)
entry 3362000/10970295 (30.6464%)
entry 3373000/10970295 (30.7467%)
entry 3377000/10970295 (30.7831%)
entry 3380000/10970295 (30.8105%)
entry 3389000/10970295 (30.8925%)
entry 3391000/10970295 (30.9107%)
entry 3396000/10970295 (30.9563%)
entry 3397000/10970295 (30.9654%)
entry 3401000/10970295 (31.0019%)
entry 3402000/10970295 (31.011%)
entry 3410000/10970295 (31.0839%)
entry 3411000/10970295 (31.0931%)
entry 3415000/10970295 (31.1295%)
entry 3418000/10970295 (31.1569%)
entry 3421000/10970295 (31.1842%)
entry 3423000/10970295 (31.2024%)
entry 3428000/10970295 (31.248%)
entry 3429000/10970295 (31.2571%)
entry 3430000/10970295 (31.2663%)
entry 3431000/10970295 (31.2754%)
entry 3432000/10970295 (31.2845%)
entry 3435000/10970295 (31.3118%)
entry 3436000/10970295 (31.3209%)
entry 3438000/10970295 (31.3392%)
entry 3439000/10970295 (31.3483%)
entry 3445000/10970295 (31.403%)
entry 3446000/10970295 (31.4121%)
entry 3448000/10970295 (31.4303%)
entry 3450000/10970295 (31.4486%)
entry 3455000/10970295 (31.4941%)
entry 3456000/10970295 (31.5033%)
entry 3457000/10970295 (31.5124%)
entry 3458000/10970295 (31.5215%)
entry 3459000/10970295 (31.5306%)
entry 3461000/10970295 (31.5488%)
entry 3463000/10970295 (31.5671%)
entry 3464000/10970295 (31.5762%)
entry 3468000/10970295 (31.6126%)
entry 3478000/10970295 (31.7038%)
entry 3480000/10970295 (31.722%)
entry 3482000/10970295 (31.7403%)
entry 3484000/10970295 (31.7585%)
entry 3485000/10970295 (31.7676%)
entry 3488000/10970295 (31.795%)
entry 3492000/10970295 (31.8314%)
entry 3497000/10970295 (31.877%)
entry 3499000/10970295 (31.8952%)
entry 3501000/10970295 (31.9135%)
entry 3507000/10970295 (31.9681%)
entry 3508000/10970295 (31.9773%)
entry 3509000/10970295 (31.9864%)
entry 3513000/10970295 (32.0228%)
entry 3517000/10970295 (32.0593%)
entry 3521000/10970295 (32.0958%)
entry 3524000/10970295 (32.1231%)
entry 3525000/10970295 (32.1322%)
entry 3527000/10970295 (32.1505%)
entry 3528000/10970295 (32.1596%)
entry 3532000/10970295 (32.196%)
entry 3542000/10970295 (32.2872%)
entry 3547000/10970295 (32.3328%)
entry 3548000/10970295 (32.3419%)
entry 3550000/10970295 (32.3601%)
entry 3553000/10970295 (32.3875%)
entry 3554000/10970295 (32.3966%)
entry 3557000/10970295 (32.4239%)
entry 3560000/10970295 (32.4513%)
entry 3562000/10970295 (32.4695%)
entry 3570000/10970295 (32.5424%)
entry 3571000/10970295 (32.5515%)
entry 3572000/10970295 (32.5607%)
entry 3577000/10970295 (32.6062%)
entry 3578000/10970295 (32.6153%)
entry 3579000/10970295 (32.6245%)
entry 3580000/10970295 (32.6336%)
entry 3581000/10970295 (32.6427%)
entry 3587000/10970295 (32.6974%)
entry 3590000/10970295 (32.7247%)
entry 3591000/10970295 (32.7339%)
entry 3593000/10970295 (32.7521%)
entry 3598000/10970295 (32.7977%)
entry 3600000/10970295 (32.8159%)
entry 3603000/10970295 (32.8432%)
entry 3604000/10970295 (32.8524%)
entry 3608000/10970295 (32.8888%)
entry 3610000/10970295 (32.907%)
entry 3616000/10970295 (32.9617%)
entry 3619000/10970295 (32.9891%)
entry 3620000/10970295 (32.9982%)
entry 3622000/10970295 (33.0164%)
entry 3623000/10970295 (33.0255%)
entry 3625000/10970295 (33.0438%)
entry 3645000/10970295 (33.2261%)
entry 3647000/10970295 (33.2443%)
entry 3652000/10970295 (33.2899%)
entry 3653000/10970295 (33.299%)
entry 3660000/10970295 (33.3628%)
entry 3661000/10970295 (33.3719%)
entry 3665000/10970295 (33.4084%)
entry 3667000/10970295 (33.4266%)
entry 3668000/10970295 (33.4357%)
entry 3669000/10970295 (33.4449%)
entry 3670000/10970295 (33.454%)
entry 3671000/10970295 (33.4631%)
entry 3674000/10970295 (33.4904%)
entry 3675000/10970295 (33.4996%)
entry 3681000/10970295 (33.5542%)
entry 3686000/10970295 (33.5998%)
entry 3688000/10970295 (33.6181%)
entry 3693000/10970295 (33.6636%)
entry 3694000/10970295 (33.6727%)
entry 3699000/10970295 (33.7183%)
entry 3701000/10970295 (33.7366%)
entry 3706000/10970295 (33.7821%)
entry 3712000/10970295 (33.8368%)
entry 3715000/10970295 (33.8642%)
entry 3716000/10970295 (33.8733%)
entry 3717000/10970295 (33.8824%)
entry 3719000/10970295 (33.9006%)
entry 3721000/10970295 (33.9189%)
entry 3723000/10970295 (33.9371%)
entry 3724000/10970295 (33.9462%)
entry 3725000/10970295 (33.9553%)
entry 3731000/10970295 (34.01%)
entry 3732000/10970295 (34.0191%)
entry 3733000/10970295 (34.0283%)
entry 3734000/10970295 (34.0374%)
entry 3736000/10970295 (34.0556%)
entry 3737000/10970295 (34.0647%)
entry 3744000/10970295 (34.1285%)
entry 3745000/10970295 (34.1376%)
entry 3746000/10970295 (34.1468%)
entry 3748000/10970295 (34.165%)
entry 3749000/10970295 (34.1741%)
entry 3750000/10970295 (34.1832%)
entry 3751000/10970295 (34.1923%)
entry 3752000/10970295 (34.2014%)
entry 3753000/10970295 (34.2106%)
entry 3759000/10970295 (34.2653%)
entry 3764000/10970295 (34.3108%)
entry 3766000/10970295 (34.3291%)
entry 3770000/10970295 (34.3655%)
entry 3771000/10970295 (34.3746%)
entry 3773000/10970295 (34.3929%)
entry 3775000/10970295 (34.4111%)
entry 3785000/10970295 (34.5023%)
entry 3788000/10970295 (34.5296%)
entry 3789000/10970295 (34.5387%)
entry 3791000/10970295 (34.557%)
entry 3794000/10970295 (34.5843%)
entry 3795000/10970295 (34.5934%)
entry 3796000/10970295 (34.6025%)
entry 3801000/10970295 (34.6481%)
entry 3803000/10970295 (34.6663%)
entry 3805000/10970295 (34.6846%)
entry 3806000/10970295 (34.6937%)
entry 3811000/10970295 (34.7393%)
entry 3814000/10970295 (34.7666%)
entry 3816000/10970295 (34.7848%)
entry 3817000/10970295 (34.794%)
entry 3819000/10970295 (34.8122%)
entry 3820000/10970295 (34.8213%)
entry 3823000/10970295 (34.8487%)
entry 3824000/10970295 (34.8578%)
entry 3830000/10970295 (34.9125%)
entry 3831000/10970295 (34.9216%)
entry 3833000/10970295 (34.9398%)
entry 3841000/10970295 (35.0127%)
entry 3844000/10970295 (35.0401%)
entry 3851000/10970295 (35.1039%)
entry 3853000/10970295 (35.1221%)
entry 3855000/10970295 (35.1404%)
entry 3856000/10970295 (35.1495%)
entry 3859000/10970295 (35.1768%)
entry 3860000/10970295 (35.1859%)
entry 3866000/10970295 (35.2406%)
entry 3867000/10970295 (35.2497%)
entry 3868000/10970295 (35.2589%)
entry 3870000/10970295 (35.2771%)
entry 3877000/10970295 (35.3409%)
entry 3879000/10970295 (35.3591%)
entry 3881000/10970295 (35.3774%)
entry 3883000/10970295 (35.3956%)
entry 3886000/10970295 (35.4229%)
entry 3887000/10970295 (35.432%)
entry 3889000/10970295 (35.4503%)
entry 3891000/10970295 (35.4685%)
entry 3892000/10970295 (35.4776%)
entry 3893000/10970295 (35.4867%)
entry 3894000/10970295 (35.4959%)
entry 3895000/10970295 (35.505%)
entry 3904000/10970295 (35.587%)
entry 3906000/10970295 (35.6052%)
entry 3911000/10970295 (35.6508%)
entry 3912000/10970295 (35.6599%)
entry 3914000/10970295 (35.6782%)
entry 3916000/10970295 (35.6964%)
entry 3920000/10970295 (35.7329%)
entry 3921000/10970295 (35.742%)
entry 3922000/10970295 (35.7511%)
entry 3923000/10970295 (35.7602%)
entry 3925000/10970295 (35.7784%)
entry 3927000/10970295 (35.7967%)
entry 3929000/10970295 (35.8149%)
entry 3931000/10970295 (35.8331%)
entry 3935000/10970295 (35.8696%)
entry 3936000/10970295 (35.8787%)
entry 3941000/10970295 (35.9243%)
entry 3942000/10970295 (35.9334%)
entry 3945000/10970295 (35.9607%)
entry 3952000/10970295 (36.0246%)
entry 3955000/10970295 (36.0519%)
entry 3963000/10970295 (36.1248%)
entry 3968000/10970295 (36.1704%)
entry 3969000/10970295 (36.1795%)
entry 3973000/10970295 (36.216%)
entry 3974000/10970295 (36.2251%)
entry 3979000/10970295 (36.2707%)
entry 3981000/10970295 (36.2889%)
entry 3982000/10970295 (36.298%)
entry 3985000/10970295 (36.3254%)
entry 3993000/10970295 (36.3983%)
entry 3994000/10970295 (36.4074%)
entry 3997000/10970295 (36.4348%)
entry 4003000/10970295 (36.4894%)
entry 4006000/10970295 (36.5168%)
entry 4009000/10970295 (36.5441%)
entry 4011000/10970295 (36.5624%)
entry 4014000/10970295 (36.5897%)
entry 4018000/10970295 (36.6262%)
entry 4019000/10970295 (36.6353%)
entry 4022000/10970295 (36.6626%)
entry 4025000/10970295 (36.69%)
entry 4030000/10970295 (36.7356%)
entry 4032000/10970295 (36.7538%)
entry 4033000/10970295 (36.7629%)
entry 4034000/10970295 (36.772%)
entry 4038000/10970295 (36.8085%)
entry 4039000/10970295 (36.8176%)
entry 4043000/10970295 (36.8541%)
entry 4044000/10970295 (36.8632%)
entry 4045000/10970295 (36.8723%)
entry 4047000/10970295 (36.8905%)
entry 4049000/10970295 (36.9088%)
entry 4054000/10970295 (36.9543%)
entry 4059000/10970295 (36.9999%)
entry 4061000/10970295 (37.0181%)
entry 4063000/10970295 (37.0364%)
entry 4065000/10970295 (37.0546%)
entry 4066000/10970295 (37.0637%)
entry 4068000/10970295 (37.082%)
entry 4071000/10970295 (37.1093%)
entry 4073000/10970295 (37.1275%)
entry 4077000/10970295 (37.164%)
entry 4078000/10970295 (37.1731%)
entry 4080000/10970295 (37.1913%)
entry 4086000/10970295 (37.246%)
entry 4087000/10970295 (37.2552%)
entry 4089000/10970295 (37.2734%)
entry 4091000/10970295 (37.2916%)
entry 4093000/10970295 (37.3098%)
entry 4094000/10970295 (37.319%)
entry 4096000/10970295 (37.3372%)
entry 4098000/10970295 (37.3554%)
entry 4099000/10970295 (37.3645%)
entry 4105000/10970295 (37.4192%)
entry 4106000/10970295 (37.4283%)
entry 4107000/10970295 (37.4375%)
entry 4111000/10970295 (37.4739%)
entry 4113000/10970295 (37.4922%)
entry 4116000/10970295 (37.5195%)
entry 4118000/10970295 (37.5377%)
entry 4120000/10970295 (37.556%)
entry 4122000/10970295 (37.5742%)
entry 4124000/10970295 (37.5924%)
entry 4125000/10970295 (37.6015%)
entry 4130000/10970295 (37.6471%)
entry 4131000/10970295 (37.6562%)
entry 4137000/10970295 (37.7109%)
entry 4138000/10970295 (37.72%)
entry 4149000/10970295 (37.8203%)
entry 4153000/10970295 (37.8568%)
entry 4156000/10970295 (37.8841%)
entry 4161000/10970295 (37.9297%)
entry 4162000/10970295 (37.9388%)
entry 4166000/10970295 (37.9753%)
entry 4167000/10970295 (37.9844%)
entry 4169000/10970295 (38.0026%)
entry 4173000/10970295 (38.0391%)
entry 4174000/10970295 (38.0482%)
entry 4178000/10970295 (38.0847%)
entry 4180000/10970295 (38.1029%)
entry 4181000/10970295 (38.112%)
entry 4182000/10970295 (38.1211%)
entry 4184000/10970295 (38.1394%)
entry 4186000/10970295 (38.1576%)
entry 4190000/10970295 (38.1941%)
entry 4193000/10970295 (38.2214%)
entry 4194000/10970295 (38.2305%)
entry 4196000/10970295 (38.2487%)
entry 4198000/10970295 (38.267%)
entry 4199000/10970295 (38.2761%)
entry 4200000/10970295 (38.2852%)
entry 4202000/10970295 (38.3034%)
entry 4203000/10970295 (38.3126%)
entry 4208000/10970295 (38.3581%)
entry 4209000/10970295 (38.3672%)
entry 4217000/10970295 (38.4402%)
entry 4221000/10970295 (38.4766%)
entry 4225000/10970295 (38.5131%)
entry 4226000/10970295 (38.5222%)
entry 4227000/10970295 (38.5313%)
entry 4229000/10970295 (38.5496%)
entry 4231000/10970295 (38.5678%)
entry 4236000/10970295 (38.6134%)
entry 4242000/10970295 (38.6681%)
entry 4243000/10970295 (38.6772%)
entry 4246000/10970295 (38.7045%)
entry 4248000/10970295 (38.7228%)
entry 4249000/10970295 (38.7319%)
entry 4251000/10970295 (38.7501%)
entry 4254000/10970295 (38.7774%)
entry 4257000/10970295 (38.8048%)
entry 4260000/10970295 (38.8321%)
entry 4263000/10970295 (38.8595%)
entry 4264000/10970295 (38.8686%)
entry 4266000/10970295 (38.8868%)
entry 4267000/10970295 (38.8959%)
entry 4268000/10970295 (38.9051%)
entry 4275000/10970295 (38.9689%)
entry 4280000/10970295 (39.0144%)
entry 4281000/10970295 (39.0236%)
entry 4283000/10970295 (39.0418%)
entry 4284000/10970295 (39.0509%)
entry 4285000/10970295 (39.06%)
entry 4286000/10970295 (39.0691%)
entry 4287000/10970295 (39.0783%)
entry 4289000/10970295 (39.0965%)
entry 4291000/10970295 (39.1147%)
entry 4295000/10970295 (39.1512%)
entry 4296000/10970295 (39.1603%)
entry 4298000/10970295 (39.1785%)
entry 4299000/10970295 (39.1876%)
entry 4300000/10970295 (39.1968%)
entry 4303000/10970295 (39.2241%)
entry 4306000/10970295 (39.2515%)
entry 4307000/10970295 (39.2606%)
entry 4310000/10970295 (39.2879%)
entry 4313000/10970295 (39.3153%)
entry 4315000/10970295 (39.3335%)
entry 4316000/10970295 (39.3426%)
entry 4318000/10970295 (39.3608%)
entry 4324000/10970295 (39.4155%)
entry 4327000/10970295 (39.4429%)
entry 4328000/10970295 (39.452%)
entry 4330000/10970295 (39.4702%)
entry 4331000/10970295 (39.4793%)
entry 4332000/10970295 (39.4885%)
entry 4334000/10970295 (39.5067%)
entry 4337000/10970295 (39.534%)
entry 4341000/10970295 (39.5705%)
entry 4343000/10970295 (39.5887%)
entry 4344000/10970295 (39.5978%)
entry 4345000/10970295 (39.607%)
entry 4349000/10970295 (39.6434%)
entry 4350000/10970295 (39.6525%)
entry 4352000/10970295 (39.6708%)
entry 4354000/10970295 (39.689%)
entry 4355000/10970295 (39.6981%)
entry 4358000/10970295 (39.7255%)
entry 4362000/10970295 (39.7619%)
entry 4363000/10970295 (39.771%)
entry 4367000/10970295 (39.8075%)
entry 4370000/10970295 (39.8348%)
entry 4372000/10970295 (39.8531%)
entry 4373000/10970295 (39.8622%)
entry 4377000/10970295 (39.8987%)
entry 4380000/10970295 (39.926%)
entry 4381000/10970295 (39.9351%)
entry 4382000/10970295 (39.9442%)
entry 4387000/10970295 (39.9898%)
entry 4389000/10970295 (40.008%)
entry 4396000/10970295 (40.0718%)
entry 4397000/10970295 (40.081%)
entry 4404000/10970295 (40.1448%)
entry 4405000/10970295 (40.1539%)
entry 4408000/10970295 (40.1812%)
entry 4411000/10970295 (40.2086%)
entry 4413000/10970295 (40.2268%)
entry 4415000/10970295 (40.245%)
entry 4417000/10970295 (40.2633%)
entry 4418000/10970295 (40.2724%)
entry 4421000/10970295 (40.2997%)
entry 4425000/10970295 (40.3362%)
entry 4433000/10970295 (40.4091%)
entry 4434000/10970295 (40.4182%)
entry 4437000/10970295 (40.4456%)
entry 4438000/10970295 (40.4547%)
entry 4440000/10970295 (40.4729%)
entry 4447000/10970295 (40.5367%)
entry 4449000/10970295 (40.555%)
entry 4450000/10970295 (40.5641%)
entry 4453000/10970295 (40.5914%)
entry 4459000/10970295 (40.6461%)
entry 4460000/10970295 (40.6552%)
entry 4461000/10970295 (40.6644%)
entry 4471000/10970295 (40.7555%)
entry 4477000/10970295 (40.8102%)
entry 4478000/10970295 (40.8193%)
entry 4479000/10970295 (40.8284%)
entry 4483000/10970295 (40.8649%)
entry 4485000/10970295 (40.8831%)
entry 4489000/10970295 (40.9196%)
entry 4493000/10970295 (40.9561%)
entry 4496000/10970295 (40.9834%)
entry 4497000/10970295 (40.9925%)
entry 4504000/10970295 (41.0563%)
entry 4508000/10970295 (41.0928%)
entry 4509000/10970295 (41.1019%)
entry 4511000/10970295 (41.1201%)
entry 4512000/10970295 (41.1292%)
entry 4523000/10970295 (41.2295%)
entry 4525000/10970295 (41.2478%)
entry 4526000/10970295 (41.2569%)
entry 4528000/10970295 (41.2751%)
entry 4532000/10970295 (41.3116%)
entry 4534000/10970295 (41.3298%)
entry 4544000/10970295 (41.4209%)
entry 4545000/10970295 (41.4301%)
entry 4547000/10970295 (41.4483%)
entry 4552000/10970295 (41.4939%)
entry 4553000/10970295 (41.503%)
entry 4554000/10970295 (41.5121%)
entry 4558000/10970295 (41.5486%)
entry 4564000/10970295 (41.6033%)
entry 4565000/10970295 (41.6124%)
entry 4569000/10970295 (41.6488%)
entry 4570000/10970295 (41.6579%)
entry 4572000/10970295 (41.6762%)
entry 4574000/10970295 (41.6944%)
entry 4576000/10970295 (41.7126%)
entry 4580000/10970295 (41.7491%)
entry 4583000/10970295 (41.7765%)
entry 4584000/10970295 (41.7856%)
entry 4586000/10970295 (41.8038%)
entry 4598000/10970295 (41.9132%)
entry 4603000/10970295 (41.9588%)
entry 4604000/10970295 (41.9679%)
entry 4614000/10970295 (42.059%)
entry 4617000/10970295 (42.0864%)
entry 4619000/10970295 (42.1046%)
entry 4620000/10970295 (42.1137%)
entry 4622000/10970295 (42.132%)
entry 4623000/10970295 (42.1411%)
entry 4625000/10970295 (42.1593%)
entry 4627000/10970295 (42.1775%)
entry 4632000/10970295 (42.2231%)
entry 4633000/10970295 (42.2322%)
entry 4636000/10970295 (42.2596%)
entry 4638000/10970295 (42.2778%)
entry 4647000/10970295 (42.3598%)
entry 4649000/10970295 (42.3781%)
entry 4658000/10970295 (42.4601%)
entry 4660000/10970295 (42.4783%)
entry 4662000/10970295 (42.4966%)
entry 4664000/10970295 (42.5148%)
entry 4668000/10970295 (42.5513%)
entry 4671000/10970295 (42.5786%)
entry 4672000/10970295 (42.5877%)
entry 4674000/10970295 (42.606%)
entry 4676000/10970295 (42.6242%)
entry 4680000/10970295 (42.6607%)
entry 4681000/10970295 (42.6698%)
entry 4682000/10970295 (42.6789%)
entry 4683000/10970295 (42.688%)
entry 4684000/10970295 (42.6971%)
entry 4686000/10970295 (42.7153%)
entry 4689000/10970295 (42.7427%)
entry 4695000/10970295 (42.7974%)
entry 4696000/10970295 (42.8065%)
entry 4697000/10970295 (42.8156%)
entry 4702000/10970295 (42.8612%)
entry 4704000/10970295 (42.8794%)
entry 4708000/10970295 (42.9159%)
entry 4712000/10970295 (42.9524%)
entry 4715000/10970295 (42.9797%)
entry 4716000/10970295 (42.9888%)
entry 4718000/10970295 (43.007%)
entry 4724000/10970295 (43.0617%)
entry 4727000/10970295 (43.0891%)
entry 4731000/10970295 (43.1255%)
entry 4733000/10970295 (43.1438%)
entry 4734000/10970295 (43.1529%)
entry 4735000/10970295 (43.162%)
entry 4736000/10970295 (43.1711%)
entry 4737000/10970295 (43.1802%)
entry 4740000/10970295 (43.2076%)
entry 4742000/10970295 (43.2258%)
entry 4749000/10970295 (43.2896%)
entry 4751000/10970295 (43.3079%)
entry 4755000/10970295 (43.3443%)
entry 4757000/10970295 (43.3626%)
entry 4762000/10970295 (43.4081%)
entry 4763000/10970295 (43.4172%)
entry 4764000/10970295 (43.4264%)
entry 4766000/10970295 (43.4446%)
entry 4769000/10970295 (43.4719%)
entry 4770000/10970295 (43.4811%)
entry 4775000/10970295 (43.5266%)
entry 4777000/10970295 (43.5449%)
entry 4787000/10970295 (43.636%)
entry 4789000/10970295 (43.6543%)
entry 4794000/10970295 (43.6998%)
entry 4797000/10970295 (43.7272%)
entry 4802000/10970295 (43.7728%)
entry 4803000/10970295 (43.7819%)
entry 4805000/10970295 (43.8001%)
entry 4810000/10970295 (43.8457%)
entry 4812000/10970295 (43.8639%)
entry 4813000/10970295 (43.873%)
entry 4815000/10970295 (43.8913%)
entry 4820000/10970295 (43.9368%)
entry 4823000/10970295 (43.9642%)
entry 4825000/10970295 (43.9824%)
entry 4833000/10970295 (44.0553%)
entry 4837000/10970295 (44.0918%)
entry 4843000/10970295 (44.1465%)
entry 4848000/10970295 (44.1921%)
entry 4850000/10970295 (44.2103%)
entry 4852000/10970295 (44.2285%)
entry 4856000/10970295 (44.265%)
entry 4860000/10970295 (44.3015%)
entry 4861000/10970295 (44.3106%)
entry 4862000/10970295 (44.3197%)
entry 4867000/10970295 (44.3653%)
entry 4868000/10970295 (44.3744%)
entry 4869000/10970295 (44.3835%)
entry 4870000/10970295 (44.3926%)
entry 4871000/10970295 (44.4017%)
entry 4872000/10970295 (44.4108%)
entry 4873000/10970295 (44.42%)
entry 4875000/10970295 (44.4382%)
entry 4877000/10970295 (44.4564%)
entry 4879000/10970295 (44.4746%)
entry 4882000/10970295 (44.502%)
entry 4883000/10970295 (44.5111%)
entry 4885000/10970295 (44.5293%)
entry 4888000/10970295 (44.5567%)
entry 4889000/10970295 (44.5658%)
entry 4890000/10970295 (44.5749%)
entry 4892000/10970295 (44.5931%)
entry 4894000/10970295 (44.6114%)
entry 4899000/10970295 (44.657%)
entry 4904000/10970295 (44.7025%)
entry 4906000/10970295 (44.7208%)
entry 4913000/10970295 (44.7846%)
entry 4914000/10970295 (44.7937%)
entry 4920000/10970295 (44.8484%)
entry 4924000/10970295 (44.8848%)
entry 4931000/10970295 (44.9487%)
entry 4932000/10970295 (44.9578%)
entry 4933000/10970295 (44.9669%)
entry 4934000/10970295 (44.976%)
entry 4941000/10970295 (45.0398%)
entry 4942000/10970295 (45.0489%)
entry 4944000/10970295 (45.0672%)
entry 4946000/10970295 (45.0854%)
entry 4947000/10970295 (45.0945%)
entry 4950000/10970295 (45.1218%)
entry 4955000/10970295 (45.1674%)
entry 4957000/10970295 (45.1857%)
entry 4959000/10970295 (45.2039%)
entry 4960000/10970295 (45.213%)
entry 4963000/10970295 (45.2404%)
entry 4964000/10970295 (45.2495%)
entry 4967000/10970295 (45.2768%)
entry 4968000/10970295 (45.2859%)
entry 4972000/10970295 (45.3224%)
entry 4973000/10970295 (45.3315%)
entry 4976000/10970295 (45.3589%)
entry 4983000/10970295 (45.4227%)
entry 4985000/10970295 (45.4409%)
entry 4987000/10970295 (45.4591%)
entry 4989000/10970295 (45.4774%)
entry 4992000/10970295 (45.5047%)
entry 4993000/10970295 (45.5138%)
entry 4995000/10970295 (45.532%)
entry 4997000/10970295 (45.5503%)
entry 4998000/10970295 (45.5594%)
entry 5003000/10970295 (45.605%)
entry 5004000/10970295 (45.6141%)
entry 5012000/10970295 (45.687%)
entry 5013000/10970295 (45.6961%)
entry 5024000/10970295 (45.7964%)
entry 5026000/10970295 (45.8146%)
entry 5027000/10970295 (45.8237%)
entry 5030000/10970295 (45.8511%)
entry 5044000/10970295 (45.9787%)
entry 5045000/10970295 (45.9878%)
entry 5046000/10970295 (45.9969%)
entry 5047000/10970295 (46.0061%)
entry 5050000/10970295 (46.0334%)
entry 5051000/10970295 (46.0425%)
entry 5053000/10970295 (46.0607%)
entry 5055000/10970295 (46.079%)
entry 5056000/10970295 (46.0881%)
entry 5059000/10970295 (46.1154%)
entry 5061000/10970295 (46.1337%)
entry 5063000/10970295 (46.1519%)
entry 5067000/10970295 (46.1884%)
entry 5068000/10970295 (46.1975%)
entry 5069000/10970295 (46.2066%)
entry 5072000/10970295 (46.2339%)
entry 5074000/10970295 (46.2522%)
entry 5076000/10970295 (46.2704%)
entry 5077000/10970295 (46.2795%)
entry 5082000/10970295 (46.3251%)
entry 5084000/10970295 (46.3433%)
entry 5085000/10970295 (46.3524%)
entry 5086000/10970295 (46.3616%)
entry 5089000/10970295 (46.3889%)
entry 5090000/10970295 (46.398%)
entry 5091000/10970295 (46.4071%)
entry 5092000/10970295 (46.4163%)
entry 5098000/10970295 (46.4709%)
entry 5099000/10970295 (46.4801%)
entry 5100000/10970295 (46.4892%)
entry 5103000/10970295 (46.5165%)
entry 5105000/10970295 (46.5348%)
entry 5108000/10970295 (46.5621%)
entry 5117000/10970295 (46.6441%)
entry 5126000/10970295 (46.7262%)
entry 5131000/10970295 (46.7718%)
entry 5137000/10970295 (46.8265%)
entry 5138000/10970295 (46.8356%)
entry 5139000/10970295 (46.8447%)
entry 5144000/10970295 (46.8903%)
entry 5145000/10970295 (46.8994%)
entry 5153000/10970295 (46.9723%)
entry 5155000/10970295 (46.9905%)
entry 5157000/10970295 (47.0088%)
entry 5158000/10970295 (47.0179%)
entry 5159000/10970295 (47.027%)
entry 5160000/10970295 (47.0361%)
entry 5170000/10970295 (47.1273%)
entry 5171000/10970295 (47.1364%)
entry 5172000/10970295 (47.1455%)
entry 5175000/10970295 (47.1728%)
entry 5179000/10970295 (47.2093%)
entry 5180000/10970295 (47.2184%)
entry 5183000/10970295 (47.2458%)
entry 5185000/10970295 (47.264%)
entry 5186000/10970295 (47.2731%)
entry 5187000/10970295 (47.2822%)
entry 5188000/10970295 (47.2913%)
entry 5191000/10970295 (47.3187%)
entry 5192000/10970295 (47.3278%)
entry 5196000/10970295 (47.3643%)
entry 5199000/10970295 (47.3916%)
entry 5200000/10970295 (47.4007%)
entry 5205000/10970295 (47.4463%)
entry 5206000/10970295 (47.4554%)
entry 5207000/10970295 (47.4645%)
entry 5215000/10970295 (47.5375%)
entry 5217000/10970295 (47.5557%)
entry 5218000/10970295 (47.5648%)
entry 5227000/10970295 (47.6469%)
entry 5228000/10970295 (47.656%)
entry 5230000/10970295 (47.6742%)
entry 5235000/10970295 (47.7198%)
entry 5237000/10970295 (47.738%)
entry 5240000/10970295 (47.7654%)
entry 5242000/10970295 (47.7836%)
entry 5244000/10970295 (47.8018%)
entry 5246000/10970295 (47.82%)
entry 5247000/10970295 (47.8292%)
entry 5248000/10970295 (47.8383%)
entry 5251000/10970295 (47.8656%)
entry 5255000/10970295 (47.9021%)
entry 5263000/10970295 (47.975%)
entry 5266000/10970295 (48.0024%)
entry 5271000/10970295 (48.0479%)
entry 5275000/10970295 (48.0844%)
entry 5276000/10970295 (48.0935%)
entry 5281000/10970295 (48.1391%)
entry 5282000/10970295 (48.1482%)
entry 5284000/10970295 (48.1664%)
entry 5286000/10970295 (48.1847%)
entry 5289000/10970295 (48.212%)
entry 5290000/10970295 (48.2211%)
entry 5292000/10970295 (48.2394%)
entry 5293000/10970295 (48.2485%)
entry 5302000/10970295 (48.3305%)
entry 5308000/10970295 (48.3852%)
entry 5311000/10970295 (48.4126%)
entry 5313000/10970295 (48.4308%)
entry 5315000/10970295 (48.449%)
entry 5317000/10970295 (48.4672%)
entry 5322000/10970295 (48.5128%)
entry 5324000/10970295 (48.5311%)
entry 5329000/10970295 (48.5766%)
entry 5330000/10970295 (48.5857%)
entry 5332000/10970295 (48.604%)
entry 5336000/10970295 (48.6404%)
entry 5337000/10970295 (48.6496%)
entry 5338000/10970295 (48.6587%)
entry 5344000/10970295 (48.7134%)
entry 5346000/10970295 (48.7316%)
entry 5347000/10970295 (48.7407%)
entry 5348000/10970295 (48.7498%)
entry 5350000/10970295 (48.7681%)
entry 5351000/10970295 (48.7772%)
entry 5352000/10970295 (48.7863%)
entry 5354000/10970295 (48.8045%)
entry 5357000/10970295 (48.8319%)
entry 5358000/10970295 (48.841%)
entry 5359000/10970295 (48.8501%)
entry 5360000/10970295 (48.8592%)
entry 5362000/10970295 (48.8774%)
entry 5368000/10970295 (48.9321%)
entry 5372000/10970295 (48.9686%)
entry 5375000/10970295 (48.9959%)
entry 5376000/10970295 (49.0051%)
entry 5378000/10970295 (49.0233%)
entry 5379000/10970295 (49.0324%)
entry 5380000/10970295 (49.0415%)
entry 5381000/10970295 (49.0506%)
entry 5383000/10970295 (49.0689%)
entry 5386000/10970295 (49.0962%)
entry 5396000/10970295 (49.1874%)
entry 5397000/10970295 (49.1965%)
entry 5400000/10970295 (49.2238%)
entry 5408000/10970295 (49.2968%)
entry 5415000/10970295 (49.3606%)
entry 5418000/10970295 (49.3879%)
entry 5420000/10970295 (49.4061%)
entry 5422000/10970295 (49.4244%)
entry 5427000/10970295 (49.47%)
entry 5428000/10970295 (49.4791%)
entry 5429000/10970295 (49.4882%)
entry 5430000/10970295 (49.4973%)
entry 5431000/10970295 (49.5064%)
entry 5432000/10970295 (49.5155%)
entry 5433000/10970295 (49.5246%)
entry 5446000/10970295 (49.6431%)
entry 5449000/10970295 (49.6705%)
entry 5450000/10970295 (49.6796%)
entry 5453000/10970295 (49.707%)
entry 5456000/10970295 (49.7343%)
entry 5457000/10970295 (49.7434%)
entry 5462000/10970295 (49.789%)
entry 5463000/10970295 (49.7981%)
entry 5466000/10970295 (49.8255%)
entry 5471000/10970295 (49.871%)
entry 5473000/10970295 (49.8893%)
entry 5474000/10970295 (49.8984%)
entry 5475000/10970295 (49.9075%)
entry 5479000/10970295 (49.944%)
entry 5481000/10970295 (49.9622%)
entry 5486000/10970295 (50.0078%)
entry 5488000/10970295 (50.026%)
entry 5490000/10970295 (50.0442%)
entry 5491000/10970295 (50.0533%)
entry 5494000/10970295 (50.0807%)
entry 5496000/10970295 (50.0989%)
entry 5497000/10970295 (50.108%)
entry 5499000/10970295 (50.1263%)
entry 5502000/10970295 (50.1536%)
entry 5506000/10970295 (50.1901%)
entry 5507000/10970295 (50.1992%)
entry 5509000/10970295 (50.2174%)
entry 5511000/10970295 (50.2357%)
entry 5512000/10970295 (50.2448%)
entry 5513000/10970295 (50.2539%)
entry 5515000/10970295 (50.2721%)
entry 5516000/10970295 (50.2812%)
entry 5520000/10970295 (50.3177%)
entry 5527000/10970295 (50.3815%)
entry 5529000/10970295 (50.3997%)
entry 5531000/10970295 (50.418%)
entry 5532000/10970295 (50.4271%)
entry 5533000/10970295 (50.4362%)
entry 5534000/10970295 (50.4453%)
entry 5535000/10970295 (50.4544%)
entry 5536000/10970295 (50.4635%)
entry 5538000/10970295 (50.4818%)
entry 5539000/10970295 (50.4909%)
entry 5540000/10970295 (50.5%)
entry 5543000/10970295 (50.5274%)
entry 5550000/10970295 (50.5912%)
entry 5554000/10970295 (50.6276%)
entry 5556000/10970295 (50.6459%)
entry 5557000/10970295 (50.655%)
entry 5560000/10970295 (50.6823%)
entry 5562000/10970295 (50.7006%)
entry 5564000/10970295 (50.7188%)
entry 5572000/10970295 (50.7917%)
entry 5576000/10970295 (50.8282%)
entry 5578000/10970295 (50.8464%)
entry 5579000/10970295 (50.8555%)
entry 5581000/10970295 (50.8737%)
entry 5583000/10970295 (50.892%)
entry 5585000/10970295 (50.9102%)
entry 5587000/10970295 (50.9284%)
entry 5595000/10970295 (51.0014%)
entry 5596000/10970295 (51.0105%)
entry 5601000/10970295 (51.0561%)
entry 5604000/10970295 (51.0834%)
entry 5611000/10970295 (51.1472%)
entry 5612000/10970295 (51.1563%)
entry 5613000/10970295 (51.1654%)
entry 5615000/10970295 (51.1837%)
entry 5622000/10970295 (51.2475%)
entry 5623000/10970295 (51.2566%)
entry 5626000/10970295 (51.2839%)
entry 5629000/10970295 (51.3113%)
entry 5630000/10970295 (51.3204%)
entry 5631000/10970295 (51.3295%)
entry 5632000/10970295 (51.3386%)
entry 5640000/10970295 (51.4116%)
entry 5642000/10970295 (51.4298%)
entry 5645000/10970295 (51.4571%)
entry 5650000/10970295 (51.5027%)
entry 5653000/10970295 (51.5301%)
entry 5654000/10970295 (51.5392%)
entry 5655000/10970295 (51.5483%)
entry 5656000/10970295 (51.5574%)
entry 5661000/10970295 (51.603%)
entry 5662000/10970295 (51.6121%)
entry 5669000/10970295 (51.6759%)
entry 5670000/10970295 (51.685%)
entry 5674000/10970295 (51.7215%)
entry 5675000/10970295 (51.7306%)
entry 5677000/10970295 (51.7488%)
entry 5679000/10970295 (51.7671%)
entry 5680000/10970295 (51.7762%)
entry 5684000/10970295 (51.8126%)
entry 5686000/10970295 (51.8309%)
entry 5688000/10970295 (51.8491%)
entry 5689000/10970295 (51.8582%)
entry 5694000/10970295 (51.9038%)
entry 5695000/10970295 (51.9129%)
entry 5699000/10970295 (51.9494%)
entry 5701000/10970295 (51.9676%)
entry 5702000/10970295 (51.9767%)
entry 5703000/10970295 (51.9858%)
entry 5709000/10970295 (52.0405%)
entry 5714000/10970295 (52.0861%)
entry 5717000/10970295 (52.1135%)
entry 5720000/10970295 (52.1408%)
entry 5724000/10970295 (52.1773%)
entry 5725000/10970295 (52.1864%)
entry 5730000/10970295 (52.232%)
entry 5732000/10970295 (52.2502%)
entry 5736000/10970295 (52.2867%)
entry 5737000/10970295 (52.2958%)
entry 5743000/10970295 (52.3505%)
entry 5744000/10970295 (52.3596%)
entry 5746000/10970295 (52.3778%)
entry 5748000/10970295 (52.396%)
entry 5749000/10970295 (52.4052%)
entry 5755000/10970295 (52.4598%)
entry 5756000/10970295 (52.469%)
entry 5758000/10970295 (52.4872%)
entry 5759000/10970295 (52.4963%)
entry 5764000/10970295 (52.5419%)
entry 5769000/10970295 (52.5875%)
entry 5774000/10970295 (52.633%)
entry 5775000/10970295 (52.6422%)
entry 5776000/10970295 (52.6513%)
entry 5780000/10970295 (52.6877%)
entry 5781000/10970295 (52.6969%)
entry 5785000/10970295 (52.7333%)
entry 5787000/10970295 (52.7515%)
entry 5788000/10970295 (52.7607%)
entry 5789000/10970295 (52.7698%)
entry 5791000/10970295 (52.788%)
entry 5793000/10970295 (52.8062%)
entry 5794000/10970295 (52.8154%)
entry 5795000/10970295 (52.8245%)
entry 5799000/10970295 (52.8609%)
entry 5808000/10970295 (52.943%)
entry 5810000/10970295 (52.9612%)
entry 5811000/10970295 (52.9703%)
entry 5812000/10970295 (52.9794%)
entry 5814000/10970295 (52.9977%)
entry 5819000/10970295 (53.0432%)
entry 5821000/10970295 (53.0615%)
entry 5824000/10970295 (53.0888%)
entry 5825000/10970295 (53.0979%)
entry 5827000/10970295 (53.1162%)
entry 5834000/10970295 (53.18%)
entry 5837000/10970295 (53.2073%)
entry 5840000/10970295 (53.2347%)
entry 5841000/10970295 (53.2438%)
entry 5844000/10970295 (53.2711%)
entry 5846000/10970295 (53.2894%)
entry 5847000/10970295 (53.2985%)
entry 5851000/10970295 (53.3349%)
entry 5854000/10970295 (53.3623%)
entry 5856000/10970295 (53.3805%)
entry 5857000/10970295 (53.3896%)
entry 5860000/10970295 (53.417%)
entry 5862000/10970295 (53.4352%)
entry 5866000/10970295 (53.4717%)
entry 5875000/10970295 (53.5537%)
entry 5878000/10970295 (53.5811%)
entry 5879000/10970295 (53.5902%)
entry 5881000/10970295 (53.6084%)
entry 5882000/10970295 (53.6175%)
entry 5883000/10970295 (53.6266%)
entry 5885000/10970295 (53.6449%)
entry 5888000/10970295 (53.6722%)
entry 5891000/10970295 (53.6996%)
entry 5895000/10970295 (53.736%)
entry 5897000/10970295 (53.7543%)
entry 5898000/10970295 (53.7634%)
entry 5901000/10970295 (53.7907%)
entry 5906000/10970295 (53.8363%)
entry 5910000/10970295 (53.8728%)
entry 5913000/10970295 (53.9001%)
entry 5914000/10970295 (53.9092%)
entry 5916000/10970295 (53.9274%)
entry 5917000/10970295 (53.9366%)
entry 5921000/10970295 (53.973%)
entry 5926000/10970295 (54.0186%)
entry 5934000/10970295 (54.0915%)
entry 5936000/10970295 (54.1098%)
entry 5939000/10970295 (54.1371%)
entry 5940000/10970295 (54.1462%)
entry 5942000/10970295 (54.1645%)
entry 5943000/10970295 (54.1736%)
entry 5948000/10970295 (54.2191%)
entry 5950000/10970295 (54.2374%)
entry 5951000/10970295 (54.2465%)
entry 5953000/10970295 (54.2647%)
entry 5955000/10970295 (54.283%)
entry 5956000/10970295 (54.2921%)
entry 5961000/10970295 (54.3376%)
entry 5962000/10970295 (54.3468%)
entry 5965000/10970295 (54.3741%)
entry 5968000/10970295 (54.4015%)
entry 5970000/10970295 (54.4197%)
entry 5973000/10970295 (54.447%)
entry 5974000/10970295 (54.4561%)
entry 5978000/10970295 (54.4926%)
entry 5984000/10970295 (54.5473%)
entry 5987000/10970295 (54.5747%)
entry 5988000/10970295 (54.5838%)
entry 5989000/10970295 (54.5929%)
entry 5990000/10970295 (54.602%)
entry 5993000/10970295 (54.6293%)
entry 5998000/10970295 (54.6749%)
entry 5999000/10970295 (54.684%)
entry 6002000/10970295 (54.7114%)
entry 6006000/10970295 (54.7478%)
entry 6007000/10970295 (54.757%)
entry 6012000/10970295 (54.8025%)
entry 6015000/10970295 (54.8299%)
entry 6017000/10970295 (54.8481%)
entry 6018000/10970295 (54.8572%)
entry 6021000/10970295 (54.8846%)
entry 6024000/10970295 (54.9119%)
entry 6026000/10970295 (54.9302%)
entry 6028000/10970295 (54.9484%)
entry 6033000/10970295 (54.994%)
entry 6034000/10970295 (55.0031%)
entry 6039000/10970295 (55.0487%)
entry 6042000/10970295 (55.076%)
entry 6043000/10970295 (55.0851%)
entry 6044000/10970295 (55.0942%)
entry 6050000/10970295 (55.1489%)
entry 6051000/10970295 (55.158%)
entry 6052000/10970295 (55.1672%)
entry 6053000/10970295 (55.1763%)
entry 6055000/10970295 (55.1945%)
entry 6058000/10970295 (55.2218%)
entry 6059000/10970295 (55.231%)
entry 6064000/10970295 (55.2765%)
entry 6065000/10970295 (55.2857%)
entry 6068000/10970295 (55.313%)
entry 6070000/10970295 (55.3312%)
entry 6073000/10970295 (55.3586%)
entry 6075000/10970295 (55.3768%)
entry 6076000/10970295 (55.3859%)
entry 6078000/10970295 (55.4042%)
entry 6079000/10970295 (55.4133%)
entry 6082000/10970295 (55.4406%)
entry 6086000/10970295 (55.4771%)
entry 6088000/10970295 (55.4953%)
entry 6095000/10970295 (55.5591%)
entry 6097000/10970295 (55.5774%)
entry 6100000/10970295 (55.6047%)
entry 6101000/10970295 (55.6138%)
entry 6106000/10970295 (55.6594%)
entry 6116000/10970295 (55.7506%)
entry 6118000/10970295 (55.7688%)
entry 6129000/10970295 (55.8691%)
entry 6132000/10970295 (55.8964%)
entry 6134000/10970295 (55.9146%)
entry 6136000/10970295 (55.9329%)
entry 6138000/10970295 (55.9511%)
entry 6139000/10970295 (55.9602%)
entry 6142000/10970295 (55.9876%)
entry 6145000/10970295 (56.0149%)
entry 6149000/10970295 (56.0514%)
entry 6155000/10970295 (56.1061%)
entry 6156000/10970295 (56.1152%)
entry 6159000/10970295 (56.1425%)
entry 6161000/10970295 (56.1607%)
entry 6166000/10970295 (56.2063%)
entry 6171000/10970295 (56.2519%)
entry 6173000/10970295 (56.2701%)
entry 6175000/10970295 (56.2884%)
entry 6183000/10970295 (56.3613%)
entry 6184000/10970295 (56.3704%)
entry 6185000/10970295 (56.3795%)
entry 6186000/10970295 (56.3886%)
entry 6187000/10970295 (56.3978%)
entry 6191000/10970295 (56.4342%)
entry 6192000/10970295 (56.4433%)
entry 6194000/10970295 (56.4616%)
entry 6197000/10970295 (56.4889%)
entry 6198000/10970295 (56.498%)
entry 6199000/10970295 (56.5071%)
entry 6202000/10970295 (56.5345%)
entry 6204000/10970295 (56.5527%)
entry 6206000/10970295 (56.5709%)
entry 6207000/10970295 (56.5801%)
entry 6209000/10970295 (56.5983%)
entry 6212000/10970295 (56.6256%)
entry 6213000/10970295 (56.6348%)
entry 6214000/10970295 (56.6439%)
entry 6215000/10970295 (56.653%)
entry 6218000/10970295 (56.6803%)
entry 6219000/10970295 (56.6895%)
entry 6220000/10970295 (56.6986%)
entry 6224000/10970295 (56.735%)
entry 6225000/10970295 (56.7441%)
entry 6226000/10970295 (56.7533%)
entry 6227000/10970295 (56.7624%)
entry 6231000/10970295 (56.7988%)
entry 6232000/10970295 (56.808%)
entry 6242000/10970295 (56.8991%)
entry 6243000/10970295 (56.9082%)
entry 6244000/10970295 (56.9173%)
entry 6246000/10970295 (56.9356%)
entry 6251000/10970295 (56.9811%)
entry 6255000/10970295 (57.0176%)
entry 6261000/10970295 (57.0723%)
entry 6265000/10970295 (57.1088%)
entry 6268000/10970295 (57.1361%)
entry 6270000/10970295 (57.1543%)
entry 6278000/10970295 (57.2273%)
entry 6279000/10970295 (57.2364%)
entry 6281000/10970295 (57.2546%)
entry 6282000/10970295 (57.2637%)
entry 6285000/10970295 (57.2911%)
entry 6286000/10970295 (57.3002%)
entry 6288000/10970295 (57.3184%)
entry 6290000/10970295 (57.3367%)
entry 6291000/10970295 (57.3458%)
entry 6293000/10970295 (57.364%)
entry 6303000/10970295 (57.4552%)
entry 6306000/10970295 (57.4825%)
entry 6307000/10970295 (57.4916%)
entry 6309000/10970295 (57.5098%)
entry 6313000/10970295 (57.5463%)
entry 6315000/10970295 (57.5645%)
entry 6317000/10970295 (57.5828%)
entry 6322000/10970295 (57.6284%)
entry 6332000/10970295 (57.7195%)
entry 6336000/10970295 (57.756%)
entry 6339000/10970295 (57.7833%)
entry 6341000/10970295 (57.8015%)
entry 6343000/10970295 (57.8198%)
entry 6348000/10970295 (57.8654%)
entry 6349000/10970295 (57.8745%)
entry 6352000/10970295 (57.9018%)
entry 6357000/10970295 (57.9474%)
entry 6358000/10970295 (57.9565%)
entry 6360000/10970295 (57.9747%)
entry 6362000/10970295 (57.993%)
entry 6364000/10970295 (58.0112%)
entry 6365000/10970295 (58.0203%)
entry 6366000/10970295 (58.0294%)
entry 6368000/10970295 (58.0477%)
entry 6369000/10970295 (58.0568%)
entry 6371000/10970295 (58.075%)
entry 6372000/10970295 (58.0841%)
entry 6375000/10970295 (58.1115%)
entry 6377000/10970295 (58.1297%)
entry 6382000/10970295 (58.1753%)
entry 6383000/10970295 (58.1844%)
entry 6387000/10970295 (58.2209%)
entry 6390000/10970295 (58.2482%)
entry 6392000/10970295 (58.2664%)
entry 6394000/10970295 (58.2847%)
entry 6395000/10970295 (58.2938%)
entry 6400000/10970295 (58.3394%)
entry 6404000/10970295 (58.3758%)
entry 6408000/10970295 (58.4123%)
entry 6411000/10970295 (58.4396%)
entry 6412000/10970295 (58.4487%)
entry 6413000/10970295 (58.4579%)
entry 6416000/10970295 (58.4852%)
entry 6418000/10970295 (58.5034%)
entry 6420000/10970295 (58.5217%)
entry 6421000/10970295 (58.5308%)
entry 6433000/10970295 (58.6402%)
entry 6435000/10970295 (58.6584%)
entry 6439000/10970295 (58.6949%)
entry 6440000/10970295 (58.704%)
entry 6449000/10970295 (58.786%)
entry 6452000/10970295 (58.8134%)
entry 6455000/10970295 (58.8407%)
entry 6459000/10970295 (58.8772%)
entry 6460000/10970295 (58.8863%)
entry 6461000/10970295 (58.8954%)
entry 6462000/10970295 (58.9045%)
entry 6464000/10970295 (58.9228%)
entry 6470000/10970295 (58.9774%)
entry 6481000/10970295 (59.0777%)
entry 6482000/10970295 (59.0868%)
entry 6483000/10970295 (59.0959%)
entry 6484000/10970295 (59.1051%)
entry 6487000/10970295 (59.1324%)
entry 6492000/10970295 (59.178%)
entry 6493000/10970295 (59.1871%)
entry 6495000/10970295 (59.2053%)
entry 6497000/10970295 (59.2236%)
entry 6502000/10970295 (59.2691%)
entry 6504000/10970295 (59.2874%)
entry 6506000/10970295 (59.3056%)
entry 6507000/10970295 (59.3147%)
entry 6509000/10970295 (59.333%)
entry 6512000/10970295 (59.3603%)
entry 6513000/10970295 (59.3694%)
entry 6517000/10970295 (59.4059%)
entry 6518000/10970295 (59.415%)
entry 6519000/10970295 (59.4241%)
entry 6521000/10970295 (59.4423%)
entry 6533000/10970295 (59.5517%)
entry 6534000/10970295 (59.5608%)
entry 6535000/10970295 (59.57%)
entry 6539000/10970295 (59.6064%)
entry 6545000/10970295 (59.6611%)
entry 6549000/10970295 (59.6976%)
entry 6550000/10970295 (59.7067%)
entry 6554000/10970295 (59.7432%)
entry 6566000/10970295 (59.8525%)
entry 6567000/10970295 (59.8617%)
entry 6569000/10970295 (59.8799%)
entry 6574000/10970295 (59.9255%)
entry 6579000/10970295 (59.971%)
entry 6582000/10970295 (59.9984%)
entry 6587000/10970295 (60.044%)
entry 6588000/10970295 (60.0531%)
entry 6589000/10970295 (60.0622%)
entry 6590000/10970295 (60.0713%)
entry 6593000/10970295 (60.0987%)
entry 6597000/10970295 (60.1351%)
entry 6599000/10970295 (60.1534%)
entry 6600000/10970295 (60.1625%)
entry 6601000/10970295 (60.1716%)
entry 6602000/10970295 (60.1807%)
entry 6604000/10970295 (60.1989%)
entry 6609000/10970295 (60.2445%)
entry 6611000/10970295 (60.2627%)
entry 6612000/10970295 (60.2719%)
entry 6613000/10970295 (60.281%)
entry 6615000/10970295 (60.2992%)
entry 6616000/10970295 (60.3083%)
entry 6618000/10970295 (60.3265%)
entry 6621000/10970295 (60.3539%)
entry 6624000/10970295 (60.3812%)
entry 6632000/10970295 (60.4542%)
entry 6639000/10970295 (60.518%)
entry 6641000/10970295 (60.5362%)
entry 6642000/10970295 (60.5453%)
entry 6644000/10970295 (60.5635%)
entry 6646000/10970295 (60.5818%)
entry 6651000/10970295 (60.6274%)
entry 6653000/10970295 (60.6456%)
entry 6656000/10970295 (60.6729%)
entry 6657000/10970295 (60.6821%)
entry 6662000/10970295 (60.7276%)
entry 6664000/10970295 (60.7459%)
entry 6665000/10970295 (60.755%)
entry 6666000/10970295 (60.7641%)
entry 6667000/10970295 (60.7732%)
entry 6668000/10970295 (60.7823%)
entry 6672000/10970295 (60.8188%)
entry 6676000/10970295 (60.8552%)
entry 6677000/10970295 (60.8644%)
entry 6679000/10970295 (60.8826%)
entry 6680000/10970295 (60.8917%)
entry 6684000/10970295 (60.9282%)
entry 6686000/10970295 (60.9464%)
entry 6688000/10970295 (60.9646%)
entry 6691000/10970295 (60.992%)
entry 6694000/10970295 (61.0193%)
entry 6696000/10970295 (61.0376%)
entry 6698000/10970295 (61.0558%)
entry 6702000/10970295 (61.0923%)
entry 6708000/10970295 (61.1469%)
entry 6709000/10970295 (61.1561%)
entry 6711000/10970295 (61.1743%)
entry 6720000/10970295 (61.2563%)
entry 6721000/10970295 (61.2654%)
entry 6723000/10970295 (61.2837%)
entry 6724000/10970295 (61.2928%)
entry 6726000/10970295 (61.311%)
entry 6731000/10970295 (61.3566%)
entry 6733000/10970295 (61.3748%)
entry 6734000/10970295 (61.3839%)
entry 6739000/10970295 (61.4295%)
entry 6741000/10970295 (61.4478%)
entry 6750000/10970295 (61.5298%)
entry 6757000/10970295 (61.5936%)
entry 6759000/10970295 (61.6118%)
entry 6760000/10970295 (61.621%)
entry 6761000/10970295 (61.6301%)
entry 6765000/10970295 (61.6665%)
entry 6767000/10970295 (61.6848%)
entry 6770000/10970295 (61.7121%)
entry 6771000/10970295 (61.7212%)
entry 6776000/10970295 (61.7668%)
entry 6777000/10970295 (61.7759%)
entry 6778000/10970295 (61.785%)
entry 6790000/10970295 (61.8944%)
entry 6792000/10970295 (61.9126%)
entry 6793000/10970295 (61.9218%)
entry 6794000/10970295 (61.9309%)
entry 6800000/10970295 (61.9856%)
entry 6808000/10970295 (62.0585%)
entry 6811000/10970295 (62.0858%)
entry 6814000/10970295 (62.1132%)
entry 6815000/10970295 (62.1223%)
entry 6820000/10970295 (62.1679%)
entry 6821000/10970295 (62.177%)
entry 6824000/10970295 (62.2043%)
entry 6830000/10970295 (62.259%)
entry 6831000/10970295 (62.2681%)
entry 6832000/10970295 (62.2773%)
entry 6833000/10970295 (62.2864%)
entry 6837000/10970295 (62.3228%)
entry 6839000/10970295 (62.3411%)
entry 6841000/10970295 (62.3593%)
entry 6843000/10970295 (62.3775%)
entry 6844000/10970295 (62.3867%)
entry 6853000/10970295 (62.4687%)
entry 6857000/10970295 (62.5052%)
entry 6859000/10970295 (62.5234%)
entry 6863000/10970295 (62.5598%)
entry 6864000/10970295 (62.569%)
entry 6865000/10970295 (62.5781%)
entry 6866000/10970295 (62.5872%)
entry 6869000/10970295 (62.6145%)
entry 6870000/10970295 (62.6237%)
entry 6871000/10970295 (62.6328%)
entry 6873000/10970295 (62.651%)
entry 6874000/10970295 (62.6601%)
entry 6886000/10970295 (62.7695%)
entry 6887000/10970295 (62.7786%)
entry 6888000/10970295 (62.7877%)
entry 6889000/10970295 (62.7969%)
entry 6890000/10970295 (62.806%)
entry 6891000/10970295 (62.8151%)
entry 6894000/10970295 (62.8424%)
entry 6895000/10970295 (62.8515%)
entry 6896000/10970295 (62.8607%)
entry 6897000/10970295 (62.8698%)
entry 6898000/10970295 (62.8789%)
entry 6899000/10970295 (62.888%)
entry 6902000/10970295 (62.9154%)
entry 6903000/10970295 (62.9245%)
entry 6905000/10970295 (62.9427%)
entry 6907000/10970295 (62.9609%)
entry 6911000/10970295 (62.9974%)
entry 6918000/10970295 (63.0612%)
entry 6919000/10970295 (63.0703%)
entry 6920000/10970295 (63.0794%)
entry 6925000/10970295 (63.125%)
entry 6927000/10970295 (63.1432%)
entry 6928000/10970295 (63.1524%)
entry 6939000/10970295 (63.2526%)
entry 6940000/10970295 (63.2617%)
entry 6947000/10970295 (63.3256%)
entry 6950000/10970295 (63.3529%)
entry 6951000/10970295 (63.362%)
entry 6952000/10970295 (63.3711%)
entry 6954000/10970295 (63.3894%)
entry 6958000/10970295 (63.4258%)
entry 6960000/10970295 (63.4441%)
entry 6962000/10970295 (63.4623%)
entry 6963000/10970295 (63.4714%)
entry 6965000/10970295 (63.4896%)
entry 6966000/10970295 (63.4987%)
entry 6968000/10970295 (63.517%)
entry 6974000/10970295 (63.5717%)
entry 6976000/10970295 (63.5899%)
entry 6978000/10970295 (63.6081%)
entry 6981000/10970295 (63.6355%)
entry 6982000/10970295 (63.6446%)
entry 6983000/10970295 (63.6537%)
entry 6984000/10970295 (63.6628%)
entry 6985000/10970295 (63.6719%)
entry 6991000/10970295 (63.7266%)
entry 6993000/10970295 (63.7449%)
entry 6996000/10970295 (63.7722%)
entry 6997000/10970295 (63.7813%)
entry 7002000/10970295 (63.8269%)
entry 7003000/10970295 (63.836%)
entry 7012000/10970295 (63.9181%)
entry 7025000/10970295 (64.0366%)
entry 7026000/10970295 (64.0457%)
entry 7028000/10970295 (64.0639%)
entry 7035000/10970295 (64.1277%)
entry 7038000/10970295 (64.1551%)
entry 7039000/10970295 (64.1642%)
entry 7043000/10970295 (64.2006%)
entry 7047000/10970295 (64.2371%)
entry 7051000/10970295 (64.2736%)
entry 7058000/10970295 (64.3374%)
entry 7060000/10970295 (64.3556%)
entry 7061000/10970295 (64.3647%)
entry 7063000/10970295 (64.383%)
entry 7066000/10970295 (64.4103%)
entry 7069000/10970295 (64.4376%)
entry 7071000/10970295 (64.4559%)
entry 7076000/10970295 (64.5015%)
entry 7079000/10970295 (64.5288%)
entry 7080000/10970295 (64.5379%)
entry 7082000/10970295 (64.5562%)
entry 7083000/10970295 (64.5653%)
entry 7085000/10970295 (64.5835%)
entry 7088000/10970295 (64.6108%)
entry 7089000/10970295 (64.62%)
entry 7095000/10970295 (64.6747%)
entry 7100000/10970295 (64.7202%)
entry 7101000/10970295 (64.7293%)
entry 7102000/10970295 (64.7385%)
entry 7103000/10970295 (64.7476%)
entry 7106000/10970295 (64.7749%)
entry 7112000/10970295 (64.8296%)
entry 7117000/10970295 (64.8752%)
entry 7118000/10970295 (64.8843%)
entry 7120000/10970295 (64.9025%)
entry 7121000/10970295 (64.9117%)
entry 7122000/10970295 (64.9208%)
entry 7124000/10970295 (64.939%)
entry 7131000/10970295 (65.0028%)
entry 7133000/10970295 (65.021%)
entry 7136000/10970295 (65.0484%)
entry 7140000/10970295 (65.0849%)
entry 7142000/10970295 (65.1031%)
entry 7146000/10970295 (65.1395%)
entry 7148000/10970295 (65.1578%)
entry 7150000/10970295 (65.176%)
entry 7151000/10970295 (65.1851%)
entry 7155000/10970295 (65.2216%)
entry 7156000/10970295 (65.2307%)
entry 7163000/10970295 (65.2945%)
entry 7164000/10970295 (65.3036%)
entry 7166000/10970295 (65.3219%)
entry 7170000/10970295 (65.3583%)
entry 7175000/10970295 (65.4039%)
entry 7178000/10970295 (65.4312%)
entry 7182000/10970295 (65.4677%)
entry 7191000/10970295 (65.5497%)
entry 7192000/10970295 (65.5589%)
entry 7193000/10970295 (65.568%)
entry 7196000/10970295 (65.5953%)
entry 7198000/10970295 (65.6135%)
entry 7203000/10970295 (65.6591%)
entry 7204000/10970295 (65.6682%)
entry 7205000/10970295 (65.6774%)
entry 7208000/10970295 (65.7047%)
entry 7211000/10970295 (65.732%)
entry 7216000/10970295 (65.7776%)
entry 7221000/10970295 (65.8232%)
entry 7222000/10970295 (65.8323%)
entry 7223000/10970295 (65.8414%)
entry 7224000/10970295 (65.8506%)
entry 7226000/10970295 (65.8688%)
entry 7227000/10970295 (65.8779%)
entry 7228000/10970295 (65.887%)
entry 7231000/10970295 (65.9144%)
entry 7232000/10970295 (65.9235%)
entry 7234000/10970295 (65.9417%)
entry 7235000/10970295 (65.9508%)
entry 7239000/10970295 (65.9873%)
entry 7241000/10970295 (66.0055%)
entry 7243000/10970295 (66.0237%)
entry 7250000/10970295 (66.0876%)
entry 7253000/10970295 (66.1149%)
entry 7255000/10970295 (66.1331%)
entry 7258000/10970295 (66.1605%)
entry 7265000/10970295 (66.2243%)
entry 7267000/10970295 (66.2425%)
entry 7268000/10970295 (66.2516%)
entry 7272000/10970295 (66.2881%)
entry 7273000/10970295 (66.2972%)
entry 7274000/10970295 (66.3063%)
entry 7275000/10970295 (66.3154%)
entry 7276000/10970295 (66.3246%)
entry 7277000/10970295 (66.3337%)
entry 7278000/10970295 (66.3428%)
entry 7279000/10970295 (66.3519%)
entry 7281000/10970295 (66.3701%)
entry 7285000/10970295 (66.4066%)
entry 7287000/10970295 (66.4248%)
entry 7288000/10970295 (66.4339%)
entry 7289000/10970295 (66.4431%)
entry 7294000/10970295 (66.4886%)
entry 7299000/10970295 (66.5342%)
entry 7301000/10970295 (66.5524%)
entry 7307000/10970295 (66.6071%)
entry 7308000/10970295 (66.6163%)
entry 7310000/10970295 (66.6345%)
entry 7312000/10970295 (66.6527%)
entry 7315000/10970295 (66.6801%)
entry 7316000/10970295 (66.6892%)
entry 7317000/10970295 (66.6983%)
entry 7319000/10970295 (66.7165%)
entry 7320000/10970295 (66.7256%)
entry 7321000/10970295 (66.7348%)
entry 7323000/10970295 (66.753%)
entry 7324000/10970295 (66.7621%)
entry 7329000/10970295 (66.8077%)
entry 7331000/10970295 (66.8259%)
entry 7332000/10970295 (66.835%)
entry 7340000/10970295 (66.908%)
entry 7346000/10970295 (66.9626%)
entry 7348000/10970295 (66.9809%)
entry 7351000/10970295 (67.0082%)
entry 7353000/10970295 (67.0265%)
entry 7354000/10970295 (67.0356%)
entry 7355000/10970295 (67.0447%)
entry 7356000/10970295 (67.0538%)
entry 7361000/10970295 (67.0994%)
entry 7362000/10970295 (67.1085%)
entry 7363000/10970295 (67.1176%)
entry 7366000/10970295 (67.145%)
entry 7372000/10970295 (67.1997%)
entry 7378000/10970295 (67.2543%)
entry 7380000/10970295 (67.2726%)
entry 7381000/10970295 (67.2817%)
entry 7382000/10970295 (67.2908%)
entry 7383000/10970295 (67.2999%)
entry 7388000/10970295 (67.3455%)
entry 7397000/10970295 (67.4275%)
entry 7399000/10970295 (67.4458%)
entry 7404000/10970295 (67.4913%)
entry 7408000/10970295 (67.5278%)
entry 7409000/10970295 (67.5369%)
entry 7411000/10970295 (67.5552%)
entry 7416000/10970295 (67.6007%)
entry 7421000/10970295 (67.6463%)
entry 7423000/10970295 (67.6645%)
entry 7424000/10970295 (67.6737%)
entry 7425000/10970295 (67.6828%)
entry 7428000/10970295 (67.7101%)
entry 7430000/10970295 (67.7284%)
entry 7432000/10970295 (67.7466%)
entry 7433000/10970295 (67.7557%)
entry 7434000/10970295 (67.7648%)
entry 7439000/10970295 (67.8104%)
entry 7444000/10970295 (67.856%)
entry 7445000/10970295 (67.8651%)
entry 7446000/10970295 (67.8742%)
entry 7447000/10970295 (67.8833%)
entry 7448000/10970295 (67.8924%)
entry 7450000/10970295 (67.9107%)
entry 7453000/10970295 (67.938%)
entry 7458000/10970295 (67.9836%)
entry 7460000/10970295 (68.0018%)
entry 7465000/10970295 (68.0474%)
entry 7468000/10970295 (68.0747%)
entry 7470000/10970295 (68.093%)
entry 7471000/10970295 (68.1021%)
entry 7473000/10970295 (68.1203%)
entry 7474000/10970295 (68.1294%)
entry 7478000/10970295 (68.1659%)
entry 7479000/10970295 (68.175%)
entry 7480000/10970295 (68.1841%)
entry 7481000/10970295 (68.1932%)
entry 7485000/10970295 (68.2297%)
entry 7487000/10970295 (68.2479%)
entry 7489000/10970295 (68.2662%)
entry 7492000/10970295 (68.2935%)
entry 7495000/10970295 (68.3209%)
entry 7496000/10970295 (68.33%)
entry 7501000/10970295 (68.3756%)
entry 7503000/10970295 (68.3938%)
entry 7506000/10970295 (68.4211%)
entry 7509000/10970295 (68.4485%)
entry 7511000/10970295 (68.4667%)
entry 7513000/10970295 (68.4849%)
entry 7514000/10970295 (68.4941%)
entry 7516000/10970295 (68.5123%)
entry 7517000/10970295 (68.5214%)
entry 7521000/10970295 (68.5579%)
entry 7526000/10970295 (68.6034%)
entry 7528000/10970295 (68.6217%)
entry 7529000/10970295 (68.6308%)
entry 7530000/10970295 (68.6399%)
entry 7533000/10970295 (68.6673%)
entry 7536000/10970295 (68.6946%)
entry 7542000/10970295 (68.7493%)
entry 7547000/10970295 (68.7949%)
entry 7548000/10970295 (68.804%)
entry 7550000/10970295 (68.8222%)
entry 7551000/10970295 (68.8313%)
entry 7553000/10970295 (68.8496%)
entry 7556000/10970295 (68.8769%)
entry 7573000/10970295 (69.0319%)
entry 7577000/10970295 (69.0683%)
entry 7578000/10970295 (69.0775%)
entry 7579000/10970295 (69.0866%)
entry 7584000/10970295 (69.1321%)
entry 7586000/10970295 (69.1504%)
entry 7594000/10970295 (69.2233%)
entry 7603000/10970295 (69.3053%)
entry 7604000/10970295 (69.3145%)
entry 7607000/10970295 (69.3418%)
entry 7609000/10970295 (69.36%)
entry 7611000/10970295 (69.3783%)
entry 7613000/10970295 (69.3965%)
entry 7614000/10970295 (69.4056%)
entry 7621000/10970295 (69.4694%)
entry 7622000/10970295 (69.4785%)
entry 7623000/10970295 (69.4876%)
entry 7625000/10970295 (69.5059%)
entry 7628000/10970295 (69.5332%)
entry 7629000/10970295 (69.5423%)
entry 7632000/10970295 (69.5697%)
entry 7634000/10970295 (69.5879%)
entry 7635000/10970295 (69.597%)
entry 7642000/10970295 (69.6608%)
entry 7643000/10970295 (69.67%)
entry 7647000/10970295 (69.7064%)
entry 7648000/10970295 (69.7155%)
entry 7653000/10970295 (69.7611%)
entry 7654000/10970295 (69.7702%)
entry 7656000/10970295 (69.7885%)
entry 7657000/10970295 (69.7976%)
entry 7661000/10970295 (69.834%)
entry 7662000/10970295 (69.8432%)
entry 7663000/10970295 (69.8523%)
entry 7666000/10970295 (69.8796%)
entry 7669000/10970295 (69.907%)
entry 7672000/10970295 (69.9343%)
entry 7673000/10970295 (69.9434%)
entry 7675000/10970295 (69.9617%)
entry 7676000/10970295 (69.9708%)
entry 7680000/10970295 (70.0072%)
entry 7684000/10970295 (70.0437%)
entry 7687000/10970295 (70.071%)
entry 7691000/10970295 (70.1075%)
entry 7695000/10970295 (70.144%)
entry 7697000/10970295 (70.1622%)
entry 7698000/10970295 (70.1713%)
entry 7699000/10970295 (70.1804%)
entry 7701000/10970295 (70.1987%)
entry 7707000/10970295 (70.2534%)
entry 7708000/10970295 (70.2625%)
entry 7709000/10970295 (70.2716%)
entry 7710000/10970295 (70.2807%)
entry 7715000/10970295 (70.3263%)
entry 7716000/10970295 (70.3354%)
entry 7718000/10970295 (70.3536%)
entry 7720000/10970295 (70.3719%)
entry 7727000/10970295 (70.4357%)
entry 7730000/10970295 (70.463%)
entry 7735000/10970295 (70.5086%)
entry 7737000/10970295 (70.5268%)
entry 7738000/10970295 (70.5359%)
entry 7741000/10970295 (70.5633%)
entry 7745000/10970295 (70.5997%)
entry 7750000/10970295 (70.6453%)
entry 7753000/10970295 (70.6727%)
entry 7755000/10970295 (70.6909%)
entry 7756000/10970295 (70.7%)
entry 7758000/10970295 (70.7182%)
entry 7762000/10970295 (70.7547%)
entry 7763000/10970295 (70.7638%)
entry 7764000/10970295 (70.7729%)
entry 7771000/10970295 (70.8367%)
entry 7774000/10970295 (70.8641%)
entry 7777000/10970295 (70.8914%)
entry 7778000/10970295 (70.9006%)
entry 7781000/10970295 (70.9279%)
entry 7783000/10970295 (70.9461%)
entry 7784000/10970295 (70.9552%)
entry 7787000/10970295 (70.9826%)
entry 7788000/10970295 (70.9917%)
entry 7790000/10970295 (71.0099%)
entry 7792000/10970295 (71.0282%)
entry 7793000/10970295 (71.0373%)
entry 7794000/10970295 (71.0464%)
entry 7795000/10970295 (71.0555%)
entry 7800000/10970295 (71.1011%)
entry 7801000/10970295 (71.1102%)
entry 7808000/10970295 (71.174%)
entry 7810000/10970295 (71.1923%)
entry 7812000/10970295 (71.2105%)
entry 7816000/10970295 (71.2469%)
entry 7817000/10970295 (71.2561%)
entry 7821000/10970295 (71.2925%)
entry 7825000/10970295 (71.329%)
entry 7829000/10970295 (71.3654%)
entry 7831000/10970295 (71.3837%)
entry 7834000/10970295 (71.411%)
entry 7835000/10970295 (71.4201%)
entry 7836000/10970295 (71.4293%)
entry 7837000/10970295 (71.4384%)
entry 7840000/10970295 (71.4657%)
entry 7841000/10970295 (71.4748%)
entry 7845000/10970295 (71.5113%)
entry 7849000/10970295 (71.5478%)
entry 7850000/10970295 (71.5569%)
entry 7852000/10970295 (71.5751%)
entry 7857000/10970295 (71.6207%)
entry 7861000/10970295 (71.6571%)
entry 7862000/10970295 (71.6663%)
entry 7866000/10970295 (71.7027%)
entry 7867000/10970295 (71.7118%)
entry 7868000/10970295 (71.721%)
entry 7875000/10970295 (71.7848%)
entry 7879000/10970295 (71.8212%)
entry 7883000/10970295 (71.8577%)
entry 7887000/10970295 (71.8941%)
entry 7889000/10970295 (71.9124%)
entry 7890000/10970295 (71.9215%)
entry 7891000/10970295 (71.9306%)
entry 7892000/10970295 (71.9397%)
entry 7893000/10970295 (71.9488%)
entry 7897000/10970295 (71.9853%)
entry 7898000/10970295 (71.9944%)
entry 7901000/10970295 (72.0218%)
entry 7909000/10970295 (72.0947%)
entry 7912000/10970295 (72.122%)
entry 7915000/10970295 (72.1494%)
entry 7918000/10970295 (72.1767%)
entry 7921000/10970295 (72.2041%)
entry 7925000/10970295 (72.2405%)
entry 7927000/10970295 (72.2588%)
entry 7931000/10970295 (72.2952%)
entry 7932000/10970295 (72.3043%)
entry 7934000/10970295 (72.3226%)
entry 7939000/10970295 (72.3682%)
entry 7940000/10970295 (72.3773%)
entry 7944000/10970295 (72.4137%)
entry 7951000/10970295 (72.4775%)
entry 7958000/10970295 (72.5414%)
entry 7961000/10970295 (72.5687%)
entry 7962000/10970295 (72.5778%)
entry 7966000/10970295 (72.6143%)
entry 7976000/10970295 (72.7054%)
entry 7981000/10970295 (72.751%)
entry 7982000/10970295 (72.7601%)
entry 7988000/10970295 (72.8148%)
entry 7989000/10970295 (72.8239%)
entry 7992000/10970295 (72.8513%)
entry 7993000/10970295 (72.8604%)
entry 7996000/10970295 (72.8877%)
entry 7999000/10970295 (72.9151%)
entry 8007000/10970295 (72.988%)
entry 8008000/10970295 (72.9971%)
entry 8009000/10970295 (73.0062%)
entry 8014000/10970295 (73.0518%)
entry 8019000/10970295 (73.0974%)
entry 8023000/10970295 (73.1339%)
entry 8029000/10970295 (73.1885%)
entry 8030000/10970295 (73.1977%)
entry 8032000/10970295 (73.2159%)
entry 8033000/10970295 (73.225%)
entry 8035000/10970295 (73.2432%)
entry 8036000/10970295 (73.2524%)
entry 8039000/10970295 (73.2797%)
entry 8042000/10970295 (73.3071%)
entry 8046000/10970295 (73.3435%)
entry 8048000/10970295 (73.3617%)
entry 8053000/10970295 (73.4073%)
entry 8057000/10970295 (73.4438%)
entry 8058000/10970295 (73.4529%)
entry 8061000/10970295 (73.4802%)
entry 8062000/10970295 (73.4894%)
entry 8065000/10970295 (73.5167%)
entry 8066000/10970295 (73.5258%)
entry 8067000/10970295 (73.5349%)
entry 8068000/10970295 (73.5441%)
entry 8070000/10970295 (73.5623%)
entry 8072000/10970295 (73.5805%)
entry 8073000/10970295 (73.5896%)
entry 8074000/10970295 (73.5987%)
entry 8075000/10970295 (73.6079%)
entry 8077000/10970295 (73.6261%)
entry 8082000/10970295 (73.6717%)
entry 8086000/10970295 (73.7081%)
entry 8087000/10970295 (73.7173%)
entry 8088000/10970295 (73.7264%)
entry 8089000/10970295 (73.7355%)
entry 8091000/10970295 (73.7537%)
entry 8094000/10970295 (73.7811%)
entry 8097000/10970295 (73.8084%)
entry 8099000/10970295 (73.8266%)
entry 8103000/10970295 (73.8631%)
entry 8104000/10970295 (73.8722%)
entry 8107000/10970295 (73.8996%)
entry 8109000/10970295 (73.9178%)
entry 8112000/10970295 (73.9451%)
entry 8113000/10970295 (73.9543%)
entry 8115000/10970295 (73.9725%)
entry 8122000/10970295 (74.0363%)
entry 8123000/10970295 (74.0454%)
entry 8124000/10970295 (74.0545%)
entry 8132000/10970295 (74.1274%)
entry 8134000/10970295 (74.1457%)
entry 8136000/10970295 (74.1639%)
entry 8139000/10970295 (74.1913%)
entry 8142000/10970295 (74.2186%)
entry 8143000/10970295 (74.2277%)
entry 8146000/10970295 (74.2551%)
entry 8147000/10970295 (74.2642%)
entry 8148000/10970295 (74.2733%)
entry 8154000/10970295 (74.328%)
entry 8155000/10970295 (74.3371%)
entry 8156000/10970295 (74.3462%)
entry 8157000/10970295 (74.3553%)
entry 8161000/10970295 (74.3918%)
entry 8164000/10970295 (74.4191%)
entry 8165000/10970295 (74.4283%)
entry 8167000/10970295 (74.4465%)
entry 8168000/10970295 (74.4556%)
entry 8169000/10970295 (74.4647%)
entry 8174000/10970295 (74.5103%)
entry 8176000/10970295 (74.5285%)
entry 8177000/10970295 (74.5376%)
entry 8188000/10970295 (74.6379%)
entry 8190000/10970295 (74.6562%)
entry 8198000/10970295 (74.7291%)
entry 8200000/10970295 (74.7473%)
entry 8202000/10970295 (74.7655%)
entry 8206000/10970295 (74.802%)
entry 8209000/10970295 (74.8293%)
entry 8211000/10970295 (74.8476%)
entry 8216000/10970295 (74.8932%)
entry 8217000/10970295 (74.9023%)
entry 8218000/10970295 (74.9114%)
entry 8222000/10970295 (74.9478%)
entry 8223000/10970295 (74.957%)
entry 8226000/10970295 (74.9843%)
entry 8230000/10970295 (75.0208%)
entry 8235000/10970295 (75.0664%)
entry 8239000/10970295 (75.1028%)
entry 8241000/10970295 (75.121%)
entry 8246000/10970295 (75.1666%)
entry 8248000/10970295 (75.1849%)
entry 8249000/10970295 (75.194%)
entry 8253000/10970295 (75.2304%)
entry 8263000/10970295 (75.3216%)
entry 8265000/10970295 (75.3398%)
entry 8268000/10970295 (75.3672%)
entry 8271000/10970295 (75.3945%)
entry 8272000/10970295 (75.4036%)
entry 8273000/10970295 (75.4127%)
entry 8276000/10970295 (75.4401%)
entry 8277000/10970295 (75.4492%)
entry 8281000/10970295 (75.4857%)
entry 8282000/10970295 (75.4948%)
entry 8283000/10970295 (75.5039%)
entry 8285000/10970295 (75.5221%)
entry 8291000/10970295 (75.5768%)
entry 8293000/10970295 (75.5951%)
entry 8294000/10970295 (75.6042%)
entry 8297000/10970295 (75.6315%)
entry 8298000/10970295 (75.6406%)
entry 8299000/10970295 (75.6497%)
entry 8300000/10970295 (75.6589%)
entry 8306000/10970295 (75.7136%)
entry 8307000/10970295 (75.7227%)
entry 8308000/10970295 (75.7318%)
entry 8310000/10970295 (75.75%)
entry 8313000/10970295 (75.7774%)
entry 8314000/10970295 (75.7865%)
entry 8315000/10970295 (75.7956%)
entry 8317000/10970295 (75.8138%)
entry 8325000/10970295 (75.8867%)
entry 8326000/10970295 (75.8959%)
entry 8334000/10970295 (75.9688%)
entry 8338000/10970295 (76.0053%)
entry 8340000/10970295 (76.0235%)
entry 8341000/10970295 (76.0326%)
entry 8342000/10970295 (76.0417%)
entry 8345000/10970295 (76.0691%)
entry 8347000/10970295 (76.0873%)
entry 8353000/10970295 (76.142%)
entry 8354000/10970295 (76.1511%)
entry 8359000/10970295 (76.1967%)
entry 8362000/10970295 (76.224%)
entry 8366000/10970295 (76.2605%)
entry 8371000/10970295 (76.3061%)
entry 8375000/10970295 (76.3425%)
entry 8376000/10970295 (76.3516%)
entry 8377000/10970295 (76.3608%)
entry 8378000/10970295 (76.3699%)
entry 8382000/10970295 (76.4063%)
entry 8384000/10970295 (76.4246%)
entry 8387000/10970295 (76.4519%)
entry 8389000/10970295 (76.4701%)
entry 8390000/10970295 (76.4793%)
entry 8391000/10970295 (76.4884%)
entry 8392000/10970295 (76.4975%)
entry 8393000/10970295 (76.5066%)
entry 8394000/10970295 (76.5157%)
entry 8397000/10970295 (76.5431%)
entry 8402000/10970295 (76.5886%)
entry 8403000/10970295 (76.5978%)
entry 8405000/10970295 (76.616%)
entry 8406000/10970295 (76.6251%)
entry 8407000/10970295 (76.6342%)
entry 8411000/10970295 (76.6707%)
entry 8419000/10970295 (76.7436%)
entry 8422000/10970295 (76.771%)
entry 8423000/10970295 (76.7801%)
entry 8426000/10970295 (76.8074%)
entry 8429000/10970295 (76.8348%)
entry 8430000/10970295 (76.8439%)
entry 8432000/10970295 (76.8621%)
entry 8436000/10970295 (76.8986%)
entry 8439000/10970295 (76.9259%)
entry 8441000/10970295 (76.9441%)
entry 8442000/10970295 (76.9533%)
entry 8445000/10970295 (76.9806%)
entry 8449000/10970295 (77.0171%)
entry 8450000/10970295 (77.0262%)
entry 8452000/10970295 (77.0444%)
entry 8453000/10970295 (77.0535%)
entry 8456000/10970295 (77.0809%)
entry 8460000/10970295 (77.1173%)
entry 8461000/10970295 (77.1265%)
entry 8463000/10970295 (77.1447%)
entry 8465000/10970295 (77.1629%)
entry 8466000/10970295 (77.172%)
entry 8471000/10970295 (77.2176%)
entry 8475000/10970295 (77.2541%)
entry 8478000/10970295 (77.2814%)
entry 8479000/10970295 (77.2905%)
entry 8487000/10970295 (77.3635%)
entry 8488000/10970295 (77.3726%)
entry 8490000/10970295 (77.3908%)
entry 8491000/10970295 (77.3999%)
entry 8492000/10970295 (77.409%)
entry 8495000/10970295 (77.4364%)
entry 8496000/10970295 (77.4455%)
entry 8497000/10970295 (77.4546%)
entry 8503000/10970295 (77.5093%)
entry 8504000/10970295 (77.5184%)
entry 8505000/10970295 (77.5275%)
entry 8508000/10970295 (77.5549%)
entry 8511000/10970295 (77.5822%)
entry 8512000/10970295 (77.5913%)
entry 8516000/10970295 (77.6278%)
entry 8522000/10970295 (77.6825%)
entry 8524000/10970295 (77.7007%)
entry 8525000/10970295 (77.7099%)
entry 8528000/10970295 (77.7372%)
entry 8535000/10970295 (77.801%)
entry 8536000/10970295 (77.8101%)
entry 8545000/10970295 (77.8922%)
entry 8551000/10970295 (77.9469%)
entry 8553000/10970295 (77.9651%)
entry 8555000/10970295 (77.9833%)
entry 8560000/10970295 (78.0289%)
entry 8562000/10970295 (78.0471%)
entry 8563000/10970295 (78.0562%)
entry 8568000/10970295 (78.1018%)
entry 8570000/10970295 (78.1201%)
entry 8575000/10970295 (78.1656%)
entry 8577000/10970295 (78.1839%)
entry 8579000/10970295 (78.2021%)
entry 8580000/10970295 (78.2112%)
entry 8588000/10970295 (78.2841%)
entry 8591000/10970295 (78.3115%)
entry 8593000/10970295 (78.3297%)
entry 8594000/10970295 (78.3388%)
entry 8598000/10970295 (78.3753%)
entry 8600000/10970295 (78.3935%)
entry 8601000/10970295 (78.4026%)
entry 8610000/10970295 (78.4847%)
entry 8611000/10970295 (78.4938%)
entry 8612000/10970295 (78.5029%)
entry 8614000/10970295 (78.5211%)
entry 8620000/10970295 (78.5758%)
entry 8624000/10970295 (78.6123%)
entry 8625000/10970295 (78.6214%)
entry 8626000/10970295 (78.6305%)
entry 8627000/10970295 (78.6396%)
entry 8633000/10970295 (78.6943%)
entry 8634000/10970295 (78.7034%)
entry 8636000/10970295 (78.7217%)
entry 8638000/10970295 (78.7399%)
entry 8639000/10970295 (78.749%)
entry 8643000/10970295 (78.7855%)
entry 8647000/10970295 (78.8219%)
entry 8648000/10970295 (78.8311%)
entry 8649000/10970295 (78.8402%)
entry 8652000/10970295 (78.8675%)
entry 8654000/10970295 (78.8858%)
entry 8660000/10970295 (78.9404%)
entry 8663000/10970295 (78.9678%)
entry 8666000/10970295 (78.9951%)
entry 8670000/10970295 (79.0316%)
entry 8671000/10970295 (79.0407%)
entry 8672000/10970295 (79.0498%)
entry 8678000/10970295 (79.1045%)
entry 8679000/10970295 (79.1136%)
entry 8683000/10970295 (79.1501%)
entry 8684000/10970295 (79.1592%)
entry 8688000/10970295 (79.1957%)
entry 8690000/10970295 (79.2139%)
entry 8692000/10970295 (79.2321%)
entry 8693000/10970295 (79.2413%)
entry 8694000/10970295 (79.2504%)
entry 8697000/10970295 (79.2777%)
entry 8699000/10970295 (79.296%)
entry 8704000/10970295 (79.3415%)
entry 8705000/10970295 (79.3506%)
entry 8712000/10970295 (79.4145%)
entry 8713000/10970295 (79.4236%)
entry 8715000/10970295 (79.4418%)
entry 8719000/10970295 (79.4783%)
entry 8726000/10970295 (79.5421%)
entry 8732000/10970295 (79.5968%)
entry 8734000/10970295 (79.615%)
entry 8735000/10970295 (79.6241%)
entry 8736000/10970295 (79.6332%)
entry 8739000/10970295 (79.6606%)
entry 8740000/10970295 (79.6697%)
entry 8741000/10970295 (79.6788%)
entry 8744000/10970295 (79.7062%)
entry 8746000/10970295 (79.7244%)
entry 8750000/10970295 (79.7608%)
entry 8752000/10970295 (79.7791%)
entry 8753000/10970295 (79.7882%)
entry 8754000/10970295 (79.7973%)
entry 8755000/10970295 (79.8064%)
entry 8758000/10970295 (79.8338%)
entry 8760000/10970295 (79.852%)
entry 8761000/10970295 (79.8611%)
entry 8763000/10970295 (79.8793%)
entry 8765000/10970295 (79.8976%)
entry 8768000/10970295 (79.9249%)
entry 8774000/10970295 (79.9796%)
entry 8776000/10970295 (79.9978%)
entry 8777000/10970295 (80.007%)
entry 8779000/10970295 (80.0252%)
entry 8780000/10970295 (80.0343%)
entry 8787000/10970295 (80.0981%)
entry 8795000/10970295 (80.171%)
entry 8801000/10970295 (80.2257%)
entry 8804000/10970295 (80.2531%)
entry 8805000/10970295 (80.2622%)
entry 8807000/10970295 (80.2804%)
entry 8808000/10970295 (80.2895%)
entry 8809000/10970295 (80.2987%)
entry 8811000/10970295 (80.3169%)
entry 8814000/10970295 (80.3442%)
entry 8816000/10970295 (80.3625%)
entry 8819000/10970295 (80.3898%)
entry 8821000/10970295 (80.408%)
entry 8829000/10970295 (80.481%)
entry 8832000/10970295 (80.5083%)
entry 8838000/10970295 (80.563%)
entry 8842000/10970295 (80.5995%)
entry 8843000/10970295 (80.6086%)
entry 8844000/10970295 (80.6177%)
entry 8846000/10970295 (80.6359%)
entry 8847000/10970295 (80.645%)
entry 8849000/10970295 (80.6633%)
entry 8850000/10970295 (80.6724%)
entry 8851000/10970295 (80.6815%)
entry 8852000/10970295 (80.6906%)
entry 8853000/10970295 (80.6997%)
entry 8854000/10970295 (80.7089%)
entry 8855000/10970295 (80.718%)
entry 8856000/10970295 (80.7271%)
entry 8857000/10970295 (80.7362%)
entry 8858000/10970295 (80.7453%)
entry 8864000/10970295 (80.8%)
entry 8865000/10970295 (80.8091%)
entry 8866000/10970295 (80.8182%)
entry 8868000/10970295 (80.8365%)
entry 8871000/10970295 (80.8638%)
entry 8873000/10970295 (80.8821%)
entry 8881000/10970295 (80.955%)
entry 8882000/10970295 (80.9641%)
entry 8888000/10970295 (81.0188%)
entry 8900000/10970295 (81.1282%)
entry 8901000/10970295 (81.1373%)
entry 8902000/10970295 (81.1464%)
entry 8903000/10970295 (81.1555%)
entry 8904000/10970295 (81.1646%)
entry 8906000/10970295 (81.1829%)
entry 8912000/10970295 (81.2376%)
entry 8914000/10970295 (81.2558%)
entry 8920000/10970295 (81.3105%)
entry 8922000/10970295 (81.3287%)
entry 8925000/10970295 (81.3561%)
entry 8931000/10970295 (81.4108%)
entry 8932000/10970295 (81.4199%)
entry 8936000/10970295 (81.4563%)
entry 8937000/10970295 (81.4654%)
entry 8939000/10970295 (81.4837%)
entry 8941000/10970295 (81.5019%)
entry 8945000/10970295 (81.5384%)
entry 8947000/10970295 (81.5566%)
entry 8950000/10970295 (81.584%)
entry 8951000/10970295 (81.5931%)
entry 8953000/10970295 (81.6113%)
entry 8962000/10970295 (81.6933%)
entry 8963000/10970295 (81.7025%)
entry 8964000/10970295 (81.7116%)
entry 8967000/10970295 (81.7389%)
entry 8968000/10970295 (81.748%)
entry 8969000/10970295 (81.7571%)
entry 8970000/10970295 (81.7663%)
entry 8975000/10970295 (81.8118%)
entry 8977000/10970295 (81.8301%)
entry 8979000/10970295 (81.8483%)
entry 8981000/10970295 (81.8665%)
entry 8987000/10970295 (81.9212%)
entry 8989000/10970295 (81.9395%)
entry 8990000/10970295 (81.9486%)
entry 8991000/10970295 (81.9577%)
entry 8992000/10970295 (81.9668%)
entry 8996000/10970295 (82.0033%)
entry 9000000/10970295 (82.0397%)
entry 9004000/10970295 (82.0762%)
entry 9006000/10970295 (82.0944%)
entry 9009000/10970295 (82.1218%)
entry 9011000/10970295 (82.14%)
entry 9018000/10970295 (82.2038%)
entry 9021000/10970295 (82.2312%)
entry 9022000/10970295 (82.2403%)
entry 9024000/10970295 (82.2585%)
entry 9027000/10970295 (82.2858%)
entry 9028000/10970295 (82.295%)
entry 9029000/10970295 (82.3041%)
entry 9032000/10970295 (82.3314%)
entry 9033000/10970295 (82.3405%)
entry 9034000/10970295 (82.3497%)
entry 9035000/10970295 (82.3588%)
entry 9037000/10970295 (82.377%)
entry 9039000/10970295 (82.3952%)
entry 9045000/10970295 (82.4499%)
entry 9046000/10970295 (82.459%)
entry 9048000/10970295 (82.4773%)
entry 9051000/10970295 (82.5046%)
entry 9056000/10970295 (82.5502%)
entry 9061000/10970295 (82.5958%)
entry 9063000/10970295 (82.614%)
entry 9065000/10970295 (82.6322%)
entry 9068000/10970295 (82.6596%)
entry 9071000/10970295 (82.6869%)
entry 9074000/10970295 (82.7143%)
entry 9076000/10970295 (82.7325%)
entry 9077000/10970295 (82.7416%)
entry 9078000/10970295 (82.7507%)
entry 9084000/10970295 (82.8054%)
entry 9088000/10970295 (82.8419%)
entry 9089000/10970295 (82.851%)
entry 9091000/10970295 (82.8692%)
entry 9093000/10970295 (82.8875%)
entry 9097000/10970295 (82.9239%)
entry 9098000/10970295 (82.9331%)
entry 9099000/10970295 (82.9422%)
entry 9101000/10970295 (82.9604%)
entry 9104000/10970295 (82.9877%)
entry 9107000/10970295 (83.0151%)
entry 9110000/10970295 (83.0424%)
entry 9115000/10970295 (83.088%)
entry 9120000/10970295 (83.1336%)
entry 9121000/10970295 (83.1427%)
entry 9123000/10970295 (83.1609%)
entry 9124000/10970295 (83.1701%)
entry 9128000/10970295 (83.2065%)
entry 9130000/10970295 (83.2247%)
entry 9132000/10970295 (83.243%)
entry 9136000/10970295 (83.2794%)
entry 9138000/10970295 (83.2977%)
entry 9139000/10970295 (83.3068%)
entry 9140000/10970295 (83.3159%)
entry 9143000/10970295 (83.3432%)
entry 9148000/10970295 (83.3888%)
entry 9153000/10970295 (83.4344%)
entry 9154000/10970295 (83.4435%)
entry 9157000/10970295 (83.4709%)
entry 9158000/10970295 (83.48%)
entry 9163000/10970295 (83.5256%)
entry 9165000/10970295 (83.5438%)
entry 9166000/10970295 (83.5529%)
entry 9167000/10970295 (83.562%)
entry 9171000/10970295 (83.5985%)
entry 9174000/10970295 (83.6258%)
entry 9176000/10970295 (83.6441%)
entry 9181000/10970295 (83.6896%)
entry 9182000/10970295 (83.6987%)
entry 9185000/10970295 (83.7261%)
entry 9186000/10970295 (83.7352%)
entry 9188000/10970295 (83.7534%)
entry 9195000/10970295 (83.8173%)
entry 9200000/10970295 (83.8628%)
entry 9201000/10970295 (83.8719%)
entry 9204000/10970295 (83.8993%)
entry 9207000/10970295 (83.9266%)
entry 9212000/10970295 (83.9722%)
entry 9215000/10970295 (83.9996%)
entry 9217000/10970295 (84.0178%)
entry 9220000/10970295 (84.0451%)
entry 9221000/10970295 (84.0543%)
entry 9227000/10970295 (84.1089%)
entry 9228000/10970295 (84.1181%)
entry 9229000/10970295 (84.1272%)
entry 9233000/10970295 (84.1636%)
entry 9236000/10970295 (84.191%)
entry 9238000/10970295 (84.2092%)
entry 9240000/10970295 (84.2275%)
entry 9241000/10970295 (84.2366%)
entry 9245000/10970295 (84.273%)
entry 9247000/10970295 (84.2913%)
entry 9250000/10970295 (84.3186%)
entry 9251000/10970295 (84.3277%)
entry 9252000/10970295 (84.3368%)
entry 9259000/10970295 (84.4006%)
entry 9260000/10970295 (84.4098%)
entry 9264000/10970295 (84.4462%)
entry 9269000/10970295 (84.4918%)
entry 9270000/10970295 (84.5009%)
entry 9277000/10970295 (84.5647%)
entry 9286000/10970295 (84.6468%)
entry 9288000/10970295 (84.665%)
entry 9289000/10970295 (84.6741%)
entry 9291000/10970295 (84.6923%)
entry 9294000/10970295 (84.7197%)
entry 9302000/10970295 (84.7926%)
entry 9306000/10970295 (84.8291%)
entry 9307000/10970295 (84.8382%)
entry 9308000/10970295 (84.8473%)
entry 9309000/10970295 (84.8564%)
entry 9310000/10970295 (84.8655%)
entry 9313000/10970295 (84.8929%)
entry 9315000/10970295 (84.9111%)
entry 9316000/10970295 (84.9202%)
entry 9318000/10970295 (84.9385%)
entry 9319000/10970295 (84.9476%)
entry 9320000/10970295 (84.9567%)
entry 9324000/10970295 (84.9932%)
entry 9325000/10970295 (85.0023%)
entry 9327000/10970295 (85.0205%)
entry 9328000/10970295 (85.0296%)
entry 9329000/10970295 (85.0387%)
entry 9330000/10970295 (85.0478%)
entry 9331000/10970295 (85.057%)
entry 9333000/10970295 (85.0752%)
entry 9335000/10970295 (85.0934%)
entry 9336000/10970295 (85.1025%)
entry 9340000/10970295 (85.139%)
entry 9341000/10970295 (85.1481%)
entry 9346000/10970295 (85.1937%)
entry 9347000/10970295 (85.2028%)
entry 9348000/10970295 (85.2119%)
entry 9361000/10970295 (85.3304%)
entry 9362000/10970295 (85.3395%)
entry 9363000/10970295 (85.3487%)
entry 9364000/10970295 (85.3578%)
entry 9367000/10970295 (85.3851%)
entry 9368000/10970295 (85.3942%)
entry 9369000/10970295 (85.4034%)
entry 9370000/10970295 (85.4125%)
entry 9371000/10970295 (85.4216%)
entry 9374000/10970295 (85.4489%)
entry 9377000/10970295 (85.4763%)
entry 9384000/10970295 (85.5401%)
entry 9385000/10970295 (85.5492%)
entry 9388000/10970295 (85.5766%)
entry 9390000/10970295 (85.5948%)
entry 9392000/10970295 (85.613%)
entry 9394000/10970295 (85.6312%)
entry 9396000/10970295 (85.6495%)
entry 9405000/10970295 (85.7315%)
entry 9407000/10970295 (85.7497%)
entry 9410000/10970295 (85.7771%)
entry 9413000/10970295 (85.8044%)
entry 9414000/10970295 (85.8136%)
entry 9415000/10970295 (85.8227%)
entry 9417000/10970295 (85.8409%)
entry 9418000/10970295 (85.85%)
entry 9419000/10970295 (85.8591%)
entry 9423000/10970295 (85.8956%)
entry 9425000/10970295 (85.9138%)
entry 9431000/10970295 (85.9685%)
entry 9432000/10970295 (85.9776%)
entry 9434000/10970295 (85.9959%)
entry 9435000/10970295 (86.005%)
entry 9437000/10970295 (86.0232%)
entry 9438000/10970295 (86.0323%)
entry 9446000/10970295 (86.1053%)
entry 9448000/10970295 (86.1235%)
entry 9451000/10970295 (86.1508%)
entry 9453000/10970295 (86.1691%)
entry 9455000/10970295 (86.1873%)
entry 9457000/10970295 (86.2055%)
entry 9458000/10970295 (86.2146%)
entry 9464000/10970295 (86.2693%)
entry 9465000/10970295 (86.2784%)
entry 9467000/10970295 (86.2967%)
entry 9469000/10970295 (86.3149%)
entry 9470000/10970295 (86.324%)
entry 9473000/10970295 (86.3514%)
entry 9474000/10970295 (86.3605%)
entry 9475000/10970295 (86.3696%)
entry 9477000/10970295 (86.3878%)
entry 9478000/10970295 (86.3969%)
entry 9479000/10970295 (86.4061%)
entry 9480000/10970295 (86.4152%)
entry 9481000/10970295 (86.4243%)
entry 9486000/10970295 (86.4699%)
entry 9492000/10970295 (86.5246%)
entry 9495000/10970295 (86.5519%)
entry 9496000/10970295 (86.561%)
entry 9498000/10970295 (86.5793%)
entry 9500000/10970295 (86.5975%)
entry 9502000/10970295 (86.6157%)
entry 9503000/10970295 (86.6248%)
entry 9508000/10970295 (86.6704%)
entry 9512000/10970295 (86.7069%)
entry 9515000/10970295 (86.7342%)
entry 9517000/10970295 (86.7525%)
entry 9522000/10970295 (86.798%)
entry 9523000/10970295 (86.8071%)
entry 9524000/10970295 (86.8163%)
entry 9534000/10970295 (86.9074%)
entry 9537000/10970295 (86.9348%)
entry 9539000/10970295 (86.953%)
entry 9540000/10970295 (86.9621%)
entry 9542000/10970295 (86.9803%)
entry 9546000/10970295 (87.0168%)
entry 9550000/10970295 (87.0533%)
entry 9551000/10970295 (87.0624%)
entry 9552000/10970295 (87.0715%)
entry 9554000/10970295 (87.0897%)
entry 9556000/10970295 (87.108%)
entry 9558000/10970295 (87.1262%)
entry 9561000/10970295 (87.1535%)
entry 9562000/10970295 (87.1626%)
entry 9565000/10970295 (87.19%)
entry 9567000/10970295 (87.2082%)
entry 9571000/10970295 (87.2447%)
entry 9572000/10970295 (87.2538%)
entry 9575000/10970295 (87.2812%)
entry 9581000/10970295 (87.3358%)
entry 9585000/10970295 (87.3723%)
entry 9589000/10970295 (87.4088%)
entry 9592000/10970295 (87.4361%)
entry 9593000/10970295 (87.4452%)
entry 9594000/10970295 (87.4543%)
entry 9596000/10970295 (87.4726%)
entry 9599000/10970295 (87.4999%)
entry 9601000/10970295 (87.5182%)
entry 9602000/10970295 (87.5273%)
entry 9613000/10970295 (87.6275%)
entry 9616000/10970295 (87.6549%)
entry 9620000/10970295 (87.6914%)
entry 9621000/10970295 (87.7005%)
entry 9626000/10970295 (87.746%)
entry 9636000/10970295 (87.8372%)
entry 9639000/10970295 (87.8645%)
entry 9642000/10970295 (87.8919%)
entry 9649000/10970295 (87.9557%)
entry 9650000/10970295 (87.9648%)
entry 9654000/10970295 (88.0013%)
entry 9657000/10970295 (88.0286%)
entry 9658000/10970295 (88.0377%)
entry 9660000/10970295 (88.056%)
entry 9661000/10970295 (88.0651%)
entry 9662000/10970295 (88.0742%)
entry 9667000/10970295 (88.1198%)
entry 9676000/10970295 (88.2018%)
entry 9677000/10970295 (88.2109%)
entry 9681000/10970295 (88.2474%)
entry 9682000/10970295 (88.2565%)
entry 9683000/10970295 (88.2656%)
entry 9688000/10970295 (88.3112%)
entry 9692000/10970295 (88.3477%)
entry 9695000/10970295 (88.375%)
entry 9704000/10970295 (88.4571%)
entry 9705000/10970295 (88.4662%)
entry 9712000/10970295 (88.53%)
entry 9713000/10970295 (88.5391%)
entry 9723000/10970295 (88.6303%)
entry 9733000/10970295 (88.7214%)
entry 9735000/10970295 (88.7396%)
entry 9736000/10970295 (88.7488%)
entry 9737000/10970295 (88.7579%)
entry 9740000/10970295 (88.7852%)
entry 9741000/10970295 (88.7943%)
entry 9745000/10970295 (88.8308%)
entry 9746000/10970295 (88.8399%)
entry 9747000/10970295 (88.849%)
entry 9755000/10970295 (88.9219%)
entry 9757000/10970295 (88.9402%)
entry 9758000/10970295 (88.9493%)
entry 9759000/10970295 (88.9584%)
entry 9760000/10970295 (88.9675%)
entry 9761000/10970295 (88.9766%)
entry 9769000/10970295 (89.0496%)
entry 9772000/10970295 (89.0769%)
entry 9773000/10970295 (89.086%)
entry 9779000/10970295 (89.1407%)
entry 9783000/10970295 (89.1772%)
entry 9786000/10970295 (89.2045%)
entry 9788000/10970295 (89.2228%)
entry 9789000/10970295 (89.2319%)
entry 9790000/10970295 (89.241%)
entry 9792000/10970295 (89.2592%)
entry 9795000/10970295 (89.2866%)
entry 9796000/10970295 (89.2957%)
entry 9797000/10970295 (89.3048%)
entry 9799000/10970295 (89.323%)
entry 9800000/10970295 (89.3321%)
entry 9801000/10970295 (89.3413%)
entry 9802000/10970295 (89.3504%)
entry 9805000/10970295 (89.3777%)
entry 9806000/10970295 (89.3868%)
entry 9811000/10970295 (89.4324%)
entry 9816000/10970295 (89.478%)
entry 9818000/10970295 (89.4962%)
entry 9819000/10970295 (89.5053%)
entry 9820000/10970295 (89.5145%)
entry 9821000/10970295 (89.5236%)
entry 9823000/10970295 (89.5418%)
entry 9825000/10970295 (89.56%)
entry 9829000/10970295 (89.5965%)
entry 9833000/10970295 (89.633%)
entry 9837000/10970295 (89.6694%)
entry 9840000/10970295 (89.6968%)
entry 9848000/10970295 (89.7697%)
entry 9850000/10970295 (89.7879%)
entry 9856000/10970295 (89.8426%)
entry 9857000/10970295 (89.8517%)
entry 9859000/10970295 (89.87%)
entry 9862000/10970295 (89.8973%)
entry 9867000/10970295 (89.9429%)
entry 9870000/10970295 (89.9702%)
entry 9874000/10970295 (90.0067%)
entry 9878000/10970295 (90.0432%)
entry 9881000/10970295 (90.0705%)
entry 9883000/10970295 (90.0887%)
entry 9888000/10970295 (90.1343%)
entry 9895000/10970295 (90.1981%)
entry 9898000/10970295 (90.2255%)
entry 9900000/10970295 (90.2437%)
entry 9901000/10970295 (90.2528%)
entry 9903000/10970295 (90.271%)
entry 9904000/10970295 (90.2802%)
entry 9909000/10970295 (90.3257%)
entry 9911000/10970295 (90.344%)
entry 9913000/10970295 (90.3622%)
entry 9915000/10970295 (90.3804%)
entry 9920000/10970295 (90.426%)
entry 9921000/10970295 (90.4351%)
entry 9922000/10970295 (90.4442%)
entry 9925000/10970295 (90.4716%)
entry 9929000/10970295 (90.508%)
entry 9930000/10970295 (90.5172%)
entry 9932000/10970295 (90.5354%)
entry 9934000/10970295 (90.5536%)
entry 9938000/10970295 (90.5901%)
entry 9940000/10970295 (90.6083%)
entry 9941000/10970295 (90.6174%)
entry 9949000/10970295 (90.6904%)
entry 9950000/10970295 (90.6995%)
entry 9951000/10970295 (90.7086%)
entry 9952000/10970295 (90.7177%)
entry 9955000/10970295 (90.7451%)
entry 9958000/10970295 (90.7724%)
entry 9967000/10970295 (90.8544%)
entry 9968000/10970295 (90.8636%)
entry 9971000/10970295 (90.8909%)
entry 9973000/10970295 (90.9091%)
entry 9974000/10970295 (90.9182%)
entry 9978000/10970295 (90.9547%)
entry 9981000/10970295 (90.9821%)
entry 9983000/10970295 (91.0003%)
entry 9985000/10970295 (91.0185%)
entry 9987000/10970295 (91.0367%)
entry 9989000/10970295 (91.055%)
entry 9990000/10970295 (91.0641%)
entry 9991000/10970295 (91.0732%)
entry 9993000/10970295 (91.0914%)
entry 9994000/10970295 (91.1006%)
entry 9996000/10970295 (91.1188%)
entry 9997000/10970295 (91.1279%)
entry 10009000/10970295 (91.2373%)
entry 10010000/10970295 (91.2464%)
entry 10017000/10970295 (91.3102%)
entry 10018000/10970295 (91.3193%)
entry 10020000/10970295 (91.3376%)
entry 10022000/10970295 (91.3558%)
entry 10025000/10970295 (91.3831%)
entry 10031000/10970295 (91.4378%)
entry 10035000/10970295 (91.4743%)
entry 10038000/10970295 (91.5016%)
entry 10041000/10970295 (91.529%)
entry 10044000/10970295 (91.5563%)
entry 10045000/10970295 (91.5654%)
entry 10046000/10970295 (91.5746%)
entry 10053000/10970295 (91.6384%)
entry 10056000/10970295 (91.6657%)
entry 10058000/10970295 (91.684%)
entry 10060000/10970295 (91.7022%)
entry 10063000/10970295 (91.7295%)
entry 10067000/10970295 (91.766%)
entry 10071000/10970295 (91.8025%)
entry 10072000/10970295 (91.8116%)
entry 10075000/10970295 (91.8389%)
entry 10076000/10970295 (91.848%)
entry 10080000/10970295 (91.8845%)
entry 10083000/10970295 (91.9118%)
entry 10084000/10970295 (91.921%)
entry 10085000/10970295 (91.9301%)
entry 10093000/10970295 (92.003%)
entry 10094000/10970295 (92.0121%)
entry 10096000/10970295 (92.0303%)
entry 10102000/10970295 (92.085%)
entry 10104000/10970295 (92.1033%)
entry 10106000/10970295 (92.1215%)
entry 10108000/10970295 (92.1397%)
entry 10111000/10970295 (92.1671%)
entry 10113000/10970295 (92.1853%)
entry 10114000/10970295 (92.1944%)
entry 10118000/10970295 (92.2309%)
entry 10121000/10970295 (92.2582%)
entry 10131000/10970295 (92.3494%)
entry 10135000/10970295 (92.3858%)
entry 10137000/10970295 (92.4041%)
entry 10138000/10970295 (92.4132%)
entry 10139000/10970295 (92.4223%)
entry 10140000/10970295 (92.4314%)
entry 10142000/10970295 (92.4497%)
entry 10146000/10970295 (92.4861%)
entry 10151000/10970295 (92.5317%)
entry 10155000/10970295 (92.5682%)
entry 10159000/10970295 (92.6046%)
entry 10160000/10970295 (92.6137%)
entry 10162000/10970295 (92.632%)
entry 10163000/10970295 (92.6411%)
entry 10164000/10970295 (92.6502%)
entry 10165000/10970295 (92.6593%)
entry 10166000/10970295 (92.6684%)
entry 10168000/10970295 (92.6867%)
entry 10170000/10970295 (92.7049%)
entry 10174000/10970295 (92.7414%)
entry 10177000/10970295 (92.7687%)
entry 10178000/10970295 (92.7778%)
entry 10183000/10970295 (92.8234%)
entry 10184000/10970295 (92.8325%)
entry 10186000/10970295 (92.8507%)
entry 10193000/10970295 (92.9145%)
entry 10194000/10970295 (92.9237%)
entry 10195000/10970295 (92.9328%)
entry 10196000/10970295 (92.9419%)
entry 10198000/10970295 (92.9601%)
entry 10199000/10970295 (92.9692%)
entry 10201000/10970295 (92.9875%)
entry 10203000/10970295 (93.0057%)
entry 10232000/10970295 (93.2701%)
entry 10233000/10970295 (93.2792%)
entry 10246000/10970295 (93.3977%)
entry 10250000/10970295 (93.4341%)
entry 10251000/10970295 (93.4433%)
entry 10253000/10970295 (93.4615%)
entry 10254000/10970295 (93.4706%)
entry 10260000/10970295 (93.5253%)
entry 10263000/10970295 (93.5526%)
entry 10266000/10970295 (93.58%)
entry 10268000/10970295 (93.5982%)
entry 10269000/10970295 (93.6073%)
entry 10270000/10970295 (93.6164%)
entry 10283000/10970295 (93.7349%)
entry 10284000/10970295 (93.7441%)
entry 10287000/10970295 (93.7714%)
entry 10288000/10970295 (93.7805%)
entry 10294000/10970295 (93.8352%)
entry 10296000/10970295 (93.8534%)
entry 10302000/10970295 (93.9081%)
entry 10306000/10970295 (93.9446%)
entry 10307000/10970295 (93.9537%)
entry 10308000/10970295 (93.9628%)
entry 10312000/10970295 (93.9993%)
entry 10315000/10970295 (94.0266%)
entry 10317000/10970295 (94.0449%)
entry 10319000/10970295 (94.0631%)
entry 10320000/10970295 (94.0722%)
entry 10323000/10970295 (94.0996%)
entry 10329000/10970295 (94.1543%)
entry 10330000/10970295 (94.1634%)
entry 10334000/10970295 (94.1998%)
entry 10336000/10970295 (94.2181%)
entry 10341000/10970295 (94.2636%)
entry 10342000/10970295 (94.2728%)
entry 10343000/10970295 (94.2819%)
entry 10348000/10970295 (94.3275%)
entry 10349000/10970295 (94.3366%)
entry 10352000/10970295 (94.3639%)
entry 10355000/10970295 (94.3913%)
entry 10366000/10970295 (94.4915%)
entry 10368000/10970295 (94.5098%)
entry 10369000/10970295 (94.5189%)
entry 10372000/10970295 (94.5462%)
entry 10374000/10970295 (94.5645%)
entry 10375000/10970295 (94.5736%)
entry 10378000/10970295 (94.6009%)
entry 10381000/10970295 (94.6283%)
entry 10382000/10970295 (94.6374%)
entry 10388000/10970295 (94.6921%)
entry 10391000/10970295 (94.7194%)
entry 10396000/10970295 (94.765%)
entry 10400000/10970295 (94.8015%)
entry 10401000/10970295 (94.8106%)
entry 10402000/10970295 (94.8197%)
entry 10414000/10970295 (94.9291%)
entry 10424000/10970295 (95.0202%)
entry 10427000/10970295 (95.0476%)
entry 10428000/10970295 (95.0567%)
entry 10431000/10970295 (95.084%)
entry 10432000/10970295 (95.0932%)
entry 10433000/10970295 (95.1023%)
entry 10435000/10970295 (95.1205%)
entry 10436000/10970295 (95.1296%)
entry 10438000/10970295 (95.1479%)
entry 10441000/10970295 (95.1752%)
entry 10443000/10970295 (95.1934%)
entry 10444000/10970295 (95.2025%)
entry 10446000/10970295 (95.2208%)
entry 10448000/10970295 (95.239%)
entry 10449000/10970295 (95.2481%)
entry 10450000/10970295 (95.2572%)
entry 10451000/10970295 (95.2664%)
entry 10454000/10970295 (95.2937%)
entry 10458000/10970295 (95.3302%)
entry 10461000/10970295 (95.3575%)
entry 10462000/10970295 (95.3666%)
entry 10467000/10970295 (95.4122%)
entry 10468000/10970295 (95.4213%)
entry 10470000/10970295 (95.4395%)
entry 10473000/10970295 (95.4669%)
entry 10474000/10970295 (95.476%)
entry 10478000/10970295 (95.5125%)
entry 10480000/10970295 (95.5307%)
entry 10483000/10970295 (95.558%)
entry 10486000/10970295 (95.5854%)
entry 10491000/10970295 (95.631%)
entry 10497000/10970295 (95.6857%)
entry 10501000/10970295 (95.7221%)
entry 10502000/10970295 (95.7312%)
entry 10503000/10970295 (95.7404%)
entry 10504000/10970295 (95.7495%)
entry 10505000/10970295 (95.7586%)
entry 10508000/10970295 (95.7859%)
entry 10511000/10970295 (95.8133%)
entry 10515000/10970295 (95.8497%)
entry 10519000/10970295 (95.8862%)
entry 10521000/10970295 (95.9044%)
entry 10522000/10970295 (95.9136%)
entry 10523000/10970295 (95.9227%)
entry 10527000/10970295 (95.9591%)
entry 10529000/10970295 (95.9774%)
entry 10530000/10970295 (95.9865%)
entry 10531000/10970295 (95.9956%)
entry 10534000/10970295 (96.0229%)
entry 10535000/10970295 (96.0321%)
entry 10536000/10970295 (96.0412%)
entry 10540000/10970295 (96.0776%)
entry 10542000/10970295 (96.0959%)
entry 10546000/10970295 (96.1323%)
entry 10548000/10970295 (96.1506%)
entry 10551000/10970295 (96.1779%)
entry 10557000/10970295 (96.2326%)
entry 10559000/10970295 (96.2508%)
entry 10561000/10970295 (96.2691%)
entry 10563000/10970295 (96.2873%)
entry 10566000/10970295 (96.3146%)
entry 10568000/10970295 (96.3329%)
entry 10573000/10970295 (96.3784%)
entry 10577000/10970295 (96.4149%)
entry 10579000/10970295 (96.4331%)
entry 10583000/10970295 (96.4696%)
entry 10585000/10970295 (96.4878%)
entry 10586000/10970295 (96.497%)
entry 10587000/10970295 (96.5061%)
entry 10591000/10970295 (96.5425%)
entry 10592000/10970295 (96.5516%)
entry 10595000/10970295 (96.579%)
entry 10602000/10970295 (96.6428%)
entry 10603000/10970295 (96.6519%)
entry 10607000/10970295 (96.6884%)
entry 10609000/10970295 (96.7066%)
entry 10613000/10970295 (96.7431%)
entry 10615000/10970295 (96.7613%)
entry 10621000/10970295 (96.816%)
entry 10623000/10970295 (96.8342%)
entry 10624000/10970295 (96.8433%)
entry 10626000/10970295 (96.8616%)
entry 10627000/10970295 (96.8707%)
entry 10628000/10970295 (96.8798%)
entry 10631000/10970295 (96.9072%)
entry 10634000/10970295 (96.9345%)
entry 10635000/10970295 (96.9436%)
entry 10638000/10970295 (96.971%)
entry 10644000/10970295 (97.0257%)
entry 10645000/10970295 (97.0348%)
entry 10646000/10970295 (97.0439%)
entry 10648000/10970295 (97.0621%)
entry 10649000/10970295 (97.0712%)
entry 10653000/10970295 (97.1077%)
entry 10654000/10970295 (97.1168%)
entry 10657000/10970295 (97.1442%)
entry 10660000/10970295 (97.1715%)
entry 10664000/10970295 (97.208%)
entry 10667000/10970295 (97.2353%)
entry 10669000/10970295 (97.2535%)
entry 10670000/10970295 (97.2627%)
entry 10671000/10970295 (97.2718%)
entry 10673000/10970295 (97.29%)
entry 10674000/10970295 (97.2991%)
entry 10675000/10970295 (97.3082%)
entry 10680000/10970295 (97.3538%)
entry 10689000/10970295 (97.4358%)
entry 10699000/10970295 (97.527%)
entry 10701000/10970295 (97.5452%)
entry 10702000/10970295 (97.5543%)
entry 10705000/10970295 (97.5817%)
entry 10708000/10970295 (97.609%)
entry 10709000/10970295 (97.6182%)
entry 10710000/10970295 (97.6273%)
entry 10713000/10970295 (97.6546%)
entry 10714000/10970295 (97.6637%)
entry 10722000/10970295 (97.7367%)
entry 10726000/10970295 (97.7731%)
entry 10730000/10970295 (97.8096%)
entry 10733000/10970295 (97.8369%)
entry 10734000/10970295 (97.846%)
entry 10737000/10970295 (97.8734%)
entry 10739000/10970295 (97.8916%)
entry 10742000/10970295 (97.919%)
entry 10749000/10970295 (97.9828%)
entry 10752000/10970295 (98.0101%)
entry 10762000/10970295 (98.1013%)
entry 10768000/10970295 (98.156%)
entry 10769000/10970295 (98.1651%)
entry 10770000/10970295 (98.1742%)
entry 10772000/10970295 (98.1924%)
entry 10779000/10970295 (98.2562%)
entry 10783000/10970295 (98.2927%)
entry 10786000/10970295 (98.3201%)
entry 10789000/10970295 (98.3474%)
entry 10791000/10970295 (98.3656%)
entry 10795000/10970295 (98.4021%)
entry 10799000/10970295 (98.4386%)
entry 10803000/10970295 (98.475%)
entry 10806000/10970295 (98.5024%)
entry 10807000/10970295 (98.5115%)
entry 10808000/10970295 (98.5206%)
entry 10809000/10970295 (98.5297%)
entry 10810000/10970295 (98.5388%)
entry 10811000/10970295 (98.5479%)
entry 10812000/10970295 (98.5571%)
entry 10814000/10970295 (98.5753%)
entry 10816000/10970295 (98.5935%)
entry 10817000/10970295 (98.6026%)
entry 10818000/10970295 (98.6117%)
entry 10820000/10970295 (98.63%)
entry 10824000/10970295 (98.6664%)
entry 10827000/10970295 (98.6938%)
entry 10842000/10970295 (98.8305%)
entry 10843000/10970295 (98.8396%)
entry 10844000/10970295 (98.8488%)
entry 10846000/10970295 (98.867%)
entry 10855000/10970295 (98.949%)
entry 10859000/10970295 (98.9855%)
entry 10861000/10970295 (99.0037%)
entry 10862000/10970295 (99.0128%)
entry 10863000/10970295 (99.0219%)
entry 10865000/10970295 (99.0402%)
entry 10866000/10970295 (99.0493%)
entry 10873000/10970295 (99.1131%)
entry 10874000/10970295 (99.1222%)
entry 10875000/10970295 (99.1313%)
entry 10877000/10970295 (99.1496%)
entry 10880000/10970295 (99.1769%)
entry 10882000/10970295 (99.1951%)
entry 10886000/10970295 (99.2316%)
entry 10890000/10970295 (99.2681%)
entry 10891000/10970295 (99.2772%)
entry 10893000/10970295 (99.2954%)
entry 10895000/10970295 (99.3136%)
entry 10897000/10970295 (99.3319%)
entry 10899000/10970295 (99.3501%)
entry 10908000/10970295 (99.4321%)
entry 10915000/10970295 (99.496%)
entry 10919000/10970295 (99.5324%)
entry 10927000/10970295 (99.6053%)
entry 10931000/10970295 (99.6418%)
entry 10933000/10970295 (99.66%)
entry 10935000/10970295 (99.6783%)
entry 10938000/10970295 (99.7056%)
entry 10939000/10970295 (99.7147%)
entry 10940000/10970295 (99.7238%)
entry 10941000/10970295 (99.733%)
entry 10945000/10970295 (99.7694%)
entry 10946000/10970295 (99.7785%)
entry 10947000/10970295 (99.7877%)
entry 10949000/10970295 (99.8059%)
entry 10953000/10970295 (99.8423%)
entry 10954000/10970295 (99.8515%)
entry 10955000/10970295 (99.8606%)
entry 10960000/10970295 (99.9062%)
entry 10963000/10970295 (99.9335%)
entry 10964000/10970295 (99.9426%)
entry 10965000/10970295 (99.9517%)
entry 10967000/10970295 (99.97%)
entry 10969000/10970295 (99.9882%)
all done
script done
