sphnx1067.sdcc.bnl.gov
rsyncing from /gpfs/mnt/gpfs02/sphenix/user/samfred/run25/ppg11/histmaking
running: /gpfs/mnt/gpfs02/sphenix/user/samfred/run25/ppg11/histmaking/script_data.sh 49019
LD_LIBRARY_PATH now /sphenix/user/samfred/run25/install//lib:/cvmfs/sphenix.sdcc.bnl.gov/alma9.2-gcc-14.2.0/opt/sphenix/core/gcc/14.2.0-2f0a0/x86_64-el9/lib:/cvmfs/sphenix.sdcc.bnl.gov/alma9.2-gcc-14.2.0/opt/sphenix/core/gcc/14.2.0-2f0a0/x86_64-el9/lib64:/cvmfs/sphenix.sdcc.bnl.gov/alma9.2-gcc-14.2.0/opt/sphenix/core/binutils/2.40-acaab/x86_64-el9/lib:.:/cvmfs/sphenix.sdcc.bnl.gov/alma9.2-gcc-14.2.0/release/release_new/new.10/lib64:/cvmfs/sphenix.sdcc.bnl.gov/alma9.2-gcc-14.2.0/release/release_new/new.10/lib:/cvmfs/sphenix.sdcc.bnl.gov/alma9.2-gcc-14.2.0/opt/sphenix/utils/lib:/cvmfs/sphenix.sdcc.bnl.gov/alma9.2-gcc-14.2.0/opt/sphenix/core/lib:/cvmfs/sphenix.sdcc.bnl.gov/alma9.2-gcc-14.2.0/opt/sphenix/core/root-6.32.06/lib:/cvmfs/sphenix.sdcc.bnl.gov/alma9.2-gcc-14.2.0/opt/sphenix/core/geant4.10.07.p04/lib64:/cvmfs/sphenix.sdcc.bnl.gov/alma9.2-gcc-14.2.0/opt/sphenix/core/lhapdf-5.9.1/lib:/usr/local/lib64:/usr/lib64
PATH now /sphenix/user/samfred/run25/install//bin:/cvmfs/sphenix.sdcc.bnl.gov/alma9.2-gcc-14.2.0/opt/sphenix/core/gcc/14.2.0-2f0a0/x86_64-el9/bin:/cvmfs/sphenix.sdcc.bnl.gov/alma9.2-gcc-14.2.0/opt/sphenix/core/binutils/2.40-acaab/x86_64-el9/bin:.:/cvmfs/sphenix.sdcc.bnl.gov/alma9.2-gcc-14.2.0/release/release_new/new.10/bin:/cvmfs/sphenix.sdcc.bnl.gov/alma9.2-gcc-14.2.0/opt/sphenix/utils/bin:/cvmfs/sphenix.sdcc.bnl.gov/alma9.2-gcc-14.2.0/opt/sphenix/core/bin:/cvmfs/sphenix.sdcc.bnl.gov/alma9.2-gcc-14.2.0/opt/sphenix/core/root-6.32.06/bin:/cvmfs/sphenix.sdcc.bnl.gov/alma9.2-gcc-14.2.0/opt/sphenix/core/geant4.10.07.p04/bin:/usr/local/bin:/usr/bin:/usr/local/sbin:/usr/sbin
SINGULARITY_CACHEDIR=/home/condor/local/sphnx/execute/dir_748907
_CONDOR_CHIRP_CONFIG=/home/condor/local/sphnx/execute/dir_748907/.chirp.config
_CONDOR_JOB_IWD=/sphenix/user/samfred/run25/ppg11/histmaking
G4ENSDFSTATEDATA=/cvmfs/sphenix.sdcc.bnl.gov/alma9.2-gcc-14.2.0/opt/sphenix/core/geant4.10.07.p04/share/Geant4-10.7.4/data/G4ENSDFSTATE2.3
_CONDOR_MACHINE_AD=/home/condor/local/sphnx/execute/dir_748907/.machine.ad
ROOT_MAX_THREADS=1
NUMEXPR_NUM_THREADS=1
CUBACORES=1
_CHIRP_DELAYED_UPDATE_PREFIX=Chirp*
OMP_THREAD_LIMIT=1
G4PIIDATA=/cvmfs/sphenix.sdcc.bnl.gov/alma9.2-gcc-14.2.0/opt/sphenix/core/geant4.10.07.p04/share/Geant4-10.7.4/data/G4PII1.3
_CONDOR_ANCESTOR_342012=342047:1756523317:2574259781
NO_AT_BRIDGE=1
G4_MAIN=/cvmfs/sphenix.sdcc.bnl.gov/alma9.2-gcc-14.2.0/opt/sphenix/core/geant4.10.07.p04
COMPILER_PATH=/cvmfs/sphenix.sdcc.bnl.gov/alma9.2-gcc-14.2.0/opt/sphenix/core/gcc/14.2.0-2f0a0/x86_64-el9
_CONDOR_ANCESTOR_342047=748907:1759352696:3801839987
ROOT_INCLUDE_PATH=./:/sphenix/user/samfred/run25/install//include:/sphenix/user/samfred/run25/install//include/caloana:/sphenix/user/samfred/run25/install//include/qa_centrality:/sphenix/user/samfred/run25/install//include/mbdana:/sphenix/user/samfred/run25/install//include/centrality:/sphenix/user/samfred/run25/install//include/Event:/cvmfs/sphenix.sdcc.bnl.gov/alma9.2-gcc-14.2.0/release/release_new/new.10/include:/cvmfs/sphenix.sdcc.bnl.gov/alma9.2-gcc-14.2.0/release/release_new/new.10/include:/cvmfs/sphenix.sdcc.bnl.gov/alma9.2-gcc-14.2.0/release/release_new/new.10/include/g4mbd:/cvmfs/sphenix.sdcc.bnl.gov/alma9.2-gcc-14.2.0/release/release_new/new.10/include/fmt:/cvmfs/sphenix.sdcc.bnl.gov/alma9.2-gcc-14.2.0/release/release_new/new.10/include/ffarawobjects:/cvmfs/sphenix.sdcc.bnl.gov/alma9.2-gcc-14.2.0/release/release_new/new.10/include/JSON:/cvmfs/sphenix.sdcc.bnl.gov/alma9.2-gcc-14.2.0/release/release_new/new.10/include/calotreegen:/cvmfs/sphenix.sdcc.bnl.gov/alma9.2-gcc-14.2.0/release/release_new/new.10/include/torch:/cvmfs/sphenix.sdcc.bnl.gov/alma9.2-gcc-14.2.0/release/release_new/new.10/include/g4detectors:/cvmfs/sphenix.sdcc.bnl.gov/alma9.2-gcc-14.2.0/release/release_new/new.10/include/kineto:/cvmfs/sphenix.sdcc.bnl.gov/alma9.2-gcc-14.2.0/release/release_new/new.10/include/g4decayer:/cvmfs/sphenix.sdcc.bnl.gov/alma9.2-gcc-14.2.0/release/release_new/new.10/include/kfparticleqa:/cvmfs/sphenix.sdcc.bnl.gov/alma9.2-gcc-14.2.0/release/release_new/new.10/include/phfield:/cvmfs/sphenix.sdcc.bnl.gov/alma9.2-gcc-14.2.0/release/release_new/new.10/include/LHAPDF:/cvmfs/sphenix.sdcc.bnl.gov/alma9.2-gcc-14.2.0/release/release_new/new.10/include/readdigitalcurrents:/cvmfs/sphenix.sdcc.bnl.gov/alma9.2-gcc-14.2.0/release/release_new/new.10/include/c10:/cvmfs/sphenix.sdcc.bnl.gov/alma9.2-gcc-14.2.0/release/release_new/new.10/include/calovalid:/cvmfs/sphenix.sdcc.bnl.gov/alma9.2-gcc-14.2.0/release/release_new/new.10/include/oneapi:/cvmfs/sphenix.sdcc.bnl.gov/alma9.2-gcc-14.2.0/release/release_new/new.10/include/DDCond:/cvmfs/sphenix.sdcc.bnl.gov/alma9.2-gcc-14.2.0/release/release_new/new.10/include/g4tracking:/cvmfs/sphenix.sdcc.bnl.gov/alma9.2-gcc-14.2.0/release/release_new/new.10/include/litecaloeval:/cvmfs/sphenix.sdcc.bnl.gov/alma9.2-gcc-14.2.0/release/release_new/new.10/include/g4intt:/cvmfs/sphenix.sdcc.bnl.gov/alma9.2-gcc-14.2.0/release/release_new/new.10/include/phool:/cvmfs/sphenix.sdcc.bnl.gov/alma9.2-gcc-14.2.0/release/release_new/new.10/include/boost:/cvmfs/sphenix.sdcc.bnl.gov/alma9.2-gcc-14.2.0/release/release_new/new.10/include/Pythia8Plugins:/cvmfs/sphenix.sdcc.bnl.gov/alma9.2-gcc-14.2.0/release/release_new/new.10/include/calib_emc_pi0:/cvmfs/sphenix.sdcc.bnl.gov/alma9.2-gcc-14.2.0/release/release_new/new.10/include/hijingflipafterburner:/cvmfs/sphenix.sdcc.bnl.gov/alma9.2-gcc-14.2.0/release/release_new/new.10/include/ffaobjects:/cvmfs/sphenix.sdcc.bnl.gov/alma9.2-gcc-14.2.0/release/release_new/new.10/include/EvtGenBase:/cvmfs/sphenix.sdcc.bnl.gov/alma9.2-gcc-14.2.0/release/release_new/new.10/include/flowafterburner:/cvmfs/sphenix.sdcc.bnl.gov/alma9.2-gcc-14.2.0/release/release_new/new.10/include/google:/cvmfs/sphenix.sdcc.bnl.gov/alma9.2-gcc-14.2.0/release/release_new/new.10/include/g4tpc:/cvmfs/sphenix.sdcc.bnl.gov/alma9.2-gcc-14.2.0/release/release_new/new.10/include/caffe2:/cvmfs/sphenix.sdcc.bnl.gov/alma9.2-gcc-14.2.0/release/release_new/new.10/include/EvtGenExternal:/cvmfs/sphenix.sdcc.bnl.gov/alma9.2-gcc-14.2.0/release/release_new/new.10/include/fp16:/cvmfs/sphenix.sdcc.bnl.gov/alma9.2-gcc-14.2.0/release/release_new/new.10/include/ffamodules:/cvmfs/sphenix.sdcc.bnl.gov/alma9.2-gcc-14.2.0/release/release_new/new.10/include/uspin:/cvmfs/sphenix.sdcc.bnl.gov/alma9.2-gcc-14.2.0/release/release_new/new.10/include/Herwig:/cvmfs/sphenix.sdcc.bnl.gov/alma9.2-gcc-14.2.0/release/release_new/new.10/include/genfitexp:/cvmfs/sphenix.sdcc.bnl.gov/alma9.2-gcc-14.2.0/release/release_new/new.10/include/XML:/cvmfs/sphenix.sdcc.bnl.gov/alma9.2-gcc-14.2.0/release/release_new/new.10/include/fbgemm:/cvmfs/sphenix.sdcc.bnl.gov/alma9.2-gcc-14.2.0/release/release_new/new.10/include/DDAlign:/cvmfs/sphenix.sdcc.bnl.gov/alma9.2-gcc-14.2.0/release/release_new/new.10/include/g4mvtx:/cvmfs/sphenix.sdcc.bnl.gov/alma9.2-gcc-14.2.0/release/release_new/new.10/include/kfparticle_sphenix:/cvmfs/sphenix.sdcc.bnl.gov/alma9.2-gcc-14.2.0/release/release_new/new.10/include/fun4all:/cvmfs/sphenix.sdcc.bnl.gov/alma9.2-gcc-14.2.0/release/release_new/new.10/include/intt:/cvmfs/sphenix.sdcc.bnl.gov/alma9.2-gcc-14.2.0/release/release_new/new.10/include/eventdisplay:/cvmfs/sphenix.sdcc.bnl.gov/alma9.2-gcc-14.2.0/release/release_new/new.10/include/EvtGen:/cvmfs/sphenix.sdcc.bnl.gov/alma9.2-gcc-14.2.0/release/release_new/new.10/include/Evaluator:/cvmfs/sphenix.sdcc.bnl.gov/alma9.2-gcc-14.2.0/release/release_new/new.10/include/tpc:/cvmfs/sphenix.sdcc.bnl.gov/alma9.2-gcc-14.2.0/release/release_new/new.10/include/GenFit:/cvmfs/sphenix.sdcc.bnl.gov/alma9.2-gcc-14.2.0/release/release_new/new.10/include/prototype4:/cvmfs/sphenix.sdcc.bnl.gov/alma9.2-gcc-14.2.0/release/release_new/new.10/include/caloembedding:/cvmfs/sphenix.sdcc.bnl.gov/alma9.2-gcc-14.2.0/release/release_new/new.10/include/EvtGenModels:/cvmfs/sphenix.sdcc.bnl.gov/alma9.2-gcc-14.2.0/release/release_new/new.10/include/fastjet:/cvmfs/sphenix.sdcc.bnl.gov/alma9.2-gcc-14.2.0/release/release_new/new.10/include/DDG4:/cvmfs/sphenix.sdcc.bnl.gov/alma9.2-gcc-14.2.0/release/release_new/new.10/include/mbd:/cvmfs/sphenix.sdcc.bnl.gov/alma9.2-gcc-14.2.0/release/release_new/new.10/include/tbb:/cvmfs/sphenix.sdcc.bnl.gov/alma9.2-gcc-14.2.0/release/release_new/new.10/include/phgeom:/cvmfs/sphenix.sdcc.bnl.gov/alma9.2-gcc-14.2.0/release/release_new/new.10/include/g4epd:/cvmfs/sphenix.sdcc.bnl.gov/alma9.2-gcc-14.2.0/release/release_new/new.10/include/oncal:/cvmfs/sphenix.sdcc.bnl.gov/alma9.2-gcc-14.2.0/release/release_new/new.10/include/pybind11:/cvmfs/sphenix.sdcc.bnl.gov/alma9.2-gcc-14.2.0/release/release_new/new.10/include/tpcdistgenerator:/cvmfs/sphenix.sdcc.bnl.gov/alma9.2-gcc-14.2.0/release/release_new/new.10/include/cdbobjects:/cvmfs/sphenix.sdcc.bnl.gov/alma9.2-gcc-14.2.0/release/release_new/new.10/include/g4micromegas:/cvmfs/sphenix.sdcc.bnl.gov/alma9.2-gcc-14.2.0/release/release_new/new.10/include/g4eval:/cvmfs/sphenix.sdcc.bnl.gov/alma9.2-gcc-14.2.0/release/release_new/new.10/include/jetbackground:/cvmfs/sphenix.sdcc.bnl.gov/alma9.2-gcc-14.2.0/release/release_new/new.10/include/micromegas:/cvmfs/sphenix.sdcc.bnl.gov/alma9.2-gcc-14.2.0/release/release_new/new.10/include/hftrackefficiency:/cvmfs/sphenix.sdcc.bnl.gov/alma9.2-gcc-14.2.0/release/release_new/new.10/include/inttrawhitqa:/cvmfs/sphenix.sdcc.bnl.gov/alma9.2-gcc-14.2.0/release/release_new/new.10/include/centrality:/cvmfs/sphenix.sdcc.bnl.gov/alma9.2-gcc-14.2.0/release/release_new/new.10/include/epd:/cvmfs/sphenix.sdcc.bnl.gov/alma9.2-gcc-14.2.0/release/release_new/new.10/include/caloreco:/cvmfs/sphenix.sdcc.bnl.gov/alma9.2-gcc-14.2.0/release/release_new/new.10/include/HepMC:/cvmfs/sphenix.sdcc.bnl.gov/alma9.2-gcc-14.2.0/release/release_new/new.10/include/CLHEP:/cvmfs/sphenix.sdcc.bnl.gov/alma9.2-gcc-14.2.0/release/release_new/new.10/include/Acts:/cvmfs/sphenix.sdcc.bnl.gov/alma9.2-gcc-14.2.0/release/release_new/new.10/include/g4histos:/cvmfs/sphenix.sdcc.bnl.gov/alma9.2-gcc-14.2.0/release/release_new/new.10/include/eventplaneinfo:/cvmfs/sphenix.sdcc.bnl.gov/alma9.2-gcc-14.2.0/release/release_new/new.10/include/fillspacechargemaps:/cvmfs/sphenix.sdcc.bnl.gov/alma9.2-gcc-14.2.0/release/release_new/new.10/include/phhepmc:/cvmfs/sphenix.sdcc.bnl.gov/alma9.2-gcc-14.2.0/release/release_new/new.10/include/trackingqa:/cvmfs/sphenix.sdcc.bnl.gov/alma9.2-gcc-14.2.0/release/release_new/new.10/include/qautils:/cvmfs/sphenix.sdcc.bnl.gov/alma9.2-gcc-14.2.0/release/release_new/new.10/include/trackreco:/cvmfs/sphenix.sdcc.bnl.gov/alma9.2-gcc-14.2.0/release/release_new/new.10/include/g4ohcal:/cvmfs/sphenix.sdcc.bnl.gov/alma9.2-gcc-14.2.0/release/release_new/new.10/include/tpcdvcalib:/cvmfs/sphenix.sdcc.bnl.gov/alma9.2-gcc-14.2.0/release/release_new/new.10/include/zdcinfo:/cvmfs/sphenix.sdcc.bnl.gov/alma9.2-gcc-14.2.0/release/release_new/new.10/include/phpythia8:/cvmfs/sphenix.sdcc.bnl.gov/alma9.2-gcc-14.2.0/release/release_new/new.10/include/fun4allutils:/cvmfs/sphenix.sdcc.bnl.gov/alma9.2-gcc-14.2.0/release/release_new/new.10/include/tpcqa:/cvmfs/sphenix.sdcc.bnl.gov/alma9.2-gcc-14.2.0/release/release_new/new.10/include/Pythia8:/cvmfs/sphenix.sdcc.bnl.gov/alma9.2-gcc-14.2.0/release/release_new/new.10/include/DDRec:/cvmfs/sphenix.sdcc.bnl.gov/alma9.2-gcc-14.2.0/release/release_new/new.10/include/DDDigi:/cvmfs/sphenix.sdcc.bnl.gov/alma9.2-gcc-14.2.0/release/release_new/new.10/include/g4ihcal:/cvmfs/sphenix.sdcc.bnl.gov/alma9.2-gcc-14.2.0/release/release_new/new.10/include/frog:/cvmfs/sphenix.sdcc.bnl.gov/alma9.2-gcc-14.2.0/release/release_new/new.10/include/eigen3:/cvmfs/sphenix.sdcc.bnl.gov/alma9.2-gcc-14.2.0/release/release_new/new.10/include/tensorpipe:/cvmfs/sphenix.sdcc.bnl.gov/alma9.2-gcc-14.2.0/release/release_new/new.10/include/sphenixnpc:/cvmfs/sphenix.sdcc.bnl.gov/alma9.2-gcc-14.2.0/release/release_new/new.10/include/siscone:/cvmfs/sphenix.sdcc.bnl.gov/alma9.2-gcc-14.2.0/release/release_new/new.10/include/pmonitor:/cvmfs/sphenix.sdcc.bnl.gov/alma9.2-gcc-14.2.0/release/release_new/new.10/include/calobase:/cvmfs/sphenix.sdcc.bnl.gov/alma9.2-gcc-14.2.0/release/release_new/new.10/include/ActsExamples:/cvmfs/sphenix.sdcc.bnl.gov/alma9.2-gcc-14.2.0/release/release_new/new.10/include/g4gdml:/cvmfs/sphenix.sdcc.bnl.gov/alma9.2-gcc-14.2.0/release/release_new/new.10/include/mvtx_decoder:/cvmfs/sphenix.sdcc.bnl.gov/alma9.2-gcc-14.2.0/release/release_new/new.10/include/ROOT:/cvmfs/sphenix.sdcc.bnl.gov/alma9.2-gcc-14.2.0/release/release_new/new.10/include/phparameter:/cvmfs/sphenix.sdcc.bnl.gov/alma9.2-gcc-14.2.0/release/release_new/new.10/include/rsa:/cvmfs/sphenix.sdcc.bnl.gov/alma9.2-gcc-14.2.0/release/release_new/new.10/include/fun4allraw:/cvmfs/sphenix.sdcc.bnl.gov/alma9.2-gcc-14.2.0/release/release_new/new.10/include/trackbase_historic:/cvmfs/sphenix.sdcc.bnl.gov/alma9.2-gcc-14.2.0/release/release_new/new.10/include/g4jets:/cvmfs/sphenix.sdcc.bnl.gov/alma9.2-gcc-14.2.0/release/release_new/new.10/include/jetqa:/cvmfs/sphenix.sdcc.bnl.gov/alma9.2-gcc-14.2.0/release/release_new/new.10/include/phoolraw:/cvmfs/sphenix.sdcc.bnl.gov/alma9.2-gcc-14.2.0/release/release_new/new.10/include/g4calo:/cvmfs/sphenix.sdcc.bnl.gov/alma9.2-gcc-14.2.0/release/release_new/new.10/include/mvtxrawhitqa:/cvmfs/sphenix.sdcc.bnl.gov/alma9.2-gcc-14.2.0/release/release_new/new.10/include/HepMC3:/cvmfs/sphenix.sdcc.bnl.gov/alma9.2-gcc-14.2.0/release/release_new/new.10/include/calowaveformsim:/cvmfs/sphenix.sdcc.bnl.gov/alma9.2-gcc-14.2.0/release/release_new/new.10/include/g4caloprototype:/cvmfs/sphenix.sdcc.bnl.gov/alma9.2-gcc-14.2.0/release/release_new/new.10/include/pdbcalbase:/cvmfs/sphenix.sdcc.bnl.gov/alma9.2-gcc-14.2.0/release/release_new/new.10/include/gsl:/cvmfs/sphenix.sdcc.bnl.gov/alma9.2-gcc-14.2.0/release/release_new/new.10/include/nodedump:/cvmfs/sphenix.sdcc.bnl.gov/alma9.2-gcc-14.2.0/release/release_new/new.10/include/emcnoisytowerfinder:/cvmfs/sphenix.sdcc.bnl.gov/alma9.2-gcc-14.2.0/release/release_new/new.10/include/ActsFatras:/cvmfs/sphenix.sdcc.bnl.gov/alma9.2-gcc-14.2.0/release/release_new/new.10/include/ffarawmodules:/cvmfs/sphenix.sdcc.bnl.gov/alma9.2-gcc-14.2.0/release/release_new/new.10/include/Event:/cvmfs/sphenix.sdcc.bnl.gov/alma9.2-gcc-14.2.0/release/release_new/new.10/include/prototype3:/cvmfs/sphenix.sdcc.bnl.gov/alma9.2-gcc-14.2.0/release/release_new/new.10/include/fermimotionafterburner:/cvmfs/sphenix.sdcc.bnl.gov/alma9.2-gcc-14.2.0/release/release_new/new.10/include/Photos:/cvmfs/sphenix.sdcc.bnl.gov/alma9.2-gcc-14.2.0/release/release_new/new.10/include/xingshiftcal:/cvmfs/sphenix.sdcc.bnl.gov/alma9.2-gcc-14.2.0/release/release_new/new.10/include/trackbase:/cvmfs/sphenix.sdcc.bnl.gov/alma9.2-gcc-14.2.0/release/release_new/new.10/include/jetdstskimmer:/cvmfs/sphenix.sdcc.bnl.gov/alma9.2-gcc-14.2.0/release/release_new/new.10/include/clusteriso:/cvmfs/sphenix.sdcc.bnl.gov/alma9.2-gcc-14.2.0/release/release_new/new.10/include/asmjit:/cvmfs/sphenix.sdcc.bnl.gov/alma9.2-gcc-14.2.0/release/release_new/new.10/include/particleflowreco:/cvmfs/sphenix.sdcc.bnl.gov/alma9.2-gcc-14.2.0/release/release_new/new.10/include/tpchittrackdisplay:/cvmfs/sphenix.sdcc.bnl.gov/alma9.2-gcc-14.2.0/release/release_new/new.10/include/caloana:/cvmfs/sphenix.sdcc.bnl.gov/alma9.2-gcc-14.2.0/release/release_new/new.10/include/calotrigger:/cvmfs/sphenix.sdcc.bnl.gov/alma9.2-gcc-14.2.0/release/release_new/new.10/include/nopayloadclient:/cvmfs/sphenix.sdcc.bnl.gov/alma9.2-gcc-14.2.0/release/release_new/new.10/include/trackermillepedealignment:/cvmfs/sphenix.sdcc.bnl.gov/alma9.2-gcc-14.2.0/release/release_new/new.10/include/DD4hep:/cvmfs/sphenix.sdcc.bnl.gov/alma9.2-gcc-14.2.0/release/release_new/new.10/include/g4trackfastsim:/cvmfs/sphenix.sdcc.bnl.gov/alma9.2-gcc-14.2.0/release/release_new/new.10/include/prototype2:/cvmfs/sphenix.sdcc.bnl.gov/alma9.2-gcc-14.2.0/release/release_new/new.10/include/ATen:/cvmfs/sphenix.sdcc.bnl.gov/alma9.2-gcc-14.2.0/release/release_new/new.10/include/g4main:/cvmfs/sphenix.sdcc.bnl.gov/alma9.2-gcc-14.2.0/release/release_new/new.10/include/Tauola:/cvmfs/sphenix.sdcc.bnl.gov/alma9.2-gcc-14.2.0/release/release_new/new.10/include/inttcalib:/cvmfs/sphenix.sdcc.bnl.gov/alma9.2-gcc-14.2.0/release/release_new/new.10/include/reactionplaneafterburner:/cvmfs/sphenix.sdcc.bnl.gov/alma9.2-gcc-14.2.0/release/release_new/new.10/include/globalqa:/cvmfs/sphenix.sdcc.bnl.gov/alma9.2-gcc-14.2.0/release/release_new/new.10/include/tpccalib:/cvmfs/sphenix.sdcc.bnl.gov/alma9.2-gcc-14.2.0/release/release_new/new.10/include/DDSegmentation:/cvmfs/sphenix.sdcc.bnl.gov/alma9.2-gcc-14.2.0/release/release_new/new.10/include/decayfinder:/cvmfs/sphenix.sdcc.bnl.gov/alma9.2-gcc-14.2.0/release/release_new/new.10/include/compressclus:/cvmfs/sphenix.sdcc.bnl.gov/alma9.2-gcc-14.2.0/release/release_new/new.10/include/simqa_modules:/cvmfs/sphenix.sdcc.bnl.gov/alma9.2-gcc-14.2.0/release/release_new/new.10/include/resonancejettagging:/cvmfs/sphenix.sdcc.bnl.gov/alma9.2-gcc-14.2.0/release/release_new/new.10/include/g4centrality:/cvmfs/sphenix.sdcc.bnl.gov/alma9.2-gcc-14.2.0/release/release_new/new.10/include/mvtx:/cvmfs/sphenix.sdcc.bnl.gov/alma9.2-gcc-14.2.0/release/release_new/new.10/include/nlohmann:/cvmfs/sphenix.sdcc.bnl.gov/alma9.2-gcc-14.2.0/release/release_new/new.10/include/localpoloffmon:/cvmfs/sphenix.sdcc.bnl.gov/alma9.2-gcc-14.2.0/release/release_new/new.10/include/DDEve:/cvmfs/sphenix.sdcc.bnl.gov/alma9.2-gcc-14.2.0/release/release_new/new.10/include/Parsers:/cvmfs/sphenix.sdcc.bnl.gov/alma9.2-gcc-14.2.0/release/release_new/new.10/include/trackingdiagnostics:/cvmfs/sphenix.sdcc.bnl.gov/alma9.2-gcc-14.2.0/release/release_new/new.10/include/g4vertex:/cvmfs/sphenix.sdcc.bnl.gov/alma9.2-gcc-14.2.0/release/release_new/new.10/include/jetbase:/cvmfs/sphenix.sdcc.bnl.gov/alma9.2-gcc-14.2.0/release/release_new/new.10/include/globalvertex:/cvmfs/sphenix.sdcc.bnl.gov/alma9.2-gcc-14.2.0/release/release_new/new.10/include/phgenfit:/cvmfs/sphenix.sdcc.bnl.gov/alma9.2-gcc-14.2.0/release/release_new/new.10/include/rawbcolumi:/cvmfs/sphenix.sdcc.bnl.gov/alma9.2-gcc-14.2.0/release/release_new/new.10/include/eicsmear:/cvmfs/sphenix.sdcc.bnl.gov/alma9.2-gcc-14.2.0/release/release_new/new.10/include/mvtxcalib:/cvmfs/sphenix.sdcc.bnl.gov/alma9.2-gcc-14.2.0/release/release_new/new.10/include/tpclinelaserdiode:/cvmfs/sphenix.sdcc.bnl.gov/alma9.2-gcc-14.2.0/release/release_new/new.10/include/hepmcjettrigger:/cvmfs/sphenix.sdcc.bnl.gov/alma9.2-gcc-14.2.0/release/release_new/new.10/include/core:/cvmfs/sphenix.sdcc.bnl.gov/alma9.2-gcc-14.2.0/release/release_new/new.10/include/calo_cdb:/cvmfs/sphenix.sdcc.bnl.gov/alma9.2-gcc-14.2.0/release/release_new/new.10/include/mvtxclustershapesqa:/cvmfs/sphenix.sdcc.bnl.gov/alma9.2-gcc-14.2.0/release/release_new/new.10/include/calopacketskimmer:/cvmfs/sphenix.sdcc.bnl.gov/alma9.2-gcc-14.2.0/opt/sphenix/core/geant4.10.07.p04/include:/cvmfs/sphenix.sdcc.bnl.gov/alma9.2-gcc-14.2.0/release/release_new/new.10/rootmacros:/cvmfs/sphenix.sdcc.bnl.gov/alma9.2-gcc-14.2.0/opt/sphenix/core/include
GSEARCHPATH=.:PG:LUSTRE:RAWDATA
PWD=/gpfs/mnt/gpfs02/sphenix/user/samfred/run25/ppg11/histmaking
LOGNAME=samfred
_CONDOR_JOB_AD=/home/condor/local/sphnx/execute/dir_748907/.job.ad
MANPATH=/cvmfs/sphenix.sdcc.bnl.gov/alma9.2-gcc-14.2.0/opt/sphenix/core/gcc/14.2.0-2f0a0/x86_64-el9/share/man:/cvmfs/sphenix.sdcc.bnl.gov/alma9.2-gcc-14.2.0/opt/sphenix/core/binutils/2.40-acaab/x86_64-el9/share/man:/cvmfs/sphenix.sdcc.bnl.gov/alma9.2-gcc-14.2.0/release/release_new/new.10/share/man:/cvmfs/sphenix.sdcc.bnl.gov/alma9.2-gcc-14.2.0/opt/sphenix/utils/share/man:/cvmfs/sphenix.sdcc.bnl.gov/alma9.2-gcc-14.2.0/opt/sphenix/core/share/man:/cvmfs/sphenix.sdcc.bnl.gov/alma9.2-gcc-14.2.0/opt/sphenix/core/root-6.32.06/man:/usr/local/share/man:/usr/share/man
PYTHIA8=/cvmfs/sphenix.sdcc.bnl.gov/alma9.2-gcc-14.2.0/release/release_new/new.10/share/Pythia8
G4INCLDATA=/cvmfs/sphenix.sdcc.bnl.gov/alma9.2-gcc-14.2.0/opt/sphenix/core/geant4.10.07.p04/share/Geant4-10.7.4/data/G4INCL1.0
ORIG_PATH=/usr/local/bin:/usr/bin
CXX=/cvmfs/sphenix.sdcc.bnl.gov/alma9.2-gcc-14.2.0/opt/sphenix/core/gcc/14.2.0-2f0a0/x86_64-el9/bin/g++
G4LEDATA=/cvmfs/sphenix.sdcc.bnl.gov/alma9.2-gcc-14.2.0/opt/sphenix/core/geant4.10.07.p04/share/Geant4-10.7.4/data/G4EMLOW7.13
PYTHON_CPU_COUNT=1
OPENBLAS_NUM_THREADS=1
_CONDOR_BIN=/usr/bin
HOME=/sphenix/u/samfred
G4PARTICLEXSDATA=/cvmfs/sphenix.sdcc.bnl.gov/alma9.2-gcc-14.2.0/opt/sphenix/core/geant4.10.07.p04/share/Geant4-10.7.4/data/G4PARTICLEXS3.1.1
ONLINE_MAIN=/cvmfs/sphenix.sdcc.bnl.gov/alma9.2-gcc-14.2.0/release/release_new/new.10
CALIBRATIONROOT=/cvmfs/sphenix.sdcc.bnl.gov/alma9.2-gcc-14.2.0/release/release_new/new.10/share/calibrations
TMPDIR=/tmp
_CONDOR_SCRATCH_DIR=/home/condor/local/sphnx/execute/dir_748907
PGUSER=phnxrc
NOPAYLOADCLIENT_CONF=/cvmfs/sphenix.sdcc.bnl.gov/alma9.2-gcc-14.2.0/opt/sphenix/core/etc/sPHENIX_newcdb.json
XERCESCROOT=/cvmfs/sphenix.sdcc.bnl.gov/alma9.2-gcc-14.2.0/opt/sphenix/core/geant4.10.07.p04
LHAPATH=/cvmfs/sphenix.sdcc.bnl.gov/alma9.2-gcc-14.2.0/opt/sphenix/core/lhapdf-5.9.1/share/lhapdf/PDFsets
G4NEUTRONHPDATA=/cvmfs/sphenix.sdcc.bnl.gov/alma9.2-gcc-14.2.0/opt/sphenix/core/geant4.10.07.p04/share/Geant4-10.7.4/data/G4NDL4.6
PYTHONPATH=.:/cvmfs/sphenix.sdcc.bnl.gov/alma9.2-gcc-14.2.0/release/release_new/new.10/lib/python3.13/site-packages:/cvmfs/sphenix.sdcc.bnl.gov/alma9.2-gcc-14.2.0/opt/sphenix/core/lib/python3.13/site-packages:/cvmfs/sphenix.sdcc.bnl.gov/alma9.2-gcc-14.2.0/opt/sphenix/core/root-6.32.06/lib
USER=samfred
_CONDOR_JOB_PIDS=
TEMP=/tmp
GOMAXPROCS=1
OFFLINE_MAIN=/cvmfs/sphenix.sdcc.bnl.gov/alma9.2-gcc-14.2.0/release/release_new/new.10
SHLVL=1
TF_NUM_THREADS=1
G4SAIDXSDATA=/cvmfs/sphenix.sdcc.bnl.gov/alma9.2-gcc-14.2.0/opt/sphenix/core/geant4.10.07.p04/share/Geant4-10.7.4/data/G4SAIDDATA2.0
APPTAINER_CACHEDIR=/home/condor/local/sphnx/execute/dir_748907
ROOTSYS=/cvmfs/sphenix.sdcc.bnl.gov/alma9.2-gcc-14.2.0/opt/sphenix/core/root-6.32.06
BATCH_SYSTEM=HTCondor
_CONDOR_SLOT=slot1_20
LD_LIBRARY_PATH=/sphenix/user/samfred/run25/install//lib:/cvmfs/sphenix.sdcc.bnl.gov/alma9.2-gcc-14.2.0/opt/sphenix/core/gcc/14.2.0-2f0a0/x86_64-el9/lib:/cvmfs/sphenix.sdcc.bnl.gov/alma9.2-gcc-14.2.0/opt/sphenix/core/gcc/14.2.0-2f0a0/x86_64-el9/lib64:/cvmfs/sphenix.sdcc.bnl.gov/alma9.2-gcc-14.2.0/opt/sphenix/core/binutils/2.40-acaab/x86_64-el9/lib:.:/cvmfs/sphenix.sdcc.bnl.gov/alma9.2-gcc-14.2.0/release/release_new/new.10/lib64:/cvmfs/sphenix.sdcc.bnl.gov/alma9.2-gcc-14.2.0/release/release_new/new.10/lib:/cvmfs/sphenix.sdcc.bnl.gov/alma9.2-gcc-14.2.0/opt/sphenix/utils/lib:/cvmfs/sphenix.sdcc.bnl.gov/alma9.2-gcc-14.2.0/opt/sphenix/core/lib:/cvmfs/sphenix.sdcc.bnl.gov/alma9.2-gcc-14.2.0/opt/sphenix/core/root-6.32.06/lib:/cvmfs/sphenix.sdcc.bnl.gov/alma9.2-gcc-14.2.0/opt/sphenix/core/geant4.10.07.p04/lib64:/cvmfs/sphenix.sdcc.bnl.gov/alma9.2-gcc-14.2.0/opt/sphenix/core/lhapdf-5.9.1/lib:/usr/local/lib64:/usr/lib64
OPT_SPHENIX=/cvmfs/sphenix.sdcc.bnl.gov/alma9.2-gcc-14.2.0/opt/sphenix/core
TF_LOOP_PARALLEL_ITERATIONS=1
EVT_LIB=/cvmfs/sphenix.sdcc.bnl.gov/alma9.2-gcc-14.2.0/opt/sphenix/core/root-6.32.06/lib
PGHOST=sphnxdbmaster.sdcc.bnl.gov
OMP_NUM_THREADS=1
G4REALSURFACEDATA=/cvmfs/sphenix.sdcc.bnl.gov/alma9.2-gcc-14.2.0/opt/sphenix/core/geant4.10.07.p04/share/Geant4-10.7.4/data/RealSurface2.2
FC=/cvmfs/sphenix.sdcc.bnl.gov/alma9.2-gcc-14.2.0/opt/sphenix/core/gcc/14.2.0-2f0a0/x86_64-el9/bin/gfortran
G4ABLADATA=/cvmfs/sphenix.sdcc.bnl.gov/alma9.2-gcc-14.2.0/opt/sphenix/core/geant4.10.07.p04/share/Geant4-10.7.4/data/G4ABLA3.1
PARASOFT=doesnotexist
TMP=/tmp
OPT_UTILS=/cvmfs/sphenix.sdcc.bnl.gov/alma9.2-gcc-14.2.0/opt/sphenix/utils
CONFIG_SITE=/cvmfs/sphenix.sdcc.bnl.gov/alma9.2-gcc-14.2.0/opt/sphenix/core/etc/config.site
PATH=/sphenix/user/samfred/run25/install//bin:/cvmfs/sphenix.sdcc.bnl.gov/alma9.2-gcc-14.2.0/opt/sphenix/core/gcc/14.2.0-2f0a0/x86_64-el9/bin:/cvmfs/sphenix.sdcc.bnl.gov/alma9.2-gcc-14.2.0/opt/sphenix/core/binutils/2.40-acaab/x86_64-el9/bin:.:/cvmfs/sphenix.sdcc.bnl.gov/alma9.2-gcc-14.2.0/release/release_new/new.10/bin:/cvmfs/sphenix.sdcc.bnl.gov/alma9.2-gcc-14.2.0/opt/sphenix/utils/bin:/cvmfs/sphenix.sdcc.bnl.gov/alma9.2-gcc-14.2.0/opt/sphenix/core/bin:/cvmfs/sphenix.sdcc.bnl.gov/alma9.2-gcc-14.2.0/opt/sphenix/core/root-6.32.06/bin:/cvmfs/sphenix.sdcc.bnl.gov/alma9.2-gcc-14.2.0/opt/sphenix/core/geant4.10.07.p04/bin:/usr/local/bin:/usr/bin:/usr/local/sbin:/usr/sbin
G4LEVELGAMMADATA=/cvmfs/sphenix.sdcc.bnl.gov/alma9.2-gcc-14.2.0/opt/sphenix/core/geant4.10.07.p04/share/Geant4-10.7.4/data/PhotonEvaporation5.7
_CONDOR_ANCESTOR_748907=749006:1759352696:2807542849
CC=/cvmfs/sphenix.sdcc.bnl.gov/alma9.2-gcc-14.2.0/opt/sphenix/core/gcc/14.2.0-2f0a0/x86_64-el9/bin/gcc
G4RADIOACTIVEDATA=/cvmfs/sphenix.sdcc.bnl.gov/alma9.2-gcc-14.2.0/opt/sphenix/core/geant4.10.07.p04/share/Geant4-10.7.4/data/RadioactiveDecay5.6
JULIA_NUM_THREADS=1
MKL_NUM_THREADS=1
LHAPDF_DATA_PATH=/cvmfs/sphenix.sdcc.bnl.gov/alma9.2-gcc-14.2.0/release/release_new/new.10/share/LHAPDF
XPLOAD_CONFIG_DIR=/cvmfs/sphenix.sdcc.bnl.gov/alma9.2-gcc-14.2.0/opt/sphenix/core/etc
OLDPWD=/cvmfs/sphenix.sdcc.bnl.gov/alma9.2-gcc-14.2.0/release/release_new/new.10/geant4
_=/usr/bin/printenv
runnumber...
49019
trigger...

   ------------------------------------------------------------------
  | Welcome to ROOT 6.32.06                        https://root.cern |
  | (c) 1995-2024, The ROOT Team; conception: R. Brun, F. Rademakers |
  | Built for linuxx8664gcc on Dec 13 2024, 17:23:48                 |
  | From tags/6-32-06@6-32-06                                        |
  | With g++ (GCC) 14.2.0                                            |
  | Try '.help'/'.?', '.demo', '.license', '.credits', '.quit'/'.q'  |
   ------------------------------------------------------------------


Processing data_histmaker.C(49019)...
entry 2000/12404781 (0.0161228%)
entry 10000/12404781 (0.0806141%)
entry 17000/12404781 (0.137044%)
entry 18000/12404781 (0.145105%)
entry 20000/12404781 (0.161228%)
entry 21000/12404781 (0.16929%)
entry 22000/12404781 (0.177351%)
entry 23000/12404781 (0.185412%)
entry 28000/12404781 (0.225719%)
entry 30000/12404781 (0.241842%)
entry 34000/12404781 (0.274088%)
entry 36000/12404781 (0.290211%)
entry 37000/12404781 (0.298272%)
entry 38000/12404781 (0.306334%)
entry 46000/12404781 (0.370825%)
entry 47000/12404781 (0.378886%)
entry 48000/12404781 (0.386948%)
entry 52000/12404781 (0.419193%)
entry 57000/12404781 (0.4595%)
entry 66000/12404781 (0.532053%)
entry 67000/12404781 (0.540114%)
entry 70000/12404781 (0.564299%)
entry 72000/12404781 (0.580421%)
entry 74000/12404781 (0.596544%)
entry 75000/12404781 (0.604606%)
entry 76000/12404781 (0.612667%)
entry 77000/12404781 (0.620728%)
entry 80000/12404781 (0.644913%)
entry 81000/12404781 (0.652974%)
entry 83000/12404781 (0.669097%)
entry 86000/12404781 (0.693281%)
entry 89000/12404781 (0.717465%)
entry 103000/12404781 (0.830325%)
entry 104000/12404781 (0.838386%)
entry 105000/12404781 (0.846448%)
entry 113000/12404781 (0.910939%)
entry 117000/12404781 (0.943185%)
entry 119000/12404781 (0.959308%)
entry 120000/12404781 (0.967369%)
entry 121000/12404781 (0.97543%)
entry 123000/12404781 (0.991553%)
entry 124000/12404781 (0.999615%)
entry 129000/12404781 (1.03992%)
entry 133000/12404781 (1.07217%)
entry 134000/12404781 (1.08023%)
entry 136000/12404781 (1.09635%)
entry 137000/12404781 (1.10441%)
entry 138000/12404781 (1.11247%)
entry 140000/12404781 (1.1286%)
entry 145000/12404781 (1.1689%)
entry 149000/12404781 (1.20115%)
entry 150000/12404781 (1.20921%)
entry 152000/12404781 (1.22533%)
entry 155000/12404781 (1.24952%)
entry 156000/12404781 (1.25758%)
entry 160000/12404781 (1.28983%)
entry 168000/12404781 (1.35432%)
entry 170000/12404781 (1.37044%)
entry 172000/12404781 (1.38656%)
entry 174000/12404781 (1.40268%)
entry 175000/12404781 (1.41075%)
entry 178000/12404781 (1.43493%)
entry 179000/12404781 (1.44299%)
entry 180000/12404781 (1.45105%)
entry 182000/12404781 (1.46718%)
entry 183000/12404781 (1.47524%)
entry 185000/12404781 (1.49136%)
entry 188000/12404781 (1.51554%)
entry 191000/12404781 (1.53973%)
entry 193000/12404781 (1.55585%)
entry 199000/12404781 (1.60422%)
entry 201000/12404781 (1.62034%)
entry 202000/12404781 (1.6284%)
entry 203000/12404781 (1.63647%)
entry 205000/12404781 (1.65259%)
entry 207000/12404781 (1.66871%)
entry 214000/12404781 (1.72514%)
entry 215000/12404781 (1.7332%)
entry 216000/12404781 (1.74126%)
entry 225000/12404781 (1.81382%)
entry 228000/12404781 (1.838%)
entry 229000/12404781 (1.84606%)
entry 231000/12404781 (1.86219%)
entry 232000/12404781 (1.87025%)
entry 233000/12404781 (1.87831%)
entry 238000/12404781 (1.91862%)
entry 246000/12404781 (1.98311%)
entry 247000/12404781 (1.99117%)
entry 250000/12404781 (2.01535%)
entry 251000/12404781 (2.02341%)
entry 252000/12404781 (2.03147%)
entry 254000/12404781 (2.0476%)
entry 256000/12404781 (2.06372%)
entry 258000/12404781 (2.07984%)
entry 259000/12404781 (2.0879%)
entry 261000/12404781 (2.10403%)
entry 262000/12404781 (2.11209%)
entry 263000/12404781 (2.12015%)
entry 264000/12404781 (2.12821%)
entry 266000/12404781 (2.14433%)
entry 270000/12404781 (2.17658%)
entry 271000/12404781 (2.18464%)
entry 277000/12404781 (2.23301%)
entry 279000/12404781 (2.24913%)
entry 280000/12404781 (2.25719%)
entry 285000/12404781 (2.2975%)
entry 287000/12404781 (2.31362%)
entry 289000/12404781 (2.32975%)
entry 290000/12404781 (2.33781%)
entry 293000/12404781 (2.36199%)
entry 294000/12404781 (2.37005%)
entry 295000/12404781 (2.37812%)
entry 298000/12404781 (2.4023%)
entry 301000/12404781 (2.42648%)
entry 306000/12404781 (2.46679%)
entry 308000/12404781 (2.48291%)
entry 309000/12404781 (2.49097%)
entry 313000/12404781 (2.52322%)
entry 317000/12404781 (2.55547%)
entry 318000/12404781 (2.56353%)
entry 321000/12404781 (2.58771%)
entry 322000/12404781 (2.59577%)
entry 326000/12404781 (2.62802%)
entry 331000/12404781 (2.66833%)
entry 333000/12404781 (2.68445%)
entry 334000/12404781 (2.69251%)
entry 337000/12404781 (2.71669%)
entry 338000/12404781 (2.72476%)
entry 341000/12404781 (2.74894%)
entry 343000/12404781 (2.76506%)
entry 345000/12404781 (2.78119%)
entry 346000/12404781 (2.78925%)
entry 349000/12404781 (2.81343%)
entry 351000/12404781 (2.82955%)
entry 355000/12404781 (2.8618%)
entry 358000/12404781 (2.88598%)
entry 361000/12404781 (2.91017%)
entry 362000/12404781 (2.91823%)
entry 366000/12404781 (2.95048%)
entry 367000/12404781 (2.95854%)
entry 368000/12404781 (2.9666%)
entry 370000/12404781 (2.98272%)
entry 371000/12404781 (2.99078%)
entry 373000/12404781 (3.00691%)
entry 375000/12404781 (3.02303%)
entry 376000/12404781 (3.03109%)
entry 377000/12404781 (3.03915%)
entry 379000/12404781 (3.05527%)
entry 380000/12404781 (3.06334%)
entry 381000/12404781 (3.0714%)
entry 382000/12404781 (3.07946%)
entry 383000/12404781 (3.08752%)
entry 389000/12404781 (3.13589%)
entry 394000/12404781 (3.17619%)
entry 395000/12404781 (3.18426%)
entry 402000/12404781 (3.24069%)
entry 409000/12404781 (3.29712%)
entry 414000/12404781 (3.33742%)
entry 415000/12404781 (3.34548%)
entry 417000/12404781 (3.36161%)
entry 422000/12404781 (3.40191%)
entry 425000/12404781 (3.4261%)
entry 428000/12404781 (3.45028%)
entry 430000/12404781 (3.46641%)
entry 433000/12404781 (3.49059%)
entry 434000/12404781 (3.49865%)
entry 435000/12404781 (3.50671%)
entry 441000/12404781 (3.55508%)
entry 443000/12404781 (3.5712%)
entry 446000/12404781 (3.59539%)
entry 447000/12404781 (3.60345%)
entry 448000/12404781 (3.61151%)
entry 450000/12404781 (3.62763%)
entry 453000/12404781 (3.65182%)
entry 457000/12404781 (3.68406%)
entry 458000/12404781 (3.69212%)
entry 459000/12404781 (3.70019%)
entry 460000/12404781 (3.70825%)
entry 462000/12404781 (3.72437%)
entry 468000/12404781 (3.77274%)
entry 469000/12404781 (3.7808%)
entry 470000/12404781 (3.78886%)
entry 473000/12404781 (3.81305%)
entry 477000/12404781 (3.84529%)
entry 478000/12404781 (3.85335%)
entry 479000/12404781 (3.86141%)
entry 482000/12404781 (3.8856%)
entry 483000/12404781 (3.89366%)
entry 484000/12404781 (3.90172%)
entry 486000/12404781 (3.91784%)
entry 493000/12404781 (3.97427%)
entry 494000/12404781 (3.98234%)
entry 495000/12404781 (3.9904%)
entry 498000/12404781 (4.01458%)
entry 501000/12404781 (4.03877%)
entry 504000/12404781 (4.06295%)
entry 508000/12404781 (4.0952%)
entry 512000/12404781 (4.12744%)
entry 513000/12404781 (4.1355%)
entry 517000/12404781 (4.16775%)
entry 520000/12404781 (4.19193%)
entry 521000/12404781 (4.19999%)
entry 522000/12404781 (4.20805%)
entry 525000/12404781 (4.23224%)
entry 527000/12404781 (4.24836%)
entry 531000/12404781 (4.28061%)
entry 532000/12404781 (4.28867%)
entry 533000/12404781 (4.29673%)
entry 534000/12404781 (4.30479%)
entry 540000/12404781 (4.35316%)
entry 541000/12404781 (4.36122%)
entry 542000/12404781 (4.36928%)
entry 543000/12404781 (4.37734%)
entry 546000/12404781 (4.40153%)
entry 549000/12404781 (4.42571%)
entry 550000/12404781 (4.43377%)
entry 554000/12404781 (4.46602%)
entry 555000/12404781 (4.47408%)
entry 556000/12404781 (4.48214%)
entry 557000/12404781 (4.4902%)
entry 558000/12404781 (4.49827%)
entry 560000/12404781 (4.51439%)
entry 561000/12404781 (4.52245%)
entry 567000/12404781 (4.57082%)
entry 568000/12404781 (4.57888%)
entry 572000/12404781 (4.61113%)
entry 573000/12404781 (4.61919%)
entry 576000/12404781 (4.64337%)
entry 585000/12404781 (4.71592%)
entry 587000/12404781 (4.73205%)
entry 589000/12404781 (4.74817%)
entry 591000/12404781 (4.76429%)
entry 594000/12404781 (4.78848%)
entry 595000/12404781 (4.79654%)
entry 598000/12404781 (4.82072%)
entry 599000/12404781 (4.82878%)
entry 600000/12404781 (4.83684%)
entry 601000/12404781 (4.84491%)
entry 602000/12404781 (4.85297%)
entry 604000/12404781 (4.86909%)
entry 605000/12404781 (4.87715%)
entry 611000/12404781 (4.92552%)
entry 612000/12404781 (4.93358%)
entry 614000/12404781 (4.9497%)
entry 616000/12404781 (4.96583%)
entry 618000/12404781 (4.98195%)
entry 619000/12404781 (4.99001%)
entry 620000/12404781 (4.99807%)
entry 623000/12404781 (5.02226%)
entry 629000/12404781 (5.07063%)
entry 635000/12404781 (5.11899%)
entry 636000/12404781 (5.12706%)
entry 638000/12404781 (5.14318%)
entry 639000/12404781 (5.15124%)
entry 640000/12404781 (5.1593%)
entry 644000/12404781 (5.19155%)
entry 646000/12404781 (5.20767%)
entry 647000/12404781 (5.21573%)
entry 649000/12404781 (5.23185%)
entry 650000/12404781 (5.23992%)
entry 652000/12404781 (5.25604%)
entry 653000/12404781 (5.2641%)
entry 655000/12404781 (5.28022%)
entry 656000/12404781 (5.28828%)
entry 657000/12404781 (5.29635%)
entry 662000/12404781 (5.33665%)
entry 669000/12404781 (5.39308%)
entry 670000/12404781 (5.40114%)
entry 672000/12404781 (5.41727%)
entry 673000/12404781 (5.42533%)
entry 678000/12404781 (5.46563%)
entry 682000/12404781 (5.49788%)
entry 684000/12404781 (5.514%)
entry 687000/12404781 (5.53819%)
entry 688000/12404781 (5.54625%)
entry 690000/12404781 (5.56237%)
entry 699000/12404781 (5.63492%)
entry 706000/12404781 (5.69135%)
entry 707000/12404781 (5.69942%)
entry 708000/12404781 (5.70748%)
entry 714000/12404781 (5.75585%)
entry 719000/12404781 (5.79615%)
entry 725000/12404781 (5.84452%)
entry 726000/12404781 (5.85258%)
entry 729000/12404781 (5.87677%)
entry 731000/12404781 (5.89289%)
entry 732000/12404781 (5.90095%)
entry 733000/12404781 (5.90901%)
entry 735000/12404781 (5.92513%)
entry 736000/12404781 (5.9332%)
entry 739000/12404781 (5.95738%)
entry 741000/12404781 (5.9735%)
entry 744000/12404781 (5.99769%)
entry 745000/12404781 (6.00575%)
entry 751000/12404781 (6.05412%)
entry 752000/12404781 (6.06218%)
entry 754000/12404781 (6.0783%)
entry 755000/12404781 (6.08636%)
entry 756000/12404781 (6.09442%)
entry 759000/12404781 (6.11861%)
entry 767000/12404781 (6.1831%)
entry 769000/12404781 (6.19922%)
entry 772000/12404781 (6.22341%)
entry 782000/12404781 (6.30402%)
entry 784000/12404781 (6.32014%)
entry 787000/12404781 (6.34433%)
entry 788000/12404781 (6.35239%)
entry 789000/12404781 (6.36045%)
entry 791000/12404781 (6.37657%)
entry 793000/12404781 (6.3927%)
entry 795000/12404781 (6.40882%)
entry 796000/12404781 (6.41688%)
entry 804000/12404781 (6.48137%)
entry 806000/12404781 (6.49749%)
entry 807000/12404781 (6.50556%)
entry 809000/12404781 (6.52168%)
entry 810000/12404781 (6.52974%)
entry 812000/12404781 (6.54586%)
entry 815000/12404781 (6.57005%)
entry 818000/12404781 (6.59423%)
entry 826000/12404781 (6.65872%)
entry 828000/12404781 (6.67485%)
entry 829000/12404781 (6.68291%)
entry 830000/12404781 (6.69097%)
entry 834000/12404781 (6.72321%)
entry 839000/12404781 (6.76352%)
entry 840000/12404781 (6.77158%)
entry 845000/12404781 (6.81189%)
entry 846000/12404781 (6.81995%)
entry 849000/12404781 (6.84414%)
entry 853000/12404781 (6.87638%)
entry 856000/12404781 (6.90057%)
entry 860000/12404781 (6.93281%)
entry 861000/12404781 (6.94087%)
entry 867000/12404781 (6.98924%)
entry 877000/12404781 (7.06985%)
entry 878000/12404781 (7.07792%)
entry 882000/12404781 (7.11016%)
entry 883000/12404781 (7.11822%)
entry 887000/12404781 (7.15047%)
entry 894000/12404781 (7.2069%)
entry 897000/12404781 (7.23108%)
entry 901000/12404781 (7.26333%)
entry 906000/12404781 (7.30364%)
entry 907000/12404781 (7.3117%)
entry 908000/12404781 (7.31976%)
entry 910000/12404781 (7.33588%)
entry 912000/12404781 (7.352%)
entry 914000/12404781 (7.36813%)
entry 915000/12404781 (7.37619%)
entry 916000/12404781 (7.38425%)
entry 919000/12404781 (7.40843%)
entry 924000/12404781 (7.44874%)
entry 925000/12404781 (7.4568%)
entry 928000/12404781 (7.48099%)
entry 929000/12404781 (7.48905%)
entry 935000/12404781 (7.53742%)
entry 936000/12404781 (7.54548%)
entry 938000/12404781 (7.5616%)
entry 939000/12404781 (7.56966%)
entry 941000/12404781 (7.58578%)
entry 944000/12404781 (7.60997%)
entry 946000/12404781 (7.62609%)
entry 947000/12404781 (7.63415%)
entry 949000/12404781 (7.65028%)
entry 950000/12404781 (7.65834%)
entry 954000/12404781 (7.69058%)
entry 955000/12404781 (7.69864%)
entry 958000/12404781 (7.72283%)
entry 959000/12404781 (7.73089%)
entry 961000/12404781 (7.74701%)
entry 968000/12404781 (7.80344%)
entry 969000/12404781 (7.8115%)
entry 971000/12404781 (7.82763%)
entry 973000/12404781 (7.84375%)
entry 975000/12404781 (7.85987%)
entry 976000/12404781 (7.86793%)
entry 978000/12404781 (7.88406%)
entry 980000/12404781 (7.90018%)
entry 981000/12404781 (7.90824%)
entry 983000/12404781 (7.92436%)
entry 985000/12404781 (7.94049%)
entry 987000/12404781 (7.95661%)
entry 989000/12404781 (7.97273%)
entry 990000/12404781 (7.98079%)
entry 996000/12404781 (8.02916%)
entry 997000/12404781 (8.03722%)
entry 999000/12404781 (8.05335%)
entry 1000000/12404781 (8.06141%)
entry 1003000/12404781 (8.08559%)
entry 1005000/12404781 (8.10172%)
entry 1006000/12404781 (8.10978%)
entry 1010000/12404781 (8.14202%)
entry 1012000/12404781 (8.15815%)
entry 1014000/12404781 (8.17427%)
entry 1022000/12404781 (8.23876%)
entry 1025000/12404781 (8.26294%)
entry 1029000/12404781 (8.29519%)
entry 1031000/12404781 (8.31131%)
entry 1032000/12404781 (8.31937%)
entry 1034000/12404781 (8.3355%)
entry 1036000/12404781 (8.35162%)
entry 1038000/12404781 (8.36774%)
entry 1044000/12404781 (8.41611%)
entry 1045000/12404781 (8.42417%)
entry 1049000/12404781 (8.45642%)
entry 1050000/12404781 (8.46448%)
entry 1052000/12404781 (8.4806%)
entry 1056000/12404781 (8.51285%)
entry 1057000/12404781 (8.52091%)
entry 1058000/12404781 (8.52897%)
entry 1062000/12404781 (8.56122%)
entry 1065000/12404781 (8.5854%)
entry 1069000/12404781 (8.61764%)
entry 1071000/12404781 (8.63377%)
entry 1072000/12404781 (8.64183%)
entry 1075000/12404781 (8.66601%)
entry 1079000/12404781 (8.69826%)
entry 1086000/12404781 (8.75469%)
entry 1089000/12404781 (8.77887%)
entry 1094000/12404781 (8.81918%)
entry 1095000/12404781 (8.82724%)
entry 1099000/12404781 (8.85949%)
entry 1102000/12404781 (8.88367%)
entry 1104000/12404781 (8.89979%)
entry 1110000/12404781 (8.94816%)
entry 1111000/12404781 (8.95622%)
entry 1113000/12404781 (8.97235%)
entry 1119000/12404781 (9.02072%)
entry 1120000/12404781 (9.02878%)
entry 1124000/12404781 (9.06102%)
entry 1125000/12404781 (9.06908%)
entry 1127000/12404781 (9.08521%)
entry 1128000/12404781 (9.09327%)
entry 1129000/12404781 (9.10133%)
entry 1131000/12404781 (9.11745%)
entry 1134000/12404781 (9.14164%)
entry 1135000/12404781 (9.1497%)
entry 1140000/12404781 (9.19001%)
entry 1144000/12404781 (9.22225%)
entry 1154000/12404781 (9.30286%)
entry 1155000/12404781 (9.31093%)
entry 1157000/12404781 (9.32705%)
entry 1158000/12404781 (9.33511%)
entry 1160000/12404781 (9.35123%)
entry 1162000/12404781 (9.36736%)
entry 1168000/12404781 (9.41572%)
entry 1169000/12404781 (9.42379%)
entry 1172000/12404781 (9.44797%)
entry 1174000/12404781 (9.46409%)
entry 1180000/12404781 (9.51246%)
entry 1183000/12404781 (9.53665%)
entry 1185000/12404781 (9.55277%)
entry 1195000/12404781 (9.63338%)
entry 1196000/12404781 (9.64144%)
entry 1197000/12404781 (9.64951%)
entry 1202000/12404781 (9.68981%)
entry 1205000/12404781 (9.714%)
entry 1223000/12404781 (9.8591%)
entry 1224000/12404781 (9.86716%)
entry 1230000/12404781 (9.91553%)
entry 1231000/12404781 (9.92359%)
entry 1233000/12404781 (9.93972%)
entry 1234000/12404781 (9.94778%)
entry 1244000/12404781 (10.0284%)
entry 1245000/12404781 (10.0365%)
entry 1247000/12404781 (10.0526%)
entry 1248000/12404781 (10.0606%)
entry 1249000/12404781 (10.0687%)
entry 1254000/12404781 (10.109%)
entry 1256000/12404781 (10.1251%)
entry 1257000/12404781 (10.1332%)
entry 1258000/12404781 (10.1413%)
entry 1259000/12404781 (10.1493%)
entry 1261000/12404781 (10.1654%)
entry 1262000/12404781 (10.1735%)
entry 1264000/12404781 (10.1896%)
entry 1266000/12404781 (10.2057%)
entry 1267000/12404781 (10.2138%)
entry 1275000/12404781 (10.2783%)
entry 1279000/12404781 (10.3105%)
entry 1280000/12404781 (10.3186%)
entry 1282000/12404781 (10.3347%)
entry 1284000/12404781 (10.3508%)
entry 1285000/12404781 (10.3589%)
entry 1286000/12404781 (10.367%)
entry 1295000/12404781 (10.4395%)
entry 1296000/12404781 (10.4476%)
entry 1297000/12404781 (10.4556%)
entry 1299000/12404781 (10.4718%)
entry 1300000/12404781 (10.4798%)
entry 1301000/12404781 (10.4879%)
entry 1308000/12404781 (10.5443%)
entry 1309000/12404781 (10.5524%)
entry 1310000/12404781 (10.5604%)
entry 1311000/12404781 (10.5685%)
entry 1314000/12404781 (10.5927%)
entry 1315000/12404781 (10.6008%)
entry 1318000/12404781 (10.6249%)
entry 1319000/12404781 (10.633%)
entry 1321000/12404781 (10.6491%)
entry 1324000/12404781 (10.6733%)
entry 1326000/12404781 (10.6894%)
entry 1327000/12404781 (10.6975%)
entry 1334000/12404781 (10.7539%)
entry 1337000/12404781 (10.7781%)
entry 1340000/12404781 (10.8023%)
entry 1342000/12404781 (10.8184%)
entry 1343000/12404781 (10.8265%)
entry 1346000/12404781 (10.8507%)
entry 1349000/12404781 (10.8748%)
entry 1352000/12404781 (10.899%)
entry 1354000/12404781 (10.9151%)
entry 1356000/12404781 (10.9313%)
entry 1358000/12404781 (10.9474%)
entry 1359000/12404781 (10.9555%)
entry 1360000/12404781 (10.9635%)
entry 1363000/12404781 (10.9877%)
entry 1366000/12404781 (11.0119%)
entry 1368000/12404781 (11.028%)
entry 1375000/12404781 (11.0844%)
entry 1377000/12404781 (11.1006%)
entry 1379000/12404781 (11.1167%)
entry 1381000/12404781 (11.1328%)
entry 1383000/12404781 (11.1489%)
entry 1387000/12404781 (11.1812%)
entry 1388000/12404781 (11.1892%)
entry 1389000/12404781 (11.1973%)
entry 1390000/12404781 (11.2054%)
entry 1393000/12404781 (11.2295%)
entry 1395000/12404781 (11.2457%)
entry 1397000/12404781 (11.2618%)
entry 1398000/12404781 (11.2698%)
entry 1399000/12404781 (11.2779%)
entry 1400000/12404781 (11.286%)
entry 1402000/12404781 (11.3021%)
entry 1405000/12404781 (11.3263%)
entry 1406000/12404781 (11.3343%)
entry 1407000/12404781 (11.3424%)
entry 1409000/12404781 (11.3585%)
entry 1414000/12404781 (11.3988%)
entry 1418000/12404781 (11.4311%)
entry 1421000/12404781 (11.4553%)
entry 1422000/12404781 (11.4633%)
entry 1423000/12404781 (11.4714%)
entry 1429000/12404781 (11.5198%)
entry 1431000/12404781 (11.5359%)
entry 1433000/12404781 (11.552%)
entry 1434000/12404781 (11.5601%)
entry 1435000/12404781 (11.5681%)
entry 1436000/12404781 (11.5762%)
entry 1438000/12404781 (11.5923%)
entry 1444000/12404781 (11.6407%)
entry 1451000/12404781 (11.6971%)
entry 1453000/12404781 (11.7132%)
entry 1455000/12404781 (11.7293%)
entry 1457000/12404781 (11.7455%)
entry 1459000/12404781 (11.7616%)
entry 1460000/12404781 (11.7697%)
entry 1461000/12404781 (11.7777%)
entry 1466000/12404781 (11.818%)
entry 1468000/12404781 (11.8341%)
entry 1471000/12404781 (11.8583%)
entry 1473000/12404781 (11.8745%)
entry 1481000/12404781 (11.9389%)
entry 1483000/12404781 (11.9551%)
entry 1487000/12404781 (11.9873%)
entry 1489000/12404781 (12.0034%)
entry 1495000/12404781 (12.0518%)
entry 1497000/12404781 (12.0679%)
entry 1503000/12404781 (12.1163%)
entry 1506000/12404781 (12.1405%)
entry 1507000/12404781 (12.1485%)
entry 1509000/12404781 (12.1647%)
entry 1515000/12404781 (12.213%)
entry 1516000/12404781 (12.2211%)
entry 1517000/12404781 (12.2292%)
entry 1519000/12404781 (12.2453%)
entry 1520000/12404781 (12.2533%)
entry 1525000/12404781 (12.2936%)
entry 1536000/12404781 (12.3823%)
entry 1537000/12404781 (12.3904%)
entry 1538000/12404781 (12.3984%)
entry 1544000/12404781 (12.4468%)
entry 1545000/12404781 (12.4549%)
entry 1547000/12404781 (12.471%)
entry 1548000/12404781 (12.4791%)
entry 1556000/12404781 (12.5436%)
entry 1558000/12404781 (12.5597%)
entry 1559000/12404781 (12.5677%)
entry 1561000/12404781 (12.5839%)
entry 1565000/12404781 (12.6161%)
entry 1567000/12404781 (12.6322%)
entry 1568000/12404781 (12.6403%)
entry 1569000/12404781 (12.6483%)
entry 1574000/12404781 (12.6887%)
entry 1576000/12404781 (12.7048%)
entry 1578000/12404781 (12.7209%)
entry 1582000/12404781 (12.7531%)
entry 1593000/12404781 (12.8418%)
entry 1596000/12404781 (12.866%)
entry 1598000/12404781 (12.8821%)
entry 1599000/12404781 (12.8902%)
entry 1604000/12404781 (12.9305%)
entry 1605000/12404781 (12.9386%)
entry 1606000/12404781 (12.9466%)
entry 1608000/12404781 (12.9627%)
entry 1613000/12404781 (13.0031%)
entry 1615000/12404781 (13.0192%)
entry 1617000/12404781 (13.0353%)
entry 1618000/12404781 (13.0434%)
entry 1619000/12404781 (13.0514%)
entry 1621000/12404781 (13.0675%)
entry 1622000/12404781 (13.0756%)
entry 1625000/12404781 (13.0998%)
entry 1626000/12404781 (13.1078%)
entry 1627000/12404781 (13.1159%)
entry 1628000/12404781 (13.124%)
entry 1629000/12404781 (13.132%)
entry 1630000/12404781 (13.1401%)
entry 1632000/12404781 (13.1562%)
entry 1636000/12404781 (13.1885%)
entry 1637000/12404781 (13.1965%)
entry 1639000/12404781 (13.2126%)
entry 1640000/12404781 (13.2207%)
entry 1642000/12404781 (13.2368%)
entry 1645000/12404781 (13.261%)
entry 1646000/12404781 (13.2691%)
entry 1648000/12404781 (13.2852%)
entry 1649000/12404781 (13.2933%)
entry 1651000/12404781 (13.3094%)
entry 1652000/12404781 (13.3174%)
entry 1654000/12404781 (13.3336%)
entry 1655000/12404781 (13.3416%)
entry 1656000/12404781 (13.3497%)
entry 1659000/12404781 (13.3739%)
entry 1660000/12404781 (13.3819%)
entry 1662000/12404781 (13.3981%)
entry 1667000/12404781 (13.4384%)
entry 1669000/12404781 (13.4545%)
entry 1671000/12404781 (13.4706%)
entry 1673000/12404781 (13.4867%)
entry 1678000/12404781 (13.527%)
entry 1684000/12404781 (13.5754%)
entry 1686000/12404781 (13.5915%)
entry 1687000/12404781 (13.5996%)
entry 1691000/12404781 (13.6318%)
entry 1692000/12404781 (13.6399%)
entry 1694000/12404781 (13.656%)
entry 1702000/12404781 (13.7205%)
entry 1703000/12404781 (13.7286%)
entry 1704000/12404781 (13.7366%)
entry 1710000/12404781 (13.785%)
entry 1714000/12404781 (13.8173%)
entry 1715000/12404781 (13.8253%)
entry 1717000/12404781 (13.8414%)
entry 1719000/12404781 (13.8576%)
entry 1724000/12404781 (13.8979%)
entry 1725000/12404781 (13.9059%)
entry 1734000/12404781 (13.9785%)
entry 1736000/12404781 (13.9946%)
entry 1738000/12404781 (14.0107%)
entry 1740000/12404781 (14.0269%)
entry 1741000/12404781 (14.0349%)
entry 1742000/12404781 (14.043%)
entry 1743000/12404781 (14.051%)
entry 1746000/12404781 (14.0752%)
entry 1750000/12404781 (14.1075%)
entry 1754000/12404781 (14.1397%)
entry 1755000/12404781 (14.1478%)
entry 1764000/12404781 (14.2203%)
entry 1765000/12404781 (14.2284%)
entry 1766000/12404781 (14.2364%)
entry 1767000/12404781 (14.2445%)
entry 1768000/12404781 (14.2526%)
entry 1774000/12404781 (14.3009%)
entry 1775000/12404781 (14.309%)
entry 1777000/12404781 (14.3251%)
entry 1784000/12404781 (14.3816%)
entry 1788000/12404781 (14.4138%)
entry 1789000/12404781 (14.4219%)
entry 1790000/12404781 (14.4299%)
entry 1796000/12404781 (14.4783%)
entry 1800000/12404781 (14.5105%)
entry 1808000/12404781 (14.575%)
entry 1815000/12404781 (14.6315%)
entry 1816000/12404781 (14.6395%)
entry 1821000/12404781 (14.6798%)
entry 1824000/12404781 (14.704%)
entry 1829000/12404781 (14.7443%)
entry 1837000/12404781 (14.8088%)
entry 1839000/12404781 (14.8249%)
entry 1843000/12404781 (14.8572%)
entry 1844000/12404781 (14.8652%)
entry 1845000/12404781 (14.8733%)
entry 1846000/12404781 (14.8814%)
entry 1847000/12404781 (14.8894%)
entry 1855000/12404781 (14.9539%)
entry 1857000/12404781 (14.97%)
entry 1858000/12404781 (14.9781%)
entry 1860000/12404781 (14.9942%)
entry 1861000/12404781 (15.0023%)
entry 1862000/12404781 (15.0103%)
entry 1863000/12404781 (15.0184%)
entry 1865000/12404781 (15.0345%)
entry 1866000/12404781 (15.0426%)
entry 1867000/12404781 (15.0506%)
entry 1868000/12404781 (15.0587%)
entry 1869000/12404781 (15.0668%)
entry 1876000/12404781 (15.1232%)
entry 1880000/12404781 (15.1554%)
entry 1881000/12404781 (15.1635%)
entry 1883000/12404781 (15.1796%)
entry 1886000/12404781 (15.2038%)
entry 1887000/12404781 (15.2119%)
entry 1890000/12404781 (15.2361%)
entry 1893000/12404781 (15.2602%)
entry 1897000/12404781 (15.2925%)
entry 1899000/12404781 (15.3086%)
entry 1903000/12404781 (15.3409%)
entry 1905000/12404781 (15.357%)
entry 1907000/12404781 (15.3731%)
entry 1908000/12404781 (15.3812%)
entry 1909000/12404781 (15.3892%)
entry 1914000/12404781 (15.4295%)
entry 1917000/12404781 (15.4537%)
entry 1919000/12404781 (15.4698%)
entry 1925000/12404781 (15.5182%)
entry 1928000/12404781 (15.5424%)
entry 1934000/12404781 (15.5908%)
entry 1937000/12404781 (15.6149%)
entry 1943000/12404781 (15.6633%)
entry 1946000/12404781 (15.6875%)
entry 1948000/12404781 (15.7036%)
entry 1960000/12404781 (15.8004%)
entry 1962000/12404781 (15.8165%)
entry 1963000/12404781 (15.8245%)
entry 1964000/12404781 (15.8326%)
entry 1966000/12404781 (15.8487%)
entry 1971000/12404781 (15.889%)
entry 1976000/12404781 (15.9293%)
entry 1978000/12404781 (15.9455%)
entry 1979000/12404781 (15.9535%)
entry 1980000/12404781 (15.9616%)
entry 1988000/12404781 (16.0261%)
entry 1992000/12404781 (16.0583%)
entry 1994000/12404781 (16.0744%)
entry 1995000/12404781 (16.0825%)
entry 1996000/12404781 (16.0906%)
entry 1997000/12404781 (16.0986%)
entry 1999000/12404781 (16.1148%)
entry 2003000/12404781 (16.147%)
entry 2005000/12404781 (16.1631%)
entry 2007000/12404781 (16.1792%)
entry 2008000/12404781 (16.1873%)
entry 2011000/12404781 (16.2115%)
entry 2013000/12404781 (16.2276%)
entry 2016000/12404781 (16.2518%)
entry 2017000/12404781 (16.2599%)
entry 2018000/12404781 (16.2679%)
entry 2019000/12404781 (16.276%)
entry 2023000/12404781 (16.3082%)
entry 2024000/12404781 (16.3163%)
entry 2027000/12404781 (16.3405%)
entry 2028000/12404781 (16.3485%)
entry 2030000/12404781 (16.3647%)
entry 2036000/12404781 (16.413%)
entry 2038000/12404781 (16.4292%)
entry 2039000/12404781 (16.4372%)
entry 2040000/12404781 (16.4453%)
entry 2042000/12404781 (16.4614%)
entry 2046000/12404781 (16.4936%)
entry 2049000/12404781 (16.5178%)
entry 2050000/12404781 (16.5259%)
entry 2057000/12404781 (16.5823%)
entry 2059000/12404781 (16.5984%)
entry 2062000/12404781 (16.6226%)
entry 2063000/12404781 (16.6307%)
entry 2065000/12404781 (16.6468%)
entry 2068000/12404781 (16.671%)
entry 2070000/12404781 (16.6871%)
entry 2074000/12404781 (16.7194%)
entry 2077000/12404781 (16.7435%)
entry 2080000/12404781 (16.7677%)
entry 2083000/12404781 (16.7919%)
entry 2090000/12404781 (16.8483%)
entry 2091000/12404781 (16.8564%)
entry 2095000/12404781 (16.8886%)
entry 2096000/12404781 (16.8967%)
entry 2098000/12404781 (16.9128%)
entry 2102000/12404781 (16.9451%)
entry 2104000/12404781 (16.9612%)
entry 2107000/12404781 (16.9854%)
entry 2122000/12404781 (17.1063%)
entry 2128000/12404781 (17.1547%)
entry 2133000/12404781 (17.195%)
entry 2136000/12404781 (17.2192%)
entry 2137000/12404781 (17.2272%)
entry 2140000/12404781 (17.2514%)
entry 2143000/12404781 (17.2756%)
entry 2144000/12404781 (17.2837%)
entry 2145000/12404781 (17.2917%)
entry 2147000/12404781 (17.3078%)
entry 2148000/12404781 (17.3159%)
entry 2152000/12404781 (17.3481%)
entry 2153000/12404781 (17.3562%)
entry 2154000/12404781 (17.3643%)
entry 2157000/12404781 (17.3885%)
entry 2161000/12404781 (17.4207%)
entry 2162000/12404781 (17.4288%)
entry 2165000/12404781 (17.4529%)
entry 2169000/12404781 (17.4852%)
entry 2172000/12404781 (17.5094%)
entry 2175000/12404781 (17.5336%)
entry 2177000/12404781 (17.5497%)
entry 2178000/12404781 (17.5577%)
entry 2179000/12404781 (17.5658%)
entry 2184000/12404781 (17.6061%)
entry 2188000/12404781 (17.6384%)
entry 2190000/12404781 (17.6545%)
entry 2191000/12404781 (17.6625%)
entry 2194000/12404781 (17.6867%)
entry 2196000/12404781 (17.7029%)
entry 2198000/12404781 (17.719%)
entry 2200000/12404781 (17.7351%)
entry 2209000/12404781 (17.8077%)
entry 2214000/12404781 (17.848%)
entry 2215000/12404781 (17.856%)
entry 2217000/12404781 (17.8721%)
entry 2218000/12404781 (17.8802%)
entry 2222000/12404781 (17.9124%)
entry 2224000/12404781 (17.9286%)
entry 2234000/12404781 (18.0092%)
entry 2235000/12404781 (18.0172%)
entry 2239000/12404781 (18.0495%)
entry 2241000/12404781 (18.0656%)
entry 2243000/12404781 (18.0817%)
entry 2245000/12404781 (18.0979%)
entry 2247000/12404781 (18.114%)
entry 2249000/12404781 (18.1301%)
entry 2251000/12404781 (18.1462%)
entry 2255000/12404781 (18.1785%)
entry 2256000/12404781 (18.1865%)
entry 2259000/12404781 (18.2107%)
entry 2261000/12404781 (18.2268%)
entry 2262000/12404781 (18.2349%)
entry 2269000/12404781 (18.2913%)
entry 2270000/12404781 (18.2994%)
entry 2272000/12404781 (18.3155%)
entry 2273000/12404781 (18.3236%)
entry 2275000/12404781 (18.3397%)
entry 2281000/12404781 (18.3881%)
entry 2292000/12404781 (18.4767%)
entry 2293000/12404781 (18.4848%)
entry 2296000/12404781 (18.509%)
entry 2297000/12404781 (18.5171%)
entry 2301000/12404781 (18.5493%)
entry 2302000/12404781 (18.5574%)
entry 2310000/12404781 (18.6219%)
entry 2311000/12404781 (18.6299%)
entry 2319000/12404781 (18.6944%)
entry 2322000/12404781 (18.7186%)
entry 2323000/12404781 (18.7267%)
entry 2324000/12404781 (18.7347%)
entry 2326000/12404781 (18.7508%)
entry 2327000/12404781 (18.7589%)
entry 2329000/12404781 (18.775%)
entry 2333000/12404781 (18.8073%)
entry 2335000/12404781 (18.8234%)
entry 2342000/12404781 (18.8798%)
entry 2345000/12404781 (18.904%)
entry 2346000/12404781 (18.9121%)
entry 2351000/12404781 (18.9524%)
entry 2354000/12404781 (18.9766%)
entry 2357000/12404781 (19.0007%)
entry 2359000/12404781 (19.0169%)
entry 2360000/12404781 (19.0249%)
entry 2366000/12404781 (19.0733%)
entry 2367000/12404781 (19.0814%)
entry 2372000/12404781 (19.1217%)
entry 2374000/12404781 (19.1378%)
entry 2375000/12404781 (19.1458%)
entry 2377000/12404781 (19.162%)
entry 2379000/12404781 (19.1781%)
entry 2380000/12404781 (19.1862%)
entry 2385000/12404781 (19.2265%)
entry 2386000/12404781 (19.2345%)
entry 2387000/12404781 (19.2426%)
entry 2389000/12404781 (19.2587%)
entry 2396000/12404781 (19.3151%)
entry 2398000/12404781 (19.3313%)
entry 2404000/12404781 (19.3796%)
entry 2406000/12404781 (19.3957%)
entry 2407000/12404781 (19.4038%)
entry 2412000/12404781 (19.4441%)
entry 2413000/12404781 (19.4522%)
entry 2414000/12404781 (19.4602%)
entry 2417000/12404781 (19.4844%)
entry 2418000/12404781 (19.4925%)
entry 2421000/12404781 (19.5167%)
entry 2422000/12404781 (19.5247%)
entry 2423000/12404781 (19.5328%)
entry 2424000/12404781 (19.5409%)
entry 2425000/12404781 (19.5489%)
entry 2427000/12404781 (19.565%)
entry 2430000/12404781 (19.5892%)
entry 2431000/12404781 (19.5973%)
entry 2434000/12404781 (19.6215%)
entry 2436000/12404781 (19.6376%)
entry 2440000/12404781 (19.6698%)
entry 2443000/12404781 (19.694%)
entry 2444000/12404781 (19.7021%)
entry 2448000/12404781 (19.7343%)
entry 2452000/12404781 (19.7666%)
entry 2454000/12404781 (19.7827%)
entry 2456000/12404781 (19.7988%)
entry 2459000/12404781 (19.823%)
entry 2461000/12404781 (19.8391%)
entry 2465000/12404781 (19.8714%)
entry 2468000/12404781 (19.8956%)
entry 2469000/12404781 (19.9036%)
entry 2471000/12404781 (19.9197%)
entry 2472000/12404781 (19.9278%)
entry 2473000/12404781 (19.9359%)
entry 2476000/12404781 (19.96%)
entry 2477000/12404781 (19.9681%)
entry 2479000/12404781 (19.9842%)
entry 2480000/12404781 (19.9923%)
entry 2481000/12404781 (20.0004%)
entry 2486000/12404781 (20.0407%)
entry 2488000/12404781 (20.0568%)
entry 2490000/12404781 (20.0729%)
entry 2491000/12404781 (20.081%)
entry 2494000/12404781 (20.1052%)
entry 2495000/12404781 (20.1132%)
entry 2500000/12404781 (20.1535%)
entry 2501000/12404781 (20.1616%)
entry 2502000/12404781 (20.1696%)
entry 2505000/12404781 (20.1938%)
entry 2507000/12404781 (20.21%)
entry 2508000/12404781 (20.218%)
entry 2510000/12404781 (20.2341%)
entry 2511000/12404781 (20.2422%)
entry 2515000/12404781 (20.2744%)
entry 2517000/12404781 (20.2906%)
entry 2520000/12404781 (20.3147%)
entry 2521000/12404781 (20.3228%)
entry 2522000/12404781 (20.3309%)
entry 2526000/12404781 (20.3631%)
entry 2531000/12404781 (20.4034%)
entry 2543000/12404781 (20.5002%)
entry 2546000/12404781 (20.5243%)
entry 2562000/12404781 (20.6533%)
entry 2566000/12404781 (20.6856%)
entry 2567000/12404781 (20.6936%)
entry 2571000/12404781 (20.7259%)
entry 2575000/12404781 (20.7581%)
entry 2598000/12404781 (20.9435%)
entry 2600000/12404781 (20.9597%)
entry 2602000/12404781 (20.9758%)
entry 2604000/12404781 (20.9919%)
entry 2607000/12404781 (21.0161%)
entry 2608000/12404781 (21.0242%)
entry 2610000/12404781 (21.0403%)
entry 2617000/12404781 (21.0967%)
entry 2620000/12404781 (21.1209%)
entry 2621000/12404781 (21.1289%)
entry 2623000/12404781 (21.1451%)
entry 2624000/12404781 (21.1531%)
entry 2626000/12404781 (21.1693%)
entry 2628000/12404781 (21.1854%)
entry 2629000/12404781 (21.1934%)
entry 2631000/12404781 (21.2096%)
entry 2636000/12404781 (21.2499%)
entry 2638000/12404781 (21.266%)
entry 2647000/12404781 (21.3385%)
entry 2650000/12404781 (21.3627%)
entry 2651000/12404781 (21.3708%)
entry 2652000/12404781 (21.3789%)
entry 2654000/12404781 (21.395%)
entry 2661000/12404781 (21.4514%)
entry 2664000/12404781 (21.4756%)
entry 2666000/12404781 (21.4917%)
entry 2671000/12404781 (21.532%)
entry 2672000/12404781 (21.5401%)
entry 2673000/12404781 (21.5481%)
entry 2678000/12404781 (21.5885%)
entry 2679000/12404781 (21.5965%)
entry 2686000/12404781 (21.6529%)
entry 2687000/12404781 (21.661%)
entry 2689000/12404781 (21.6771%)
entry 2694000/12404781 (21.7174%)
entry 2696000/12404781 (21.7336%)
entry 2698000/12404781 (21.7497%)
entry 2701000/12404781 (21.7739%)
entry 2702000/12404781 (21.7819%)
entry 2703000/12404781 (21.79%)
entry 2706000/12404781 (21.8142%)
entry 2707000/12404781 (21.8222%)
entry 2708000/12404781 (21.8303%)
entry 2714000/12404781 (21.8787%)
entry 2720000/12404781 (21.927%)
entry 2721000/12404781 (21.9351%)
entry 2722000/12404781 (21.9432%)
entry 2723000/12404781 (21.9512%)
entry 2724000/12404781 (21.9593%)
entry 2725000/12404781 (21.9673%)
entry 2726000/12404781 (21.9754%)
entry 2728000/12404781 (21.9915%)
entry 2735000/12404781 (22.048%)
entry 2736000/12404781 (22.056%)
entry 2741000/12404781 (22.0963%)
entry 2744000/12404781 (22.1205%)
entry 2750000/12404781 (22.1689%)
entry 2751000/12404781 (22.1769%)
entry 2752000/12404781 (22.185%)
entry 2754000/12404781 (22.2011%)
entry 2756000/12404781 (22.2172%)
entry 2757000/12404781 (22.2253%)
entry 2758000/12404781 (22.2334%)
entry 2759000/12404781 (22.2414%)
entry 2764000/12404781 (22.2817%)
entry 2765000/12404781 (22.2898%)
entry 2767000/12404781 (22.3059%)
entry 2771000/12404781 (22.3382%)
entry 2778000/12404781 (22.3946%)
entry 2779000/12404781 (22.4027%)
entry 2786000/12404781 (22.4591%)
entry 2792000/12404781 (22.5075%)
entry 2793000/12404781 (22.5155%)
entry 2794000/12404781 (22.5236%)
entry 2798000/12404781 (22.5558%)
entry 2799000/12404781 (22.5639%)
entry 2802000/12404781 (22.5881%)
entry 2807000/12404781 (22.6284%)
entry 2808000/12404781 (22.6364%)
entry 2817000/12404781 (22.709%)
entry 2819000/12404781 (22.7251%)
entry 2823000/12404781 (22.7574%)
entry 2825000/12404781 (22.7735%)
entry 2829000/12404781 (22.8057%)
entry 2830000/12404781 (22.8138%)
entry 2837000/12404781 (22.8702%)
entry 2842000/12404781 (22.9105%)
entry 2844000/12404781 (22.9266%)
entry 2847000/12404781 (22.9508%)
entry 2852000/12404781 (22.9911%)
entry 2860000/12404781 (23.0556%)
entry 2873000/12404781 (23.1604%)
entry 2876000/12404781 (23.1846%)
entry 2879000/12404781 (23.2088%)
entry 2886000/12404781 (23.2652%)
entry 2887000/12404781 (23.2733%)
entry 2890000/12404781 (23.2975%)
entry 2891000/12404781 (23.3055%)
entry 2896000/12404781 (23.3458%)
entry 2898000/12404781 (23.362%)
entry 2901000/12404781 (23.3861%)
entry 2902000/12404781 (23.3942%)
entry 2916000/12404781 (23.5071%)
entry 2918000/12404781 (23.5232%)
entry 2922000/12404781 (23.5554%)
entry 2928000/12404781 (23.6038%)
entry 2930000/12404781 (23.6199%)
entry 2931000/12404781 (23.628%)
entry 2933000/12404781 (23.6441%)
entry 2934000/12404781 (23.6522%)
entry 2943000/12404781 (23.7247%)
entry 2947000/12404781 (23.757%)
entry 2953000/12404781 (23.8053%)
entry 2958000/12404781 (23.8456%)
entry 2963000/12404781 (23.886%)
entry 2968000/12404781 (23.9263%)
entry 2970000/12404781 (23.9424%)
entry 2971000/12404781 (23.9504%)
entry 2972000/12404781 (23.9585%)
entry 2975000/12404781 (23.9827%)
entry 2976000/12404781 (23.9908%)
entry 2977000/12404781 (23.9988%)
entry 2981000/12404781 (24.0311%)
entry 2982000/12404781 (24.0391%)
entry 2983000/12404781 (24.0472%)
entry 2984000/12404781 (24.0552%)
entry 2988000/12404781 (24.0875%)
entry 2992000/12404781 (24.1197%)
entry 2997000/12404781 (24.16%)
entry 3001000/12404781 (24.1923%)
entry 3007000/12404781 (24.2407%)
entry 3011000/12404781 (24.2729%)
entry 3012000/12404781 (24.281%)
entry 3014000/12404781 (24.2971%)
entry 3017000/12404781 (24.3213%)
entry 3018000/12404781 (24.3293%)
entry 3021000/12404781 (24.3535%)
entry 3022000/12404781 (24.3616%)
entry 3023000/12404781 (24.3696%)
entry 3025000/12404781 (24.3858%)
entry 3030000/12404781 (24.4261%)
entry 3031000/12404781 (24.4341%)
entry 3035000/12404781 (24.4664%)
entry 3036000/12404781 (24.4744%)
entry 3038000/12404781 (24.4906%)
entry 3040000/12404781 (24.5067%)
entry 3041000/12404781 (24.5147%)
entry 3043000/12404781 (24.5309%)
entry 3044000/12404781 (24.5389%)
entry 3049000/12404781 (24.5792%)
entry 3050000/12404781 (24.5873%)
entry 3052000/12404781 (24.6034%)
entry 3057000/12404781 (24.6437%)
entry 3058000/12404781 (24.6518%)
entry 3060000/12404781 (24.6679%)
entry 3064000/12404781 (24.7002%)
entry 3066000/12404781 (24.7163%)
entry 3069000/12404781 (24.7405%)
entry 3070000/12404781 (24.7485%)
entry 3073000/12404781 (24.7727%)
entry 3079000/12404781 (24.8211%)
entry 3080000/12404781 (24.8291%)
entry 3082000/12404781 (24.8453%)
entry 3085000/12404781 (24.8694%)
entry 3086000/12404781 (24.8775%)
entry 3094000/12404781 (24.942%)
entry 3096000/12404781 (24.9581%)
entry 3098000/12404781 (24.9742%)
entry 3099000/12404781 (24.9823%)
entry 3105000/12404781 (25.0307%)
entry 3110000/12404781 (25.071%)
entry 3113000/12404781 (25.0952%)
entry 3114000/12404781 (25.1032%)
entry 3115000/12404781 (25.1113%)
entry 3116000/12404781 (25.1193%)
entry 3117000/12404781 (25.1274%)
entry 3120000/12404781 (25.1516%)
entry 3123000/12404781 (25.1758%)
entry 3125000/12404781 (25.1919%)
entry 3126000/12404781 (25.2%)
entry 3131000/12404781 (25.2403%)
entry 3136000/12404781 (25.2806%)
entry 3137000/12404781 (25.2886%)
entry 3138000/12404781 (25.2967%)
entry 3143000/12404781 (25.337%)
entry 3145000/12404781 (25.3531%)
entry 3146000/12404781 (25.3612%)
entry 3147000/12404781 (25.3693%)
entry 3149000/12404781 (25.3854%)
entry 3150000/12404781 (25.3934%)
entry 3152000/12404781 (25.4096%)
entry 3158000/12404781 (25.4579%)
entry 3162000/12404781 (25.4902%)
entry 3163000/12404781 (25.4982%)
entry 3164000/12404781 (25.5063%)
entry 3165000/12404781 (25.5144%)
entry 3166000/12404781 (25.5224%)
entry 3169000/12404781 (25.5466%)
entry 3177000/12404781 (25.6111%)
entry 3179000/12404781 (25.6272%)
entry 3183000/12404781 (25.6595%)
entry 3184000/12404781 (25.6675%)
entry 3185000/12404781 (25.6756%)
entry 3187000/12404781 (25.6917%)
entry 3191000/12404781 (25.724%)
entry 3193000/12404781 (25.7401%)
entry 3200000/12404781 (25.7965%)
entry 3201000/12404781 (25.8046%)
entry 3206000/12404781 (25.8449%)
entry 3207000/12404781 (25.8529%)
entry 3209000/12404781 (25.8691%)
entry 3211000/12404781 (25.8852%)
entry 3213000/12404781 (25.9013%)
entry 3217000/12404781 (25.9335%)
entry 3218000/12404781 (25.9416%)
entry 3224000/12404781 (25.99%)
entry 3226000/12404781 (26.0061%)
entry 3227000/12404781 (26.0142%)
entry 3229000/12404781 (26.0303%)
entry 3230000/12404781 (26.0383%)
entry 3236000/12404781 (26.0867%)
entry 3237000/12404781 (26.0948%)
entry 3244000/12404781 (26.1512%)
entry 3245000/12404781 (26.1593%)
entry 3246000/12404781 (26.1673%)
entry 3250000/12404781 (26.1996%)
entry 3253000/12404781 (26.2238%)
entry 3254000/12404781 (26.2318%)
entry 3255000/12404781 (26.2399%)
entry 3256000/12404781 (26.2479%)
entry 3257000/12404781 (26.256%)
entry 3263000/12404781 (26.3044%)
entry 3264000/12404781 (26.3124%)
entry 3265000/12404781 (26.3205%)
entry 3266000/12404781 (26.3286%)
entry 3267000/12404781 (26.3366%)
entry 3271000/12404781 (26.3689%)
entry 3272000/12404781 (26.3769%)
entry 3274000/12404781 (26.393%)
entry 3275000/12404781 (26.4011%)
entry 3279000/12404781 (26.4334%)
entry 3281000/12404781 (26.4495%)
entry 3282000/12404781 (26.4575%)
entry 3287000/12404781 (26.4978%)
entry 3294000/12404781 (26.5543%)
entry 3295000/12404781 (26.5623%)
entry 3298000/12404781 (26.5865%)
entry 3299000/12404781 (26.5946%)
entry 3300000/12404781 (26.6026%)
entry 3301000/12404781 (26.6107%)
entry 3304000/12404781 (26.6349%)
entry 3305000/12404781 (26.643%)
entry 3311000/12404781 (26.6913%)
entry 3312000/12404781 (26.6994%)
entry 3317000/12404781 (26.7397%)
entry 3318000/12404781 (26.7478%)
entry 3323000/12404781 (26.7881%)
entry 3324000/12404781 (26.7961%)
entry 3327000/12404781 (26.8203%)
entry 3328000/12404781 (26.8284%)
entry 3330000/12404781 (26.8445%)
entry 3333000/12404781 (26.8687%)
entry 3334000/12404781 (26.8767%)
entry 3335000/12404781 (26.8848%)
entry 3336000/12404781 (26.8929%)
entry 3337000/12404781 (26.9009%)
entry 3342000/12404781 (26.9412%)
entry 3343000/12404781 (26.9493%)
entry 3344000/12404781 (26.9573%)
entry 3345000/12404781 (26.9654%)
entry 3348000/12404781 (26.9896%)
entry 3354000/12404781 (27.038%)
entry 3360000/12404781 (27.0863%)
entry 3361000/12404781 (27.0944%)
entry 3367000/12404781 (27.1428%)
entry 3368000/12404781 (27.1508%)
entry 3372000/12404781 (27.1831%)
entry 3373000/12404781 (27.1911%)
entry 3377000/12404781 (27.2234%)
entry 3381000/12404781 (27.2556%)
entry 3385000/12404781 (27.2879%)
entry 3389000/12404781 (27.3201%)
entry 3391000/12404781 (27.3362%)
entry 3396000/12404781 (27.3765%)
entry 3404000/12404781 (27.441%)
entry 3409000/12404781 (27.4813%)
entry 3410000/12404781 (27.4894%)
entry 3413000/12404781 (27.5136%)
entry 3415000/12404781 (27.5297%)
entry 3416000/12404781 (27.5378%)
entry 3418000/12404781 (27.5539%)
entry 3419000/12404781 (27.562%)
entry 3420000/12404781 (27.57%)
entry 3422000/12404781 (27.5861%)
entry 3434000/12404781 (27.6829%)
entry 3435000/12404781 (27.6909%)
entry 3438000/12404781 (27.7151%)
entry 3439000/12404781 (27.7232%)
entry 3440000/12404781 (27.7312%)
entry 3441000/12404781 (27.7393%)
entry 3442000/12404781 (27.7474%)
entry 3443000/12404781 (27.7554%)
entry 3444000/12404781 (27.7635%)
entry 3445000/12404781 (27.7716%)
entry 3448000/12404781 (27.7957%)
entry 3453000/12404781 (27.836%)
entry 3457000/12404781 (27.8683%)
entry 3458000/12404781 (27.8763%)
entry 3462000/12404781 (27.9086%)
entry 3465000/12404781 (27.9328%)
entry 3466000/12404781 (27.9408%)
entry 3470000/12404781 (27.9731%)
entry 3472000/12404781 (27.9892%)
entry 3478000/12404781 (28.0376%)
entry 3479000/12404781 (28.0456%)
entry 3481000/12404781 (28.0618%)
entry 3484000/12404781 (28.0859%)
entry 3487000/12404781 (28.1101%)
entry 3488000/12404781 (28.1182%)
entry 3491000/12404781 (28.1424%)
entry 3493000/12404781 (28.1585%)
entry 3499000/12404781 (28.2069%)
entry 3502000/12404781 (28.2311%)
entry 3507000/12404781 (28.2714%)
entry 3508000/12404781 (28.2794%)
entry 3509000/12404781 (28.2875%)
entry 3511000/12404781 (28.3036%)
entry 3513000/12404781 (28.3197%)
entry 3514000/12404781 (28.3278%)
entry 3515000/12404781 (28.3358%)
entry 3518000/12404781 (28.36%)
entry 3522000/12404781 (28.3923%)
entry 3523000/12404781 (28.4003%)
entry 3524000/12404781 (28.4084%)
entry 3526000/12404781 (28.4245%)
entry 3527000/12404781 (28.4326%)
entry 3528000/12404781 (28.4406%)
entry 3529000/12404781 (28.4487%)
entry 3537000/12404781 (28.5132%)
entry 3542000/12404781 (28.5535%)
entry 3545000/12404781 (28.5777%)
entry 3557000/12404781 (28.6744%)
entry 3559000/12404781 (28.6905%)
entry 3564000/12404781 (28.7309%)
entry 3567000/12404781 (28.755%)
entry 3574000/12404781 (28.8115%)
entry 3575000/12404781 (28.8195%)
entry 3576000/12404781 (28.8276%)
entry 3586000/12404781 (28.9082%)
entry 3589000/12404781 (28.9324%)
entry 3591000/12404781 (28.9485%)
entry 3592000/12404781 (28.9566%)
entry 3598000/12404781 (29.0049%)
entry 3602000/12404781 (29.0372%)
entry 3604000/12404781 (29.0533%)
entry 3607000/12404781 (29.0775%)
entry 3611000/12404781 (29.1097%)
entry 3613000/12404781 (29.1259%)
entry 3614000/12404781 (29.1339%)
entry 3615000/12404781 (29.142%)
entry 3624000/12404781 (29.2145%)
entry 3625000/12404781 (29.2226%)
entry 3627000/12404781 (29.2387%)
entry 3628000/12404781 (29.2468%)
entry 3630000/12404781 (29.2629%)
entry 3631000/12404781 (29.271%)
entry 3634000/12404781 (29.2952%)
entry 3638000/12404781 (29.3274%)
entry 3640000/12404781 (29.3435%)
entry 3648000/12404781 (29.408%)
entry 3653000/12404781 (29.4483%)
entry 3654000/12404781 (29.4564%)
entry 3658000/12404781 (29.4886%)
entry 3659000/12404781 (29.4967%)
entry 3661000/12404781 (29.5128%)
entry 3668000/12404781 (29.5692%)
entry 3670000/12404781 (29.5854%)
entry 3671000/12404781 (29.5934%)
entry 3672000/12404781 (29.6015%)
entry 3676000/12404781 (29.6337%)
entry 3678000/12404781 (29.6499%)
entry 3679000/12404781 (29.6579%)
entry 3684000/12404781 (29.6982%)
entry 3685000/12404781 (29.7063%)
entry 3686000/12404781 (29.7143%)
entry 3687000/12404781 (29.7224%)
entry 3691000/12404781 (29.7547%)
entry 3693000/12404781 (29.7708%)
entry 3694000/12404781 (29.7788%)
entry 3696000/12404781 (29.795%)
entry 3701000/12404781 (29.8353%)
entry 3705000/12404781 (29.8675%)
entry 3707000/12404781 (29.8836%)
entry 3708000/12404781 (29.8917%)
entry 3710000/12404781 (29.9078%)
entry 3711000/12404781 (29.9159%)
entry 3712000/12404781 (29.9239%)
entry 3717000/12404781 (29.9643%)
entry 3721000/12404781 (29.9965%)
entry 3722000/12404781 (30.0046%)
entry 3724000/12404781 (30.0207%)
entry 3725000/12404781 (30.0287%)
entry 3732000/12404781 (30.0852%)
entry 3733000/12404781 (30.0932%)
entry 3737000/12404781 (30.1255%)
entry 3743000/12404781 (30.1739%)
entry 3746000/12404781 (30.198%)
entry 3747000/12404781 (30.2061%)
entry 3750000/12404781 (30.2303%)
entry 3753000/12404781 (30.2545%)
entry 3754000/12404781 (30.2625%)
entry 3758000/12404781 (30.2948%)
entry 3763000/12404781 (30.3351%)
entry 3764000/12404781 (30.3431%)
entry 3766000/12404781 (30.3593%)
entry 3771000/12404781 (30.3996%)
entry 3772000/12404781 (30.4076%)
entry 3773000/12404781 (30.4157%)
entry 3776000/12404781 (30.4399%)
entry 3777000/12404781 (30.4479%)
entry 3778000/12404781 (30.456%)
entry 3780000/12404781 (30.4721%)
entry 3781000/12404781 (30.4802%)
entry 3782000/12404781 (30.4882%)
entry 3787000/12404781 (30.5286%)
entry 3804000/12404781 (30.6656%)
entry 3806000/12404781 (30.6817%)
entry 3820000/12404781 (30.7946%)
entry 3821000/12404781 (30.8026%)
entry 3822000/12404781 (30.8107%)
entry 3825000/12404781 (30.8349%)
entry 3831000/12404781 (30.8833%)
entry 3835000/12404781 (30.9155%)
entry 3837000/12404781 (30.9316%)
entry 3840000/12404781 (30.9558%)
entry 3841000/12404781 (30.9639%)
entry 3844000/12404781 (30.9881%)
entry 3847000/12404781 (31.0122%)
entry 3849000/12404781 (31.0284%)
entry 3857000/12404781 (31.0928%)
entry 3858000/12404781 (31.1009%)
entry 3861000/12404781 (31.1251%)
entry 3862000/12404781 (31.1332%)
entry 3863000/12404781 (31.1412%)
entry 3873000/12404781 (31.2218%)
entry 3875000/12404781 (31.238%)
entry 3876000/12404781 (31.246%)
entry 3878000/12404781 (31.2621%)
entry 3879000/12404781 (31.2702%)
entry 3880000/12404781 (31.2783%)
entry 3889000/12404781 (31.3508%)
entry 3892000/12404781 (31.375%)
entry 3893000/12404781 (31.3831%)
entry 3895000/12404781 (31.3992%)
entry 3896000/12404781 (31.4072%)
entry 3898000/12404781 (31.4234%)
entry 3901000/12404781 (31.4476%)
entry 3904000/12404781 (31.4717%)
entry 3908000/12404781 (31.504%)
entry 3910000/12404781 (31.5201%)
entry 3911000/12404781 (31.5282%)
entry 3913000/12404781 (31.5443%)
entry 3916000/12404781 (31.5685%)
entry 3918000/12404781 (31.5846%)
entry 3925000/12404781 (31.641%)
entry 3926000/12404781 (31.6491%)
entry 3930000/12404781 (31.6813%)
entry 3933000/12404781 (31.7055%)
entry 3936000/12404781 (31.7297%)
entry 3938000/12404781 (31.7458%)
entry 3939000/12404781 (31.7539%)
entry 3940000/12404781 (31.7619%)
entry 3948000/12404781 (31.8264%)
entry 3949000/12404781 (31.8345%)
entry 3953000/12404781 (31.8667%)
entry 3956000/12404781 (31.8909%)
entry 3957000/12404781 (31.899%)
entry 3960000/12404781 (31.9232%)
entry 3962000/12404781 (31.9393%)
entry 3963000/12404781 (31.9474%)
entry 3964000/12404781 (31.9554%)
entry 3965000/12404781 (31.9635%)
entry 3966000/12404781 (31.9715%)
entry 3967000/12404781 (31.9796%)
entry 3970000/12404781 (32.0038%)
entry 3971000/12404781 (32.0119%)
entry 3972000/12404781 (32.0199%)
entry 3973000/12404781 (32.028%)
entry 3980000/12404781 (32.0844%)
entry 3981000/12404781 (32.0925%)
entry 3984000/12404781 (32.1166%)
entry 3987000/12404781 (32.1408%)
entry 3988000/12404781 (32.1489%)
entry 3990000/12404781 (32.165%)
entry 4005000/12404781 (32.2859%)
entry 4006000/12404781 (32.294%)
entry 4007000/12404781 (32.3021%)
entry 4012000/12404781 (32.3424%)
entry 4017000/12404781 (32.3827%)
entry 4022000/12404781 (32.423%)
entry 4024000/12404781 (32.4391%)
entry 4026000/12404781 (32.4552%)
entry 4027000/12404781 (32.4633%)
entry 4028000/12404781 (32.4713%)
entry 4030000/12404781 (32.4875%)
entry 4031000/12404781 (32.4955%)
entry 4032000/12404781 (32.5036%)
entry 4039000/12404781 (32.56%)
entry 4040000/12404781 (32.5681%)
entry 4044000/12404781 (32.6003%)
entry 4045000/12404781 (32.6084%)
entry 4046000/12404781 (32.6165%)
entry 4048000/12404781 (32.6326%)
entry 4050000/12404781 (32.6487%)
entry 4051000/12404781 (32.6568%)
entry 4052000/12404781 (32.6648%)
entry 4054000/12404781 (32.6809%)
entry 4055000/12404781 (32.689%)
entry 4057000/12404781 (32.7051%)
entry 4059000/12404781 (32.7213%)
entry 4062000/12404781 (32.7454%)
entry 4065000/12404781 (32.7696%)
entry 4067000/12404781 (32.7857%)
entry 4069000/12404781 (32.8019%)
entry 4071000/12404781 (32.818%)
entry 4072000/12404781 (32.8261%)
entry 4078000/12404781 (32.8744%)
entry 4087000/12404781 (32.947%)
entry 4093000/12404781 (32.9953%)
entry 4097000/12404781 (33.0276%)
entry 4101000/12404781 (33.0598%)
entry 4104000/12404781 (33.084%)
entry 4106000/12404781 (33.1001%)
entry 4107000/12404781 (33.1082%)
entry 4110000/12404781 (33.1324%)
entry 4114000/12404781 (33.1646%)
entry 4117000/12404781 (33.1888%)
entry 4119000/12404781 (33.2049%)
entry 4120000/12404781 (33.213%)
entry 4122000/12404781 (33.2291%)
entry 4131000/12404781 (33.3017%)
entry 4137000/12404781 (33.35%)
entry 4141000/12404781 (33.3823%)
entry 4147000/12404781 (33.4307%)
entry 4152000/12404781 (33.471%)
entry 4162000/12404781 (33.5516%)
entry 4163000/12404781 (33.5596%)
entry 4166000/12404781 (33.5838%)
entry 4181000/12404781 (33.7047%)
entry 4183000/12404781 (33.7209%)
entry 4190000/12404781 (33.7773%)
entry 4195000/12404781 (33.8176%)
entry 4196000/12404781 (33.8257%)
entry 4199000/12404781 (33.8499%)
entry 4200000/12404781 (33.8579%)
entry 4202000/12404781 (33.874%)
entry 4204000/12404781 (33.8902%)
entry 4206000/12404781 (33.9063%)
entry 4209000/12404781 (33.9305%)
entry 4211000/12404781 (33.9466%)
entry 4213000/12404781 (33.9627%)
entry 4219000/12404781 (34.0111%)
entry 4221000/12404781 (34.0272%)
entry 4222000/12404781 (34.0353%)
entry 4223000/12404781 (34.0433%)
entry 4225000/12404781 (34.0594%)
entry 4226000/12404781 (34.0675%)
entry 4229000/12404781 (34.0917%)
entry 4230000/12404781 (34.0998%)
entry 4236000/12404781 (34.1481%)
entry 4239000/12404781 (34.1723%)
entry 4240000/12404781 (34.1804%)
entry 4247000/12404781 (34.2368%)
entry 4249000/12404781 (34.2529%)
entry 4250000/12404781 (34.261%)
entry 4253000/12404781 (34.2852%)
entry 4258000/12404781 (34.3255%)
entry 4263000/12404781 (34.3658%)
entry 4264000/12404781 (34.3738%)
entry 4265000/12404781 (34.3819%)
entry 4269000/12404781 (34.4142%)
entry 4271000/12404781 (34.4303%)
entry 4272000/12404781 (34.4383%)
entry 4273000/12404781 (34.4464%)
entry 4274000/12404781 (34.4545%)
entry 4281000/12404781 (34.5109%)
entry 4282000/12404781 (34.5189%)
entry 4285000/12404781 (34.5431%)
entry 4286000/12404781 (34.5512%)
entry 4292000/12404781 (34.5996%)
entry 4296000/12404781 (34.6318%)
entry 4298000/12404781 (34.6479%)
entry 4302000/12404781 (34.6802%)
entry 4303000/12404781 (34.6882%)
entry 4307000/12404781 (34.7205%)
entry 4313000/12404781 (34.7689%)
entry 4316000/12404781 (34.793%)
entry 4317000/12404781 (34.8011%)
entry 4318000/12404781 (34.8092%)
entry 4319000/12404781 (34.8172%)
entry 4323000/12404781 (34.8495%)
entry 4325000/12404781 (34.8656%)
entry 4326000/12404781 (34.8736%)
entry 4327000/12404781 (34.8817%)
entry 4331000/12404781 (34.914%)
entry 4332000/12404781 (34.922%)
entry 4334000/12404781 (34.9381%)
entry 4338000/12404781 (34.9704%)
entry 4339000/12404781 (34.9784%)
entry 4340000/12404781 (34.9865%)
entry 4341000/12404781 (34.9946%)
entry 4342000/12404781 (35.0026%)
entry 4354000/12404781 (35.0994%)
entry 4356000/12404781 (35.1155%)
entry 4358000/12404781 (35.1316%)
entry 4364000/12404781 (35.18%)
entry 4366000/12404781 (35.1961%)
entry 4370000/12404781 (35.2284%)
entry 4373000/12404781 (35.2525%)
entry 4375000/12404781 (35.2687%)
entry 4379000/12404781 (35.3009%)
entry 4380000/12404781 (35.309%)
entry 4385000/12404781 (35.3493%)
entry 4387000/12404781 (35.3654%)
entry 4388000/12404781 (35.3735%)
entry 4392000/12404781 (35.4057%)
entry 4395000/12404781 (35.4299%)
entry 4399000/12404781 (35.4621%)
entry 4400000/12404781 (35.4702%)
entry 4403000/12404781 (35.4944%)
entry 4404000/12404781 (35.5024%)
entry 4407000/12404781 (35.5266%)
entry 4408000/12404781 (35.5347%)
entry 4409000/12404781 (35.5427%)
entry 4411000/12404781 (35.5589%)
entry 4413000/12404781 (35.575%)
entry 4414000/12404781 (35.5831%)
entry 4416000/12404781 (35.5992%)
entry 4417000/12404781 (35.6072%)
entry 4421000/12404781 (35.6395%)
entry 4424000/12404781 (35.6637%)
entry 4425000/12404781 (35.6717%)
entry 4430000/12404781 (35.712%)
entry 4431000/12404781 (35.7201%)
entry 4434000/12404781 (35.7443%)
entry 4437000/12404781 (35.7685%)
entry 4440000/12404781 (35.7927%)
entry 4450000/12404781 (35.8733%)
entry 4453000/12404781 (35.8974%)
entry 4455000/12404781 (35.9136%)
entry 4458000/12404781 (35.9378%)
entry 4465000/12404781 (35.9942%)
entry 4466000/12404781 (36.0022%)
entry 4467000/12404781 (36.0103%)
entry 4468000/12404781 (36.0184%)
entry 4469000/12404781 (36.0264%)
entry 4475000/12404781 (36.0748%)
entry 4479000/12404781 (36.107%)
entry 4485000/12404781 (36.1554%)
entry 4488000/12404781 (36.1796%)
entry 4491000/12404781 (36.2038%)
entry 4492000/12404781 (36.2118%)
entry 4495000/12404781 (36.236%)
entry 4497000/12404781 (36.2522%)
entry 4499000/12404781 (36.2683%)
entry 4501000/12404781 (36.2844%)
entry 4504000/12404781 (36.3086%)
entry 4505000/12404781 (36.3166%)
entry 4514000/12404781 (36.3892%)
entry 4516000/12404781 (36.4053%)
entry 4519000/12404781 (36.4295%)
entry 4522000/12404781 (36.4537%)
entry 4524000/12404781 (36.4698%)
entry 4525000/12404781 (36.4779%)
entry 4526000/12404781 (36.4859%)
entry 4537000/12404781 (36.5746%)
entry 4540000/12404781 (36.5988%)
entry 4543000/12404781 (36.623%)
entry 4544000/12404781 (36.631%)
entry 4545000/12404781 (36.6391%)
entry 4548000/12404781 (36.6633%)
entry 4549000/12404781 (36.6713%)
entry 4550000/12404781 (36.6794%)
entry 4552000/12404781 (36.6955%)
entry 4553000/12404781 (36.7036%)
entry 4554000/12404781 (36.7117%)
entry 4558000/12404781 (36.7439%)
entry 4561000/12404781 (36.7681%)
entry 4562000/12404781 (36.7761%)
entry 4564000/12404781 (36.7923%)
entry 4565000/12404781 (36.8003%)
entry 4566000/12404781 (36.8084%)
entry 4572000/12404781 (36.8568%)
entry 4580000/12404781 (36.9212%)
entry 4583000/12404781 (36.9454%)
entry 4584000/12404781 (36.9535%)
entry 4589000/12404781 (36.9938%)
entry 4590000/12404781 (37.0019%)
entry 4591000/12404781 (37.0099%)
entry 4594000/12404781 (37.0341%)
entry 4596000/12404781 (37.0502%)
entry 4598000/12404781 (37.0664%)
entry 4600000/12404781 (37.0825%)
entry 4606000/12404781 (37.1308%)
entry 4607000/12404781 (37.1389%)
entry 4608000/12404781 (37.147%)
entry 4609000/12404781 (37.155%)
entry 4612000/12404781 (37.1792%)
entry 4614000/12404781 (37.1953%)
entry 4615000/12404781 (37.2034%)
entry 4617000/12404781 (37.2195%)
entry 4618000/12404781 (37.2276%)
entry 4619000/12404781 (37.2356%)
entry 4620000/12404781 (37.2437%)
entry 4621000/12404781 (37.2518%)
entry 4622000/12404781 (37.2598%)
entry 4623000/12404781 (37.2679%)
entry 4624000/12404781 (37.2759%)
entry 4626000/12404781 (37.2921%)
entry 4629000/12404781 (37.3163%)
entry 4630000/12404781 (37.3243%)
entry 4632000/12404781 (37.3404%)
entry 4635000/12404781 (37.3646%)
entry 4645000/12404781 (37.4452%)
entry 4654000/12404781 (37.5178%)
entry 4657000/12404781 (37.542%)
entry 4662000/12404781 (37.5823%)
entry 4664000/12404781 (37.5984%)
entry 4666000/12404781 (37.6145%)
entry 4667000/12404781 (37.6226%)
entry 4668000/12404781 (37.6307%)
entry 4669000/12404781 (37.6387%)
entry 4671000/12404781 (37.6548%)
entry 4676000/12404781 (37.6951%)
entry 4679000/12404781 (37.7193%)
entry 4682000/12404781 (37.7435%)
entry 4688000/12404781 (37.7919%)
entry 4689000/12404781 (37.7999%)
entry 4690000/12404781 (37.808%)
entry 4691000/12404781 (37.8161%)
entry 4692000/12404781 (37.8241%)
entry 4694000/12404781 (37.8403%)
entry 4695000/12404781 (37.8483%)
entry 4698000/12404781 (37.8725%)
entry 4703000/12404781 (37.9128%)
entry 4704000/12404781 (37.9209%)
entry 4705000/12404781 (37.9289%)
entry 4707000/12404781 (37.945%)
entry 4708000/12404781 (37.9531%)
entry 4709000/12404781 (37.9612%)
entry 4710000/12404781 (37.9692%)
entry 4712000/12404781 (37.9854%)
entry 4715000/12404781 (38.0095%)
entry 4717000/12404781 (38.0257%)
entry 4719000/12404781 (38.0418%)
entry 4721000/12404781 (38.0579%)
entry 4723000/12404781 (38.074%)
entry 4724000/12404781 (38.0821%)
entry 4725000/12404781 (38.0902%)
entry 4734000/12404781 (38.1627%)
entry 4735000/12404781 (38.1708%)
entry 4736000/12404781 (38.1788%)
entry 4740000/12404781 (38.2111%)
entry 4741000/12404781 (38.2191%)
entry 4743000/12404781 (38.2353%)
entry 4744000/12404781 (38.2433%)
entry 4746000/12404781 (38.2594%)
entry 4748000/12404781 (38.2756%)
entry 4752000/12404781 (38.3078%)
entry 4755000/12404781 (38.332%)
entry 4756000/12404781 (38.3401%)
entry 4758000/12404781 (38.3562%)
entry 4760000/12404781 (38.3723%)
entry 4761000/12404781 (38.3804%)
entry 4765000/12404781 (38.4126%)
entry 4767000/12404781 (38.4287%)
entry 4768000/12404781 (38.4368%)
entry 4773000/12404781 (38.4771%)
entry 4779000/12404781 (38.5255%)
entry 4780000/12404781 (38.5335%)
entry 4781000/12404781 (38.5416%)
entry 4782000/12404781 (38.5497%)
entry 4785000/12404781 (38.5738%)
entry 4789000/12404781 (38.6061%)
entry 4790000/12404781 (38.6141%)
entry 4792000/12404781 (38.6303%)
entry 4793000/12404781 (38.6383%)
entry 4797000/12404781 (38.6706%)
entry 4798000/12404781 (38.6786%)
entry 4803000/12404781 (38.7189%)
entry 4806000/12404781 (38.7431%)
entry 4809000/12404781 (38.7673%)
entry 4811000/12404781 (38.7834%)
entry 4814000/12404781 (38.8076%)
entry 4818000/12404781 (38.8399%)
entry 4819000/12404781 (38.8479%)
entry 4820000/12404781 (38.856%)
entry 4823000/12404781 (38.8802%)
entry 4824000/12404781 (38.8882%)
entry 4825000/12404781 (38.8963%)
entry 4826000/12404781 (38.9044%)
entry 4828000/12404781 (38.9205%)
entry 4831000/12404781 (38.9447%)
entry 4835000/12404781 (38.9769%)
entry 4838000/12404781 (39.0011%)
entry 4840000/12404781 (39.0172%)
entry 4843000/12404781 (39.0414%)
entry 4844000/12404781 (39.0495%)
entry 4845000/12404781 (39.0575%)
entry 4846000/12404781 (39.0656%)
entry 4849000/12404781 (39.0898%)
entry 4853000/12404781 (39.122%)
entry 4863000/12404781 (39.2026%)
entry 4866000/12404781 (39.2268%)
entry 4880000/12404781 (39.3397%)
entry 4886000/12404781 (39.388%)
entry 4887000/12404781 (39.3961%)
entry 4888000/12404781 (39.4042%)
entry 4891000/12404781 (39.4283%)
entry 4899000/12404781 (39.4928%)
entry 4905000/12404781 (39.5412%)
entry 4906000/12404781 (39.5493%)
entry 4909000/12404781 (39.5735%)
entry 4910000/12404781 (39.5815%)
entry 4912000/12404781 (39.5976%)
entry 4916000/12404781 (39.6299%)
entry 4917000/12404781 (39.6379%)
entry 4921000/12404781 (39.6702%)
entry 4923000/12404781 (39.6863%)
entry 4926000/12404781 (39.7105%)
entry 4929000/12404781 (39.7347%)
entry 4933000/12404781 (39.7669%)
entry 4937000/12404781 (39.7992%)
entry 4945000/12404781 (39.8637%)
entry 4947000/12404781 (39.8798%)
entry 4950000/12404781 (39.904%)
entry 4952000/12404781 (39.9201%)
entry 4958000/12404781 (39.9685%)
entry 4959000/12404781 (39.9765%)
entry 4965000/12404781 (40.0249%)
entry 4966000/12404781 (40.033%)
entry 4967000/12404781 (40.041%)
entry 4969000/12404781 (40.0571%)
entry 4970000/12404781 (40.0652%)
entry 4971000/12404781 (40.0733%)
entry 4973000/12404781 (40.0894%)
entry 4974000/12404781 (40.0974%)
entry 4976000/12404781 (40.1136%)
entry 4977000/12404781 (40.1216%)
entry 4978000/12404781 (40.1297%)
entry 4979000/12404781 (40.1377%)
entry 4980000/12404781 (40.1458%)
entry 4988000/12404781 (40.2103%)
entry 4993000/12404781 (40.2506%)
entry 4998000/12404781 (40.2909%)
entry 5000000/12404781 (40.307%)
entry 5001000/12404781 (40.3151%)
entry 5002000/12404781 (40.3232%)
entry 5004000/12404781 (40.3393%)
entry 5006000/12404781 (40.3554%)
entry 5007000/12404781 (40.3635%)
entry 5008000/12404781 (40.3715%)
entry 5009000/12404781 (40.3796%)
entry 5013000/12404781 (40.4118%)
entry 5022000/12404781 (40.4844%)
entry 5027000/12404781 (40.5247%)
entry 5029000/12404781 (40.5408%)
entry 5030000/12404781 (40.5489%)
entry 5032000/12404781 (40.565%)
entry 5033000/12404781 (40.5731%)
entry 5035000/12404781 (40.5892%)
entry 5037000/12404781 (40.6053%)
entry 5039000/12404781 (40.6214%)
entry 5046000/12404781 (40.6779%)
entry 5047000/12404781 (40.6859%)
entry 5048000/12404781 (40.694%)
entry 5049000/12404781 (40.702%)
entry 5052000/12404781 (40.7262%)
entry 5054000/12404781 (40.7424%)
entry 5057000/12404781 (40.7665%)
entry 5058000/12404781 (40.7746%)
entry 5060000/12404781 (40.7907%)
entry 5064000/12404781 (40.823%)
entry 5070000/12404781 (40.8713%)
entry 5076000/12404781 (40.9197%)
entry 5079000/12404781 (40.9439%)
entry 5081000/12404781 (40.96%)
entry 5084000/12404781 (40.9842%)
entry 5088000/12404781 (41.0164%)
entry 5089000/12404781 (41.0245%)
entry 5092000/12404781 (41.0487%)
entry 5095000/12404781 (41.0729%)
entry 5096000/12404781 (41.0809%)
entry 5101000/12404781 (41.1212%)
entry 5102000/12404781 (41.1293%)
entry 5107000/12404781 (41.1696%)
entry 5108000/12404781 (41.1777%)
entry 5109000/12404781 (41.1857%)
entry 5113000/12404781 (41.218%)
entry 5116000/12404781 (41.2422%)
entry 5119000/12404781 (41.2663%)
entry 5121000/12404781 (41.2825%)
entry 5123000/12404781 (41.2986%)
entry 5125000/12404781 (41.3147%)
entry 5127000/12404781 (41.3308%)
entry 5131000/12404781 (41.3631%)
entry 5142000/12404781 (41.4518%)
entry 5151000/12404781 (41.5243%)
entry 5152000/12404781 (41.5324%)
entry 5155000/12404781 (41.5566%)
entry 5156000/12404781 (41.5646%)
entry 5157000/12404781 (41.5727%)
entry 5162000/12404781 (41.613%)
entry 5164000/12404781 (41.6291%)
entry 5165000/12404781 (41.6372%)
entry 5166000/12404781 (41.6452%)
entry 5167000/12404781 (41.6533%)
entry 5170000/12404781 (41.6775%)
entry 5174000/12404781 (41.7097%)
entry 5178000/12404781 (41.742%)
entry 5179000/12404781 (41.75%)
entry 5182000/12404781 (41.7742%)
entry 5184000/12404781 (41.7903%)
entry 5185000/12404781 (41.7984%)
entry 5191000/12404781 (41.8468%)
entry 5193000/12404781 (41.8629%)
entry 5198000/12404781 (41.9032%)
entry 5199000/12404781 (41.9113%)
entry 5205000/12404781 (41.9596%)
entry 5208000/12404781 (41.9838%)
entry 5209000/12404781 (41.9919%)
entry 5210000/12404781 (41.9999%)
entry 5212000/12404781 (42.0161%)
entry 5217000/12404781 (42.0564%)
entry 5218000/12404781 (42.0644%)
entry 5221000/12404781 (42.0886%)
entry 5225000/12404781 (42.1209%)
entry 5232000/12404781 (42.1773%)
entry 5233000/12404781 (42.1853%)
entry 5237000/12404781 (42.2176%)
entry 5239000/12404781 (42.2337%)
entry 5241000/12404781 (42.2498%)
entry 5249000/12404781 (42.3143%)
entry 5250000/12404781 (42.3224%)
entry 5252000/12404781 (42.3385%)
entry 5253000/12404781 (42.3466%)
entry 5254000/12404781 (42.3546%)
entry 5266000/12404781 (42.4514%)
entry 5270000/12404781 (42.4836%)
entry 5273000/12404781 (42.5078%)
entry 5275000/12404781 (42.5239%)
entry 5277000/12404781 (42.54%)
entry 5278000/12404781 (42.5481%)
entry 5283000/12404781 (42.5884%)
entry 5285000/12404781 (42.6045%)
entry 5287000/12404781 (42.6207%)
entry 5288000/12404781 (42.6287%)
entry 5292000/12404781 (42.661%)
entry 5296000/12404781 (42.6932%)
entry 5301000/12404781 (42.7335%)
entry 5305000/12404781 (42.7658%)
entry 5307000/12404781 (42.7819%)
entry 5308000/12404781 (42.79%)
entry 5312000/12404781 (42.8222%)
entry 5316000/12404781 (42.8544%)
entry 5319000/12404781 (42.8786%)
entry 5321000/12404781 (42.8948%)
entry 5322000/12404781 (42.9028%)
entry 5324000/12404781 (42.9189%)
entry 5325000/12404781 (42.927%)
entry 5329000/12404781 (42.9592%)
entry 5330000/12404781 (42.9673%)
entry 5333000/12404781 (42.9915%)
entry 5336000/12404781 (43.0157%)
entry 5339000/12404781 (43.0399%)
entry 5343000/12404781 (43.0721%)
entry 5345000/12404781 (43.0882%)
entry 5349000/12404781 (43.1205%)
entry 5353000/12404781 (43.1527%)
entry 5354000/12404781 (43.1608%)
entry 5356000/12404781 (43.1769%)
entry 5358000/12404781 (43.193%)
entry 5359000/12404781 (43.2011%)
entry 5360000/12404781 (43.2091%)
entry 5362000/12404781 (43.2253%)
entry 5363000/12404781 (43.2333%)
entry 5366000/12404781 (43.2575%)
entry 5369000/12404781 (43.2817%)
entry 5371000/12404781 (43.2978%)
entry 5372000/12404781 (43.3059%)
entry 5376000/12404781 (43.3381%)
entry 5378000/12404781 (43.3543%)
entry 5381000/12404781 (43.3784%)
entry 5382000/12404781 (43.3865%)
entry 5385000/12404781 (43.4107%)
entry 5386000/12404781 (43.4187%)
entry 5391000/12404781 (43.459%)
entry 5393000/12404781 (43.4752%)
entry 5394000/12404781 (43.4832%)
entry 5397000/12404781 (43.5074%)
entry 5400000/12404781 (43.5316%)
entry 5402000/12404781 (43.5477%)
entry 5410000/12404781 (43.6122%)
entry 5411000/12404781 (43.6203%)
entry 5418000/12404781 (43.6767%)
entry 5423000/12404781 (43.717%)
entry 5424000/12404781 (43.7251%)
entry 5426000/12404781 (43.7412%)
entry 5427000/12404781 (43.7493%)
entry 5429000/12404781 (43.7654%)
entry 5432000/12404781 (43.7896%)
entry 5437000/12404781 (43.8299%)
entry 5443000/12404781 (43.8782%)
entry 5445000/12404781 (43.8944%)
entry 5447000/12404781 (43.9105%)
entry 5450000/12404781 (43.9347%)
entry 5451000/12404781 (43.9427%)
entry 5459000/12404781 (44.0072%)
entry 5460000/12404781 (44.0153%)
entry 5462000/12404781 (44.0314%)
entry 5463000/12404781 (44.0395%)
entry 5464000/12404781 (44.0475%)
entry 5465000/12404781 (44.0556%)
entry 5467000/12404781 (44.0717%)
entry 5468000/12404781 (44.0798%)
entry 5470000/12404781 (44.0959%)
entry 5473000/12404781 (44.1201%)
entry 5475000/12404781 (44.1362%)
entry 5476000/12404781 (44.1443%)
entry 5478000/12404781 (44.1604%)
entry 5485000/12404781 (44.2168%)
entry 5489000/12404781 (44.2491%)
entry 5490000/12404781 (44.2571%)
entry 5492000/12404781 (44.2733%)
entry 5493000/12404781 (44.2813%)
entry 5496000/12404781 (44.3055%)
entry 5506000/12404781 (44.3861%)
entry 5509000/12404781 (44.4103%)
entry 5510000/12404781 (44.4184%)
entry 5511000/12404781 (44.4264%)
entry 5516000/12404781 (44.4667%)
entry 5517000/12404781 (44.4748%)
entry 5520000/12404781 (44.499%)
entry 5524000/12404781 (44.5312%)
entry 5525000/12404781 (44.5393%)
entry 5526000/12404781 (44.5473%)
entry 5528000/12404781 (44.5635%)
entry 5532000/12404781 (44.5957%)
entry 5535000/12404781 (44.6199%)
entry 5536000/12404781 (44.628%)
entry 5539000/12404781 (44.6521%)
entry 5541000/12404781 (44.6683%)
entry 5545000/12404781 (44.7005%)
entry 5550000/12404781 (44.7408%)
entry 5552000/12404781 (44.7569%)
entry 5556000/12404781 (44.7892%)
entry 5559000/12404781 (44.8134%)
entry 5561000/12404781 (44.8295%)
entry 5567000/12404781 (44.8779%)
entry 5568000/12404781 (44.8859%)
entry 5576000/12404781 (44.9504%)
entry 5577000/12404781 (44.9585%)
entry 5578000/12404781 (44.9665%)
entry 5579000/12404781 (44.9746%)
entry 5580000/12404781 (44.9827%)
entry 5582000/12404781 (44.9988%)
entry 5586000/12404781 (45.031%)
entry 5588000/12404781 (45.0471%)
entry 5590000/12404781 (45.0633%)
entry 5591000/12404781 (45.0713%)
entry 5593000/12404781 (45.0875%)
entry 5599000/12404781 (45.1358%)
entry 5601000/12404781 (45.1519%)
entry 5602000/12404781 (45.16%)
entry 5603000/12404781 (45.1681%)
entry 5608000/12404781 (45.2084%)
entry 5610000/12404781 (45.2245%)
entry 5612000/12404781 (45.2406%)
entry 5615000/12404781 (45.2648%)
entry 5617000/12404781 (45.2809%)
entry 5618000/12404781 (45.289%)
entry 5622000/12404781 (45.3212%)
entry 5626000/12404781 (45.3535%)
entry 5627000/12404781 (45.3615%)
entry 5633000/12404781 (45.4099%)
entry 5634000/12404781 (45.418%)
entry 5639000/12404781 (45.4583%)
entry 5642000/12404781 (45.4825%)
entry 5643000/12404781 (45.4905%)
entry 5671000/12404781 (45.7162%)
entry 5672000/12404781 (45.7243%)
entry 5677000/12404781 (45.7646%)
entry 5683000/12404781 (45.813%)
entry 5684000/12404781 (45.821%)
entry 5685000/12404781 (45.8291%)
entry 5687000/12404781 (45.8452%)
entry 5696000/12404781 (45.9178%)
entry 5700000/12404781 (45.95%)
entry 5701000/12404781 (45.9581%)
entry 5702000/12404781 (45.9661%)
entry 5704000/12404781 (45.9823%)
entry 5705000/12404781 (45.9903%)
entry 5706000/12404781 (45.9984%)
entry 5715000/12404781 (46.0709%)
entry 5717000/12404781 (46.0871%)
entry 5719000/12404781 (46.1032%)
entry 5722000/12404781 (46.1274%)
entry 5730000/12404781 (46.1919%)
entry 5731000/12404781 (46.1999%)
entry 5732000/12404781 (46.208%)
entry 5737000/12404781 (46.2483%)
entry 5740000/12404781 (46.2725%)
entry 5741000/12404781 (46.2805%)
entry 5743000/12404781 (46.2967%)
entry 5747000/12404781 (46.3289%)
entry 5752000/12404781 (46.3692%)
entry 5753000/12404781 (46.3773%)
entry 5760000/12404781 (46.4337%)
entry 5761000/12404781 (46.4418%)
entry 5764000/12404781 (46.466%)
entry 5765000/12404781 (46.474%)
entry 5766000/12404781 (46.4821%)
entry 5769000/12404781 (46.5063%)
entry 5771000/12404781 (46.5224%)
entry 5774000/12404781 (46.5466%)
entry 5776000/12404781 (46.5627%)
entry 5783000/12404781 (46.6191%)
entry 5786000/12404781 (46.6433%)
entry 5787000/12404781 (46.6514%)
entry 5790000/12404781 (46.6756%)
entry 5791000/12404781 (46.6836%)
entry 5793000/12404781 (46.6997%)
entry 5794000/12404781 (46.7078%)
entry 5797000/12404781 (46.732%)
entry 5800000/12404781 (46.7562%)
entry 5804000/12404781 (46.7884%)
entry 5805000/12404781 (46.7965%)
entry 5808000/12404781 (46.8207%)
entry 5816000/12404781 (46.8851%)
entry 5818000/12404781 (46.9013%)
entry 5819000/12404781 (46.9093%)
entry 5826000/12404781 (46.9658%)
entry 5827000/12404781 (46.9738%)
entry 5828000/12404781 (46.9819%)
entry 5830000/12404781 (46.998%)
entry 5836000/12404781 (47.0464%)
entry 5850000/12404781 (47.1592%)
entry 5851000/12404781 (47.1673%)
entry 5852000/12404781 (47.1754%)
entry 5854000/12404781 (47.1915%)
entry 5856000/12404781 (47.2076%)
entry 5857000/12404781 (47.2157%)
entry 5859000/12404781 (47.2318%)
entry 5863000/12404781 (47.264%)
entry 5864000/12404781 (47.2721%)
entry 5865000/12404781 (47.2802%)
entry 5867000/12404781 (47.2963%)
entry 5868000/12404781 (47.3043%)
entry 5870000/12404781 (47.3205%)
entry 5871000/12404781 (47.3285%)
entry 5872000/12404781 (47.3366%)
entry 5873000/12404781 (47.3446%)
entry 5879000/12404781 (47.393%)
entry 5880000/12404781 (47.4011%)
entry 5881000/12404781 (47.4091%)
entry 5882000/12404781 (47.4172%)
entry 5888000/12404781 (47.4656%)
entry 5890000/12404781 (47.4817%)
entry 5892000/12404781 (47.4978%)
entry 5893000/12404781 (47.5059%)
entry 5896000/12404781 (47.5301%)
entry 5903000/12404781 (47.5865%)
entry 5904000/12404781 (47.5946%)
entry 5905000/12404781 (47.6026%)
entry 5908000/12404781 (47.6268%)
entry 5925000/12404781 (47.7638%)
entry 5927000/12404781 (47.78%)
entry 5929000/12404781 (47.7961%)
entry 5935000/12404781 (47.8445%)
entry 5939000/12404781 (47.8767%)
entry 5941000/12404781 (47.8928%)
entry 5946000/12404781 (47.9331%)
entry 5952000/12404781 (47.9815%)
entry 5954000/12404781 (47.9976%)
entry 5955000/12404781 (48.0057%)
entry 5956000/12404781 (48.0137%)
entry 5960000/12404781 (48.046%)
entry 5963000/12404781 (48.0702%)
entry 5966000/12404781 (48.0944%)
entry 5968000/12404781 (48.1105%)
entry 5971000/12404781 (48.1347%)
entry 5974000/12404781 (48.1589%)
entry 5975000/12404781 (48.1669%)
entry 5976000/12404781 (48.175%)
entry 5977000/12404781 (48.183%)
entry 5982000/12404781 (48.2233%)
entry 5983000/12404781 (48.2314%)
entry 5991000/12404781 (48.2959%)
entry 5999000/12404781 (48.3604%)
entry 6016000/12404781 (48.4974%)
entry 6017000/12404781 (48.5055%)
entry 6019000/12404781 (48.5216%)
entry 6020000/12404781 (48.5297%)
entry 6023000/12404781 (48.5539%)
entry 6025000/12404781 (48.57%)
entry 6033000/12404781 (48.6345%)
entry 6035000/12404781 (48.6506%)
entry 6036000/12404781 (48.6587%)
entry 6040000/12404781 (48.6909%)
entry 6041000/12404781 (48.699%)
entry 6043000/12404781 (48.7151%)
entry 6046000/12404781 (48.7393%)
entry 6048000/12404781 (48.7554%)
entry 6051000/12404781 (48.7796%)
entry 6052000/12404781 (48.7876%)
entry 6058000/12404781 (48.836%)
entry 6059000/12404781 (48.8441%)
entry 6061000/12404781 (48.8602%)
entry 6062000/12404781 (48.8683%)
entry 6065000/12404781 (48.8924%)
entry 6066000/12404781 (48.9005%)
entry 6069000/12404781 (48.9247%)
entry 6070000/12404781 (48.9327%)
entry 6073000/12404781 (48.9569%)
entry 6074000/12404781 (48.965%)
entry 6080000/12404781 (49.0134%)
entry 6087000/12404781 (49.0698%)
entry 6093000/12404781 (49.1182%)
entry 6095000/12404781 (49.1343%)
entry 6097000/12404781 (49.1504%)
entry 6098000/12404781 (49.1585%)
entry 6101000/12404781 (49.1827%)
entry 6108000/12404781 (49.2391%)
entry 6111000/12404781 (49.2633%)
entry 6119000/12404781 (49.3278%)
entry 6120000/12404781 (49.3358%)
entry 6123000/12404781 (49.36%)
entry 6125000/12404781 (49.3761%)
entry 6130000/12404781 (49.4164%)
entry 6136000/12404781 (49.4648%)
entry 6139000/12404781 (49.489%)
entry 6146000/12404781 (49.5454%)
entry 6147000/12404781 (49.5535%)
entry 6148000/12404781 (49.5615%)
entry 6149000/12404781 (49.5696%)
entry 6152000/12404781 (49.5938%)
entry 6155000/12404781 (49.618%)
entry 6157000/12404781 (49.6341%)
entry 6162000/12404781 (49.6744%)
entry 6164000/12404781 (49.6905%)
entry 6174000/12404781 (49.7711%)
entry 6179000/12404781 (49.8114%)
entry 6180000/12404781 (49.8195%)
entry 6182000/12404781 (49.8356%)
entry 6185000/12404781 (49.8598%)
entry 6187000/12404781 (49.8759%)
entry 6192000/12404781 (49.9162%)
entry 6194000/12404781 (49.9324%)
entry 6196000/12404781 (49.9485%)
entry 6199000/12404781 (49.9727%)
entry 6206000/12404781 (50.0291%)
entry 6209000/12404781 (50.0533%)
entry 6211000/12404781 (50.0694%)
entry 6212000/12404781 (50.0775%)
entry 6214000/12404781 (50.0936%)
entry 6215000/12404781 (50.1016%)
entry 6217000/12404781 (50.1178%)
entry 6218000/12404781 (50.1258%)
entry 6220000/12404781 (50.142%)
entry 6224000/12404781 (50.1742%)
entry 6225000/12404781 (50.1823%)
entry 6226000/12404781 (50.1903%)
entry 6228000/12404781 (50.2064%)
entry 6229000/12404781 (50.2145%)
entry 6230000/12404781 (50.2226%)
entry 6233000/12404781 (50.2468%)
entry 6236000/12404781 (50.2709%)
entry 6254000/12404781 (50.416%)
entry 6256000/12404781 (50.4322%)
entry 6258000/12404781 (50.4483%)
entry 6261000/12404781 (50.4725%)
entry 6263000/12404781 (50.4886%)
entry 6272000/12404781 (50.5611%)
entry 6275000/12404781 (50.5853%)
entry 6278000/12404781 (50.6095%)
entry 6280000/12404781 (50.6256%)
entry 6283000/12404781 (50.6498%)
entry 6285000/12404781 (50.666%)
entry 6291000/12404781 (50.7143%)
entry 6295000/12404781 (50.7466%)
entry 6299000/12404781 (50.7788%)
entry 6301000/12404781 (50.7949%)
entry 6307000/12404781 (50.8433%)
entry 6311000/12404781 (50.8755%)
entry 6313000/12404781 (50.8917%)
entry 6324000/12404781 (50.9803%)
entry 6332000/12404781 (51.0448%)
entry 6334000/12404781 (51.061%)
entry 6335000/12404781 (51.069%)
entry 6338000/12404781 (51.0932%)
entry 6341000/12404781 (51.1174%)
entry 6342000/12404781 (51.1254%)
entry 6343000/12404781 (51.1335%)
entry 6344000/12404781 (51.1416%)
entry 6349000/12404781 (51.1819%)
entry 6351000/12404781 (51.198%)
entry 6353000/12404781 (51.2141%)
entry 6357000/12404781 (51.2464%)
entry 6359000/12404781 (51.2625%)
entry 6360000/12404781 (51.2706%)
entry 6361000/12404781 (51.2786%)
entry 6365000/12404781 (51.3109%)
entry 6373000/12404781 (51.3754%)
entry 6379000/12404781 (51.4237%)
entry 6380000/12404781 (51.4318%)
entry 6383000/12404781 (51.456%)
entry 6388000/12404781 (51.4963%)
entry 6394000/12404781 (51.5446%)
entry 6397000/12404781 (51.5688%)
entry 6398000/12404781 (51.5769%)
entry 6399000/12404781 (51.5849%)
entry 6400000/12404781 (51.593%)
entry 6410000/12404781 (51.6736%)
entry 6411000/12404781 (51.6817%)
entry 6414000/12404781 (51.7059%)
entry 6416000/12404781 (51.722%)
entry 6418000/12404781 (51.7381%)
entry 6421000/12404781 (51.7623%)
entry 6425000/12404781 (51.7945%)
entry 6428000/12404781 (51.8187%)
entry 6430000/12404781 (51.8349%)
entry 6432000/12404781 (51.851%)
entry 6435000/12404781 (51.8752%)
entry 6439000/12404781 (51.9074%)
entry 6444000/12404781 (51.9477%)
entry 6446000/12404781 (51.9638%)
entry 6448000/12404781 (51.98%)
entry 6452000/12404781 (52.0122%)
entry 6456000/12404781 (52.0445%)
entry 6457000/12404781 (52.0525%)
entry 6462000/12404781 (52.0928%)
entry 6463000/12404781 (52.1009%)
entry 6464000/12404781 (52.1089%)
entry 6465000/12404781 (52.117%)
entry 6466000/12404781 (52.1251%)
entry 6467000/12404781 (52.1331%)
entry 6469000/12404781 (52.1492%)
entry 6471000/12404781 (52.1654%)
entry 6477000/12404781 (52.2137%)
entry 6478000/12404781 (52.2218%)
entry 6481000/12404781 (52.246%)
entry 6484000/12404781 (52.2702%)
entry 6490000/12404781 (52.3185%)
entry 6491000/12404781 (52.3266%)
entry 6492000/12404781 (52.3347%)
entry 6493000/12404781 (52.3427%)
entry 6497000/12404781 (52.375%)
entry 6500000/12404781 (52.3992%)
entry 6504000/12404781 (52.4314%)
entry 6506000/12404781 (52.4475%)
entry 6514000/12404781 (52.512%)
entry 6516000/12404781 (52.5281%)
entry 6517000/12404781 (52.5362%)
entry 6518000/12404781 (52.5443%)
entry 6519000/12404781 (52.5523%)
entry 6522000/12404781 (52.5765%)
entry 6525000/12404781 (52.6007%)
entry 6526000/12404781 (52.6087%)
entry 6528000/12404781 (52.6249%)
entry 6530000/12404781 (52.641%)
entry 6532000/12404781 (52.6571%)
entry 6533000/12404781 (52.6652%)
entry 6536000/12404781 (52.6894%)
entry 6540000/12404781 (52.7216%)
entry 6541000/12404781 (52.7297%)
entry 6544000/12404781 (52.7539%)
entry 6545000/12404781 (52.7619%)
entry 6548000/12404781 (52.7861%)
entry 6549000/12404781 (52.7942%)
entry 6552000/12404781 (52.8183%)
entry 6556000/12404781 (52.8506%)
entry 6559000/12404781 (52.8748%)
entry 6565000/12404781 (52.9231%)
entry 6569000/12404781 (52.9554%)
entry 6574000/12404781 (52.9957%)
entry 6575000/12404781 (53.0038%)
entry 6583000/12404781 (53.0683%)
entry 6585000/12404781 (53.0844%)
entry 6586000/12404781 (53.0924%)
entry 6588000/12404781 (53.1086%)
entry 6590000/12404781 (53.1247%)
entry 6592000/12404781 (53.1408%)
entry 6595000/12404781 (53.165%)
entry 6597000/12404781 (53.1811%)
entry 6598000/12404781 (53.1892%)
entry 6599000/12404781 (53.1972%)
entry 6600000/12404781 (53.2053%)
entry 6601000/12404781 (53.2134%)
entry 6611000/12404781 (53.294%)
entry 6614000/12404781 (53.3182%)
entry 6616000/12404781 (53.3343%)
entry 6623000/12404781 (53.3907%)
entry 6624000/12404781 (53.3988%)
entry 6626000/12404781 (53.4149%)
entry 6630000/12404781 (53.4471%)
entry 6631000/12404781 (53.4552%)
entry 6632000/12404781 (53.4633%)
entry 6637000/12404781 (53.5036%)
entry 6641000/12404781 (53.5358%)
entry 6642000/12404781 (53.5439%)
entry 6643000/12404781 (53.5519%)
entry 6645000/12404781 (53.5681%)
entry 6646000/12404781 (53.5761%)
entry 6650000/12404781 (53.6084%)
entry 6661000/12404781 (53.697%)
entry 6662000/12404781 (53.7051%)
entry 6665000/12404781 (53.7293%)
entry 6666000/12404781 (53.7373%)
entry 6670000/12404781 (53.7696%)
entry 6672000/12404781 (53.7857%)
entry 6675000/12404781 (53.8099%)
entry 6677000/12404781 (53.826%)
entry 6678000/12404781 (53.8341%)
entry 6682000/12404781 (53.8663%)
entry 6684000/12404781 (53.8824%)
entry 6685000/12404781 (53.8905%)
entry 6686000/12404781 (53.8986%)
entry 6689000/12404781 (53.9228%)
entry 6693000/12404781 (53.955%)
entry 6697000/12404781 (53.9872%)
entry 6698000/12404781 (53.9953%)
entry 6700000/12404781 (54.0114%)
entry 6702000/12404781 (54.0276%)
entry 6704000/12404781 (54.0437%)
entry 6706000/12404781 (54.0598%)
entry 6708000/12404781 (54.0759%)
entry 6710000/12404781 (54.092%)
entry 6711000/12404781 (54.1001%)
entry 6712000/12404781 (54.1082%)
entry 6717000/12404781 (54.1485%)
entry 6721000/12404781 (54.1807%)
entry 6722000/12404781 (54.1888%)
entry 6724000/12404781 (54.2049%)
entry 6728000/12404781 (54.2372%)
entry 6735000/12404781 (54.2936%)
entry 6736000/12404781 (54.3016%)
entry 6739000/12404781 (54.3258%)
entry 6745000/12404781 (54.3742%)
entry 6747000/12404781 (54.3903%)
entry 6748000/12404781 (54.3984%)
entry 6750000/12404781 (54.4145%)
entry 6751000/12404781 (54.4226%)
entry 6754000/12404781 (54.4468%)
entry 6755000/12404781 (54.4548%)
entry 6757000/12404781 (54.4709%)
entry 6758000/12404781 (54.479%)
entry 6764000/12404781 (54.5274%)
entry 6766000/12404781 (54.5435%)
entry 6772000/12404781 (54.5919%)
entry 6773000/12404781 (54.5999%)
entry 6780000/12404781 (54.6563%)
entry 6784000/12404781 (54.6886%)
entry 6786000/12404781 (54.7047%)
entry 6792000/12404781 (54.7531%)
entry 6793000/12404781 (54.7611%)
entry 6794000/12404781 (54.7692%)
entry 6795000/12404781 (54.7773%)
entry 6797000/12404781 (54.7934%)
entry 6798000/12404781 (54.8015%)
entry 6806000/12404781 (54.8659%)
entry 6807000/12404781 (54.874%)
entry 6808000/12404781 (54.8821%)
entry 6814000/12404781 (54.9304%)
entry 6819000/12404781 (54.9707%)
entry 6820000/12404781 (54.9788%)
entry 6827000/12404781 (55.0352%)
entry 6828000/12404781 (55.0433%)
entry 6831000/12404781 (55.0675%)
entry 6832000/12404781 (55.0755%)
entry 6838000/12404781 (55.1239%)
entry 6840000/12404781 (55.14%)
entry 6842000/12404781 (55.1562%)
entry 6843000/12404781 (55.1642%)
entry 6844000/12404781 (55.1723%)
entry 6845000/12404781 (55.1803%)
entry 6846000/12404781 (55.1884%)
entry 6847000/12404781 (55.1965%)
entry 6848000/12404781 (55.2045%)
entry 6849000/12404781 (55.2126%)
entry 6850000/12404781 (55.2206%)
entry 6853000/12404781 (55.2448%)
entry 6855000/12404781 (55.261%)
entry 6857000/12404781 (55.2771%)
entry 6864000/12404781 (55.3335%)
entry 6866000/12404781 (55.3496%)
entry 6868000/12404781 (55.3657%)
entry 6870000/12404781 (55.3819%)
entry 6872000/12404781 (55.398%)
entry 6873000/12404781 (55.4061%)
entry 6875000/12404781 (55.4222%)
entry 6880000/12404781 (55.4625%)
entry 6881000/12404781 (55.4706%)
entry 6882000/12404781 (55.4786%)
entry 6890000/12404781 (55.5431%)
entry 6892000/12404781 (55.5592%)
entry 6899000/12404781 (55.6157%)
entry 6900000/12404781 (55.6237%)
entry 6901000/12404781 (55.6318%)
entry 6905000/12404781 (55.664%)
entry 6907000/12404781 (55.6801%)
entry 6910000/12404781 (55.7043%)
entry 6914000/12404781 (55.7366%)
entry 6915000/12404781 (55.7446%)
entry 6916000/12404781 (55.7527%)
entry 6931000/12404781 (55.8736%)
entry 6933000/12404781 (55.8897%)
entry 6935000/12404781 (55.9059%)
entry 6938000/12404781 (55.93%)
entry 6939000/12404781 (55.9381%)
entry 6940000/12404781 (55.9462%)
entry 6945000/12404781 (55.9865%)
entry 6946000/12404781 (55.9945%)
entry 6947000/12404781 (56.0026%)
entry 6950000/12404781 (56.0268%)
entry 6951000/12404781 (56.0348%)
entry 6952000/12404781 (56.0429%)
entry 6960000/12404781 (56.1074%)
entry 6965000/12404781 (56.1477%)
entry 6966000/12404781 (56.1558%)
entry 6968000/12404781 (56.1719%)
entry 6969000/12404781 (56.18%)
entry 6970000/12404781 (56.188%)
entry 6971000/12404781 (56.1961%)
entry 6973000/12404781 (56.2122%)
entry 6974000/12404781 (56.2203%)
entry 6977000/12404781 (56.2444%)
entry 6981000/12404781 (56.2767%)
entry 6983000/12404781 (56.2928%)
entry 6985000/12404781 (56.3089%)
entry 6987000/12404781 (56.3251%)
entry 6990000/12404781 (56.3492%)
entry 6991000/12404781 (56.3573%)
entry 6995000/12404781 (56.3895%)
entry 6999000/12404781 (56.4218%)
entry 7000000/12404781 (56.4299%)
entry 7001000/12404781 (56.4379%)
entry 7004000/12404781 (56.4621%)
entry 7005000/12404781 (56.4702%)
entry 7007000/12404781 (56.4863%)
entry 7019000/12404781 (56.583%)
entry 7020000/12404781 (56.5911%)
entry 7022000/12404781 (56.6072%)
entry 7031000/12404781 (56.6798%)
entry 7036000/12404781 (56.7201%)
entry 7038000/12404781 (56.7362%)
entry 7040000/12404781 (56.7523%)
entry 7048000/12404781 (56.8168%)
entry 7052000/12404781 (56.8491%)
entry 7053000/12404781 (56.8571%)
entry 7055000/12404781 (56.8732%)
entry 7067000/12404781 (56.97%)
entry 7068000/12404781 (56.978%)
entry 7077000/12404781 (57.0506%)
entry 7080000/12404781 (57.0748%)
entry 7081000/12404781 (57.0828%)
entry 7086000/12404781 (57.1231%)
entry 7089000/12404781 (57.1473%)
entry 7091000/12404781 (57.1634%)
entry 7093000/12404781 (57.1796%)
entry 7095000/12404781 (57.1957%)
entry 7098000/12404781 (57.2199%)
entry 7108000/12404781 (57.3005%)
entry 7115000/12404781 (57.3569%)
entry 7117000/12404781 (57.373%)
entry 7119000/12404781 (57.3892%)
entry 7120000/12404781 (57.3972%)
entry 7126000/12404781 (57.4456%)
entry 7128000/12404781 (57.4617%)
entry 7131000/12404781 (57.4859%)
entry 7132000/12404781 (57.494%)
entry 7136000/12404781 (57.5262%)
entry 7141000/12404781 (57.5665%)
entry 7143000/12404781 (57.5826%)
entry 7145000/12404781 (57.5988%)
entry 7146000/12404781 (57.6068%)
entry 7147000/12404781 (57.6149%)
entry 7150000/12404781 (57.6391%)
entry 7151000/12404781 (57.6471%)
entry 7154000/12404781 (57.6713%)
entry 7155000/12404781 (57.6794%)
entry 7162000/12404781 (57.7358%)
entry 7163000/12404781 (57.7439%)
entry 7164000/12404781 (57.7519%)
entry 7171000/12404781 (57.8084%)
entry 7175000/12404781 (57.8406%)
entry 7177000/12404781 (57.8567%)
entry 7179000/12404781 (57.8728%)
entry 7184000/12404781 (57.9132%)
entry 7187000/12404781 (57.9373%)
entry 7188000/12404781 (57.9454%)
entry 7190000/12404781 (57.9615%)
entry 7193000/12404781 (57.9857%)
entry 7196000/12404781 (58.0099%)
entry 7205000/12404781 (58.0824%)
entry 7206000/12404781 (58.0905%)
entry 7212000/12404781 (58.1389%)
entry 7214000/12404781 (58.155%)
entry 7215000/12404781 (58.1631%)
entry 7216000/12404781 (58.1711%)
entry 7218000/12404781 (58.1872%)
entry 7221000/12404781 (58.2114%)
entry 7226000/12404781 (58.2517%)
entry 7228000/12404781 (58.2679%)
entry 7229000/12404781 (58.2759%)
entry 7233000/12404781 (58.3082%)
entry 7235000/12404781 (58.3243%)
entry 7239000/12404781 (58.3565%)
entry 7241000/12404781 (58.3727%)
entry 7244000/12404781 (58.3968%)
entry 7245000/12404781 (58.4049%)
entry 7247000/12404781 (58.421%)
entry 7248000/12404781 (58.4291%)
entry 7250000/12404781 (58.4452%)
entry 7257000/12404781 (58.5016%)
entry 7265000/12404781 (58.5661%)
entry 7268000/12404781 (58.5903%)
entry 7270000/12404781 (58.6064%)
entry 7276000/12404781 (58.6548%)
entry 7278000/12404781 (58.6709%)
entry 7282000/12404781 (58.7032%)
entry 7284000/12404781 (58.7193%)
entry 7285000/12404781 (58.7274%)
entry 7294000/12404781 (58.7999%)
entry 7295000/12404781 (58.808%)
entry 7296000/12404781 (58.816%)
entry 7297000/12404781 (58.8241%)
entry 7299000/12404781 (58.8402%)
entry 7301000/12404781 (58.8563%)
entry 7302000/12404781 (58.8644%)
entry 7305000/12404781 (58.8886%)
entry 7312000/12404781 (58.945%)
entry 7313000/12404781 (58.9531%)
entry 7314000/12404781 (58.9611%)
entry 7317000/12404781 (58.9853%)
entry 7319000/12404781 (59.0014%)
entry 7322000/12404781 (59.0256%)
entry 7324000/12404781 (59.0418%)
entry 7327000/12404781 (59.0659%)
entry 7328000/12404781 (59.074%)
entry 7332000/12404781 (59.1062%)
entry 7333000/12404781 (59.1143%)
entry 7335000/12404781 (59.1304%)
entry 7341000/12404781 (59.1788%)
entry 7342000/12404781 (59.1869%)
entry 7351000/12404781 (59.2594%)
entry 7352000/12404781 (59.2675%)
entry 7356000/12404781 (59.2997%)
entry 7357000/12404781 (59.3078%)
entry 7360000/12404781 (59.332%)
entry 7361000/12404781 (59.34%)
entry 7363000/12404781 (59.3561%)
entry 7364000/12404781 (59.3642%)
entry 7372000/12404781 (59.4287%)
entry 7373000/12404781 (59.4368%)
entry 7377000/12404781 (59.469%)
entry 7379000/12404781 (59.4851%)
entry 7381000/12404781 (59.5013%)
entry 7382000/12404781 (59.5093%)
entry 7384000/12404781 (59.5254%)
entry 7387000/12404781 (59.5496%)
entry 7397000/12404781 (59.6302%)
entry 7399000/12404781 (59.6464%)
entry 7401000/12404781 (59.6625%)
entry 7403000/12404781 (59.6786%)
entry 7405000/12404781 (59.6947%)
entry 7406000/12404781 (59.7028%)
entry 7407000/12404781 (59.7108%)
entry 7412000/12404781 (59.7512%)
entry 7416000/12404781 (59.7834%)
entry 7417000/12404781 (59.7915%)
entry 7426000/12404781 (59.864%)
entry 7428000/12404781 (59.8801%)
entry 7432000/12404781 (59.9124%)
entry 7433000/12404781 (59.9204%)
entry 7437000/12404781 (59.9527%)
entry 7439000/12404781 (59.9688%)
entry 7440000/12404781 (59.9769%)
entry 7442000/12404781 (59.993%)
entry 7444000/12404781 (60.0091%)
entry 7447000/12404781 (60.0333%)
entry 7451000/12404781 (60.0655%)
entry 7452000/12404781 (60.0736%)
entry 7455000/12404781 (60.0978%)
entry 7459000/12404781 (60.13%)
entry 7460000/12404781 (60.1381%)
entry 7461000/12404781 (60.1462%)
entry 7463000/12404781 (60.1623%)
entry 7466000/12404781 (60.1865%)
entry 7467000/12404781 (60.1945%)
entry 7470000/12404781 (60.2187%)
entry 7474000/12404781 (60.251%)
entry 7477000/12404781 (60.2751%)
entry 7478000/12404781 (60.2832%)
entry 7481000/12404781 (60.3074%)
entry 7488000/12404781 (60.3638%)
entry 7490000/12404781 (60.3799%)
entry 7491000/12404781 (60.388%)
entry 7492000/12404781 (60.3961%)
entry 7497000/12404781 (60.4364%)
entry 7499000/12404781 (60.4525%)
entry 7502000/12404781 (60.4767%)
entry 7506000/12404781 (60.5089%)
entry 7507000/12404781 (60.517%)
entry 7509000/12404781 (60.5331%)
entry 7512000/12404781 (60.5573%)
entry 7514000/12404781 (60.5734%)
entry 7519000/12404781 (60.6137%)
entry 7522000/12404781 (60.6379%)
entry 7527000/12404781 (60.6782%)
entry 7529000/12404781 (60.6943%)
entry 7531000/12404781 (60.7105%)
entry 7532000/12404781 (60.7185%)
entry 7533000/12404781 (60.7266%)
entry 7538000/12404781 (60.7669%)
entry 7540000/12404781 (60.783%)
entry 7541000/12404781 (60.7911%)
entry 7553000/12404781 (60.8878%)
entry 7554000/12404781 (60.8959%)
entry 7555000/12404781 (60.9039%)
entry 7557000/12404781 (60.9201%)
entry 7560000/12404781 (60.9442%)
entry 7561000/12404781 (60.9523%)
entry 7566000/12404781 (60.9926%)
entry 7568000/12404781 (61.0087%)
entry 7569000/12404781 (61.0168%)
entry 7571000/12404781 (61.0329%)
entry 7572000/12404781 (61.041%)
entry 7576000/12404781 (61.0732%)
entry 7579000/12404781 (61.0974%)
entry 7580000/12404781 (61.1055%)
entry 7581000/12404781 (61.1135%)
entry 7588000/12404781 (61.17%)
entry 7589000/12404781 (61.178%)
entry 7590000/12404781 (61.1861%)
entry 7596000/12404781 (61.2345%)
entry 7600000/12404781 (61.2667%)
entry 7601000/12404781 (61.2748%)
entry 7604000/12404781 (61.2989%)
entry 7609000/12404781 (61.3393%)
entry 7611000/12404781 (61.3554%)
entry 7613000/12404781 (61.3715%)
entry 7619000/12404781 (61.4199%)
entry 7620000/12404781 (61.4279%)
entry 7621000/12404781 (61.436%)
entry 7624000/12404781 (61.4602%)
entry 7628000/12404781 (61.4924%)
entry 7631000/12404781 (61.5166%)
entry 7633000/12404781 (61.5327%)
entry 7634000/12404781 (61.5408%)
entry 7637000/12404781 (61.565%)
entry 7640000/12404781 (61.5892%)
entry 7646000/12404781 (61.6375%)
entry 7647000/12404781 (61.6456%)
entry 7650000/12404781 (61.6698%)
entry 7651000/12404781 (61.6778%)
entry 7653000/12404781 (61.694%)
entry 7657000/12404781 (61.7262%)
entry 7659000/12404781 (61.7423%)
entry 7660000/12404781 (61.7504%)
entry 7662000/12404781 (61.7665%)
entry 7665000/12404781 (61.7907%)
entry 7666000/12404781 (61.7988%)
entry 7667000/12404781 (61.8068%)
entry 7670000/12404781 (61.831%)
entry 7671000/12404781 (61.8391%)
entry 7678000/12404781 (61.8955%)
entry 7680000/12404781 (61.9116%)
entry 7681000/12404781 (61.9197%)
entry 7685000/12404781 (61.9519%)
entry 7689000/12404781 (61.9842%)
entry 7690000/12404781 (61.9922%)
entry 7694000/12404781 (62.0245%)
entry 7698000/12404781 (62.0567%)
entry 7701000/12404781 (62.0809%)
entry 7709000/12404781 (62.1454%)
entry 7713000/12404781 (62.1776%)
entry 7717000/12404781 (62.2099%)
entry 7719000/12404781 (62.226%)
entry 7730000/12404781 (62.3147%)
entry 7732000/12404781 (62.3308%)
entry 7733000/12404781 (62.3389%)
entry 7734000/12404781 (62.3469%)
entry 7739000/12404781 (62.3872%)
entry 7741000/12404781 (62.4034%)
entry 7742000/12404781 (62.4114%)
entry 7744000/12404781 (62.4275%)
entry 7747000/12404781 (62.4517%)
entry 7750000/12404781 (62.4759%)
entry 7753000/12404781 (62.5001%)
entry 7754000/12404781 (62.5082%)
entry 7755000/12404781 (62.5162%)
entry 7762000/12404781 (62.5726%)
entry 7768000/12404781 (62.621%)
entry 7771000/12404781 (62.6452%)
entry 7772000/12404781 (62.6533%)
entry 7773000/12404781 (62.6613%)
entry 7775000/12404781 (62.6774%)
entry 7776000/12404781 (62.6855%)
entry 7779000/12404781 (62.7097%)
entry 7782000/12404781 (62.7339%)
entry 7784000/12404781 (62.75%)
entry 7788000/12404781 (62.7822%)
entry 7789000/12404781 (62.7903%)
entry 7793000/12404781 (62.8226%)
entry 7794000/12404781 (62.8306%)
entry 7795000/12404781 (62.8387%)
entry 7797000/12404781 (62.8548%)
entry 7801000/12404781 (62.887%)
entry 7805000/12404781 (62.9193%)
entry 7806000/12404781 (62.9273%)
entry 7812000/12404781 (62.9757%)
entry 7814000/12404781 (62.9918%)
entry 7817000/12404781 (63.016%)
entry 7819000/12404781 (63.0322%)
entry 7821000/12404781 (63.0483%)
entry 7823000/12404781 (63.0644%)
entry 7824000/12404781 (63.0725%)
entry 7826000/12404781 (63.0886%)
entry 7832000/12404781 (63.1369%)
entry 7836000/12404781 (63.1692%)
entry 7845000/12404781 (63.2417%)
entry 7846000/12404781 (63.2498%)
entry 7847000/12404781 (63.2579%)
entry 7848000/12404781 (63.2659%)
entry 7857000/12404781 (63.3385%)
entry 7863000/12404781 (63.3869%)
entry 7864000/12404781 (63.3949%)
entry 7868000/12404781 (63.4272%)
entry 7876000/12404781 (63.4916%)
entry 7878000/12404781 (63.5078%)
entry 7879000/12404781 (63.5158%)
entry 7884000/12404781 (63.5561%)
entry 7886000/12404781 (63.5723%)
entry 7888000/12404781 (63.5884%)
entry 7889000/12404781 (63.5964%)
entry 7893000/12404781 (63.6287%)
entry 7898000/12404781 (63.669%)
entry 7901000/12404781 (63.6932%)
entry 7902000/12404781 (63.7012%)
entry 7903000/12404781 (63.7093%)
entry 7905000/12404781 (63.7254%)
entry 7906000/12404781 (63.7335%)
entry 7909000/12404781 (63.7577%)
entry 7910000/12404781 (63.7657%)
entry 7917000/12404781 (63.8222%)
entry 7919000/12404781 (63.8383%)
entry 7922000/12404781 (63.8625%)
entry 7925000/12404781 (63.8867%)
entry 7928000/12404781 (63.9108%)
entry 7932000/12404781 (63.9431%)
entry 7936000/12404781 (63.9753%)
entry 7937000/12404781 (63.9834%)
entry 7943000/12404781 (64.0318%)
entry 7948000/12404781 (64.0721%)
entry 7954000/12404781 (64.1204%)
entry 7955000/12404781 (64.1285%)
entry 7957000/12404781 (64.1446%)
entry 7958000/12404781 (64.1527%)
entry 7968000/12404781 (64.2333%)
entry 7970000/12404781 (64.2494%)
entry 7971000/12404781 (64.2575%)
entry 7974000/12404781 (64.2817%)
entry 7978000/12404781 (64.3139%)
entry 7979000/12404781 (64.322%)
entry 7980000/12404781 (64.33%)
entry 7982000/12404781 (64.3462%)
entry 7983000/12404781 (64.3542%)
entry 7991000/12404781 (64.4187%)
entry 7997000/12404781 (64.4671%)
entry 8005000/12404781 (64.5316%)
entry 8006000/12404781 (64.5396%)
entry 8007000/12404781 (64.5477%)
entry 8008000/12404781 (64.5558%)
entry 8010000/12404781 (64.5719%)
entry 8011000/12404781 (64.5799%)
entry 8012000/12404781 (64.588%)
entry 8016000/12404781 (64.6202%)
entry 8018000/12404781 (64.6364%)
entry 8024000/12404781 (64.6847%)
entry 8026000/12404781 (64.7009%)
entry 8028000/12404781 (64.717%)
entry 8029000/12404781 (64.725%)
entry 8030000/12404781 (64.7331%)
entry 8033000/12404781 (64.7573%)
entry 8034000/12404781 (64.7654%)
entry 8037000/12404781 (64.7895%)
entry 8038000/12404781 (64.7976%)
entry 8043000/12404781 (64.8379%)
entry 8044000/12404781 (64.846%)
entry 8045000/12404781 (64.854%)
entry 8049000/12404781 (64.8863%)
entry 8050000/12404781 (64.8943%)
entry 8051000/12404781 (64.9024%)
entry 8052000/12404781 (64.9105%)
entry 8068000/12404781 (65.0394%)
entry 8074000/12404781 (65.0878%)
entry 8079000/12404781 (65.1281%)
entry 8081000/12404781 (65.1442%)
entry 8082000/12404781 (65.1523%)
entry 8084000/12404781 (65.1684%)
entry 8086000/12404781 (65.1845%)
entry 8087000/12404781 (65.1926%)
entry 8088000/12404781 (65.2007%)
entry 8093000/12404781 (65.241%)
entry 8094000/12404781 (65.249%)
entry 8095000/12404781 (65.2571%)
entry 8098000/12404781 (65.2813%)
entry 8100000/12404781 (65.2974%)
entry 8104000/12404781 (65.3296%)
entry 8108000/12404781 (65.3619%)
entry 8113000/12404781 (65.4022%)
entry 8114000/12404781 (65.4103%)
entry 8115000/12404781 (65.4183%)
entry 8119000/12404781 (65.4506%)
entry 8121000/12404781 (65.4667%)
entry 8122000/12404781 (65.4748%)
entry 8123000/12404781 (65.4828%)
entry 8125000/12404781 (65.4989%)
entry 8129000/12404781 (65.5312%)
entry 8133000/12404781 (65.5634%)
entry 8135000/12404781 (65.5796%)
entry 8142000/12404781 (65.636%)
entry 8145000/12404781 (65.6602%)
entry 8148000/12404781 (65.6844%)
entry 8149000/12404781 (65.6924%)
entry 8152000/12404781 (65.7166%)
entry 8156000/12404781 (65.7488%)
entry 8157000/12404781 (65.7569%)
entry 8161000/12404781 (65.7892%)
entry 8166000/12404781 (65.8295%)
entry 8167000/12404781 (65.8375%)
entry 8169000/12404781 (65.8536%)
entry 8173000/12404781 (65.8859%)
entry 8174000/12404781 (65.8939%)
entry 8184000/12404781 (65.9746%)
entry 8185000/12404781 (65.9826%)
entry 8190000/12404781 (66.0229%)
entry 8191000/12404781 (66.031%)
entry 8192000/12404781 (66.0391%)
entry 8197000/12404781 (66.0794%)
entry 8199000/12404781 (66.0955%)
entry 8207000/12404781 (66.16%)
entry 8208000/12404781 (66.168%)
entry 8209000/12404781 (66.1761%)
entry 8211000/12404781 (66.1922%)
entry 8213000/12404781 (66.2083%)
entry 8214000/12404781 (66.2164%)
entry 8220000/12404781 (66.2648%)
entry 8221000/12404781 (66.2728%)
entry 8222000/12404781 (66.2809%)
entry 8225000/12404781 (66.3051%)
entry 8226000/12404781 (66.3131%)
entry 8227000/12404781 (66.3212%)
entry 8231000/12404781 (66.3534%)
entry 8232000/12404781 (66.3615%)
entry 8233000/12404781 (66.3696%)
entry 8234000/12404781 (66.3776%)
entry 8238000/12404781 (66.4099%)
entry 8241000/12404781 (66.4341%)
entry 8247000/12404781 (66.4824%)
entry 8248000/12404781 (66.4905%)
entry 8250000/12404781 (66.5066%)
entry 8254000/12404781 (66.5389%)
entry 8255000/12404781 (66.5469%)
entry 8258000/12404781 (66.5711%)
entry 8263000/12404781 (66.6114%)
entry 8266000/12404781 (66.6356%)
entry 8270000/12404781 (66.6678%)
entry 8271000/12404781 (66.6759%)
entry 8277000/12404781 (66.7243%)
entry 8278000/12404781 (66.7323%)
entry 8284000/12404781 (66.7807%)
entry 8287000/12404781 (66.8049%)
entry 8290000/12404781 (66.8291%)
entry 8294000/12404781 (66.8613%)
entry 8301000/12404781 (66.9177%)
entry 8302000/12404781 (66.9258%)
entry 8305000/12404781 (66.95%)
entry 8308000/12404781 (66.9742%)
entry 8310000/12404781 (66.9903%)
entry 8312000/12404781 (67.0064%)
entry 8313000/12404781 (67.0145%)
entry 8314000/12404781 (67.0225%)
entry 8317000/12404781 (67.0467%)
entry 8319000/12404781 (67.0629%)
entry 8321000/12404781 (67.079%)
entry 8326000/12404781 (67.1193%)
entry 8328000/12404781 (67.1354%)
entry 8329000/12404781 (67.1435%)
entry 8332000/12404781 (67.1677%)
entry 8340000/12404781 (67.2321%)
entry 8343000/12404781 (67.2563%)
entry 8344000/12404781 (67.2644%)
entry 8345000/12404781 (67.2724%)
entry 8346000/12404781 (67.2805%)
entry 8348000/12404781 (67.2966%)
entry 8353000/12404781 (67.3369%)
entry 8355000/12404781 (67.3531%)
entry 8358000/12404781 (67.3772%)
entry 8359000/12404781 (67.3853%)
entry 8362000/12404781 (67.4095%)
entry 8365000/12404781 (67.4337%)
entry 8369000/12404781 (67.4659%)
entry 8378000/12404781 (67.5385%)
entry 8385000/12404781 (67.5949%)
entry 8388000/12404781 (67.6191%)
entry 8392000/12404781 (67.6513%)
entry 8394000/12404781 (67.6675%)
entry 8396000/12404781 (67.6836%)
entry 8397000/12404781 (67.6916%)
entry 8402000/12404781 (67.7319%)
entry 8404000/12404781 (67.7481%)
entry 8407000/12404781 (67.7723%)
entry 8409000/12404781 (67.7884%)
entry 8410000/12404781 (67.7964%)
entry 8418000/12404781 (67.8609%)
entry 8425000/12404781 (67.9174%)
entry 8433000/12404781 (67.9819%)
entry 8434000/12404781 (67.9899%)
entry 8440000/12404781 (68.0383%)
entry 8441000/12404781 (68.0463%)
entry 8444000/12404781 (68.0705%)
entry 8446000/12404781 (68.0867%)
entry 8447000/12404781 (68.0947%)
entry 8455000/12404781 (68.1592%)
entry 8456000/12404781 (68.1673%)
entry 8458000/12404781 (68.1834%)
entry 8460000/12404781 (68.1995%)
entry 8464000/12404781 (68.2318%)
entry 8467000/12404781 (68.2559%)
entry 8471000/12404781 (68.2882%)
entry 8472000/12404781 (68.2962%)
entry 8473000/12404781 (68.3043%)
entry 8476000/12404781 (68.3285%)
entry 8480000/12404781 (68.3607%)
entry 8481000/12404781 (68.3688%)
entry 8482000/12404781 (68.3769%)
entry 8483000/12404781 (68.3849%)
entry 8484000/12404781 (68.393%)
entry 8485000/12404781 (68.401%)
entry 8487000/12404781 (68.4172%)
entry 8488000/12404781 (68.4252%)
entry 8489000/12404781 (68.4333%)
entry 8491000/12404781 (68.4494%)
entry 8494000/12404781 (68.4736%)
entry 8495000/12404781 (68.4817%)
entry 8496000/12404781 (68.4897%)
entry 8499000/12404781 (68.5139%)
entry 8509000/12404781 (68.5945%)
entry 8510000/12404781 (68.6026%)
entry 8514000/12404781 (68.6348%)
entry 8515000/12404781 (68.6429%)
entry 8516000/12404781 (68.6509%)
entry 8517000/12404781 (68.659%)
entry 8518000/12404781 (68.6671%)
entry 8525000/12404781 (68.7235%)
entry 8528000/12404781 (68.7477%)
entry 8530000/12404781 (68.7638%)
entry 8531000/12404781 (68.7719%)
entry 8538000/12404781 (68.8283%)
entry 8545000/12404781 (68.8847%)
entry 8549000/12404781 (68.917%)
entry 8551000/12404781 (68.9331%)
entry 8552000/12404781 (68.9412%)
entry 8557000/12404781 (68.9815%)
entry 8559000/12404781 (68.9976%)
entry 8564000/12404781 (69.0379%)
entry 8568000/12404781 (69.0701%)
entry 8575000/12404781 (69.1266%)
entry 8578000/12404781 (69.1508%)
entry 8580000/12404781 (69.1669%)
entry 8583000/12404781 (69.1911%)
entry 8590000/12404781 (69.2475%)
entry 8601000/12404781 (69.3362%)
entry 8608000/12404781 (69.3926%)
entry 8610000/12404781 (69.4087%)
entry 8618000/12404781 (69.4732%)
entry 8619000/12404781 (69.4813%)
entry 8621000/12404781 (69.4974%)
entry 8623000/12404781 (69.5135%)
entry 8624000/12404781 (69.5216%)
entry 8629000/12404781 (69.5619%)
entry 8632000/12404781 (69.5861%)
entry 8633000/12404781 (69.5941%)
entry 8644000/12404781 (69.6828%)
entry 8645000/12404781 (69.6909%)
entry 8652000/12404781 (69.7473%)
entry 8653000/12404781 (69.7554%)
entry 8654000/12404781 (69.7634%)
entry 8655000/12404781 (69.7715%)
entry 8659000/12404781 (69.8037%)
entry 8660000/12404781 (69.8118%)
entry 8663000/12404781 (69.836%)
entry 8664000/12404781 (69.844%)
entry 8665000/12404781 (69.8521%)
entry 8666000/12404781 (69.8602%)
entry 8667000/12404781 (69.8682%)
entry 8669000/12404781 (69.8843%)
entry 8674000/12404781 (69.9247%)
entry 8677000/12404781 (69.9488%)
entry 8683000/12404781 (69.9972%)
entry 8688000/12404781 (70.0375%)
entry 8690000/12404781 (70.0536%)
entry 8692000/12404781 (70.0698%)
entry 8693000/12404781 (70.0778%)
entry 8694000/12404781 (70.0859%)
entry 8698000/12404781 (70.1181%)
entry 8701000/12404781 (70.1423%)
entry 8706000/12404781 (70.1826%)
entry 8708000/12404781 (70.1987%)
entry 8715000/12404781 (70.2552%)
entry 8716000/12404781 (70.2632%)
entry 8718000/12404781 (70.2794%)
entry 8721000/12404781 (70.3035%)
entry 8722000/12404781 (70.3116%)
entry 8723000/12404781 (70.3197%)
entry 8726000/12404781 (70.3438%)
entry 8728000/12404781 (70.36%)
entry 8729000/12404781 (70.368%)
entry 8730000/12404781 (70.3761%)
entry 8734000/12404781 (70.4083%)
entry 8736000/12404781 (70.4245%)
entry 8737000/12404781 (70.4325%)
entry 8739000/12404781 (70.4486%)
entry 8745000/12404781 (70.497%)
entry 8747000/12404781 (70.5131%)
entry 8754000/12404781 (70.5696%)
entry 8757000/12404781 (70.5938%)
entry 8758000/12404781 (70.6018%)
entry 8770000/12404781 (70.6985%)
entry 8771000/12404781 (70.7066%)
entry 8772000/12404781 (70.7147%)
entry 8774000/12404781 (70.7308%)
entry 8775000/12404781 (70.7389%)
entry 8779000/12404781 (70.7711%)
entry 8781000/12404781 (70.7872%)
entry 8782000/12404781 (70.7953%)
entry 8783000/12404781 (70.8033%)
entry 8790000/12404781 (70.8598%)
entry 8791000/12404781 (70.8678%)
entry 8793000/12404781 (70.884%)
entry 8795000/12404781 (70.9001%)
entry 8801000/12404781 (70.9485%)
entry 8807000/12404781 (70.9968%)
entry 8811000/12404781 (71.0291%)
entry 8819000/12404781 (71.0936%)
entry 8822000/12404781 (71.1177%)
entry 8823000/12404781 (71.1258%)
entry 8829000/12404781 (71.1742%)
entry 8832000/12404781 (71.1984%)
entry 8835000/12404781 (71.2225%)
entry 8836000/12404781 (71.2306%)
entry 8838000/12404781 (71.2467%)
entry 8839000/12404781 (71.2548%)
entry 8840000/12404781 (71.2628%)
entry 8843000/12404781 (71.287%)
entry 8844000/12404781 (71.2951%)
entry 8846000/12404781 (71.3112%)
entry 8851000/12404781 (71.3515%)
entry 8856000/12404781 (71.3918%)
entry 8858000/12404781 (71.4079%)
entry 8860000/12404781 (71.4241%)
entry 8866000/12404781 (71.4724%)
entry 8868000/12404781 (71.4886%)
entry 8870000/12404781 (71.5047%)
entry 8872000/12404781 (71.5208%)
entry 8873000/12404781 (71.5289%)
entry 8874000/12404781 (71.5369%)
entry 8884000/12404781 (71.6175%)
entry 8885000/12404781 (71.6256%)
entry 8888000/12404781 (71.6498%)
entry 8890000/12404781 (71.6659%)
entry 8898000/12404781 (71.7304%)
entry 8903000/12404781 (71.7707%)
entry 8907000/12404781 (71.803%)
entry 8908000/12404781 (71.811%)
entry 8918000/12404781 (71.8916%)
entry 8919000/12404781 (71.8997%)
entry 8922000/12404781 (71.9239%)
entry 8923000/12404781 (71.9319%)
entry 8937000/12404781 (72.0448%)
entry 8938000/12404781 (72.0529%)
entry 8945000/12404781 (72.1093%)
entry 8947000/12404781 (72.1254%)
entry 8949000/12404781 (72.1415%)
entry 8950000/12404781 (72.1496%)
entry 8953000/12404781 (72.1738%)
entry 8955000/12404781 (72.1899%)
entry 8956000/12404781 (72.198%)
entry 8961000/12404781 (72.2383%)
entry 8962000/12404781 (72.2463%)
entry 8964000/12404781 (72.2625%)
entry 8965000/12404781 (72.2705%)
entry 8966000/12404781 (72.2786%)
entry 8967000/12404781 (72.2866%)
entry 8971000/12404781 (72.3189%)
entry 8975000/12404781 (72.3511%)
entry 8985000/12404781 (72.4317%)
entry 8986000/12404781 (72.4398%)
entry 8987000/12404781 (72.4479%)
entry 8991000/12404781 (72.4801%)
entry 8992000/12404781 (72.4882%)
entry 8996000/12404781 (72.5204%)
entry 9003000/12404781 (72.5769%)
entry 9006000/12404781 (72.601%)
entry 9008000/12404781 (72.6172%)
entry 9011000/12404781 (72.6413%)
entry 9012000/12404781 (72.6494%)
entry 9013000/12404781 (72.6575%)
entry 9014000/12404781 (72.6655%)
entry 9016000/12404781 (72.6817%)
entry 9027000/12404781 (72.7703%)
entry 9029000/12404781 (72.7865%)
entry 9032000/12404781 (72.8106%)
entry 9035000/12404781 (72.8348%)
entry 9039000/12404781 (72.8671%)
entry 9041000/12404781 (72.8832%)
entry 9043000/12404781 (72.8993%)
entry 9045000/12404781 (72.9154%)
entry 9047000/12404781 (72.9316%)
entry 9051000/12404781 (72.9638%)
entry 9053000/12404781 (72.9799%)
entry 9057000/12404781 (73.0122%)
entry 9058000/12404781 (73.0202%)
entry 9060000/12404781 (73.0364%)
entry 9061000/12404781 (73.0444%)
entry 9062000/12404781 (73.0525%)
entry 9064000/12404781 (73.0686%)
entry 9066000/12404781 (73.0847%)
entry 9067000/12404781 (73.0928%)
entry 9071000/12404781 (73.125%)
entry 9081000/12404781 (73.2056%)
entry 9085000/12404781 (73.2379%)
entry 9086000/12404781 (73.246%)
entry 9089000/12404781 (73.2701%)
entry 9094000/12404781 (73.3104%)
entry 9095000/12404781 (73.3185%)
entry 9098000/12404781 (73.3427%)
entry 9103000/12404781 (73.383%)
entry 9105000/12404781 (73.3991%)
entry 9110000/12404781 (73.4394%)
entry 9112000/12404781 (73.4555%)
entry 9114000/12404781 (73.4717%)
entry 9116000/12404781 (73.4878%)
entry 9120000/12404781 (73.52%)
entry 9125000/12404781 (73.5603%)
entry 9129000/12404781 (73.5926%)
entry 9131000/12404781 (73.6087%)
entry 9132000/12404781 (73.6168%)
entry 9134000/12404781 (73.6329%)
entry 9139000/12404781 (73.6732%)
entry 9140000/12404781 (73.6813%)
entry 9143000/12404781 (73.7055%)
entry 9144000/12404781 (73.7135%)
entry 9145000/12404781 (73.7216%)
entry 9146000/12404781 (73.7296%)
entry 9147000/12404781 (73.7377%)
entry 9148000/12404781 (73.7458%)
entry 9149000/12404781 (73.7538%)
entry 9150000/12404781 (73.7619%)
entry 9152000/12404781 (73.778%)
entry 9153000/12404781 (73.7861%)
entry 9154000/12404781 (73.7941%)
entry 9156000/12404781 (73.8102%)
entry 9158000/12404781 (73.8264%)
entry 9159000/12404781 (73.8344%)
entry 9165000/12404781 (73.8828%)
entry 9170000/12404781 (73.9231%)
entry 9173000/12404781 (73.9473%)
entry 9176000/12404781 (73.9715%)
entry 9178000/12404781 (73.9876%)
entry 9180000/12404781 (74.0037%)
entry 9184000/12404781 (74.036%)
entry 9185000/12404781 (74.044%)
entry 9187000/12404781 (74.0602%)
entry 9192000/12404781 (74.1005%)
entry 9193000/12404781 (74.1085%)
entry 9195000/12404781 (74.1246%)
entry 9197000/12404781 (74.1408%)
entry 9198000/12404781 (74.1488%)
entry 9205000/12404781 (74.2053%)
entry 9206000/12404781 (74.2133%)
entry 9209000/12404781 (74.2375%)
entry 9212000/12404781 (74.2617%)
entry 9214000/12404781 (74.2778%)
entry 9223000/12404781 (74.3504%)
entry 9230000/12404781 (74.4068%)
entry 9233000/12404781 (74.431%)
entry 9235000/12404781 (74.4471%)
entry 9238000/12404781 (74.4713%)
entry 9239000/12404781 (74.4793%)
entry 9241000/12404781 (74.4955%)
entry 9245000/12404781 (74.5277%)
entry 9250000/12404781 (74.568%)
entry 9253000/12404781 (74.5922%)
entry 9256000/12404781 (74.6164%)
entry 9260000/12404781 (74.6486%)
entry 9262000/12404781 (74.6648%)
entry 9266000/12404781 (74.697%)
entry 9269000/12404781 (74.7212%)
entry 9270000/12404781 (74.7293%)
entry 9275000/12404781 (74.7696%)
entry 9281000/12404781 (74.8179%)
entry 9283000/12404781 (74.834%)
entry 9286000/12404781 (74.8582%)
entry 9288000/12404781 (74.8744%)
entry 9289000/12404781 (74.8824%)
entry 9290000/12404781 (74.8905%)
entry 9292000/12404781 (74.9066%)
entry 9294000/12404781 (74.9227%)
entry 9295000/12404781 (74.9308%)
entry 9300000/12404781 (74.9711%)
entry 9302000/12404781 (74.9872%)
entry 9304000/12404781 (75.0033%)
entry 9306000/12404781 (75.0195%)
entry 9311000/12404781 (75.0598%)
entry 9315000/12404781 (75.092%)
entry 9318000/12404781 (75.1162%)
entry 9324000/12404781 (75.1646%)
entry 9329000/12404781 (75.2049%)
entry 9332000/12404781 (75.2291%)
entry 9338000/12404781 (75.2774%)
entry 9339000/12404781 (75.2855%)
entry 9342000/12404781 (75.3097%)
entry 9347000/12404781 (75.35%)
entry 9349000/12404781 (75.3661%)
entry 9358000/12404781 (75.4387%)
entry 9359000/12404781 (75.4467%)
entry 9360000/12404781 (75.4548%)
entry 9361000/12404781 (75.4628%)
entry 9364000/12404781 (75.487%)
entry 9366000/12404781 (75.5031%)
entry 9367000/12404781 (75.5112%)
entry 9368000/12404781 (75.5193%)
entry 9371000/12404781 (75.5435%)
entry 9372000/12404781 (75.5515%)
entry 9376000/12404781 (75.5838%)
entry 9378000/12404781 (75.5999%)
entry 9379000/12404781 (75.6079%)
entry 9381000/12404781 (75.6241%)
entry 9382000/12404781 (75.6321%)
entry 9383000/12404781 (75.6402%)
entry 9387000/12404781 (75.6724%)
entry 9389000/12404781 (75.6886%)
entry 9392000/12404781 (75.7127%)
entry 9393000/12404781 (75.7208%)
entry 9394000/12404781 (75.7289%)
entry 9399000/12404781 (75.7692%)
entry 9404000/12404781 (75.8095%)
entry 9405000/12404781 (75.8175%)
entry 9408000/12404781 (75.8417%)
entry 9418000/12404781 (75.9223%)
entry 9423000/12404781 (75.9626%)
entry 9424000/12404781 (75.9707%)
entry 9432000/12404781 (76.0352%)
entry 9433000/12404781 (76.0433%)
entry 9435000/12404781 (76.0594%)
entry 9436000/12404781 (76.0674%)
entry 9437000/12404781 (76.0755%)
entry 9438000/12404781 (76.0836%)
entry 9440000/12404781 (76.0997%)
entry 9442000/12404781 (76.1158%)
entry 9444000/12404781 (76.1319%)
entry 9449000/12404781 (76.1722%)
entry 9450000/12404781 (76.1803%)
entry 9452000/12404781 (76.1964%)
entry 9453000/12404781 (76.2045%)
entry 9461000/12404781 (76.269%)
entry 9462000/12404781 (76.277%)
entry 9467000/12404781 (76.3173%)
entry 9469000/12404781 (76.3335%)
entry 9472000/12404781 (76.3577%)
entry 9476000/12404781 (76.3899%)
entry 9477000/12404781 (76.398%)
entry 9484000/12404781 (76.4544%)
entry 9485000/12404781 (76.4625%)
entry 9488000/12404781 (76.4866%)
entry 9493000/12404781 (76.5269%)
entry 9496000/12404781 (76.5511%)
entry 9500000/12404781 (76.5834%)
entry 9506000/12404781 (76.6317%)
entry 9507000/12404781 (76.6398%)
entry 9510000/12404781 (76.664%)
entry 9511000/12404781 (76.6721%)
entry 9516000/12404781 (76.7124%)
entry 9522000/12404781 (76.7607%)
entry 9523000/12404781 (76.7688%)
entry 9527000/12404781 (76.801%)
entry 9529000/12404781 (76.8172%)
entry 9531000/12404781 (76.8333%)
entry 9533000/12404781 (76.8494%)
entry 9536000/12404781 (76.8736%)
entry 9537000/12404781 (76.8816%)
entry 9538000/12404781 (76.8897%)
entry 9539000/12404781 (76.8978%)
entry 9540000/12404781 (76.9058%)
entry 9541000/12404781 (76.9139%)
entry 9543000/12404781 (76.93%)
entry 9546000/12404781 (76.9542%)
entry 9547000/12404781 (76.9623%)
entry 9555000/12404781 (77.0268%)
entry 9556000/12404781 (77.0348%)
entry 9557000/12404781 (77.0429%)
entry 9562000/12404781 (77.0832%)
entry 9564000/12404781 (77.0993%)
entry 9565000/12404781 (77.1074%)
entry 9569000/12404781 (77.1396%)
entry 9577000/12404781 (77.2041%)
entry 9581000/12404781 (77.2363%)
entry 9584000/12404781 (77.2605%)
entry 9594000/12404781 (77.3411%)
entry 9596000/12404781 (77.3573%)
entry 9604000/12404781 (77.4218%)
entry 9610000/12404781 (77.4701%)
entry 9612000/12404781 (77.4863%)
entry 9615000/12404781 (77.5104%)
entry 9624000/12404781 (77.583%)
entry 9630000/12404781 (77.6314%)
entry 9631000/12404781 (77.6394%)
entry 9633000/12404781 (77.6555%)
entry 9636000/12404781 (77.6797%)
entry 9640000/12404781 (77.712%)
entry 9642000/12404781 (77.7281%)
entry 9643000/12404781 (77.7362%)
entry 9644000/12404781 (77.7442%)
entry 9647000/12404781 (77.7684%)
entry 9649000/12404781 (77.7845%)
entry 9650000/12404781 (77.7926%)
entry 9652000/12404781 (77.8087%)
entry 9653000/12404781 (77.8168%)
entry 9657000/12404781 (77.849%)
entry 9659000/12404781 (77.8651%)
entry 9660000/12404781 (77.8732%)
entry 9662000/12404781 (77.8893%)
entry 9663000/12404781 (77.8974%)
entry 9664000/12404781 (77.9054%)
entry 9674000/12404781 (77.9861%)
entry 9676000/12404781 (78.0022%)
entry 9683000/12404781 (78.0586%)
entry 9686000/12404781 (78.0828%)
entry 9688000/12404781 (78.0989%)
entry 9689000/12404781 (78.107%)
entry 9693000/12404781 (78.1392%)
entry 9694000/12404781 (78.1473%)
entry 9696000/12404781 (78.1634%)
entry 9699000/12404781 (78.1876%)
entry 9700000/12404781 (78.1957%)
entry 9709000/12404781 (78.2682%)
entry 9710000/12404781 (78.2763%)
entry 9712000/12404781 (78.2924%)
entry 9719000/12404781 (78.3488%)
entry 9720000/12404781 (78.3569%)
entry 9722000/12404781 (78.373%)
entry 9723000/12404781 (78.3811%)
entry 9724000/12404781 (78.3891%)
entry 9726000/12404781 (78.4053%)
entry 9732000/12404781 (78.4536%)
entry 9734000/12404781 (78.4697%)
entry 9736000/12404781 (78.4859%)
entry 9740000/12404781 (78.5181%)
entry 9742000/12404781 (78.5342%)
entry 9749000/12404781 (78.5907%)
entry 9756000/12404781 (78.6471%)
entry 9760000/12404781 (78.6793%)
entry 9763000/12404781 (78.7035%)
entry 9768000/12404781 (78.7438%)
entry 9773000/12404781 (78.7841%)
entry 9776000/12404781 (78.8083%)
entry 9778000/12404781 (78.8244%)
entry 9781000/12404781 (78.8486%)
entry 9784000/12404781 (78.8728%)
entry 9785000/12404781 (78.8809%)
entry 9786000/12404781 (78.8889%)
entry 9787000/12404781 (78.897%)
entry 9789000/12404781 (78.9131%)
entry 9790000/12404781 (78.9212%)
entry 9794000/12404781 (78.9534%)
entry 9799000/12404781 (78.9937%)
entry 9801000/12404781 (79.0099%)
entry 9803000/12404781 (79.026%)
entry 9805000/12404781 (79.0421%)
entry 9806000/12404781 (79.0502%)
entry 9807000/12404781 (79.0582%)
entry 9808000/12404781 (79.0663%)
entry 9815000/12404781 (79.1227%)
entry 9817000/12404781 (79.1388%)
entry 9818000/12404781 (79.1469%)
entry 9819000/12404781 (79.155%)
entry 9820000/12404781 (79.163%)
entry 9822000/12404781 (79.1791%)
entry 9823000/12404781 (79.1872%)
entry 9829000/12404781 (79.2356%)
entry 9833000/12404781 (79.2678%)
entry 9835000/12404781 (79.2839%)
entry 9838000/12404781 (79.3081%)
entry 9841000/12404781 (79.3323%)
entry 9845000/12404781 (79.3646%)
entry 9848000/12404781 (79.3887%)
entry 9849000/12404781 (79.3968%)
entry 9850000/12404781 (79.4049%)
entry 9852000/12404781 (79.421%)
entry 9857000/12404781 (79.4613%)
entry 9864000/12404781 (79.5177%)
entry 9870000/12404781 (79.5661%)
entry 9872000/12404781 (79.5822%)
entry 9875000/12404781 (79.6064%)
entry 9882000/12404781 (79.6628%)
entry 9883000/12404781 (79.6709%)
entry 9893000/12404781 (79.7515%)
entry 9894000/12404781 (79.7596%)
entry 9896000/12404781 (79.7757%)
entry 9900000/12404781 (79.8079%)
entry 9901000/12404781 (79.816%)
entry 9907000/12404781 (79.8644%)
entry 9910000/12404781 (79.8886%)
entry 9911000/12404781 (79.8966%)
entry 9915000/12404781 (79.9289%)
entry 9917000/12404781 (79.945%)
entry 9918000/12404781 (79.953%)
entry 9921000/12404781 (79.9772%)
entry 9924000/12404781 (80.0014%)
entry 9930000/12404781 (80.0498%)
entry 9933000/12404781 (80.074%)
entry 9936000/12404781 (80.0982%)
entry 9939000/12404781 (80.1223%)
entry 9946000/12404781 (80.1788%)
entry 9949000/12404781 (80.2029%)
entry 9952000/12404781 (80.2271%)
entry 9956000/12404781 (80.2594%)
entry 9957000/12404781 (80.2674%)
entry 9960000/12404781 (80.2916%)
entry 9961000/12404781 (80.2997%)
entry 9963000/12404781 (80.3158%)
entry 9967000/12404781 (80.3481%)
entry 9968000/12404781 (80.3561%)
entry 9972000/12404781 (80.3884%)
entry 9977000/12404781 (80.4287%)
entry 9979000/12404781 (80.4448%)
entry 9981000/12404781 (80.4609%)
entry 9982000/12404781 (80.469%)
entry 9985000/12404781 (80.4932%)
entry 9989000/12404781 (80.5254%)
entry 9990000/12404781 (80.5335%)
entry 9994000/12404781 (80.5657%)
entry 9998000/12404781 (80.598%)
entry 10005000/12404781 (80.6544%)
entry 10007000/12404781 (80.6705%)
entry 10013000/12404781 (80.7189%)
entry 10019000/12404781 (80.7672%)
entry 10026000/12404781 (80.8237%)
entry 10030000/12404781 (80.8559%)
entry 10034000/12404781 (80.8882%)
entry 10036000/12404781 (80.9043%)
entry 10037000/12404781 (80.9124%)
entry 10038000/12404781 (80.9204%)
entry 10039000/12404781 (80.9285%)
entry 10041000/12404781 (80.9446%)
entry 10048000/12404781 (81.001%)
entry 10055000/12404781 (81.0575%)
entry 10063000/12404781 (81.1219%)
entry 10064000/12404781 (81.13%)
entry 10066000/12404781 (81.1461%)
entry 10067000/12404781 (81.1542%)
entry 10075000/12404781 (81.2187%)
entry 10078000/12404781 (81.2429%)
entry 10082000/12404781 (81.2751%)
entry 10085000/12404781 (81.2993%)
entry 10089000/12404781 (81.3315%)
entry 10093000/12404781 (81.3638%)
entry 10095000/12404781 (81.3799%)
entry 10096000/12404781 (81.388%)
entry 10100000/12404781 (81.4202%)
entry 10102000/12404781 (81.4363%)
entry 10103000/12404781 (81.4444%)
entry 10105000/12404781 (81.4605%)
entry 10106000/12404781 (81.4686%)
entry 10110000/12404781 (81.5008%)
entry 10111000/12404781 (81.5089%)
entry 10113000/12404781 (81.525%)
entry 10114000/12404781 (81.5331%)
entry 10116000/12404781 (81.5492%)
entry 10118000/12404781 (81.5653%)
entry 10119000/12404781 (81.5734%)
entry 10122000/12404781 (81.5976%)
entry 10123000/12404781 (81.6056%)
entry 10124000/12404781 (81.6137%)
entry 10126000/12404781 (81.6298%)
entry 10127000/12404781 (81.6379%)
entry 10128000/12404781 (81.6459%)
entry 10137000/12404781 (81.7185%)
entry 10144000/12404781 (81.7749%)
entry 10146000/12404781 (81.791%)
entry 10149000/12404781 (81.8152%)
entry 10152000/12404781 (81.8394%)
entry 10158000/12404781 (81.8878%)
entry 10162000/12404781 (81.92%)
entry 10163000/12404781 (81.9281%)
entry 10170000/12404781 (81.9845%)
entry 10176000/12404781 (82.0329%)
entry 10182000/12404781 (82.0813%)
entry 10184000/12404781 (82.0974%)
entry 10187000/12404781 (82.1216%)
entry 10188000/12404781 (82.1296%)
entry 10189000/12404781 (82.1377%)
entry 10190000/12404781 (82.1457%)
entry 10191000/12404781 (82.1538%)
entry 10194000/12404781 (82.178%)
entry 10198000/12404781 (82.2102%)
entry 10201000/12404781 (82.2344%)
entry 10203000/12404781 (82.2505%)
entry 10204000/12404781 (82.2586%)
entry 10215000/12404781 (82.3473%)
entry 10216000/12404781 (82.3553%)
entry 10221000/12404781 (82.3956%)
entry 10223000/12404781 (82.4118%)
entry 10225000/12404781 (82.4279%)
entry 10227000/12404781 (82.444%)
entry 10229000/12404781 (82.4601%)
entry 10233000/12404781 (82.4924%)
entry 10235000/12404781 (82.5085%)
entry 10238000/12404781 (82.5327%)
entry 10239000/12404781 (82.5408%)
entry 10243000/12404781 (82.573%)
entry 10244000/12404781 (82.5811%)
entry 10251000/12404781 (82.6375%)
entry 10252000/12404781 (82.6456%)
entry 10253000/12404781 (82.6536%)
entry 10256000/12404781 (82.6778%)
entry 10258000/12404781 (82.6939%)
entry 10261000/12404781 (82.7181%)
entry 10262000/12404781 (82.7262%)
entry 10265000/12404781 (82.7504%)
entry 10268000/12404781 (82.7745%)
entry 10270000/12404781 (82.7907%)
entry 10271000/12404781 (82.7987%)
entry 10274000/12404781 (82.8229%)
entry 10277000/12404781 (82.8471%)
entry 10278000/12404781 (82.8552%)
entry 10279000/12404781 (82.8632%)
entry 10283000/12404781 (82.8955%)
entry 10284000/12404781 (82.9035%)
entry 10285000/12404781 (82.9116%)
entry 10288000/12404781 (82.9358%)
entry 10289000/12404781 (82.9438%)
entry 10290000/12404781 (82.9519%)
entry 10292000/12404781 (82.968%)
entry 10295000/12404781 (82.9922%)
entry 10297000/12404781 (83.0083%)
entry 10300000/12404781 (83.0325%)
entry 10302000/12404781 (83.0486%)
entry 10303000/12404781 (83.0567%)
entry 10306000/12404781 (83.0809%)
entry 10308000/12404781 (83.097%)
entry 10314000/12404781 (83.1454%)
entry 10315000/12404781 (83.1534%)
entry 10323000/12404781 (83.2179%)
entry 10329000/12404781 (83.2663%)
entry 10331000/12404781 (83.2824%)
entry 10336000/12404781 (83.3227%)
entry 10344000/12404781 (83.3872%)
entry 10345000/12404781 (83.3953%)
entry 10347000/12404781 (83.4114%)
entry 10349000/12404781 (83.4275%)
entry 10350000/12404781 (83.4356%)
entry 10352000/12404781 (83.4517%)
entry 10355000/12404781 (83.4759%)
entry 10363000/12404781 (83.5404%)
entry 10368000/12404781 (83.5807%)
entry 10369000/12404781 (83.5887%)
entry 10370000/12404781 (83.5968%)
entry 10372000/12404781 (83.6129%)
entry 10375000/12404781 (83.6371%)
entry 10376000/12404781 (83.6452%)
entry 10377000/12404781 (83.6532%)
entry 10380000/12404781 (83.6774%)
entry 10382000/12404781 (83.6935%)
entry 10389000/12404781 (83.75%)
entry 10390000/12404781 (83.758%)
entry 10391000/12404781 (83.7661%)
entry 10393000/12404781 (83.7822%)
entry 10394000/12404781 (83.7903%)
entry 10396000/12404781 (83.8064%)
entry 10401000/12404781 (83.8467%)
entry 10402000/12404781 (83.8548%)
entry 10405000/12404781 (83.879%)
entry 10406000/12404781 (83.887%)
entry 10407000/12404781 (83.8951%)
entry 10408000/12404781 (83.9031%)
entry 10412000/12404781 (83.9354%)
entry 10413000/12404781 (83.9434%)
entry 10417000/12404781 (83.9757%)
entry 10421000/12404781 (84.0079%)
entry 10422000/12404781 (84.016%)
entry 10423000/12404781 (84.0241%)
entry 10424000/12404781 (84.0321%)
entry 10427000/12404781 (84.0563%)
entry 10428000/12404781 (84.0644%)
entry 10431000/12404781 (84.0885%)
entry 10438000/12404781 (84.145%)
entry 10439000/12404781 (84.153%)
entry 10443000/12404781 (84.1853%)
entry 10445000/12404781 (84.2014%)
entry 10446000/12404781 (84.2095%)
entry 10448000/12404781 (84.2256%)
entry 10450000/12404781 (84.2417%)
entry 10453000/12404781 (84.2659%)
entry 10455000/12404781 (84.282%)
entry 10456000/12404781 (84.2901%)
entry 10458000/12404781 (84.3062%)
entry 10460000/12404781 (84.3223%)
entry 10462000/12404781 (84.3385%)
entry 10465000/12404781 (84.3626%)
entry 10467000/12404781 (84.3788%)
entry 10471000/12404781 (84.411%)
entry 10472000/12404781 (84.4191%)
entry 10473000/12404781 (84.4271%)
entry 10475000/12404781 (84.4432%)
entry 10477000/12404781 (84.4594%)
entry 10479000/12404781 (84.4755%)
entry 10480000/12404781 (84.4836%)
entry 10489000/12404781 (84.5561%)
entry 10491000/12404781 (84.5722%)
entry 10492000/12404781 (84.5803%)
entry 10493000/12404781 (84.5884%)
entry 10497000/12404781 (84.6206%)
entry 10498000/12404781 (84.6287%)
entry 10499000/12404781 (84.6367%)
entry 10501000/12404781 (84.6528%)
entry 10505000/12404781 (84.6851%)
entry 10507000/12404781 (84.7012%)
entry 10511000/12404781 (84.7335%)
entry 10512000/12404781 (84.7415%)
entry 10515000/12404781 (84.7657%)
entry 10518000/12404781 (84.7899%)
entry 10522000/12404781 (84.8221%)
entry 10523000/12404781 (84.8302%)
entry 10525000/12404781 (84.8463%)
entry 10531000/12404781 (84.8947%)
entry 10536000/12404781 (84.935%)
entry 10542000/12404781 (84.9834%)
entry 10545000/12404781 (85.0075%)
entry 10546000/12404781 (85.0156%)
entry 10548000/12404781 (85.0317%)
entry 10549000/12404781 (85.0398%)
entry 10551000/12404781 (85.0559%)
entry 10553000/12404781 (85.072%)
entry 10555000/12404781 (85.0882%)
entry 10557000/12404781 (85.1043%)
entry 10561000/12404781 (85.1365%)
entry 10566000/12404781 (85.1768%)
entry 10567000/12404781 (85.1849%)
entry 10571000/12404781 (85.2171%)
entry 10575000/12404781 (85.2494%)
entry 10576000/12404781 (85.2575%)
entry 10584000/12404781 (85.3219%)
entry 10590000/12404781 (85.3703%)
entry 10594000/12404781 (85.4026%)
entry 10596000/12404781 (85.4187%)
entry 10598000/12404781 (85.4348%)
entry 10610000/12404781 (85.5315%)
entry 10612000/12404781 (85.5477%)
entry 10615000/12404781 (85.5718%)
entry 10618000/12404781 (85.596%)
entry 10620000/12404781 (85.6122%)
entry 10621000/12404781 (85.6202%)
entry 10623000/12404781 (85.6363%)
entry 10628000/12404781 (85.6766%)
entry 10630000/12404781 (85.6928%)
entry 10636000/12404781 (85.7411%)
entry 10642000/12404781 (85.7895%)
entry 10647000/12404781 (85.8298%)
entry 10648000/12404781 (85.8379%)
entry 10652000/12404781 (85.8701%)
entry 10653000/12404781 (85.8782%)
entry 10656000/12404781 (85.9024%)
entry 10657000/12404781 (85.9104%)
entry 10658000/12404781 (85.9185%)
entry 10660000/12404781 (85.9346%)
entry 10661000/12404781 (85.9427%)
entry 10667000/12404781 (85.991%)
entry 10668000/12404781 (85.9991%)
entry 10669000/12404781 (86.0072%)
entry 10671000/12404781 (86.0233%)
entry 10672000/12404781 (86.0313%)
entry 10673000/12404781 (86.0394%)
entry 10674000/12404781 (86.0475%)
entry 10675000/12404781 (86.0555%)
entry 10677000/12404781 (86.0717%)
entry 10678000/12404781 (86.0797%)
entry 10679000/12404781 (86.0878%)
entry 10680000/12404781 (86.0958%)
entry 10682000/12404781 (86.112%)
entry 10683000/12404781 (86.12%)
entry 10684000/12404781 (86.1281%)
entry 10687000/12404781 (86.1523%)
entry 10688000/12404781 (86.1603%)
entry 10692000/12404781 (86.1926%)
entry 10694000/12404781 (86.2087%)
entry 10698000/12404781 (86.2409%)
entry 10703000/12404781 (86.2813%)
entry 10712000/12404781 (86.3538%)
entry 10716000/12404781 (86.386%)
entry 10720000/12404781 (86.4183%)
entry 10723000/12404781 (86.4425%)
entry 10725000/12404781 (86.4586%)
entry 10726000/12404781 (86.4667%)
entry 10727000/12404781 (86.4747%)
entry 10729000/12404781 (86.4908%)
entry 10733000/12404781 (86.5231%)
entry 10739000/12404781 (86.5715%)
entry 10740000/12404781 (86.5795%)
entry 10742000/12404781 (86.5956%)
entry 10745000/12404781 (86.6198%)
entry 10752000/12404781 (86.6763%)
entry 10755000/12404781 (86.7004%)
entry 10760000/12404781 (86.7408%)
entry 10763000/12404781 (86.7649%)
entry 10764000/12404781 (86.773%)
entry 10766000/12404781 (86.7891%)
entry 10767000/12404781 (86.7972%)
entry 10768000/12404781 (86.8052%)
entry 10772000/12404781 (86.8375%)
entry 10773000/12404781 (86.8455%)
entry 10778000/12404781 (86.8859%)
entry 10780000/12404781 (86.902%)
entry 10782000/12404781 (86.9181%)
entry 10783000/12404781 (86.9262%)
entry 10784000/12404781 (86.9342%)
entry 10786000/12404781 (86.9503%)
entry 10787000/12404781 (86.9584%)
entry 10789000/12404781 (86.9745%)
entry 10791000/12404781 (86.9907%)
entry 10794000/12404781 (87.0148%)
entry 10795000/12404781 (87.0229%)
entry 10799000/12404781 (87.0551%)
entry 10802000/12404781 (87.0793%)
entry 10803000/12404781 (87.0874%)
entry 10806000/12404781 (87.1116%)
entry 10808000/12404781 (87.1277%)
entry 10813000/12404781 (87.168%)
entry 10815000/12404781 (87.1841%)
entry 10816000/12404781 (87.1922%)
entry 10817000/12404781 (87.2002%)
entry 10818000/12404781 (87.2083%)
entry 10819000/12404781 (87.2164%)
entry 10822000/12404781 (87.2406%)
entry 10824000/12404781 (87.2567%)
entry 10825000/12404781 (87.2647%)
entry 10827000/12404781 (87.2809%)
entry 10829000/12404781 (87.297%)
entry 10832000/12404781 (87.3212%)
entry 10834000/12404781 (87.3373%)
entry 10838000/12404781 (87.3695%)
entry 10842000/12404781 (87.4018%)
entry 10844000/12404781 (87.4179%)
entry 10848000/12404781 (87.4502%)
entry 10850000/12404781 (87.4663%)
entry 10851000/12404781 (87.4743%)
entry 10855000/12404781 (87.5066%)
entry 10857000/12404781 (87.5227%)
entry 10858000/12404781 (87.5308%)
entry 10862000/12404781 (87.563%)
entry 10867000/12404781 (87.6033%)
entry 10868000/12404781 (87.6114%)
entry 10870000/12404781 (87.6275%)
entry 10871000/12404781 (87.6356%)
entry 10872000/12404781 (87.6436%)
entry 10875000/12404781 (87.6678%)
entry 10880000/12404781 (87.7081%)
entry 10883000/12404781 (87.7323%)
entry 10887000/12404781 (87.7645%)
entry 10896000/12404781 (87.8371%)
entry 10899000/12404781 (87.8613%)
entry 10906000/12404781 (87.9177%)
entry 10908000/12404781 (87.9338%)
entry 10910000/12404781 (87.95%)
entry 10912000/12404781 (87.9661%)
entry 10915000/12404781 (87.9903%)
entry 10916000/12404781 (87.9983%)
entry 10922000/12404781 (88.0467%)
entry 10924000/12404781 (88.0628%)
entry 10929000/12404781 (88.1031%)
entry 10930000/12404781 (88.1112%)
entry 10934000/12404781 (88.1434%)
entry 10935000/12404781 (88.1515%)
entry 10939000/12404781 (88.1837%)
entry 10945000/12404781 (88.2321%)
entry 10946000/12404781 (88.2402%)
entry 10953000/12404781 (88.2966%)
entry 10957000/12404781 (88.3288%)
entry 10963000/12404781 (88.3772%)
entry 10965000/12404781 (88.3933%)
entry 10967000/12404781 (88.4095%)
entry 10968000/12404781 (88.4175%)
entry 10972000/12404781 (88.4498%)
entry 10973000/12404781 (88.4578%)
entry 10974000/12404781 (88.4659%)
entry 10975000/12404781 (88.474%)
entry 10977000/12404781 (88.4901%)
entry 10985000/12404781 (88.5546%)
entry 10986000/12404781 (88.5626%)
entry 10990000/12404781 (88.5949%)
entry 10991000/12404781 (88.6029%)
entry 10993000/12404781 (88.6191%)
entry 10996000/12404781 (88.6432%)
entry 10997000/12404781 (88.6513%)
entry 10998000/12404781 (88.6594%)
entry 11002000/12404781 (88.6916%)
entry 11005000/12404781 (88.7158%)
entry 11007000/12404781 (88.7319%)
entry 11008000/12404781 (88.74%)
entry 11010000/12404781 (88.7561%)
entry 11013000/12404781 (88.7803%)
entry 11014000/12404781 (88.7883%)
entry 11018000/12404781 (88.8206%)
entry 11026000/12404781 (88.8851%)
entry 11029000/12404781 (88.9093%)
entry 11031000/12404781 (88.9254%)
entry 11033000/12404781 (88.9415%)
entry 11036000/12404781 (88.9657%)
entry 11038000/12404781 (88.9818%)
entry 11040000/12404781 (88.9979%)
entry 11041000/12404781 (89.006%)
entry 11044000/12404781 (89.0302%)
entry 11046000/12404781 (89.0463%)
entry 11051000/12404781 (89.0866%)
entry 11055000/12404781 (89.1189%)
entry 11058000/12404781 (89.143%)
entry 11059000/12404781 (89.1511%)
entry 11060000/12404781 (89.1592%)
entry 11064000/12404781 (89.1914%)
entry 11066000/12404781 (89.2075%)
entry 11068000/12404781 (89.2237%)
entry 11069000/12404781 (89.2317%)
entry 11070000/12404781 (89.2398%)
entry 11071000/12404781 (89.2478%)
entry 11072000/12404781 (89.2559%)
entry 11078000/12404781 (89.3043%)
entry 11079000/12404781 (89.3123%)
entry 11083000/12404781 (89.3446%)
entry 11084000/12404781 (89.3526%)
entry 11088000/12404781 (89.3849%)
entry 11093000/12404781 (89.4252%)
entry 11099000/12404781 (89.4736%)
entry 11105000/12404781 (89.5219%)
entry 11110000/12404781 (89.5622%)
entry 11111000/12404781 (89.5703%)
entry 11116000/12404781 (89.6106%)
entry 11123000/12404781 (89.667%)
entry 11127000/12404781 (89.6993%)
entry 11131000/12404781 (89.7315%)
entry 11136000/12404781 (89.7718%)
entry 11137000/12404781 (89.7799%)
entry 11141000/12404781 (89.8121%)
entry 11147000/12404781 (89.8605%)
entry 11149000/12404781 (89.8766%)
entry 11151000/12404781 (89.8928%)
entry 11152000/12404781 (89.9008%)
entry 11159000/12404781 (89.9572%)
entry 11161000/12404781 (89.9734%)
entry 11163000/12404781 (89.9895%)
entry 11166000/12404781 (90.0137%)
entry 11175000/12404781 (90.0862%)
entry 11176000/12404781 (90.0943%)
entry 11184000/12404781 (90.1588%)
entry 11185000/12404781 (90.1668%)
entry 11189000/12404781 (90.1991%)
entry 11191000/12404781 (90.2152%)
entry 11192000/12404781 (90.2233%)
entry 11201000/12404781 (90.2958%)
entry 11204000/12404781 (90.32%)
entry 11209000/12404781 (90.3603%)
entry 11210000/12404781 (90.3684%)
entry 11211000/12404781 (90.3764%)
entry 11213000/12404781 (90.3926%)
entry 11215000/12404781 (90.4087%)
entry 11216000/12404781 (90.4168%)
entry 11217000/12404781 (90.4248%)
entry 11218000/12404781 (90.4329%)
entry 11219000/12404781 (90.4409%)
entry 11222000/12404781 (90.4651%)
entry 11228000/12404781 (90.5135%)
entry 11229000/12404781 (90.5216%)
entry 11230000/12404781 (90.5296%)
entry 11232000/12404781 (90.5457%)
entry 11235000/12404781 (90.5699%)
entry 11240000/12404781 (90.6102%)
entry 11245000/12404781 (90.6505%)
entry 11247000/12404781 (90.6667%)
entry 11250000/12404781 (90.6908%)
entry 11251000/12404781 (90.6989%)
entry 11252000/12404781 (90.707%)
entry 11256000/12404781 (90.7392%)
entry 11260000/12404781 (90.7715%)
entry 11262000/12404781 (90.7876%)
entry 11264000/12404781 (90.8037%)
entry 11265000/12404781 (90.8118%)
entry 11269000/12404781 (90.844%)
entry 11271000/12404781 (90.8601%)
entry 11279000/12404781 (90.9246%)
entry 11288000/12404781 (90.9972%)
entry 11289000/12404781 (91.0052%)
entry 11290000/12404781 (91.0133%)
entry 11291000/12404781 (91.0214%)
entry 11294000/12404781 (91.0455%)
entry 11297000/12404781 (91.0697%)
entry 11300000/12404781 (91.0939%)
entry 11301000/12404781 (91.102%)
entry 11302000/12404781 (91.11%)
entry 11306000/12404781 (91.1423%)
entry 11308000/12404781 (91.1584%)
entry 11309000/12404781 (91.1665%)
entry 11310000/12404781 (91.1745%)
entry 11313000/12404781 (91.1987%)
entry 11314000/12404781 (91.2068%)
entry 11318000/12404781 (91.239%)
entry 11324000/12404781 (91.2874%)
entry 11325000/12404781 (91.2954%)
entry 11326000/12404781 (91.3035%)
entry 11330000/12404781 (91.3357%)
entry 11332000/12404781 (91.3519%)
entry 11333000/12404781 (91.3599%)
entry 11339000/12404781 (91.4083%)
entry 11347000/12404781 (91.4728%)
entry 11352000/12404781 (91.5131%)
entry 11360000/12404781 (91.5776%)
entry 11361000/12404781 (91.5857%)
entry 11366000/12404781 (91.626%)
entry 11368000/12404781 (91.6421%)
entry 11369000/12404781 (91.6501%)
entry 11374000/12404781 (91.6905%)
entry 11379000/12404781 (91.7308%)
entry 11383000/12404781 (91.763%)
entry 11397000/12404781 (91.8759%)
entry 11398000/12404781 (91.8839%)
entry 11402000/12404781 (91.9162%)
entry 11403000/12404781 (91.9242%)
entry 11405000/12404781 (91.9404%)
entry 11406000/12404781 (91.9484%)
entry 11407000/12404781 (91.9565%)
entry 11411000/12404781 (91.9887%)
entry 11416000/12404781 (92.029%)
entry 11420000/12404781 (92.0613%)
entry 11423000/12404781 (92.0855%)
entry 11425000/12404781 (92.1016%)
entry 11431000/12404781 (92.15%)
entry 11432000/12404781 (92.158%)
entry 11437000/12404781 (92.1983%)
entry 11439000/12404781 (92.2144%)
entry 11449000/12404781 (92.2951%)
entry 11453000/12404781 (92.3273%)
entry 11454000/12404781 (92.3354%)
entry 11456000/12404781 (92.3515%)
entry 11457000/12404781 (92.3595%)
entry 11458000/12404781 (92.3676%)
entry 11465000/12404781 (92.424%)
entry 11468000/12404781 (92.4482%)
entry 11470000/12404781 (92.4644%)
entry 11478000/12404781 (92.5288%)
entry 11480000/12404781 (92.545%)
entry 11484000/12404781 (92.5772%)
entry 11486000/12404781 (92.5933%)
entry 11487000/12404781 (92.6014%)
entry 11488000/12404781 (92.6095%)
entry 11489000/12404781 (92.6175%)
entry 11495000/12404781 (92.6659%)
entry 11499000/12404781 (92.6981%)
entry 11500000/12404781 (92.7062%)
entry 11504000/12404781 (92.7384%)
entry 11507000/12404781 (92.7626%)
entry 11509000/12404781 (92.7787%)
entry 11512000/12404781 (92.8029%)
entry 11514000/12404781 (92.8191%)
entry 11515000/12404781 (92.8271%)
entry 11521000/12404781 (92.8755%)
entry 11522000/12404781 (92.8835%)
entry 11528000/12404781 (92.9319%)
entry 11530000/12404781 (92.948%)
entry 11533000/12404781 (92.9722%)
entry 11538000/12404781 (93.0125%)
entry 11540000/12404781 (93.0286%)
entry 11542000/12404781 (93.0448%)
entry 11544000/12404781 (93.0609%)
entry 11548000/12404781 (93.0931%)
entry 11549000/12404781 (93.1012%)
entry 11550000/12404781 (93.1093%)
entry 11555000/12404781 (93.1496%)
entry 11558000/12404781 (93.1738%)
entry 11563000/12404781 (93.2141%)
entry 11565000/12404781 (93.2302%)
entry 11566000/12404781 (93.2382%)
entry 11574000/12404781 (93.3027%)
entry 11576000/12404781 (93.3189%)
entry 11584000/12404781 (93.3833%)
entry 11591000/12404781 (93.4398%)
entry 11593000/12404781 (93.4559%)
entry 11594000/12404781 (93.464%)
entry 11597000/12404781 (93.4881%)
entry 11602000/12404781 (93.5285%)
entry 11603000/12404781 (93.5365%)
entry 11605000/12404781 (93.5526%)
entry 11608000/12404781 (93.5768%)
entry 11612000/12404781 (93.6091%)
entry 11616000/12404781 (93.6413%)
entry 11619000/12404781 (93.6655%)
entry 11620000/12404781 (93.6736%)
entry 11623000/12404781 (93.6977%)
entry 11624000/12404781 (93.7058%)
entry 11627000/12404781 (93.73%)
entry 11628000/12404781 (93.738%)
entry 11639000/12404781 (93.8267%)
entry 11644000/12404781 (93.867%)
entry 11646000/12404781 (93.8832%)
entry 11649000/12404781 (93.9073%)
entry 11650000/12404781 (93.9154%)
entry 11654000/12404781 (93.9476%)
entry 11656000/12404781 (93.9638%)
entry 11657000/12404781 (93.9718%)
entry 11658000/12404781 (93.9799%)
entry 11661000/12404781 (94.0041%)
entry 11672000/12404781 (94.0928%)
entry 11674000/12404781 (94.1089%)
entry 11677000/12404781 (94.1331%)
entry 11678000/12404781 (94.1411%)
entry 11679000/12404781 (94.1492%)
entry 11680000/12404781 (94.1572%)
entry 11682000/12404781 (94.1734%)
entry 11691000/12404781 (94.2459%)
entry 11692000/12404781 (94.254%)
entry 11697000/12404781 (94.2943%)
entry 11698000/12404781 (94.3024%)
entry 11701000/12404781 (94.3265%)
entry 11702000/12404781 (94.3346%)
entry 11704000/12404781 (94.3507%)
entry 11708000/12404781 (94.383%)
entry 11710000/12404781 (94.3991%)
entry 11716000/12404781 (94.4475%)
entry 11718000/12404781 (94.4636%)
entry 11721000/12404781 (94.4878%)
entry 11722000/12404781 (94.4958%)
entry 11723000/12404781 (94.5039%)
entry 11729000/12404781 (94.5523%)
entry 11737000/12404781 (94.6167%)
entry 11747000/12404781 (94.6974%)
entry 11749000/12404781 (94.7135%)
entry 11751000/12404781 (94.7296%)
entry 11752000/12404781 (94.7377%)
entry 11755000/12404781 (94.7618%)
entry 11757000/12404781 (94.778%)
entry 11758000/12404781 (94.786%)
entry 11760000/12404781 (94.8022%)
entry 11761000/12404781 (94.8102%)
entry 11765000/12404781 (94.8425%)
entry 11769000/12404781 (94.8747%)
entry 11770000/12404781 (94.8828%)
entry 11772000/12404781 (94.8989%)
entry 11778000/12404781 (94.9473%)
entry 11783000/12404781 (94.9876%)
entry 11784000/12404781 (94.9956%)
entry 11785000/12404781 (95.0037%)
entry 11786000/12404781 (95.0118%)
entry 11790000/12404781 (95.044%)
entry 11791000/12404781 (95.0521%)
entry 11792000/12404781 (95.0601%)
entry 11793000/12404781 (95.0682%)
entry 11797000/12404781 (95.1004%)
entry 11798000/12404781 (95.1085%)
entry 11799000/12404781 (95.1165%)
entry 11800000/12404781 (95.1246%)
entry 11804000/12404781 (95.1569%)
entry 11805000/12404781 (95.1649%)
entry 11809000/12404781 (95.1972%)
entry 11811000/12404781 (95.2133%)
entry 11816000/12404781 (95.2536%)
entry 11817000/12404781 (95.2617%)
entry 11820000/12404781 (95.2858%)
entry 11821000/12404781 (95.2939%)
entry 11829000/12404781 (95.3584%)
entry 11834000/12404781 (95.3987%)
entry 11835000/12404781 (95.4068%)
entry 11838000/12404781 (95.4309%)
entry 11839000/12404781 (95.439%)
entry 11842000/12404781 (95.4632%)
entry 11843000/12404781 (95.4713%)
entry 11845000/12404781 (95.4874%)
entry 11846000/12404781 (95.4954%)
entry 11848000/12404781 (95.5116%)
entry 11849000/12404781 (95.5196%)
entry 11850000/12404781 (95.5277%)
entry 11864000/12404781 (95.6405%)
entry 11865000/12404781 (95.6486%)
entry 11866000/12404781 (95.6567%)
entry 11870000/12404781 (95.6889%)
entry 11871000/12404781 (95.697%)
entry 11872000/12404781 (95.705%)
entry 11875000/12404781 (95.7292%)
entry 11882000/12404781 (95.7856%)
entry 11883000/12404781 (95.7937%)
entry 11884000/12404781 (95.8018%)
entry 11885000/12404781 (95.8098%)
entry 11887000/12404781 (95.826%)
entry 11888000/12404781 (95.834%)
entry 11890000/12404781 (95.8501%)
entry 11895000/12404781 (95.8904%)
entry 11896000/12404781 (95.8985%)
entry 11899000/12404781 (95.9227%)
entry 11900000/12404781 (95.9308%)
entry 11901000/12404781 (95.9388%)
entry 11903000/12404781 (95.9549%)
entry 11905000/12404781 (95.9711%)
entry 11906000/12404781 (95.9791%)
entry 11910000/12404781 (96.0114%)
entry 11914000/12404781 (96.0436%)
entry 11920000/12404781 (96.092%)
entry 11924000/12404781 (96.1242%)
entry 11927000/12404781 (96.1484%)
entry 11928000/12404781 (96.1565%)
entry 11930000/12404781 (96.1726%)
entry 11934000/12404781 (96.2048%)
entry 11935000/12404781 (96.2129%)
entry 11940000/12404781 (96.2532%)
entry 11942000/12404781 (96.2693%)
entry 11943000/12404781 (96.2774%)
entry 11945000/12404781 (96.2935%)
entry 11947000/12404781 (96.3096%)
entry 11948000/12404781 (96.3177%)
entry 11949000/12404781 (96.3258%)
entry 11950000/12404781 (96.3338%)
entry 11951000/12404781 (96.3419%)
entry 11956000/12404781 (96.3822%)
entry 11957000/12404781 (96.3903%)
entry 11974000/12404781 (96.5273%)
entry 11976000/12404781 (96.5434%)
entry 11978000/12404781 (96.5595%)
entry 11982000/12404781 (96.5918%)
entry 11988000/12404781 (96.6402%)
entry 11989000/12404781 (96.6482%)
entry 11991000/12404781 (96.6643%)
entry 11994000/12404781 (96.6885%)
entry 12000000/12404781 (96.7369%)
entry 12003000/12404781 (96.7611%)
entry 12004000/12404781 (96.7691%)
entry 12008000/12404781 (96.8014%)
entry 12009000/12404781 (96.8094%)
entry 12010000/12404781 (96.8175%)
entry 12015000/12404781 (96.8578%)
entry 12022000/12404781 (96.9142%)
entry 12025000/12404781 (96.9384%)
entry 12028000/12404781 (96.9626%)
entry 12029000/12404781 (96.9707%)
entry 12030000/12404781 (96.9787%)
entry 12033000/12404781 (97.0029%)
entry 12039000/12404781 (97.0513%)
entry 12041000/12404781 (97.0674%)
entry 12050000/12404781 (97.14%)
entry 12051000/12404781 (97.148%)
entry 12054000/12404781 (97.1722%)
entry 12058000/12404781 (97.2045%)
entry 12062000/12404781 (97.2367%)
entry 12064000/12404781 (97.2528%)
entry 12070000/12404781 (97.3012%)
entry 12072000/12404781 (97.3173%)
entry 12073000/12404781 (97.3254%)
entry 12074000/12404781 (97.3334%)
entry 12078000/12404781 (97.3657%)
entry 12079000/12404781 (97.3737%)
entry 12080000/12404781 (97.3818%)
entry 12086000/12404781 (97.4302%)
entry 12087000/12404781 (97.4382%)
entry 12089000/12404781 (97.4544%)
entry 12094000/12404781 (97.4947%)
entry 12099000/12404781 (97.535%)
entry 12101000/12404781 (97.5511%)
entry 12102000/12404781 (97.5592%)
entry 12103000/12404781 (97.5672%)
entry 12105000/12404781 (97.5833%)
entry 12111000/12404781 (97.6317%)
entry 12115000/12404781 (97.664%)
entry 12116000/12404781 (97.672%)
entry 12118000/12404781 (97.6881%)
entry 12119000/12404781 (97.6962%)
entry 12120000/12404781 (97.7043%)
entry 12122000/12404781 (97.7204%)
entry 12128000/12404781 (97.7688%)
entry 12130000/12404781 (97.7849%)
entry 12131000/12404781 (97.7929%)
entry 12134000/12404781 (97.8171%)
entry 12137000/12404781 (97.8413%)
entry 12140000/12404781 (97.8655%)
entry 12142000/12404781 (97.8816%)
entry 12144000/12404781 (97.8977%)
entry 12153000/12404781 (97.9703%)
entry 12162000/12404781 (98.0428%)
entry 12164000/12404781 (98.059%)
entry 12166000/12404781 (98.0751%)
entry 12167000/12404781 (98.0832%)
entry 12170000/12404781 (98.1073%)
entry 12178000/12404781 (98.1718%)
entry 12186000/12404781 (98.2363%)
entry 12190000/12404781 (98.2686%)
entry 12192000/12404781 (98.2847%)
entry 12195000/12404781 (98.3089%)
entry 12197000/12404781 (98.325%)
entry 12199000/12404781 (98.3411%)
entry 12202000/12404781 (98.3653%)
entry 12204000/12404781 (98.3814%)
entry 12206000/12404781 (98.3975%)
entry 12207000/12404781 (98.4056%)
entry 12211000/12404781 (98.4379%)
entry 12216000/12404781 (98.4782%)
entry 12217000/12404781 (98.4862%)
entry 12218000/12404781 (98.4943%)
entry 12220000/12404781 (98.5104%)
entry 12222000/12404781 (98.5265%)
entry 12224000/12404781 (98.5426%)
entry 12227000/12404781 (98.5668%)
entry 12228000/12404781 (98.5749%)
entry 12229000/12404781 (98.583%)
entry 12230000/12404781 (98.591%)
entry 12231000/12404781 (98.5991%)
entry 12233000/12404781 (98.6152%)
entry 12235000/12404781 (98.6313%)
entry 12236000/12404781 (98.6394%)
entry 12238000/12404781 (98.6555%)
entry 12239000/12404781 (98.6636%)
entry 12241000/12404781 (98.6797%)
entry 12245000/12404781 (98.7119%)
entry 12246000/12404781 (98.72%)
entry 12248000/12404781 (98.7361%)
entry 12249000/12404781 (98.7442%)
entry 12250000/12404781 (98.7522%)
entry 12252000/12404781 (98.7684%)
entry 12254000/12404781 (98.7845%)
entry 12256000/12404781 (98.8006%)
entry 12258000/12404781 (98.8167%)
entry 12260000/12404781 (98.8329%)
entry 12262000/12404781 (98.849%)
entry 12264000/12404781 (98.8651%)
entry 12272000/12404781 (98.9296%)
entry 12274000/12404781 (98.9457%)
entry 12278000/12404781 (98.978%)
entry 12279000/12404781 (98.986%)
entry 12280000/12404781 (98.9941%)
entry 12281000/12404781 (99.0022%)
entry 12282000/12404781 (99.0102%)
entry 12284000/12404781 (99.0263%)
entry 12287000/12404781 (99.0505%)
entry 12293000/12404781 (99.0989%)
entry 12294000/12404781 (99.1069%)
entry 12298000/12404781 (99.1392%)
entry 12300000/12404781 (99.1553%)
entry 12301000/12404781 (99.1634%)
entry 12305000/12404781 (99.1956%)
entry 12309000/12404781 (99.2279%)
entry 12313000/12404781 (99.2601%)
entry 12315000/12404781 (99.2762%)
entry 12320000/12404781 (99.3165%)
entry 12321000/12404781 (99.3246%)
entry 12328000/12404781 (99.381%)
entry 12330000/12404781 (99.3972%)
entry 12333000/12404781 (99.4213%)
entry 12339000/12404781 (99.4697%)
entry 12341000/12404781 (99.4858%)
entry 12342000/12404781 (99.4939%)
entry 12343000/12404781 (99.502%)
entry 12346000/12404781 (99.5261%)
entry 12348000/12404781 (99.5423%)
entry 12349000/12404781 (99.5503%)
entry 12358000/12404781 (99.6229%)
entry 12359000/12404781 (99.6309%)
entry 12366000/12404781 (99.6874%)
entry 12369000/12404781 (99.7116%)
entry 12371000/12404781 (99.7277%)
entry 12373000/12404781 (99.7438%)
entry 12374000/12404781 (99.7519%)
entry 12376000/12404781 (99.768%)
entry 12378000/12404781 (99.7841%)
entry 12381000/12404781 (99.8083%)
entry 12383000/12404781 (99.8244%)
entry 12384000/12404781 (99.8325%)
entry 12385000/12404781 (99.8405%)
entry 12386000/12404781 (99.8486%)
entry 12394000/12404781 (99.9131%)
entry 12397000/12404781 (99.9373%)
all done
script done
