sphnx1112.sdcc.bnl.gov
rsyncing from /gpfs/mnt/gpfs02/sphenix/user/samfred/run25/ppg11/histmaking
running: /gpfs/mnt/gpfs02/sphenix/user/samfred/run25/ppg11/histmaking/script_data.sh 49126
LD_LIBRARY_PATH now /sphenix/user/samfred/run25/install//lib:/cvmfs/sphenix.sdcc.bnl.gov/alma9.2-gcc-14.2.0/opt/sphenix/core/gcc/14.2.0-2f0a0/x86_64-el9/lib:/cvmfs/sphenix.sdcc.bnl.gov/alma9.2-gcc-14.2.0/opt/sphenix/core/gcc/14.2.0-2f0a0/x86_64-el9/lib64:/cvmfs/sphenix.sdcc.bnl.gov/alma9.2-gcc-14.2.0/opt/sphenix/core/binutils/2.40-acaab/x86_64-el9/lib:.:/cvmfs/sphenix.sdcc.bnl.gov/alma9.2-gcc-14.2.0/release/release_new/new.10/lib64:/cvmfs/sphenix.sdcc.bnl.gov/alma9.2-gcc-14.2.0/release/release_new/new.10/lib:/cvmfs/sphenix.sdcc.bnl.gov/alma9.2-gcc-14.2.0/opt/sphenix/utils/lib:/cvmfs/sphenix.sdcc.bnl.gov/alma9.2-gcc-14.2.0/opt/sphenix/core/lib:/cvmfs/sphenix.sdcc.bnl.gov/alma9.2-gcc-14.2.0/opt/sphenix/core/root-6.32.06/lib:/cvmfs/sphenix.sdcc.bnl.gov/alma9.2-gcc-14.2.0/opt/sphenix/core/geant4.10.07.p04/lib64:/cvmfs/sphenix.sdcc.bnl.gov/alma9.2-gcc-14.2.0/opt/sphenix/core/lhapdf-5.9.1/lib:/usr/local/lib64:/usr/lib64
PATH now /sphenix/user/samfred/run25/install//bin:/cvmfs/sphenix.sdcc.bnl.gov/alma9.2-gcc-14.2.0/opt/sphenix/core/gcc/14.2.0-2f0a0/x86_64-el9/bin:/cvmfs/sphenix.sdcc.bnl.gov/alma9.2-gcc-14.2.0/opt/sphenix/core/binutils/2.40-acaab/x86_64-el9/bin:.:/cvmfs/sphenix.sdcc.bnl.gov/alma9.2-gcc-14.2.0/release/release_new/new.10/bin:/cvmfs/sphenix.sdcc.bnl.gov/alma9.2-gcc-14.2.0/opt/sphenix/utils/bin:/cvmfs/sphenix.sdcc.bnl.gov/alma9.2-gcc-14.2.0/opt/sphenix/core/bin:/cvmfs/sphenix.sdcc.bnl.gov/alma9.2-gcc-14.2.0/opt/sphenix/core/root-6.32.06/bin:/cvmfs/sphenix.sdcc.bnl.gov/alma9.2-gcc-14.2.0/opt/sphenix/core/geant4.10.07.p04/bin:/usr/local/bin:/usr/bin:/usr/local/sbin:/usr/sbin
SINGULARITY_CACHEDIR=/home/condor/local/sphnx/execute/dir_1803014
_CONDOR_CHIRP_CONFIG=/home/condor/local/sphnx/execute/dir_1803014/.chirp.config
_CONDOR_JOB_IWD=/sphenix/user/samfred/run25/ppg11/histmaking
G4ENSDFSTATEDATA=/cvmfs/sphenix.sdcc.bnl.gov/alma9.2-gcc-14.2.0/opt/sphenix/core/geant4.10.07.p04/share/Geant4-10.7.4/data/G4ENSDFSTATE2.3
_CONDOR_MACHINE_AD=/home/condor/local/sphnx/execute/dir_1803014/.machine.ad
ROOT_MAX_THREADS=1
NUMEXPR_NUM_THREADS=1
CUBACORES=1
_CHIRP_DELAYED_UPDATE_PREFIX=Chirp*
OMP_THREAD_LIMIT=1
G4PIIDATA=/cvmfs/sphenix.sdcc.bnl.gov/alma9.2-gcc-14.2.0/opt/sphenix/core/geant4.10.07.p04/share/Geant4-10.7.4/data/G4PII1.3
NO_AT_BRIDGE=1
G4_MAIN=/cvmfs/sphenix.sdcc.bnl.gov/alma9.2-gcc-14.2.0/opt/sphenix/core/geant4.10.07.p04
COMPILER_PATH=/cvmfs/sphenix.sdcc.bnl.gov/alma9.2-gcc-14.2.0/opt/sphenix/core/gcc/14.2.0-2f0a0/x86_64-el9
ROOT_INCLUDE_PATH=./:/sphenix/user/samfred/run25/install//include:/sphenix/user/samfred/run25/install//include/caloana:/sphenix/user/samfred/run25/install//include/qa_centrality:/sphenix/user/samfred/run25/install//include/mbdana:/sphenix/user/samfred/run25/install//include/centrality:/sphenix/user/samfred/run25/install//include/Event:/cvmfs/sphenix.sdcc.bnl.gov/alma9.2-gcc-14.2.0/release/release_new/new.10/include:/cvmfs/sphenix.sdcc.bnl.gov/alma9.2-gcc-14.2.0/release/release_new/new.10/include:/cvmfs/sphenix.sdcc.bnl.gov/alma9.2-gcc-14.2.0/release/release_new/new.10/include/g4mbd:/cvmfs/sphenix.sdcc.bnl.gov/alma9.2-gcc-14.2.0/release/release_new/new.10/include/fmt:/cvmfs/sphenix.sdcc.bnl.gov/alma9.2-gcc-14.2.0/release/release_new/new.10/include/ffarawobjects:/cvmfs/sphenix.sdcc.bnl.gov/alma9.2-gcc-14.2.0/release/release_new/new.10/include/JSON:/cvmfs/sphenix.sdcc.bnl.gov/alma9.2-gcc-14.2.0/release/release_new/new.10/include/calotreegen:/cvmfs/sphenix.sdcc.bnl.gov/alma9.2-gcc-14.2.0/release/release_new/new.10/include/torch:/cvmfs/sphenix.sdcc.bnl.gov/alma9.2-gcc-14.2.0/release/release_new/new.10/include/g4detectors:/cvmfs/sphenix.sdcc.bnl.gov/alma9.2-gcc-14.2.0/release/release_new/new.10/include/kineto:/cvmfs/sphenix.sdcc.bnl.gov/alma9.2-gcc-14.2.0/release/release_new/new.10/include/g4decayer:/cvmfs/sphenix.sdcc.bnl.gov/alma9.2-gcc-14.2.0/release/release_new/new.10/include/kfparticleqa:/cvmfs/sphenix.sdcc.bnl.gov/alma9.2-gcc-14.2.0/release/release_new/new.10/include/phfield:/cvmfs/sphenix.sdcc.bnl.gov/alma9.2-gcc-14.2.0/release/release_new/new.10/include/LHAPDF:/cvmfs/sphenix.sdcc.bnl.gov/alma9.2-gcc-14.2.0/release/release_new/new.10/include/readdigitalcurrents:/cvmfs/sphenix.sdcc.bnl.gov/alma9.2-gcc-14.2.0/release/release_new/new.10/include/c10:/cvmfs/sphenix.sdcc.bnl.gov/alma9.2-gcc-14.2.0/release/release_new/new.10/include/calovalid:/cvmfs/sphenix.sdcc.bnl.gov/alma9.2-gcc-14.2.0/release/release_new/new.10/include/oneapi:/cvmfs/sphenix.sdcc.bnl.gov/alma9.2-gcc-14.2.0/release/release_new/new.10/include/DDCond:/cvmfs/sphenix.sdcc.bnl.gov/alma9.2-gcc-14.2.0/release/release_new/new.10/include/g4tracking:/cvmfs/sphenix.sdcc.bnl.gov/alma9.2-gcc-14.2.0/release/release_new/new.10/include/litecaloeval:/cvmfs/sphenix.sdcc.bnl.gov/alma9.2-gcc-14.2.0/release/release_new/new.10/include/g4intt:/cvmfs/sphenix.sdcc.bnl.gov/alma9.2-gcc-14.2.0/release/release_new/new.10/include/phool:/cvmfs/sphenix.sdcc.bnl.gov/alma9.2-gcc-14.2.0/release/release_new/new.10/include/boost:/cvmfs/sphenix.sdcc.bnl.gov/alma9.2-gcc-14.2.0/release/release_new/new.10/include/Pythia8Plugins:/cvmfs/sphenix.sdcc.bnl.gov/alma9.2-gcc-14.2.0/release/release_new/new.10/include/calib_emc_pi0:/cvmfs/sphenix.sdcc.bnl.gov/alma9.2-gcc-14.2.0/release/release_new/new.10/include/hijingflipafterburner:/cvmfs/sphenix.sdcc.bnl.gov/alma9.2-gcc-14.2.0/release/release_new/new.10/include/ffaobjects:/cvmfs/sphenix.sdcc.bnl.gov/alma9.2-gcc-14.2.0/release/release_new/new.10/include/EvtGenBase:/cvmfs/sphenix.sdcc.bnl.gov/alma9.2-gcc-14.2.0/release/release_new/new.10/include/flowafterburner:/cvmfs/sphenix.sdcc.bnl.gov/alma9.2-gcc-14.2.0/release/release_new/new.10/include/google:/cvmfs/sphenix.sdcc.bnl.gov/alma9.2-gcc-14.2.0/release/release_new/new.10/include/g4tpc:/cvmfs/sphenix.sdcc.bnl.gov/alma9.2-gcc-14.2.0/release/release_new/new.10/include/caffe2:/cvmfs/sphenix.sdcc.bnl.gov/alma9.2-gcc-14.2.0/release/release_new/new.10/include/EvtGenExternal:/cvmfs/sphenix.sdcc.bnl.gov/alma9.2-gcc-14.2.0/release/release_new/new.10/include/fp16:/cvmfs/sphenix.sdcc.bnl.gov/alma9.2-gcc-14.2.0/release/release_new/new.10/include/ffamodules:/cvmfs/sphenix.sdcc.bnl.gov/alma9.2-gcc-14.2.0/release/release_new/new.10/include/uspin:/cvmfs/sphenix.sdcc.bnl.gov/alma9.2-gcc-14.2.0/release/release_new/new.10/include/Herwig:/cvmfs/sphenix.sdcc.bnl.gov/alma9.2-gcc-14.2.0/release/release_new/new.10/include/genfitexp:/cvmfs/sphenix.sdcc.bnl.gov/alma9.2-gcc-14.2.0/release/release_new/new.10/include/XML:/cvmfs/sphenix.sdcc.bnl.gov/alma9.2-gcc-14.2.0/release/release_new/new.10/include/fbgemm:/cvmfs/sphenix.sdcc.bnl.gov/alma9.2-gcc-14.2.0/release/release_new/new.10/include/DDAlign:/cvmfs/sphenix.sdcc.bnl.gov/alma9.2-gcc-14.2.0/release/release_new/new.10/include/g4mvtx:/cvmfs/sphenix.sdcc.bnl.gov/alma9.2-gcc-14.2.0/release/release_new/new.10/include/kfparticle_sphenix:/cvmfs/sphenix.sdcc.bnl.gov/alma9.2-gcc-14.2.0/release/release_new/new.10/include/fun4all:/cvmfs/sphenix.sdcc.bnl.gov/alma9.2-gcc-14.2.0/release/release_new/new.10/include/intt:/cvmfs/sphenix.sdcc.bnl.gov/alma9.2-gcc-14.2.0/release/release_new/new.10/include/eventdisplay:/cvmfs/sphenix.sdcc.bnl.gov/alma9.2-gcc-14.2.0/release/release_new/new.10/include/EvtGen:/cvmfs/sphenix.sdcc.bnl.gov/alma9.2-gcc-14.2.0/release/release_new/new.10/include/Evaluator:/cvmfs/sphenix.sdcc.bnl.gov/alma9.2-gcc-14.2.0/release/release_new/new.10/include/tpc:/cvmfs/sphenix.sdcc.bnl.gov/alma9.2-gcc-14.2.0/release/release_new/new.10/include/GenFit:/cvmfs/sphenix.sdcc.bnl.gov/alma9.2-gcc-14.2.0/release/release_new/new.10/include/prototype4:/cvmfs/sphenix.sdcc.bnl.gov/alma9.2-gcc-14.2.0/release/release_new/new.10/include/caloembedding:/cvmfs/sphenix.sdcc.bnl.gov/alma9.2-gcc-14.2.0/release/release_new/new.10/include/EvtGenModels:/cvmfs/sphenix.sdcc.bnl.gov/alma9.2-gcc-14.2.0/release/release_new/new.10/include/fastjet:/cvmfs/sphenix.sdcc.bnl.gov/alma9.2-gcc-14.2.0/release/release_new/new.10/include/DDG4:/cvmfs/sphenix.sdcc.bnl.gov/alma9.2-gcc-14.2.0/release/release_new/new.10/include/mbd:/cvmfs/sphenix.sdcc.bnl.gov/alma9.2-gcc-14.2.0/release/release_new/new.10/include/tbb:/cvmfs/sphenix.sdcc.bnl.gov/alma9.2-gcc-14.2.0/release/release_new/new.10/include/phgeom:/cvmfs/sphenix.sdcc.bnl.gov/alma9.2-gcc-14.2.0/release/release_new/new.10/include/g4epd:/cvmfs/sphenix.sdcc.bnl.gov/alma9.2-gcc-14.2.0/release/release_new/new.10/include/oncal:/cvmfs/sphenix.sdcc.bnl.gov/alma9.2-gcc-14.2.0/release/release_new/new.10/include/pybind11:/cvmfs/sphenix.sdcc.bnl.gov/alma9.2-gcc-14.2.0/release/release_new/new.10/include/tpcdistgenerator:/cvmfs/sphenix.sdcc.bnl.gov/alma9.2-gcc-14.2.0/release/release_new/new.10/include/cdbobjects:/cvmfs/sphenix.sdcc.bnl.gov/alma9.2-gcc-14.2.0/release/release_new/new.10/include/g4micromegas:/cvmfs/sphenix.sdcc.bnl.gov/alma9.2-gcc-14.2.0/release/release_new/new.10/include/g4eval:/cvmfs/sphenix.sdcc.bnl.gov/alma9.2-gcc-14.2.0/release/release_new/new.10/include/jetbackground:/cvmfs/sphenix.sdcc.bnl.gov/alma9.2-gcc-14.2.0/release/release_new/new.10/include/micromegas:/cvmfs/sphenix.sdcc.bnl.gov/alma9.2-gcc-14.2.0/release/release_new/new.10/include/hftrackefficiency:/cvmfs/sphenix.sdcc.bnl.gov/alma9.2-gcc-14.2.0/release/release_new/new.10/include/inttrawhitqa:/cvmfs/sphenix.sdcc.bnl.gov/alma9.2-gcc-14.2.0/release/release_new/new.10/include/centrality:/cvmfs/sphenix.sdcc.bnl.gov/alma9.2-gcc-14.2.0/release/release_new/new.10/include/epd:/cvmfs/sphenix.sdcc.bnl.gov/alma9.2-gcc-14.2.0/release/release_new/new.10/include/caloreco:/cvmfs/sphenix.sdcc.bnl.gov/alma9.2-gcc-14.2.0/release/release_new/new.10/include/HepMC:/cvmfs/sphenix.sdcc.bnl.gov/alma9.2-gcc-14.2.0/release/release_new/new.10/include/CLHEP:/cvmfs/sphenix.sdcc.bnl.gov/alma9.2-gcc-14.2.0/release/release_new/new.10/include/Acts:/cvmfs/sphenix.sdcc.bnl.gov/alma9.2-gcc-14.2.0/release/release_new/new.10/include/g4histos:/cvmfs/sphenix.sdcc.bnl.gov/alma9.2-gcc-14.2.0/release/release_new/new.10/include/eventplaneinfo:/cvmfs/sphenix.sdcc.bnl.gov/alma9.2-gcc-14.2.0/release/release_new/new.10/include/fillspacechargemaps:/cvmfs/sphenix.sdcc.bnl.gov/alma9.2-gcc-14.2.0/release/release_new/new.10/include/phhepmc:/cvmfs/sphenix.sdcc.bnl.gov/alma9.2-gcc-14.2.0/release/release_new/new.10/include/trackingqa:/cvmfs/sphenix.sdcc.bnl.gov/alma9.2-gcc-14.2.0/release/release_new/new.10/include/qautils:/cvmfs/sphenix.sdcc.bnl.gov/alma9.2-gcc-14.2.0/release/release_new/new.10/include/trackreco:/cvmfs/sphenix.sdcc.bnl.gov/alma9.2-gcc-14.2.0/release/release_new/new.10/include/g4ohcal:/cvmfs/sphenix.sdcc.bnl.gov/alma9.2-gcc-14.2.0/release/release_new/new.10/include/tpcdvcalib:/cvmfs/sphenix.sdcc.bnl.gov/alma9.2-gcc-14.2.0/release/release_new/new.10/include/zdcinfo:/cvmfs/sphenix.sdcc.bnl.gov/alma9.2-gcc-14.2.0/release/release_new/new.10/include/phpythia8:/cvmfs/sphenix.sdcc.bnl.gov/alma9.2-gcc-14.2.0/release/release_new/new.10/include/fun4allutils:/cvmfs/sphenix.sdcc.bnl.gov/alma9.2-gcc-14.2.0/release/release_new/new.10/include/tpcqa:/cvmfs/sphenix.sdcc.bnl.gov/alma9.2-gcc-14.2.0/release/release_new/new.10/include/Pythia8:/cvmfs/sphenix.sdcc.bnl.gov/alma9.2-gcc-14.2.0/release/release_new/new.10/include/DDRec:/cvmfs/sphenix.sdcc.bnl.gov/alma9.2-gcc-14.2.0/release/release_new/new.10/include/DDDigi:/cvmfs/sphenix.sdcc.bnl.gov/alma9.2-gcc-14.2.0/release/release_new/new.10/include/g4ihcal:/cvmfs/sphenix.sdcc.bnl.gov/alma9.2-gcc-14.2.0/release/release_new/new.10/include/frog:/cvmfs/sphenix.sdcc.bnl.gov/alma9.2-gcc-14.2.0/release/release_new/new.10/include/eigen3:/cvmfs/sphenix.sdcc.bnl.gov/alma9.2-gcc-14.2.0/release/release_new/new.10/include/tensorpipe:/cvmfs/sphenix.sdcc.bnl.gov/alma9.2-gcc-14.2.0/release/release_new/new.10/include/sphenixnpc:/cvmfs/sphenix.sdcc.bnl.gov/alma9.2-gcc-14.2.0/release/release_new/new.10/include/siscone:/cvmfs/sphenix.sdcc.bnl.gov/alma9.2-gcc-14.2.0/release/release_new/new.10/include/pmonitor:/cvmfs/sphenix.sdcc.bnl.gov/alma9.2-gcc-14.2.0/release/release_new/new.10/include/calobase:/cvmfs/sphenix.sdcc.bnl.gov/alma9.2-gcc-14.2.0/release/release_new/new.10/include/ActsExamples:/cvmfs/sphenix.sdcc.bnl.gov/alma9.2-gcc-14.2.0/release/release_new/new.10/include/g4gdml:/cvmfs/sphenix.sdcc.bnl.gov/alma9.2-gcc-14.2.0/release/release_new/new.10/include/mvtx_decoder:/cvmfs/sphenix.sdcc.bnl.gov/alma9.2-gcc-14.2.0/release/release_new/new.10/include/ROOT:/cvmfs/sphenix.sdcc.bnl.gov/alma9.2-gcc-14.2.0/release/release_new/new.10/include/phparameter:/cvmfs/sphenix.sdcc.bnl.gov/alma9.2-gcc-14.2.0/release/release_new/new.10/include/rsa:/cvmfs/sphenix.sdcc.bnl.gov/alma9.2-gcc-14.2.0/release/release_new/new.10/include/fun4allraw:/cvmfs/sphenix.sdcc.bnl.gov/alma9.2-gcc-14.2.0/release/release_new/new.10/include/trackbase_historic:/cvmfs/sphenix.sdcc.bnl.gov/alma9.2-gcc-14.2.0/release/release_new/new.10/include/g4jets:/cvmfs/sphenix.sdcc.bnl.gov/alma9.2-gcc-14.2.0/release/release_new/new.10/include/jetqa:/cvmfs/sphenix.sdcc.bnl.gov/alma9.2-gcc-14.2.0/release/release_new/new.10/include/phoolraw:/cvmfs/sphenix.sdcc.bnl.gov/alma9.2-gcc-14.2.0/release/release_new/new.10/include/g4calo:/cvmfs/sphenix.sdcc.bnl.gov/alma9.2-gcc-14.2.0/release/release_new/new.10/include/mvtxrawhitqa:/cvmfs/sphenix.sdcc.bnl.gov/alma9.2-gcc-14.2.0/release/release_new/new.10/include/HepMC3:/cvmfs/sphenix.sdcc.bnl.gov/alma9.2-gcc-14.2.0/release/release_new/new.10/include/calowaveformsim:/cvmfs/sphenix.sdcc.bnl.gov/alma9.2-gcc-14.2.0/release/release_new/new.10/include/g4caloprototype:/cvmfs/sphenix.sdcc.bnl.gov/alma9.2-gcc-14.2.0/release/release_new/new.10/include/pdbcalbase:/cvmfs/sphenix.sdcc.bnl.gov/alma9.2-gcc-14.2.0/release/release_new/new.10/include/gsl:/cvmfs/sphenix.sdcc.bnl.gov/alma9.2-gcc-14.2.0/release/release_new/new.10/include/nodedump:/cvmfs/sphenix.sdcc.bnl.gov/alma9.2-gcc-14.2.0/release/release_new/new.10/include/emcnoisytowerfinder:/cvmfs/sphenix.sdcc.bnl.gov/alma9.2-gcc-14.2.0/release/release_new/new.10/include/ActsFatras:/cvmfs/sphenix.sdcc.bnl.gov/alma9.2-gcc-14.2.0/release/release_new/new.10/include/ffarawmodules:/cvmfs/sphenix.sdcc.bnl.gov/alma9.2-gcc-14.2.0/release/release_new/new.10/include/Event:/cvmfs/sphenix.sdcc.bnl.gov/alma9.2-gcc-14.2.0/release/release_new/new.10/include/prototype3:/cvmfs/sphenix.sdcc.bnl.gov/alma9.2-gcc-14.2.0/release/release_new/new.10/include/fermimotionafterburner:/cvmfs/sphenix.sdcc.bnl.gov/alma9.2-gcc-14.2.0/release/release_new/new.10/include/Photos:/cvmfs/sphenix.sdcc.bnl.gov/alma9.2-gcc-14.2.0/release/release_new/new.10/include/xingshiftcal:/cvmfs/sphenix.sdcc.bnl.gov/alma9.2-gcc-14.2.0/release/release_new/new.10/include/trackbase:/cvmfs/sphenix.sdcc.bnl.gov/alma9.2-gcc-14.2.0/release/release_new/new.10/include/jetdstskimmer:/cvmfs/sphenix.sdcc.bnl.gov/alma9.2-gcc-14.2.0/release/release_new/new.10/include/clusteriso:/cvmfs/sphenix.sdcc.bnl.gov/alma9.2-gcc-14.2.0/release/release_new/new.10/include/asmjit:/cvmfs/sphenix.sdcc.bnl.gov/alma9.2-gcc-14.2.0/release/release_new/new.10/include/particleflowreco:/cvmfs/sphenix.sdcc.bnl.gov/alma9.2-gcc-14.2.0/release/release_new/new.10/include/tpchittrackdisplay:/cvmfs/sphenix.sdcc.bnl.gov/alma9.2-gcc-14.2.0/release/release_new/new.10/include/caloana:/cvmfs/sphenix.sdcc.bnl.gov/alma9.2-gcc-14.2.0/release/release_new/new.10/include/calotrigger:/cvmfs/sphenix.sdcc.bnl.gov/alma9.2-gcc-14.2.0/release/release_new/new.10/include/nopayloadclient:/cvmfs/sphenix.sdcc.bnl.gov/alma9.2-gcc-14.2.0/release/release_new/new.10/include/trackermillepedealignment:/cvmfs/sphenix.sdcc.bnl.gov/alma9.2-gcc-14.2.0/release/release_new/new.10/include/DD4hep:/cvmfs/sphenix.sdcc.bnl.gov/alma9.2-gcc-14.2.0/release/release_new/new.10/include/g4trackfastsim:/cvmfs/sphenix.sdcc.bnl.gov/alma9.2-gcc-14.2.0/release/release_new/new.10/include/prototype2:/cvmfs/sphenix.sdcc.bnl.gov/alma9.2-gcc-14.2.0/release/release_new/new.10/include/ATen:/cvmfs/sphenix.sdcc.bnl.gov/alma9.2-gcc-14.2.0/release/release_new/new.10/include/g4main:/cvmfs/sphenix.sdcc.bnl.gov/alma9.2-gcc-14.2.0/release/release_new/new.10/include/Tauola:/cvmfs/sphenix.sdcc.bnl.gov/alma9.2-gcc-14.2.0/release/release_new/new.10/include/inttcalib:/cvmfs/sphenix.sdcc.bnl.gov/alma9.2-gcc-14.2.0/release/release_new/new.10/include/reactionplaneafterburner:/cvmfs/sphenix.sdcc.bnl.gov/alma9.2-gcc-14.2.0/release/release_new/new.10/include/globalqa:/cvmfs/sphenix.sdcc.bnl.gov/alma9.2-gcc-14.2.0/release/release_new/new.10/include/tpccalib:/cvmfs/sphenix.sdcc.bnl.gov/alma9.2-gcc-14.2.0/release/release_new/new.10/include/DDSegmentation:/cvmfs/sphenix.sdcc.bnl.gov/alma9.2-gcc-14.2.0/release/release_new/new.10/include/decayfinder:/cvmfs/sphenix.sdcc.bnl.gov/alma9.2-gcc-14.2.0/release/release_new/new.10/include/compressclus:/cvmfs/sphenix.sdcc.bnl.gov/alma9.2-gcc-14.2.0/release/release_new/new.10/include/simqa_modules:/cvmfs/sphenix.sdcc.bnl.gov/alma9.2-gcc-14.2.0/release/release_new/new.10/include/resonancejettagging:/cvmfs/sphenix.sdcc.bnl.gov/alma9.2-gcc-14.2.0/release/release_new/new.10/include/g4centrality:/cvmfs/sphenix.sdcc.bnl.gov/alma9.2-gcc-14.2.0/release/release_new/new.10/include/mvtx:/cvmfs/sphenix.sdcc.bnl.gov/alma9.2-gcc-14.2.0/release/release_new/new.10/include/nlohmann:/cvmfs/sphenix.sdcc.bnl.gov/alma9.2-gcc-14.2.0/release/release_new/new.10/include/localpoloffmon:/cvmfs/sphenix.sdcc.bnl.gov/alma9.2-gcc-14.2.0/release/release_new/new.10/include/DDEve:/cvmfs/sphenix.sdcc.bnl.gov/alma9.2-gcc-14.2.0/release/release_new/new.10/include/Parsers:/cvmfs/sphenix.sdcc.bnl.gov/alma9.2-gcc-14.2.0/release/release_new/new.10/include/trackingdiagnostics:/cvmfs/sphenix.sdcc.bnl.gov/alma9.2-gcc-14.2.0/release/release_new/new.10/include/g4vertex:/cvmfs/sphenix.sdcc.bnl.gov/alma9.2-gcc-14.2.0/release/release_new/new.10/include/jetbase:/cvmfs/sphenix.sdcc.bnl.gov/alma9.2-gcc-14.2.0/release/release_new/new.10/include/globalvertex:/cvmfs/sphenix.sdcc.bnl.gov/alma9.2-gcc-14.2.0/release/release_new/new.10/include/phgenfit:/cvmfs/sphenix.sdcc.bnl.gov/alma9.2-gcc-14.2.0/release/release_new/new.10/include/rawbcolumi:/cvmfs/sphenix.sdcc.bnl.gov/alma9.2-gcc-14.2.0/release/release_new/new.10/include/eicsmear:/cvmfs/sphenix.sdcc.bnl.gov/alma9.2-gcc-14.2.0/release/release_new/new.10/include/mvtxcalib:/cvmfs/sphenix.sdcc.bnl.gov/alma9.2-gcc-14.2.0/release/release_new/new.10/include/tpclinelaserdiode:/cvmfs/sphenix.sdcc.bnl.gov/alma9.2-gcc-14.2.0/release/release_new/new.10/include/hepmcjettrigger:/cvmfs/sphenix.sdcc.bnl.gov/alma9.2-gcc-14.2.0/release/release_new/new.10/include/core:/cvmfs/sphenix.sdcc.bnl.gov/alma9.2-gcc-14.2.0/release/release_new/new.10/include/calo_cdb:/cvmfs/sphenix.sdcc.bnl.gov/alma9.2-gcc-14.2.0/release/release_new/new.10/include/mvtxclustershapesqa:/cvmfs/sphenix.sdcc.bnl.gov/alma9.2-gcc-14.2.0/release/release_new/new.10/include/calopacketskimmer:/cvmfs/sphenix.sdcc.bnl.gov/alma9.2-gcc-14.2.0/opt/sphenix/core/geant4.10.07.p04/include:/cvmfs/sphenix.sdcc.bnl.gov/alma9.2-gcc-14.2.0/release/release_new/new.10/rootmacros:/cvmfs/sphenix.sdcc.bnl.gov/alma9.2-gcc-14.2.0/opt/sphenix/core/include
GSEARCHPATH=.:PG:LUSTRE:RAWDATA
PWD=/gpfs/mnt/gpfs02/sphenix/user/samfred/run25/ppg11/histmaking
LOGNAME=samfred
_CONDOR_ANCESTOR_322519=322554:1756523321:1732270408
_CONDOR_JOB_AD=/home/condor/local/sphnx/execute/dir_1803014/.job.ad
MANPATH=/cvmfs/sphenix.sdcc.bnl.gov/alma9.2-gcc-14.2.0/opt/sphenix/core/gcc/14.2.0-2f0a0/x86_64-el9/share/man:/cvmfs/sphenix.sdcc.bnl.gov/alma9.2-gcc-14.2.0/opt/sphenix/core/binutils/2.40-acaab/x86_64-el9/share/man:/cvmfs/sphenix.sdcc.bnl.gov/alma9.2-gcc-14.2.0/release/release_new/new.10/share/man:/cvmfs/sphenix.sdcc.bnl.gov/alma9.2-gcc-14.2.0/opt/sphenix/utils/share/man:/cvmfs/sphenix.sdcc.bnl.gov/alma9.2-gcc-14.2.0/opt/sphenix/core/share/man:/cvmfs/sphenix.sdcc.bnl.gov/alma9.2-gcc-14.2.0/opt/sphenix/core/root-6.32.06/man:/usr/local/share/man:/usr/share/man
PYTHIA8=/cvmfs/sphenix.sdcc.bnl.gov/alma9.2-gcc-14.2.0/release/release_new/new.10/share/Pythia8
G4INCLDATA=/cvmfs/sphenix.sdcc.bnl.gov/alma9.2-gcc-14.2.0/opt/sphenix/core/geant4.10.07.p04/share/Geant4-10.7.4/data/G4INCL1.0
ORIG_PATH=/usr/local/bin:/usr/bin
CXX=/cvmfs/sphenix.sdcc.bnl.gov/alma9.2-gcc-14.2.0/opt/sphenix/core/gcc/14.2.0-2f0a0/x86_64-el9/bin/g++
G4LEDATA=/cvmfs/sphenix.sdcc.bnl.gov/alma9.2-gcc-14.2.0/opt/sphenix/core/geant4.10.07.p04/share/Geant4-10.7.4/data/G4EMLOW7.13
PYTHON_CPU_COUNT=1
OPENBLAS_NUM_THREADS=1
_CONDOR_BIN=/usr/bin
HOME=/sphenix/u/samfred
G4PARTICLEXSDATA=/cvmfs/sphenix.sdcc.bnl.gov/alma9.2-gcc-14.2.0/opt/sphenix/core/geant4.10.07.p04/share/Geant4-10.7.4/data/G4PARTICLEXS3.1.1
_CONDOR_ANCESTOR_1803014=1805401:1759352698:1904449352
ONLINE_MAIN=/cvmfs/sphenix.sdcc.bnl.gov/alma9.2-gcc-14.2.0/release/release_new/new.10
CALIBRATIONROOT=/cvmfs/sphenix.sdcc.bnl.gov/alma9.2-gcc-14.2.0/release/release_new/new.10/share/calibrations
TMPDIR=/tmp
_CONDOR_SCRATCH_DIR=/home/condor/local/sphnx/execute/dir_1803014
PGUSER=phnxrc
NOPAYLOADCLIENT_CONF=/cvmfs/sphenix.sdcc.bnl.gov/alma9.2-gcc-14.2.0/opt/sphenix/core/etc/sPHENIX_newcdb.json
XERCESCROOT=/cvmfs/sphenix.sdcc.bnl.gov/alma9.2-gcc-14.2.0/opt/sphenix/core/geant4.10.07.p04
LHAPATH=/cvmfs/sphenix.sdcc.bnl.gov/alma9.2-gcc-14.2.0/opt/sphenix/core/lhapdf-5.9.1/share/lhapdf/PDFsets
G4NEUTRONHPDATA=/cvmfs/sphenix.sdcc.bnl.gov/alma9.2-gcc-14.2.0/opt/sphenix/core/geant4.10.07.p04/share/Geant4-10.7.4/data/G4NDL4.6
PYTHONPATH=.:/cvmfs/sphenix.sdcc.bnl.gov/alma9.2-gcc-14.2.0/release/release_new/new.10/lib/python3.13/site-packages:/cvmfs/sphenix.sdcc.bnl.gov/alma9.2-gcc-14.2.0/opt/sphenix/core/lib/python3.13/site-packages:/cvmfs/sphenix.sdcc.bnl.gov/alma9.2-gcc-14.2.0/opt/sphenix/core/root-6.32.06/lib
USER=samfred
_CONDOR_JOB_PIDS=
TEMP=/tmp
GOMAXPROCS=1
OFFLINE_MAIN=/cvmfs/sphenix.sdcc.bnl.gov/alma9.2-gcc-14.2.0/release/release_new/new.10
SHLVL=1
TF_NUM_THREADS=1
G4SAIDXSDATA=/cvmfs/sphenix.sdcc.bnl.gov/alma9.2-gcc-14.2.0/opt/sphenix/core/geant4.10.07.p04/share/Geant4-10.7.4/data/G4SAIDDATA2.0
APPTAINER_CACHEDIR=/home/condor/local/sphnx/execute/dir_1803014
ROOTSYS=/cvmfs/sphenix.sdcc.bnl.gov/alma9.2-gcc-14.2.0/opt/sphenix/core/root-6.32.06
BATCH_SYSTEM=HTCondor
_CONDOR_SLOT=slot1_17
LD_LIBRARY_PATH=/sphenix/user/samfred/run25/install//lib:/cvmfs/sphenix.sdcc.bnl.gov/alma9.2-gcc-14.2.0/opt/sphenix/core/gcc/14.2.0-2f0a0/x86_64-el9/lib:/cvmfs/sphenix.sdcc.bnl.gov/alma9.2-gcc-14.2.0/opt/sphenix/core/gcc/14.2.0-2f0a0/x86_64-el9/lib64:/cvmfs/sphenix.sdcc.bnl.gov/alma9.2-gcc-14.2.0/opt/sphenix/core/binutils/2.40-acaab/x86_64-el9/lib:.:/cvmfs/sphenix.sdcc.bnl.gov/alma9.2-gcc-14.2.0/release/release_new/new.10/lib64:/cvmfs/sphenix.sdcc.bnl.gov/alma9.2-gcc-14.2.0/release/release_new/new.10/lib:/cvmfs/sphenix.sdcc.bnl.gov/alma9.2-gcc-14.2.0/opt/sphenix/utils/lib:/cvmfs/sphenix.sdcc.bnl.gov/alma9.2-gcc-14.2.0/opt/sphenix/core/lib:/cvmfs/sphenix.sdcc.bnl.gov/alma9.2-gcc-14.2.0/opt/sphenix/core/root-6.32.06/lib:/cvmfs/sphenix.sdcc.bnl.gov/alma9.2-gcc-14.2.0/opt/sphenix/core/geant4.10.07.p04/lib64:/cvmfs/sphenix.sdcc.bnl.gov/alma9.2-gcc-14.2.0/opt/sphenix/core/lhapdf-5.9.1/lib:/usr/local/lib64:/usr/lib64
OPT_SPHENIX=/cvmfs/sphenix.sdcc.bnl.gov/alma9.2-gcc-14.2.0/opt/sphenix/core
TF_LOOP_PARALLEL_ITERATIONS=1
EVT_LIB=/cvmfs/sphenix.sdcc.bnl.gov/alma9.2-gcc-14.2.0/opt/sphenix/core/root-6.32.06/lib
PGHOST=sphnxdbmaster.sdcc.bnl.gov
OMP_NUM_THREADS=1
G4REALSURFACEDATA=/cvmfs/sphenix.sdcc.bnl.gov/alma9.2-gcc-14.2.0/opt/sphenix/core/geant4.10.07.p04/share/Geant4-10.7.4/data/RealSurface2.2
FC=/cvmfs/sphenix.sdcc.bnl.gov/alma9.2-gcc-14.2.0/opt/sphenix/core/gcc/14.2.0-2f0a0/x86_64-el9/bin/gfortran
G4ABLADATA=/cvmfs/sphenix.sdcc.bnl.gov/alma9.2-gcc-14.2.0/opt/sphenix/core/geant4.10.07.p04/share/Geant4-10.7.4/data/G4ABLA3.1
_CONDOR_ANCESTOR_322554=1803014:1759352698:2898597994
PARASOFT=doesnotexist
TMP=/tmp
OPT_UTILS=/cvmfs/sphenix.sdcc.bnl.gov/alma9.2-gcc-14.2.0/opt/sphenix/utils
CONFIG_SITE=/cvmfs/sphenix.sdcc.bnl.gov/alma9.2-gcc-14.2.0/opt/sphenix/core/etc/config.site
PATH=/sphenix/user/samfred/run25/install//bin:/cvmfs/sphenix.sdcc.bnl.gov/alma9.2-gcc-14.2.0/opt/sphenix/core/gcc/14.2.0-2f0a0/x86_64-el9/bin:/cvmfs/sphenix.sdcc.bnl.gov/alma9.2-gcc-14.2.0/opt/sphenix/core/binutils/2.40-acaab/x86_64-el9/bin:.:/cvmfs/sphenix.sdcc.bnl.gov/alma9.2-gcc-14.2.0/release/release_new/new.10/bin:/cvmfs/sphenix.sdcc.bnl.gov/alma9.2-gcc-14.2.0/opt/sphenix/utils/bin:/cvmfs/sphenix.sdcc.bnl.gov/alma9.2-gcc-14.2.0/opt/sphenix/core/bin:/cvmfs/sphenix.sdcc.bnl.gov/alma9.2-gcc-14.2.0/opt/sphenix/core/root-6.32.06/bin:/cvmfs/sphenix.sdcc.bnl.gov/alma9.2-gcc-14.2.0/opt/sphenix/core/geant4.10.07.p04/bin:/usr/local/bin:/usr/bin:/usr/local/sbin:/usr/sbin
G4LEVELGAMMADATA=/cvmfs/sphenix.sdcc.bnl.gov/alma9.2-gcc-14.2.0/opt/sphenix/core/geant4.10.07.p04/share/Geant4-10.7.4/data/PhotonEvaporation5.7
CC=/cvmfs/sphenix.sdcc.bnl.gov/alma9.2-gcc-14.2.0/opt/sphenix/core/gcc/14.2.0-2f0a0/x86_64-el9/bin/gcc
G4RADIOACTIVEDATA=/cvmfs/sphenix.sdcc.bnl.gov/alma9.2-gcc-14.2.0/opt/sphenix/core/geant4.10.07.p04/share/Geant4-10.7.4/data/RadioactiveDecay5.6
JULIA_NUM_THREADS=1
MKL_NUM_THREADS=1
LHAPDF_DATA_PATH=/cvmfs/sphenix.sdcc.bnl.gov/alma9.2-gcc-14.2.0/release/release_new/new.10/share/LHAPDF
XPLOAD_CONFIG_DIR=/cvmfs/sphenix.sdcc.bnl.gov/alma9.2-gcc-14.2.0/opt/sphenix/core/etc
OLDPWD=/cvmfs/sphenix.sdcc.bnl.gov/alma9.2-gcc-14.2.0/release/release_new/new.10/geant4
_=/usr/bin/printenv
runnumber...
49126
trigger...

   ------------------------------------------------------------------
  | Welcome to ROOT 6.32.06                        https://root.cern |
  | (c) 1995-2024, The ROOT Team; conception: R. Brun, F. Rademakers |
  | Built for linuxx8664gcc on Dec 13 2024, 17:23:48                 |
  | From tags/6-32-06@6-32-06                                        |
  | With g++ (GCC) 14.2.0                                            |
  | Try '.help'/'.?', '.demo', '.license', '.credits', '.quit'/'.q'  |
   ------------------------------------------------------------------


Processing data_histmaker.C(49126)...
entry 2000/6983193 (0.0286402%)
entry 3000/6983193 (0.0429603%)
entry 4000/6983193 (0.0572804%)
entry 8000/6983193 (0.114561%)
entry 12000/6983193 (0.171841%)
entry 14000/6983193 (0.200481%)
entry 15000/6983193 (0.214801%)
entry 18000/6983193 (0.257762%)
entry 23000/6983193 (0.329362%)
entry 27000/6983193 (0.386643%)
entry 30000/6983193 (0.429603%)
entry 31000/6983193 (0.443923%)
entry 33000/6983193 (0.472563%)
entry 36000/6983193 (0.515524%)
entry 37000/6983193 (0.529844%)
entry 42000/6983193 (0.601444%)
entry 44000/6983193 (0.630084%)
entry 45000/6983193 (0.644404%)
entry 46000/6983193 (0.658724%)
entry 49000/6983193 (0.701685%)
entry 54000/6983193 (0.773285%)
entry 56000/6983193 (0.801925%)
entry 58000/6983193 (0.830566%)
entry 61000/6983193 (0.873526%)
entry 66000/6983193 (0.945126%)
entry 73000/6983193 (1.04537%)
entry 78000/6983193 (1.11697%)
entry 81000/6983193 (1.15993%)
entry 83000/6983193 (1.18857%)
entry 85000/6983193 (1.21721%)
entry 87000/6983193 (1.24585%)
entry 92000/6983193 (1.31745%)
entry 94000/6983193 (1.34609%)
entry 96000/6983193 (1.37473%)
entry 97000/6983193 (1.38905%)
entry 103000/6983193 (1.47497%)
entry 104000/6983193 (1.48929%)
entry 107000/6983193 (1.53225%)
entry 117000/6983193 (1.67545%)
entry 119000/6983193 (1.70409%)
entry 120000/6983193 (1.71841%)
entry 124000/6983193 (1.77569%)
entry 126000/6983193 (1.80433%)
entry 128000/6983193 (1.83297%)
entry 134000/6983193 (1.91889%)
entry 136000/6983193 (1.94753%)
entry 138000/6983193 (1.97617%)
entry 142000/6983193 (2.03345%)
entry 143000/6983193 (2.04777%)
entry 144000/6983193 (2.06209%)
entry 147000/6983193 (2.10505%)
entry 149000/6983193 (2.13369%)
entry 157000/6983193 (2.24826%)
entry 158000/6983193 (2.26258%)
entry 159000/6983193 (2.2769%)
entry 160000/6983193 (2.29122%)
entry 161000/6983193 (2.30554%)
entry 162000/6983193 (2.31986%)
entry 168000/6983193 (2.40578%)
entry 174000/6983193 (2.4917%)
entry 179000/6983193 (2.5633%)
entry 180000/6983193 (2.57762%)
entry 183000/6983193 (2.62058%)
entry 187000/6983193 (2.67786%)
entry 192000/6983193 (2.74946%)
entry 196000/6983193 (2.80674%)
entry 199000/6983193 (2.8497%)
entry 202000/6983193 (2.89266%)
entry 207000/6983193 (2.96426%)
entry 217000/6983193 (3.10746%)
entry 220000/6983193 (3.15042%)
entry 225000/6983193 (3.22202%)
entry 226000/6983193 (3.23634%)
entry 227000/6983193 (3.25066%)
entry 231000/6983193 (3.30794%)
entry 236000/6983193 (3.37954%)
entry 238000/6983193 (3.40818%)
entry 239000/6983193 (3.4225%)
entry 241000/6983193 (3.45114%)
entry 243000/6983193 (3.47978%)
entry 244000/6983193 (3.4941%)
entry 245000/6983193 (3.50842%)
entry 248000/6983193 (3.55138%)
entry 251000/6983193 (3.59434%)
entry 254000/6983193 (3.6373%)
entry 259000/6983193 (3.7089%)
entry 271000/6983193 (3.88075%)
entry 278000/6983193 (3.98099%)
entry 281000/6983193 (4.02395%)
entry 282000/6983193 (4.03827%)
entry 286000/6983193 (4.09555%)
entry 288000/6983193 (4.12419%)
entry 289000/6983193 (4.13851%)
entry 293000/6983193 (4.19579%)
entry 296000/6983193 (4.23875%)
entry 304000/6983193 (4.35331%)
entry 305000/6983193 (4.36763%)
entry 312000/6983193 (4.46787%)
entry 313000/6983193 (4.48219%)
entry 325000/6983193 (4.65403%)
entry 327000/6983193 (4.68267%)
entry 333000/6983193 (4.76859%)
entry 336000/6983193 (4.81155%)
entry 338000/6983193 (4.84019%)
entry 339000/6983193 (4.85451%)
entry 340000/6983193 (4.86883%)
entry 345000/6983193 (4.94043%)
entry 349000/6983193 (4.99771%)
entry 350000/6983193 (5.01203%)
entry 353000/6983193 (5.05499%)
entry 354000/6983193 (5.06931%)
entry 356000/6983193 (5.09795%)
entry 358000/6983193 (5.12659%)
entry 359000/6983193 (5.14091%)
entry 361000/6983193 (5.16955%)
entry 363000/6983193 (5.1982%)
entry 366000/6983193 (5.24116%)
entry 370000/6983193 (5.29844%)
entry 371000/6983193 (5.31276%)
entry 372000/6983193 (5.32708%)
entry 373000/6983193 (5.3414%)
entry 376000/6983193 (5.38436%)
entry 377000/6983193 (5.39868%)
entry 379000/6983193 (5.42732%)
entry 380000/6983193 (5.44164%)
entry 382000/6983193 (5.47028%)
entry 388000/6983193 (5.5562%)
entry 391000/6983193 (5.59916%)
entry 399000/6983193 (5.71372%)
entry 405000/6983193 (5.79964%)
entry 408000/6983193 (5.8426%)
entry 412000/6983193 (5.89988%)
entry 414000/6983193 (5.92852%)
entry 415000/6983193 (5.94284%)
entry 421000/6983193 (6.02876%)
entry 425000/6983193 (6.08604%)
entry 426000/6983193 (6.10036%)
entry 427000/6983193 (6.11468%)
entry 428000/6983193 (6.129%)
entry 429000/6983193 (6.14332%)
entry 435000/6983193 (6.22924%)
entry 437000/6983193 (6.25788%)
entry 439000/6983193 (6.28652%)
entry 449000/6983193 (6.42972%)
entry 450000/6983193 (6.44404%)
entry 451000/6983193 (6.45836%)
entry 453000/6983193 (6.487%)
entry 455000/6983193 (6.51564%)
entry 457000/6983193 (6.54428%)
entry 458000/6983193 (6.5586%)
entry 459000/6983193 (6.57292%)
entry 460000/6983193 (6.58724%)
entry 464000/6983193 (6.64452%)
entry 468000/6983193 (6.70181%)
entry 470000/6983193 (6.73045%)
entry 476000/6983193 (6.81637%)
entry 477000/6983193 (6.83069%)
entry 480000/6983193 (6.87365%)
entry 484000/6983193 (6.93093%)
entry 489000/6983193 (7.00253%)
entry 490000/6983193 (7.01685%)
entry 493000/6983193 (7.05981%)
entry 502000/6983193 (7.18869%)
entry 503000/6983193 (7.20301%)
entry 504000/6983193 (7.21733%)
entry 506000/6983193 (7.24597%)
entry 517000/6983193 (7.40349%)
entry 518000/6983193 (7.41781%)
entry 519000/6983193 (7.43213%)
entry 524000/6983193 (7.50373%)
entry 529000/6983193 (7.57533%)
entry 530000/6983193 (7.58965%)
entry 531000/6983193 (7.60397%)
entry 538000/6983193 (7.70421%)
entry 540000/6983193 (7.73285%)
entry 549000/6983193 (7.86173%)
entry 550000/6983193 (7.87605%)
entry 551000/6983193 (7.89037%)
entry 556000/6983193 (7.96197%)
entry 559000/6983193 (8.00493%)
entry 562000/6983193 (8.04789%)
entry 567000/6983193 (8.1195%)
entry 569000/6983193 (8.14814%)
entry 574000/6983193 (8.21974%)
entry 576000/6983193 (8.24838%)
entry 579000/6983193 (8.29134%)
entry 585000/6983193 (8.37726%)
entry 586000/6983193 (8.39158%)
entry 588000/6983193 (8.42022%)
entry 593000/6983193 (8.49182%)
entry 596000/6983193 (8.53478%)
entry 597000/6983193 (8.5491%)
entry 599000/6983193 (8.57774%)
entry 600000/6983193 (8.59206%)
entry 606000/6983193 (8.67798%)
entry 609000/6983193 (8.72094%)
entry 610000/6983193 (8.73526%)
entry 612000/6983193 (8.7639%)
entry 613000/6983193 (8.77822%)
entry 614000/6983193 (8.79254%)
entry 623000/6983193 (8.92142%)
entry 626000/6983193 (8.96438%)
entry 627000/6983193 (8.9787%)
entry 628000/6983193 (8.99302%)
entry 631000/6983193 (9.03598%)
entry 633000/6983193 (9.06462%)
entry 635000/6983193 (9.09326%)
entry 637000/6983193 (9.1219%)
entry 643000/6983193 (9.20782%)
entry 644000/6983193 (9.22214%)
entry 645000/6983193 (9.23646%)
entry 647000/6983193 (9.2651%)
entry 651000/6983193 (9.32238%)
entry 652000/6983193 (9.3367%)
entry 654000/6983193 (9.36534%)
entry 655000/6983193 (9.37966%)
entry 656000/6983193 (9.39398%)
entry 657000/6983193 (9.4083%)
entry 670000/6983193 (9.59447%)
entry 671000/6983193 (9.60879%)
entry 674000/6983193 (9.65175%)
entry 676000/6983193 (9.68039%)
entry 677000/6983193 (9.69471%)
entry 681000/6983193 (9.75199%)
entry 683000/6983193 (9.78063%)
entry 684000/6983193 (9.79495%)
entry 685000/6983193 (9.80927%)
entry 687000/6983193 (9.83791%)
entry 691000/6983193 (9.89519%)
entry 694000/6983193 (9.93815%)
entry 701000/6983193 (10.0384%)
entry 708000/6983193 (10.1386%)
entry 709000/6983193 (10.1529%)
entry 716000/6983193 (10.2532%)
entry 725000/6983193 (10.3821%)
entry 734000/6983193 (10.511%)
entry 735000/6983193 (10.5253%)
entry 738000/6983193 (10.5682%)
entry 739000/6983193 (10.5826%)
entry 740000/6983193 (10.5969%)
entry 741000/6983193 (10.6112%)
entry 750000/6983193 (10.7401%)
entry 751000/6983193 (10.7544%)
entry 755000/6983193 (10.8117%)
entry 762000/6983193 (10.9119%)
entry 767000/6983193 (10.9835%)
entry 770000/6983193 (11.0265%)
entry 772000/6983193 (11.0551%)
entry 773000/6983193 (11.0694%)
entry 776000/6983193 (11.1124%)
entry 779000/6983193 (11.1554%)
entry 781000/6983193 (11.184%)
entry 782000/6983193 (11.1983%)
entry 783000/6983193 (11.2126%)
entry 784000/6983193 (11.227%)
entry 790000/6983193 (11.3129%)
entry 801000/6983193 (11.4704%)
entry 802000/6983193 (11.4847%)
entry 808000/6983193 (11.5706%)
entry 813000/6983193 (11.6422%)
entry 815000/6983193 (11.6709%)
entry 818000/6983193 (11.7138%)
entry 822000/6983193 (11.7711%)
entry 827000/6983193 (11.8427%)
entry 828000/6983193 (11.857%)
entry 831000/6983193 (11.9%)
entry 832000/6983193 (11.9143%)
entry 835000/6983193 (11.9573%)
entry 839000/6983193 (12.0146%)
entry 840000/6983193 (12.0289%)
entry 842000/6983193 (12.0575%)
entry 843000/6983193 (12.0718%)
entry 844000/6983193 (12.0862%)
entry 847000/6983193 (12.1291%)
entry 851000/6983193 (12.1864%)
entry 852000/6983193 (12.2007%)
entry 854000/6983193 (12.2294%)
entry 859000/6983193 (12.301%)
entry 863000/6983193 (12.3582%)
entry 865000/6983193 (12.3869%)
entry 867000/6983193 (12.4155%)
entry 868000/6983193 (12.4298%)
entry 869000/6983193 (12.4442%)
entry 872000/6983193 (12.4871%)
entry 876000/6983193 (12.5444%)
entry 879000/6983193 (12.5874%)
entry 881000/6983193 (12.616%)
entry 882000/6983193 (12.6303%)
entry 886000/6983193 (12.6876%)
entry 889000/6983193 (12.7306%)
entry 890000/6983193 (12.7449%)
entry 894000/6983193 (12.8022%)
entry 897000/6983193 (12.8451%)
entry 904000/6983193 (12.9454%)
entry 906000/6983193 (12.974%)
entry 908000/6983193 (13.0026%)
entry 909000/6983193 (13.017%)
entry 911000/6983193 (13.0456%)
entry 919000/6983193 (13.1602%)
entry 920000/6983193 (13.1745%)
entry 921000/6983193 (13.1888%)
entry 922000/6983193 (13.2031%)
entry 924000/6983193 (13.2318%)
entry 929000/6983193 (13.3034%)
entry 930000/6983193 (13.3177%)
entry 932000/6983193 (13.3463%)
entry 933000/6983193 (13.3607%)
entry 934000/6983193 (13.375%)
entry 938000/6983193 (13.4323%)
entry 942000/6983193 (13.4895%)
entry 943000/6983193 (13.5039%)
entry 944000/6983193 (13.5182%)
entry 953000/6983193 (13.6471%)
entry 954000/6983193 (13.6614%)
entry 955000/6983193 (13.6757%)
entry 957000/6983193 (13.7043%)
entry 959000/6983193 (13.733%)
entry 961000/6983193 (13.7616%)
entry 963000/6983193 (13.7903%)
entry 967000/6983193 (13.8475%)
entry 968000/6983193 (13.8619%)
entry 970000/6983193 (13.8905%)
entry 971000/6983193 (13.9048%)
entry 972000/6983193 (13.9191%)
entry 974000/6983193 (13.9478%)
entry 976000/6983193 (13.9764%)
entry 977000/6983193 (13.9907%)
entry 978000/6983193 (14.0051%)
entry 979000/6983193 (14.0194%)
entry 986000/6983193 (14.1196%)
entry 987000/6983193 (14.1339%)
entry 988000/6983193 (14.1483%)
entry 989000/6983193 (14.1626%)
entry 996000/6983193 (14.2628%)
entry 1002000/6983193 (14.3487%)
entry 1006000/6983193 (14.406%)
entry 1007000/6983193 (14.4203%)
entry 1011000/6983193 (14.4776%)
entry 1013000/6983193 (14.5063%)
entry 1020000/6983193 (14.6065%)
entry 1023000/6983193 (14.6495%)
entry 1028000/6983193 (14.7211%)
entry 1029000/6983193 (14.7354%)
entry 1034000/6983193 (14.807%)
entry 1036000/6983193 (14.8356%)
entry 1038000/6983193 (14.8643%)
entry 1042000/6983193 (14.9215%)
entry 1046000/6983193 (14.9788%)
entry 1049000/6983193 (15.0218%)
entry 1051000/6983193 (15.0504%)
entry 1053000/6983193 (15.0791%)
entry 1056000/6983193 (15.122%)
entry 1057000/6983193 (15.1363%)
entry 1058000/6983193 (15.1507%)
entry 1061000/6983193 (15.1936%)
entry 1062000/6983193 (15.2079%)
entry 1070000/6983193 (15.3225%)
entry 1072000/6983193 (15.3511%)
entry 1075000/6983193 (15.3941%)
entry 1078000/6983193 (15.4371%)
entry 1082000/6983193 (15.4943%)
entry 1083000/6983193 (15.5087%)
entry 1084000/6983193 (15.523%)
entry 1086000/6983193 (15.5516%)
entry 1087000/6983193 (15.5659%)
entry 1090000/6983193 (15.6089%)
entry 1091000/6983193 (15.6232%)
entry 1092000/6983193 (15.6375%)
entry 1093000/6983193 (15.6519%)
entry 1096000/6983193 (15.6948%)
entry 1099000/6983193 (15.7378%)
entry 1111000/6983193 (15.9096%)
entry 1112000/6983193 (15.9239%)
entry 1113000/6983193 (15.9383%)
entry 1116000/6983193 (15.9812%)
entry 1120000/6983193 (16.0385%)
entry 1129000/6983193 (16.1674%)
entry 1130000/6983193 (16.1817%)
entry 1131000/6983193 (16.196%)
entry 1137000/6983193 (16.282%)
entry 1147000/6983193 (16.4252%)
entry 1154000/6983193 (16.5254%)
entry 1159000/6983193 (16.597%)
entry 1161000/6983193 (16.6256%)
entry 1164000/6983193 (16.6686%)
entry 1165000/6983193 (16.6829%)
entry 1169000/6983193 (16.7402%)
entry 1180000/6983193 (16.8977%)
entry 1181000/6983193 (16.912%)
entry 1194000/6983193 (17.0982%)
entry 1196000/6983193 (17.1268%)
entry 1197000/6983193 (17.1412%)
entry 1198000/6983193 (17.1555%)
entry 1200000/6983193 (17.1841%)
entry 1203000/6983193 (17.2271%)
entry 1207000/6983193 (17.2844%)
entry 1208000/6983193 (17.2987%)
entry 1209000/6983193 (17.313%)
entry 1210000/6983193 (17.3273%)
entry 1212000/6983193 (17.356%)
entry 1216000/6983193 (17.4132%)
entry 1217000/6983193 (17.4276%)
entry 1218000/6983193 (17.4419%)
entry 1223000/6983193 (17.5135%)
entry 1224000/6983193 (17.5278%)
entry 1225000/6983193 (17.5421%)
entry 1227000/6983193 (17.5708%)
entry 1228000/6983193 (17.5851%)
entry 1230000/6983193 (17.6137%)
entry 1231000/6983193 (17.628%)
entry 1232000/6983193 (17.6424%)
entry 1233000/6983193 (17.6567%)
entry 1235000/6983193 (17.6853%)
entry 1237000/6983193 (17.714%)
entry 1245000/6983193 (17.8285%)
entry 1248000/6983193 (17.8715%)
entry 1256000/6983193 (17.986%)
entry 1258000/6983193 (18.0147%)
entry 1260000/6983193 (18.0433%)
entry 1265000/6983193 (18.1149%)
entry 1269000/6983193 (18.1722%)
entry 1270000/6983193 (18.1865%)
entry 1272000/6983193 (18.2152%)
entry 1276000/6983193 (18.2724%)
entry 1279000/6983193 (18.3154%)
entry 1281000/6983193 (18.344%)
entry 1284000/6983193 (18.387%)
entry 1289000/6983193 (18.4586%)
entry 1294000/6983193 (18.5302%)
entry 1296000/6983193 (18.5588%)
entry 1299000/6983193 (18.6018%)
entry 1300000/6983193 (18.6161%)
entry 1301000/6983193 (18.6304%)
entry 1305000/6983193 (18.6877%)
entry 1310000/6983193 (18.7593%)
entry 1311000/6983193 (18.7736%)
entry 1312000/6983193 (18.788%)
entry 1316000/6983193 (18.8452%)
entry 1318000/6983193 (18.8739%)
entry 1320000/6983193 (18.9025%)
entry 1321000/6983193 (18.9168%)
entry 1326000/6983193 (18.9884%)
entry 1331000/6983193 (19.06%)
entry 1332000/6983193 (19.0744%)
entry 1333000/6983193 (19.0887%)
entry 1334000/6983193 (19.103%)
entry 1336000/6983193 (19.1317%)
entry 1341000/6983193 (19.2033%)
entry 1342000/6983193 (19.2176%)
entry 1344000/6983193 (19.2462%)
entry 1345000/6983193 (19.2605%)
entry 1347000/6983193 (19.2892%)
entry 1354000/6983193 (19.3894%)
entry 1356000/6983193 (19.4181%)
entry 1361000/6983193 (19.4897%)
entry 1364000/6983193 (19.5326%)
entry 1366000/6983193 (19.5613%)
entry 1369000/6983193 (19.6042%)
entry 1370000/6983193 (19.6185%)
entry 1372000/6983193 (19.6472%)
entry 1377000/6983193 (19.7188%)
entry 1379000/6983193 (19.7474%)
entry 1387000/6983193 (19.862%)
entry 1388000/6983193 (19.8763%)
entry 1391000/6983193 (19.9193%)
entry 1392000/6983193 (19.9336%)
entry 1393000/6983193 (19.9479%)
entry 1398000/6983193 (20.0195%)
entry 1407000/6983193 (20.1484%)
entry 1408000/6983193 (20.1627%)
entry 1412000/6983193 (20.22%)
entry 1413000/6983193 (20.2343%)
entry 1414000/6983193 (20.2486%)
entry 1417000/6983193 (20.2916%)
entry 1418000/6983193 (20.3059%)
entry 1422000/6983193 (20.3632%)
entry 1423000/6983193 (20.3775%)
entry 1426000/6983193 (20.4205%)
entry 1428000/6983193 (20.4491%)
entry 1430000/6983193 (20.4777%)
entry 1431000/6983193 (20.4921%)
entry 1433000/6983193 (20.5207%)
entry 1440000/6983193 (20.6209%)
entry 1444000/6983193 (20.6782%)
entry 1446000/6983193 (20.7069%)
entry 1449000/6983193 (20.7498%)
entry 1453000/6983193 (20.8071%)
entry 1454000/6983193 (20.8214%)
entry 1458000/6983193 (20.8787%)
entry 1463000/6983193 (20.9503%)
entry 1467000/6983193 (21.0076%)
entry 1468000/6983193 (21.0219%)
entry 1469000/6983193 (21.0362%)
entry 1474000/6983193 (21.1078%)
entry 1475000/6983193 (21.1221%)
entry 1480000/6983193 (21.1937%)
entry 1488000/6983193 (21.3083%)
entry 1491000/6983193 (21.3513%)
entry 1492000/6983193 (21.3656%)
entry 1495000/6983193 (21.4085%)
entry 1507000/6983193 (21.5804%)
entry 1510000/6983193 (21.6233%)
entry 1512000/6983193 (21.652%)
entry 1520000/6983193 (21.7665%)
entry 1521000/6983193 (21.7809%)
entry 1522000/6983193 (21.7952%)
entry 1523000/6983193 (21.8095%)
entry 1527000/6983193 (21.8668%)
entry 1528000/6983193 (21.8811%)
entry 1534000/6983193 (21.967%)
entry 1535000/6983193 (21.9813%)
entry 1543000/6983193 (22.0959%)
entry 1544000/6983193 (22.1102%)
entry 1545000/6983193 (22.1245%)
entry 1547000/6983193 (22.1532%)
entry 1549000/6983193 (22.1818%)
entry 1551000/6983193 (22.2105%)
entry 1556000/6983193 (22.2821%)
entry 1560000/6983193 (22.3394%)
entry 1561000/6983193 (22.3537%)
entry 1563000/6983193 (22.3823%)
entry 1564000/6983193 (22.3966%)
entry 1567000/6983193 (22.4396%)
entry 1576000/6983193 (22.5685%)
entry 1578000/6983193 (22.5971%)
entry 1580000/6983193 (22.6258%)
entry 1582000/6983193 (22.6544%)
entry 1583000/6983193 (22.6687%)
entry 1589000/6983193 (22.7546%)
entry 1591000/6983193 (22.7833%)
entry 1593000/6983193 (22.8119%)
entry 1594000/6983193 (22.8262%)
entry 1596000/6983193 (22.8549%)
entry 1598000/6983193 (22.8835%)
entry 1602000/6983193 (22.9408%)
entry 1605000/6983193 (22.9838%)
entry 1608000/6983193 (23.0267%)
entry 1614000/6983193 (23.1126%)
entry 1615000/6983193 (23.127%)
entry 1620000/6983193 (23.1986%)
entry 1622000/6983193 (23.2272%)
entry 1623000/6983193 (23.2415%)
entry 1633000/6983193 (23.3847%)
entry 1635000/6983193 (23.4134%)
entry 1637000/6983193 (23.442%)
entry 1638000/6983193 (23.4563%)
entry 1643000/6983193 (23.5279%)
entry 1645000/6983193 (23.5566%)
entry 1647000/6983193 (23.5852%)
entry 1649000/6983193 (23.6138%)
entry 1654000/6983193 (23.6854%)
entry 1655000/6983193 (23.6998%)
entry 1660000/6983193 (23.7714%)
entry 1662000/6983193 (23.8%)
entry 1663000/6983193 (23.8143%)
entry 1667000/6983193 (23.8716%)
entry 1669000/6983193 (23.9002%)
entry 1670000/6983193 (23.9146%)
entry 1671000/6983193 (23.9289%)
entry 1677000/6983193 (24.0148%)
entry 1682000/6983193 (24.0864%)
entry 1684000/6983193 (24.115%)
entry 1689000/6983193 (24.1866%)
entry 1690000/6983193 (24.201%)
entry 1691000/6983193 (24.2153%)
entry 1695000/6983193 (24.2726%)
entry 1697000/6983193 (24.3012%)
entry 1700000/6983193 (24.3442%)
entry 1703000/6983193 (24.3871%)
entry 1705000/6983193 (24.4158%)
entry 1706000/6983193 (24.4301%)
entry 1707000/6983193 (24.4444%)
entry 1710000/6983193 (24.4874%)
entry 1712000/6983193 (24.516%)
entry 1722000/6983193 (24.6592%)
entry 1723000/6983193 (24.6735%)
entry 1725000/6983193 (24.7022%)
entry 1740000/6983193 (24.917%)
entry 1743000/6983193 (24.9599%)
entry 1744000/6983193 (24.9742%)
entry 1746000/6983193 (25.0029%)
entry 1747000/6983193 (25.0172%)
entry 1751000/6983193 (25.0745%)
entry 1752000/6983193 (25.0888%)
entry 1753000/6983193 (25.1031%)
entry 1754000/6983193 (25.1175%)
entry 1756000/6983193 (25.1461%)
entry 1758000/6983193 (25.1747%)
entry 1759000/6983193 (25.1891%)
entry 1770000/6983193 (25.3466%)
entry 1772000/6983193 (25.3752%)
entry 1773000/6983193 (25.3895%)
entry 1774000/6983193 (25.4039%)
entry 1777000/6983193 (25.4468%)
entry 1787000/6983193 (25.59%)
entry 1789000/6983193 (25.6187%)
entry 1792000/6983193 (25.6616%)
entry 1793000/6983193 (25.6759%)
entry 1805000/6983193 (25.8478%)
entry 1806000/6983193 (25.8621%)
entry 1807000/6983193 (25.8764%)
entry 1810000/6983193 (25.9194%)
entry 1811000/6983193 (25.9337%)
entry 1818000/6983193 (26.0339%)
entry 1819000/6983193 (26.0483%)
entry 1820000/6983193 (26.0626%)
entry 1821000/6983193 (26.0769%)
entry 1823000/6983193 (26.1055%)
entry 1824000/6983193 (26.1199%)
entry 1827000/6983193 (26.1628%)
entry 1829000/6983193 (26.1915%)
entry 1831000/6983193 (26.2201%)
entry 1832000/6983193 (26.2344%)
entry 1833000/6983193 (26.2487%)
entry 1836000/6983193 (26.2917%)
entry 1839000/6983193 (26.3347%)
entry 1840000/6983193 (26.349%)
entry 1846000/6983193 (26.4349%)
entry 1853000/6983193 (26.5351%)
entry 1854000/6983193 (26.5495%)
entry 1862000/6983193 (26.664%)
entry 1863000/6983193 (26.6783%)
entry 1864000/6983193 (26.6927%)
entry 1866000/6983193 (26.7213%)
entry 1871000/6983193 (26.7929%)
entry 1876000/6983193 (26.8645%)
entry 1878000/6983193 (26.8931%)
entry 1879000/6983193 (26.9075%)
entry 1882000/6983193 (26.9504%)
entry 1884000/6983193 (26.9791%)
entry 1885000/6983193 (26.9934%)
entry 1886000/6983193 (27.0077%)
entry 1888000/6983193 (27.0363%)
entry 1889000/6983193 (27.0507%)
entry 1892000/6983193 (27.0936%)
entry 1896000/6983193 (27.1509%)
entry 1897000/6983193 (27.1652%)
entry 1899000/6983193 (27.1939%)
entry 1901000/6983193 (27.2225%)
entry 1903000/6983193 (27.2511%)
entry 1904000/6983193 (27.2655%)
entry 1905000/6983193 (27.2798%)
entry 1909000/6983193 (27.3371%)
entry 1910000/6983193 (27.3514%)
entry 1911000/6983193 (27.3657%)
entry 1912000/6983193 (27.38%)
entry 1917000/6983193 (27.4516%)
entry 1918000/6983193 (27.4659%)
entry 1922000/6983193 (27.5232%)
entry 1923000/6983193 (27.5375%)
entry 1924000/6983193 (27.5519%)
entry 1926000/6983193 (27.5805%)
entry 1929000/6983193 (27.6235%)
entry 1930000/6983193 (27.6378%)
entry 1935000/6983193 (27.7094%)
entry 1936000/6983193 (27.7237%)
entry 1941000/6983193 (27.7953%)
entry 1942000/6983193 (27.8096%)
entry 1944000/6983193 (27.8383%)
entry 1945000/6983193 (27.8526%)
entry 1947000/6983193 (27.8812%)
entry 1953000/6983193 (27.9671%)
entry 1955000/6983193 (27.9958%)
entry 1957000/6983193 (28.0244%)
entry 1960000/6983193 (28.0674%)
entry 1964000/6983193 (28.1247%)
entry 1969000/6983193 (28.1963%)
entry 1970000/6983193 (28.2106%)
entry 1974000/6983193 (28.2679%)
entry 1975000/6983193 (28.2822%)
entry 1977000/6983193 (28.3108%)
entry 1979000/6983193 (28.3395%)
entry 1982000/6983193 (28.3824%)
entry 1983000/6983193 (28.3968%)
entry 1984000/6983193 (28.4111%)
entry 1989000/6983193 (28.4827%)
entry 1990000/6983193 (28.497%)
entry 1992000/6983193 (28.5256%)
entry 1996000/6983193 (28.5829%)
entry 1997000/6983193 (28.5972%)
entry 1999000/6983193 (28.6259%)
entry 2000000/6983193 (28.6402%)
entry 2001000/6983193 (28.6545%)
entry 2005000/6983193 (28.7118%)
entry 2010000/6983193 (28.7834%)
entry 2013000/6983193 (28.8264%)
entry 2015000/6983193 (28.855%)
entry 2020000/6983193 (28.9266%)
entry 2021000/6983193 (28.9409%)
entry 2023000/6983193 (28.9696%)
entry 2024000/6983193 (28.9839%)
entry 2028000/6983193 (29.0412%)
entry 2030000/6983193 (29.0698%)
entry 2033000/6983193 (29.1128%)
entry 2034000/6983193 (29.1271%)
entry 2035000/6983193 (29.1414%)
entry 2039000/6983193 (29.1987%)
entry 2043000/6983193 (29.256%)
entry 2044000/6983193 (29.2703%)
entry 2045000/6983193 (29.2846%)
entry 2049000/6983193 (29.3419%)
entry 2054000/6983193 (29.4135%)
entry 2056000/6983193 (29.4421%)
entry 2065000/6983193 (29.571%)
entry 2073000/6983193 (29.6856%)
entry 2075000/6983193 (29.7142%)
entry 2079000/6983193 (29.7715%)
entry 2080000/6983193 (29.7858%)
entry 2087000/6983193 (29.886%)
entry 2089000/6983193 (29.9147%)
entry 2090000/6983193 (29.929%)
entry 2097000/6983193 (30.0292%)
entry 2100000/6983193 (30.0722%)
entry 2102000/6983193 (30.1008%)
entry 2105000/6983193 (30.1438%)
entry 2106000/6983193 (30.1581%)
entry 2115000/6983193 (30.287%)
entry 2116000/6983193 (30.3013%)
entry 2117000/6983193 (30.3156%)
entry 2118000/6983193 (30.33%)
entry 2123000/6983193 (30.4016%)
entry 2124000/6983193 (30.4159%)
entry 2127000/6983193 (30.4588%)
entry 2129000/6983193 (30.4875%)
entry 2132000/6983193 (30.5304%)
entry 2135000/6983193 (30.5734%)
entry 2136000/6983193 (30.5877%)
entry 2137000/6983193 (30.602%)
entry 2138000/6983193 (30.6164%)
entry 2142000/6983193 (30.6736%)
entry 2143000/6983193 (30.688%)
entry 2150000/6983193 (30.7882%)
entry 2151000/6983193 (30.8025%)
entry 2153000/6983193 (30.8312%)
entry 2156000/6983193 (30.8741%)
entry 2157000/6983193 (30.8885%)
entry 2158000/6983193 (30.9028%)
entry 2160000/6983193 (30.9314%)
entry 2161000/6983193 (30.9457%)
entry 2162000/6983193 (30.9601%)
entry 2163000/6983193 (30.9744%)
entry 2165000/6983193 (31.003%)
entry 2166000/6983193 (31.0173%)
entry 2170000/6983193 (31.0746%)
entry 2174000/6983193 (31.1319%)
entry 2175000/6983193 (31.1462%)
entry 2177000/6983193 (31.1749%)
entry 2179000/6983193 (31.2035%)
entry 2181000/6983193 (31.2321%)
entry 2185000/6983193 (31.2894%)
entry 2188000/6983193 (31.3324%)
entry 2191000/6983193 (31.3753%)
entry 2192000/6983193 (31.3897%)
entry 2195000/6983193 (31.4326%)
entry 2196000/6983193 (31.4469%)
entry 2198000/6983193 (31.4756%)
entry 2199000/6983193 (31.4899%)
entry 2202000/6983193 (31.5329%)
entry 2206000/6983193 (31.5901%)
entry 2209000/6983193 (31.6331%)
entry 2211000/6983193 (31.6617%)
entry 2217000/6983193 (31.7477%)
entry 2218000/6983193 (31.762%)
entry 2221000/6983193 (31.8049%)
entry 2223000/6983193 (31.8336%)
entry 2225000/6983193 (31.8622%)
entry 2226000/6983193 (31.8765%)
entry 2227000/6983193 (31.8909%)
entry 2235000/6983193 (32.0054%)
entry 2238000/6983193 (32.0484%)
entry 2240000/6983193 (32.077%)
entry 2241000/6983193 (32.0913%)
entry 2242000/6983193 (32.1057%)
entry 2243000/6983193 (32.12%)
entry 2247000/6983193 (32.1773%)
entry 2251000/6983193 (32.2345%)
entry 2255000/6983193 (32.2918%)
entry 2256000/6983193 (32.3061%)
entry 2260000/6983193 (32.3634%)
entry 2262000/6983193 (32.3921%)
entry 2264000/6983193 (32.4207%)
entry 2265000/6983193 (32.435%)
entry 2267000/6983193 (32.4637%)
entry 2269000/6983193 (32.4923%)
entry 2274000/6983193 (32.5639%)
entry 2276000/6983193 (32.5925%)
entry 2281000/6983193 (32.6641%)
entry 2282000/6983193 (32.6785%)
entry 2288000/6983193 (32.7644%)
entry 2290000/6983193 (32.793%)
entry 2291000/6983193 (32.8073%)
entry 2292000/6983193 (32.8217%)
entry 2296000/6983193 (32.8789%)
entry 2298000/6983193 (32.9076%)
entry 2299000/6983193 (32.9219%)
entry 2302000/6983193 (32.9649%)
entry 2304000/6983193 (32.9935%)
entry 2305000/6983193 (33.0078%)
entry 2306000/6983193 (33.0221%)
entry 2307000/6983193 (33.0365%)
entry 2308000/6983193 (33.0508%)
entry 2319000/6983193 (33.2083%)
entry 2321000/6983193 (33.2369%)
entry 2324000/6983193 (33.2799%)
entry 2326000/6983193 (33.3085%)
entry 2327000/6983193 (33.3229%)
entry 2328000/6983193 (33.3372%)
entry 2329000/6983193 (33.3515%)
entry 2332000/6983193 (33.3945%)
entry 2334000/6983193 (33.4231%)
entry 2336000/6983193 (33.4517%)
entry 2345000/6983193 (33.5806%)
entry 2347000/6983193 (33.6093%)
entry 2351000/6983193 (33.6665%)
entry 2352000/6983193 (33.6809%)
entry 2358000/6983193 (33.7668%)
entry 2359000/6983193 (33.7811%)
entry 2365000/6983193 (33.867%)
entry 2366000/6983193 (33.8813%)
entry 2368000/6983193 (33.91%)
entry 2373000/6983193 (33.9816%)
entry 2374000/6983193 (33.9959%)
entry 2375000/6983193 (34.0102%)
entry 2377000/6983193 (34.0389%)
entry 2382000/6983193 (34.1105%)
entry 2384000/6983193 (34.1391%)
entry 2386000/6983193 (34.1678%)
entry 2387000/6983193 (34.1821%)
entry 2392000/6983193 (34.2537%)
entry 2395000/6983193 (34.2966%)
entry 2397000/6983193 (34.3253%)
entry 2402000/6983193 (34.3969%)
entry 2403000/6983193 (34.4112%)
entry 2404000/6983193 (34.4255%)
entry 2406000/6983193 (34.4542%)
entry 2407000/6983193 (34.4685%)
entry 2408000/6983193 (34.4828%)
entry 2409000/6983193 (34.4971%)
entry 2411000/6983193 (34.5258%)
entry 2415000/6983193 (34.583%)
entry 2416000/6983193 (34.5974%)
entry 2419000/6983193 (34.6403%)
entry 2423000/6983193 (34.6976%)
entry 2433000/6983193 (34.8408%)
entry 2441000/6983193 (34.9554%)
entry 2448000/6983193 (35.0556%)
entry 2462000/6983193 (35.2561%)
entry 2464000/6983193 (35.2847%)
entry 2469000/6983193 (35.3563%)
entry 2473000/6983193 (35.4136%)
entry 2475000/6983193 (35.4422%)
entry 2476000/6983193 (35.4566%)
entry 2479000/6983193 (35.4995%)
entry 2480000/6983193 (35.5138%)
entry 2482000/6983193 (35.5425%)
entry 2485000/6983193 (35.5854%)
entry 2489000/6983193 (35.6427%)
entry 2490000/6983193 (35.657%)
entry 2491000/6983193 (35.6714%)
entry 2499000/6983193 (35.7859%)
entry 2503000/6983193 (35.8432%)
entry 2512000/6983193 (35.9721%)
entry 2513000/6983193 (35.9864%)
entry 2516000/6983193 (36.0294%)
entry 2527000/6983193 (36.1869%)
entry 2530000/6983193 (36.2298%)
entry 2534000/6983193 (36.2871%)
entry 2535000/6983193 (36.3014%)
entry 2543000/6983193 (36.416%)
entry 2547000/6983193 (36.4733%)
entry 2548000/6983193 (36.4876%)
entry 2550000/6983193 (36.5162%)
entry 2552000/6983193 (36.5449%)
entry 2554000/6983193 (36.5735%)
entry 2555000/6983193 (36.5878%)
entry 2557000/6983193 (36.6165%)
entry 2565000/6983193 (36.731%)
entry 2568000/6983193 (36.774%)
entry 2570000/6983193 (36.8026%)
entry 2572000/6983193 (36.8313%)
entry 2585000/6983193 (37.0174%)
entry 2587000/6983193 (37.0461%)
entry 2590000/6983193 (37.089%)
entry 2591000/6983193 (37.1034%)
entry 2593000/6983193 (37.132%)
entry 2598000/6983193 (37.2036%)
entry 2603000/6983193 (37.2752%)
entry 2605000/6983193 (37.3039%)
entry 2608000/6983193 (37.3468%)
entry 2616000/6983193 (37.4614%)
entry 2617000/6983193 (37.4757%)
entry 2619000/6983193 (37.5043%)
entry 2626000/6983193 (37.6046%)
entry 2627000/6983193 (37.6189%)
entry 2630000/6983193 (37.6619%)
entry 2635000/6983193 (37.7335%)
entry 2637000/6983193 (37.7621%)
entry 2638000/6983193 (37.7764%)
entry 2640000/6983193 (37.8051%)
entry 2641000/6983193 (37.8194%)
entry 2643000/6983193 (37.848%)
entry 2645000/6983193 (37.8767%)
entry 2646000/6983193 (37.891%)
entry 2653000/6983193 (37.9912%)
entry 2657000/6983193 (38.0485%)
entry 2658000/6983193 (38.0628%)
entry 2669000/6983193 (38.2203%)
entry 2674000/6983193 (38.2919%)
entry 2675000/6983193 (38.3063%)
entry 2676000/6983193 (38.3206%)
entry 2678000/6983193 (38.3492%)
entry 2680000/6983193 (38.3779%)
entry 2681000/6983193 (38.3922%)
entry 2685000/6983193 (38.4495%)
entry 2686000/6983193 (38.4638%)
entry 2687000/6983193 (38.4781%)
entry 2688000/6983193 (38.4924%)
entry 2691000/6983193 (38.5354%)
entry 2692000/6983193 (38.5497%)
entry 2697000/6983193 (38.6213%)
entry 2699000/6983193 (38.6499%)
entry 2701000/6983193 (38.6786%)
entry 2702000/6983193 (38.6929%)
entry 2705000/6983193 (38.7359%)
entry 2707000/6983193 (38.7645%)
entry 2708000/6983193 (38.7788%)
entry 2709000/6983193 (38.7931%)
entry 2711000/6983193 (38.8218%)
entry 2718000/6983193 (38.922%)
entry 2722000/6983193 (38.9793%)
entry 2723000/6983193 (38.9936%)
entry 2724000/6983193 (39.0079%)
entry 2726000/6983193 (39.0366%)
entry 2730000/6983193 (39.0939%)
entry 2731000/6983193 (39.1082%)
entry 2734000/6983193 (39.1511%)
entry 2736000/6983193 (39.1798%)
entry 2737000/6983193 (39.1941%)
entry 2738000/6983193 (39.2084%)
entry 2740000/6983193 (39.2371%)
entry 2743000/6983193 (39.28%)
entry 2744000/6983193 (39.2943%)
entry 2745000/6983193 (39.3087%)
entry 2751000/6983193 (39.3946%)
entry 2753000/6983193 (39.4232%)
entry 2756000/6983193 (39.4662%)
entry 2763000/6983193 (39.5664%)
entry 2765000/6983193 (39.5951%)
entry 2771000/6983193 (39.681%)
entry 2776000/6983193 (39.7526%)
entry 2777000/6983193 (39.7669%)
entry 2780000/6983193 (39.8099%)
entry 2781000/6983193 (39.8242%)
entry 2786000/6983193 (39.8958%)
entry 2787000/6983193 (39.9101%)
entry 2788000/6983193 (39.9244%)
entry 2789000/6983193 (39.9388%)
entry 2790000/6983193 (39.9531%)
entry 2793000/6983193 (39.996%)
entry 2795000/6983193 (40.0247%)
entry 2797000/6983193 (40.0533%)
entry 2799000/6983193 (40.082%)
entry 2800000/6983193 (40.0963%)
entry 2810000/6983193 (40.2395%)
entry 2813000/6983193 (40.2824%)
entry 2814000/6983193 (40.2968%)
entry 2815000/6983193 (40.3111%)
entry 2821000/6983193 (40.397%)
entry 2823000/6983193 (40.4256%)
entry 2828000/6983193 (40.4972%)
entry 2837000/6983193 (40.6261%)
entry 2840000/6983193 (40.6691%)
entry 2841000/6983193 (40.6834%)
entry 2843000/6983193 (40.712%)
entry 2845000/6983193 (40.7407%)
entry 2850000/6983193 (40.8123%)
entry 2855000/6983193 (40.8839%)
entry 2856000/6983193 (40.8982%)
entry 2857000/6983193 (40.9125%)
entry 2858000/6983193 (40.9268%)
entry 2859000/6983193 (40.9412%)
entry 2861000/6983193 (40.9698%)
entry 2862000/6983193 (40.9841%)
entry 2865000/6983193 (41.0271%)
entry 2867000/6983193 (41.0557%)
entry 2868000/6983193 (41.07%)
entry 2869000/6983193 (41.0844%)
entry 2870000/6983193 (41.0987%)
entry 2876000/6983193 (41.1846%)
entry 2885000/6983193 (41.3135%)
entry 2886000/6983193 (41.3278%)
entry 2889000/6983193 (41.3708%)
entry 2893000/6983193 (41.428%)
entry 2894000/6983193 (41.4424%)
entry 2903000/6983193 (41.5712%)
entry 2904000/6983193 (41.5856%)
entry 2906000/6983193 (41.6142%)
entry 2907000/6983193 (41.6285%)
entry 2908000/6983193 (41.6428%)
entry 2912000/6983193 (41.7001%)
entry 2915000/6983193 (41.7431%)
entry 2919000/6983193 (41.8004%)
entry 2922000/6983193 (41.8433%)
entry 2923000/6983193 (41.8576%)
entry 2926000/6983193 (41.9006%)
entry 2930000/6983193 (41.9579%)
entry 2935000/6983193 (42.0295%)
entry 2939000/6983193 (42.0868%)
entry 2943000/6983193 (42.144%)
entry 2944000/6983193 (42.1584%)
entry 2947000/6983193 (42.2013%)
entry 2950000/6983193 (42.2443%)
entry 2951000/6983193 (42.2586%)
entry 2953000/6983193 (42.2872%)
entry 2956000/6983193 (42.3302%)
entry 2959000/6983193 (42.3732%)
entry 2960000/6983193 (42.3875%)
entry 2961000/6983193 (42.4018%)
entry 2963000/6983193 (42.4304%)
entry 2964000/6983193 (42.4448%)
entry 2965000/6983193 (42.4591%)
entry 2966000/6983193 (42.4734%)
entry 2967000/6983193 (42.4877%)
entry 2968000/6983193 (42.502%)
entry 2969000/6983193 (42.5164%)
entry 2974000/6983193 (42.588%)
entry 2975000/6983193 (42.6023%)
entry 2982000/6983193 (42.7025%)
entry 2986000/6983193 (42.7598%)
entry 2987000/6983193 (42.7741%)
entry 2989000/6983193 (42.8028%)
entry 2990000/6983193 (42.8171%)
entry 2993000/6983193 (42.86%)
entry 3000000/6983193 (42.9603%)
entry 3001000/6983193 (42.9746%)
entry 3002000/6983193 (42.9889%)
entry 3007000/6983193 (43.0605%)
entry 3014000/6983193 (43.1608%)
entry 3020000/6983193 (43.2467%)
entry 3021000/6983193 (43.261%)
entry 3023000/6983193 (43.2897%)
entry 3027000/6983193 (43.3469%)
entry 3029000/6983193 (43.3756%)
entry 3031000/6983193 (43.4042%)
entry 3033000/6983193 (43.4329%)
entry 3034000/6983193 (43.4472%)
entry 3036000/6983193 (43.4758%)
entry 3039000/6983193 (43.5188%)
entry 3043000/6983193 (43.5761%)
entry 3044000/6983193 (43.5904%)
entry 3048000/6983193 (43.6477%)
entry 3049000/6983193 (43.662%)
entry 3050000/6983193 (43.6763%)
entry 3051000/6983193 (43.6906%)
entry 3053000/6983193 (43.7193%)
entry 3056000/6983193 (43.7622%)
entry 3057000/6983193 (43.7765%)
entry 3059000/6983193 (43.8052%)
entry 3067000/6983193 (43.9197%)
entry 3068000/6983193 (43.9341%)
entry 3073000/6983193 (44.0057%)
entry 3076000/6983193 (44.0486%)
entry 3077000/6983193 (44.0629%)
entry 3081000/6983193 (44.1202%)
entry 3082000/6983193 (44.1345%)
entry 3086000/6983193 (44.1918%)
entry 3090000/6983193 (44.2491%)
entry 3093000/6983193 (44.2921%)
entry 3094000/6983193 (44.3064%)
entry 3095000/6983193 (44.3207%)
entry 3096000/6983193 (44.335%)
entry 3097000/6983193 (44.3493%)
entry 3098000/6983193 (44.3637%)
entry 3100000/6983193 (44.3923%)
entry 3101000/6983193 (44.4066%)
entry 3103000/6983193 (44.4353%)
entry 3104000/6983193 (44.4496%)
entry 3105000/6983193 (44.4639%)
entry 3112000/6983193 (44.5641%)
entry 3116000/6983193 (44.6214%)
entry 3120000/6983193 (44.6787%)
entry 3121000/6983193 (44.693%)
entry 3122000/6983193 (44.7073%)
entry 3123000/6983193 (44.7217%)
entry 3124000/6983193 (44.736%)
entry 3125000/6983193 (44.7503%)
entry 3126000/6983193 (44.7646%)
entry 3128000/6983193 (44.7933%)
entry 3129000/6983193 (44.8076%)
entry 3130000/6983193 (44.8219%)
entry 3134000/6983193 (44.8792%)
entry 3137000/6983193 (44.9221%)
entry 3142000/6983193 (44.9937%)
entry 3149000/6983193 (45.094%)
entry 3152000/6983193 (45.1369%)
entry 3154000/6983193 (45.1656%)
entry 3155000/6983193 (45.1799%)
entry 3159000/6983193 (45.2372%)
entry 3160000/6983193 (45.2515%)
entry 3161000/6983193 (45.2658%)
entry 3162000/6983193 (45.2801%)
entry 3163000/6983193 (45.2945%)
entry 3165000/6983193 (45.3231%)
entry 3169000/6983193 (45.3804%)
entry 3172000/6983193 (45.4233%)
entry 3173000/6983193 (45.4377%)
entry 3178000/6983193 (45.5093%)
entry 3183000/6983193 (45.5809%)
entry 3187000/6983193 (45.6381%)
entry 3188000/6983193 (45.6525%)
entry 3190000/6983193 (45.6811%)
entry 3192000/6983193 (45.7098%)
entry 3194000/6983193 (45.7384%)
entry 3198000/6983193 (45.7957%)
entry 3212000/6983193 (45.9962%)
entry 3213000/6983193 (46.0105%)
entry 3217000/6983193 (46.0678%)
entry 3227000/6983193 (46.211%)
entry 3228000/6983193 (46.2253%)
entry 3230000/6983193 (46.2539%)
entry 3233000/6983193 (46.2969%)
entry 3234000/6983193 (46.3112%)
entry 3235000/6983193 (46.3255%)
entry 3237000/6983193 (46.3542%)
entry 3238000/6983193 (46.3685%)
entry 3241000/6983193 (46.4114%)
entry 3247000/6983193 (46.4974%)
entry 3249000/6983193 (46.526%)
entry 3250000/6983193 (46.5403%)
entry 3252000/6983193 (46.569%)
entry 3254000/6983193 (46.5976%)
entry 3263000/6983193 (46.7265%)
entry 3266000/6983193 (46.7694%)
entry 3272000/6983193 (46.8554%)
entry 3274000/6983193 (46.884%)
entry 3277000/6983193 (46.927%)
entry 3280000/6983193 (46.9699%)
entry 3286000/6983193 (47.0558%)
entry 3289000/6983193 (47.0988%)
entry 3290000/6983193 (47.1131%)
entry 3291000/6983193 (47.1274%)
entry 3296000/6983193 (47.199%)
entry 3298000/6983193 (47.2277%)
entry 3300000/6983193 (47.2563%)
entry 3301000/6983193 (47.2706%)
entry 3305000/6983193 (47.3279%)
entry 3307000/6983193 (47.3566%)
entry 3311000/6983193 (47.4138%)
entry 3319000/6983193 (47.5284%)
entry 3325000/6983193 (47.6143%)
entry 3328000/6983193 (47.6573%)
entry 3330000/6983193 (47.6859%)
entry 3332000/6983193 (47.7146%)
entry 3335000/6983193 (47.7575%)
entry 3338000/6983193 (47.8005%)
entry 3342000/6983193 (47.8578%)
entry 3345000/6983193 (47.9007%)
entry 3346000/6983193 (47.915%)
entry 3347000/6983193 (47.9294%)
entry 3348000/6983193 (47.9437%)
entry 3355000/6983193 (48.0439%)
entry 3357000/6983193 (48.0726%)
entry 3359000/6983193 (48.1012%)
entry 3361000/6983193 (48.1298%)
entry 3367000/6983193 (48.2158%)
entry 3376000/6983193 (48.3446%)
entry 3382000/6983193 (48.4306%)
entry 3383000/6983193 (48.4449%)
entry 3384000/6983193 (48.4592%)
entry 3390000/6983193 (48.5451%)
entry 3394000/6983193 (48.6024%)
entry 3398000/6983193 (48.6597%)
entry 3399000/6983193 (48.674%)
entry 3402000/6983193 (48.717%)
entry 3408000/6983193 (48.8029%)
entry 3410000/6983193 (48.8315%)
entry 3412000/6983193 (48.8602%)
entry 3416000/6983193 (48.9175%)
entry 3418000/6983193 (48.9461%)
entry 3422000/6983193 (49.0034%)
entry 3425000/6983193 (49.0463%)
entry 3435000/6983193 (49.1895%)
entry 3438000/6983193 (49.2325%)
entry 3439000/6983193 (49.2468%)
entry 3440000/6983193 (49.2611%)
entry 3442000/6983193 (49.2898%)
entry 3443000/6983193 (49.3041%)
entry 3449000/6983193 (49.39%)
entry 3452000/6983193 (49.433%)
entry 3453000/6983193 (49.4473%)
entry 3456000/6983193 (49.4903%)
entry 3462000/6983193 (49.5762%)
entry 3465000/6983193 (49.6191%)
entry 3467000/6983193 (49.6478%)
entry 3468000/6983193 (49.6621%)
entry 3470000/6983193 (49.6907%)
entry 3473000/6983193 (49.7337%)
entry 3476000/6983193 (49.7767%)
entry 3480000/6983193 (49.8339%)
entry 3485000/6983193 (49.9055%)
entry 3487000/6983193 (49.9342%)
entry 3488000/6983193 (49.9485%)
entry 3489000/6983193 (49.9628%)
entry 3492000/6983193 (50.0058%)
entry 3495000/6983193 (50.0487%)
entry 3497000/6983193 (50.0774%)
entry 3500000/6983193 (50.1203%)
entry 3503000/6983193 (50.1633%)
entry 3505000/6983193 (50.1919%)
entry 3506000/6983193 (50.2063%)
entry 3509000/6983193 (50.2492%)
entry 3511000/6983193 (50.2779%)
entry 3513000/6983193 (50.3065%)
entry 3514000/6983193 (50.3208%)
entry 3516000/6983193 (50.3495%)
entry 3518000/6983193 (50.3781%)
entry 3519000/6983193 (50.3924%)
entry 3521000/6983193 (50.4211%)
entry 3523000/6983193 (50.4497%)
entry 3526000/6983193 (50.4927%)
entry 3528000/6983193 (50.5213%)
entry 3537000/6983193 (50.6502%)
entry 3542000/6983193 (50.7218%)
entry 3544000/6983193 (50.7504%)
entry 3548000/6983193 (50.8077%)
entry 3549000/6983193 (50.822%)
entry 3550000/6983193 (50.8363%)
entry 3554000/6983193 (50.8936%)
entry 3556000/6983193 (50.9223%)
entry 3559000/6983193 (50.9652%)
entry 3564000/6983193 (51.0368%)
entry 3565000/6983193 (51.0511%)
entry 3570000/6983193 (51.1227%)
entry 3571000/6983193 (51.1371%)
entry 3573000/6983193 (51.1657%)
entry 3575000/6983193 (51.1943%)
entry 3577000/6983193 (51.223%)
entry 3583000/6983193 (51.3089%)
entry 3588000/6983193 (51.3805%)
entry 3590000/6983193 (51.4091%)
entry 3593000/6983193 (51.4521%)
entry 3603000/6983193 (51.5953%)
entry 3606000/6983193 (51.6383%)
entry 3613000/6983193 (51.7385%)
entry 3614000/6983193 (51.7528%)
entry 3615000/6983193 (51.7672%)
entry 3623000/6983193 (51.8817%)
entry 3630000/6983193 (51.9819%)
entry 3635000/6983193 (52.0536%)
entry 3637000/6983193 (52.0822%)
entry 3638000/6983193 (52.0965%)
entry 3640000/6983193 (52.1251%)
entry 3643000/6983193 (52.1681%)
entry 3644000/6983193 (52.1824%)
entry 3646000/6983193 (52.2111%)
entry 3653000/6983193 (52.3113%)
entry 3662000/6983193 (52.4402%)
entry 3664000/6983193 (52.4688%)
entry 3665000/6983193 (52.4832%)
entry 3675000/6983193 (52.6264%)
entry 3683000/6983193 (52.7409%)
entry 3685000/6983193 (52.7696%)
entry 3686000/6983193 (52.7839%)
entry 3689000/6983193 (52.8268%)
entry 3690000/6983193 (52.8412%)
entry 3691000/6983193 (52.8555%)
entry 3701000/6983193 (52.9987%)
entry 3705000/6983193 (53.056%)
entry 3707000/6983193 (53.0846%)
entry 3710000/6983193 (53.1276%)
entry 3711000/6983193 (53.1419%)
entry 3713000/6983193 (53.1705%)
entry 3715000/6983193 (53.1992%)
entry 3718000/6983193 (53.2421%)
entry 3722000/6983193 (53.2994%)
entry 3724000/6983193 (53.328%)
entry 3726000/6983193 (53.3567%)
entry 3727000/6983193 (53.371%)
entry 3728000/6983193 (53.3853%)
entry 3729000/6983193 (53.3996%)
entry 3735000/6983193 (53.4856%)
entry 3742000/6983193 (53.5858%)
entry 3744000/6983193 (53.6144%)
entry 3745000/6983193 (53.6288%)
entry 3746000/6983193 (53.6431%)
entry 3748000/6983193 (53.6717%)
entry 3750000/6983193 (53.7004%)
entry 3754000/6983193 (53.7576%)
entry 3756000/6983193 (53.7863%)
entry 3757000/6983193 (53.8006%)
entry 3759000/6983193 (53.8292%)
entry 3763000/6983193 (53.8865%)
entry 3766000/6983193 (53.9295%)
entry 3767000/6983193 (53.9438%)
entry 3769000/6983193 (53.9724%)
entry 3772000/6983193 (54.0154%)
entry 3773000/6983193 (54.0297%)
entry 3776000/6983193 (54.0727%)
entry 3782000/6983193 (54.1586%)
entry 3788000/6983193 (54.2445%)
entry 3791000/6983193 (54.2875%)
entry 3796000/6983193 (54.3591%)
entry 3797000/6983193 (54.3734%)
entry 3800000/6983193 (54.4164%)
entry 3802000/6983193 (54.445%)
entry 3803000/6983193 (54.4593%)
entry 3804000/6983193 (54.4737%)
entry 3810000/6983193 (54.5596%)
entry 3812000/6983193 (54.5882%)
entry 3819000/6983193 (54.6884%)
entry 3823000/6983193 (54.7457%)
entry 3830000/6983193 (54.846%)
entry 3831000/6983193 (54.8603%)
entry 3834000/6983193 (54.9033%)
entry 3841000/6983193 (55.0035%)
entry 3844000/6983193 (55.0465%)
entry 3846000/6983193 (55.0751%)
entry 3848000/6983193 (55.1037%)
entry 3849000/6983193 (55.1181%)
entry 3852000/6983193 (55.161%)
entry 3856000/6983193 (55.2183%)
entry 3858000/6983193 (55.2469%)
entry 3863000/6983193 (55.3185%)
entry 3864000/6983193 (55.3329%)
entry 3867000/6983193 (55.3758%)
entry 3868000/6983193 (55.3901%)
entry 3871000/6983193 (55.4331%)
entry 3882000/6983193 (55.5906%)
entry 3883000/6983193 (55.6049%)
entry 3889000/6983193 (55.6909%)
entry 3890000/6983193 (55.7052%)
entry 3894000/6983193 (55.7625%)
entry 3897000/6983193 (55.8054%)
entry 3900000/6983193 (55.8484%)
entry 3906000/6983193 (55.9343%)
entry 3911000/6983193 (56.0059%)
entry 3917000/6983193 (56.0918%)
entry 3918000/6983193 (56.1061%)
entry 3921000/6983193 (56.1491%)
entry 3929000/6983193 (56.2637%)
entry 3933000/6983193 (56.3209%)
entry 3937000/6983193 (56.3782%)
entry 3950000/6983193 (56.5644%)
entry 3951000/6983193 (56.5787%)
entry 3952000/6983193 (56.593%)
entry 3953000/6983193 (56.6073%)
entry 3955000/6983193 (56.636%)
entry 3956000/6983193 (56.6503%)
entry 3959000/6983193 (56.6933%)
entry 3964000/6983193 (56.7649%)
entry 3971000/6983193 (56.8651%)
entry 3973000/6983193 (56.8937%)
entry 3974000/6983193 (56.9081%)
entry 3979000/6983193 (56.9797%)
entry 3983000/6983193 (57.0369%)
entry 3984000/6983193 (57.0513%)
entry 3985000/6983193 (57.0656%)
entry 3987000/6983193 (57.0942%)
entry 3988000/6983193 (57.1085%)
entry 3989000/6983193 (57.1229%)
entry 3990000/6983193 (57.1372%)
entry 3991000/6983193 (57.1515%)
entry 3992000/6983193 (57.1658%)
entry 3994000/6983193 (57.1945%)
entry 3997000/6983193 (57.2374%)
entry 3999000/6983193 (57.2661%)
entry 4002000/6983193 (57.309%)
entry 4003000/6983193 (57.3233%)
entry 4006000/6983193 (57.3663%)
entry 4007000/6983193 (57.3806%)
entry 4012000/6983193 (57.4522%)
entry 4016000/6983193 (57.5095%)
entry 4018000/6983193 (57.5382%)
entry 4020000/6983193 (57.5668%)
entry 4023000/6983193 (57.6097%)
entry 4026000/6983193 (57.6527%)
entry 4029000/6983193 (57.6957%)
entry 4032000/6983193 (57.7386%)
entry 4038000/6983193 (57.8246%)
entry 4043000/6983193 (57.8961%)
entry 4044000/6983193 (57.9105%)
entry 4045000/6983193 (57.9248%)
entry 4046000/6983193 (57.9391%)
entry 4047000/6983193 (57.9534%)
entry 4049000/6983193 (57.9821%)
entry 4050000/6983193 (57.9964%)
entry 4052000/6983193 (58.025%)
entry 4053000/6983193 (58.0394%)
entry 4058000/6983193 (58.111%)
entry 4061000/6983193 (58.1539%)
entry 4062000/6983193 (58.1682%)
entry 4063000/6983193 (58.1826%)
entry 4073000/6983193 (58.3258%)
entry 4077000/6983193 (58.383%)
entry 4078000/6983193 (58.3974%)
entry 4081000/6983193 (58.4403%)
entry 4082000/6983193 (58.4546%)
entry 4085000/6983193 (58.4976%)
entry 4091000/6983193 (58.5835%)
entry 4096000/6983193 (58.6551%)
entry 4097000/6983193 (58.6694%)
entry 4099000/6983193 (58.6981%)
entry 4105000/6983193 (58.784%)
entry 4106000/6983193 (58.7983%)
entry 4110000/6983193 (58.8556%)
entry 4111000/6983193 (58.8699%)
entry 4118000/6983193 (58.9702%)
entry 4121000/6983193 (59.0131%)
entry 4126000/6983193 (59.0847%)
entry 4130000/6983193 (59.142%)
entry 4131000/6983193 (59.1563%)
entry 4135000/6983193 (59.2136%)
entry 4136000/6983193 (59.2279%)
entry 4139000/6983193 (59.2709%)
entry 4140000/6983193 (59.2852%)
entry 4143000/6983193 (59.3282%)
entry 4152000/6983193 (59.457%)
entry 4160000/6983193 (59.5716%)
entry 4162000/6983193 (59.6002%)
entry 4165000/6983193 (59.6432%)
entry 4169000/6983193 (59.7005%)
entry 4171000/6983193 (59.7291%)
entry 4172000/6983193 (59.7434%)
entry 4175000/6983193 (59.7864%)
entry 4177000/6983193 (59.815%)
entry 4179000/6983193 (59.8437%)
entry 4181000/6983193 (59.8723%)
entry 4184000/6983193 (59.9153%)
entry 4185000/6983193 (59.9296%)
entry 4188000/6983193 (59.9726%)
entry 4192000/6983193 (60.0298%)
entry 4198000/6983193 (60.1158%)
entry 4200000/6983193 (60.1444%)
entry 4202000/6983193 (60.173%)
entry 4205000/6983193 (60.216%)
entry 4208000/6983193 (60.259%)
entry 4211000/6983193 (60.3019%)
entry 4212000/6983193 (60.3162%)
entry 4215000/6983193 (60.3592%)
entry 4216000/6983193 (60.3735%)
entry 4217000/6983193 (60.3878%)
entry 4223000/6983193 (60.4738%)
entry 4224000/6983193 (60.4881%)
entry 4231000/6983193 (60.5883%)
entry 4232000/6983193 (60.6026%)
entry 4233000/6983193 (60.617%)
entry 4237000/6983193 (60.6743%)
entry 4238000/6983193 (60.6886%)
entry 4242000/6983193 (60.7459%)
entry 4246000/6983193 (60.8031%)
entry 4247000/6983193 (60.8175%)
entry 4249000/6983193 (60.8461%)
entry 4252000/6983193 (60.8891%)
entry 4255000/6983193 (60.932%)
entry 4256000/6983193 (60.9463%)
entry 4265000/6983193 (61.0752%)
entry 4266000/6983193 (61.0895%)
entry 4267000/6983193 (61.1039%)
entry 4268000/6983193 (61.1182%)
entry 4274000/6983193 (61.2041%)
entry 4276000/6983193 (61.2327%)
entry 4278000/6983193 (61.2614%)
entry 4280000/6983193 (61.29%)
entry 4281000/6983193 (61.3043%)
entry 4283000/6983193 (61.333%)
entry 4284000/6983193 (61.3473%)
entry 4287000/6983193 (61.3903%)
entry 4289000/6983193 (61.4189%)
entry 4291000/6983193 (61.4475%)
entry 4293000/6983193 (61.4762%)
entry 4298000/6983193 (61.5478%)
entry 4300000/6983193 (61.5764%)
entry 4302000/6983193 (61.6051%)
entry 4303000/6983193 (61.6194%)
entry 4306000/6983193 (61.6623%)
entry 4307000/6983193 (61.6767%)
entry 4308000/6983193 (61.691%)
entry 4312000/6983193 (61.7483%)
entry 4314000/6983193 (61.7769%)
entry 4315000/6983193 (61.7912%)
entry 4322000/6983193 (61.8915%)
entry 4326000/6983193 (61.9487%)
entry 4328000/6983193 (61.9774%)
entry 4331000/6983193 (62.0203%)
entry 4333000/6983193 (62.049%)
entry 4334000/6983193 (62.0633%)
entry 4335000/6983193 (62.0776%)
entry 4336000/6983193 (62.0919%)
entry 4337000/6983193 (62.1063%)
entry 4338000/6983193 (62.1206%)
entry 4339000/6983193 (62.1349%)
entry 4341000/6983193 (62.1635%)
entry 4346000/6983193 (62.2351%)
entry 4353000/6983193 (62.3354%)
entry 4362000/6983193 (62.4643%)
entry 4369000/6983193 (62.5645%)
entry 4370000/6983193 (62.5788%)
entry 4371000/6983193 (62.5931%)
entry 4372000/6983193 (62.6075%)
entry 4376000/6983193 (62.6647%)
entry 4377000/6983193 (62.6791%)
entry 4380000/6983193 (62.722%)
entry 4382000/6983193 (62.7507%)
entry 4384000/6983193 (62.7793%)
entry 4386000/6983193 (62.8079%)
entry 4390000/6983193 (62.8652%)
entry 4394000/6983193 (62.9225%)
entry 4395000/6983193 (62.9368%)
entry 4396000/6983193 (62.9511%)
entry 4397000/6983193 (62.9655%)
entry 4405000/6983193 (63.08%)
entry 4409000/6983193 (63.1373%)
entry 4410000/6983193 (63.1516%)
entry 4411000/6983193 (63.1659%)
entry 4413000/6983193 (63.1946%)
entry 4414000/6983193 (63.2089%)
entry 4423000/6983193 (63.3378%)
entry 4429000/6983193 (63.4237%)
entry 4430000/6983193 (63.438%)
entry 4431000/6983193 (63.4524%)
entry 4433000/6983193 (63.481%)
entry 4439000/6983193 (63.5669%)
entry 4440000/6983193 (63.5812%)
entry 4441000/6983193 (63.5956%)
entry 4451000/6983193 (63.7388%)
entry 4452000/6983193 (63.7531%)
entry 4453000/6983193 (63.7674%)
entry 4458000/6983193 (63.839%)
entry 4459000/6983193 (63.8533%)
entry 4462000/6983193 (63.8963%)
entry 4466000/6983193 (63.9536%)
entry 4468000/6983193 (63.9822%)
entry 4471000/6983193 (64.0252%)
entry 4473000/6983193 (64.0538%)
entry 4476000/6983193 (64.0968%)
entry 4478000/6983193 (64.1254%)
entry 4479000/6983193 (64.1397%)
entry 4480000/6983193 (64.154%)
entry 4482000/6983193 (64.1827%)
entry 4487000/6983193 (64.2543%)
entry 4490000/6983193 (64.2972%)
entry 4494000/6983193 (64.3545%)
entry 4495000/6983193 (64.3688%)
entry 4498000/6983193 (64.4118%)
entry 4501000/6983193 (64.4548%)
entry 4507000/6983193 (64.5407%)
entry 4508000/6983193 (64.555%)
entry 4509000/6983193 (64.5693%)
entry 4514000/6983193 (64.6409%)
entry 4518000/6983193 (64.6982%)
entry 4521000/6983193 (64.7412%)
entry 4529000/6983193 (64.8557%)
entry 4532000/6983193 (64.8987%)
entry 4538000/6983193 (64.9846%)
entry 4545000/6983193 (65.0848%)
entry 4550000/6983193 (65.1564%)
entry 4554000/6983193 (65.2137%)
entry 4558000/6983193 (65.271%)
entry 4559000/6983193 (65.2853%)
entry 4562000/6983193 (65.3283%)
entry 4563000/6983193 (65.3426%)
entry 4570000/6983193 (65.4428%)
entry 4572000/6983193 (65.4715%)
entry 4574000/6983193 (65.5001%)
entry 4581000/6983193 (65.6004%)
entry 4582000/6983193 (65.6147%)
entry 4586000/6983193 (65.672%)
entry 4588000/6983193 (65.7006%)
entry 4589000/6983193 (65.7149%)
entry 4603000/6983193 (65.9154%)
entry 4608000/6983193 (65.987%)
entry 4609000/6983193 (66.0013%)
entry 4615000/6983193 (66.0872%)
entry 4617000/6983193 (66.1159%)
entry 4620000/6983193 (66.1588%)
entry 4623000/6983193 (66.2018%)
entry 4626000/6983193 (66.2448%)
entry 4629000/6983193 (66.2877%)
entry 4633000/6983193 (66.345%)
entry 4635000/6983193 (66.3736%)
entry 4636000/6983193 (66.388%)
entry 4637000/6983193 (66.4023%)
entry 4638000/6983193 (66.4166%)
entry 4645000/6983193 (66.5169%)
entry 4646000/6983193 (66.5312%)
entry 4648000/6983193 (66.5598%)
entry 4651000/6983193 (66.6028%)
entry 4653000/6983193 (66.6314%)
entry 4654000/6983193 (66.6457%)
entry 4655000/6983193 (66.6601%)
entry 4660000/6983193 (66.7316%)
entry 4661000/6983193 (66.746%)
entry 4662000/6983193 (66.7603%)
entry 4664000/6983193 (66.7889%)
entry 4666000/6983193 (66.8176%)
entry 4667000/6983193 (66.8319%)
entry 4674000/6983193 (66.9321%)
entry 4678000/6983193 (66.9894%)
entry 4679000/6983193 (67.0037%)
entry 4680000/6983193 (67.0181%)
entry 4681000/6983193 (67.0324%)
entry 4685000/6983193 (67.0897%)
entry 4687000/6983193 (67.1183%)
entry 4688000/6983193 (67.1326%)
entry 4689000/6983193 (67.1469%)
entry 4690000/6983193 (67.1613%)
entry 4695000/6983193 (67.2329%)
entry 4701000/6983193 (67.3188%)
entry 4706000/6983193 (67.3904%)
entry 4708000/6983193 (67.419%)
entry 4717000/6983193 (67.5479%)
entry 4719000/6983193 (67.5765%)
entry 4727000/6983193 (67.6911%)
entry 4729000/6983193 (67.7197%)
entry 4737000/6983193 (67.8343%)
entry 4738000/6983193 (67.8486%)
entry 4741000/6983193 (67.8916%)
entry 4747000/6983193 (67.9775%)
entry 4751000/6983193 (68.0348%)
entry 4752000/6983193 (68.0491%)
entry 4760000/6983193 (68.1637%)
entry 4764000/6983193 (68.2209%)
entry 4766000/6983193 (68.2496%)
entry 4770000/6983193 (68.3069%)
entry 4771000/6983193 (68.3212%)
entry 4772000/6983193 (68.3355%)
entry 4774000/6983193 (68.3641%)
entry 4776000/6983193 (68.3928%)
entry 4778000/6983193 (68.4214%)
entry 4781000/6983193 (68.4644%)
entry 4783000/6983193 (68.493%)
entry 4784000/6983193 (68.5073%)
entry 4785000/6983193 (68.5217%)
entry 4786000/6983193 (68.536%)
entry 4791000/6983193 (68.6076%)
entry 4792000/6983193 (68.6219%)
entry 4793000/6983193 (68.6362%)
entry 4794000/6983193 (68.6505%)
entry 4795000/6983193 (68.6649%)
entry 4800000/6983193 (68.7365%)
entry 4803000/6983193 (68.7794%)
entry 4812000/6983193 (68.9083%)
entry 4813000/6983193 (68.9226%)
entry 4815000/6983193 (68.9513%)
entry 4821000/6983193 (69.0372%)
entry 4827000/6983193 (69.1231%)
entry 4838000/6983193 (69.2806%)
entry 4839000/6983193 (69.2949%)
entry 4843000/6983193 (69.3522%)
entry 4844000/6983193 (69.3666%)
entry 4847000/6983193 (69.4095%)
entry 4849000/6983193 (69.4381%)
entry 4853000/6983193 (69.4954%)
entry 4857000/6983193 (69.5527%)
entry 4858000/6983193 (69.567%)
entry 4860000/6983193 (69.5957%)
entry 4861000/6983193 (69.61%)
entry 4863000/6983193 (69.6386%)
entry 4866000/6983193 (69.6816%)
entry 4871000/6983193 (69.7532%)
entry 4875000/6983193 (69.8105%)
entry 4877000/6983193 (69.8391%)
entry 4881000/6983193 (69.8964%)
entry 4883000/6983193 (69.925%)
entry 4885000/6983193 (69.9537%)
entry 4886000/6983193 (69.968%)
entry 4892000/6983193 (70.0539%)
entry 4893000/6983193 (70.0682%)
entry 4895000/6983193 (70.0969%)
entry 4899000/6983193 (70.1542%)
entry 4904000/6983193 (70.2258%)
entry 4907000/6983193 (70.2687%)
entry 4908000/6983193 (70.283%)
entry 4909000/6983193 (70.2974%)
entry 4912000/6983193 (70.3403%)
entry 4914000/6983193 (70.369%)
entry 4915000/6983193 (70.3833%)
entry 4916000/6983193 (70.3976%)
entry 4921000/6983193 (70.4692%)
entry 4923000/6983193 (70.4978%)
entry 4927000/6983193 (70.5551%)
entry 4928000/6983193 (70.5694%)
entry 4934000/6983193 (70.6554%)
entry 4937000/6983193 (70.6983%)
entry 4939000/6983193 (70.727%)
entry 4944000/6983193 (70.7986%)
entry 4948000/6983193 (70.8558%)
entry 4950000/6983193 (70.8845%)
entry 4951000/6983193 (70.8988%)
entry 4953000/6983193 (70.9274%)
entry 4954000/6983193 (70.9418%)
entry 4955000/6983193 (70.9561%)
entry 4957000/6983193 (70.9847%)
entry 4959000/6983193 (71.0134%)
entry 4960000/6983193 (71.0277%)
entry 4962000/6983193 (71.0563%)
entry 4967000/6983193 (71.1279%)
entry 4972000/6983193 (71.1995%)
entry 4979000/6983193 (71.2998%)
entry 4980000/6983193 (71.3141%)
entry 4981000/6983193 (71.3284%)
entry 4988000/6983193 (71.4286%)
entry 4990000/6983193 (71.4573%)
entry 4994000/6983193 (71.5146%)
entry 4995000/6983193 (71.5289%)
entry 4996000/6983193 (71.5432%)
entry 4997000/6983193 (71.5575%)
entry 4998000/6983193 (71.5718%)
entry 5001000/6983193 (71.6148%)
entry 5004000/6983193 (71.6578%)
entry 5008000/6983193 (71.715%)
entry 5011000/6983193 (71.758%)
entry 5012000/6983193 (71.7723%)
entry 5013000/6983193 (71.7866%)
entry 5015000/6983193 (71.8153%)
entry 5016000/6983193 (71.8296%)
entry 5020000/6983193 (71.8869%)
entry 5022000/6983193 (71.9155%)
entry 5023000/6983193 (71.9298%)
entry 5026000/6983193 (71.9728%)
entry 5029000/6983193 (72.0158%)
entry 5031000/6983193 (72.0444%)
entry 5032000/6983193 (72.0587%)
entry 5034000/6983193 (72.0874%)
entry 5035000/6983193 (72.1017%)
entry 5037000/6983193 (72.1303%)
entry 5038000/6983193 (72.1446%)
entry 5046000/6983193 (72.2592%)
entry 5047000/6983193 (72.2735%)
entry 5048000/6983193 (72.2879%)
entry 5060000/6983193 (72.4597%)
entry 5065000/6983193 (72.5313%)
entry 5071000/6983193 (72.6172%)
entry 5072000/6983193 (72.6315%)
entry 5073000/6983193 (72.6458%)
entry 5076000/6983193 (72.6888%)
entry 5081000/6983193 (72.7604%)
entry 5085000/6983193 (72.8177%)
entry 5086000/6983193 (72.832%)
entry 5088000/6983193 (72.8607%)
entry 5089000/6983193 (72.875%)
entry 5099000/6983193 (73.0182%)
entry 5100000/6983193 (73.0325%)
entry 5104000/6983193 (73.0898%)
entry 5109000/6983193 (73.1614%)
entry 5113000/6983193 (73.2187%)
entry 5114000/6983193 (73.233%)
entry 5115000/6983193 (73.2473%)
entry 5116000/6983193 (73.2616%)
entry 5117000/6983193 (73.2759%)
entry 5118000/6983193 (73.2903%)
entry 5119000/6983193 (73.3046%)
entry 5128000/6983193 (73.4335%)
entry 5132000/6983193 (73.4907%)
entry 5136000/6983193 (73.548%)
entry 5139000/6983193 (73.591%)
entry 5142000/6983193 (73.6339%)
entry 5146000/6983193 (73.6912%)
entry 5157000/6983193 (73.8487%)
entry 5158000/6983193 (73.8631%)
entry 5159000/6983193 (73.8774%)
entry 5161000/6983193 (73.906%)
entry 5162000/6983193 (73.9203%)
entry 5165000/6983193 (73.9633%)
entry 5167000/6983193 (73.9919%)
entry 5168000/6983193 (74.0063%)
entry 5169000/6983193 (74.0206%)
entry 5171000/6983193 (74.0492%)
entry 5174000/6983193 (74.0922%)
entry 5177000/6983193 (74.1351%)
entry 5178000/6983193 (74.1495%)
entry 5183000/6983193 (74.2211%)
entry 5188000/6983193 (74.2927%)
entry 5190000/6983193 (74.3213%)
entry 5192000/6983193 (74.3499%)
entry 5196000/6983193 (74.4072%)
entry 5198000/6983193 (74.4359%)
entry 5201000/6983193 (74.4788%)
entry 5202000/6983193 (74.4931%)
entry 5203000/6983193 (74.5075%)
entry 5204000/6983193 (74.5218%)
entry 5205000/6983193 (74.5361%)
entry 5207000/6983193 (74.5647%)
entry 5209000/6983193 (74.5934%)
entry 5211000/6983193 (74.622%)
entry 5217000/6983193 (74.7079%)
entry 5224000/6983193 (74.8082%)
entry 5228000/6983193 (74.8655%)
entry 5232000/6983193 (74.9227%)
entry 5237000/6983193 (74.9943%)
entry 5239000/6983193 (75.023%)
entry 5245000/6983193 (75.1089%)
entry 5250000/6983193 (75.1805%)
entry 5251000/6983193 (75.1948%)
entry 5254000/6983193 (75.2378%)
entry 5255000/6983193 (75.2521%)
entry 5264000/6983193 (75.381%)
entry 5272000/6983193 (75.4956%)
entry 5274000/6983193 (75.5242%)
entry 5277000/6983193 (75.5672%)
entry 5281000/6983193 (75.6244%)
entry 5292000/6983193 (75.782%)
entry 5293000/6983193 (75.7963%)
entry 5296000/6983193 (75.8392%)
entry 5298000/6983193 (75.8679%)
entry 5300000/6983193 (75.8965%)
entry 5304000/6983193 (75.9538%)
entry 5305000/6983193 (75.9681%)
entry 5308000/6983193 (76.0111%)
entry 5309000/6983193 (76.0254%)
entry 5312000/6983193 (76.0684%)
entry 5313000/6983193 (76.0827%)
entry 5314000/6983193 (76.097%)
entry 5316000/6983193 (76.1256%)
entry 5317000/6983193 (76.14%)
entry 5320000/6983193 (76.1829%)
entry 5322000/6983193 (76.2116%)
entry 5323000/6983193 (76.2259%)
entry 5324000/6983193 (76.2402%)
entry 5327000/6983193 (76.2832%)
entry 5331000/6983193 (76.3404%)
entry 5334000/6983193 (76.3834%)
entry 5335000/6983193 (76.3977%)
entry 5339000/6983193 (76.455%)
entry 5347000/6983193 (76.5696%)
entry 5353000/6983193 (76.6555%)
entry 5355000/6983193 (76.6841%)
entry 5362000/6983193 (76.7844%)
entry 5363000/6983193 (76.7987%)
entry 5364000/6983193 (76.813%)
entry 5371000/6983193 (76.9132%)
entry 5375000/6983193 (76.9705%)
entry 5376000/6983193 (76.9848%)
entry 5377000/6983193 (76.9992%)
entry 5380000/6983193 (77.0421%)
entry 5385000/6983193 (77.1137%)
entry 5389000/6983193 (77.171%)
entry 5393000/6983193 (77.2283%)
entry 5395000/6983193 (77.2569%)
entry 5396000/6983193 (77.2712%)
entry 5399000/6983193 (77.3142%)
entry 5402000/6983193 (77.3572%)
entry 5406000/6983193 (77.4144%)
entry 5408000/6983193 (77.4431%)
entry 5414000/6983193 (77.529%)
entry 5420000/6983193 (77.6149%)
entry 5421000/6983193 (77.6292%)
entry 5425000/6983193 (77.6865%)
entry 5428000/6983193 (77.7295%)
entry 5429000/6983193 (77.7438%)
entry 5430000/6983193 (77.7581%)
entry 5433000/6983193 (77.8011%)
entry 5434000/6983193 (77.8154%)
entry 5435000/6983193 (77.8297%)
entry 5436000/6983193 (77.844%)
entry 5440000/6983193 (77.9013%)
entry 5442000/6983193 (77.93%)
entry 5447000/6983193 (78.0016%)
entry 5449000/6983193 (78.0302%)
entry 5450000/6983193 (78.0445%)
entry 5453000/6983193 (78.0875%)
entry 5456000/6983193 (78.1304%)
entry 5458000/6983193 (78.1591%)
entry 5463000/6983193 (78.2307%)
entry 5464000/6983193 (78.245%)
entry 5465000/6983193 (78.2593%)
entry 5466000/6983193 (78.2736%)
entry 5467000/6983193 (78.288%)
entry 5468000/6983193 (78.3023%)
entry 5470000/6983193 (78.3309%)
entry 5474000/6983193 (78.3882%)
entry 5476000/6983193 (78.4168%)
entry 5479000/6983193 (78.4598%)
entry 5488000/6983193 (78.5887%)
entry 5494000/6983193 (78.6746%)
entry 5505000/6983193 (78.8321%)
entry 5511000/6983193 (78.9181%)
entry 5514000/6983193 (78.961%)
entry 5518000/6983193 (79.0183%)
entry 5521000/6983193 (79.0613%)
entry 5523000/6983193 (79.0899%)
entry 5525000/6983193 (79.1185%)
entry 5527000/6983193 (79.1472%)
entry 5529000/6983193 (79.1758%)
entry 5530000/6983193 (79.1901%)
entry 5535000/6983193 (79.2617%)
entry 5536000/6983193 (79.2761%)
entry 5537000/6983193 (79.2904%)
entry 5542000/6983193 (79.362%)
entry 5543000/6983193 (79.3763%)
entry 5544000/6983193 (79.3906%)
entry 5546000/6983193 (79.4193%)
entry 5548000/6983193 (79.4479%)
entry 5549000/6983193 (79.4622%)
entry 5550000/6983193 (79.4765%)
entry 5554000/6983193 (79.5338%)
entry 5556000/6983193 (79.5625%)
entry 5558000/6983193 (79.5911%)
entry 5560000/6983193 (79.6197%)
entry 5566000/6983193 (79.7057%)
entry 5567000/6983193 (79.72%)
entry 5570000/6983193 (79.7629%)
entry 5571000/6983193 (79.7773%)
entry 5572000/6983193 (79.7916%)
entry 5575000/6983193 (79.8345%)
entry 5580000/6983193 (79.9061%)
entry 5582000/6983193 (79.9348%)
entry 5585000/6983193 (79.9777%)
entry 5591000/6983193 (80.0637%)
entry 5592000/6983193 (80.078%)
entry 5595000/6983193 (80.1209%)
entry 5597000/6983193 (80.1496%)
entry 5599000/6983193 (80.1782%)
entry 5601000/6983193 (80.2069%)
entry 5605000/6983193 (80.2641%)
entry 5612000/6983193 (80.3644%)
entry 5613000/6983193 (80.3787%)
entry 5615000/6983193 (80.4073%)
entry 5617000/6983193 (80.436%)
entry 5618000/6983193 (80.4503%)
entry 5625000/6983193 (80.5505%)
entry 5632000/6983193 (80.6508%)
entry 5633000/6983193 (80.6651%)
entry 5635000/6983193 (80.6937%)
entry 5643000/6983193 (80.8083%)
entry 5649000/6983193 (80.8942%)
entry 5650000/6983193 (80.9085%)
entry 5651000/6983193 (80.9229%)
entry 5654000/6983193 (80.9658%)
entry 5657000/6983193 (81.0088%)
entry 5659000/6983193 (81.0374%)
entry 5660000/6983193 (81.0517%)
entry 5661000/6983193 (81.0661%)
entry 5664000/6983193 (81.109%)
entry 5671000/6983193 (81.2093%)
entry 5672000/6983193 (81.2236%)
entry 5677000/6983193 (81.2952%)
entry 5680000/6983193 (81.3381%)
entry 5690000/6983193 (81.4813%)
entry 5691000/6983193 (81.4957%)
entry 5697000/6983193 (81.5816%)
entry 5698000/6983193 (81.5959%)
entry 5701000/6983193 (81.6389%)
entry 5703000/6983193 (81.6675%)
entry 5704000/6983193 (81.6818%)
entry 5706000/6983193 (81.7105%)
entry 5707000/6983193 (81.7248%)
entry 5708000/6983193 (81.7391%)
entry 5711000/6983193 (81.7821%)
entry 5712000/6983193 (81.7964%)
entry 5713000/6983193 (81.8107%)
entry 5715000/6983193 (81.8394%)
entry 5717000/6983193 (81.868%)
entry 5719000/6983193 (81.8966%)
entry 5724000/6983193 (81.9682%)
entry 5730000/6983193 (82.0542%)
entry 5731000/6983193 (82.0685%)
entry 5734000/6983193 (82.1114%)
entry 5735000/6983193 (82.1258%)
entry 5736000/6983193 (82.1401%)
entry 5737000/6983193 (82.1544%)
entry 5740000/6983193 (82.1974%)
entry 5741000/6983193 (82.2117%)
entry 5746000/6983193 (82.2833%)
entry 5748000/6983193 (82.3119%)
entry 5751000/6983193 (82.3549%)
entry 5752000/6983193 (82.3692%)
entry 5753000/6983193 (82.3835%)
entry 5755000/6983193 (82.4122%)
entry 5757000/6983193 (82.4408%)
entry 5760000/6983193 (82.4838%)
entry 5770000/6983193 (82.627%)
entry 5771000/6983193 (82.6413%)
entry 5774000/6983193 (82.6842%)
entry 5775000/6983193 (82.6986%)
entry 5779000/6983193 (82.7558%)
entry 5784000/6983193 (82.8274%)
entry 5787000/6983193 (82.8704%)
entry 5789000/6983193 (82.899%)
entry 5790000/6983193 (82.9134%)
entry 5797000/6983193 (83.0136%)
entry 5800000/6983193 (83.0566%)
entry 5809000/6983193 (83.1854%)
entry 5814000/6983193 (83.257%)
entry 5815000/6983193 (83.2714%)
entry 5818000/6983193 (83.3143%)
entry 5821000/6983193 (83.3573%)
entry 5832000/6983193 (83.5148%)
entry 5833000/6983193 (83.5291%)
entry 5839000/6983193 (83.615%)
entry 5840000/6983193 (83.6294%)
entry 5845000/6983193 (83.701%)
entry 5846000/6983193 (83.7153%)
entry 5856000/6983193 (83.8585%)
entry 5859000/6983193 (83.9014%)
entry 5861000/6983193 (83.9301%)
entry 5869000/6983193 (84.0446%)
entry 5870000/6983193 (84.059%)
entry 5871000/6983193 (84.0733%)
entry 5874000/6983193 (84.1163%)
entry 5875000/6983193 (84.1306%)
entry 5881000/6983193 (84.2165%)
entry 5888000/6983193 (84.3167%)
entry 5890000/6983193 (84.3454%)
entry 5894000/6983193 (84.4027%)
entry 5896000/6983193 (84.4313%)
entry 5897000/6983193 (84.4456%)
entry 5901000/6983193 (84.5029%)
entry 5902000/6983193 (84.5172%)
entry 5907000/6983193 (84.5888%)
entry 5909000/6983193 (84.6175%)
entry 5911000/6983193 (84.6461%)
entry 5912000/6983193 (84.6604%)
entry 5914000/6983193 (84.6891%)
entry 5923000/6983193 (84.8179%)
entry 5926000/6983193 (84.8609%)
entry 5930000/6983193 (84.9182%)
entry 5933000/6983193 (84.9611%)
entry 5936000/6983193 (85.0041%)
entry 5937000/6983193 (85.0184%)
entry 5940000/6983193 (85.0614%)
entry 5943000/6983193 (85.1043%)
entry 5945000/6983193 (85.133%)
entry 5948000/6983193 (85.1759%)
entry 5949000/6983193 (85.1903%)
entry 5950000/6983193 (85.2046%)
entry 5954000/6983193 (85.2619%)
entry 5955000/6983193 (85.2762%)
entry 5957000/6983193 (85.3048%)
entry 5958000/6983193 (85.3191%)
entry 5959000/6983193 (85.3335%)
entry 5961000/6983193 (85.3621%)
entry 5962000/6983193 (85.3764%)
entry 5963000/6983193 (85.3907%)
entry 5964000/6983193 (85.4051%)
entry 5969000/6983193 (85.4767%)
entry 5976000/6983193 (85.5769%)
entry 5978000/6983193 (85.6055%)
entry 5985000/6983193 (85.7058%)
entry 5988000/6983193 (85.7487%)
entry 5991000/6983193 (85.7917%)
entry 6001000/6983193 (85.9349%)
entry 6003000/6983193 (85.9635%)
entry 6008000/6983193 (86.0351%)
entry 6011000/6983193 (86.0781%)
entry 6013000/6983193 (86.1067%)
entry 6017000/6983193 (86.164%)
entry 6018000/6983193 (86.1783%)
entry 6021000/6983193 (86.2213%)
entry 6026000/6983193 (86.2929%)
entry 6029000/6983193 (86.3359%)
entry 6031000/6983193 (86.3645%)
entry 6034000/6983193 (86.4075%)
entry 6035000/6983193 (86.4218%)
entry 6036000/6983193 (86.4361%)
entry 6039000/6983193 (86.4791%)
entry 6043000/6983193 (86.5363%)
entry 6045000/6983193 (86.565%)
entry 6048000/6983193 (86.6079%)
entry 6049000/6983193 (86.6223%)
entry 6052000/6983193 (86.6652%)
entry 6053000/6983193 (86.6795%)
entry 6054000/6983193 (86.6939%)
entry 6055000/6983193 (86.7082%)
entry 6056000/6983193 (86.7225%)
entry 6060000/6983193 (86.7798%)
entry 6064000/6983193 (86.8371%)
entry 6066000/6983193 (86.8657%)
entry 6067000/6983193 (86.88%)
entry 6068000/6983193 (86.8943%)
entry 6077000/6983193 (87.0232%)
entry 6085000/6983193 (87.1378%)
entry 6086000/6983193 (87.1521%)
entry 6089000/6983193 (87.1951%)
entry 6096000/6983193 (87.2953%)
entry 6098000/6983193 (87.324%)
entry 6101000/6983193 (87.3669%)
entry 6103000/6983193 (87.3955%)
entry 6105000/6983193 (87.4242%)
entry 6108000/6983193 (87.4672%)
entry 6109000/6983193 (87.4815%)
entry 6116000/6983193 (87.5817%)
entry 6121000/6983193 (87.6533%)
entry 6123000/6983193 (87.682%)
entry 6126000/6983193 (87.7249%)
entry 6136000/6983193 (87.8681%)
entry 6138000/6983193 (87.8968%)
entry 6139000/6983193 (87.9111%)
entry 6141000/6983193 (87.9397%)
entry 6143000/6983193 (87.9684%)
entry 6148000/6983193 (88.04%)
entry 6151000/6983193 (88.0829%)
entry 6153000/6983193 (88.1116%)
entry 6155000/6983193 (88.1402%)
entry 6158000/6983193 (88.1832%)
entry 6162000/6983193 (88.2404%)
entry 6164000/6983193 (88.2691%)
entry 6168000/6983193 (88.3264%)
entry 6169000/6983193 (88.3407%)
entry 6175000/6983193 (88.4266%)
entry 6177000/6983193 (88.4552%)
entry 6179000/6983193 (88.4839%)
entry 6182000/6983193 (88.5268%)
entry 6185000/6983193 (88.5698%)
entry 6189000/6983193 (88.6271%)
entry 6190000/6983193 (88.6414%)
entry 6193000/6983193 (88.6844%)
entry 6194000/6983193 (88.6987%)
entry 6195000/6983193 (88.713%)
entry 6200000/6983193 (88.7846%)
entry 6203000/6983193 (88.8276%)
entry 6204000/6983193 (88.8419%)
entry 6206000/6983193 (88.8705%)
entry 6207000/6983193 (88.8848%)
entry 6212000/6983193 (88.9564%)
entry 6216000/6983193 (89.0137%)
entry 6217000/6983193 (89.028%)
entry 6219000/6983193 (89.0567%)
entry 6221000/6983193 (89.0853%)
entry 6223000/6983193 (89.114%)
entry 6225000/6983193 (89.1426%)
entry 6232000/6983193 (89.2428%)
entry 6236000/6983193 (89.3001%)
entry 6238000/6983193 (89.3288%)
entry 6239000/6983193 (89.3431%)
entry 6244000/6983193 (89.4147%)
entry 6247000/6983193 (89.4576%)
entry 6248000/6983193 (89.472%)
entry 6250000/6983193 (89.5006%)
entry 6259000/6983193 (89.6295%)
entry 6261000/6983193 (89.6581%)
entry 6263000/6983193 (89.6868%)
entry 6264000/6983193 (89.7011%)
entry 6267000/6983193 (89.744%)
entry 6268000/6983193 (89.7584%)
entry 6269000/6983193 (89.7727%)
entry 6270000/6983193 (89.787%)
entry 6275000/6983193 (89.8586%)
entry 6284000/6983193 (89.9875%)
entry 6292000/6983193 (90.102%)
entry 6296000/6983193 (90.1593%)
entry 6301000/6983193 (90.2309%)
entry 6311000/6983193 (90.3741%)
entry 6317000/6983193 (90.4601%)
entry 6318000/6983193 (90.4744%)
entry 6327000/6983193 (90.6033%)
entry 6328000/6983193 (90.6176%)
entry 6330000/6983193 (90.6462%)
entry 6331000/6983193 (90.6605%)
entry 6334000/6983193 (90.7035%)
entry 6339000/6983193 (90.7751%)
entry 6346000/6983193 (90.8753%)
entry 6353000/6983193 (90.9756%)
entry 6356000/6983193 (91.0185%)
entry 6357000/6983193 (91.0329%)
entry 6359000/6983193 (91.0615%)
entry 6361000/6983193 (91.0901%)
entry 6362000/6983193 (91.1045%)
entry 6363000/6983193 (91.1188%)
entry 6365000/6983193 (91.1474%)
entry 6368000/6983193 (91.1904%)
entry 6374000/6983193 (91.2763%)
entry 6375000/6983193 (91.2906%)
entry 6376000/6983193 (91.3049%)
entry 6381000/6983193 (91.3765%)
entry 6382000/6983193 (91.3909%)
entry 6383000/6983193 (91.4052%)
entry 6389000/6983193 (91.4911%)
entry 6390000/6983193 (91.5054%)
entry 6394000/6983193 (91.5627%)
entry 6396000/6983193 (91.5913%)
entry 6397000/6983193 (91.6057%)
entry 6402000/6983193 (91.6773%)
entry 6409000/6983193 (91.7775%)
entry 6412000/6983193 (91.8205%)
entry 6413000/6983193 (91.8348%)
entry 6418000/6983193 (91.9064%)
entry 6426000/6983193 (92.0209%)
entry 6427000/6983193 (92.0353%)
entry 6430000/6983193 (92.0782%)
entry 6434000/6983193 (92.1355%)
entry 6437000/6983193 (92.1785%)
entry 6438000/6983193 (92.1928%)
entry 6439000/6983193 (92.2071%)
entry 6441000/6983193 (92.2357%)
entry 6447000/6983193 (92.3217%)
entry 6460000/6983193 (92.5078%)
entry 6462000/6983193 (92.5365%)
entry 6463000/6983193 (92.5508%)
entry 6466000/6983193 (92.5937%)
entry 6470000/6983193 (92.651%)
entry 6473000/6983193 (92.694%)
entry 6474000/6983193 (92.7083%)
entry 6477000/6983193 (92.7513%)
entry 6481000/6983193 (92.8085%)
entry 6485000/6983193 (92.8658%)
entry 6486000/6983193 (92.8801%)
entry 6493000/6983193 (92.9804%)
entry 6494000/6983193 (92.9947%)
entry 6498000/6983193 (93.052%)
entry 6499000/6983193 (93.0663%)
entry 6503000/6983193 (93.1236%)
entry 6505000/6983193 (93.1522%)
entry 6507000/6983193 (93.1809%)
entry 6510000/6983193 (93.2238%)
entry 6512000/6983193 (93.2525%)
entry 6515000/6983193 (93.2954%)
entry 6522000/6983193 (93.3957%)
entry 6523000/6983193 (93.41%)
entry 6524000/6983193 (93.4243%)
entry 6527000/6983193 (93.4673%)
entry 6529000/6983193 (93.4959%)
entry 6535000/6983193 (93.5818%)
entry 6537000/6983193 (93.6105%)
entry 6542000/6983193 (93.6821%)
entry 6546000/6983193 (93.7394%)
entry 6549000/6983193 (93.7823%)
entry 6551000/6983193 (93.811%)
entry 6553000/6983193 (93.8396%)
entry 6554000/6983193 (93.8539%)
entry 6555000/6983193 (93.8682%)
entry 6561000/6983193 (93.9542%)
entry 6563000/6983193 (93.9828%)
entry 6564000/6983193 (93.9971%)
entry 6569000/6983193 (94.0687%)
entry 6571000/6983193 (94.0974%)
entry 6576000/6983193 (94.169%)
entry 6578000/6983193 (94.1976%)
entry 6587000/6983193 (94.3265%)
entry 6590000/6983193 (94.3694%)
entry 6596000/6983193 (94.4554%)
entry 6597000/6983193 (94.4697%)
entry 6599000/6983193 (94.4983%)
entry 6601000/6983193 (94.527%)
entry 6602000/6983193 (94.5413%)
entry 6604000/6983193 (94.5699%)
entry 6608000/6983193 (94.6272%)
entry 6610000/6983193 (94.6558%)
entry 6611000/6983193 (94.6702%)
entry 6612000/6983193 (94.6845%)
entry 6614000/6983193 (94.7131%)
entry 6617000/6983193 (94.7561%)
entry 6619000/6983193 (94.7847%)
entry 6627000/6983193 (94.8993%)
entry 6630000/6983193 (94.9422%)
entry 6636000/6983193 (95.0282%)
entry 6638000/6983193 (95.0568%)
entry 6642000/6983193 (95.1141%)
entry 6645000/6983193 (95.157%)
entry 6646000/6983193 (95.1714%)
entry 6648000/6983193 (95.2%)
entry 6650000/6983193 (95.2286%)
entry 6660000/6983193 (95.3718%)
entry 6661000/6983193 (95.3862%)
entry 6664000/6983193 (95.4291%)
entry 6670000/6983193 (95.515%)
entry 6671000/6983193 (95.5294%)
entry 6672000/6983193 (95.5437%)
entry 6675000/6983193 (95.5866%)
entry 6683000/6983193 (95.7012%)
entry 6684000/6983193 (95.7155%)
entry 6698000/6983193 (95.916%)
entry 6702000/6983193 (95.9733%)
entry 6704000/6983193 (96.0019%)
entry 6707000/6983193 (96.0449%)
entry 6708000/6983193 (96.0592%)
entry 6709000/6983193 (96.0735%)
entry 6712000/6983193 (96.1165%)
entry 6714000/6983193 (96.1451%)
entry 6717000/6983193 (96.1881%)
entry 6721000/6983193 (96.2454%)
entry 6725000/6983193 (96.3027%)
entry 6728000/6983193 (96.3456%)
entry 6730000/6983193 (96.3742%)
entry 6731000/6983193 (96.3886%)
entry 6735000/6983193 (96.4459%)
entry 6736000/6983193 (96.4602%)
entry 6738000/6983193 (96.4888%)
entry 6740000/6983193 (96.5175%)
entry 6741000/6983193 (96.5318%)
entry 6742000/6983193 (96.5461%)
entry 6746000/6983193 (96.6034%)
entry 6752000/6983193 (96.6893%)
entry 6756000/6983193 (96.7466%)
entry 6759000/6983193 (96.7895%)
entry 6761000/6983193 (96.8182%)
entry 6765000/6983193 (96.8755%)
entry 6768000/6983193 (96.9184%)
entry 6769000/6983193 (96.9327%)
entry 6771000/6983193 (96.9614%)
entry 6772000/6983193 (96.9757%)
entry 6775000/6983193 (97.0187%)
entry 6776000/6983193 (97.033%)
entry 6782000/6983193 (97.1189%)
entry 6785000/6983193 (97.1619%)
entry 6786000/6983193 (97.1762%)
entry 6792000/6983193 (97.2621%)
entry 6794000/6983193 (97.2907%)
entry 6796000/6983193 (97.3194%)
entry 6798000/6983193 (97.348%)
entry 6800000/6983193 (97.3767%)
entry 6802000/6983193 (97.4053%)
entry 6803000/6983193 (97.4196%)
entry 6807000/6983193 (97.4769%)
entry 6809000/6983193 (97.5055%)
entry 6810000/6983193 (97.5199%)
entry 6816000/6983193 (97.6058%)
entry 6820000/6983193 (97.6631%)
entry 6829000/6983193 (97.7919%)
entry 6830000/6983193 (97.8063%)
entry 6832000/6983193 (97.8349%)
entry 6838000/6983193 (97.9208%)
entry 6840000/6983193 (97.9495%)
entry 6841000/6983193 (97.9638%)
entry 6844000/6983193 (98.0067%)
entry 6847000/6983193 (98.0497%)
entry 6849000/6983193 (98.0783%)
entry 6857000/6983193 (98.1929%)
entry 6858000/6983193 (98.2072%)
entry 6859000/6983193 (98.2215%)
entry 6864000/6983193 (98.2931%)
entry 6865000/6983193 (98.3075%)
entry 6870000/6983193 (98.3791%)
entry 6871000/6983193 (98.3934%)
entry 6872000/6983193 (98.4077%)
entry 6876000/6983193 (98.465%)
entry 6883000/6983193 (98.5652%)
entry 6892000/6983193 (98.6941%)
entry 6897000/6983193 (98.7657%)
entry 6898000/6983193 (98.78%)
entry 6899000/6983193 (98.7943%)
entry 6900000/6983193 (98.8087%)
entry 6902000/6983193 (98.8373%)
entry 6903000/6983193 (98.8516%)
entry 6911000/6983193 (98.9662%)
entry 6913000/6983193 (98.9948%)
entry 6918000/6983193 (99.0664%)
entry 6919000/6983193 (99.0807%)
entry 6923000/6983193 (99.138%)
entry 6928000/6983193 (99.2096%)
entry 6929000/6983193 (99.224%)
entry 6931000/6983193 (99.2526%)
entry 6932000/6983193 (99.2669%)
entry 6934000/6983193 (99.2956%)
entry 6935000/6983193 (99.3099%)
entry 6937000/6983193 (99.3385%)
entry 6940000/6983193 (99.3815%)
entry 6941000/6983193 (99.3958%)
entry 6942000/6983193 (99.4101%)
entry 6944000/6983193 (99.4388%)
entry 6947000/6983193 (99.4817%)
entry 6948000/6983193 (99.496%)
entry 6953000/6983193 (99.5676%)
entry 6955000/6983193 (99.5963%)
entry 6960000/6983193 (99.6679%)
entry 6967000/6983193 (99.7681%)
entry 6970000/6983193 (99.8111%)
entry 6974000/6983193 (99.8684%)
entry 6975000/6983193 (99.8827%)
entry 6977000/6983193 (99.9113%)
entry 6979000/6983193 (99.94%)
all done
script done
