sphnx1036.sdcc.bnl.gov
rsyncing from /gpfs/mnt/gpfs02/sphenix/user/samfred/run25/ppg11/histmaking
running: /gpfs/mnt/gpfs02/sphenix/user/samfred/run25/ppg11/histmaking/script_data.sh 49244
LD_LIBRARY_PATH now /sphenix/user/samfred/run25/install//lib:/cvmfs/sphenix.sdcc.bnl.gov/alma9.2-gcc-14.2.0/opt/sphenix/core/gcc/14.2.0-2f0a0/x86_64-el9/lib:/cvmfs/sphenix.sdcc.bnl.gov/alma9.2-gcc-14.2.0/opt/sphenix/core/gcc/14.2.0-2f0a0/x86_64-el9/lib64:/cvmfs/sphenix.sdcc.bnl.gov/alma9.2-gcc-14.2.0/opt/sphenix/core/binutils/2.40-acaab/x86_64-el9/lib:.:/cvmfs/sphenix.sdcc.bnl.gov/alma9.2-gcc-14.2.0/release/release_new/new.10/lib64:/cvmfs/sphenix.sdcc.bnl.gov/alma9.2-gcc-14.2.0/release/release_new/new.10/lib:/cvmfs/sphenix.sdcc.bnl.gov/alma9.2-gcc-14.2.0/opt/sphenix/utils/lib:/cvmfs/sphenix.sdcc.bnl.gov/alma9.2-gcc-14.2.0/opt/sphenix/core/lib:/cvmfs/sphenix.sdcc.bnl.gov/alma9.2-gcc-14.2.0/opt/sphenix/core/root-6.32.06/lib:/cvmfs/sphenix.sdcc.bnl.gov/alma9.2-gcc-14.2.0/opt/sphenix/core/geant4.10.07.p04/lib64:/cvmfs/sphenix.sdcc.bnl.gov/alma9.2-gcc-14.2.0/opt/sphenix/core/lhapdf-5.9.1/lib:/usr/local/lib64:/usr/lib64
PATH now /sphenix/user/samfred/run25/install//bin:/cvmfs/sphenix.sdcc.bnl.gov/alma9.2-gcc-14.2.0/opt/sphenix/core/gcc/14.2.0-2f0a0/x86_64-el9/bin:/cvmfs/sphenix.sdcc.bnl.gov/alma9.2-gcc-14.2.0/opt/sphenix/core/binutils/2.40-acaab/x86_64-el9/bin:.:/cvmfs/sphenix.sdcc.bnl.gov/alma9.2-gcc-14.2.0/release/release_new/new.10/bin:/cvmfs/sphenix.sdcc.bnl.gov/alma9.2-gcc-14.2.0/opt/sphenix/utils/bin:/cvmfs/sphenix.sdcc.bnl.gov/alma9.2-gcc-14.2.0/opt/sphenix/core/bin:/cvmfs/sphenix.sdcc.bnl.gov/alma9.2-gcc-14.2.0/opt/sphenix/core/root-6.32.06/bin:/cvmfs/sphenix.sdcc.bnl.gov/alma9.2-gcc-14.2.0/opt/sphenix/core/geant4.10.07.p04/bin:/usr/local/bin:/usr/bin:/usr/local/sbin:/usr/sbin
SINGULARITY_CACHEDIR=/home/condor/local/sphnx/execute/dir_252271
_CONDOR_CHIRP_CONFIG=/home/condor/local/sphnx/execute/dir_252271/.chirp.config
_CONDOR_JOB_IWD=/sphenix/user/samfred/run25/ppg11/histmaking
G4ENSDFSTATEDATA=/cvmfs/sphenix.sdcc.bnl.gov/alma9.2-gcc-14.2.0/opt/sphenix/core/geant4.10.07.p04/share/Geant4-10.7.4/data/G4ENSDFSTATE2.3
_CONDOR_MACHINE_AD=/home/condor/local/sphnx/execute/dir_252271/.machine.ad
ROOT_MAX_THREADS=1
NUMEXPR_NUM_THREADS=1
CUBACORES=1
_CHIRP_DELAYED_UPDATE_PREFIX=Chirp*
OMP_THREAD_LIMIT=1
G4PIIDATA=/cvmfs/sphenix.sdcc.bnl.gov/alma9.2-gcc-14.2.0/opt/sphenix/core/geant4.10.07.p04/share/Geant4-10.7.4/data/G4PII1.3
NO_AT_BRIDGE=1
_CONDOR_ANCESTOR_26135=26177:1756527008:2736685448
G4_MAIN=/cvmfs/sphenix.sdcc.bnl.gov/alma9.2-gcc-14.2.0/opt/sphenix/core/geant4.10.07.p04
COMPILER_PATH=/cvmfs/sphenix.sdcc.bnl.gov/alma9.2-gcc-14.2.0/opt/sphenix/core/gcc/14.2.0-2f0a0/x86_64-el9
ROOT_INCLUDE_PATH=./:/sphenix/user/samfred/run25/install//include:/sphenix/user/samfred/run25/install//include/caloana:/sphenix/user/samfred/run25/install//include/qa_centrality:/sphenix/user/samfred/run25/install//include/mbdana:/sphenix/user/samfred/run25/install//include/centrality:/sphenix/user/samfred/run25/install//include/Event:/cvmfs/sphenix.sdcc.bnl.gov/alma9.2-gcc-14.2.0/release/release_new/new.10/include:/cvmfs/sphenix.sdcc.bnl.gov/alma9.2-gcc-14.2.0/release/release_new/new.10/include:/cvmfs/sphenix.sdcc.bnl.gov/alma9.2-gcc-14.2.0/release/release_new/new.10/include/g4mbd:/cvmfs/sphenix.sdcc.bnl.gov/alma9.2-gcc-14.2.0/release/release_new/new.10/include/fmt:/cvmfs/sphenix.sdcc.bnl.gov/alma9.2-gcc-14.2.0/release/release_new/new.10/include/ffarawobjects:/cvmfs/sphenix.sdcc.bnl.gov/alma9.2-gcc-14.2.0/release/release_new/new.10/include/JSON:/cvmfs/sphenix.sdcc.bnl.gov/alma9.2-gcc-14.2.0/release/release_new/new.10/include/calotreegen:/cvmfs/sphenix.sdcc.bnl.gov/alma9.2-gcc-14.2.0/release/release_new/new.10/include/torch:/cvmfs/sphenix.sdcc.bnl.gov/alma9.2-gcc-14.2.0/release/release_new/new.10/include/g4detectors:/cvmfs/sphenix.sdcc.bnl.gov/alma9.2-gcc-14.2.0/release/release_new/new.10/include/kineto:/cvmfs/sphenix.sdcc.bnl.gov/alma9.2-gcc-14.2.0/release/release_new/new.10/include/g4decayer:/cvmfs/sphenix.sdcc.bnl.gov/alma9.2-gcc-14.2.0/release/release_new/new.10/include/kfparticleqa:/cvmfs/sphenix.sdcc.bnl.gov/alma9.2-gcc-14.2.0/release/release_new/new.10/include/phfield:/cvmfs/sphenix.sdcc.bnl.gov/alma9.2-gcc-14.2.0/release/release_new/new.10/include/LHAPDF:/cvmfs/sphenix.sdcc.bnl.gov/alma9.2-gcc-14.2.0/release/release_new/new.10/include/readdigitalcurrents:/cvmfs/sphenix.sdcc.bnl.gov/alma9.2-gcc-14.2.0/release/release_new/new.10/include/c10:/cvmfs/sphenix.sdcc.bnl.gov/alma9.2-gcc-14.2.0/release/release_new/new.10/include/calovalid:/cvmfs/sphenix.sdcc.bnl.gov/alma9.2-gcc-14.2.0/release/release_new/new.10/include/oneapi:/cvmfs/sphenix.sdcc.bnl.gov/alma9.2-gcc-14.2.0/release/release_new/new.10/include/DDCond:/cvmfs/sphenix.sdcc.bnl.gov/alma9.2-gcc-14.2.0/release/release_new/new.10/include/g4tracking:/cvmfs/sphenix.sdcc.bnl.gov/alma9.2-gcc-14.2.0/release/release_new/new.10/include/litecaloeval:/cvmfs/sphenix.sdcc.bnl.gov/alma9.2-gcc-14.2.0/release/release_new/new.10/include/g4intt:/cvmfs/sphenix.sdcc.bnl.gov/alma9.2-gcc-14.2.0/release/release_new/new.10/include/phool:/cvmfs/sphenix.sdcc.bnl.gov/alma9.2-gcc-14.2.0/release/release_new/new.10/include/boost:/cvmfs/sphenix.sdcc.bnl.gov/alma9.2-gcc-14.2.0/release/release_new/new.10/include/Pythia8Plugins:/cvmfs/sphenix.sdcc.bnl.gov/alma9.2-gcc-14.2.0/release/release_new/new.10/include/calib_emc_pi0:/cvmfs/sphenix.sdcc.bnl.gov/alma9.2-gcc-14.2.0/release/release_new/new.10/include/hijingflipafterburner:/cvmfs/sphenix.sdcc.bnl.gov/alma9.2-gcc-14.2.0/release/release_new/new.10/include/ffaobjects:/cvmfs/sphenix.sdcc.bnl.gov/alma9.2-gcc-14.2.0/release/release_new/new.10/include/EvtGenBase:/cvmfs/sphenix.sdcc.bnl.gov/alma9.2-gcc-14.2.0/release/release_new/new.10/include/flowafterburner:/cvmfs/sphenix.sdcc.bnl.gov/alma9.2-gcc-14.2.0/release/release_new/new.10/include/google:/cvmfs/sphenix.sdcc.bnl.gov/alma9.2-gcc-14.2.0/release/release_new/new.10/include/g4tpc:/cvmfs/sphenix.sdcc.bnl.gov/alma9.2-gcc-14.2.0/release/release_new/new.10/include/caffe2:/cvmfs/sphenix.sdcc.bnl.gov/alma9.2-gcc-14.2.0/release/release_new/new.10/include/EvtGenExternal:/cvmfs/sphenix.sdcc.bnl.gov/alma9.2-gcc-14.2.0/release/release_new/new.10/include/fp16:/cvmfs/sphenix.sdcc.bnl.gov/alma9.2-gcc-14.2.0/release/release_new/new.10/include/ffamodules:/cvmfs/sphenix.sdcc.bnl.gov/alma9.2-gcc-14.2.0/release/release_new/new.10/include/uspin:/cvmfs/sphenix.sdcc.bnl.gov/alma9.2-gcc-14.2.0/release/release_new/new.10/include/Herwig:/cvmfs/sphenix.sdcc.bnl.gov/alma9.2-gcc-14.2.0/release/release_new/new.10/include/genfitexp:/cvmfs/sphenix.sdcc.bnl.gov/alma9.2-gcc-14.2.0/release/release_new/new.10/include/XML:/cvmfs/sphenix.sdcc.bnl.gov/alma9.2-gcc-14.2.0/release/release_new/new.10/include/fbgemm:/cvmfs/sphenix.sdcc.bnl.gov/alma9.2-gcc-14.2.0/release/release_new/new.10/include/DDAlign:/cvmfs/sphenix.sdcc.bnl.gov/alma9.2-gcc-14.2.0/release/release_new/new.10/include/g4mvtx:/cvmfs/sphenix.sdcc.bnl.gov/alma9.2-gcc-14.2.0/release/release_new/new.10/include/kfparticle_sphenix:/cvmfs/sphenix.sdcc.bnl.gov/alma9.2-gcc-14.2.0/release/release_new/new.10/include/fun4all:/cvmfs/sphenix.sdcc.bnl.gov/alma9.2-gcc-14.2.0/release/release_new/new.10/include/intt:/cvmfs/sphenix.sdcc.bnl.gov/alma9.2-gcc-14.2.0/release/release_new/new.10/include/eventdisplay:/cvmfs/sphenix.sdcc.bnl.gov/alma9.2-gcc-14.2.0/release/release_new/new.10/include/EvtGen:/cvmfs/sphenix.sdcc.bnl.gov/alma9.2-gcc-14.2.0/release/release_new/new.10/include/Evaluator:/cvmfs/sphenix.sdcc.bnl.gov/alma9.2-gcc-14.2.0/release/release_new/new.10/include/tpc:/cvmfs/sphenix.sdcc.bnl.gov/alma9.2-gcc-14.2.0/release/release_new/new.10/include/GenFit:/cvmfs/sphenix.sdcc.bnl.gov/alma9.2-gcc-14.2.0/release/release_new/new.10/include/prototype4:/cvmfs/sphenix.sdcc.bnl.gov/alma9.2-gcc-14.2.0/release/release_new/new.10/include/caloembedding:/cvmfs/sphenix.sdcc.bnl.gov/alma9.2-gcc-14.2.0/release/release_new/new.10/include/EvtGenModels:/cvmfs/sphenix.sdcc.bnl.gov/alma9.2-gcc-14.2.0/release/release_new/new.10/include/fastjet:/cvmfs/sphenix.sdcc.bnl.gov/alma9.2-gcc-14.2.0/release/release_new/new.10/include/DDG4:/cvmfs/sphenix.sdcc.bnl.gov/alma9.2-gcc-14.2.0/release/release_new/new.10/include/mbd:/cvmfs/sphenix.sdcc.bnl.gov/alma9.2-gcc-14.2.0/release/release_new/new.10/include/tbb:/cvmfs/sphenix.sdcc.bnl.gov/alma9.2-gcc-14.2.0/release/release_new/new.10/include/phgeom:/cvmfs/sphenix.sdcc.bnl.gov/alma9.2-gcc-14.2.0/release/release_new/new.10/include/g4epd:/cvmfs/sphenix.sdcc.bnl.gov/alma9.2-gcc-14.2.0/release/release_new/new.10/include/oncal:/cvmfs/sphenix.sdcc.bnl.gov/alma9.2-gcc-14.2.0/release/release_new/new.10/include/pybind11:/cvmfs/sphenix.sdcc.bnl.gov/alma9.2-gcc-14.2.0/release/release_new/new.10/include/tpcdistgenerator:/cvmfs/sphenix.sdcc.bnl.gov/alma9.2-gcc-14.2.0/release/release_new/new.10/include/cdbobjects:/cvmfs/sphenix.sdcc.bnl.gov/alma9.2-gcc-14.2.0/release/release_new/new.10/include/g4micromegas:/cvmfs/sphenix.sdcc.bnl.gov/alma9.2-gcc-14.2.0/release/release_new/new.10/include/g4eval:/cvmfs/sphenix.sdcc.bnl.gov/alma9.2-gcc-14.2.0/release/release_new/new.10/include/jetbackground:/cvmfs/sphenix.sdcc.bnl.gov/alma9.2-gcc-14.2.0/release/release_new/new.10/include/micromegas:/cvmfs/sphenix.sdcc.bnl.gov/alma9.2-gcc-14.2.0/release/release_new/new.10/include/hftrackefficiency:/cvmfs/sphenix.sdcc.bnl.gov/alma9.2-gcc-14.2.0/release/release_new/new.10/include/inttrawhitqa:/cvmfs/sphenix.sdcc.bnl.gov/alma9.2-gcc-14.2.0/release/release_new/new.10/include/centrality:/cvmfs/sphenix.sdcc.bnl.gov/alma9.2-gcc-14.2.0/release/release_new/new.10/include/epd:/cvmfs/sphenix.sdcc.bnl.gov/alma9.2-gcc-14.2.0/release/release_new/new.10/include/caloreco:/cvmfs/sphenix.sdcc.bnl.gov/alma9.2-gcc-14.2.0/release/release_new/new.10/include/HepMC:/cvmfs/sphenix.sdcc.bnl.gov/alma9.2-gcc-14.2.0/release/release_new/new.10/include/CLHEP:/cvmfs/sphenix.sdcc.bnl.gov/alma9.2-gcc-14.2.0/release/release_new/new.10/include/Acts:/cvmfs/sphenix.sdcc.bnl.gov/alma9.2-gcc-14.2.0/release/release_new/new.10/include/g4histos:/cvmfs/sphenix.sdcc.bnl.gov/alma9.2-gcc-14.2.0/release/release_new/new.10/include/eventplaneinfo:/cvmfs/sphenix.sdcc.bnl.gov/alma9.2-gcc-14.2.0/release/release_new/new.10/include/fillspacechargemaps:/cvmfs/sphenix.sdcc.bnl.gov/alma9.2-gcc-14.2.0/release/release_new/new.10/include/phhepmc:/cvmfs/sphenix.sdcc.bnl.gov/alma9.2-gcc-14.2.0/release/release_new/new.10/include/trackingqa:/cvmfs/sphenix.sdcc.bnl.gov/alma9.2-gcc-14.2.0/release/release_new/new.10/include/qautils:/cvmfs/sphenix.sdcc.bnl.gov/alma9.2-gcc-14.2.0/release/release_new/new.10/include/trackreco:/cvmfs/sphenix.sdcc.bnl.gov/alma9.2-gcc-14.2.0/release/release_new/new.10/include/g4ohcal:/cvmfs/sphenix.sdcc.bnl.gov/alma9.2-gcc-14.2.0/release/release_new/new.10/include/tpcdvcalib:/cvmfs/sphenix.sdcc.bnl.gov/alma9.2-gcc-14.2.0/release/release_new/new.10/include/zdcinfo:/cvmfs/sphenix.sdcc.bnl.gov/alma9.2-gcc-14.2.0/release/release_new/new.10/include/phpythia8:/cvmfs/sphenix.sdcc.bnl.gov/alma9.2-gcc-14.2.0/release/release_new/new.10/include/fun4allutils:/cvmfs/sphenix.sdcc.bnl.gov/alma9.2-gcc-14.2.0/release/release_new/new.10/include/tpcqa:/cvmfs/sphenix.sdcc.bnl.gov/alma9.2-gcc-14.2.0/release/release_new/new.10/include/Pythia8:/cvmfs/sphenix.sdcc.bnl.gov/alma9.2-gcc-14.2.0/release/release_new/new.10/include/DDRec:/cvmfs/sphenix.sdcc.bnl.gov/alma9.2-gcc-14.2.0/release/release_new/new.10/include/DDDigi:/cvmfs/sphenix.sdcc.bnl.gov/alma9.2-gcc-14.2.0/release/release_new/new.10/include/g4ihcal:/cvmfs/sphenix.sdcc.bnl.gov/alma9.2-gcc-14.2.0/release/release_new/new.10/include/frog:/cvmfs/sphenix.sdcc.bnl.gov/alma9.2-gcc-14.2.0/release/release_new/new.10/include/eigen3:/cvmfs/sphenix.sdcc.bnl.gov/alma9.2-gcc-14.2.0/release/release_new/new.10/include/tensorpipe:/cvmfs/sphenix.sdcc.bnl.gov/alma9.2-gcc-14.2.0/release/release_new/new.10/include/sphenixnpc:/cvmfs/sphenix.sdcc.bnl.gov/alma9.2-gcc-14.2.0/release/release_new/new.10/include/siscone:/cvmfs/sphenix.sdcc.bnl.gov/alma9.2-gcc-14.2.0/release/release_new/new.10/include/pmonitor:/cvmfs/sphenix.sdcc.bnl.gov/alma9.2-gcc-14.2.0/release/release_new/new.10/include/calobase:/cvmfs/sphenix.sdcc.bnl.gov/alma9.2-gcc-14.2.0/release/release_new/new.10/include/ActsExamples:/cvmfs/sphenix.sdcc.bnl.gov/alma9.2-gcc-14.2.0/release/release_new/new.10/include/g4gdml:/cvmfs/sphenix.sdcc.bnl.gov/alma9.2-gcc-14.2.0/release/release_new/new.10/include/mvtx_decoder:/cvmfs/sphenix.sdcc.bnl.gov/alma9.2-gcc-14.2.0/release/release_new/new.10/include/ROOT:/cvmfs/sphenix.sdcc.bnl.gov/alma9.2-gcc-14.2.0/release/release_new/new.10/include/phparameter:/cvmfs/sphenix.sdcc.bnl.gov/alma9.2-gcc-14.2.0/release/release_new/new.10/include/rsa:/cvmfs/sphenix.sdcc.bnl.gov/alma9.2-gcc-14.2.0/release/release_new/new.10/include/fun4allraw:/cvmfs/sphenix.sdcc.bnl.gov/alma9.2-gcc-14.2.0/release/release_new/new.10/include/trackbase_historic:/cvmfs/sphenix.sdcc.bnl.gov/alma9.2-gcc-14.2.0/release/release_new/new.10/include/g4jets:/cvmfs/sphenix.sdcc.bnl.gov/alma9.2-gcc-14.2.0/release/release_new/new.10/include/jetqa:/cvmfs/sphenix.sdcc.bnl.gov/alma9.2-gcc-14.2.0/release/release_new/new.10/include/phoolraw:/cvmfs/sphenix.sdcc.bnl.gov/alma9.2-gcc-14.2.0/release/release_new/new.10/include/g4calo:/cvmfs/sphenix.sdcc.bnl.gov/alma9.2-gcc-14.2.0/release/release_new/new.10/include/mvtxrawhitqa:/cvmfs/sphenix.sdcc.bnl.gov/alma9.2-gcc-14.2.0/release/release_new/new.10/include/HepMC3:/cvmfs/sphenix.sdcc.bnl.gov/alma9.2-gcc-14.2.0/release/release_new/new.10/include/calowaveformsim:/cvmfs/sphenix.sdcc.bnl.gov/alma9.2-gcc-14.2.0/release/release_new/new.10/include/g4caloprototype:/cvmfs/sphenix.sdcc.bnl.gov/alma9.2-gcc-14.2.0/release/release_new/new.10/include/pdbcalbase:/cvmfs/sphenix.sdcc.bnl.gov/alma9.2-gcc-14.2.0/release/release_new/new.10/include/gsl:/cvmfs/sphenix.sdcc.bnl.gov/alma9.2-gcc-14.2.0/release/release_new/new.10/include/nodedump:/cvmfs/sphenix.sdcc.bnl.gov/alma9.2-gcc-14.2.0/release/release_new/new.10/include/emcnoisytowerfinder:/cvmfs/sphenix.sdcc.bnl.gov/alma9.2-gcc-14.2.0/release/release_new/new.10/include/ActsFatras:/cvmfs/sphenix.sdcc.bnl.gov/alma9.2-gcc-14.2.0/release/release_new/new.10/include/ffarawmodules:/cvmfs/sphenix.sdcc.bnl.gov/alma9.2-gcc-14.2.0/release/release_new/new.10/include/Event:/cvmfs/sphenix.sdcc.bnl.gov/alma9.2-gcc-14.2.0/release/release_new/new.10/include/prototype3:/cvmfs/sphenix.sdcc.bnl.gov/alma9.2-gcc-14.2.0/release/release_new/new.10/include/fermimotionafterburner:/cvmfs/sphenix.sdcc.bnl.gov/alma9.2-gcc-14.2.0/release/release_new/new.10/include/Photos:/cvmfs/sphenix.sdcc.bnl.gov/alma9.2-gcc-14.2.0/release/release_new/new.10/include/xingshiftcal:/cvmfs/sphenix.sdcc.bnl.gov/alma9.2-gcc-14.2.0/release/release_new/new.10/include/trackbase:/cvmfs/sphenix.sdcc.bnl.gov/alma9.2-gcc-14.2.0/release/release_new/new.10/include/jetdstskimmer:/cvmfs/sphenix.sdcc.bnl.gov/alma9.2-gcc-14.2.0/release/release_new/new.10/include/clusteriso:/cvmfs/sphenix.sdcc.bnl.gov/alma9.2-gcc-14.2.0/release/release_new/new.10/include/asmjit:/cvmfs/sphenix.sdcc.bnl.gov/alma9.2-gcc-14.2.0/release/release_new/new.10/include/particleflowreco:/cvmfs/sphenix.sdcc.bnl.gov/alma9.2-gcc-14.2.0/release/release_new/new.10/include/tpchittrackdisplay:/cvmfs/sphenix.sdcc.bnl.gov/alma9.2-gcc-14.2.0/release/release_new/new.10/include/caloana:/cvmfs/sphenix.sdcc.bnl.gov/alma9.2-gcc-14.2.0/release/release_new/new.10/include/calotrigger:/cvmfs/sphenix.sdcc.bnl.gov/alma9.2-gcc-14.2.0/release/release_new/new.10/include/nopayloadclient:/cvmfs/sphenix.sdcc.bnl.gov/alma9.2-gcc-14.2.0/release/release_new/new.10/include/trackermillepedealignment:/cvmfs/sphenix.sdcc.bnl.gov/alma9.2-gcc-14.2.0/release/release_new/new.10/include/DD4hep:/cvmfs/sphenix.sdcc.bnl.gov/alma9.2-gcc-14.2.0/release/release_new/new.10/include/g4trackfastsim:/cvmfs/sphenix.sdcc.bnl.gov/alma9.2-gcc-14.2.0/release/release_new/new.10/include/prototype2:/cvmfs/sphenix.sdcc.bnl.gov/alma9.2-gcc-14.2.0/release/release_new/new.10/include/ATen:/cvmfs/sphenix.sdcc.bnl.gov/alma9.2-gcc-14.2.0/release/release_new/new.10/include/g4main:/cvmfs/sphenix.sdcc.bnl.gov/alma9.2-gcc-14.2.0/release/release_new/new.10/include/Tauola:/cvmfs/sphenix.sdcc.bnl.gov/alma9.2-gcc-14.2.0/release/release_new/new.10/include/inttcalib:/cvmfs/sphenix.sdcc.bnl.gov/alma9.2-gcc-14.2.0/release/release_new/new.10/include/reactionplaneafterburner:/cvmfs/sphenix.sdcc.bnl.gov/alma9.2-gcc-14.2.0/release/release_new/new.10/include/globalqa:/cvmfs/sphenix.sdcc.bnl.gov/alma9.2-gcc-14.2.0/release/release_new/new.10/include/tpccalib:/cvmfs/sphenix.sdcc.bnl.gov/alma9.2-gcc-14.2.0/release/release_new/new.10/include/DDSegmentation:/cvmfs/sphenix.sdcc.bnl.gov/alma9.2-gcc-14.2.0/release/release_new/new.10/include/decayfinder:/cvmfs/sphenix.sdcc.bnl.gov/alma9.2-gcc-14.2.0/release/release_new/new.10/include/compressclus:/cvmfs/sphenix.sdcc.bnl.gov/alma9.2-gcc-14.2.0/release/release_new/new.10/include/simqa_modules:/cvmfs/sphenix.sdcc.bnl.gov/alma9.2-gcc-14.2.0/release/release_new/new.10/include/resonancejettagging:/cvmfs/sphenix.sdcc.bnl.gov/alma9.2-gcc-14.2.0/release/release_new/new.10/include/g4centrality:/cvmfs/sphenix.sdcc.bnl.gov/alma9.2-gcc-14.2.0/release/release_new/new.10/include/mvtx:/cvmfs/sphenix.sdcc.bnl.gov/alma9.2-gcc-14.2.0/release/release_new/new.10/include/nlohmann:/cvmfs/sphenix.sdcc.bnl.gov/alma9.2-gcc-14.2.0/release/release_new/new.10/include/localpoloffmon:/cvmfs/sphenix.sdcc.bnl.gov/alma9.2-gcc-14.2.0/release/release_new/new.10/include/DDEve:/cvmfs/sphenix.sdcc.bnl.gov/alma9.2-gcc-14.2.0/release/release_new/new.10/include/Parsers:/cvmfs/sphenix.sdcc.bnl.gov/alma9.2-gcc-14.2.0/release/release_new/new.10/include/trackingdiagnostics:/cvmfs/sphenix.sdcc.bnl.gov/alma9.2-gcc-14.2.0/release/release_new/new.10/include/g4vertex:/cvmfs/sphenix.sdcc.bnl.gov/alma9.2-gcc-14.2.0/release/release_new/new.10/include/jetbase:/cvmfs/sphenix.sdcc.bnl.gov/alma9.2-gcc-14.2.0/release/release_new/new.10/include/globalvertex:/cvmfs/sphenix.sdcc.bnl.gov/alma9.2-gcc-14.2.0/release/release_new/new.10/include/phgenfit:/cvmfs/sphenix.sdcc.bnl.gov/alma9.2-gcc-14.2.0/release/release_new/new.10/include/rawbcolumi:/cvmfs/sphenix.sdcc.bnl.gov/alma9.2-gcc-14.2.0/release/release_new/new.10/include/eicsmear:/cvmfs/sphenix.sdcc.bnl.gov/alma9.2-gcc-14.2.0/release/release_new/new.10/include/mvtxcalib:/cvmfs/sphenix.sdcc.bnl.gov/alma9.2-gcc-14.2.0/release/release_new/new.10/include/tpclinelaserdiode:/cvmfs/sphenix.sdcc.bnl.gov/alma9.2-gcc-14.2.0/release/release_new/new.10/include/hepmcjettrigger:/cvmfs/sphenix.sdcc.bnl.gov/alma9.2-gcc-14.2.0/release/release_new/new.10/include/core:/cvmfs/sphenix.sdcc.bnl.gov/alma9.2-gcc-14.2.0/release/release_new/new.10/include/calo_cdb:/cvmfs/sphenix.sdcc.bnl.gov/alma9.2-gcc-14.2.0/release/release_new/new.10/include/mvtxclustershapesqa:/cvmfs/sphenix.sdcc.bnl.gov/alma9.2-gcc-14.2.0/release/release_new/new.10/include/calopacketskimmer:/cvmfs/sphenix.sdcc.bnl.gov/alma9.2-gcc-14.2.0/opt/sphenix/core/geant4.10.07.p04/include:/cvmfs/sphenix.sdcc.bnl.gov/alma9.2-gcc-14.2.0/release/release_new/new.10/rootmacros:/cvmfs/sphenix.sdcc.bnl.gov/alma9.2-gcc-14.2.0/opt/sphenix/core/include
GSEARCHPATH=.:PG:LUSTRE:RAWDATA
PWD=/gpfs/mnt/gpfs02/sphenix/user/samfred/run25/ppg11/histmaking
LOGNAME=samfred
_CONDOR_JOB_AD=/home/condor/local/sphnx/execute/dir_252271/.job.ad
MANPATH=/cvmfs/sphenix.sdcc.bnl.gov/alma9.2-gcc-14.2.0/opt/sphenix/core/gcc/14.2.0-2f0a0/x86_64-el9/share/man:/cvmfs/sphenix.sdcc.bnl.gov/alma9.2-gcc-14.2.0/opt/sphenix/core/binutils/2.40-acaab/x86_64-el9/share/man:/cvmfs/sphenix.sdcc.bnl.gov/alma9.2-gcc-14.2.0/release/release_new/new.10/share/man:/cvmfs/sphenix.sdcc.bnl.gov/alma9.2-gcc-14.2.0/opt/sphenix/utils/share/man:/cvmfs/sphenix.sdcc.bnl.gov/alma9.2-gcc-14.2.0/opt/sphenix/core/share/man:/cvmfs/sphenix.sdcc.bnl.gov/alma9.2-gcc-14.2.0/opt/sphenix/core/root-6.32.06/man:/usr/local/share/man:/usr/share/man
PYTHIA8=/cvmfs/sphenix.sdcc.bnl.gov/alma9.2-gcc-14.2.0/release/release_new/new.10/share/Pythia8
G4INCLDATA=/cvmfs/sphenix.sdcc.bnl.gov/alma9.2-gcc-14.2.0/opt/sphenix/core/geant4.10.07.p04/share/Geant4-10.7.4/data/G4INCL1.0
ORIG_PATH=/usr/local/bin:/usr/bin
CXX=/cvmfs/sphenix.sdcc.bnl.gov/alma9.2-gcc-14.2.0/opt/sphenix/core/gcc/14.2.0-2f0a0/x86_64-el9/bin/g++
G4LEDATA=/cvmfs/sphenix.sdcc.bnl.gov/alma9.2-gcc-14.2.0/opt/sphenix/core/geant4.10.07.p04/share/Geant4-10.7.4/data/G4EMLOW7.13
PYTHON_CPU_COUNT=1
OPENBLAS_NUM_THREADS=1
_CONDOR_BIN=/usr/bin
HOME=/sphenix/u/samfred
G4PARTICLEXSDATA=/cvmfs/sphenix.sdcc.bnl.gov/alma9.2-gcc-14.2.0/opt/sphenix/core/geant4.10.07.p04/share/Geant4-10.7.4/data/G4PARTICLEXS3.1.1
ONLINE_MAIN=/cvmfs/sphenix.sdcc.bnl.gov/alma9.2-gcc-14.2.0/release/release_new/new.10
CALIBRATIONROOT=/cvmfs/sphenix.sdcc.bnl.gov/alma9.2-gcc-14.2.0/release/release_new/new.10/share/calibrations
TMPDIR=/tmp
_CONDOR_SCRATCH_DIR=/home/condor/local/sphnx/execute/dir_252271
PGUSER=phnxrc
NOPAYLOADCLIENT_CONF=/cvmfs/sphenix.sdcc.bnl.gov/alma9.2-gcc-14.2.0/opt/sphenix/core/etc/sPHENIX_newcdb.json
XERCESCROOT=/cvmfs/sphenix.sdcc.bnl.gov/alma9.2-gcc-14.2.0/opt/sphenix/core/geant4.10.07.p04
LHAPATH=/cvmfs/sphenix.sdcc.bnl.gov/alma9.2-gcc-14.2.0/opt/sphenix/core/lhapdf-5.9.1/share/lhapdf/PDFsets
G4NEUTRONHPDATA=/cvmfs/sphenix.sdcc.bnl.gov/alma9.2-gcc-14.2.0/opt/sphenix/core/geant4.10.07.p04/share/Geant4-10.7.4/data/G4NDL4.6
PYTHONPATH=.:/cvmfs/sphenix.sdcc.bnl.gov/alma9.2-gcc-14.2.0/release/release_new/new.10/lib/python3.13/site-packages:/cvmfs/sphenix.sdcc.bnl.gov/alma9.2-gcc-14.2.0/opt/sphenix/core/lib/python3.13/site-packages:/cvmfs/sphenix.sdcc.bnl.gov/alma9.2-gcc-14.2.0/opt/sphenix/core/root-6.32.06/lib
USER=samfred
_CONDOR_ANCESTOR_26177=252271:1759352700:1391983771
_CONDOR_ANCESTOR_252271=265797:1759352700:688071765
_CONDOR_JOB_PIDS=
TEMP=/tmp
GOMAXPROCS=1
OFFLINE_MAIN=/cvmfs/sphenix.sdcc.bnl.gov/alma9.2-gcc-14.2.0/release/release_new/new.10
SHLVL=1
TF_NUM_THREADS=1
G4SAIDXSDATA=/cvmfs/sphenix.sdcc.bnl.gov/alma9.2-gcc-14.2.0/opt/sphenix/core/geant4.10.07.p04/share/Geant4-10.7.4/data/G4SAIDDATA2.0
APPTAINER_CACHEDIR=/home/condor/local/sphnx/execute/dir_252271
ROOTSYS=/cvmfs/sphenix.sdcc.bnl.gov/alma9.2-gcc-14.2.0/opt/sphenix/core/root-6.32.06
BATCH_SYSTEM=HTCondor
_CONDOR_SLOT=slot1_26
LD_LIBRARY_PATH=/sphenix/user/samfred/run25/install//lib:/cvmfs/sphenix.sdcc.bnl.gov/alma9.2-gcc-14.2.0/opt/sphenix/core/gcc/14.2.0-2f0a0/x86_64-el9/lib:/cvmfs/sphenix.sdcc.bnl.gov/alma9.2-gcc-14.2.0/opt/sphenix/core/gcc/14.2.0-2f0a0/x86_64-el9/lib64:/cvmfs/sphenix.sdcc.bnl.gov/alma9.2-gcc-14.2.0/opt/sphenix/core/binutils/2.40-acaab/x86_64-el9/lib:.:/cvmfs/sphenix.sdcc.bnl.gov/alma9.2-gcc-14.2.0/release/release_new/new.10/lib64:/cvmfs/sphenix.sdcc.bnl.gov/alma9.2-gcc-14.2.0/release/release_new/new.10/lib:/cvmfs/sphenix.sdcc.bnl.gov/alma9.2-gcc-14.2.0/opt/sphenix/utils/lib:/cvmfs/sphenix.sdcc.bnl.gov/alma9.2-gcc-14.2.0/opt/sphenix/core/lib:/cvmfs/sphenix.sdcc.bnl.gov/alma9.2-gcc-14.2.0/opt/sphenix/core/root-6.32.06/lib:/cvmfs/sphenix.sdcc.bnl.gov/alma9.2-gcc-14.2.0/opt/sphenix/core/geant4.10.07.p04/lib64:/cvmfs/sphenix.sdcc.bnl.gov/alma9.2-gcc-14.2.0/opt/sphenix/core/lhapdf-5.9.1/lib:/usr/local/lib64:/usr/lib64
OPT_SPHENIX=/cvmfs/sphenix.sdcc.bnl.gov/alma9.2-gcc-14.2.0/opt/sphenix/core
TF_LOOP_PARALLEL_ITERATIONS=1
EVT_LIB=/cvmfs/sphenix.sdcc.bnl.gov/alma9.2-gcc-14.2.0/opt/sphenix/core/root-6.32.06/lib
PGHOST=sphnxdbmaster.sdcc.bnl.gov
OMP_NUM_THREADS=1
G4REALSURFACEDATA=/cvmfs/sphenix.sdcc.bnl.gov/alma9.2-gcc-14.2.0/opt/sphenix/core/geant4.10.07.p04/share/Geant4-10.7.4/data/RealSurface2.2
FC=/cvmfs/sphenix.sdcc.bnl.gov/alma9.2-gcc-14.2.0/opt/sphenix/core/gcc/14.2.0-2f0a0/x86_64-el9/bin/gfortran
G4ABLADATA=/cvmfs/sphenix.sdcc.bnl.gov/alma9.2-gcc-14.2.0/opt/sphenix/core/geant4.10.07.p04/share/Geant4-10.7.4/data/G4ABLA3.1
PARASOFT=doesnotexist
TMP=/tmp
OPT_UTILS=/cvmfs/sphenix.sdcc.bnl.gov/alma9.2-gcc-14.2.0/opt/sphenix/utils
CONFIG_SITE=/cvmfs/sphenix.sdcc.bnl.gov/alma9.2-gcc-14.2.0/opt/sphenix/core/etc/config.site
PATH=/sphenix/user/samfred/run25/install//bin:/cvmfs/sphenix.sdcc.bnl.gov/alma9.2-gcc-14.2.0/opt/sphenix/core/gcc/14.2.0-2f0a0/x86_64-el9/bin:/cvmfs/sphenix.sdcc.bnl.gov/alma9.2-gcc-14.2.0/opt/sphenix/core/binutils/2.40-acaab/x86_64-el9/bin:.:/cvmfs/sphenix.sdcc.bnl.gov/alma9.2-gcc-14.2.0/release/release_new/new.10/bin:/cvmfs/sphenix.sdcc.bnl.gov/alma9.2-gcc-14.2.0/opt/sphenix/utils/bin:/cvmfs/sphenix.sdcc.bnl.gov/alma9.2-gcc-14.2.0/opt/sphenix/core/bin:/cvmfs/sphenix.sdcc.bnl.gov/alma9.2-gcc-14.2.0/opt/sphenix/core/root-6.32.06/bin:/cvmfs/sphenix.sdcc.bnl.gov/alma9.2-gcc-14.2.0/opt/sphenix/core/geant4.10.07.p04/bin:/usr/local/bin:/usr/bin:/usr/local/sbin:/usr/sbin
G4LEVELGAMMADATA=/cvmfs/sphenix.sdcc.bnl.gov/alma9.2-gcc-14.2.0/opt/sphenix/core/geant4.10.07.p04/share/Geant4-10.7.4/data/PhotonEvaporation5.7
CC=/cvmfs/sphenix.sdcc.bnl.gov/alma9.2-gcc-14.2.0/opt/sphenix/core/gcc/14.2.0-2f0a0/x86_64-el9/bin/gcc
G4RADIOACTIVEDATA=/cvmfs/sphenix.sdcc.bnl.gov/alma9.2-gcc-14.2.0/opt/sphenix/core/geant4.10.07.p04/share/Geant4-10.7.4/data/RadioactiveDecay5.6
JULIA_NUM_THREADS=1
MKL_NUM_THREADS=1
LHAPDF_DATA_PATH=/cvmfs/sphenix.sdcc.bnl.gov/alma9.2-gcc-14.2.0/release/release_new/new.10/share/LHAPDF
XPLOAD_CONFIG_DIR=/cvmfs/sphenix.sdcc.bnl.gov/alma9.2-gcc-14.2.0/opt/sphenix/core/etc
OLDPWD=/cvmfs/sphenix.sdcc.bnl.gov/alma9.2-gcc-14.2.0/release/release_new/new.10/geant4
_=/usr/bin/printenv
runnumber...
49244
trigger...

   ------------------------------------------------------------------
  | Welcome to ROOT 6.32.06                        https://root.cern |
  | (c) 1995-2024, The ROOT Team; conception: R. Brun, F. Rademakers |
  | Built for linuxx8664gcc on Dec 13 2024, 17:23:48                 |
  | From tags/6-32-06@6-32-06                                        |
  | With g++ (GCC) 14.2.0                                            |
  | Try '.help'/'.?', '.demo', '.license', '.credits', '.quit'/'.q'  |
   ------------------------------------------------------------------


Processing data_histmaker.C(49244)...
entry 5000/9806242 (0.0509879%)
entry 8000/9806242 (0.0815807%)
entry 10000/9806242 (0.101976%)
entry 12000/9806242 (0.122371%)
entry 13000/9806242 (0.132569%)
entry 17000/9806242 (0.173359%)
entry 18000/9806242 (0.183557%)
entry 19000/9806242 (0.193754%)
entry 20000/9806242 (0.203952%)
entry 23000/9806242 (0.234544%)
entry 29000/9806242 (0.29573%)
entry 30000/9806242 (0.305928%)
entry 31000/9806242 (0.316125%)
entry 40000/9806242 (0.407903%)
entry 44000/9806242 (0.448694%)
entry 46000/9806242 (0.469089%)
entry 47000/9806242 (0.479287%)
entry 51000/9806242 (0.520077%)
entry 53000/9806242 (0.540472%)
entry 54000/9806242 (0.55067%)
entry 59000/9806242 (0.601658%)
entry 65000/9806242 (0.662843%)
entry 67000/9806242 (0.683238%)
entry 68000/9806242 (0.693436%)
entry 69000/9806242 (0.703633%)
entry 71000/9806242 (0.724029%)
entry 73000/9806242 (0.744424%)
entry 74000/9806242 (0.754621%)
entry 75000/9806242 (0.764819%)
entry 77000/9806242 (0.785214%)
entry 79000/9806242 (0.805609%)
entry 83000/9806242 (0.8464%)
entry 84000/9806242 (0.856597%)
entry 85000/9806242 (0.866795%)
entry 86000/9806242 (0.876992%)
entry 87000/9806242 (0.88719%)
entry 90000/9806242 (0.917783%)
entry 91000/9806242 (0.92798%)
entry 95000/9806242 (0.968771%)
entry 96000/9806242 (0.978968%)
entry 97000/9806242 (0.989166%)
entry 98000/9806242 (0.999364%)
entry 102000/9806242 (1.04015%)
entry 103000/9806242 (1.05035%)
entry 105000/9806242 (1.07075%)
entry 106000/9806242 (1.08094%)
entry 109000/9806242 (1.11154%)
entry 111000/9806242 (1.13193%)
entry 113000/9806242 (1.15233%)
entry 114000/9806242 (1.16252%)
entry 120000/9806242 (1.22371%)
entry 122000/9806242 (1.24411%)
entry 129000/9806242 (1.31549%)
entry 130000/9806242 (1.32569%)
entry 132000/9806242 (1.34608%)
entry 135000/9806242 (1.37667%)
entry 136000/9806242 (1.38687%)
entry 138000/9806242 (1.40727%)
entry 140000/9806242 (1.42766%)
entry 145000/9806242 (1.47865%)
entry 146000/9806242 (1.48885%)
entry 147000/9806242 (1.49905%)
entry 148000/9806242 (1.50924%)
entry 153000/9806242 (1.56023%)
entry 154000/9806242 (1.57043%)
entry 158000/9806242 (1.61122%)
entry 162000/9806242 (1.65201%)
entry 164000/9806242 (1.6724%)
entry 165000/9806242 (1.6826%)
entry 167000/9806242 (1.703%)
entry 170000/9806242 (1.73359%)
entry 171000/9806242 (1.74379%)
entry 173000/9806242 (1.76418%)
entry 174000/9806242 (1.77438%)
entry 176000/9806242 (1.79478%)
entry 179000/9806242 (1.82537%)
entry 180000/9806242 (1.83557%)
entry 181000/9806242 (1.84576%)
entry 182000/9806242 (1.85596%)
entry 190000/9806242 (1.93754%)
entry 203000/9806242 (2.07011%)
entry 204000/9806242 (2.08031%)
entry 205000/9806242 (2.09051%)
entry 206000/9806242 (2.1007%)
entry 208000/9806242 (2.1211%)
entry 210000/9806242 (2.14149%)
entry 213000/9806242 (2.17209%)
entry 218000/9806242 (2.22307%)
entry 220000/9806242 (2.24347%)
entry 222000/9806242 (2.26386%)
entry 228000/9806242 (2.32505%)
entry 229000/9806242 (2.33525%)
entry 232000/9806242 (2.36584%)
entry 233000/9806242 (2.37604%)
entry 234000/9806242 (2.38624%)
entry 236000/9806242 (2.40663%)
entry 238000/9806242 (2.42703%)
entry 241000/9806242 (2.45762%)
entry 245000/9806242 (2.49841%)
entry 247000/9806242 (2.5188%)
entry 249000/9806242 (2.5392%)
entry 253000/9806242 (2.57999%)
entry 257000/9806242 (2.62078%)
entry 259000/9806242 (2.64117%)
entry 260000/9806242 (2.65137%)
entry 263000/9806242 (2.68197%)
entry 267000/9806242 (2.72276%)
entry 268000/9806242 (2.73295%)
entry 271000/9806242 (2.76355%)
entry 274000/9806242 (2.79414%)
entry 275000/9806242 (2.80434%)
entry 277000/9806242 (2.82473%)
entry 279000/9806242 (2.84513%)
entry 287000/9806242 (2.92671%)
entry 296000/9806242 (3.01849%)
entry 297000/9806242 (3.02868%)
entry 298000/9806242 (3.03888%)
entry 300000/9806242 (3.05928%)
entry 305000/9806242 (3.11026%)
entry 314000/9806242 (3.20204%)
entry 322000/9806242 (3.28362%)
entry 324000/9806242 (3.30402%)
entry 327000/9806242 (3.33461%)
entry 329000/9806242 (3.35501%)
entry 339000/9806242 (3.45698%)
entry 345000/9806242 (3.51817%)
entry 346000/9806242 (3.52836%)
entry 348000/9806242 (3.54876%)
entry 349000/9806242 (3.55896%)
entry 350000/9806242 (3.56916%)
entry 352000/9806242 (3.58955%)
entry 354000/9806242 (3.60995%)
entry 360000/9806242 (3.67113%)
entry 361000/9806242 (3.68133%)
entry 369000/9806242 (3.76291%)
entry 370000/9806242 (3.77311%)
entry 371000/9806242 (3.7833%)
entry 378000/9806242 (3.85469%)
entry 379000/9806242 (3.86489%)
entry 380000/9806242 (3.87508%)
entry 381000/9806242 (3.88528%)
entry 384000/9806242 (3.91587%)
entry 389000/9806242 (3.96686%)
entry 390000/9806242 (3.97706%)
entry 399000/9806242 (4.06884%)
entry 402000/9806242 (4.09943%)
entry 404000/9806242 (4.11982%)
entry 407000/9806242 (4.15042%)
entry 408000/9806242 (4.16062%)
entry 410000/9806242 (4.18101%)
entry 413000/9806242 (4.2116%)
entry 414000/9806242 (4.2218%)
entry 417000/9806242 (4.25239%)
entry 424000/9806242 (4.32378%)
entry 426000/9806242 (4.34417%)
entry 427000/9806242 (4.35437%)
entry 428000/9806242 (4.36457%)
entry 432000/9806242 (4.40536%)
entry 436000/9806242 (4.44615%)
entry 437000/9806242 (4.45635%)
entry 439000/9806242 (4.47674%)
entry 443000/9806242 (4.51753%)
entry 450000/9806242 (4.58891%)
entry 451000/9806242 (4.59911%)
entry 454000/9806242 (4.6297%)
entry 456000/9806242 (4.6501%)
entry 457000/9806242 (4.6603%)
entry 465000/9806242 (4.74188%)
entry 467000/9806242 (4.76227%)
entry 468000/9806242 (4.77247%)
entry 481000/9806242 (4.90504%)
entry 482000/9806242 (4.91524%)
entry 484000/9806242 (4.93563%)
entry 485000/9806242 (4.94583%)
entry 496000/9806242 (5.058%)
entry 497000/9806242 (5.0682%)
entry 499000/9806242 (5.0886%)
entry 503000/9806242 (5.12939%)
entry 509000/9806242 (5.19057%)
entry 513000/9806242 (5.23136%)
entry 514000/9806242 (5.24156%)
entry 515000/9806242 (5.25176%)
entry 529000/9806242 (5.39452%)
entry 531000/9806242 (5.41492%)
entry 532000/9806242 (5.42512%)
entry 533000/9806242 (5.43531%)
entry 543000/9806242 (5.53729%)
entry 545000/9806242 (5.55768%)
entry 546000/9806242 (5.56788%)
entry 547000/9806242 (5.57808%)
entry 548000/9806242 (5.58828%)
entry 549000/9806242 (5.59848%)
entry 557000/9806242 (5.68006%)
entry 567000/9806242 (5.78203%)
entry 575000/9806242 (5.86361%)
entry 577000/9806242 (5.88401%)
entry 581000/9806242 (5.9248%)
entry 587000/9806242 (5.98598%)
entry 588000/9806242 (5.99618%)
entry 591000/9806242 (6.02677%)
entry 596000/9806242 (6.07776%)
entry 597000/9806242 (6.08796%)
entry 604000/9806242 (6.15934%)
entry 605000/9806242 (6.16954%)
entry 606000/9806242 (6.17974%)
entry 608000/9806242 (6.20013%)
entry 611000/9806242 (6.23073%)
entry 613000/9806242 (6.25112%)
entry 614000/9806242 (6.26132%)
entry 616000/9806242 (6.28171%)
entry 620000/9806242 (6.3225%)
entry 628000/9806242 (6.40408%)
entry 634000/9806242 (6.46527%)
entry 636000/9806242 (6.48566%)
entry 637000/9806242 (6.49586%)
entry 641000/9806242 (6.53665%)
entry 646000/9806242 (6.58764%)
entry 649000/9806242 (6.61823%)
entry 651000/9806242 (6.63863%)
entry 659000/9806242 (6.72021%)
entry 661000/9806242 (6.7406%)
entry 664000/9806242 (6.7712%)
entry 668000/9806242 (6.81199%)
entry 669000/9806242 (6.82219%)
entry 671000/9806242 (6.84258%)
entry 674000/9806242 (6.87317%)
entry 677000/9806242 (6.90377%)
entry 680000/9806242 (6.93436%)
entry 682000/9806242 (6.95475%)
entry 685000/9806242 (6.98535%)
entry 687000/9806242 (7.00574%)
entry 690000/9806242 (7.03633%)
entry 692000/9806242 (7.05673%)
entry 694000/9806242 (7.07712%)
entry 701000/9806242 (7.14851%)
entry 702000/9806242 (7.15871%)
entry 704000/9806242 (7.1791%)
entry 709000/9806242 (7.23009%)
entry 713000/9806242 (7.27088%)
entry 715000/9806242 (7.29127%)
entry 718000/9806242 (7.32187%)
entry 719000/9806242 (7.33206%)
entry 722000/9806242 (7.36266%)
entry 723000/9806242 (7.37285%)
entry 724000/9806242 (7.38305%)
entry 727000/9806242 (7.41365%)
entry 728000/9806242 (7.42384%)
entry 729000/9806242 (7.43404%)
entry 734000/9806242 (7.48503%)
entry 736000/9806242 (7.50542%)
entry 737000/9806242 (7.51562%)
entry 738000/9806242 (7.52582%)
entry 747000/9806242 (7.6176%)
entry 748000/9806242 (7.62779%)
entry 749000/9806242 (7.63799%)
entry 752000/9806242 (7.66859%)
entry 753000/9806242 (7.67878%)
entry 754000/9806242 (7.68898%)
entry 756000/9806242 (7.70938%)
entry 765000/9806242 (7.80115%)
entry 768000/9806242 (7.83175%)
entry 769000/9806242 (7.84194%)
entry 770000/9806242 (7.85214%)
entry 771000/9806242 (7.86234%)
entry 772000/9806242 (7.87254%)
entry 773000/9806242 (7.88273%)
entry 784000/9806242 (7.99491%)
entry 785000/9806242 (8.0051%)
entry 787000/9806242 (8.0255%)
entry 808000/9806242 (8.23965%)
entry 809000/9806242 (8.24985%)
entry 810000/9806242 (8.26005%)
entry 811000/9806242 (8.27024%)
entry 812000/9806242 (8.28044%)
entry 814000/9806242 (8.30084%)
entry 819000/9806242 (8.35182%)
entry 820000/9806242 (8.36202%)
entry 821000/9806242 (8.37222%)
entry 823000/9806242 (8.39261%)
entry 824000/9806242 (8.40281%)
entry 827000/9806242 (8.4334%)
entry 828000/9806242 (8.4436%)
entry 829000/9806242 (8.4538%)
entry 830000/9806242 (8.464%)
entry 832000/9806242 (8.48439%)
entry 834000/9806242 (8.50479%)
entry 836000/9806242 (8.52518%)
entry 841000/9806242 (8.57617%)
entry 842000/9806242 (8.58637%)
entry 846000/9806242 (8.62716%)
entry 851000/9806242 (8.67815%)
entry 852000/9806242 (8.68834%)
entry 854000/9806242 (8.70874%)
entry 855000/9806242 (8.71894%)
entry 860000/9806242 (8.76992%)
entry 862000/9806242 (8.79032%)
entry 870000/9806242 (8.8719%)
entry 875000/9806242 (8.92289%)
entry 878000/9806242 (8.95348%)
entry 879000/9806242 (8.96368%)
entry 883000/9806242 (9.00447%)
entry 884000/9806242 (9.01467%)
entry 886000/9806242 (9.03506%)
entry 889000/9806242 (9.06565%)
entry 891000/9806242 (9.08605%)
entry 892000/9806242 (9.09625%)
entry 894000/9806242 (9.11664%)
entry 895000/9806242 (9.12684%)
entry 898000/9806242 (9.15743%)
entry 899000/9806242 (9.16763%)
entry 901000/9806242 (9.18803%)
entry 905000/9806242 (9.22882%)
entry 910000/9806242 (9.2798%)
entry 913000/9806242 (9.3104%)
entry 916000/9806242 (9.34099%)
entry 919000/9806242 (9.37158%)
entry 920000/9806242 (9.38178%)
entry 929000/9806242 (9.47356%)
entry 930000/9806242 (9.48376%)
entry 931000/9806242 (9.49395%)
entry 932000/9806242 (9.50415%)
entry 936000/9806242 (9.54494%)
entry 939000/9806242 (9.57553%)
entry 941000/9806242 (9.59593%)
entry 951000/9806242 (9.6979%)
entry 957000/9806242 (9.75909%)
entry 958000/9806242 (9.76929%)
entry 959000/9806242 (9.77949%)
entry 963000/9806242 (9.82028%)
entry 972000/9806242 (9.91205%)
entry 973000/9806242 (9.92225%)
entry 983000/9806242 (10.0242%)
entry 987000/9806242 (10.065%)
entry 988000/9806242 (10.0752%)
entry 998000/9806242 (10.1772%)
entry 999000/9806242 (10.1874%)
entry 1000000/9806242 (10.1976%)
entry 1001000/9806242 (10.2078%)
entry 1003000/9806242 (10.2282%)
entry 1007000/9806242 (10.269%)
entry 1009000/9806242 (10.2894%)
entry 1011000/9806242 (10.3098%)
entry 1012000/9806242 (10.32%)
entry 1015000/9806242 (10.3505%)
entry 1017000/9806242 (10.3709%)
entry 1022000/9806242 (10.4219%)
entry 1028000/9806242 (10.4831%)
entry 1031000/9806242 (10.5137%)
entry 1032000/9806242 (10.5239%)
entry 1033000/9806242 (10.5341%)
entry 1034000/9806242 (10.5443%)
entry 1035000/9806242 (10.5545%)
entry 1037000/9806242 (10.5749%)
entry 1038000/9806242 (10.5851%)
entry 1039000/9806242 (10.5953%)
entry 1044000/9806242 (10.6463%)
entry 1046000/9806242 (10.6667%)
entry 1048000/9806242 (10.6871%)
entry 1056000/9806242 (10.7687%)
entry 1060000/9806242 (10.8094%)
entry 1061000/9806242 (10.8196%)
entry 1063000/9806242 (10.84%)
entry 1070000/9806242 (10.9114%)
entry 1075000/9806242 (10.9624%)
entry 1077000/9806242 (10.9828%)
entry 1079000/9806242 (11.0032%)
entry 1080000/9806242 (11.0134%)
entry 1082000/9806242 (11.0338%)
entry 1083000/9806242 (11.044%)
entry 1087000/9806242 (11.0848%)
entry 1091000/9806242 (11.1256%)
entry 1095000/9806242 (11.1664%)
entry 1097000/9806242 (11.1868%)
entry 1100000/9806242 (11.2173%)
entry 1103000/9806242 (11.2479%)
entry 1104000/9806242 (11.2581%)
entry 1109000/9806242 (11.3091%)
entry 1110000/9806242 (11.3193%)
entry 1111000/9806242 (11.3295%)
entry 1113000/9806242 (11.3499%)
entry 1117000/9806242 (11.3907%)
entry 1126000/9806242 (11.4825%)
entry 1127000/9806242 (11.4927%)
entry 1128000/9806242 (11.5029%)
entry 1130000/9806242 (11.5233%)
entry 1131000/9806242 (11.5335%)
entry 1132000/9806242 (11.5437%)
entry 1133000/9806242 (11.5539%)
entry 1139000/9806242 (11.6151%)
entry 1141000/9806242 (11.6354%)
entry 1145000/9806242 (11.6762%)
entry 1146000/9806242 (11.6864%)
entry 1147000/9806242 (11.6966%)
entry 1148000/9806242 (11.7068%)
entry 1154000/9806242 (11.768%)
entry 1157000/9806242 (11.7986%)
entry 1159000/9806242 (11.819%)
entry 1161000/9806242 (11.8394%)
entry 1167000/9806242 (11.9006%)
entry 1172000/9806242 (11.9516%)
entry 1175000/9806242 (11.9822%)
entry 1179000/9806242 (12.023%)
entry 1181000/9806242 (12.0433%)
entry 1183000/9806242 (12.0637%)
entry 1184000/9806242 (12.0739%)
entry 1185000/9806242 (12.0841%)
entry 1195000/9806242 (12.1861%)
entry 1197000/9806242 (12.2065%)
entry 1198000/9806242 (12.2167%)
entry 1202000/9806242 (12.2575%)
entry 1207000/9806242 (12.3085%)
entry 1214000/9806242 (12.3799%)
entry 1219000/9806242 (12.4309%)
entry 1223000/9806242 (12.4716%)
entry 1229000/9806242 (12.5328%)
entry 1237000/9806242 (12.6144%)
entry 1240000/9806242 (12.645%)
entry 1243000/9806242 (12.6756%)
entry 1244000/9806242 (12.6858%)
entry 1249000/9806242 (12.7368%)
entry 1253000/9806242 (12.7776%)
entry 1258000/9806242 (12.8286%)
entry 1259000/9806242 (12.8388%)
entry 1262000/9806242 (12.8694%)
entry 1263000/9806242 (12.8796%)
entry 1266000/9806242 (12.9101%)
entry 1267000/9806242 (12.9203%)
entry 1268000/9806242 (12.9305%)
entry 1273000/9806242 (12.9815%)
entry 1274000/9806242 (12.9917%)
entry 1275000/9806242 (13.0019%)
entry 1276000/9806242 (13.0121%)
entry 1279000/9806242 (13.0427%)
entry 1285000/9806242 (13.1039%)
entry 1287000/9806242 (13.1243%)
entry 1291000/9806242 (13.1651%)
entry 1294000/9806242 (13.1957%)
entry 1295000/9806242 (13.2059%)
entry 1296000/9806242 (13.2161%)
entry 1297000/9806242 (13.2263%)
entry 1303000/9806242 (13.2875%)
entry 1309000/9806242 (13.3486%)
entry 1311000/9806242 (13.369%)
entry 1317000/9806242 (13.4302%)
entry 1319000/9806242 (13.4506%)
entry 1323000/9806242 (13.4914%)
entry 1329000/9806242 (13.5526%)
entry 1331000/9806242 (13.573%)
entry 1334000/9806242 (13.6036%)
entry 1339000/9806242 (13.6546%)
entry 1340000/9806242 (13.6648%)
entry 1344000/9806242 (13.7056%)
entry 1349000/9806242 (13.7565%)
entry 1350000/9806242 (13.7667%)
entry 1351000/9806242 (13.7769%)
entry 1354000/9806242 (13.8075%)
entry 1355000/9806242 (13.8177%)
entry 1357000/9806242 (13.8381%)
entry 1364000/9806242 (13.9095%)
entry 1369000/9806242 (13.9605%)
entry 1371000/9806242 (13.9809%)
entry 1375000/9806242 (14.0217%)
entry 1376000/9806242 (14.0319%)
entry 1378000/9806242 (14.0523%)
entry 1383000/9806242 (14.1033%)
entry 1384000/9806242 (14.1135%)
entry 1385000/9806242 (14.1237%)
entry 1386000/9806242 (14.1339%)
entry 1387000/9806242 (14.1441%)
entry 1388000/9806242 (14.1542%)
entry 1395000/9806242 (14.2256%)
entry 1399000/9806242 (14.2664%)
entry 1401000/9806242 (14.2868%)
entry 1403000/9806242 (14.3072%)
entry 1406000/9806242 (14.3378%)
entry 1407000/9806242 (14.348%)
entry 1410000/9806242 (14.3786%)
entry 1413000/9806242 (14.4092%)
entry 1414000/9806242 (14.4194%)
entry 1416000/9806242 (14.4398%)
entry 1418000/9806242 (14.4602%)
entry 1422000/9806242 (14.501%)
entry 1424000/9806242 (14.5214%)
entry 1427000/9806242 (14.552%)
entry 1429000/9806242 (14.5724%)
entry 1439000/9806242 (14.6743%)
entry 1441000/9806242 (14.6947%)
entry 1448000/9806242 (14.7661%)
entry 1454000/9806242 (14.8273%)
entry 1455000/9806242 (14.8375%)
entry 1463000/9806242 (14.9191%)
entry 1467000/9806242 (14.9599%)
entry 1469000/9806242 (14.9803%)
entry 1470000/9806242 (14.9905%)
entry 1471000/9806242 (15.0007%)
entry 1473000/9806242 (15.021%)
entry 1474000/9806242 (15.0312%)
entry 1477000/9806242 (15.0618%)
entry 1482000/9806242 (15.1128%)
entry 1484000/9806242 (15.1332%)
entry 1490000/9806242 (15.1944%)
entry 1493000/9806242 (15.225%)
entry 1496000/9806242 (15.2556%)
entry 1502000/9806242 (15.3168%)
entry 1504000/9806242 (15.3372%)
entry 1506000/9806242 (15.3576%)
entry 1508000/9806242 (15.378%)
entry 1511000/9806242 (15.4086%)
entry 1513000/9806242 (15.4289%)
entry 1515000/9806242 (15.4493%)
entry 1516000/9806242 (15.4595%)
entry 1521000/9806242 (15.5105%)
entry 1522000/9806242 (15.5207%)
entry 1526000/9806242 (15.5615%)
entry 1527000/9806242 (15.5717%)
entry 1531000/9806242 (15.6125%)
entry 1534000/9806242 (15.6431%)
entry 1542000/9806242 (15.7247%)
entry 1545000/9806242 (15.7553%)
entry 1550000/9806242 (15.8063%)
entry 1557000/9806242 (15.8776%)
entry 1561000/9806242 (15.9184%)
entry 1564000/9806242 (15.949%)
entry 1566000/9806242 (15.9694%)
entry 1568000/9806242 (15.9898%)
entry 1573000/9806242 (16.0408%)
entry 1575000/9806242 (16.0612%)
entry 1576000/9806242 (16.0714%)
entry 1579000/9806242 (16.102%)
entry 1581000/9806242 (16.1224%)
entry 1582000/9806242 (16.1326%)
entry 1583000/9806242 (16.1428%)
entry 1586000/9806242 (16.1734%)
entry 1587000/9806242 (16.1836%)
entry 1590000/9806242 (16.2142%)
entry 1594000/9806242 (16.255%)
entry 1595000/9806242 (16.2652%)
entry 1597000/9806242 (16.2855%)
entry 1602000/9806242 (16.3365%)
entry 1604000/9806242 (16.3569%)
entry 1606000/9806242 (16.3773%)
entry 1607000/9806242 (16.3875%)
entry 1620000/9806242 (16.5201%)
entry 1621000/9806242 (16.5303%)
entry 1624000/9806242 (16.5609%)
entry 1626000/9806242 (16.5813%)
entry 1628000/9806242 (16.6017%)
entry 1630000/9806242 (16.6221%)
entry 1631000/9806242 (16.6323%)
entry 1633000/9806242 (16.6527%)
entry 1635000/9806242 (16.6731%)
entry 1637000/9806242 (16.6934%)
entry 1639000/9806242 (16.7138%)
entry 1643000/9806242 (16.7546%)
entry 1647000/9806242 (16.7954%)
entry 1649000/9806242 (16.8158%)
entry 1659000/9806242 (16.9178%)
entry 1663000/9806242 (16.9586%)
entry 1669000/9806242 (17.0198%)
entry 1676000/9806242 (17.0912%)
entry 1678000/9806242 (17.1116%)
entry 1679000/9806242 (17.1217%)
entry 1681000/9806242 (17.1421%)
entry 1682000/9806242 (17.1523%)
entry 1685000/9806242 (17.1829%)
entry 1696000/9806242 (17.2951%)
entry 1698000/9806242 (17.3155%)
entry 1699000/9806242 (17.3257%)
entry 1703000/9806242 (17.3665%)
entry 1706000/9806242 (17.3971%)
entry 1707000/9806242 (17.4073%)
entry 1708000/9806242 (17.4175%)
entry 1717000/9806242 (17.5093%)
entry 1718000/9806242 (17.5195%)
entry 1722000/9806242 (17.5602%)
entry 1725000/9806242 (17.5908%)
entry 1727000/9806242 (17.6112%)
entry 1733000/9806242 (17.6724%)
entry 1735000/9806242 (17.6928%)
entry 1737000/9806242 (17.7132%)
entry 1739000/9806242 (17.7336%)
entry 1745000/9806242 (17.7948%)
entry 1746000/9806242 (17.805%)
entry 1747000/9806242 (17.8152%)
entry 1751000/9806242 (17.856%)
entry 1754000/9806242 (17.8866%)
entry 1755000/9806242 (17.8968%)
entry 1756000/9806242 (17.907%)
entry 1757000/9806242 (17.9172%)
entry 1760000/9806242 (17.9478%)
entry 1762000/9806242 (17.9681%)
entry 1764000/9806242 (17.9885%)
entry 1765000/9806242 (17.9987%)
entry 1767000/9806242 (18.0191%)
entry 1770000/9806242 (18.0497%)
entry 1772000/9806242 (18.0701%)
entry 1774000/9806242 (18.0905%)
entry 1776000/9806242 (18.1109%)
entry 1779000/9806242 (18.1415%)
entry 1780000/9806242 (18.1517%)
entry 1787000/9806242 (18.2231%)
entry 1790000/9806242 (18.2537%)
entry 1791000/9806242 (18.2639%)
entry 1798000/9806242 (18.3353%)
entry 1800000/9806242 (18.3557%)
entry 1801000/9806242 (18.3659%)
entry 1802000/9806242 (18.3761%)
entry 1803000/9806242 (18.3862%)
entry 1805000/9806242 (18.4066%)
entry 1810000/9806242 (18.4576%)
entry 1817000/9806242 (18.529%)
entry 1818000/9806242 (18.5392%)
entry 1819000/9806242 (18.5494%)
entry 1825000/9806242 (18.6106%)
entry 1826000/9806242 (18.6208%)
entry 1828000/9806242 (18.6412%)
entry 1833000/9806242 (18.6922%)
entry 1842000/9806242 (18.784%)
entry 1844000/9806242 (18.8043%)
entry 1846000/9806242 (18.8247%)
entry 1847000/9806242 (18.8349%)
entry 1848000/9806242 (18.8451%)
entry 1855000/9806242 (18.9165%)
entry 1858000/9806242 (18.9471%)
entry 1863000/9806242 (18.9981%)
entry 1865000/9806242 (19.0185%)
entry 1867000/9806242 (19.0389%)
entry 1869000/9806242 (19.0593%)
entry 1880000/9806242 (19.1715%)
entry 1881000/9806242 (19.1817%)
entry 1891000/9806242 (19.2836%)
entry 1904000/9806242 (19.4162%)
entry 1905000/9806242 (19.4264%)
entry 1906000/9806242 (19.4366%)
entry 1907000/9806242 (19.4468%)
entry 1909000/9806242 (19.4672%)
entry 1910000/9806242 (19.4774%)
entry 1922000/9806242 (19.5998%)
entry 1930000/9806242 (19.6813%)
entry 1932000/9806242 (19.7017%)
entry 1934000/9806242 (19.7221%)
entry 1938000/9806242 (19.7629%)
entry 1939000/9806242 (19.7731%)
entry 1946000/9806242 (19.8445%)
entry 1949000/9806242 (19.8751%)
entry 1950000/9806242 (19.8853%)
entry 1953000/9806242 (19.9159%)
entry 1954000/9806242 (19.9261%)
entry 1959000/9806242 (19.9771%)
entry 1965000/9806242 (20.0383%)
entry 1968000/9806242 (20.0688%)
entry 1974000/9806242 (20.13%)
entry 1975000/9806242 (20.1402%)
entry 1977000/9806242 (20.1606%)
entry 1982000/9806242 (20.2116%)
entry 1983000/9806242 (20.2218%)
entry 1985000/9806242 (20.2422%)
entry 1986000/9806242 (20.2524%)
entry 1993000/9806242 (20.3238%)
entry 1994000/9806242 (20.334%)
entry 1996000/9806242 (20.3544%)
entry 1998000/9806242 (20.3748%)
entry 2001000/9806242 (20.4054%)
entry 2002000/9806242 (20.4156%)
entry 2004000/9806242 (20.436%)
entry 2009000/9806242 (20.487%)
entry 2016000/9806242 (20.5583%)
entry 2018000/9806242 (20.5787%)
entry 2023000/9806242 (20.6297%)
entry 2024000/9806242 (20.6399%)
entry 2025000/9806242 (20.6501%)
entry 2028000/9806242 (20.6807%)
entry 2030000/9806242 (20.7011%)
entry 2031000/9806242 (20.7113%)
entry 2035000/9806242 (20.7521%)
entry 2036000/9806242 (20.7623%)
entry 2039000/9806242 (20.7929%)
entry 2047000/9806242 (20.8745%)
entry 2048000/9806242 (20.8847%)
entry 2049000/9806242 (20.8949%)
entry 2051000/9806242 (20.9152%)
entry 2053000/9806242 (20.9356%)
entry 2060000/9806242 (21.007%)
entry 2068000/9806242 (21.0886%)
entry 2069000/9806242 (21.0988%)
entry 2070000/9806242 (21.109%)
entry 2075000/9806242 (21.16%)
entry 2077000/9806242 (21.1804%)
entry 2078000/9806242 (21.1906%)
entry 2079000/9806242 (21.2008%)
entry 2081000/9806242 (21.2212%)
entry 2087000/9806242 (21.2824%)
entry 2088000/9806242 (21.2926%)
entry 2092000/9806242 (21.3334%)
entry 2094000/9806242 (21.3537%)
entry 2095000/9806242 (21.3639%)
entry 2104000/9806242 (21.4557%)
entry 2106000/9806242 (21.4761%)
entry 2110000/9806242 (21.5169%)
entry 2111000/9806242 (21.5271%)
entry 2112000/9806242 (21.5373%)
entry 2121000/9806242 (21.6291%)
entry 2125000/9806242 (21.6699%)
entry 2129000/9806242 (21.7107%)
entry 2132000/9806242 (21.7413%)
entry 2137000/9806242 (21.7922%)
entry 2138000/9806242 (21.8024%)
entry 2141000/9806242 (21.833%)
entry 2142000/9806242 (21.8432%)
entry 2143000/9806242 (21.8534%)
entry 2145000/9806242 (21.8738%)
entry 2148000/9806242 (21.9044%)
entry 2151000/9806242 (21.935%)
entry 2152000/9806242 (21.9452%)
entry 2156000/9806242 (21.986%)
entry 2162000/9806242 (22.0472%)
entry 2167000/9806242 (22.0982%)
entry 2168000/9806242 (22.1084%)
entry 2170000/9806242 (22.1288%)
entry 2172000/9806242 (22.1492%)
entry 2173000/9806242 (22.1594%)
entry 2175000/9806242 (22.1798%)
entry 2180000/9806242 (22.2307%)
entry 2181000/9806242 (22.2409%)
entry 2182000/9806242 (22.2511%)
entry 2186000/9806242 (22.2919%)
entry 2191000/9806242 (22.3429%)
entry 2192000/9806242 (22.3531%)
entry 2195000/9806242 (22.3837%)
entry 2196000/9806242 (22.3939%)
entry 2199000/9806242 (22.4245%)
entry 2200000/9806242 (22.4347%)
entry 2201000/9806242 (22.4449%)
entry 2205000/9806242 (22.4857%)
entry 2210000/9806242 (22.5367%)
entry 2220000/9806242 (22.6386%)
entry 2225000/9806242 (22.6896%)
entry 2228000/9806242 (22.7202%)
entry 2230000/9806242 (22.7406%)
entry 2233000/9806242 (22.7712%)
entry 2234000/9806242 (22.7814%)
entry 2235000/9806242 (22.7916%)
entry 2237000/9806242 (22.812%)
entry 2238000/9806242 (22.8222%)
entry 2240000/9806242 (22.8426%)
entry 2243000/9806242 (22.8732%)
entry 2247000/9806242 (22.914%)
entry 2250000/9806242 (22.9446%)
entry 2251000/9806242 (22.9548%)
entry 2259000/9806242 (23.0363%)
entry 2262000/9806242 (23.0669%)
entry 2263000/9806242 (23.0771%)
entry 2268000/9806242 (23.1281%)
entry 2270000/9806242 (23.1485%)
entry 2272000/9806242 (23.1689%)
entry 2276000/9806242 (23.2097%)
entry 2277000/9806242 (23.2199%)
entry 2278000/9806242 (23.2301%)
entry 2284000/9806242 (23.2913%)
entry 2285000/9806242 (23.3015%)
entry 2287000/9806242 (23.3219%)
entry 2298000/9806242 (23.4341%)
entry 2300000/9806242 (23.4544%)
entry 2303000/9806242 (23.485%)
entry 2306000/9806242 (23.5156%)
entry 2308000/9806242 (23.536%)
entry 2309000/9806242 (23.5462%)
entry 2310000/9806242 (23.5564%)
entry 2312000/9806242 (23.5768%)
entry 2317000/9806242 (23.6278%)
entry 2323000/9806242 (23.689%)
entry 2330000/9806242 (23.7604%)
entry 2333000/9806242 (23.791%)
entry 2336000/9806242 (23.8216%)
entry 2338000/9806242 (23.842%)
entry 2339000/9806242 (23.8522%)
entry 2342000/9806242 (23.8827%)
entry 2344000/9806242 (23.9031%)
entry 2354000/9806242 (24.0051%)
entry 2355000/9806242 (24.0153%)
entry 2358000/9806242 (24.0459%)
entry 2362000/9806242 (24.0867%)
entry 2365000/9806242 (24.1173%)
entry 2367000/9806242 (24.1377%)
entry 2369000/9806242 (24.1581%)
entry 2376000/9806242 (24.2295%)
entry 2383000/9806242 (24.3008%)
entry 2384000/9806242 (24.311%)
entry 2385000/9806242 (24.3212%)
entry 2388000/9806242 (24.3518%)
entry 2389000/9806242 (24.362%)
entry 2392000/9806242 (24.3926%)
entry 2393000/9806242 (24.4028%)
entry 2394000/9806242 (24.413%)
entry 2400000/9806242 (24.4742%)
entry 2407000/9806242 (24.5456%)
entry 2408000/9806242 (24.5558%)
entry 2412000/9806242 (24.5966%)
entry 2414000/9806242 (24.617%)
entry 2418000/9806242 (24.6578%)
entry 2422000/9806242 (24.6986%)
entry 2424000/9806242 (24.7189%)
entry 2427000/9806242 (24.7495%)
entry 2433000/9806242 (24.8107%)
entry 2434000/9806242 (24.8209%)
entry 2437000/9806242 (24.8515%)
entry 2443000/9806242 (24.9127%)
entry 2447000/9806242 (24.9535%)
entry 2448000/9806242 (24.9637%)
entry 2452000/9806242 (25.0045%)
entry 2459000/9806242 (25.0759%)
entry 2460000/9806242 (25.0861%)
entry 2461000/9806242 (25.0963%)
entry 2463000/9806242 (25.1167%)
entry 2466000/9806242 (25.1472%)
entry 2467000/9806242 (25.1574%)
entry 2469000/9806242 (25.1778%)
entry 2471000/9806242 (25.1982%)
entry 2476000/9806242 (25.2492%)
entry 2479000/9806242 (25.2798%)
entry 2481000/9806242 (25.3002%)
entry 2489000/9806242 (25.3818%)
entry 2493000/9806242 (25.4226%)
entry 2495000/9806242 (25.443%)
entry 2499000/9806242 (25.4838%)
entry 2502000/9806242 (25.5144%)
entry 2504000/9806242 (25.5348%)
entry 2512000/9806242 (25.6163%)
entry 2516000/9806242 (25.6571%)
entry 2519000/9806242 (25.6877%)
entry 2526000/9806242 (25.7591%)
entry 2528000/9806242 (25.7795%)
entry 2530000/9806242 (25.7999%)
entry 2534000/9806242 (25.8407%)
entry 2535000/9806242 (25.8509%)
entry 2548000/9806242 (25.9834%)
entry 2551000/9806242 (26.014%)
entry 2555000/9806242 (26.0548%)
entry 2556000/9806242 (26.065%)
entry 2557000/9806242 (26.0752%)
entry 2559000/9806242 (26.0956%)
entry 2560000/9806242 (26.1058%)
entry 2561000/9806242 (26.116%)
entry 2563000/9806242 (26.1364%)
entry 2571000/9806242 (26.218%)
entry 2574000/9806242 (26.2486%)
entry 2578000/9806242 (26.2894%)
entry 2584000/9806242 (26.3506%)
entry 2593000/9806242 (26.4423%)
entry 2594000/9806242 (26.4525%)
entry 2595000/9806242 (26.4627%)
entry 2596000/9806242 (26.4729%)
entry 2598000/9806242 (26.4933%)
entry 2603000/9806242 (26.5443%)
entry 2608000/9806242 (26.5953%)
entry 2614000/9806242 (26.6565%)
entry 2617000/9806242 (26.6871%)
entry 2620000/9806242 (26.7177%)
entry 2625000/9806242 (26.7687%)
entry 2626000/9806242 (26.7789%)
entry 2628000/9806242 (26.7993%)
entry 2629000/9806242 (26.8095%)
entry 2630000/9806242 (26.8197%)
entry 2631000/9806242 (26.8299%)
entry 2634000/9806242 (26.8604%)
entry 2635000/9806242 (26.8706%)
entry 2636000/9806242 (26.8808%)
entry 2639000/9806242 (26.9114%)
entry 2640000/9806242 (26.9216%)
entry 2641000/9806242 (26.9318%)
entry 2643000/9806242 (26.9522%)
entry 2644000/9806242 (26.9624%)
entry 2649000/9806242 (27.0134%)
entry 2651000/9806242 (27.0338%)
entry 2652000/9806242 (27.044%)
entry 2653000/9806242 (27.0542%)
entry 2657000/9806242 (27.095%)
entry 2672000/9806242 (27.248%)
entry 2674000/9806242 (27.2683%)
entry 2681000/9806242 (27.3397%)
entry 2688000/9806242 (27.4111%)
entry 2689000/9806242 (27.4213%)
entry 2690000/9806242 (27.4315%)
entry 2692000/9806242 (27.4519%)
entry 2693000/9806242 (27.4621%)
entry 2694000/9806242 (27.4723%)
entry 2695000/9806242 (27.4825%)
entry 2697000/9806242 (27.5029%)
entry 2701000/9806242 (27.5437%)
entry 2703000/9806242 (27.5641%)
entry 2705000/9806242 (27.5845%)
entry 2706000/9806242 (27.5947%)
entry 2708000/9806242 (27.6151%)
entry 2709000/9806242 (27.6253%)
entry 2710000/9806242 (27.6355%)
entry 2711000/9806242 (27.6457%)
entry 2716000/9806242 (27.6966%)
entry 2717000/9806242 (27.7068%)
entry 2718000/9806242 (27.717%)
entry 2719000/9806242 (27.7272%)
entry 2722000/9806242 (27.7578%)
entry 2723000/9806242 (27.768%)
entry 2729000/9806242 (27.8292%)
entry 2730000/9806242 (27.8394%)
entry 2731000/9806242 (27.8496%)
entry 2739000/9806242 (27.9312%)
entry 2743000/9806242 (27.972%)
entry 2744000/9806242 (27.9822%)
entry 2746000/9806242 (28.0026%)
entry 2747000/9806242 (28.0128%)
entry 2748000/9806242 (28.023%)
entry 2749000/9806242 (28.0332%)
entry 2750000/9806242 (28.0434%)
entry 2754000/9806242 (28.0842%)
entry 2762000/9806242 (28.1657%)
entry 2769000/9806242 (28.2371%)
entry 2772000/9806242 (28.2677%)
entry 2776000/9806242 (28.3085%)
entry 2777000/9806242 (28.3187%)
entry 2779000/9806242 (28.3391%)
entry 2781000/9806242 (28.3595%)
entry 2786000/9806242 (28.4105%)
entry 2791000/9806242 (28.4615%)
entry 2792000/9806242 (28.4717%)
entry 2793000/9806242 (28.4819%)
entry 2795000/9806242 (28.5023%)
entry 2797000/9806242 (28.5226%)
entry 2799000/9806242 (28.543%)
entry 2800000/9806242 (28.5532%)
entry 2807000/9806242 (28.6246%)
entry 2810000/9806242 (28.6552%)
entry 2811000/9806242 (28.6654%)
entry 2812000/9806242 (28.6756%)
entry 2814000/9806242 (28.696%)
entry 2815000/9806242 (28.7062%)
entry 2817000/9806242 (28.7266%)
entry 2822000/9806242 (28.7776%)
entry 2831000/9806242 (28.8694%)
entry 2833000/9806242 (28.8898%)
entry 2834000/9806242 (28.9%)
entry 2836000/9806242 (28.9204%)
entry 2838000/9806242 (28.9407%)
entry 2839000/9806242 (28.9509%)
entry 2844000/9806242 (29.0019%)
entry 2845000/9806242 (29.0121%)
entry 2847000/9806242 (29.0325%)
entry 2850000/9806242 (29.0631%)
entry 2852000/9806242 (29.0835%)
entry 2856000/9806242 (29.1243%)
entry 2857000/9806242 (29.1345%)
entry 2861000/9806242 (29.1753%)
entry 2864000/9806242 (29.2059%)
entry 2865000/9806242 (29.2161%)
entry 2866000/9806242 (29.2263%)
entry 2867000/9806242 (29.2365%)
entry 2869000/9806242 (29.2569%)
entry 2871000/9806242 (29.2773%)
entry 2873000/9806242 (29.2977%)
entry 2880000/9806242 (29.3691%)
entry 2881000/9806242 (29.3792%)
entry 2882000/9806242 (29.3894%)
entry 2887000/9806242 (29.4404%)
entry 2888000/9806242 (29.4506%)
entry 2890000/9806242 (29.471%)
entry 2891000/9806242 (29.4812%)
entry 2893000/9806242 (29.5016%)
entry 2899000/9806242 (29.5628%)
entry 2905000/9806242 (29.624%)
entry 2910000/9806242 (29.675%)
entry 2911000/9806242 (29.6852%)
entry 2916000/9806242 (29.7362%)
entry 2918000/9806242 (29.7566%)
entry 2922000/9806242 (29.7973%)
entry 2926000/9806242 (29.8381%)
entry 2927000/9806242 (29.8483%)
entry 2930000/9806242 (29.8789%)
entry 2931000/9806242 (29.8891%)
entry 2939000/9806242 (29.9707%)
entry 2942000/9806242 (30.0013%)
entry 2943000/9806242 (30.0115%)
entry 2945000/9806242 (30.0319%)
entry 2947000/9806242 (30.0523%)
entry 2948000/9806242 (30.0625%)
entry 2951000/9806242 (30.0931%)
entry 2955000/9806242 (30.1339%)
entry 2957000/9806242 (30.1543%)
entry 2964000/9806242 (30.2256%)
entry 2968000/9806242 (30.2664%)
entry 2970000/9806242 (30.2868%)
entry 2971000/9806242 (30.297%)
entry 2979000/9806242 (30.3786%)
entry 2984000/9806242 (30.4296%)
entry 2989000/9806242 (30.4806%)
entry 2990000/9806242 (30.4908%)
entry 2991000/9806242 (30.501%)
entry 3001000/9806242 (30.603%)
entry 3003000/9806242 (30.6234%)
entry 3004000/9806242 (30.6336%)
entry 3007000/9806242 (30.6641%)
entry 3009000/9806242 (30.6845%)
entry 3010000/9806242 (30.6947%)
entry 3011000/9806242 (30.7049%)
entry 3015000/9806242 (30.7457%)
entry 3017000/9806242 (30.7661%)
entry 3023000/9806242 (30.8273%)
entry 3024000/9806242 (30.8375%)
entry 3025000/9806242 (30.8477%)
entry 3028000/9806242 (30.8783%)
entry 3030000/9806242 (30.8987%)
entry 3033000/9806242 (30.9293%)
entry 3034000/9806242 (30.9395%)
entry 3035000/9806242 (30.9497%)
entry 3040000/9806242 (31.0007%)
entry 3046000/9806242 (31.0618%)
entry 3047000/9806242 (31.072%)
entry 3053000/9806242 (31.1332%)
entry 3058000/9806242 (31.1842%)
entry 3059000/9806242 (31.1944%)
entry 3065000/9806242 (31.2556%)
entry 3068000/9806242 (31.2862%)
entry 3072000/9806242 (31.327%)
entry 3073000/9806242 (31.3372%)
entry 3075000/9806242 (31.3576%)
entry 3076000/9806242 (31.3678%)
entry 3080000/9806242 (31.4086%)
entry 3081000/9806242 (31.4188%)
entry 3083000/9806242 (31.4392%)
entry 3085000/9806242 (31.4596%)
entry 3086000/9806242 (31.4698%)
entry 3088000/9806242 (31.4901%)
entry 3092000/9806242 (31.5309%)
entry 3096000/9806242 (31.5717%)
entry 3100000/9806242 (31.6125%)
entry 3101000/9806242 (31.6227%)
entry 3103000/9806242 (31.6431%)
entry 3106000/9806242 (31.6737%)
entry 3107000/9806242 (31.6839%)
entry 3114000/9806242 (31.7553%)
entry 3121000/9806242 (31.8267%)
entry 3122000/9806242 (31.8369%)
entry 3124000/9806242 (31.8573%)
entry 3127000/9806242 (31.8879%)
entry 3128000/9806242 (31.8981%)
entry 3129000/9806242 (31.9082%)
entry 3131000/9806242 (31.9286%)
entry 3133000/9806242 (31.949%)
entry 3136000/9806242 (31.9796%)
entry 3140000/9806242 (32.0204%)
entry 3142000/9806242 (32.0408%)
entry 3145000/9806242 (32.0714%)
entry 3148000/9806242 (32.102%)
entry 3149000/9806242 (32.1122%)
entry 3150000/9806242 (32.1224%)
entry 3154000/9806242 (32.1632%)
entry 3155000/9806242 (32.1734%)
entry 3156000/9806242 (32.1836%)
entry 3159000/9806242 (32.2142%)
entry 3160000/9806242 (32.2244%)
entry 3165000/9806242 (32.2754%)
entry 3167000/9806242 (32.2958%)
entry 3172000/9806242 (32.3467%)
entry 3175000/9806242 (32.3773%)
entry 3176000/9806242 (32.3875%)
entry 3180000/9806242 (32.4283%)
entry 3182000/9806242 (32.4487%)
entry 3185000/9806242 (32.4793%)
entry 3189000/9806242 (32.5201%)
entry 3193000/9806242 (32.5609%)
entry 3198000/9806242 (32.6119%)
entry 3201000/9806242 (32.6425%)
entry 3205000/9806242 (32.6833%)
entry 3207000/9806242 (32.7037%)
entry 3209000/9806242 (32.7241%)
entry 3210000/9806242 (32.7343%)
entry 3215000/9806242 (32.7852%)
entry 3217000/9806242 (32.8056%)
entry 3219000/9806242 (32.826%)
entry 3226000/9806242 (32.8974%)
entry 3227000/9806242 (32.9076%)
entry 3229000/9806242 (32.928%)
entry 3230000/9806242 (32.9382%)
entry 3231000/9806242 (32.9484%)
entry 3233000/9806242 (32.9688%)
entry 3234000/9806242 (32.979%)
entry 3237000/9806242 (33.0096%)
entry 3240000/9806242 (33.0402%)
entry 3241000/9806242 (33.0504%)
entry 3243000/9806242 (33.0708%)
entry 3246000/9806242 (33.1014%)
entry 3248000/9806242 (33.1218%)
entry 3249000/9806242 (33.132%)
entry 3253000/9806242 (33.1727%)
entry 3256000/9806242 (33.2033%)
entry 3257000/9806242 (33.2135%)
entry 3259000/9806242 (33.2339%)
entry 3260000/9806242 (33.2441%)
entry 3264000/9806242 (33.2849%)
entry 3269000/9806242 (33.3359%)
entry 3270000/9806242 (33.3461%)
entry 3271000/9806242 (33.3563%)
entry 3272000/9806242 (33.3665%)
entry 3273000/9806242 (33.3767%)
entry 3274000/9806242 (33.3869%)
entry 3275000/9806242 (33.3971%)
entry 3276000/9806242 (33.4073%)
entry 3280000/9806242 (33.4481%)
entry 3281000/9806242 (33.4583%)
entry 3284000/9806242 (33.4889%)
entry 3285000/9806242 (33.4991%)
entry 3287000/9806242 (33.5195%)
entry 3292000/9806242 (33.5705%)
entry 3293000/9806242 (33.5807%)
entry 3294000/9806242 (33.5909%)
entry 3298000/9806242 (33.6316%)
entry 3299000/9806242 (33.6418%)
entry 3302000/9806242 (33.6724%)
entry 3303000/9806242 (33.6826%)
entry 3304000/9806242 (33.6928%)
entry 3310000/9806242 (33.754%)
entry 3311000/9806242 (33.7642%)
entry 3312000/9806242 (33.7744%)
entry 3314000/9806242 (33.7948%)
entry 3315000/9806242 (33.805%)
entry 3316000/9806242 (33.8152%)
entry 3321000/9806242 (33.8662%)
entry 3326000/9806242 (33.9172%)
entry 3329000/9806242 (33.9478%)
entry 3332000/9806242 (33.9784%)
entry 3335000/9806242 (34.0089%)
entry 3336000/9806242 (34.0191%)
entry 3337000/9806242 (34.0293%)
entry 3344000/9806242 (34.1007%)
entry 3347000/9806242 (34.1313%)
entry 3348000/9806242 (34.1415%)
entry 3349000/9806242 (34.1517%)
entry 3351000/9806242 (34.1721%)
entry 3355000/9806242 (34.2129%)
entry 3357000/9806242 (34.2333%)
entry 3358000/9806242 (34.2435%)
entry 3359000/9806242 (34.2537%)
entry 3365000/9806242 (34.3149%)
entry 3370000/9806242 (34.3659%)
entry 3375000/9806242 (34.4169%)
entry 3376000/9806242 (34.4271%)
entry 3379000/9806242 (34.4576%)
entry 3386000/9806242 (34.529%)
entry 3391000/9806242 (34.58%)
entry 3395000/9806242 (34.6208%)
entry 3396000/9806242 (34.631%)
entry 3399000/9806242 (34.6616%)
entry 3407000/9806242 (34.7432%)
entry 3414000/9806242 (34.8146%)
entry 3416000/9806242 (34.835%)
entry 3420000/9806242 (34.8757%)
entry 3421000/9806242 (34.8859%)
entry 3426000/9806242 (34.9369%)
entry 3427000/9806242 (34.9471%)
entry 3429000/9806242 (34.9675%)
entry 3432000/9806242 (34.9981%)
entry 3433000/9806242 (35.0083%)
entry 3435000/9806242 (35.0287%)
entry 3437000/9806242 (35.0491%)
entry 3447000/9806242 (35.1511%)
entry 3449000/9806242 (35.1715%)
entry 3457000/9806242 (35.2531%)
entry 3461000/9806242 (35.2938%)
entry 3462000/9806242 (35.304%)
entry 3464000/9806242 (35.3244%)
entry 3466000/9806242 (35.3448%)
entry 3468000/9806242 (35.3652%)
entry 3469000/9806242 (35.3754%)
entry 3470000/9806242 (35.3856%)
entry 3472000/9806242 (35.406%)
entry 3478000/9806242 (35.4672%)
entry 3480000/9806242 (35.4876%)
entry 3481000/9806242 (35.4978%)
entry 3484000/9806242 (35.5284%)
entry 3485000/9806242 (35.5386%)
entry 3494000/9806242 (35.6304%)
entry 3497000/9806242 (35.661%)
entry 3499000/9806242 (35.6814%)
entry 3511000/9806242 (35.8037%)
entry 3517000/9806242 (35.8649%)
entry 3519000/9806242 (35.8853%)
entry 3523000/9806242 (35.9261%)
entry 3531000/9806242 (36.0077%)
entry 3532000/9806242 (36.0179%)
entry 3533000/9806242 (36.0281%)
entry 3534000/9806242 (36.0383%)
entry 3536000/9806242 (36.0587%)
entry 3544000/9806242 (36.1402%)
entry 3545000/9806242 (36.1504%)
entry 3547000/9806242 (36.1708%)
entry 3548000/9806242 (36.181%)
entry 3566000/9806242 (36.3646%)
entry 3568000/9806242 (36.385%)
entry 3570000/9806242 (36.4054%)
entry 3577000/9806242 (36.4768%)
entry 3578000/9806242 (36.487%)
entry 3583000/9806242 (36.538%)
entry 3585000/9806242 (36.5583%)
entry 3586000/9806242 (36.5685%)
entry 3587000/9806242 (36.5787%)
entry 3588000/9806242 (36.5889%)
entry 3590000/9806242 (36.6093%)
entry 3595000/9806242 (36.6603%)
entry 3596000/9806242 (36.6705%)
entry 3598000/9806242 (36.6909%)
entry 3609000/9806242 (36.8031%)
entry 3610000/9806242 (36.8133%)
entry 3612000/9806242 (36.8337%)
entry 3615000/9806242 (36.8643%)
entry 3616000/9806242 (36.8745%)
entry 3624000/9806242 (36.9561%)
entry 3626000/9806242 (36.9764%)
entry 3627000/9806242 (36.9866%)
entry 3628000/9806242 (36.9968%)
entry 3631000/9806242 (37.0274%)
entry 3635000/9806242 (37.0682%)
entry 3637000/9806242 (37.0886%)
entry 3638000/9806242 (37.0988%)
entry 3642000/9806242 (37.1396%)
entry 3645000/9806242 (37.1702%)
entry 3646000/9806242 (37.1804%)
entry 3651000/9806242 (37.2314%)
entry 3654000/9806242 (37.262%)
entry 3656000/9806242 (37.2824%)
entry 3659000/9806242 (37.313%)
entry 3660000/9806242 (37.3232%)
entry 3661000/9806242 (37.3334%)
entry 3664000/9806242 (37.364%)
entry 3665000/9806242 (37.3742%)
entry 3668000/9806242 (37.4047%)
entry 3671000/9806242 (37.4353%)
entry 3672000/9806242 (37.4455%)
entry 3675000/9806242 (37.4761%)
entry 3676000/9806242 (37.4863%)
entry 3679000/9806242 (37.5169%)
entry 3682000/9806242 (37.5475%)
entry 3683000/9806242 (37.5577%)
entry 3688000/9806242 (37.6087%)
entry 3690000/9806242 (37.6291%)
entry 3696000/9806242 (37.6903%)
entry 3701000/9806242 (37.7413%)
entry 3703000/9806242 (37.7617%)
entry 3704000/9806242 (37.7719%)
entry 3705000/9806242 (37.7821%)
entry 3706000/9806242 (37.7923%)
entry 3708000/9806242 (37.8127%)
entry 3710000/9806242 (37.833%)
entry 3718000/9806242 (37.9146%)
entry 3721000/9806242 (37.9452%)
entry 3722000/9806242 (37.9554%)
entry 3730000/9806242 (38.037%)
entry 3732000/9806242 (38.0574%)
entry 3733000/9806242 (38.0676%)
entry 3734000/9806242 (38.0778%)
entry 3735000/9806242 (38.088%)
entry 3736000/9806242 (38.0982%)
entry 3737000/9806242 (38.1084%)
entry 3740000/9806242 (38.139%)
entry 3742000/9806242 (38.1594%)
entry 3745000/9806242 (38.19%)
entry 3750000/9806242 (38.2409%)
entry 3751000/9806242 (38.2511%)
entry 3758000/9806242 (38.3225%)
entry 3763000/9806242 (38.3735%)
entry 3767000/9806242 (38.4143%)
entry 3774000/9806242 (38.4857%)
entry 3776000/9806242 (38.5061%)
entry 3777000/9806242 (38.5163%)
entry 3778000/9806242 (38.5265%)
entry 3779000/9806242 (38.5367%)
entry 3780000/9806242 (38.5469%)
entry 3781000/9806242 (38.5571%)
entry 3783000/9806242 (38.5775%)
entry 3785000/9806242 (38.5979%)
entry 3786000/9806242 (38.6081%)
entry 3788000/9806242 (38.6285%)
entry 3790000/9806242 (38.6489%)
entry 3792000/9806242 (38.6692%)
entry 3793000/9806242 (38.6794%)
entry 3796000/9806242 (38.71%)
entry 3798000/9806242 (38.7304%)
entry 3801000/9806242 (38.761%)
entry 3807000/9806242 (38.8222%)
entry 3810000/9806242 (38.8528%)
entry 3811000/9806242 (38.863%)
entry 3814000/9806242 (38.8936%)
entry 3815000/9806242 (38.9038%)
entry 3822000/9806242 (38.9752%)
entry 3823000/9806242 (38.9854%)
entry 3825000/9806242 (39.0058%)
entry 3828000/9806242 (39.0364%)
entry 3834000/9806242 (39.0975%)
entry 3837000/9806242 (39.1281%)
entry 3840000/9806242 (39.1587%)
entry 3841000/9806242 (39.1689%)
entry 3851000/9806242 (39.2709%)
entry 3854000/9806242 (39.3015%)
entry 3856000/9806242 (39.3219%)
entry 3857000/9806242 (39.3321%)
entry 3863000/9806242 (39.3933%)
entry 3870000/9806242 (39.4647%)
entry 3874000/9806242 (39.5054%)
entry 3877000/9806242 (39.536%)
entry 3880000/9806242 (39.5666%)
entry 3890000/9806242 (39.6686%)
entry 3892000/9806242 (39.689%)
entry 3896000/9806242 (39.7298%)
entry 3901000/9806242 (39.7808%)
entry 3903000/9806242 (39.8012%)
entry 3907000/9806242 (39.842%)
entry 3908000/9806242 (39.8522%)
entry 3910000/9806242 (39.8726%)
entry 3912000/9806242 (39.893%)
entry 3916000/9806242 (39.9337%)
entry 3921000/9806242 (39.9847%)
entry 3926000/9806242 (40.0357%)
entry 3929000/9806242 (40.0663%)
entry 3930000/9806242 (40.0765%)
entry 3932000/9806242 (40.0969%)
entry 3937000/9806242 (40.1479%)
entry 3946000/9806242 (40.2397%)
entry 3948000/9806242 (40.2601%)
entry 3953000/9806242 (40.3111%)
entry 3956000/9806242 (40.3417%)
entry 3957000/9806242 (40.3518%)
entry 3958000/9806242 (40.362%)
entry 3959000/9806242 (40.3722%)
entry 3963000/9806242 (40.413%)
entry 3968000/9806242 (40.464%)
entry 3969000/9806242 (40.4742%)
entry 3971000/9806242 (40.4946%)
entry 3975000/9806242 (40.5354%)
entry 3976000/9806242 (40.5456%)
entry 3981000/9806242 (40.5966%)
entry 3982000/9806242 (40.6068%)
entry 3984000/9806242 (40.6272%)
entry 3988000/9806242 (40.668%)
entry 3990000/9806242 (40.6884%)
entry 3991000/9806242 (40.6986%)
entry 3997000/9806242 (40.7598%)
entry 4002000/9806242 (40.8107%)
entry 4003000/9806242 (40.8209%)
entry 4006000/9806242 (40.8515%)
entry 4008000/9806242 (40.8719%)
entry 4010000/9806242 (40.8923%)
entry 4023000/9806242 (41.0249%)
entry 4025000/9806242 (41.0453%)
entry 4026000/9806242 (41.0555%)
entry 4033000/9806242 (41.1269%)
entry 4040000/9806242 (41.1982%)
entry 4044000/9806242 (41.239%)
entry 4046000/9806242 (41.2594%)
entry 4048000/9806242 (41.2798%)
entry 4050000/9806242 (41.3002%)
entry 4055000/9806242 (41.3512%)
entry 4056000/9806242 (41.3614%)
entry 4057000/9806242 (41.3716%)
entry 4058000/9806242 (41.3818%)
entry 4066000/9806242 (41.4634%)
entry 4074000/9806242 (41.545%)
entry 4082000/9806242 (41.6265%)
entry 4084000/9806242 (41.6469%)
entry 4085000/9806242 (41.6571%)
entry 4088000/9806242 (41.6877%)
entry 4090000/9806242 (41.7081%)
entry 4092000/9806242 (41.7285%)
entry 4093000/9806242 (41.7387%)
entry 4094000/9806242 (41.7489%)
entry 4105000/9806242 (41.8611%)
entry 4106000/9806242 (41.8713%)
entry 4107000/9806242 (41.8815%)
entry 4117000/9806242 (41.9835%)
entry 4119000/9806242 (42.0039%)
entry 4120000/9806242 (42.0141%)
entry 4122000/9806242 (42.0345%)
entry 4123000/9806242 (42.0446%)
entry 4124000/9806242 (42.0548%)
entry 4127000/9806242 (42.0854%)
entry 4129000/9806242 (42.1058%)
entry 4132000/9806242 (42.1364%)
entry 4135000/9806242 (42.167%)
entry 4136000/9806242 (42.1772%)
entry 4137000/9806242 (42.1874%)
entry 4138000/9806242 (42.1976%)
entry 4139000/9806242 (42.2078%)
entry 4141000/9806242 (42.2282%)
entry 4149000/9806242 (42.3098%)
entry 4151000/9806242 (42.3302%)
entry 4152000/9806242 (42.3404%)
entry 4153000/9806242 (42.3506%)
entry 4157000/9806242 (42.3914%)
entry 4158000/9806242 (42.4016%)
entry 4162000/9806242 (42.4424%)
entry 4170000/9806242 (42.5239%)
entry 4171000/9806242 (42.5341%)
entry 4173000/9806242 (42.5545%)
entry 4176000/9806242 (42.5851%)
entry 4178000/9806242 (42.6055%)
entry 4180000/9806242 (42.6259%)
entry 4183000/9806242 (42.6565%)
entry 4187000/9806242 (42.6973%)
entry 4191000/9806242 (42.7381%)
entry 4194000/9806242 (42.7687%)
entry 4195000/9806242 (42.7789%)
entry 4199000/9806242 (42.8197%)
entry 4201000/9806242 (42.8401%)
entry 4205000/9806242 (42.8809%)
entry 4206000/9806242 (42.891%)
entry 4208000/9806242 (42.9114%)
entry 4209000/9806242 (42.9216%)
entry 4210000/9806242 (42.9318%)
entry 4213000/9806242 (42.9624%)
entry 4215000/9806242 (42.9828%)
entry 4222000/9806242 (43.0542%)
entry 4227000/9806242 (43.1052%)
entry 4228000/9806242 (43.1154%)
entry 4233000/9806242 (43.1664%)
entry 4235000/9806242 (43.1868%)
entry 4237000/9806242 (43.2072%)
entry 4238000/9806242 (43.2174%)
entry 4239000/9806242 (43.2276%)
entry 4240000/9806242 (43.2378%)
entry 4244000/9806242 (43.2786%)
entry 4246000/9806242 (43.299%)
entry 4248000/9806242 (43.3193%)
entry 4249000/9806242 (43.3295%)
entry 4250000/9806242 (43.3397%)
entry 4255000/9806242 (43.3907%)
entry 4256000/9806242 (43.4009%)
entry 4259000/9806242 (43.4315%)
entry 4261000/9806242 (43.4519%)
entry 4262000/9806242 (43.4621%)
entry 4265000/9806242 (43.4927%)
entry 4271000/9806242 (43.5539%)
entry 4279000/9806242 (43.6355%)
entry 4290000/9806242 (43.7476%)
entry 4294000/9806242 (43.7884%)
entry 4302000/9806242 (43.87%)
entry 4306000/9806242 (43.9108%)
entry 4307000/9806242 (43.921%)
entry 4308000/9806242 (43.9312%)
entry 4311000/9806242 (43.9618%)
entry 4315000/9806242 (44.0026%)
entry 4322000/9806242 (44.074%)
entry 4323000/9806242 (44.0842%)
entry 4327000/9806242 (44.125%)
entry 4329000/9806242 (44.1454%)
entry 4331000/9806242 (44.1657%)
entry 4334000/9806242 (44.1963%)
entry 4337000/9806242 (44.2269%)
entry 4339000/9806242 (44.2473%)
entry 4345000/9806242 (44.3085%)
entry 4347000/9806242 (44.3289%)
entry 4351000/9806242 (44.3697%)
entry 4353000/9806242 (44.3901%)
entry 4357000/9806242 (44.4309%)
entry 4358000/9806242 (44.4411%)
entry 4359000/9806242 (44.4513%)
entry 4360000/9806242 (44.4615%)
entry 4364000/9806242 (44.5023%)
entry 4366000/9806242 (44.5227%)
entry 4369000/9806242 (44.5533%)
entry 4377000/9806242 (44.6348%)
entry 4378000/9806242 (44.645%)
entry 4379000/9806242 (44.6552%)
entry 4380000/9806242 (44.6654%)
entry 4382000/9806242 (44.6858%)
entry 4385000/9806242 (44.7164%)
entry 4386000/9806242 (44.7266%)
entry 4387000/9806242 (44.7368%)
entry 4389000/9806242 (44.7572%)
entry 4395000/9806242 (44.8184%)
entry 4398000/9806242 (44.849%)
entry 4401000/9806242 (44.8796%)
entry 4403000/9806242 (44.9%)
entry 4404000/9806242 (44.9102%)
entry 4405000/9806242 (44.9204%)
entry 4408000/9806242 (44.951%)
entry 4411000/9806242 (44.9816%)
entry 4413000/9806242 (45.0019%)
entry 4416000/9806242 (45.0325%)
entry 4420000/9806242 (45.0733%)
entry 4421000/9806242 (45.0835%)
entry 4423000/9806242 (45.1039%)
entry 4426000/9806242 (45.1345%)
entry 4427000/9806242 (45.1447%)
entry 4432000/9806242 (45.1957%)
entry 4433000/9806242 (45.2059%)
entry 4434000/9806242 (45.2161%)
entry 4436000/9806242 (45.2365%)
entry 4441000/9806242 (45.2875%)
entry 4447000/9806242 (45.3487%)
entry 4449000/9806242 (45.3691%)
entry 4459000/9806242 (45.471%)
entry 4462000/9806242 (45.5016%)
entry 4467000/9806242 (45.5526%)
entry 4470000/9806242 (45.5832%)
entry 4476000/9806242 (45.6444%)
entry 4483000/9806242 (45.7158%)
entry 4485000/9806242 (45.7362%)
entry 4490000/9806242 (45.7872%)
entry 4492000/9806242 (45.8076%)
entry 4496000/9806242 (45.8483%)
entry 4499000/9806242 (45.8789%)
entry 4500000/9806242 (45.8891%)
entry 4501000/9806242 (45.8993%)
entry 4504000/9806242 (45.9299%)
entry 4507000/9806242 (45.9605%)
entry 4511000/9806242 (46.0013%)
entry 4517000/9806242 (46.0625%)
entry 4518000/9806242 (46.0727%)
entry 4523000/9806242 (46.1237%)
entry 4524000/9806242 (46.1339%)
entry 4526000/9806242 (46.1543%)
entry 4530000/9806242 (46.1951%)
entry 4531000/9806242 (46.2053%)
entry 4534000/9806242 (46.2359%)
entry 4538000/9806242 (46.2766%)
entry 4539000/9806242 (46.2868%)
entry 4541000/9806242 (46.3072%)
entry 4542000/9806242 (46.3174%)
entry 4543000/9806242 (46.3276%)
entry 4545000/9806242 (46.348%)
entry 4546000/9806242 (46.3582%)
entry 4553000/9806242 (46.4296%)
entry 4555000/9806242 (46.45%)
entry 4556000/9806242 (46.4602%)
entry 4557000/9806242 (46.4704%)
entry 4559000/9806242 (46.4908%)
entry 4564000/9806242 (46.5418%)
entry 4566000/9806242 (46.5622%)
entry 4572000/9806242 (46.6234%)
entry 4573000/9806242 (46.6336%)
entry 4574000/9806242 (46.6438%)
entry 4576000/9806242 (46.6642%)
entry 4578000/9806242 (46.6846%)
entry 4582000/9806242 (46.7253%)
entry 4590000/9806242 (46.8069%)
entry 4591000/9806242 (46.8171%)
entry 4594000/9806242 (46.8477%)
entry 4596000/9806242 (46.8681%)
entry 4602000/9806242 (46.9293%)
entry 4605000/9806242 (46.9599%)
entry 4609000/9806242 (47.0007%)
entry 4611000/9806242 (47.0211%)
entry 4613000/9806242 (47.0415%)
entry 4614000/9806242 (47.0517%)
entry 4615000/9806242 (47.0619%)
entry 4616000/9806242 (47.0721%)
entry 4625000/9806242 (47.1638%)
entry 4626000/9806242 (47.174%)
entry 4628000/9806242 (47.1944%)
entry 4629000/9806242 (47.2046%)
entry 4633000/9806242 (47.2454%)
entry 4634000/9806242 (47.2556%)
entry 4635000/9806242 (47.2658%)
entry 4637000/9806242 (47.2862%)
entry 4638000/9806242 (47.2964%)
entry 4640000/9806242 (47.3168%)
entry 4643000/9806242 (47.3474%)
entry 4646000/9806242 (47.378%)
entry 4648000/9806242 (47.3984%)
entry 4651000/9806242 (47.429%)
entry 4655000/9806242 (47.4698%)
entry 4656000/9806242 (47.48%)
entry 4659000/9806242 (47.5106%)
entry 4664000/9806242 (47.5615%)
entry 4667000/9806242 (47.5921%)
entry 4668000/9806242 (47.6023%)
entry 4672000/9806242 (47.6431%)
entry 4679000/9806242 (47.7145%)
entry 4685000/9806242 (47.7757%)
entry 4686000/9806242 (47.7859%)
entry 4690000/9806242 (47.8267%)
entry 4691000/9806242 (47.8369%)
entry 4692000/9806242 (47.8471%)
entry 4694000/9806242 (47.8675%)
entry 4699000/9806242 (47.9185%)
entry 4701000/9806242 (47.9389%)
entry 4704000/9806242 (47.9694%)
entry 4710000/9806242 (48.0306%)
entry 4719000/9806242 (48.1224%)
entry 4724000/9806242 (48.1734%)
entry 4733000/9806242 (48.2652%)
entry 4738000/9806242 (48.3162%)
entry 4740000/9806242 (48.3366%)
entry 4742000/9806242 (48.357%)
entry 4746000/9806242 (48.3977%)
entry 4749000/9806242 (48.4283%)
entry 4751000/9806242 (48.4487%)
entry 4752000/9806242 (48.4589%)
entry 4753000/9806242 (48.4691%)
entry 4754000/9806242 (48.4793%)
entry 4755000/9806242 (48.4895%)
entry 4757000/9806242 (48.5099%)
entry 4765000/9806242 (48.5915%)
entry 4769000/9806242 (48.6323%)
entry 4771000/9806242 (48.6527%)
entry 4775000/9806242 (48.6935%)
entry 4777000/9806242 (48.7139%)
entry 4780000/9806242 (48.7445%)
entry 4785000/9806242 (48.7954%)
entry 4786000/9806242 (48.8056%)
entry 4787000/9806242 (48.8158%)
entry 4793000/9806242 (48.877%)
entry 4794000/9806242 (48.8872%)
entry 4796000/9806242 (48.9076%)
entry 4798000/9806242 (48.928%)
entry 4799000/9806242 (48.9382%)
entry 4806000/9806242 (49.0096%)
entry 4807000/9806242 (49.0198%)
entry 4809000/9806242 (49.0402%)
entry 4814000/9806242 (49.0912%)
entry 4816000/9806242 (49.1116%)
entry 4817000/9806242 (49.1218%)
entry 4820000/9806242 (49.1524%)
entry 4821000/9806242 (49.1626%)
entry 4824000/9806242 (49.1932%)
entry 4825000/9806242 (49.2034%)
entry 4829000/9806242 (49.2441%)
entry 4830000/9806242 (49.2543%)
entry 4831000/9806242 (49.2645%)
entry 4832000/9806242 (49.2747%)
entry 4833000/9806242 (49.2849%)
entry 4844000/9806242 (49.3971%)
entry 4848000/9806242 (49.4379%)
entry 4854000/9806242 (49.4991%)
entry 4859000/9806242 (49.5501%)
entry 4860000/9806242 (49.5603%)
entry 4862000/9806242 (49.5807%)
entry 4863000/9806242 (49.5909%)
entry 4864000/9806242 (49.6011%)
entry 4865000/9806242 (49.6113%)
entry 4866000/9806242 (49.6215%)
entry 4867000/9806242 (49.6317%)
entry 4871000/9806242 (49.6724%)
entry 4879000/9806242 (49.754%)
entry 4881000/9806242 (49.7744%)
entry 4882000/9806242 (49.7846%)
entry 4885000/9806242 (49.8152%)
entry 4886000/9806242 (49.8254%)
entry 4889000/9806242 (49.856%)
entry 4891000/9806242 (49.8764%)
entry 4892000/9806242 (49.8866%)
entry 4893000/9806242 (49.8968%)
entry 4896000/9806242 (49.9274%)
entry 4898000/9806242 (49.9478%)
entry 4902000/9806242 (49.9886%)
entry 4903000/9806242 (49.9988%)
entry 4904000/9806242 (50.009%)
entry 4916000/9806242 (50.1313%)
entry 4926000/9806242 (50.2333%)
entry 4930000/9806242 (50.2741%)
entry 4931000/9806242 (50.2843%)
entry 4934000/9806242 (50.3149%)
entry 4936000/9806242 (50.3353%)
entry 4939000/9806242 (50.3659%)
entry 4942000/9806242 (50.3965%)
entry 4947000/9806242 (50.4475%)
entry 4949000/9806242 (50.4679%)
entry 4955000/9806242 (50.529%)
entry 4956000/9806242 (50.5392%)
entry 4957000/9806242 (50.5494%)
entry 4960000/9806242 (50.58%)
entry 4961000/9806242 (50.5902%)
entry 4962000/9806242 (50.6004%)
entry 4965000/9806242 (50.631%)
entry 4971000/9806242 (50.6922%)
entry 4973000/9806242 (50.7126%)
entry 4974000/9806242 (50.7228%)
entry 4986000/9806242 (50.8452%)
entry 4988000/9806242 (50.8656%)
entry 4992000/9806242 (50.9064%)
entry 4998000/9806242 (50.9675%)
entry 4999000/9806242 (50.9777%)
entry 5000000/9806242 (50.9879%)
entry 5007000/9806242 (51.0593%)
entry 5010000/9806242 (51.0899%)
entry 5017000/9806242 (51.1613%)
entry 5018000/9806242 (51.1715%)
entry 5019000/9806242 (51.1817%)
entry 5020000/9806242 (51.1919%)
entry 5024000/9806242 (51.2327%)
entry 5029000/9806242 (51.2837%)
entry 5033000/9806242 (51.3245%)
entry 5034000/9806242 (51.3346%)
entry 5035000/9806242 (51.3448%)
entry 5036000/9806242 (51.355%)
entry 5038000/9806242 (51.3754%)
entry 5039000/9806242 (51.3856%)
entry 5040000/9806242 (51.3958%)
entry 5044000/9806242 (51.4366%)
entry 5050000/9806242 (51.4978%)
entry 5054000/9806242 (51.5386%)
entry 5056000/9806242 (51.559%)
entry 5062000/9806242 (51.6202%)
entry 5063000/9806242 (51.6304%)
entry 5065000/9806242 (51.6508%)
entry 5068000/9806242 (51.6814%)
entry 5070000/9806242 (51.7018%)
entry 5075000/9806242 (51.7528%)
entry 5081000/9806242 (51.8139%)
entry 5084000/9806242 (51.8445%)
entry 5090000/9806242 (51.9057%)
entry 5092000/9806242 (51.9261%)
entry 5095000/9806242 (51.9567%)
entry 5096000/9806242 (51.9669%)
entry 5098000/9806242 (51.9873%)
entry 5106000/9806242 (52.0689%)
entry 5108000/9806242 (52.0893%)
entry 5115000/9806242 (52.1607%)
entry 5117000/9806242 (52.181%)
entry 5119000/9806242 (52.2014%)
entry 5120000/9806242 (52.2116%)
entry 5121000/9806242 (52.2218%)
entry 5122000/9806242 (52.232%)
entry 5127000/9806242 (52.283%)
entry 5133000/9806242 (52.3442%)
entry 5134000/9806242 (52.3544%)
entry 5135000/9806242 (52.3646%)
entry 5141000/9806242 (52.4258%)
entry 5148000/9806242 (52.4972%)
entry 5155000/9806242 (52.5686%)
entry 5156000/9806242 (52.5788%)
entry 5164000/9806242 (52.6603%)
entry 5165000/9806242 (52.6705%)
entry 5166000/9806242 (52.6807%)
entry 5170000/9806242 (52.7215%)
entry 5174000/9806242 (52.7623%)
entry 5182000/9806242 (52.8439%)
entry 5188000/9806242 (52.9051%)
entry 5193000/9806242 (52.9561%)
entry 5199000/9806242 (53.0173%)
entry 5200000/9806242 (53.0275%)
entry 5202000/9806242 (53.0478%)
entry 5203000/9806242 (53.058%)
entry 5213000/9806242 (53.16%)
entry 5217000/9806242 (53.2008%)
entry 5220000/9806242 (53.2314%)
entry 5221000/9806242 (53.2416%)
entry 5225000/9806242 (53.2824%)
entry 5226000/9806242 (53.2926%)
entry 5227000/9806242 (53.3028%)
entry 5229000/9806242 (53.3232%)
entry 5230000/9806242 (53.3334%)
entry 5231000/9806242 (53.3436%)
entry 5233000/9806242 (53.364%)
entry 5234000/9806242 (53.3742%)
entry 5236000/9806242 (53.3946%)
entry 5238000/9806242 (53.415%)
entry 5239000/9806242 (53.4252%)
entry 5240000/9806242 (53.4354%)
entry 5246000/9806242 (53.4965%)
entry 5253000/9806242 (53.5679%)
entry 5254000/9806242 (53.5781%)
entry 5256000/9806242 (53.5985%)
entry 5260000/9806242 (53.6393%)
entry 5261000/9806242 (53.6495%)
entry 5265000/9806242 (53.6903%)
entry 5266000/9806242 (53.7005%)
entry 5272000/9806242 (53.7617%)
entry 5274000/9806242 (53.7821%)
entry 5275000/9806242 (53.7923%)
entry 5278000/9806242 (53.8229%)
entry 5283000/9806242 (53.8738%)
entry 5286000/9806242 (53.9044%)
entry 5287000/9806242 (53.9146%)
entry 5288000/9806242 (53.9248%)
entry 5289000/9806242 (53.935%)
entry 5299000/9806242 (54.037%)
entry 5300000/9806242 (54.0472%)
entry 5303000/9806242 (54.0778%)
entry 5304000/9806242 (54.088%)
entry 5310000/9806242 (54.1492%)
entry 5319000/9806242 (54.241%)
entry 5322000/9806242 (54.2716%)
entry 5335000/9806242 (54.4041%)
entry 5337000/9806242 (54.4245%)
entry 5339000/9806242 (54.4449%)
entry 5340000/9806242 (54.4551%)
entry 5343000/9806242 (54.4857%)
entry 5345000/9806242 (54.5061%)
entry 5348000/9806242 (54.5367%)
entry 5350000/9806242 (54.5571%)
entry 5352000/9806242 (54.5775%)
entry 5366000/9806242 (54.7202%)
entry 5370000/9806242 (54.761%)
entry 5372000/9806242 (54.7814%)
entry 5373000/9806242 (54.7916%)
entry 5374000/9806242 (54.8018%)
entry 5376000/9806242 (54.8222%)
entry 5377000/9806242 (54.8324%)
entry 5379000/9806242 (54.8528%)
entry 5385000/9806242 (54.914%)
entry 5389000/9806242 (54.9548%)
entry 5391000/9806242 (54.9752%)
entry 5393000/9806242 (54.9956%)
entry 5401000/9806242 (55.0772%)
entry 5404000/9806242 (55.1078%)
entry 5410000/9806242 (55.1689%)
entry 5418000/9806242 (55.2505%)
entry 5421000/9806242 (55.2811%)
entry 5424000/9806242 (55.3117%)
entry 5425000/9806242 (55.3219%)
entry 5430000/9806242 (55.3729%)
entry 5431000/9806242 (55.3831%)
entry 5438000/9806242 (55.4545%)
entry 5442000/9806242 (55.4953%)
entry 5457000/9806242 (55.6482%)
entry 5458000/9806242 (55.6584%)
entry 5462000/9806242 (55.6992%)
entry 5464000/9806242 (55.7196%)
entry 5470000/9806242 (55.7808%)
entry 5475000/9806242 (55.8318%)
entry 5476000/9806242 (55.842%)
entry 5477000/9806242 (55.8522%)
entry 5481000/9806242 (55.893%)
entry 5482000/9806242 (55.9032%)
entry 5485000/9806242 (55.9338%)
entry 5489000/9806242 (55.9745%)
entry 5490000/9806242 (55.9847%)
entry 5495000/9806242 (56.0357%)
entry 5496000/9806242 (56.0459%)
entry 5498000/9806242 (56.0663%)
entry 5499000/9806242 (56.0765%)
entry 5500000/9806242 (56.0867%)
entry 5506000/9806242 (56.1479%)
entry 5509000/9806242 (56.1785%)
entry 5510000/9806242 (56.1887%)
entry 5516000/9806242 (56.2499%)
entry 5517000/9806242 (56.2601%)
entry 5518000/9806242 (56.2703%)
entry 5519000/9806242 (56.2805%)
entry 5526000/9806242 (56.3519%)
entry 5529000/9806242 (56.3825%)
entry 5533000/9806242 (56.4232%)
entry 5535000/9806242 (56.4436%)
entry 5536000/9806242 (56.4538%)
entry 5540000/9806242 (56.4946%)
entry 5543000/9806242 (56.5252%)
entry 5545000/9806242 (56.5456%)
entry 5547000/9806242 (56.566%)
entry 5553000/9806242 (56.6272%)
entry 5554000/9806242 (56.6374%)
entry 5555000/9806242 (56.6476%)
entry 5557000/9806242 (56.668%)
entry 5562000/9806242 (56.719%)
entry 5564000/9806242 (56.7394%)
entry 5568000/9806242 (56.7802%)
entry 5569000/9806242 (56.7904%)
entry 5570000/9806242 (56.8006%)
entry 5574000/9806242 (56.8413%)
entry 5577000/9806242 (56.8719%)
entry 5580000/9806242 (56.9025%)
entry 5585000/9806242 (56.9535%)
entry 5586000/9806242 (56.9637%)
entry 5588000/9806242 (56.9841%)
entry 5590000/9806242 (57.0045%)
entry 5591000/9806242 (57.0147%)
entry 5594000/9806242 (57.0453%)
entry 5597000/9806242 (57.0759%)
entry 5599000/9806242 (57.0963%)
entry 5604000/9806242 (57.1473%)
entry 5606000/9806242 (57.1677%)
entry 5607000/9806242 (57.1779%)
entry 5608000/9806242 (57.1881%)
entry 5609000/9806242 (57.1983%)
entry 5610000/9806242 (57.2085%)
entry 5612000/9806242 (57.2289%)
entry 5614000/9806242 (57.2492%)
entry 5616000/9806242 (57.2696%)
entry 5617000/9806242 (57.2798%)
entry 5619000/9806242 (57.3002%)
entry 5624000/9806242 (57.3512%)
entry 5629000/9806242 (57.4022%)
entry 5631000/9806242 (57.4226%)
entry 5632000/9806242 (57.4328%)
entry 5639000/9806242 (57.5042%)
entry 5640000/9806242 (57.5144%)
entry 5645000/9806242 (57.5654%)
entry 5647000/9806242 (57.5858%)
entry 5648000/9806242 (57.596%)
entry 5649000/9806242 (57.6062%)
entry 5652000/9806242 (57.6368%)
entry 5654000/9806242 (57.6572%)
entry 5655000/9806242 (57.6674%)
entry 5656000/9806242 (57.6775%)
entry 5657000/9806242 (57.6877%)
entry 5660000/9806242 (57.7183%)
entry 5663000/9806242 (57.7489%)
entry 5664000/9806242 (57.7591%)
entry 5668000/9806242 (57.7999%)
entry 5673000/9806242 (57.8509%)
entry 5674000/9806242 (57.8611%)
entry 5676000/9806242 (57.8815%)
entry 5680000/9806242 (57.9223%)
entry 5681000/9806242 (57.9325%)
entry 5687000/9806242 (57.9937%)
entry 5690000/9806242 (58.0243%)
entry 5692000/9806242 (58.0447%)
entry 5696000/9806242 (58.0855%)
entry 5697000/9806242 (58.0957%)
entry 5705000/9806242 (58.1772%)
entry 5708000/9806242 (58.2078%)
entry 5709000/9806242 (58.218%)
entry 5710000/9806242 (58.2282%)
entry 5712000/9806242 (58.2486%)
entry 5716000/9806242 (58.2894%)
entry 5720000/9806242 (58.3302%)
entry 5722000/9806242 (58.3506%)
entry 5727000/9806242 (58.4016%)
entry 5730000/9806242 (58.4322%)
entry 5732000/9806242 (58.4526%)
entry 5734000/9806242 (58.473%)
entry 5735000/9806242 (58.4832%)
entry 5737000/9806242 (58.5036%)
entry 5742000/9806242 (58.5545%)
entry 5743000/9806242 (58.5647%)
entry 5746000/9806242 (58.5953%)
entry 5747000/9806242 (58.6055%)
entry 5748000/9806242 (58.6157%)
entry 5751000/9806242 (58.6463%)
entry 5754000/9806242 (58.6769%)
entry 5756000/9806242 (58.6973%)
entry 5761000/9806242 (58.7483%)
entry 5762000/9806242 (58.7585%)
entry 5764000/9806242 (58.7789%)
entry 5766000/9806242 (58.7993%)
entry 5769000/9806242 (58.8299%)
entry 5775000/9806242 (58.8911%)
entry 5777000/9806242 (58.9115%)
entry 5779000/9806242 (58.9319%)
entry 5782000/9806242 (58.9624%)
entry 5786000/9806242 (59.0032%)
entry 5790000/9806242 (59.044%)
entry 5792000/9806242 (59.0644%)
entry 5798000/9806242 (59.1256%)
entry 5799000/9806242 (59.1358%)
entry 5805000/9806242 (59.197%)
entry 5806000/9806242 (59.2072%)
entry 5807000/9806242 (59.2174%)
entry 5809000/9806242 (59.2378%)
entry 5810000/9806242 (59.248%)
entry 5812000/9806242 (59.2684%)
entry 5813000/9806242 (59.2786%)
entry 5815000/9806242 (59.299%)
entry 5816000/9806242 (59.3092%)
entry 5822000/9806242 (59.3704%)
entry 5827000/9806242 (59.4213%)
entry 5828000/9806242 (59.4315%)
entry 5829000/9806242 (59.4417%)
entry 5833000/9806242 (59.4825%)
entry 5834000/9806242 (59.4927%)
entry 5835000/9806242 (59.5029%)
entry 5839000/9806242 (59.5437%)
entry 5840000/9806242 (59.5539%)
entry 5841000/9806242 (59.5641%)
entry 5844000/9806242 (59.5947%)
entry 5846000/9806242 (59.6151%)
entry 5847000/9806242 (59.6253%)
entry 5849000/9806242 (59.6457%)
entry 5852000/9806242 (59.6763%)
entry 5853000/9806242 (59.6865%)
entry 5858000/9806242 (59.7375%)
entry 5863000/9806242 (59.7884%)
entry 5866000/9806242 (59.819%)
entry 5869000/9806242 (59.8496%)
entry 5872000/9806242 (59.8802%)
entry 5873000/9806242 (59.8904%)
entry 5875000/9806242 (59.9108%)
entry 5882000/9806242 (59.9822%)
entry 5886000/9806242 (60.023%)
entry 5888000/9806242 (60.0434%)
entry 5889000/9806242 (60.0536%)
entry 5892000/9806242 (60.0842%)
entry 5896000/9806242 (60.125%)
entry 5899000/9806242 (60.1556%)
entry 5901000/9806242 (60.176%)
entry 5908000/9806242 (60.2473%)
entry 5909000/9806242 (60.2575%)
entry 5912000/9806242 (60.2881%)
entry 5914000/9806242 (60.3085%)
entry 5915000/9806242 (60.3187%)
entry 5916000/9806242 (60.3289%)
entry 5919000/9806242 (60.3595%)
entry 5920000/9806242 (60.3697%)
entry 5927000/9806242 (60.4411%)
entry 5930000/9806242 (60.4717%)
entry 5932000/9806242 (60.4921%)
entry 5934000/9806242 (60.5125%)
entry 5936000/9806242 (60.5329%)
entry 5939000/9806242 (60.5635%)
entry 5941000/9806242 (60.5839%)
entry 5944000/9806242 (60.6145%)
entry 5945000/9806242 (60.6247%)
entry 5946000/9806242 (60.6349%)
entry 5948000/9806242 (60.6552%)
entry 5950000/9806242 (60.6756%)
entry 5951000/9806242 (60.6858%)
entry 5952000/9806242 (60.696%)
entry 5954000/9806242 (60.7164%)
entry 5955000/9806242 (60.7266%)
entry 5964000/9806242 (60.8184%)
entry 5966000/9806242 (60.8388%)
entry 5970000/9806242 (60.8796%)
entry 5974000/9806242 (60.9204%)
entry 5975000/9806242 (60.9306%)
entry 5976000/9806242 (60.9408%)
entry 5980000/9806242 (60.9816%)
entry 5984000/9806242 (61.0224%)
entry 5986000/9806242 (61.0427%)
entry 5987000/9806242 (61.0529%)
entry 5990000/9806242 (61.0835%)
entry 5995000/9806242 (61.1345%)
entry 5997000/9806242 (61.1549%)
entry 5999000/9806242 (61.1753%)
entry 6001000/9806242 (61.1957%)
entry 6005000/9806242 (61.2365%)
entry 6008000/9806242 (61.2671%)
entry 6016000/9806242 (61.3487%)
entry 6017000/9806242 (61.3589%)
entry 6019000/9806242 (61.3793%)
entry 6020000/9806242 (61.3895%)
entry 6023000/9806242 (61.4201%)
entry 6025000/9806242 (61.4405%)
entry 6026000/9806242 (61.4507%)
entry 6031000/9806242 (61.5016%)
entry 6032000/9806242 (61.5118%)
entry 6039000/9806242 (61.5832%)
entry 6042000/9806242 (61.6138%)
entry 6043000/9806242 (61.624%)
entry 6046000/9806242 (61.6546%)
entry 6048000/9806242 (61.675%)
entry 6049000/9806242 (61.6852%)
entry 6050000/9806242 (61.6954%)
entry 6051000/9806242 (61.7056%)
entry 6055000/9806242 (61.7464%)
entry 6059000/9806242 (61.7872%)
entry 6065000/9806242 (61.8484%)
entry 6066000/9806242 (61.8586%)
entry 6068000/9806242 (61.879%)
entry 6072000/9806242 (61.9197%)
entry 6074000/9806242 (61.9401%)
entry 6077000/9806242 (61.9707%)
entry 6078000/9806242 (61.9809%)
entry 6079000/9806242 (61.9911%)
entry 6080000/9806242 (62.0013%)
entry 6082000/9806242 (62.0217%)
entry 6085000/9806242 (62.0523%)
entry 6090000/9806242 (62.1033%)
entry 6092000/9806242 (62.1237%)
entry 6093000/9806242 (62.1339%)
entry 6094000/9806242 (62.1441%)
entry 6097000/9806242 (62.1747%)
entry 6098000/9806242 (62.1849%)
entry 6099000/9806242 (62.1951%)
entry 6103000/9806242 (62.2359%)
entry 6104000/9806242 (62.2461%)
entry 6108000/9806242 (62.2869%)
entry 6114000/9806242 (62.348%)
entry 6116000/9806242 (62.3684%)
entry 6117000/9806242 (62.3786%)
entry 6120000/9806242 (62.4092%)
entry 6121000/9806242 (62.4194%)
entry 6137000/9806242 (62.5826%)
entry 6140000/9806242 (62.6132%)
entry 6144000/9806242 (62.654%)
entry 6146000/9806242 (62.6744%)
entry 6155000/9806242 (62.7661%)
entry 6157000/9806242 (62.7865%)
entry 6159000/9806242 (62.8069%)
entry 6160000/9806242 (62.8171%)
entry 6161000/9806242 (62.8273%)
entry 6164000/9806242 (62.8579%)
entry 6165000/9806242 (62.8681%)
entry 6166000/9806242 (62.8783%)
entry 6171000/9806242 (62.9293%)
entry 6174000/9806242 (62.9599%)
entry 6176000/9806242 (62.9803%)
entry 6180000/9806242 (63.0211%)
entry 6181000/9806242 (63.0313%)
entry 6183000/9806242 (63.0517%)
entry 6184000/9806242 (63.0619%)
entry 6190000/9806242 (63.1231%)
entry 6191000/9806242 (63.1333%)
entry 6192000/9806242 (63.1435%)
entry 6193000/9806242 (63.1537%)
entry 6197000/9806242 (63.1944%)
entry 6199000/9806242 (63.2148%)
entry 6200000/9806242 (63.225%)
entry 6208000/9806242 (63.3066%)
entry 6211000/9806242 (63.3372%)
entry 6212000/9806242 (63.3474%)
entry 6218000/9806242 (63.4086%)
entry 6223000/9806242 (63.4596%)
entry 6225000/9806242 (63.48%)
entry 6227000/9806242 (63.5004%)
entry 6230000/9806242 (63.531%)
entry 6232000/9806242 (63.5514%)
entry 6236000/9806242 (63.5921%)
entry 6239000/9806242 (63.6227%)
entry 6244000/9806242 (63.6737%)
entry 6251000/9806242 (63.7451%)
entry 6252000/9806242 (63.7553%)
entry 6254000/9806242 (63.7757%)
entry 6259000/9806242 (63.8267%)
entry 6262000/9806242 (63.8573%)
entry 6267000/9806242 (63.9083%)
entry 6274000/9806242 (63.9797%)
entry 6278000/9806242 (64.0204%)
entry 6279000/9806242 (64.0306%)
entry 6280000/9806242 (64.0408%)
entry 6284000/9806242 (64.0816%)
entry 6289000/9806242 (64.1326%)
entry 6291000/9806242 (64.153%)
entry 6292000/9806242 (64.1632%)
entry 6293000/9806242 (64.1734%)
entry 6297000/9806242 (64.2142%)
entry 6298000/9806242 (64.2244%)
entry 6300000/9806242 (64.2448%)
entry 6302000/9806242 (64.2652%)
entry 6306000/9806242 (64.306%)
entry 6308000/9806242 (64.3264%)
entry 6309000/9806242 (64.3366%)
entry 6310000/9806242 (64.3468%)
entry 6312000/9806242 (64.3672%)
entry 6313000/9806242 (64.3774%)
entry 6316000/9806242 (64.408%)
entry 6317000/9806242 (64.4182%)
entry 6325000/9806242 (64.4997%)
entry 6326000/9806242 (64.5099%)
entry 6330000/9806242 (64.5507%)
entry 6334000/9806242 (64.5915%)
entry 6337000/9806242 (64.6221%)
entry 6338000/9806242 (64.6323%)
entry 6340000/9806242 (64.6527%)
entry 6341000/9806242 (64.6629%)
entry 6349000/9806242 (64.7445%)
entry 6352000/9806242 (64.7751%)
entry 6355000/9806242 (64.8057%)
entry 6361000/9806242 (64.8668%)
entry 6376000/9806242 (65.0198%)
entry 6380000/9806242 (65.0606%)
entry 6383000/9806242 (65.0912%)
entry 6386000/9806242 (65.1218%)
entry 6389000/9806242 (65.1524%)
entry 6391000/9806242 (65.1728%)
entry 6392000/9806242 (65.183%)
entry 6398000/9806242 (65.2442%)
entry 6400000/9806242 (65.2646%)
entry 6401000/9806242 (65.2748%)
entry 6402000/9806242 (65.2849%)
entry 6404000/9806242 (65.3053%)
entry 6405000/9806242 (65.3155%)
entry 6418000/9806242 (65.4481%)
entry 6422000/9806242 (65.4889%)
entry 6424000/9806242 (65.5093%)
entry 6435000/9806242 (65.6215%)
entry 6438000/9806242 (65.6521%)
entry 6439000/9806242 (65.6623%)
entry 6441000/9806242 (65.6827%)
entry 6445000/9806242 (65.7234%)
entry 6447000/9806242 (65.7438%)
entry 6451000/9806242 (65.7846%)
entry 6452000/9806242 (65.7948%)
entry 6454000/9806242 (65.8152%)
entry 6455000/9806242 (65.8254%)
entry 6458000/9806242 (65.856%)
entry 6461000/9806242 (65.8866%)
entry 6464000/9806242 (65.9172%)
entry 6468000/9806242 (65.958%)
entry 6469000/9806242 (65.9682%)
entry 6470000/9806242 (65.9784%)
entry 6476000/9806242 (66.0396%)
entry 6480000/9806242 (66.0804%)
entry 6482000/9806242 (66.1008%)
entry 6483000/9806242 (66.111%)
entry 6488000/9806242 (66.1619%)
entry 6490000/9806242 (66.1823%)
entry 6491000/9806242 (66.1925%)
entry 6495000/9806242 (66.2333%)
entry 6503000/9806242 (66.3149%)
entry 6504000/9806242 (66.3251%)
entry 6505000/9806242 (66.3353%)
entry 6506000/9806242 (66.3455%)
entry 6510000/9806242 (66.3863%)
entry 6514000/9806242 (66.4271%)
entry 6517000/9806242 (66.4577%)
entry 6519000/9806242 (66.4781%)
entry 6520000/9806242 (66.4883%)
entry 6526000/9806242 (66.5495%)
entry 6529000/9806242 (66.58%)
entry 6538000/9806242 (66.6718%)
entry 6543000/9806242 (66.7228%)
entry 6544000/9806242 (66.733%)
entry 6546000/9806242 (66.7534%)
entry 6549000/9806242 (66.784%)
entry 6550000/9806242 (66.7942%)
entry 6551000/9806242 (66.8044%)
entry 6552000/9806242 (66.8146%)
entry 6553000/9806242 (66.8248%)
entry 6556000/9806242 (66.8554%)
entry 6565000/9806242 (66.9472%)
entry 6566000/9806242 (66.9574%)
entry 6568000/9806242 (66.9777%)
entry 6570000/9806242 (66.9981%)
entry 6572000/9806242 (67.0185%)
entry 6573000/9806242 (67.0287%)
entry 6577000/9806242 (67.0695%)
entry 6579000/9806242 (67.0899%)
entry 6580000/9806242 (67.1001%)
entry 6581000/9806242 (67.1103%)
entry 6583000/9806242 (67.1307%)
entry 6584000/9806242 (67.1409%)
entry 6588000/9806242 (67.1817%)
entry 6592000/9806242 (67.2225%)
entry 6593000/9806242 (67.2327%)
entry 6596000/9806242 (67.2633%)
entry 6597000/9806242 (67.2735%)
entry 6599000/9806242 (67.2939%)
entry 6600000/9806242 (67.3041%)
entry 6601000/9806242 (67.3143%)
entry 6602000/9806242 (67.3245%)
entry 6604000/9806242 (67.3449%)
entry 6609000/9806242 (67.3958%)
entry 6610000/9806242 (67.406%)
entry 6613000/9806242 (67.4366%)
entry 6617000/9806242 (67.4774%)
entry 6622000/9806242 (67.5284%)
entry 6624000/9806242 (67.5488%)
entry 6631000/9806242 (67.6202%)
entry 6633000/9806242 (67.6406%)
entry 6636000/9806242 (67.6712%)
entry 6641000/9806242 (67.7222%)
entry 6644000/9806242 (67.7528%)
entry 6649000/9806242 (67.8038%)
entry 6651000/9806242 (67.8241%)
entry 6652000/9806242 (67.8343%)
entry 6655000/9806242 (67.8649%)
entry 6662000/9806242 (67.9363%)
entry 6664000/9806242 (67.9567%)
entry 6665000/9806242 (67.9669%)
entry 6667000/9806242 (67.9873%)
entry 6671000/9806242 (68.0281%)
entry 6672000/9806242 (68.0383%)
entry 6673000/9806242 (68.0485%)
entry 6674000/9806242 (68.0587%)
entry 6679000/9806242 (68.1097%)
entry 6683000/9806242 (68.1505%)
entry 6687000/9806242 (68.1913%)
entry 6688000/9806242 (68.2015%)
entry 6694000/9806242 (68.2626%)
entry 6697000/9806242 (68.2932%)
entry 6704000/9806242 (68.3646%)
entry 6706000/9806242 (68.385%)
entry 6711000/9806242 (68.436%)
entry 6716000/9806242 (68.487%)
entry 6723000/9806242 (68.5584%)
entry 6725000/9806242 (68.5788%)
entry 6730000/9806242 (68.6298%)
entry 6731000/9806242 (68.64%)
entry 6732000/9806242 (68.6502%)
entry 6733000/9806242 (68.6603%)
entry 6734000/9806242 (68.6705%)
entry 6735000/9806242 (68.6807%)
entry 6738000/9806242 (68.7113%)
entry 6740000/9806242 (68.7317%)
entry 6745000/9806242 (68.7827%)
entry 6747000/9806242 (68.8031%)
entry 6751000/9806242 (68.8439%)
entry 6752000/9806242 (68.8541%)
entry 6753000/9806242 (68.8643%)
entry 6755000/9806242 (68.8847%)
entry 6757000/9806242 (68.9051%)
entry 6761000/9806242 (68.9459%)
entry 6764000/9806242 (68.9765%)
entry 6765000/9806242 (68.9867%)
entry 6767000/9806242 (69.0071%)
entry 6771000/9806242 (69.0479%)
entry 6773000/9806242 (69.0683%)
entry 6774000/9806242 (69.0785%)
entry 6776000/9806242 (69.0988%)
entry 6778000/9806242 (69.1192%)
entry 6786000/9806242 (69.2008%)
entry 6787000/9806242 (69.211%)
entry 6801000/9806242 (69.3538%)
entry 6802000/9806242 (69.364%)
entry 6815000/9806242 (69.4966%)
entry 6818000/9806242 (69.5271%)
entry 6820000/9806242 (69.5475%)
entry 6822000/9806242 (69.5679%)
entry 6827000/9806242 (69.6189%)
entry 6828000/9806242 (69.6291%)
entry 6829000/9806242 (69.6393%)
entry 6830000/9806242 (69.6495%)
entry 6831000/9806242 (69.6597%)
entry 6834000/9806242 (69.6903%)
entry 6840000/9806242 (69.7515%)
entry 6842000/9806242 (69.7719%)
entry 6849000/9806242 (69.8433%)
entry 6851000/9806242 (69.8637%)
entry 6853000/9806242 (69.8841%)
entry 6859000/9806242 (69.9452%)
entry 6864000/9806242 (69.9962%)
entry 6867000/9806242 (70.0268%)
entry 6869000/9806242 (70.0472%)
entry 6871000/9806242 (70.0676%)
entry 6872000/9806242 (70.0778%)
entry 6878000/9806242 (70.139%)
entry 6883000/9806242 (70.19%)
entry 6884000/9806242 (70.2002%)
entry 6885000/9806242 (70.2104%)
entry 6886000/9806242 (70.2206%)
entry 6888000/9806242 (70.241%)
entry 6890000/9806242 (70.2614%)
entry 6893000/9806242 (70.292%)
entry 6894000/9806242 (70.3022%)
entry 6896000/9806242 (70.3226%)
entry 6898000/9806242 (70.343%)
entry 6900000/9806242 (70.3633%)
entry 6902000/9806242 (70.3837%)
entry 6905000/9806242 (70.4143%)
entry 6907000/9806242 (70.4347%)
entry 6908000/9806242 (70.4449%)
entry 6910000/9806242 (70.4653%)
entry 6911000/9806242 (70.4755%)
entry 6915000/9806242 (70.5163%)
entry 6917000/9806242 (70.5367%)
entry 6918000/9806242 (70.5469%)
entry 6919000/9806242 (70.5571%)
entry 6920000/9806242 (70.5673%)
entry 6923000/9806242 (70.5979%)
entry 6924000/9806242 (70.6081%)
entry 6926000/9806242 (70.6285%)
entry 6929000/9806242 (70.6591%)
entry 6933000/9806242 (70.6999%)
entry 6934000/9806242 (70.7101%)
entry 6937000/9806242 (70.7407%)
entry 6938000/9806242 (70.7509%)
entry 6939000/9806242 (70.7611%)
entry 6941000/9806242 (70.7814%)
entry 6943000/9806242 (70.8018%)
entry 6946000/9806242 (70.8324%)
entry 6949000/9806242 (70.863%)
entry 6950000/9806242 (70.8732%)
entry 6957000/9806242 (70.9446%)
entry 6958000/9806242 (70.9548%)
entry 6959000/9806242 (70.965%)
entry 6960000/9806242 (70.9752%)
entry 6965000/9806242 (71.0262%)
entry 6966000/9806242 (71.0364%)
entry 6967000/9806242 (71.0466%)
entry 6969000/9806242 (71.067%)
entry 6972000/9806242 (71.0976%)
entry 6973000/9806242 (71.1078%)
entry 6974000/9806242 (71.118%)
entry 6975000/9806242 (71.1282%)
entry 6978000/9806242 (71.1588%)
entry 6980000/9806242 (71.1792%)
entry 6983000/9806242 (71.2097%)
entry 6985000/9806242 (71.2301%)
entry 6986000/9806242 (71.2403%)
entry 6990000/9806242 (71.2811%)
entry 6991000/9806242 (71.2913%)
entry 6999000/9806242 (71.3729%)
entry 7005000/9806242 (71.4341%)
entry 7007000/9806242 (71.4545%)
entry 7009000/9806242 (71.4749%)
entry 7012000/9806242 (71.5055%)
entry 7013000/9806242 (71.5157%)
entry 7014000/9806242 (71.5259%)
entry 7016000/9806242 (71.5463%)
entry 7017000/9806242 (71.5565%)
entry 7018000/9806242 (71.5667%)
entry 7019000/9806242 (71.5769%)
entry 7020000/9806242 (71.5871%)
entry 7024000/9806242 (71.6278%)
entry 7025000/9806242 (71.638%)
entry 7029000/9806242 (71.6788%)
entry 7035000/9806242 (71.74%)
entry 7038000/9806242 (71.7706%)
entry 7040000/9806242 (71.791%)
entry 7043000/9806242 (71.8216%)
entry 7044000/9806242 (71.8318%)
entry 7046000/9806242 (71.8522%)
entry 7047000/9806242 (71.8624%)
entry 7050000/9806242 (71.893%)
entry 7053000/9806242 (71.9236%)
entry 7054000/9806242 (71.9338%)
entry 7065000/9806242 (72.0459%)
entry 7069000/9806242 (72.0867%)
entry 7070000/9806242 (72.0969%)
entry 7071000/9806242 (72.1071%)
entry 7072000/9806242 (72.1173%)
entry 7073000/9806242 (72.1275%)
entry 7075000/9806242 (72.1479%)
entry 7077000/9806242 (72.1683%)
entry 7081000/9806242 (72.2091%)
entry 7083000/9806242 (72.2295%)
entry 7084000/9806242 (72.2397%)
entry 7086000/9806242 (72.2601%)
entry 7093000/9806242 (72.3315%)
entry 7094000/9806242 (72.3417%)
entry 7097000/9806242 (72.3723%)
entry 7099000/9806242 (72.3927%)
entry 7104000/9806242 (72.4437%)
entry 7112000/9806242 (72.5252%)
entry 7113000/9806242 (72.5354%)
entry 7115000/9806242 (72.5558%)
entry 7116000/9806242 (72.566%)
entry 7117000/9806242 (72.5762%)
entry 7121000/9806242 (72.617%)
entry 7122000/9806242 (72.6272%)
entry 7123000/9806242 (72.6374%)
entry 7124000/9806242 (72.6476%)
entry 7125000/9806242 (72.6578%)
entry 7128000/9806242 (72.6884%)
entry 7130000/9806242 (72.7088%)
entry 7133000/9806242 (72.7394%)
entry 7137000/9806242 (72.7802%)
entry 7139000/9806242 (72.8006%)
entry 7140000/9806242 (72.8108%)
entry 7142000/9806242 (72.8312%)
entry 7143000/9806242 (72.8414%)
entry 7146000/9806242 (72.872%)
entry 7147000/9806242 (72.8822%)
entry 7153000/9806242 (72.9433%)
entry 7154000/9806242 (72.9535%)
entry 7155000/9806242 (72.9637%)
entry 7160000/9806242 (73.0147%)
entry 7163000/9806242 (73.0453%)
entry 7164000/9806242 (73.0555%)
entry 7168000/9806242 (73.0963%)
entry 7169000/9806242 (73.1065%)
entry 7172000/9806242 (73.1371%)
entry 7174000/9806242 (73.1575%)
entry 7181000/9806242 (73.2289%)
entry 7183000/9806242 (73.2493%)
entry 7184000/9806242 (73.2595%)
entry 7185000/9806242 (73.2697%)
entry 7186000/9806242 (73.2799%)
entry 7192000/9806242 (73.341%)
entry 7193000/9806242 (73.3512%)
entry 7195000/9806242 (73.3716%)
entry 7201000/9806242 (73.4328%)
entry 7202000/9806242 (73.443%)
entry 7203000/9806242 (73.4532%)
entry 7207000/9806242 (73.494%)
entry 7208000/9806242 (73.5042%)
entry 7210000/9806242 (73.5246%)
entry 7211000/9806242 (73.5348%)
entry 7213000/9806242 (73.5552%)
entry 7214000/9806242 (73.5654%)
entry 7216000/9806242 (73.5858%)
entry 7228000/9806242 (73.7082%)
entry 7237000/9806242 (73.7999%)
entry 7239000/9806242 (73.8203%)
entry 7249000/9806242 (73.9223%)
entry 7253000/9806242 (73.9631%)
entry 7254000/9806242 (73.9733%)
entry 7266000/9806242 (74.0957%)
entry 7268000/9806242 (74.1161%)
entry 7275000/9806242 (74.1874%)
entry 7280000/9806242 (74.2384%)
entry 7282000/9806242 (74.2588%)
entry 7284000/9806242 (74.2792%)
entry 7287000/9806242 (74.3098%)
entry 7290000/9806242 (74.3404%)
entry 7291000/9806242 (74.3506%)
entry 7295000/9806242 (74.3914%)
entry 7301000/9806242 (74.4526%)
entry 7302000/9806242 (74.4628%)
entry 7303000/9806242 (74.473%)
entry 7306000/9806242 (74.5036%)
entry 7308000/9806242 (74.524%)
entry 7310000/9806242 (74.5444%)
entry 7315000/9806242 (74.5953%)
entry 7319000/9806242 (74.6361%)
entry 7323000/9806242 (74.6769%)
entry 7325000/9806242 (74.6973%)
entry 7327000/9806242 (74.7177%)
entry 7328000/9806242 (74.7279%)
entry 7330000/9806242 (74.7483%)
entry 7332000/9806242 (74.7687%)
entry 7333000/9806242 (74.7789%)
entry 7336000/9806242 (74.8095%)
entry 7341000/9806242 (74.8605%)
entry 7345000/9806242 (74.9013%)
entry 7346000/9806242 (74.9115%)
entry 7347000/9806242 (74.9217%)
entry 7348000/9806242 (74.9319%)
entry 7350000/9806242 (74.9523%)
entry 7358000/9806242 (75.0338%)
entry 7359000/9806242 (75.044%)
entry 7360000/9806242 (75.0542%)
entry 7361000/9806242 (75.0644%)
entry 7368000/9806242 (75.1358%)
entry 7370000/9806242 (75.1562%)
entry 7371000/9806242 (75.1664%)
entry 7374000/9806242 (75.197%)
entry 7378000/9806242 (75.2378%)
entry 7381000/9806242 (75.2684%)
entry 7382000/9806242 (75.2786%)
entry 7384000/9806242 (75.299%)
entry 7391000/9806242 (75.3704%)
entry 7399000/9806242 (75.4519%)
entry 7403000/9806242 (75.4927%)
entry 7406000/9806242 (75.5233%)
entry 7408000/9806242 (75.5437%)
entry 7409000/9806242 (75.5539%)
entry 7413000/9806242 (75.5947%)
entry 7417000/9806242 (75.6355%)
entry 7418000/9806242 (75.6457%)
entry 7420000/9806242 (75.6661%)
entry 7429000/9806242 (75.7579%)
entry 7432000/9806242 (75.7885%)
entry 7435000/9806242 (75.8191%)
entry 7439000/9806242 (75.8598%)
entry 7442000/9806242 (75.8904%)
entry 7447000/9806242 (75.9414%)
entry 7457000/9806242 (76.0434%)
entry 7465000/9806242 (76.125%)
entry 7468000/9806242 (76.1556%)
entry 7469000/9806242 (76.1658%)
entry 7472000/9806242 (76.1964%)
entry 7473000/9806242 (76.2066%)
entry 7476000/9806242 (76.2372%)
entry 7480000/9806242 (76.2779%)
entry 7481000/9806242 (76.2881%)
entry 7487000/9806242 (76.3493%)
entry 7489000/9806242 (76.3697%)
entry 7493000/9806242 (76.4105%)
entry 7496000/9806242 (76.4411%)
entry 7500000/9806242 (76.4819%)
entry 7501000/9806242 (76.4921%)
entry 7502000/9806242 (76.5023%)
entry 7505000/9806242 (76.5329%)
entry 7511000/9806242 (76.5941%)
entry 7514000/9806242 (76.6247%)
entry 7517000/9806242 (76.6553%)
entry 7521000/9806242 (76.6961%)
entry 7525000/9806242 (76.7368%)
entry 7528000/9806242 (76.7674%)
entry 7529000/9806242 (76.7776%)
entry 7532000/9806242 (76.8082%)
entry 7534000/9806242 (76.8286%)
entry 7542000/9806242 (76.9102%)
entry 7546000/9806242 (76.951%)
entry 7550000/9806242 (76.9918%)
entry 7552000/9806242 (77.0122%)
entry 7553000/9806242 (77.0224%)
entry 7557000/9806242 (77.0632%)
entry 7565000/9806242 (77.1447%)
entry 7568000/9806242 (77.1753%)
entry 7572000/9806242 (77.2161%)
entry 7574000/9806242 (77.2365%)
entry 7577000/9806242 (77.2671%)
entry 7582000/9806242 (77.3181%)
entry 7583000/9806242 (77.3283%)
entry 7586000/9806242 (77.3589%)
entry 7587000/9806242 (77.3691%)
entry 7590000/9806242 (77.3997%)
entry 7598000/9806242 (77.4813%)
entry 7601000/9806242 (77.5119%)
entry 7603000/9806242 (77.5322%)
entry 7605000/9806242 (77.5526%)
entry 7606000/9806242 (77.5628%)
entry 7608000/9806242 (77.5832%)
entry 7611000/9806242 (77.6138%)
entry 7617000/9806242 (77.675%)
entry 7618000/9806242 (77.6852%)
entry 7621000/9806242 (77.7158%)
entry 7623000/9806242 (77.7362%)
entry 7631000/9806242 (77.8178%)
entry 7633000/9806242 (77.8382%)
entry 7638000/9806242 (77.8892%)
entry 7641000/9806242 (77.9198%)
entry 7642000/9806242 (77.93%)
entry 7651000/9806242 (78.0217%)
entry 7654000/9806242 (78.0523%)
entry 7658000/9806242 (78.0931%)
entry 7659000/9806242 (78.1033%)
entry 7660000/9806242 (78.1135%)
entry 7664000/9806242 (78.1543%)
entry 7670000/9806242 (78.2155%)
entry 7671000/9806242 (78.2257%)
entry 7673000/9806242 (78.2461%)
entry 7675000/9806242 (78.2665%)
entry 7681000/9806242 (78.3277%)
entry 7684000/9806242 (78.3583%)
entry 7686000/9806242 (78.3786%)
entry 7688000/9806242 (78.399%)
entry 7689000/9806242 (78.4092%)
entry 7691000/9806242 (78.4296%)
entry 7694000/9806242 (78.4602%)
entry 7695000/9806242 (78.4704%)
entry 7697000/9806242 (78.4908%)
entry 7699000/9806242 (78.5112%)
entry 7700000/9806242 (78.5214%)
entry 7701000/9806242 (78.5316%)
entry 7703000/9806242 (78.552%)
entry 7704000/9806242 (78.5622%)
entry 7705000/9806242 (78.5724%)
entry 7706000/9806242 (78.5826%)
entry 7712000/9806242 (78.6438%)
entry 7716000/9806242 (78.6846%)
entry 7720000/9806242 (78.7254%)
entry 7721000/9806242 (78.7356%)
entry 7728000/9806242 (78.8069%)
entry 7731000/9806242 (78.8375%)
entry 7733000/9806242 (78.8579%)
entry 7751000/9806242 (79.0415%)
entry 7752000/9806242 (79.0517%)
entry 7753000/9806242 (79.0619%)
entry 7759000/9806242 (79.1231%)
entry 7761000/9806242 (79.1435%)
entry 7768000/9806242 (79.2149%)
entry 7771000/9806242 (79.2454%)
entry 7772000/9806242 (79.2556%)
entry 7773000/9806242 (79.2658%)
entry 7776000/9806242 (79.2964%)
entry 7777000/9806242 (79.3066%)
entry 7788000/9806242 (79.4188%)
entry 7793000/9806242 (79.4698%)
entry 7795000/9806242 (79.4902%)
entry 7796000/9806242 (79.5004%)
entry 7798000/9806242 (79.5208%)
entry 7804000/9806242 (79.582%)
entry 7807000/9806242 (79.6126%)
entry 7815000/9806242 (79.6941%)
entry 7817000/9806242 (79.7145%)
entry 7818000/9806242 (79.7247%)
entry 7827000/9806242 (79.8165%)
entry 7828000/9806242 (79.8267%)
entry 7831000/9806242 (79.8573%)
entry 7834000/9806242 (79.8879%)
entry 7835000/9806242 (79.8981%)
entry 7839000/9806242 (79.9389%)
entry 7841000/9806242 (79.9593%)
entry 7843000/9806242 (79.9797%)
entry 7844000/9806242 (79.9899%)
entry 7845000/9806242 (80.0001%)
entry 7848000/9806242 (80.0307%)
entry 7853000/9806242 (80.0816%)
entry 7856000/9806242 (80.1122%)
entry 7860000/9806242 (80.153%)
entry 7863000/9806242 (80.1836%)
entry 7865000/9806242 (80.204%)
entry 7866000/9806242 (80.2142%)
entry 7868000/9806242 (80.2346%)
entry 7873000/9806242 (80.2856%)
entry 7880000/9806242 (80.357%)
entry 7881000/9806242 (80.3672%)
entry 7885000/9806242 (80.408%)
entry 7887000/9806242 (80.4284%)
entry 7891000/9806242 (80.4692%)
entry 7895000/9806242 (80.5099%)
entry 7897000/9806242 (80.5303%)
entry 7898000/9806242 (80.5405%)
entry 7899000/9806242 (80.5507%)
entry 7902000/9806242 (80.5813%)
entry 7906000/9806242 (80.6221%)
entry 7909000/9806242 (80.6527%)
entry 7921000/9806242 (80.7751%)
entry 7928000/9806242 (80.8465%)
entry 7930000/9806242 (80.8669%)
entry 7931000/9806242 (80.8771%)
entry 7938000/9806242 (80.9484%)
entry 7941000/9806242 (80.979%)
entry 7943000/9806242 (80.9994%)
entry 7946000/9806242 (81.03%)
entry 7948000/9806242 (81.0504%)
entry 7952000/9806242 (81.0912%)
entry 7953000/9806242 (81.1014%)
entry 7957000/9806242 (81.1422%)
entry 7958000/9806242 (81.1524%)
entry 7960000/9806242 (81.1728%)
entry 7961000/9806242 (81.183%)
entry 7963000/9806242 (81.2034%)
entry 7964000/9806242 (81.2136%)
entry 7966000/9806242 (81.234%)
entry 7968000/9806242 (81.2544%)
entry 7972000/9806242 (81.2952%)
entry 7979000/9806242 (81.3665%)
entry 7982000/9806242 (81.3971%)
entry 7983000/9806242 (81.4073%)
entry 7993000/9806242 (81.5093%)
entry 7996000/9806242 (81.5399%)
entry 8004000/9806242 (81.6215%)
entry 8007000/9806242 (81.6521%)
entry 8013000/9806242 (81.7133%)
entry 8015000/9806242 (81.7337%)
entry 8018000/9806242 (81.7642%)
entry 8019000/9806242 (81.7744%)
entry 8020000/9806242 (81.7846%)
entry 8021000/9806242 (81.7948%)
entry 8023000/9806242 (81.8152%)
entry 8026000/9806242 (81.8458%)
entry 8039000/9806242 (81.9784%)
entry 8041000/9806242 (81.9988%)
entry 8044000/9806242 (82.0294%)
entry 8046000/9806242 (82.0498%)
entry 8048000/9806242 (82.0702%)
entry 8051000/9806242 (82.1008%)
entry 8052000/9806242 (82.111%)
entry 8054000/9806242 (82.1314%)
entry 8057000/9806242 (82.162%)
entry 8058000/9806242 (82.1721%)
entry 8060000/9806242 (82.1925%)
entry 8062000/9806242 (82.2129%)
entry 8067000/9806242 (82.2639%)
entry 8069000/9806242 (82.2843%)
entry 8070000/9806242 (82.2945%)
entry 8073000/9806242 (82.3251%)
entry 8076000/9806242 (82.3557%)
entry 8079000/9806242 (82.3863%)
entry 8080000/9806242 (82.3965%)
entry 8081000/9806242 (82.4067%)
entry 8082000/9806242 (82.4169%)
entry 8084000/9806242 (82.4373%)
entry 8085000/9806242 (82.4475%)
entry 8087000/9806242 (82.4679%)
entry 8089000/9806242 (82.4883%)
entry 8091000/9806242 (82.5087%)
entry 8095000/9806242 (82.5495%)
entry 8101000/9806242 (82.6106%)
entry 8102000/9806242 (82.6208%)
entry 8103000/9806242 (82.631%)
entry 8104000/9806242 (82.6412%)
entry 8105000/9806242 (82.6514%)
entry 8112000/9806242 (82.7228%)
entry 8117000/9806242 (82.7738%)
entry 8121000/9806242 (82.8146%)
entry 8122000/9806242 (82.8248%)
entry 8127000/9806242 (82.8758%)
entry 8129000/9806242 (82.8962%)
entry 8130000/9806242 (82.9064%)
entry 8131000/9806242 (82.9166%)
entry 8132000/9806242 (82.9268%)
entry 8134000/9806242 (82.9472%)
entry 8135000/9806242 (82.9574%)
entry 8137000/9806242 (82.9778%)
entry 8141000/9806242 (83.0186%)
entry 8142000/9806242 (83.0287%)
entry 8144000/9806242 (83.0491%)
entry 8147000/9806242 (83.0797%)
entry 8150000/9806242 (83.1103%)
entry 8155000/9806242 (83.1613%)
entry 8156000/9806242 (83.1715%)
entry 8157000/9806242 (83.1817%)
entry 8163000/9806242 (83.2429%)
entry 8166000/9806242 (83.2735%)
entry 8167000/9806242 (83.2837%)
entry 8168000/9806242 (83.2939%)
entry 8172000/9806242 (83.3347%)
entry 8175000/9806242 (83.3653%)
entry 8180000/9806242 (83.4163%)
entry 8182000/9806242 (83.4367%)
entry 8184000/9806242 (83.457%)
entry 8188000/9806242 (83.4978%)
entry 8189000/9806242 (83.508%)
entry 8193000/9806242 (83.5488%)
entry 8194000/9806242 (83.559%)
entry 8200000/9806242 (83.6202%)
entry 8204000/9806242 (83.661%)
entry 8205000/9806242 (83.6712%)
entry 8206000/9806242 (83.6814%)
entry 8210000/9806242 (83.7222%)
entry 8222000/9806242 (83.8446%)
entry 8230000/9806242 (83.9261%)
entry 8231000/9806242 (83.9363%)
entry 8232000/9806242 (83.9465%)
entry 8233000/9806242 (83.9567%)
entry 8234000/9806242 (83.9669%)
entry 8235000/9806242 (83.9771%)
entry 8236000/9806242 (83.9873%)
entry 8237000/9806242 (83.9975%)
entry 8240000/9806242 (84.0281%)
entry 8243000/9806242 (84.0587%)
entry 8244000/9806242 (84.0689%)
entry 8248000/9806242 (84.1097%)
entry 8252000/9806242 (84.1505%)
entry 8253000/9806242 (84.1607%)
entry 8254000/9806242 (84.1709%)
entry 8255000/9806242 (84.1811%)
entry 8259000/9806242 (84.2219%)
entry 8262000/9806242 (84.2525%)
entry 8264000/9806242 (84.2729%)
entry 8273000/9806242 (84.3646%)
entry 8275000/9806242 (84.385%)
entry 8276000/9806242 (84.3952%)
entry 8278000/9806242 (84.4156%)
entry 8287000/9806242 (84.5074%)
entry 8291000/9806242 (84.5482%)
entry 8300000/9806242 (84.64%)
entry 8304000/9806242 (84.6808%)
entry 8307000/9806242 (84.7113%)
entry 8308000/9806242 (84.7215%)
entry 8309000/9806242 (84.7317%)
entry 8312000/9806242 (84.7623%)
entry 8313000/9806242 (84.7725%)
entry 8317000/9806242 (84.8133%)
entry 8320000/9806242 (84.8439%)
entry 8321000/9806242 (84.8541%)
entry 8322000/9806242 (84.8643%)
entry 8325000/9806242 (84.8949%)
entry 8326000/9806242 (84.9051%)
entry 8338000/9806242 (85.0275%)
entry 8345000/9806242 (85.0989%)
entry 8351000/9806242 (85.16%)
entry 8356000/9806242 (85.211%)
entry 8358000/9806242 (85.2314%)
entry 8363000/9806242 (85.2824%)
entry 8364000/9806242 (85.2926%)
entry 8366000/9806242 (85.313%)
entry 8375000/9806242 (85.4048%)
entry 8380000/9806242 (85.4558%)
entry 8383000/9806242 (85.4864%)
entry 8384000/9806242 (85.4966%)
entry 8388000/9806242 (85.5374%)
entry 8390000/9806242 (85.5577%)
entry 8392000/9806242 (85.5781%)
entry 8394000/9806242 (85.5985%)
entry 8399000/9806242 (85.6495%)
entry 8402000/9806242 (85.6801%)
entry 8403000/9806242 (85.6903%)
entry 8409000/9806242 (85.7515%)
entry 8410000/9806242 (85.7617%)
entry 8411000/9806242 (85.7719%)
entry 8412000/9806242 (85.7821%)
entry 8417000/9806242 (85.8331%)
entry 8421000/9806242 (85.8739%)
entry 8422000/9806242 (85.8841%)
entry 8424000/9806242 (85.9045%)
entry 8425000/9806242 (85.9147%)
entry 8430000/9806242 (85.9657%)
entry 8433000/9806242 (85.9962%)
entry 8434000/9806242 (86.0064%)
entry 8440000/9806242 (86.0676%)
entry 8443000/9806242 (86.0982%)
entry 8445000/9806242 (86.1186%)
entry 8451000/9806242 (86.1798%)
entry 8453000/9806242 (86.2002%)
entry 8455000/9806242 (86.2206%)
entry 8457000/9806242 (86.241%)
entry 8464000/9806242 (86.3124%)
entry 8466000/9806242 (86.3328%)
entry 8472000/9806242 (86.394%)
entry 8473000/9806242 (86.4042%)
entry 8478000/9806242 (86.4551%)
entry 8481000/9806242 (86.4857%)
entry 8483000/9806242 (86.5061%)
entry 8489000/9806242 (86.5673%)
entry 8490000/9806242 (86.5775%)
entry 8495000/9806242 (86.6285%)
entry 8499000/9806242 (86.6693%)
entry 8502000/9806242 (86.6999%)
entry 8503000/9806242 (86.7101%)
entry 8507000/9806242 (86.7509%)
entry 8515000/9806242 (86.8324%)
entry 8521000/9806242 (86.8936%)
entry 8526000/9806242 (86.9446%)
entry 8529000/9806242 (86.9752%)
entry 8534000/9806242 (87.0262%)
entry 8535000/9806242 (87.0364%)
entry 8536000/9806242 (87.0466%)
entry 8540000/9806242 (87.0874%)
entry 8544000/9806242 (87.1282%)
entry 8547000/9806242 (87.1588%)
entry 8548000/9806242 (87.169%)
entry 8550000/9806242 (87.1894%)
entry 8552000/9806242 (87.2098%)
entry 8555000/9806242 (87.2404%)
entry 8556000/9806242 (87.2505%)
entry 8563000/9806242 (87.3219%)
entry 8564000/9806242 (87.3321%)
entry 8572000/9806242 (87.4137%)
entry 8573000/9806242 (87.4239%)
entry 8577000/9806242 (87.4647%)
entry 8579000/9806242 (87.4851%)
entry 8582000/9806242 (87.5157%)
entry 8584000/9806242 (87.5361%)
entry 8588000/9806242 (87.5769%)
entry 8591000/9806242 (87.6075%)
entry 8594000/9806242 (87.6381%)
entry 8596000/9806242 (87.6585%)
entry 8597000/9806242 (87.6687%)
entry 8599000/9806242 (87.689%)
entry 8600000/9806242 (87.6992%)
entry 8604000/9806242 (87.74%)
entry 8605000/9806242 (87.7502%)
entry 8606000/9806242 (87.7604%)
entry 8609000/9806242 (87.791%)
entry 8613000/9806242 (87.8318%)
entry 8614000/9806242 (87.842%)
entry 8618000/9806242 (87.8828%)
entry 8620000/9806242 (87.9032%)
entry 8621000/9806242 (87.9134%)
entry 8627000/9806242 (87.9746%)
entry 8628000/9806242 (87.9848%)
entry 8629000/9806242 (87.995%)
entry 8631000/9806242 (88.0154%)
entry 8634000/9806242 (88.046%)
entry 8637000/9806242 (88.0766%)
entry 8638000/9806242 (88.0868%)
entry 8640000/9806242 (88.1071%)
entry 8642000/9806242 (88.1275%)
entry 8644000/9806242 (88.1479%)
entry 8645000/9806242 (88.1581%)
entry 8646000/9806242 (88.1683%)
entry 8647000/9806242 (88.1785%)
entry 8649000/9806242 (88.1989%)
entry 8652000/9806242 (88.2295%)
entry 8654000/9806242 (88.2499%)
entry 8655000/9806242 (88.2601%)
entry 8657000/9806242 (88.2805%)
entry 8664000/9806242 (88.3519%)
entry 8665000/9806242 (88.3621%)
entry 8667000/9806242 (88.3825%)
entry 8670000/9806242 (88.4131%)
entry 8672000/9806242 (88.4335%)
entry 8674000/9806242 (88.4539%)
entry 8676000/9806242 (88.4743%)
entry 8682000/9806242 (88.5354%)
entry 8684000/9806242 (88.5558%)
entry 8686000/9806242 (88.5762%)
entry 8689000/9806242 (88.6068%)
entry 8692000/9806242 (88.6374%)
entry 8693000/9806242 (88.6476%)
entry 8694000/9806242 (88.6578%)
entry 8698000/9806242 (88.6986%)
entry 8699000/9806242 (88.7088%)
entry 8710000/9806242 (88.821%)
entry 8711000/9806242 (88.8312%)
entry 8712000/9806242 (88.8414%)
entry 8718000/9806242 (88.9026%)
entry 8720000/9806242 (88.923%)
entry 8724000/9806242 (88.9637%)
entry 8726000/9806242 (88.9841%)
entry 8733000/9806242 (89.0555%)
entry 8736000/9806242 (89.0861%)
entry 8737000/9806242 (89.0963%)
entry 8738000/9806242 (89.1065%)
entry 8739000/9806242 (89.1167%)
entry 8740000/9806242 (89.1269%)
entry 8743000/9806242 (89.1575%)
entry 8744000/9806242 (89.1677%)
entry 8745000/9806242 (89.1779%)
entry 8746000/9806242 (89.1881%)
entry 8748000/9806242 (89.2085%)
entry 8749000/9806242 (89.2187%)
entry 8750000/9806242 (89.2289%)
entry 8755000/9806242 (89.2799%)
entry 8756000/9806242 (89.2901%)
entry 8757000/9806242 (89.3003%)
entry 8760000/9806242 (89.3309%)
entry 8761000/9806242 (89.3411%)
entry 8763000/9806242 (89.3614%)
entry 8768000/9806242 (89.4124%)
entry 8771000/9806242 (89.443%)
entry 8778000/9806242 (89.5144%)
entry 8779000/9806242 (89.5246%)
entry 8780000/9806242 (89.5348%)
entry 8781000/9806242 (89.545%)
entry 8782000/9806242 (89.5552%)
entry 8784000/9806242 (89.5756%)
entry 8785000/9806242 (89.5858%)
entry 8787000/9806242 (89.6062%)
entry 8789000/9806242 (89.6266%)
entry 8791000/9806242 (89.647%)
entry 8792000/9806242 (89.6572%)
entry 8794000/9806242 (89.6776%)
entry 8796000/9806242 (89.698%)
entry 8798000/9806242 (89.7184%)
entry 8799000/9806242 (89.7286%)
entry 8800000/9806242 (89.7388%)
entry 8803000/9806242 (89.7694%)
entry 8804000/9806242 (89.7795%)
entry 8805000/9806242 (89.7897%)
entry 8806000/9806242 (89.7999%)
entry 8809000/9806242 (89.8305%)
entry 8813000/9806242 (89.8713%)
entry 8815000/9806242 (89.8917%)
entry 8818000/9806242 (89.9223%)
entry 8822000/9806242 (89.9631%)
entry 8823000/9806242 (89.9733%)
entry 8825000/9806242 (89.9937%)
entry 8827000/9806242 (90.0141%)
entry 8831000/9806242 (90.0549%)
entry 8832000/9806242 (90.0651%)
entry 8837000/9806242 (90.1161%)
entry 8838000/9806242 (90.1263%)
entry 8843000/9806242 (90.1773%)
entry 8844000/9806242 (90.1875%)
entry 8846000/9806242 (90.2079%)
entry 8854000/9806242 (90.2894%)
entry 8855000/9806242 (90.2996%)
entry 8857000/9806242 (90.32%)
entry 8859000/9806242 (90.3404%)
entry 8861000/9806242 (90.3608%)
entry 8864000/9806242 (90.3914%)
entry 8868000/9806242 (90.4322%)
entry 8871000/9806242 (90.4628%)
entry 8873000/9806242 (90.4832%)
entry 8877000/9806242 (90.524%)
entry 8882000/9806242 (90.575%)
entry 8888000/9806242 (90.6361%)
entry 8890000/9806242 (90.6565%)
entry 8899000/9806242 (90.7483%)
entry 8900000/9806242 (90.7585%)
entry 8901000/9806242 (90.7687%)
entry 8903000/9806242 (90.7891%)
entry 8904000/9806242 (90.7993%)
entry 8906000/9806242 (90.8197%)
entry 8907000/9806242 (90.8299%)
entry 8908000/9806242 (90.8401%)
entry 8910000/9806242 (90.8605%)
entry 8911000/9806242 (90.8707%)
entry 8912000/9806242 (90.8809%)
entry 8914000/9806242 (90.9013%)
entry 8918000/9806242 (90.9421%)
entry 8919000/9806242 (90.9523%)
entry 8920000/9806242 (90.9625%)
entry 8921000/9806242 (90.9727%)
entry 8922000/9806242 (90.9829%)
entry 8925000/9806242 (91.0135%)
entry 8932000/9806242 (91.0848%)
entry 8938000/9806242 (91.146%)
entry 8942000/9806242 (91.1868%)
entry 8944000/9806242 (91.2072%)
entry 8955000/9806242 (91.3194%)
entry 8956000/9806242 (91.3296%)
entry 8959000/9806242 (91.3602%)
entry 8960000/9806242 (91.3704%)
entry 8966000/9806242 (91.4316%)
entry 8969000/9806242 (91.4622%)
entry 8970000/9806242 (91.4724%)
entry 8971000/9806242 (91.4825%)
entry 8972000/9806242 (91.4927%)
entry 8975000/9806242 (91.5233%)
entry 8976000/9806242 (91.5335%)
entry 8977000/9806242 (91.5437%)
entry 8978000/9806242 (91.5539%)
entry 8979000/9806242 (91.5641%)
entry 8982000/9806242 (91.5947%)
entry 8983000/9806242 (91.6049%)
entry 8986000/9806242 (91.6355%)
entry 8993000/9806242 (91.7069%)
entry 8996000/9806242 (91.7375%)
entry 8998000/9806242 (91.7579%)
entry 9003000/9806242 (91.8089%)
entry 9009000/9806242 (91.8701%)
entry 9010000/9806242 (91.8803%)
entry 9013000/9806242 (91.9108%)
entry 9014000/9806242 (91.921%)
entry 9024000/9806242 (92.023%)
entry 9025000/9806242 (92.0332%)
entry 9029000/9806242 (92.074%)
entry 9033000/9806242 (92.1148%)
entry 9036000/9806242 (92.1454%)
entry 9038000/9806242 (92.1658%)
entry 9039000/9806242 (92.176%)
entry 9041000/9806242 (92.1964%)
entry 9048000/9806242 (92.2678%)
entry 9052000/9806242 (92.3086%)
entry 9054000/9806242 (92.3289%)
entry 9055000/9806242 (92.3391%)
entry 9056000/9806242 (92.3493%)
entry 9060000/9806242 (92.3901%)
entry 9063000/9806242 (92.4207%)
entry 9064000/9806242 (92.4309%)
entry 9066000/9806242 (92.4513%)
entry 9069000/9806242 (92.4819%)
entry 9070000/9806242 (92.4921%)
entry 9081000/9806242 (92.6043%)
entry 9092000/9806242 (92.7165%)
entry 9096000/9806242 (92.7572%)
entry 9106000/9806242 (92.8592%)
entry 9112000/9806242 (92.9204%)
entry 9115000/9806242 (92.951%)
entry 9117000/9806242 (92.9714%)
entry 9120000/9806242 (93.002%)
entry 9121000/9806242 (93.0122%)
entry 9127000/9806242 (93.0734%)
entry 9128000/9806242 (93.0836%)
entry 9130000/9806242 (93.104%)
entry 9135000/9806242 (93.1549%)
entry 9136000/9806242 (93.1651%)
entry 9143000/9806242 (93.2365%)
entry 9146000/9806242 (93.2671%)
entry 9155000/9806242 (93.3589%)
entry 9157000/9806242 (93.3793%)
entry 9159000/9806242 (93.3997%)
entry 9162000/9806242 (93.4303%)
entry 9164000/9806242 (93.4507%)
entry 9166000/9806242 (93.4711%)
entry 9167000/9806242 (93.4813%)
entry 9171000/9806242 (93.5221%)
entry 9176000/9806242 (93.5731%)
entry 9179000/9806242 (93.6036%)
entry 9183000/9806242 (93.6444%)
entry 9188000/9806242 (93.6954%)
entry 9194000/9806242 (93.7566%)
entry 9195000/9806242 (93.7668%)
entry 9197000/9806242 (93.7872%)
entry 9209000/9806242 (93.9096%)
entry 9211000/9806242 (93.93%)
entry 9216000/9806242 (93.981%)
entry 9217000/9806242 (93.9912%)
entry 9219000/9806242 (94.0116%)
entry 9220000/9806242 (94.0217%)
entry 9221000/9806242 (94.0319%)
entry 9224000/9806242 (94.0625%)
entry 9226000/9806242 (94.0829%)
entry 9228000/9806242 (94.1033%)
entry 9230000/9806242 (94.1237%)
entry 9231000/9806242 (94.1339%)
entry 9233000/9806242 (94.1543%)
entry 9239000/9806242 (94.2155%)
entry 9242000/9806242 (94.2461%)
entry 9245000/9806242 (94.2767%)
entry 9246000/9806242 (94.2869%)
entry 9252000/9806242 (94.3481%)
entry 9257000/9806242 (94.3991%)
entry 9258000/9806242 (94.4093%)
entry 9261000/9806242 (94.4398%)
entry 9262000/9806242 (94.45%)
entry 9263000/9806242 (94.4602%)
entry 9265000/9806242 (94.4806%)
entry 9267000/9806242 (94.501%)
entry 9271000/9806242 (94.5418%)
entry 9273000/9806242 (94.5622%)
entry 9275000/9806242 (94.5826%)
entry 9278000/9806242 (94.6132%)
entry 9279000/9806242 (94.6234%)
entry 9280000/9806242 (94.6336%)
entry 9281000/9806242 (94.6438%)
entry 9283000/9806242 (94.6642%)
entry 9285000/9806242 (94.6846%)
entry 9291000/9806242 (94.7458%)
entry 9292000/9806242 (94.756%)
entry 9293000/9806242 (94.7662%)
entry 9294000/9806242 (94.7764%)
entry 9297000/9806242 (94.807%)
entry 9298000/9806242 (94.8172%)
entry 9303000/9806242 (94.8681%)
entry 9305000/9806242 (94.8885%)
entry 9309000/9806242 (94.9293%)
entry 9312000/9806242 (94.9599%)
entry 9313000/9806242 (94.9701%)
entry 9315000/9806242 (94.9905%)
entry 9317000/9806242 (95.0109%)
entry 9319000/9806242 (95.0313%)
entry 9321000/9806242 (95.0517%)
entry 9324000/9806242 (95.0823%)
entry 9325000/9806242 (95.0925%)
entry 9329000/9806242 (95.1333%)
entry 9330000/9806242 (95.1435%)
entry 9331000/9806242 (95.1537%)
entry 9332000/9806242 (95.1639%)
entry 9333000/9806242 (95.1741%)
entry 9336000/9806242 (95.2047%)
entry 9337000/9806242 (95.2149%)
entry 9338000/9806242 (95.2251%)
entry 9340000/9806242 (95.2455%)
entry 9341000/9806242 (95.2557%)
entry 9345000/9806242 (95.2964%)
entry 9346000/9806242 (95.3066%)
entry 9348000/9806242 (95.327%)
entry 9353000/9806242 (95.378%)
entry 9358000/9806242 (95.429%)
entry 9361000/9806242 (95.4596%)
entry 9363000/9806242 (95.48%)
entry 9364000/9806242 (95.4902%)
entry 9365000/9806242 (95.5004%)
entry 9370000/9806242 (95.5514%)
entry 9372000/9806242 (95.5718%)
entry 9375000/9806242 (95.6024%)
entry 9377000/9806242 (95.6228%)
entry 9380000/9806242 (95.6534%)
entry 9383000/9806242 (95.684%)
entry 9384000/9806242 (95.6941%)
entry 9387000/9806242 (95.7247%)
entry 9389000/9806242 (95.7451%)
entry 9390000/9806242 (95.7553%)
entry 9391000/9806242 (95.7655%)
entry 9396000/9806242 (95.8165%)
entry 9399000/9806242 (95.8471%)
entry 9400000/9806242 (95.8573%)
entry 9406000/9806242 (95.9185%)
entry 9407000/9806242 (95.9287%)
entry 9408000/9806242 (95.9389%)
entry 9410000/9806242 (95.9593%)
entry 9412000/9806242 (95.9797%)
entry 9414000/9806242 (96.0001%)
entry 9417000/9806242 (96.0307%)
entry 9419000/9806242 (96.0511%)
entry 9421000/9806242 (96.0715%)
entry 9426000/9806242 (96.1224%)
entry 9432000/9806242 (96.1836%)
entry 9434000/9806242 (96.204%)
entry 9435000/9806242 (96.2142%)
entry 9438000/9806242 (96.2448%)
entry 9443000/9806242 (96.2958%)
entry 9448000/9806242 (96.3468%)
entry 9451000/9806242 (96.3774%)
entry 9456000/9806242 (96.4284%)
entry 9457000/9806242 (96.4386%)
entry 9458000/9806242 (96.4488%)
entry 9459000/9806242 (96.459%)
entry 9462000/9806242 (96.4896%)
entry 9473000/9806242 (96.6017%)
entry 9475000/9806242 (96.6221%)
entry 9476000/9806242 (96.6323%)
entry 9477000/9806242 (96.6425%)
entry 9480000/9806242 (96.6731%)
entry 9481000/9806242 (96.6833%)
entry 9482000/9806242 (96.6935%)
entry 9483000/9806242 (96.7037%)
entry 9485000/9806242 (96.7241%)
entry 9492000/9806242 (96.7955%)
entry 9493000/9806242 (96.8057%)
entry 9494000/9806242 (96.8159%)
entry 9495000/9806242 (96.8261%)
entry 9498000/9806242 (96.8567%)
entry 9502000/9806242 (96.8975%)
entry 9505000/9806242 (96.9281%)
entry 9507000/9806242 (96.9485%)
entry 9515000/9806242 (97.03%)
entry 9519000/9806242 (97.0708%)
entry 9524000/9806242 (97.1218%)
entry 9528000/9806242 (97.1626%)
entry 9531000/9806242 (97.1932%)
entry 9534000/9806242 (97.2238%)
entry 9535000/9806242 (97.234%)
entry 9540000/9806242 (97.285%)
entry 9541000/9806242 (97.2952%)
entry 9545000/9806242 (97.336%)
entry 9547000/9806242 (97.3564%)
entry 9548000/9806242 (97.3666%)
entry 9551000/9806242 (97.3971%)
entry 9554000/9806242 (97.4277%)
entry 9556000/9806242 (97.4481%)
entry 9557000/9806242 (97.4583%)
entry 9565000/9806242 (97.5399%)
entry 9566000/9806242 (97.5501%)
entry 9567000/9806242 (97.5603%)
entry 9568000/9806242 (97.5705%)
entry 9569000/9806242 (97.5807%)
entry 9570000/9806242 (97.5909%)
entry 9573000/9806242 (97.6215%)
entry 9574000/9806242 (97.6317%)
entry 9578000/9806242 (97.6725%)
entry 9583000/9806242 (97.7235%)
entry 9584000/9806242 (97.7337%)
entry 9593000/9806242 (97.8254%)
entry 9595000/9806242 (97.8458%)
entry 9596000/9806242 (97.856%)
entry 9606000/9806242 (97.958%)
entry 9607000/9806242 (97.9682%)
entry 9614000/9806242 (98.0396%)
entry 9615000/9806242 (98.0498%)
entry 9616000/9806242 (98.06%)
entry 9618000/9806242 (98.0804%)
entry 9621000/9806242 (98.111%)
entry 9626000/9806242 (98.162%)
entry 9627000/9806242 (98.1722%)
entry 9629000/9806242 (98.1926%)
entry 9638000/9806242 (98.2843%)
entry 9644000/9806242 (98.3455%)
entry 9645000/9806242 (98.3557%)
entry 9648000/9806242 (98.3863%)
entry 9652000/9806242 (98.4271%)
entry 9658000/9806242 (98.4883%)
entry 9663000/9806242 (98.5393%)
entry 9664000/9806242 (98.5495%)
entry 9665000/9806242 (98.5597%)
entry 9666000/9806242 (98.5699%)
entry 9668000/9806242 (98.5903%)
entry 9673000/9806242 (98.6413%)
entry 9674000/9806242 (98.6515%)
entry 9678000/9806242 (98.6922%)
entry 9679000/9806242 (98.7024%)
entry 9684000/9806242 (98.7534%)
entry 9702000/9806242 (98.937%)
entry 9703000/9806242 (98.9472%)
entry 9706000/9806242 (98.9778%)
entry 9708000/9806242 (98.9982%)
entry 9709000/9806242 (99.0084%)
entry 9711000/9806242 (99.0288%)
entry 9712000/9806242 (99.039%)
entry 9713000/9806242 (99.0492%)
entry 9714000/9806242 (99.0594%)
entry 9718000/9806242 (99.1001%)
entry 9719000/9806242 (99.1103%)
entry 9720000/9806242 (99.1205%)
entry 9726000/9806242 (99.1817%)
entry 9727000/9806242 (99.1919%)
entry 9731000/9806242 (99.2327%)
entry 9732000/9806242 (99.2429%)
entry 9733000/9806242 (99.2531%)
entry 9736000/9806242 (99.2837%)
entry 9740000/9806242 (99.3245%)
entry 9743000/9806242 (99.3551%)
entry 9744000/9806242 (99.3653%)
entry 9745000/9806242 (99.3755%)
entry 9746000/9806242 (99.3857%)
entry 9750000/9806242 (99.4265%)
entry 9752000/9806242 (99.4469%)
entry 9755000/9806242 (99.4775%)
entry 9756000/9806242 (99.4877%)
entry 9757000/9806242 (99.4978%)
entry 9760000/9806242 (99.5284%)
entry 9761000/9806242 (99.5386%)
entry 9764000/9806242 (99.5692%)
entry 9767000/9806242 (99.5998%)
entry 9768000/9806242 (99.61%)
entry 9774000/9806242 (99.6712%)
entry 9777000/9806242 (99.7018%)
entry 9778000/9806242 (99.712%)
entry 9779000/9806242 (99.7222%)
entry 9782000/9806242 (99.7528%)
entry 9788000/9806242 (99.814%)
entry 9796000/9806242 (99.8956%)
entry 9799000/9806242 (99.9261%)
entry 9802000/9806242 (99.9567%)
entry 9804000/9806242 (99.9771%)
entry 9806000/9806242 (99.9975%)
all done
script done
