sphnx1069.sdcc.bnl.gov
rsyncing from /gpfs/mnt/gpfs02/sphenix/user/samfred/run25/ppg11/histmaking
running: /gpfs/mnt/gpfs02/sphenix/user/samfred/run25/ppg11/histmaking/script_data.sh 50675
LD_LIBRARY_PATH now /sphenix/user/samfred/run25/install//lib:/cvmfs/sphenix.sdcc.bnl.gov/alma9.2-gcc-14.2.0/opt/sphenix/core/gcc/14.2.0-2f0a0/x86_64-el9/lib:/cvmfs/sphenix.sdcc.bnl.gov/alma9.2-gcc-14.2.0/opt/sphenix/core/gcc/14.2.0-2f0a0/x86_64-el9/lib64:/cvmfs/sphenix.sdcc.bnl.gov/alma9.2-gcc-14.2.0/opt/sphenix/core/binutils/2.40-acaab/x86_64-el9/lib:.:/cvmfs/sphenix.sdcc.bnl.gov/alma9.2-gcc-14.2.0/release/release_new/new.10/lib64:/cvmfs/sphenix.sdcc.bnl.gov/alma9.2-gcc-14.2.0/release/release_new/new.10/lib:/cvmfs/sphenix.sdcc.bnl.gov/alma9.2-gcc-14.2.0/opt/sphenix/utils/lib:/cvmfs/sphenix.sdcc.bnl.gov/alma9.2-gcc-14.2.0/opt/sphenix/core/lib:/cvmfs/sphenix.sdcc.bnl.gov/alma9.2-gcc-14.2.0/opt/sphenix/core/root-6.32.06/lib:/cvmfs/sphenix.sdcc.bnl.gov/alma9.2-gcc-14.2.0/opt/sphenix/core/geant4.10.07.p04/lib64:/cvmfs/sphenix.sdcc.bnl.gov/alma9.2-gcc-14.2.0/opt/sphenix/core/lhapdf-5.9.1/lib:/usr/local/lib64:/usr/lib64
PATH now /sphenix/user/samfred/run25/install//bin:/cvmfs/sphenix.sdcc.bnl.gov/alma9.2-gcc-14.2.0/opt/sphenix/core/gcc/14.2.0-2f0a0/x86_64-el9/bin:/cvmfs/sphenix.sdcc.bnl.gov/alma9.2-gcc-14.2.0/opt/sphenix/core/binutils/2.40-acaab/x86_64-el9/bin:.:/cvmfs/sphenix.sdcc.bnl.gov/alma9.2-gcc-14.2.0/release/release_new/new.10/bin:/cvmfs/sphenix.sdcc.bnl.gov/alma9.2-gcc-14.2.0/opt/sphenix/utils/bin:/cvmfs/sphenix.sdcc.bnl.gov/alma9.2-gcc-14.2.0/opt/sphenix/core/bin:/cvmfs/sphenix.sdcc.bnl.gov/alma9.2-gcc-14.2.0/opt/sphenix/core/root-6.32.06/bin:/cvmfs/sphenix.sdcc.bnl.gov/alma9.2-gcc-14.2.0/opt/sphenix/core/geant4.10.07.p04/bin:/usr/local/bin:/usr/bin:/usr/local/sbin:/usr/sbin
SINGULARITY_CACHEDIR=/home/condor/local/sphnx/execute/dir_2023766
_CONDOR_CHIRP_CONFIG=/home/condor/local/sphnx/execute/dir_2023766/.chirp.config
_CONDOR_JOB_IWD=/sphenix/user/samfred/run25/ppg11/histmaking
G4ENSDFSTATEDATA=/cvmfs/sphenix.sdcc.bnl.gov/alma9.2-gcc-14.2.0/opt/sphenix/core/geant4.10.07.p04/share/Geant4-10.7.4/data/G4ENSDFSTATE2.3
_CONDOR_MACHINE_AD=/home/condor/local/sphnx/execute/dir_2023766/.machine.ad
ROOT_MAX_THREADS=1
NUMEXPR_NUM_THREADS=1
CUBACORES=1
_CHIRP_DELAYED_UPDATE_PREFIX=Chirp*
OMP_THREAD_LIMIT=1
G4PIIDATA=/cvmfs/sphenix.sdcc.bnl.gov/alma9.2-gcc-14.2.0/opt/sphenix/core/geant4.10.07.p04/share/Geant4-10.7.4/data/G4PII1.3
_CONDOR_ANCESTOR_2023766=2029332:1759352714:1022688984
NO_AT_BRIDGE=1
G4_MAIN=/cvmfs/sphenix.sdcc.bnl.gov/alma9.2-gcc-14.2.0/opt/sphenix/core/geant4.10.07.p04
COMPILER_PATH=/cvmfs/sphenix.sdcc.bnl.gov/alma9.2-gcc-14.2.0/opt/sphenix/core/gcc/14.2.0-2f0a0/x86_64-el9
ROOT_INCLUDE_PATH=./:/sphenix/user/samfred/run25/install//include:/sphenix/user/samfred/run25/install//include/caloana:/sphenix/user/samfred/run25/install//include/qa_centrality:/sphenix/user/samfred/run25/install//include/mbdana:/sphenix/user/samfred/run25/install//include/centrality:/sphenix/user/samfred/run25/install//include/Event:/cvmfs/sphenix.sdcc.bnl.gov/alma9.2-gcc-14.2.0/release/release_new/new.10/include:/cvmfs/sphenix.sdcc.bnl.gov/alma9.2-gcc-14.2.0/release/release_new/new.10/include:/cvmfs/sphenix.sdcc.bnl.gov/alma9.2-gcc-14.2.0/release/release_new/new.10/include/g4mbd:/cvmfs/sphenix.sdcc.bnl.gov/alma9.2-gcc-14.2.0/release/release_new/new.10/include/fmt:/cvmfs/sphenix.sdcc.bnl.gov/alma9.2-gcc-14.2.0/release/release_new/new.10/include/ffarawobjects:/cvmfs/sphenix.sdcc.bnl.gov/alma9.2-gcc-14.2.0/release/release_new/new.10/include/JSON:/cvmfs/sphenix.sdcc.bnl.gov/alma9.2-gcc-14.2.0/release/release_new/new.10/include/calotreegen:/cvmfs/sphenix.sdcc.bnl.gov/alma9.2-gcc-14.2.0/release/release_new/new.10/include/torch:/cvmfs/sphenix.sdcc.bnl.gov/alma9.2-gcc-14.2.0/release/release_new/new.10/include/g4detectors:/cvmfs/sphenix.sdcc.bnl.gov/alma9.2-gcc-14.2.0/release/release_new/new.10/include/kineto:/cvmfs/sphenix.sdcc.bnl.gov/alma9.2-gcc-14.2.0/release/release_new/new.10/include/g4decayer:/cvmfs/sphenix.sdcc.bnl.gov/alma9.2-gcc-14.2.0/release/release_new/new.10/include/kfparticleqa:/cvmfs/sphenix.sdcc.bnl.gov/alma9.2-gcc-14.2.0/release/release_new/new.10/include/phfield:/cvmfs/sphenix.sdcc.bnl.gov/alma9.2-gcc-14.2.0/release/release_new/new.10/include/LHAPDF:/cvmfs/sphenix.sdcc.bnl.gov/alma9.2-gcc-14.2.0/release/release_new/new.10/include/readdigitalcurrents:/cvmfs/sphenix.sdcc.bnl.gov/alma9.2-gcc-14.2.0/release/release_new/new.10/include/c10:/cvmfs/sphenix.sdcc.bnl.gov/alma9.2-gcc-14.2.0/release/release_new/new.10/include/calovalid:/cvmfs/sphenix.sdcc.bnl.gov/alma9.2-gcc-14.2.0/release/release_new/new.10/include/oneapi:/cvmfs/sphenix.sdcc.bnl.gov/alma9.2-gcc-14.2.0/release/release_new/new.10/include/DDCond:/cvmfs/sphenix.sdcc.bnl.gov/alma9.2-gcc-14.2.0/release/release_new/new.10/include/g4tracking:/cvmfs/sphenix.sdcc.bnl.gov/alma9.2-gcc-14.2.0/release/release_new/new.10/include/litecaloeval:/cvmfs/sphenix.sdcc.bnl.gov/alma9.2-gcc-14.2.0/release/release_new/new.10/include/g4intt:/cvmfs/sphenix.sdcc.bnl.gov/alma9.2-gcc-14.2.0/release/release_new/new.10/include/phool:/cvmfs/sphenix.sdcc.bnl.gov/alma9.2-gcc-14.2.0/release/release_new/new.10/include/boost:/cvmfs/sphenix.sdcc.bnl.gov/alma9.2-gcc-14.2.0/release/release_new/new.10/include/Pythia8Plugins:/cvmfs/sphenix.sdcc.bnl.gov/alma9.2-gcc-14.2.0/release/release_new/new.10/include/calib_emc_pi0:/cvmfs/sphenix.sdcc.bnl.gov/alma9.2-gcc-14.2.0/release/release_new/new.10/include/hijingflipafterburner:/cvmfs/sphenix.sdcc.bnl.gov/alma9.2-gcc-14.2.0/release/release_new/new.10/include/ffaobjects:/cvmfs/sphenix.sdcc.bnl.gov/alma9.2-gcc-14.2.0/release/release_new/new.10/include/EvtGenBase:/cvmfs/sphenix.sdcc.bnl.gov/alma9.2-gcc-14.2.0/release/release_new/new.10/include/flowafterburner:/cvmfs/sphenix.sdcc.bnl.gov/alma9.2-gcc-14.2.0/release/release_new/new.10/include/google:/cvmfs/sphenix.sdcc.bnl.gov/alma9.2-gcc-14.2.0/release/release_new/new.10/include/g4tpc:/cvmfs/sphenix.sdcc.bnl.gov/alma9.2-gcc-14.2.0/release/release_new/new.10/include/caffe2:/cvmfs/sphenix.sdcc.bnl.gov/alma9.2-gcc-14.2.0/release/release_new/new.10/include/EvtGenExternal:/cvmfs/sphenix.sdcc.bnl.gov/alma9.2-gcc-14.2.0/release/release_new/new.10/include/fp16:/cvmfs/sphenix.sdcc.bnl.gov/alma9.2-gcc-14.2.0/release/release_new/new.10/include/ffamodules:/cvmfs/sphenix.sdcc.bnl.gov/alma9.2-gcc-14.2.0/release/release_new/new.10/include/uspin:/cvmfs/sphenix.sdcc.bnl.gov/alma9.2-gcc-14.2.0/release/release_new/new.10/include/Herwig:/cvmfs/sphenix.sdcc.bnl.gov/alma9.2-gcc-14.2.0/release/release_new/new.10/include/genfitexp:/cvmfs/sphenix.sdcc.bnl.gov/alma9.2-gcc-14.2.0/release/release_new/new.10/include/XML:/cvmfs/sphenix.sdcc.bnl.gov/alma9.2-gcc-14.2.0/release/release_new/new.10/include/fbgemm:/cvmfs/sphenix.sdcc.bnl.gov/alma9.2-gcc-14.2.0/release/release_new/new.10/include/DDAlign:/cvmfs/sphenix.sdcc.bnl.gov/alma9.2-gcc-14.2.0/release/release_new/new.10/include/g4mvtx:/cvmfs/sphenix.sdcc.bnl.gov/alma9.2-gcc-14.2.0/release/release_new/new.10/include/kfparticle_sphenix:/cvmfs/sphenix.sdcc.bnl.gov/alma9.2-gcc-14.2.0/release/release_new/new.10/include/fun4all:/cvmfs/sphenix.sdcc.bnl.gov/alma9.2-gcc-14.2.0/release/release_new/new.10/include/intt:/cvmfs/sphenix.sdcc.bnl.gov/alma9.2-gcc-14.2.0/release/release_new/new.10/include/eventdisplay:/cvmfs/sphenix.sdcc.bnl.gov/alma9.2-gcc-14.2.0/release/release_new/new.10/include/EvtGen:/cvmfs/sphenix.sdcc.bnl.gov/alma9.2-gcc-14.2.0/release/release_new/new.10/include/Evaluator:/cvmfs/sphenix.sdcc.bnl.gov/alma9.2-gcc-14.2.0/release/release_new/new.10/include/tpc:/cvmfs/sphenix.sdcc.bnl.gov/alma9.2-gcc-14.2.0/release/release_new/new.10/include/GenFit:/cvmfs/sphenix.sdcc.bnl.gov/alma9.2-gcc-14.2.0/release/release_new/new.10/include/prototype4:/cvmfs/sphenix.sdcc.bnl.gov/alma9.2-gcc-14.2.0/release/release_new/new.10/include/caloembedding:/cvmfs/sphenix.sdcc.bnl.gov/alma9.2-gcc-14.2.0/release/release_new/new.10/include/EvtGenModels:/cvmfs/sphenix.sdcc.bnl.gov/alma9.2-gcc-14.2.0/release/release_new/new.10/include/fastjet:/cvmfs/sphenix.sdcc.bnl.gov/alma9.2-gcc-14.2.0/release/release_new/new.10/include/DDG4:/cvmfs/sphenix.sdcc.bnl.gov/alma9.2-gcc-14.2.0/release/release_new/new.10/include/mbd:/cvmfs/sphenix.sdcc.bnl.gov/alma9.2-gcc-14.2.0/release/release_new/new.10/include/tbb:/cvmfs/sphenix.sdcc.bnl.gov/alma9.2-gcc-14.2.0/release/release_new/new.10/include/phgeom:/cvmfs/sphenix.sdcc.bnl.gov/alma9.2-gcc-14.2.0/release/release_new/new.10/include/g4epd:/cvmfs/sphenix.sdcc.bnl.gov/alma9.2-gcc-14.2.0/release/release_new/new.10/include/oncal:/cvmfs/sphenix.sdcc.bnl.gov/alma9.2-gcc-14.2.0/release/release_new/new.10/include/pybind11:/cvmfs/sphenix.sdcc.bnl.gov/alma9.2-gcc-14.2.0/release/release_new/new.10/include/tpcdistgenerator:/cvmfs/sphenix.sdcc.bnl.gov/alma9.2-gcc-14.2.0/release/release_new/new.10/include/cdbobjects:/cvmfs/sphenix.sdcc.bnl.gov/alma9.2-gcc-14.2.0/release/release_new/new.10/include/g4micromegas:/cvmfs/sphenix.sdcc.bnl.gov/alma9.2-gcc-14.2.0/release/release_new/new.10/include/g4eval:/cvmfs/sphenix.sdcc.bnl.gov/alma9.2-gcc-14.2.0/release/release_new/new.10/include/jetbackground:/cvmfs/sphenix.sdcc.bnl.gov/alma9.2-gcc-14.2.0/release/release_new/new.10/include/micromegas:/cvmfs/sphenix.sdcc.bnl.gov/alma9.2-gcc-14.2.0/release/release_new/new.10/include/hftrackefficiency:/cvmfs/sphenix.sdcc.bnl.gov/alma9.2-gcc-14.2.0/release/release_new/new.10/include/inttrawhitqa:/cvmfs/sphenix.sdcc.bnl.gov/alma9.2-gcc-14.2.0/release/release_new/new.10/include/centrality:/cvmfs/sphenix.sdcc.bnl.gov/alma9.2-gcc-14.2.0/release/release_new/new.10/include/epd:/cvmfs/sphenix.sdcc.bnl.gov/alma9.2-gcc-14.2.0/release/release_new/new.10/include/caloreco:/cvmfs/sphenix.sdcc.bnl.gov/alma9.2-gcc-14.2.0/release/release_new/new.10/include/HepMC:/cvmfs/sphenix.sdcc.bnl.gov/alma9.2-gcc-14.2.0/release/release_new/new.10/include/CLHEP:/cvmfs/sphenix.sdcc.bnl.gov/alma9.2-gcc-14.2.0/release/release_new/new.10/include/Acts:/cvmfs/sphenix.sdcc.bnl.gov/alma9.2-gcc-14.2.0/release/release_new/new.10/include/g4histos:/cvmfs/sphenix.sdcc.bnl.gov/alma9.2-gcc-14.2.0/release/release_new/new.10/include/eventplaneinfo:/cvmfs/sphenix.sdcc.bnl.gov/alma9.2-gcc-14.2.0/release/release_new/new.10/include/fillspacechargemaps:/cvmfs/sphenix.sdcc.bnl.gov/alma9.2-gcc-14.2.0/release/release_new/new.10/include/phhepmc:/cvmfs/sphenix.sdcc.bnl.gov/alma9.2-gcc-14.2.0/release/release_new/new.10/include/trackingqa:/cvmfs/sphenix.sdcc.bnl.gov/alma9.2-gcc-14.2.0/release/release_new/new.10/include/qautils:/cvmfs/sphenix.sdcc.bnl.gov/alma9.2-gcc-14.2.0/release/release_new/new.10/include/trackreco:/cvmfs/sphenix.sdcc.bnl.gov/alma9.2-gcc-14.2.0/release/release_new/new.10/include/g4ohcal:/cvmfs/sphenix.sdcc.bnl.gov/alma9.2-gcc-14.2.0/release/release_new/new.10/include/tpcdvcalib:/cvmfs/sphenix.sdcc.bnl.gov/alma9.2-gcc-14.2.0/release/release_new/new.10/include/zdcinfo:/cvmfs/sphenix.sdcc.bnl.gov/alma9.2-gcc-14.2.0/release/release_new/new.10/include/phpythia8:/cvmfs/sphenix.sdcc.bnl.gov/alma9.2-gcc-14.2.0/release/release_new/new.10/include/fun4allutils:/cvmfs/sphenix.sdcc.bnl.gov/alma9.2-gcc-14.2.0/release/release_new/new.10/include/tpcqa:/cvmfs/sphenix.sdcc.bnl.gov/alma9.2-gcc-14.2.0/release/release_new/new.10/include/Pythia8:/cvmfs/sphenix.sdcc.bnl.gov/alma9.2-gcc-14.2.0/release/release_new/new.10/include/DDRec:/cvmfs/sphenix.sdcc.bnl.gov/alma9.2-gcc-14.2.0/release/release_new/new.10/include/DDDigi:/cvmfs/sphenix.sdcc.bnl.gov/alma9.2-gcc-14.2.0/release/release_new/new.10/include/g4ihcal:/cvmfs/sphenix.sdcc.bnl.gov/alma9.2-gcc-14.2.0/release/release_new/new.10/include/frog:/cvmfs/sphenix.sdcc.bnl.gov/alma9.2-gcc-14.2.0/release/release_new/new.10/include/eigen3:/cvmfs/sphenix.sdcc.bnl.gov/alma9.2-gcc-14.2.0/release/release_new/new.10/include/tensorpipe:/cvmfs/sphenix.sdcc.bnl.gov/alma9.2-gcc-14.2.0/release/release_new/new.10/include/sphenixnpc:/cvmfs/sphenix.sdcc.bnl.gov/alma9.2-gcc-14.2.0/release/release_new/new.10/include/siscone:/cvmfs/sphenix.sdcc.bnl.gov/alma9.2-gcc-14.2.0/release/release_new/new.10/include/pmonitor:/cvmfs/sphenix.sdcc.bnl.gov/alma9.2-gcc-14.2.0/release/release_new/new.10/include/calobase:/cvmfs/sphenix.sdcc.bnl.gov/alma9.2-gcc-14.2.0/release/release_new/new.10/include/ActsExamples:/cvmfs/sphenix.sdcc.bnl.gov/alma9.2-gcc-14.2.0/release/release_new/new.10/include/g4gdml:/cvmfs/sphenix.sdcc.bnl.gov/alma9.2-gcc-14.2.0/release/release_new/new.10/include/mvtx_decoder:/cvmfs/sphenix.sdcc.bnl.gov/alma9.2-gcc-14.2.0/release/release_new/new.10/include/ROOT:/cvmfs/sphenix.sdcc.bnl.gov/alma9.2-gcc-14.2.0/release/release_new/new.10/include/phparameter:/cvmfs/sphenix.sdcc.bnl.gov/alma9.2-gcc-14.2.0/release/release_new/new.10/include/rsa:/cvmfs/sphenix.sdcc.bnl.gov/alma9.2-gcc-14.2.0/release/release_new/new.10/include/fun4allraw:/cvmfs/sphenix.sdcc.bnl.gov/alma9.2-gcc-14.2.0/release/release_new/new.10/include/trackbase_historic:/cvmfs/sphenix.sdcc.bnl.gov/alma9.2-gcc-14.2.0/release/release_new/new.10/include/g4jets:/cvmfs/sphenix.sdcc.bnl.gov/alma9.2-gcc-14.2.0/release/release_new/new.10/include/jetqa:/cvmfs/sphenix.sdcc.bnl.gov/alma9.2-gcc-14.2.0/release/release_new/new.10/include/phoolraw:/cvmfs/sphenix.sdcc.bnl.gov/alma9.2-gcc-14.2.0/release/release_new/new.10/include/g4calo:/cvmfs/sphenix.sdcc.bnl.gov/alma9.2-gcc-14.2.0/release/release_new/new.10/include/mvtxrawhitqa:/cvmfs/sphenix.sdcc.bnl.gov/alma9.2-gcc-14.2.0/release/release_new/new.10/include/HepMC3:/cvmfs/sphenix.sdcc.bnl.gov/alma9.2-gcc-14.2.0/release/release_new/new.10/include/calowaveformsim:/cvmfs/sphenix.sdcc.bnl.gov/alma9.2-gcc-14.2.0/release/release_new/new.10/include/g4caloprototype:/cvmfs/sphenix.sdcc.bnl.gov/alma9.2-gcc-14.2.0/release/release_new/new.10/include/pdbcalbase:/cvmfs/sphenix.sdcc.bnl.gov/alma9.2-gcc-14.2.0/release/release_new/new.10/include/gsl:/cvmfs/sphenix.sdcc.bnl.gov/alma9.2-gcc-14.2.0/release/release_new/new.10/include/nodedump:/cvmfs/sphenix.sdcc.bnl.gov/alma9.2-gcc-14.2.0/release/release_new/new.10/include/emcnoisytowerfinder:/cvmfs/sphenix.sdcc.bnl.gov/alma9.2-gcc-14.2.0/release/release_new/new.10/include/ActsFatras:/cvmfs/sphenix.sdcc.bnl.gov/alma9.2-gcc-14.2.0/release/release_new/new.10/include/ffarawmodules:/cvmfs/sphenix.sdcc.bnl.gov/alma9.2-gcc-14.2.0/release/release_new/new.10/include/Event:/cvmfs/sphenix.sdcc.bnl.gov/alma9.2-gcc-14.2.0/release/release_new/new.10/include/prototype3:/cvmfs/sphenix.sdcc.bnl.gov/alma9.2-gcc-14.2.0/release/release_new/new.10/include/fermimotionafterburner:/cvmfs/sphenix.sdcc.bnl.gov/alma9.2-gcc-14.2.0/release/release_new/new.10/include/Photos:/cvmfs/sphenix.sdcc.bnl.gov/alma9.2-gcc-14.2.0/release/release_new/new.10/include/xingshiftcal:/cvmfs/sphenix.sdcc.bnl.gov/alma9.2-gcc-14.2.0/release/release_new/new.10/include/trackbase:/cvmfs/sphenix.sdcc.bnl.gov/alma9.2-gcc-14.2.0/release/release_new/new.10/include/jetdstskimmer:/cvmfs/sphenix.sdcc.bnl.gov/alma9.2-gcc-14.2.0/release/release_new/new.10/include/clusteriso:/cvmfs/sphenix.sdcc.bnl.gov/alma9.2-gcc-14.2.0/release/release_new/new.10/include/asmjit:/cvmfs/sphenix.sdcc.bnl.gov/alma9.2-gcc-14.2.0/release/release_new/new.10/include/particleflowreco:/cvmfs/sphenix.sdcc.bnl.gov/alma9.2-gcc-14.2.0/release/release_new/new.10/include/tpchittrackdisplay:/cvmfs/sphenix.sdcc.bnl.gov/alma9.2-gcc-14.2.0/release/release_new/new.10/include/caloana:/cvmfs/sphenix.sdcc.bnl.gov/alma9.2-gcc-14.2.0/release/release_new/new.10/include/calotrigger:/cvmfs/sphenix.sdcc.bnl.gov/alma9.2-gcc-14.2.0/release/release_new/new.10/include/nopayloadclient:/cvmfs/sphenix.sdcc.bnl.gov/alma9.2-gcc-14.2.0/release/release_new/new.10/include/trackermillepedealignment:/cvmfs/sphenix.sdcc.bnl.gov/alma9.2-gcc-14.2.0/release/release_new/new.10/include/DD4hep:/cvmfs/sphenix.sdcc.bnl.gov/alma9.2-gcc-14.2.0/release/release_new/new.10/include/g4trackfastsim:/cvmfs/sphenix.sdcc.bnl.gov/alma9.2-gcc-14.2.0/release/release_new/new.10/include/prototype2:/cvmfs/sphenix.sdcc.bnl.gov/alma9.2-gcc-14.2.0/release/release_new/new.10/include/ATen:/cvmfs/sphenix.sdcc.bnl.gov/alma9.2-gcc-14.2.0/release/release_new/new.10/include/g4main:/cvmfs/sphenix.sdcc.bnl.gov/alma9.2-gcc-14.2.0/release/release_new/new.10/include/Tauola:/cvmfs/sphenix.sdcc.bnl.gov/alma9.2-gcc-14.2.0/release/release_new/new.10/include/inttcalib:/cvmfs/sphenix.sdcc.bnl.gov/alma9.2-gcc-14.2.0/release/release_new/new.10/include/reactionplaneafterburner:/cvmfs/sphenix.sdcc.bnl.gov/alma9.2-gcc-14.2.0/release/release_new/new.10/include/globalqa:/cvmfs/sphenix.sdcc.bnl.gov/alma9.2-gcc-14.2.0/release/release_new/new.10/include/tpccalib:/cvmfs/sphenix.sdcc.bnl.gov/alma9.2-gcc-14.2.0/release/release_new/new.10/include/DDSegmentation:/cvmfs/sphenix.sdcc.bnl.gov/alma9.2-gcc-14.2.0/release/release_new/new.10/include/decayfinder:/cvmfs/sphenix.sdcc.bnl.gov/alma9.2-gcc-14.2.0/release/release_new/new.10/include/compressclus:/cvmfs/sphenix.sdcc.bnl.gov/alma9.2-gcc-14.2.0/release/release_new/new.10/include/simqa_modules:/cvmfs/sphenix.sdcc.bnl.gov/alma9.2-gcc-14.2.0/release/release_new/new.10/include/resonancejettagging:/cvmfs/sphenix.sdcc.bnl.gov/alma9.2-gcc-14.2.0/release/release_new/new.10/include/g4centrality:/cvmfs/sphenix.sdcc.bnl.gov/alma9.2-gcc-14.2.0/release/release_new/new.10/include/mvtx:/cvmfs/sphenix.sdcc.bnl.gov/alma9.2-gcc-14.2.0/release/release_new/new.10/include/nlohmann:/cvmfs/sphenix.sdcc.bnl.gov/alma9.2-gcc-14.2.0/release/release_new/new.10/include/localpoloffmon:/cvmfs/sphenix.sdcc.bnl.gov/alma9.2-gcc-14.2.0/release/release_new/new.10/include/DDEve:/cvmfs/sphenix.sdcc.bnl.gov/alma9.2-gcc-14.2.0/release/release_new/new.10/include/Parsers:/cvmfs/sphenix.sdcc.bnl.gov/alma9.2-gcc-14.2.0/release/release_new/new.10/include/trackingdiagnostics:/cvmfs/sphenix.sdcc.bnl.gov/alma9.2-gcc-14.2.0/release/release_new/new.10/include/g4vertex:/cvmfs/sphenix.sdcc.bnl.gov/alma9.2-gcc-14.2.0/release/release_new/new.10/include/jetbase:/cvmfs/sphenix.sdcc.bnl.gov/alma9.2-gcc-14.2.0/release/release_new/new.10/include/globalvertex:/cvmfs/sphenix.sdcc.bnl.gov/alma9.2-gcc-14.2.0/release/release_new/new.10/include/phgenfit:/cvmfs/sphenix.sdcc.bnl.gov/alma9.2-gcc-14.2.0/release/release_new/new.10/include/rawbcolumi:/cvmfs/sphenix.sdcc.bnl.gov/alma9.2-gcc-14.2.0/release/release_new/new.10/include/eicsmear:/cvmfs/sphenix.sdcc.bnl.gov/alma9.2-gcc-14.2.0/release/release_new/new.10/include/mvtxcalib:/cvmfs/sphenix.sdcc.bnl.gov/alma9.2-gcc-14.2.0/release/release_new/new.10/include/tpclinelaserdiode:/cvmfs/sphenix.sdcc.bnl.gov/alma9.2-gcc-14.2.0/release/release_new/new.10/include/hepmcjettrigger:/cvmfs/sphenix.sdcc.bnl.gov/alma9.2-gcc-14.2.0/release/release_new/new.10/include/core:/cvmfs/sphenix.sdcc.bnl.gov/alma9.2-gcc-14.2.0/release/release_new/new.10/include/calo_cdb:/cvmfs/sphenix.sdcc.bnl.gov/alma9.2-gcc-14.2.0/release/release_new/new.10/include/mvtxclustershapesqa:/cvmfs/sphenix.sdcc.bnl.gov/alma9.2-gcc-14.2.0/release/release_new/new.10/include/calopacketskimmer:/cvmfs/sphenix.sdcc.bnl.gov/alma9.2-gcc-14.2.0/opt/sphenix/core/geant4.10.07.p04/include:/cvmfs/sphenix.sdcc.bnl.gov/alma9.2-gcc-14.2.0/release/release_new/new.10/rootmacros:/cvmfs/sphenix.sdcc.bnl.gov/alma9.2-gcc-14.2.0/opt/sphenix/core/include
GSEARCHPATH=.:PG:LUSTRE:RAWDATA
PWD=/gpfs/mnt/gpfs02/sphenix/user/samfred/run25/ppg11/histmaking
LOGNAME=samfred
_CONDOR_JOB_AD=/home/condor/local/sphnx/execute/dir_2023766/.job.ad
MANPATH=/cvmfs/sphenix.sdcc.bnl.gov/alma9.2-gcc-14.2.0/opt/sphenix/core/gcc/14.2.0-2f0a0/x86_64-el9/share/man:/cvmfs/sphenix.sdcc.bnl.gov/alma9.2-gcc-14.2.0/opt/sphenix/core/binutils/2.40-acaab/x86_64-el9/share/man:/cvmfs/sphenix.sdcc.bnl.gov/alma9.2-gcc-14.2.0/release/release_new/new.10/share/man:/cvmfs/sphenix.sdcc.bnl.gov/alma9.2-gcc-14.2.0/opt/sphenix/utils/share/man:/cvmfs/sphenix.sdcc.bnl.gov/alma9.2-gcc-14.2.0/opt/sphenix/core/share/man:/cvmfs/sphenix.sdcc.bnl.gov/alma9.2-gcc-14.2.0/opt/sphenix/core/root-6.32.06/man:/usr/local/share/man:/usr/share/man
PYTHIA8=/cvmfs/sphenix.sdcc.bnl.gov/alma9.2-gcc-14.2.0/release/release_new/new.10/share/Pythia8
G4INCLDATA=/cvmfs/sphenix.sdcc.bnl.gov/alma9.2-gcc-14.2.0/opt/sphenix/core/geant4.10.07.p04/share/Geant4-10.7.4/data/G4INCL1.0
ORIG_PATH=/usr/local/bin:/usr/bin
CXX=/cvmfs/sphenix.sdcc.bnl.gov/alma9.2-gcc-14.2.0/opt/sphenix/core/gcc/14.2.0-2f0a0/x86_64-el9/bin/g++
G4LEDATA=/cvmfs/sphenix.sdcc.bnl.gov/alma9.2-gcc-14.2.0/opt/sphenix/core/geant4.10.07.p04/share/Geant4-10.7.4/data/G4EMLOW7.13
PYTHON_CPU_COUNT=1
OPENBLAS_NUM_THREADS=1
_CONDOR_BIN=/usr/bin
_CONDOR_ANCESTOR_327042=327077:1756523318:407776155
HOME=/sphenix/u/samfred
G4PARTICLEXSDATA=/cvmfs/sphenix.sdcc.bnl.gov/alma9.2-gcc-14.2.0/opt/sphenix/core/geant4.10.07.p04/share/Geant4-10.7.4/data/G4PARTICLEXS3.1.1
ONLINE_MAIN=/cvmfs/sphenix.sdcc.bnl.gov/alma9.2-gcc-14.2.0/release/release_new/new.10
CALIBRATIONROOT=/cvmfs/sphenix.sdcc.bnl.gov/alma9.2-gcc-14.2.0/release/release_new/new.10/share/calibrations
TMPDIR=/tmp
_CONDOR_SCRATCH_DIR=/home/condor/local/sphnx/execute/dir_2023766
PGUSER=phnxrc
NOPAYLOADCLIENT_CONF=/cvmfs/sphenix.sdcc.bnl.gov/alma9.2-gcc-14.2.0/opt/sphenix/core/etc/sPHENIX_newcdb.json
XERCESCROOT=/cvmfs/sphenix.sdcc.bnl.gov/alma9.2-gcc-14.2.0/opt/sphenix/core/geant4.10.07.p04
LHAPATH=/cvmfs/sphenix.sdcc.bnl.gov/alma9.2-gcc-14.2.0/opt/sphenix/core/lhapdf-5.9.1/share/lhapdf/PDFsets
G4NEUTRONHPDATA=/cvmfs/sphenix.sdcc.bnl.gov/alma9.2-gcc-14.2.0/opt/sphenix/core/geant4.10.07.p04/share/Geant4-10.7.4/data/G4NDL4.6
PYTHONPATH=.:/cvmfs/sphenix.sdcc.bnl.gov/alma9.2-gcc-14.2.0/release/release_new/new.10/lib/python3.13/site-packages:/cvmfs/sphenix.sdcc.bnl.gov/alma9.2-gcc-14.2.0/opt/sphenix/core/lib/python3.13/site-packages:/cvmfs/sphenix.sdcc.bnl.gov/alma9.2-gcc-14.2.0/opt/sphenix/core/root-6.32.06/lib
USER=samfred
_CONDOR_JOB_PIDS=
TEMP=/tmp
GOMAXPROCS=1
OFFLINE_MAIN=/cvmfs/sphenix.sdcc.bnl.gov/alma9.2-gcc-14.2.0/release/release_new/new.10
SHLVL=1
TF_NUM_THREADS=1
G4SAIDXSDATA=/cvmfs/sphenix.sdcc.bnl.gov/alma9.2-gcc-14.2.0/opt/sphenix/core/geant4.10.07.p04/share/Geant4-10.7.4/data/G4SAIDDATA2.0
APPTAINER_CACHEDIR=/home/condor/local/sphnx/execute/dir_2023766
ROOTSYS=/cvmfs/sphenix.sdcc.bnl.gov/alma9.2-gcc-14.2.0/opt/sphenix/core/root-6.32.06
BATCH_SYSTEM=HTCondor
_CONDOR_SLOT=slot1_33
LD_LIBRARY_PATH=/sphenix/user/samfred/run25/install//lib:/cvmfs/sphenix.sdcc.bnl.gov/alma9.2-gcc-14.2.0/opt/sphenix/core/gcc/14.2.0-2f0a0/x86_64-el9/lib:/cvmfs/sphenix.sdcc.bnl.gov/alma9.2-gcc-14.2.0/opt/sphenix/core/gcc/14.2.0-2f0a0/x86_64-el9/lib64:/cvmfs/sphenix.sdcc.bnl.gov/alma9.2-gcc-14.2.0/opt/sphenix/core/binutils/2.40-acaab/x86_64-el9/lib:.:/cvmfs/sphenix.sdcc.bnl.gov/alma9.2-gcc-14.2.0/release/release_new/new.10/lib64:/cvmfs/sphenix.sdcc.bnl.gov/alma9.2-gcc-14.2.0/release/release_new/new.10/lib:/cvmfs/sphenix.sdcc.bnl.gov/alma9.2-gcc-14.2.0/opt/sphenix/utils/lib:/cvmfs/sphenix.sdcc.bnl.gov/alma9.2-gcc-14.2.0/opt/sphenix/core/lib:/cvmfs/sphenix.sdcc.bnl.gov/alma9.2-gcc-14.2.0/opt/sphenix/core/root-6.32.06/lib:/cvmfs/sphenix.sdcc.bnl.gov/alma9.2-gcc-14.2.0/opt/sphenix/core/geant4.10.07.p04/lib64:/cvmfs/sphenix.sdcc.bnl.gov/alma9.2-gcc-14.2.0/opt/sphenix/core/lhapdf-5.9.1/lib:/usr/local/lib64:/usr/lib64
OPT_SPHENIX=/cvmfs/sphenix.sdcc.bnl.gov/alma9.2-gcc-14.2.0/opt/sphenix/core
TF_LOOP_PARALLEL_ITERATIONS=1
EVT_LIB=/cvmfs/sphenix.sdcc.bnl.gov/alma9.2-gcc-14.2.0/opt/sphenix/core/root-6.32.06/lib
PGHOST=sphnxdbmaster.sdcc.bnl.gov
OMP_NUM_THREADS=1
G4REALSURFACEDATA=/cvmfs/sphenix.sdcc.bnl.gov/alma9.2-gcc-14.2.0/opt/sphenix/core/geant4.10.07.p04/share/Geant4-10.7.4/data/RealSurface2.2
FC=/cvmfs/sphenix.sdcc.bnl.gov/alma9.2-gcc-14.2.0/opt/sphenix/core/gcc/14.2.0-2f0a0/x86_64-el9/bin/gfortran
G4ABLADATA=/cvmfs/sphenix.sdcc.bnl.gov/alma9.2-gcc-14.2.0/opt/sphenix/core/geant4.10.07.p04/share/Geant4-10.7.4/data/G4ABLA3.1
PARASOFT=doesnotexist
TMP=/tmp
OPT_UTILS=/cvmfs/sphenix.sdcc.bnl.gov/alma9.2-gcc-14.2.0/opt/sphenix/utils
CONFIG_SITE=/cvmfs/sphenix.sdcc.bnl.gov/alma9.2-gcc-14.2.0/opt/sphenix/core/etc/config.site
PATH=/sphenix/user/samfred/run25/install//bin:/cvmfs/sphenix.sdcc.bnl.gov/alma9.2-gcc-14.2.0/opt/sphenix/core/gcc/14.2.0-2f0a0/x86_64-el9/bin:/cvmfs/sphenix.sdcc.bnl.gov/alma9.2-gcc-14.2.0/opt/sphenix/core/binutils/2.40-acaab/x86_64-el9/bin:.:/cvmfs/sphenix.sdcc.bnl.gov/alma9.2-gcc-14.2.0/release/release_new/new.10/bin:/cvmfs/sphenix.sdcc.bnl.gov/alma9.2-gcc-14.2.0/opt/sphenix/utils/bin:/cvmfs/sphenix.sdcc.bnl.gov/alma9.2-gcc-14.2.0/opt/sphenix/core/bin:/cvmfs/sphenix.sdcc.bnl.gov/alma9.2-gcc-14.2.0/opt/sphenix/core/root-6.32.06/bin:/cvmfs/sphenix.sdcc.bnl.gov/alma9.2-gcc-14.2.0/opt/sphenix/core/geant4.10.07.p04/bin:/usr/local/bin:/usr/bin:/usr/local/sbin:/usr/sbin
_CONDOR_ANCESTOR_327077=2023766:1759352714:281521313
G4LEVELGAMMADATA=/cvmfs/sphenix.sdcc.bnl.gov/alma9.2-gcc-14.2.0/opt/sphenix/core/geant4.10.07.p04/share/Geant4-10.7.4/data/PhotonEvaporation5.7
CC=/cvmfs/sphenix.sdcc.bnl.gov/alma9.2-gcc-14.2.0/opt/sphenix/core/gcc/14.2.0-2f0a0/x86_64-el9/bin/gcc
G4RADIOACTIVEDATA=/cvmfs/sphenix.sdcc.bnl.gov/alma9.2-gcc-14.2.0/opt/sphenix/core/geant4.10.07.p04/share/Geant4-10.7.4/data/RadioactiveDecay5.6
JULIA_NUM_THREADS=1
MKL_NUM_THREADS=1
LHAPDF_DATA_PATH=/cvmfs/sphenix.sdcc.bnl.gov/alma9.2-gcc-14.2.0/release/release_new/new.10/share/LHAPDF
XPLOAD_CONFIG_DIR=/cvmfs/sphenix.sdcc.bnl.gov/alma9.2-gcc-14.2.0/opt/sphenix/core/etc
OLDPWD=/cvmfs/sphenix.sdcc.bnl.gov/alma9.2-gcc-14.2.0/release/release_new/new.10/geant4
_=/usr/bin/printenv
runnumber...
50675
trigger...

   ------------------------------------------------------------------
  | Welcome to ROOT 6.32.06                        https://root.cern |
  | (c) 1995-2024, The ROOT Team; conception: R. Brun, F. Rademakers |
  | Built for linuxx8664gcc on Dec 13 2024, 17:23:48                 |
  | From tags/6-32-06@6-32-06                                        |
  | With g++ (GCC) 14.2.0                                            |
  | Try '.help'/'.?', '.demo', '.license', '.credits', '.quit'/'.q'  |
   ------------------------------------------------------------------


Processing data_histmaker.C(50675)...
entry 1000/6852203 (0.0145938%)
entry 2000/6852203 (0.0291877%)
entry 3000/6852203 (0.0437815%)
entry 5000/6852203 (0.0729692%)
entry 8000/6852203 (0.116751%)
entry 9000/6852203 (0.131345%)
entry 11000/6852203 (0.160532%)
entry 13000/6852203 (0.18972%)
entry 14000/6852203 (0.204314%)
entry 20000/6852203 (0.291877%)
entry 23000/6852203 (0.335658%)
entry 26000/6852203 (0.37944%)
entry 30000/6852203 (0.437815%)
entry 34000/6852203 (0.496191%)
entry 35000/6852203 (0.510785%)
entry 36000/6852203 (0.525378%)
entry 38000/6852203 (0.554566%)
entry 42000/6852203 (0.612942%)
entry 47000/6852203 (0.685911%)
entry 53000/6852203 (0.773474%)
entry 54000/6852203 (0.788068%)
entry 57000/6852203 (0.831849%)
entry 58000/6852203 (0.846443%)
entry 59000/6852203 (0.861037%)
entry 61000/6852203 (0.890225%)
entry 62000/6852203 (0.904819%)
entry 64000/6852203 (0.934006%)
entry 70000/6852203 (1.02157%)
entry 71000/6852203 (1.03616%)
entry 72000/6852203 (1.05076%)
entry 76000/6852203 (1.10913%)
entry 77000/6852203 (1.12373%)
entry 83000/6852203 (1.21129%)
entry 88000/6852203 (1.28426%)
entry 89000/6852203 (1.29885%)
entry 90000/6852203 (1.31345%)
entry 93000/6852203 (1.35723%)
entry 95000/6852203 (1.38642%)
entry 96000/6852203 (1.40101%)
entry 101000/6852203 (1.47398%)
entry 103000/6852203 (1.50317%)
entry 104000/6852203 (1.51776%)
entry 105000/6852203 (1.53235%)
entry 107000/6852203 (1.56154%)
entry 108000/6852203 (1.57614%)
entry 111000/6852203 (1.61992%)
entry 112000/6852203 (1.63451%)
entry 114000/6852203 (1.6637%)
entry 115000/6852203 (1.67829%)
entry 116000/6852203 (1.69289%)
entry 118000/6852203 (1.72207%)
entry 122000/6852203 (1.78045%)
entry 129000/6852203 (1.88261%)
entry 131000/6852203 (1.91179%)
entry 132000/6852203 (1.92639%)
entry 133000/6852203 (1.94098%)
entry 134000/6852203 (1.95558%)
entry 135000/6852203 (1.97017%)
entry 137000/6852203 (1.99936%)
entry 139000/6852203 (2.02854%)
entry 143000/6852203 (2.08692%)
entry 145000/6852203 (2.11611%)
entry 152000/6852203 (2.21826%)
entry 157000/6852203 (2.29123%)
entry 159000/6852203 (2.32042%)
entry 165000/6852203 (2.40798%)
entry 167000/6852203 (2.43717%)
entry 169000/6852203 (2.46636%)
entry 170000/6852203 (2.48095%)
entry 172000/6852203 (2.51014%)
entry 175000/6852203 (2.55392%)
entry 176000/6852203 (2.56852%)
entry 177000/6852203 (2.58311%)
entry 178000/6852203 (2.5977%)
entry 179000/6852203 (2.6123%)
entry 180000/6852203 (2.62689%)
entry 181000/6852203 (2.64149%)
entry 182000/6852203 (2.65608%)
entry 185000/6852203 (2.69986%)
entry 192000/6852203 (2.80202%)
entry 195000/6852203 (2.8458%)
entry 197000/6852203 (2.87499%)
entry 198000/6852203 (2.88958%)
entry 199000/6852203 (2.90418%)
entry 200000/6852203 (2.91877%)
entry 203000/6852203 (2.96255%)
entry 204000/6852203 (2.97714%)
entry 205000/6852203 (2.99174%)
entry 207000/6852203 (3.02093%)
entry 209000/6852203 (3.05011%)
entry 214000/6852203 (3.12308%)
entry 215000/6852203 (3.13768%)
entry 216000/6852203 (3.15227%)
entry 219000/6852203 (3.19605%)
entry 220000/6852203 (3.21065%)
entry 222000/6852203 (3.23983%)
entry 225000/6852203 (3.28362%)
entry 229000/6852203 (3.34199%)
entry 230000/6852203 (3.35658%)
entry 231000/6852203 (3.37118%)
entry 233000/6852203 (3.40037%)
entry 248000/6852203 (3.61927%)
entry 250000/6852203 (3.64846%)
entry 252000/6852203 (3.67765%)
entry 253000/6852203 (3.69224%)
entry 254000/6852203 (3.70684%)
entry 257000/6852203 (3.75062%)
entry 258000/6852203 (3.76521%)
entry 259000/6852203 (3.77981%)
entry 269000/6852203 (3.92574%)
entry 277000/6852203 (4.0425%)
entry 279000/6852203 (4.07168%)
entry 285000/6852203 (4.15925%)
entry 286000/6852203 (4.17384%)
entry 287000/6852203 (4.18843%)
entry 289000/6852203 (4.21762%)
entry 291000/6852203 (4.24681%)
entry 300000/6852203 (4.37815%)
entry 301000/6852203 (4.39275%)
entry 305000/6852203 (4.45112%)
entry 306000/6852203 (4.46572%)
entry 311000/6852203 (4.53869%)
entry 318000/6852203 (4.64084%)
entry 320000/6852203 (4.67003%)
entry 321000/6852203 (4.68462%)
entry 325000/6852203 (4.743%)
entry 329000/6852203 (4.80138%)
entry 331000/6852203 (4.83056%)
entry 332000/6852203 (4.84516%)
entry 333000/6852203 (4.85975%)
entry 336000/6852203 (4.90353%)
entry 346000/6852203 (5.04947%)
entry 349000/6852203 (5.09325%)
entry 352000/6852203 (5.13703%)
entry 355000/6852203 (5.18082%)
entry 360000/6852203 (5.25378%)
entry 364000/6852203 (5.31216%)
entry 365000/6852203 (5.32675%)
entry 366000/6852203 (5.34135%)
entry 368000/6852203 (5.37054%)
entry 369000/6852203 (5.38513%)
entry 376000/6852203 (5.48729%)
entry 379000/6852203 (5.53107%)
entry 381000/6852203 (5.56026%)
entry 382000/6852203 (5.57485%)
entry 385000/6852203 (5.61863%)
entry 386000/6852203 (5.63322%)
entry 387000/6852203 (5.64782%)
entry 397000/6852203 (5.79376%)
entry 400000/6852203 (5.83754%)
entry 405000/6852203 (5.91051%)
entry 406000/6852203 (5.9251%)
entry 407000/6852203 (5.9397%)
entry 408000/6852203 (5.95429%)
entry 413000/6852203 (6.02726%)
entry 416000/6852203 (6.07104%)
entry 417000/6852203 (6.08563%)
entry 420000/6852203 (6.12942%)
entry 422000/6852203 (6.1586%)
entry 423000/6852203 (6.1732%)
entry 424000/6852203 (6.18779%)
entry 431000/6852203 (6.28995%)
entry 433000/6852203 (6.31914%)
entry 434000/6852203 (6.33373%)
entry 435000/6852203 (6.34832%)
entry 441000/6852203 (6.43589%)
entry 443000/6852203 (6.46507%)
entry 447000/6852203 (6.52345%)
entry 450000/6852203 (6.56723%)
entry 452000/6852203 (6.59642%)
entry 453000/6852203 (6.61101%)
entry 454000/6852203 (6.62561%)
entry 455000/6852203 (6.6402%)
entry 456000/6852203 (6.65479%)
entry 457000/6852203 (6.66939%)
entry 460000/6852203 (6.71317%)
entry 462000/6852203 (6.74236%)
entry 471000/6852203 (6.8737%)
entry 476000/6852203 (6.94667%)
entry 481000/6852203 (7.01964%)
entry 490000/6852203 (7.15098%)
entry 493000/6852203 (7.19477%)
entry 499000/6852203 (7.28233%)
entry 502000/6852203 (7.32611%)
entry 503000/6852203 (7.3407%)
entry 511000/6852203 (7.45746%)
entry 513000/6852203 (7.48664%)
entry 514000/6852203 (7.50124%)
entry 517000/6852203 (7.54502%)
entry 518000/6852203 (7.55961%)
entry 519000/6852203 (7.57421%)
entry 522000/6852203 (7.61799%)
entry 523000/6852203 (7.63258%)
entry 529000/6852203 (7.72014%)
entry 538000/6852203 (7.85149%)
entry 541000/6852203 (7.89527%)
entry 543000/6852203 (7.92446%)
entry 546000/6852203 (7.96824%)
entry 549000/6852203 (8.01202%)
entry 550000/6852203 (8.02662%)
entry 553000/6852203 (8.0704%)
entry 554000/6852203 (8.08499%)
entry 559000/6852203 (8.15796%)
entry 564000/6852203 (8.23093%)
entry 565000/6852203 (8.24552%)
entry 571000/6852203 (8.33309%)
entry 576000/6852203 (8.40606%)
entry 586000/6852203 (8.55199%)
entry 589000/6852203 (8.59578%)
entry 595000/6852203 (8.68334%)
entry 598000/6852203 (8.72712%)
entry 602000/6852203 (8.7855%)
entry 611000/6852203 (8.91684%)
entry 612000/6852203 (8.93143%)
entry 614000/6852203 (8.96062%)
entry 619000/6852203 (9.03359%)
entry 622000/6852203 (9.07737%)
entry 628000/6852203 (9.16494%)
entry 635000/6852203 (9.26709%)
entry 640000/6852203 (9.34006%)
entry 646000/6852203 (9.42762%)
entry 649000/6852203 (9.47141%)
entry 655000/6852203 (9.55897%)
entry 659000/6852203 (9.61735%)
entry 661000/6852203 (9.64653%)
entry 669000/6852203 (9.76328%)
entry 670000/6852203 (9.77788%)
entry 677000/6852203 (9.88003%)
entry 684000/6852203 (9.98219%)
entry 688000/6852203 (10.0406%)
entry 697000/6852203 (10.1719%)
entry 698000/6852203 (10.1865%)
entry 704000/6852203 (10.2741%)
entry 707000/6852203 (10.3178%)
entry 708000/6852203 (10.3324%)
entry 709000/6852203 (10.347%)
entry 711000/6852203 (10.3762%)
entry 723000/6852203 (10.5514%)
entry 724000/6852203 (10.5659%)
entry 728000/6852203 (10.6243%)
entry 730000/6852203 (10.6535%)
entry 731000/6852203 (10.6681%)
entry 732000/6852203 (10.6827%)
entry 736000/6852203 (10.7411%)
entry 737000/6852203 (10.7557%)
entry 741000/6852203 (10.814%)
entry 742000/6852203 (10.8286%)
entry 743000/6852203 (10.8432%)
entry 744000/6852203 (10.8578%)
entry 755000/6852203 (11.0184%)
entry 757000/6852203 (11.0475%)
entry 760000/6852203 (11.0913%)
entry 764000/6852203 (11.1497%)
entry 766000/6852203 (11.1789%)
entry 769000/6852203 (11.2227%)
entry 773000/6852203 (11.281%)
entry 774000/6852203 (11.2956%)
entry 776000/6852203 (11.3248%)
entry 779000/6852203 (11.3686%)
entry 780000/6852203 (11.3832%)
entry 782000/6852203 (11.4124%)
entry 783000/6852203 (11.427%)
entry 785000/6852203 (11.4562%)
entry 791000/6852203 (11.5437%)
entry 793000/6852203 (11.5729%)
entry 794000/6852203 (11.5875%)
entry 795000/6852203 (11.6021%)
entry 797000/6852203 (11.6313%)
entry 802000/6852203 (11.7043%)
entry 806000/6852203 (11.7626%)
entry 814000/6852203 (11.8794%)
entry 816000/6852203 (11.9086%)
entry 826000/6852203 (12.0545%)
entry 827000/6852203 (12.0691%)
entry 828000/6852203 (12.0837%)
entry 831000/6852203 (12.1275%)
entry 832000/6852203 (12.1421%)
entry 834000/6852203 (12.1713%)
entry 836000/6852203 (12.2005%)
entry 838000/6852203 (12.2296%)
entry 839000/6852203 (12.2442%)
entry 843000/6852203 (12.3026%)
entry 844000/6852203 (12.3172%)
entry 853000/6852203 (12.4486%)
entry 857000/6852203 (12.5069%)
entry 858000/6852203 (12.5215%)
entry 868000/6852203 (12.6675%)
entry 869000/6852203 (12.6821%)
entry 874000/6852203 (12.755%)
entry 877000/6852203 (12.7988%)
entry 878000/6852203 (12.8134%)
entry 881000/6852203 (12.8572%)
entry 885000/6852203 (12.9156%)
entry 890000/6852203 (12.9885%)
entry 891000/6852203 (13.0031%)
entry 894000/6852203 (13.0469%)
entry 896000/6852203 (13.0761%)
entry 900000/6852203 (13.1345%)
entry 906000/6852203 (13.222%)
entry 907000/6852203 (13.2366%)
entry 910000/6852203 (13.2804%)
entry 912000/6852203 (13.3096%)
entry 920000/6852203 (13.4263%)
entry 922000/6852203 (13.4555%)
entry 924000/6852203 (13.4847%)
entry 925000/6852203 (13.4993%)
entry 926000/6852203 (13.5139%)
entry 932000/6852203 (13.6015%)
entry 933000/6852203 (13.6161%)
entry 934000/6852203 (13.6307%)
entry 938000/6852203 (13.689%)
entry 940000/6852203 (13.7182%)
entry 941000/6852203 (13.7328%)
entry 947000/6852203 (13.8204%)
entry 948000/6852203 (13.835%)
entry 949000/6852203 (13.8496%)
entry 954000/6852203 (13.9225%)
entry 955000/6852203 (13.9371%)
entry 956000/6852203 (13.9517%)
entry 957000/6852203 (13.9663%)
entry 958000/6852203 (13.9809%)
entry 965000/6852203 (14.0831%)
entry 966000/6852203 (14.0977%)
entry 970000/6852203 (14.156%)
entry 971000/6852203 (14.1706%)
entry 973000/6852203 (14.1998%)
entry 974000/6852203 (14.2144%)
entry 976000/6852203 (14.2436%)
entry 978000/6852203 (14.2728%)
entry 979000/6852203 (14.2874%)
entry 981000/6852203 (14.3166%)
entry 982000/6852203 (14.3312%)
entry 990000/6852203 (14.4479%)
entry 992000/6852203 (14.4771%)
entry 997000/6852203 (14.5501%)
entry 1000000/6852203 (14.5938%)
entry 1004000/6852203 (14.6522%)
entry 1006000/6852203 (14.6814%)
entry 1008000/6852203 (14.7106%)
entry 1013000/6852203 (14.7836%)
entry 1014000/6852203 (14.7982%)
entry 1016000/6852203 (14.8273%)
entry 1018000/6852203 (14.8565%)
entry 1019000/6852203 (14.8711%)
entry 1023000/6852203 (14.9295%)
entry 1024000/6852203 (14.9441%)
entry 1026000/6852203 (14.9733%)
entry 1031000/6852203 (15.0463%)
entry 1032000/6852203 (15.0608%)
entry 1033000/6852203 (15.0754%)
entry 1035000/6852203 (15.1046%)
entry 1039000/6852203 (15.163%)
entry 1040000/6852203 (15.1776%)
entry 1042000/6852203 (15.2068%)
entry 1055000/6852203 (15.3965%)
entry 1056000/6852203 (15.4111%)
entry 1058000/6852203 (15.4403%)
entry 1061000/6852203 (15.4841%)
entry 1068000/6852203 (15.5862%)
entry 1071000/6852203 (15.63%)
entry 1075000/6852203 (15.6884%)
entry 1079000/6852203 (15.7468%)
entry 1081000/6852203 (15.7759%)
entry 1085000/6852203 (15.8343%)
entry 1088000/6852203 (15.8781%)
entry 1090000/6852203 (15.9073%)
entry 1094000/6852203 (15.9657%)
entry 1096000/6852203 (15.9949%)
entry 1098000/6852203 (16.024%)
entry 1102000/6852203 (16.0824%)
entry 1110000/6852203 (16.1992%)
entry 1111000/6852203 (16.2138%)
entry 1113000/6852203 (16.243%)
entry 1114000/6852203 (16.2575%)
entry 1116000/6852203 (16.2867%)
entry 1117000/6852203 (16.3013%)
entry 1118000/6852203 (16.3159%)
entry 1121000/6852203 (16.3597%)
entry 1123000/6852203 (16.3889%)
entry 1124000/6852203 (16.4035%)
entry 1125000/6852203 (16.4181%)
entry 1126000/6852203 (16.4327%)
entry 1128000/6852203 (16.4619%)
entry 1132000/6852203 (16.5202%)
entry 1134000/6852203 (16.5494%)
entry 1136000/6852203 (16.5786%)
entry 1138000/6852203 (16.6078%)
entry 1139000/6852203 (16.6224%)
entry 1143000/6852203 (16.6808%)
entry 1153000/6852203 (16.8267%)
entry 1157000/6852203 (16.8851%)
entry 1158000/6852203 (16.8997%)
entry 1160000/6852203 (16.9289%)
entry 1162000/6852203 (16.9581%)
entry 1164000/6852203 (16.9872%)
entry 1169000/6852203 (17.0602%)
entry 1173000/6852203 (17.1186%)
entry 1176000/6852203 (17.1624%)
entry 1177000/6852203 (17.177%)
entry 1178000/6852203 (17.1916%)
entry 1184000/6852203 (17.2791%)
entry 1185000/6852203 (17.2937%)
entry 1186000/6852203 (17.3083%)
entry 1188000/6852203 (17.3375%)
entry 1189000/6852203 (17.3521%)
entry 1190000/6852203 (17.3667%)
entry 1192000/6852203 (17.3959%)
entry 1196000/6852203 (17.4542%)
entry 1197000/6852203 (17.4688%)
entry 1199000/6852203 (17.498%)
entry 1201000/6852203 (17.5272%)
entry 1203000/6852203 (17.5564%)
entry 1204000/6852203 (17.571%)
entry 1210000/6852203 (17.6586%)
entry 1211000/6852203 (17.6731%)
entry 1213000/6852203 (17.7023%)
entry 1216000/6852203 (17.7461%)
entry 1217000/6852203 (17.7607%)
entry 1218000/6852203 (17.7753%)
entry 1219000/6852203 (17.7899%)
entry 1221000/6852203 (17.8191%)
entry 1224000/6852203 (17.8629%)
entry 1239000/6852203 (18.0818%)
entry 1241000/6852203 (18.111%)
entry 1243000/6852203 (18.1402%)
entry 1261000/6852203 (18.4028%)
entry 1262000/6852203 (18.4174%)
entry 1263000/6852203 (18.432%)
entry 1274000/6852203 (18.5926%)
entry 1276000/6852203 (18.6217%)
entry 1277000/6852203 (18.6363%)
entry 1286000/6852203 (18.7677%)
entry 1287000/6852203 (18.7823%)
entry 1289000/6852203 (18.8115%)
entry 1290000/6852203 (18.8261%)
entry 1293000/6852203 (18.8698%)
entry 1302000/6852203 (19.0012%)
entry 1305000/6852203 (19.045%)
entry 1306000/6852203 (19.0596%)
entry 1307000/6852203 (19.0742%)
entry 1309000/6852203 (19.1033%)
entry 1312000/6852203 (19.1471%)
entry 1313000/6852203 (19.1617%)
entry 1318000/6852203 (19.2347%)
entry 1320000/6852203 (19.2639%)
entry 1327000/6852203 (19.366%)
entry 1331000/6852203 (19.4244%)
entry 1333000/6852203 (19.4536%)
entry 1338000/6852203 (19.5266%)
entry 1344000/6852203 (19.6141%)
entry 1345000/6852203 (19.6287%)
entry 1346000/6852203 (19.6433%)
entry 1351000/6852203 (19.7163%)
entry 1352000/6852203 (19.7309%)
entry 1354000/6852203 (19.7601%)
entry 1356000/6852203 (19.7893%)
entry 1357000/6852203 (19.8039%)
entry 1360000/6852203 (19.8476%)
entry 1361000/6852203 (19.8622%)
entry 1364000/6852203 (19.906%)
entry 1371000/6852203 (20.0082%)
entry 1377000/6852203 (20.0957%)
entry 1383000/6852203 (20.1833%)
entry 1384000/6852203 (20.1979%)
entry 1386000/6852203 (20.2271%)
entry 1387000/6852203 (20.2417%)
entry 1397000/6852203 (20.3876%)
entry 1400000/6852203 (20.4314%)
entry 1404000/6852203 (20.4898%)
entry 1405000/6852203 (20.5044%)
entry 1410000/6852203 (20.5773%)
entry 1411000/6852203 (20.5919%)
entry 1412000/6852203 (20.6065%)
entry 1416000/6852203 (20.6649%)
entry 1420000/6852203 (20.7233%)
entry 1422000/6852203 (20.7524%)
entry 1424000/6852203 (20.7816%)
entry 1425000/6852203 (20.7962%)
entry 1435000/6852203 (20.9422%)
entry 1437000/6852203 (20.9714%)
entry 1446000/6852203 (21.1027%)
entry 1452000/6852203 (21.1903%)
entry 1453000/6852203 (21.2049%)
entry 1455000/6852203 (21.234%)
entry 1456000/6852203 (21.2486%)
entry 1458000/6852203 (21.2778%)
entry 1460000/6852203 (21.307%)
entry 1461000/6852203 (21.3216%)
entry 1464000/6852203 (21.3654%)
entry 1466000/6852203 (21.3946%)
entry 1474000/6852203 (21.5113%)
entry 1479000/6852203 (21.5843%)
entry 1489000/6852203 (21.7302%)
entry 1491000/6852203 (21.7594%)
entry 1493000/6852203 (21.7886%)
entry 1494000/6852203 (21.8032%)
entry 1497000/6852203 (21.847%)
entry 1500000/6852203 (21.8908%)
entry 1502000/6852203 (21.92%)
entry 1503000/6852203 (21.9346%)
entry 1508000/6852203 (22.0075%)
entry 1513000/6852203 (22.0805%)
entry 1517000/6852203 (22.1389%)
entry 1524000/6852203 (22.241%)
entry 1531000/6852203 (22.3432%)
entry 1534000/6852203 (22.387%)
entry 1538000/6852203 (22.4453%)
entry 1539000/6852203 (22.4599%)
entry 1541000/6852203 (22.4891%)
entry 1547000/6852203 (22.5767%)
entry 1549000/6852203 (22.6059%)
entry 1550000/6852203 (22.6205%)
entry 1552000/6852203 (22.6497%)
entry 1555000/6852203 (22.6934%)
entry 1556000/6852203 (22.708%)
entry 1557000/6852203 (22.7226%)
entry 1559000/6852203 (22.7518%)
entry 1562000/6852203 (22.7956%)
entry 1564000/6852203 (22.8248%)
entry 1574000/6852203 (22.9707%)
entry 1578000/6852203 (23.0291%)
entry 1581000/6852203 (23.0729%)
entry 1583000/6852203 (23.1021%)
entry 1584000/6852203 (23.1167%)
entry 1589000/6852203 (23.1896%)
entry 1591000/6852203 (23.2188%)
entry 1597000/6852203 (23.3064%)
entry 1599000/6852203 (23.3356%)
entry 1600000/6852203 (23.3502%)
entry 1603000/6852203 (23.3939%)
entry 1608000/6852203 (23.4669%)
entry 1609000/6852203 (23.4815%)
entry 1617000/6852203 (23.5983%)
entry 1622000/6852203 (23.6712%)
entry 1623000/6852203 (23.6858%)
entry 1625000/6852203 (23.715%)
entry 1627000/6852203 (23.7442%)
entry 1628000/6852203 (23.7588%)
entry 1630000/6852203 (23.788%)
entry 1635000/6852203 (23.8609%)
entry 1639000/6852203 (23.9193%)
entry 1640000/6852203 (23.9339%)
entry 1644000/6852203 (23.9923%)
entry 1646000/6852203 (24.0215%)
entry 1649000/6852203 (24.0653%)
entry 1650000/6852203 (24.0798%)
entry 1652000/6852203 (24.109%)
entry 1655000/6852203 (24.1528%)
entry 1657000/6852203 (24.182%)
entry 1660000/6852203 (24.2258%)
entry 1663000/6852203 (24.2696%)
entry 1667000/6852203 (24.3279%)
entry 1670000/6852203 (24.3717%)
entry 1675000/6852203 (24.4447%)
entry 1679000/6852203 (24.5031%)
entry 1684000/6852203 (24.576%)
entry 1686000/6852203 (24.6052%)
entry 1687000/6852203 (24.6198%)
entry 1692000/6852203 (24.6928%)
entry 1693000/6852203 (24.7074%)
entry 1694000/6852203 (24.722%)
entry 1697000/6852203 (24.7658%)
entry 1701000/6852203 (24.8241%)
entry 1702000/6852203 (24.8387%)
entry 1706000/6852203 (24.8971%)
entry 1709000/6852203 (24.9409%)
entry 1711000/6852203 (24.9701%)
entry 1712000/6852203 (24.9847%)
entry 1716000/6852203 (25.043%)
entry 1721000/6852203 (25.116%)
entry 1723000/6852203 (25.1452%)
entry 1726000/6852203 (25.189%)
entry 1732000/6852203 (25.2765%)
entry 1736000/6852203 (25.3349%)
entry 1737000/6852203 (25.3495%)
entry 1738000/6852203 (25.3641%)
entry 1742000/6852203 (25.4225%)
entry 1748000/6852203 (25.51%)
entry 1751000/6852203 (25.5538%)
entry 1752000/6852203 (25.5684%)
entry 1756000/6852203 (25.6268%)
entry 1758000/6852203 (25.656%)
entry 1760000/6852203 (25.6852%)
entry 1762000/6852203 (25.7144%)
entry 1764000/6852203 (25.7435%)
entry 1766000/6852203 (25.7727%)
entry 1773000/6852203 (25.8749%)
entry 1774000/6852203 (25.8895%)
entry 1778000/6852203 (25.9479%)
entry 1780000/6852203 (25.977%)
entry 1781000/6852203 (25.9916%)
entry 1785000/6852203 (26.05%)
entry 1786000/6852203 (26.0646%)
entry 1796000/6852203 (26.2105%)
entry 1798000/6852203 (26.2397%)
entry 1802000/6852203 (26.2981%)
entry 1804000/6852203 (26.3273%)
entry 1806000/6852203 (26.3565%)
entry 1816000/6852203 (26.5024%)
entry 1821000/6852203 (26.5754%)
entry 1824000/6852203 (26.6192%)
entry 1825000/6852203 (26.6338%)
entry 1836000/6852203 (26.7943%)
entry 1843000/6852203 (26.8965%)
entry 1852000/6852203 (27.0278%)
entry 1853000/6852203 (27.0424%)
entry 1855000/6852203 (27.0716%)
entry 1856000/6852203 (27.0862%)
entry 1858000/6852203 (27.1154%)
entry 1862000/6852203 (27.1737%)
entry 1865000/6852203 (27.2175%)
entry 1869000/6852203 (27.2759%)
entry 1876000/6852203 (27.3781%)
entry 1878000/6852203 (27.4072%)
entry 1882000/6852203 (27.4656%)
entry 1883000/6852203 (27.4802%)
entry 1884000/6852203 (27.4948%)
entry 1887000/6852203 (27.5386%)
entry 1889000/6852203 (27.5678%)
entry 1891000/6852203 (27.597%)
entry 1892000/6852203 (27.6116%)
entry 1895000/6852203 (27.6553%)
entry 1897000/6852203 (27.6845%)
entry 1898000/6852203 (27.6991%)
entry 1900000/6852203 (27.7283%)
entry 1904000/6852203 (27.7867%)
entry 1911000/6852203 (27.8888%)
entry 1913000/6852203 (27.918%)
entry 1915000/6852203 (27.9472%)
entry 1918000/6852203 (27.991%)
entry 1922000/6852203 (28.0494%)
entry 1928000/6852203 (28.1369%)
entry 1930000/6852203 (28.1661%)
entry 1932000/6852203 (28.1953%)
entry 1936000/6852203 (28.2537%)
entry 1950000/6852203 (28.458%)
entry 1952000/6852203 (28.4872%)
entry 1953000/6852203 (28.5018%)
entry 1954000/6852203 (28.5164%)
entry 1957000/6852203 (28.5602%)
entry 1958000/6852203 (28.5748%)
entry 1962000/6852203 (28.6331%)
entry 1964000/6852203 (28.6623%)
entry 1966000/6852203 (28.6915%)
entry 1972000/6852203 (28.7791%)
entry 1975000/6852203 (28.8228%)
entry 1976000/6852203 (28.8374%)
entry 1977000/6852203 (28.852%)
entry 2003000/6852203 (29.2315%)
entry 2005000/6852203 (29.2607%)
entry 2006000/6852203 (29.2753%)
entry 2008000/6852203 (29.3044%)
entry 2013000/6852203 (29.3774%)
entry 2020000/6852203 (29.4796%)
entry 2021000/6852203 (29.4942%)
entry 2022000/6852203 (29.5088%)
entry 2028000/6852203 (29.5963%)
entry 2029000/6852203 (29.6109%)
entry 2034000/6852203 (29.6839%)
entry 2036000/6852203 (29.7131%)
entry 2041000/6852203 (29.786%)
entry 2042000/6852203 (29.8006%)
entry 2047000/6852203 (29.8736%)
entry 2048000/6852203 (29.8882%)
entry 2050000/6852203 (29.9174%)
entry 2051000/6852203 (29.932%)
entry 2053000/6852203 (29.9612%)
entry 2054000/6852203 (29.9758%)
entry 2055000/6852203 (29.9904%)
entry 2056000/6852203 (30.0049%)
entry 2057000/6852203 (30.0195%)
entry 2061000/6852203 (30.0779%)
entry 2064000/6852203 (30.1217%)
entry 2068000/6852203 (30.1801%)
entry 2070000/6852203 (30.2093%)
entry 2074000/6852203 (30.2676%)
entry 2076000/6852203 (30.2968%)
entry 2077000/6852203 (30.3114%)
entry 2078000/6852203 (30.326%)
entry 2082000/6852203 (30.3844%)
entry 2085000/6852203 (30.4282%)
entry 2087000/6852203 (30.4574%)
entry 2088000/6852203 (30.472%)
entry 2090000/6852203 (30.5011%)
entry 2091000/6852203 (30.5157%)
entry 2092000/6852203 (30.5303%)
entry 2093000/6852203 (30.5449%)
entry 2095000/6852203 (30.5741%)
entry 2099000/6852203 (30.6325%)
entry 2100000/6852203 (30.6471%)
entry 2102000/6852203 (30.6763%)
entry 2104000/6852203 (30.7055%)
entry 2109000/6852203 (30.7784%)
entry 2110000/6852203 (30.793%)
entry 2112000/6852203 (30.8222%)
entry 2116000/6852203 (30.8806%)
entry 2117000/6852203 (30.8952%)
entry 2123000/6852203 (30.9827%)
entry 2126000/6852203 (31.0265%)
entry 2127000/6852203 (31.0411%)
entry 2128000/6852203 (31.0557%)
entry 2132000/6852203 (31.1141%)
entry 2133000/6852203 (31.1287%)
entry 2134000/6852203 (31.1433%)
entry 2135000/6852203 (31.1579%)
entry 2136000/6852203 (31.1725%)
entry 2138000/6852203 (31.2016%)
entry 2143000/6852203 (31.2746%)
entry 2144000/6852203 (31.2892%)
entry 2146000/6852203 (31.3184%)
entry 2149000/6852203 (31.3622%)
entry 2150000/6852203 (31.3768%)
entry 2152000/6852203 (31.406%)
entry 2153000/6852203 (31.4206%)
entry 2155000/6852203 (31.4497%)
entry 2156000/6852203 (31.4643%)
entry 2157000/6852203 (31.4789%)
entry 2164000/6852203 (31.5811%)
entry 2171000/6852203 (31.6832%)
entry 2172000/6852203 (31.6978%)
entry 2175000/6852203 (31.7416%)
entry 2176000/6852203 (31.7562%)
entry 2178000/6852203 (31.7854%)
entry 2181000/6852203 (31.8292%)
entry 2186000/6852203 (31.9021%)
entry 2189000/6852203 (31.9459%)
entry 2196000/6852203 (32.0481%)
entry 2200000/6852203 (32.1065%)
entry 2203000/6852203 (32.1502%)
entry 2213000/6852203 (32.2962%)
entry 2219000/6852203 (32.3837%)
entry 2220000/6852203 (32.3983%)
entry 2225000/6852203 (32.4713%)
entry 2226000/6852203 (32.4859%)
entry 2227000/6852203 (32.5005%)
entry 2238000/6852203 (32.661%)
entry 2242000/6852203 (32.7194%)
entry 2243000/6852203 (32.734%)
entry 2248000/6852203 (32.807%)
entry 2249000/6852203 (32.8216%)
entry 2253000/6852203 (32.8799%)
entry 2260000/6852203 (32.9821%)
entry 2262000/6852203 (33.0113%)
entry 2263000/6852203 (33.0259%)
entry 2269000/6852203 (33.1134%)
entry 2274000/6852203 (33.1864%)
entry 2278000/6852203 (33.2448%)
entry 2282000/6852203 (33.3032%)
entry 2283000/6852203 (33.3178%)
entry 2287000/6852203 (33.3761%)
entry 2290000/6852203 (33.4199%)
entry 2296000/6852203 (33.5075%)
entry 2300000/6852203 (33.5658%)
entry 2305000/6852203 (33.6388%)
entry 2306000/6852203 (33.6534%)
entry 2319000/6852203 (33.8431%)
entry 2320000/6852203 (33.8577%)
entry 2332000/6852203 (34.0329%)
entry 2333000/6852203 (34.0474%)
entry 2335000/6852203 (34.0766%)
entry 2338000/6852203 (34.1204%)
entry 2341000/6852203 (34.1642%)
entry 2342000/6852203 (34.1788%)
entry 2345000/6852203 (34.2226%)
entry 2353000/6852203 (34.3393%)
entry 2355000/6852203 (34.3685%)
entry 2359000/6852203 (34.4269%)
entry 2361000/6852203 (34.4561%)
entry 2367000/6852203 (34.5436%)
entry 2368000/6852203 (34.5582%)
entry 2370000/6852203 (34.5874%)
entry 2371000/6852203 (34.602%)
entry 2376000/6852203 (34.675%)
entry 2377000/6852203 (34.6896%)
entry 2385000/6852203 (34.8063%)
entry 2386000/6852203 (34.8209%)
entry 2392000/6852203 (34.9085%)
entry 2394000/6852203 (34.9377%)
entry 2395000/6852203 (34.9523%)
entry 2399000/6852203 (35.0106%)
entry 2400000/6852203 (35.0252%)
entry 2402000/6852203 (35.0544%)
entry 2403000/6852203 (35.069%)
entry 2405000/6852203 (35.0982%)
entry 2409000/6852203 (35.1566%)
entry 2410000/6852203 (35.1712%)
entry 2413000/6852203 (35.215%)
entry 2414000/6852203 (35.2295%)
entry 2419000/6852203 (35.3025%)
entry 2421000/6852203 (35.3317%)
entry 2424000/6852203 (35.3755%)
entry 2426000/6852203 (35.4047%)
entry 2431000/6852203 (35.4776%)
entry 2432000/6852203 (35.4922%)
entry 2433000/6852203 (35.5068%)
entry 2434000/6852203 (35.5214%)
entry 2435000/6852203 (35.536%)
entry 2438000/6852203 (35.5798%)
entry 2440000/6852203 (35.609%)
entry 2442000/6852203 (35.6382%)
entry 2445000/6852203 (35.682%)
entry 2446000/6852203 (35.6965%)
entry 2447000/6852203 (35.7111%)
entry 2448000/6852203 (35.7257%)
entry 2449000/6852203 (35.7403%)
entry 2450000/6852203 (35.7549%)
entry 2451000/6852203 (35.7695%)
entry 2453000/6852203 (35.7987%)
entry 2455000/6852203 (35.8279%)
entry 2463000/6852203 (35.9446%)
entry 2464000/6852203 (35.9592%)
entry 2466000/6852203 (35.9884%)
entry 2467000/6852203 (36.003%)
entry 2468000/6852203 (36.0176%)
entry 2470000/6852203 (36.0468%)
entry 2480000/6852203 (36.1927%)
entry 2482000/6852203 (36.2219%)
entry 2483000/6852203 (36.2365%)
entry 2486000/6852203 (36.2803%)
entry 2487000/6852203 (36.2949%)
entry 2490000/6852203 (36.3387%)
entry 2495000/6852203 (36.4116%)
entry 2496000/6852203 (36.4262%)
entry 2501000/6852203 (36.4992%)
entry 2503000/6852203 (36.5284%)
entry 2504000/6852203 (36.543%)
entry 2506000/6852203 (36.5722%)
entry 2510000/6852203 (36.6306%)
entry 2512000/6852203 (36.6597%)
entry 2513000/6852203 (36.6743%)
entry 2517000/6852203 (36.7327%)
entry 2521000/6852203 (36.7911%)
entry 2523000/6852203 (36.8203%)
entry 2525000/6852203 (36.8495%)
entry 2526000/6852203 (36.8641%)
entry 2529000/6852203 (36.9078%)
entry 2530000/6852203 (36.9224%)
entry 2532000/6852203 (36.9516%)
entry 2533000/6852203 (36.9662%)
entry 2537000/6852203 (37.0246%)
entry 2541000/6852203 (37.083%)
entry 2549000/6852203 (37.1997%)
entry 2557000/6852203 (37.3165%)
entry 2563000/6852203 (37.404%)
entry 2566000/6852203 (37.4478%)
entry 2568000/6852203 (37.477%)
entry 2570000/6852203 (37.5062%)
entry 2571000/6852203 (37.5208%)
entry 2573000/6852203 (37.55%)
entry 2576000/6852203 (37.5937%)
entry 2580000/6852203 (37.6521%)
entry 2583000/6852203 (37.6959%)
entry 2586000/6852203 (37.7397%)
entry 2587000/6852203 (37.7543%)
entry 2590000/6852203 (37.7981%)
entry 2604000/6852203 (38.0024%)
entry 2607000/6852203 (38.0462%)
entry 2610000/6852203 (38.0899%)
entry 2614000/6852203 (38.1483%)
entry 2622000/6852203 (38.2651%)
entry 2623000/6852203 (38.2797%)
entry 2629000/6852203 (38.3672%)
entry 2632000/6852203 (38.411%)
entry 2635000/6852203 (38.4548%)
entry 2636000/6852203 (38.4694%)
entry 2638000/6852203 (38.4986%)
entry 2641000/6852203 (38.5423%)
entry 2642000/6852203 (38.5569%)
entry 2643000/6852203 (38.5715%)
entry 2645000/6852203 (38.6007%)
entry 2647000/6852203 (38.6299%)
entry 2648000/6852203 (38.6445%)
entry 2650000/6852203 (38.6737%)
entry 2651000/6852203 (38.6883%)
entry 2652000/6852203 (38.7029%)
entry 2656000/6852203 (38.7613%)
entry 2658000/6852203 (38.7904%)
entry 2663000/6852203 (38.8634%)
entry 2664000/6852203 (38.878%)
entry 2667000/6852203 (38.9218%)
entry 2669000/6852203 (38.951%)
entry 2670000/6852203 (38.9656%)
entry 2672000/6852203 (38.9948%)
entry 2673000/6852203 (39.0094%)
entry 2674000/6852203 (39.0239%)
entry 2675000/6852203 (39.0385%)
entry 2676000/6852203 (39.0531%)
entry 2678000/6852203 (39.0823%)
entry 2686000/6852203 (39.1991%)
entry 2690000/6852203 (39.2574%)
entry 2693000/6852203 (39.3012%)
entry 2695000/6852203 (39.3304%)
entry 2696000/6852203 (39.345%)
entry 2703000/6852203 (39.4472%)
entry 2705000/6852203 (39.4764%)
entry 2708000/6852203 (39.5201%)
entry 2709000/6852203 (39.5347%)
entry 2712000/6852203 (39.5785%)
entry 2713000/6852203 (39.5931%)
entry 2715000/6852203 (39.6223%)
entry 2717000/6852203 (39.6515%)
entry 2724000/6852203 (39.7536%)
entry 2726000/6852203 (39.7828%)
entry 2727000/6852203 (39.7974%)
entry 2732000/6852203 (39.8704%)
entry 2737000/6852203 (39.9434%)
entry 2741000/6852203 (40.0017%)
entry 2744000/6852203 (40.0455%)
entry 2745000/6852203 (40.0601%)
entry 2748000/6852203 (40.1039%)
entry 2749000/6852203 (40.1185%)
entry 2750000/6852203 (40.1331%)
entry 2751000/6852203 (40.1477%)
entry 2752000/6852203 (40.1623%)
entry 2753000/6852203 (40.1769%)
entry 2756000/6852203 (40.2206%)
entry 2757000/6852203 (40.2352%)
entry 2758000/6852203 (40.2498%)
entry 2759000/6852203 (40.2644%)
entry 2760000/6852203 (40.279%)
entry 2762000/6852203 (40.3082%)
entry 2763000/6852203 (40.3228%)
entry 2765000/6852203 (40.352%)
entry 2769000/6852203 (40.4104%)
entry 2771000/6852203 (40.4395%)
entry 2773000/6852203 (40.4687%)
entry 2775000/6852203 (40.4979%)
entry 2776000/6852203 (40.5125%)
entry 2778000/6852203 (40.5417%)
entry 2780000/6852203 (40.5709%)
entry 2781000/6852203 (40.5855%)
entry 2785000/6852203 (40.6439%)
entry 2786000/6852203 (40.6585%)
entry 2791000/6852203 (40.7314%)
entry 2792000/6852203 (40.746%)
entry 2794000/6852203 (40.7752%)
entry 2797000/6852203 (40.819%)
entry 2805000/6852203 (40.9357%)
entry 2806000/6852203 (40.9503%)
entry 2807000/6852203 (40.9649%)
entry 2811000/6852203 (41.0233%)
entry 2812000/6852203 (41.0379%)
entry 2814000/6852203 (41.0671%)
entry 2816000/6852203 (41.0963%)
entry 2817000/6852203 (41.1109%)
entry 2818000/6852203 (41.1255%)
entry 2819000/6852203 (41.1401%)
entry 2820000/6852203 (41.1546%)
entry 2821000/6852203 (41.1692%)
entry 2823000/6852203 (41.1984%)
entry 2831000/6852203 (41.3152%)
entry 2832000/6852203 (41.3298%)
entry 2833000/6852203 (41.3444%)
entry 2834000/6852203 (41.359%)
entry 2835000/6852203 (41.3736%)
entry 2845000/6852203 (41.5195%)
entry 2846000/6852203 (41.5341%)
entry 2847000/6852203 (41.5487%)
entry 2849000/6852203 (41.5779%)
entry 2855000/6852203 (41.6654%)
entry 2856000/6852203 (41.68%)
entry 2857000/6852203 (41.6946%)
entry 2858000/6852203 (41.7092%)
entry 2861000/6852203 (41.753%)
entry 2862000/6852203 (41.7676%)
entry 2865000/6852203 (41.8114%)
entry 2870000/6852203 (41.8843%)
entry 2874000/6852203 (41.9427%)
entry 2875000/6852203 (41.9573%)
entry 2876000/6852203 (41.9719%)
entry 2884000/6852203 (42.0887%)
entry 2886000/6852203 (42.1178%)
entry 2888000/6852203 (42.147%)
entry 2893000/6852203 (42.22%)
entry 2895000/6852203 (42.2492%)
entry 2898000/6852203 (42.293%)
entry 2900000/6852203 (42.3222%)
entry 2903000/6852203 (42.3659%)
entry 2904000/6852203 (42.3805%)
entry 2906000/6852203 (42.4097%)
entry 2909000/6852203 (42.4535%)
entry 2911000/6852203 (42.4827%)
entry 2915000/6852203 (42.5411%)
entry 2923000/6852203 (42.6578%)
entry 2924000/6852203 (42.6724%)
entry 2931000/6852203 (42.7746%)
entry 2935000/6852203 (42.8329%)
entry 2936000/6852203 (42.8475%)
entry 2940000/6852203 (42.9059%)
entry 2946000/6852203 (42.9935%)
entry 2948000/6852203 (43.0227%)
entry 2949000/6852203 (43.0373%)
entry 2952000/6852203 (43.081%)
entry 2955000/6852203 (43.1248%)
entry 2957000/6852203 (43.154%)
entry 2959000/6852203 (43.1832%)
entry 2972000/6852203 (43.3729%)
entry 2974000/6852203 (43.4021%)
entry 2981000/6852203 (43.5043%)
entry 2989000/6852203 (43.621%)
entry 2999000/6852203 (43.7669%)
entry 3002000/6852203 (43.8107%)
entry 3004000/6852203 (43.8399%)
entry 3007000/6852203 (43.8837%)
entry 3009000/6852203 (43.9129%)
entry 3014000/6852203 (43.9859%)
entry 3015000/6852203 (44.0004%)
entry 3018000/6852203 (44.0442%)
entry 3019000/6852203 (44.0588%)
entry 3020000/6852203 (44.0734%)
entry 3021000/6852203 (44.088%)
entry 3022000/6852203 (44.1026%)
entry 3024000/6852203 (44.1318%)
entry 3030000/6852203 (44.2194%)
entry 3032000/6852203 (44.2485%)
entry 3035000/6852203 (44.2923%)
entry 3038000/6852203 (44.3361%)
entry 3042000/6852203 (44.3945%)
entry 3044000/6852203 (44.4237%)
entry 3047000/6852203 (44.4675%)
entry 3053000/6852203 (44.555%)
entry 3059000/6852203 (44.6426%)
entry 3060000/6852203 (44.6572%)
entry 3078000/6852203 (44.9199%)
entry 3079000/6852203 (44.9345%)
entry 3080000/6852203 (44.949%)
entry 3081000/6852203 (44.9636%)
entry 3083000/6852203 (44.9928%)
entry 3084000/6852203 (45.0074%)
entry 3088000/6852203 (45.0658%)
entry 3089000/6852203 (45.0804%)
entry 3090000/6852203 (45.095%)
entry 3095000/6852203 (45.168%)
entry 3096000/6852203 (45.1825%)
entry 3100000/6852203 (45.2409%)
entry 3102000/6852203 (45.2701%)
entry 3107000/6852203 (45.3431%)
entry 3114000/6852203 (45.4452%)
entry 3115000/6852203 (45.4598%)
entry 3116000/6852203 (45.4744%)
entry 3119000/6852203 (45.5182%)
entry 3120000/6852203 (45.5328%)
entry 3123000/6852203 (45.5766%)
entry 3125000/6852203 (45.6058%)
entry 3129000/6852203 (45.6641%)
entry 3136000/6852203 (45.7663%)
entry 3137000/6852203 (45.7809%)
entry 3138000/6852203 (45.7955%)
entry 3140000/6852203 (45.8247%)
entry 3141000/6852203 (45.8393%)
entry 3143000/6852203 (45.8685%)
entry 3145000/6852203 (45.8976%)
entry 3146000/6852203 (45.9122%)
entry 3154000/6852203 (46.029%)
entry 3155000/6852203 (46.0436%)
entry 3160000/6852203 (46.1166%)
entry 3162000/6852203 (46.1457%)
entry 3164000/6852203 (46.1749%)
entry 3165000/6852203 (46.1895%)
entry 3166000/6852203 (46.2041%)
entry 3167000/6852203 (46.2187%)
entry 3170000/6852203 (46.2625%)
entry 3172000/6852203 (46.2917%)
entry 3173000/6852203 (46.3063%)
entry 3177000/6852203 (46.3647%)
entry 3179000/6852203 (46.3938%)
entry 3183000/6852203 (46.4522%)
entry 3186000/6852203 (46.496%)
entry 3187000/6852203 (46.5106%)
entry 3188000/6852203 (46.5252%)
entry 3189000/6852203 (46.5398%)
entry 3192000/6852203 (46.5836%)
entry 3193000/6852203 (46.5982%)
entry 3195000/6852203 (46.6273%)
entry 3199000/6852203 (46.6857%)
entry 3201000/6852203 (46.7149%)
entry 3205000/6852203 (46.7733%)
entry 3207000/6852203 (46.8025%)
entry 3211000/6852203 (46.8608%)
entry 3212000/6852203 (46.8754%)
entry 3215000/6852203 (46.9192%)
entry 3216000/6852203 (46.9338%)
entry 3219000/6852203 (46.9776%)
entry 3225000/6852203 (47.0652%)
entry 3227000/6852203 (47.0943%)
entry 3231000/6852203 (47.1527%)
entry 3232000/6852203 (47.1673%)
entry 3234000/6852203 (47.1965%)
entry 3235000/6852203 (47.2111%)
entry 3237000/6852203 (47.2403%)
entry 3244000/6852203 (47.3424%)
entry 3247000/6852203 (47.3862%)
entry 3248000/6852203 (47.4008%)
entry 3249000/6852203 (47.4154%)
entry 3250000/6852203 (47.43%)
entry 3251000/6852203 (47.4446%)
entry 3254000/6852203 (47.4884%)
entry 3256000/6852203 (47.5176%)
entry 3257000/6852203 (47.5322%)
entry 3258000/6852203 (47.5468%)
entry 3259000/6852203 (47.5613%)
entry 3261000/6852203 (47.5905%)
entry 3262000/6852203 (47.6051%)
entry 3264000/6852203 (47.6343%)
entry 3268000/6852203 (47.6927%)
entry 3272000/6852203 (47.7511%)
entry 3276000/6852203 (47.8094%)
entry 3279000/6852203 (47.8532%)
entry 3284000/6852203 (47.9262%)
entry 3288000/6852203 (47.9846%)
entry 3296000/6852203 (48.1013%)
entry 3298000/6852203 (48.1305%)
entry 3301000/6852203 (48.1743%)
entry 3302000/6852203 (48.1889%)
entry 3303000/6852203 (48.2035%)
entry 3308000/6852203 (48.2764%)
entry 3309000/6852203 (48.291%)
entry 3319000/6852203 (48.437%)
entry 3323000/6852203 (48.4954%)
entry 3325000/6852203 (48.5245%)
entry 3329000/6852203 (48.5829%)
entry 3333000/6852203 (48.6413%)
entry 3334000/6852203 (48.6559%)
entry 3336000/6852203 (48.6851%)
entry 3337000/6852203 (48.6997%)
entry 3344000/6852203 (48.8018%)
entry 3346000/6852203 (48.831%)
entry 3349000/6852203 (48.8748%)
entry 3352000/6852203 (48.9186%)
entry 3353000/6852203 (48.9332%)
entry 3357000/6852203 (48.9915%)
entry 3362000/6852203 (49.0645%)
entry 3364000/6852203 (49.0937%)
entry 3367000/6852203 (49.1375%)
entry 3368000/6852203 (49.1521%)
entry 3369000/6852203 (49.1667%)
entry 3372000/6852203 (49.2105%)
entry 3377000/6852203 (49.2834%)
entry 3379000/6852203 (49.3126%)
entry 3380000/6852203 (49.3272%)
entry 3382000/6852203 (49.3564%)
entry 3387000/6852203 (49.4294%)
entry 3388000/6852203 (49.444%)
entry 3399000/6852203 (49.6045%)
entry 3402000/6852203 (49.6483%)
entry 3406000/6852203 (49.7066%)
entry 3408000/6852203 (49.7358%)
entry 3412000/6852203 (49.7942%)
entry 3414000/6852203 (49.8234%)
entry 3419000/6852203 (49.8964%)
entry 3421000/6852203 (49.9256%)
entry 3429000/6852203 (50.0423%)
entry 3430000/6852203 (50.0569%)
entry 3431000/6852203 (50.0715%)
entry 3435000/6852203 (50.1299%)
entry 3441000/6852203 (50.2174%)
entry 3442000/6852203 (50.232%)
entry 3443000/6852203 (50.2466%)
entry 3444000/6852203 (50.2612%)
entry 3451000/6852203 (50.3634%)
entry 3455000/6852203 (50.4217%)
entry 3458000/6852203 (50.4655%)
entry 3459000/6852203 (50.4801%)
entry 3460000/6852203 (50.4947%)
entry 3464000/6852203 (50.5531%)
entry 3465000/6852203 (50.5677%)
entry 3471000/6852203 (50.6552%)
entry 3477000/6852203 (50.7428%)
entry 3478000/6852203 (50.7574%)
entry 3479000/6852203 (50.772%)
entry 3486000/6852203 (50.8741%)
entry 3490000/6852203 (50.9325%)
entry 3491000/6852203 (50.9471%)
entry 3493000/6852203 (50.9763%)
entry 3494000/6852203 (50.9909%)
entry 3496000/6852203 (51.0201%)
entry 3499000/6852203 (51.0639%)
entry 3500000/6852203 (51.0785%)
entry 3502000/6852203 (51.1077%)
entry 3506000/6852203 (51.166%)
entry 3509000/6852203 (51.2098%)
entry 3510000/6852203 (51.2244%)
entry 3515000/6852203 (51.2974%)
entry 3518000/6852203 (51.3412%)
entry 3524000/6852203 (51.4287%)
entry 3526000/6852203 (51.4579%)
entry 3527000/6852203 (51.4725%)
entry 3530000/6852203 (51.5163%)
entry 3537000/6852203 (51.6184%)
entry 3538000/6852203 (51.633%)
entry 3545000/6852203 (51.7352%)
entry 3548000/6852203 (51.779%)
entry 3549000/6852203 (51.7936%)
entry 3552000/6852203 (51.8373%)
entry 3554000/6852203 (51.8665%)
entry 3556000/6852203 (51.8957%)
entry 3557000/6852203 (51.9103%)
entry 3558000/6852203 (51.9249%)
entry 3561000/6852203 (51.9687%)
entry 3562000/6852203 (51.9833%)
entry 3564000/6852203 (52.0125%)
entry 3565000/6852203 (52.0271%)
entry 3566000/6852203 (52.0417%)
entry 3573000/6852203 (52.1438%)
entry 3577000/6852203 (52.2022%)
entry 3581000/6852203 (52.2606%)
entry 3584000/6852203 (52.3043%)
entry 3585000/6852203 (52.3189%)
entry 3588000/6852203 (52.3627%)
entry 3589000/6852203 (52.3773%)
entry 3591000/6852203 (52.4065%)
entry 3600000/6852203 (52.5378%)
entry 3603000/6852203 (52.5816%)
entry 3610000/6852203 (52.6838%)
entry 3617000/6852203 (52.7859%)
entry 3619000/6852203 (52.8151%)
entry 3621000/6852203 (52.8443%)
entry 3622000/6852203 (52.8589%)
entry 3629000/6852203 (52.9611%)
entry 3630000/6852203 (52.9757%)
entry 3631000/6852203 (52.9903%)
entry 3633000/6852203 (53.0194%)
entry 3637000/6852203 (53.0778%)
entry 3639000/6852203 (53.107%)
entry 3643000/6852203 (53.1654%)
entry 3648000/6852203 (53.2384%)
entry 3650000/6852203 (53.2675%)
entry 3654000/6852203 (53.3259%)
entry 3660000/6852203 (53.4135%)
entry 3661000/6852203 (53.4281%)
entry 3663000/6852203 (53.4573%)
entry 3671000/6852203 (53.574%)
entry 3675000/6852203 (53.6324%)
entry 3678000/6852203 (53.6762%)
entry 3685000/6852203 (53.7783%)
entry 3687000/6852203 (53.8075%)
entry 3688000/6852203 (53.8221%)
entry 3689000/6852203 (53.8367%)
entry 3690000/6852203 (53.8513%)
entry 3691000/6852203 (53.8659%)
entry 3692000/6852203 (53.8805%)
entry 3694000/6852203 (53.9097%)
entry 3695000/6852203 (53.9243%)
entry 3696000/6852203 (53.9389%)
entry 3697000/6852203 (53.9535%)
entry 3699000/6852203 (53.9826%)
entry 3701000/6852203 (54.0118%)
entry 3703000/6852203 (54.041%)
entry 3705000/6852203 (54.0702%)
entry 3706000/6852203 (54.0848%)
entry 3709000/6852203 (54.1286%)
entry 3718000/6852203 (54.2599%)
entry 3721000/6852203 (54.3037%)
entry 3722000/6852203 (54.3183%)
entry 3723000/6852203 (54.3329%)
entry 3726000/6852203 (54.3767%)
entry 3730000/6852203 (54.4351%)
entry 3734000/6852203 (54.4934%)
entry 3737000/6852203 (54.5372%)
entry 3738000/6852203 (54.5518%)
entry 3739000/6852203 (54.5664%)
entry 3744000/6852203 (54.6394%)
entry 3745000/6852203 (54.654%)
entry 3749000/6852203 (54.7123%)
entry 3750000/6852203 (54.7269%)
entry 3753000/6852203 (54.7707%)
entry 3758000/6852203 (54.8437%)
entry 3761000/6852203 (54.8875%)
entry 3762000/6852203 (54.9021%)
entry 3769000/6852203 (55.0042%)
entry 3773000/6852203 (55.0626%)
entry 3775000/6852203 (55.0918%)
entry 3777000/6852203 (55.121%)
entry 3778000/6852203 (55.1356%)
entry 3781000/6852203 (55.1793%)
entry 3784000/6852203 (55.2231%)
entry 3785000/6852203 (55.2377%)
entry 3790000/6852203 (55.3107%)
entry 3793000/6852203 (55.3545%)
entry 3794000/6852203 (55.3691%)
entry 3799000/6852203 (55.442%)
entry 3802000/6852203 (55.4858%)
entry 3803000/6852203 (55.5004%)
entry 3804000/6852203 (55.515%)
entry 3807000/6852203 (55.5588%)
entry 3808000/6852203 (55.5734%)
entry 3812000/6852203 (55.6317%)
entry 3816000/6852203 (55.6901%)
entry 3821000/6852203 (55.7631%)
entry 3824000/6852203 (55.8069%)
entry 3836000/6852203 (55.982%)
entry 3837000/6852203 (55.9966%)
entry 3838000/6852203 (56.0112%)
entry 3842000/6852203 (56.0696%)
entry 3846000/6852203 (56.1279%)
entry 3850000/6852203 (56.1863%)
entry 3853000/6852203 (56.2301%)
entry 3863000/6852203 (56.376%)
entry 3864000/6852203 (56.3906%)
entry 3866000/6852203 (56.4198%)
entry 3874000/6852203 (56.5366%)
entry 3879000/6852203 (56.6095%)
entry 3882000/6852203 (56.6533%)
entry 3884000/6852203 (56.6825%)
entry 3890000/6852203 (56.7701%)
entry 3891000/6852203 (56.7847%)
entry 3892000/6852203 (56.7993%)
entry 3894000/6852203 (56.8284%)
entry 3895000/6852203 (56.843%)
entry 3901000/6852203 (56.9306%)
entry 3902000/6852203 (56.9452%)
entry 3903000/6852203 (56.9598%)
entry 3907000/6852203 (57.0182%)
entry 3908000/6852203 (57.0328%)
entry 3909000/6852203 (57.0473%)
entry 3912000/6852203 (57.0911%)
entry 3922000/6852203 (57.2371%)
entry 3925000/6852203 (57.2809%)
entry 3927000/6852203 (57.31%)
entry 3928000/6852203 (57.3246%)
entry 3930000/6852203 (57.3538%)
entry 3931000/6852203 (57.3684%)
entry 3932000/6852203 (57.383%)
entry 3935000/6852203 (57.4268%)
entry 3939000/6852203 (57.4852%)
entry 3943000/6852203 (57.5435%)
entry 3947000/6852203 (57.6019%)
entry 3950000/6852203 (57.6457%)
entry 3951000/6852203 (57.6603%)
entry 3952000/6852203 (57.6749%)
entry 3954000/6852203 (57.7041%)
entry 3957000/6852203 (57.7479%)
entry 3958000/6852203 (57.7624%)
entry 3963000/6852203 (57.8354%)
entry 3965000/6852203 (57.8646%)
entry 3967000/6852203 (57.8938%)
entry 3969000/6852203 (57.923%)
entry 3970000/6852203 (57.9376%)
entry 3971000/6852203 (57.9522%)
entry 3973000/6852203 (57.9814%)
entry 3976000/6852203 (58.0251%)
entry 3978000/6852203 (58.0543%)
entry 3980000/6852203 (58.0835%)
entry 3982000/6852203 (58.1127%)
entry 3987000/6852203 (58.1857%)
entry 3988000/6852203 (58.2003%)
entry 3994000/6852203 (58.2878%)
entry 3995000/6852203 (58.3024%)
entry 3996000/6852203 (58.317%)
entry 3998000/6852203 (58.3462%)
entry 3999000/6852203 (58.3608%)
entry 4001000/6852203 (58.39%)
entry 4004000/6852203 (58.4338%)
entry 4007000/6852203 (58.4775%)
entry 4008000/6852203 (58.4921%)
entry 4016000/6852203 (58.6089%)
entry 4017000/6852203 (58.6235%)
entry 4021000/6852203 (58.6819%)
entry 4022000/6852203 (58.6964%)
entry 4025000/6852203 (58.7402%)
entry 4029000/6852203 (58.7986%)
entry 4031000/6852203 (58.8278%)
entry 4033000/6852203 (58.857%)
entry 4034000/6852203 (58.8716%)
entry 4035000/6852203 (58.8862%)
entry 4044000/6852203 (59.0175%)
entry 4045000/6852203 (59.0321%)
entry 4049000/6852203 (59.0905%)
entry 4051000/6852203 (59.1197%)
entry 4055000/6852203 (59.178%)
entry 4059000/6852203 (59.2364%)
entry 4060000/6852203 (59.251%)
entry 4070000/6852203 (59.397%)
entry 4073000/6852203 (59.4407%)
entry 4077000/6852203 (59.4991%)
entry 4083000/6852203 (59.5867%)
entry 4086000/6852203 (59.6305%)
entry 4088000/6852203 (59.6596%)
entry 4091000/6852203 (59.7034%)
entry 4093000/6852203 (59.7326%)
entry 4097000/6852203 (59.791%)
entry 4098000/6852203 (59.8056%)
entry 4101000/6852203 (59.8494%)
entry 4102000/6852203 (59.864%)
entry 4103000/6852203 (59.8786%)
entry 4105000/6852203 (59.9077%)
entry 4109000/6852203 (59.9661%)
entry 4110000/6852203 (59.9807%)
entry 4111000/6852203 (59.9953%)
entry 4120000/6852203 (60.1267%)
entry 4133000/6852203 (60.3164%)
entry 4134000/6852203 (60.331%)
entry 4137000/6852203 (60.3747%)
entry 4138000/6852203 (60.3893%)
entry 4141000/6852203 (60.4331%)
entry 4142000/6852203 (60.4477%)
entry 4144000/6852203 (60.4769%)
entry 4152000/6852203 (60.5937%)
entry 4153000/6852203 (60.6082%)
entry 4155000/6852203 (60.6374%)
entry 4156000/6852203 (60.652%)
entry 4158000/6852203 (60.6812%)
entry 4159000/6852203 (60.6958%)
entry 4163000/6852203 (60.7542%)
entry 4165000/6852203 (60.7834%)
entry 4166000/6852203 (60.798%)
entry 4169000/6852203 (60.8417%)
entry 4170000/6852203 (60.8563%)
entry 4171000/6852203 (60.8709%)
entry 4178000/6852203 (60.9731%)
entry 4179000/6852203 (60.9877%)
entry 4183000/6852203 (61.0461%)
entry 4189000/6852203 (61.1336%)
entry 4191000/6852203 (61.1628%)
entry 4193000/6852203 (61.192%)
entry 4194000/6852203 (61.2066%)
entry 4195000/6852203 (61.2212%)
entry 4196000/6852203 (61.2358%)
entry 4198000/6852203 (61.265%)
entry 4199000/6852203 (61.2796%)
entry 4202000/6852203 (61.3233%)
entry 4206000/6852203 (61.3817%)
entry 4207000/6852203 (61.3963%)
entry 4209000/6852203 (61.4255%)
entry 4213000/6852203 (61.4839%)
entry 4215000/6852203 (61.5131%)
entry 4218000/6852203 (61.5568%)
entry 4219000/6852203 (61.5714%)
entry 4222000/6852203 (61.6152%)
entry 4228000/6852203 (61.7028%)
entry 4232000/6852203 (61.7612%)
entry 4240000/6852203 (61.8779%)
entry 4243000/6852203 (61.9217%)
entry 4244000/6852203 (61.9363%)
entry 4247000/6852203 (61.9801%)
entry 4250000/6852203 (62.0238%)
entry 4251000/6852203 (62.0384%)
entry 4253000/6852203 (62.0676%)
entry 4257000/6852203 (62.126%)
entry 4265000/6852203 (62.2428%)
entry 4269000/6852203 (62.3011%)
entry 4272000/6852203 (62.3449%)
entry 4273000/6852203 (62.3595%)
entry 4275000/6852203 (62.3887%)
entry 4277000/6852203 (62.4179%)
entry 4278000/6852203 (62.4325%)
entry 4282000/6852203 (62.4909%)
entry 4284000/6852203 (62.52%)
entry 4287000/6852203 (62.5638%)
entry 4288000/6852203 (62.5784%)
entry 4292000/6852203 (62.6368%)
entry 4293000/6852203 (62.6514%)
entry 4294000/6852203 (62.666%)
entry 4297000/6852203 (62.7098%)
entry 4298000/6852203 (62.7244%)
entry 4299000/6852203 (62.7389%)
entry 4303000/6852203 (62.7973%)
entry 4305000/6852203 (62.8265%)
entry 4306000/6852203 (62.8411%)
entry 4313000/6852203 (62.9433%)
entry 4314000/6852203 (62.9579%)
entry 4317000/6852203 (63.0016%)
entry 4320000/6852203 (63.0454%)
entry 4321000/6852203 (63.06%)
entry 4324000/6852203 (63.1038%)
entry 4325000/6852203 (63.1184%)
entry 4326000/6852203 (63.133%)
entry 4327000/6852203 (63.1476%)
entry 4328000/6852203 (63.1622%)
entry 4329000/6852203 (63.1768%)
entry 4331000/6852203 (63.206%)
entry 4334000/6852203 (63.2497%)
entry 4343000/6852203 (63.3811%)
entry 4352000/6852203 (63.5124%)
entry 4354000/6852203 (63.5416%)
entry 4355000/6852203 (63.5562%)
entry 4363000/6852203 (63.673%)
entry 4365000/6852203 (63.7021%)
entry 4367000/6852203 (63.7313%)
entry 4368000/6852203 (63.7459%)
entry 4369000/6852203 (63.7605%)
entry 4374000/6852203 (63.8335%)
entry 4376000/6852203 (63.8627%)
entry 4377000/6852203 (63.8773%)
entry 4381000/6852203 (63.9356%)
entry 4382000/6852203 (63.9502%)
entry 4386000/6852203 (64.0086%)
entry 4395000/6852203 (64.14%)
entry 4397000/6852203 (64.1691%)
entry 4398000/6852203 (64.1837%)
entry 4403000/6852203 (64.2567%)
entry 4409000/6852203 (64.3443%)
entry 4413000/6852203 (64.4026%)
entry 4414000/6852203 (64.4172%)
entry 4415000/6852203 (64.4318%)
entry 4441000/6852203 (64.8113%)
entry 4442000/6852203 (64.8259%)
entry 4443000/6852203 (64.8405%)
entry 4447000/6852203 (64.8988%)
entry 4451000/6852203 (64.9572%)
entry 4452000/6852203 (64.9718%)
entry 4458000/6852203 (65.0594%)
entry 4464000/6852203 (65.1469%)
entry 4466000/6852203 (65.1761%)
entry 4468000/6852203 (65.2053%)
entry 4469000/6852203 (65.2199%)
entry 4473000/6852203 (65.2783%)
entry 4474000/6852203 (65.2929%)
entry 4476000/6852203 (65.3221%)
entry 4477000/6852203 (65.3367%)
entry 4478000/6852203 (65.3512%)
entry 4480000/6852203 (65.3804%)
entry 4488000/6852203 (65.4972%)
entry 4489000/6852203 (65.5118%)
entry 4490000/6852203 (65.5264%)
entry 4492000/6852203 (65.5556%)
entry 4501000/6852203 (65.6869%)
entry 4507000/6852203 (65.7745%)
entry 4508000/6852203 (65.7891%)
entry 4510000/6852203 (65.8183%)
entry 4512000/6852203 (65.8474%)
entry 4515000/6852203 (65.8912%)
entry 4519000/6852203 (65.9496%)
entry 4522000/6852203 (65.9934%)
entry 4525000/6852203 (66.0372%)
entry 4526000/6852203 (66.0518%)
entry 4528000/6852203 (66.0809%)
entry 4529000/6852203 (66.0955%)
entry 4530000/6852203 (66.1101%)
entry 4531000/6852203 (66.1247%)
entry 4532000/6852203 (66.1393%)
entry 4538000/6852203 (66.2269%)
entry 4544000/6852203 (66.3144%)
entry 4546000/6852203 (66.3436%)
entry 4550000/6852203 (66.402%)
entry 4551000/6852203 (66.4166%)
entry 4553000/6852203 (66.4458%)
entry 4554000/6852203 (66.4604%)
entry 4556000/6852203 (66.4896%)
entry 4557000/6852203 (66.5042%)
entry 4558000/6852203 (66.5188%)
entry 4561000/6852203 (66.5625%)
entry 4565000/6852203 (66.6209%)
entry 4578000/6852203 (66.8106%)
entry 4579000/6852203 (66.8252%)
entry 4581000/6852203 (66.8544%)
entry 4584000/6852203 (66.8982%)
entry 4586000/6852203 (66.9274%)
entry 4588000/6852203 (66.9566%)
entry 4591000/6852203 (67.0003%)
entry 4593000/6852203 (67.0295%)
entry 4596000/6852203 (67.0733%)
entry 4597000/6852203 (67.0879%)
entry 4602000/6852203 (67.1609%)
entry 4605000/6852203 (67.2047%)
entry 4606000/6852203 (67.2193%)
entry 4609000/6852203 (67.263%)
entry 4610000/6852203 (67.2776%)
entry 4612000/6852203 (67.3068%)
entry 4614000/6852203 (67.336%)
entry 4615000/6852203 (67.3506%)
entry 4623000/6852203 (67.4674%)
entry 4627000/6852203 (67.5257%)
entry 4630000/6852203 (67.5695%)
entry 4631000/6852203 (67.5841%)
entry 4632000/6852203 (67.5987%)
entry 4635000/6852203 (67.6425%)
entry 4636000/6852203 (67.6571%)
entry 4639000/6852203 (67.7009%)
entry 4640000/6852203 (67.7154%)
entry 4642000/6852203 (67.7446%)
entry 4646000/6852203 (67.803%)
entry 4647000/6852203 (67.8176%)
entry 4648000/6852203 (67.8322%)
entry 4650000/6852203 (67.8614%)
entry 4655000/6852203 (67.9344%)
entry 4660000/6852203 (68.0073%)
entry 4664000/6852203 (68.0657%)
entry 4666000/6852203 (68.0949%)
entry 4667000/6852203 (68.1095%)
entry 4671000/6852203 (68.1679%)
entry 4674000/6852203 (68.2116%)
entry 4675000/6852203 (68.2262%)
entry 4679000/6852203 (68.2846%)
entry 4686000/6852203 (68.3868%)
entry 4688000/6852203 (68.416%)
entry 4692000/6852203 (68.4743%)
entry 4695000/6852203 (68.5181%)
entry 4698000/6852203 (68.5619%)
entry 4699000/6852203 (68.5765%)
entry 4700000/6852203 (68.5911%)
entry 4701000/6852203 (68.6057%)
entry 4702000/6852203 (68.6203%)
entry 4707000/6852203 (68.6932%)
entry 4708000/6852203 (68.7078%)
entry 4716000/6852203 (68.8246%)
entry 4717000/6852203 (68.8392%)
entry 4719000/6852203 (68.8684%)
entry 4725000/6852203 (68.9559%)
entry 4728000/6852203 (68.9997%)
entry 4740000/6852203 (69.1748%)
entry 4741000/6852203 (69.1894%)
entry 4744000/6852203 (69.2332%)
entry 4747000/6852203 (69.277%)
entry 4752000/6852203 (69.35%)
entry 4772000/6852203 (69.6418%)
entry 4774000/6852203 (69.671%)
entry 4776000/6852203 (69.7002%)
entry 4779000/6852203 (69.744%)
entry 4780000/6852203 (69.7586%)
entry 4781000/6852203 (69.7732%)
entry 4783000/6852203 (69.8024%)
entry 4786000/6852203 (69.8461%)
entry 4789000/6852203 (69.8899%)
entry 4790000/6852203 (69.9045%)
entry 4794000/6852203 (69.9629%)
entry 4796000/6852203 (69.9921%)
entry 4803000/6852203 (70.0942%)
entry 4806000/6852203 (70.138%)
entry 4807000/6852203 (70.1526%)
entry 4809000/6852203 (70.1818%)
entry 4811000/6852203 (70.211%)
entry 4812000/6852203 (70.2256%)
entry 4817000/6852203 (70.2986%)
entry 4827000/6852203 (70.4445%)
entry 4828000/6852203 (70.4591%)
entry 4831000/6852203 (70.5029%)
entry 4833000/6852203 (70.5321%)
entry 4841000/6852203 (70.6488%)
entry 4842000/6852203 (70.6634%)
entry 4843000/6852203 (70.678%)
entry 4844000/6852203 (70.6926%)
entry 4850000/6852203 (70.7802%)
entry 4851000/6852203 (70.7947%)
entry 4852000/6852203 (70.8093%)
entry 4859000/6852203 (70.9115%)
entry 4860000/6852203 (70.9261%)
entry 4861000/6852203 (70.9407%)
entry 4864000/6852203 (70.9845%)
entry 4868000/6852203 (71.0428%)
entry 4873000/6852203 (71.1158%)
entry 4874000/6852203 (71.1304%)
entry 4875000/6852203 (71.145%)
entry 4876000/6852203 (71.1596%)
entry 4879000/6852203 (71.2034%)
entry 4882000/6852203 (71.2472%)
entry 4884000/6852203 (71.2763%)
entry 4888000/6852203 (71.3347%)
entry 4889000/6852203 (71.3493%)
entry 4891000/6852203 (71.3785%)
entry 4893000/6852203 (71.4077%)
entry 4896000/6852203 (71.4515%)
entry 4899000/6852203 (71.4953%)
entry 4904000/6852203 (71.5682%)
entry 4911000/6852203 (71.6704%)
entry 4912000/6852203 (71.685%)
entry 4913000/6852203 (71.6996%)
entry 4917000/6852203 (71.7579%)
entry 4918000/6852203 (71.7725%)
entry 4919000/6852203 (71.7871%)
entry 4922000/6852203 (71.8309%)
entry 4924000/6852203 (71.8601%)
entry 4925000/6852203 (71.8747%)
entry 4928000/6852203 (71.9185%)
entry 4937000/6852203 (72.0498%)
entry 4938000/6852203 (72.0644%)
entry 4942000/6852203 (72.1228%)
entry 4944000/6852203 (72.152%)
entry 4952000/6852203 (72.2687%)
entry 4954000/6852203 (72.2979%)
entry 4957000/6852203 (72.3417%)
entry 4959000/6852203 (72.3709%)
entry 4960000/6852203 (72.3855%)
entry 4963000/6852203 (72.4293%)
entry 4968000/6852203 (72.5022%)
entry 4969000/6852203 (72.5168%)
entry 4972000/6852203 (72.5606%)
entry 4974000/6852203 (72.5898%)
entry 4977000/6852203 (72.6336%)
entry 4979000/6852203 (72.6628%)
entry 4984000/6852203 (72.7357%)
entry 4989000/6852203 (72.8087%)
entry 4990000/6852203 (72.8233%)
entry 4993000/6852203 (72.8671%)
entry 4994000/6852203 (72.8817%)
entry 5010000/6852203 (73.1152%)
entry 5013000/6852203 (73.159%)
entry 5015000/6852203 (73.1881%)
entry 5016000/6852203 (73.2027%)
entry 5021000/6852203 (73.2757%)
entry 5023000/6852203 (73.3049%)
entry 5026000/6852203 (73.3487%)
entry 5032000/6852203 (73.4362%)
entry 5038000/6852203 (73.5238%)
entry 5040000/6852203 (73.553%)
entry 5042000/6852203 (73.5822%)
entry 5043000/6852203 (73.5968%)
entry 5044000/6852203 (73.6114%)
entry 5047000/6852203 (73.6551%)
entry 5052000/6852203 (73.7281%)
entry 5053000/6852203 (73.7427%)
entry 5055000/6852203 (73.7719%)
entry 5056000/6852203 (73.7865%)
entry 5058000/6852203 (73.8157%)
entry 5059000/6852203 (73.8303%)
entry 5061000/6852203 (73.8595%)
entry 5062000/6852203 (73.8741%)
entry 5067000/6852203 (73.947%)
entry 5068000/6852203 (73.9616%)
entry 5069000/6852203 (73.9762%)
entry 5071000/6852203 (74.0054%)
entry 5072000/6852203 (74.02%)
entry 5074000/6852203 (74.0492%)
entry 5075000/6852203 (74.0638%)
entry 5081000/6852203 (74.1513%)
entry 5085000/6852203 (74.2097%)
entry 5087000/6852203 (74.2389%)
entry 5092000/6852203 (74.3119%)
entry 5094000/6852203 (74.3411%)
entry 5102000/6852203 (74.4578%)
entry 5103000/6852203 (74.4724%)
entry 5105000/6852203 (74.5016%)
entry 5106000/6852203 (74.5162%)
entry 5108000/6852203 (74.5454%)
entry 5109000/6852203 (74.56%)
entry 5116000/6852203 (74.6621%)
entry 5119000/6852203 (74.7059%)
entry 5120000/6852203 (74.7205%)
entry 5126000/6852203 (74.8081%)
entry 5132000/6852203 (74.8956%)
entry 5137000/6852203 (74.9686%)
entry 5138000/6852203 (74.9832%)
entry 5139000/6852203 (74.9978%)
entry 5142000/6852203 (75.0416%)
entry 5150000/6852203 (75.1583%)
entry 5151000/6852203 (75.1729%)
entry 5155000/6852203 (75.2313%)
entry 5157000/6852203 (75.2605%)
entry 5159000/6852203 (75.2897%)
entry 5163000/6852203 (75.348%)
entry 5164000/6852203 (75.3626%)
entry 5165000/6852203 (75.3772%)
entry 5178000/6852203 (75.5669%)
entry 5183000/6852203 (75.6399%)
entry 5184000/6852203 (75.6545%)
entry 5187000/6852203 (75.6983%)
entry 5190000/6852203 (75.7421%)
entry 5191000/6852203 (75.7567%)
entry 5195000/6852203 (75.815%)
entry 5197000/6852203 (75.8442%)
entry 5200000/6852203 (75.888%)
entry 5201000/6852203 (75.9026%)
entry 5210000/6852203 (76.0339%)
entry 5213000/6852203 (76.0777%)
entry 5214000/6852203 (76.0923%)
entry 5218000/6852203 (76.1507%)
entry 5220000/6852203 (76.1799%)
entry 5222000/6852203 (76.2091%)
entry 5223000/6852203 (76.2237%)
entry 5230000/6852203 (76.3258%)
entry 5234000/6852203 (76.3842%)
entry 5239000/6852203 (76.4572%)
entry 5240000/6852203 (76.4718%)
entry 5244000/6852203 (76.5301%)
entry 5246000/6852203 (76.5593%)
entry 5249000/6852203 (76.6031%)
entry 5254000/6852203 (76.6761%)
entry 5256000/6852203 (76.7053%)
entry 5261000/6852203 (76.7782%)
entry 5265000/6852203 (76.8366%)
entry 5268000/6852203 (76.8804%)
entry 5269000/6852203 (76.895%)
entry 5270000/6852203 (76.9096%)
entry 5271000/6852203 (76.9242%)
entry 5275000/6852203 (76.9825%)
entry 5280000/6852203 (77.0555%)
entry 5286000/6852203 (77.1431%)
entry 5290000/6852203 (77.2014%)
entry 5292000/6852203 (77.2306%)
entry 5293000/6852203 (77.2452%)
entry 5295000/6852203 (77.2744%)
entry 5297000/6852203 (77.3036%)
entry 5298000/6852203 (77.3182%)
entry 5303000/6852203 (77.3912%)
entry 5304000/6852203 (77.4058%)
entry 5320000/6852203 (77.6393%)
entry 5321000/6852203 (77.6539%)
entry 5324000/6852203 (77.6976%)
entry 5325000/6852203 (77.7122%)
entry 5342000/6852203 (77.9603%)
entry 5343000/6852203 (77.9749%)
entry 5344000/6852203 (77.9895%)
entry 5345000/6852203 (78.0041%)
entry 5346000/6852203 (78.0187%)
entry 5349000/6852203 (78.0625%)
entry 5350000/6852203 (78.0771%)
entry 5351000/6852203 (78.0917%)
entry 5355000/6852203 (78.1501%)
entry 5356000/6852203 (78.1646%)
entry 5358000/6852203 (78.1938%)
entry 5360000/6852203 (78.223%)
entry 5362000/6852203 (78.2522%)
entry 5363000/6852203 (78.2668%)
entry 5364000/6852203 (78.2814%)
entry 5366000/6852203 (78.3106%)
entry 5367000/6852203 (78.3252%)
entry 5368000/6852203 (78.3398%)
entry 5370000/6852203 (78.369%)
entry 5374000/6852203 (78.4273%)
entry 5377000/6852203 (78.4711%)
entry 5379000/6852203 (78.5003%)
entry 5380000/6852203 (78.5149%)
entry 5381000/6852203 (78.5295%)
entry 5383000/6852203 (78.5587%)
entry 5385000/6852203 (78.5879%)
entry 5387000/6852203 (78.6171%)
entry 5388000/6852203 (78.6316%)
entry 5392000/6852203 (78.69%)
entry 5393000/6852203 (78.7046%)
entry 5394000/6852203 (78.7192%)
entry 5396000/6852203 (78.7484%)
entry 5406000/6852203 (78.8943%)
entry 5407000/6852203 (78.9089%)
entry 5410000/6852203 (78.9527%)
entry 5411000/6852203 (78.9673%)
entry 5412000/6852203 (78.9819%)
entry 5413000/6852203 (78.9965%)
entry 5414000/6852203 (79.0111%)
entry 5415000/6852203 (79.0257%)
entry 5416000/6852203 (79.0403%)
entry 5417000/6852203 (79.0549%)
entry 5424000/6852203 (79.157%)
entry 5431000/6852203 (79.2592%)
entry 5437000/6852203 (79.3467%)
entry 5439000/6852203 (79.3759%)
entry 5441000/6852203 (79.4051%)
entry 5444000/6852203 (79.4489%)
entry 5446000/6852203 (79.4781%)
entry 5449000/6852203 (79.5219%)
entry 5461000/6852203 (79.697%)
entry 5465000/6852203 (79.7554%)
entry 5467000/6852203 (79.7846%)
entry 5472000/6852203 (79.8575%)
entry 5476000/6852203 (79.9159%)
entry 5477000/6852203 (79.9305%)
entry 5479000/6852203 (79.9597%)
entry 5483000/6852203 (80.0181%)
entry 5484000/6852203 (80.0327%)
entry 5486000/6852203 (80.0618%)
entry 5487000/6852203 (80.0764%)
entry 5493000/6852203 (80.164%)
entry 5498000/6852203 (80.237%)
entry 5506000/6852203 (80.3537%)
entry 5507000/6852203 (80.3683%)
entry 5508000/6852203 (80.3829%)
entry 5509000/6852203 (80.3975%)
entry 5510000/6852203 (80.4121%)
entry 5514000/6852203 (80.4705%)
entry 5516000/6852203 (80.4997%)
entry 5517000/6852203 (80.5143%)
entry 5520000/6852203 (80.558%)
entry 5522000/6852203 (80.5872%)
entry 5524000/6852203 (80.6164%)
entry 5525000/6852203 (80.631%)
entry 5527000/6852203 (80.6602%)
entry 5543000/6852203 (80.8937%)
entry 5546000/6852203 (80.9375%)
entry 5549000/6852203 (80.9813%)
entry 5553000/6852203 (81.0396%)
entry 5554000/6852203 (81.0542%)
entry 5555000/6852203 (81.0688%)
entry 5559000/6852203 (81.1272%)
entry 5560000/6852203 (81.1418%)
entry 5565000/6852203 (81.2148%)
entry 5566000/6852203 (81.2294%)
entry 5567000/6852203 (81.2439%)
entry 5573000/6852203 (81.3315%)
entry 5574000/6852203 (81.3461%)
entry 5579000/6852203 (81.4191%)
entry 5580000/6852203 (81.4337%)
entry 5592000/6852203 (81.6088%)
entry 5594000/6852203 (81.638%)
entry 5595000/6852203 (81.6526%)
entry 5597000/6852203 (81.6818%)
entry 5600000/6852203 (81.7255%)
entry 5601000/6852203 (81.7401%)
entry 5603000/6852203 (81.7693%)
entry 5609000/6852203 (81.8569%)
entry 5613000/6852203 (81.9153%)
entry 5616000/6852203 (81.959%)
entry 5624000/6852203 (82.0758%)
entry 5625000/6852203 (82.0904%)
entry 5627000/6852203 (82.1196%)
entry 5632000/6852203 (82.1925%)
entry 5640000/6852203 (82.3093%)
entry 5641000/6852203 (82.3239%)
entry 5649000/6852203 (82.4406%)
entry 5653000/6852203 (82.499%)
entry 5654000/6852203 (82.5136%)
entry 5658000/6852203 (82.572%)
entry 5660000/6852203 (82.6012%)
entry 5661000/6852203 (82.6158%)
entry 5662000/6852203 (82.6304%)
entry 5669000/6852203 (82.7325%)
entry 5676000/6852203 (82.8347%)
entry 5677000/6852203 (82.8493%)
entry 5679000/6852203 (82.8785%)
entry 5681000/6852203 (82.9076%)
entry 5682000/6852203 (82.9222%)
entry 5683000/6852203 (82.9368%)
entry 5689000/6852203 (83.0244%)
entry 5704000/6852203 (83.2433%)
entry 5705000/6852203 (83.2579%)
entry 5712000/6852203 (83.3601%)
entry 5713000/6852203 (83.3746%)
entry 5714000/6852203 (83.3892%)
entry 5715000/6852203 (83.4038%)
entry 5716000/6852203 (83.4184%)
entry 5717000/6852203 (83.433%)
entry 5721000/6852203 (83.4914%)
entry 5723000/6852203 (83.5206%)
entry 5732000/6852203 (83.6519%)
entry 5741000/6852203 (83.7833%)
entry 5744000/6852203 (83.8271%)
entry 5745000/6852203 (83.8417%)
entry 5746000/6852203 (83.8562%)
entry 5754000/6852203 (83.973%)
entry 5756000/6852203 (84.0022%)
entry 5757000/6852203 (84.0168%)
entry 5759000/6852203 (84.046%)
entry 5764000/6852203 (84.1189%)
entry 5765000/6852203 (84.1335%)
entry 5766000/6852203 (84.1481%)
entry 5769000/6852203 (84.1919%)
entry 5774000/6852203 (84.2649%)
entry 5778000/6852203 (84.3232%)
entry 5779000/6852203 (84.3378%)
entry 5784000/6852203 (84.4108%)
entry 5787000/6852203 (84.4546%)
entry 5788000/6852203 (84.4692%)
entry 5789000/6852203 (84.4838%)
entry 5792000/6852203 (84.5276%)
entry 5796000/6852203 (84.5859%)
entry 5797000/6852203 (84.6005%)
entry 5798000/6852203 (84.6151%)
entry 5801000/6852203 (84.6589%)
entry 5808000/6852203 (84.7611%)
entry 5812000/6852203 (84.8194%)
entry 5813000/6852203 (84.834%)
entry 5814000/6852203 (84.8486%)
entry 5815000/6852203 (84.8632%)
entry 5816000/6852203 (84.8778%)
entry 5824000/6852203 (84.9946%)
entry 5825000/6852203 (85.0092%)
entry 5827000/6852203 (85.0383%)
entry 5830000/6852203 (85.0821%)
entry 5834000/6852203 (85.1405%)
entry 5835000/6852203 (85.1551%)
entry 5836000/6852203 (85.1697%)
entry 5839000/6852203 (85.2135%)
entry 5847000/6852203 (85.3302%)
entry 5851000/6852203 (85.3886%)
entry 5863000/6852203 (85.5637%)
entry 5868000/6852203 (85.6367%)
entry 5869000/6852203 (85.6513%)
entry 5884000/6852203 (85.8702%)
entry 5891000/6852203 (85.9724%)
entry 5892000/6852203 (85.9869%)
entry 5894000/6852203 (86.0161%)
entry 5897000/6852203 (86.0599%)
entry 5898000/6852203 (86.0745%)
entry 5899000/6852203 (86.0891%)
entry 5901000/6852203 (86.1183%)
entry 5903000/6852203 (86.1475%)
entry 5904000/6852203 (86.1621%)
entry 5905000/6852203 (86.1767%)
entry 5909000/6852203 (86.235%)
entry 5910000/6852203 (86.2496%)
entry 5913000/6852203 (86.2934%)
entry 5916000/6852203 (86.3372%)
entry 5918000/6852203 (86.3664%)
entry 5928000/6852203 (86.5123%)
entry 5933000/6852203 (86.5853%)
entry 5935000/6852203 (86.6145%)
entry 5937000/6852203 (86.6437%)
entry 5938000/6852203 (86.6583%)
entry 5940000/6852203 (86.6875%)
entry 5942000/6852203 (86.7166%)
entry 5944000/6852203 (86.7458%)
entry 5950000/6852203 (86.8334%)
entry 5955000/6852203 (86.9064%)
entry 5957000/6852203 (86.9355%)
entry 5959000/6852203 (86.9647%)
entry 5961000/6852203 (86.9939%)
entry 5965000/6852203 (87.0523%)
entry 5968000/6852203 (87.0961%)
entry 5970000/6852203 (87.1253%)
entry 5971000/6852203 (87.1399%)
entry 5973000/6852203 (87.169%)
entry 5974000/6852203 (87.1836%)
entry 5977000/6852203 (87.2274%)
entry 5978000/6852203 (87.242%)
entry 5979000/6852203 (87.2566%)
entry 5980000/6852203 (87.2712%)
entry 5981000/6852203 (87.2858%)
entry 5983000/6852203 (87.315%)
entry 5989000/6852203 (87.4025%)
entry 5990000/6852203 (87.4171%)
entry 5995000/6852203 (87.4901%)
entry 5997000/6852203 (87.5193%)
entry 5999000/6852203 (87.5485%)
entry 6001000/6852203 (87.5777%)
entry 6004000/6852203 (87.6215%)
entry 6006000/6852203 (87.6506%)
entry 6013000/6852203 (87.7528%)
entry 6022000/6852203 (87.8841%)
entry 6024000/6852203 (87.9133%)
entry 6028000/6852203 (87.9717%)
entry 6029000/6852203 (87.9863%)
entry 6032000/6852203 (88.0301%)
entry 6033000/6852203 (88.0447%)
entry 6034000/6852203 (88.0593%)
entry 6036000/6852203 (88.0885%)
entry 6037000/6852203 (88.103%)
entry 6038000/6852203 (88.1176%)
entry 6039000/6852203 (88.1322%)
entry 6040000/6852203 (88.1468%)
entry 6042000/6852203 (88.176%)
entry 6044000/6852203 (88.2052%)
entry 6056000/6852203 (88.3803%)
entry 6061000/6852203 (88.4533%)
entry 6062000/6852203 (88.4679%)
entry 6064000/6852203 (88.4971%)
entry 6069000/6852203 (88.5701%)
entry 6070000/6852203 (88.5846%)
entry 6073000/6852203 (88.6284%)
entry 6074000/6852203 (88.643%)
entry 6077000/6852203 (88.6868%)
entry 6079000/6852203 (88.716%)
entry 6080000/6852203 (88.7306%)
entry 6081000/6852203 (88.7452%)
entry 6083000/6852203 (88.7744%)
entry 6087000/6852203 (88.8327%)
entry 6089000/6852203 (88.8619%)
entry 6091000/6852203 (88.8911%)
entry 6092000/6852203 (88.9057%)
entry 6093000/6852203 (88.9203%)
entry 6097000/6852203 (88.9787%)
entry 6110000/6852203 (89.1684%)
entry 6116000/6852203 (89.256%)
entry 6118000/6852203 (89.2852%)
entry 6120000/6852203 (89.3143%)
entry 6127000/6852203 (89.4165%)
entry 6128000/6852203 (89.4311%)
entry 6129000/6852203 (89.4457%)
entry 6133000/6852203 (89.5041%)
entry 6136000/6852203 (89.5478%)
entry 6138000/6852203 (89.577%)
entry 6139000/6852203 (89.5916%)
entry 6140000/6852203 (89.6062%)
entry 6142000/6852203 (89.6354%)
entry 6144000/6852203 (89.6646%)
entry 6146000/6852203 (89.6938%)
entry 6149000/6852203 (89.7376%)
entry 6153000/6852203 (89.7959%)
entry 6156000/6852203 (89.8397%)
entry 6159000/6852203 (89.8835%)
entry 6161000/6852203 (89.9127%)
entry 6162000/6852203 (89.9273%)
entry 6163000/6852203 (89.9419%)
entry 6166000/6852203 (89.9857%)
entry 6169000/6852203 (90.0294%)
entry 6170000/6852203 (90.044%)
entry 6171000/6852203 (90.0586%)
entry 6172000/6852203 (90.0732%)
entry 6173000/6852203 (90.0878%)
entry 6180000/6852203 (90.19%)
entry 6181000/6852203 (90.2046%)
entry 6185000/6852203 (90.2629%)
entry 6186000/6852203 (90.2775%)
entry 6190000/6852203 (90.3359%)
entry 6193000/6852203 (90.3797%)
entry 6195000/6852203 (90.4089%)
entry 6197000/6852203 (90.4381%)
entry 6199000/6852203 (90.4673%)
entry 6201000/6852203 (90.4964%)
entry 6207000/6852203 (90.584%)
entry 6208000/6852203 (90.5986%)
entry 6210000/6852203 (90.6278%)
entry 6211000/6852203 (90.6424%)
entry 6212000/6852203 (90.657%)
entry 6213000/6852203 (90.6716%)
entry 6214000/6852203 (90.6862%)
entry 6215000/6852203 (90.7008%)
entry 6218000/6852203 (90.7445%)
entry 6221000/6852203 (90.7883%)
entry 6228000/6852203 (90.8905%)
entry 6229000/6852203 (90.9051%)
entry 6233000/6852203 (90.9634%)
entry 6234000/6852203 (90.978%)
entry 6235000/6852203 (90.9926%)
entry 6237000/6852203 (91.0218%)
entry 6239000/6852203 (91.051%)
entry 6242000/6852203 (91.0948%)
entry 6247000/6852203 (91.1678%)
entry 6248000/6852203 (91.1824%)
entry 6252000/6852203 (91.2407%)
entry 6257000/6852203 (91.3137%)
entry 6258000/6852203 (91.3283%)
entry 6263000/6852203 (91.4013%)
entry 6265000/6852203 (91.4304%)
entry 6269000/6852203 (91.4888%)
entry 6270000/6852203 (91.5034%)
entry 6273000/6852203 (91.5472%)
entry 6274000/6852203 (91.5618%)
entry 6275000/6852203 (91.5764%)
entry 6276000/6852203 (91.591%)
entry 6281000/6852203 (91.664%)
entry 6284000/6852203 (91.7077%)
entry 6285000/6852203 (91.7223%)
entry 6288000/6852203 (91.7661%)
entry 6290000/6852203 (91.7953%)
entry 6295000/6852203 (91.8683%)
entry 6298000/6852203 (91.912%)
entry 6300000/6852203 (91.9412%)
entry 6301000/6852203 (91.9558%)
entry 6302000/6852203 (91.9704%)
entry 6303000/6852203 (91.985%)
entry 6305000/6852203 (92.0142%)
entry 6308000/6852203 (92.058%)
entry 6310000/6852203 (92.0872%)
entry 6314000/6852203 (92.1456%)
entry 6323000/6852203 (92.2769%)
entry 6325000/6852203 (92.3061%)
entry 6329000/6852203 (92.3645%)
entry 6333000/6852203 (92.4228%)
entry 6334000/6852203 (92.4374%)
entry 6335000/6852203 (92.452%)
entry 6337000/6852203 (92.4812%)
entry 6340000/6852203 (92.525%)
entry 6341000/6852203 (92.5396%)
entry 6346000/6852203 (92.6126%)
entry 6347000/6852203 (92.6271%)
entry 6348000/6852203 (92.6417%)
entry 6351000/6852203 (92.6855%)
entry 6353000/6852203 (92.7147%)
entry 6354000/6852203 (92.7293%)
entry 6355000/6852203 (92.7439%)
entry 6357000/6852203 (92.7731%)
entry 6360000/6852203 (92.8169%)
entry 6361000/6852203 (92.8315%)
entry 6367000/6852203 (92.919%)
entry 6371000/6852203 (92.9774%)
entry 6372000/6852203 (92.992%)
entry 6373000/6852203 (93.0066%)
entry 6375000/6852203 (93.0358%)
entry 6383000/6852203 (93.1525%)
entry 6395000/6852203 (93.3276%)
entry 6400000/6852203 (93.4006%)
entry 6401000/6852203 (93.4152%)
entry 6402000/6852203 (93.4298%)
entry 6407000/6852203 (93.5028%)
entry 6409000/6852203 (93.532%)
entry 6417000/6852203 (93.6487%)
entry 6419000/6852203 (93.6779%)
entry 6421000/6852203 (93.7071%)
entry 6422000/6852203 (93.7217%)
entry 6424000/6852203 (93.7509%)
entry 6425000/6852203 (93.7655%)
entry 6428000/6852203 (93.8092%)
entry 6430000/6852203 (93.8384%)
entry 6433000/6852203 (93.8822%)
entry 6435000/6852203 (93.9114%)
entry 6437000/6852203 (93.9406%)
entry 6441000/6852203 (93.999%)
entry 6445000/6852203 (94.0573%)
entry 6450000/6852203 (94.1303%)
entry 6451000/6852203 (94.1449%)
entry 6460000/6852203 (94.2762%)
entry 6462000/6852203 (94.3054%)
entry 6465000/6852203 (94.3492%)
entry 6466000/6852203 (94.3638%)
entry 6469000/6852203 (94.4076%)
entry 6470000/6852203 (94.4222%)
entry 6471000/6852203 (94.4368%)
entry 6473000/6852203 (94.466%)
entry 6477000/6852203 (94.5243%)
entry 6484000/6852203 (94.6265%)
entry 6485000/6852203 (94.6411%)
entry 6488000/6852203 (94.6849%)
entry 6490000/6852203 (94.7141%)
entry 6494000/6852203 (94.7724%)
entry 6501000/6852203 (94.8746%)
entry 6502000/6852203 (94.8892%)
entry 6511000/6852203 (95.0205%)
entry 6512000/6852203 (95.0351%)
entry 6513000/6852203 (95.0497%)
entry 6517000/6852203 (95.1081%)
entry 6519000/6852203 (95.1373%)
entry 6520000/6852203 (95.1519%)
entry 6522000/6852203 (95.1811%)
entry 6524000/6852203 (95.2103%)
entry 6527000/6852203 (95.254%)
entry 6529000/6852203 (95.2832%)
entry 6530000/6852203 (95.2978%)
entry 6536000/6852203 (95.3854%)
entry 6548000/6852203 (95.5605%)
entry 6549000/6852203 (95.5751%)
entry 6551000/6852203 (95.6043%)
entry 6556000/6852203 (95.6773%)
entry 6558000/6852203 (95.7064%)
entry 6560000/6852203 (95.7356%)
entry 6563000/6852203 (95.7794%)
entry 6565000/6852203 (95.8086%)
entry 6568000/6852203 (95.8524%)
entry 6569000/6852203 (95.867%)
entry 6570000/6852203 (95.8816%)
entry 6575000/6852203 (95.9545%)
entry 6576000/6852203 (95.9691%)
entry 6577000/6852203 (95.9837%)
entry 6578000/6852203 (95.9983%)
entry 6584000/6852203 (96.0859%)
entry 6587000/6852203 (96.1297%)
entry 6588000/6852203 (96.1443%)
entry 6589000/6852203 (96.1589%)
entry 6595000/6852203 (96.2464%)
entry 6597000/6852203 (96.2756%)
entry 6599000/6852203 (96.3048%)
entry 6600000/6852203 (96.3194%)
entry 6606000/6852203 (96.4069%)
entry 6609000/6852203 (96.4507%)
entry 6615000/6852203 (96.5383%)
entry 6621000/6852203 (96.6259%)
entry 6623000/6852203 (96.655%)
entry 6625000/6852203 (96.6842%)
entry 6629000/6852203 (96.7426%)
entry 6633000/6852203 (96.801%)
entry 6634000/6852203 (96.8156%)
entry 6635000/6852203 (96.8302%)
entry 6639000/6852203 (96.8885%)
entry 6641000/6852203 (96.9177%)
entry 6642000/6852203 (96.9323%)
entry 6644000/6852203 (96.9615%)
entry 6646000/6852203 (96.9907%)
entry 6648000/6852203 (97.0199%)
entry 6649000/6852203 (97.0345%)
entry 6652000/6852203 (97.0783%)
entry 6654000/6852203 (97.1075%)
entry 6655000/6852203 (97.122%)
entry 6660000/6852203 (97.195%)
entry 6662000/6852203 (97.2242%)
entry 6663000/6852203 (97.2388%)
entry 6669000/6852203 (97.3264%)
entry 6670000/6852203 (97.341%)
entry 6671000/6852203 (97.3556%)
entry 6672000/6852203 (97.3701%)
entry 6673000/6852203 (97.3847%)
entry 6681000/6852203 (97.5015%)
entry 6682000/6852203 (97.5161%)
entry 6687000/6852203 (97.5891%)
entry 6688000/6852203 (97.6036%)
entry 6689000/6852203 (97.6182%)
entry 6690000/6852203 (97.6328%)
entry 6691000/6852203 (97.6474%)
entry 6692000/6852203 (97.662%)
entry 6694000/6852203 (97.6912%)
entry 6695000/6852203 (97.7058%)
entry 6697000/6852203 (97.735%)
entry 6699000/6852203 (97.7642%)
entry 6700000/6852203 (97.7788%)
entry 6707000/6852203 (97.8809%)
entry 6711000/6852203 (97.9393%)
entry 6713000/6852203 (97.9685%)
entry 6718000/6852203 (98.0415%)
entry 6720000/6852203 (98.0707%)
entry 6721000/6852203 (98.0852%)
entry 6728000/6852203 (98.1874%)
entry 6731000/6852203 (98.2312%)
entry 6734000/6852203 (98.275%)
entry 6741000/6852203 (98.3771%)
entry 6746000/6852203 (98.4501%)
entry 6748000/6852203 (98.4793%)
entry 6751000/6852203 (98.5231%)
entry 6753000/6852203 (98.5522%)
entry 6754000/6852203 (98.5668%)
entry 6756000/6852203 (98.596%)
entry 6762000/6852203 (98.6836%)
entry 6763000/6852203 (98.6982%)
entry 6773000/6852203 (98.8441%)
entry 6777000/6852203 (98.9025%)
entry 6783000/6852203 (98.9901%)
entry 6789000/6852203 (99.0776%)
entry 6790000/6852203 (99.0922%)
entry 6791000/6852203 (99.1068%)
entry 6794000/6852203 (99.1506%)
entry 6798000/6852203 (99.209%)
entry 6799000/6852203 (99.2236%)
entry 6800000/6852203 (99.2382%)
entry 6801000/6852203 (99.2527%)
entry 6802000/6852203 (99.2673%)
entry 6810000/6852203 (99.3841%)
entry 6814000/6852203 (99.4425%)
entry 6817000/6852203 (99.4863%)
entry 6821000/6852203 (99.5446%)
entry 6825000/6852203 (99.603%)
entry 6826000/6852203 (99.6176%)
entry 6827000/6852203 (99.6322%)
entry 6828000/6852203 (99.6468%)
entry 6833000/6852203 (99.7198%)
entry 6835000/6852203 (99.7489%)
entry 6837000/6852203 (99.7781%)
entry 6841000/6852203 (99.8365%)
entry 6846000/6852203 (99.9095%)
entry 6849000/6852203 (99.9533%)
entry 6850000/6852203 (99.9678%)
all done
script done
