sphnx1077.sdcc.bnl.gov
rsyncing from /gpfs/mnt/gpfs02/sphenix/user/samfred/run25/ppg11/histmaking
running: /gpfs/mnt/gpfs02/sphenix/user/samfred/run25/ppg11/histmaking/script_data.sh 50862
LD_LIBRARY_PATH now /sphenix/user/samfred/run25/install//lib:/cvmfs/sphenix.sdcc.bnl.gov/alma9.2-gcc-14.2.0/opt/sphenix/core/gcc/14.2.0-2f0a0/x86_64-el9/lib:/cvmfs/sphenix.sdcc.bnl.gov/alma9.2-gcc-14.2.0/opt/sphenix/core/gcc/14.2.0-2f0a0/x86_64-el9/lib64:/cvmfs/sphenix.sdcc.bnl.gov/alma9.2-gcc-14.2.0/opt/sphenix/core/binutils/2.40-acaab/x86_64-el9/lib:.:/cvmfs/sphenix.sdcc.bnl.gov/alma9.2-gcc-14.2.0/release/release_new/new.10/lib64:/cvmfs/sphenix.sdcc.bnl.gov/alma9.2-gcc-14.2.0/release/release_new/new.10/lib:/cvmfs/sphenix.sdcc.bnl.gov/alma9.2-gcc-14.2.0/opt/sphenix/utils/lib:/cvmfs/sphenix.sdcc.bnl.gov/alma9.2-gcc-14.2.0/opt/sphenix/core/lib:/cvmfs/sphenix.sdcc.bnl.gov/alma9.2-gcc-14.2.0/opt/sphenix/core/root-6.32.06/lib:/cvmfs/sphenix.sdcc.bnl.gov/alma9.2-gcc-14.2.0/opt/sphenix/core/geant4.10.07.p04/lib64:/cvmfs/sphenix.sdcc.bnl.gov/alma9.2-gcc-14.2.0/opt/sphenix/core/lhapdf-5.9.1/lib:/usr/local/lib64:/usr/lib64
PATH now /sphenix/user/samfred/run25/install//bin:/cvmfs/sphenix.sdcc.bnl.gov/alma9.2-gcc-14.2.0/opt/sphenix/core/gcc/14.2.0-2f0a0/x86_64-el9/bin:/cvmfs/sphenix.sdcc.bnl.gov/alma9.2-gcc-14.2.0/opt/sphenix/core/binutils/2.40-acaab/x86_64-el9/bin:.:/cvmfs/sphenix.sdcc.bnl.gov/alma9.2-gcc-14.2.0/release/release_new/new.10/bin:/cvmfs/sphenix.sdcc.bnl.gov/alma9.2-gcc-14.2.0/opt/sphenix/utils/bin:/cvmfs/sphenix.sdcc.bnl.gov/alma9.2-gcc-14.2.0/opt/sphenix/core/bin:/cvmfs/sphenix.sdcc.bnl.gov/alma9.2-gcc-14.2.0/opt/sphenix/core/root-6.32.06/bin:/cvmfs/sphenix.sdcc.bnl.gov/alma9.2-gcc-14.2.0/opt/sphenix/core/geant4.10.07.p04/bin:/usr/local/bin:/usr/bin:/usr/local/sbin:/usr/sbin
SINGULARITY_CACHEDIR=/home/condor/local/sphnx/execute/dir_1935211
_CONDOR_CHIRP_CONFIG=/home/condor/local/sphnx/execute/dir_1935211/.chirp.config
_CONDOR_JOB_IWD=/sphenix/user/samfred/run25/ppg11/histmaking
G4ENSDFSTATEDATA=/cvmfs/sphenix.sdcc.bnl.gov/alma9.2-gcc-14.2.0/opt/sphenix/core/geant4.10.07.p04/share/Geant4-10.7.4/data/G4ENSDFSTATE2.3
_CONDOR_MACHINE_AD=/home/condor/local/sphnx/execute/dir_1935211/.machine.ad
ROOT_MAX_THREADS=1
NUMEXPR_NUM_THREADS=1
CUBACORES=1
_CHIRP_DELAYED_UPDATE_PREFIX=Chirp*
OMP_THREAD_LIMIT=1
G4PIIDATA=/cvmfs/sphenix.sdcc.bnl.gov/alma9.2-gcc-14.2.0/opt/sphenix/core/geant4.10.07.p04/share/Geant4-10.7.4/data/G4PII1.3
NO_AT_BRIDGE=1
G4_MAIN=/cvmfs/sphenix.sdcc.bnl.gov/alma9.2-gcc-14.2.0/opt/sphenix/core/geant4.10.07.p04
COMPILER_PATH=/cvmfs/sphenix.sdcc.bnl.gov/alma9.2-gcc-14.2.0/opt/sphenix/core/gcc/14.2.0-2f0a0/x86_64-el9
ROOT_INCLUDE_PATH=./:/sphenix/user/samfred/run25/install//include:/sphenix/user/samfred/run25/install//include/caloana:/sphenix/user/samfred/run25/install//include/qa_centrality:/sphenix/user/samfred/run25/install//include/mbdana:/sphenix/user/samfred/run25/install//include/centrality:/sphenix/user/samfred/run25/install//include/Event:/cvmfs/sphenix.sdcc.bnl.gov/alma9.2-gcc-14.2.0/release/release_new/new.10/include:/cvmfs/sphenix.sdcc.bnl.gov/alma9.2-gcc-14.2.0/release/release_new/new.10/include:/cvmfs/sphenix.sdcc.bnl.gov/alma9.2-gcc-14.2.0/release/release_new/new.10/include/g4mbd:/cvmfs/sphenix.sdcc.bnl.gov/alma9.2-gcc-14.2.0/release/release_new/new.10/include/fmt:/cvmfs/sphenix.sdcc.bnl.gov/alma9.2-gcc-14.2.0/release/release_new/new.10/include/ffarawobjects:/cvmfs/sphenix.sdcc.bnl.gov/alma9.2-gcc-14.2.0/release/release_new/new.10/include/JSON:/cvmfs/sphenix.sdcc.bnl.gov/alma9.2-gcc-14.2.0/release/release_new/new.10/include/calotreegen:/cvmfs/sphenix.sdcc.bnl.gov/alma9.2-gcc-14.2.0/release/release_new/new.10/include/torch:/cvmfs/sphenix.sdcc.bnl.gov/alma9.2-gcc-14.2.0/release/release_new/new.10/include/g4detectors:/cvmfs/sphenix.sdcc.bnl.gov/alma9.2-gcc-14.2.0/release/release_new/new.10/include/kineto:/cvmfs/sphenix.sdcc.bnl.gov/alma9.2-gcc-14.2.0/release/release_new/new.10/include/g4decayer:/cvmfs/sphenix.sdcc.bnl.gov/alma9.2-gcc-14.2.0/release/release_new/new.10/include/kfparticleqa:/cvmfs/sphenix.sdcc.bnl.gov/alma9.2-gcc-14.2.0/release/release_new/new.10/include/phfield:/cvmfs/sphenix.sdcc.bnl.gov/alma9.2-gcc-14.2.0/release/release_new/new.10/include/LHAPDF:/cvmfs/sphenix.sdcc.bnl.gov/alma9.2-gcc-14.2.0/release/release_new/new.10/include/readdigitalcurrents:/cvmfs/sphenix.sdcc.bnl.gov/alma9.2-gcc-14.2.0/release/release_new/new.10/include/c10:/cvmfs/sphenix.sdcc.bnl.gov/alma9.2-gcc-14.2.0/release/release_new/new.10/include/calovalid:/cvmfs/sphenix.sdcc.bnl.gov/alma9.2-gcc-14.2.0/release/release_new/new.10/include/oneapi:/cvmfs/sphenix.sdcc.bnl.gov/alma9.2-gcc-14.2.0/release/release_new/new.10/include/DDCond:/cvmfs/sphenix.sdcc.bnl.gov/alma9.2-gcc-14.2.0/release/release_new/new.10/include/g4tracking:/cvmfs/sphenix.sdcc.bnl.gov/alma9.2-gcc-14.2.0/release/release_new/new.10/include/litecaloeval:/cvmfs/sphenix.sdcc.bnl.gov/alma9.2-gcc-14.2.0/release/release_new/new.10/include/g4intt:/cvmfs/sphenix.sdcc.bnl.gov/alma9.2-gcc-14.2.0/release/release_new/new.10/include/phool:/cvmfs/sphenix.sdcc.bnl.gov/alma9.2-gcc-14.2.0/release/release_new/new.10/include/boost:/cvmfs/sphenix.sdcc.bnl.gov/alma9.2-gcc-14.2.0/release/release_new/new.10/include/Pythia8Plugins:/cvmfs/sphenix.sdcc.bnl.gov/alma9.2-gcc-14.2.0/release/release_new/new.10/include/calib_emc_pi0:/cvmfs/sphenix.sdcc.bnl.gov/alma9.2-gcc-14.2.0/release/release_new/new.10/include/hijingflipafterburner:/cvmfs/sphenix.sdcc.bnl.gov/alma9.2-gcc-14.2.0/release/release_new/new.10/include/ffaobjects:/cvmfs/sphenix.sdcc.bnl.gov/alma9.2-gcc-14.2.0/release/release_new/new.10/include/EvtGenBase:/cvmfs/sphenix.sdcc.bnl.gov/alma9.2-gcc-14.2.0/release/release_new/new.10/include/flowafterburner:/cvmfs/sphenix.sdcc.bnl.gov/alma9.2-gcc-14.2.0/release/release_new/new.10/include/google:/cvmfs/sphenix.sdcc.bnl.gov/alma9.2-gcc-14.2.0/release/release_new/new.10/include/g4tpc:/cvmfs/sphenix.sdcc.bnl.gov/alma9.2-gcc-14.2.0/release/release_new/new.10/include/caffe2:/cvmfs/sphenix.sdcc.bnl.gov/alma9.2-gcc-14.2.0/release/release_new/new.10/include/EvtGenExternal:/cvmfs/sphenix.sdcc.bnl.gov/alma9.2-gcc-14.2.0/release/release_new/new.10/include/fp16:/cvmfs/sphenix.sdcc.bnl.gov/alma9.2-gcc-14.2.0/release/release_new/new.10/include/ffamodules:/cvmfs/sphenix.sdcc.bnl.gov/alma9.2-gcc-14.2.0/release/release_new/new.10/include/uspin:/cvmfs/sphenix.sdcc.bnl.gov/alma9.2-gcc-14.2.0/release/release_new/new.10/include/Herwig:/cvmfs/sphenix.sdcc.bnl.gov/alma9.2-gcc-14.2.0/release/release_new/new.10/include/genfitexp:/cvmfs/sphenix.sdcc.bnl.gov/alma9.2-gcc-14.2.0/release/release_new/new.10/include/XML:/cvmfs/sphenix.sdcc.bnl.gov/alma9.2-gcc-14.2.0/release/release_new/new.10/include/fbgemm:/cvmfs/sphenix.sdcc.bnl.gov/alma9.2-gcc-14.2.0/release/release_new/new.10/include/DDAlign:/cvmfs/sphenix.sdcc.bnl.gov/alma9.2-gcc-14.2.0/release/release_new/new.10/include/g4mvtx:/cvmfs/sphenix.sdcc.bnl.gov/alma9.2-gcc-14.2.0/release/release_new/new.10/include/kfparticle_sphenix:/cvmfs/sphenix.sdcc.bnl.gov/alma9.2-gcc-14.2.0/release/release_new/new.10/include/fun4all:/cvmfs/sphenix.sdcc.bnl.gov/alma9.2-gcc-14.2.0/release/release_new/new.10/include/intt:/cvmfs/sphenix.sdcc.bnl.gov/alma9.2-gcc-14.2.0/release/release_new/new.10/include/eventdisplay:/cvmfs/sphenix.sdcc.bnl.gov/alma9.2-gcc-14.2.0/release/release_new/new.10/include/EvtGen:/cvmfs/sphenix.sdcc.bnl.gov/alma9.2-gcc-14.2.0/release/release_new/new.10/include/Evaluator:/cvmfs/sphenix.sdcc.bnl.gov/alma9.2-gcc-14.2.0/release/release_new/new.10/include/tpc:/cvmfs/sphenix.sdcc.bnl.gov/alma9.2-gcc-14.2.0/release/release_new/new.10/include/GenFit:/cvmfs/sphenix.sdcc.bnl.gov/alma9.2-gcc-14.2.0/release/release_new/new.10/include/prototype4:/cvmfs/sphenix.sdcc.bnl.gov/alma9.2-gcc-14.2.0/release/release_new/new.10/include/caloembedding:/cvmfs/sphenix.sdcc.bnl.gov/alma9.2-gcc-14.2.0/release/release_new/new.10/include/EvtGenModels:/cvmfs/sphenix.sdcc.bnl.gov/alma9.2-gcc-14.2.0/release/release_new/new.10/include/fastjet:/cvmfs/sphenix.sdcc.bnl.gov/alma9.2-gcc-14.2.0/release/release_new/new.10/include/DDG4:/cvmfs/sphenix.sdcc.bnl.gov/alma9.2-gcc-14.2.0/release/release_new/new.10/include/mbd:/cvmfs/sphenix.sdcc.bnl.gov/alma9.2-gcc-14.2.0/release/release_new/new.10/include/tbb:/cvmfs/sphenix.sdcc.bnl.gov/alma9.2-gcc-14.2.0/release/release_new/new.10/include/phgeom:/cvmfs/sphenix.sdcc.bnl.gov/alma9.2-gcc-14.2.0/release/release_new/new.10/include/g4epd:/cvmfs/sphenix.sdcc.bnl.gov/alma9.2-gcc-14.2.0/release/release_new/new.10/include/oncal:/cvmfs/sphenix.sdcc.bnl.gov/alma9.2-gcc-14.2.0/release/release_new/new.10/include/pybind11:/cvmfs/sphenix.sdcc.bnl.gov/alma9.2-gcc-14.2.0/release/release_new/new.10/include/tpcdistgenerator:/cvmfs/sphenix.sdcc.bnl.gov/alma9.2-gcc-14.2.0/release/release_new/new.10/include/cdbobjects:/cvmfs/sphenix.sdcc.bnl.gov/alma9.2-gcc-14.2.0/release/release_new/new.10/include/g4micromegas:/cvmfs/sphenix.sdcc.bnl.gov/alma9.2-gcc-14.2.0/release/release_new/new.10/include/g4eval:/cvmfs/sphenix.sdcc.bnl.gov/alma9.2-gcc-14.2.0/release/release_new/new.10/include/jetbackground:/cvmfs/sphenix.sdcc.bnl.gov/alma9.2-gcc-14.2.0/release/release_new/new.10/include/micromegas:/cvmfs/sphenix.sdcc.bnl.gov/alma9.2-gcc-14.2.0/release/release_new/new.10/include/hftrackefficiency:/cvmfs/sphenix.sdcc.bnl.gov/alma9.2-gcc-14.2.0/release/release_new/new.10/include/inttrawhitqa:/cvmfs/sphenix.sdcc.bnl.gov/alma9.2-gcc-14.2.0/release/release_new/new.10/include/centrality:/cvmfs/sphenix.sdcc.bnl.gov/alma9.2-gcc-14.2.0/release/release_new/new.10/include/epd:/cvmfs/sphenix.sdcc.bnl.gov/alma9.2-gcc-14.2.0/release/release_new/new.10/include/caloreco:/cvmfs/sphenix.sdcc.bnl.gov/alma9.2-gcc-14.2.0/release/release_new/new.10/include/HepMC:/cvmfs/sphenix.sdcc.bnl.gov/alma9.2-gcc-14.2.0/release/release_new/new.10/include/CLHEP:/cvmfs/sphenix.sdcc.bnl.gov/alma9.2-gcc-14.2.0/release/release_new/new.10/include/Acts:/cvmfs/sphenix.sdcc.bnl.gov/alma9.2-gcc-14.2.0/release/release_new/new.10/include/g4histos:/cvmfs/sphenix.sdcc.bnl.gov/alma9.2-gcc-14.2.0/release/release_new/new.10/include/eventplaneinfo:/cvmfs/sphenix.sdcc.bnl.gov/alma9.2-gcc-14.2.0/release/release_new/new.10/include/fillspacechargemaps:/cvmfs/sphenix.sdcc.bnl.gov/alma9.2-gcc-14.2.0/release/release_new/new.10/include/phhepmc:/cvmfs/sphenix.sdcc.bnl.gov/alma9.2-gcc-14.2.0/release/release_new/new.10/include/trackingqa:/cvmfs/sphenix.sdcc.bnl.gov/alma9.2-gcc-14.2.0/release/release_new/new.10/include/qautils:/cvmfs/sphenix.sdcc.bnl.gov/alma9.2-gcc-14.2.0/release/release_new/new.10/include/trackreco:/cvmfs/sphenix.sdcc.bnl.gov/alma9.2-gcc-14.2.0/release/release_new/new.10/include/g4ohcal:/cvmfs/sphenix.sdcc.bnl.gov/alma9.2-gcc-14.2.0/release/release_new/new.10/include/tpcdvcalib:/cvmfs/sphenix.sdcc.bnl.gov/alma9.2-gcc-14.2.0/release/release_new/new.10/include/zdcinfo:/cvmfs/sphenix.sdcc.bnl.gov/alma9.2-gcc-14.2.0/release/release_new/new.10/include/phpythia8:/cvmfs/sphenix.sdcc.bnl.gov/alma9.2-gcc-14.2.0/release/release_new/new.10/include/fun4allutils:/cvmfs/sphenix.sdcc.bnl.gov/alma9.2-gcc-14.2.0/release/release_new/new.10/include/tpcqa:/cvmfs/sphenix.sdcc.bnl.gov/alma9.2-gcc-14.2.0/release/release_new/new.10/include/Pythia8:/cvmfs/sphenix.sdcc.bnl.gov/alma9.2-gcc-14.2.0/release/release_new/new.10/include/DDRec:/cvmfs/sphenix.sdcc.bnl.gov/alma9.2-gcc-14.2.0/release/release_new/new.10/include/DDDigi:/cvmfs/sphenix.sdcc.bnl.gov/alma9.2-gcc-14.2.0/release/release_new/new.10/include/g4ihcal:/cvmfs/sphenix.sdcc.bnl.gov/alma9.2-gcc-14.2.0/release/release_new/new.10/include/frog:/cvmfs/sphenix.sdcc.bnl.gov/alma9.2-gcc-14.2.0/release/release_new/new.10/include/eigen3:/cvmfs/sphenix.sdcc.bnl.gov/alma9.2-gcc-14.2.0/release/release_new/new.10/include/tensorpipe:/cvmfs/sphenix.sdcc.bnl.gov/alma9.2-gcc-14.2.0/release/release_new/new.10/include/sphenixnpc:/cvmfs/sphenix.sdcc.bnl.gov/alma9.2-gcc-14.2.0/release/release_new/new.10/include/siscone:/cvmfs/sphenix.sdcc.bnl.gov/alma9.2-gcc-14.2.0/release/release_new/new.10/include/pmonitor:/cvmfs/sphenix.sdcc.bnl.gov/alma9.2-gcc-14.2.0/release/release_new/new.10/include/calobase:/cvmfs/sphenix.sdcc.bnl.gov/alma9.2-gcc-14.2.0/release/release_new/new.10/include/ActsExamples:/cvmfs/sphenix.sdcc.bnl.gov/alma9.2-gcc-14.2.0/release/release_new/new.10/include/g4gdml:/cvmfs/sphenix.sdcc.bnl.gov/alma9.2-gcc-14.2.0/release/release_new/new.10/include/mvtx_decoder:/cvmfs/sphenix.sdcc.bnl.gov/alma9.2-gcc-14.2.0/release/release_new/new.10/include/ROOT:/cvmfs/sphenix.sdcc.bnl.gov/alma9.2-gcc-14.2.0/release/release_new/new.10/include/phparameter:/cvmfs/sphenix.sdcc.bnl.gov/alma9.2-gcc-14.2.0/release/release_new/new.10/include/rsa:/cvmfs/sphenix.sdcc.bnl.gov/alma9.2-gcc-14.2.0/release/release_new/new.10/include/fun4allraw:/cvmfs/sphenix.sdcc.bnl.gov/alma9.2-gcc-14.2.0/release/release_new/new.10/include/trackbase_historic:/cvmfs/sphenix.sdcc.bnl.gov/alma9.2-gcc-14.2.0/release/release_new/new.10/include/g4jets:/cvmfs/sphenix.sdcc.bnl.gov/alma9.2-gcc-14.2.0/release/release_new/new.10/include/jetqa:/cvmfs/sphenix.sdcc.bnl.gov/alma9.2-gcc-14.2.0/release/release_new/new.10/include/phoolraw:/cvmfs/sphenix.sdcc.bnl.gov/alma9.2-gcc-14.2.0/release/release_new/new.10/include/g4calo:/cvmfs/sphenix.sdcc.bnl.gov/alma9.2-gcc-14.2.0/release/release_new/new.10/include/mvtxrawhitqa:/cvmfs/sphenix.sdcc.bnl.gov/alma9.2-gcc-14.2.0/release/release_new/new.10/include/HepMC3:/cvmfs/sphenix.sdcc.bnl.gov/alma9.2-gcc-14.2.0/release/release_new/new.10/include/calowaveformsim:/cvmfs/sphenix.sdcc.bnl.gov/alma9.2-gcc-14.2.0/release/release_new/new.10/include/g4caloprototype:/cvmfs/sphenix.sdcc.bnl.gov/alma9.2-gcc-14.2.0/release/release_new/new.10/include/pdbcalbase:/cvmfs/sphenix.sdcc.bnl.gov/alma9.2-gcc-14.2.0/release/release_new/new.10/include/gsl:/cvmfs/sphenix.sdcc.bnl.gov/alma9.2-gcc-14.2.0/release/release_new/new.10/include/nodedump:/cvmfs/sphenix.sdcc.bnl.gov/alma9.2-gcc-14.2.0/release/release_new/new.10/include/emcnoisytowerfinder:/cvmfs/sphenix.sdcc.bnl.gov/alma9.2-gcc-14.2.0/release/release_new/new.10/include/ActsFatras:/cvmfs/sphenix.sdcc.bnl.gov/alma9.2-gcc-14.2.0/release/release_new/new.10/include/ffarawmodules:/cvmfs/sphenix.sdcc.bnl.gov/alma9.2-gcc-14.2.0/release/release_new/new.10/include/Event:/cvmfs/sphenix.sdcc.bnl.gov/alma9.2-gcc-14.2.0/release/release_new/new.10/include/prototype3:/cvmfs/sphenix.sdcc.bnl.gov/alma9.2-gcc-14.2.0/release/release_new/new.10/include/fermimotionafterburner:/cvmfs/sphenix.sdcc.bnl.gov/alma9.2-gcc-14.2.0/release/release_new/new.10/include/Photos:/cvmfs/sphenix.sdcc.bnl.gov/alma9.2-gcc-14.2.0/release/release_new/new.10/include/xingshiftcal:/cvmfs/sphenix.sdcc.bnl.gov/alma9.2-gcc-14.2.0/release/release_new/new.10/include/trackbase:/cvmfs/sphenix.sdcc.bnl.gov/alma9.2-gcc-14.2.0/release/release_new/new.10/include/jetdstskimmer:/cvmfs/sphenix.sdcc.bnl.gov/alma9.2-gcc-14.2.0/release/release_new/new.10/include/clusteriso:/cvmfs/sphenix.sdcc.bnl.gov/alma9.2-gcc-14.2.0/release/release_new/new.10/include/asmjit:/cvmfs/sphenix.sdcc.bnl.gov/alma9.2-gcc-14.2.0/release/release_new/new.10/include/particleflowreco:/cvmfs/sphenix.sdcc.bnl.gov/alma9.2-gcc-14.2.0/release/release_new/new.10/include/tpchittrackdisplay:/cvmfs/sphenix.sdcc.bnl.gov/alma9.2-gcc-14.2.0/release/release_new/new.10/include/caloana:/cvmfs/sphenix.sdcc.bnl.gov/alma9.2-gcc-14.2.0/release/release_new/new.10/include/calotrigger:/cvmfs/sphenix.sdcc.bnl.gov/alma9.2-gcc-14.2.0/release/release_new/new.10/include/nopayloadclient:/cvmfs/sphenix.sdcc.bnl.gov/alma9.2-gcc-14.2.0/release/release_new/new.10/include/trackermillepedealignment:/cvmfs/sphenix.sdcc.bnl.gov/alma9.2-gcc-14.2.0/release/release_new/new.10/include/DD4hep:/cvmfs/sphenix.sdcc.bnl.gov/alma9.2-gcc-14.2.0/release/release_new/new.10/include/g4trackfastsim:/cvmfs/sphenix.sdcc.bnl.gov/alma9.2-gcc-14.2.0/release/release_new/new.10/include/prototype2:/cvmfs/sphenix.sdcc.bnl.gov/alma9.2-gcc-14.2.0/release/release_new/new.10/include/ATen:/cvmfs/sphenix.sdcc.bnl.gov/alma9.2-gcc-14.2.0/release/release_new/new.10/include/g4main:/cvmfs/sphenix.sdcc.bnl.gov/alma9.2-gcc-14.2.0/release/release_new/new.10/include/Tauola:/cvmfs/sphenix.sdcc.bnl.gov/alma9.2-gcc-14.2.0/release/release_new/new.10/include/inttcalib:/cvmfs/sphenix.sdcc.bnl.gov/alma9.2-gcc-14.2.0/release/release_new/new.10/include/reactionplaneafterburner:/cvmfs/sphenix.sdcc.bnl.gov/alma9.2-gcc-14.2.0/release/release_new/new.10/include/globalqa:/cvmfs/sphenix.sdcc.bnl.gov/alma9.2-gcc-14.2.0/release/release_new/new.10/include/tpccalib:/cvmfs/sphenix.sdcc.bnl.gov/alma9.2-gcc-14.2.0/release/release_new/new.10/include/DDSegmentation:/cvmfs/sphenix.sdcc.bnl.gov/alma9.2-gcc-14.2.0/release/release_new/new.10/include/decayfinder:/cvmfs/sphenix.sdcc.bnl.gov/alma9.2-gcc-14.2.0/release/release_new/new.10/include/compressclus:/cvmfs/sphenix.sdcc.bnl.gov/alma9.2-gcc-14.2.0/release/release_new/new.10/include/simqa_modules:/cvmfs/sphenix.sdcc.bnl.gov/alma9.2-gcc-14.2.0/release/release_new/new.10/include/resonancejettagging:/cvmfs/sphenix.sdcc.bnl.gov/alma9.2-gcc-14.2.0/release/release_new/new.10/include/g4centrality:/cvmfs/sphenix.sdcc.bnl.gov/alma9.2-gcc-14.2.0/release/release_new/new.10/include/mvtx:/cvmfs/sphenix.sdcc.bnl.gov/alma9.2-gcc-14.2.0/release/release_new/new.10/include/nlohmann:/cvmfs/sphenix.sdcc.bnl.gov/alma9.2-gcc-14.2.0/release/release_new/new.10/include/localpoloffmon:/cvmfs/sphenix.sdcc.bnl.gov/alma9.2-gcc-14.2.0/release/release_new/new.10/include/DDEve:/cvmfs/sphenix.sdcc.bnl.gov/alma9.2-gcc-14.2.0/release/release_new/new.10/include/Parsers:/cvmfs/sphenix.sdcc.bnl.gov/alma9.2-gcc-14.2.0/release/release_new/new.10/include/trackingdiagnostics:/cvmfs/sphenix.sdcc.bnl.gov/alma9.2-gcc-14.2.0/release/release_new/new.10/include/g4vertex:/cvmfs/sphenix.sdcc.bnl.gov/alma9.2-gcc-14.2.0/release/release_new/new.10/include/jetbase:/cvmfs/sphenix.sdcc.bnl.gov/alma9.2-gcc-14.2.0/release/release_new/new.10/include/globalvertex:/cvmfs/sphenix.sdcc.bnl.gov/alma9.2-gcc-14.2.0/release/release_new/new.10/include/phgenfit:/cvmfs/sphenix.sdcc.bnl.gov/alma9.2-gcc-14.2.0/release/release_new/new.10/include/rawbcolumi:/cvmfs/sphenix.sdcc.bnl.gov/alma9.2-gcc-14.2.0/release/release_new/new.10/include/eicsmear:/cvmfs/sphenix.sdcc.bnl.gov/alma9.2-gcc-14.2.0/release/release_new/new.10/include/mvtxcalib:/cvmfs/sphenix.sdcc.bnl.gov/alma9.2-gcc-14.2.0/release/release_new/new.10/include/tpclinelaserdiode:/cvmfs/sphenix.sdcc.bnl.gov/alma9.2-gcc-14.2.0/release/release_new/new.10/include/hepmcjettrigger:/cvmfs/sphenix.sdcc.bnl.gov/alma9.2-gcc-14.2.0/release/release_new/new.10/include/core:/cvmfs/sphenix.sdcc.bnl.gov/alma9.2-gcc-14.2.0/release/release_new/new.10/include/calo_cdb:/cvmfs/sphenix.sdcc.bnl.gov/alma9.2-gcc-14.2.0/release/release_new/new.10/include/mvtxclustershapesqa:/cvmfs/sphenix.sdcc.bnl.gov/alma9.2-gcc-14.2.0/release/release_new/new.10/include/calopacketskimmer:/cvmfs/sphenix.sdcc.bnl.gov/alma9.2-gcc-14.2.0/opt/sphenix/core/geant4.10.07.p04/include:/cvmfs/sphenix.sdcc.bnl.gov/alma9.2-gcc-14.2.0/release/release_new/new.10/rootmacros:/cvmfs/sphenix.sdcc.bnl.gov/alma9.2-gcc-14.2.0/opt/sphenix/core/include
GSEARCHPATH=.:PG:LUSTRE:RAWDATA
PWD=/gpfs/mnt/gpfs02/sphenix/user/samfred/run25/ppg11/histmaking
_CONDOR_ANCESTOR_1935211=1937355:1759352714:1549022785
LOGNAME=samfred
_CONDOR_JOB_AD=/home/condor/local/sphnx/execute/dir_1935211/.job.ad
MANPATH=/cvmfs/sphenix.sdcc.bnl.gov/alma9.2-gcc-14.2.0/opt/sphenix/core/gcc/14.2.0-2f0a0/x86_64-el9/share/man:/cvmfs/sphenix.sdcc.bnl.gov/alma9.2-gcc-14.2.0/opt/sphenix/core/binutils/2.40-acaab/x86_64-el9/share/man:/cvmfs/sphenix.sdcc.bnl.gov/alma9.2-gcc-14.2.0/release/release_new/new.10/share/man:/cvmfs/sphenix.sdcc.bnl.gov/alma9.2-gcc-14.2.0/opt/sphenix/utils/share/man:/cvmfs/sphenix.sdcc.bnl.gov/alma9.2-gcc-14.2.0/opt/sphenix/core/share/man:/cvmfs/sphenix.sdcc.bnl.gov/alma9.2-gcc-14.2.0/opt/sphenix/core/root-6.32.06/man:/usr/local/share/man:/usr/share/man
PYTHIA8=/cvmfs/sphenix.sdcc.bnl.gov/alma9.2-gcc-14.2.0/release/release_new/new.10/share/Pythia8
G4INCLDATA=/cvmfs/sphenix.sdcc.bnl.gov/alma9.2-gcc-14.2.0/opt/sphenix/core/geant4.10.07.p04/share/Geant4-10.7.4/data/G4INCL1.0
ORIG_PATH=/usr/local/bin:/usr/bin
CXX=/cvmfs/sphenix.sdcc.bnl.gov/alma9.2-gcc-14.2.0/opt/sphenix/core/gcc/14.2.0-2f0a0/x86_64-el9/bin/g++
G4LEDATA=/cvmfs/sphenix.sdcc.bnl.gov/alma9.2-gcc-14.2.0/opt/sphenix/core/geant4.10.07.p04/share/Geant4-10.7.4/data/G4EMLOW7.13
PYTHON_CPU_COUNT=1
OPENBLAS_NUM_THREADS=1
_CONDOR_BIN=/usr/bin
HOME=/sphenix/u/samfred
G4PARTICLEXSDATA=/cvmfs/sphenix.sdcc.bnl.gov/alma9.2-gcc-14.2.0/opt/sphenix/core/geant4.10.07.p04/share/Geant4-10.7.4/data/G4PARTICLEXS3.1.1
_CONDOR_ANCESTOR_299904=1935211:1759352714:472867771
ONLINE_MAIN=/cvmfs/sphenix.sdcc.bnl.gov/alma9.2-gcc-14.2.0/release/release_new/new.10
CALIBRATIONROOT=/cvmfs/sphenix.sdcc.bnl.gov/alma9.2-gcc-14.2.0/release/release_new/new.10/share/calibrations
TMPDIR=/tmp
_CONDOR_SCRATCH_DIR=/home/condor/local/sphnx/execute/dir_1935211
PGUSER=phnxrc
NOPAYLOADCLIENT_CONF=/cvmfs/sphenix.sdcc.bnl.gov/alma9.2-gcc-14.2.0/opt/sphenix/core/etc/sPHENIX_newcdb.json
XERCESCROOT=/cvmfs/sphenix.sdcc.bnl.gov/alma9.2-gcc-14.2.0/opt/sphenix/core/geant4.10.07.p04
LHAPATH=/cvmfs/sphenix.sdcc.bnl.gov/alma9.2-gcc-14.2.0/opt/sphenix/core/lhapdf-5.9.1/share/lhapdf/PDFsets
G4NEUTRONHPDATA=/cvmfs/sphenix.sdcc.bnl.gov/alma9.2-gcc-14.2.0/opt/sphenix/core/geant4.10.07.p04/share/Geant4-10.7.4/data/G4NDL4.6
PYTHONPATH=.:/cvmfs/sphenix.sdcc.bnl.gov/alma9.2-gcc-14.2.0/release/release_new/new.10/lib/python3.13/site-packages:/cvmfs/sphenix.sdcc.bnl.gov/alma9.2-gcc-14.2.0/opt/sphenix/core/lib/python3.13/site-packages:/cvmfs/sphenix.sdcc.bnl.gov/alma9.2-gcc-14.2.0/opt/sphenix/core/root-6.32.06/lib
USER=samfred
_CONDOR_JOB_PIDS=
TEMP=/tmp
GOMAXPROCS=1
OFFLINE_MAIN=/cvmfs/sphenix.sdcc.bnl.gov/alma9.2-gcc-14.2.0/release/release_new/new.10
SHLVL=1
TF_NUM_THREADS=1
G4SAIDXSDATA=/cvmfs/sphenix.sdcc.bnl.gov/alma9.2-gcc-14.2.0/opt/sphenix/core/geant4.10.07.p04/share/Geant4-10.7.4/data/G4SAIDDATA2.0
APPTAINER_CACHEDIR=/home/condor/local/sphnx/execute/dir_1935211
ROOTSYS=/cvmfs/sphenix.sdcc.bnl.gov/alma9.2-gcc-14.2.0/opt/sphenix/core/root-6.32.06
BATCH_SYSTEM=HTCondor
_CONDOR_SLOT=slot1_43
LD_LIBRARY_PATH=/sphenix/user/samfred/run25/install//lib:/cvmfs/sphenix.sdcc.bnl.gov/alma9.2-gcc-14.2.0/opt/sphenix/core/gcc/14.2.0-2f0a0/x86_64-el9/lib:/cvmfs/sphenix.sdcc.bnl.gov/alma9.2-gcc-14.2.0/opt/sphenix/core/gcc/14.2.0-2f0a0/x86_64-el9/lib64:/cvmfs/sphenix.sdcc.bnl.gov/alma9.2-gcc-14.2.0/opt/sphenix/core/binutils/2.40-acaab/x86_64-el9/lib:.:/cvmfs/sphenix.sdcc.bnl.gov/alma9.2-gcc-14.2.0/release/release_new/new.10/lib64:/cvmfs/sphenix.sdcc.bnl.gov/alma9.2-gcc-14.2.0/release/release_new/new.10/lib:/cvmfs/sphenix.sdcc.bnl.gov/alma9.2-gcc-14.2.0/opt/sphenix/utils/lib:/cvmfs/sphenix.sdcc.bnl.gov/alma9.2-gcc-14.2.0/opt/sphenix/core/lib:/cvmfs/sphenix.sdcc.bnl.gov/alma9.2-gcc-14.2.0/opt/sphenix/core/root-6.32.06/lib:/cvmfs/sphenix.sdcc.bnl.gov/alma9.2-gcc-14.2.0/opt/sphenix/core/geant4.10.07.p04/lib64:/cvmfs/sphenix.sdcc.bnl.gov/alma9.2-gcc-14.2.0/opt/sphenix/core/lhapdf-5.9.1/lib:/usr/local/lib64:/usr/lib64
_CONDOR_ANCESTOR_299869=299904:1756523318:984826014
OPT_SPHENIX=/cvmfs/sphenix.sdcc.bnl.gov/alma9.2-gcc-14.2.0/opt/sphenix/core
TF_LOOP_PARALLEL_ITERATIONS=1
EVT_LIB=/cvmfs/sphenix.sdcc.bnl.gov/alma9.2-gcc-14.2.0/opt/sphenix/core/root-6.32.06/lib
PGHOST=sphnxdbmaster.sdcc.bnl.gov
OMP_NUM_THREADS=1
G4REALSURFACEDATA=/cvmfs/sphenix.sdcc.bnl.gov/alma9.2-gcc-14.2.0/opt/sphenix/core/geant4.10.07.p04/share/Geant4-10.7.4/data/RealSurface2.2
FC=/cvmfs/sphenix.sdcc.bnl.gov/alma9.2-gcc-14.2.0/opt/sphenix/core/gcc/14.2.0-2f0a0/x86_64-el9/bin/gfortran
G4ABLADATA=/cvmfs/sphenix.sdcc.bnl.gov/alma9.2-gcc-14.2.0/opt/sphenix/core/geant4.10.07.p04/share/Geant4-10.7.4/data/G4ABLA3.1
PARASOFT=doesnotexist
TMP=/tmp
OPT_UTILS=/cvmfs/sphenix.sdcc.bnl.gov/alma9.2-gcc-14.2.0/opt/sphenix/utils
CONFIG_SITE=/cvmfs/sphenix.sdcc.bnl.gov/alma9.2-gcc-14.2.0/opt/sphenix/core/etc/config.site
PATH=/sphenix/user/samfred/run25/install//bin:/cvmfs/sphenix.sdcc.bnl.gov/alma9.2-gcc-14.2.0/opt/sphenix/core/gcc/14.2.0-2f0a0/x86_64-el9/bin:/cvmfs/sphenix.sdcc.bnl.gov/alma9.2-gcc-14.2.0/opt/sphenix/core/binutils/2.40-acaab/x86_64-el9/bin:.:/cvmfs/sphenix.sdcc.bnl.gov/alma9.2-gcc-14.2.0/release/release_new/new.10/bin:/cvmfs/sphenix.sdcc.bnl.gov/alma9.2-gcc-14.2.0/opt/sphenix/utils/bin:/cvmfs/sphenix.sdcc.bnl.gov/alma9.2-gcc-14.2.0/opt/sphenix/core/bin:/cvmfs/sphenix.sdcc.bnl.gov/alma9.2-gcc-14.2.0/opt/sphenix/core/root-6.32.06/bin:/cvmfs/sphenix.sdcc.bnl.gov/alma9.2-gcc-14.2.0/opt/sphenix/core/geant4.10.07.p04/bin:/usr/local/bin:/usr/bin:/usr/local/sbin:/usr/sbin
G4LEVELGAMMADATA=/cvmfs/sphenix.sdcc.bnl.gov/alma9.2-gcc-14.2.0/opt/sphenix/core/geant4.10.07.p04/share/Geant4-10.7.4/data/PhotonEvaporation5.7
CC=/cvmfs/sphenix.sdcc.bnl.gov/alma9.2-gcc-14.2.0/opt/sphenix/core/gcc/14.2.0-2f0a0/x86_64-el9/bin/gcc
G4RADIOACTIVEDATA=/cvmfs/sphenix.sdcc.bnl.gov/alma9.2-gcc-14.2.0/opt/sphenix/core/geant4.10.07.p04/share/Geant4-10.7.4/data/RadioactiveDecay5.6
JULIA_NUM_THREADS=1
MKL_NUM_THREADS=1
LHAPDF_DATA_PATH=/cvmfs/sphenix.sdcc.bnl.gov/alma9.2-gcc-14.2.0/release/release_new/new.10/share/LHAPDF
XPLOAD_CONFIG_DIR=/cvmfs/sphenix.sdcc.bnl.gov/alma9.2-gcc-14.2.0/opt/sphenix/core/etc
OLDPWD=/cvmfs/sphenix.sdcc.bnl.gov/alma9.2-gcc-14.2.0/release/release_new/new.10/geant4
_=/usr/bin/printenv
runnumber...
50862
trigger...

   ------------------------------------------------------------------
  | Welcome to ROOT 6.32.06                        https://root.cern |
  | (c) 1995-2024, The ROOT Team; conception: R. Brun, F. Rademakers |
  | Built for linuxx8664gcc on Dec 13 2024, 17:23:48                 |
  | From tags/6-32-06@6-32-06                                        |
  | With g++ (GCC) 14.2.0                                            |
  | Try '.help'/'.?', '.demo', '.license', '.credits', '.quit'/'.q'  |
   ------------------------------------------------------------------


Processing data_histmaker.C(50862)...
entry 1000/7537006 (0.0132679%)
entry 3000/7537006 (0.0398036%)
entry 5000/7537006 (0.0663393%)
entry 8000/7537006 (0.106143%)
entry 10000/7537006 (0.132679%)
entry 12000/7537006 (0.159214%)
entry 15000/7537006 (0.199018%)
entry 19000/7537006 (0.252089%)
entry 23000/7537006 (0.305161%)
entry 25000/7537006 (0.331697%)
entry 26000/7537006 (0.344965%)
entry 27000/7537006 (0.358232%)
entry 28000/7537006 (0.3715%)
entry 30000/7537006 (0.398036%)
entry 34000/7537006 (0.451108%)
entry 41000/7537006 (0.543983%)
entry 45000/7537006 (0.597054%)
entry 49000/7537006 (0.650126%)
entry 51000/7537006 (0.676661%)
entry 57000/7537006 (0.756268%)
entry 58000/7537006 (0.769536%)
entry 59000/7537006 (0.782804%)
entry 62000/7537006 (0.822608%)
entry 68000/7537006 (0.902215%)
entry 69000/7537006 (0.915483%)
entry 73000/7537006 (0.968554%)
entry 74000/7537006 (0.981822%)
entry 80000/7537006 (1.06143%)
entry 82000/7537006 (1.08797%)
entry 83000/7537006 (1.10123%)
entry 88000/7537006 (1.16757%)
entry 89000/7537006 (1.18084%)
entry 95000/7537006 (1.26045%)
entry 96000/7537006 (1.27372%)
entry 99000/7537006 (1.31352%)
entry 104000/7537006 (1.37986%)
entry 105000/7537006 (1.39313%)
entry 106000/7537006 (1.40639%)
entry 110000/7537006 (1.45947%)
entry 111000/7537006 (1.47273%)
entry 114000/7537006 (1.51254%)
entry 115000/7537006 (1.5258%)
entry 118000/7537006 (1.56561%)
entry 119000/7537006 (1.57888%)
entry 120000/7537006 (1.59214%)
entry 122000/7537006 (1.61868%)
entry 127000/7537006 (1.68502%)
entry 130000/7537006 (1.72482%)
entry 132000/7537006 (1.75136%)
entry 134000/7537006 (1.77789%)
entry 137000/7537006 (1.8177%)
entry 142000/7537006 (1.88404%)
entry 143000/7537006 (1.89731%)
entry 148000/7537006 (1.96364%)
entry 151000/7537006 (2.00345%)
entry 154000/7537006 (2.04325%)
entry 155000/7537006 (2.05652%)
entry 156000/7537006 (2.06979%)
entry 158000/7537006 (2.09632%)
entry 163000/7537006 (2.16266%)
entry 166000/7537006 (2.20247%)
entry 170000/7537006 (2.25554%)
entry 173000/7537006 (2.29534%)
entry 174000/7537006 (2.30861%)
entry 179000/7537006 (2.37495%)
entry 182000/7537006 (2.41475%)
entry 183000/7537006 (2.42802%)
entry 187000/7537006 (2.48109%)
entry 191000/7537006 (2.53416%)
entry 194000/7537006 (2.57397%)
entry 198000/7537006 (2.62704%)
entry 200000/7537006 (2.65357%)
entry 203000/7537006 (2.69338%)
entry 205000/7537006 (2.71991%)
entry 206000/7537006 (2.73318%)
entry 207000/7537006 (2.74645%)
entry 208000/7537006 (2.75972%)
entry 209000/7537006 (2.77298%)
entry 210000/7537006 (2.78625%)
entry 211000/7537006 (2.79952%)
entry 214000/7537006 (2.83932%)
entry 216000/7537006 (2.86586%)
entry 220000/7537006 (2.91893%)
entry 221000/7537006 (2.9322%)
entry 228000/7537006 (3.02507%)
entry 229000/7537006 (3.03834%)
entry 230000/7537006 (3.05161%)
entry 232000/7537006 (3.07815%)
entry 234000/7537006 (3.10468%)
entry 241000/7537006 (3.19756%)
entry 243000/7537006 (3.22409%)
entry 250000/7537006 (3.31697%)
entry 251000/7537006 (3.33023%)
entry 260000/7537006 (3.44965%)
entry 262000/7537006 (3.47618%)
entry 264000/7537006 (3.50272%)
entry 269000/7537006 (3.56906%)
entry 271000/7537006 (3.59559%)
entry 274000/7537006 (3.6354%)
entry 275000/7537006 (3.64866%)
entry 276000/7537006 (3.66193%)
entry 277000/7537006 (3.6752%)
entry 278000/7537006 (3.68847%)
entry 281000/7537006 (3.72827%)
entry 284000/7537006 (3.76807%)
entry 285000/7537006 (3.78134%)
entry 287000/7537006 (3.80788%)
entry 288000/7537006 (3.82115%)
entry 293000/7537006 (3.88749%)
entry 298000/7537006 (3.95382%)
entry 302000/7537006 (4.0069%)
entry 308000/7537006 (4.0865%)
entry 309000/7537006 (4.09977%)
entry 312000/7537006 (4.13957%)
entry 314000/7537006 (4.16611%)
entry 315000/7537006 (4.17938%)
entry 318000/7537006 (4.21918%)
entry 321000/7537006 (4.25899%)
entry 325000/7537006 (4.31206%)
entry 330000/7537006 (4.3784%)
entry 331000/7537006 (4.39166%)
entry 336000/7537006 (4.458%)
entry 338000/7537006 (4.48454%)
entry 340000/7537006 (4.51108%)
entry 341000/7537006 (4.52434%)
entry 342000/7537006 (4.53761%)
entry 343000/7537006 (4.55088%)
entry 346000/7537006 (4.59068%)
entry 347000/7537006 (4.60395%)
entry 352000/7537006 (4.67029%)
entry 353000/7537006 (4.68356%)
entry 355000/7537006 (4.71009%)
entry 364000/7537006 (4.8295%)
entry 367000/7537006 (4.86931%)
entry 371000/7537006 (4.92238%)
entry 373000/7537006 (4.94891%)
entry 377000/7537006 (5.00199%)
entry 378000/7537006 (5.01525%)
entry 387000/7537006 (5.13466%)
entry 388000/7537006 (5.14793%)
entry 390000/7537006 (5.17447%)
entry 391000/7537006 (5.18774%)
entry 394000/7537006 (5.22754%)
entry 395000/7537006 (5.24081%)
entry 398000/7537006 (5.28061%)
entry 402000/7537006 (5.33368%)
entry 404000/7537006 (5.36022%)
entry 406000/7537006 (5.38675%)
entry 410000/7537006 (5.43983%)
entry 416000/7537006 (5.51943%)
entry 419000/7537006 (5.55924%)
entry 422000/7537006 (5.59904%)
entry 425000/7537006 (5.63884%)
entry 426000/7537006 (5.65211%)
entry 436000/7537006 (5.78479%)
entry 439000/7537006 (5.82459%)
entry 442000/7537006 (5.8644%)
entry 443000/7537006 (5.87767%)
entry 446000/7537006 (5.91747%)
entry 454000/7537006 (6.02361%)
entry 456000/7537006 (6.05015%)
entry 459000/7537006 (6.08995%)
entry 462000/7537006 (6.12976%)
entry 466000/7537006 (6.18283%)
entry 468000/7537006 (6.20936%)
entry 471000/7537006 (6.24917%)
entry 473000/7537006 (6.2757%)
entry 474000/7537006 (6.28897%)
entry 483000/7537006 (6.40838%)
entry 485000/7537006 (6.43492%)
entry 492000/7537006 (6.52779%)
entry 494000/7537006 (6.55433%)
entry 495000/7537006 (6.56759%)
entry 501000/7537006 (6.6472%)
entry 502000/7537006 (6.66047%)
entry 503000/7537006 (6.67374%)
entry 508000/7537006 (6.74008%)
entry 512000/7537006 (6.79315%)
entry 513000/7537006 (6.80642%)
entry 515000/7537006 (6.83295%)
entry 520000/7537006 (6.89929%)
entry 522000/7537006 (6.92583%)
entry 525000/7537006 (6.96563%)
entry 527000/7537006 (6.99217%)
entry 528000/7537006 (7.00543%)
entry 529000/7537006 (7.0187%)
entry 538000/7537006 (7.13811%)
entry 539000/7537006 (7.15138%)
entry 542000/7537006 (7.19118%)
entry 543000/7537006 (7.20445%)
entry 545000/7537006 (7.23099%)
entry 546000/7537006 (7.24426%)
entry 548000/7537006 (7.27079%)
entry 549000/7537006 (7.28406%)
entry 550000/7537006 (7.29733%)
entry 552000/7537006 (7.32386%)
entry 555000/7537006 (7.36367%)
entry 557000/7537006 (7.3902%)
entry 559000/7537006 (7.41674%)
entry 562000/7537006 (7.45654%)
entry 567000/7537006 (7.52288%)
entry 568000/7537006 (7.53615%)
entry 569000/7537006 (7.54942%)
entry 570000/7537006 (7.56269%)
entry 574000/7537006 (7.61576%)
entry 583000/7537006 (7.73517%)
entry 584000/7537006 (7.74843%)
entry 586000/7537006 (7.77497%)
entry 588000/7537006 (7.80151%)
entry 599000/7537006 (7.94745%)
entry 602000/7537006 (7.98726%)
entry 605000/7537006 (8.02706%)
entry 606000/7537006 (8.04033%)
entry 609000/7537006 (8.08013%)
entry 610000/7537006 (8.0934%)
entry 611000/7537006 (8.10667%)
entry 614000/7537006 (8.14647%)
entry 615000/7537006 (8.15974%)
entry 616000/7537006 (8.17301%)
entry 617000/7537006 (8.18627%)
entry 623000/7537006 (8.26588%)
entry 626000/7537006 (8.30569%)
entry 629000/7537006 (8.34549%)
entry 632000/7537006 (8.38529%)
entry 634000/7537006 (8.41183%)
entry 635000/7537006 (8.4251%)
entry 636000/7537006 (8.43836%)
entry 638000/7537006 (8.4649%)
entry 644000/7537006 (8.54451%)
entry 648000/7537006 (8.59758%)
entry 650000/7537006 (8.62411%)
entry 651000/7537006 (8.63738%)
entry 654000/7537006 (8.67719%)
entry 656000/7537006 (8.70372%)
entry 660000/7537006 (8.75679%)
entry 661000/7537006 (8.77006%)
entry 667000/7537006 (8.84967%)
entry 669000/7537006 (8.8762%)
entry 671000/7537006 (8.90274%)
entry 672000/7537006 (8.91601%)
entry 673000/7537006 (8.92927%)
entry 676000/7537006 (8.96908%)
entry 677000/7537006 (8.98235%)
entry 681000/7537006 (9.03542%)
entry 682000/7537006 (9.04869%)
entry 683000/7537006 (9.06195%)
entry 685000/7537006 (9.08849%)
entry 688000/7537006 (9.12829%)
entry 693000/7537006 (9.19463%)
entry 696000/7537006 (9.23444%)
entry 698000/7537006 (9.26097%)
entry 700000/7537006 (9.28751%)
entry 706000/7537006 (9.36712%)
entry 716000/7537006 (9.49979%)
entry 722000/7537006 (9.5794%)
entry 725000/7537006 (9.6192%)
entry 726000/7537006 (9.63247%)
entry 736000/7537006 (9.76515%)
entry 737000/7537006 (9.77842%)
entry 740000/7537006 (9.81822%)
entry 746000/7537006 (9.89783%)
entry 749000/7537006 (9.93763%)
entry 759000/7537006 (10.0703%)
entry 760000/7537006 (10.0836%)
entry 764000/7537006 (10.1367%)
entry 767000/7537006 (10.1765%)
entry 769000/7537006 (10.203%)
entry 773000/7537006 (10.2561%)
entry 774000/7537006 (10.2693%)
entry 776000/7537006 (10.2959%)
entry 780000/7537006 (10.3489%)
entry 781000/7537006 (10.3622%)
entry 782000/7537006 (10.3755%)
entry 783000/7537006 (10.3887%)
entry 784000/7537006 (10.402%)
entry 795000/7537006 (10.548%)
entry 797000/7537006 (10.5745%)
entry 800000/7537006 (10.6143%)
entry 801000/7537006 (10.6276%)
entry 802000/7537006 (10.6408%)
entry 805000/7537006 (10.6806%)
entry 810000/7537006 (10.747%)
entry 812000/7537006 (10.7735%)
entry 813000/7537006 (10.7868%)
entry 814000/7537006 (10.8%)
entry 818000/7537006 (10.8531%)
entry 823000/7537006 (10.9195%)
entry 824000/7537006 (10.9327%)
entry 825000/7537006 (10.946%)
entry 834000/7537006 (11.0654%)
entry 835000/7537006 (11.0787%)
entry 838000/7537006 (11.1185%)
entry 843000/7537006 (11.1848%)
entry 852000/7537006 (11.3042%)
entry 854000/7537006 (11.3308%)
entry 855000/7537006 (11.344%)
entry 861000/7537006 (11.4236%)
entry 865000/7537006 (11.4767%)
entry 869000/7537006 (11.5298%)
entry 873000/7537006 (11.5828%)
entry 875000/7537006 (11.6094%)
entry 876000/7537006 (11.6227%)
entry 877000/7537006 (11.6359%)
entry 878000/7537006 (11.6492%)
entry 879000/7537006 (11.6625%)
entry 881000/7537006 (11.689%)
entry 883000/7537006 (11.7155%)
entry 888000/7537006 (11.7819%)
entry 890000/7537006 (11.8084%)
entry 892000/7537006 (11.8349%)
entry 895000/7537006 (11.8747%)
entry 899000/7537006 (11.9278%)
entry 908000/7537006 (12.0472%)
entry 909000/7537006 (12.0605%)
entry 911000/7537006 (12.087%)
entry 913000/7537006 (12.1136%)
entry 914000/7537006 (12.1268%)
entry 915000/7537006 (12.1401%)
entry 919000/7537006 (12.1932%)
entry 920000/7537006 (12.2064%)
entry 924000/7537006 (12.2595%)
entry 928000/7537006 (12.3126%)
entry 929000/7537006 (12.3258%)
entry 930000/7537006 (12.3391%)
entry 932000/7537006 (12.3657%)
entry 933000/7537006 (12.3789%)
entry 945000/7537006 (12.5381%)
entry 949000/7537006 (12.5912%)
entry 953000/7537006 (12.6443%)
entry 954000/7537006 (12.6575%)
entry 957000/7537006 (12.6973%)
entry 960000/7537006 (12.7372%)
entry 961000/7537006 (12.7504%)
entry 962000/7537006 (12.7637%)
entry 964000/7537006 (12.7902%)
entry 967000/7537006 (12.83%)
entry 968000/7537006 (12.8433%)
entry 971000/7537006 (12.8831%)
entry 974000/7537006 (12.9229%)
entry 975000/7537006 (12.9362%)
entry 976000/7537006 (12.9494%)
entry 981000/7537006 (13.0158%)
entry 984000/7537006 (13.0556%)
entry 985000/7537006 (13.0689%)
entry 986000/7537006 (13.0821%)
entry 989000/7537006 (13.1219%)
entry 990000/7537006 (13.1352%)
entry 992000/7537006 (13.1617%)
entry 997000/7537006 (13.2281%)
entry 998000/7537006 (13.2413%)
entry 1002000/7537006 (13.2944%)
entry 1006000/7537006 (13.3475%)
entry 1007000/7537006 (13.3607%)
entry 1008000/7537006 (13.374%)
entry 1010000/7537006 (13.4005%)
entry 1012000/7537006 (13.4271%)
entry 1015000/7537006 (13.4669%)
entry 1019000/7537006 (13.52%)
entry 1021000/7537006 (13.5465%)
entry 1025000/7537006 (13.5996%)
entry 1030000/7537006 (13.6659%)
entry 1031000/7537006 (13.6792%)
entry 1040000/7537006 (13.7986%)
entry 1041000/7537006 (13.8119%)
entry 1042000/7537006 (13.8251%)
entry 1044000/7537006 (13.8517%)
entry 1045000/7537006 (13.8649%)
entry 1048000/7537006 (13.9047%)
entry 1050000/7537006 (13.9313%)
entry 1051000/7537006 (13.9445%)
entry 1056000/7537006 (14.0109%)
entry 1059000/7537006 (14.0507%)
entry 1060000/7537006 (14.0639%)
entry 1061000/7537006 (14.0772%)
entry 1062000/7537006 (14.0905%)
entry 1064000/7537006 (14.117%)
entry 1065000/7537006 (14.1303%)
entry 1067000/7537006 (14.1568%)
entry 1069000/7537006 (14.1834%)
entry 1074000/7537006 (14.2497%)
entry 1077000/7537006 (14.2895%)
entry 1079000/7537006 (14.316%)
entry 1082000/7537006 (14.3558%)
entry 1086000/7537006 (14.4089%)
entry 1088000/7537006 (14.4354%)
entry 1089000/7537006 (14.4487%)
entry 1090000/7537006 (14.462%)
entry 1093000/7537006 (14.5018%)
entry 1095000/7537006 (14.5283%)
entry 1096000/7537006 (14.5416%)
entry 1097000/7537006 (14.5549%)
entry 1103000/7537006 (14.6345%)
entry 1106000/7537006 (14.6743%)
entry 1107000/7537006 (14.6875%)
entry 1108000/7537006 (14.7008%)
entry 1114000/7537006 (14.7804%)
entry 1116000/7537006 (14.8069%)
entry 1117000/7537006 (14.8202%)
entry 1121000/7537006 (14.8733%)
entry 1127000/7537006 (14.9529%)
entry 1130000/7537006 (14.9927%)
entry 1132000/7537006 (15.0192%)
entry 1134000/7537006 (15.0458%)
entry 1136000/7537006 (15.0723%)
entry 1143000/7537006 (15.1652%)
entry 1145000/7537006 (15.1917%)
entry 1146000/7537006 (15.205%)
entry 1147000/7537006 (15.2182%)
entry 1150000/7537006 (15.258%)
entry 1151000/7537006 (15.2713%)
entry 1153000/7537006 (15.2979%)
entry 1155000/7537006 (15.3244%)
entry 1156000/7537006 (15.3377%)
entry 1157000/7537006 (15.3509%)
entry 1159000/7537006 (15.3775%)
entry 1161000/7537006 (15.404%)
entry 1163000/7537006 (15.4305%)
entry 1166000/7537006 (15.4703%)
entry 1167000/7537006 (15.4836%)
entry 1170000/7537006 (15.5234%)
entry 1173000/7537006 (15.5632%)
entry 1174000/7537006 (15.5765%)
entry 1178000/7537006 (15.6295%)
entry 1179000/7537006 (15.6428%)
entry 1181000/7537006 (15.6694%)
entry 1182000/7537006 (15.6826%)
entry 1184000/7537006 (15.7092%)
entry 1189000/7537006 (15.7755%)
entry 1190000/7537006 (15.7888%)
entry 1193000/7537006 (15.8286%)
entry 1194000/7537006 (15.8418%)
entry 1198000/7537006 (15.8949%)
entry 1200000/7537006 (15.9214%)
entry 1201000/7537006 (15.9347%)
entry 1203000/7537006 (15.9612%)
entry 1204000/7537006 (15.9745%)
entry 1205000/7537006 (15.9878%)
entry 1208000/7537006 (16.0276%)
entry 1209000/7537006 (16.0409%)
entry 1210000/7537006 (16.0541%)
entry 1215000/7537006 (16.1205%)
entry 1217000/7537006 (16.147%)
entry 1219000/7537006 (16.1735%)
entry 1223000/7537006 (16.2266%)
entry 1228000/7537006 (16.2929%)
entry 1229000/7537006 (16.3062%)
entry 1233000/7537006 (16.3593%)
entry 1234000/7537006 (16.3725%)
entry 1236000/7537006 (16.3991%)
entry 1239000/7537006 (16.4389%)
entry 1242000/7537006 (16.4787%)
entry 1243000/7537006 (16.492%)
entry 1259000/7537006 (16.7042%)
entry 1264000/7537006 (16.7706%)
entry 1265000/7537006 (16.7839%)
entry 1267000/7537006 (16.8104%)
entry 1269000/7537006 (16.8369%)
entry 1276000/7537006 (16.9298%)
entry 1277000/7537006 (16.9431%)
entry 1281000/7537006 (16.9961%)
entry 1283000/7537006 (17.0227%)
entry 1284000/7537006 (17.0359%)
entry 1285000/7537006 (17.0492%)
entry 1288000/7537006 (17.089%)
entry 1290000/7537006 (17.1155%)
entry 1291000/7537006 (17.1288%)
entry 1293000/7537006 (17.1554%)
entry 1294000/7537006 (17.1686%)
entry 1297000/7537006 (17.2084%)
entry 1306000/7537006 (17.3278%)
entry 1307000/7537006 (17.3411%)
entry 1309000/7537006 (17.3676%)
entry 1310000/7537006 (17.3809%)
entry 1311000/7537006 (17.3942%)
entry 1315000/7537006 (17.4472%)
entry 1319000/7537006 (17.5003%)
entry 1324000/7537006 (17.5667%)
entry 1326000/7537006 (17.5932%)
entry 1328000/7537006 (17.6197%)
entry 1329000/7537006 (17.633%)
entry 1331000/7537006 (17.6595%)
entry 1332000/7537006 (17.6728%)
entry 1333000/7537006 (17.6861%)
entry 1335000/7537006 (17.7126%)
entry 1336000/7537006 (17.7259%)
entry 1339000/7537006 (17.7657%)
entry 1351000/7537006 (17.9249%)
entry 1355000/7537006 (17.978%)
entry 1362000/7537006 (18.0708%)
entry 1366000/7537006 (18.1239%)
entry 1369000/7537006 (18.1637%)
entry 1370000/7537006 (18.177%)
entry 1371000/7537006 (18.1902%)
entry 1375000/7537006 (18.2433%)
entry 1376000/7537006 (18.2566%)
entry 1377000/7537006 (18.2699%)
entry 1382000/7537006 (18.3362%)
entry 1383000/7537006 (18.3495%)
entry 1385000/7537006 (18.376%)
entry 1389000/7537006 (18.4291%)
entry 1390000/7537006 (18.4423%)
entry 1391000/7537006 (18.4556%)
entry 1394000/7537006 (18.4954%)
entry 1396000/7537006 (18.5219%)
entry 1397000/7537006 (18.5352%)
entry 1398000/7537006 (18.5485%)
entry 1399000/7537006 (18.5617%)
entry 1404000/7537006 (18.6281%)
entry 1406000/7537006 (18.6546%)
entry 1408000/7537006 (18.6812%)
entry 1409000/7537006 (18.6944%)
entry 1412000/7537006 (18.7342%)
entry 1413000/7537006 (18.7475%)
entry 1414000/7537006 (18.7608%)
entry 1415000/7537006 (18.774%)
entry 1417000/7537006 (18.8006%)
entry 1419000/7537006 (18.8271%)
entry 1423000/7537006 (18.8802%)
entry 1424000/7537006 (18.8934%)
entry 1427000/7537006 (18.9332%)
entry 1428000/7537006 (18.9465%)
entry 1429000/7537006 (18.9598%)
entry 1434000/7537006 (19.0261%)
entry 1435000/7537006 (19.0394%)
entry 1437000/7537006 (19.0659%)
entry 1438000/7537006 (19.0792%)
entry 1443000/7537006 (19.1455%)
entry 1454000/7537006 (19.2915%)
entry 1455000/7537006 (19.3047%)
entry 1459000/7537006 (19.3578%)
entry 1470000/7537006 (19.5038%)
entry 1471000/7537006 (19.517%)
entry 1472000/7537006 (19.5303%)
entry 1473000/7537006 (19.5436%)
entry 1474000/7537006 (19.5568%)
entry 1476000/7537006 (19.5834%)
entry 1477000/7537006 (19.5966%)
entry 1479000/7537006 (19.6232%)
entry 1481000/7537006 (19.6497%)
entry 1482000/7537006 (19.663%)
entry 1483000/7537006 (19.6762%)
entry 1488000/7537006 (19.7426%)
entry 1489000/7537006 (19.7559%)
entry 1491000/7537006 (19.7824%)
entry 1492000/7537006 (19.7957%)
entry 1493000/7537006 (19.8089%)
entry 1499000/7537006 (19.8885%)
entry 1502000/7537006 (19.9283%)
entry 1505000/7537006 (19.9681%)
entry 1512000/7537006 (20.061%)
entry 1517000/7537006 (20.1274%)
entry 1519000/7537006 (20.1539%)
entry 1523000/7537006 (20.207%)
entry 1524000/7537006 (20.2202%)
entry 1526000/7537006 (20.2468%)
entry 1528000/7537006 (20.2733%)
entry 1529000/7537006 (20.2866%)
entry 1536000/7537006 (20.3794%)
entry 1538000/7537006 (20.406%)
entry 1539000/7537006 (20.4192%)
entry 1541000/7537006 (20.4458%)
entry 1542000/7537006 (20.4591%)
entry 1545000/7537006 (20.4989%)
entry 1546000/7537006 (20.5121%)
entry 1547000/7537006 (20.5254%)
entry 1549000/7537006 (20.5519%)
entry 1550000/7537006 (20.5652%)
entry 1552000/7537006 (20.5917%)
entry 1555000/7537006 (20.6315%)
entry 1556000/7537006 (20.6448%)
entry 1558000/7537006 (20.6713%)
entry 1562000/7537006 (20.7244%)
entry 1563000/7537006 (20.7377%)
entry 1564000/7537006 (20.7509%)
entry 1567000/7537006 (20.7907%)
entry 1570000/7537006 (20.8306%)
entry 1572000/7537006 (20.8571%)
entry 1573000/7537006 (20.8704%)
entry 1574000/7537006 (20.8836%)
entry 1575000/7537006 (20.8969%)
entry 1579000/7537006 (20.95%)
entry 1584000/7537006 (21.0163%)
entry 1586000/7537006 (21.0428%)
entry 1589000/7537006 (21.0826%)
entry 1590000/7537006 (21.0959%)
entry 1603000/7537006 (21.2684%)
entry 1605000/7537006 (21.2949%)
entry 1609000/7537006 (21.348%)
entry 1610000/7537006 (21.3613%)
entry 1613000/7537006 (21.4011%)
entry 1614000/7537006 (21.4143%)
entry 1615000/7537006 (21.4276%)
entry 1616000/7537006 (21.4409%)
entry 1619000/7537006 (21.4807%)
entry 1626000/7537006 (21.5736%)
entry 1632000/7537006 (21.6532%)
entry 1633000/7537006 (21.6664%)
entry 1634000/7537006 (21.6797%)
entry 1640000/7537006 (21.7593%)
entry 1641000/7537006 (21.7726%)
entry 1646000/7537006 (21.8389%)
entry 1648000/7537006 (21.8654%)
entry 1649000/7537006 (21.8787%)
entry 1652000/7537006 (21.9185%)
entry 1655000/7537006 (21.9583%)
entry 1657000/7537006 (21.9849%)
entry 1659000/7537006 (22.0114%)
entry 1663000/7537006 (22.0645%)
entry 1667000/7537006 (22.1175%)
entry 1672000/7537006 (22.1839%)
entry 1673000/7537006 (22.1971%)
entry 1676000/7537006 (22.2369%)
entry 1677000/7537006 (22.2502%)
entry 1679000/7537006 (22.2768%)
entry 1680000/7537006 (22.29%)
entry 1682000/7537006 (22.3166%)
entry 1683000/7537006 (22.3298%)
entry 1686000/7537006 (22.3696%)
entry 1688000/7537006 (22.3962%)
entry 1690000/7537006 (22.4227%)
entry 1693000/7537006 (22.4625%)
entry 1695000/7537006 (22.489%)
entry 1703000/7537006 (22.5952%)
entry 1704000/7537006 (22.6084%)
entry 1709000/7537006 (22.6748%)
entry 1710000/7537006 (22.6881%)
entry 1712000/7537006 (22.7146%)
entry 1713000/7537006 (22.7279%)
entry 1718000/7537006 (22.7942%)
entry 1719000/7537006 (22.8075%)
entry 1726000/7537006 (22.9003%)
entry 1729000/7537006 (22.9401%)
entry 1732000/7537006 (22.9799%)
entry 1733000/7537006 (22.9932%)
entry 1736000/7537006 (23.033%)
entry 1739000/7537006 (23.0728%)
entry 1741000/7537006 (23.0994%)
entry 1744000/7537006 (23.1392%)
entry 1748000/7537006 (23.1922%)
entry 1753000/7537006 (23.2586%)
entry 1756000/7537006 (23.2984%)
entry 1757000/7537006 (23.3116%)
entry 1758000/7537006 (23.3249%)
entry 1761000/7537006 (23.3647%)
entry 1763000/7537006 (23.3913%)
entry 1764000/7537006 (23.4045%)
entry 1768000/7537006 (23.4576%)
entry 1772000/7537006 (23.5107%)
entry 1774000/7537006 (23.5372%)
entry 1775000/7537006 (23.5505%)
entry 1779000/7537006 (23.6035%)
entry 1782000/7537006 (23.6433%)
entry 1784000/7537006 (23.6699%)
entry 1794000/7537006 (23.8026%)
entry 1800000/7537006 (23.8822%)
entry 1803000/7537006 (23.922%)
entry 1808000/7537006 (23.9883%)
entry 1811000/7537006 (24.0281%)
entry 1815000/7537006 (24.0812%)
entry 1818000/7537006 (24.121%)
entry 1822000/7537006 (24.1741%)
entry 1823000/7537006 (24.1873%)
entry 1827000/7537006 (24.2404%)
entry 1829000/7537006 (24.2669%)
entry 1832000/7537006 (24.3067%)
entry 1834000/7537006 (24.3333%)
entry 1837000/7537006 (24.3731%)
entry 1843000/7537006 (24.4527%)
entry 1844000/7537006 (24.4659%)
entry 1847000/7537006 (24.5058%)
entry 1849000/7537006 (24.5323%)
entry 1850000/7537006 (24.5456%)
entry 1853000/7537006 (24.5854%)
entry 1854000/7537006 (24.5986%)
entry 1855000/7537006 (24.6119%)
entry 1857000/7537006 (24.6384%)
entry 1858000/7537006 (24.6517%)
entry 1859000/7537006 (24.665%)
entry 1860000/7537006 (24.6782%)
entry 1863000/7537006 (24.718%)
entry 1867000/7537006 (24.7711%)
entry 1870000/7537006 (24.8109%)
entry 1872000/7537006 (24.8374%)
entry 1874000/7537006 (24.864%)
entry 1877000/7537006 (24.9038%)
entry 1879000/7537006 (24.9303%)
entry 1883000/7537006 (24.9834%)
entry 1889000/7537006 (25.063%)
entry 1890000/7537006 (25.0763%)
entry 1891000/7537006 (25.0895%)
entry 1894000/7537006 (25.1293%)
entry 1899000/7537006 (25.1957%)
entry 1905000/7537006 (25.2753%)
entry 1906000/7537006 (25.2886%)
entry 1909000/7537006 (25.3284%)
entry 1911000/7537006 (25.3549%)
entry 1913000/7537006 (25.3814%)
entry 1922000/7537006 (25.5008%)
entry 1923000/7537006 (25.5141%)
entry 1924000/7537006 (25.5274%)
entry 1935000/7537006 (25.6733%)
entry 1936000/7537006 (25.6866%)
entry 1941000/7537006 (25.7529%)
entry 1945000/7537006 (25.806%)
entry 1947000/7537006 (25.8325%)
entry 1948000/7537006 (25.8458%)
entry 1952000/7537006 (25.8989%)
entry 1953000/7537006 (25.9121%)
entry 1954000/7537006 (25.9254%)
entry 1956000/7537006 (25.9519%)
entry 1960000/7537006 (26.005%)
entry 1967000/7537006 (26.0979%)
entry 1968000/7537006 (26.1112%)
entry 1970000/7537006 (26.1377%)
entry 1975000/7537006 (26.204%)
entry 1976000/7537006 (26.2173%)
entry 1980000/7537006 (26.2704%)
entry 1983000/7537006 (26.3102%)
entry 1984000/7537006 (26.3234%)
entry 1993000/7537006 (26.4429%)
entry 1996000/7537006 (26.4827%)
entry 2001000/7537006 (26.549%)
entry 2004000/7537006 (26.5888%)
entry 2005000/7537006 (26.6021%)
entry 2006000/7537006 (26.6153%)
entry 2007000/7537006 (26.6286%)
entry 2010000/7537006 (26.6684%)
entry 2012000/7537006 (26.695%)
entry 2013000/7537006 (26.7082%)
entry 2015000/7537006 (26.7348%)
entry 2017000/7537006 (26.7613%)
entry 2025000/7537006 (26.8674%)
entry 2029000/7537006 (26.9205%)
entry 2030000/7537006 (26.9338%)
entry 2034000/7537006 (26.9868%)
entry 2036000/7537006 (27.0134%)
entry 2039000/7537006 (27.0532%)
entry 2040000/7537006 (27.0665%)
entry 2042000/7537006 (27.093%)
entry 2043000/7537006 (27.1063%)
entry 2044000/7537006 (27.1195%)
entry 2046000/7537006 (27.1461%)
entry 2047000/7537006 (27.1593%)
entry 2050000/7537006 (27.1991%)
entry 2053000/7537006 (27.2389%)
entry 2055000/7537006 (27.2655%)
entry 2061000/7537006 (27.3451%)
entry 2071000/7537006 (27.4778%)
entry 2072000/7537006 (27.491%)
entry 2073000/7537006 (27.5043%)
entry 2074000/7537006 (27.5176%)
entry 2075000/7537006 (27.5308%)
entry 2081000/7537006 (27.6104%)
entry 2082000/7537006 (27.6237%)
entry 2086000/7537006 (27.6768%)
entry 2088000/7537006 (27.7033%)
entry 2089000/7537006 (27.7166%)
entry 2090000/7537006 (27.7298%)
entry 2095000/7537006 (27.7962%)
entry 2096000/7537006 (27.8095%)
entry 2098000/7537006 (27.836%)
entry 2102000/7537006 (27.8891%)
entry 2104000/7537006 (27.9156%)
entry 2105000/7537006 (27.9289%)
entry 2112000/7537006 (28.0217%)
entry 2113000/7537006 (28.035%)
entry 2114000/7537006 (28.0483%)
entry 2117000/7537006 (28.0881%)
entry 2118000/7537006 (28.1013%)
entry 2119000/7537006 (28.1146%)
entry 2121000/7537006 (28.1411%)
entry 2124000/7537006 (28.181%)
entry 2132000/7537006 (28.2871%)
entry 2135000/7537006 (28.3269%)
entry 2137000/7537006 (28.3534%)
entry 2138000/7537006 (28.3667%)
entry 2142000/7537006 (28.4198%)
entry 2143000/7537006 (28.433%)
entry 2144000/7537006 (28.4463%)
entry 2150000/7537006 (28.5259%)
entry 2151000/7537006 (28.5392%)
entry 2153000/7537006 (28.5657%)
entry 2157000/7537006 (28.6188%)
entry 2159000/7537006 (28.6453%)
entry 2164000/7537006 (28.7117%)
entry 2166000/7537006 (28.7382%)
entry 2170000/7537006 (28.7913%)
entry 2173000/7537006 (28.8311%)
entry 2178000/7537006 (28.8974%)
entry 2181000/7537006 (28.9372%)
entry 2184000/7537006 (28.977%)
entry 2187000/7537006 (29.0168%)
entry 2188000/7537006 (29.0301%)
entry 2190000/7537006 (29.0566%)
entry 2191000/7537006 (29.0699%)
entry 2192000/7537006 (29.0832%)
entry 2193000/7537006 (29.0964%)
entry 2207000/7537006 (29.2822%)
entry 2208000/7537006 (29.2955%)
entry 2209000/7537006 (29.3087%)
entry 2213000/7537006 (29.3618%)
entry 2214000/7537006 (29.3751%)
entry 2216000/7537006 (29.4016%)
entry 2220000/7537006 (29.4547%)
entry 2221000/7537006 (29.4679%)
entry 2223000/7537006 (29.4945%)
entry 2224000/7537006 (29.5077%)
entry 2228000/7537006 (29.5608%)
entry 2234000/7537006 (29.6404%)
entry 2236000/7537006 (29.667%)
entry 2237000/7537006 (29.6802%)
entry 2239000/7537006 (29.7068%)
entry 2242000/7537006 (29.7466%)
entry 2245000/7537006 (29.7864%)
entry 2246000/7537006 (29.7996%)
entry 2247000/7537006 (29.8129%)
entry 2249000/7537006 (29.8394%)
entry 2252000/7537006 (29.8792%)
entry 2254000/7537006 (29.9058%)
entry 2255000/7537006 (29.919%)
entry 2258000/7537006 (29.9588%)
entry 2259000/7537006 (29.9721%)
entry 2261000/7537006 (29.9986%)
entry 2262000/7537006 (30.0119%)
entry 2264000/7537006 (30.0385%)
entry 2266000/7537006 (30.065%)
entry 2272000/7537006 (30.1446%)
entry 2274000/7537006 (30.1711%)
entry 2275000/7537006 (30.1844%)
entry 2279000/7537006 (30.2375%)
entry 2280000/7537006 (30.2507%)
entry 2281000/7537006 (30.264%)
entry 2282000/7537006 (30.2773%)
entry 2284000/7537006 (30.3038%)
entry 2286000/7537006 (30.3303%)
entry 2296000/7537006 (30.463%)
entry 2304000/7537006 (30.5692%)
entry 2306000/7537006 (30.5957%)
entry 2311000/7537006 (30.662%)
entry 2312000/7537006 (30.6753%)
entry 2313000/7537006 (30.6886%)
entry 2319000/7537006 (30.7682%)
entry 2320000/7537006 (30.7815%)
entry 2321000/7537006 (30.7947%)
entry 2323000/7537006 (30.8213%)
entry 2327000/7537006 (30.8743%)
entry 2328000/7537006 (30.8876%)
entry 2329000/7537006 (30.9009%)
entry 2332000/7537006 (30.9407%)
entry 2333000/7537006 (30.9539%)
entry 2340000/7537006 (31.0468%)
entry 2341000/7537006 (31.0601%)
entry 2342000/7537006 (31.0733%)
entry 2345000/7537006 (31.1132%)
entry 2346000/7537006 (31.1264%)
entry 2347000/7537006 (31.1397%)
entry 2348000/7537006 (31.153%)
entry 2349000/7537006 (31.1662%)
entry 2352000/7537006 (31.206%)
entry 2357000/7537006 (31.2724%)
entry 2358000/7537006 (31.2856%)
entry 2361000/7537006 (31.3254%)
entry 2362000/7537006 (31.3387%)
entry 2364000/7537006 (31.3652%)
entry 2365000/7537006 (31.3785%)
entry 2366000/7537006 (31.3918%)
entry 2371000/7537006 (31.4581%)
entry 2377000/7537006 (31.5377%)
entry 2378000/7537006 (31.551%)
entry 2382000/7537006 (31.6041%)
entry 2385000/7537006 (31.6439%)
entry 2386000/7537006 (31.6571%)
entry 2395000/7537006 (31.7765%)
entry 2396000/7537006 (31.7898%)
entry 2403000/7537006 (31.8827%)
entry 2405000/7537006 (31.9092%)
entry 2407000/7537006 (31.9358%)
entry 2409000/7537006 (31.9623%)
entry 2413000/7537006 (32.0154%)
entry 2414000/7537006 (32.0286%)
entry 2421000/7537006 (32.1215%)
entry 2422000/7537006 (32.1348%)
entry 2424000/7537006 (32.1613%)
entry 2425000/7537006 (32.1746%)
entry 2427000/7537006 (32.2011%)
entry 2434000/7537006 (32.294%)
entry 2435000/7537006 (32.3073%)
entry 2442000/7537006 (32.4001%)
entry 2446000/7537006 (32.4532%)
entry 2449000/7537006 (32.493%)
entry 2453000/7537006 (32.5461%)
entry 2459000/7537006 (32.6257%)
entry 2460000/7537006 (32.639%)
entry 2465000/7537006 (32.7053%)
entry 2466000/7537006 (32.7186%)
entry 2468000/7537006 (32.7451%)
entry 2469000/7537006 (32.7584%)
entry 2472000/7537006 (32.7982%)
entry 2473000/7537006 (32.8114%)
entry 2476000/7537006 (32.8512%)
entry 2477000/7537006 (32.8645%)
entry 2479000/7537006 (32.891%)
entry 2483000/7537006 (32.9441%)
entry 2486000/7537006 (32.9839%)
entry 2488000/7537006 (33.0105%)
entry 2492000/7537006 (33.0635%)
entry 2494000/7537006 (33.0901%)
entry 2501000/7537006 (33.1829%)
entry 2502000/7537006 (33.1962%)
entry 2505000/7537006 (33.236%)
entry 2510000/7537006 (33.3023%)
entry 2511000/7537006 (33.3156%)
entry 2512000/7537006 (33.3289%)
entry 2513000/7537006 (33.3422%)
entry 2514000/7537006 (33.3554%)
entry 2517000/7537006 (33.3952%)
entry 2519000/7537006 (33.4218%)
entry 2523000/7537006 (33.4748%)
entry 2525000/7537006 (33.5014%)
entry 2529000/7537006 (33.5544%)
entry 2531000/7537006 (33.581%)
entry 2542000/7537006 (33.7269%)
entry 2543000/7537006 (33.7402%)
entry 2544000/7537006 (33.7535%)
entry 2549000/7537006 (33.8198%)
entry 2553000/7537006 (33.8729%)
entry 2557000/7537006 (33.9259%)
entry 2567000/7537006 (34.0586%)
entry 2568000/7537006 (34.0719%)
entry 2569000/7537006 (34.0852%)
entry 2571000/7537006 (34.1117%)
entry 2573000/7537006 (34.1382%)
entry 2578000/7537006 (34.2046%)
entry 2582000/7537006 (34.2576%)
entry 2584000/7537006 (34.2842%)
entry 2585000/7537006 (34.2974%)
entry 2589000/7537006 (34.3505%)
entry 2590000/7537006 (34.3638%)
entry 2593000/7537006 (34.4036%)
entry 2598000/7537006 (34.4699%)
entry 2599000/7537006 (34.4832%)
entry 2602000/7537006 (34.523%)
entry 2603000/7537006 (34.5363%)
entry 2606000/7537006 (34.5761%)
entry 2610000/7537006 (34.6291%)
entry 2611000/7537006 (34.6424%)
entry 2613000/7537006 (34.6689%)
entry 2614000/7537006 (34.6822%)
entry 2615000/7537006 (34.6955%)
entry 2616000/7537006 (34.7087%)
entry 2619000/7537006 (34.7485%)
entry 2621000/7537006 (34.7751%)
entry 2622000/7537006 (34.7883%)
entry 2624000/7537006 (34.8149%)
entry 2630000/7537006 (34.8945%)
entry 2632000/7537006 (34.921%)
entry 2633000/7537006 (34.9343%)
entry 2634000/7537006 (34.9476%)
entry 2637000/7537006 (34.9874%)
entry 2638000/7537006 (35.0006%)
entry 2640000/7537006 (35.0272%)
entry 2646000/7537006 (35.1068%)
entry 2650000/7537006 (35.1599%)
entry 2651000/7537006 (35.1731%)
entry 2653000/7537006 (35.1997%)
entry 2654000/7537006 (35.2129%)
entry 2656000/7537006 (35.2395%)
entry 2659000/7537006 (35.2793%)
entry 2661000/7537006 (35.3058%)
entry 2663000/7537006 (35.3323%)
entry 2665000/7537006 (35.3589%)
entry 2670000/7537006 (35.4252%)
entry 2672000/7537006 (35.4517%)
entry 2673000/7537006 (35.465%)
entry 2674000/7537006 (35.4783%)
entry 2682000/7537006 (35.5844%)
entry 2683000/7537006 (35.5977%)
entry 2685000/7537006 (35.6242%)
entry 2686000/7537006 (35.6375%)
entry 2688000/7537006 (35.664%)
entry 2690000/7537006 (35.6906%)
entry 2693000/7537006 (35.7304%)
entry 2694000/7537006 (35.7436%)
entry 2695000/7537006 (35.7569%)
entry 2696000/7537006 (35.7702%)
entry 2701000/7537006 (35.8365%)
entry 2702000/7537006 (35.8498%)
entry 2705000/7537006 (35.8896%)
entry 2708000/7537006 (35.9294%)
entry 2711000/7537006 (35.9692%)
entry 2712000/7537006 (35.9825%)
entry 2713000/7537006 (35.9957%)
entry 2714000/7537006 (36.009%)
entry 2716000/7537006 (36.0355%)
entry 2717000/7537006 (36.0488%)
entry 2719000/7537006 (36.0753%)
entry 2725000/7537006 (36.1549%)
entry 2728000/7537006 (36.1947%)
entry 2729000/7537006 (36.208%)
entry 2731000/7537006 (36.2345%)
entry 2735000/7537006 (36.2876%)
entry 2737000/7537006 (36.3142%)
entry 2738000/7537006 (36.3274%)
entry 2740000/7537006 (36.354%)
entry 2746000/7537006 (36.4336%)
entry 2749000/7537006 (36.4734%)
entry 2750000/7537006 (36.4866%)
entry 2754000/7537006 (36.5397%)
entry 2756000/7537006 (36.5662%)
entry 2757000/7537006 (36.5795%)
entry 2762000/7537006 (36.6459%)
entry 2766000/7537006 (36.6989%)
entry 2774000/7537006 (36.8051%)
entry 2776000/7537006 (36.8316%)
entry 2777000/7537006 (36.8449%)
entry 2780000/7537006 (36.8847%)
entry 2781000/7537006 (36.8979%)
entry 2782000/7537006 (36.9112%)
entry 2784000/7537006 (36.9377%)
entry 2785000/7537006 (36.951%)
entry 2787000/7537006 (36.9775%)
entry 2788000/7537006 (36.9908%)
entry 2789000/7537006 (37.0041%)
entry 2790000/7537006 (37.0174%)
entry 2796000/7537006 (37.097%)
entry 2799000/7537006 (37.1368%)
entry 2801000/7537006 (37.1633%)
entry 2803000/7537006 (37.1898%)
entry 2804000/7537006 (37.2031%)
entry 2807000/7537006 (37.2429%)
entry 2808000/7537006 (37.2562%)
entry 2810000/7537006 (37.2827%)
entry 2813000/7537006 (37.3225%)
entry 2817000/7537006 (37.3756%)
entry 2819000/7537006 (37.4021%)
entry 2825000/7537006 (37.4817%)
entry 2826000/7537006 (37.495%)
entry 2829000/7537006 (37.5348%)
entry 2832000/7537006 (37.5746%)
entry 2835000/7537006 (37.6144%)
entry 2839000/7537006 (37.6675%)
entry 2842000/7537006 (37.7073%)
entry 2844000/7537006 (37.7338%)
entry 2846000/7537006 (37.7604%)
entry 2856000/7537006 (37.893%)
entry 2860000/7537006 (37.9461%)
entry 2862000/7537006 (37.9726%)
entry 2863000/7537006 (37.9859%)
entry 2865000/7537006 (38.0124%)
entry 2872000/7537006 (38.1053%)
entry 2875000/7537006 (38.1451%)
entry 2877000/7537006 (38.1717%)
entry 2878000/7537006 (38.1849%)
entry 2880000/7537006 (38.2115%)
entry 2882000/7537006 (38.238%)
entry 2886000/7537006 (38.2911%)
entry 2887000/7537006 (38.3043%)
entry 2888000/7537006 (38.3176%)
entry 2892000/7537006 (38.3707%)
entry 2896000/7537006 (38.4237%)
entry 2899000/7537006 (38.4635%)
entry 2901000/7537006 (38.4901%)
entry 2907000/7537006 (38.5697%)
entry 2913000/7537006 (38.6493%)
entry 2914000/7537006 (38.6626%)
entry 2915000/7537006 (38.6758%)
entry 2918000/7537006 (38.7156%)
entry 2919000/7537006 (38.7289%)
entry 2920000/7537006 (38.7422%)
entry 2921000/7537006 (38.7554%)
entry 2924000/7537006 (38.7952%)
entry 2925000/7537006 (38.8085%)
entry 2926000/7537006 (38.8218%)
entry 2930000/7537006 (38.8749%)
entry 2932000/7537006 (38.9014%)
entry 2933000/7537006 (38.9147%)
entry 2937000/7537006 (38.9677%)
entry 2939000/7537006 (38.9943%)
entry 2947000/7537006 (39.1004%)
entry 2955000/7537006 (39.2065%)
entry 2956000/7537006 (39.2198%)
entry 2957000/7537006 (39.2331%)
entry 2960000/7537006 (39.2729%)
entry 2964000/7537006 (39.326%)
entry 2965000/7537006 (39.3392%)
entry 2967000/7537006 (39.3658%)
entry 2971000/7537006 (39.4188%)
entry 2975000/7537006 (39.4719%)
entry 2980000/7537006 (39.5382%)
entry 2982000/7537006 (39.5648%)
entry 3003000/7537006 (39.8434%)
entry 3007000/7537006 (39.8965%)
entry 3008000/7537006 (39.9097%)
entry 3009000/7537006 (39.923%)
entry 3010000/7537006 (39.9363%)
entry 3011000/7537006 (39.9496%)
entry 3013000/7537006 (39.9761%)
entry 3014000/7537006 (39.9894%)
entry 3020000/7537006 (40.069%)
entry 3021000/7537006 (40.0822%)
entry 3022000/7537006 (40.0955%)
entry 3025000/7537006 (40.1353%)
entry 3026000/7537006 (40.1486%)
entry 3030000/7537006 (40.2016%)
entry 3033000/7537006 (40.2414%)
entry 3035000/7537006 (40.268%)
entry 3036000/7537006 (40.2812%)
entry 3043000/7537006 (40.3741%)
entry 3046000/7537006 (40.4139%)
entry 3047000/7537006 (40.4272%)
entry 3048000/7537006 (40.4405%)
entry 3050000/7537006 (40.467%)
entry 3054000/7537006 (40.5201%)
entry 3056000/7537006 (40.5466%)
entry 3059000/7537006 (40.5864%)
entry 3060000/7537006 (40.5997%)
entry 3062000/7537006 (40.6262%)
entry 3072000/7537006 (40.7589%)
entry 3074000/7537006 (40.7854%)
entry 3079000/7537006 (40.8518%)
entry 3082000/7537006 (40.8916%)
entry 3085000/7537006 (40.9314%)
entry 3089000/7537006 (40.9844%)
entry 3092000/7537006 (41.0242%)
entry 3093000/7537006 (41.0375%)
entry 3095000/7537006 (41.0641%)
entry 3098000/7537006 (41.1039%)
entry 3101000/7537006 (41.1437%)
entry 3102000/7537006 (41.1569%)
entry 3104000/7537006 (41.1835%)
entry 3105000/7537006 (41.1967%)
entry 3108000/7537006 (41.2365%)
entry 3109000/7537006 (41.2498%)
entry 3113000/7537006 (41.3029%)
entry 3114000/7537006 (41.3161%)
entry 3115000/7537006 (41.3294%)
entry 3116000/7537006 (41.3427%)
entry 3120000/7537006 (41.3957%)
entry 3121000/7537006 (41.409%)
entry 3125000/7537006 (41.4621%)
entry 3126000/7537006 (41.4754%)
entry 3127000/7537006 (41.4886%)
entry 3130000/7537006 (41.5284%)
entry 3131000/7537006 (41.5417%)
entry 3133000/7537006 (41.5682%)
entry 3135000/7537006 (41.5948%)
entry 3138000/7537006 (41.6346%)
entry 3140000/7537006 (41.6611%)
entry 3147000/7537006 (41.754%)
entry 3153000/7537006 (41.8336%)
entry 3154000/7537006 (41.8469%)
entry 3157000/7537006 (41.8867%)
entry 3159000/7537006 (41.9132%)
entry 3162000/7537006 (41.953%)
entry 3166000/7537006 (42.0061%)
entry 3167000/7537006 (42.0193%)
entry 3171000/7537006 (42.0724%)
entry 3172000/7537006 (42.0857%)
entry 3173000/7537006 (42.0989%)
entry 3174000/7537006 (42.1122%)
entry 3176000/7537006 (42.1387%)
entry 3181000/7537006 (42.2051%)
entry 3186000/7537006 (42.2714%)
entry 3191000/7537006 (42.3378%)
entry 3193000/7537006 (42.3643%)
entry 3194000/7537006 (42.3776%)
entry 3197000/7537006 (42.4174%)
entry 3198000/7537006 (42.4306%)
entry 3199000/7537006 (42.4439%)
entry 3200000/7537006 (42.4572%)
entry 3202000/7537006 (42.4837%)
entry 3204000/7537006 (42.5103%)
entry 3206000/7537006 (42.5368%)
entry 3209000/7537006 (42.5766%)
entry 3217000/7537006 (42.6827%)
entry 3220000/7537006 (42.7225%)
entry 3223000/7537006 (42.7623%)
entry 3226000/7537006 (42.8021%)
entry 3227000/7537006 (42.8154%)
entry 3229000/7537006 (42.8419%)
entry 3235000/7537006 (42.9216%)
entry 3237000/7537006 (42.9481%)
entry 3239000/7537006 (42.9746%)
entry 3240000/7537006 (42.9879%)
entry 3241000/7537006 (43.0012%)
entry 3242000/7537006 (43.0144%)
entry 3246000/7537006 (43.0675%)
entry 3248000/7537006 (43.094%)
entry 3250000/7537006 (43.1206%)
entry 3253000/7537006 (43.1604%)
entry 3255000/7537006 (43.1869%)
entry 3257000/7537006 (43.2134%)
entry 3258000/7537006 (43.2267%)
entry 3262000/7537006 (43.2798%)
entry 3264000/7537006 (43.3063%)
entry 3267000/7537006 (43.3461%)
entry 3269000/7537006 (43.3727%)
entry 3270000/7537006 (43.3859%)
entry 3272000/7537006 (43.4125%)
entry 3275000/7537006 (43.4523%)
entry 3277000/7537006 (43.4788%)
entry 3282000/7537006 (43.5451%)
entry 3284000/7537006 (43.5717%)
entry 3291000/7537006 (43.6646%)
entry 3292000/7537006 (43.6778%)
entry 3304000/7537006 (43.837%)
entry 3305000/7537006 (43.8503%)
entry 3308000/7537006 (43.8901%)
entry 3312000/7537006 (43.9432%)
entry 3317000/7537006 (44.0095%)
entry 3321000/7537006 (44.0626%)
entry 3325000/7537006 (44.1157%)
entry 3327000/7537006 (44.1422%)
entry 3333000/7537006 (44.2218%)
entry 3334000/7537006 (44.2351%)
entry 3337000/7537006 (44.2749%)
entry 3340000/7537006 (44.3147%)
entry 3344000/7537006 (44.3678%)
entry 3352000/7537006 (44.4739%)
entry 3355000/7537006 (44.5137%)
entry 3359000/7537006 (44.5668%)
entry 3365000/7537006 (44.6464%)
entry 3367000/7537006 (44.6729%)
entry 3369000/7537006 (44.6994%)
entry 3371000/7537006 (44.726%)
entry 3376000/7537006 (44.7923%)
entry 3377000/7537006 (44.8056%)
entry 3378000/7537006 (44.8189%)
entry 3381000/7537006 (44.8587%)
entry 3382000/7537006 (44.8719%)
entry 3385000/7537006 (44.9117%)
entry 3386000/7537006 (44.925%)
entry 3393000/7537006 (45.0179%)
entry 3395000/7537006 (45.0444%)
entry 3396000/7537006 (45.0577%)
entry 3398000/7537006 (45.0842%)
entry 3400000/7537006 (45.1108%)
entry 3401000/7537006 (45.124%)
entry 3402000/7537006 (45.1373%)
entry 3404000/7537006 (45.1638%)
entry 3405000/7537006 (45.1771%)
entry 3412000/7537006 (45.27%)
entry 3413000/7537006 (45.2832%)
entry 3417000/7537006 (45.3363%)
entry 3418000/7537006 (45.3496%)
entry 3421000/7537006 (45.3894%)
entry 3425000/7537006 (45.4424%)
entry 3429000/7537006 (45.4955%)
entry 3435000/7537006 (45.5751%)
entry 3436000/7537006 (45.5884%)
entry 3439000/7537006 (45.6282%)
entry 3441000/7537006 (45.6547%)
entry 3442000/7537006 (45.668%)
entry 3445000/7537006 (45.7078%)
entry 3449000/7537006 (45.7609%)
entry 3450000/7537006 (45.7741%)
entry 3454000/7537006 (45.8272%)
entry 3457000/7537006 (45.867%)
entry 3459000/7537006 (45.8936%)
entry 3460000/7537006 (45.9068%)
entry 3461000/7537006 (45.9201%)
entry 3462000/7537006 (45.9334%)
entry 3463000/7537006 (45.9466%)
entry 3468000/7537006 (46.013%)
entry 3471000/7537006 (46.0528%)
entry 3472000/7537006 (46.066%)
entry 3474000/7537006 (46.0926%)
entry 3477000/7537006 (46.1324%)
entry 3482000/7537006 (46.1987%)
entry 3485000/7537006 (46.2385%)
entry 3487000/7537006 (46.2651%)
entry 3490000/7537006 (46.3049%)
entry 3496000/7537006 (46.3845%)
entry 3498000/7537006 (46.411%)
entry 3502000/7537006 (46.4641%)
entry 3504000/7537006 (46.4906%)
entry 3508000/7537006 (46.5437%)
entry 3515000/7537006 (46.6366%)
entry 3516000/7537006 (46.6498%)
entry 3517000/7537006 (46.6631%)
entry 3518000/7537006 (46.6764%)
entry 3519000/7537006 (46.6896%)
entry 3521000/7537006 (46.7162%)
entry 3524000/7537006 (46.756%)
entry 3526000/7537006 (46.7825%)
entry 3527000/7537006 (46.7958%)
entry 3528000/7537006 (46.809%)
entry 3529000/7537006 (46.8223%)
entry 3530000/7537006 (46.8356%)
entry 3532000/7537006 (46.8621%)
entry 3536000/7537006 (46.9152%)
entry 3537000/7537006 (46.9284%)
entry 3538000/7537006 (46.9417%)
entry 3540000/7537006 (46.9683%)
entry 3541000/7537006 (46.9815%)
entry 3542000/7537006 (46.9948%)
entry 3545000/7537006 (47.0346%)
entry 3548000/7537006 (47.0744%)
entry 3558000/7537006 (47.2071%)
entry 3560000/7537006 (47.2336%)
entry 3562000/7537006 (47.2601%)
entry 3564000/7537006 (47.2867%)
entry 3565000/7537006 (47.2999%)
entry 3566000/7537006 (47.3132%)
entry 3568000/7537006 (47.3398%)
entry 3574000/7537006 (47.4194%)
entry 3575000/7537006 (47.4326%)
entry 3582000/7537006 (47.5255%)
entry 3585000/7537006 (47.5653%)
entry 3586000/7537006 (47.5786%)
entry 3587000/7537006 (47.5918%)
entry 3591000/7537006 (47.6449%)
entry 3593000/7537006 (47.6714%)
entry 3600000/7537006 (47.7643%)
entry 3611000/7537006 (47.9103%)
entry 3613000/7537006 (47.9368%)
entry 3621000/7537006 (48.043%)
entry 3622000/7537006 (48.0562%)
entry 3630000/7537006 (48.1624%)
entry 3631000/7537006 (48.1756%)
entry 3632000/7537006 (48.1889%)
entry 3637000/7537006 (48.2552%)
entry 3638000/7537006 (48.2685%)
entry 3641000/7537006 (48.3083%)
entry 3643000/7537006 (48.3348%)
entry 3645000/7537006 (48.3614%)
entry 3650000/7537006 (48.4277%)
entry 3656000/7537006 (48.5073%)
entry 3657000/7537006 (48.5206%)
entry 3658000/7537006 (48.5339%)
entry 3663000/7537006 (48.6002%)
entry 3666000/7537006 (48.64%)
entry 3672000/7537006 (48.7196%)
entry 3675000/7537006 (48.7594%)
entry 3676000/7537006 (48.7727%)
entry 3682000/7537006 (48.8523%)
entry 3689000/7537006 (48.9452%)
entry 3691000/7537006 (48.9717%)
entry 3692000/7537006 (48.985%)
entry 3695000/7537006 (49.0248%)
entry 3697000/7537006 (49.0513%)
entry 3700000/7537006 (49.0911%)
entry 3701000/7537006 (49.1044%)
entry 3705000/7537006 (49.1574%)
entry 3707000/7537006 (49.184%)
entry 3709000/7537006 (49.2105%)
entry 3714000/7537006 (49.2769%)
entry 3715000/7537006 (49.2901%)
entry 3718000/7537006 (49.3299%)
entry 3723000/7537006 (49.3963%)
entry 3724000/7537006 (49.4095%)
entry 3725000/7537006 (49.4228%)
entry 3728000/7537006 (49.4626%)
entry 3732000/7537006 (49.5157%)
entry 3733000/7537006 (49.529%)
entry 3735000/7537006 (49.5555%)
entry 3736000/7537006 (49.5688%)
entry 3739000/7537006 (49.6086%)
entry 3740000/7537006 (49.6218%)
entry 3744000/7537006 (49.6749%)
entry 3747000/7537006 (49.7147%)
entry 3750000/7537006 (49.7545%)
entry 3752000/7537006 (49.781%)
entry 3756000/7537006 (49.8341%)
entry 3758000/7537006 (49.8606%)
entry 3765000/7537006 (49.9535%)
entry 3767000/7537006 (49.9801%)
entry 3772000/7537006 (50.0464%)
entry 3773000/7537006 (50.0597%)
entry 3776000/7537006 (50.0995%)
entry 3777000/7537006 (50.1127%)
entry 3784000/7537006 (50.2056%)
entry 3785000/7537006 (50.2189%)
entry 3789000/7537006 (50.272%)
entry 3792000/7537006 (50.3118%)
entry 3793000/7537006 (50.325%)
entry 3794000/7537006 (50.3383%)
entry 3795000/7537006 (50.3516%)
entry 3796000/7537006 (50.3648%)
entry 3797000/7537006 (50.3781%)
entry 3804000/7537006 (50.471%)
entry 3811000/7537006 (50.5638%)
entry 3812000/7537006 (50.5771%)
entry 3813000/7537006 (50.5904%)
entry 3815000/7537006 (50.6169%)
entry 3817000/7537006 (50.6435%)
entry 3818000/7537006 (50.6567%)
entry 3820000/7537006 (50.6833%)
entry 3821000/7537006 (50.6965%)
entry 3823000/7537006 (50.7231%)
entry 3826000/7537006 (50.7629%)
entry 3827000/7537006 (50.7761%)
entry 3830000/7537006 (50.8159%)
entry 3831000/7537006 (50.8292%)
entry 3835000/7537006 (50.8823%)
entry 3839000/7537006 (50.9353%)
entry 3841000/7537006 (50.9619%)
entry 3844000/7537006 (51.0017%)
entry 3848000/7537006 (51.0548%)
entry 3850000/7537006 (51.0813%)
entry 3851000/7537006 (51.0946%)
entry 3852000/7537006 (51.1078%)
entry 3858000/7537006 (51.1874%)
entry 3859000/7537006 (51.2007%)
entry 3861000/7537006 (51.2272%)
entry 3862000/7537006 (51.2405%)
entry 3865000/7537006 (51.2803%)
entry 3866000/7537006 (51.2936%)
entry 3869000/7537006 (51.3334%)
entry 3870000/7537006 (51.3466%)
entry 3871000/7537006 (51.3599%)
entry 3879000/7537006 (51.4661%)
entry 3880000/7537006 (51.4793%)
entry 3884000/7537006 (51.5324%)
entry 3885000/7537006 (51.5457%)
entry 3887000/7537006 (51.5722%)
entry 3888000/7537006 (51.5855%)
entry 3889000/7537006 (51.5987%)
entry 3890000/7537006 (51.612%)
entry 3893000/7537006 (51.6518%)
entry 3898000/7537006 (51.7182%)
entry 3899000/7537006 (51.7314%)
entry 3902000/7537006 (51.7712%)
entry 3904000/7537006 (51.7978%)
entry 3908000/7537006 (51.8508%)
entry 3909000/7537006 (51.8641%)
entry 3910000/7537006 (51.8774%)
entry 3914000/7537006 (51.9304%)
entry 3915000/7537006 (51.9437%)
entry 3916000/7537006 (51.957%)
entry 3918000/7537006 (51.9835%)
entry 3922000/7537006 (52.0366%)
entry 3924000/7537006 (52.0631%)
entry 3925000/7537006 (52.0764%)
entry 3926000/7537006 (52.0896%)
entry 3930000/7537006 (52.1427%)
entry 3932000/7537006 (52.1693%)
entry 3934000/7537006 (52.1958%)
entry 3936000/7537006 (52.2223%)
entry 3944000/7537006 (52.3285%)
entry 3952000/7537006 (52.4346%)
entry 3955000/7537006 (52.4744%)
entry 3957000/7537006 (52.501%)
entry 3959000/7537006 (52.5275%)
entry 3960000/7537006 (52.5408%)
entry 3961000/7537006 (52.554%)
entry 3964000/7537006 (52.5938%)
entry 3968000/7537006 (52.6469%)
entry 3970000/7537006 (52.6734%)
entry 3972000/7537006 (52.7%)
entry 3973000/7537006 (52.7132%)
entry 3976000/7537006 (52.753%)
entry 3982000/7537006 (52.8327%)
entry 3983000/7537006 (52.8459%)
entry 3985000/7537006 (52.8725%)
entry 3987000/7537006 (52.899%)
entry 3989000/7537006 (52.9255%)
entry 3990000/7537006 (52.9388%)
entry 3992000/7537006 (52.9653%)
entry 3993000/7537006 (52.9786%)
entry 3995000/7537006 (53.0051%)
entry 3998000/7537006 (53.0449%)
entry 4000000/7537006 (53.0715%)
entry 4004000/7537006 (53.1245%)
entry 4006000/7537006 (53.1511%)
entry 4008000/7537006 (53.1776%)
entry 4009000/7537006 (53.1909%)
entry 4015000/7537006 (53.2705%)
entry 4017000/7537006 (53.297%)
entry 4018000/7537006 (53.3103%)
entry 4020000/7537006 (53.3368%)
entry 4022000/7537006 (53.3634%)
entry 4023000/7537006 (53.3766%)
entry 4026000/7537006 (53.4164%)
entry 4028000/7537006 (53.443%)
entry 4031000/7537006 (53.4828%)
entry 4040000/7537006 (53.6022%)
entry 4043000/7537006 (53.642%)
entry 4045000/7537006 (53.6685%)
entry 4049000/7537006 (53.7216%)
entry 4051000/7537006 (53.7481%)
entry 4056000/7537006 (53.8145%)
entry 4057000/7537006 (53.8277%)
entry 4058000/7537006 (53.841%)
entry 4059000/7537006 (53.8543%)
entry 4067000/7537006 (53.9604%)
entry 4070000/7537006 (54.0002%)
entry 4072000/7537006 (54.0268%)
entry 4084000/7537006 (54.186%)
entry 4085000/7537006 (54.1992%)
entry 4091000/7537006 (54.2789%)
entry 4094000/7537006 (54.3186%)
entry 4096000/7537006 (54.3452%)
entry 4112000/7537006 (54.5575%)
entry 4117000/7537006 (54.6238%)
entry 4121000/7537006 (54.6769%)
entry 4122000/7537006 (54.6902%)
entry 4126000/7537006 (54.7432%)
entry 4127000/7537006 (54.7565%)
entry 4134000/7537006 (54.8494%)
entry 4137000/7537006 (54.8892%)
entry 4149000/7537006 (55.0484%)
entry 4151000/7537006 (55.0749%)
entry 4155000/7537006 (55.128%)
entry 4161000/7537006 (55.2076%)
entry 4168000/7537006 (55.3005%)
entry 4172000/7537006 (55.3535%)
entry 4174000/7537006 (55.3801%)
entry 4175000/7537006 (55.3934%)
entry 4186000/7537006 (55.5393%)
entry 4190000/7537006 (55.5924%)
entry 4209000/7537006 (55.8445%)
entry 4210000/7537006 (55.8577%)
entry 4211000/7537006 (55.871%)
entry 4212000/7537006 (55.8843%)
entry 4218000/7537006 (55.9639%)
entry 4219000/7537006 (55.9771%)
entry 4222000/7537006 (56.0169%)
entry 4224000/7537006 (56.0435%)
entry 4227000/7537006 (56.0833%)
entry 4229000/7537006 (56.1098%)
entry 4242000/7537006 (56.2823%)
entry 4256000/7537006 (56.468%)
entry 4257000/7537006 (56.4813%)
entry 4258000/7537006 (56.4946%)
entry 4263000/7537006 (56.5609%)
entry 4264000/7537006 (56.5742%)
entry 4268000/7537006 (56.6273%)
entry 4273000/7537006 (56.6936%)
entry 4282000/7537006 (56.813%)
entry 4286000/7537006 (56.8661%)
entry 4296000/7537006 (56.9988%)
entry 4316000/7537006 (57.2641%)
entry 4333000/7537006 (57.4897%)
entry 4340000/7537006 (57.5825%)
entry 4377000/7537006 (58.0735%)
entry 4382000/7537006 (58.1398%)
entry 4393000/7537006 (58.2857%)
entry 4396000/7537006 (58.3255%)
entry 4409000/7537006 (58.498%)
entry 4414000/7537006 (58.5644%)
entry 4444000/7537006 (58.9624%)
entry 4450000/7537006 (59.042%)
entry 4460000/7537006 (59.1747%)
entry 4465000/7537006 (59.241%)
entry 4473000/7537006 (59.3472%)
entry 4488000/7537006 (59.5462%)
entry 4489000/7537006 (59.5595%)
entry 4492000/7537006 (59.5993%)
entry 4494000/7537006 (59.6258%)
entry 4511000/7537006 (59.8514%)
entry 4523000/7537006 (60.0106%)
entry 4524000/7537006 (60.0238%)
entry 4539000/7537006 (60.2229%)
entry 4555000/7537006 (60.4351%)
entry 4558000/7537006 (60.4749%)
entry 4564000/7537006 (60.5546%)
entry 4572000/7537006 (60.6607%)
entry 4574000/7537006 (60.6872%)
entry 4575000/7537006 (60.7005%)
entry 4601000/7537006 (61.0455%)
entry 4634000/7537006 (61.4833%)
entry 4636000/7537006 (61.5098%)
entry 4638000/7537006 (61.5364%)
entry 4640000/7537006 (61.5629%)
entry 4641000/7537006 (61.5762%)
entry 4643000/7537006 (61.6027%)
entry 4644000/7537006 (61.616%)
entry 4649000/7537006 (61.6823%)
entry 4651000/7537006 (61.7089%)
entry 4652000/7537006 (61.7221%)
entry 4656000/7537006 (61.7752%)
entry 4657000/7537006 (61.7885%)
entry 4658000/7537006 (61.8017%)
entry 4659000/7537006 (61.815%)
entry 4660000/7537006 (61.8283%)
entry 4662000/7537006 (61.8548%)
entry 4663000/7537006 (61.8681%)
entry 4665000/7537006 (61.8946%)
entry 4666000/7537006 (61.9079%)
entry 4667000/7537006 (61.9211%)
entry 4678000/7537006 (62.0671%)
entry 4680000/7537006 (62.0936%)
entry 4682000/7537006 (62.1202%)
entry 4684000/7537006 (62.1467%)
entry 4685000/7537006 (62.16%)
entry 4691000/7537006 (62.2396%)
entry 4695000/7537006 (62.2926%)
entry 4697000/7537006 (62.3192%)
entry 4698000/7537006 (62.3324%)
entry 4701000/7537006 (62.3722%)
entry 4702000/7537006 (62.3855%)
entry 4706000/7537006 (62.4386%)
entry 4707000/7537006 (62.4519%)
entry 4710000/7537006 (62.4917%)
entry 4716000/7537006 (62.5713%)
entry 4720000/7537006 (62.6243%)
entry 4721000/7537006 (62.6376%)
entry 4724000/7537006 (62.6774%)
entry 4728000/7537006 (62.7305%)
entry 4731000/7537006 (62.7703%)
entry 4736000/7537006 (62.8366%)
entry 4739000/7537006 (62.8764%)
entry 4740000/7537006 (62.8897%)
entry 4741000/7537006 (62.903%)
entry 4742000/7537006 (62.9162%)
entry 4743000/7537006 (62.9295%)
entry 4745000/7537006 (62.956%)
entry 4747000/7537006 (62.9826%)
entry 4750000/7537006 (63.0224%)
entry 4757000/7537006 (63.1152%)
entry 4758000/7537006 (63.1285%)
entry 4767000/7537006 (63.2479%)
entry 4773000/7537006 (63.3275%)
entry 4779000/7537006 (63.4071%)
entry 4780000/7537006 (63.4204%)
entry 4782000/7537006 (63.4469%)
entry 4783000/7537006 (63.4602%)
entry 4784000/7537006 (63.4735%)
entry 4785000/7537006 (63.4867%)
entry 4788000/7537006 (63.5266%)
entry 4789000/7537006 (63.5398%)
entry 4790000/7537006 (63.5531%)
entry 4792000/7537006 (63.5796%)
entry 4795000/7537006 (63.6194%)
entry 4801000/7537006 (63.699%)
entry 4802000/7537006 (63.7123%)
entry 4803000/7537006 (63.7256%)
entry 4805000/7537006 (63.7521%)
entry 4807000/7537006 (63.7786%)
entry 4808000/7537006 (63.7919%)
entry 4820000/7537006 (63.9511%)
entry 4823000/7537006 (63.9909%)
entry 4829000/7537006 (64.0705%)
entry 4832000/7537006 (64.1103%)
entry 4836000/7537006 (64.1634%)
entry 4837000/7537006 (64.1767%)
entry 4838000/7537006 (64.1899%)
entry 4839000/7537006 (64.2032%)
entry 4845000/7537006 (64.2828%)
entry 4852000/7537006 (64.3757%)
entry 4853000/7537006 (64.389%)
entry 4857000/7537006 (64.442%)
entry 4858000/7537006 (64.4553%)
entry 4859000/7537006 (64.4686%)
entry 4860000/7537006 (64.4818%)
entry 4866000/7537006 (64.5614%)
entry 4870000/7537006 (64.6145%)
entry 4877000/7537006 (64.7074%)
entry 4881000/7537006 (64.7605%)
entry 4884000/7537006 (64.8003%)
entry 4888000/7537006 (64.8533%)
entry 4889000/7537006 (64.8666%)
entry 4890000/7537006 (64.8799%)
entry 4895000/7537006 (64.9462%)
entry 4898000/7537006 (64.986%)
entry 4901000/7537006 (65.0258%)
entry 4903000/7537006 (65.0524%)
entry 4907000/7537006 (65.1054%)
entry 4909000/7537006 (65.132%)
entry 4914000/7537006 (65.1983%)
entry 4916000/7537006 (65.2248%)
entry 4925000/7537006 (65.3443%)
entry 4926000/7537006 (65.3575%)
entry 4929000/7537006 (65.3973%)
entry 4931000/7537006 (65.4239%)
entry 4934000/7537006 (65.4637%)
entry 4941000/7537006 (65.5565%)
entry 4942000/7537006 (65.5698%)
entry 4946000/7537006 (65.6229%)
entry 4947000/7537006 (65.6361%)
entry 4948000/7537006 (65.6494%)
entry 4950000/7537006 (65.6759%)
entry 4954000/7537006 (65.729%)
entry 4959000/7537006 (65.7954%)
entry 4962000/7537006 (65.8352%)
entry 4963000/7537006 (65.8484%)
entry 4964000/7537006 (65.8617%)
entry 4967000/7537006 (65.9015%)
entry 4969000/7537006 (65.928%)
entry 4970000/7537006 (65.9413%)
entry 4972000/7537006 (65.9678%)
entry 4979000/7537006 (66.0607%)
entry 4982000/7537006 (66.1005%)
entry 4983000/7537006 (66.1138%)
entry 4984000/7537006 (66.1271%)
entry 4988000/7537006 (66.1801%)
entry 4990000/7537006 (66.2067%)
entry 4993000/7537006 (66.2465%)
entry 4994000/7537006 (66.2597%)
entry 4995000/7537006 (66.273%)
entry 4996000/7537006 (66.2863%)
entry 4999000/7537006 (66.3261%)
entry 5000000/7537006 (66.3393%)
entry 5002000/7537006 (66.3659%)
entry 5008000/7537006 (66.4455%)
entry 5012000/7537006 (66.4986%)
entry 5014000/7537006 (66.5251%)
entry 5018000/7537006 (66.5782%)
entry 5020000/7537006 (66.6047%)
entry 5021000/7537006 (66.618%)
entry 5028000/7537006 (66.7108%)
entry 5030000/7537006 (66.7374%)
entry 5031000/7537006 (66.7506%)
entry 5032000/7537006 (66.7639%)
entry 5033000/7537006 (66.7772%)
entry 5038000/7537006 (66.8435%)
entry 5040000/7537006 (66.8701%)
entry 5042000/7537006 (66.8966%)
entry 5046000/7537006 (66.9497%)
entry 5050000/7537006 (67.0027%)
entry 5051000/7537006 (67.016%)
entry 5057000/7537006 (67.0956%)
entry 5060000/7537006 (67.1354%)
entry 5061000/7537006 (67.1487%)
entry 5062000/7537006 (67.1619%)
entry 5064000/7537006 (67.1885%)
entry 5065000/7537006 (67.2018%)
entry 5067000/7537006 (67.2283%)
entry 5069000/7537006 (67.2548%)
entry 5071000/7537006 (67.2814%)
entry 5072000/7537006 (67.2946%)
entry 5075000/7537006 (67.3344%)
entry 5076000/7537006 (67.3477%)
entry 5078000/7537006 (67.3742%)
entry 5079000/7537006 (67.3875%)
entry 5080000/7537006 (67.4008%)
entry 5082000/7537006 (67.4273%)
entry 5085000/7537006 (67.4671%)
entry 5086000/7537006 (67.4804%)
entry 5087000/7537006 (67.4936%)
entry 5088000/7537006 (67.5069%)
entry 5090000/7537006 (67.5334%)
entry 5091000/7537006 (67.5467%)
entry 5093000/7537006 (67.5732%)
entry 5096000/7537006 (67.6131%)
entry 5098000/7537006 (67.6396%)
entry 5100000/7537006 (67.6661%)
entry 5107000/7537006 (67.759%)
entry 5109000/7537006 (67.7855%)
entry 5110000/7537006 (67.7988%)
entry 5112000/7537006 (67.8253%)
entry 5116000/7537006 (67.8784%)
entry 5120000/7537006 (67.9315%)
entry 5125000/7537006 (67.9978%)
entry 5126000/7537006 (68.0111%)
entry 5127000/7537006 (68.0244%)
entry 5128000/7537006 (68.0376%)
entry 5129000/7537006 (68.0509%)
entry 5134000/7537006 (68.1172%)
entry 5139000/7537006 (68.1836%)
entry 5141000/7537006 (68.2101%)
entry 5142000/7537006 (68.2234%)
entry 5144000/7537006 (68.2499%)
entry 5145000/7537006 (68.2632%)
entry 5147000/7537006 (68.2897%)
entry 5150000/7537006 (68.3295%)
entry 5151000/7537006 (68.3428%)
entry 5156000/7537006 (68.4091%)
entry 5157000/7537006 (68.4224%)
entry 5160000/7537006 (68.4622%)
entry 5161000/7537006 (68.4755%)
entry 5164000/7537006 (68.5153%)
entry 5165000/7537006 (68.5285%)
entry 5167000/7537006 (68.5551%)
entry 5171000/7537006 (68.6081%)
entry 5176000/7537006 (68.6745%)
entry 5181000/7537006 (68.7408%)
entry 5182000/7537006 (68.7541%)
entry 5183000/7537006 (68.7674%)
entry 5185000/7537006 (68.7939%)
entry 5187000/7537006 (68.8204%)
entry 5189000/7537006 (68.847%)
entry 5191000/7537006 (68.8735%)
entry 5193000/7537006 (68.9%)
entry 5195000/7537006 (68.9266%)
entry 5202000/7537006 (69.0194%)
entry 5206000/7537006 (69.0725%)
entry 5211000/7537006 (69.1389%)
entry 5215000/7537006 (69.1919%)
entry 5216000/7537006 (69.2052%)
entry 5218000/7537006 (69.2317%)
entry 5226000/7537006 (69.3379%)
entry 5230000/7537006 (69.3909%)
entry 5234000/7537006 (69.444%)
entry 5236000/7537006 (69.4706%)
entry 5239000/7537006 (69.5104%)
entry 5241000/7537006 (69.5369%)
entry 5244000/7537006 (69.5767%)
entry 5246000/7537006 (69.6032%)
entry 5248000/7537006 (69.6298%)
entry 5251000/7537006 (69.6696%)
entry 5256000/7537006 (69.7359%)
entry 5258000/7537006 (69.7625%)
entry 5264000/7537006 (69.8421%)
entry 5270000/7537006 (69.9217%)
entry 5271000/7537006 (69.9349%)
entry 5276000/7537006 (70.0013%)
entry 5280000/7537006 (70.0543%)
entry 5282000/7537006 (70.0809%)
entry 5284000/7537006 (70.1074%)
entry 5287000/7537006 (70.1472%)
entry 5288000/7537006 (70.1605%)
entry 5291000/7537006 (70.2003%)
entry 5292000/7537006 (70.2136%)
entry 5298000/7537006 (70.2932%)
entry 5301000/7537006 (70.333%)
entry 5306000/7537006 (70.3993%)
entry 5307000/7537006 (70.4126%)
entry 5309000/7537006 (70.4391%)
entry 5310000/7537006 (70.4524%)
entry 5312000/7537006 (70.4789%)
entry 5313000/7537006 (70.4922%)
entry 5315000/7537006 (70.5187%)
entry 5316000/7537006 (70.532%)
entry 5325000/7537006 (70.6514%)
entry 5326000/7537006 (70.6647%)
entry 5327000/7537006 (70.6779%)
entry 5328000/7537006 (70.6912%)
entry 5335000/7537006 (70.7841%)
entry 5339000/7537006 (70.8371%)
entry 5340000/7537006 (70.8504%)
entry 5346000/7537006 (70.93%)
entry 5349000/7537006 (70.9698%)
entry 5351000/7537006 (70.9964%)
entry 5352000/7537006 (71.0096%)
entry 5357000/7537006 (71.076%)
entry 5361000/7537006 (71.129%)
entry 5362000/7537006 (71.1423%)
entry 5367000/7537006 (71.2086%)
entry 5369000/7537006 (71.2352%)
entry 5370000/7537006 (71.2484%)
entry 5373000/7537006 (71.2883%)
entry 5374000/7537006 (71.3015%)
entry 5376000/7537006 (71.3281%)
entry 5379000/7537006 (71.3679%)
entry 5386000/7537006 (71.4607%)
entry 5390000/7537006 (71.5138%)
entry 5391000/7537006 (71.5271%)
entry 5393000/7537006 (71.5536%)
entry 5396000/7537006 (71.5934%)
entry 5399000/7537006 (71.6332%)
entry 5400000/7537006 (71.6465%)
entry 5401000/7537006 (71.6598%)
entry 5407000/7537006 (71.7394%)
entry 5411000/7537006 (71.7924%)
entry 5415000/7537006 (71.8455%)
entry 5422000/7537006 (71.9384%)
entry 5424000/7537006 (71.9649%)
entry 5427000/7537006 (72.0047%)
entry 5428000/7537006 (72.018%)
entry 5429000/7537006 (72.0313%)
entry 5432000/7537006 (72.0711%)
entry 5434000/7537006 (72.0976%)
entry 5435000/7537006 (72.1109%)
entry 5436000/7537006 (72.1241%)
entry 5438000/7537006 (72.1507%)
entry 5447000/7537006 (72.2701%)
entry 5448000/7537006 (72.2833%)
entry 5453000/7537006 (72.3497%)
entry 5454000/7537006 (72.363%)
entry 5456000/7537006 (72.3895%)
entry 5457000/7537006 (72.4028%)
entry 5458000/7537006 (72.416%)
entry 5462000/7537006 (72.4691%)
entry 5466000/7537006 (72.5222%)
entry 5468000/7537006 (72.5487%)
entry 5471000/7537006 (72.5885%)
entry 5472000/7537006 (72.6018%)
entry 5476000/7537006 (72.6548%)
entry 5477000/7537006 (72.6681%)
entry 5478000/7537006 (72.6814%)
entry 5479000/7537006 (72.6946%)
entry 5483000/7537006 (72.7477%)
entry 5488000/7537006 (72.8141%)
entry 5489000/7537006 (72.8273%)
entry 5490000/7537006 (72.8406%)
entry 5492000/7537006 (72.8671%)
entry 5498000/7537006 (72.9467%)
entry 5500000/7537006 (72.9733%)
entry 5503000/7537006 (73.0131%)
entry 5504000/7537006 (73.0263%)
entry 5505000/7537006 (73.0396%)
entry 5508000/7537006 (73.0794%)
entry 5510000/7537006 (73.106%)
entry 5511000/7537006 (73.1192%)
entry 5516000/7537006 (73.1856%)
entry 5517000/7537006 (73.1988%)
entry 5524000/7537006 (73.2917%)
entry 5525000/7537006 (73.305%)
entry 5527000/7537006 (73.3315%)
entry 5529000/7537006 (73.358%)
entry 5530000/7537006 (73.3713%)
entry 5536000/7537006 (73.4509%)
entry 5537000/7537006 (73.4642%)
entry 5539000/7537006 (73.4907%)
entry 5542000/7537006 (73.5305%)
entry 5547000/7537006 (73.5969%)
entry 5552000/7537006 (73.6632%)
entry 5560000/7537006 (73.7693%)
entry 5564000/7537006 (73.8224%)
entry 5566000/7537006 (73.849%)
entry 5569000/7537006 (73.8888%)
entry 5571000/7537006 (73.9153%)
entry 5574000/7537006 (73.9551%)
entry 5575000/7537006 (73.9684%)
entry 5576000/7537006 (73.9816%)
entry 5577000/7537006 (73.9949%)
entry 5579000/7537006 (74.0214%)
entry 5581000/7537006 (74.048%)
entry 5582000/7537006 (74.0612%)
entry 5585000/7537006 (74.101%)
entry 5589000/7537006 (74.1541%)
entry 5591000/7537006 (74.1807%)
entry 5592000/7537006 (74.1939%)
entry 5594000/7537006 (74.2205%)
entry 5598000/7537006 (74.2735%)
entry 5599000/7537006 (74.2868%)
entry 5601000/7537006 (74.3133%)
entry 5604000/7537006 (74.3531%)
entry 5605000/7537006 (74.3664%)
entry 5610000/7537006 (74.4327%)
entry 5611000/7537006 (74.446%)
entry 5612000/7537006 (74.4593%)
entry 5616000/7537006 (74.5123%)
entry 5617000/7537006 (74.5256%)
entry 5620000/7537006 (74.5654%)
entry 5622000/7537006 (74.592%)
entry 5627000/7537006 (74.6583%)
entry 5629000/7537006 (74.6848%)
entry 5630000/7537006 (74.6981%)
entry 5635000/7537006 (74.7644%)
entry 5636000/7537006 (74.7777%)
entry 5637000/7537006 (74.791%)
entry 5639000/7537006 (74.8175%)
entry 5642000/7537006 (74.8573%)
entry 5643000/7537006 (74.8706%)
entry 5645000/7537006 (74.8971%)
entry 5654000/7537006 (75.0165%)
entry 5655000/7537006 (75.0298%)
entry 5658000/7537006 (75.0696%)
entry 5659000/7537006 (75.0829%)
entry 5660000/7537006 (75.0961%)
entry 5661000/7537006 (75.1094%)
entry 5664000/7537006 (75.1492%)
entry 5665000/7537006 (75.1625%)
entry 5669000/7537006 (75.2155%)
entry 5671000/7537006 (75.2421%)
entry 5675000/7537006 (75.2952%)
entry 5676000/7537006 (75.3084%)
entry 5677000/7537006 (75.3217%)
entry 5679000/7537006 (75.3482%)
entry 5689000/7537006 (75.4809%)
entry 5692000/7537006 (75.5207%)
entry 5693000/7537006 (75.534%)
entry 5694000/7537006 (75.5472%)
entry 5695000/7537006 (75.5605%)
entry 5696000/7537006 (75.5738%)
entry 5698000/7537006 (75.6003%)
entry 5711000/7537006 (75.7728%)
entry 5714000/7537006 (75.8126%)
entry 5718000/7537006 (75.8657%)
entry 5724000/7537006 (75.9453%)
entry 5727000/7537006 (75.9851%)
entry 5729000/7537006 (76.0116%)
entry 5730000/7537006 (76.0249%)
entry 5734000/7537006 (76.078%)
entry 5735000/7537006 (76.0912%)
entry 5737000/7537006 (76.1178%)
entry 5740000/7537006 (76.1576%)
entry 5741000/7537006 (76.1708%)
entry 5743000/7537006 (76.1974%)
entry 5746000/7537006 (76.2372%)
entry 5753000/7537006 (76.33%)
entry 5754000/7537006 (76.3433%)
entry 5758000/7537006 (76.3964%)
entry 5763000/7537006 (76.4627%)
entry 5764000/7537006 (76.476%)
entry 5766000/7537006 (76.5025%)
entry 5768000/7537006 (76.5291%)
entry 5774000/7537006 (76.6087%)
entry 5775000/7537006 (76.6219%)
entry 5777000/7537006 (76.6485%)
entry 5782000/7537006 (76.7148%)
entry 5785000/7537006 (76.7546%)
entry 5797000/7537006 (76.9138%)
entry 5805000/7537006 (77.02%)
entry 5808000/7537006 (77.0598%)
entry 5814000/7537006 (77.1394%)
entry 5815000/7537006 (77.1527%)
entry 5818000/7537006 (77.1925%)
entry 5821000/7537006 (77.2323%)
entry 5822000/7537006 (77.2455%)
entry 5823000/7537006 (77.2588%)
entry 5824000/7537006 (77.2721%)
entry 5829000/7537006 (77.3384%)
entry 5830000/7537006 (77.3517%)
entry 5831000/7537006 (77.3649%)
entry 5832000/7537006 (77.3782%)
entry 5835000/7537006 (77.418%)
entry 5840000/7537006 (77.4844%)
entry 5841000/7537006 (77.4976%)
entry 5848000/7537006 (77.5905%)
entry 5849000/7537006 (77.6038%)
entry 5851000/7537006 (77.6303%)
entry 5854000/7537006 (77.6701%)
entry 5855000/7537006 (77.6834%)
entry 5856000/7537006 (77.6966%)
entry 5859000/7537006 (77.7364%)
entry 5860000/7537006 (77.7497%)
entry 5861000/7537006 (77.763%)
entry 5864000/7537006 (77.8028%)
entry 5868000/7537006 (77.8558%)
entry 5873000/7537006 (77.9222%)
entry 5874000/7537006 (77.9355%)
entry 5877000/7537006 (77.9753%)
entry 5879000/7537006 (78.0018%)
entry 5880000/7537006 (78.0151%)
entry 5881000/7537006 (78.0283%)
entry 5883000/7537006 (78.0549%)
entry 5886000/7537006 (78.0947%)
entry 5888000/7537006 (78.1212%)
entry 5889000/7537006 (78.1345%)
entry 5890000/7537006 (78.1477%)
entry 5894000/7537006 (78.2008%)
entry 5897000/7537006 (78.2406%)
entry 5901000/7537006 (78.2937%)
entry 5903000/7537006 (78.3202%)
entry 5911000/7537006 (78.4264%)
entry 5919000/7537006 (78.5325%)
entry 5920000/7537006 (78.5458%)
entry 5921000/7537006 (78.559%)
entry 5923000/7537006 (78.5856%)
entry 5925000/7537006 (78.6121%)
entry 5926000/7537006 (78.6254%)
entry 5927000/7537006 (78.6387%)
entry 5928000/7537006 (78.6519%)
entry 5929000/7537006 (78.6652%)
entry 5932000/7537006 (78.705%)
entry 5933000/7537006 (78.7183%)
entry 5934000/7537006 (78.7315%)
entry 5935000/7537006 (78.7448%)
entry 5938000/7537006 (78.7846%)
entry 5940000/7537006 (78.8111%)
entry 5943000/7537006 (78.8509%)
entry 5946000/7537006 (78.8907%)
entry 5949000/7537006 (78.9305%)
entry 5951000/7537006 (78.9571%)
entry 5953000/7537006 (78.9836%)
entry 5957000/7537006 (79.0367%)
entry 5958000/7537006 (79.05%)
entry 5960000/7537006 (79.0765%)
entry 5965000/7537006 (79.1428%)
entry 5968000/7537006 (79.1826%)
entry 5969000/7537006 (79.1959%)
entry 5973000/7537006 (79.249%)
entry 5983000/7537006 (79.3817%)
entry 5984000/7537006 (79.3949%)
entry 5985000/7537006 (79.4082%)
entry 5988000/7537006 (79.448%)
entry 5990000/7537006 (79.4745%)
entry 5992000/7537006 (79.5011%)
entry 5993000/7537006 (79.5143%)
entry 5995000/7537006 (79.5409%)
entry 5996000/7537006 (79.5541%)
entry 5997000/7537006 (79.5674%)
entry 6002000/7537006 (79.6337%)
entry 6016000/7537006 (79.8195%)
entry 6019000/7537006 (79.8593%)
entry 6023000/7537006 (79.9124%)
entry 6024000/7537006 (79.9256%)
entry 6029000/7537006 (79.992%)
entry 6034000/7537006 (80.0583%)
entry 6036000/7537006 (80.0848%)
entry 6042000/7537006 (80.1645%)
entry 6048000/7537006 (80.2441%)
entry 6049000/7537006 (80.2573%)
entry 6057000/7537006 (80.3635%)
entry 6058000/7537006 (80.3767%)
entry 6063000/7537006 (80.4431%)
entry 6067000/7537006 (80.4962%)
entry 6069000/7537006 (80.5227%)
entry 6071000/7537006 (80.5492%)
entry 6072000/7537006 (80.5625%)
entry 6073000/7537006 (80.5758%)
entry 6075000/7537006 (80.6023%)
entry 6076000/7537006 (80.6156%)
entry 6082000/7537006 (80.6952%)
entry 6083000/7537006 (80.7084%)
entry 6084000/7537006 (80.7217%)
entry 6088000/7537006 (80.7748%)
entry 6092000/7537006 (80.8279%)
entry 6094000/7537006 (80.8544%)
entry 6097000/7537006 (80.8942%)
entry 6098000/7537006 (80.9075%)
entry 6099000/7537006 (80.9207%)
entry 6100000/7537006 (80.934%)
entry 6101000/7537006 (80.9473%)
entry 6102000/7537006 (80.9605%)
entry 6108000/7537006 (81.0401%)
entry 6109000/7537006 (81.0534%)
entry 6110000/7537006 (81.0667%)
entry 6112000/7537006 (81.0932%)
entry 6114000/7537006 (81.1197%)
entry 6117000/7537006 (81.1595%)
entry 6118000/7537006 (81.1728%)
entry 6121000/7537006 (81.2126%)
entry 6124000/7537006 (81.2524%)
entry 6125000/7537006 (81.2657%)
entry 6135000/7537006 (81.3984%)
entry 6140000/7537006 (81.4647%)
entry 6142000/7537006 (81.4912%)
entry 6143000/7537006 (81.5045%)
entry 6144000/7537006 (81.5178%)
entry 6148000/7537006 (81.5709%)
entry 6150000/7537006 (81.5974%)
entry 6157000/7537006 (81.6903%)
entry 6159000/7537006 (81.7168%)
entry 6160000/7537006 (81.7301%)
entry 6163000/7537006 (81.7699%)
entry 6164000/7537006 (81.7831%)
entry 6166000/7537006 (81.8097%)
entry 6171000/7537006 (81.876%)
entry 6176000/7537006 (81.9423%)
entry 6180000/7537006 (81.9954%)
entry 6181000/7537006 (82.0087%)
entry 6183000/7537006 (82.0352%)
entry 6184000/7537006 (82.0485%)
entry 6186000/7537006 (82.075%)
entry 6189000/7537006 (82.1148%)
entry 6190000/7537006 (82.1281%)
entry 6191000/7537006 (82.1414%)
entry 6196000/7537006 (82.2077%)
entry 6198000/7537006 (82.2342%)
entry 6202000/7537006 (82.2873%)
entry 6208000/7537006 (82.3669%)
entry 6210000/7537006 (82.3935%)
entry 6211000/7537006 (82.4067%)
entry 6213000/7537006 (82.4333%)
entry 6215000/7537006 (82.4598%)
entry 6218000/7537006 (82.4996%)
entry 6220000/7537006 (82.5261%)
entry 6221000/7537006 (82.5394%)
entry 6222000/7537006 (82.5527%)
entry 6224000/7537006 (82.5792%)
entry 6225000/7537006 (82.5925%)
entry 6226000/7537006 (82.6057%)
entry 6228000/7537006 (82.6323%)
entry 6231000/7537006 (82.6721%)
entry 6233000/7537006 (82.6986%)
entry 6237000/7537006 (82.7517%)
entry 6241000/7537006 (82.8048%)
entry 6246000/7537006 (82.8711%)
entry 6247000/7537006 (82.8844%)
entry 6250000/7537006 (82.9242%)
entry 6251000/7537006 (82.9374%)
entry 6253000/7537006 (82.964%)
entry 6254000/7537006 (82.9772%)
entry 6255000/7537006 (82.9905%)
entry 6260000/7537006 (83.0569%)
entry 6266000/7537006 (83.1365%)
entry 6269000/7537006 (83.1763%)
entry 6276000/7537006 (83.2691%)
entry 6285000/7537006 (83.3885%)
entry 6287000/7537006 (83.4151%)
entry 6288000/7537006 (83.4284%)
entry 6292000/7537006 (83.4814%)
entry 6294000/7537006 (83.508%)
entry 6301000/7537006 (83.6008%)
entry 6302000/7537006 (83.6141%)
entry 6311000/7537006 (83.7335%)
entry 6312000/7537006 (83.7468%)
entry 6313000/7537006 (83.7601%)
entry 6324000/7537006 (83.906%)
entry 6334000/7537006 (84.0387%)
entry 6341000/7537006 (84.1316%)
entry 6346000/7537006 (84.1979%)
entry 6353000/7537006 (84.2908%)
entry 6354000/7537006 (84.304%)
entry 6359000/7537006 (84.3704%)
entry 6367000/7537006 (84.4765%)
entry 6368000/7537006 (84.4898%)
entry 6390000/7537006 (84.7817%)
entry 6392000/7537006 (84.8082%)
entry 6399000/7537006 (84.9011%)
entry 6401000/7537006 (84.9276%)
entry 6402000/7537006 (84.9409%)
entry 6409000/7537006 (85.0338%)
entry 6422000/7537006 (85.2062%)
entry 6426000/7537006 (85.2593%)
entry 6436000/7537006 (85.392%)
entry 6438000/7537006 (85.4185%)
entry 6439000/7537006 (85.4318%)
entry 6444000/7537006 (85.4981%)
entry 6446000/7537006 (85.5247%)
entry 6449000/7537006 (85.5645%)
entry 6459000/7537006 (85.6972%)
entry 6461000/7537006 (85.7237%)
entry 6473000/7537006 (85.8829%)
entry 6476000/7537006 (85.9227%)
entry 6500000/7537006 (86.2411%)
entry 6502000/7537006 (86.2677%)
entry 6506000/7537006 (86.3207%)
entry 6507000/7537006 (86.334%)
entry 6523000/7537006 (86.5463%)
entry 6524000/7537006 (86.5596%)
entry 6527000/7537006 (86.5994%)
entry 6541000/7537006 (86.7851%)
entry 6546000/7537006 (86.8515%)
entry 6549000/7537006 (86.8913%)
entry 6550000/7537006 (86.9045%)
entry 6564000/7537006 (87.0903%)
entry 6568000/7537006 (87.1434%)
entry 6581000/7537006 (87.3158%)
entry 6590000/7537006 (87.4353%)
entry 6611000/7537006 (87.7139%)
entry 6613000/7537006 (87.7404%)
entry 6618000/7537006 (87.8067%)
entry 6632000/7537006 (87.9925%)
entry 6645000/7537006 (88.165%)
entry 6647000/7537006 (88.1915%)
entry 6668000/7537006 (88.4701%)
entry 6709000/7537006 (89.0141%)
entry 6710000/7537006 (89.0274%)
entry 6711000/7537006 (89.0407%)
entry 6719000/7537006 (89.1468%)
entry 6726000/7537006 (89.2397%)
entry 6736000/7537006 (89.3724%)
entry 6739000/7537006 (89.4122%)
entry 6745000/7537006 (89.4918%)
entry 6751000/7537006 (89.5714%)
entry 6764000/7537006 (89.7439%)
entry 6785000/7537006 (90.0225%)
entry 6801000/7537006 (90.2348%)
entry 6805000/7537006 (90.2878%)
entry 6813000/7537006 (90.394%)
entry 6815000/7537006 (90.4205%)
entry 6821000/7537006 (90.5001%)
entry 6822000/7537006 (90.5134%)
entry 6823000/7537006 (90.5267%)
entry 6829000/7537006 (90.6063%)
entry 6830000/7537006 (90.6195%)
entry 6836000/7537006 (90.6991%)
entry 6837000/7537006 (90.7124%)
entry 6838000/7537006 (90.7257%)
entry 6844000/7537006 (90.8053%)
entry 6846000/7537006 (90.8318%)
entry 6847000/7537006 (90.8451%)
entry 6850000/7537006 (90.8849%)
entry 6856000/7537006 (90.9645%)
entry 6858000/7537006 (90.991%)
entry 6859000/7537006 (91.0043%)
entry 6861000/7537006 (91.0308%)
entry 6867000/7537006 (91.1105%)
entry 6869000/7537006 (91.137%)
entry 6873000/7537006 (91.1901%)
entry 6876000/7537006 (91.2299%)
entry 6878000/7537006 (91.2564%)
entry 6880000/7537006 (91.2829%)
entry 6883000/7537006 (91.3227%)
entry 6885000/7537006 (91.3493%)
entry 6888000/7537006 (91.3891%)
entry 6889000/7537006 (91.4023%)
entry 6891000/7537006 (91.4289%)
entry 6894000/7537006 (91.4687%)
entry 6896000/7537006 (91.4952%)
entry 6899000/7537006 (91.535%)
entry 6903000/7537006 (91.5881%)
entry 6905000/7537006 (91.6146%)
entry 6907000/7537006 (91.6412%)
entry 6909000/7537006 (91.6677%)
entry 6914000/7537006 (91.734%)
entry 6916000/7537006 (91.7606%)
entry 6917000/7537006 (91.7738%)
entry 6920000/7537006 (91.8136%)
entry 6922000/7537006 (91.8402%)
entry 6926000/7537006 (91.8933%)
entry 6927000/7537006 (91.9065%)
entry 6929000/7537006 (91.9331%)
entry 6932000/7537006 (91.9729%)
entry 6933000/7537006 (91.9861%)
entry 6936000/7537006 (92.0259%)
entry 6940000/7537006 (92.079%)
entry 6948000/7537006 (92.1851%)
entry 6953000/7537006 (92.2515%)
entry 6958000/7537006 (92.3178%)
entry 6960000/7537006 (92.3444%)
entry 6966000/7537006 (92.424%)
entry 6967000/7537006 (92.4372%)
entry 6968000/7537006 (92.4505%)
entry 6969000/7537006 (92.4638%)
entry 6971000/7537006 (92.4903%)
entry 6972000/7537006 (92.5036%)
entry 6974000/7537006 (92.5301%)
entry 6975000/7537006 (92.5434%)
entry 6976000/7537006 (92.5566%)
entry 6978000/7537006 (92.5832%)
entry 6985000/7537006 (92.6761%)
entry 6986000/7537006 (92.6893%)
entry 6994000/7537006 (92.7955%)
entry 7011000/7537006 (93.021%)
entry 7014000/7537006 (93.0608%)
entry 7018000/7537006 (93.1139%)
entry 7032000/7537006 (93.2996%)
entry 7034000/7537006 (93.3262%)
entry 7035000/7537006 (93.3394%)
entry 7036000/7537006 (93.3527%)
entry 7037000/7537006 (93.366%)
entry 7038000/7537006 (93.3793%)
entry 7042000/7537006 (93.4323%)
entry 7049000/7537006 (93.5252%)
entry 7060000/7537006 (93.6711%)
entry 7061000/7537006 (93.6844%)
entry 7062000/7537006 (93.6977%)
entry 7064000/7537006 (93.7242%)
entry 7066000/7537006 (93.7508%)
entry 7067000/7537006 (93.764%)
entry 7070000/7537006 (93.8038%)
entry 7073000/7537006 (93.8436%)
entry 7074000/7537006 (93.8569%)
entry 7076000/7537006 (93.8834%)
entry 7080000/7537006 (93.9365%)
entry 7082000/7537006 (93.963%)
entry 7085000/7537006 (94.0028%)
entry 7086000/7537006 (94.0161%)
entry 7090000/7537006 (94.0692%)
entry 7091000/7537006 (94.0825%)
entry 7092000/7537006 (94.0957%)
entry 7097000/7537006 (94.1621%)
entry 7098000/7537006 (94.1753%)
entry 7101000/7537006 (94.2151%)
entry 7106000/7537006 (94.2815%)
entry 7107000/7537006 (94.2947%)
entry 7113000/7537006 (94.3743%)
entry 7117000/7537006 (94.4274%)
entry 7118000/7537006 (94.4407%)
entry 7120000/7537006 (94.4672%)
entry 7124000/7537006 (94.5203%)
entry 7135000/7537006 (94.6662%)
entry 7136000/7537006 (94.6795%)
entry 7141000/7537006 (94.7458%)
entry 7143000/7537006 (94.7724%)
entry 7148000/7537006 (94.8387%)
entry 7149000/7537006 (94.852%)
entry 7152000/7537006 (94.8918%)
entry 7153000/7537006 (94.9051%)
entry 7156000/7537006 (94.9449%)
entry 7158000/7537006 (94.9714%)
entry 7160000/7537006 (94.9979%)
entry 7163000/7537006 (95.0377%)
entry 7165000/7537006 (95.0643%)
entry 7168000/7537006 (95.1041%)
entry 7172000/7537006 (95.1571%)
entry 7174000/7537006 (95.1837%)
entry 7180000/7537006 (95.2633%)
entry 7182000/7537006 (95.2898%)
entry 7184000/7537006 (95.3164%)
entry 7186000/7537006 (95.3429%)
entry 7187000/7537006 (95.3562%)
entry 7188000/7537006 (95.3694%)
entry 7192000/7537006 (95.4225%)
entry 7193000/7537006 (95.4358%)
entry 7195000/7537006 (95.4623%)
entry 7197000/7537006 (95.4888%)
entry 7198000/7537006 (95.5021%)
entry 7204000/7537006 (95.5817%)
entry 7206000/7537006 (95.6083%)
entry 7207000/7537006 (95.6215%)
entry 7208000/7537006 (95.6348%)
entry 7211000/7537006 (95.6746%)
entry 7212000/7537006 (95.6879%)
entry 7216000/7537006 (95.7409%)
entry 7220000/7537006 (95.794%)
entry 7221000/7537006 (95.8073%)
entry 7222000/7537006 (95.8205%)
entry 7226000/7537006 (95.8736%)
entry 7228000/7537006 (95.9001%)
entry 7231000/7537006 (95.94%)
entry 7233000/7537006 (95.9665%)
entry 7240000/7537006 (96.0594%)
entry 7241000/7537006 (96.0726%)
entry 7242000/7537006 (96.0859%)
entry 7243000/7537006 (96.0992%)
entry 7244000/7537006 (96.1124%)
entry 7250000/7537006 (96.192%)
entry 7251000/7537006 (96.2053%)
entry 7252000/7537006 (96.2186%)
entry 7254000/7537006 (96.2451%)
entry 7255000/7537006 (96.2584%)
entry 7257000/7537006 (96.2849%)
entry 7258000/7537006 (96.2982%)
entry 7261000/7537006 (96.338%)
entry 7262000/7537006 (96.3513%)
entry 7266000/7537006 (96.4043%)
entry 7268000/7537006 (96.4309%)
entry 7272000/7537006 (96.4839%)
entry 7278000/7537006 (96.5635%)
entry 7279000/7537006 (96.5768%)
entry 7280000/7537006 (96.5901%)
entry 7281000/7537006 (96.6033%)
entry 7283000/7537006 (96.6299%)
entry 7287000/7537006 (96.683%)
entry 7295000/7537006 (96.7891%)
entry 7297000/7537006 (96.8156%)
entry 7298000/7537006 (96.8289%)
entry 7299000/7537006 (96.8422%)
entry 7300000/7537006 (96.8554%)
entry 7302000/7537006 (96.882%)
entry 7307000/7537006 (96.9483%)
entry 7310000/7537006 (96.9881%)
entry 7311000/7537006 (97.0014%)
entry 7314000/7537006 (97.0412%)
entry 7315000/7537006 (97.0545%)
entry 7319000/7537006 (97.1075%)
entry 7321000/7537006 (97.1341%)
entry 7323000/7537006 (97.1606%)
entry 7326000/7537006 (97.2004%)
entry 7338000/7537006 (97.3596%)
entry 7343000/7537006 (97.426%)
entry 7347000/7537006 (97.479%)
entry 7349000/7537006 (97.5056%)
entry 7350000/7537006 (97.5188%)
entry 7351000/7537006 (97.5321%)
entry 7353000/7537006 (97.5586%)
entry 7356000/7537006 (97.5984%)
entry 7357000/7537006 (97.6117%)
entry 7359000/7537006 (97.6382%)
entry 7363000/7537006 (97.6913%)
entry 7366000/7537006 (97.7311%)
entry 7372000/7537006 (97.8107%)
entry 7379000/7537006 (97.9036%)
entry 7380000/7537006 (97.9169%)
entry 7387000/7537006 (98.0097%)
entry 7388000/7537006 (98.023%)
entry 7389000/7537006 (98.0363%)
entry 7391000/7537006 (98.0628%)
entry 7392000/7537006 (98.0761%)
entry 7394000/7537006 (98.1026%)
entry 7395000/7537006 (98.1159%)
entry 7396000/7537006 (98.1292%)
entry 7397000/7537006 (98.1424%)
entry 7404000/7537006 (98.2353%)
entry 7405000/7537006 (98.2486%)
entry 7410000/7537006 (98.3149%)
entry 7412000/7537006 (98.3414%)
entry 7413000/7537006 (98.3547%)
entry 7415000/7537006 (98.3812%)
entry 7420000/7537006 (98.4476%)
entry 7421000/7537006 (98.4608%)
entry 7423000/7537006 (98.4874%)
entry 7426000/7537006 (98.5272%)
entry 7428000/7537006 (98.5537%)
entry 7429000/7537006 (98.567%)
entry 7437000/7537006 (98.6731%)
entry 7439000/7537006 (98.6997%)
entry 7442000/7537006 (98.7395%)
entry 7443000/7537006 (98.7527%)
entry 7445000/7537006 (98.7793%)
entry 7446000/7537006 (98.7925%)
entry 7449000/7537006 (98.8324%)
entry 7455000/7537006 (98.912%)
entry 7460000/7537006 (98.9783%)
entry 7461000/7537006 (98.9916%)
entry 7463000/7537006 (99.0181%)
entry 7466000/7537006 (99.0579%)
entry 7467000/7537006 (99.0712%)
entry 7468000/7537006 (99.0844%)
entry 7473000/7537006 (99.1508%)
entry 7474000/7537006 (99.164%)
entry 7475000/7537006 (99.1773%)
entry 7477000/7537006 (99.2038%)
entry 7478000/7537006 (99.2171%)
entry 7481000/7537006 (99.2569%)
entry 7482000/7537006 (99.2702%)
entry 7486000/7537006 (99.3233%)
entry 7488000/7537006 (99.3498%)
entry 7490000/7537006 (99.3763%)
entry 7496000/7537006 (99.4559%)
entry 7502000/7537006 (99.5355%)
entry 7505000/7537006 (99.5753%)
entry 7506000/7537006 (99.5886%)
entry 7509000/7537006 (99.6284%)
entry 7514000/7537006 (99.6948%)
entry 7518000/7537006 (99.7478%)
entry 7524000/7537006 (99.8274%)
entry 7525000/7537006 (99.8407%)
entry 7526000/7537006 (99.854%)
entry 7529000/7537006 (99.8938%)
entry 7533000/7537006 (99.9469%)
entry 7535000/7537006 (99.9734%)
all done
script done
