sphnx1081.sdcc.bnl.gov
rsyncing from /gpfs/mnt/gpfs02/sphenix/user/samfred/run25/ppg11/histmaking
running: /gpfs/mnt/gpfs02/sphenix/user/samfred/run25/ppg11/histmaking/script_data.sh 51493
LD_LIBRARY_PATH now /sphenix/user/samfred/run25/install//lib:/cvmfs/sphenix.sdcc.bnl.gov/alma9.2-gcc-14.2.0/opt/sphenix/core/gcc/14.2.0-2f0a0/x86_64-el9/lib:/cvmfs/sphenix.sdcc.bnl.gov/alma9.2-gcc-14.2.0/opt/sphenix/core/gcc/14.2.0-2f0a0/x86_64-el9/lib64:/cvmfs/sphenix.sdcc.bnl.gov/alma9.2-gcc-14.2.0/opt/sphenix/core/binutils/2.40-acaab/x86_64-el9/lib:.:/cvmfs/sphenix.sdcc.bnl.gov/alma9.2-gcc-14.2.0/release/release_new/new.10/lib64:/cvmfs/sphenix.sdcc.bnl.gov/alma9.2-gcc-14.2.0/release/release_new/new.10/lib:/cvmfs/sphenix.sdcc.bnl.gov/alma9.2-gcc-14.2.0/opt/sphenix/utils/lib:/cvmfs/sphenix.sdcc.bnl.gov/alma9.2-gcc-14.2.0/opt/sphenix/core/lib:/cvmfs/sphenix.sdcc.bnl.gov/alma9.2-gcc-14.2.0/opt/sphenix/core/root-6.32.06/lib:/cvmfs/sphenix.sdcc.bnl.gov/alma9.2-gcc-14.2.0/opt/sphenix/core/geant4.10.07.p04/lib64:/cvmfs/sphenix.sdcc.bnl.gov/alma9.2-gcc-14.2.0/opt/sphenix/core/lhapdf-5.9.1/lib:/usr/local/lib64:/usr/lib64
PATH now /sphenix/user/samfred/run25/install//bin:/cvmfs/sphenix.sdcc.bnl.gov/alma9.2-gcc-14.2.0/opt/sphenix/core/gcc/14.2.0-2f0a0/x86_64-el9/bin:/cvmfs/sphenix.sdcc.bnl.gov/alma9.2-gcc-14.2.0/opt/sphenix/core/binutils/2.40-acaab/x86_64-el9/bin:.:/cvmfs/sphenix.sdcc.bnl.gov/alma9.2-gcc-14.2.0/release/release_new/new.10/bin:/cvmfs/sphenix.sdcc.bnl.gov/alma9.2-gcc-14.2.0/opt/sphenix/utils/bin:/cvmfs/sphenix.sdcc.bnl.gov/alma9.2-gcc-14.2.0/opt/sphenix/core/bin:/cvmfs/sphenix.sdcc.bnl.gov/alma9.2-gcc-14.2.0/opt/sphenix/core/root-6.32.06/bin:/cvmfs/sphenix.sdcc.bnl.gov/alma9.2-gcc-14.2.0/opt/sphenix/core/geant4.10.07.p04/bin:/usr/local/bin:/usr/bin:/usr/local/sbin:/usr/sbin
SINGULARITY_CACHEDIR=/home/condor/local/sphnx/execute/dir_2876464
_CONDOR_CHIRP_CONFIG=/home/condor/local/sphnx/execute/dir_2876464/.chirp.config
_CONDOR_JOB_IWD=/sphenix/user/samfred/run25/ppg11/histmaking
G4ENSDFSTATEDATA=/cvmfs/sphenix.sdcc.bnl.gov/alma9.2-gcc-14.2.0/opt/sphenix/core/geant4.10.07.p04/share/Geant4-10.7.4/data/G4ENSDFSTATE2.3
_CONDOR_MACHINE_AD=/home/condor/local/sphnx/execute/dir_2876464/.machine.ad
ROOT_MAX_THREADS=1
NUMEXPR_NUM_THREADS=1
CUBACORES=1
_CONDOR_ANCESTOR_310789=2876464:1759352721:1189206700
_CHIRP_DELAYED_UPDATE_PREFIX=Chirp*
OMP_THREAD_LIMIT=1
G4PIIDATA=/cvmfs/sphenix.sdcc.bnl.gov/alma9.2-gcc-14.2.0/opt/sphenix/core/geant4.10.07.p04/share/Geant4-10.7.4/data/G4PII1.3
NO_AT_BRIDGE=1
G4_MAIN=/cvmfs/sphenix.sdcc.bnl.gov/alma9.2-gcc-14.2.0/opt/sphenix/core/geant4.10.07.p04
COMPILER_PATH=/cvmfs/sphenix.sdcc.bnl.gov/alma9.2-gcc-14.2.0/opt/sphenix/core/gcc/14.2.0-2f0a0/x86_64-el9
ROOT_INCLUDE_PATH=./:/sphenix/user/samfred/run25/install//include:/sphenix/user/samfred/run25/install//include/caloana:/sphenix/user/samfred/run25/install//include/qa_centrality:/sphenix/user/samfred/run25/install//include/mbdana:/sphenix/user/samfred/run25/install//include/centrality:/sphenix/user/samfred/run25/install//include/Event:/cvmfs/sphenix.sdcc.bnl.gov/alma9.2-gcc-14.2.0/release/release_new/new.10/include:/cvmfs/sphenix.sdcc.bnl.gov/alma9.2-gcc-14.2.0/release/release_new/new.10/include:/cvmfs/sphenix.sdcc.bnl.gov/alma9.2-gcc-14.2.0/release/release_new/new.10/include/g4mbd:/cvmfs/sphenix.sdcc.bnl.gov/alma9.2-gcc-14.2.0/release/release_new/new.10/include/fmt:/cvmfs/sphenix.sdcc.bnl.gov/alma9.2-gcc-14.2.0/release/release_new/new.10/include/ffarawobjects:/cvmfs/sphenix.sdcc.bnl.gov/alma9.2-gcc-14.2.0/release/release_new/new.10/include/JSON:/cvmfs/sphenix.sdcc.bnl.gov/alma9.2-gcc-14.2.0/release/release_new/new.10/include/calotreegen:/cvmfs/sphenix.sdcc.bnl.gov/alma9.2-gcc-14.2.0/release/release_new/new.10/include/torch:/cvmfs/sphenix.sdcc.bnl.gov/alma9.2-gcc-14.2.0/release/release_new/new.10/include/g4detectors:/cvmfs/sphenix.sdcc.bnl.gov/alma9.2-gcc-14.2.0/release/release_new/new.10/include/kineto:/cvmfs/sphenix.sdcc.bnl.gov/alma9.2-gcc-14.2.0/release/release_new/new.10/include/g4decayer:/cvmfs/sphenix.sdcc.bnl.gov/alma9.2-gcc-14.2.0/release/release_new/new.10/include/kfparticleqa:/cvmfs/sphenix.sdcc.bnl.gov/alma9.2-gcc-14.2.0/release/release_new/new.10/include/phfield:/cvmfs/sphenix.sdcc.bnl.gov/alma9.2-gcc-14.2.0/release/release_new/new.10/include/LHAPDF:/cvmfs/sphenix.sdcc.bnl.gov/alma9.2-gcc-14.2.0/release/release_new/new.10/include/readdigitalcurrents:/cvmfs/sphenix.sdcc.bnl.gov/alma9.2-gcc-14.2.0/release/release_new/new.10/include/c10:/cvmfs/sphenix.sdcc.bnl.gov/alma9.2-gcc-14.2.0/release/release_new/new.10/include/calovalid:/cvmfs/sphenix.sdcc.bnl.gov/alma9.2-gcc-14.2.0/release/release_new/new.10/include/oneapi:/cvmfs/sphenix.sdcc.bnl.gov/alma9.2-gcc-14.2.0/release/release_new/new.10/include/DDCond:/cvmfs/sphenix.sdcc.bnl.gov/alma9.2-gcc-14.2.0/release/release_new/new.10/include/g4tracking:/cvmfs/sphenix.sdcc.bnl.gov/alma9.2-gcc-14.2.0/release/release_new/new.10/include/litecaloeval:/cvmfs/sphenix.sdcc.bnl.gov/alma9.2-gcc-14.2.0/release/release_new/new.10/include/g4intt:/cvmfs/sphenix.sdcc.bnl.gov/alma9.2-gcc-14.2.0/release/release_new/new.10/include/phool:/cvmfs/sphenix.sdcc.bnl.gov/alma9.2-gcc-14.2.0/release/release_new/new.10/include/boost:/cvmfs/sphenix.sdcc.bnl.gov/alma9.2-gcc-14.2.0/release/release_new/new.10/include/Pythia8Plugins:/cvmfs/sphenix.sdcc.bnl.gov/alma9.2-gcc-14.2.0/release/release_new/new.10/include/calib_emc_pi0:/cvmfs/sphenix.sdcc.bnl.gov/alma9.2-gcc-14.2.0/release/release_new/new.10/include/hijingflipafterburner:/cvmfs/sphenix.sdcc.bnl.gov/alma9.2-gcc-14.2.0/release/release_new/new.10/include/ffaobjects:/cvmfs/sphenix.sdcc.bnl.gov/alma9.2-gcc-14.2.0/release/release_new/new.10/include/EvtGenBase:/cvmfs/sphenix.sdcc.bnl.gov/alma9.2-gcc-14.2.0/release/release_new/new.10/include/flowafterburner:/cvmfs/sphenix.sdcc.bnl.gov/alma9.2-gcc-14.2.0/release/release_new/new.10/include/google:/cvmfs/sphenix.sdcc.bnl.gov/alma9.2-gcc-14.2.0/release/release_new/new.10/include/g4tpc:/cvmfs/sphenix.sdcc.bnl.gov/alma9.2-gcc-14.2.0/release/release_new/new.10/include/caffe2:/cvmfs/sphenix.sdcc.bnl.gov/alma9.2-gcc-14.2.0/release/release_new/new.10/include/EvtGenExternal:/cvmfs/sphenix.sdcc.bnl.gov/alma9.2-gcc-14.2.0/release/release_new/new.10/include/fp16:/cvmfs/sphenix.sdcc.bnl.gov/alma9.2-gcc-14.2.0/release/release_new/new.10/include/ffamodules:/cvmfs/sphenix.sdcc.bnl.gov/alma9.2-gcc-14.2.0/release/release_new/new.10/include/uspin:/cvmfs/sphenix.sdcc.bnl.gov/alma9.2-gcc-14.2.0/release/release_new/new.10/include/Herwig:/cvmfs/sphenix.sdcc.bnl.gov/alma9.2-gcc-14.2.0/release/release_new/new.10/include/genfitexp:/cvmfs/sphenix.sdcc.bnl.gov/alma9.2-gcc-14.2.0/release/release_new/new.10/include/XML:/cvmfs/sphenix.sdcc.bnl.gov/alma9.2-gcc-14.2.0/release/release_new/new.10/include/fbgemm:/cvmfs/sphenix.sdcc.bnl.gov/alma9.2-gcc-14.2.0/release/release_new/new.10/include/DDAlign:/cvmfs/sphenix.sdcc.bnl.gov/alma9.2-gcc-14.2.0/release/release_new/new.10/include/g4mvtx:/cvmfs/sphenix.sdcc.bnl.gov/alma9.2-gcc-14.2.0/release/release_new/new.10/include/kfparticle_sphenix:/cvmfs/sphenix.sdcc.bnl.gov/alma9.2-gcc-14.2.0/release/release_new/new.10/include/fun4all:/cvmfs/sphenix.sdcc.bnl.gov/alma9.2-gcc-14.2.0/release/release_new/new.10/include/intt:/cvmfs/sphenix.sdcc.bnl.gov/alma9.2-gcc-14.2.0/release/release_new/new.10/include/eventdisplay:/cvmfs/sphenix.sdcc.bnl.gov/alma9.2-gcc-14.2.0/release/release_new/new.10/include/EvtGen:/cvmfs/sphenix.sdcc.bnl.gov/alma9.2-gcc-14.2.0/release/release_new/new.10/include/Evaluator:/cvmfs/sphenix.sdcc.bnl.gov/alma9.2-gcc-14.2.0/release/release_new/new.10/include/tpc:/cvmfs/sphenix.sdcc.bnl.gov/alma9.2-gcc-14.2.0/release/release_new/new.10/include/GenFit:/cvmfs/sphenix.sdcc.bnl.gov/alma9.2-gcc-14.2.0/release/release_new/new.10/include/prototype4:/cvmfs/sphenix.sdcc.bnl.gov/alma9.2-gcc-14.2.0/release/release_new/new.10/include/caloembedding:/cvmfs/sphenix.sdcc.bnl.gov/alma9.2-gcc-14.2.0/release/release_new/new.10/include/EvtGenModels:/cvmfs/sphenix.sdcc.bnl.gov/alma9.2-gcc-14.2.0/release/release_new/new.10/include/fastjet:/cvmfs/sphenix.sdcc.bnl.gov/alma9.2-gcc-14.2.0/release/release_new/new.10/include/DDG4:/cvmfs/sphenix.sdcc.bnl.gov/alma9.2-gcc-14.2.0/release/release_new/new.10/include/mbd:/cvmfs/sphenix.sdcc.bnl.gov/alma9.2-gcc-14.2.0/release/release_new/new.10/include/tbb:/cvmfs/sphenix.sdcc.bnl.gov/alma9.2-gcc-14.2.0/release/release_new/new.10/include/phgeom:/cvmfs/sphenix.sdcc.bnl.gov/alma9.2-gcc-14.2.0/release/release_new/new.10/include/g4epd:/cvmfs/sphenix.sdcc.bnl.gov/alma9.2-gcc-14.2.0/release/release_new/new.10/include/oncal:/cvmfs/sphenix.sdcc.bnl.gov/alma9.2-gcc-14.2.0/release/release_new/new.10/include/pybind11:/cvmfs/sphenix.sdcc.bnl.gov/alma9.2-gcc-14.2.0/release/release_new/new.10/include/tpcdistgenerator:/cvmfs/sphenix.sdcc.bnl.gov/alma9.2-gcc-14.2.0/release/release_new/new.10/include/cdbobjects:/cvmfs/sphenix.sdcc.bnl.gov/alma9.2-gcc-14.2.0/release/release_new/new.10/include/g4micromegas:/cvmfs/sphenix.sdcc.bnl.gov/alma9.2-gcc-14.2.0/release/release_new/new.10/include/g4eval:/cvmfs/sphenix.sdcc.bnl.gov/alma9.2-gcc-14.2.0/release/release_new/new.10/include/jetbackground:/cvmfs/sphenix.sdcc.bnl.gov/alma9.2-gcc-14.2.0/release/release_new/new.10/include/micromegas:/cvmfs/sphenix.sdcc.bnl.gov/alma9.2-gcc-14.2.0/release/release_new/new.10/include/hftrackefficiency:/cvmfs/sphenix.sdcc.bnl.gov/alma9.2-gcc-14.2.0/release/release_new/new.10/include/inttrawhitqa:/cvmfs/sphenix.sdcc.bnl.gov/alma9.2-gcc-14.2.0/release/release_new/new.10/include/centrality:/cvmfs/sphenix.sdcc.bnl.gov/alma9.2-gcc-14.2.0/release/release_new/new.10/include/epd:/cvmfs/sphenix.sdcc.bnl.gov/alma9.2-gcc-14.2.0/release/release_new/new.10/include/caloreco:/cvmfs/sphenix.sdcc.bnl.gov/alma9.2-gcc-14.2.0/release/release_new/new.10/include/HepMC:/cvmfs/sphenix.sdcc.bnl.gov/alma9.2-gcc-14.2.0/release/release_new/new.10/include/CLHEP:/cvmfs/sphenix.sdcc.bnl.gov/alma9.2-gcc-14.2.0/release/release_new/new.10/include/Acts:/cvmfs/sphenix.sdcc.bnl.gov/alma9.2-gcc-14.2.0/release/release_new/new.10/include/g4histos:/cvmfs/sphenix.sdcc.bnl.gov/alma9.2-gcc-14.2.0/release/release_new/new.10/include/eventplaneinfo:/cvmfs/sphenix.sdcc.bnl.gov/alma9.2-gcc-14.2.0/release/release_new/new.10/include/fillspacechargemaps:/cvmfs/sphenix.sdcc.bnl.gov/alma9.2-gcc-14.2.0/release/release_new/new.10/include/phhepmc:/cvmfs/sphenix.sdcc.bnl.gov/alma9.2-gcc-14.2.0/release/release_new/new.10/include/trackingqa:/cvmfs/sphenix.sdcc.bnl.gov/alma9.2-gcc-14.2.0/release/release_new/new.10/include/qautils:/cvmfs/sphenix.sdcc.bnl.gov/alma9.2-gcc-14.2.0/release/release_new/new.10/include/trackreco:/cvmfs/sphenix.sdcc.bnl.gov/alma9.2-gcc-14.2.0/release/release_new/new.10/include/g4ohcal:/cvmfs/sphenix.sdcc.bnl.gov/alma9.2-gcc-14.2.0/release/release_new/new.10/include/tpcdvcalib:/cvmfs/sphenix.sdcc.bnl.gov/alma9.2-gcc-14.2.0/release/release_new/new.10/include/zdcinfo:/cvmfs/sphenix.sdcc.bnl.gov/alma9.2-gcc-14.2.0/release/release_new/new.10/include/phpythia8:/cvmfs/sphenix.sdcc.bnl.gov/alma9.2-gcc-14.2.0/release/release_new/new.10/include/fun4allutils:/cvmfs/sphenix.sdcc.bnl.gov/alma9.2-gcc-14.2.0/release/release_new/new.10/include/tpcqa:/cvmfs/sphenix.sdcc.bnl.gov/alma9.2-gcc-14.2.0/release/release_new/new.10/include/Pythia8:/cvmfs/sphenix.sdcc.bnl.gov/alma9.2-gcc-14.2.0/release/release_new/new.10/include/DDRec:/cvmfs/sphenix.sdcc.bnl.gov/alma9.2-gcc-14.2.0/release/release_new/new.10/include/DDDigi:/cvmfs/sphenix.sdcc.bnl.gov/alma9.2-gcc-14.2.0/release/release_new/new.10/include/g4ihcal:/cvmfs/sphenix.sdcc.bnl.gov/alma9.2-gcc-14.2.0/release/release_new/new.10/include/frog:/cvmfs/sphenix.sdcc.bnl.gov/alma9.2-gcc-14.2.0/release/release_new/new.10/include/eigen3:/cvmfs/sphenix.sdcc.bnl.gov/alma9.2-gcc-14.2.0/release/release_new/new.10/include/tensorpipe:/cvmfs/sphenix.sdcc.bnl.gov/alma9.2-gcc-14.2.0/release/release_new/new.10/include/sphenixnpc:/cvmfs/sphenix.sdcc.bnl.gov/alma9.2-gcc-14.2.0/release/release_new/new.10/include/siscone:/cvmfs/sphenix.sdcc.bnl.gov/alma9.2-gcc-14.2.0/release/release_new/new.10/include/pmonitor:/cvmfs/sphenix.sdcc.bnl.gov/alma9.2-gcc-14.2.0/release/release_new/new.10/include/calobase:/cvmfs/sphenix.sdcc.bnl.gov/alma9.2-gcc-14.2.0/release/release_new/new.10/include/ActsExamples:/cvmfs/sphenix.sdcc.bnl.gov/alma9.2-gcc-14.2.0/release/release_new/new.10/include/g4gdml:/cvmfs/sphenix.sdcc.bnl.gov/alma9.2-gcc-14.2.0/release/release_new/new.10/include/mvtx_decoder:/cvmfs/sphenix.sdcc.bnl.gov/alma9.2-gcc-14.2.0/release/release_new/new.10/include/ROOT:/cvmfs/sphenix.sdcc.bnl.gov/alma9.2-gcc-14.2.0/release/release_new/new.10/include/phparameter:/cvmfs/sphenix.sdcc.bnl.gov/alma9.2-gcc-14.2.0/release/release_new/new.10/include/rsa:/cvmfs/sphenix.sdcc.bnl.gov/alma9.2-gcc-14.2.0/release/release_new/new.10/include/fun4allraw:/cvmfs/sphenix.sdcc.bnl.gov/alma9.2-gcc-14.2.0/release/release_new/new.10/include/trackbase_historic:/cvmfs/sphenix.sdcc.bnl.gov/alma9.2-gcc-14.2.0/release/release_new/new.10/include/g4jets:/cvmfs/sphenix.sdcc.bnl.gov/alma9.2-gcc-14.2.0/release/release_new/new.10/include/jetqa:/cvmfs/sphenix.sdcc.bnl.gov/alma9.2-gcc-14.2.0/release/release_new/new.10/include/phoolraw:/cvmfs/sphenix.sdcc.bnl.gov/alma9.2-gcc-14.2.0/release/release_new/new.10/include/g4calo:/cvmfs/sphenix.sdcc.bnl.gov/alma9.2-gcc-14.2.0/release/release_new/new.10/include/mvtxrawhitqa:/cvmfs/sphenix.sdcc.bnl.gov/alma9.2-gcc-14.2.0/release/release_new/new.10/include/HepMC3:/cvmfs/sphenix.sdcc.bnl.gov/alma9.2-gcc-14.2.0/release/release_new/new.10/include/calowaveformsim:/cvmfs/sphenix.sdcc.bnl.gov/alma9.2-gcc-14.2.0/release/release_new/new.10/include/g4caloprototype:/cvmfs/sphenix.sdcc.bnl.gov/alma9.2-gcc-14.2.0/release/release_new/new.10/include/pdbcalbase:/cvmfs/sphenix.sdcc.bnl.gov/alma9.2-gcc-14.2.0/release/release_new/new.10/include/gsl:/cvmfs/sphenix.sdcc.bnl.gov/alma9.2-gcc-14.2.0/release/release_new/new.10/include/nodedump:/cvmfs/sphenix.sdcc.bnl.gov/alma9.2-gcc-14.2.0/release/release_new/new.10/include/emcnoisytowerfinder:/cvmfs/sphenix.sdcc.bnl.gov/alma9.2-gcc-14.2.0/release/release_new/new.10/include/ActsFatras:/cvmfs/sphenix.sdcc.bnl.gov/alma9.2-gcc-14.2.0/release/release_new/new.10/include/ffarawmodules:/cvmfs/sphenix.sdcc.bnl.gov/alma9.2-gcc-14.2.0/release/release_new/new.10/include/Event:/cvmfs/sphenix.sdcc.bnl.gov/alma9.2-gcc-14.2.0/release/release_new/new.10/include/prototype3:/cvmfs/sphenix.sdcc.bnl.gov/alma9.2-gcc-14.2.0/release/release_new/new.10/include/fermimotionafterburner:/cvmfs/sphenix.sdcc.bnl.gov/alma9.2-gcc-14.2.0/release/release_new/new.10/include/Photos:/cvmfs/sphenix.sdcc.bnl.gov/alma9.2-gcc-14.2.0/release/release_new/new.10/include/xingshiftcal:/cvmfs/sphenix.sdcc.bnl.gov/alma9.2-gcc-14.2.0/release/release_new/new.10/include/trackbase:/cvmfs/sphenix.sdcc.bnl.gov/alma9.2-gcc-14.2.0/release/release_new/new.10/include/jetdstskimmer:/cvmfs/sphenix.sdcc.bnl.gov/alma9.2-gcc-14.2.0/release/release_new/new.10/include/clusteriso:/cvmfs/sphenix.sdcc.bnl.gov/alma9.2-gcc-14.2.0/release/release_new/new.10/include/asmjit:/cvmfs/sphenix.sdcc.bnl.gov/alma9.2-gcc-14.2.0/release/release_new/new.10/include/particleflowreco:/cvmfs/sphenix.sdcc.bnl.gov/alma9.2-gcc-14.2.0/release/release_new/new.10/include/tpchittrackdisplay:/cvmfs/sphenix.sdcc.bnl.gov/alma9.2-gcc-14.2.0/release/release_new/new.10/include/caloana:/cvmfs/sphenix.sdcc.bnl.gov/alma9.2-gcc-14.2.0/release/release_new/new.10/include/calotrigger:/cvmfs/sphenix.sdcc.bnl.gov/alma9.2-gcc-14.2.0/release/release_new/new.10/include/nopayloadclient:/cvmfs/sphenix.sdcc.bnl.gov/alma9.2-gcc-14.2.0/release/release_new/new.10/include/trackermillepedealignment:/cvmfs/sphenix.sdcc.bnl.gov/alma9.2-gcc-14.2.0/release/release_new/new.10/include/DD4hep:/cvmfs/sphenix.sdcc.bnl.gov/alma9.2-gcc-14.2.0/release/release_new/new.10/include/g4trackfastsim:/cvmfs/sphenix.sdcc.bnl.gov/alma9.2-gcc-14.2.0/release/release_new/new.10/include/prototype2:/cvmfs/sphenix.sdcc.bnl.gov/alma9.2-gcc-14.2.0/release/release_new/new.10/include/ATen:/cvmfs/sphenix.sdcc.bnl.gov/alma9.2-gcc-14.2.0/release/release_new/new.10/include/g4main:/cvmfs/sphenix.sdcc.bnl.gov/alma9.2-gcc-14.2.0/release/release_new/new.10/include/Tauola:/cvmfs/sphenix.sdcc.bnl.gov/alma9.2-gcc-14.2.0/release/release_new/new.10/include/inttcalib:/cvmfs/sphenix.sdcc.bnl.gov/alma9.2-gcc-14.2.0/release/release_new/new.10/include/reactionplaneafterburner:/cvmfs/sphenix.sdcc.bnl.gov/alma9.2-gcc-14.2.0/release/release_new/new.10/include/globalqa:/cvmfs/sphenix.sdcc.bnl.gov/alma9.2-gcc-14.2.0/release/release_new/new.10/include/tpccalib:/cvmfs/sphenix.sdcc.bnl.gov/alma9.2-gcc-14.2.0/release/release_new/new.10/include/DDSegmentation:/cvmfs/sphenix.sdcc.bnl.gov/alma9.2-gcc-14.2.0/release/release_new/new.10/include/decayfinder:/cvmfs/sphenix.sdcc.bnl.gov/alma9.2-gcc-14.2.0/release/release_new/new.10/include/compressclus:/cvmfs/sphenix.sdcc.bnl.gov/alma9.2-gcc-14.2.0/release/release_new/new.10/include/simqa_modules:/cvmfs/sphenix.sdcc.bnl.gov/alma9.2-gcc-14.2.0/release/release_new/new.10/include/resonancejettagging:/cvmfs/sphenix.sdcc.bnl.gov/alma9.2-gcc-14.2.0/release/release_new/new.10/include/g4centrality:/cvmfs/sphenix.sdcc.bnl.gov/alma9.2-gcc-14.2.0/release/release_new/new.10/include/mvtx:/cvmfs/sphenix.sdcc.bnl.gov/alma9.2-gcc-14.2.0/release/release_new/new.10/include/nlohmann:/cvmfs/sphenix.sdcc.bnl.gov/alma9.2-gcc-14.2.0/release/release_new/new.10/include/localpoloffmon:/cvmfs/sphenix.sdcc.bnl.gov/alma9.2-gcc-14.2.0/release/release_new/new.10/include/DDEve:/cvmfs/sphenix.sdcc.bnl.gov/alma9.2-gcc-14.2.0/release/release_new/new.10/include/Parsers:/cvmfs/sphenix.sdcc.bnl.gov/alma9.2-gcc-14.2.0/release/release_new/new.10/include/trackingdiagnostics:/cvmfs/sphenix.sdcc.bnl.gov/alma9.2-gcc-14.2.0/release/release_new/new.10/include/g4vertex:/cvmfs/sphenix.sdcc.bnl.gov/alma9.2-gcc-14.2.0/release/release_new/new.10/include/jetbase:/cvmfs/sphenix.sdcc.bnl.gov/alma9.2-gcc-14.2.0/release/release_new/new.10/include/globalvertex:/cvmfs/sphenix.sdcc.bnl.gov/alma9.2-gcc-14.2.0/release/release_new/new.10/include/phgenfit:/cvmfs/sphenix.sdcc.bnl.gov/alma9.2-gcc-14.2.0/release/release_new/new.10/include/rawbcolumi:/cvmfs/sphenix.sdcc.bnl.gov/alma9.2-gcc-14.2.0/release/release_new/new.10/include/eicsmear:/cvmfs/sphenix.sdcc.bnl.gov/alma9.2-gcc-14.2.0/release/release_new/new.10/include/mvtxcalib:/cvmfs/sphenix.sdcc.bnl.gov/alma9.2-gcc-14.2.0/release/release_new/new.10/include/tpclinelaserdiode:/cvmfs/sphenix.sdcc.bnl.gov/alma9.2-gcc-14.2.0/release/release_new/new.10/include/hepmcjettrigger:/cvmfs/sphenix.sdcc.bnl.gov/alma9.2-gcc-14.2.0/release/release_new/new.10/include/core:/cvmfs/sphenix.sdcc.bnl.gov/alma9.2-gcc-14.2.0/release/release_new/new.10/include/calo_cdb:/cvmfs/sphenix.sdcc.bnl.gov/alma9.2-gcc-14.2.0/release/release_new/new.10/include/mvtxclustershapesqa:/cvmfs/sphenix.sdcc.bnl.gov/alma9.2-gcc-14.2.0/release/release_new/new.10/include/calopacketskimmer:/cvmfs/sphenix.sdcc.bnl.gov/alma9.2-gcc-14.2.0/opt/sphenix/core/geant4.10.07.p04/include:/cvmfs/sphenix.sdcc.bnl.gov/alma9.2-gcc-14.2.0/release/release_new/new.10/rootmacros:/cvmfs/sphenix.sdcc.bnl.gov/alma9.2-gcc-14.2.0/opt/sphenix/core/include
GSEARCHPATH=.:PG:LUSTRE:RAWDATA
PWD=/gpfs/mnt/gpfs02/sphenix/user/samfred/run25/ppg11/histmaking
LOGNAME=samfred
_CONDOR_JOB_AD=/home/condor/local/sphnx/execute/dir_2876464/.job.ad
MANPATH=/cvmfs/sphenix.sdcc.bnl.gov/alma9.2-gcc-14.2.0/opt/sphenix/core/gcc/14.2.0-2f0a0/x86_64-el9/share/man:/cvmfs/sphenix.sdcc.bnl.gov/alma9.2-gcc-14.2.0/opt/sphenix/core/binutils/2.40-acaab/x86_64-el9/share/man:/cvmfs/sphenix.sdcc.bnl.gov/alma9.2-gcc-14.2.0/release/release_new/new.10/share/man:/cvmfs/sphenix.sdcc.bnl.gov/alma9.2-gcc-14.2.0/opt/sphenix/utils/share/man:/cvmfs/sphenix.sdcc.bnl.gov/alma9.2-gcc-14.2.0/opt/sphenix/core/share/man:/cvmfs/sphenix.sdcc.bnl.gov/alma9.2-gcc-14.2.0/opt/sphenix/core/root-6.32.06/man:/usr/local/share/man:/usr/share/man
PYTHIA8=/cvmfs/sphenix.sdcc.bnl.gov/alma9.2-gcc-14.2.0/release/release_new/new.10/share/Pythia8
G4INCLDATA=/cvmfs/sphenix.sdcc.bnl.gov/alma9.2-gcc-14.2.0/opt/sphenix/core/geant4.10.07.p04/share/Geant4-10.7.4/data/G4INCL1.0
ORIG_PATH=/usr/local/bin:/usr/bin
CXX=/cvmfs/sphenix.sdcc.bnl.gov/alma9.2-gcc-14.2.0/opt/sphenix/core/gcc/14.2.0-2f0a0/x86_64-el9/bin/g++
G4LEDATA=/cvmfs/sphenix.sdcc.bnl.gov/alma9.2-gcc-14.2.0/opt/sphenix/core/geant4.10.07.p04/share/Geant4-10.7.4/data/G4EMLOW7.13
PYTHON_CPU_COUNT=1
OPENBLAS_NUM_THREADS=1
_CONDOR_BIN=/usr/bin
_CONDOR_ANCESTOR_2876464=2877706:1759352721:1201303322
HOME=/sphenix/u/samfred
G4PARTICLEXSDATA=/cvmfs/sphenix.sdcc.bnl.gov/alma9.2-gcc-14.2.0/opt/sphenix/core/geant4.10.07.p04/share/Geant4-10.7.4/data/G4PARTICLEXS3.1.1
ONLINE_MAIN=/cvmfs/sphenix.sdcc.bnl.gov/alma9.2-gcc-14.2.0/release/release_new/new.10
CALIBRATIONROOT=/cvmfs/sphenix.sdcc.bnl.gov/alma9.2-gcc-14.2.0/release/release_new/new.10/share/calibrations
TMPDIR=/tmp
_CONDOR_SCRATCH_DIR=/home/condor/local/sphnx/execute/dir_2876464
PGUSER=phnxrc
NOPAYLOADCLIENT_CONF=/cvmfs/sphenix.sdcc.bnl.gov/alma9.2-gcc-14.2.0/opt/sphenix/core/etc/sPHENIX_newcdb.json
_CONDOR_ANCESTOR_310754=310789:1756523319:3811027195
XERCESCROOT=/cvmfs/sphenix.sdcc.bnl.gov/alma9.2-gcc-14.2.0/opt/sphenix/core/geant4.10.07.p04
LHAPATH=/cvmfs/sphenix.sdcc.bnl.gov/alma9.2-gcc-14.2.0/opt/sphenix/core/lhapdf-5.9.1/share/lhapdf/PDFsets
G4NEUTRONHPDATA=/cvmfs/sphenix.sdcc.bnl.gov/alma9.2-gcc-14.2.0/opt/sphenix/core/geant4.10.07.p04/share/Geant4-10.7.4/data/G4NDL4.6
PYTHONPATH=.:/cvmfs/sphenix.sdcc.bnl.gov/alma9.2-gcc-14.2.0/release/release_new/new.10/lib/python3.13/site-packages:/cvmfs/sphenix.sdcc.bnl.gov/alma9.2-gcc-14.2.0/opt/sphenix/core/lib/python3.13/site-packages:/cvmfs/sphenix.sdcc.bnl.gov/alma9.2-gcc-14.2.0/opt/sphenix/core/root-6.32.06/lib
USER=samfred
_CONDOR_JOB_PIDS=
TEMP=/tmp
GOMAXPROCS=1
OFFLINE_MAIN=/cvmfs/sphenix.sdcc.bnl.gov/alma9.2-gcc-14.2.0/release/release_new/new.10
SHLVL=1
TF_NUM_THREADS=1
G4SAIDXSDATA=/cvmfs/sphenix.sdcc.bnl.gov/alma9.2-gcc-14.2.0/opt/sphenix/core/geant4.10.07.p04/share/Geant4-10.7.4/data/G4SAIDDATA2.0
APPTAINER_CACHEDIR=/home/condor/local/sphnx/execute/dir_2876464
ROOTSYS=/cvmfs/sphenix.sdcc.bnl.gov/alma9.2-gcc-14.2.0/opt/sphenix/core/root-6.32.06
BATCH_SYSTEM=HTCondor
_CONDOR_SLOT=slot1_42
LD_LIBRARY_PATH=/sphenix/user/samfred/run25/install//lib:/cvmfs/sphenix.sdcc.bnl.gov/alma9.2-gcc-14.2.0/opt/sphenix/core/gcc/14.2.0-2f0a0/x86_64-el9/lib:/cvmfs/sphenix.sdcc.bnl.gov/alma9.2-gcc-14.2.0/opt/sphenix/core/gcc/14.2.0-2f0a0/x86_64-el9/lib64:/cvmfs/sphenix.sdcc.bnl.gov/alma9.2-gcc-14.2.0/opt/sphenix/core/binutils/2.40-acaab/x86_64-el9/lib:.:/cvmfs/sphenix.sdcc.bnl.gov/alma9.2-gcc-14.2.0/release/release_new/new.10/lib64:/cvmfs/sphenix.sdcc.bnl.gov/alma9.2-gcc-14.2.0/release/release_new/new.10/lib:/cvmfs/sphenix.sdcc.bnl.gov/alma9.2-gcc-14.2.0/opt/sphenix/utils/lib:/cvmfs/sphenix.sdcc.bnl.gov/alma9.2-gcc-14.2.0/opt/sphenix/core/lib:/cvmfs/sphenix.sdcc.bnl.gov/alma9.2-gcc-14.2.0/opt/sphenix/core/root-6.32.06/lib:/cvmfs/sphenix.sdcc.bnl.gov/alma9.2-gcc-14.2.0/opt/sphenix/core/geant4.10.07.p04/lib64:/cvmfs/sphenix.sdcc.bnl.gov/alma9.2-gcc-14.2.0/opt/sphenix/core/lhapdf-5.9.1/lib:/usr/local/lib64:/usr/lib64
OPT_SPHENIX=/cvmfs/sphenix.sdcc.bnl.gov/alma9.2-gcc-14.2.0/opt/sphenix/core
TF_LOOP_PARALLEL_ITERATIONS=1
EVT_LIB=/cvmfs/sphenix.sdcc.bnl.gov/alma9.2-gcc-14.2.0/opt/sphenix/core/root-6.32.06/lib
PGHOST=sphnxdbmaster.sdcc.bnl.gov
OMP_NUM_THREADS=1
G4REALSURFACEDATA=/cvmfs/sphenix.sdcc.bnl.gov/alma9.2-gcc-14.2.0/opt/sphenix/core/geant4.10.07.p04/share/Geant4-10.7.4/data/RealSurface2.2
FC=/cvmfs/sphenix.sdcc.bnl.gov/alma9.2-gcc-14.2.0/opt/sphenix/core/gcc/14.2.0-2f0a0/x86_64-el9/bin/gfortran
G4ABLADATA=/cvmfs/sphenix.sdcc.bnl.gov/alma9.2-gcc-14.2.0/opt/sphenix/core/geant4.10.07.p04/share/Geant4-10.7.4/data/G4ABLA3.1
PARASOFT=doesnotexist
TMP=/tmp
OPT_UTILS=/cvmfs/sphenix.sdcc.bnl.gov/alma9.2-gcc-14.2.0/opt/sphenix/utils
CONFIG_SITE=/cvmfs/sphenix.sdcc.bnl.gov/alma9.2-gcc-14.2.0/opt/sphenix/core/etc/config.site
PATH=/sphenix/user/samfred/run25/install//bin:/cvmfs/sphenix.sdcc.bnl.gov/alma9.2-gcc-14.2.0/opt/sphenix/core/gcc/14.2.0-2f0a0/x86_64-el9/bin:/cvmfs/sphenix.sdcc.bnl.gov/alma9.2-gcc-14.2.0/opt/sphenix/core/binutils/2.40-acaab/x86_64-el9/bin:.:/cvmfs/sphenix.sdcc.bnl.gov/alma9.2-gcc-14.2.0/release/release_new/new.10/bin:/cvmfs/sphenix.sdcc.bnl.gov/alma9.2-gcc-14.2.0/opt/sphenix/utils/bin:/cvmfs/sphenix.sdcc.bnl.gov/alma9.2-gcc-14.2.0/opt/sphenix/core/bin:/cvmfs/sphenix.sdcc.bnl.gov/alma9.2-gcc-14.2.0/opt/sphenix/core/root-6.32.06/bin:/cvmfs/sphenix.sdcc.bnl.gov/alma9.2-gcc-14.2.0/opt/sphenix/core/geant4.10.07.p04/bin:/usr/local/bin:/usr/bin:/usr/local/sbin:/usr/sbin
G4LEVELGAMMADATA=/cvmfs/sphenix.sdcc.bnl.gov/alma9.2-gcc-14.2.0/opt/sphenix/core/geant4.10.07.p04/share/Geant4-10.7.4/data/PhotonEvaporation5.7
CC=/cvmfs/sphenix.sdcc.bnl.gov/alma9.2-gcc-14.2.0/opt/sphenix/core/gcc/14.2.0-2f0a0/x86_64-el9/bin/gcc
G4RADIOACTIVEDATA=/cvmfs/sphenix.sdcc.bnl.gov/alma9.2-gcc-14.2.0/opt/sphenix/core/geant4.10.07.p04/share/Geant4-10.7.4/data/RadioactiveDecay5.6
JULIA_NUM_THREADS=1
MKL_NUM_THREADS=1
LHAPDF_DATA_PATH=/cvmfs/sphenix.sdcc.bnl.gov/alma9.2-gcc-14.2.0/release/release_new/new.10/share/LHAPDF
XPLOAD_CONFIG_DIR=/cvmfs/sphenix.sdcc.bnl.gov/alma9.2-gcc-14.2.0/opt/sphenix/core/etc
OLDPWD=/cvmfs/sphenix.sdcc.bnl.gov/alma9.2-gcc-14.2.0/release/release_new/new.10/geant4
_=/usr/bin/printenv
runnumber...
51493
trigger...

   ------------------------------------------------------------------
  | Welcome to ROOT 6.32.06                        https://root.cern |
  | (c) 1995-2024, The ROOT Team; conception: R. Brun, F. Rademakers |
  | Built for linuxx8664gcc on Dec 13 2024, 17:23:48                 |
  | From tags/6-32-06@6-32-06                                        |
  | With g++ (GCC) 14.2.0                                            |
  | Try '.help'/'.?', '.demo', '.license', '.credits', '.quit'/'.q'  |
   ------------------------------------------------------------------


Processing data_histmaker.C(51493)...
entry 1000/5118511 (0.0195369%)
entry 4000/5118511 (0.0781477%)
entry 5000/5118511 (0.0976847%)
entry 7000/5118511 (0.136759%)
entry 8000/5118511 (0.156295%)
entry 10000/5118511 (0.195369%)
entry 11000/5118511 (0.214906%)
entry 12000/5118511 (0.234443%)
entry 16000/5118511 (0.312591%)
entry 18000/5118511 (0.351665%)
entry 19000/5118511 (0.371202%)
entry 21000/5118511 (0.410276%)
entry 23000/5118511 (0.449349%)
entry 24000/5118511 (0.468886%)
entry 25000/5118511 (0.488423%)
entry 27000/5118511 (0.527497%)
entry 28000/5118511 (0.547034%)
entry 31000/5118511 (0.605645%)
entry 32000/5118511 (0.625182%)
entry 33000/5118511 (0.644719%)
entry 35000/5118511 (0.683793%)
entry 37000/5118511 (0.722866%)
entry 38000/5118511 (0.742403%)
entry 39000/5118511 (0.76194%)
entry 41000/5118511 (0.801014%)
entry 43000/5118511 (0.840088%)
entry 45000/5118511 (0.879162%)
entry 46000/5118511 (0.898699%)
entry 47000/5118511 (0.918236%)
entry 48000/5118511 (0.937773%)
entry 49000/5118511 (0.95731%)
entry 51000/5118511 (0.996384%)
entry 53000/5118511 (1.03546%)
entry 54000/5118511 (1.05499%)
entry 55000/5118511 (1.07453%)
entry 56000/5118511 (1.09407%)
entry 57000/5118511 (1.11361%)
entry 58000/5118511 (1.13314%)
entry 60000/5118511 (1.17222%)
entry 61000/5118511 (1.19175%)
entry 62000/5118511 (1.21129%)
entry 63000/5118511 (1.23083%)
entry 68000/5118511 (1.32851%)
entry 71000/5118511 (1.38712%)
entry 73000/5118511 (1.4262%)
entry 75000/5118511 (1.46527%)
entry 78000/5118511 (1.52388%)
entry 79000/5118511 (1.54342%)
entry 80000/5118511 (1.56295%)
entry 81000/5118511 (1.58249%)
entry 83000/5118511 (1.62157%)
entry 85000/5118511 (1.66064%)
entry 86000/5118511 (1.68018%)
entry 88000/5118511 (1.71925%)
entry 89000/5118511 (1.73879%)
entry 90000/5118511 (1.75832%)
entry 91000/5118511 (1.77786%)
entry 92000/5118511 (1.7974%)
entry 94000/5118511 (1.83647%)
entry 96000/5118511 (1.87555%)
entry 97000/5118511 (1.89508%)
entry 100000/5118511 (1.95369%)
entry 103000/5118511 (2.0123%)
entry 105000/5118511 (2.05138%)
entry 106000/5118511 (2.07091%)
entry 107000/5118511 (2.09045%)
entry 108000/5118511 (2.10999%)
entry 109000/5118511 (2.12953%)
entry 110000/5118511 (2.14906%)
entry 111000/5118511 (2.1686%)
entry 112000/5118511 (2.18814%)
entry 114000/5118511 (2.22721%)
entry 115000/5118511 (2.24675%)
entry 116000/5118511 (2.26628%)
entry 117000/5118511 (2.28582%)
entry 119000/5118511 (2.32489%)
entry 120000/5118511 (2.34443%)
entry 121000/5118511 (2.36397%)
entry 122000/5118511 (2.38351%)
entry 123000/5118511 (2.40304%)
entry 124000/5118511 (2.42258%)
entry 126000/5118511 (2.46165%)
entry 127000/5118511 (2.48119%)
entry 129000/5118511 (2.52026%)
entry 130000/5118511 (2.5398%)
entry 131000/5118511 (2.55934%)
entry 134000/5118511 (2.61795%)
entry 139000/5118511 (2.71563%)
entry 140000/5118511 (2.73517%)
entry 141000/5118511 (2.75471%)
entry 142000/5118511 (2.77424%)
entry 143000/5118511 (2.79378%)
entry 144000/5118511 (2.81332%)
entry 145000/5118511 (2.83286%)
entry 146000/5118511 (2.85239%)
entry 147000/5118511 (2.87193%)
entry 148000/5118511 (2.89147%)
entry 149000/5118511 (2.911%)
entry 151000/5118511 (2.95008%)
entry 152000/5118511 (2.96961%)
entry 154000/5118511 (3.00869%)
entry 155000/5118511 (3.02822%)
entry 156000/5118511 (3.04776%)
entry 160000/5118511 (3.12591%)
entry 162000/5118511 (3.16498%)
entry 164000/5118511 (3.20406%)
entry 165000/5118511 (3.22359%)
entry 166000/5118511 (3.24313%)
entry 168000/5118511 (3.2822%)
entry 169000/5118511 (3.30174%)
entry 170000/5118511 (3.32128%)
entry 171000/5118511 (3.34082%)
entry 172000/5118511 (3.36035%)
entry 174000/5118511 (3.39943%)
entry 175000/5118511 (3.41896%)
entry 177000/5118511 (3.45804%)
entry 178000/5118511 (3.47757%)
entry 179000/5118511 (3.49711%)
entry 180000/5118511 (3.51665%)
entry 184000/5118511 (3.5948%)
entry 185000/5118511 (3.61433%)
entry 187000/5118511 (3.65341%)
entry 190000/5118511 (3.71202%)
entry 191000/5118511 (3.73155%)
entry 193000/5118511 (3.77063%)
entry 194000/5118511 (3.79016%)
entry 197000/5118511 (3.84878%)
entry 198000/5118511 (3.86831%)
entry 199000/5118511 (3.88785%)
entry 200000/5118511 (3.90739%)
entry 202000/5118511 (3.94646%)
entry 205000/5118511 (4.00507%)
entry 206000/5118511 (4.02461%)
entry 207000/5118511 (4.04414%)
entry 212000/5118511 (4.14183%)
entry 213000/5118511 (4.16137%)
entry 215000/5118511 (4.20044%)
entry 216000/5118511 (4.21998%)
entry 218000/5118511 (4.25905%)
entry 219000/5118511 (4.27859%)
entry 220000/5118511 (4.29812%)
entry 221000/5118511 (4.31766%)
entry 223000/5118511 (4.35674%)
entry 224000/5118511 (4.37627%)
entry 226000/5118511 (4.41535%)
entry 227000/5118511 (4.43488%)
entry 228000/5118511 (4.45442%)
entry 229000/5118511 (4.47396%)
entry 230000/5118511 (4.49349%)
entry 232000/5118511 (4.53257%)
entry 234000/5118511 (4.57164%)
entry 236000/5118511 (4.61072%)
entry 237000/5118511 (4.63025%)
entry 238000/5118511 (4.64979%)
entry 239000/5118511 (4.66933%)
entry 240000/5118511 (4.68886%)
entry 241000/5118511 (4.7084%)
entry 242000/5118511 (4.72794%)
entry 243000/5118511 (4.74747%)
entry 245000/5118511 (4.78655%)
entry 248000/5118511 (4.84516%)
entry 250000/5118511 (4.88423%)
entry 255000/5118511 (4.98192%)
entry 258000/5118511 (5.04053%)
entry 259000/5118511 (5.06007%)
entry 260000/5118511 (5.0796%)
entry 261000/5118511 (5.09914%)
entry 262000/5118511 (5.11868%)
entry 263000/5118511 (5.13821%)
entry 264000/5118511 (5.15775%)
entry 265000/5118511 (5.17729%)
entry 267000/5118511 (5.21636%)
entry 268000/5118511 (5.2359%)
entry 269000/5118511 (5.25543%)
entry 271000/5118511 (5.29451%)
entry 272000/5118511 (5.31405%)
entry 276000/5118511 (5.39219%)
entry 277000/5118511 (5.41173%)
entry 279000/5118511 (5.4508%)
entry 281000/5118511 (5.48988%)
entry 283000/5118511 (5.52895%)
entry 288000/5118511 (5.62664%)
entry 291000/5118511 (5.68525%)
entry 292000/5118511 (5.70478%)
entry 294000/5118511 (5.74386%)
entry 295000/5118511 (5.76339%)
entry 296000/5118511 (5.78293%)
entry 298000/5118511 (5.82201%)
entry 301000/5118511 (5.88062%)
entry 302000/5118511 (5.90015%)
entry 303000/5118511 (5.91969%)
entry 304000/5118511 (5.93923%)
entry 305000/5118511 (5.95876%)
entry 306000/5118511 (5.9783%)
entry 307000/5118511 (5.99784%)
entry 308000/5118511 (6.01737%)
entry 309000/5118511 (6.03691%)
entry 310000/5118511 (6.05645%)
entry 313000/5118511 (6.11506%)
entry 314000/5118511 (6.1346%)
entry 315000/5118511 (6.15413%)
entry 316000/5118511 (6.17367%)
entry 317000/5118511 (6.19321%)
entry 319000/5118511 (6.23228%)
entry 320000/5118511 (6.25182%)
entry 321000/5118511 (6.27135%)
entry 322000/5118511 (6.29089%)
entry 323000/5118511 (6.31043%)
entry 324000/5118511 (6.32997%)
entry 325000/5118511 (6.3495%)
entry 326000/5118511 (6.36904%)
entry 327000/5118511 (6.38858%)
entry 330000/5118511 (6.44719%)
entry 331000/5118511 (6.46672%)
entry 332000/5118511 (6.48626%)
entry 333000/5118511 (6.5058%)
entry 334000/5118511 (6.52534%)
entry 337000/5118511 (6.58395%)
entry 340000/5118511 (6.64256%)
entry 341000/5118511 (6.66209%)
entry 342000/5118511 (6.68163%)
entry 343000/5118511 (6.70117%)
entry 346000/5118511 (6.75978%)
entry 347000/5118511 (6.77932%)
entry 348000/5118511 (6.79885%)
entry 349000/5118511 (6.81839%)
entry 350000/5118511 (6.83793%)
entry 351000/5118511 (6.85746%)
entry 352000/5118511 (6.877%)
entry 353000/5118511 (6.89654%)
entry 356000/5118511 (6.95515%)
entry 358000/5118511 (6.99422%)
entry 359000/5118511 (7.01376%)
entry 360000/5118511 (7.0333%)
entry 361000/5118511 (7.05283%)
entry 362000/5118511 (7.07237%)
entry 363000/5118511 (7.09191%)
entry 364000/5118511 (7.11144%)
entry 365000/5118511 (7.13098%)
entry 366000/5118511 (7.15052%)
entry 369000/5118511 (7.20913%)
entry 371000/5118511 (7.2482%)
entry 372000/5118511 (7.26774%)
entry 375000/5118511 (7.32635%)
entry 376000/5118511 (7.34589%)
entry 377000/5118511 (7.36542%)
entry 378000/5118511 (7.38496%)
entry 379000/5118511 (7.4045%)
entry 380000/5118511 (7.42403%)
entry 381000/5118511 (7.44357%)
entry 382000/5118511 (7.46311%)
entry 383000/5118511 (7.48264%)
entry 384000/5118511 (7.50218%)
entry 385000/5118511 (7.52172%)
entry 386000/5118511 (7.54126%)
entry 390000/5118511 (7.6194%)
entry 392000/5118511 (7.65848%)
entry 393000/5118511 (7.67801%)
entry 394000/5118511 (7.69755%)
entry 395000/5118511 (7.71709%)
entry 397000/5118511 (7.75616%)
entry 401000/5118511 (7.83431%)
entry 402000/5118511 (7.85385%)
entry 404000/5118511 (7.89292%)
entry 406000/5118511 (7.93199%)
entry 407000/5118511 (7.95153%)
entry 408000/5118511 (7.97107%)
entry 409000/5118511 (7.99061%)
entry 411000/5118511 (8.02968%)
entry 417000/5118511 (8.1469%)
entry 418000/5118511 (8.16644%)
entry 422000/5118511 (8.24459%)
entry 424000/5118511 (8.28366%)
entry 426000/5118511 (8.32273%)
entry 429000/5118511 (8.38134%)
entry 430000/5118511 (8.40088%)
entry 432000/5118511 (8.43995%)
entry 433000/5118511 (8.45949%)
entry 434000/5118511 (8.47903%)
entry 436000/5118511 (8.5181%)
entry 437000/5118511 (8.53764%)
entry 440000/5118511 (8.59625%)
entry 441000/5118511 (8.61579%)
entry 443000/5118511 (8.65486%)
entry 444000/5118511 (8.6744%)
entry 445000/5118511 (8.69393%)
entry 447000/5118511 (8.73301%)
entry 448000/5118511 (8.75255%)
entry 449000/5118511 (8.77208%)
entry 451000/5118511 (8.81116%)
entry 453000/5118511 (8.85023%)
entry 456000/5118511 (8.90884%)
entry 457000/5118511 (8.92838%)
entry 458000/5118511 (8.94791%)
entry 459000/5118511 (8.96745%)
entry 460000/5118511 (8.98699%)
entry 461000/5118511 (9.00653%)
entry 462000/5118511 (9.02606%)
entry 463000/5118511 (9.0456%)
entry 465000/5118511 (9.08467%)
entry 466000/5118511 (9.10421%)
entry 467000/5118511 (9.12375%)
entry 468000/5118511 (9.14328%)
entry 469000/5118511 (9.16282%)
entry 470000/5118511 (9.18236%)
entry 472000/5118511 (9.22143%)
entry 474000/5118511 (9.26051%)
entry 476000/5118511 (9.29958%)
entry 477000/5118511 (9.31912%)
entry 478000/5118511 (9.33865%)
entry 480000/5118511 (9.37773%)
entry 481000/5118511 (9.39726%)
entry 482000/5118511 (9.4168%)
entry 483000/5118511 (9.43634%)
entry 485000/5118511 (9.47541%)
entry 490000/5118511 (9.5731%)
entry 491000/5118511 (9.59263%)
entry 495000/5118511 (9.67078%)
entry 496000/5118511 (9.69032%)
entry 497000/5118511 (9.70986%)
entry 498000/5118511 (9.72939%)
entry 499000/5118511 (9.74893%)
entry 502000/5118511 (9.80754%)
entry 503000/5118511 (9.82708%)
entry 504000/5118511 (9.84661%)
entry 506000/5118511 (9.88569%)
entry 507000/5118511 (9.90522%)
entry 508000/5118511 (9.92476%)
entry 509000/5118511 (9.9443%)
entry 510000/5118511 (9.96384%)
entry 511000/5118511 (9.98337%)
entry 512000/5118511 (10.0029%)
entry 519000/5118511 (10.1397%)
entry 520000/5118511 (10.1592%)
entry 521000/5118511 (10.1787%)
entry 522000/5118511 (10.1983%)
entry 524000/5118511 (10.2374%)
entry 527000/5118511 (10.296%)
entry 528000/5118511 (10.3155%)
entry 530000/5118511 (10.3546%)
entry 531000/5118511 (10.3741%)
entry 532000/5118511 (10.3936%)
entry 534000/5118511 (10.4327%)
entry 536000/5118511 (10.4718%)
entry 538000/5118511 (10.5109%)
entry 539000/5118511 (10.5304%)
entry 542000/5118511 (10.589%)
entry 543000/5118511 (10.6086%)
entry 544000/5118511 (10.6281%)
entry 548000/5118511 (10.7062%)
entry 549000/5118511 (10.7258%)
entry 550000/5118511 (10.7453%)
entry 551000/5118511 (10.7648%)
entry 552000/5118511 (10.7844%)
entry 555000/5118511 (10.843%)
entry 559000/5118511 (10.9211%)
entry 560000/5118511 (10.9407%)
entry 561000/5118511 (10.9602%)
entry 566000/5118511 (11.0579%)
entry 567000/5118511 (11.0774%)
entry 568000/5118511 (11.097%)
entry 569000/5118511 (11.1165%)
entry 570000/5118511 (11.1361%)
entry 571000/5118511 (11.1556%)
entry 573000/5118511 (11.1947%)
entry 574000/5118511 (11.2142%)
entry 576000/5118511 (11.2533%)
entry 577000/5118511 (11.2728%)
entry 579000/5118511 (11.3119%)
entry 581000/5118511 (11.351%)
entry 584000/5118511 (11.4096%)
entry 585000/5118511 (11.4291%)
entry 586000/5118511 (11.4486%)
entry 587000/5118511 (11.4682%)
entry 588000/5118511 (11.4877%)
entry 590000/5118511 (11.5268%)
entry 592000/5118511 (11.5659%)
entry 593000/5118511 (11.5854%)
entry 594000/5118511 (11.6049%)
entry 596000/5118511 (11.644%)
entry 597000/5118511 (11.6635%)
entry 598000/5118511 (11.6831%)
entry 602000/5118511 (11.7612%)
entry 603000/5118511 (11.7808%)
entry 604000/5118511 (11.8003%)
entry 607000/5118511 (11.8589%)
entry 609000/5118511 (11.898%)
entry 611000/5118511 (11.9371%)
entry 612000/5118511 (11.9566%)
entry 613000/5118511 (11.9761%)
entry 616000/5118511 (12.0347%)
entry 617000/5118511 (12.0543%)
entry 618000/5118511 (12.0738%)
entry 620000/5118511 (12.1129%)
entry 621000/5118511 (12.1324%)
entry 625000/5118511 (12.2106%)
entry 626000/5118511 (12.2301%)
entry 628000/5118511 (12.2692%)
entry 630000/5118511 (12.3083%)
entry 631000/5118511 (12.3278%)
entry 633000/5118511 (12.3669%)
entry 636000/5118511 (12.4255%)
entry 639000/5118511 (12.4841%)
entry 640000/5118511 (12.5036%)
entry 642000/5118511 (12.5427%)
entry 644000/5118511 (12.5818%)
entry 645000/5118511 (12.6013%)
entry 646000/5118511 (12.6209%)
entry 647000/5118511 (12.6404%)
entry 648000/5118511 (12.6599%)
entry 649000/5118511 (12.6795%)
entry 650000/5118511 (12.699%)
entry 653000/5118511 (12.7576%)
entry 654000/5118511 (12.7772%)
entry 655000/5118511 (12.7967%)
entry 656000/5118511 (12.8162%)
entry 657000/5118511 (12.8358%)
entry 658000/5118511 (12.8553%)
entry 659000/5118511 (12.8748%)
entry 661000/5118511 (12.9139%)
entry 663000/5118511 (12.953%)
entry 665000/5118511 (12.9921%)
entry 667000/5118511 (13.0311%)
entry 669000/5118511 (13.0702%)
entry 671000/5118511 (13.1093%)
entry 673000/5118511 (13.1484%)
entry 674000/5118511 (13.1679%)
entry 675000/5118511 (13.1874%)
entry 677000/5118511 (13.2265%)
entry 680000/5118511 (13.2851%)
entry 682000/5118511 (13.3242%)
entry 684000/5118511 (13.3633%)
entry 685000/5118511 (13.3828%)
entry 686000/5118511 (13.4023%)
entry 687000/5118511 (13.4219%)
entry 690000/5118511 (13.4805%)
entry 692000/5118511 (13.5196%)
entry 693000/5118511 (13.5391%)
entry 694000/5118511 (13.5586%)
entry 695000/5118511 (13.5782%)
entry 696000/5118511 (13.5977%)
entry 697000/5118511 (13.6172%)
entry 698000/5118511 (13.6368%)
entry 701000/5118511 (13.6954%)
entry 703000/5118511 (13.7345%)
entry 704000/5118511 (13.754%)
entry 705000/5118511 (13.7735%)
entry 707000/5118511 (13.8126%)
entry 708000/5118511 (13.8321%)
entry 709000/5118511 (13.8517%)
entry 710000/5118511 (13.8712%)
entry 711000/5118511 (13.8908%)
entry 712000/5118511 (13.9103%)
entry 714000/5118511 (13.9494%)
entry 715000/5118511 (13.9689%)
entry 716000/5118511 (13.9884%)
entry 717000/5118511 (14.008%)
entry 718000/5118511 (14.0275%)
entry 719000/5118511 (14.0471%)
entry 720000/5118511 (14.0666%)
entry 721000/5118511 (14.0861%)
entry 722000/5118511 (14.1057%)
entry 723000/5118511 (14.1252%)
entry 726000/5118511 (14.1838%)
entry 727000/5118511 (14.2033%)
entry 729000/5118511 (14.2424%)
entry 730000/5118511 (14.262%)
entry 731000/5118511 (14.2815%)
entry 732000/5118511 (14.301%)
entry 733000/5118511 (14.3206%)
entry 736000/5118511 (14.3792%)
entry 737000/5118511 (14.3987%)
entry 738000/5118511 (14.4183%)
entry 740000/5118511 (14.4573%)
entry 741000/5118511 (14.4769%)
entry 742000/5118511 (14.4964%)
entry 745000/5118511 (14.555%)
entry 746000/5118511 (14.5746%)
entry 748000/5118511 (14.6136%)
entry 749000/5118511 (14.6332%)
entry 750000/5118511 (14.6527%)
entry 751000/5118511 (14.6722%)
entry 753000/5118511 (14.7113%)
entry 758000/5118511 (14.809%)
entry 759000/5118511 (14.8285%)
entry 760000/5118511 (14.8481%)
entry 762000/5118511 (14.8871%)
entry 763000/5118511 (14.9067%)
entry 764000/5118511 (14.9262%)
entry 766000/5118511 (14.9653%)
entry 767000/5118511 (14.9848%)
entry 768000/5118511 (15.0044%)
entry 769000/5118511 (15.0239%)
entry 770000/5118511 (15.0434%)
entry 771000/5118511 (15.063%)
entry 772000/5118511 (15.0825%)
entry 773000/5118511 (15.102%)
entry 774000/5118511 (15.1216%)
entry 775000/5118511 (15.1411%)
entry 776000/5118511 (15.1607%)
entry 777000/5118511 (15.1802%)
entry 779000/5118511 (15.2193%)
entry 781000/5118511 (15.2583%)
entry 782000/5118511 (15.2779%)
entry 783000/5118511 (15.2974%)
entry 784000/5118511 (15.317%)
entry 787000/5118511 (15.3756%)
entry 788000/5118511 (15.3951%)
entry 789000/5118511 (15.4146%)
entry 790000/5118511 (15.4342%)
entry 792000/5118511 (15.4732%)
entry 793000/5118511 (15.4928%)
entry 794000/5118511 (15.5123%)
entry 795000/5118511 (15.5319%)
entry 796000/5118511 (15.5514%)
entry 797000/5118511 (15.5709%)
entry 798000/5118511 (15.5905%)
entry 799000/5118511 (15.61%)
entry 800000/5118511 (15.6295%)
entry 802000/5118511 (15.6686%)
entry 803000/5118511 (15.6882%)
entry 804000/5118511 (15.7077%)
entry 807000/5118511 (15.7663%)
entry 808000/5118511 (15.7858%)
entry 811000/5118511 (15.8445%)
entry 812000/5118511 (15.864%)
entry 814000/5118511 (15.9031%)
entry 815000/5118511 (15.9226%)
entry 816000/5118511 (15.9421%)
entry 817000/5118511 (15.9617%)
entry 818000/5118511 (15.9812%)
entry 820000/5118511 (16.0203%)
entry 821000/5118511 (16.0398%)
entry 822000/5118511 (16.0594%)
entry 823000/5118511 (16.0789%)
entry 824000/5118511 (16.0984%)
entry 826000/5118511 (16.1375%)
entry 827000/5118511 (16.157%)
entry 828000/5118511 (16.1766%)
entry 829000/5118511 (16.1961%)
entry 830000/5118511 (16.2157%)
entry 831000/5118511 (16.2352%)
entry 834000/5118511 (16.2938%)
entry 836000/5118511 (16.3329%)
entry 838000/5118511 (16.3719%)
entry 840000/5118511 (16.411%)
entry 842000/5118511 (16.4501%)
entry 843000/5118511 (16.4696%)
entry 844000/5118511 (16.4892%)
entry 846000/5118511 (16.5282%)
entry 849000/5118511 (16.5869%)
entry 852000/5118511 (16.6455%)
entry 855000/5118511 (16.7041%)
entry 857000/5118511 (16.7432%)
entry 858000/5118511 (16.7627%)
entry 859000/5118511 (16.7822%)
entry 860000/5118511 (16.8018%)
entry 861000/5118511 (16.8213%)
entry 862000/5118511 (16.8408%)
entry 863000/5118511 (16.8604%)
entry 864000/5118511 (16.8799%)
entry 865000/5118511 (16.8994%)
entry 866000/5118511 (16.919%)
entry 867000/5118511 (16.9385%)
entry 868000/5118511 (16.9581%)
entry 871000/5118511 (17.0167%)
entry 872000/5118511 (17.0362%)
entry 873000/5118511 (17.0557%)
entry 875000/5118511 (17.0948%)
entry 876000/5118511 (17.1144%)
entry 877000/5118511 (17.1339%)
entry 878000/5118511 (17.1534%)
entry 879000/5118511 (17.173%)
entry 880000/5118511 (17.1925%)
entry 882000/5118511 (17.2316%)
entry 883000/5118511 (17.2511%)
entry 885000/5118511 (17.2902%)
entry 886000/5118511 (17.3097%)
entry 890000/5118511 (17.3879%)
entry 891000/5118511 (17.4074%)
entry 893000/5118511 (17.4465%)
entry 895000/5118511 (17.4856%)
entry 901000/5118511 (17.6028%)
entry 903000/5118511 (17.6418%)
entry 905000/5118511 (17.6809%)
entry 906000/5118511 (17.7005%)
entry 907000/5118511 (17.72%)
entry 909000/5118511 (17.7591%)
entry 910000/5118511 (17.7786%)
entry 911000/5118511 (17.7981%)
entry 912000/5118511 (17.8177%)
entry 913000/5118511 (17.8372%)
entry 914000/5118511 (17.8568%)
entry 917000/5118511 (17.9154%)
entry 919000/5118511 (17.9544%)
entry 920000/5118511 (17.974%)
entry 922000/5118511 (18.0131%)
entry 925000/5118511 (18.0717%)
entry 926000/5118511 (18.0912%)
entry 927000/5118511 (18.1107%)
entry 928000/5118511 (18.1303%)
entry 930000/5118511 (18.1693%)
entry 933000/5118511 (18.228%)
entry 935000/5118511 (18.267%)
entry 936000/5118511 (18.2866%)
entry 940000/5118511 (18.3647%)
entry 947000/5118511 (18.5015%)
entry 948000/5118511 (18.521%)
entry 949000/5118511 (18.5405%)
entry 950000/5118511 (18.5601%)
entry 951000/5118511 (18.5796%)
entry 952000/5118511 (18.5992%)
entry 955000/5118511 (18.6578%)
entry 956000/5118511 (18.6773%)
entry 959000/5118511 (18.7359%)
entry 961000/5118511 (18.775%)
entry 962000/5118511 (18.7945%)
entry 963000/5118511 (18.8141%)
entry 966000/5118511 (18.8727%)
entry 968000/5118511 (18.9118%)
entry 970000/5118511 (18.9508%)
entry 971000/5118511 (18.9704%)
entry 973000/5118511 (19.0094%)
entry 975000/5118511 (19.0485%)
entry 979000/5118511 (19.1267%)
entry 981000/5118511 (19.1657%)
entry 984000/5118511 (19.2243%)
entry 985000/5118511 (19.2439%)
entry 986000/5118511 (19.2634%)
entry 989000/5118511 (19.322%)
entry 990000/5118511 (19.3416%)
entry 992000/5118511 (19.3806%)
entry 994000/5118511 (19.4197%)
entry 995000/5118511 (19.4392%)
entry 997000/5118511 (19.4783%)
entry 999000/5118511 (19.5174%)
entry 1000000/5118511 (19.5369%)
entry 1001000/5118511 (19.5565%)
entry 1007000/5118511 (19.6737%)
entry 1009000/5118511 (19.7128%)
entry 1010000/5118511 (19.7323%)
entry 1011000/5118511 (19.7518%)
entry 1012000/5118511 (19.7714%)
entry 1013000/5118511 (19.7909%)
entry 1014000/5118511 (19.8104%)
entry 1015000/5118511 (19.83%)
entry 1016000/5118511 (19.8495%)
entry 1018000/5118511 (19.8886%)
entry 1019000/5118511 (19.9081%)
entry 1020000/5118511 (19.9277%)
entry 1021000/5118511 (19.9472%)
entry 1022000/5118511 (19.9667%)
entry 1023000/5118511 (19.9863%)
entry 1024000/5118511 (20.0058%)
entry 1025000/5118511 (20.0254%)
entry 1026000/5118511 (20.0449%)
entry 1027000/5118511 (20.0644%)
entry 1028000/5118511 (20.084%)
entry 1030000/5118511 (20.123%)
entry 1031000/5118511 (20.1426%)
entry 1032000/5118511 (20.1621%)
entry 1034000/5118511 (20.2012%)
entry 1036000/5118511 (20.2403%)
entry 1037000/5118511 (20.2598%)
entry 1038000/5118511 (20.2793%)
entry 1039000/5118511 (20.2989%)
entry 1040000/5118511 (20.3184%)
entry 1041000/5118511 (20.3379%)
entry 1042000/5118511 (20.3575%)
entry 1043000/5118511 (20.377%)
entry 1044000/5118511 (20.3966%)
entry 1045000/5118511 (20.4161%)
entry 1046000/5118511 (20.4356%)
entry 1048000/5118511 (20.4747%)
entry 1050000/5118511 (20.5138%)
entry 1051000/5118511 (20.5333%)
entry 1052000/5118511 (20.5529%)
entry 1053000/5118511 (20.5724%)
entry 1055000/5118511 (20.6115%)
entry 1056000/5118511 (20.631%)
entry 1057000/5118511 (20.6505%)
entry 1060000/5118511 (20.7091%)
entry 1061000/5118511 (20.7287%)
entry 1063000/5118511 (20.7678%)
entry 1064000/5118511 (20.7873%)
entry 1067000/5118511 (20.8459%)
entry 1069000/5118511 (20.885%)
entry 1070000/5118511 (20.9045%)
entry 1075000/5118511 (21.0022%)
entry 1077000/5118511 (21.0413%)
entry 1080000/5118511 (21.0999%)
entry 1082000/5118511 (21.139%)
entry 1084000/5118511 (21.178%)
entry 1086000/5118511 (21.2171%)
entry 1087000/5118511 (21.2366%)
entry 1088000/5118511 (21.2562%)
entry 1089000/5118511 (21.2757%)
entry 1090000/5118511 (21.2953%)
entry 1091000/5118511 (21.3148%)
entry 1092000/5118511 (21.3343%)
entry 1093000/5118511 (21.3539%)
entry 1094000/5118511 (21.3734%)
entry 1095000/5118511 (21.3929%)
entry 1096000/5118511 (21.4125%)
entry 1097000/5118511 (21.432%)
entry 1098000/5118511 (21.4516%)
entry 1102000/5118511 (21.5297%)
entry 1104000/5118511 (21.5688%)
entry 1105000/5118511 (21.5883%)
entry 1108000/5118511 (21.6469%)
entry 1109000/5118511 (21.6665%)
entry 1110000/5118511 (21.686%)
entry 1111000/5118511 (21.7055%)
entry 1113000/5118511 (21.7446%)
entry 1114000/5118511 (21.7641%)
entry 1117000/5118511 (21.8228%)
entry 1118000/5118511 (21.8423%)
entry 1122000/5118511 (21.9204%)
entry 1129000/5118511 (22.0572%)
entry 1132000/5118511 (22.1158%)
entry 1133000/5118511 (22.1353%)
entry 1135000/5118511 (22.1744%)
entry 1137000/5118511 (22.2135%)
entry 1138000/5118511 (22.233%)
entry 1139000/5118511 (22.2526%)
entry 1140000/5118511 (22.2721%)
entry 1141000/5118511 (22.2916%)
entry 1143000/5118511 (22.3307%)
entry 1144000/5118511 (22.3503%)
entry 1145000/5118511 (22.3698%)
entry 1147000/5118511 (22.4089%)
entry 1148000/5118511 (22.4284%)
entry 1149000/5118511 (22.4479%)
entry 1150000/5118511 (22.4675%)
entry 1151000/5118511 (22.487%)
entry 1152000/5118511 (22.5065%)
entry 1153000/5118511 (22.5261%)
entry 1155000/5118511 (22.5652%)
entry 1156000/5118511 (22.5847%)
entry 1157000/5118511 (22.6042%)
entry 1158000/5118511 (22.6238%)
entry 1160000/5118511 (22.6628%)
entry 1161000/5118511 (22.6824%)
entry 1163000/5118511 (22.7215%)
entry 1165000/5118511 (22.7605%)
entry 1166000/5118511 (22.7801%)
entry 1167000/5118511 (22.7996%)
entry 1168000/5118511 (22.8191%)
entry 1170000/5118511 (22.8582%)
entry 1173000/5118511 (22.9168%)
entry 1174000/5118511 (22.9364%)
entry 1175000/5118511 (22.9559%)
entry 1176000/5118511 (22.9754%)
entry 1177000/5118511 (22.995%)
entry 1178000/5118511 (23.0145%)
entry 1179000/5118511 (23.034%)
entry 1180000/5118511 (23.0536%)
entry 1181000/5118511 (23.0731%)
entry 1182000/5118511 (23.0927%)
entry 1183000/5118511 (23.1122%)
entry 1184000/5118511 (23.1317%)
entry 1185000/5118511 (23.1513%)
entry 1186000/5118511 (23.1708%)
entry 1189000/5118511 (23.2294%)
entry 1192000/5118511 (23.288%)
entry 1195000/5118511 (23.3466%)
entry 1196000/5118511 (23.3662%)
entry 1198000/5118511 (23.4052%)
entry 1201000/5118511 (23.4639%)
entry 1202000/5118511 (23.4834%)
entry 1205000/5118511 (23.542%)
entry 1206000/5118511 (23.5615%)
entry 1208000/5118511 (23.6006%)
entry 1209000/5118511 (23.6202%)
entry 1210000/5118511 (23.6397%)
entry 1211000/5118511 (23.6592%)
entry 1213000/5118511 (23.6983%)
entry 1215000/5118511 (23.7374%)
entry 1216000/5118511 (23.7569%)
entry 1217000/5118511 (23.7764%)
entry 1218000/5118511 (23.796%)
entry 1219000/5118511 (23.8155%)
entry 1221000/5118511 (23.8546%)
entry 1222000/5118511 (23.8741%)
entry 1228000/5118511 (23.9914%)
entry 1230000/5118511 (24.0304%)
entry 1231000/5118511 (24.05%)
entry 1232000/5118511 (24.0695%)
entry 1233000/5118511 (24.089%)
entry 1234000/5118511 (24.1086%)
entry 1235000/5118511 (24.1281%)
entry 1236000/5118511 (24.1476%)
entry 1240000/5118511 (24.2258%)
entry 1242000/5118511 (24.2649%)
entry 1243000/5118511 (24.2844%)
entry 1244000/5118511 (24.3039%)
entry 1245000/5118511 (24.3235%)
entry 1246000/5118511 (24.343%)
entry 1248000/5118511 (24.3821%)
entry 1249000/5118511 (24.4016%)
entry 1251000/5118511 (24.4407%)
entry 1252000/5118511 (24.4602%)
entry 1253000/5118511 (24.4798%)
entry 1258000/5118511 (24.5775%)
entry 1259000/5118511 (24.597%)
entry 1261000/5118511 (24.6361%)
entry 1262000/5118511 (24.6556%)
entry 1263000/5118511 (24.6751%)
entry 1264000/5118511 (24.6947%)
entry 1266000/5118511 (24.7338%)
entry 1267000/5118511 (24.7533%)
entry 1268000/5118511 (24.7728%)
entry 1270000/5118511 (24.8119%)
entry 1271000/5118511 (24.8314%)
entry 1272000/5118511 (24.851%)
entry 1273000/5118511 (24.8705%)
entry 1275000/5118511 (24.9096%)
entry 1276000/5118511 (24.9291%)
entry 1277000/5118511 (24.9487%)
entry 1278000/5118511 (24.9682%)
entry 1280000/5118511 (25.0073%)
entry 1282000/5118511 (25.0463%)
entry 1284000/5118511 (25.0854%)
entry 1285000/5118511 (25.105%)
entry 1286000/5118511 (25.1245%)
entry 1288000/5118511 (25.1636%)
entry 1289000/5118511 (25.1831%)
entry 1291000/5118511 (25.2222%)
entry 1292000/5118511 (25.2417%)
entry 1294000/5118511 (25.2808%)
entry 1296000/5118511 (25.3199%)
entry 1298000/5118511 (25.3589%)
entry 1302000/5118511 (25.4371%)
entry 1305000/5118511 (25.4957%)
entry 1306000/5118511 (25.5152%)
entry 1307000/5118511 (25.5348%)
entry 1309000/5118511 (25.5738%)
entry 1310000/5118511 (25.5934%)
entry 1311000/5118511 (25.6129%)
entry 1312000/5118511 (25.6325%)
entry 1313000/5118511 (25.652%)
entry 1314000/5118511 (25.6715%)
entry 1316000/5118511 (25.7106%)
entry 1317000/5118511 (25.7301%)
entry 1320000/5118511 (25.7888%)
entry 1321000/5118511 (25.8083%)
entry 1322000/5118511 (25.8278%)
entry 1324000/5118511 (25.8669%)
entry 1327000/5118511 (25.9255%)
entry 1328000/5118511 (25.945%)
entry 1330000/5118511 (25.9841%)
entry 1331000/5118511 (26.0037%)
entry 1332000/5118511 (26.0232%)
entry 1334000/5118511 (26.0623%)
entry 1336000/5118511 (26.1013%)
entry 1337000/5118511 (26.1209%)
entry 1338000/5118511 (26.1404%)
entry 1339000/5118511 (26.16%)
entry 1340000/5118511 (26.1795%)
entry 1342000/5118511 (26.2186%)
entry 1343000/5118511 (26.2381%)
entry 1344000/5118511 (26.2576%)
entry 1346000/5118511 (26.2967%)
entry 1349000/5118511 (26.3553%)
entry 1350000/5118511 (26.3749%)
entry 1352000/5118511 (26.4139%)
entry 1353000/5118511 (26.4335%)
entry 1354000/5118511 (26.453%)
entry 1355000/5118511 (26.4725%)
entry 1356000/5118511 (26.4921%)
entry 1359000/5118511 (26.5507%)
entry 1360000/5118511 (26.5702%)
entry 1361000/5118511 (26.5898%)
entry 1362000/5118511 (26.6093%)
entry 1363000/5118511 (26.6288%)
entry 1364000/5118511 (26.6484%)
entry 1365000/5118511 (26.6679%)
entry 1366000/5118511 (26.6874%)
entry 1367000/5118511 (26.707%)
entry 1368000/5118511 (26.7265%)
entry 1369000/5118511 (26.7461%)
entry 1370000/5118511 (26.7656%)
entry 1372000/5118511 (26.8047%)
entry 1373000/5118511 (26.8242%)
entry 1374000/5118511 (26.8437%)
entry 1379000/5118511 (26.9414%)
entry 1381000/5118511 (26.9805%)
entry 1382000/5118511 (27%)
entry 1384000/5118511 (27.0391%)
entry 1385000/5118511 (27.0586%)
entry 1387000/5118511 (27.0977%)
entry 1388000/5118511 (27.1173%)
entry 1392000/5118511 (27.1954%)
entry 1394000/5118511 (27.2345%)
entry 1396000/5118511 (27.2736%)
entry 1399000/5118511 (27.3322%)
entry 1400000/5118511 (27.3517%)
entry 1401000/5118511 (27.3712%)
entry 1402000/5118511 (27.3908%)
entry 1403000/5118511 (27.4103%)
entry 1404000/5118511 (27.4299%)
entry 1405000/5118511 (27.4494%)
entry 1406000/5118511 (27.4689%)
entry 1407000/5118511 (27.4885%)
entry 1409000/5118511 (27.5275%)
entry 1410000/5118511 (27.5471%)
entry 1412000/5118511 (27.5861%)
entry 1413000/5118511 (27.6057%)
entry 1415000/5118511 (27.6448%)
entry 1416000/5118511 (27.6643%)
entry 1418000/5118511 (27.7034%)
entry 1420000/5118511 (27.7424%)
entry 1422000/5118511 (27.7815%)
entry 1426000/5118511 (27.8597%)
entry 1427000/5118511 (27.8792%)
entry 1428000/5118511 (27.8987%)
entry 1429000/5118511 (27.9183%)
entry 1430000/5118511 (27.9378%)
entry 1431000/5118511 (27.9574%)
entry 1433000/5118511 (27.9964%)
entry 1434000/5118511 (28.016%)
entry 1435000/5118511 (28.0355%)
entry 1437000/5118511 (28.0746%)
entry 1438000/5118511 (28.0941%)
entry 1439000/5118511 (28.1136%)
entry 1440000/5118511 (28.1332%)
entry 1441000/5118511 (28.1527%)
entry 1442000/5118511 (28.1723%)
entry 1443000/5118511 (28.1918%)
entry 1445000/5118511 (28.2309%)
entry 1446000/5118511 (28.2504%)
entry 1449000/5118511 (28.309%)
entry 1450000/5118511 (28.3285%)
entry 1451000/5118511 (28.3481%)
entry 1454000/5118511 (28.4067%)
entry 1456000/5118511 (28.4458%)
entry 1457000/5118511 (28.4653%)
entry 1459000/5118511 (28.5044%)
entry 1460000/5118511 (28.5239%)
entry 1461000/5118511 (28.5435%)
entry 1462000/5118511 (28.563%)
entry 1464000/5118511 (28.6021%)
entry 1465000/5118511 (28.6216%)
entry 1466000/5118511 (28.6411%)
entry 1467000/5118511 (28.6607%)
entry 1468000/5118511 (28.6802%)
entry 1469000/5118511 (28.6998%)
entry 1470000/5118511 (28.7193%)
entry 1473000/5118511 (28.7779%)
entry 1474000/5118511 (28.7974%)
entry 1476000/5118511 (28.8365%)
entry 1477000/5118511 (28.856%)
entry 1478000/5118511 (28.8756%)
entry 1480000/5118511 (28.9147%)
entry 1481000/5118511 (28.9342%)
entry 1482000/5118511 (28.9537%)
entry 1484000/5118511 (28.9928%)
entry 1485000/5118511 (29.0123%)
entry 1486000/5118511 (29.0319%)
entry 1489000/5118511 (29.0905%)
entry 1490000/5118511 (29.11%)
entry 1491000/5118511 (29.1296%)
entry 1493000/5118511 (29.1686%)
entry 1495000/5118511 (29.2077%)
entry 1497000/5118511 (29.2468%)
entry 1498000/5118511 (29.2663%)
entry 1499000/5118511 (29.2859%)
entry 1500000/5118511 (29.3054%)
entry 1502000/5118511 (29.3445%)
entry 1503000/5118511 (29.364%)
entry 1504000/5118511 (29.3835%)
entry 1508000/5118511 (29.4617%)
entry 1510000/5118511 (29.5008%)
entry 1511000/5118511 (29.5203%)
entry 1512000/5118511 (29.5398%)
entry 1514000/5118511 (29.5789%)
entry 1516000/5118511 (29.618%)
entry 1517000/5118511 (29.6375%)
entry 1518000/5118511 (29.6571%)
entry 1519000/5118511 (29.6766%)
entry 1520000/5118511 (29.6961%)
entry 1521000/5118511 (29.7157%)
entry 1523000/5118511 (29.7547%)
entry 1526000/5118511 (29.8134%)
entry 1527000/5118511 (29.8329%)
entry 1528000/5118511 (29.8524%)
entry 1536000/5118511 (30.0087%)
entry 1537000/5118511 (30.0283%)
entry 1538000/5118511 (30.0478%)
entry 1539000/5118511 (30.0673%)
entry 1540000/5118511 (30.0869%)
entry 1541000/5118511 (30.1064%)
entry 1543000/5118511 (30.1455%)
entry 1545000/5118511 (30.1846%)
entry 1547000/5118511 (30.2236%)
entry 1548000/5118511 (30.2432%)
entry 1550000/5118511 (30.2822%)
entry 1551000/5118511 (30.3018%)
entry 1553000/5118511 (30.3409%)
entry 1554000/5118511 (30.3604%)
entry 1556000/5118511 (30.3995%)
entry 1558000/5118511 (30.4385%)
entry 1559000/5118511 (30.4581%)
entry 1560000/5118511 (30.4776%)
entry 1562000/5118511 (30.5167%)
entry 1563000/5118511 (30.5362%)
entry 1564000/5118511 (30.5558%)
entry 1565000/5118511 (30.5753%)
entry 1567000/5118511 (30.6144%)
entry 1568000/5118511 (30.6339%)
entry 1570000/5118511 (30.673%)
entry 1572000/5118511 (30.7121%)
entry 1574000/5118511 (30.7511%)
entry 1575000/5118511 (30.7707%)
entry 1576000/5118511 (30.7902%)
entry 1577000/5118511 (30.8097%)
entry 1578000/5118511 (30.8293%)
entry 1579000/5118511 (30.8488%)
entry 1580000/5118511 (30.8684%)
entry 1581000/5118511 (30.8879%)
entry 1582000/5118511 (30.9074%)
entry 1585000/5118511 (30.966%)
entry 1587000/5118511 (31.0051%)
entry 1589000/5118511 (31.0442%)
entry 1590000/5118511 (31.0637%)
entry 1591000/5118511 (31.0833%)
entry 1592000/5118511 (31.1028%)
entry 1596000/5118511 (31.1809%)
entry 1603000/5118511 (31.3177%)
entry 1604000/5118511 (31.3372%)
entry 1605000/5118511 (31.3568%)
entry 1606000/5118511 (31.3763%)
entry 1607000/5118511 (31.3958%)
entry 1609000/5118511 (31.4349%)
entry 1611000/5118511 (31.474%)
entry 1612000/5118511 (31.4935%)
entry 1613000/5118511 (31.5131%)
entry 1614000/5118511 (31.5326%)
entry 1617000/5118511 (31.5912%)
entry 1618000/5118511 (31.6108%)
entry 1619000/5118511 (31.6303%)
entry 1620000/5118511 (31.6498%)
entry 1622000/5118511 (31.6889%)
entry 1624000/5118511 (31.728%)
entry 1625000/5118511 (31.7475%)
entry 1626000/5118511 (31.7671%)
entry 1627000/5118511 (31.7866%)
entry 1628000/5118511 (31.8061%)
entry 1629000/5118511 (31.8257%)
entry 1631000/5118511 (31.8647%)
entry 1632000/5118511 (31.8843%)
entry 1633000/5118511 (31.9038%)
entry 1635000/5118511 (31.9429%)
entry 1637000/5118511 (31.982%)
entry 1640000/5118511 (32.0406%)
entry 1642000/5118511 (32.0796%)
entry 1643000/5118511 (32.0992%)
entry 1644000/5118511 (32.1187%)
entry 1647000/5118511 (32.1773%)
entry 1648000/5118511 (32.1969%)
entry 1649000/5118511 (32.2164%)
entry 1650000/5118511 (32.2359%)
entry 1651000/5118511 (32.2555%)
entry 1652000/5118511 (32.275%)
entry 1653000/5118511 (32.2945%)
entry 1657000/5118511 (32.3727%)
entry 1661000/5118511 (32.4508%)
entry 1662000/5118511 (32.4704%)
entry 1663000/5118511 (32.4899%)
entry 1664000/5118511 (32.5095%)
entry 1666000/5118511 (32.5485%)
entry 1668000/5118511 (32.5876%)
entry 1669000/5118511 (32.6071%)
entry 1670000/5118511 (32.6267%)
entry 1671000/5118511 (32.6462%)
entry 1672000/5118511 (32.6658%)
entry 1673000/5118511 (32.6853%)
entry 1675000/5118511 (32.7244%)
entry 1678000/5118511 (32.783%)
entry 1679000/5118511 (32.8025%)
entry 1680000/5118511 (32.822%)
entry 1681000/5118511 (32.8416%)
entry 1682000/5118511 (32.8611%)
entry 1683000/5118511 (32.8807%)
entry 1684000/5118511 (32.9002%)
entry 1688000/5118511 (32.9783%)
entry 1689000/5118511 (32.9979%)
entry 1690000/5118511 (33.0174%)
entry 1694000/5118511 (33.0956%)
entry 1697000/5118511 (33.1542%)
entry 1698000/5118511 (33.1737%)
entry 1700000/5118511 (33.2128%)
entry 1702000/5118511 (33.2519%)
entry 1705000/5118511 (33.3105%)
entry 1706000/5118511 (33.33%)
entry 1707000/5118511 (33.3495%)
entry 1708000/5118511 (33.3691%)
entry 1709000/5118511 (33.3886%)
entry 1710000/5118511 (33.4082%)
entry 1711000/5118511 (33.4277%)
entry 1714000/5118511 (33.4863%)
entry 1716000/5118511 (33.5254%)
entry 1717000/5118511 (33.5449%)
entry 1718000/5118511 (33.5644%)
entry 1720000/5118511 (33.6035%)
entry 1721000/5118511 (33.6231%)
entry 1723000/5118511 (33.6621%)
entry 1724000/5118511 (33.6817%)
entry 1725000/5118511 (33.7012%)
entry 1726000/5118511 (33.7207%)
entry 1732000/5118511 (33.838%)
entry 1735000/5118511 (33.8966%)
entry 1736000/5118511 (33.9161%)
entry 1737000/5118511 (33.9357%)
entry 1738000/5118511 (33.9552%)
entry 1740000/5118511 (33.9943%)
entry 1743000/5118511 (34.0529%)
entry 1744000/5118511 (34.0724%)
entry 1745000/5118511 (34.0919%)
entry 1746000/5118511 (34.1115%)
entry 1747000/5118511 (34.131%)
entry 1748000/5118511 (34.1506%)
entry 1749000/5118511 (34.1701%)
entry 1750000/5118511 (34.1896%)
entry 1752000/5118511 (34.2287%)
entry 1753000/5118511 (34.2482%)
entry 1754000/5118511 (34.2678%)
entry 1755000/5118511 (34.2873%)
entry 1756000/5118511 (34.3069%)
entry 1758000/5118511 (34.3459%)
entry 1759000/5118511 (34.3655%)
entry 1762000/5118511 (34.4241%)
entry 1763000/5118511 (34.4436%)
entry 1764000/5118511 (34.4631%)
entry 1765000/5118511 (34.4827%)
entry 1766000/5118511 (34.5022%)
entry 1768000/5118511 (34.5413%)
entry 1769000/5118511 (34.5608%)
entry 1770000/5118511 (34.5804%)
entry 1772000/5118511 (34.6194%)
entry 1773000/5118511 (34.639%)
entry 1774000/5118511 (34.6585%)
entry 1776000/5118511 (34.6976%)
entry 1779000/5118511 (34.7562%)
entry 1780000/5118511 (34.7757%)
entry 1781000/5118511 (34.7953%)
entry 1782000/5118511 (34.8148%)
entry 1783000/5118511 (34.8343%)
entry 1785000/5118511 (34.8734%)
entry 1786000/5118511 (34.893%)
entry 1787000/5118511 (34.9125%)
entry 1788000/5118511 (34.932%)
entry 1789000/5118511 (34.9516%)
entry 1790000/5118511 (34.9711%)
entry 1791000/5118511 (34.9906%)
entry 1792000/5118511 (35.0102%)
entry 1794000/5118511 (35.0493%)
entry 1795000/5118511 (35.0688%)
entry 1796000/5118511 (35.0883%)
entry 1798000/5118511 (35.1274%)
entry 1799000/5118511 (35.1469%)
entry 1800000/5118511 (35.1665%)
entry 1801000/5118511 (35.186%)
entry 1802000/5118511 (35.2056%)
entry 1809000/5118511 (35.3423%)
entry 1810000/5118511 (35.3618%)
entry 1811000/5118511 (35.3814%)
entry 1812000/5118511 (35.4009%)
entry 1813000/5118511 (35.4205%)
entry 1816000/5118511 (35.4791%)
entry 1819000/5118511 (35.5377%)
entry 1820000/5118511 (35.5572%)
entry 1821000/5118511 (35.5768%)
entry 1822000/5118511 (35.5963%)
entry 1823000/5118511 (35.6158%)
entry 1826000/5118511 (35.6744%)
entry 1828000/5118511 (35.7135%)
entry 1829000/5118511 (35.733%)
entry 1830000/5118511 (35.7526%)
entry 1833000/5118511 (35.8112%)
entry 1834000/5118511 (35.8307%)
entry 1836000/5118511 (35.8698%)
entry 1838000/5118511 (35.9089%)
entry 1840000/5118511 (35.948%)
entry 1842000/5118511 (35.987%)
entry 1843000/5118511 (36.0066%)
entry 1846000/5118511 (36.0652%)
entry 1847000/5118511 (36.0847%)
entry 1849000/5118511 (36.1238%)
entry 1852000/5118511 (36.1824%)
entry 1853000/5118511 (36.2019%)
entry 1855000/5118511 (36.241%)
entry 1856000/5118511 (36.2605%)
entry 1858000/5118511 (36.2996%)
entry 1859000/5118511 (36.3192%)
entry 1860000/5118511 (36.3387%)
entry 1864000/5118511 (36.4168%)
entry 1867000/5118511 (36.4755%)
entry 1868000/5118511 (36.495%)
entry 1872000/5118511 (36.5731%)
entry 1873000/5118511 (36.5927%)
entry 1874000/5118511 (36.6122%)
entry 1876000/5118511 (36.6513%)
entry 1877000/5118511 (36.6708%)
entry 1878000/5118511 (36.6904%)
entry 1879000/5118511 (36.7099%)
entry 1880000/5118511 (36.7294%)
entry 1882000/5118511 (36.7685%)
entry 1884000/5118511 (36.8076%)
entry 1885000/5118511 (36.8271%)
entry 1886000/5118511 (36.8467%)
entry 1887000/5118511 (36.8662%)
entry 1888000/5118511 (36.8857%)
entry 1889000/5118511 (36.9053%)
entry 1891000/5118511 (36.9443%)
entry 1892000/5118511 (36.9639%)
entry 1893000/5118511 (36.9834%)
entry 1894000/5118511 (37.0029%)
entry 1895000/5118511 (37.0225%)
entry 1897000/5118511 (37.0616%)
entry 1898000/5118511 (37.0811%)
entry 1902000/5118511 (37.1592%)
entry 1903000/5118511 (37.1788%)
entry 1904000/5118511 (37.1983%)
entry 1906000/5118511 (37.2374%)
entry 1907000/5118511 (37.2569%)
entry 1908000/5118511 (37.2765%)
entry 1909000/5118511 (37.296%)
entry 1910000/5118511 (37.3155%)
entry 1911000/5118511 (37.3351%)
entry 1914000/5118511 (37.3937%)
entry 1915000/5118511 (37.4132%)
entry 1918000/5118511 (37.4718%)
entry 1919000/5118511 (37.4914%)
entry 1920000/5118511 (37.5109%)
entry 1921000/5118511 (37.5304%)
entry 1922000/5118511 (37.55%)
entry 1925000/5118511 (37.6086%)
entry 1928000/5118511 (37.6672%)
entry 1930000/5118511 (37.7063%)
entry 1932000/5118511 (37.7454%)
entry 1934000/5118511 (37.7844%)
entry 1937000/5118511 (37.843%)
entry 1938000/5118511 (37.8626%)
entry 1939000/5118511 (37.8821%)
entry 1941000/5118511 (37.9212%)
entry 1942000/5118511 (37.9407%)
entry 1943000/5118511 (37.9603%)
entry 1946000/5118511 (38.0189%)
entry 1947000/5118511 (38.0384%)
entry 1948000/5118511 (38.0579%)
entry 1949000/5118511 (38.0775%)
entry 1950000/5118511 (38.097%)
entry 1951000/5118511 (38.1166%)
entry 1955000/5118511 (38.1947%)
entry 1956000/5118511 (38.2142%)
entry 1957000/5118511 (38.2338%)
entry 1959000/5118511 (38.2728%)
entry 1963000/5118511 (38.351%)
entry 1965000/5118511 (38.3901%)
entry 1966000/5118511 (38.4096%)
entry 1968000/5118511 (38.4487%)
entry 1971000/5118511 (38.5073%)
entry 1972000/5118511 (38.5268%)
entry 1973000/5118511 (38.5464%)
entry 1974000/5118511 (38.5659%)
entry 1975000/5118511 (38.5854%)
entry 1976000/5118511 (38.605%)
entry 1977000/5118511 (38.6245%)
entry 1980000/5118511 (38.6831%)
entry 1981000/5118511 (38.7027%)
entry 1983000/5118511 (38.7417%)
entry 1985000/5118511 (38.7808%)
entry 1986000/5118511 (38.8003%)
entry 1988000/5118511 (38.8394%)
entry 1989000/5118511 (38.859%)
entry 1990000/5118511 (38.8785%)
entry 1994000/5118511 (38.9566%)
entry 1995000/5118511 (38.9762%)
entry 1998000/5118511 (39.0348%)
entry 1999000/5118511 (39.0543%)
entry 2000000/5118511 (39.0739%)
entry 2001000/5118511 (39.0934%)
entry 2002000/5118511 (39.1129%)
entry 2003000/5118511 (39.1325%)
entry 2004000/5118511 (39.152%)
entry 2005000/5118511 (39.1715%)
entry 2007000/5118511 (39.2106%)
entry 2008000/5118511 (39.2302%)
entry 2011000/5118511 (39.2888%)
entry 2012000/5118511 (39.3083%)
entry 2013000/5118511 (39.3278%)
entry 2015000/5118511 (39.3669%)
entry 2016000/5118511 (39.3865%)
entry 2017000/5118511 (39.406%)
entry 2020000/5118511 (39.4646%)
entry 2024000/5118511 (39.5427%)
entry 2025000/5118511 (39.5623%)
entry 2028000/5118511 (39.6209%)
entry 2032000/5118511 (39.699%)
entry 2034000/5118511 (39.7381%)
entry 2035000/5118511 (39.7577%)
entry 2036000/5118511 (39.7772%)
entry 2037000/5118511 (39.7967%)
entry 2040000/5118511 (39.8553%)
entry 2041000/5118511 (39.8749%)
entry 2042000/5118511 (39.8944%)
entry 2043000/5118511 (39.914%)
entry 2044000/5118511 (39.9335%)
entry 2048000/5118511 (40.0116%)
entry 2050000/5118511 (40.0507%)
entry 2051000/5118511 (40.0702%)
entry 2053000/5118511 (40.1093%)
entry 2056000/5118511 (40.1679%)
entry 2059000/5118511 (40.2265%)
entry 2061000/5118511 (40.2656%)
entry 2063000/5118511 (40.3047%)
entry 2064000/5118511 (40.3242%)
entry 2065000/5118511 (40.3438%)
entry 2066000/5118511 (40.3633%)
entry 2067000/5118511 (40.3828%)
entry 2068000/5118511 (40.4024%)
entry 2069000/5118511 (40.4219%)
entry 2070000/5118511 (40.4414%)
entry 2071000/5118511 (40.461%)
entry 2072000/5118511 (40.4805%)
entry 2073000/5118511 (40.5001%)
entry 2074000/5118511 (40.5196%)
entry 2077000/5118511 (40.5782%)
entry 2079000/5118511 (40.6173%)
entry 2081000/5118511 (40.6564%)
entry 2082000/5118511 (40.6759%)
entry 2083000/5118511 (40.6954%)
entry 2084000/5118511 (40.715%)
entry 2085000/5118511 (40.7345%)
entry 2086000/5118511 (40.754%)
entry 2089000/5118511 (40.8127%)
entry 2091000/5118511 (40.8517%)
entry 2093000/5118511 (40.8908%)
entry 2094000/5118511 (40.9103%)
entry 2096000/5118511 (40.9494%)
entry 2097000/5118511 (40.9689%)
entry 2099000/5118511 (41.008%)
entry 2103000/5118511 (41.0862%)
entry 2104000/5118511 (41.1057%)
entry 2106000/5118511 (41.1448%)
entry 2107000/5118511 (41.1643%)
entry 2108000/5118511 (41.1839%)
entry 2109000/5118511 (41.2034%)
entry 2111000/5118511 (41.2425%)
entry 2112000/5118511 (41.262%)
entry 2113000/5118511 (41.2815%)
entry 2116000/5118511 (41.3401%)
entry 2117000/5118511 (41.3597%)
entry 2123000/5118511 (41.4769%)
entry 2124000/5118511 (41.4964%)
entry 2125000/5118511 (41.516%)
entry 2128000/5118511 (41.5746%)
entry 2129000/5118511 (41.5941%)
entry 2131000/5118511 (41.6332%)
entry 2133000/5118511 (41.6723%)
entry 2134000/5118511 (41.6918%)
entry 2136000/5118511 (41.7309%)
entry 2137000/5118511 (41.7504%)
entry 2141000/5118511 (41.8286%)
entry 2142000/5118511 (41.8481%)
entry 2143000/5118511 (41.8676%)
entry 2146000/5118511 (41.9263%)
entry 2147000/5118511 (41.9458%)
entry 2149000/5118511 (41.9849%)
entry 2150000/5118511 (42.0044%)
entry 2151000/5118511 (42.0239%)
entry 2153000/5118511 (42.063%)
entry 2154000/5118511 (42.0826%)
entry 2155000/5118511 (42.1021%)
entry 2156000/5118511 (42.1216%)
entry 2159000/5118511 (42.1802%)
entry 2160000/5118511 (42.1998%)
entry 2163000/5118511 (42.2584%)
entry 2166000/5118511 (42.317%)
entry 2169000/5118511 (42.3756%)
entry 2173000/5118511 (42.4538%)
entry 2176000/5118511 (42.5124%)
entry 2177000/5118511 (42.5319%)
entry 2179000/5118511 (42.571%)
entry 2181000/5118511 (42.61%)
entry 2183000/5118511 (42.6491%)
entry 2185000/5118511 (42.6882%)
entry 2186000/5118511 (42.7077%)
entry 2187000/5118511 (42.7273%)
entry 2190000/5118511 (42.7859%)
entry 2193000/5118511 (42.8445%)
entry 2196000/5118511 (42.9031%)
entry 2197000/5118511 (42.9226%)
entry 2199000/5118511 (42.9617%)
entry 2200000/5118511 (42.9812%)
entry 2203000/5118511 (43.0399%)
entry 2205000/5118511 (43.0789%)
entry 2206000/5118511 (43.0985%)
entry 2207000/5118511 (43.118%)
entry 2208000/5118511 (43.1375%)
entry 2209000/5118511 (43.1571%)
entry 2212000/5118511 (43.2157%)
entry 2213000/5118511 (43.2352%)
entry 2214000/5118511 (43.2548%)
entry 2216000/5118511 (43.2938%)
entry 2217000/5118511 (43.3134%)
entry 2218000/5118511 (43.3329%)
entry 2219000/5118511 (43.3525%)
entry 2220000/5118511 (43.372%)
entry 2222000/5118511 (43.4111%)
entry 2223000/5118511 (43.4306%)
entry 2225000/5118511 (43.4697%)
entry 2229000/5118511 (43.5478%)
entry 2233000/5118511 (43.626%)
entry 2234000/5118511 (43.6455%)
entry 2237000/5118511 (43.7041%)
entry 2239000/5118511 (43.7432%)
entry 2240000/5118511 (43.7627%)
entry 2241000/5118511 (43.7823%)
entry 2242000/5118511 (43.8018%)
entry 2243000/5118511 (43.8213%)
entry 2244000/5118511 (43.8409%)
entry 2245000/5118511 (43.8604%)
entry 2246000/5118511 (43.88%)
entry 2247000/5118511 (43.8995%)
entry 2248000/5118511 (43.919%)
entry 2249000/5118511 (43.9386%)
entry 2250000/5118511 (43.9581%)
entry 2251000/5118511 (43.9776%)
entry 2253000/5118511 (44.0167%)
entry 2254000/5118511 (44.0362%)
entry 2255000/5118511 (44.0558%)
entry 2257000/5118511 (44.0949%)
entry 2258000/5118511 (44.1144%)
entry 2259000/5118511 (44.1339%)
entry 2264000/5118511 (44.2316%)
entry 2265000/5118511 (44.2511%)
entry 2268000/5118511 (44.3098%)
entry 2270000/5118511 (44.3488%)
entry 2271000/5118511 (44.3684%)
entry 2273000/5118511 (44.4074%)
entry 2274000/5118511 (44.427%)
entry 2276000/5118511 (44.4661%)
entry 2277000/5118511 (44.4856%)
entry 2278000/5118511 (44.5051%)
entry 2279000/5118511 (44.5247%)
entry 2281000/5118511 (44.5637%)
entry 2282000/5118511 (44.5833%)
entry 2283000/5118511 (44.6028%)
entry 2288000/5118511 (44.7005%)
entry 2289000/5118511 (44.72%)
entry 2290000/5118511 (44.7396%)
entry 2291000/5118511 (44.7591%)
entry 2292000/5118511 (44.7786%)
entry 2293000/5118511 (44.7982%)
entry 2296000/5118511 (44.8568%)
entry 2297000/5118511 (44.8763%)
entry 2298000/5118511 (44.8959%)
entry 2299000/5118511 (44.9154%)
entry 2300000/5118511 (44.9349%)
entry 2303000/5118511 (44.9936%)
entry 2304000/5118511 (45.0131%)
entry 2305000/5118511 (45.0326%)
entry 2306000/5118511 (45.0522%)
entry 2307000/5118511 (45.0717%)
entry 2308000/5118511 (45.0912%)
entry 2310000/5118511 (45.1303%)
entry 2313000/5118511 (45.1889%)
entry 2314000/5118511 (45.2085%)
entry 2315000/5118511 (45.228%)
entry 2316000/5118511 (45.2475%)
entry 2317000/5118511 (45.2671%)
entry 2318000/5118511 (45.2866%)
entry 2319000/5118511 (45.3061%)
entry 2322000/5118511 (45.3648%)
entry 2325000/5118511 (45.4234%)
entry 2326000/5118511 (45.4429%)
entry 2327000/5118511 (45.4624%)
entry 2328000/5118511 (45.482%)
entry 2329000/5118511 (45.5015%)
entry 2330000/5118511 (45.5211%)
entry 2331000/5118511 (45.5406%)
entry 2333000/5118511 (45.5797%)
entry 2335000/5118511 (45.6187%)
entry 2336000/5118511 (45.6383%)
entry 2337000/5118511 (45.6578%)
entry 2338000/5118511 (45.6773%)
entry 2339000/5118511 (45.6969%)
entry 2340000/5118511 (45.7164%)
entry 2342000/5118511 (45.7555%)
entry 2343000/5118511 (45.775%)
entry 2344000/5118511 (45.7946%)
entry 2346000/5118511 (45.8336%)
entry 2347000/5118511 (45.8532%)
entry 2348000/5118511 (45.8727%)
entry 2349000/5118511 (45.8923%)
entry 2350000/5118511 (45.9118%)
entry 2351000/5118511 (45.9313%)
entry 2353000/5118511 (45.9704%)
entry 2355000/5118511 (46.0095%)
entry 2356000/5118511 (46.029%)
entry 2357000/5118511 (46.0485%)
entry 2360000/5118511 (46.1072%)
entry 2362000/5118511 (46.1462%)
entry 2363000/5118511 (46.1658%)
entry 2364000/5118511 (46.1853%)
entry 2365000/5118511 (46.2048%)
entry 2366000/5118511 (46.2244%)
entry 2368000/5118511 (46.2635%)
entry 2369000/5118511 (46.283%)
entry 2370000/5118511 (46.3025%)
entry 2372000/5118511 (46.3416%)
entry 2373000/5118511 (46.3611%)
entry 2374000/5118511 (46.3807%)
entry 2376000/5118511 (46.4197%)
entry 2378000/5118511 (46.4588%)
entry 2379000/5118511 (46.4784%)
entry 2380000/5118511 (46.4979%)
entry 2382000/5118511 (46.537%)
entry 2383000/5118511 (46.5565%)
entry 2384000/5118511 (46.576%)
entry 2385000/5118511 (46.5956%)
entry 2386000/5118511 (46.6151%)
entry 2388000/5118511 (46.6542%)
entry 2389000/5118511 (46.6737%)
entry 2391000/5118511 (46.7128%)
entry 2392000/5118511 (46.7323%)
entry 2393000/5118511 (46.7519%)
entry 2395000/5118511 (46.791%)
entry 2396000/5118511 (46.8105%)
entry 2399000/5118511 (46.8691%)
entry 2402000/5118511 (46.9277%)
entry 2403000/5118511 (46.9472%)
entry 2405000/5118511 (46.9863%)
entry 2407000/5118511 (47.0254%)
entry 2408000/5118511 (47.0449%)
entry 2410000/5118511 (47.084%)
entry 2411000/5118511 (47.1035%)
entry 2412000/5118511 (47.1231%)
entry 2414000/5118511 (47.1622%)
entry 2415000/5118511 (47.1817%)
entry 2417000/5118511 (47.2208%)
entry 2418000/5118511 (47.2403%)
entry 2419000/5118511 (47.2598%)
entry 2420000/5118511 (47.2794%)
entry 2422000/5118511 (47.3184%)
entry 2424000/5118511 (47.3575%)
entry 2426000/5118511 (47.3966%)
entry 2427000/5118511 (47.4161%)
entry 2429000/5118511 (47.4552%)
entry 2430000/5118511 (47.4747%)
entry 2435000/5118511 (47.5724%)
entry 2436000/5118511 (47.592%)
entry 2438000/5118511 (47.631%)
entry 2439000/5118511 (47.6506%)
entry 2440000/5118511 (47.6701%)
entry 2443000/5118511 (47.7287%)
entry 2445000/5118511 (47.7678%)
entry 2446000/5118511 (47.7873%)
entry 2447000/5118511 (47.8069%)
entry 2448000/5118511 (47.8264%)
entry 2450000/5118511 (47.8655%)
entry 2451000/5118511 (47.885%)
entry 2452000/5118511 (47.9046%)
entry 2454000/5118511 (47.9436%)
entry 2456000/5118511 (47.9827%)
entry 2457000/5118511 (48.0022%)
entry 2458000/5118511 (48.0218%)
entry 2459000/5118511 (48.0413%)
entry 2460000/5118511 (48.0609%)
entry 2462000/5118511 (48.0999%)
entry 2464000/5118511 (48.139%)
entry 2465000/5118511 (48.1585%)
entry 2466000/5118511 (48.1781%)
entry 2467000/5118511 (48.1976%)
entry 2468000/5118511 (48.2171%)
entry 2470000/5118511 (48.2562%)
entry 2473000/5118511 (48.3148%)
entry 2475000/5118511 (48.3539%)
entry 2478000/5118511 (48.4125%)
entry 2479000/5118511 (48.4321%)
entry 2481000/5118511 (48.4711%)
entry 2482000/5118511 (48.4907%)
entry 2484000/5118511 (48.5297%)
entry 2486000/5118511 (48.5688%)
entry 2487000/5118511 (48.5884%)
entry 2488000/5118511 (48.6079%)
entry 2489000/5118511 (48.6274%)
entry 2490000/5118511 (48.647%)
entry 2491000/5118511 (48.6665%)
entry 2492000/5118511 (48.686%)
entry 2494000/5118511 (48.7251%)
entry 2495000/5118511 (48.7446%)
entry 2496000/5118511 (48.7642%)
entry 2497000/5118511 (48.7837%)
entry 2498000/5118511 (48.8033%)
entry 2502000/5118511 (48.8814%)
entry 2508000/5118511 (48.9986%)
entry 2509000/5118511 (49.0182%)
entry 2510000/5118511 (49.0377%)
entry 2511000/5118511 (49.0572%)
entry 2512000/5118511 (49.0768%)
entry 2513000/5118511 (49.0963%)
entry 2514000/5118511 (49.1158%)
entry 2515000/5118511 (49.1354%)
entry 2516000/5118511 (49.1549%)
entry 2519000/5118511 (49.2135%)
entry 2520000/5118511 (49.2331%)
entry 2521000/5118511 (49.2526%)
entry 2522000/5118511 (49.2721%)
entry 2525000/5118511 (49.3308%)
entry 2526000/5118511 (49.3503%)
entry 2530000/5118511 (49.4284%)
entry 2531000/5118511 (49.448%)
entry 2532000/5118511 (49.4675%)
entry 2534000/5118511 (49.5066%)
entry 2535000/5118511 (49.5261%)
entry 2536000/5118511 (49.5457%)
entry 2538000/5118511 (49.5847%)
entry 2539000/5118511 (49.6043%)
entry 2541000/5118511 (49.6433%)
entry 2544000/5118511 (49.702%)
entry 2546000/5118511 (49.741%)
entry 2547000/5118511 (49.7606%)
entry 2548000/5118511 (49.7801%)
entry 2549000/5118511 (49.7996%)
entry 2551000/5118511 (49.8387%)
entry 2553000/5118511 (49.8778%)
entry 2554000/5118511 (49.8973%)
entry 2556000/5118511 (49.9364%)
entry 2558000/5118511 (49.9755%)
entry 2559000/5118511 (49.995%)
entry 2560000/5118511 (50.0145%)
entry 2561000/5118511 (50.0341%)
entry 2562000/5118511 (50.0536%)
entry 2564000/5118511 (50.0927%)
entry 2566000/5118511 (50.1318%)
entry 2567000/5118511 (50.1513%)
entry 2568000/5118511 (50.1708%)
entry 2569000/5118511 (50.1904%)
entry 2571000/5118511 (50.2295%)
entry 2572000/5118511 (50.249%)
entry 2573000/5118511 (50.2685%)
entry 2574000/5118511 (50.2881%)
entry 2575000/5118511 (50.3076%)
entry 2576000/5118511 (50.3271%)
entry 2577000/5118511 (50.3467%)
entry 2581000/5118511 (50.4248%)
entry 2582000/5118511 (50.4444%)
entry 2583000/5118511 (50.4639%)
entry 2585000/5118511 (50.503%)
entry 2589000/5118511 (50.5811%)
entry 2590000/5118511 (50.6007%)
entry 2591000/5118511 (50.6202%)
entry 2593000/5118511 (50.6593%)
entry 2594000/5118511 (50.6788%)
entry 2595000/5118511 (50.6983%)
entry 2596000/5118511 (50.7179%)
entry 2597000/5118511 (50.7374%)
entry 2598000/5118511 (50.7569%)
entry 2599000/5118511 (50.7765%)
entry 2600000/5118511 (50.796%)
entry 2601000/5118511 (50.8156%)
entry 2602000/5118511 (50.8351%)
entry 2604000/5118511 (50.8742%)
entry 2605000/5118511 (50.8937%)
entry 2606000/5118511 (50.9132%)
entry 2611000/5118511 (51.0109%)
entry 2613000/5118511 (51.05%)
entry 2617000/5118511 (51.1281%)
entry 2620000/5118511 (51.1868%)
entry 2624000/5118511 (51.2649%)
entry 2628000/5118511 (51.3431%)
entry 2630000/5118511 (51.3821%)
entry 2632000/5118511 (51.4212%)
entry 2635000/5118511 (51.4798%)
entry 2637000/5118511 (51.5189%)
entry 2638000/5118511 (51.5384%)
entry 2639000/5118511 (51.558%)
entry 2641000/5118511 (51.597%)
entry 2642000/5118511 (51.6166%)
entry 2643000/5118511 (51.6361%)
entry 2644000/5118511 (51.6557%)
entry 2646000/5118511 (51.6947%)
entry 2647000/5118511 (51.7143%)
entry 2648000/5118511 (51.7338%)
entry 2653000/5118511 (51.8315%)
entry 2655000/5118511 (51.8706%)
entry 2658000/5118511 (51.9292%)
entry 2659000/5118511 (51.9487%)
entry 2660000/5118511 (51.9682%)
entry 2661000/5118511 (51.9878%)
entry 2662000/5118511 (52.0073%)
entry 2664000/5118511 (52.0464%)
entry 2665000/5118511 (52.0659%)
entry 2666000/5118511 (52.0855%)
entry 2668000/5118511 (52.1245%)
entry 2671000/5118511 (52.1831%)
entry 2673000/5118511 (52.2222%)
entry 2674000/5118511 (52.2418%)
entry 2675000/5118511 (52.2613%)
entry 2676000/5118511 (52.2808%)
entry 2679000/5118511 (52.3394%)
entry 2680000/5118511 (52.359%)
entry 2683000/5118511 (52.4176%)
entry 2684000/5118511 (52.4371%)
entry 2685000/5118511 (52.4567%)
entry 2686000/5118511 (52.4762%)
entry 2688000/5118511 (52.5153%)
entry 2689000/5118511 (52.5348%)
entry 2690000/5118511 (52.5543%)
entry 2691000/5118511 (52.5739%)
entry 2692000/5118511 (52.5934%)
entry 2693000/5118511 (52.613%)
entry 2694000/5118511 (52.6325%)
entry 2695000/5118511 (52.652%)
entry 2696000/5118511 (52.6716%)
entry 2700000/5118511 (52.7497%)
entry 2701000/5118511 (52.7692%)
entry 2702000/5118511 (52.7888%)
entry 2703000/5118511 (52.8083%)
entry 2705000/5118511 (52.8474%)
entry 2707000/5118511 (52.8865%)
entry 2708000/5118511 (52.906%)
entry 2709000/5118511 (52.9256%)
entry 2711000/5118511 (52.9646%)
entry 2712000/5118511 (52.9842%)
entry 2713000/5118511 (53.0037%)
entry 2714000/5118511 (53.0232%)
entry 2717000/5118511 (53.0818%)
entry 2718000/5118511 (53.1014%)
entry 2719000/5118511 (53.1209%)
entry 2720000/5118511 (53.1405%)
entry 2721000/5118511 (53.16%)
entry 2723000/5118511 (53.1991%)
entry 2725000/5118511 (53.2381%)
entry 2729000/5118511 (53.3163%)
entry 2734000/5118511 (53.414%)
entry 2736000/5118511 (53.453%)
entry 2737000/5118511 (53.4726%)
entry 2741000/5118511 (53.5507%)
entry 2744000/5118511 (53.6093%)
entry 2746000/5118511 (53.6484%)
entry 2749000/5118511 (53.707%)
entry 2751000/5118511 (53.7461%)
entry 2752000/5118511 (53.7656%)
entry 2753000/5118511 (53.7852%)
entry 2754000/5118511 (53.8047%)
entry 2759000/5118511 (53.9024%)
entry 2760000/5118511 (53.9219%)
entry 2762000/5118511 (53.961%)
entry 2763000/5118511 (53.9805%)
entry 2765000/5118511 (54.0196%)
entry 2766000/5118511 (54.0392%)
entry 2768000/5118511 (54.0782%)
entry 2769000/5118511 (54.0978%)
entry 2770000/5118511 (54.1173%)
entry 2772000/5118511 (54.1564%)
entry 2773000/5118511 (54.1759%)
entry 2774000/5118511 (54.1954%)
entry 2775000/5118511 (54.215%)
entry 2777000/5118511 (54.2541%)
entry 2782000/5118511 (54.3517%)
entry 2783000/5118511 (54.3713%)
entry 2786000/5118511 (54.4299%)
entry 2787000/5118511 (54.4494%)
entry 2788000/5118511 (54.469%)
entry 2789000/5118511 (54.4885%)
entry 2790000/5118511 (54.508%)
entry 2791000/5118511 (54.5276%)
entry 2793000/5118511 (54.5667%)
entry 2794000/5118511 (54.5862%)
entry 2796000/5118511 (54.6253%)
entry 2797000/5118511 (54.6448%)
entry 2798000/5118511 (54.6643%)
entry 2801000/5118511 (54.7229%)
entry 2803000/5118511 (54.762%)
entry 2805000/5118511 (54.8011%)
entry 2806000/5118511 (54.8206%)
entry 2808000/5118511 (54.8597%)
entry 2809000/5118511 (54.8792%)
entry 2810000/5118511 (54.8988%)
entry 2812000/5118511 (54.9379%)
entry 2813000/5118511 (54.9574%)
entry 2814000/5118511 (54.9769%)
entry 2816000/5118511 (55.016%)
entry 2817000/5118511 (55.0355%)
entry 2818000/5118511 (55.0551%)
entry 2819000/5118511 (55.0746%)
entry 2820000/5118511 (55.0941%)
entry 2821000/5118511 (55.1137%)
entry 2822000/5118511 (55.1332%)
entry 2823000/5118511 (55.1528%)
entry 2825000/5118511 (55.1918%)
entry 2826000/5118511 (55.2114%)
entry 2827000/5118511 (55.2309%)
entry 2828000/5118511 (55.2504%)
entry 2830000/5118511 (55.2895%)
entry 2831000/5118511 (55.3091%)
entry 2832000/5118511 (55.3286%)
entry 2835000/5118511 (55.3872%)
entry 2837000/5118511 (55.4263%)
entry 2838000/5118511 (55.4458%)
entry 2839000/5118511 (55.4653%)
entry 2841000/5118511 (55.5044%)
entry 2843000/5118511 (55.5435%)
entry 2845000/5118511 (55.5826%)
entry 2846000/5118511 (55.6021%)
entry 2847000/5118511 (55.6216%)
entry 2848000/5118511 (55.6412%)
entry 2849000/5118511 (55.6607%)
entry 2852000/5118511 (55.7193%)
entry 2854000/5118511 (55.7584%)
entry 2855000/5118511 (55.7779%)
entry 2856000/5118511 (55.7975%)
entry 2857000/5118511 (55.817%)
entry 2858000/5118511 (55.8366%)
entry 2861000/5118511 (55.8952%)
entry 2863000/5118511 (55.9342%)
entry 2864000/5118511 (55.9538%)
entry 2865000/5118511 (55.9733%)
entry 2866000/5118511 (55.9928%)
entry 2867000/5118511 (56.0124%)
entry 2869000/5118511 (56.0515%)
entry 2871000/5118511 (56.0905%)
entry 2872000/5118511 (56.1101%)
entry 2873000/5118511 (56.1296%)
entry 2877000/5118511 (56.2078%)
entry 2879000/5118511 (56.2468%)
entry 2880000/5118511 (56.2664%)
entry 2881000/5118511 (56.2859%)
entry 2883000/5118511 (56.325%)
entry 2887000/5118511 (56.4031%)
entry 2889000/5118511 (56.4422%)
entry 2891000/5118511 (56.4813%)
entry 2892000/5118511 (56.5008%)
entry 2893000/5118511 (56.5203%)
entry 2894000/5118511 (56.5399%)
entry 2895000/5118511 (56.5594%)
entry 2896000/5118511 (56.579%)
entry 2897000/5118511 (56.5985%)
entry 2899000/5118511 (56.6376%)
entry 2900000/5118511 (56.6571%)
entry 2901000/5118511 (56.6766%)
entry 2902000/5118511 (56.6962%)
entry 2906000/5118511 (56.7743%)
entry 2907000/5118511 (56.7939%)
entry 2908000/5118511 (56.8134%)
entry 2909000/5118511 (56.8329%)
entry 2911000/5118511 (56.872%)
entry 2912000/5118511 (56.8915%)
entry 2913000/5118511 (56.9111%)
entry 2914000/5118511 (56.9306%)
entry 2915000/5118511 (56.9502%)
entry 2918000/5118511 (57.0088%)
entry 2919000/5118511 (57.0283%)
entry 2921000/5118511 (57.0674%)
entry 2922000/5118511 (57.0869%)
entry 2923000/5118511 (57.1065%)
entry 2924000/5118511 (57.126%)
entry 2925000/5118511 (57.1455%)
entry 2927000/5118511 (57.1846%)
entry 2928000/5118511 (57.2041%)
entry 2929000/5118511 (57.2237%)
entry 2930000/5118511 (57.2432%)
entry 2931000/5118511 (57.2627%)
entry 2932000/5118511 (57.2823%)
entry 2933000/5118511 (57.3018%)
entry 2936000/5118511 (57.3604%)
entry 2937000/5118511 (57.38%)
entry 2944000/5118511 (57.5167%)
entry 2945000/5118511 (57.5363%)
entry 2946000/5118511 (57.5558%)
entry 2947000/5118511 (57.5753%)
entry 2949000/5118511 (57.6144%)
entry 2950000/5118511 (57.6339%)
entry 2955000/5118511 (57.7316%)
entry 2956000/5118511 (57.7512%)
entry 2959000/5118511 (57.8098%)
entry 2961000/5118511 (57.8489%)
entry 2962000/5118511 (57.8684%)
entry 2968000/5118511 (57.9856%)
entry 2969000/5118511 (58.0051%)
entry 2970000/5118511 (58.0247%)
entry 2971000/5118511 (58.0442%)
entry 2974000/5118511 (58.1028%)
entry 2975000/5118511 (58.1224%)
entry 2977000/5118511 (58.1614%)
entry 2978000/5118511 (58.181%)
entry 2980000/5118511 (58.2201%)
entry 2981000/5118511 (58.2396%)
entry 2982000/5118511 (58.2591%)
entry 2984000/5118511 (58.2982%)
entry 2985000/5118511 (58.3177%)
entry 2987000/5118511 (58.3568%)
entry 2988000/5118511 (58.3764%)
entry 2991000/5118511 (58.435%)
entry 2992000/5118511 (58.4545%)
entry 2993000/5118511 (58.474%)
entry 2995000/5118511 (58.5131%)
entry 2997000/5118511 (58.5522%)
entry 2998000/5118511 (58.5717%)
entry 2999000/5118511 (58.5913%)
entry 3000000/5118511 (58.6108%)
entry 3002000/5118511 (58.6499%)
entry 3003000/5118511 (58.6694%)
entry 3006000/5118511 (58.728%)
entry 3013000/5118511 (58.8648%)
entry 3015000/5118511 (58.9038%)
entry 3016000/5118511 (58.9234%)
entry 3017000/5118511 (58.9429%)
entry 3018000/5118511 (58.9625%)
entry 3019000/5118511 (58.982%)
entry 3022000/5118511 (59.0406%)
entry 3023000/5118511 (59.0601%)
entry 3024000/5118511 (59.0797%)
entry 3025000/5118511 (59.0992%)
entry 3026000/5118511 (59.1188%)
entry 3027000/5118511 (59.1383%)
entry 3029000/5118511 (59.1774%)
entry 3031000/5118511 (59.2164%)
entry 3032000/5118511 (59.236%)
entry 3033000/5118511 (59.2555%)
entry 3034000/5118511 (59.275%)
entry 3035000/5118511 (59.2946%)
entry 3036000/5118511 (59.3141%)
entry 3037000/5118511 (59.3337%)
entry 3038000/5118511 (59.3532%)
entry 3039000/5118511 (59.3727%)
entry 3040000/5118511 (59.3923%)
entry 3041000/5118511 (59.4118%)
entry 3042000/5118511 (59.4313%)
entry 3045000/5118511 (59.49%)
entry 3048000/5118511 (59.5486%)
entry 3049000/5118511 (59.5681%)
entry 3050000/5118511 (59.5876%)
entry 3051000/5118511 (59.6072%)
entry 3053000/5118511 (59.6463%)
entry 3054000/5118511 (59.6658%)
entry 3056000/5118511 (59.7049%)
entry 3057000/5118511 (59.7244%)
entry 3058000/5118511 (59.7439%)
entry 3060000/5118511 (59.783%)
entry 3061000/5118511 (59.8026%)
entry 3062000/5118511 (59.8221%)
entry 3063000/5118511 (59.8416%)
entry 3064000/5118511 (59.8612%)
entry 3065000/5118511 (59.8807%)
entry 3067000/5118511 (59.9198%)
entry 3068000/5118511 (59.9393%)
entry 3069000/5118511 (59.9588%)
entry 3071000/5118511 (59.9979%)
entry 3075000/5118511 (60.0761%)
entry 3076000/5118511 (60.0956%)
entry 3077000/5118511 (60.1151%)
entry 3081000/5118511 (60.1933%)
entry 3082000/5118511 (60.2128%)
entry 3083000/5118511 (60.2324%)
entry 3084000/5118511 (60.2519%)
entry 3086000/5118511 (60.291%)
entry 3087000/5118511 (60.3105%)
entry 3088000/5118511 (60.33%)
entry 3090000/5118511 (60.3691%)
entry 3091000/5118511 (60.3887%)
entry 3092000/5118511 (60.4082%)
entry 3093000/5118511 (60.4277%)
entry 3096000/5118511 (60.4863%)
entry 3097000/5118511 (60.5059%)
entry 3098000/5118511 (60.5254%)
entry 3099000/5118511 (60.5449%)
entry 3101000/5118511 (60.584%)
entry 3102000/5118511 (60.6036%)
entry 3103000/5118511 (60.6231%)
entry 3104000/5118511 (60.6426%)
entry 3108000/5118511 (60.7208%)
entry 3109000/5118511 (60.7403%)
entry 3110000/5118511 (60.7599%)
entry 3111000/5118511 (60.7794%)
entry 3115000/5118511 (60.8575%)
entry 3116000/5118511 (60.8771%)
entry 3118000/5118511 (60.9162%)
entry 3119000/5118511 (60.9357%)
entry 3121000/5118511 (60.9748%)
entry 3123000/5118511 (61.0138%)
entry 3125000/5118511 (61.0529%)
entry 3127000/5118511 (61.092%)
entry 3128000/5118511 (61.1115%)
entry 3129000/5118511 (61.1311%)
entry 3133000/5118511 (61.2092%)
entry 3134000/5118511 (61.2287%)
entry 3135000/5118511 (61.2483%)
entry 3136000/5118511 (61.2678%)
entry 3137000/5118511 (61.2874%)
entry 3138000/5118511 (61.3069%)
entry 3140000/5118511 (61.346%)
entry 3141000/5118511 (61.3655%)
entry 3142000/5118511 (61.385%)
entry 3143000/5118511 (61.4046%)
entry 3145000/5118511 (61.4437%)
entry 3146000/5118511 (61.4632%)
entry 3147000/5118511 (61.4827%)
entry 3148000/5118511 (61.5023%)
entry 3149000/5118511 (61.5218%)
entry 3153000/5118511 (61.5999%)
entry 3154000/5118511 (61.6195%)
entry 3155000/5118511 (61.639%)
entry 3158000/5118511 (61.6976%)
entry 3160000/5118511 (61.7367%)
entry 3161000/5118511 (61.7562%)
entry 3162000/5118511 (61.7758%)
entry 3163000/5118511 (61.7953%)
entry 3164000/5118511 (61.8149%)
entry 3165000/5118511 (61.8344%)
entry 3166000/5118511 (61.8539%)
entry 3167000/5118511 (61.8735%)
entry 3168000/5118511 (61.893%)
entry 3169000/5118511 (61.9125%)
entry 3170000/5118511 (61.9321%)
entry 3171000/5118511 (61.9516%)
entry 3172000/5118511 (61.9711%)
entry 3174000/5118511 (62.0102%)
entry 3176000/5118511 (62.0493%)
entry 3178000/5118511 (62.0884%)
entry 3179000/5118511 (62.1079%)
entry 3181000/5118511 (62.147%)
entry 3182000/5118511 (62.1665%)
entry 3183000/5118511 (62.1861%)
entry 3184000/5118511 (62.2056%)
entry 3185000/5118511 (62.2251%)
entry 3187000/5118511 (62.2642%)
entry 3188000/5118511 (62.2837%)
entry 3192000/5118511 (62.3619%)
entry 3195000/5118511 (62.4205%)
entry 3196000/5118511 (62.44%)
entry 3197000/5118511 (62.4596%)
entry 3198000/5118511 (62.4791%)
entry 3199000/5118511 (62.4986%)
entry 3201000/5118511 (62.5377%)
entry 3202000/5118511 (62.5573%)
entry 3203000/5118511 (62.5768%)
entry 3204000/5118511 (62.5963%)
entry 3205000/5118511 (62.6159%)
entry 3207000/5118511 (62.6549%)
entry 3209000/5118511 (62.694%)
entry 3210000/5118511 (62.7136%)
entry 3211000/5118511 (62.7331%)
entry 3212000/5118511 (62.7526%)
entry 3213000/5118511 (62.7722%)
entry 3214000/5118511 (62.7917%)
entry 3215000/5118511 (62.8112%)
entry 3216000/5118511 (62.8308%)
entry 3217000/5118511 (62.8503%)
entry 3218000/5118511 (62.8698%)
entry 3220000/5118511 (62.9089%)
entry 3221000/5118511 (62.9285%)
entry 3223000/5118511 (62.9675%)
entry 3225000/5118511 (63.0066%)
entry 3228000/5118511 (63.0652%)
entry 3229000/5118511 (63.0848%)
entry 3230000/5118511 (63.1043%)
entry 3231000/5118511 (63.1238%)
entry 3233000/5118511 (63.1629%)
entry 3235000/5118511 (63.202%)
entry 3236000/5118511 (63.2215%)
entry 3237000/5118511 (63.241%)
entry 3242000/5118511 (63.3387%)
entry 3243000/5118511 (63.3583%)
entry 3244000/5118511 (63.3778%)
entry 3246000/5118511 (63.4169%)
entry 3247000/5118511 (63.4364%)
entry 3248000/5118511 (63.456%)
entry 3249000/5118511 (63.4755%)
entry 3250000/5118511 (63.495%)
entry 3251000/5118511 (63.5146%)
entry 3252000/5118511 (63.5341%)
entry 3254000/5118511 (63.5732%)
entry 3255000/5118511 (63.5927%)
entry 3257000/5118511 (63.6318%)
entry 3258000/5118511 (63.6513%)
entry 3260000/5118511 (63.6904%)
entry 3261000/5118511 (63.7099%)
entry 3264000/5118511 (63.7685%)
entry 3268000/5118511 (63.8467%)
entry 3269000/5118511 (63.8662%)
entry 3273000/5118511 (63.9444%)
entry 3276000/5118511 (64.003%)
entry 3277000/5118511 (64.0225%)
entry 3278000/5118511 (64.0421%)
entry 3279000/5118511 (64.0616%)
entry 3280000/5118511 (64.0811%)
entry 3283000/5118511 (64.1397%)
entry 3285000/5118511 (64.1788%)
entry 3286000/5118511 (64.1984%)
entry 3289000/5118511 (64.257%)
entry 3290000/5118511 (64.2765%)
entry 3294000/5118511 (64.3547%)
entry 3296000/5118511 (64.3937%)
entry 3297000/5118511 (64.4133%)
entry 3298000/5118511 (64.4328%)
entry 3299000/5118511 (64.4523%)
entry 3300000/5118511 (64.4719%)
entry 3301000/5118511 (64.4914%)
entry 3302000/5118511 (64.5109%)
entry 3304000/5118511 (64.55%)
entry 3305000/5118511 (64.5696%)
entry 3306000/5118511 (64.5891%)
entry 3309000/5118511 (64.6477%)
entry 3311000/5118511 (64.6868%)
entry 3314000/5118511 (64.7454%)
entry 3315000/5118511 (64.7649%)
entry 3316000/5118511 (64.7845%)
entry 3317000/5118511 (64.804%)
entry 3318000/5118511 (64.8235%)
entry 3319000/5118511 (64.8431%)
entry 3320000/5118511 (64.8626%)
entry 3324000/5118511 (64.9408%)
entry 3325000/5118511 (64.9603%)
entry 3326000/5118511 (64.9798%)
entry 3327000/5118511 (64.9994%)
entry 3328000/5118511 (65.0189%)
entry 3329000/5118511 (65.0384%)
entry 3330000/5118511 (65.058%)
entry 3332000/5118511 (65.0971%)
entry 3333000/5118511 (65.1166%)
entry 3335000/5118511 (65.1557%)
entry 3339000/5118511 (65.2338%)
entry 3340000/5118511 (65.2534%)
entry 3341000/5118511 (65.2729%)
entry 3342000/5118511 (65.2924%)
entry 3343000/5118511 (65.312%)
entry 3345000/5118511 (65.351%)
entry 3346000/5118511 (65.3706%)
entry 3347000/5118511 (65.3901%)
entry 3351000/5118511 (65.4683%)
entry 3352000/5118511 (65.4878%)
entry 3354000/5118511 (65.5269%)
entry 3355000/5118511 (65.5464%)
entry 3357000/5118511 (65.5855%)
entry 3358000/5118511 (65.605%)
entry 3361000/5118511 (65.6636%)
entry 3363000/5118511 (65.7027%)
entry 3364000/5118511 (65.7222%)
entry 3365000/5118511 (65.7418%)
entry 3367000/5118511 (65.7808%)
entry 3368000/5118511 (65.8004%)
entry 3369000/5118511 (65.8199%)
entry 3371000/5118511 (65.859%)
entry 3372000/5118511 (65.8785%)
entry 3375000/5118511 (65.9371%)
entry 3378000/5118511 (65.9958%)
entry 3379000/5118511 (66.0153%)
entry 3381000/5118511 (66.0544%)
entry 3382000/5118511 (66.0739%)
entry 3383000/5118511 (66.0934%)
entry 3385000/5118511 (66.1325%)
entry 3388000/5118511 (66.1911%)
entry 3390000/5118511 (66.2302%)
entry 3391000/5118511 (66.2497%)
entry 3392000/5118511 (66.2693%)
entry 3393000/5118511 (66.2888%)
entry 3395000/5118511 (66.3279%)
entry 3399000/5118511 (66.406%)
entry 3401000/5118511 (66.4451%)
entry 3403000/5118511 (66.4842%)
entry 3404000/5118511 (66.5037%)
entry 3405000/5118511 (66.5233%)
entry 3406000/5118511 (66.5428%)
entry 3407000/5118511 (66.5623%)
entry 3409000/5118511 (66.6014%)
entry 3410000/5118511 (66.6209%)
entry 3411000/5118511 (66.6405%)
entry 3412000/5118511 (66.66%)
entry 3414000/5118511 (66.6991%)
entry 3416000/5118511 (66.7382%)
entry 3417000/5118511 (66.7577%)
entry 3418000/5118511 (66.7772%)
entry 3419000/5118511 (66.7968%)
entry 3420000/5118511 (66.8163%)
entry 3424000/5118511 (66.8945%)
entry 3425000/5118511 (66.914%)
entry 3426000/5118511 (66.9335%)
entry 3429000/5118511 (66.9921%)
entry 3430000/5118511 (67.0117%)
entry 3431000/5118511 (67.0312%)
entry 3433000/5118511 (67.0703%)
entry 3434000/5118511 (67.0898%)
entry 3436000/5118511 (67.1289%)
entry 3437000/5118511 (67.1484%)
entry 3438000/5118511 (67.168%)
entry 3439000/5118511 (67.1875%)
entry 3441000/5118511 (67.2266%)
entry 3443000/5118511 (67.2657%)
entry 3444000/5118511 (67.2852%)
entry 3445000/5118511 (67.3047%)
entry 3447000/5118511 (67.3438%)
entry 3449000/5118511 (67.3829%)
entry 3450000/5118511 (67.4024%)
entry 3456000/5118511 (67.5196%)
entry 3457000/5118511 (67.5392%)
entry 3458000/5118511 (67.5587%)
entry 3460000/5118511 (67.5978%)
entry 3461000/5118511 (67.6173%)
entry 3462000/5118511 (67.6369%)
entry 3463000/5118511 (67.6564%)
entry 3465000/5118511 (67.6955%)
entry 3466000/5118511 (67.715%)
entry 3467000/5118511 (67.7345%)
entry 3469000/5118511 (67.7736%)
entry 3473000/5118511 (67.8518%)
entry 3477000/5118511 (67.9299%)
entry 3478000/5118511 (67.9495%)
entry 3482000/5118511 (68.0276%)
entry 3483000/5118511 (68.0471%)
entry 3485000/5118511 (68.0862%)
entry 3486000/5118511 (68.1057%)
entry 3488000/5118511 (68.1448%)
entry 3489000/5118511 (68.1644%)
entry 3491000/5118511 (68.2034%)
entry 3492000/5118511 (68.223%)
entry 3496000/5118511 (68.3011%)
entry 3497000/5118511 (68.3206%)
entry 3499000/5118511 (68.3597%)
entry 3503000/5118511 (68.4379%)
entry 3505000/5118511 (68.4769%)
entry 3506000/5118511 (68.4965%)
entry 3507000/5118511 (68.516%)
entry 3511000/5118511 (68.5942%)
entry 3513000/5118511 (68.6332%)
entry 3515000/5118511 (68.6723%)
entry 3517000/5118511 (68.7114%)
entry 3519000/5118511 (68.7505%)
entry 3522000/5118511 (68.8091%)
entry 3525000/5118511 (68.8677%)
entry 3526000/5118511 (68.8872%)
entry 3527000/5118511 (68.9068%)
entry 3528000/5118511 (68.9263%)
entry 3531000/5118511 (68.9849%)
entry 3532000/5118511 (69.0044%)
entry 3533000/5118511 (69.024%)
entry 3536000/5118511 (69.0826%)
entry 3537000/5118511 (69.1021%)
entry 3538000/5118511 (69.1217%)
entry 3539000/5118511 (69.1412%)
entry 3540000/5118511 (69.1607%)
entry 3541000/5118511 (69.1803%)
entry 3542000/5118511 (69.1998%)
entry 3545000/5118511 (69.2584%)
entry 3546000/5118511 (69.278%)
entry 3547000/5118511 (69.2975%)
entry 3548000/5118511 (69.317%)
entry 3553000/5118511 (69.4147%)
entry 3555000/5118511 (69.4538%)
entry 3556000/5118511 (69.4733%)
entry 3558000/5118511 (69.5124%)
entry 3560000/5118511 (69.5515%)
entry 3561000/5118511 (69.571%)
entry 3562000/5118511 (69.5906%)
entry 3563000/5118511 (69.6101%)
entry 3564000/5118511 (69.6296%)
entry 3565000/5118511 (69.6492%)
entry 3566000/5118511 (69.6687%)
entry 3567000/5118511 (69.6882%)
entry 3568000/5118511 (69.7078%)
entry 3569000/5118511 (69.7273%)
entry 3570000/5118511 (69.7468%)
entry 3571000/5118511 (69.7664%)
entry 3572000/5118511 (69.7859%)
entry 3573000/5118511 (69.8055%)
entry 3574000/5118511 (69.825%)
entry 3575000/5118511 (69.8445%)
entry 3577000/5118511 (69.8836%)
entry 3578000/5118511 (69.9031%)
entry 3579000/5118511 (69.9227%)
entry 3580000/5118511 (69.9422%)
entry 3581000/5118511 (69.9618%)
entry 3582000/5118511 (69.9813%)
entry 3583000/5118511 (70.0008%)
entry 3584000/5118511 (70.0204%)
entry 3586000/5118511 (70.0594%)
entry 3588000/5118511 (70.0985%)
entry 3589000/5118511 (70.118%)
entry 3590000/5118511 (70.1376%)
entry 3591000/5118511 (70.1571%)
entry 3592000/5118511 (70.1767%)
entry 3594000/5118511 (70.2157%)
entry 3596000/5118511 (70.2548%)
entry 3598000/5118511 (70.2939%)
entry 3601000/5118511 (70.3525%)
entry 3602000/5118511 (70.372%)
entry 3604000/5118511 (70.4111%)
entry 3606000/5118511 (70.4502%)
entry 3607000/5118511 (70.4697%)
entry 3608000/5118511 (70.4893%)
entry 3609000/5118511 (70.5088%)
entry 3610000/5118511 (70.5283%)
entry 3611000/5118511 (70.5479%)
entry 3612000/5118511 (70.5674%)
entry 3614000/5118511 (70.6065%)
entry 3615000/5118511 (70.626%)
entry 3617000/5118511 (70.6651%)
entry 3618000/5118511 (70.6846%)
entry 3619000/5118511 (70.7042%)
entry 3620000/5118511 (70.7237%)
entry 3621000/5118511 (70.7432%)
entry 3623000/5118511 (70.7823%)
entry 3626000/5118511 (70.8409%)
entry 3629000/5118511 (70.8995%)
entry 3630000/5118511 (70.9191%)
entry 3634000/5118511 (70.9972%)
entry 3636000/5118511 (71.0363%)
entry 3637000/5118511 (71.0558%)
entry 3638000/5118511 (71.0754%)
entry 3639000/5118511 (71.0949%)
entry 3640000/5118511 (71.1144%)
entry 3641000/5118511 (71.134%)
entry 3642000/5118511 (71.1535%)
entry 3643000/5118511 (71.173%)
entry 3645000/5118511 (71.2121%)
entry 3647000/5118511 (71.2512%)
entry 3648000/5118511 (71.2707%)
entry 3649000/5118511 (71.2903%)
entry 3652000/5118511 (71.3489%)
entry 3654000/5118511 (71.3879%)
entry 3655000/5118511 (71.4075%)
entry 3657000/5118511 (71.4466%)
entry 3659000/5118511 (71.4856%)
entry 3660000/5118511 (71.5052%)
entry 3661000/5118511 (71.5247%)
entry 3662000/5118511 (71.5442%)
entry 3663000/5118511 (71.5638%)
entry 3664000/5118511 (71.5833%)
entry 3666000/5118511 (71.6224%)
entry 3667000/5118511 (71.6419%)
entry 3668000/5118511 (71.6615%)
entry 3671000/5118511 (71.7201%)
entry 3673000/5118511 (71.7592%)
entry 3675000/5118511 (71.7982%)
entry 3676000/5118511 (71.8178%)
entry 3677000/5118511 (71.8373%)
entry 3678000/5118511 (71.8568%)
entry 3679000/5118511 (71.8764%)
entry 3682000/5118511 (71.935%)
entry 3683000/5118511 (71.9545%)
entry 3684000/5118511 (71.9741%)
entry 3685000/5118511 (71.9936%)
entry 3686000/5118511 (72.0131%)
entry 3687000/5118511 (72.0327%)
entry 3688000/5118511 (72.0522%)
entry 3692000/5118511 (72.1304%)
entry 3695000/5118511 (72.189%)
entry 3696000/5118511 (72.2085%)
entry 3697000/5118511 (72.228%)
entry 3698000/5118511 (72.2476%)
entry 3699000/5118511 (72.2671%)
entry 3700000/5118511 (72.2866%)
entry 3701000/5118511 (72.3062%)
entry 3703000/5118511 (72.3453%)
entry 3705000/5118511 (72.3843%)
entry 3707000/5118511 (72.4234%)
entry 3709000/5118511 (72.4625%)
entry 3710000/5118511 (72.482%)
entry 3711000/5118511 (72.5016%)
entry 3712000/5118511 (72.5211%)
entry 3713000/5118511 (72.5406%)
entry 3715000/5118511 (72.5797%)
entry 3720000/5118511 (72.6774%)
entry 3721000/5118511 (72.6969%)
entry 3722000/5118511 (72.7165%)
entry 3723000/5118511 (72.736%)
entry 3726000/5118511 (72.7946%)
entry 3727000/5118511 (72.8141%)
entry 3728000/5118511 (72.8337%)
entry 3729000/5118511 (72.8532%)
entry 3730000/5118511 (72.8728%)
entry 3733000/5118511 (72.9314%)
entry 3735000/5118511 (72.9704%)
entry 3736000/5118511 (72.99%)
entry 3739000/5118511 (73.0486%)
entry 3740000/5118511 (73.0681%)
entry 3741000/5118511 (73.0877%)
entry 3742000/5118511 (73.1072%)
entry 3743000/5118511 (73.1267%)
entry 3744000/5118511 (73.1463%)
entry 3746000/5118511 (73.1853%)
entry 3747000/5118511 (73.2049%)
entry 3748000/5118511 (73.2244%)
entry 3749000/5118511 (73.244%)
entry 3751000/5118511 (73.283%)
entry 3752000/5118511 (73.3026%)
entry 3754000/5118511 (73.3416%)
entry 3755000/5118511 (73.3612%)
entry 3758000/5118511 (73.4198%)
entry 3761000/5118511 (73.4784%)
entry 3762000/5118511 (73.4979%)
entry 3763000/5118511 (73.5175%)
entry 3764000/5118511 (73.537%)
entry 3767000/5118511 (73.5956%)
entry 3768000/5118511 (73.6152%)
entry 3769000/5118511 (73.6347%)
entry 3770000/5118511 (73.6542%)
entry 3772000/5118511 (73.6933%)
entry 3774000/5118511 (73.7324%)
entry 3777000/5118511 (73.791%)
entry 3778000/5118511 (73.8105%)
entry 3779000/5118511 (73.8301%)
entry 3780000/5118511 (73.8496%)
entry 3782000/5118511 (73.8887%)
entry 3783000/5118511 (73.9082%)
entry 3784000/5118511 (73.9277%)
entry 3785000/5118511 (73.9473%)
entry 3787000/5118511 (73.9864%)
entry 3788000/5118511 (74.0059%)
entry 3789000/5118511 (74.0254%)
entry 3790000/5118511 (74.045%)
entry 3791000/5118511 (74.0645%)
entry 3792000/5118511 (74.084%)
entry 3793000/5118511 (74.1036%)
entry 3794000/5118511 (74.1231%)
entry 3795000/5118511 (74.1427%)
entry 3797000/5118511 (74.1817%)
entry 3798000/5118511 (74.2013%)
entry 3799000/5118511 (74.2208%)
entry 3800000/5118511 (74.2403%)
entry 3801000/5118511 (74.2599%)
entry 3802000/5118511 (74.2794%)
entry 3803000/5118511 (74.299%)
entry 3805000/5118511 (74.338%)
entry 3808000/5118511 (74.3966%)
entry 3810000/5118511 (74.4357%)
entry 3812000/5118511 (74.4748%)
entry 3813000/5118511 (74.4943%)
entry 3814000/5118511 (74.5139%)
entry 3815000/5118511 (74.5334%)
entry 3816000/5118511 (74.5529%)
entry 3817000/5118511 (74.5725%)
entry 3819000/5118511 (74.6115%)
entry 3821000/5118511 (74.6506%)
entry 3822000/5118511 (74.6702%)
entry 3826000/5118511 (74.7483%)
entry 3827000/5118511 (74.7678%)
entry 3828000/5118511 (74.7874%)
entry 3829000/5118511 (74.8069%)
entry 3830000/5118511 (74.8264%)
entry 3833000/5118511 (74.8851%)
entry 3835000/5118511 (74.9241%)
entry 3836000/5118511 (74.9437%)
entry 3839000/5118511 (75.0023%)
entry 3840000/5118511 (75.0218%)
entry 3841000/5118511 (75.0414%)
entry 3842000/5118511 (75.0609%)
entry 3844000/5118511 (75.1%)
entry 3846000/5118511 (75.139%)
entry 3848000/5118511 (75.1781%)
entry 3849000/5118511 (75.1976%)
entry 3850000/5118511 (75.2172%)
entry 3852000/5118511 (75.2563%)
entry 3853000/5118511 (75.2758%)
entry 3855000/5118511 (75.3149%)
entry 3856000/5118511 (75.3344%)
entry 3857000/5118511 (75.3539%)
entry 3858000/5118511 (75.3735%)
entry 3859000/5118511 (75.393%)
entry 3860000/5118511 (75.4126%)
entry 3861000/5118511 (75.4321%)
entry 3863000/5118511 (75.4712%)
entry 3867000/5118511 (75.5493%)
entry 3868000/5118511 (75.5689%)
entry 3870000/5118511 (75.6079%)
entry 3871000/5118511 (75.6275%)
entry 3872000/5118511 (75.647%)
entry 3874000/5118511 (75.6861%)
entry 3875000/5118511 (75.7056%)
entry 3877000/5118511 (75.7447%)
entry 3880000/5118511 (75.8033%)
entry 3883000/5118511 (75.8619%)
entry 3884000/5118511 (75.8814%)
entry 3886000/5118511 (75.9205%)
entry 3887000/5118511 (75.9401%)
entry 3888000/5118511 (75.9596%)
entry 3889000/5118511 (75.9791%)
entry 3890000/5118511 (75.9987%)
entry 3892000/5118511 (76.0377%)
entry 3893000/5118511 (76.0573%)
entry 3895000/5118511 (76.0963%)
entry 3896000/5118511 (76.1159%)
entry 3897000/5118511 (76.1354%)
entry 3898000/5118511 (76.155%)
entry 3900000/5118511 (76.194%)
entry 3901000/5118511 (76.2136%)
entry 3902000/5118511 (76.2331%)
entry 3903000/5118511 (76.2526%)
entry 3906000/5118511 (76.3113%)
entry 3907000/5118511 (76.3308%)
entry 3908000/5118511 (76.3503%)
entry 3909000/5118511 (76.3699%)
entry 3910000/5118511 (76.3894%)
entry 3911000/5118511 (76.4089%)
entry 3913000/5118511 (76.448%)
entry 3914000/5118511 (76.4675%)
entry 3915000/5118511 (76.4871%)
entry 3919000/5118511 (76.5652%)
entry 3920000/5118511 (76.5848%)
entry 3922000/5118511 (76.6238%)
entry 3923000/5118511 (76.6434%)
entry 3926000/5118511 (76.702%)
entry 3927000/5118511 (76.7215%)
entry 3928000/5118511 (76.7411%)
entry 3931000/5118511 (76.7997%)
entry 3932000/5118511 (76.8192%)
entry 3933000/5118511 (76.8387%)
entry 3936000/5118511 (76.8974%)
entry 3938000/5118511 (76.9364%)
entry 3939000/5118511 (76.956%)
entry 3941000/5118511 (76.9951%)
entry 3942000/5118511 (77.0146%)
entry 3943000/5118511 (77.0341%)
entry 3944000/5118511 (77.0537%)
entry 3946000/5118511 (77.0927%)
entry 3949000/5118511 (77.1513%)
entry 3950000/5118511 (77.1709%)
entry 3951000/5118511 (77.1904%)
entry 3954000/5118511 (77.249%)
entry 3955000/5118511 (77.2686%)
entry 3957000/5118511 (77.3076%)
entry 3958000/5118511 (77.3272%)
entry 3959000/5118511 (77.3467%)
entry 3960000/5118511 (77.3663%)
entry 3961000/5118511 (77.3858%)
entry 3963000/5118511 (77.4249%)
entry 3964000/5118511 (77.4444%)
entry 3969000/5118511 (77.5421%)
entry 3971000/5118511 (77.5812%)
entry 3972000/5118511 (77.6007%)
entry 3974000/5118511 (77.6398%)
entry 3976000/5118511 (77.6788%)
entry 3978000/5118511 (77.7179%)
entry 3980000/5118511 (77.757%)
entry 3981000/5118511 (77.7765%)
entry 3982000/5118511 (77.7961%)
entry 3984000/5118511 (77.8351%)
entry 3985000/5118511 (77.8547%)
entry 3986000/5118511 (77.8742%)
entry 3987000/5118511 (77.8937%)
entry 3988000/5118511 (77.9133%)
entry 3989000/5118511 (77.9328%)
entry 3990000/5118511 (77.9524%)
entry 3991000/5118511 (77.9719%)
entry 3992000/5118511 (77.9914%)
entry 3994000/5118511 (78.0305%)
entry 3996000/5118511 (78.0696%)
entry 3998000/5118511 (78.1087%)
entry 3999000/5118511 (78.1282%)
entry 4001000/5118511 (78.1673%)
entry 4002000/5118511 (78.1868%)
entry 4003000/5118511 (78.2063%)
entry 4005000/5118511 (78.2454%)
entry 4006000/5118511 (78.2649%)
entry 4008000/5118511 (78.304%)
entry 4010000/5118511 (78.3431%)
entry 4011000/5118511 (78.3626%)
entry 4012000/5118511 (78.3822%)
entry 4013000/5118511 (78.4017%)
entry 4014000/5118511 (78.4212%)
entry 4015000/5118511 (78.4408%)
entry 4016000/5118511 (78.4603%)
entry 4017000/5118511 (78.4799%)
entry 4018000/5118511 (78.4994%)
entry 4021000/5118511 (78.558%)
entry 4024000/5118511 (78.6166%)
entry 4025000/5118511 (78.6362%)
entry 4027000/5118511 (78.6752%)
entry 4028000/5118511 (78.6948%)
entry 4029000/5118511 (78.7143%)
entry 4030000/5118511 (78.7338%)
entry 4035000/5118511 (78.8315%)
entry 4036000/5118511 (78.8511%)
entry 4037000/5118511 (78.8706%)
entry 4038000/5118511 (78.8901%)
entry 4039000/5118511 (78.9097%)
entry 4040000/5118511 (78.9292%)
entry 4041000/5118511 (78.9487%)
entry 4043000/5118511 (78.9878%)
entry 4045000/5118511 (79.0269%)
entry 4046000/5118511 (79.0464%)
entry 4047000/5118511 (79.066%)
entry 4049000/5118511 (79.105%)
entry 4050000/5118511 (79.1246%)
entry 4052000/5118511 (79.1636%)
entry 4053000/5118511 (79.1832%)
entry 4054000/5118511 (79.2027%)
entry 4056000/5118511 (79.2418%)
entry 4057000/5118511 (79.2613%)
entry 4058000/5118511 (79.2809%)
entry 4060000/5118511 (79.3199%)
entry 4063000/5118511 (79.3786%)
entry 4065000/5118511 (79.4176%)
entry 4067000/5118511 (79.4567%)
entry 4068000/5118511 (79.4762%)
entry 4073000/5118511 (79.5739%)
entry 4074000/5118511 (79.5935%)
entry 4075000/5118511 (79.613%)
entry 4076000/5118511 (79.6325%)
entry 4079000/5118511 (79.6911%)
entry 4080000/5118511 (79.7107%)
entry 4081000/5118511 (79.7302%)
entry 4082000/5118511 (79.7498%)
entry 4083000/5118511 (79.7693%)
entry 4085000/5118511 (79.8084%)
entry 4086000/5118511 (79.8279%)
entry 4087000/5118511 (79.8474%)
entry 4088000/5118511 (79.867%)
entry 4089000/5118511 (79.8865%)
entry 4090000/5118511 (79.9061%)
entry 4093000/5118511 (79.9647%)
entry 4094000/5118511 (79.9842%)
entry 4095000/5118511 (80.0037%)
entry 4096000/5118511 (80.0233%)
entry 4097000/5118511 (80.0428%)
entry 4098000/5118511 (80.0623%)
entry 4099000/5118511 (80.0819%)
entry 4100000/5118511 (80.1014%)
entry 4101000/5118511 (80.121%)
entry 4104000/5118511 (80.1796%)
entry 4105000/5118511 (80.1991%)
entry 4107000/5118511 (80.2382%)
entry 4108000/5118511 (80.2577%)
entry 4109000/5118511 (80.2773%)
entry 4112000/5118511 (80.3359%)
entry 4113000/5118511 (80.3554%)
entry 4114000/5118511 (80.3749%)
entry 4115000/5118511 (80.3945%)
entry 4116000/5118511 (80.414%)
entry 4117000/5118511 (80.4335%)
entry 4118000/5118511 (80.4531%)
entry 4121000/5118511 (80.5117%)
entry 4122000/5118511 (80.5312%)
entry 4123000/5118511 (80.5508%)
entry 4124000/5118511 (80.5703%)
entry 4127000/5118511 (80.6289%)
entry 4130000/5118511 (80.6875%)
entry 4132000/5118511 (80.7266%)
entry 4133000/5118511 (80.7461%)
entry 4135000/5118511 (80.7852%)
entry 4139000/5118511 (80.8634%)
entry 4141000/5118511 (80.9024%)
entry 4142000/5118511 (80.922%)
entry 4144000/5118511 (80.961%)
entry 4145000/5118511 (80.9806%)
entry 4146000/5118511 (81.0001%)
entry 4148000/5118511 (81.0392%)
entry 4149000/5118511 (81.0587%)
entry 4150000/5118511 (81.0783%)
entry 4151000/5118511 (81.0978%)
entry 4153000/5118511 (81.1369%)
entry 4156000/5118511 (81.1955%)
entry 4157000/5118511 (81.215%)
entry 4158000/5118511 (81.2346%)
entry 4159000/5118511 (81.2541%)
entry 4164000/5118511 (81.3518%)
entry 4165000/5118511 (81.3713%)
entry 4167000/5118511 (81.4104%)
entry 4168000/5118511 (81.4299%)
entry 4169000/5118511 (81.4495%)
entry 4170000/5118511 (81.469%)
entry 4173000/5118511 (81.5276%)
entry 4174000/5118511 (81.5472%)
entry 4175000/5118511 (81.5667%)
entry 4179000/5118511 (81.6448%)
entry 4181000/5118511 (81.6839%)
entry 4184000/5118511 (81.7425%)
entry 4185000/5118511 (81.7621%)
entry 4186000/5118511 (81.7816%)
entry 4187000/5118511 (81.8011%)
entry 4190000/5118511 (81.8597%)
entry 4191000/5118511 (81.8793%)
entry 4192000/5118511 (81.8988%)
entry 4194000/5118511 (81.9379%)
entry 4195000/5118511 (81.9574%)
entry 4196000/5118511 (81.977%)
entry 4197000/5118511 (81.9965%)
entry 4198000/5118511 (82.016%)
entry 4199000/5118511 (82.0356%)
entry 4200000/5118511 (82.0551%)
entry 4201000/5118511 (82.0746%)
entry 4202000/5118511 (82.0942%)
entry 4204000/5118511 (82.1333%)
entry 4205000/5118511 (82.1528%)
entry 4207000/5118511 (82.1919%)
entry 4209000/5118511 (82.2309%)
entry 4211000/5118511 (82.27%)
entry 4212000/5118511 (82.2896%)
entry 4213000/5118511 (82.3091%)
entry 4216000/5118511 (82.3677%)
entry 4218000/5118511 (82.4068%)
entry 4221000/5118511 (82.4654%)
entry 4223000/5118511 (82.5045%)
entry 4224000/5118511 (82.524%)
entry 4225000/5118511 (82.5435%)
entry 4227000/5118511 (82.5826%)
entry 4228000/5118511 (82.6021%)
entry 4229000/5118511 (82.6217%)
entry 4230000/5118511 (82.6412%)
entry 4231000/5118511 (82.6608%)
entry 4232000/5118511 (82.6803%)
entry 4234000/5118511 (82.7194%)
entry 4235000/5118511 (82.7389%)
entry 4237000/5118511 (82.778%)
entry 4242000/5118511 (82.8757%)
entry 4243000/5118511 (82.8952%)
entry 4244000/5118511 (82.9147%)
entry 4245000/5118511 (82.9343%)
entry 4246000/5118511 (82.9538%)
entry 4248000/5118511 (82.9929%)
entry 4253000/5118511 (83.0906%)
entry 4254000/5118511 (83.1101%)
entry 4257000/5118511 (83.1687%)
entry 4258000/5118511 (83.1883%)
entry 4259000/5118511 (83.2078%)
entry 4262000/5118511 (83.2664%)
entry 4263000/5118511 (83.2859%)
entry 4264000/5118511 (83.3055%)
entry 4265000/5118511 (83.325%)
entry 4266000/5118511 (83.3445%)
entry 4268000/5118511 (83.3836%)
entry 4270000/5118511 (83.4227%)
entry 4271000/5118511 (83.4422%)
entry 4273000/5118511 (83.4813%)
entry 4274000/5118511 (83.5008%)
entry 4275000/5118511 (83.5204%)
entry 4276000/5118511 (83.5399%)
entry 4278000/5118511 (83.579%)
entry 4279000/5118511 (83.5985%)
entry 4282000/5118511 (83.6571%)
entry 4286000/5118511 (83.7353%)
entry 4287000/5118511 (83.7548%)
entry 4288000/5118511 (83.7744%)
entry 4289000/5118511 (83.7939%)
entry 4291000/5118511 (83.833%)
entry 4292000/5118511 (83.8525%)
entry 4293000/5118511 (83.8721%)
entry 4295000/5118511 (83.9111%)
entry 4298000/5118511 (83.9697%)
entry 4300000/5118511 (84.0088%)
entry 4301000/5118511 (84.0283%)
entry 4303000/5118511 (84.0674%)
entry 4304000/5118511 (84.087%)
entry 4305000/5118511 (84.1065%)
entry 4306000/5118511 (84.126%)
entry 4307000/5118511 (84.1456%)
entry 4308000/5118511 (84.1651%)
entry 4309000/5118511 (84.1846%)
entry 4313000/5118511 (84.2628%)
entry 4314000/5118511 (84.2823%)
entry 4316000/5118511 (84.3214%)
entry 4317000/5118511 (84.3409%)
entry 4319000/5118511 (84.38%)
entry 4320000/5118511 (84.3995%)
entry 4321000/5118511 (84.4191%)
entry 4322000/5118511 (84.4386%)
entry 4323000/5118511 (84.4582%)
entry 4324000/5118511 (84.4777%)
entry 4326000/5118511 (84.5168%)
entry 4327000/5118511 (84.5363%)
entry 4329000/5118511 (84.5754%)
entry 4330000/5118511 (84.5949%)
entry 4331000/5118511 (84.6144%)
entry 4332000/5118511 (84.634%)
entry 4334000/5118511 (84.6731%)
entry 4337000/5118511 (84.7317%)
entry 4338000/5118511 (84.7512%)
entry 4339000/5118511 (84.7707%)
entry 4341000/5118511 (84.8098%)
entry 4342000/5118511 (84.8294%)
entry 4345000/5118511 (84.888%)
entry 4346000/5118511 (84.9075%)
entry 4347000/5118511 (84.927%)
entry 4348000/5118511 (84.9466%)
entry 4349000/5118511 (84.9661%)
entry 4350000/5118511 (84.9857%)
entry 4351000/5118511 (85.0052%)
entry 4352000/5118511 (85.0247%)
entry 4354000/5118511 (85.0638%)
entry 4358000/5118511 (85.142%)
entry 4359000/5118511 (85.1615%)
entry 4360000/5118511 (85.181%)
entry 4362000/5118511 (85.2201%)
entry 4364000/5118511 (85.2592%)
entry 4365000/5118511 (85.2787%)
entry 4366000/5118511 (85.2982%)
entry 4367000/5118511 (85.3178%)
entry 4368000/5118511 (85.3373%)
entry 4369000/5118511 (85.3569%)
entry 4374000/5118511 (85.4545%)
entry 4376000/5118511 (85.4936%)
entry 4378000/5118511 (85.5327%)
entry 4380000/5118511 (85.5718%)
entry 4382000/5118511 (85.6108%)
entry 4384000/5118511 (85.6499%)
entry 4385000/5118511 (85.6694%)
entry 4386000/5118511 (85.689%)
entry 4387000/5118511 (85.7085%)
entry 4391000/5118511 (85.7867%)
entry 4392000/5118511 (85.8062%)
entry 4394000/5118511 (85.8453%)
entry 4395000/5118511 (85.8648%)
entry 4396000/5118511 (85.8844%)
entry 4397000/5118511 (85.9039%)
entry 4398000/5118511 (85.9234%)
entry 4400000/5118511 (85.9625%)
entry 4401000/5118511 (85.982%)
entry 4403000/5118511 (86.0211%)
entry 4406000/5118511 (86.0797%)
entry 4408000/5118511 (86.1188%)
entry 4409000/5118511 (86.1383%)
entry 4411000/5118511 (86.1774%)
entry 4412000/5118511 (86.1969%)
entry 4415000/5118511 (86.2556%)
entry 4416000/5118511 (86.2751%)
entry 4417000/5118511 (86.2946%)
entry 4418000/5118511 (86.3142%)
entry 4422000/5118511 (86.3923%)
entry 4423000/5118511 (86.4119%)
entry 4425000/5118511 (86.4509%)
entry 4426000/5118511 (86.4705%)
entry 4428000/5118511 (86.5095%)
entry 4429000/5118511 (86.5291%)
entry 4430000/5118511 (86.5486%)
entry 4432000/5118511 (86.5877%)
entry 4433000/5118511 (86.6072%)
entry 4435000/5118511 (86.6463%)
entry 4436000/5118511 (86.6658%)
entry 4437000/5118511 (86.6854%)
entry 4439000/5118511 (86.7244%)
entry 4441000/5118511 (86.7635%)
entry 4442000/5118511 (86.7831%)
entry 4443000/5118511 (86.8026%)
entry 4444000/5118511 (86.8221%)
entry 4445000/5118511 (86.8417%)
entry 4446000/5118511 (86.8612%)
entry 4450000/5118511 (86.9393%)
entry 4451000/5118511 (86.9589%)
entry 4452000/5118511 (86.9784%)
entry 4453000/5118511 (86.998%)
entry 4454000/5118511 (87.0175%)
entry 4455000/5118511 (87.037%)
entry 4456000/5118511 (87.0566%)
entry 4457000/5118511 (87.0761%)
entry 4458000/5118511 (87.0956%)
entry 4460000/5118511 (87.1347%)
entry 4461000/5118511 (87.1543%)
entry 4462000/5118511 (87.1738%)
entry 4463000/5118511 (87.1933%)
entry 4464000/5118511 (87.2129%)
entry 4465000/5118511 (87.2324%)
entry 4466000/5118511 (87.2519%)
entry 4468000/5118511 (87.291%)
entry 4470000/5118511 (87.3301%)
entry 4472000/5118511 (87.3692%)
entry 4474000/5118511 (87.4082%)
entry 4475000/5118511 (87.4278%)
entry 4476000/5118511 (87.4473%)
entry 4477000/5118511 (87.4668%)
entry 4479000/5118511 (87.5059%)
entry 4482000/5118511 (87.5645%)
entry 4483000/5118511 (87.5841%)
entry 4484000/5118511 (87.6036%)
entry 4486000/5118511 (87.6427%)
entry 4488000/5118511 (87.6818%)
entry 4489000/5118511 (87.7013%)
entry 4493000/5118511 (87.7794%)
entry 4494000/5118511 (87.799%)
entry 4495000/5118511 (87.8185%)
entry 4497000/5118511 (87.8576%)
entry 4499000/5118511 (87.8967%)
entry 4501000/5118511 (87.9357%)
entry 4502000/5118511 (87.9553%)
entry 4503000/5118511 (87.9748%)
entry 4504000/5118511 (87.9943%)
entry 4505000/5118511 (88.0139%)
entry 4507000/5118511 (88.053%)
entry 4508000/5118511 (88.0725%)
entry 4509000/5118511 (88.092%)
entry 4512000/5118511 (88.1506%)
entry 4513000/5118511 (88.1702%)
entry 4516000/5118511 (88.2288%)
entry 4518000/5118511 (88.2679%)
entry 4523000/5118511 (88.3655%)
entry 4524000/5118511 (88.3851%)
entry 4525000/5118511 (88.4046%)
entry 4527000/5118511 (88.4437%)
entry 4528000/5118511 (88.4632%)
entry 4529000/5118511 (88.4828%)
entry 4530000/5118511 (88.5023%)
entry 4531000/5118511 (88.5218%)
entry 4533000/5118511 (88.5609%)
entry 4536000/5118511 (88.6195%)
entry 4538000/5118511 (88.6586%)
entry 4539000/5118511 (88.6781%)
entry 4540000/5118511 (88.6977%)
entry 4541000/5118511 (88.7172%)
entry 4542000/5118511 (88.7367%)
entry 4543000/5118511 (88.7563%)
entry 4544000/5118511 (88.7758%)
entry 4545000/5118511 (88.7954%)
entry 4548000/5118511 (88.854%)
entry 4549000/5118511 (88.8735%)
entry 4550000/5118511 (88.893%)
entry 4551000/5118511 (88.9126%)
entry 4554000/5118511 (88.9712%)
entry 4555000/5118511 (88.9907%)
entry 4557000/5118511 (89.0298%)
entry 4558000/5118511 (89.0493%)
entry 4559000/5118511 (89.0689%)
entry 4561000/5118511 (89.1079%)
entry 4563000/5118511 (89.147%)
entry 4566000/5118511 (89.2056%)
entry 4567000/5118511 (89.2252%)
entry 4569000/5118511 (89.2642%)
entry 4570000/5118511 (89.2838%)
entry 4571000/5118511 (89.3033%)
entry 4572000/5118511 (89.3229%)
entry 4573000/5118511 (89.3424%)
entry 4574000/5118511 (89.3619%)
entry 4575000/5118511 (89.3815%)
entry 4577000/5118511 (89.4205%)
entry 4579000/5118511 (89.4596%)
entry 4581000/5118511 (89.4987%)
entry 4582000/5118511 (89.5182%)
entry 4584000/5118511 (89.5573%)
entry 4585000/5118511 (89.5768%)
entry 4586000/5118511 (89.5964%)
entry 4587000/5118511 (89.6159%)
entry 4588000/5118511 (89.6354%)
entry 4589000/5118511 (89.655%)
entry 4591000/5118511 (89.6941%)
entry 4592000/5118511 (89.7136%)
entry 4594000/5118511 (89.7527%)
entry 4596000/5118511 (89.7917%)
entry 4597000/5118511 (89.8113%)
entry 4599000/5118511 (89.8503%)
entry 4600000/5118511 (89.8699%)
entry 4601000/5118511 (89.8894%)
entry 4602000/5118511 (89.909%)
entry 4603000/5118511 (89.9285%)
entry 4604000/5118511 (89.948%)
entry 4605000/5118511 (89.9676%)
entry 4606000/5118511 (89.9871%)
entry 4607000/5118511 (90.0066%)
entry 4608000/5118511 (90.0262%)
entry 4609000/5118511 (90.0457%)
entry 4610000/5118511 (90.0653%)
entry 4611000/5118511 (90.0848%)
entry 4612000/5118511 (90.1043%)
entry 4613000/5118511 (90.1239%)
entry 4614000/5118511 (90.1434%)
entry 4616000/5118511 (90.1825%)
entry 4617000/5118511 (90.202%)
entry 4618000/5118511 (90.2215%)
entry 4620000/5118511 (90.2606%)
entry 4622000/5118511 (90.2997%)
entry 4623000/5118511 (90.3192%)
entry 4624000/5118511 (90.3388%)
entry 4625000/5118511 (90.3583%)
entry 4627000/5118511 (90.3974%)
entry 4629000/5118511 (90.4365%)
entry 4631000/5118511 (90.4755%)
entry 4632000/5118511 (90.4951%)
entry 4633000/5118511 (90.5146%)
entry 4635000/5118511 (90.5537%)
entry 4636000/5118511 (90.5732%)
entry 4637000/5118511 (90.5928%)
entry 4639000/5118511 (90.6318%)
entry 4640000/5118511 (90.6514%)
entry 4643000/5118511 (90.71%)
entry 4646000/5118511 (90.7686%)
entry 4647000/5118511 (90.7881%)
entry 4649000/5118511 (90.8272%)
entry 4650000/5118511 (90.8467%)
entry 4651000/5118511 (90.8663%)
entry 4652000/5118511 (90.8858%)
entry 4653000/5118511 (90.9053%)
entry 4654000/5118511 (90.9249%)
entry 4655000/5118511 (90.9444%)
entry 4656000/5118511 (90.964%)
entry 4657000/5118511 (90.9835%)
entry 4658000/5118511 (91.003%)
entry 4659000/5118511 (91.0226%)
entry 4660000/5118511 (91.0421%)
entry 4661000/5118511 (91.0616%)
entry 4662000/5118511 (91.0812%)
entry 4663000/5118511 (91.1007%)
entry 4665000/5118511 (91.1398%)
entry 4667000/5118511 (91.1789%)
entry 4668000/5118511 (91.1984%)
entry 4669000/5118511 (91.2179%)
entry 4670000/5118511 (91.2375%)
entry 4672000/5118511 (91.2765%)
entry 4675000/5118511 (91.3352%)
entry 4677000/5118511 (91.3742%)
entry 4678000/5118511 (91.3938%)
entry 4680000/5118511 (91.4328%)
entry 4681000/5118511 (91.4524%)
entry 4682000/5118511 (91.4719%)
entry 4683000/5118511 (91.4914%)
entry 4686000/5118511 (91.5501%)
entry 4688000/5118511 (91.5891%)
entry 4689000/5118511 (91.6087%)
entry 4692000/5118511 (91.6673%)
entry 4695000/5118511 (91.7259%)
entry 4697000/5118511 (91.765%)
entry 4705000/5118511 (91.9213%)
entry 4706000/5118511 (91.9408%)
entry 4707000/5118511 (91.9603%)
entry 4708000/5118511 (91.9799%)
entry 4711000/5118511 (92.0385%)
entry 4712000/5118511 (92.058%)
entry 4714000/5118511 (92.0971%)
entry 4716000/5118511 (92.1362%)
entry 4717000/5118511 (92.1557%)
entry 4718000/5118511 (92.1752%)
entry 4719000/5118511 (92.1948%)
entry 4720000/5118511 (92.2143%)
entry 4721000/5118511 (92.2339%)
entry 4722000/5118511 (92.2534%)
entry 4723000/5118511 (92.2729%)
entry 4725000/5118511 (92.312%)
entry 4727000/5118511 (92.3511%)
entry 4728000/5118511 (92.3706%)
entry 4729000/5118511 (92.3901%)
entry 4731000/5118511 (92.4292%)
entry 4732000/5118511 (92.4488%)
entry 4733000/5118511 (92.4683%)
entry 4734000/5118511 (92.4878%)
entry 4736000/5118511 (92.5269%)
entry 4738000/5118511 (92.566%)
entry 4739000/5118511 (92.5855%)
entry 4740000/5118511 (92.6051%)
entry 4742000/5118511 (92.6441%)
entry 4743000/5118511 (92.6637%)
entry 4745000/5118511 (92.7027%)
entry 4746000/5118511 (92.7223%)
entry 4747000/5118511 (92.7418%)
entry 4748000/5118511 (92.7613%)
entry 4749000/5118511 (92.7809%)
entry 4750000/5118511 (92.8004%)
entry 4752000/5118511 (92.8395%)
entry 4753000/5118511 (92.859%)
entry 4754000/5118511 (92.8786%)
entry 4755000/5118511 (92.8981%)
entry 4756000/5118511 (92.9176%)
entry 4757000/5118511 (92.9372%)
entry 4759000/5118511 (92.9763%)
entry 4764000/5118511 (93.0739%)
entry 4765000/5118511 (93.0935%)
entry 4766000/5118511 (93.113%)
entry 4767000/5118511 (93.1326%)
entry 4772000/5118511 (93.2302%)
entry 4773000/5118511 (93.2498%)
entry 4776000/5118511 (93.3084%)
entry 4777000/5118511 (93.3279%)
entry 4780000/5118511 (93.3865%)
entry 4783000/5118511 (93.4451%)
entry 4787000/5118511 (93.5233%)
entry 4792000/5118511 (93.621%)
entry 4793000/5118511 (93.6405%)
entry 4795000/5118511 (93.6796%)
entry 4796000/5118511 (93.6991%)
entry 4798000/5118511 (93.7382%)
entry 4799000/5118511 (93.7577%)
entry 4800000/5118511 (93.7773%)
entry 4801000/5118511 (93.7968%)
entry 4803000/5118511 (93.8359%)
entry 4804000/5118511 (93.8554%)
entry 4805000/5118511 (93.875%)
entry 4807000/5118511 (93.914%)
entry 4808000/5118511 (93.9336%)
entry 4809000/5118511 (93.9531%)
entry 4811000/5118511 (93.9922%)
entry 4812000/5118511 (94.0117%)
entry 4813000/5118511 (94.0313%)
entry 4815000/5118511 (94.0703%)
entry 4820000/5118511 (94.168%)
entry 4821000/5118511 (94.1875%)
entry 4822000/5118511 (94.2071%)
entry 4824000/5118511 (94.2462%)
entry 4825000/5118511 (94.2657%)
entry 4828000/5118511 (94.3243%)
entry 4829000/5118511 (94.3438%)
entry 4831000/5118511 (94.3829%)
entry 4832000/5118511 (94.4025%)
entry 4833000/5118511 (94.422%)
entry 4835000/5118511 (94.4611%)
entry 4836000/5118511 (94.4806%)
entry 4837000/5118511 (94.5001%)
entry 4838000/5118511 (94.5197%)
entry 4841000/5118511 (94.5783%)
entry 4842000/5118511 (94.5978%)
entry 4843000/5118511 (94.6174%)
entry 4845000/5118511 (94.6564%)
entry 4846000/5118511 (94.676%)
entry 4847000/5118511 (94.6955%)
entry 4849000/5118511 (94.7346%)
entry 4851000/5118511 (94.7737%)
entry 4853000/5118511 (94.8127%)
entry 4854000/5118511 (94.8323%)
entry 4858000/5118511 (94.9104%)
entry 4859000/5118511 (94.93%)
entry 4860000/5118511 (94.9495%)
entry 4861000/5118511 (94.969%)
entry 4864000/5118511 (95.0276%)
entry 4865000/5118511 (95.0472%)
entry 4866000/5118511 (95.0667%)
entry 4867000/5118511 (95.0862%)
entry 4870000/5118511 (95.1449%)
entry 4871000/5118511 (95.1644%)
entry 4872000/5118511 (95.1839%)
entry 4873000/5118511 (95.2035%)
entry 4874000/5118511 (95.223%)
entry 4875000/5118511 (95.2425%)
entry 4876000/5118511 (95.2621%)
entry 4877000/5118511 (95.2816%)
entry 4878000/5118511 (95.3012%)
entry 4879000/5118511 (95.3207%)
entry 4881000/5118511 (95.3598%)
entry 4884000/5118511 (95.4184%)
entry 4885000/5118511 (95.4379%)
entry 4886000/5118511 (95.4574%)
entry 4887000/5118511 (95.477%)
entry 4888000/5118511 (95.4965%)
entry 4890000/5118511 (95.5356%)
entry 4891000/5118511 (95.5551%)
entry 4892000/5118511 (95.5747%)
entry 4893000/5118511 (95.5942%)
entry 4895000/5118511 (95.6333%)
entry 4896000/5118511 (95.6528%)
entry 4897000/5118511 (95.6724%)
entry 4899000/5118511 (95.7114%)
entry 4901000/5118511 (95.7505%)
entry 4902000/5118511 (95.77%)
entry 4905000/5118511 (95.8287%)
entry 4906000/5118511 (95.8482%)
entry 4907000/5118511 (95.8677%)
entry 4910000/5118511 (95.9263%)
entry 4911000/5118511 (95.9459%)
entry 4913000/5118511 (95.9849%)
entry 4914000/5118511 (96.0045%)
entry 4918000/5118511 (96.0826%)
entry 4919000/5118511 (96.1022%)
entry 4920000/5118511 (96.1217%)
entry 4921000/5118511 (96.1412%)
entry 4922000/5118511 (96.1608%)
entry 4923000/5118511 (96.1803%)
entry 4924000/5118511 (96.1999%)
entry 4925000/5118511 (96.2194%)
entry 4927000/5118511 (96.2585%)
entry 4928000/5118511 (96.278%)
entry 4930000/5118511 (96.3171%)
entry 4931000/5118511 (96.3366%)
entry 4934000/5118511 (96.3952%)
entry 4935000/5118511 (96.4148%)
entry 4937000/5118511 (96.4538%)
entry 4939000/5118511 (96.4929%)
entry 4940000/5118511 (96.5124%)
entry 4941000/5118511 (96.532%)
entry 4944000/5118511 (96.5906%)
entry 4945000/5118511 (96.6101%)
entry 4946000/5118511 (96.6297%)
entry 4948000/5118511 (96.6687%)
entry 4950000/5118511 (96.7078%)
entry 4955000/5118511 (96.8055%)
entry 4956000/5118511 (96.825%)
entry 4962000/5118511 (96.9423%)
entry 4963000/5118511 (96.9618%)
entry 4964000/5118511 (96.9813%)
entry 4965000/5118511 (97.0009%)
entry 4966000/5118511 (97.0204%)
entry 4967000/5118511 (97.0399%)
entry 4968000/5118511 (97.0595%)
entry 4973000/5118511 (97.1572%)
entry 4974000/5118511 (97.1767%)
entry 4975000/5118511 (97.1962%)
entry 4976000/5118511 (97.2158%)
entry 4977000/5118511 (97.2353%)
entry 4981000/5118511 (97.3135%)
entry 4982000/5118511 (97.333%)
entry 4983000/5118511 (97.3525%)
entry 4984000/5118511 (97.3721%)
entry 4985000/5118511 (97.3916%)
entry 4986000/5118511 (97.4111%)
entry 4989000/5118511 (97.4698%)
entry 4990000/5118511 (97.4893%)
entry 4991000/5118511 (97.5088%)
entry 4993000/5118511 (97.5479%)
entry 4994000/5118511 (97.5674%)
entry 4995000/5118511 (97.587%)
entry 4996000/5118511 (97.6065%)
entry 4997000/5118511 (97.626%)
entry 5000000/5118511 (97.6847%)
entry 5002000/5118511 (97.7237%)
entry 5003000/5118511 (97.7433%)
entry 5004000/5118511 (97.7628%)
entry 5005000/5118511 (97.7823%)
entry 5009000/5118511 (97.8605%)
entry 5013000/5118511 (97.9386%)
entry 5016000/5118511 (97.9972%)
entry 5018000/5118511 (98.0363%)
entry 5020000/5118511 (98.0754%)
entry 5022000/5118511 (98.1145%)
entry 5023000/5118511 (98.134%)
entry 5025000/5118511 (98.1731%)
entry 5026000/5118511 (98.1926%)
entry 5027000/5118511 (98.2122%)
entry 5028000/5118511 (98.2317%)
entry 5029000/5118511 (98.2512%)
entry 5030000/5118511 (98.2708%)
entry 5031000/5118511 (98.2903%)
entry 5032000/5118511 (98.3098%)
entry 5033000/5118511 (98.3294%)
entry 5034000/5118511 (98.3489%)
entry 5035000/5118511 (98.3685%)
entry 5037000/5118511 (98.4075%)
entry 5040000/5118511 (98.4661%)
entry 5041000/5118511 (98.4857%)
entry 5044000/5118511 (98.5443%)
entry 5046000/5118511 (98.5834%)
entry 5048000/5118511 (98.6224%)
entry 5049000/5118511 (98.642%)
entry 5050000/5118511 (98.6615%)
entry 5051000/5118511 (98.681%)
entry 5054000/5118511 (98.7397%)
entry 5056000/5118511 (98.7787%)
entry 5057000/5118511 (98.7983%)
entry 5058000/5118511 (98.8178%)
entry 5061000/5118511 (98.8764%)
entry 5063000/5118511 (98.9155%)
entry 5064000/5118511 (98.935%)
entry 5065000/5118511 (98.9546%)
entry 5066000/5118511 (98.9741%)
entry 5068000/5118511 (99.0132%)
entry 5069000/5118511 (99.0327%)
entry 5070000/5118511 (99.0522%)
entry 5071000/5118511 (99.0718%)
entry 5072000/5118511 (99.0913%)
entry 5073000/5118511 (99.1109%)
entry 5074000/5118511 (99.1304%)
entry 5075000/5118511 (99.1499%)
entry 5076000/5118511 (99.1695%)
entry 5078000/5118511 (99.2085%)
entry 5080000/5118511 (99.2476%)
entry 5082000/5118511 (99.2867%)
entry 5083000/5118511 (99.3062%)
entry 5084000/5118511 (99.3258%)
entry 5085000/5118511 (99.3453%)
entry 5086000/5118511 (99.3648%)
entry 5087000/5118511 (99.3844%)
entry 5089000/5118511 (99.4234%)
entry 5090000/5118511 (99.443%)
entry 5091000/5118511 (99.4625%)
entry 5094000/5118511 (99.5211%)
entry 5095000/5118511 (99.5407%)
entry 5096000/5118511 (99.5602%)
entry 5097000/5118511 (99.5797%)
entry 5098000/5118511 (99.5993%)
entry 5099000/5118511 (99.6188%)
entry 5101000/5118511 (99.6579%)
entry 5102000/5118511 (99.6774%)
entry 5103000/5118511 (99.697%)
entry 5104000/5118511 (99.7165%)
entry 5105000/5118511 (99.736%)
entry 5106000/5118511 (99.7556%)
entry 5108000/5118511 (99.7947%)
entry 5109000/5118511 (99.8142%)
entry 5110000/5118511 (99.8337%)
entry 5111000/5118511 (99.8533%)
entry 5112000/5118511 (99.8728%)
entry 5114000/5118511 (99.9119%)
entry 5115000/5118511 (99.9314%)
entry 5116000/5118511 (99.9509%)
entry 5117000/5118511 (99.9705%)
entry 5118000/5118511 (99.99%)
all done
script done
