sphnx1133.sdcc.bnl.gov
rsyncing from /gpfs/mnt/gpfs02/sphenix/user/samfred/run25/ppg11/histmaking
running: /gpfs/mnt/gpfs02/sphenix/user/samfred/run25/ppg11/histmaking/script_data.sh 51709
LD_LIBRARY_PATH now /sphenix/user/samfred/run25/install//lib:/cvmfs/sphenix.sdcc.bnl.gov/alma9.2-gcc-14.2.0/opt/sphenix/core/gcc/14.2.0-2f0a0/x86_64-el9/lib:/cvmfs/sphenix.sdcc.bnl.gov/alma9.2-gcc-14.2.0/opt/sphenix/core/gcc/14.2.0-2f0a0/x86_64-el9/lib64:/cvmfs/sphenix.sdcc.bnl.gov/alma9.2-gcc-14.2.0/opt/sphenix/core/binutils/2.40-acaab/x86_64-el9/lib:.:/cvmfs/sphenix.sdcc.bnl.gov/alma9.2-gcc-14.2.0/release/release_new/new.10/lib64:/cvmfs/sphenix.sdcc.bnl.gov/alma9.2-gcc-14.2.0/release/release_new/new.10/lib:/cvmfs/sphenix.sdcc.bnl.gov/alma9.2-gcc-14.2.0/opt/sphenix/utils/lib:/cvmfs/sphenix.sdcc.bnl.gov/alma9.2-gcc-14.2.0/opt/sphenix/core/lib:/cvmfs/sphenix.sdcc.bnl.gov/alma9.2-gcc-14.2.0/opt/sphenix/core/root-6.32.06/lib:/cvmfs/sphenix.sdcc.bnl.gov/alma9.2-gcc-14.2.0/opt/sphenix/core/geant4.10.07.p04/lib64:/cvmfs/sphenix.sdcc.bnl.gov/alma9.2-gcc-14.2.0/opt/sphenix/core/lhapdf-5.9.1/lib:/usr/local/lib64:/usr/lib64
PATH now /sphenix/user/samfred/run25/install//bin:/cvmfs/sphenix.sdcc.bnl.gov/alma9.2-gcc-14.2.0/opt/sphenix/core/gcc/14.2.0-2f0a0/x86_64-el9/bin:/cvmfs/sphenix.sdcc.bnl.gov/alma9.2-gcc-14.2.0/opt/sphenix/core/binutils/2.40-acaab/x86_64-el9/bin:.:/cvmfs/sphenix.sdcc.bnl.gov/alma9.2-gcc-14.2.0/release/release_new/new.10/bin:/cvmfs/sphenix.sdcc.bnl.gov/alma9.2-gcc-14.2.0/opt/sphenix/utils/bin:/cvmfs/sphenix.sdcc.bnl.gov/alma9.2-gcc-14.2.0/opt/sphenix/core/bin:/cvmfs/sphenix.sdcc.bnl.gov/alma9.2-gcc-14.2.0/opt/sphenix/core/root-6.32.06/bin:/cvmfs/sphenix.sdcc.bnl.gov/alma9.2-gcc-14.2.0/opt/sphenix/core/geant4.10.07.p04/bin:/usr/local/bin:/usr/bin:/usr/local/sbin:/usr/sbin
SINGULARITY_CACHEDIR=/home/condor/local/sphnx/execute/dir_3071397
_CONDOR_CHIRP_CONFIG=/home/condor/local/sphnx/execute/dir_3071397/.chirp.config
_CONDOR_JOB_IWD=/sphenix/user/samfred/run25/ppg11/histmaking
G4ENSDFSTATEDATA=/cvmfs/sphenix.sdcc.bnl.gov/alma9.2-gcc-14.2.0/opt/sphenix/core/geant4.10.07.p04/share/Geant4-10.7.4/data/G4ENSDFSTATE2.3
_CONDOR_MACHINE_AD=/home/condor/local/sphnx/execute/dir_3071397/.machine.ad
ROOT_MAX_THREADS=1
NUMEXPR_NUM_THREADS=1
CUBACORES=1
_CHIRP_DELAYED_UPDATE_PREFIX=Chirp*
OMP_THREAD_LIMIT=1
G4PIIDATA=/cvmfs/sphenix.sdcc.bnl.gov/alma9.2-gcc-14.2.0/opt/sphenix/core/geant4.10.07.p04/share/Geant4-10.7.4/data/G4PII1.3
NO_AT_BRIDGE=1
G4_MAIN=/cvmfs/sphenix.sdcc.bnl.gov/alma9.2-gcc-14.2.0/opt/sphenix/core/geant4.10.07.p04
COMPILER_PATH=/cvmfs/sphenix.sdcc.bnl.gov/alma9.2-gcc-14.2.0/opt/sphenix/core/gcc/14.2.0-2f0a0/x86_64-el9
ROOT_INCLUDE_PATH=./:/sphenix/user/samfred/run25/install//include:/sphenix/user/samfred/run25/install//include/caloana:/sphenix/user/samfred/run25/install//include/qa_centrality:/sphenix/user/samfred/run25/install//include/mbdana:/sphenix/user/samfred/run25/install//include/centrality:/sphenix/user/samfred/run25/install//include/Event:/cvmfs/sphenix.sdcc.bnl.gov/alma9.2-gcc-14.2.0/release/release_new/new.10/include:/cvmfs/sphenix.sdcc.bnl.gov/alma9.2-gcc-14.2.0/release/release_new/new.10/include:/cvmfs/sphenix.sdcc.bnl.gov/alma9.2-gcc-14.2.0/release/release_new/new.10/include/g4mbd:/cvmfs/sphenix.sdcc.bnl.gov/alma9.2-gcc-14.2.0/release/release_new/new.10/include/fmt:/cvmfs/sphenix.sdcc.bnl.gov/alma9.2-gcc-14.2.0/release/release_new/new.10/include/ffarawobjects:/cvmfs/sphenix.sdcc.bnl.gov/alma9.2-gcc-14.2.0/release/release_new/new.10/include/JSON:/cvmfs/sphenix.sdcc.bnl.gov/alma9.2-gcc-14.2.0/release/release_new/new.10/include/calotreegen:/cvmfs/sphenix.sdcc.bnl.gov/alma9.2-gcc-14.2.0/release/release_new/new.10/include/torch:/cvmfs/sphenix.sdcc.bnl.gov/alma9.2-gcc-14.2.0/release/release_new/new.10/include/g4detectors:/cvmfs/sphenix.sdcc.bnl.gov/alma9.2-gcc-14.2.0/release/release_new/new.10/include/kineto:/cvmfs/sphenix.sdcc.bnl.gov/alma9.2-gcc-14.2.0/release/release_new/new.10/include/g4decayer:/cvmfs/sphenix.sdcc.bnl.gov/alma9.2-gcc-14.2.0/release/release_new/new.10/include/kfparticleqa:/cvmfs/sphenix.sdcc.bnl.gov/alma9.2-gcc-14.2.0/release/release_new/new.10/include/phfield:/cvmfs/sphenix.sdcc.bnl.gov/alma9.2-gcc-14.2.0/release/release_new/new.10/include/LHAPDF:/cvmfs/sphenix.sdcc.bnl.gov/alma9.2-gcc-14.2.0/release/release_new/new.10/include/readdigitalcurrents:/cvmfs/sphenix.sdcc.bnl.gov/alma9.2-gcc-14.2.0/release/release_new/new.10/include/c10:/cvmfs/sphenix.sdcc.bnl.gov/alma9.2-gcc-14.2.0/release/release_new/new.10/include/calovalid:/cvmfs/sphenix.sdcc.bnl.gov/alma9.2-gcc-14.2.0/release/release_new/new.10/include/oneapi:/cvmfs/sphenix.sdcc.bnl.gov/alma9.2-gcc-14.2.0/release/release_new/new.10/include/DDCond:/cvmfs/sphenix.sdcc.bnl.gov/alma9.2-gcc-14.2.0/release/release_new/new.10/include/g4tracking:/cvmfs/sphenix.sdcc.bnl.gov/alma9.2-gcc-14.2.0/release/release_new/new.10/include/litecaloeval:/cvmfs/sphenix.sdcc.bnl.gov/alma9.2-gcc-14.2.0/release/release_new/new.10/include/g4intt:/cvmfs/sphenix.sdcc.bnl.gov/alma9.2-gcc-14.2.0/release/release_new/new.10/include/phool:/cvmfs/sphenix.sdcc.bnl.gov/alma9.2-gcc-14.2.0/release/release_new/new.10/include/boost:/cvmfs/sphenix.sdcc.bnl.gov/alma9.2-gcc-14.2.0/release/release_new/new.10/include/Pythia8Plugins:/cvmfs/sphenix.sdcc.bnl.gov/alma9.2-gcc-14.2.0/release/release_new/new.10/include/calib_emc_pi0:/cvmfs/sphenix.sdcc.bnl.gov/alma9.2-gcc-14.2.0/release/release_new/new.10/include/hijingflipafterburner:/cvmfs/sphenix.sdcc.bnl.gov/alma9.2-gcc-14.2.0/release/release_new/new.10/include/ffaobjects:/cvmfs/sphenix.sdcc.bnl.gov/alma9.2-gcc-14.2.0/release/release_new/new.10/include/EvtGenBase:/cvmfs/sphenix.sdcc.bnl.gov/alma9.2-gcc-14.2.0/release/release_new/new.10/include/flowafterburner:/cvmfs/sphenix.sdcc.bnl.gov/alma9.2-gcc-14.2.0/release/release_new/new.10/include/google:/cvmfs/sphenix.sdcc.bnl.gov/alma9.2-gcc-14.2.0/release/release_new/new.10/include/g4tpc:/cvmfs/sphenix.sdcc.bnl.gov/alma9.2-gcc-14.2.0/release/release_new/new.10/include/caffe2:/cvmfs/sphenix.sdcc.bnl.gov/alma9.2-gcc-14.2.0/release/release_new/new.10/include/EvtGenExternal:/cvmfs/sphenix.sdcc.bnl.gov/alma9.2-gcc-14.2.0/release/release_new/new.10/include/fp16:/cvmfs/sphenix.sdcc.bnl.gov/alma9.2-gcc-14.2.0/release/release_new/new.10/include/ffamodules:/cvmfs/sphenix.sdcc.bnl.gov/alma9.2-gcc-14.2.0/release/release_new/new.10/include/uspin:/cvmfs/sphenix.sdcc.bnl.gov/alma9.2-gcc-14.2.0/release/release_new/new.10/include/Herwig:/cvmfs/sphenix.sdcc.bnl.gov/alma9.2-gcc-14.2.0/release/release_new/new.10/include/genfitexp:/cvmfs/sphenix.sdcc.bnl.gov/alma9.2-gcc-14.2.0/release/release_new/new.10/include/XML:/cvmfs/sphenix.sdcc.bnl.gov/alma9.2-gcc-14.2.0/release/release_new/new.10/include/fbgemm:/cvmfs/sphenix.sdcc.bnl.gov/alma9.2-gcc-14.2.0/release/release_new/new.10/include/DDAlign:/cvmfs/sphenix.sdcc.bnl.gov/alma9.2-gcc-14.2.0/release/release_new/new.10/include/g4mvtx:/cvmfs/sphenix.sdcc.bnl.gov/alma9.2-gcc-14.2.0/release/release_new/new.10/include/kfparticle_sphenix:/cvmfs/sphenix.sdcc.bnl.gov/alma9.2-gcc-14.2.0/release/release_new/new.10/include/fun4all:/cvmfs/sphenix.sdcc.bnl.gov/alma9.2-gcc-14.2.0/release/release_new/new.10/include/intt:/cvmfs/sphenix.sdcc.bnl.gov/alma9.2-gcc-14.2.0/release/release_new/new.10/include/eventdisplay:/cvmfs/sphenix.sdcc.bnl.gov/alma9.2-gcc-14.2.0/release/release_new/new.10/include/EvtGen:/cvmfs/sphenix.sdcc.bnl.gov/alma9.2-gcc-14.2.0/release/release_new/new.10/include/Evaluator:/cvmfs/sphenix.sdcc.bnl.gov/alma9.2-gcc-14.2.0/release/release_new/new.10/include/tpc:/cvmfs/sphenix.sdcc.bnl.gov/alma9.2-gcc-14.2.0/release/release_new/new.10/include/GenFit:/cvmfs/sphenix.sdcc.bnl.gov/alma9.2-gcc-14.2.0/release/release_new/new.10/include/prototype4:/cvmfs/sphenix.sdcc.bnl.gov/alma9.2-gcc-14.2.0/release/release_new/new.10/include/caloembedding:/cvmfs/sphenix.sdcc.bnl.gov/alma9.2-gcc-14.2.0/release/release_new/new.10/include/EvtGenModels:/cvmfs/sphenix.sdcc.bnl.gov/alma9.2-gcc-14.2.0/release/release_new/new.10/include/fastjet:/cvmfs/sphenix.sdcc.bnl.gov/alma9.2-gcc-14.2.0/release/release_new/new.10/include/DDG4:/cvmfs/sphenix.sdcc.bnl.gov/alma9.2-gcc-14.2.0/release/release_new/new.10/include/mbd:/cvmfs/sphenix.sdcc.bnl.gov/alma9.2-gcc-14.2.0/release/release_new/new.10/include/tbb:/cvmfs/sphenix.sdcc.bnl.gov/alma9.2-gcc-14.2.0/release/release_new/new.10/include/phgeom:/cvmfs/sphenix.sdcc.bnl.gov/alma9.2-gcc-14.2.0/release/release_new/new.10/include/g4epd:/cvmfs/sphenix.sdcc.bnl.gov/alma9.2-gcc-14.2.0/release/release_new/new.10/include/oncal:/cvmfs/sphenix.sdcc.bnl.gov/alma9.2-gcc-14.2.0/release/release_new/new.10/include/pybind11:/cvmfs/sphenix.sdcc.bnl.gov/alma9.2-gcc-14.2.0/release/release_new/new.10/include/tpcdistgenerator:/cvmfs/sphenix.sdcc.bnl.gov/alma9.2-gcc-14.2.0/release/release_new/new.10/include/cdbobjects:/cvmfs/sphenix.sdcc.bnl.gov/alma9.2-gcc-14.2.0/release/release_new/new.10/include/g4micromegas:/cvmfs/sphenix.sdcc.bnl.gov/alma9.2-gcc-14.2.0/release/release_new/new.10/include/g4eval:/cvmfs/sphenix.sdcc.bnl.gov/alma9.2-gcc-14.2.0/release/release_new/new.10/include/jetbackground:/cvmfs/sphenix.sdcc.bnl.gov/alma9.2-gcc-14.2.0/release/release_new/new.10/include/micromegas:/cvmfs/sphenix.sdcc.bnl.gov/alma9.2-gcc-14.2.0/release/release_new/new.10/include/hftrackefficiency:/cvmfs/sphenix.sdcc.bnl.gov/alma9.2-gcc-14.2.0/release/release_new/new.10/include/inttrawhitqa:/cvmfs/sphenix.sdcc.bnl.gov/alma9.2-gcc-14.2.0/release/release_new/new.10/include/centrality:/cvmfs/sphenix.sdcc.bnl.gov/alma9.2-gcc-14.2.0/release/release_new/new.10/include/epd:/cvmfs/sphenix.sdcc.bnl.gov/alma9.2-gcc-14.2.0/release/release_new/new.10/include/caloreco:/cvmfs/sphenix.sdcc.bnl.gov/alma9.2-gcc-14.2.0/release/release_new/new.10/include/HepMC:/cvmfs/sphenix.sdcc.bnl.gov/alma9.2-gcc-14.2.0/release/release_new/new.10/include/CLHEP:/cvmfs/sphenix.sdcc.bnl.gov/alma9.2-gcc-14.2.0/release/release_new/new.10/include/Acts:/cvmfs/sphenix.sdcc.bnl.gov/alma9.2-gcc-14.2.0/release/release_new/new.10/include/g4histos:/cvmfs/sphenix.sdcc.bnl.gov/alma9.2-gcc-14.2.0/release/release_new/new.10/include/eventplaneinfo:/cvmfs/sphenix.sdcc.bnl.gov/alma9.2-gcc-14.2.0/release/release_new/new.10/include/fillspacechargemaps:/cvmfs/sphenix.sdcc.bnl.gov/alma9.2-gcc-14.2.0/release/release_new/new.10/include/phhepmc:/cvmfs/sphenix.sdcc.bnl.gov/alma9.2-gcc-14.2.0/release/release_new/new.10/include/trackingqa:/cvmfs/sphenix.sdcc.bnl.gov/alma9.2-gcc-14.2.0/release/release_new/new.10/include/qautils:/cvmfs/sphenix.sdcc.bnl.gov/alma9.2-gcc-14.2.0/release/release_new/new.10/include/trackreco:/cvmfs/sphenix.sdcc.bnl.gov/alma9.2-gcc-14.2.0/release/release_new/new.10/include/g4ohcal:/cvmfs/sphenix.sdcc.bnl.gov/alma9.2-gcc-14.2.0/release/release_new/new.10/include/tpcdvcalib:/cvmfs/sphenix.sdcc.bnl.gov/alma9.2-gcc-14.2.0/release/release_new/new.10/include/zdcinfo:/cvmfs/sphenix.sdcc.bnl.gov/alma9.2-gcc-14.2.0/release/release_new/new.10/include/phpythia8:/cvmfs/sphenix.sdcc.bnl.gov/alma9.2-gcc-14.2.0/release/release_new/new.10/include/fun4allutils:/cvmfs/sphenix.sdcc.bnl.gov/alma9.2-gcc-14.2.0/release/release_new/new.10/include/tpcqa:/cvmfs/sphenix.sdcc.bnl.gov/alma9.2-gcc-14.2.0/release/release_new/new.10/include/Pythia8:/cvmfs/sphenix.sdcc.bnl.gov/alma9.2-gcc-14.2.0/release/release_new/new.10/include/DDRec:/cvmfs/sphenix.sdcc.bnl.gov/alma9.2-gcc-14.2.0/release/release_new/new.10/include/DDDigi:/cvmfs/sphenix.sdcc.bnl.gov/alma9.2-gcc-14.2.0/release/release_new/new.10/include/g4ihcal:/cvmfs/sphenix.sdcc.bnl.gov/alma9.2-gcc-14.2.0/release/release_new/new.10/include/frog:/cvmfs/sphenix.sdcc.bnl.gov/alma9.2-gcc-14.2.0/release/release_new/new.10/include/eigen3:/cvmfs/sphenix.sdcc.bnl.gov/alma9.2-gcc-14.2.0/release/release_new/new.10/include/tensorpipe:/cvmfs/sphenix.sdcc.bnl.gov/alma9.2-gcc-14.2.0/release/release_new/new.10/include/sphenixnpc:/cvmfs/sphenix.sdcc.bnl.gov/alma9.2-gcc-14.2.0/release/release_new/new.10/include/siscone:/cvmfs/sphenix.sdcc.bnl.gov/alma9.2-gcc-14.2.0/release/release_new/new.10/include/pmonitor:/cvmfs/sphenix.sdcc.bnl.gov/alma9.2-gcc-14.2.0/release/release_new/new.10/include/calobase:/cvmfs/sphenix.sdcc.bnl.gov/alma9.2-gcc-14.2.0/release/release_new/new.10/include/ActsExamples:/cvmfs/sphenix.sdcc.bnl.gov/alma9.2-gcc-14.2.0/release/release_new/new.10/include/g4gdml:/cvmfs/sphenix.sdcc.bnl.gov/alma9.2-gcc-14.2.0/release/release_new/new.10/include/mvtx_decoder:/cvmfs/sphenix.sdcc.bnl.gov/alma9.2-gcc-14.2.0/release/release_new/new.10/include/ROOT:/cvmfs/sphenix.sdcc.bnl.gov/alma9.2-gcc-14.2.0/release/release_new/new.10/include/phparameter:/cvmfs/sphenix.sdcc.bnl.gov/alma9.2-gcc-14.2.0/release/release_new/new.10/include/rsa:/cvmfs/sphenix.sdcc.bnl.gov/alma9.2-gcc-14.2.0/release/release_new/new.10/include/fun4allraw:/cvmfs/sphenix.sdcc.bnl.gov/alma9.2-gcc-14.2.0/release/release_new/new.10/include/trackbase_historic:/cvmfs/sphenix.sdcc.bnl.gov/alma9.2-gcc-14.2.0/release/release_new/new.10/include/g4jets:/cvmfs/sphenix.sdcc.bnl.gov/alma9.2-gcc-14.2.0/release/release_new/new.10/include/jetqa:/cvmfs/sphenix.sdcc.bnl.gov/alma9.2-gcc-14.2.0/release/release_new/new.10/include/phoolraw:/cvmfs/sphenix.sdcc.bnl.gov/alma9.2-gcc-14.2.0/release/release_new/new.10/include/g4calo:/cvmfs/sphenix.sdcc.bnl.gov/alma9.2-gcc-14.2.0/release/release_new/new.10/include/mvtxrawhitqa:/cvmfs/sphenix.sdcc.bnl.gov/alma9.2-gcc-14.2.0/release/release_new/new.10/include/HepMC3:/cvmfs/sphenix.sdcc.bnl.gov/alma9.2-gcc-14.2.0/release/release_new/new.10/include/calowaveformsim:/cvmfs/sphenix.sdcc.bnl.gov/alma9.2-gcc-14.2.0/release/release_new/new.10/include/g4caloprototype:/cvmfs/sphenix.sdcc.bnl.gov/alma9.2-gcc-14.2.0/release/release_new/new.10/include/pdbcalbase:/cvmfs/sphenix.sdcc.bnl.gov/alma9.2-gcc-14.2.0/release/release_new/new.10/include/gsl:/cvmfs/sphenix.sdcc.bnl.gov/alma9.2-gcc-14.2.0/release/release_new/new.10/include/nodedump:/cvmfs/sphenix.sdcc.bnl.gov/alma9.2-gcc-14.2.0/release/release_new/new.10/include/emcnoisytowerfinder:/cvmfs/sphenix.sdcc.bnl.gov/alma9.2-gcc-14.2.0/release/release_new/new.10/include/ActsFatras:/cvmfs/sphenix.sdcc.bnl.gov/alma9.2-gcc-14.2.0/release/release_new/new.10/include/ffarawmodules:/cvmfs/sphenix.sdcc.bnl.gov/alma9.2-gcc-14.2.0/release/release_new/new.10/include/Event:/cvmfs/sphenix.sdcc.bnl.gov/alma9.2-gcc-14.2.0/release/release_new/new.10/include/prototype3:/cvmfs/sphenix.sdcc.bnl.gov/alma9.2-gcc-14.2.0/release/release_new/new.10/include/fermimotionafterburner:/cvmfs/sphenix.sdcc.bnl.gov/alma9.2-gcc-14.2.0/release/release_new/new.10/include/Photos:/cvmfs/sphenix.sdcc.bnl.gov/alma9.2-gcc-14.2.0/release/release_new/new.10/include/xingshiftcal:/cvmfs/sphenix.sdcc.bnl.gov/alma9.2-gcc-14.2.0/release/release_new/new.10/include/trackbase:/cvmfs/sphenix.sdcc.bnl.gov/alma9.2-gcc-14.2.0/release/release_new/new.10/include/jetdstskimmer:/cvmfs/sphenix.sdcc.bnl.gov/alma9.2-gcc-14.2.0/release/release_new/new.10/include/clusteriso:/cvmfs/sphenix.sdcc.bnl.gov/alma9.2-gcc-14.2.0/release/release_new/new.10/include/asmjit:/cvmfs/sphenix.sdcc.bnl.gov/alma9.2-gcc-14.2.0/release/release_new/new.10/include/particleflowreco:/cvmfs/sphenix.sdcc.bnl.gov/alma9.2-gcc-14.2.0/release/release_new/new.10/include/tpchittrackdisplay:/cvmfs/sphenix.sdcc.bnl.gov/alma9.2-gcc-14.2.0/release/release_new/new.10/include/caloana:/cvmfs/sphenix.sdcc.bnl.gov/alma9.2-gcc-14.2.0/release/release_new/new.10/include/calotrigger:/cvmfs/sphenix.sdcc.bnl.gov/alma9.2-gcc-14.2.0/release/release_new/new.10/include/nopayloadclient:/cvmfs/sphenix.sdcc.bnl.gov/alma9.2-gcc-14.2.0/release/release_new/new.10/include/trackermillepedealignment:/cvmfs/sphenix.sdcc.bnl.gov/alma9.2-gcc-14.2.0/release/release_new/new.10/include/DD4hep:/cvmfs/sphenix.sdcc.bnl.gov/alma9.2-gcc-14.2.0/release/release_new/new.10/include/g4trackfastsim:/cvmfs/sphenix.sdcc.bnl.gov/alma9.2-gcc-14.2.0/release/release_new/new.10/include/prototype2:/cvmfs/sphenix.sdcc.bnl.gov/alma9.2-gcc-14.2.0/release/release_new/new.10/include/ATen:/cvmfs/sphenix.sdcc.bnl.gov/alma9.2-gcc-14.2.0/release/release_new/new.10/include/g4main:/cvmfs/sphenix.sdcc.bnl.gov/alma9.2-gcc-14.2.0/release/release_new/new.10/include/Tauola:/cvmfs/sphenix.sdcc.bnl.gov/alma9.2-gcc-14.2.0/release/release_new/new.10/include/inttcalib:/cvmfs/sphenix.sdcc.bnl.gov/alma9.2-gcc-14.2.0/release/release_new/new.10/include/reactionplaneafterburner:/cvmfs/sphenix.sdcc.bnl.gov/alma9.2-gcc-14.2.0/release/release_new/new.10/include/globalqa:/cvmfs/sphenix.sdcc.bnl.gov/alma9.2-gcc-14.2.0/release/release_new/new.10/include/tpccalib:/cvmfs/sphenix.sdcc.bnl.gov/alma9.2-gcc-14.2.0/release/release_new/new.10/include/DDSegmentation:/cvmfs/sphenix.sdcc.bnl.gov/alma9.2-gcc-14.2.0/release/release_new/new.10/include/decayfinder:/cvmfs/sphenix.sdcc.bnl.gov/alma9.2-gcc-14.2.0/release/release_new/new.10/include/compressclus:/cvmfs/sphenix.sdcc.bnl.gov/alma9.2-gcc-14.2.0/release/release_new/new.10/include/simqa_modules:/cvmfs/sphenix.sdcc.bnl.gov/alma9.2-gcc-14.2.0/release/release_new/new.10/include/resonancejettagging:/cvmfs/sphenix.sdcc.bnl.gov/alma9.2-gcc-14.2.0/release/release_new/new.10/include/g4centrality:/cvmfs/sphenix.sdcc.bnl.gov/alma9.2-gcc-14.2.0/release/release_new/new.10/include/mvtx:/cvmfs/sphenix.sdcc.bnl.gov/alma9.2-gcc-14.2.0/release/release_new/new.10/include/nlohmann:/cvmfs/sphenix.sdcc.bnl.gov/alma9.2-gcc-14.2.0/release/release_new/new.10/include/localpoloffmon:/cvmfs/sphenix.sdcc.bnl.gov/alma9.2-gcc-14.2.0/release/release_new/new.10/include/DDEve:/cvmfs/sphenix.sdcc.bnl.gov/alma9.2-gcc-14.2.0/release/release_new/new.10/include/Parsers:/cvmfs/sphenix.sdcc.bnl.gov/alma9.2-gcc-14.2.0/release/release_new/new.10/include/trackingdiagnostics:/cvmfs/sphenix.sdcc.bnl.gov/alma9.2-gcc-14.2.0/release/release_new/new.10/include/g4vertex:/cvmfs/sphenix.sdcc.bnl.gov/alma9.2-gcc-14.2.0/release/release_new/new.10/include/jetbase:/cvmfs/sphenix.sdcc.bnl.gov/alma9.2-gcc-14.2.0/release/release_new/new.10/include/globalvertex:/cvmfs/sphenix.sdcc.bnl.gov/alma9.2-gcc-14.2.0/release/release_new/new.10/include/phgenfit:/cvmfs/sphenix.sdcc.bnl.gov/alma9.2-gcc-14.2.0/release/release_new/new.10/include/rawbcolumi:/cvmfs/sphenix.sdcc.bnl.gov/alma9.2-gcc-14.2.0/release/release_new/new.10/include/eicsmear:/cvmfs/sphenix.sdcc.bnl.gov/alma9.2-gcc-14.2.0/release/release_new/new.10/include/mvtxcalib:/cvmfs/sphenix.sdcc.bnl.gov/alma9.2-gcc-14.2.0/release/release_new/new.10/include/tpclinelaserdiode:/cvmfs/sphenix.sdcc.bnl.gov/alma9.2-gcc-14.2.0/release/release_new/new.10/include/hepmcjettrigger:/cvmfs/sphenix.sdcc.bnl.gov/alma9.2-gcc-14.2.0/release/release_new/new.10/include/core:/cvmfs/sphenix.sdcc.bnl.gov/alma9.2-gcc-14.2.0/release/release_new/new.10/include/calo_cdb:/cvmfs/sphenix.sdcc.bnl.gov/alma9.2-gcc-14.2.0/release/release_new/new.10/include/mvtxclustershapesqa:/cvmfs/sphenix.sdcc.bnl.gov/alma9.2-gcc-14.2.0/release/release_new/new.10/include/calopacketskimmer:/cvmfs/sphenix.sdcc.bnl.gov/alma9.2-gcc-14.2.0/opt/sphenix/core/geant4.10.07.p04/include:/cvmfs/sphenix.sdcc.bnl.gov/alma9.2-gcc-14.2.0/release/release_new/new.10/rootmacros:/cvmfs/sphenix.sdcc.bnl.gov/alma9.2-gcc-14.2.0/opt/sphenix/core/include
GSEARCHPATH=.:PG:LUSTRE:RAWDATA
PWD=/gpfs/mnt/gpfs02/sphenix/user/samfred/run25/ppg11/histmaking
LOGNAME=samfred
_CONDOR_ANCESTOR_344054=3071397:1759352723:24460769
_CONDOR_JOB_AD=/home/condor/local/sphnx/execute/dir_3071397/.job.ad
MANPATH=/cvmfs/sphenix.sdcc.bnl.gov/alma9.2-gcc-14.2.0/opt/sphenix/core/gcc/14.2.0-2f0a0/x86_64-el9/share/man:/cvmfs/sphenix.sdcc.bnl.gov/alma9.2-gcc-14.2.0/opt/sphenix/core/binutils/2.40-acaab/x86_64-el9/share/man:/cvmfs/sphenix.sdcc.bnl.gov/alma9.2-gcc-14.2.0/release/release_new/new.10/share/man:/cvmfs/sphenix.sdcc.bnl.gov/alma9.2-gcc-14.2.0/opt/sphenix/utils/share/man:/cvmfs/sphenix.sdcc.bnl.gov/alma9.2-gcc-14.2.0/opt/sphenix/core/share/man:/cvmfs/sphenix.sdcc.bnl.gov/alma9.2-gcc-14.2.0/opt/sphenix/core/root-6.32.06/man:/usr/local/share/man:/usr/share/man
PYTHIA8=/cvmfs/sphenix.sdcc.bnl.gov/alma9.2-gcc-14.2.0/release/release_new/new.10/share/Pythia8
G4INCLDATA=/cvmfs/sphenix.sdcc.bnl.gov/alma9.2-gcc-14.2.0/opt/sphenix/core/geant4.10.07.p04/share/Geant4-10.7.4/data/G4INCL1.0
ORIG_PATH=/usr/local/bin:/usr/bin
CXX=/cvmfs/sphenix.sdcc.bnl.gov/alma9.2-gcc-14.2.0/opt/sphenix/core/gcc/14.2.0-2f0a0/x86_64-el9/bin/g++
G4LEDATA=/cvmfs/sphenix.sdcc.bnl.gov/alma9.2-gcc-14.2.0/opt/sphenix/core/geant4.10.07.p04/share/Geant4-10.7.4/data/G4EMLOW7.13
PYTHON_CPU_COUNT=1
OPENBLAS_NUM_THREADS=1
_CONDOR_BIN=/usr/bin
HOME=/sphenix/u/samfred
G4PARTICLEXSDATA=/cvmfs/sphenix.sdcc.bnl.gov/alma9.2-gcc-14.2.0/opt/sphenix/core/geant4.10.07.p04/share/Geant4-10.7.4/data/G4PARTICLEXS3.1.1
_CONDOR_ANCESTOR_3071397=3078260:1759352723:1285433187
ONLINE_MAIN=/cvmfs/sphenix.sdcc.bnl.gov/alma9.2-gcc-14.2.0/release/release_new/new.10
CALIBRATIONROOT=/cvmfs/sphenix.sdcc.bnl.gov/alma9.2-gcc-14.2.0/release/release_new/new.10/share/calibrations
TMPDIR=/tmp
_CONDOR_SCRATCH_DIR=/home/condor/local/sphnx/execute/dir_3071397
PGUSER=phnxrc
NOPAYLOADCLIENT_CONF=/cvmfs/sphenix.sdcc.bnl.gov/alma9.2-gcc-14.2.0/opt/sphenix/core/etc/sPHENIX_newcdb.json
XERCESCROOT=/cvmfs/sphenix.sdcc.bnl.gov/alma9.2-gcc-14.2.0/opt/sphenix/core/geant4.10.07.p04
LHAPATH=/cvmfs/sphenix.sdcc.bnl.gov/alma9.2-gcc-14.2.0/opt/sphenix/core/lhapdf-5.9.1/share/lhapdf/PDFsets
G4NEUTRONHPDATA=/cvmfs/sphenix.sdcc.bnl.gov/alma9.2-gcc-14.2.0/opt/sphenix/core/geant4.10.07.p04/share/Geant4-10.7.4/data/G4NDL4.6
PYTHONPATH=.:/cvmfs/sphenix.sdcc.bnl.gov/alma9.2-gcc-14.2.0/release/release_new/new.10/lib/python3.13/site-packages:/cvmfs/sphenix.sdcc.bnl.gov/alma9.2-gcc-14.2.0/opt/sphenix/core/lib/python3.13/site-packages:/cvmfs/sphenix.sdcc.bnl.gov/alma9.2-gcc-14.2.0/opt/sphenix/core/root-6.32.06/lib
USER=samfred
_CONDOR_JOB_PIDS=
TEMP=/tmp
GOMAXPROCS=1
OFFLINE_MAIN=/cvmfs/sphenix.sdcc.bnl.gov/alma9.2-gcc-14.2.0/release/release_new/new.10
SHLVL=1
TF_NUM_THREADS=1
G4SAIDXSDATA=/cvmfs/sphenix.sdcc.bnl.gov/alma9.2-gcc-14.2.0/opt/sphenix/core/geant4.10.07.p04/share/Geant4-10.7.4/data/G4SAIDDATA2.0
APPTAINER_CACHEDIR=/home/condor/local/sphnx/execute/dir_3071397
ROOTSYS=/cvmfs/sphenix.sdcc.bnl.gov/alma9.2-gcc-14.2.0/opt/sphenix/core/root-6.32.06
BATCH_SYSTEM=HTCondor
_CONDOR_SLOT=slot1_49
LD_LIBRARY_PATH=/sphenix/user/samfred/run25/install//lib:/cvmfs/sphenix.sdcc.bnl.gov/alma9.2-gcc-14.2.0/opt/sphenix/core/gcc/14.2.0-2f0a0/x86_64-el9/lib:/cvmfs/sphenix.sdcc.bnl.gov/alma9.2-gcc-14.2.0/opt/sphenix/core/gcc/14.2.0-2f0a0/x86_64-el9/lib64:/cvmfs/sphenix.sdcc.bnl.gov/alma9.2-gcc-14.2.0/opt/sphenix/core/binutils/2.40-acaab/x86_64-el9/lib:.:/cvmfs/sphenix.sdcc.bnl.gov/alma9.2-gcc-14.2.0/release/release_new/new.10/lib64:/cvmfs/sphenix.sdcc.bnl.gov/alma9.2-gcc-14.2.0/release/release_new/new.10/lib:/cvmfs/sphenix.sdcc.bnl.gov/alma9.2-gcc-14.2.0/opt/sphenix/utils/lib:/cvmfs/sphenix.sdcc.bnl.gov/alma9.2-gcc-14.2.0/opt/sphenix/core/lib:/cvmfs/sphenix.sdcc.bnl.gov/alma9.2-gcc-14.2.0/opt/sphenix/core/root-6.32.06/lib:/cvmfs/sphenix.sdcc.bnl.gov/alma9.2-gcc-14.2.0/opt/sphenix/core/geant4.10.07.p04/lib64:/cvmfs/sphenix.sdcc.bnl.gov/alma9.2-gcc-14.2.0/opt/sphenix/core/lhapdf-5.9.1/lib:/usr/local/lib64:/usr/lib64
OPT_SPHENIX=/cvmfs/sphenix.sdcc.bnl.gov/alma9.2-gcc-14.2.0/opt/sphenix/core
TF_LOOP_PARALLEL_ITERATIONS=1
_CONDOR_ANCESTOR_344019=344054:1756523323:3911345508
EVT_LIB=/cvmfs/sphenix.sdcc.bnl.gov/alma9.2-gcc-14.2.0/opt/sphenix/core/root-6.32.06/lib
PGHOST=sphnxdbmaster.sdcc.bnl.gov
OMP_NUM_THREADS=1
G4REALSURFACEDATA=/cvmfs/sphenix.sdcc.bnl.gov/alma9.2-gcc-14.2.0/opt/sphenix/core/geant4.10.07.p04/share/Geant4-10.7.4/data/RealSurface2.2
FC=/cvmfs/sphenix.sdcc.bnl.gov/alma9.2-gcc-14.2.0/opt/sphenix/core/gcc/14.2.0-2f0a0/x86_64-el9/bin/gfortran
G4ABLADATA=/cvmfs/sphenix.sdcc.bnl.gov/alma9.2-gcc-14.2.0/opt/sphenix/core/geant4.10.07.p04/share/Geant4-10.7.4/data/G4ABLA3.1
PARASOFT=doesnotexist
TMP=/tmp
OPT_UTILS=/cvmfs/sphenix.sdcc.bnl.gov/alma9.2-gcc-14.2.0/opt/sphenix/utils
CONFIG_SITE=/cvmfs/sphenix.sdcc.bnl.gov/alma9.2-gcc-14.2.0/opt/sphenix/core/etc/config.site
PATH=/sphenix/user/samfred/run25/install//bin:/cvmfs/sphenix.sdcc.bnl.gov/alma9.2-gcc-14.2.0/opt/sphenix/core/gcc/14.2.0-2f0a0/x86_64-el9/bin:/cvmfs/sphenix.sdcc.bnl.gov/alma9.2-gcc-14.2.0/opt/sphenix/core/binutils/2.40-acaab/x86_64-el9/bin:.:/cvmfs/sphenix.sdcc.bnl.gov/alma9.2-gcc-14.2.0/release/release_new/new.10/bin:/cvmfs/sphenix.sdcc.bnl.gov/alma9.2-gcc-14.2.0/opt/sphenix/utils/bin:/cvmfs/sphenix.sdcc.bnl.gov/alma9.2-gcc-14.2.0/opt/sphenix/core/bin:/cvmfs/sphenix.sdcc.bnl.gov/alma9.2-gcc-14.2.0/opt/sphenix/core/root-6.32.06/bin:/cvmfs/sphenix.sdcc.bnl.gov/alma9.2-gcc-14.2.0/opt/sphenix/core/geant4.10.07.p04/bin:/usr/local/bin:/usr/bin:/usr/local/sbin:/usr/sbin
G4LEVELGAMMADATA=/cvmfs/sphenix.sdcc.bnl.gov/alma9.2-gcc-14.2.0/opt/sphenix/core/geant4.10.07.p04/share/Geant4-10.7.4/data/PhotonEvaporation5.7
CC=/cvmfs/sphenix.sdcc.bnl.gov/alma9.2-gcc-14.2.0/opt/sphenix/core/gcc/14.2.0-2f0a0/x86_64-el9/bin/gcc
G4RADIOACTIVEDATA=/cvmfs/sphenix.sdcc.bnl.gov/alma9.2-gcc-14.2.0/opt/sphenix/core/geant4.10.07.p04/share/Geant4-10.7.4/data/RadioactiveDecay5.6
JULIA_NUM_THREADS=1
MKL_NUM_THREADS=1
LHAPDF_DATA_PATH=/cvmfs/sphenix.sdcc.bnl.gov/alma9.2-gcc-14.2.0/release/release_new/new.10/share/LHAPDF
XPLOAD_CONFIG_DIR=/cvmfs/sphenix.sdcc.bnl.gov/alma9.2-gcc-14.2.0/opt/sphenix/core/etc
OLDPWD=/cvmfs/sphenix.sdcc.bnl.gov/alma9.2-gcc-14.2.0/release/release_new/new.10/geant4
_=/usr/bin/printenv
runnumber...
51709
trigger...

   ------------------------------------------------------------------
  | Welcome to ROOT 6.32.06                        https://root.cern |
  | (c) 1995-2024, The ROOT Team; conception: R. Brun, F. Rademakers |
  | Built for linuxx8664gcc on Dec 13 2024, 17:23:48                 |
  | From tags/6-32-06@6-32-06                                        |
  | With g++ (GCC) 14.2.0                                            |
  | Try '.help'/'.?', '.demo', '.license', '.credits', '.quit'/'.q'  |
   ------------------------------------------------------------------


Processing data_histmaker.C(51709)...
entry 0/6845218 (0%)
entry 3000/6845218 (0.0438262%)
entry 6000/6845218 (0.0876524%)
entry 7000/6845218 (0.102261%)
entry 8000/6845218 (0.11687%)
entry 9000/6845218 (0.131479%)
entry 10000/6845218 (0.146087%)
entry 11000/6845218 (0.160696%)
entry 12000/6845218 (0.175305%)
entry 13000/6845218 (0.189914%)
entry 14000/6845218 (0.204522%)
entry 16000/6845218 (0.23374%)
entry 17000/6845218 (0.248349%)
entry 18000/6845218 (0.262957%)
entry 19000/6845218 (0.277566%)
entry 22000/6845218 (0.321392%)
entry 24000/6845218 (0.35061%)
entry 26000/6845218 (0.379827%)
entry 27000/6845218 (0.394436%)
entry 28000/6845218 (0.409045%)
entry 29000/6845218 (0.423653%)
entry 30000/6845218 (0.438262%)
entry 32000/6845218 (0.46748%)
entry 34000/6845218 (0.496697%)
entry 35000/6845218 (0.511306%)
entry 36000/6845218 (0.525915%)
entry 37000/6845218 (0.540523%)
entry 39000/6845218 (0.569741%)
entry 40000/6845218 (0.58435%)
entry 41000/6845218 (0.598958%)
entry 42000/6845218 (0.613567%)
entry 43000/6845218 (0.628176%)
entry 46000/6845218 (0.672002%)
entry 48000/6845218 (0.701219%)
entry 49000/6845218 (0.715828%)
entry 50000/6845218 (0.730437%)
entry 52000/6845218 (0.759654%)
entry 53000/6845218 (0.774263%)
entry 54000/6845218 (0.788872%)
entry 56000/6845218 (0.818089%)
entry 57000/6845218 (0.832698%)
entry 58000/6845218 (0.847307%)
entry 59000/6845218 (0.861916%)
entry 60000/6845218 (0.876524%)
entry 61000/6845218 (0.891133%)
entry 62000/6845218 (0.905742%)
entry 66000/6845218 (0.964177%)
entry 68000/6845218 (0.993394%)
entry 70000/6845218 (1.02261%)
entry 71000/6845218 (1.03722%)
entry 74000/6845218 (1.08105%)
entry 75000/6845218 (1.09566%)
entry 77000/6845218 (1.12487%)
entry 78000/6845218 (1.13948%)
entry 79000/6845218 (1.15409%)
entry 80000/6845218 (1.1687%)
entry 81000/6845218 (1.18331%)
entry 82000/6845218 (1.19792%)
entry 86000/6845218 (1.25635%)
entry 87000/6845218 (1.27096%)
entry 90000/6845218 (1.31479%)
entry 92000/6845218 (1.344%)
entry 94000/6845218 (1.37322%)
entry 95000/6845218 (1.38783%)
entry 96000/6845218 (1.40244%)
entry 97000/6845218 (1.41705%)
entry 98000/6845218 (1.43166%)
entry 99000/6845218 (1.44627%)
entry 100000/6845218 (1.46087%)
entry 102000/6845218 (1.49009%)
entry 104000/6845218 (1.51931%)
entry 105000/6845218 (1.53392%)
entry 106000/6845218 (1.54853%)
entry 107000/6845218 (1.56313%)
entry 109000/6845218 (1.59235%)
entry 111000/6845218 (1.62157%)
entry 112000/6845218 (1.63618%)
entry 113000/6845218 (1.65079%)
entry 114000/6845218 (1.6654%)
entry 115000/6845218 (1.68%)
entry 117000/6845218 (1.70922%)
entry 118000/6845218 (1.72383%)
entry 119000/6845218 (1.73844%)
entry 120000/6845218 (1.75305%)
entry 123000/6845218 (1.79687%)
entry 125000/6845218 (1.82609%)
entry 126000/6845218 (1.8407%)
entry 127000/6845218 (1.85531%)
entry 129000/6845218 (1.88453%)
entry 131000/6845218 (1.91374%)
entry 132000/6845218 (1.92835%)
entry 135000/6845218 (1.97218%)
entry 138000/6845218 (2.01601%)
entry 139000/6845218 (2.03061%)
entry 140000/6845218 (2.04522%)
entry 143000/6845218 (2.08905%)
entry 145000/6845218 (2.11827%)
entry 146000/6845218 (2.13288%)
entry 147000/6845218 (2.14748%)
entry 148000/6845218 (2.16209%)
entry 152000/6845218 (2.22053%)
entry 153000/6845218 (2.23514%)
entry 154000/6845218 (2.24975%)
entry 155000/6845218 (2.26435%)
entry 156000/6845218 (2.27896%)
entry 158000/6845218 (2.30818%)
entry 159000/6845218 (2.32279%)
entry 160000/6845218 (2.3374%)
entry 162000/6845218 (2.36662%)
entry 163000/6845218 (2.38122%)
entry 164000/6845218 (2.39583%)
entry 166000/6845218 (2.42505%)
entry 167000/6845218 (2.43966%)
entry 168000/6845218 (2.45427%)
entry 171000/6845218 (2.49809%)
entry 174000/6845218 (2.54192%)
entry 175000/6845218 (2.55653%)
entry 176000/6845218 (2.57114%)
entry 177000/6845218 (2.58575%)
entry 178000/6845218 (2.60036%)
entry 179000/6845218 (2.61496%)
entry 182000/6845218 (2.65879%)
entry 183000/6845218 (2.6734%)
entry 184000/6845218 (2.68801%)
entry 187000/6845218 (2.73183%)
entry 190000/6845218 (2.77566%)
entry 191000/6845218 (2.79027%)
entry 192000/6845218 (2.80488%)
entry 194000/6845218 (2.8341%)
entry 195000/6845218 (2.8487%)
entry 197000/6845218 (2.87792%)
entry 198000/6845218 (2.89253%)
entry 201000/6845218 (2.93636%)
entry 202000/6845218 (2.95097%)
entry 203000/6845218 (2.96557%)
entry 204000/6845218 (2.98018%)
entry 205000/6845218 (2.99479%)
entry 206000/6845218 (3.0094%)
entry 208000/6845218 (3.03862%)
entry 209000/6845218 (3.05323%)
entry 210000/6845218 (3.06784%)
entry 212000/6845218 (3.09705%)
entry 213000/6845218 (3.11166%)
entry 214000/6845218 (3.12627%)
entry 215000/6845218 (3.14088%)
entry 216000/6845218 (3.15549%)
entry 217000/6845218 (3.1701%)
entry 218000/6845218 (3.1847%)
entry 219000/6845218 (3.19931%)
entry 220000/6845218 (3.21392%)
entry 222000/6845218 (3.24314%)
entry 223000/6845218 (3.25775%)
entry 227000/6845218 (3.31618%)
entry 228000/6845218 (3.33079%)
entry 229000/6845218 (3.3454%)
entry 232000/6845218 (3.38923%)
entry 233000/6845218 (3.40384%)
entry 237000/6845218 (3.46227%)
entry 245000/6845218 (3.57914%)
entry 248000/6845218 (3.62297%)
entry 251000/6845218 (3.66679%)
entry 252000/6845218 (3.6814%)
entry 253000/6845218 (3.69601%)
entry 255000/6845218 (3.72523%)
entry 256000/6845218 (3.73984%)
entry 257000/6845218 (3.75445%)
entry 258000/6845218 (3.76905%)
entry 259000/6845218 (3.78366%)
entry 260000/6845218 (3.79827%)
entry 261000/6845218 (3.81288%)
entry 262000/6845218 (3.82749%)
entry 263000/6845218 (3.8421%)
entry 264000/6845218 (3.85671%)
entry 265000/6845218 (3.87132%)
entry 267000/6845218 (3.90053%)
entry 268000/6845218 (3.91514%)
entry 269000/6845218 (3.92975%)
entry 270000/6845218 (3.94436%)
entry 271000/6845218 (3.95897%)
entry 272000/6845218 (3.97358%)
entry 273000/6845218 (3.98819%)
entry 275000/6845218 (4.0174%)
entry 277000/6845218 (4.04662%)
entry 279000/6845218 (4.07584%)
entry 282000/6845218 (4.11966%)
entry 285000/6845218 (4.16349%)
entry 287000/6845218 (4.19271%)
entry 288000/6845218 (4.20732%)
entry 289000/6845218 (4.22193%)
entry 290000/6845218 (4.23653%)
entry 292000/6845218 (4.26575%)
entry 293000/6845218 (4.28036%)
entry 294000/6845218 (4.29497%)
entry 296000/6845218 (4.32419%)
entry 298000/6845218 (4.3534%)
entry 299000/6845218 (4.36801%)
entry 300000/6845218 (4.38262%)
entry 303000/6845218 (4.42645%)
entry 304000/6845218 (4.44106%)
entry 305000/6845218 (4.45567%)
entry 306000/6845218 (4.47027%)
entry 308000/6845218 (4.49949%)
entry 309000/6845218 (4.5141%)
entry 310000/6845218 (4.52871%)
entry 312000/6845218 (4.55793%)
entry 313000/6845218 (4.57254%)
entry 314000/6845218 (4.58714%)
entry 315000/6845218 (4.60175%)
entry 316000/6845218 (4.61636%)
entry 318000/6845218 (4.64558%)
entry 320000/6845218 (4.6748%)
entry 321000/6845218 (4.68941%)
entry 322000/6845218 (4.70401%)
entry 324000/6845218 (4.73323%)
entry 327000/6845218 (4.77706%)
entry 328000/6845218 (4.79167%)
entry 329000/6845218 (4.80627%)
entry 331000/6845218 (4.83549%)
entry 332000/6845218 (4.8501%)
entry 337000/6845218 (4.92314%)
entry 338000/6845218 (4.93775%)
entry 340000/6845218 (4.96697%)
entry 341000/6845218 (4.98158%)
entry 342000/6845218 (4.99619%)
entry 343000/6845218 (5.0108%)
entry 344000/6845218 (5.02541%)
entry 345000/6845218 (5.04001%)
entry 346000/6845218 (5.05462%)
entry 347000/6845218 (5.06923%)
entry 349000/6845218 (5.09845%)
entry 350000/6845218 (5.11306%)
entry 351000/6845218 (5.12767%)
entry 353000/6845218 (5.15688%)
entry 354000/6845218 (5.17149%)
entry 355000/6845218 (5.1861%)
entry 356000/6845218 (5.20071%)
entry 358000/6845218 (5.22993%)
entry 359000/6845218 (5.24454%)
entry 360000/6845218 (5.25915%)
entry 362000/6845218 (5.28836%)
entry 363000/6845218 (5.30297%)
entry 365000/6845218 (5.33219%)
entry 366000/6845218 (5.3468%)
entry 367000/6845218 (5.36141%)
entry 369000/6845218 (5.39062%)
entry 370000/6845218 (5.40523%)
entry 371000/6845218 (5.41984%)
entry 372000/6845218 (5.43445%)
entry 373000/6845218 (5.44906%)
entry 374000/6845218 (5.46367%)
entry 379000/6845218 (5.53671%)
entry 382000/6845218 (5.58054%)
entry 383000/6845218 (5.59515%)
entry 384000/6845218 (5.60976%)
entry 386000/6845218 (5.63897%)
entry 387000/6845218 (5.65358%)
entry 388000/6845218 (5.66819%)
entry 390000/6845218 (5.69741%)
entry 393000/6845218 (5.74123%)
entry 395000/6845218 (5.77045%)
entry 396000/6845218 (5.78506%)
entry 398000/6845218 (5.81428%)
entry 399000/6845218 (5.82889%)
entry 401000/6845218 (5.8581%)
entry 402000/6845218 (5.87271%)
entry 406000/6845218 (5.93115%)
entry 410000/6845218 (5.98958%)
entry 413000/6845218 (6.03341%)
entry 416000/6845218 (6.07724%)
entry 418000/6845218 (6.10645%)
entry 419000/6845218 (6.12106%)
entry 420000/6845218 (6.13567%)
entry 422000/6845218 (6.16489%)
entry 423000/6845218 (6.1795%)
entry 424000/6845218 (6.1941%)
entry 425000/6845218 (6.20871%)
entry 426000/6845218 (6.22332%)
entry 427000/6845218 (6.23793%)
entry 429000/6845218 (6.26715%)
entry 431000/6845218 (6.29637%)
entry 433000/6845218 (6.32558%)
entry 434000/6845218 (6.34019%)
entry 436000/6845218 (6.36941%)
entry 437000/6845218 (6.38402%)
entry 438000/6845218 (6.39863%)
entry 440000/6845218 (6.42784%)
entry 441000/6845218 (6.44245%)
entry 442000/6845218 (6.45706%)
entry 443000/6845218 (6.47167%)
entry 447000/6845218 (6.53011%)
entry 448000/6845218 (6.54472%)
entry 450000/6845218 (6.57393%)
entry 451000/6845218 (6.58854%)
entry 452000/6845218 (6.60315%)
entry 454000/6845218 (6.63237%)
entry 457000/6845218 (6.67619%)
entry 458000/6845218 (6.6908%)
entry 460000/6845218 (6.72002%)
entry 462000/6845218 (6.74924%)
entry 463000/6845218 (6.76385%)
entry 466000/6845218 (6.80767%)
entry 468000/6845218 (6.83689%)
entry 470000/6845218 (6.86611%)
entry 471000/6845218 (6.88072%)
entry 472000/6845218 (6.89532%)
entry 474000/6845218 (6.92454%)
entry 475000/6845218 (6.93915%)
entry 476000/6845218 (6.95376%)
entry 477000/6845218 (6.96837%)
entry 479000/6845218 (6.99759%)
entry 481000/6845218 (7.0268%)
entry 482000/6845218 (7.04141%)
entry 484000/6845218 (7.07063%)
entry 485000/6845218 (7.08524%)
entry 486000/6845218 (7.09985%)
entry 488000/6845218 (7.12906%)
entry 490000/6845218 (7.15828%)
entry 491000/6845218 (7.17289%)
entry 492000/6845218 (7.1875%)
entry 493000/6845218 (7.20211%)
entry 494000/6845218 (7.21672%)
entry 495000/6845218 (7.23133%)
entry 496000/6845218 (7.24593%)
entry 497000/6845218 (7.26054%)
entry 498000/6845218 (7.27515%)
entry 499000/6845218 (7.28976%)
entry 500000/6845218 (7.30437%)
entry 501000/6845218 (7.31898%)
entry 502000/6845218 (7.33359%)
entry 504000/6845218 (7.3628%)
entry 505000/6845218 (7.37741%)
entry 506000/6845218 (7.39202%)
entry 507000/6845218 (7.40663%)
entry 508000/6845218 (7.42124%)
entry 510000/6845218 (7.45046%)
entry 511000/6845218 (7.46507%)
entry 512000/6845218 (7.47967%)
entry 516000/6845218 (7.53811%)
entry 521000/6845218 (7.61115%)
entry 522000/6845218 (7.62576%)
entry 524000/6845218 (7.65498%)
entry 526000/6845218 (7.6842%)
entry 527000/6845218 (7.6988%)
entry 529000/6845218 (7.72802%)
entry 530000/6845218 (7.74263%)
entry 531000/6845218 (7.75724%)
entry 532000/6845218 (7.77185%)
entry 533000/6845218 (7.78646%)
entry 534000/6845218 (7.80107%)
entry 535000/6845218 (7.81568%)
entry 538000/6845218 (7.8595%)
entry 542000/6845218 (7.91794%)
entry 544000/6845218 (7.94715%)
entry 545000/6845218 (7.96176%)
entry 546000/6845218 (7.97637%)
entry 547000/6845218 (7.99098%)
entry 549000/6845218 (8.0202%)
entry 550000/6845218 (8.03481%)
entry 551000/6845218 (8.04942%)
entry 556000/6845218 (8.12246%)
entry 558000/6845218 (8.15168%)
entry 559000/6845218 (8.16628%)
entry 560000/6845218 (8.18089%)
entry 562000/6845218 (8.21011%)
entry 564000/6845218 (8.23933%)
entry 565000/6845218 (8.25394%)
entry 566000/6845218 (8.26855%)
entry 567000/6845218 (8.28315%)
entry 569000/6845218 (8.31237%)
entry 570000/6845218 (8.32698%)
entry 571000/6845218 (8.34159%)
entry 574000/6845218 (8.38542%)
entry 575000/6845218 (8.40002%)
entry 576000/6845218 (8.41463%)
entry 577000/6845218 (8.42924%)
entry 580000/6845218 (8.47307%)
entry 581000/6845218 (8.48768%)
entry 582000/6845218 (8.50229%)
entry 583000/6845218 (8.51689%)
entry 584000/6845218 (8.5315%)
entry 585000/6845218 (8.54611%)
entry 588000/6845218 (8.58994%)
entry 589000/6845218 (8.60455%)
entry 590000/6845218 (8.61916%)
entry 593000/6845218 (8.66298%)
entry 594000/6845218 (8.67759%)
entry 595000/6845218 (8.6922%)
entry 597000/6845218 (8.72142%)
entry 598000/6845218 (8.73603%)
entry 599000/6845218 (8.75063%)
entry 600000/6845218 (8.76524%)
entry 601000/6845218 (8.77985%)
entry 602000/6845218 (8.79446%)
entry 603000/6845218 (8.80907%)
entry 604000/6845218 (8.82368%)
entry 605000/6845218 (8.83829%)
entry 607000/6845218 (8.8675%)
entry 608000/6845218 (8.88211%)
entry 609000/6845218 (8.89672%)
entry 612000/6845218 (8.94055%)
entry 613000/6845218 (8.95516%)
entry 614000/6845218 (8.96977%)
entry 615000/6845218 (8.98437%)
entry 618000/6845218 (9.0282%)
entry 619000/6845218 (9.04281%)
entry 621000/6845218 (9.07203%)
entry 622000/6845218 (9.08664%)
entry 623000/6845218 (9.10124%)
entry 624000/6845218 (9.11585%)
entry 625000/6845218 (9.13046%)
entry 626000/6845218 (9.14507%)
entry 627000/6845218 (9.15968%)
entry 628000/6845218 (9.17429%)
entry 631000/6845218 (9.21811%)
entry 633000/6845218 (9.24733%)
entry 635000/6845218 (9.27655%)
entry 636000/6845218 (9.29116%)
entry 637000/6845218 (9.30577%)
entry 638000/6845218 (9.32038%)
entry 643000/6845218 (9.39342%)
entry 645000/6845218 (9.42264%)
entry 650000/6845218 (9.49568%)
entry 653000/6845218 (9.53951%)
entry 654000/6845218 (9.55411%)
entry 655000/6845218 (9.56872%)
entry 656000/6845218 (9.58333%)
entry 657000/6845218 (9.59794%)
entry 659000/6845218 (9.62716%)
entry 661000/6845218 (9.65638%)
entry 663000/6845218 (9.68559%)
entry 664000/6845218 (9.7002%)
entry 665000/6845218 (9.71481%)
entry 666000/6845218 (9.72942%)
entry 667000/6845218 (9.74403%)
entry 668000/6845218 (9.75864%)
entry 669000/6845218 (9.77325%)
entry 672000/6845218 (9.81707%)
entry 673000/6845218 (9.83168%)
entry 675000/6845218 (9.8609%)
entry 676000/6845218 (9.87551%)
entry 679000/6845218 (9.91933%)
entry 680000/6845218 (9.93394%)
entry 681000/6845218 (9.94855%)
entry 682000/6845218 (9.96316%)
entry 683000/6845218 (9.97777%)
entry 685000/6845218 (10.007%)
entry 686000/6845218 (10.0216%)
entry 688000/6845218 (10.0508%)
entry 689000/6845218 (10.0654%)
entry 690000/6845218 (10.08%)
entry 691000/6845218 (10.0946%)
entry 692000/6845218 (10.1092%)
entry 693000/6845218 (10.1239%)
entry 694000/6845218 (10.1385%)
entry 695000/6845218 (10.1531%)
entry 696000/6845218 (10.1677%)
entry 698000/6845218 (10.1969%)
entry 700000/6845218 (10.2261%)
entry 702000/6845218 (10.2553%)
entry 704000/6845218 (10.2846%)
entry 706000/6845218 (10.3138%)
entry 707000/6845218 (10.3284%)
entry 710000/6845218 (10.3722%)
entry 711000/6845218 (10.3868%)
entry 713000/6845218 (10.416%)
entry 717000/6845218 (10.4745%)
entry 720000/6845218 (10.5183%)
entry 721000/6845218 (10.5329%)
entry 722000/6845218 (10.5475%)
entry 723000/6845218 (10.5621%)
entry 724000/6845218 (10.5767%)
entry 726000/6845218 (10.6059%)
entry 728000/6845218 (10.6352%)
entry 729000/6845218 (10.6498%)
entry 730000/6845218 (10.6644%)
entry 731000/6845218 (10.679%)
entry 732000/6845218 (10.6936%)
entry 733000/6845218 (10.7082%)
entry 734000/6845218 (10.7228%)
entry 735000/6845218 (10.7374%)
entry 736000/6845218 (10.752%)
entry 737000/6845218 (10.7666%)
entry 740000/6845218 (10.8105%)
entry 742000/6845218 (10.8397%)
entry 743000/6845218 (10.8543%)
entry 745000/6845218 (10.8835%)
entry 748000/6845218 (10.9273%)
entry 751000/6845218 (10.9712%)
entry 753000/6845218 (11.0004%)
entry 754000/6845218 (11.015%)
entry 755000/6845218 (11.0296%)
entry 756000/6845218 (11.0442%)
entry 757000/6845218 (11.0588%)
entry 758000/6845218 (11.0734%)
entry 760000/6845218 (11.1026%)
entry 761000/6845218 (11.1172%)
entry 763000/6845218 (11.1465%)
entry 764000/6845218 (11.1611%)
entry 765000/6845218 (11.1757%)
entry 766000/6845218 (11.1903%)
entry 768000/6845218 (11.2195%)
entry 769000/6845218 (11.2341%)
entry 770000/6845218 (11.2487%)
entry 772000/6845218 (11.2779%)
entry 773000/6845218 (11.2926%)
entry 775000/6845218 (11.3218%)
entry 776000/6845218 (11.3364%)
entry 777000/6845218 (11.351%)
entry 779000/6845218 (11.3802%)
entry 780000/6845218 (11.3948%)
entry 782000/6845218 (11.424%)
entry 784000/6845218 (11.4533%)
entry 786000/6845218 (11.4825%)
entry 790000/6845218 (11.5409%)
entry 792000/6845218 (11.5701%)
entry 794000/6845218 (11.5993%)
entry 795000/6845218 (11.6139%)
entry 796000/6845218 (11.6286%)
entry 798000/6845218 (11.6578%)
entry 799000/6845218 (11.6724%)
entry 800000/6845218 (11.687%)
entry 802000/6845218 (11.7162%)
entry 805000/6845218 (11.76%)
entry 808000/6845218 (11.8039%)
entry 809000/6845218 (11.8185%)
entry 810000/6845218 (11.8331%)
entry 811000/6845218 (11.8477%)
entry 814000/6845218 (11.8915%)
entry 816000/6845218 (11.9207%)
entry 817000/6845218 (11.9353%)
entry 818000/6845218 (11.9499%)
entry 821000/6845218 (11.9938%)
entry 822000/6845218 (12.0084%)
entry 823000/6845218 (12.023%)
entry 824000/6845218 (12.0376%)
entry 825000/6845218 (12.0522%)
entry 827000/6845218 (12.0814%)
entry 828000/6845218 (12.096%)
entry 829000/6845218 (12.1106%)
entry 830000/6845218 (12.1253%)
entry 831000/6845218 (12.1399%)
entry 832000/6845218 (12.1545%)
entry 833000/6845218 (12.1691%)
entry 834000/6845218 (12.1837%)
entry 835000/6845218 (12.1983%)
entry 836000/6845218 (12.2129%)
entry 837000/6845218 (12.2275%)
entry 839000/6845218 (12.2567%)
entry 840000/6845218 (12.2713%)
entry 842000/6845218 (12.3006%)
entry 844000/6845218 (12.3298%)
entry 845000/6845218 (12.3444%)
entry 846000/6845218 (12.359%)
entry 848000/6845218 (12.3882%)
entry 850000/6845218 (12.4174%)
entry 851000/6845218 (12.432%)
entry 852000/6845218 (12.4466%)
entry 853000/6845218 (12.4613%)
entry 854000/6845218 (12.4759%)
entry 856000/6845218 (12.5051%)
entry 857000/6845218 (12.5197%)
entry 858000/6845218 (12.5343%)
entry 859000/6845218 (12.5489%)
entry 860000/6845218 (12.5635%)
entry 861000/6845218 (12.5781%)
entry 863000/6845218 (12.6073%)
entry 864000/6845218 (12.6219%)
entry 866000/6845218 (12.6512%)
entry 867000/6845218 (12.6658%)
entry 868000/6845218 (12.6804%)
entry 872000/6845218 (12.7388%)
entry 875000/6845218 (12.7826%)
entry 876000/6845218 (12.7973%)
entry 877000/6845218 (12.8119%)
entry 879000/6845218 (12.8411%)
entry 881000/6845218 (12.8703%)
entry 882000/6845218 (12.8849%)
entry 885000/6845218 (12.9287%)
entry 887000/6845218 (12.958%)
entry 888000/6845218 (12.9726%)
entry 892000/6845218 (13.031%)
entry 895000/6845218 (13.0748%)
entry 896000/6845218 (13.0894%)
entry 903000/6845218 (13.1917%)
entry 904000/6845218 (13.2063%)
entry 905000/6845218 (13.2209%)
entry 906000/6845218 (13.2355%)
entry 910000/6845218 (13.294%)
entry 912000/6845218 (13.3232%)
entry 914000/6845218 (13.3524%)
entry 915000/6845218 (13.367%)
entry 916000/6845218 (13.3816%)
entry 917000/6845218 (13.3962%)
entry 918000/6845218 (13.4108%)
entry 921000/6845218 (13.4546%)
entry 923000/6845218 (13.4839%)
entry 924000/6845218 (13.4985%)
entry 928000/6845218 (13.5569%)
entry 930000/6845218 (13.5861%)
entry 931000/6845218 (13.6007%)
entry 932000/6845218 (13.6153%)
entry 933000/6845218 (13.63%)
entry 934000/6845218 (13.6446%)
entry 938000/6845218 (13.703%)
entry 939000/6845218 (13.7176%)
entry 940000/6845218 (13.7322%)
entry 941000/6845218 (13.7468%)
entry 942000/6845218 (13.7614%)
entry 943000/6845218 (13.776%)
entry 944000/6845218 (13.7906%)
entry 945000/6845218 (13.8053%)
entry 947000/6845218 (13.8345%)
entry 948000/6845218 (13.8491%)
entry 949000/6845218 (13.8637%)
entry 951000/6845218 (13.8929%)
entry 952000/6845218 (13.9075%)
entry 953000/6845218 (13.9221%)
entry 954000/6845218 (13.9367%)
entry 955000/6845218 (13.9513%)
entry 956000/6845218 (13.966%)
entry 957000/6845218 (13.9806%)
entry 958000/6845218 (13.9952%)
entry 959000/6845218 (14.0098%)
entry 960000/6845218 (14.0244%)
entry 961000/6845218 (14.039%)
entry 962000/6845218 (14.0536%)
entry 963000/6845218 (14.0682%)
entry 965000/6845218 (14.0974%)
entry 966000/6845218 (14.112%)
entry 968000/6845218 (14.1413%)
entry 971000/6845218 (14.1851%)
entry 973000/6845218 (14.2143%)
entry 974000/6845218 (14.2289%)
entry 975000/6845218 (14.2435%)
entry 978000/6845218 (14.2873%)
entry 979000/6845218 (14.302%)
entry 980000/6845218 (14.3166%)
entry 981000/6845218 (14.3312%)
entry 983000/6845218 (14.3604%)
entry 984000/6845218 (14.375%)
entry 985000/6845218 (14.3896%)
entry 987000/6845218 (14.4188%)
entry 988000/6845218 (14.4334%)
entry 989000/6845218 (14.448%)
entry 990000/6845218 (14.4627%)
entry 991000/6845218 (14.4773%)
entry 992000/6845218 (14.4919%)
entry 993000/6845218 (14.5065%)
entry 994000/6845218 (14.5211%)
entry 995000/6845218 (14.5357%)
entry 996000/6845218 (14.5503%)
entry 997000/6845218 (14.5649%)
entry 998000/6845218 (14.5795%)
entry 1000000/6845218 (14.6087%)
entry 1001000/6845218 (14.6233%)
entry 1003000/6845218 (14.6526%)
entry 1004000/6845218 (14.6672%)
entry 1005000/6845218 (14.6818%)
entry 1008000/6845218 (14.7256%)
entry 1009000/6845218 (14.7402%)
entry 1010000/6845218 (14.7548%)
entry 1012000/6845218 (14.784%)
entry 1013000/6845218 (14.7987%)
entry 1014000/6845218 (14.8133%)
entry 1015000/6845218 (14.8279%)
entry 1016000/6845218 (14.8425%)
entry 1017000/6845218 (14.8571%)
entry 1018000/6845218 (14.8717%)
entry 1019000/6845218 (14.8863%)
entry 1021000/6845218 (14.9155%)
entry 1022000/6845218 (14.9301%)
entry 1024000/6845218 (14.9593%)
entry 1025000/6845218 (14.974%)
entry 1026000/6845218 (14.9886%)
entry 1030000/6845218 (15.047%)
entry 1031000/6845218 (15.0616%)
entry 1032000/6845218 (15.0762%)
entry 1035000/6845218 (15.12%)
entry 1036000/6845218 (15.1347%)
entry 1038000/6845218 (15.1639%)
entry 1039000/6845218 (15.1785%)
entry 1042000/6845218 (15.2223%)
entry 1045000/6845218 (15.2661%)
entry 1046000/6845218 (15.2807%)
entry 1047000/6845218 (15.2953%)
entry 1048000/6845218 (15.31%)
entry 1050000/6845218 (15.3392%)
entry 1051000/6845218 (15.3538%)
entry 1052000/6845218 (15.3684%)
entry 1053000/6845218 (15.383%)
entry 1061000/6845218 (15.4999%)
entry 1063000/6845218 (15.5291%)
entry 1065000/6845218 (15.5583%)
entry 1066000/6845218 (15.5729%)
entry 1068000/6845218 (15.6021%)
entry 1069000/6845218 (15.6167%)
entry 1070000/6845218 (15.6314%)
entry 1071000/6845218 (15.646%)
entry 1073000/6845218 (15.6752%)
entry 1074000/6845218 (15.6898%)
entry 1075000/6845218 (15.7044%)
entry 1076000/6845218 (15.719%)
entry 1080000/6845218 (15.7774%)
entry 1081000/6845218 (15.792%)
entry 1082000/6845218 (15.8067%)
entry 1083000/6845218 (15.8213%)
entry 1086000/6845218 (15.8651%)
entry 1088000/6845218 (15.8943%)
entry 1090000/6845218 (15.9235%)
entry 1091000/6845218 (15.9381%)
entry 1092000/6845218 (15.9527%)
entry 1093000/6845218 (15.9674%)
entry 1095000/6845218 (15.9966%)
entry 1096000/6845218 (16.0112%)
entry 1097000/6845218 (16.0258%)
entry 1098000/6845218 (16.0404%)
entry 1099000/6845218 (16.055%)
entry 1100000/6845218 (16.0696%)
entry 1103000/6845218 (16.1134%)
entry 1104000/6845218 (16.128%)
entry 1107000/6845218 (16.1719%)
entry 1108000/6845218 (16.1865%)
entry 1110000/6845218 (16.2157%)
entry 1114000/6845218 (16.2741%)
entry 1115000/6845218 (16.2887%)
entry 1116000/6845218 (16.3034%)
entry 1117000/6845218 (16.318%)
entry 1118000/6845218 (16.3326%)
entry 1120000/6845218 (16.3618%)
entry 1123000/6845218 (16.4056%)
entry 1124000/6845218 (16.4202%)
entry 1125000/6845218 (16.4348%)
entry 1126000/6845218 (16.4494%)
entry 1127000/6845218 (16.464%)
entry 1128000/6845218 (16.4787%)
entry 1134000/6845218 (16.5663%)
entry 1137000/6845218 (16.6101%)
entry 1138000/6845218 (16.6247%)
entry 1139000/6845218 (16.6394%)
entry 1140000/6845218 (16.654%)
entry 1141000/6845218 (16.6686%)
entry 1142000/6845218 (16.6832%)
entry 1143000/6845218 (16.6978%)
entry 1145000/6845218 (16.727%)
entry 1146000/6845218 (16.7416%)
entry 1147000/6845218 (16.7562%)
entry 1148000/6845218 (16.7708%)
entry 1150000/6845218 (16.8%)
entry 1151000/6845218 (16.8147%)
entry 1153000/6845218 (16.8439%)
entry 1154000/6845218 (16.8585%)
entry 1156000/6845218 (16.8877%)
entry 1158000/6845218 (16.9169%)
entry 1159000/6845218 (16.9315%)
entry 1161000/6845218 (16.9607%)
entry 1162000/6845218 (16.9754%)
entry 1163000/6845218 (16.99%)
entry 1164000/6845218 (17.0046%)
entry 1166000/6845218 (17.0338%)
entry 1167000/6845218 (17.0484%)
entry 1171000/6845218 (17.1068%)
entry 1172000/6845218 (17.1214%)
entry 1173000/6845218 (17.1361%)
entry 1174000/6845218 (17.1507%)
entry 1175000/6845218 (17.1653%)
entry 1176000/6845218 (17.1799%)
entry 1177000/6845218 (17.1945%)
entry 1178000/6845218 (17.2091%)
entry 1179000/6845218 (17.2237%)
entry 1180000/6845218 (17.2383%)
entry 1182000/6845218 (17.2675%)
entry 1185000/6845218 (17.3114%)
entry 1186000/6845218 (17.326%)
entry 1187000/6845218 (17.3406%)
entry 1188000/6845218 (17.3552%)
entry 1189000/6845218 (17.3698%)
entry 1190000/6845218 (17.3844%)
entry 1191000/6845218 (17.399%)
entry 1192000/6845218 (17.4136%)
entry 1193000/6845218 (17.4282%)
entry 1194000/6845218 (17.4428%)
entry 1195000/6845218 (17.4574%)
entry 1196000/6845218 (17.4721%)
entry 1197000/6845218 (17.4867%)
entry 1198000/6845218 (17.5013%)
entry 1200000/6845218 (17.5305%)
entry 1201000/6845218 (17.5451%)
entry 1202000/6845218 (17.5597%)
entry 1203000/6845218 (17.5743%)
entry 1204000/6845218 (17.5889%)
entry 1205000/6845218 (17.6035%)
entry 1206000/6845218 (17.6181%)
entry 1207000/6845218 (17.6327%)
entry 1208000/6845218 (17.6474%)
entry 1210000/6845218 (17.6766%)
entry 1211000/6845218 (17.6912%)
entry 1212000/6845218 (17.7058%)
entry 1213000/6845218 (17.7204%)
entry 1215000/6845218 (17.7496%)
entry 1216000/6845218 (17.7642%)
entry 1217000/6845218 (17.7788%)
entry 1218000/6845218 (17.7934%)
entry 1219000/6845218 (17.8081%)
entry 1220000/6845218 (17.8227%)
entry 1221000/6845218 (17.8373%)
entry 1222000/6845218 (17.8519%)
entry 1223000/6845218 (17.8665%)
entry 1225000/6845218 (17.8957%)
entry 1226000/6845218 (17.9103%)
entry 1229000/6845218 (17.9541%)
entry 1231000/6845218 (17.9834%)
entry 1232000/6845218 (17.998%)
entry 1233000/6845218 (18.0126%)
entry 1234000/6845218 (18.0272%)
entry 1235000/6845218 (18.0418%)
entry 1237000/6845218 (18.071%)
entry 1238000/6845218 (18.0856%)
entry 1240000/6845218 (18.1148%)
entry 1241000/6845218 (18.1294%)
entry 1242000/6845218 (18.1441%)
entry 1245000/6845218 (18.1879%)
entry 1246000/6845218 (18.2025%)
entry 1247000/6845218 (18.2171%)
entry 1249000/6845218 (18.2463%)
entry 1250000/6845218 (18.2609%)
entry 1251000/6845218 (18.2755%)
entry 1253000/6845218 (18.3047%)
entry 1258000/6845218 (18.3778%)
entry 1259000/6845218 (18.3924%)
entry 1261000/6845218 (18.4216%)
entry 1262000/6845218 (18.4362%)
entry 1263000/6845218 (18.4508%)
entry 1264000/6845218 (18.4654%)
entry 1265000/6845218 (18.4801%)
entry 1266000/6845218 (18.4947%)
entry 1268000/6845218 (18.5239%)
entry 1269000/6845218 (18.5385%)
entry 1270000/6845218 (18.5531%)
entry 1271000/6845218 (18.5677%)
entry 1272000/6845218 (18.5823%)
entry 1274000/6845218 (18.6115%)
entry 1275000/6845218 (18.6261%)
entry 1276000/6845218 (18.6408%)
entry 1278000/6845218 (18.67%)
entry 1279000/6845218 (18.6846%)
entry 1282000/6845218 (18.7284%)
entry 1284000/6845218 (18.7576%)
entry 1285000/6845218 (18.7722%)
entry 1288000/6845218 (18.8161%)
entry 1290000/6845218 (18.8453%)
entry 1291000/6845218 (18.8599%)
entry 1292000/6845218 (18.8745%)
entry 1293000/6845218 (18.8891%)
entry 1294000/6845218 (18.9037%)
entry 1295000/6845218 (18.9183%)
entry 1297000/6845218 (18.9475%)
entry 1298000/6845218 (18.9621%)
entry 1300000/6845218 (18.9914%)
entry 1301000/6845218 (19.006%)
entry 1302000/6845218 (19.0206%)
entry 1303000/6845218 (19.0352%)
entry 1305000/6845218 (19.0644%)
entry 1306000/6845218 (19.079%)
entry 1307000/6845218 (19.0936%)
entry 1308000/6845218 (19.1082%)
entry 1310000/6845218 (19.1374%)
entry 1312000/6845218 (19.1667%)
entry 1313000/6845218 (19.1813%)
entry 1315000/6845218 (19.2105%)
entry 1316000/6845218 (19.2251%)
entry 1320000/6845218 (19.2835%)
entry 1321000/6845218 (19.2981%)
entry 1325000/6845218 (19.3566%)
entry 1327000/6845218 (19.3858%)
entry 1329000/6845218 (19.415%)
entry 1330000/6845218 (19.4296%)
entry 1331000/6845218 (19.4442%)
entry 1332000/6845218 (19.4588%)
entry 1333000/6845218 (19.4734%)
entry 1334000/6845218 (19.4881%)
entry 1335000/6845218 (19.5027%)
entry 1336000/6845218 (19.5173%)
entry 1337000/6845218 (19.5319%)
entry 1338000/6845218 (19.5465%)
entry 1340000/6845218 (19.5757%)
entry 1341000/6845218 (19.5903%)
entry 1342000/6845218 (19.6049%)
entry 1343000/6845218 (19.6195%)
entry 1344000/6845218 (19.6341%)
entry 1346000/6845218 (19.6634%)
entry 1347000/6845218 (19.678%)
entry 1348000/6845218 (19.6926%)
entry 1349000/6845218 (19.7072%)
entry 1353000/6845218 (19.7656%)
entry 1355000/6845218 (19.7948%)
entry 1356000/6845218 (19.8094%)
entry 1357000/6845218 (19.8241%)
entry 1358000/6845218 (19.8387%)
entry 1360000/6845218 (19.8679%)
entry 1361000/6845218 (19.8825%)
entry 1362000/6845218 (19.8971%)
entry 1365000/6845218 (19.9409%)
entry 1366000/6845218 (19.9555%)
entry 1368000/6845218 (19.9848%)
entry 1369000/6845218 (19.9994%)
entry 1371000/6845218 (20.0286%)
entry 1373000/6845218 (20.0578%)
entry 1376000/6845218 (20.1016%)
entry 1378000/6845218 (20.1308%)
entry 1379000/6845218 (20.1455%)
entry 1380000/6845218 (20.1601%)
entry 1382000/6845218 (20.1893%)
entry 1383000/6845218 (20.2039%)
entry 1384000/6845218 (20.2185%)
entry 1385000/6845218 (20.2331%)
entry 1386000/6845218 (20.2477%)
entry 1387000/6845218 (20.2623%)
entry 1388000/6845218 (20.2769%)
entry 1389000/6845218 (20.2915%)
entry 1393000/6845218 (20.35%)
entry 1397000/6845218 (20.4084%)
entry 1402000/6845218 (20.4815%)
entry 1403000/6845218 (20.4961%)
entry 1404000/6845218 (20.5107%)
entry 1406000/6845218 (20.5399%)
entry 1407000/6845218 (20.5545%)
entry 1408000/6845218 (20.5691%)
entry 1409000/6845218 (20.5837%)
entry 1412000/6845218 (20.6275%)
entry 1413000/6845218 (20.6421%)
entry 1414000/6845218 (20.6568%)
entry 1415000/6845218 (20.6714%)
entry 1418000/6845218 (20.7152%)
entry 1419000/6845218 (20.7298%)
entry 1420000/6845218 (20.7444%)
entry 1422000/6845218 (20.7736%)
entry 1423000/6845218 (20.7882%)
entry 1424000/6845218 (20.8028%)
entry 1426000/6845218 (20.8321%)
entry 1427000/6845218 (20.8467%)
entry 1429000/6845218 (20.8759%)
entry 1430000/6845218 (20.8905%)
entry 1431000/6845218 (20.9051%)
entry 1432000/6845218 (20.9197%)
entry 1433000/6845218 (20.9343%)
entry 1434000/6845218 (20.9489%)
entry 1436000/6845218 (20.9781%)
entry 1437000/6845218 (20.9928%)
entry 1438000/6845218 (21.0074%)
entry 1439000/6845218 (21.022%)
entry 1442000/6845218 (21.0658%)
entry 1445000/6845218 (21.1096%)
entry 1446000/6845218 (21.1242%)
entry 1447000/6845218 (21.1388%)
entry 1449000/6845218 (21.1681%)
entry 1450000/6845218 (21.1827%)
entry 1451000/6845218 (21.1973%)
entry 1456000/6845218 (21.2703%)
entry 1457000/6845218 (21.2849%)
entry 1458000/6845218 (21.2995%)
entry 1459000/6845218 (21.3142%)
entry 1462000/6845218 (21.358%)
entry 1463000/6845218 (21.3726%)
entry 1466000/6845218 (21.4164%)
entry 1468000/6845218 (21.4456%)
entry 1469000/6845218 (21.4602%)
entry 1470000/6845218 (21.4748%)
entry 1472000/6845218 (21.5041%)
entry 1473000/6845218 (21.5187%)
entry 1474000/6845218 (21.5333%)
entry 1476000/6845218 (21.5625%)
entry 1477000/6845218 (21.5771%)
entry 1480000/6845218 (21.6209%)
entry 1481000/6845218 (21.6355%)
entry 1484000/6845218 (21.6794%)
entry 1486000/6845218 (21.7086%)
entry 1487000/6845218 (21.7232%)
entry 1488000/6845218 (21.7378%)
entry 1489000/6845218 (21.7524%)
entry 1490000/6845218 (21.767%)
entry 1491000/6845218 (21.7816%)
entry 1492000/6845218 (21.7962%)
entry 1495000/6845218 (21.8401%)
entry 1496000/6845218 (21.8547%)
entry 1497000/6845218 (21.8693%)
entry 1498000/6845218 (21.8839%)
entry 1499000/6845218 (21.8985%)
entry 1500000/6845218 (21.9131%)
entry 1501000/6845218 (21.9277%)
entry 1503000/6845218 (21.9569%)
entry 1504000/6845218 (21.9715%)
entry 1505000/6845218 (21.9862%)
entry 1506000/6845218 (22.0008%)
entry 1508000/6845218 (22.03%)
entry 1509000/6845218 (22.0446%)
entry 1511000/6845218 (22.0738%)
entry 1512000/6845218 (22.0884%)
entry 1516000/6845218 (22.1468%)
entry 1518000/6845218 (22.1761%)
entry 1519000/6845218 (22.1907%)
entry 1520000/6845218 (22.2053%)
entry 1521000/6845218 (22.2199%)
entry 1523000/6845218 (22.2491%)
entry 1525000/6845218 (22.2783%)
entry 1529000/6845218 (22.3368%)
entry 1530000/6845218 (22.3514%)
entry 1531000/6845218 (22.366%)
entry 1533000/6845218 (22.3952%)
entry 1536000/6845218 (22.439%)
entry 1539000/6845218 (22.4828%)
entry 1540000/6845218 (22.4975%)
entry 1541000/6845218 (22.5121%)
entry 1543000/6845218 (22.5413%)
entry 1545000/6845218 (22.5705%)
entry 1546000/6845218 (22.5851%)
entry 1548000/6845218 (22.6143%)
entry 1549000/6845218 (22.6289%)
entry 1551000/6845218 (22.6582%)
entry 1552000/6845218 (22.6728%)
entry 1555000/6845218 (22.7166%)
entry 1559000/6845218 (22.775%)
entry 1560000/6845218 (22.7896%)
entry 1563000/6845218 (22.8335%)
entry 1567000/6845218 (22.8919%)
entry 1568000/6845218 (22.9065%)
entry 1571000/6845218 (22.9503%)
entry 1574000/6845218 (22.9942%)
entry 1575000/6845218 (23.0088%)
entry 1576000/6845218 (23.0234%)
entry 1577000/6845218 (23.038%)
entry 1578000/6845218 (23.0526%)
entry 1579000/6845218 (23.0672%)
entry 1583000/6845218 (23.1256%)
entry 1584000/6845218 (23.1402%)
entry 1586000/6845218 (23.1695%)
entry 1587000/6845218 (23.1841%)
entry 1589000/6845218 (23.2133%)
entry 1590000/6845218 (23.2279%)
entry 1591000/6845218 (23.2425%)
entry 1592000/6845218 (23.2571%)
entry 1593000/6845218 (23.2717%)
entry 1597000/6845218 (23.3302%)
entry 1598000/6845218 (23.3448%)
entry 1599000/6845218 (23.3594%)
entry 1600000/6845218 (23.374%)
entry 1601000/6845218 (23.3886%)
entry 1602000/6845218 (23.4032%)
entry 1603000/6845218 (23.4178%)
entry 1604000/6845218 (23.4324%)
entry 1605000/6845218 (23.447%)
entry 1606000/6845218 (23.4616%)
entry 1608000/6845218 (23.4909%)
entry 1609000/6845218 (23.5055%)
entry 1610000/6845218 (23.5201%)
entry 1612000/6845218 (23.5493%)
entry 1613000/6845218 (23.5639%)
entry 1614000/6845218 (23.5785%)
entry 1616000/6845218 (23.6077%)
entry 1619000/6845218 (23.6515%)
entry 1621000/6845218 (23.6808%)
entry 1622000/6845218 (23.6954%)
entry 1623000/6845218 (23.71%)
entry 1624000/6845218 (23.7246%)
entry 1626000/6845218 (23.7538%)
entry 1628000/6845218 (23.783%)
entry 1629000/6845218 (23.7976%)
entry 1630000/6845218 (23.8122%)
entry 1635000/6845218 (23.8853%)
entry 1638000/6845218 (23.9291%)
entry 1642000/6845218 (23.9875%)
entry 1644000/6845218 (24.0168%)
entry 1645000/6845218 (24.0314%)
entry 1646000/6845218 (24.046%)
entry 1647000/6845218 (24.0606%)
entry 1649000/6845218 (24.0898%)
entry 1652000/6845218 (24.1336%)
entry 1656000/6845218 (24.1921%)
entry 1658000/6845218 (24.2213%)
entry 1659000/6845218 (24.2359%)
entry 1660000/6845218 (24.2505%)
entry 1664000/6845218 (24.3089%)
entry 1666000/6845218 (24.3382%)
entry 1667000/6845218 (24.3528%)
entry 1668000/6845218 (24.3674%)
entry 1671000/6845218 (24.4112%)
entry 1672000/6845218 (24.4258%)
entry 1673000/6845218 (24.4404%)
entry 1675000/6845218 (24.4696%)
entry 1676000/6845218 (24.4842%)
entry 1677000/6845218 (24.4989%)
entry 1680000/6845218 (24.5427%)
entry 1683000/6845218 (24.5865%)
entry 1684000/6845218 (24.6011%)
entry 1685000/6845218 (24.6157%)
entry 1687000/6845218 (24.6449%)
entry 1689000/6845218 (24.6742%)
entry 1690000/6845218 (24.6888%)
entry 1692000/6845218 (24.718%)
entry 1693000/6845218 (24.7326%)
entry 1695000/6845218 (24.7618%)
entry 1696000/6845218 (24.7764%)
entry 1700000/6845218 (24.8349%)
entry 1702000/6845218 (24.8641%)
entry 1703000/6845218 (24.8787%)
entry 1704000/6845218 (24.8933%)
entry 1705000/6845218 (24.9079%)
entry 1708000/6845218 (24.9517%)
entry 1709000/6845218 (24.9663%)
entry 1710000/6845218 (24.9809%)
entry 1711000/6845218 (24.9956%)
entry 1712000/6845218 (25.0102%)
entry 1713000/6845218 (25.0248%)
entry 1715000/6845218 (25.054%)
entry 1717000/6845218 (25.0832%)
entry 1718000/6845218 (25.0978%)
entry 1719000/6845218 (25.1124%)
entry 1723000/6845218 (25.1709%)
entry 1725000/6845218 (25.2001%)
entry 1729000/6845218 (25.2585%)
entry 1730000/6845218 (25.2731%)
entry 1732000/6845218 (25.3023%)
entry 1736000/6845218 (25.3608%)
entry 1737000/6845218 (25.3754%)
entry 1738000/6845218 (25.39%)
entry 1739000/6845218 (25.4046%)
entry 1740000/6845218 (25.4192%)
entry 1742000/6845218 (25.4484%)
entry 1745000/6845218 (25.4922%)
entry 1746000/6845218 (25.5069%)
entry 1749000/6845218 (25.5507%)
entry 1752000/6845218 (25.5945%)
entry 1753000/6845218 (25.6091%)
entry 1755000/6845218 (25.6383%)
entry 1756000/6845218 (25.6529%)
entry 1758000/6845218 (25.6822%)
entry 1759000/6845218 (25.6968%)
entry 1761000/6845218 (25.726%)
entry 1762000/6845218 (25.7406%)
entry 1764000/6845218 (25.7698%)
entry 1765000/6845218 (25.7844%)
entry 1771000/6845218 (25.8721%)
entry 1773000/6845218 (25.9013%)
entry 1774000/6845218 (25.9159%)
entry 1775000/6845218 (25.9305%)
entry 1779000/6845218 (25.9889%)
entry 1780000/6845218 (26.0036%)
entry 1781000/6845218 (26.0182%)
entry 1782000/6845218 (26.0328%)
entry 1786000/6845218 (26.0912%)
entry 1788000/6845218 (26.1204%)
entry 1789000/6845218 (26.135%)
entry 1790000/6845218 (26.1496%)
entry 1791000/6845218 (26.1643%)
entry 1794000/6845218 (26.2081%)
entry 1795000/6845218 (26.2227%)
entry 1797000/6845218 (26.2519%)
entry 1798000/6845218 (26.2665%)
entry 1799000/6845218 (26.2811%)
entry 1800000/6845218 (26.2957%)
entry 1801000/6845218 (26.3103%)
entry 1803000/6845218 (26.3396%)
entry 1805000/6845218 (26.3688%)
entry 1808000/6845218 (26.4126%)
entry 1809000/6845218 (26.4272%)
entry 1810000/6845218 (26.4418%)
entry 1813000/6845218 (26.4856%)
entry 1814000/6845218 (26.5003%)
entry 1815000/6845218 (26.5149%)
entry 1817000/6845218 (26.5441%)
entry 1818000/6845218 (26.5587%)
entry 1820000/6845218 (26.5879%)
entry 1823000/6845218 (26.6317%)
entry 1824000/6845218 (26.6463%)
entry 1825000/6845218 (26.6609%)
entry 1826000/6845218 (26.6756%)
entry 1827000/6845218 (26.6902%)
entry 1829000/6845218 (26.7194%)
entry 1830000/6845218 (26.734%)
entry 1832000/6845218 (26.7632%)
entry 1833000/6845218 (26.7778%)
entry 1836000/6845218 (26.8216%)
entry 1837000/6845218 (26.8363%)
entry 1838000/6845218 (26.8509%)
entry 1840000/6845218 (26.8801%)
entry 1842000/6845218 (26.9093%)
entry 1843000/6845218 (26.9239%)
entry 1844000/6845218 (26.9385%)
entry 1847000/6845218 (26.9823%)
entry 1848000/6845218 (26.9969%)
entry 1849000/6845218 (27.0116%)
entry 1852000/6845218 (27.0554%)
entry 1854000/6845218 (27.0846%)
entry 1855000/6845218 (27.0992%)
entry 1856000/6845218 (27.1138%)
entry 1857000/6845218 (27.1284%)
entry 1858000/6845218 (27.143%)
entry 1859000/6845218 (27.1576%)
entry 1861000/6845218 (27.1869%)
entry 1862000/6845218 (27.2015%)
entry 1863000/6845218 (27.2161%)
entry 1864000/6845218 (27.2307%)
entry 1866000/6845218 (27.2599%)
entry 1868000/6845218 (27.2891%)
entry 1869000/6845218 (27.3037%)
entry 1872000/6845218 (27.3476%)
entry 1873000/6845218 (27.3622%)
entry 1876000/6845218 (27.406%)
entry 1877000/6845218 (27.4206%)
entry 1878000/6845218 (27.4352%)
entry 1880000/6845218 (27.4644%)
entry 1881000/6845218 (27.479%)
entry 1884000/6845218 (27.5229%)
entry 1885000/6845218 (27.5375%)
entry 1887000/6845218 (27.5667%)
entry 1889000/6845218 (27.5959%)
entry 1890000/6845218 (27.6105%)
entry 1891000/6845218 (27.6251%)
entry 1892000/6845218 (27.6397%)
entry 1893000/6845218 (27.6543%)
entry 1894000/6845218 (27.6689%)
entry 1895000/6845218 (27.6836%)
entry 1896000/6845218 (27.6982%)
entry 1898000/6845218 (27.7274%)
entry 1901000/6845218 (27.7712%)
entry 1902000/6845218 (27.7858%)
entry 1903000/6845218 (27.8004%)
entry 1904000/6845218 (27.815%)
entry 1905000/6845218 (27.8296%)
entry 1906000/6845218 (27.8443%)
entry 1908000/6845218 (27.8735%)
entry 1911000/6845218 (27.9173%)
entry 1912000/6845218 (27.9319%)
entry 1914000/6845218 (27.9611%)
entry 1915000/6845218 (27.9757%)
entry 1917000/6845218 (28.005%)
entry 1918000/6845218 (28.0196%)
entry 1921000/6845218 (28.0634%)
entry 1923000/6845218 (28.0926%)
entry 1924000/6845218 (28.1072%)
entry 1928000/6845218 (28.1656%)
entry 1929000/6845218 (28.1803%)
entry 1930000/6845218 (28.1949%)
entry 1932000/6845218 (28.2241%)
entry 1933000/6845218 (28.2387%)
entry 1935000/6845218 (28.2679%)
entry 1936000/6845218 (28.2825%)
entry 1937000/6845218 (28.2971%)
entry 1939000/6845218 (28.3263%)
entry 1940000/6845218 (28.341%)
entry 1941000/6845218 (28.3556%)
entry 1943000/6845218 (28.3848%)
entry 1946000/6845218 (28.4286%)
entry 1947000/6845218 (28.4432%)
entry 1948000/6845218 (28.4578%)
entry 1949000/6845218 (28.4724%)
entry 1951000/6845218 (28.5016%)
entry 1952000/6845218 (28.5163%)
entry 1953000/6845218 (28.5309%)
entry 1955000/6845218 (28.5601%)
entry 1956000/6845218 (28.5747%)
entry 1957000/6845218 (28.5893%)
entry 1958000/6845218 (28.6039%)
entry 1959000/6845218 (28.6185%)
entry 1960000/6845218 (28.6331%)
entry 1961000/6845218 (28.6477%)
entry 1962000/6845218 (28.6623%)
entry 1963000/6845218 (28.677%)
entry 1964000/6845218 (28.6916%)
entry 1965000/6845218 (28.7062%)
entry 1966000/6845218 (28.7208%)
entry 1967000/6845218 (28.7354%)
entry 1969000/6845218 (28.7646%)
entry 1970000/6845218 (28.7792%)
entry 1971000/6845218 (28.7938%)
entry 1972000/6845218 (28.8084%)
entry 1975000/6845218 (28.8523%)
entry 1979000/6845218 (28.9107%)
entry 1982000/6845218 (28.9545%)
entry 1983000/6845218 (28.9691%)
entry 1984000/6845218 (28.9837%)
entry 1985000/6845218 (28.9983%)
entry 1987000/6845218 (29.0276%)
entry 1988000/6845218 (29.0422%)
entry 1989000/6845218 (29.0568%)
entry 1991000/6845218 (29.086%)
entry 1993000/6845218 (29.1152%)
entry 1994000/6845218 (29.1298%)
entry 1995000/6845218 (29.1444%)
entry 1996000/6845218 (29.159%)
entry 1997000/6845218 (29.1737%)
entry 1998000/6845218 (29.1883%)
entry 1999000/6845218 (29.2029%)
entry 2002000/6845218 (29.2467%)
entry 2003000/6845218 (29.2613%)
entry 2004000/6845218 (29.2759%)
entry 2005000/6845218 (29.2905%)
entry 2008000/6845218 (29.3343%)
entry 2009000/6845218 (29.349%)
entry 2011000/6845218 (29.3782%)
entry 2015000/6845218 (29.4366%)
entry 2017000/6845218 (29.4658%)
entry 2021000/6845218 (29.5243%)
entry 2025000/6845218 (29.5827%)
entry 2026000/6845218 (29.5973%)
entry 2027000/6845218 (29.6119%)
entry 2028000/6845218 (29.6265%)
entry 2029000/6845218 (29.6411%)
entry 2030000/6845218 (29.6557%)
entry 2031000/6845218 (29.6703%)
entry 2033000/6845218 (29.6996%)
entry 2034000/6845218 (29.7142%)
entry 2035000/6845218 (29.7288%)
entry 2036000/6845218 (29.7434%)
entry 2039000/6845218 (29.7872%)
entry 2042000/6845218 (29.831%)
entry 2043000/6845218 (29.8457%)
entry 2044000/6845218 (29.8603%)
entry 2047000/6845218 (29.9041%)
entry 2048000/6845218 (29.9187%)
entry 2049000/6845218 (29.9333%)
entry 2050000/6845218 (29.9479%)
entry 2052000/6845218 (29.9771%)
entry 2053000/6845218 (29.9917%)
entry 2054000/6845218 (30.0063%)
entry 2055000/6845218 (30.021%)
entry 2056000/6845218 (30.0356%)
entry 2057000/6845218 (30.0502%)
entry 2058000/6845218 (30.0648%)
entry 2059000/6845218 (30.0794%)
entry 2060000/6845218 (30.094%)
entry 2061000/6845218 (30.1086%)
entry 2065000/6845218 (30.167%)
entry 2067000/6845218 (30.1963%)
entry 2068000/6845218 (30.2109%)
entry 2069000/6845218 (30.2255%)
entry 2071000/6845218 (30.2547%)
entry 2072000/6845218 (30.2693%)
entry 2074000/6845218 (30.2985%)
entry 2075000/6845218 (30.3131%)
entry 2077000/6845218 (30.3423%)
entry 2078000/6845218 (30.357%)
entry 2080000/6845218 (30.3862%)
entry 2081000/6845218 (30.4008%)
entry 2082000/6845218 (30.4154%)
entry 2084000/6845218 (30.4446%)
entry 2086000/6845218 (30.4738%)
entry 2087000/6845218 (30.4884%)
entry 2088000/6845218 (30.503%)
entry 2089000/6845218 (30.5177%)
entry 2091000/6845218 (30.5469%)
entry 2092000/6845218 (30.5615%)
entry 2094000/6845218 (30.5907%)
entry 2095000/6845218 (30.6053%)
entry 2098000/6845218 (30.6491%)
entry 2099000/6845218 (30.6637%)
entry 2100000/6845218 (30.6783%)
entry 2101000/6845218 (30.693%)
entry 2102000/6845218 (30.7076%)
entry 2103000/6845218 (30.7222%)
entry 2104000/6845218 (30.7368%)
entry 2105000/6845218 (30.7514%)
entry 2106000/6845218 (30.766%)
entry 2107000/6845218 (30.7806%)
entry 2111000/6845218 (30.839%)
entry 2113000/6845218 (30.8683%)
entry 2114000/6845218 (30.8829%)
entry 2116000/6845218 (30.9121%)
entry 2118000/6845218 (30.9413%)
entry 2119000/6845218 (30.9559%)
entry 2121000/6845218 (30.9851%)
entry 2123000/6845218 (31.0144%)
entry 2124000/6845218 (31.029%)
entry 2125000/6845218 (31.0436%)
entry 2127000/6845218 (31.0728%)
entry 2128000/6845218 (31.0874%)
entry 2130000/6845218 (31.1166%)
entry 2133000/6845218 (31.1604%)
entry 2137000/6845218 (31.2189%)
entry 2138000/6845218 (31.2335%)
entry 2139000/6845218 (31.2481%)
entry 2140000/6845218 (31.2627%)
entry 2141000/6845218 (31.2773%)
entry 2143000/6845218 (31.3065%)
entry 2145000/6845218 (31.3357%)
entry 2147000/6845218 (31.365%)
entry 2148000/6845218 (31.3796%)
entry 2149000/6845218 (31.3942%)
entry 2150000/6845218 (31.4088%)
entry 2151000/6845218 (31.4234%)
entry 2152000/6845218 (31.438%)
entry 2154000/6845218 (31.4672%)
entry 2155000/6845218 (31.4818%)
entry 2156000/6845218 (31.4964%)
entry 2157000/6845218 (31.5111%)
entry 2158000/6845218 (31.5257%)
entry 2160000/6845218 (31.5549%)
entry 2161000/6845218 (31.5695%)
entry 2164000/6845218 (31.6133%)
entry 2165000/6845218 (31.6279%)
entry 2166000/6845218 (31.6425%)
entry 2167000/6845218 (31.6571%)
entry 2168000/6845218 (31.6717%)
entry 2169000/6845218 (31.6864%)
entry 2170000/6845218 (31.701%)
entry 2171000/6845218 (31.7156%)
entry 2172000/6845218 (31.7302%)
entry 2174000/6845218 (31.7594%)
entry 2177000/6845218 (31.8032%)
entry 2180000/6845218 (31.8471%)
entry 2181000/6845218 (31.8617%)
entry 2182000/6845218 (31.8763%)
entry 2183000/6845218 (31.8909%)
entry 2184000/6845218 (31.9055%)
entry 2185000/6845218 (31.9201%)
entry 2188000/6845218 (31.9639%)
entry 2190000/6845218 (31.9931%)
entry 2192000/6845218 (32.0224%)
entry 2193000/6845218 (32.037%)
entry 2199000/6845218 (32.1246%)
entry 2200000/6845218 (32.1392%)
entry 2202000/6845218 (32.1684%)
entry 2203000/6845218 (32.1831%)
entry 2204000/6845218 (32.1977%)
entry 2205000/6845218 (32.2123%)
entry 2206000/6845218 (32.2269%)
entry 2207000/6845218 (32.2415%)
entry 2208000/6845218 (32.2561%)
entry 2210000/6845218 (32.2853%)
entry 2211000/6845218 (32.2999%)
entry 2213000/6845218 (32.3291%)
entry 2214000/6845218 (32.3437%)
entry 2215000/6845218 (32.3584%)
entry 2216000/6845218 (32.373%)
entry 2217000/6845218 (32.3876%)
entry 2218000/6845218 (32.4022%)
entry 2219000/6845218 (32.4168%)
entry 2221000/6845218 (32.446%)
entry 2222000/6845218 (32.4606%)
entry 2223000/6845218 (32.4752%)
entry 2224000/6845218 (32.4898%)
entry 2225000/6845218 (32.5044%)
entry 2228000/6845218 (32.5483%)
entry 2229000/6845218 (32.5629%)
entry 2230000/6845218 (32.5775%)
entry 2231000/6845218 (32.5921%)
entry 2234000/6845218 (32.6359%)
entry 2235000/6845218 (32.6505%)
entry 2236000/6845218 (32.6651%)
entry 2238000/6845218 (32.6944%)
entry 2240000/6845218 (32.7236%)
entry 2241000/6845218 (32.7382%)
entry 2243000/6845218 (32.7674%)
entry 2244000/6845218 (32.782%)
entry 2245000/6845218 (32.7966%)
entry 2246000/6845218 (32.8112%)
entry 2249000/6845218 (32.8551%)
entry 2250000/6845218 (32.8697%)
entry 2251000/6845218 (32.8843%)
entry 2253000/6845218 (32.9135%)
entry 2254000/6845218 (32.9281%)
entry 2257000/6845218 (32.9719%)
entry 2259000/6845218 (33.0011%)
entry 2260000/6845218 (33.0157%)
entry 2261000/6845218 (33.0304%)
entry 2263000/6845218 (33.0596%)
entry 2264000/6845218 (33.0742%)
entry 2265000/6845218 (33.0888%)
entry 2266000/6845218 (33.1034%)
entry 2267000/6845218 (33.118%)
entry 2268000/6845218 (33.1326%)
entry 2269000/6845218 (33.1472%)
entry 2271000/6845218 (33.1764%)
entry 2272000/6845218 (33.1911%)
entry 2276000/6845218 (33.2495%)
entry 2279000/6845218 (33.2933%)
entry 2280000/6845218 (33.3079%)
entry 2283000/6845218 (33.3517%)
entry 2285000/6845218 (33.381%)
entry 2288000/6845218 (33.4248%)
entry 2289000/6845218 (33.4394%)
entry 2290000/6845218 (33.454%)
entry 2291000/6845218 (33.4686%)
entry 2296000/6845218 (33.5417%)
entry 2300000/6845218 (33.6001%)
entry 2302000/6845218 (33.6293%)
entry 2305000/6845218 (33.6731%)
entry 2306000/6845218 (33.6878%)
entry 2307000/6845218 (33.7024%)
entry 2309000/6845218 (33.7316%)
entry 2310000/6845218 (33.7462%)
entry 2311000/6845218 (33.7608%)
entry 2312000/6845218 (33.7754%)
entry 2313000/6845218 (33.79%)
entry 2314000/6845218 (33.8046%)
entry 2316000/6845218 (33.8338%)
entry 2317000/6845218 (33.8484%)
entry 2318000/6845218 (33.8631%)
entry 2319000/6845218 (33.8777%)
entry 2320000/6845218 (33.8923%)
entry 2321000/6845218 (33.9069%)
entry 2323000/6845218 (33.9361%)
entry 2325000/6845218 (33.9653%)
entry 2327000/6845218 (33.9945%)
entry 2331000/6845218 (34.053%)
entry 2333000/6845218 (34.0822%)
entry 2335000/6845218 (34.1114%)
entry 2337000/6845218 (34.1406%)
entry 2338000/6845218 (34.1552%)
entry 2339000/6845218 (34.1698%)
entry 2340000/6845218 (34.1844%)
entry 2341000/6845218 (34.1991%)
entry 2343000/6845218 (34.2283%)
entry 2346000/6845218 (34.2721%)
entry 2348000/6845218 (34.3013%)
entry 2350000/6845218 (34.3305%)
entry 2352000/6845218 (34.3598%)
entry 2353000/6845218 (34.3744%)
entry 2355000/6845218 (34.4036%)
entry 2356000/6845218 (34.4182%)
entry 2357000/6845218 (34.4328%)
entry 2359000/6845218 (34.462%)
entry 2362000/6845218 (34.5058%)
entry 2363000/6845218 (34.5205%)
entry 2365000/6845218 (34.5497%)
entry 2366000/6845218 (34.5643%)
entry 2369000/6845218 (34.6081%)
entry 2371000/6845218 (34.6373%)
entry 2372000/6845218 (34.6519%)
entry 2374000/6845218 (34.6811%)
entry 2375000/6845218 (34.6958%)
entry 2376000/6845218 (34.7104%)
entry 2377000/6845218 (34.725%)
entry 2378000/6845218 (34.7396%)
entry 2379000/6845218 (34.7542%)
entry 2380000/6845218 (34.7688%)
entry 2381000/6845218 (34.7834%)
entry 2382000/6845218 (34.798%)
entry 2384000/6845218 (34.8272%)
entry 2385000/6845218 (34.8418%)
entry 2386000/6845218 (34.8565%)
entry 2387000/6845218 (34.8711%)
entry 2388000/6845218 (34.8857%)
entry 2390000/6845218 (34.9149%)
entry 2392000/6845218 (34.9441%)
entry 2395000/6845218 (34.9879%)
entry 2396000/6845218 (35.0025%)
entry 2397000/6845218 (35.0171%)
entry 2398000/6845218 (35.0318%)
entry 2399000/6845218 (35.0464%)
entry 2400000/6845218 (35.061%)
entry 2401000/6845218 (35.0756%)
entry 2402000/6845218 (35.0902%)
entry 2403000/6845218 (35.1048%)
entry 2404000/6845218 (35.1194%)
entry 2406000/6845218 (35.1486%)
entry 2407000/6845218 (35.1632%)
entry 2409000/6845218 (35.1925%)
entry 2411000/6845218 (35.2217%)
entry 2412000/6845218 (35.2363%)
entry 2413000/6845218 (35.2509%)
entry 2414000/6845218 (35.2655%)
entry 2415000/6845218 (35.2801%)
entry 2416000/6845218 (35.2947%)
entry 2417000/6845218 (35.3093%)
entry 2418000/6845218 (35.3239%)
entry 2420000/6845218 (35.3531%)
entry 2421000/6845218 (35.3678%)
entry 2422000/6845218 (35.3824%)
entry 2424000/6845218 (35.4116%)
entry 2425000/6845218 (35.4262%)
entry 2426000/6845218 (35.4408%)
entry 2429000/6845218 (35.4846%)
entry 2432000/6845218 (35.5285%)
entry 2435000/6845218 (35.5723%)
entry 2436000/6845218 (35.5869%)
entry 2438000/6845218 (35.6161%)
entry 2439000/6845218 (35.6307%)
entry 2440000/6845218 (35.6453%)
entry 2441000/6845218 (35.6599%)
entry 2442000/6845218 (35.6745%)
entry 2444000/6845218 (35.7038%)
entry 2445000/6845218 (35.7184%)
entry 2446000/6845218 (35.733%)
entry 2448000/6845218 (35.7622%)
entry 2449000/6845218 (35.7768%)
entry 2452000/6845218 (35.8206%)
entry 2454000/6845218 (35.8498%)
entry 2455000/6845218 (35.8645%)
entry 2457000/6845218 (35.8937%)
entry 2458000/6845218 (35.9083%)
entry 2459000/6845218 (35.9229%)
entry 2461000/6845218 (35.9521%)
entry 2463000/6845218 (35.9813%)
entry 2464000/6845218 (35.9959%)
entry 2465000/6845218 (36.0105%)
entry 2466000/6845218 (36.0251%)
entry 2468000/6845218 (36.0544%)
entry 2469000/6845218 (36.069%)
entry 2470000/6845218 (36.0836%)
entry 2471000/6845218 (36.0982%)
entry 2472000/6845218 (36.1128%)
entry 2474000/6845218 (36.142%)
entry 2477000/6845218 (36.1858%)
entry 2478000/6845218 (36.2005%)
entry 2479000/6845218 (36.2151%)
entry 2480000/6845218 (36.2297%)
entry 2483000/6845218 (36.2735%)
entry 2485000/6845218 (36.3027%)
entry 2486000/6845218 (36.3173%)
entry 2487000/6845218 (36.3319%)
entry 2489000/6845218 (36.3611%)
entry 2490000/6845218 (36.3758%)
entry 2493000/6845218 (36.4196%)
entry 2494000/6845218 (36.4342%)
entry 2495000/6845218 (36.4488%)
entry 2496000/6845218 (36.4634%)
entry 2498000/6845218 (36.4926%)
entry 2499000/6845218 (36.5072%)
entry 2500000/6845218 (36.5218%)
entry 2503000/6845218 (36.5657%)
entry 2504000/6845218 (36.5803%)
entry 2505000/6845218 (36.5949%)
entry 2506000/6845218 (36.6095%)
entry 2508000/6845218 (36.6387%)
entry 2509000/6845218 (36.6533%)
entry 2511000/6845218 (36.6825%)
entry 2514000/6845218 (36.7264%)
entry 2515000/6845218 (36.741%)
entry 2516000/6845218 (36.7556%)
entry 2518000/6845218 (36.7848%)
entry 2521000/6845218 (36.8286%)
entry 2525000/6845218 (36.8871%)
entry 2526000/6845218 (36.9017%)
entry 2527000/6845218 (36.9163%)
entry 2530000/6845218 (36.9601%)
entry 2531000/6845218 (36.9747%)
entry 2532000/6845218 (36.9893%)
entry 2533000/6845218 (37.0039%)
entry 2534000/6845218 (37.0185%)
entry 2535000/6845218 (37.0332%)
entry 2538000/6845218 (37.077%)
entry 2539000/6845218 (37.0916%)
entry 2540000/6845218 (37.1062%)
entry 2543000/6845218 (37.15%)
entry 2545000/6845218 (37.1792%)
entry 2547000/6845218 (37.2085%)
entry 2549000/6845218 (37.2377%)
entry 2550000/6845218 (37.2523%)
entry 2552000/6845218 (37.2815%)
entry 2554000/6845218 (37.3107%)
entry 2557000/6845218 (37.3545%)
entry 2558000/6845218 (37.3692%)
entry 2559000/6845218 (37.3838%)
entry 2561000/6845218 (37.413%)
entry 2562000/6845218 (37.4276%)
entry 2563000/6845218 (37.4422%)
entry 2564000/6845218 (37.4568%)
entry 2567000/6845218 (37.5006%)
entry 2568000/6845218 (37.5152%)
entry 2570000/6845218 (37.5445%)
entry 2572000/6845218 (37.5737%)
entry 2573000/6845218 (37.5883%)
entry 2574000/6845218 (37.6029%)
entry 2576000/6845218 (37.6321%)
entry 2577000/6845218 (37.6467%)
entry 2579000/6845218 (37.6759%)
entry 2580000/6845218 (37.6905%)
entry 2581000/6845218 (37.7052%)
entry 2582000/6845218 (37.7198%)
entry 2583000/6845218 (37.7344%)
entry 2584000/6845218 (37.749%)
entry 2586000/6845218 (37.7782%)
entry 2587000/6845218 (37.7928%)
entry 2589000/6845218 (37.822%)
entry 2590000/6845218 (37.8366%)
entry 2591000/6845218 (37.8512%)
entry 2592000/6845218 (37.8659%)
entry 2593000/6845218 (37.8805%)
entry 2594000/6845218 (37.8951%)
entry 2595000/6845218 (37.9097%)
entry 2596000/6845218 (37.9243%)
entry 2599000/6845218 (37.9681%)
entry 2600000/6845218 (37.9827%)
entry 2603000/6845218 (38.0265%)
entry 2606000/6845218 (38.0704%)
entry 2607000/6845218 (38.085%)
entry 2608000/6845218 (38.0996%)
entry 2610000/6845218 (38.1288%)
entry 2613000/6845218 (38.1726%)
entry 2614000/6845218 (38.1872%)
entry 2615000/6845218 (38.2019%)
entry 2616000/6845218 (38.2165%)
entry 2618000/6845218 (38.2457%)
entry 2619000/6845218 (38.2603%)
entry 2620000/6845218 (38.2749%)
entry 2621000/6845218 (38.2895%)
entry 2623000/6845218 (38.3187%)
entry 2626000/6845218 (38.3625%)
entry 2627000/6845218 (38.3772%)
entry 2629000/6845218 (38.4064%)
entry 2630000/6845218 (38.421%)
entry 2631000/6845218 (38.4356%)
entry 2632000/6845218 (38.4502%)
entry 2633000/6845218 (38.4648%)
entry 2634000/6845218 (38.4794%)
entry 2636000/6845218 (38.5086%)
entry 2639000/6845218 (38.5525%)
entry 2640000/6845218 (38.5671%)
entry 2642000/6845218 (38.5963%)
entry 2643000/6845218 (38.6109%)
entry 2644000/6845218 (38.6255%)
entry 2645000/6845218 (38.6401%)
entry 2646000/6845218 (38.6547%)
entry 2647000/6845218 (38.6693%)
entry 2648000/6845218 (38.6839%)
entry 2649000/6845218 (38.6985%)
entry 2650000/6845218 (38.7132%)
entry 2652000/6845218 (38.7424%)
entry 2653000/6845218 (38.757%)
entry 2654000/6845218 (38.7716%)
entry 2655000/6845218 (38.7862%)
entry 2656000/6845218 (38.8008%)
entry 2657000/6845218 (38.8154%)
entry 2658000/6845218 (38.83%)
entry 2659000/6845218 (38.8446%)
entry 2664000/6845218 (38.9177%)
entry 2665000/6845218 (38.9323%)
entry 2666000/6845218 (38.9469%)
entry 2668000/6845218 (38.9761%)
entry 2670000/6845218 (39.0053%)
entry 2671000/6845218 (39.0199%)
entry 2674000/6845218 (39.0638%)
entry 2675000/6845218 (39.0784%)
entry 2676000/6845218 (39.093%)
entry 2677000/6845218 (39.1076%)
entry 2678000/6845218 (39.1222%)
entry 2679000/6845218 (39.1368%)
entry 2680000/6845218 (39.1514%)
entry 2681000/6845218 (39.166%)
entry 2682000/6845218 (39.1806%)
entry 2683000/6845218 (39.1952%)
entry 2685000/6845218 (39.2245%)
entry 2688000/6845218 (39.2683%)
entry 2689000/6845218 (39.2829%)
entry 2692000/6845218 (39.3267%)
entry 2693000/6845218 (39.3413%)
entry 2694000/6845218 (39.3559%)
entry 2697000/6845218 (39.3998%)
entry 2698000/6845218 (39.4144%)
entry 2700000/6845218 (39.4436%)
entry 2701000/6845218 (39.4582%)
entry 2704000/6845218 (39.502%)
entry 2706000/6845218 (39.5312%)
entry 2707000/6845218 (39.5459%)
entry 2708000/6845218 (39.5605%)
entry 2710000/6845218 (39.5897%)
entry 2712000/6845218 (39.6189%)
entry 2713000/6845218 (39.6335%)
entry 2714000/6845218 (39.6481%)
entry 2715000/6845218 (39.6627%)
entry 2716000/6845218 (39.6773%)
entry 2718000/6845218 (39.7066%)
entry 2721000/6845218 (39.7504%)
entry 2722000/6845218 (39.765%)
entry 2725000/6845218 (39.8088%)
entry 2726000/6845218 (39.8234%)
entry 2727000/6845218 (39.838%)
entry 2728000/6845218 (39.8526%)
entry 2729000/6845218 (39.8672%)
entry 2731000/6845218 (39.8965%)
entry 2732000/6845218 (39.9111%)
entry 2733000/6845218 (39.9257%)
entry 2736000/6845218 (39.9695%)
entry 2737000/6845218 (39.9841%)
entry 2738000/6845218 (39.9987%)
entry 2739000/6845218 (40.0133%)
entry 2740000/6845218 (40.0279%)
entry 2742000/6845218 (40.0572%)
entry 2746000/6845218 (40.1156%)
entry 2747000/6845218 (40.1302%)
entry 2748000/6845218 (40.1448%)
entry 2752000/6845218 (40.2032%)
entry 2757000/6845218 (40.2763%)
entry 2758000/6845218 (40.2909%)
entry 2759000/6845218 (40.3055%)
entry 2760000/6845218 (40.3201%)
entry 2761000/6845218 (40.3347%)
entry 2762000/6845218 (40.3493%)
entry 2766000/6845218 (40.4078%)
entry 2767000/6845218 (40.4224%)
entry 2768000/6845218 (40.437%)
entry 2769000/6845218 (40.4516%)
entry 2770000/6845218 (40.4662%)
entry 2772000/6845218 (40.4954%)
entry 2773000/6845218 (40.51%)
entry 2775000/6845218 (40.5392%)
entry 2776000/6845218 (40.5539%)
entry 2777000/6845218 (40.5685%)
entry 2778000/6845218 (40.5831%)
entry 2779000/6845218 (40.5977%)
entry 2782000/6845218 (40.6415%)
entry 2783000/6845218 (40.6561%)
entry 2784000/6845218 (40.6707%)
entry 2785000/6845218 (40.6853%)
entry 2786000/6845218 (40.6999%)
entry 2787000/6845218 (40.7146%)
entry 2788000/6845218 (40.7292%)
entry 2792000/6845218 (40.7876%)
entry 2793000/6845218 (40.8022%)
entry 2794000/6845218 (40.8168%)
entry 2795000/6845218 (40.8314%)
entry 2797000/6845218 (40.8606%)
entry 2798000/6845218 (40.8753%)
entry 2800000/6845218 (40.9045%)
entry 2801000/6845218 (40.9191%)
entry 2802000/6845218 (40.9337%)
entry 2803000/6845218 (40.9483%)
entry 2804000/6845218 (40.9629%)
entry 2809000/6845218 (41.0359%)
entry 2810000/6845218 (41.0506%)
entry 2811000/6845218 (41.0652%)
entry 2812000/6845218 (41.0798%)
entry 2813000/6845218 (41.0944%)
entry 2814000/6845218 (41.109%)
entry 2815000/6845218 (41.1236%)
entry 2816000/6845218 (41.1382%)
entry 2818000/6845218 (41.1674%)
entry 2819000/6845218 (41.182%)
entry 2820000/6845218 (41.1966%)
entry 2822000/6845218 (41.2259%)
entry 2823000/6845218 (41.2405%)
entry 2824000/6845218 (41.2551%)
entry 2825000/6845218 (41.2697%)
entry 2826000/6845218 (41.2843%)
entry 2827000/6845218 (41.2989%)
entry 2828000/6845218 (41.3135%)
entry 2829000/6845218 (41.3281%)
entry 2831000/6845218 (41.3573%)
entry 2832000/6845218 (41.3719%)
entry 2833000/6845218 (41.3866%)
entry 2834000/6845218 (41.4012%)
entry 2835000/6845218 (41.4158%)
entry 2836000/6845218 (41.4304%)
entry 2837000/6845218 (41.445%)
entry 2838000/6845218 (41.4596%)
entry 2839000/6845218 (41.4742%)
entry 2841000/6845218 (41.5034%)
entry 2842000/6845218 (41.518%)
entry 2844000/6845218 (41.5473%)
entry 2847000/6845218 (41.5911%)
entry 2849000/6845218 (41.6203%)
entry 2851000/6845218 (41.6495%)
entry 2852000/6845218 (41.6641%)
entry 2853000/6845218 (41.6787%)
entry 2854000/6845218 (41.6933%)
entry 2857000/6845218 (41.7372%)
entry 2859000/6845218 (41.7664%)
entry 2862000/6845218 (41.8102%)
entry 2863000/6845218 (41.8248%)
entry 2867000/6845218 (41.8833%)
entry 2870000/6845218 (41.9271%)
entry 2874000/6845218 (41.9855%)
entry 2875000/6845218 (42.0001%)
entry 2876000/6845218 (42.0147%)
entry 2877000/6845218 (42.0293%)
entry 2879000/6845218 (42.0586%)
entry 2880000/6845218 (42.0732%)
entry 2882000/6845218 (42.1024%)
entry 2885000/6845218 (42.1462%)
entry 2886000/6845218 (42.1608%)
entry 2887000/6845218 (42.1754%)
entry 2888000/6845218 (42.19%)
entry 2889000/6845218 (42.2046%)
entry 2890000/6845218 (42.2193%)
entry 2891000/6845218 (42.2339%)
entry 2893000/6845218 (42.2631%)
entry 2895000/6845218 (42.2923%)
entry 2898000/6845218 (42.3361%)
entry 2901000/6845218 (42.38%)
entry 2903000/6845218 (42.4092%)
entry 2905000/6845218 (42.4384%)
entry 2906000/6845218 (42.453%)
entry 2907000/6845218 (42.4676%)
entry 2909000/6845218 (42.4968%)
entry 2910000/6845218 (42.5114%)
entry 2912000/6845218 (42.5406%)
entry 2913000/6845218 (42.5553%)
entry 2916000/6845218 (42.5991%)
entry 2917000/6845218 (42.6137%)
entry 2920000/6845218 (42.6575%)
entry 2921000/6845218 (42.6721%)
entry 2922000/6845218 (42.6867%)
entry 2923000/6845218 (42.7013%)
entry 2925000/6845218 (42.7306%)
entry 2926000/6845218 (42.7452%)
entry 2928000/6845218 (42.7744%)
entry 2929000/6845218 (42.789%)
entry 2930000/6845218 (42.8036%)
entry 2931000/6845218 (42.8182%)
entry 2933000/6845218 (42.8474%)
entry 2934000/6845218 (42.862%)
entry 2936000/6845218 (42.8913%)
entry 2937000/6845218 (42.9059%)
entry 2938000/6845218 (42.9205%)
entry 2939000/6845218 (42.9351%)
entry 2940000/6845218 (42.9497%)
entry 2943000/6845218 (42.9935%)
entry 2944000/6845218 (43.0081%)
entry 2945000/6845218 (43.0227%)
entry 2947000/6845218 (43.052%)
entry 2949000/6845218 (43.0812%)
entry 2950000/6845218 (43.0958%)
entry 2951000/6845218 (43.1104%)
entry 2952000/6845218 (43.125%)
entry 2955000/6845218 (43.1688%)
entry 2956000/6845218 (43.1834%)
entry 2957000/6845218 (43.198%)
entry 2959000/6845218 (43.2273%)
entry 2960000/6845218 (43.2419%)
entry 2961000/6845218 (43.2565%)
entry 2962000/6845218 (43.2711%)
entry 2963000/6845218 (43.2857%)
entry 2964000/6845218 (43.3003%)
entry 2968000/6845218 (43.3587%)
entry 2970000/6845218 (43.388%)
entry 2972000/6845218 (43.4172%)
entry 2973000/6845218 (43.4318%)
entry 2975000/6845218 (43.461%)
entry 2977000/6845218 (43.4902%)
entry 2978000/6845218 (43.5048%)
entry 2980000/6845218 (43.534%)
entry 2981000/6845218 (43.5486%)
entry 2982000/6845218 (43.5633%)
entry 2986000/6845218 (43.6217%)
entry 2988000/6845218 (43.6509%)
entry 2993000/6845218 (43.724%)
entry 2995000/6845218 (43.7532%)
entry 2996000/6845218 (43.7678%)
entry 2997000/6845218 (43.7824%)
entry 3001000/6845218 (43.8408%)
entry 3002000/6845218 (43.8554%)
entry 3003000/6845218 (43.87%)
entry 3005000/6845218 (43.8993%)
entry 3006000/6845218 (43.9139%)
entry 3007000/6845218 (43.9285%)
entry 3011000/6845218 (43.9869%)
entry 3012000/6845218 (44.0015%)
entry 3013000/6845218 (44.0161%)
entry 3018000/6845218 (44.0892%)
entry 3020000/6845218 (44.1184%)
entry 3021000/6845218 (44.133%)
entry 3023000/6845218 (44.1622%)
entry 3024000/6845218 (44.1768%)
entry 3025000/6845218 (44.1914%)
entry 3027000/6845218 (44.2207%)
entry 3028000/6845218 (44.2353%)
entry 3029000/6845218 (44.2499%)
entry 3031000/6845218 (44.2791%)
entry 3032000/6845218 (44.2937%)
entry 3034000/6845218 (44.3229%)
entry 3035000/6845218 (44.3375%)
entry 3037000/6845218 (44.3667%)
entry 3040000/6845218 (44.4106%)
entry 3041000/6845218 (44.4252%)
entry 3044000/6845218 (44.469%)
entry 3045000/6845218 (44.4836%)
entry 3048000/6845218 (44.5274%)
entry 3050000/6845218 (44.5567%)
entry 3052000/6845218 (44.5859%)
entry 3054000/6845218 (44.6151%)
entry 3056000/6845218 (44.6443%)
entry 3058000/6845218 (44.6735%)
entry 3059000/6845218 (44.6881%)
entry 3064000/6845218 (44.7612%)
entry 3066000/6845218 (44.7904%)
entry 3067000/6845218 (44.805%)
entry 3068000/6845218 (44.8196%)
entry 3069000/6845218 (44.8342%)
entry 3071000/6845218 (44.8634%)
entry 3072000/6845218 (44.878%)
entry 3073000/6845218 (44.8927%)
entry 3076000/6845218 (44.9365%)
entry 3077000/6845218 (44.9511%)
entry 3078000/6845218 (44.9657%)
entry 3079000/6845218 (44.9803%)
entry 3080000/6845218 (44.9949%)
entry 3082000/6845218 (45.0241%)
entry 3084000/6845218 (45.0534%)
entry 3086000/6845218 (45.0826%)
entry 3087000/6845218 (45.0972%)
entry 3088000/6845218 (45.1118%)
entry 3089000/6845218 (45.1264%)
entry 3090000/6845218 (45.141%)
entry 3091000/6845218 (45.1556%)
entry 3092000/6845218 (45.1702%)
entry 3094000/6845218 (45.1994%)
entry 3095000/6845218 (45.214%)
entry 3096000/6845218 (45.2287%)
entry 3097000/6845218 (45.2433%)
entry 3098000/6845218 (45.2579%)
entry 3099000/6845218 (45.2725%)
entry 3103000/6845218 (45.3309%)
entry 3105000/6845218 (45.3601%)
entry 3108000/6845218 (45.404%)
entry 3111000/6845218 (45.4478%)
entry 3112000/6845218 (45.4624%)
entry 3113000/6845218 (45.477%)
entry 3115000/6845218 (45.5062%)
entry 3118000/6845218 (45.55%)
entry 3121000/6845218 (45.5939%)
entry 3123000/6845218 (45.6231%)
entry 3124000/6845218 (45.6377%)
entry 3128000/6845218 (45.6961%)
entry 3129000/6845218 (45.7107%)
entry 3131000/6845218 (45.74%)
entry 3132000/6845218 (45.7546%)
entry 3133000/6845218 (45.7692%)
entry 3135000/6845218 (45.7984%)
entry 3137000/6845218 (45.8276%)
entry 3141000/6845218 (45.886%)
entry 3143000/6845218 (45.9153%)
entry 3145000/6845218 (45.9445%)
entry 3147000/6845218 (45.9737%)
entry 3148000/6845218 (45.9883%)
entry 3150000/6845218 (46.0175%)
entry 3151000/6845218 (46.0321%)
entry 3152000/6845218 (46.0467%)
entry 3153000/6845218 (46.0614%)
entry 3155000/6845218 (46.0906%)
entry 3157000/6845218 (46.1198%)
entry 3158000/6845218 (46.1344%)
entry 3159000/6845218 (46.149%)
entry 3160000/6845218 (46.1636%)
entry 3164000/6845218 (46.222%)
entry 3165000/6845218 (46.2367%)
entry 3166000/6845218 (46.2513%)
entry 3167000/6845218 (46.2659%)
entry 3169000/6845218 (46.2951%)
entry 3170000/6845218 (46.3097%)
entry 3176000/6845218 (46.3974%)
entry 3177000/6845218 (46.412%)
entry 3181000/6845218 (46.4704%)
entry 3183000/6845218 (46.4996%)
entry 3184000/6845218 (46.5142%)
entry 3185000/6845218 (46.5288%)
entry 3186000/6845218 (46.5434%)
entry 3188000/6845218 (46.5727%)
entry 3189000/6845218 (46.5873%)
entry 3190000/6845218 (46.6019%)
entry 3193000/6845218 (46.6457%)
entry 3194000/6845218 (46.6603%)
entry 3196000/6845218 (46.6895%)
entry 3197000/6845218 (46.7041%)
entry 3198000/6845218 (46.7187%)
entry 3200000/6845218 (46.748%)
entry 3201000/6845218 (46.7626%)
entry 3202000/6845218 (46.7772%)
entry 3203000/6845218 (46.7918%)
entry 3204000/6845218 (46.8064%)
entry 3206000/6845218 (46.8356%)
entry 3209000/6845218 (46.8794%)
entry 3210000/6845218 (46.894%)
entry 3212000/6845218 (46.9233%)
entry 3214000/6845218 (46.9525%)
entry 3215000/6845218 (46.9671%)
entry 3216000/6845218 (46.9817%)
entry 3217000/6845218 (46.9963%)
entry 3218000/6845218 (47.0109%)
entry 3219000/6845218 (47.0255%)
entry 3220000/6845218 (47.0401%)
entry 3221000/6845218 (47.0547%)
entry 3222000/6845218 (47.0694%)
entry 3224000/6845218 (47.0986%)
entry 3225000/6845218 (47.1132%)
entry 3226000/6845218 (47.1278%)
entry 3227000/6845218 (47.1424%)
entry 3228000/6845218 (47.157%)
entry 3230000/6845218 (47.1862%)
entry 3233000/6845218 (47.2301%)
entry 3234000/6845218 (47.2447%)
entry 3235000/6845218 (47.2593%)
entry 3236000/6845218 (47.2739%)
entry 3238000/6845218 (47.3031%)
entry 3239000/6845218 (47.3177%)
entry 3240000/6845218 (47.3323%)
entry 3241000/6845218 (47.3469%)
entry 3242000/6845218 (47.3615%)
entry 3247000/6845218 (47.4346%)
entry 3250000/6845218 (47.4784%)
entry 3251000/6845218 (47.493%)
entry 3252000/6845218 (47.5076%)
entry 3254000/6845218 (47.5368%)
entry 3255000/6845218 (47.5514%)
entry 3256000/6845218 (47.5661%)
entry 3258000/6845218 (47.5953%)
entry 3260000/6845218 (47.6245%)
entry 3261000/6845218 (47.6391%)
entry 3263000/6845218 (47.6683%)
entry 3264000/6845218 (47.6829%)
entry 3265000/6845218 (47.6975%)
entry 3266000/6845218 (47.7121%)
entry 3267000/6845218 (47.7267%)
entry 3268000/6845218 (47.7414%)
entry 3271000/6845218 (47.7852%)
entry 3273000/6845218 (47.8144%)
entry 3274000/6845218 (47.829%)
entry 3275000/6845218 (47.8436%)
entry 3276000/6845218 (47.8582%)
entry 3277000/6845218 (47.8728%)
entry 3284000/6845218 (47.9751%)
entry 3285000/6845218 (47.9897%)
entry 3287000/6845218 (48.0189%)
entry 3288000/6845218 (48.0335%)
entry 3290000/6845218 (48.0628%)
entry 3291000/6845218 (48.0774%)
entry 3294000/6845218 (48.1212%)
entry 3295000/6845218 (48.1358%)
entry 3296000/6845218 (48.1504%)
entry 3298000/6845218 (48.1796%)
entry 3299000/6845218 (48.1942%)
entry 3301000/6845218 (48.2234%)
entry 3302000/6845218 (48.2381%)
entry 3304000/6845218 (48.2673%)
entry 3305000/6845218 (48.2819%)
entry 3306000/6845218 (48.2965%)
entry 3307000/6845218 (48.3111%)
entry 3309000/6845218 (48.3403%)
entry 3310000/6845218 (48.3549%)
entry 3311000/6845218 (48.3695%)
entry 3313000/6845218 (48.3988%)
entry 3314000/6845218 (48.4134%)
entry 3315000/6845218 (48.428%)
entry 3316000/6845218 (48.4426%)
entry 3317000/6845218 (48.4572%)
entry 3319000/6845218 (48.4864%)
entry 3320000/6845218 (48.501%)
entry 3323000/6845218 (48.5448%)
entry 3324000/6845218 (48.5594%)
entry 3327000/6845218 (48.6033%)
entry 3328000/6845218 (48.6179%)
entry 3329000/6845218 (48.6325%)
entry 3330000/6845218 (48.6471%)
entry 3331000/6845218 (48.6617%)
entry 3332000/6845218 (48.6763%)
entry 3333000/6845218 (48.6909%)
entry 3335000/6845218 (48.7201%)
entry 3336000/6845218 (48.7348%)
entry 3338000/6845218 (48.764%)
entry 3342000/6845218 (48.8224%)
entry 3343000/6845218 (48.837%)
entry 3346000/6845218 (48.8808%)
entry 3347000/6845218 (48.8954%)
entry 3350000/6845218 (48.9393%)
entry 3351000/6845218 (48.9539%)
entry 3352000/6845218 (48.9685%)
entry 3353000/6845218 (48.9831%)
entry 3355000/6845218 (49.0123%)
entry 3356000/6845218 (49.0269%)
entry 3360000/6845218 (49.0854%)
entry 3362000/6845218 (49.1146%)
entry 3363000/6845218 (49.1292%)
entry 3364000/6845218 (49.1438%)
entry 3365000/6845218 (49.1584%)
entry 3366000/6845218 (49.173%)
entry 3369000/6845218 (49.2168%)
entry 3371000/6845218 (49.2461%)
entry 3372000/6845218 (49.2607%)
entry 3373000/6845218 (49.2753%)
entry 3374000/6845218 (49.2899%)
entry 3375000/6845218 (49.3045%)
entry 3378000/6845218 (49.3483%)
entry 3379000/6845218 (49.3629%)
entry 3382000/6845218 (49.4068%)
entry 3383000/6845218 (49.4214%)
entry 3385000/6845218 (49.4506%)
entry 3387000/6845218 (49.4798%)
entry 3390000/6845218 (49.5236%)
entry 3393000/6845218 (49.5674%)
entry 3394000/6845218 (49.5821%)
entry 3395000/6845218 (49.5967%)
entry 3396000/6845218 (49.6113%)
entry 3397000/6845218 (49.6259%)
entry 3398000/6845218 (49.6405%)
entry 3399000/6845218 (49.6551%)
entry 3401000/6845218 (49.6843%)
entry 3402000/6845218 (49.6989%)
entry 3403000/6845218 (49.7135%)
entry 3404000/6845218 (49.7281%)
entry 3405000/6845218 (49.7428%)
entry 3408000/6845218 (49.7866%)
entry 3412000/6845218 (49.845%)
entry 3414000/6845218 (49.8742%)
entry 3415000/6845218 (49.8888%)
entry 3416000/6845218 (49.9034%)
entry 3418000/6845218 (49.9327%)
entry 3419000/6845218 (49.9473%)
entry 3420000/6845218 (49.9619%)
entry 3421000/6845218 (49.9765%)
entry 3422000/6845218 (49.9911%)
entry 3425000/6845218 (50.0349%)
entry 3426000/6845218 (50.0495%)
entry 3428000/6845218 (50.0788%)
entry 3429000/6845218 (50.0934%)
entry 3434000/6845218 (50.1664%)
entry 3435000/6845218 (50.181%)
entry 3436000/6845218 (50.1956%)
entry 3437000/6845218 (50.2102%)
entry 3438000/6845218 (50.2248%)
entry 3440000/6845218 (50.2541%)
entry 3441000/6845218 (50.2687%)
entry 3442000/6845218 (50.2833%)
entry 3443000/6845218 (50.2979%)
entry 3444000/6845218 (50.3125%)
entry 3448000/6845218 (50.3709%)
entry 3449000/6845218 (50.3855%)
entry 3452000/6845218 (50.4294%)
entry 3453000/6845218 (50.444%)
entry 3454000/6845218 (50.4586%)
entry 3456000/6845218 (50.4878%)
entry 3457000/6845218 (50.5024%)
entry 3460000/6845218 (50.5462%)
entry 3462000/6845218 (50.5755%)
entry 3464000/6845218 (50.6047%)
entry 3466000/6845218 (50.6339%)
entry 3467000/6845218 (50.6485%)
entry 3468000/6845218 (50.6631%)
entry 3469000/6845218 (50.6777%)
entry 3470000/6845218 (50.6923%)
entry 3473000/6845218 (50.7361%)
entry 3474000/6845218 (50.7508%)
entry 3476000/6845218 (50.78%)
entry 3477000/6845218 (50.7946%)
entry 3478000/6845218 (50.8092%)
entry 3479000/6845218 (50.8238%)
entry 3481000/6845218 (50.853%)
entry 3482000/6845218 (50.8676%)
entry 3483000/6845218 (50.8822%)
entry 3484000/6845218 (50.8968%)
entry 3485000/6845218 (50.9115%)
entry 3486000/6845218 (50.9261%)
entry 3489000/6845218 (50.9699%)
entry 3491000/6845218 (50.9991%)
entry 3492000/6845218 (51.0137%)
entry 3494000/6845218 (51.0429%)
entry 3495000/6845218 (51.0575%)
entry 3496000/6845218 (51.0722%)
entry 3497000/6845218 (51.0868%)
entry 3498000/6845218 (51.1014%)
entry 3500000/6845218 (51.1306%)
entry 3501000/6845218 (51.1452%)
entry 3502000/6845218 (51.1598%)
entry 3506000/6845218 (51.2182%)
entry 3507000/6845218 (51.2328%)
entry 3508000/6845218 (51.2475%)
entry 3509000/6845218 (51.2621%)
entry 3510000/6845218 (51.2767%)
entry 3511000/6845218 (51.2913%)
entry 3513000/6845218 (51.3205%)
entry 3515000/6845218 (51.3497%)
entry 3516000/6845218 (51.3643%)
entry 3517000/6845218 (51.3789%)
entry 3518000/6845218 (51.3935%)
entry 3520000/6845218 (51.4228%)
entry 3522000/6845218 (51.452%)
entry 3524000/6845218 (51.4812%)
entry 3525000/6845218 (51.4958%)
entry 3526000/6845218 (51.5104%)
entry 3528000/6845218 (51.5396%)
entry 3529000/6845218 (51.5542%)
entry 3531000/6845218 (51.5835%)
entry 3532000/6845218 (51.5981%)
entry 3533000/6845218 (51.6127%)
entry 3534000/6845218 (51.6273%)
entry 3536000/6845218 (51.6565%)
entry 3537000/6845218 (51.6711%)
entry 3540000/6845218 (51.7149%)
entry 3541000/6845218 (51.7295%)
entry 3542000/6845218 (51.7442%)
entry 3545000/6845218 (51.788%)
entry 3546000/6845218 (51.8026%)
entry 3548000/6845218 (51.8318%)
entry 3549000/6845218 (51.8464%)
entry 3550000/6845218 (51.861%)
entry 3551000/6845218 (51.8756%)
entry 3553000/6845218 (51.9048%)
entry 3554000/6845218 (51.9195%)
entry 3555000/6845218 (51.9341%)
entry 3559000/6845218 (51.9925%)
entry 3562000/6845218 (52.0363%)
entry 3563000/6845218 (52.0509%)
entry 3566000/6845218 (52.0948%)
entry 3568000/6845218 (52.124%)
entry 3569000/6845218 (52.1386%)
entry 3570000/6845218 (52.1532%)
entry 3573000/6845218 (52.197%)
entry 3575000/6845218 (52.2262%)
entry 3576000/6845218 (52.2408%)
entry 3579000/6845218 (52.2847%)
entry 3581000/6845218 (52.3139%)
entry 3583000/6845218 (52.3431%)
entry 3584000/6845218 (52.3577%)
entry 3586000/6845218 (52.3869%)
entry 3589000/6845218 (52.4308%)
entry 3590000/6845218 (52.4454%)
entry 3591000/6845218 (52.46%)
entry 3592000/6845218 (52.4746%)
entry 3593000/6845218 (52.4892%)
entry 3594000/6845218 (52.5038%)
entry 3596000/6845218 (52.533%)
entry 3597000/6845218 (52.5476%)
entry 3598000/6845218 (52.5622%)
entry 3599000/6845218 (52.5769%)
entry 3601000/6845218 (52.6061%)
entry 3603000/6845218 (52.6353%)
entry 3604000/6845218 (52.6499%)
entry 3605000/6845218 (52.6645%)
entry 3609000/6845218 (52.7229%)
entry 3612000/6845218 (52.7668%)
entry 3613000/6845218 (52.7814%)
entry 3614000/6845218 (52.796%)
entry 3615000/6845218 (52.8106%)
entry 3616000/6845218 (52.8252%)
entry 3618000/6845218 (52.8544%)
entry 3622000/6845218 (52.9128%)
entry 3623000/6845218 (52.9275%)
entry 3624000/6845218 (52.9421%)
entry 3625000/6845218 (52.9567%)
entry 3626000/6845218 (52.9713%)
entry 3627000/6845218 (52.9859%)
entry 3629000/6845218 (53.0151%)
entry 3630000/6845218 (53.0297%)
entry 3631000/6845218 (53.0443%)
entry 3636000/6845218 (53.1174%)
entry 3640000/6845218 (53.1758%)
entry 3641000/6845218 (53.1904%)
entry 3642000/6845218 (53.205%)
entry 3644000/6845218 (53.2342%)
entry 3645000/6845218 (53.2489%)
entry 3646000/6845218 (53.2635%)
entry 3648000/6845218 (53.2927%)
entry 3649000/6845218 (53.3073%)
entry 3650000/6845218 (53.3219%)
entry 3651000/6845218 (53.3365%)
entry 3652000/6845218 (53.3511%)
entry 3656000/6845218 (53.4095%)
entry 3657000/6845218 (53.4242%)
entry 3658000/6845218 (53.4388%)
entry 3659000/6845218 (53.4534%)
entry 3661000/6845218 (53.4826%)
entry 3662000/6845218 (53.4972%)
entry 3663000/6845218 (53.5118%)
entry 3664000/6845218 (53.5264%)
entry 3665000/6845218 (53.541%)
entry 3666000/6845218 (53.5556%)
entry 3667000/6845218 (53.5702%)
entry 3669000/6845218 (53.5995%)
entry 3674000/6845218 (53.6725%)
entry 3678000/6845218 (53.7309%)
entry 3680000/6845218 (53.7602%)
entry 3683000/6845218 (53.804%)
entry 3684000/6845218 (53.8186%)
entry 3685000/6845218 (53.8332%)
entry 3686000/6845218 (53.8478%)
entry 3687000/6845218 (53.8624%)
entry 3689000/6845218 (53.8916%)
entry 3691000/6845218 (53.9209%)
entry 3692000/6845218 (53.9355%)
entry 3693000/6845218 (53.9501%)
entry 3694000/6845218 (53.9647%)
entry 3698000/6845218 (54.0231%)
entry 3699000/6845218 (54.0377%)
entry 3701000/6845218 (54.0669%)
entry 3702000/6845218 (54.0815%)
entry 3703000/6845218 (54.0962%)
entry 3704000/6845218 (54.1108%)
entry 3705000/6845218 (54.1254%)
entry 3707000/6845218 (54.1546%)
entry 3709000/6845218 (54.1838%)
entry 3710000/6845218 (54.1984%)
entry 3711000/6845218 (54.213%)
entry 3712000/6845218 (54.2276%)
entry 3713000/6845218 (54.2422%)
entry 3714000/6845218 (54.2569%)
entry 3715000/6845218 (54.2715%)
entry 3716000/6845218 (54.2861%)
entry 3717000/6845218 (54.3007%)
entry 3718000/6845218 (54.3153%)
entry 3719000/6845218 (54.3299%)
entry 3721000/6845218 (54.3591%)
entry 3722000/6845218 (54.3737%)
entry 3723000/6845218 (54.3883%)
entry 3725000/6845218 (54.4176%)
entry 3726000/6845218 (54.4322%)
entry 3727000/6845218 (54.4468%)
entry 3728000/6845218 (54.4614%)
entry 3729000/6845218 (54.476%)
entry 3731000/6845218 (54.5052%)
entry 3732000/6845218 (54.5198%)
entry 3735000/6845218 (54.5636%)
entry 3736000/6845218 (54.5782%)
entry 3737000/6845218 (54.5929%)
entry 3739000/6845218 (54.6221%)
entry 3743000/6845218 (54.6805%)
entry 3747000/6845218 (54.7389%)
entry 3748000/6845218 (54.7536%)
entry 3749000/6845218 (54.7682%)
entry 3750000/6845218 (54.7828%)
entry 3751000/6845218 (54.7974%)
entry 3752000/6845218 (54.812%)
entry 3753000/6845218 (54.8266%)
entry 3754000/6845218 (54.8412%)
entry 3755000/6845218 (54.8558%)
entry 3756000/6845218 (54.8704%)
entry 3759000/6845218 (54.9142%)
entry 3760000/6845218 (54.9289%)
entry 3761000/6845218 (54.9435%)
entry 3762000/6845218 (54.9581%)
entry 3763000/6845218 (54.9727%)
entry 3765000/6845218 (55.0019%)
entry 3766000/6845218 (55.0165%)
entry 3767000/6845218 (55.0311%)
entry 3768000/6845218 (55.0457%)
entry 3769000/6845218 (55.0603%)
entry 3771000/6845218 (55.0896%)
entry 3772000/6845218 (55.1042%)
entry 3774000/6845218 (55.1334%)
entry 3775000/6845218 (55.148%)
entry 3778000/6845218 (55.1918%)
entry 3779000/6845218 (55.2064%)
entry 3782000/6845218 (55.2503%)
entry 3783000/6845218 (55.2649%)
entry 3784000/6845218 (55.2795%)
entry 3786000/6845218 (55.3087%)
entry 3787000/6845218 (55.3233%)
entry 3788000/6845218 (55.3379%)
entry 3789000/6845218 (55.3525%)
entry 3791000/6845218 (55.3817%)
entry 3793000/6845218 (55.4109%)
entry 3794000/6845218 (55.4256%)
entry 3796000/6845218 (55.4548%)
entry 3797000/6845218 (55.4694%)
entry 3799000/6845218 (55.4986%)
entry 3801000/6845218 (55.5278%)
entry 3802000/6845218 (55.5424%)
entry 3804000/6845218 (55.5716%)
entry 3805000/6845218 (55.5862%)
entry 3808000/6845218 (55.6301%)
entry 3810000/6845218 (55.6593%)
entry 3811000/6845218 (55.6739%)
entry 3812000/6845218 (55.6885%)
entry 3814000/6845218 (55.7177%)
entry 3816000/6845218 (55.7469%)
entry 3818000/6845218 (55.7762%)
entry 3819000/6845218 (55.7908%)
entry 3820000/6845218 (55.8054%)
entry 3822000/6845218 (55.8346%)
entry 3823000/6845218 (55.8492%)
entry 3824000/6845218 (55.8638%)
entry 3825000/6845218 (55.8784%)
entry 3826000/6845218 (55.893%)
entry 3827000/6845218 (55.9076%)
entry 3829000/6845218 (55.9369%)
entry 3831000/6845218 (55.9661%)
entry 3833000/6845218 (55.9953%)
entry 3834000/6845218 (56.0099%)
entry 3836000/6845218 (56.0391%)
entry 3837000/6845218 (56.0537%)
entry 3838000/6845218 (56.0683%)
entry 3839000/6845218 (56.0829%)
entry 3841000/6845218 (56.1122%)
entry 3842000/6845218 (56.1268%)
entry 3843000/6845218 (56.1414%)
entry 3845000/6845218 (56.1706%)
entry 3847000/6845218 (56.1998%)
entry 3848000/6845218 (56.2144%)
entry 3849000/6845218 (56.229%)
entry 3850000/6845218 (56.2436%)
entry 3851000/6845218 (56.2582%)
entry 3852000/6845218 (56.2729%)
entry 3853000/6845218 (56.2875%)
entry 3854000/6845218 (56.3021%)
entry 3855000/6845218 (56.3167%)
entry 3856000/6845218 (56.3313%)
entry 3857000/6845218 (56.3459%)
entry 3859000/6845218 (56.3751%)
entry 3860000/6845218 (56.3897%)
entry 3861000/6845218 (56.4043%)
entry 3862000/6845218 (56.4189%)
entry 3863000/6845218 (56.4336%)
entry 3864000/6845218 (56.4482%)
entry 3865000/6845218 (56.4628%)
entry 3866000/6845218 (56.4774%)
entry 3868000/6845218 (56.5066%)
entry 3869000/6845218 (56.5212%)
entry 3870000/6845218 (56.5358%)
entry 3871000/6845218 (56.5504%)
entry 3874000/6845218 (56.5943%)
entry 3875000/6845218 (56.6089%)
entry 3878000/6845218 (56.6527%)
entry 3879000/6845218 (56.6673%)
entry 3882000/6845218 (56.7111%)
entry 3884000/6845218 (56.7403%)
entry 3885000/6845218 (56.7549%)
entry 3886000/6845218 (56.7696%)
entry 3887000/6845218 (56.7842%)
entry 3888000/6845218 (56.7988%)
entry 3889000/6845218 (56.8134%)
entry 3890000/6845218 (56.828%)
entry 3892000/6845218 (56.8572%)
entry 3893000/6845218 (56.8718%)
entry 3894000/6845218 (56.8864%)
entry 3895000/6845218 (56.901%)
entry 3897000/6845218 (56.9303%)
entry 3900000/6845218 (56.9741%)
entry 3901000/6845218 (56.9887%)
entry 3902000/6845218 (57.0033%)
entry 3903000/6845218 (57.0179%)
entry 3905000/6845218 (57.0471%)
entry 3908000/6845218 (57.091%)
entry 3910000/6845218 (57.1202%)
entry 3911000/6845218 (57.1348%)
entry 3912000/6845218 (57.1494%)
entry 3913000/6845218 (57.164%)
entry 3914000/6845218 (57.1786%)
entry 3915000/6845218 (57.1932%)
entry 3916000/6845218 (57.2078%)
entry 3921000/6845218 (57.2809%)
entry 3922000/6845218 (57.2955%)
entry 3924000/6845218 (57.3247%)
entry 3925000/6845218 (57.3393%)
entry 3926000/6845218 (57.3539%)
entry 3927000/6845218 (57.3685%)
entry 3929000/6845218 (57.3977%)
entry 3930000/6845218 (57.4123%)
entry 3931000/6845218 (57.427%)
entry 3932000/6845218 (57.4416%)
entry 3933000/6845218 (57.4562%)
entry 3934000/6845218 (57.4708%)
entry 3935000/6845218 (57.4854%)
entry 3937000/6845218 (57.5146%)
entry 3938000/6845218 (57.5292%)
entry 3939000/6845218 (57.5438%)
entry 3940000/6845218 (57.5584%)
entry 3941000/6845218 (57.573%)
entry 3942000/6845218 (57.5876%)
entry 3945000/6845218 (57.6315%)
entry 3947000/6845218 (57.6607%)
entry 3948000/6845218 (57.6753%)
entry 3949000/6845218 (57.6899%)
entry 3950000/6845218 (57.7045%)
entry 3951000/6845218 (57.7191%)
entry 3952000/6845218 (57.7337%)
entry 3953000/6845218 (57.7483%)
entry 3954000/6845218 (57.763%)
entry 3955000/6845218 (57.7776%)
entry 3956000/6845218 (57.7922%)
entry 3957000/6845218 (57.8068%)
entry 3959000/6845218 (57.836%)
entry 3961000/6845218 (57.8652%)
entry 3962000/6845218 (57.8798%)
entry 3963000/6845218 (57.8944%)
entry 3966000/6845218 (57.9383%)
entry 3967000/6845218 (57.9529%)
entry 3970000/6845218 (57.9967%)
entry 3971000/6845218 (58.0113%)
entry 3972000/6845218 (58.0259%)
entry 3973000/6845218 (58.0405%)
entry 3975000/6845218 (58.0697%)
entry 3977000/6845218 (58.099%)
entry 3980000/6845218 (58.1428%)
entry 3983000/6845218 (58.1866%)
entry 3984000/6845218 (58.2012%)
entry 3986000/6845218 (58.2304%)
entry 3987000/6845218 (58.245%)
entry 3988000/6845218 (58.2596%)
entry 3989000/6845218 (58.2743%)
entry 3990000/6845218 (58.2889%)
entry 3991000/6845218 (58.3035%)
entry 3994000/6845218 (58.3473%)
entry 3995000/6845218 (58.3619%)
entry 3998000/6845218 (58.4057%)
entry 3999000/6845218 (58.4203%)
entry 4000000/6845218 (58.435%)
entry 4001000/6845218 (58.4496%)
entry 4002000/6845218 (58.4642%)
entry 4003000/6845218 (58.4788%)
entry 4004000/6845218 (58.4934%)
entry 4005000/6845218 (58.508%)
entry 4007000/6845218 (58.5372%)
entry 4008000/6845218 (58.5518%)
entry 4009000/6845218 (58.5664%)
entry 4010000/6845218 (58.581%)
entry 4012000/6845218 (58.6103%)
entry 4014000/6845218 (58.6395%)
entry 4017000/6845218 (58.6833%)
entry 4018000/6845218 (58.6979%)
entry 4019000/6845218 (58.7125%)
entry 4021000/6845218 (58.7417%)
entry 4022000/6845218 (58.7563%)
entry 4024000/6845218 (58.7856%)
entry 4025000/6845218 (58.8002%)
entry 4026000/6845218 (58.8148%)
entry 4027000/6845218 (58.8294%)
entry 4029000/6845218 (58.8586%)
entry 4030000/6845218 (58.8732%)
entry 4031000/6845218 (58.8878%)
entry 4032000/6845218 (58.9024%)
entry 4033000/6845218 (58.917%)
entry 4034000/6845218 (58.9316%)
entry 4035000/6845218 (58.9463%)
entry 4036000/6845218 (58.9609%)
entry 4037000/6845218 (58.9755%)
entry 4039000/6845218 (59.0047%)
entry 4040000/6845218 (59.0193%)
entry 4041000/6845218 (59.0339%)
entry 4042000/6845218 (59.0485%)
entry 4044000/6845218 (59.0777%)
entry 4045000/6845218 (59.0923%)
entry 4047000/6845218 (59.1216%)
entry 4048000/6845218 (59.1362%)
entry 4050000/6845218 (59.1654%)
entry 4052000/6845218 (59.1946%)
entry 4053000/6845218 (59.2092%)
entry 4055000/6845218 (59.2384%)
entry 4058000/6845218 (59.2823%)
entry 4061000/6845218 (59.3261%)
entry 4062000/6845218 (59.3407%)
entry 4063000/6845218 (59.3553%)
entry 4064000/6845218 (59.3699%)
entry 4066000/6845218 (59.3991%)
entry 4067000/6845218 (59.4137%)
entry 4068000/6845218 (59.4283%)
entry 4069000/6845218 (59.443%)
entry 4070000/6845218 (59.4576%)
entry 4072000/6845218 (59.4868%)
entry 4074000/6845218 (59.516%)
entry 4077000/6845218 (59.5598%)
entry 4079000/6845218 (59.589%)
entry 4080000/6845218 (59.6037%)
entry 4081000/6845218 (59.6183%)
entry 4082000/6845218 (59.6329%)
entry 4084000/6845218 (59.6621%)
entry 4086000/6845218 (59.6913%)
entry 4087000/6845218 (59.7059%)
entry 4088000/6845218 (59.7205%)
entry 4090000/6845218 (59.7497%)
entry 4091000/6845218 (59.7643%)
entry 4092000/6845218 (59.779%)
entry 4095000/6845218 (59.8228%)
entry 4097000/6845218 (59.852%)
entry 4099000/6845218 (59.8812%)
entry 4101000/6845218 (59.9104%)
entry 4102000/6845218 (59.925%)
entry 4103000/6845218 (59.9397%)
entry 4105000/6845218 (59.9689%)
entry 4106000/6845218 (59.9835%)
entry 4108000/6845218 (60.0127%)
entry 4110000/6845218 (60.0419%)
entry 4111000/6845218 (60.0565%)
entry 4112000/6845218 (60.0711%)
entry 4113000/6845218 (60.0857%)
entry 4114000/6845218 (60.1004%)
entry 4115000/6845218 (60.115%)
entry 4116000/6845218 (60.1296%)
entry 4117000/6845218 (60.1442%)
entry 4118000/6845218 (60.1588%)
entry 4119000/6845218 (60.1734%)
entry 4121000/6845218 (60.2026%)
entry 4122000/6845218 (60.2172%)
entry 4124000/6845218 (60.2464%)
entry 4126000/6845218 (60.2757%)
entry 4129000/6845218 (60.3195%)
entry 4131000/6845218 (60.3487%)
entry 4132000/6845218 (60.3633%)
entry 4134000/6845218 (60.3925%)
entry 4135000/6845218 (60.4071%)
entry 4136000/6845218 (60.4217%)
entry 4137000/6845218 (60.4364%)
entry 4138000/6845218 (60.451%)
entry 4140000/6845218 (60.4802%)
entry 4141000/6845218 (60.4948%)
entry 4142000/6845218 (60.5094%)
entry 4143000/6845218 (60.524%)
entry 4144000/6845218 (60.5386%)
entry 4146000/6845218 (60.5678%)
entry 4148000/6845218 (60.5971%)
entry 4149000/6845218 (60.6117%)
entry 4150000/6845218 (60.6263%)
entry 4152000/6845218 (60.6555%)
entry 4153000/6845218 (60.6701%)
entry 4156000/6845218 (60.7139%)
entry 4159000/6845218 (60.7577%)
entry 4160000/6845218 (60.7724%)
entry 4161000/6845218 (60.787%)
entry 4162000/6845218 (60.8016%)
entry 4163000/6845218 (60.8162%)
entry 4164000/6845218 (60.8308%)
entry 4165000/6845218 (60.8454%)
entry 4166000/6845218 (60.86%)
entry 4168000/6845218 (60.8892%)
entry 4169000/6845218 (60.9038%)
entry 4172000/6845218 (60.9477%)
entry 4173000/6845218 (60.9623%)
entry 4174000/6845218 (60.9769%)
entry 4175000/6845218 (60.9915%)
entry 4177000/6845218 (61.0207%)
entry 4179000/6845218 (61.0499%)
entry 4180000/6845218 (61.0645%)
entry 4181000/6845218 (61.0791%)
entry 4182000/6845218 (61.0937%)
entry 4185000/6845218 (61.1376%)
entry 4186000/6845218 (61.1522%)
entry 4187000/6845218 (61.1668%)
entry 4188000/6845218 (61.1814%)
entry 4189000/6845218 (61.196%)
entry 4191000/6845218 (61.2252%)
entry 4192000/6845218 (61.2398%)
entry 4193000/6845218 (61.2544%)
entry 4194000/6845218 (61.2691%)
entry 4195000/6845218 (61.2837%)
entry 4197000/6845218 (61.3129%)
entry 4198000/6845218 (61.3275%)
entry 4200000/6845218 (61.3567%)
entry 4202000/6845218 (61.3859%)
entry 4203000/6845218 (61.4005%)
entry 4204000/6845218 (61.4151%)
entry 4205000/6845218 (61.4297%)
entry 4206000/6845218 (61.4444%)
entry 4207000/6845218 (61.459%)
entry 4208000/6845218 (61.4736%)
entry 4211000/6845218 (61.5174%)
entry 4213000/6845218 (61.5466%)
entry 4215000/6845218 (61.5758%)
entry 4216000/6845218 (61.5904%)
entry 4218000/6845218 (61.6197%)
entry 4220000/6845218 (61.6489%)
entry 4221000/6845218 (61.6635%)
entry 4222000/6845218 (61.6781%)
entry 4224000/6845218 (61.7073%)
entry 4225000/6845218 (61.7219%)
entry 4226000/6845218 (61.7365%)
entry 4227000/6845218 (61.7511%)
entry 4228000/6845218 (61.7657%)
entry 4229000/6845218 (61.7804%)
entry 4230000/6845218 (61.795%)
entry 4231000/6845218 (61.8096%)
entry 4232000/6845218 (61.8242%)
entry 4236000/6845218 (61.8826%)
entry 4237000/6845218 (61.8972%)
entry 4238000/6845218 (61.9118%)
entry 4240000/6845218 (61.9411%)
entry 4242000/6845218 (61.9703%)
entry 4243000/6845218 (61.9849%)
entry 4245000/6845218 (62.0141%)
entry 4247000/6845218 (62.0433%)
entry 4251000/6845218 (62.1017%)
entry 4252000/6845218 (62.1164%)
entry 4253000/6845218 (62.131%)
entry 4255000/6845218 (62.1602%)
entry 4256000/6845218 (62.1748%)
entry 4260000/6845218 (62.2332%)
entry 4263000/6845218 (62.2771%)
entry 4265000/6845218 (62.3063%)
entry 4266000/6845218 (62.3209%)
entry 4268000/6845218 (62.3501%)
entry 4269000/6845218 (62.3647%)
entry 4271000/6845218 (62.3939%)
entry 4272000/6845218 (62.4085%)
entry 4273000/6845218 (62.4231%)
entry 4275000/6845218 (62.4524%)
entry 4278000/6845218 (62.4962%)
entry 4280000/6845218 (62.5254%)
entry 4282000/6845218 (62.5546%)
entry 4284000/6845218 (62.5838%)
entry 4285000/6845218 (62.5984%)
entry 4287000/6845218 (62.6277%)
entry 4288000/6845218 (62.6423%)
entry 4289000/6845218 (62.6569%)
entry 4291000/6845218 (62.6861%)
entry 4293000/6845218 (62.7153%)
entry 4294000/6845218 (62.7299%)
entry 4295000/6845218 (62.7445%)
entry 4296000/6845218 (62.7591%)
entry 4297000/6845218 (62.7738%)
entry 4298000/6845218 (62.7884%)
entry 4299000/6845218 (62.803%)
entry 4300000/6845218 (62.8176%)
entry 4301000/6845218 (62.8322%)
entry 4303000/6845218 (62.8614%)
entry 4305000/6845218 (62.8906%)
entry 4306000/6845218 (62.9052%)
entry 4307000/6845218 (62.9198%)
entry 4309000/6845218 (62.9491%)
entry 4310000/6845218 (62.9637%)
entry 4312000/6845218 (62.9929%)
entry 4313000/6845218 (63.0075%)
entry 4314000/6845218 (63.0221%)
entry 4316000/6845218 (63.0513%)
entry 4317000/6845218 (63.0659%)
entry 4320000/6845218 (63.1097%)
entry 4321000/6845218 (63.1244%)
entry 4322000/6845218 (63.139%)
entry 4323000/6845218 (63.1536%)
entry 4324000/6845218 (63.1682%)
entry 4325000/6845218 (63.1828%)
entry 4326000/6845218 (63.1974%)
entry 4327000/6845218 (63.212%)
entry 4328000/6845218 (63.2266%)
entry 4329000/6845218 (63.2412%)
entry 4330000/6845218 (63.2558%)
entry 4332000/6845218 (63.2851%)
entry 4333000/6845218 (63.2997%)
entry 4336000/6845218 (63.3435%)
entry 4337000/6845218 (63.3581%)
entry 4338000/6845218 (63.3727%)
entry 4339000/6845218 (63.3873%)
entry 4341000/6845218 (63.4165%)
entry 4342000/6845218 (63.4311%)
entry 4343000/6845218 (63.4458%)
entry 4345000/6845218 (63.475%)
entry 4346000/6845218 (63.4896%)
entry 4347000/6845218 (63.5042%)
entry 4350000/6845218 (63.548%)
entry 4351000/6845218 (63.5626%)
entry 4353000/6845218 (63.5918%)
entry 4354000/6845218 (63.6064%)
entry 4355000/6845218 (63.6211%)
entry 4357000/6845218 (63.6503%)
entry 4359000/6845218 (63.6795%)
entry 4360000/6845218 (63.6941%)
entry 4361000/6845218 (63.7087%)
entry 4362000/6845218 (63.7233%)
entry 4363000/6845218 (63.7379%)
entry 4364000/6845218 (63.7525%)
entry 4365000/6845218 (63.7671%)
entry 4366000/6845218 (63.7818%)
entry 4367000/6845218 (63.7964%)
entry 4368000/6845218 (63.811%)
entry 4369000/6845218 (63.8256%)
entry 4370000/6845218 (63.8402%)
entry 4371000/6845218 (63.8548%)
entry 4372000/6845218 (63.8694%)
entry 4373000/6845218 (63.884%)
entry 4375000/6845218 (63.9132%)
entry 4376000/6845218 (63.9278%)
entry 4378000/6845218 (63.9571%)
entry 4379000/6845218 (63.9717%)
entry 4380000/6845218 (63.9863%)
entry 4381000/6845218 (64.0009%)
entry 4382000/6845218 (64.0155%)
entry 4383000/6845218 (64.0301%)
entry 4384000/6845218 (64.0447%)
entry 4385000/6845218 (64.0593%)
entry 4387000/6845218 (64.0885%)
entry 4389000/6845218 (64.1178%)
entry 4390000/6845218 (64.1324%)
entry 4391000/6845218 (64.147%)
entry 4392000/6845218 (64.1616%)
entry 4394000/6845218 (64.1908%)
entry 4395000/6845218 (64.2054%)
entry 4396000/6845218 (64.22%)
entry 4400000/6845218 (64.2784%)
entry 4401000/6845218 (64.2931%)
entry 4403000/6845218 (64.3223%)
entry 4405000/6845218 (64.3515%)
entry 4407000/6845218 (64.3807%)
entry 4408000/6845218 (64.3953%)
entry 4409000/6845218 (64.4099%)
entry 4410000/6845218 (64.4245%)
entry 4412000/6845218 (64.4538%)
entry 4413000/6845218 (64.4684%)
entry 4414000/6845218 (64.483%)
entry 4415000/6845218 (64.4976%)
entry 4416000/6845218 (64.5122%)
entry 4417000/6845218 (64.5268%)
entry 4418000/6845218 (64.5414%)
entry 4419000/6845218 (64.556%)
entry 4420000/6845218 (64.5706%)
entry 4424000/6845218 (64.6291%)
entry 4425000/6845218 (64.6437%)
entry 4428000/6845218 (64.6875%)
entry 4429000/6845218 (64.7021%)
entry 4430000/6845218 (64.7167%)
entry 4432000/6845218 (64.7459%)
entry 4433000/6845218 (64.7605%)
entry 4437000/6845218 (64.819%)
entry 4438000/6845218 (64.8336%)
entry 4440000/6845218 (64.8628%)
entry 4441000/6845218 (64.8774%)
entry 4442000/6845218 (64.892%)
entry 4443000/6845218 (64.9066%)
entry 4444000/6845218 (64.9212%)
entry 4445000/6845218 (64.9358%)
entry 4446000/6845218 (64.9505%)
entry 4448000/6845218 (64.9797%)
entry 4449000/6845218 (64.9943%)
entry 4451000/6845218 (65.0235%)
entry 4452000/6845218 (65.0381%)
entry 4453000/6845218 (65.0527%)
entry 4454000/6845218 (65.0673%)
entry 4455000/6845218 (65.0819%)
entry 4456000/6845218 (65.0965%)
entry 4458000/6845218 (65.1258%)
entry 4459000/6845218 (65.1404%)
entry 4460000/6845218 (65.155%)
entry 4461000/6845218 (65.1696%)
entry 4463000/6845218 (65.1988%)
entry 4464000/6845218 (65.2134%)
entry 4465000/6845218 (65.228%)
entry 4466000/6845218 (65.2426%)
entry 4469000/6845218 (65.2865%)
entry 4470000/6845218 (65.3011%)
entry 4474000/6845218 (65.3595%)
entry 4475000/6845218 (65.3741%)
entry 4477000/6845218 (65.4033%)
entry 4479000/6845218 (65.4325%)
entry 4480000/6845218 (65.4471%)
entry 4482000/6845218 (65.4764%)
entry 4483000/6845218 (65.491%)
entry 4484000/6845218 (65.5056%)
entry 4485000/6845218 (65.5202%)
entry 4487000/6845218 (65.5494%)
entry 4488000/6845218 (65.564%)
entry 4489000/6845218 (65.5786%)
entry 4490000/6845218 (65.5932%)
entry 4493000/6845218 (65.6371%)
entry 4495000/6845218 (65.6663%)
entry 4496000/6845218 (65.6809%)
entry 4497000/6845218 (65.6955%)
entry 4501000/6845218 (65.7539%)
entry 4503000/6845218 (65.7831%)
entry 4505000/6845218 (65.8124%)
entry 4506000/6845218 (65.827%)
entry 4507000/6845218 (65.8416%)
entry 4508000/6845218 (65.8562%)
entry 4509000/6845218 (65.8708%)
entry 4510000/6845218 (65.8854%)
entry 4511000/6845218 (65.9%)
entry 4512000/6845218 (65.9146%)
entry 4513000/6845218 (65.9292%)
entry 4514000/6845218 (65.9438%)
entry 4515000/6845218 (65.9585%)
entry 4516000/6845218 (65.9731%)
entry 4517000/6845218 (65.9877%)
entry 4518000/6845218 (66.0023%)
entry 4519000/6845218 (66.0169%)
entry 4520000/6845218 (66.0315%)
entry 4522000/6845218 (66.0607%)
entry 4524000/6845218 (66.0899%)
entry 4527000/6845218 (66.1338%)
entry 4528000/6845218 (66.1484%)
entry 4529000/6845218 (66.163%)
entry 4531000/6845218 (66.1922%)
entry 4532000/6845218 (66.2068%)
entry 4533000/6845218 (66.2214%)
entry 4535000/6845218 (66.2506%)
entry 4537000/6845218 (66.2798%)
entry 4540000/6845218 (66.3237%)
entry 4542000/6845218 (66.3529%)
entry 4543000/6845218 (66.3675%)
entry 4545000/6845218 (66.3967%)
entry 4547000/6845218 (66.4259%)
entry 4548000/6845218 (66.4405%)
entry 4551000/6845218 (66.4844%)
entry 4553000/6845218 (66.5136%)
entry 4556000/6845218 (66.5574%)
entry 4557000/6845218 (66.572%)
entry 4558000/6845218 (66.5866%)
entry 4559000/6845218 (66.6012%)
entry 4560000/6845218 (66.6158%)
entry 4561000/6845218 (66.6305%)
entry 4563000/6845218 (66.6597%)
entry 4565000/6845218 (66.6889%)
entry 4566000/6845218 (66.7035%)
entry 4568000/6845218 (66.7327%)
entry 4569000/6845218 (66.7473%)
entry 4570000/6845218 (66.7619%)
entry 4571000/6845218 (66.7765%)
entry 4572000/6845218 (66.7912%)
entry 4574000/6845218 (66.8204%)
entry 4576000/6845218 (66.8496%)
entry 4580000/6845218 (66.908%)
entry 4585000/6845218 (66.9811%)
entry 4586000/6845218 (66.9957%)
entry 4587000/6845218 (67.0103%)
entry 4590000/6845218 (67.0541%)
entry 4592000/6845218 (67.0833%)
entry 4594000/6845218 (67.1125%)
entry 4598000/6845218 (67.171%)
entry 4600000/6845218 (67.2002%)
entry 4601000/6845218 (67.2148%)
entry 4603000/6845218 (67.244%)
entry 4606000/6845218 (67.2879%)
entry 4607000/6845218 (67.3025%)
entry 4609000/6845218 (67.3317%)
entry 4612000/6845218 (67.3755%)
entry 4613000/6845218 (67.3901%)
entry 4615000/6845218 (67.4193%)
entry 4616000/6845218 (67.4339%)
entry 4620000/6845218 (67.4924%)
entry 4621000/6845218 (67.507%)
entry 4622000/6845218 (67.5216%)
entry 4623000/6845218 (67.5362%)
entry 4624000/6845218 (67.5508%)
entry 4625000/6845218 (67.5654%)
entry 4626000/6845218 (67.58%)
entry 4628000/6845218 (67.6092%)
entry 4629000/6845218 (67.6238%)
entry 4630000/6845218 (67.6385%)
entry 4631000/6845218 (67.6531%)
entry 4632000/6845218 (67.6677%)
entry 4634000/6845218 (67.6969%)
entry 4635000/6845218 (67.7115%)
entry 4636000/6845218 (67.7261%)
entry 4637000/6845218 (67.7407%)
entry 4638000/6845218 (67.7553%)
entry 4639000/6845218 (67.7699%)
entry 4640000/6845218 (67.7845%)
entry 4642000/6845218 (67.8138%)
entry 4643000/6845218 (67.8284%)
entry 4645000/6845218 (67.8576%)
entry 4646000/6845218 (67.8722%)
entry 4647000/6845218 (67.8868%)
entry 4648000/6845218 (67.9014%)
entry 4651000/6845218 (67.9452%)
entry 4653000/6845218 (67.9745%)
entry 4654000/6845218 (67.9891%)
entry 4656000/6845218 (68.0183%)
entry 4657000/6845218 (68.0329%)
entry 4658000/6845218 (68.0475%)
entry 4659000/6845218 (68.0621%)
entry 4660000/6845218 (68.0767%)
entry 4661000/6845218 (68.0913%)
entry 4662000/6845218 (68.1059%)
entry 4664000/6845218 (68.1352%)
entry 4667000/6845218 (68.179%)
entry 4668000/6845218 (68.1936%)
entry 4669000/6845218 (68.2082%)
entry 4670000/6845218 (68.2228%)
entry 4671000/6845218 (68.2374%)
entry 4673000/6845218 (68.2666%)
entry 4674000/6845218 (68.2812%)
entry 4675000/6845218 (68.2959%)
entry 4676000/6845218 (68.3105%)
entry 4677000/6845218 (68.3251%)
entry 4678000/6845218 (68.3397%)
entry 4679000/6845218 (68.3543%)
entry 4681000/6845218 (68.3835%)
entry 4682000/6845218 (68.3981%)
entry 4683000/6845218 (68.4127%)
entry 4684000/6845218 (68.4273%)
entry 4685000/6845218 (68.4419%)
entry 4686000/6845218 (68.4565%)
entry 4687000/6845218 (68.4712%)
entry 4689000/6845218 (68.5004%)
entry 4690000/6845218 (68.515%)
entry 4693000/6845218 (68.5588%)
entry 4695000/6845218 (68.588%)
entry 4696000/6845218 (68.6026%)
entry 4697000/6845218 (68.6172%)
entry 4698000/6845218 (68.6319%)
entry 4699000/6845218 (68.6465%)
entry 4701000/6845218 (68.6757%)
entry 4703000/6845218 (68.7049%)
entry 4704000/6845218 (68.7195%)
entry 4705000/6845218 (68.7341%)
entry 4707000/6845218 (68.7633%)
entry 4708000/6845218 (68.7779%)
entry 4709000/6845218 (68.7926%)
entry 4710000/6845218 (68.8072%)
entry 4712000/6845218 (68.8364%)
entry 4713000/6845218 (68.851%)
entry 4715000/6845218 (68.8802%)
entry 4717000/6845218 (68.9094%)
entry 4718000/6845218 (68.924%)
entry 4719000/6845218 (68.9386%)
entry 4720000/6845218 (68.9532%)
entry 4721000/6845218 (68.9679%)
entry 4725000/6845218 (69.0263%)
entry 4726000/6845218 (69.0409%)
entry 4727000/6845218 (69.0555%)
entry 4728000/6845218 (69.0701%)
entry 4730000/6845218 (69.0993%)
entry 4731000/6845218 (69.1139%)
entry 4733000/6845218 (69.1432%)
entry 4734000/6845218 (69.1578%)
entry 4735000/6845218 (69.1724%)
entry 4736000/6845218 (69.187%)
entry 4738000/6845218 (69.2162%)
entry 4740000/6845218 (69.2454%)
entry 4741000/6845218 (69.26%)
entry 4744000/6845218 (69.3039%)
entry 4745000/6845218 (69.3185%)
entry 4746000/6845218 (69.3331%)
entry 4747000/6845218 (69.3477%)
entry 4748000/6845218 (69.3623%)
entry 4749000/6845218 (69.3769%)
entry 4751000/6845218 (69.4061%)
entry 4753000/6845218 (69.4353%)
entry 4758000/6845218 (69.5084%)
entry 4759000/6845218 (69.523%)
entry 4760000/6845218 (69.5376%)
entry 4762000/6845218 (69.5668%)
entry 4764000/6845218 (69.596%)
entry 4765000/6845218 (69.6106%)
entry 4766000/6845218 (69.6252%)
entry 4770000/6845218 (69.6837%)
entry 4771000/6845218 (69.6983%)
entry 4772000/6845218 (69.7129%)
entry 4773000/6845218 (69.7275%)
entry 4775000/6845218 (69.7567%)
entry 4776000/6845218 (69.7713%)
entry 4777000/6845218 (69.7859%)
entry 4778000/6845218 (69.8006%)
entry 4781000/6845218 (69.8444%)
entry 4782000/6845218 (69.859%)
entry 4784000/6845218 (69.8882%)
entry 4786000/6845218 (69.9174%)
entry 4789000/6845218 (69.9612%)
entry 4790000/6845218 (69.9759%)
entry 4791000/6845218 (69.9905%)
entry 4792000/6845218 (70.0051%)
entry 4794000/6845218 (70.0343%)
entry 4795000/6845218 (70.0489%)
entry 4798000/6845218 (70.0927%)
entry 4800000/6845218 (70.1219%)
entry 4806000/6845218 (70.2096%)
entry 4808000/6845218 (70.2388%)
entry 4809000/6845218 (70.2534%)
entry 4810000/6845218 (70.268%)
entry 4811000/6845218 (70.2826%)
entry 4812000/6845218 (70.2972%)
entry 4815000/6845218 (70.3411%)
entry 4816000/6845218 (70.3557%)
entry 4817000/6845218 (70.3703%)
entry 4818000/6845218 (70.3849%)
entry 4819000/6845218 (70.3995%)
entry 4820000/6845218 (70.4141%)
entry 4822000/6845218 (70.4433%)
entry 4823000/6845218 (70.4579%)
entry 4825000/6845218 (70.4872%)
entry 4827000/6845218 (70.5164%)
entry 4828000/6845218 (70.531%)
entry 4829000/6845218 (70.5456%)
entry 4830000/6845218 (70.5602%)
entry 4831000/6845218 (70.5748%)
entry 4833000/6845218 (70.604%)
entry 4834000/6845218 (70.6186%)
entry 4837000/6845218 (70.6625%)
entry 4840000/6845218 (70.7063%)
entry 4841000/6845218 (70.7209%)
entry 4843000/6845218 (70.7501%)
entry 4845000/6845218 (70.7793%)
entry 4846000/6845218 (70.7939%)
entry 4847000/6845218 (70.8086%)
entry 4849000/6845218 (70.8378%)
entry 4852000/6845218 (70.8816%)
entry 4854000/6845218 (70.9108%)
entry 4855000/6845218 (70.9254%)
entry 4856000/6845218 (70.94%)
entry 4857000/6845218 (70.9546%)
entry 4859000/6845218 (70.9839%)
entry 4860000/6845218 (70.9985%)
entry 4861000/6845218 (71.0131%)
entry 4862000/6845218 (71.0277%)
entry 4865000/6845218 (71.0715%)
entry 4866000/6845218 (71.0861%)
entry 4868000/6845218 (71.1153%)
entry 4869000/6845218 (71.1299%)
entry 4870000/6845218 (71.1446%)
entry 4871000/6845218 (71.1592%)
entry 4872000/6845218 (71.1738%)
entry 4873000/6845218 (71.1884%)
entry 4874000/6845218 (71.203%)
entry 4876000/6845218 (71.2322%)
entry 4877000/6845218 (71.2468%)
entry 4878000/6845218 (71.2614%)
entry 4884000/6845218 (71.3491%)
entry 4885000/6845218 (71.3637%)
entry 4887000/6845218 (71.3929%)
entry 4888000/6845218 (71.4075%)
entry 4889000/6845218 (71.4221%)
entry 4891000/6845218 (71.4513%)
entry 4893000/6845218 (71.4806%)
entry 4895000/6845218 (71.5098%)
entry 4896000/6845218 (71.5244%)
entry 4898000/6845218 (71.5536%)
entry 4899000/6845218 (71.5682%)
entry 4900000/6845218 (71.5828%)
entry 4901000/6845218 (71.5974%)
entry 4905000/6845218 (71.6559%)
entry 4906000/6845218 (71.6705%)
entry 4907000/6845218 (71.6851%)
entry 4908000/6845218 (71.6997%)
entry 4909000/6845218 (71.7143%)
entry 4910000/6845218 (71.7289%)
entry 4912000/6845218 (71.7581%)
entry 4913000/6845218 (71.7727%)
entry 4914000/6845218 (71.7873%)
entry 4915000/6845218 (71.8019%)
entry 4916000/6845218 (71.8166%)
entry 4917000/6845218 (71.8312%)
entry 4918000/6845218 (71.8458%)
entry 4920000/6845218 (71.875%)
entry 4921000/6845218 (71.8896%)
entry 4924000/6845218 (71.9334%)
entry 4927000/6845218 (71.9773%)
entry 4929000/6845218 (72.0065%)
entry 4930000/6845218 (72.0211%)
entry 4931000/6845218 (72.0357%)
entry 4932000/6845218 (72.0503%)
entry 4933000/6845218 (72.0649%)
entry 4934000/6845218 (72.0795%)
entry 4937000/6845218 (72.1233%)
entry 4939000/6845218 (72.1526%)
entry 4941000/6845218 (72.1818%)
entry 4942000/6845218 (72.1964%)
entry 4943000/6845218 (72.211%)
entry 4944000/6845218 (72.2256%)
entry 4948000/6845218 (72.284%)
entry 4949000/6845218 (72.2986%)
entry 4950000/6845218 (72.3133%)
entry 4951000/6845218 (72.3279%)
entry 4954000/6845218 (72.3717%)
entry 4957000/6845218 (72.4155%)
entry 4958000/6845218 (72.4301%)
entry 4959000/6845218 (72.4447%)
entry 4960000/6845218 (72.4593%)
entry 4961000/6845218 (72.4739%)
entry 4962000/6845218 (72.4886%)
entry 4964000/6845218 (72.5178%)
entry 4965000/6845218 (72.5324%)
entry 4966000/6845218 (72.547%)
entry 4967000/6845218 (72.5616%)
entry 4968000/6845218 (72.5762%)
entry 4970000/6845218 (72.6054%)
entry 4971000/6845218 (72.62%)
entry 4972000/6845218 (72.6346%)
entry 4973000/6845218 (72.6493%)
entry 4974000/6845218 (72.6639%)
entry 4977000/6845218 (72.7077%)
entry 4979000/6845218 (72.7369%)
entry 4983000/6845218 (72.7953%)
entry 4984000/6845218 (72.81%)
entry 4986000/6845218 (72.8392%)
entry 4987000/6845218 (72.8538%)
entry 4988000/6845218 (72.8684%)
entry 4989000/6845218 (72.883%)
entry 4991000/6845218 (72.9122%)
entry 4992000/6845218 (72.9268%)
entry 4994000/6845218 (72.956%)
entry 4999000/6845218 (73.0291%)
entry 5003000/6845218 (73.0875%)
entry 5005000/6845218 (73.1167%)
entry 5006000/6845218 (73.1313%)
entry 5007000/6845218 (73.146%)
entry 5011000/6845218 (73.2044%)
entry 5013000/6845218 (73.2336%)
entry 5014000/6845218 (73.2482%)
entry 5016000/6845218 (73.2774%)
entry 5018000/6845218 (73.3066%)
entry 5019000/6845218 (73.3213%)
entry 5023000/6845218 (73.3797%)
entry 5024000/6845218 (73.3943%)
entry 5025000/6845218 (73.4089%)
entry 5026000/6845218 (73.4235%)
entry 5027000/6845218 (73.4381%)
entry 5028000/6845218 (73.4527%)
entry 5031000/6845218 (73.4966%)
entry 5033000/6845218 (73.5258%)
entry 5034000/6845218 (73.5404%)
entry 5035000/6845218 (73.555%)
entry 5036000/6845218 (73.5696%)
entry 5038000/6845218 (73.5988%)
entry 5041000/6845218 (73.6427%)
entry 5043000/6845218 (73.6719%)
entry 5044000/6845218 (73.6865%)
entry 5045000/6845218 (73.7011%)
entry 5046000/6845218 (73.7157%)
entry 5047000/6845218 (73.7303%)
entry 5048000/6845218 (73.7449%)
entry 5049000/6845218 (73.7595%)
entry 5050000/6845218 (73.7741%)
entry 5051000/6845218 (73.7887%)
entry 5052000/6845218 (73.8033%)
entry 5053000/6845218 (73.818%)
entry 5056000/6845218 (73.8618%)
entry 5058000/6845218 (73.891%)
entry 5060000/6845218 (73.9202%)
entry 5061000/6845218 (73.9348%)
entry 5062000/6845218 (73.9494%)
entry 5063000/6845218 (73.964%)
entry 5064000/6845218 (73.9787%)
entry 5065000/6845218 (73.9933%)
entry 5069000/6845218 (74.0517%)
entry 5070000/6845218 (74.0663%)
entry 5073000/6845218 (74.1101%)
entry 5074000/6845218 (74.1247%)
entry 5075000/6845218 (74.1394%)
entry 5076000/6845218 (74.154%)
entry 5077000/6845218 (74.1686%)
entry 5079000/6845218 (74.1978%)
entry 5082000/6845218 (74.2416%)
entry 5083000/6845218 (74.2562%)
entry 5084000/6845218 (74.2708%)
entry 5085000/6845218 (74.2854%)
entry 5086000/6845218 (74.3%)
entry 5087000/6845218 (74.3147%)
entry 5088000/6845218 (74.3293%)
entry 5089000/6845218 (74.3439%)
entry 5091000/6845218 (74.3731%)
entry 5092000/6845218 (74.3877%)
entry 5095000/6845218 (74.4315%)
entry 5096000/6845218 (74.4461%)
entry 5098000/6845218 (74.4753%)
entry 5099000/6845218 (74.49%)
entry 5101000/6845218 (74.5192%)
entry 5104000/6845218 (74.563%)
entry 5106000/6845218 (74.5922%)
entry 5108000/6845218 (74.6214%)
entry 5109000/6845218 (74.636%)
entry 5110000/6845218 (74.6507%)
entry 5111000/6845218 (74.6653%)
entry 5112000/6845218 (74.6799%)
entry 5113000/6845218 (74.6945%)
entry 5115000/6845218 (74.7237%)
entry 5116000/6845218 (74.7383%)
entry 5117000/6845218 (74.7529%)
entry 5118000/6845218 (74.7675%)
entry 5119000/6845218 (74.7821%)
entry 5120000/6845218 (74.7967%)
entry 5121000/6845218 (74.8114%)
entry 5123000/6845218 (74.8406%)
entry 5124000/6845218 (74.8552%)
entry 5126000/6845218 (74.8844%)
entry 5127000/6845218 (74.899%)
entry 5128000/6845218 (74.9136%)
entry 5129000/6845218 (74.9282%)
entry 5130000/6845218 (74.9428%)
entry 5131000/6845218 (74.9574%)
entry 5133000/6845218 (74.9867%)
entry 5134000/6845218 (75.0013%)
entry 5135000/6845218 (75.0159%)
entry 5136000/6845218 (75.0305%)
entry 5138000/6845218 (75.0597%)
entry 5140000/6845218 (75.0889%)
entry 5143000/6845218 (75.1327%)
entry 5144000/6845218 (75.1473%)
entry 5146000/6845218 (75.1766%)
entry 5147000/6845218 (75.1912%)
entry 5149000/6845218 (75.2204%)
entry 5151000/6845218 (75.2496%)
entry 5152000/6845218 (75.2642%)
entry 5153000/6845218 (75.2788%)
entry 5155000/6845218 (75.308%)
entry 5156000/6845218 (75.3227%)
entry 5157000/6845218 (75.3373%)
entry 5158000/6845218 (75.3519%)
entry 5160000/6845218 (75.3811%)
entry 5161000/6845218 (75.3957%)
entry 5162000/6845218 (75.4103%)
entry 5163000/6845218 (75.4249%)
entry 5165000/6845218 (75.4541%)
entry 5166000/6845218 (75.4687%)
entry 5167000/6845218 (75.4834%)
entry 5168000/6845218 (75.498%)
entry 5169000/6845218 (75.5126%)
entry 5174000/6845218 (75.5856%)
entry 5176000/6845218 (75.6148%)
entry 5177000/6845218 (75.6294%)
entry 5178000/6845218 (75.644%)
entry 5179000/6845218 (75.6587%)
entry 5180000/6845218 (75.6733%)
entry 5181000/6845218 (75.6879%)
entry 5182000/6845218 (75.7025%)
entry 5186000/6845218 (75.7609%)
entry 5187000/6845218 (75.7755%)
entry 5193000/6845218 (75.8632%)
entry 5195000/6845218 (75.8924%)
entry 5196000/6845218 (75.907%)
entry 5198000/6845218 (75.9362%)
entry 5201000/6845218 (75.98%)
entry 5203000/6845218 (76.0093%)
entry 5204000/6845218 (76.0239%)
entry 5205000/6845218 (76.0385%)
entry 5206000/6845218 (76.0531%)
entry 5209000/6845218 (76.0969%)
entry 5210000/6845218 (76.1115%)
entry 5211000/6845218 (76.1261%)
entry 5213000/6845218 (76.1554%)
entry 5215000/6845218 (76.1846%)
entry 5216000/6845218 (76.1992%)
entry 5217000/6845218 (76.2138%)
entry 5219000/6845218 (76.243%)
entry 5221000/6845218 (76.2722%)
entry 5222000/6845218 (76.2868%)
entry 5223000/6845218 (76.3014%)
entry 5225000/6845218 (76.3307%)
entry 5227000/6845218 (76.3599%)
entry 5229000/6845218 (76.3891%)
entry 5231000/6845218 (76.4183%)
entry 5232000/6845218 (76.4329%)
entry 5233000/6845218 (76.4475%)
entry 5234000/6845218 (76.4621%)
entry 5235000/6845218 (76.4767%)
entry 5237000/6845218 (76.506%)
entry 5240000/6845218 (76.5498%)
entry 5241000/6845218 (76.5644%)
entry 5243000/6845218 (76.5936%)
entry 5244000/6845218 (76.6082%)
entry 5247000/6845218 (76.6521%)
entry 5250000/6845218 (76.6959%)
entry 5251000/6845218 (76.7105%)
entry 5252000/6845218 (76.7251%)
entry 5253000/6845218 (76.7397%)
entry 5257000/6845218 (76.7981%)
entry 5258000/6845218 (76.8128%)
entry 5259000/6845218 (76.8274%)
entry 5261000/6845218 (76.8566%)
entry 5262000/6845218 (76.8712%)
entry 5263000/6845218 (76.8858%)
entry 5264000/6845218 (76.9004%)
entry 5266000/6845218 (76.9296%)
entry 5267000/6845218 (76.9442%)
entry 5269000/6845218 (76.9734%)
entry 5270000/6845218 (76.9881%)
entry 5271000/6845218 (77.0027%)
entry 5272000/6845218 (77.0173%)
entry 5274000/6845218 (77.0465%)
entry 5275000/6845218 (77.0611%)
entry 5278000/6845218 (77.1049%)
entry 5279000/6845218 (77.1195%)
entry 5281000/6845218 (77.1487%)
entry 5283000/6845218 (77.178%)
entry 5284000/6845218 (77.1926%)
entry 5285000/6845218 (77.2072%)
entry 5286000/6845218 (77.2218%)
entry 5288000/6845218 (77.251%)
entry 5289000/6845218 (77.2656%)
entry 5293000/6845218 (77.3241%)
entry 5294000/6845218 (77.3387%)
entry 5295000/6845218 (77.3533%)
entry 5296000/6845218 (77.3679%)
entry 5297000/6845218 (77.3825%)
entry 5299000/6845218 (77.4117%)
entry 5300000/6845218 (77.4263%)
entry 5302000/6845218 (77.4555%)
entry 5304000/6845218 (77.4848%)
entry 5305000/6845218 (77.4994%)
entry 5306000/6845218 (77.514%)
entry 5308000/6845218 (77.5432%)
entry 5309000/6845218 (77.5578%)
entry 5310000/6845218 (77.5724%)
entry 5311000/6845218 (77.587%)
entry 5312000/6845218 (77.6016%)
entry 5313000/6845218 (77.6162%)
entry 5314000/6845218 (77.6308%)
entry 5317000/6845218 (77.6747%)
entry 5318000/6845218 (77.6893%)
entry 5319000/6845218 (77.7039%)
entry 5321000/6845218 (77.7331%)
entry 5322000/6845218 (77.7477%)
entry 5323000/6845218 (77.7623%)
entry 5325000/6845218 (77.7915%)
entry 5326000/6845218 (77.8061%)
entry 5327000/6845218 (77.8207%)
entry 5328000/6845218 (77.8354%)
entry 5331000/6845218 (77.8792%)
entry 5332000/6845218 (77.8938%)
entry 5333000/6845218 (77.9084%)
entry 5337000/6845218 (77.9668%)
entry 5338000/6845218 (77.9814%)
entry 5339000/6845218 (77.9961%)
entry 5340000/6845218 (78.0107%)
entry 5341000/6845218 (78.0253%)
entry 5342000/6845218 (78.0399%)
entry 5344000/6845218 (78.0691%)
entry 5345000/6845218 (78.0837%)
entry 5346000/6845218 (78.0983%)
entry 5347000/6845218 (78.1129%)
entry 5348000/6845218 (78.1275%)
entry 5350000/6845218 (78.1568%)
entry 5351000/6845218 (78.1714%)
entry 5352000/6845218 (78.186%)
entry 5353000/6845218 (78.2006%)
entry 5355000/6845218 (78.2298%)
entry 5356000/6845218 (78.2444%)
entry 5357000/6845218 (78.259%)
entry 5358000/6845218 (78.2736%)
entry 5359000/6845218 (78.2882%)
entry 5361000/6845218 (78.3174%)
entry 5362000/6845218 (78.3321%)
entry 5363000/6845218 (78.3467%)
entry 5366000/6845218 (78.3905%)
entry 5367000/6845218 (78.4051%)
entry 5369000/6845218 (78.4343%)
entry 5370000/6845218 (78.4489%)
entry 5372000/6845218 (78.4781%)
entry 5373000/6845218 (78.4928%)
entry 5374000/6845218 (78.5074%)
entry 5375000/6845218 (78.522%)
entry 5376000/6845218 (78.5366%)
entry 5377000/6845218 (78.5512%)
entry 5378000/6845218 (78.5658%)
entry 5380000/6845218 (78.595%)
entry 5381000/6845218 (78.6096%)
entry 5382000/6845218 (78.6242%)
entry 5384000/6845218 (78.6534%)
entry 5385000/6845218 (78.6681%)
entry 5388000/6845218 (78.7119%)
entry 5389000/6845218 (78.7265%)
entry 5390000/6845218 (78.7411%)
entry 5392000/6845218 (78.7703%)
entry 5393000/6845218 (78.7849%)
entry 5394000/6845218 (78.7995%)
entry 5395000/6845218 (78.8141%)
entry 5402000/6845218 (78.9164%)
entry 5404000/6845218 (78.9456%)
entry 5405000/6845218 (78.9602%)
entry 5406000/6845218 (78.9748%)
entry 5407000/6845218 (78.9895%)
entry 5408000/6845218 (79.0041%)
entry 5409000/6845218 (79.0187%)
entry 5411000/6845218 (79.0479%)
entry 5413000/6845218 (79.0771%)
entry 5415000/6845218 (79.1063%)
entry 5416000/6845218 (79.1209%)
entry 5417000/6845218 (79.1355%)
entry 5418000/6845218 (79.1501%)
entry 5420000/6845218 (79.1794%)
entry 5422000/6845218 (79.2086%)
entry 5427000/6845218 (79.2816%)
entry 5428000/6845218 (79.2962%)
entry 5430000/6845218 (79.3254%)
entry 5434000/6845218 (79.3839%)
entry 5435000/6845218 (79.3985%)
entry 5436000/6845218 (79.4131%)
entry 5439000/6845218 (79.4569%)
entry 5441000/6845218 (79.4861%)
entry 5442000/6845218 (79.5008%)
entry 5443000/6845218 (79.5154%)
entry 5444000/6845218 (79.53%)
entry 5445000/6845218 (79.5446%)
entry 5446000/6845218 (79.5592%)
entry 5449000/6845218 (79.603%)
entry 5451000/6845218 (79.6322%)
entry 5452000/6845218 (79.6468%)
entry 5453000/6845218 (79.6615%)
entry 5454000/6845218 (79.6761%)
entry 5457000/6845218 (79.7199%)
entry 5458000/6845218 (79.7345%)
entry 5459000/6845218 (79.7491%)
entry 5461000/6845218 (79.7783%)
entry 5462000/6845218 (79.7929%)
entry 5463000/6845218 (79.8075%)
entry 5464000/6845218 (79.8221%)
entry 5465000/6845218 (79.8368%)
entry 5468000/6845218 (79.8806%)
entry 5469000/6845218 (79.8952%)
entry 5470000/6845218 (79.9098%)
entry 5471000/6845218 (79.9244%)
entry 5472000/6845218 (79.939%)
entry 5473000/6845218 (79.9536%)
entry 5474000/6845218 (79.9682%)
entry 5475000/6845218 (79.9828%)
entry 5477000/6845218 (80.0121%)
entry 5480000/6845218 (80.0559%)
entry 5482000/6845218 (80.0851%)
entry 5483000/6845218 (80.0997%)
entry 5484000/6845218 (80.1143%)
entry 5485000/6845218 (80.1289%)
entry 5487000/6845218 (80.1582%)
entry 5488000/6845218 (80.1728%)
entry 5492000/6845218 (80.2312%)
entry 5493000/6845218 (80.2458%)
entry 5495000/6845218 (80.275%)
entry 5496000/6845218 (80.2896%)
entry 5497000/6845218 (80.3042%)
entry 5498000/6845218 (80.3188%)
entry 5500000/6845218 (80.3481%)
entry 5501000/6845218 (80.3627%)
entry 5503000/6845218 (80.3919%)
entry 5506000/6845218 (80.4357%)
entry 5507000/6845218 (80.4503%)
entry 5508000/6845218 (80.4649%)
entry 5509000/6845218 (80.4795%)
entry 5510000/6845218 (80.4941%)
entry 5512000/6845218 (80.5234%)
entry 5513000/6845218 (80.538%)
entry 5515000/6845218 (80.5672%)
entry 5516000/6845218 (80.5818%)
entry 5519000/6845218 (80.6256%)
entry 5521000/6845218 (80.6548%)
entry 5522000/6845218 (80.6695%)
entry 5524000/6845218 (80.6987%)
entry 5528000/6845218 (80.7571%)
entry 5529000/6845218 (80.7717%)
entry 5530000/6845218 (80.7863%)
entry 5533000/6845218 (80.8302%)
entry 5534000/6845218 (80.8448%)
entry 5536000/6845218 (80.874%)
entry 5539000/6845218 (80.9178%)
entry 5540000/6845218 (80.9324%)
entry 5541000/6845218 (80.947%)
entry 5544000/6845218 (80.9908%)
entry 5545000/6845218 (81.0055%)
entry 5547000/6845218 (81.0347%)
entry 5548000/6845218 (81.0493%)
entry 5549000/6845218 (81.0639%)
entry 5551000/6845218 (81.0931%)
entry 5552000/6845218 (81.1077%)
entry 5554000/6845218 (81.1369%)
entry 5555000/6845218 (81.1515%)
entry 5556000/6845218 (81.1662%)
entry 5557000/6845218 (81.1808%)
entry 5558000/6845218 (81.1954%)
entry 5559000/6845218 (81.21%)
entry 5560000/6845218 (81.2246%)
entry 5561000/6845218 (81.2392%)
entry 5562000/6845218 (81.2538%)
entry 5563000/6845218 (81.2684%)
entry 5564000/6845218 (81.283%)
entry 5565000/6845218 (81.2976%)
entry 5566000/6845218 (81.3122%)
entry 5567000/6845218 (81.3268%)
entry 5569000/6845218 (81.3561%)
entry 5570000/6845218 (81.3707%)
entry 5571000/6845218 (81.3853%)
entry 5572000/6845218 (81.3999%)
entry 5574000/6845218 (81.4291%)
entry 5575000/6845218 (81.4437%)
entry 5576000/6845218 (81.4583%)
entry 5577000/6845218 (81.4729%)
entry 5578000/6845218 (81.4875%)
entry 5579000/6845218 (81.5022%)
entry 5581000/6845218 (81.5314%)
entry 5582000/6845218 (81.546%)
entry 5583000/6845218 (81.5606%)
entry 5584000/6845218 (81.5752%)
entry 5587000/6845218 (81.619%)
entry 5588000/6845218 (81.6336%)
entry 5589000/6845218 (81.6482%)
entry 5590000/6845218 (81.6628%)
entry 5592000/6845218 (81.6921%)
entry 5593000/6845218 (81.7067%)
entry 5594000/6845218 (81.7213%)
entry 5595000/6845218 (81.7359%)
entry 5598000/6845218 (81.7797%)
entry 5599000/6845218 (81.7943%)
entry 5602000/6845218 (81.8382%)
entry 5604000/6845218 (81.8674%)
entry 5605000/6845218 (81.882%)
entry 5607000/6845218 (81.9112%)
entry 5609000/6845218 (81.9404%)
entry 5610000/6845218 (81.955%)
entry 5611000/6845218 (81.9696%)
entry 5613000/6845218 (81.9988%)
entry 5614000/6845218 (82.0135%)
entry 5615000/6845218 (82.0281%)
entry 5617000/6845218 (82.0573%)
entry 5619000/6845218 (82.0865%)
entry 5620000/6845218 (82.1011%)
entry 5622000/6845218 (82.1303%)
entry 5624000/6845218 (82.1595%)
entry 5625000/6845218 (82.1742%)
entry 5626000/6845218 (82.1888%)
entry 5627000/6845218 (82.2034%)
entry 5628000/6845218 (82.218%)
entry 5629000/6845218 (82.2326%)
entry 5630000/6845218 (82.2472%)
entry 5632000/6845218 (82.2764%)
entry 5633000/6845218 (82.291%)
entry 5634000/6845218 (82.3056%)
entry 5638000/6845218 (82.3641%)
entry 5639000/6845218 (82.3787%)
entry 5644000/6845218 (82.4517%)
entry 5645000/6845218 (82.4663%)
entry 5646000/6845218 (82.4809%)
entry 5647000/6845218 (82.4955%)
entry 5648000/6845218 (82.5102%)
entry 5649000/6845218 (82.5248%)
entry 5650000/6845218 (82.5394%)
entry 5651000/6845218 (82.554%)
entry 5653000/6845218 (82.5832%)
entry 5654000/6845218 (82.5978%)
entry 5655000/6845218 (82.6124%)
entry 5657000/6845218 (82.6416%)
entry 5658000/6845218 (82.6562%)
entry 5659000/6845218 (82.6708%)
entry 5660000/6845218 (82.6855%)
entry 5661000/6845218 (82.7001%)
entry 5662000/6845218 (82.7147%)
entry 5666000/6845218 (82.7731%)
entry 5668000/6845218 (82.8023%)
entry 5670000/6845218 (82.8315%)
entry 5671000/6845218 (82.8462%)
entry 5674000/6845218 (82.89%)
entry 5678000/6845218 (82.9484%)
entry 5681000/6845218 (82.9922%)
entry 5683000/6845218 (83.0215%)
entry 5685000/6845218 (83.0507%)
entry 5686000/6845218 (83.0653%)
entry 5687000/6845218 (83.0799%)
entry 5688000/6845218 (83.0945%)
entry 5689000/6845218 (83.1091%)
entry 5690000/6845218 (83.1237%)
entry 5693000/6845218 (83.1675%)
entry 5694000/6845218 (83.1822%)
entry 5695000/6845218 (83.1968%)
entry 5696000/6845218 (83.2114%)
entry 5699000/6845218 (83.2552%)
entry 5701000/6845218 (83.2844%)
entry 5702000/6845218 (83.299%)
entry 5704000/6845218 (83.3282%)
entry 5706000/6845218 (83.3575%)
entry 5707000/6845218 (83.3721%)
entry 5708000/6845218 (83.3867%)
entry 5710000/6845218 (83.4159%)
entry 5712000/6845218 (83.4451%)
entry 5714000/6845218 (83.4743%)
entry 5715000/6845218 (83.4889%)
entry 5717000/6845218 (83.5182%)
entry 5718000/6845218 (83.5328%)
entry 5720000/6845218 (83.562%)
entry 5722000/6845218 (83.5912%)
entry 5726000/6845218 (83.6496%)
entry 5728000/6845218 (83.6789%)
entry 5729000/6845218 (83.6935%)
entry 5730000/6845218 (83.7081%)
entry 5734000/6845218 (83.7665%)
entry 5737000/6845218 (83.8103%)
entry 5739000/6845218 (83.8395%)
entry 5740000/6845218 (83.8542%)
entry 5741000/6845218 (83.8688%)
entry 5742000/6845218 (83.8834%)
entry 5745000/6845218 (83.9272%)
entry 5746000/6845218 (83.9418%)
entry 5750000/6845218 (84.0002%)
entry 5751000/6845218 (84.0149%)
entry 5752000/6845218 (84.0295%)
entry 5754000/6845218 (84.0587%)
entry 5756000/6845218 (84.0879%)
entry 5757000/6845218 (84.1025%)
entry 5758000/6845218 (84.1171%)
entry 5759000/6845218 (84.1317%)
entry 5760000/6845218 (84.1463%)
entry 5761000/6845218 (84.1609%)
entry 5762000/6845218 (84.1756%)
entry 5764000/6845218 (84.2048%)
entry 5765000/6845218 (84.2194%)
entry 5767000/6845218 (84.2486%)
entry 5768000/6845218 (84.2632%)
entry 5771000/6845218 (84.307%)
entry 5772000/6845218 (84.3216%)
entry 5773000/6845218 (84.3362%)
entry 5774000/6845218 (84.3509%)
entry 5775000/6845218 (84.3655%)
entry 5776000/6845218 (84.3801%)
entry 5777000/6845218 (84.3947%)
entry 5778000/6845218 (84.4093%)
entry 5780000/6845218 (84.4385%)
entry 5781000/6845218 (84.4531%)
entry 5782000/6845218 (84.4677%)
entry 5783000/6845218 (84.4823%)
entry 5784000/6845218 (84.4969%)
entry 5785000/6845218 (84.5116%)
entry 5786000/6845218 (84.5262%)
entry 5787000/6845218 (84.5408%)
entry 5788000/6845218 (84.5554%)
entry 5789000/6845218 (84.57%)
entry 5790000/6845218 (84.5846%)
entry 5791000/6845218 (84.5992%)
entry 5793000/6845218 (84.6284%)
entry 5794000/6845218 (84.643%)
entry 5795000/6845218 (84.6576%)
entry 5796000/6845218 (84.6722%)
entry 5797000/6845218 (84.6869%)
entry 5799000/6845218 (84.7161%)
entry 5802000/6845218 (84.7599%)
entry 5803000/6845218 (84.7745%)
entry 5805000/6845218 (84.8037%)
entry 5807000/6845218 (84.8329%)
entry 5808000/6845218 (84.8476%)
entry 5812000/6845218 (84.906%)
entry 5813000/6845218 (84.9206%)
entry 5814000/6845218 (84.9352%)
entry 5817000/6845218 (84.979%)
entry 5820000/6845218 (85.0229%)
entry 5822000/6845218 (85.0521%)
entry 5824000/6845218 (85.0813%)
entry 5825000/6845218 (85.0959%)
entry 5826000/6845218 (85.1105%)
entry 5827000/6845218 (85.1251%)
entry 5828000/6845218 (85.1397%)
entry 5829000/6845218 (85.1543%)
entry 5832000/6845218 (85.1982%)
entry 5833000/6845218 (85.2128%)
entry 5835000/6845218 (85.242%)
entry 5836000/6845218 (85.2566%)
entry 5841000/6845218 (85.3296%)
entry 5843000/6845218 (85.3589%)
entry 5844000/6845218 (85.3735%)
entry 5845000/6845218 (85.3881%)
entry 5846000/6845218 (85.4027%)
entry 5847000/6845218 (85.4173%)
entry 5848000/6845218 (85.4319%)
entry 5853000/6845218 (85.5049%)
entry 5855000/6845218 (85.5342%)
entry 5857000/6845218 (85.5634%)
entry 5858000/6845218 (85.578%)
entry 5861000/6845218 (85.6218%)
entry 5863000/6845218 (85.651%)
entry 5864000/6845218 (85.6656%)
entry 5865000/6845218 (85.6803%)
entry 5866000/6845218 (85.6949%)
entry 5867000/6845218 (85.7095%)
entry 5869000/6845218 (85.7387%)
entry 5870000/6845218 (85.7533%)
entry 5871000/6845218 (85.7679%)
entry 5873000/6845218 (85.7971%)
entry 5874000/6845218 (85.8117%)
entry 5875000/6845218 (85.8263%)
entry 5877000/6845218 (85.8556%)
entry 5879000/6845218 (85.8848%)
entry 5882000/6845218 (85.9286%)
entry 5885000/6845218 (85.9724%)
entry 5886000/6845218 (85.987%)
entry 5887000/6845218 (86.0016%)
entry 5888000/6845218 (86.0162%)
entry 5889000/6845218 (86.0309%)
entry 5890000/6845218 (86.0455%)
entry 5891000/6845218 (86.0601%)
entry 5892000/6845218 (86.0747%)
entry 5893000/6845218 (86.0893%)
entry 5895000/6845218 (86.1185%)
entry 5896000/6845218 (86.1331%)
entry 5898000/6845218 (86.1623%)
entry 5900000/6845218 (86.1916%)
entry 5901000/6845218 (86.2062%)
entry 5902000/6845218 (86.2208%)
entry 5904000/6845218 (86.25%)
entry 5905000/6845218 (86.2646%)
entry 5907000/6845218 (86.2938%)
entry 5908000/6845218 (86.3084%)
entry 5910000/6845218 (86.3376%)
entry 5912000/6845218 (86.3669%)
entry 5913000/6845218 (86.3815%)
entry 5914000/6845218 (86.3961%)
entry 5915000/6845218 (86.4107%)
entry 5916000/6845218 (86.4253%)
entry 5917000/6845218 (86.4399%)
entry 5918000/6845218 (86.4545%)
entry 5919000/6845218 (86.4691%)
entry 5921000/6845218 (86.4983%)
entry 5923000/6845218 (86.5276%)
entry 5924000/6845218 (86.5422%)
entry 5927000/6845218 (86.586%)
entry 5928000/6845218 (86.6006%)
entry 5929000/6845218 (86.6152%)
entry 5930000/6845218 (86.6298%)
entry 5932000/6845218 (86.659%)
entry 5934000/6845218 (86.6883%)
entry 5936000/6845218 (86.7175%)
entry 5937000/6845218 (86.7321%)
entry 5938000/6845218 (86.7467%)
entry 5939000/6845218 (86.7613%)
entry 5940000/6845218 (86.7759%)
entry 5943000/6845218 (86.8197%)
entry 5945000/6845218 (86.849%)
entry 5946000/6845218 (86.8636%)
entry 5948000/6845218 (86.8928%)
entry 5951000/6845218 (86.9366%)
entry 5955000/6845218 (86.995%)
entry 5960000/6845218 (87.0681%)
entry 5961000/6845218 (87.0827%)
entry 5962000/6845218 (87.0973%)
entry 5963000/6845218 (87.1119%)
entry 5964000/6845218 (87.1265%)
entry 5965000/6845218 (87.1411%)
entry 5966000/6845218 (87.1557%)
entry 5971000/6845218 (87.2288%)
entry 5973000/6845218 (87.258%)
entry 5975000/6845218 (87.2872%)
entry 5976000/6845218 (87.3018%)
entry 5978000/6845218 (87.331%)
entry 5979000/6845218 (87.3456%)
entry 5982000/6845218 (87.3895%)
entry 5983000/6845218 (87.4041%)
entry 5985000/6845218 (87.4333%)
entry 5986000/6845218 (87.4479%)
entry 5988000/6845218 (87.4771%)
entry 5989000/6845218 (87.4917%)
entry 5990000/6845218 (87.5063%)
entry 5991000/6845218 (87.521%)
entry 5993000/6845218 (87.5502%)
entry 5994000/6845218 (87.5648%)
entry 5995000/6845218 (87.5794%)
entry 5996000/6845218 (87.594%)
entry 5997000/6845218 (87.6086%)
entry 6000000/6845218 (87.6524%)
entry 6001000/6845218 (87.667%)
entry 6003000/6845218 (87.6963%)
entry 6005000/6845218 (87.7255%)
entry 6007000/6845218 (87.7547%)
entry 6009000/6845218 (87.7839%)
entry 6011000/6845218 (87.8131%)
entry 6012000/6845218 (87.8277%)
entry 6013000/6845218 (87.8423%)
entry 6014000/6845218 (87.857%)
entry 6018000/6845218 (87.9154%)
entry 6019000/6845218 (87.93%)
entry 6020000/6845218 (87.9446%)
entry 6024000/6845218 (88.003%)
entry 6025000/6845218 (88.0176%)
entry 6026000/6845218 (88.0323%)
entry 6027000/6845218 (88.0469%)
entry 6028000/6845218 (88.0615%)
entry 6029000/6845218 (88.0761%)
entry 6031000/6845218 (88.1053%)
entry 6033000/6845218 (88.1345%)
entry 6034000/6845218 (88.1491%)
entry 6037000/6845218 (88.193%)
entry 6040000/6845218 (88.2368%)
entry 6041000/6845218 (88.2514%)
entry 6043000/6845218 (88.2806%)
entry 6044000/6845218 (88.2952%)
entry 6045000/6845218 (88.3098%)
entry 6048000/6845218 (88.3537%)
entry 6051000/6845218 (88.3975%)
entry 6052000/6845218 (88.4121%)
entry 6054000/6845218 (88.4413%)
entry 6057000/6845218 (88.4851%)
entry 6058000/6845218 (88.4997%)
entry 6059000/6845218 (88.5143%)
entry 6063000/6845218 (88.5728%)
entry 6064000/6845218 (88.5874%)
entry 6067000/6845218 (88.6312%)
entry 6071000/6845218 (88.6896%)
entry 6073000/6845218 (88.7189%)
entry 6074000/6845218 (88.7335%)
entry 6075000/6845218 (88.7481%)
entry 6076000/6845218 (88.7627%)
entry 6077000/6845218 (88.7773%)
entry 6078000/6845218 (88.7919%)
entry 6079000/6845218 (88.8065%)
entry 6080000/6845218 (88.8211%)
entry 6081000/6845218 (88.8357%)
entry 6083000/6845218 (88.865%)
entry 6084000/6845218 (88.8796%)
entry 6085000/6845218 (88.8942%)
entry 6086000/6845218 (88.9088%)
entry 6087000/6845218 (88.9234%)
entry 6089000/6845218 (88.9526%)
entry 6091000/6845218 (88.9818%)
entry 6092000/6845218 (88.9964%)
entry 6093000/6845218 (89.011%)
entry 6095000/6845218 (89.0403%)
entry 6097000/6845218 (89.0695%)
entry 6098000/6845218 (89.0841%)
entry 6100000/6845218 (89.1133%)
entry 6101000/6845218 (89.1279%)
entry 6102000/6845218 (89.1425%)
entry 6103000/6845218 (89.1571%)
entry 6105000/6845218 (89.1863%)
entry 6106000/6845218 (89.201%)
entry 6107000/6845218 (89.2156%)
entry 6109000/6845218 (89.2448%)
entry 6110000/6845218 (89.2594%)
entry 6111000/6845218 (89.274%)
entry 6112000/6845218 (89.2886%)
entry 6113000/6845218 (89.3032%)
entry 6114000/6845218 (89.3178%)
entry 6115000/6845218 (89.3324%)
entry 6116000/6845218 (89.347%)
entry 6117000/6845218 (89.3617%)
entry 6118000/6845218 (89.3763%)
entry 6120000/6845218 (89.4055%)
entry 6121000/6845218 (89.4201%)
entry 6124000/6845218 (89.4639%)
entry 6125000/6845218 (89.4785%)
entry 6126000/6845218 (89.4931%)
entry 6127000/6845218 (89.5077%)
entry 6129000/6845218 (89.537%)
entry 6130000/6845218 (89.5516%)
entry 6131000/6845218 (89.5662%)
entry 6132000/6845218 (89.5808%)
entry 6133000/6845218 (89.5954%)
entry 6137000/6845218 (89.6538%)
entry 6138000/6845218 (89.6684%)
entry 6139000/6845218 (89.683%)
entry 6141000/6845218 (89.7123%)
entry 6143000/6845218 (89.7415%)
entry 6144000/6845218 (89.7561%)
entry 6145000/6845218 (89.7707%)
entry 6147000/6845218 (89.7999%)
entry 6148000/6845218 (89.8145%)
entry 6150000/6845218 (89.8437%)
entry 6154000/6845218 (89.9022%)
entry 6155000/6845218 (89.9168%)
entry 6156000/6845218 (89.9314%)
entry 6157000/6845218 (89.946%)
entry 6158000/6845218 (89.9606%)
entry 6161000/6845218 (90.0044%)
entry 6165000/6845218 (90.0629%)
entry 6166000/6845218 (90.0775%)
entry 6169000/6845218 (90.1213%)
entry 6171000/6845218 (90.1505%)
entry 6172000/6845218 (90.1651%)
entry 6173000/6845218 (90.1797%)
entry 6174000/6845218 (90.1944%)
entry 6175000/6845218 (90.209%)
entry 6176000/6845218 (90.2236%)
entry 6177000/6845218 (90.2382%)
entry 6178000/6845218 (90.2528%)
entry 6179000/6845218 (90.2674%)
entry 6181000/6845218 (90.2966%)
entry 6182000/6845218 (90.3112%)
entry 6183000/6845218 (90.3258%)
entry 6184000/6845218 (90.3404%)
entry 6185000/6845218 (90.3551%)
entry 6186000/6845218 (90.3697%)
entry 6189000/6845218 (90.4135%)
entry 6191000/6845218 (90.4427%)
entry 6193000/6845218 (90.4719%)
entry 6197000/6845218 (90.5304%)
entry 6198000/6845218 (90.545%)
entry 6199000/6845218 (90.5596%)
entry 6200000/6845218 (90.5742%)
entry 6201000/6845218 (90.5888%)
entry 6202000/6845218 (90.6034%)
entry 6203000/6845218 (90.618%)
entry 6205000/6845218 (90.6472%)
entry 6206000/6845218 (90.6618%)
entry 6207000/6845218 (90.6764%)
entry 6208000/6845218 (90.691%)
entry 6210000/6845218 (90.7203%)
entry 6211000/6845218 (90.7349%)
entry 6213000/6845218 (90.7641%)
entry 6215000/6845218 (90.7933%)
entry 6217000/6845218 (90.8225%)
entry 6218000/6845218 (90.8371%)
entry 6219000/6845218 (90.8517%)
entry 6220000/6845218 (90.8664%)
entry 6223000/6845218 (90.9102%)
entry 6224000/6845218 (90.9248%)
entry 6225000/6845218 (90.9394%)
entry 6226000/6845218 (90.954%)
entry 6227000/6845218 (90.9686%)
entry 6229000/6845218 (90.9978%)
entry 6230000/6845218 (91.0124%)
entry 6232000/6845218 (91.0417%)
entry 6234000/6845218 (91.0709%)
entry 6235000/6845218 (91.0855%)
entry 6236000/6845218 (91.1001%)
entry 6237000/6845218 (91.1147%)
entry 6239000/6845218 (91.1439%)
entry 6240000/6845218 (91.1585%)
entry 6242000/6845218 (91.1877%)
entry 6243000/6845218 (91.2024%)
entry 6244000/6845218 (91.217%)
entry 6246000/6845218 (91.2462%)
entry 6247000/6845218 (91.2608%)
entry 6251000/6845218 (91.3192%)
entry 6252000/6845218 (91.3338%)
entry 6254000/6845218 (91.363%)
entry 6255000/6845218 (91.3777%)
entry 6256000/6845218 (91.3923%)
entry 6257000/6845218 (91.4069%)
entry 6259000/6845218 (91.4361%)
entry 6260000/6845218 (91.4507%)
entry 6261000/6845218 (91.4653%)
entry 6262000/6845218 (91.4799%)
entry 6264000/6845218 (91.5091%)
entry 6266000/6845218 (91.5384%)
entry 6267000/6845218 (91.553%)
entry 6268000/6845218 (91.5676%)
entry 6271000/6845218 (91.6114%)
entry 6273000/6845218 (91.6406%)
entry 6274000/6845218 (91.6552%)
entry 6275000/6845218 (91.6698%)
entry 6277000/6845218 (91.6991%)
entry 6278000/6845218 (91.7137%)
entry 6279000/6845218 (91.7283%)
entry 6286000/6845218 (91.8305%)
entry 6287000/6845218 (91.8451%)
entry 6290000/6845218 (91.889%)
entry 6293000/6845218 (91.9328%)
entry 6294000/6845218 (91.9474%)
entry 6295000/6845218 (91.962%)
entry 6296000/6845218 (91.9766%)
entry 6298000/6845218 (92.0058%)
entry 6299000/6845218 (92.0204%)
entry 6300000/6845218 (92.0351%)
entry 6304000/6845218 (92.0935%)
entry 6308000/6845218 (92.1519%)
entry 6309000/6845218 (92.1665%)
entry 6310000/6845218 (92.1811%)
entry 6311000/6845218 (92.1957%)
entry 6313000/6845218 (92.225%)
entry 6315000/6845218 (92.2542%)
entry 6316000/6845218 (92.2688%)
entry 6317000/6845218 (92.2834%)
entry 6318000/6845218 (92.298%)
entry 6322000/6845218 (92.3564%)
entry 6324000/6845218 (92.3857%)
entry 6326000/6845218 (92.4149%)
entry 6327000/6845218 (92.4295%)
entry 6328000/6845218 (92.4441%)
entry 6329000/6845218 (92.4587%)
entry 6330000/6845218 (92.4733%)
entry 6331000/6845218 (92.4879%)
entry 6332000/6845218 (92.5025%)
entry 6333000/6845218 (92.5171%)
entry 6334000/6845218 (92.5318%)
entry 6335000/6845218 (92.5464%)
entry 6336000/6845218 (92.561%)
entry 6337000/6845218 (92.5756%)
entry 6338000/6845218 (92.5902%)
entry 6340000/6845218 (92.6194%)
entry 6347000/6845218 (92.7217%)
entry 6348000/6845218 (92.7363%)
entry 6349000/6845218 (92.7509%)
entry 6350000/6845218 (92.7655%)
entry 6351000/6845218 (92.7801%)
entry 6352000/6845218 (92.7947%)
entry 6353000/6845218 (92.8093%)
entry 6354000/6845218 (92.8239%)
entry 6355000/6845218 (92.8385%)
entry 6357000/6845218 (92.8677%)
entry 6358000/6845218 (92.8824%)
entry 6359000/6845218 (92.897%)
entry 6361000/6845218 (92.9262%)
entry 6363000/6845218 (92.9554%)
entry 6365000/6845218 (92.9846%)
entry 6367000/6845218 (93.0138%)
entry 6369000/6845218 (93.0431%)
entry 6371000/6845218 (93.0723%)
entry 6372000/6845218 (93.0869%)
entry 6373000/6845218 (93.1015%)
entry 6374000/6845218 (93.1161%)
entry 6377000/6845218 (93.1599%)
entry 6378000/6845218 (93.1745%)
entry 6379000/6845218 (93.1891%)
entry 6380000/6845218 (93.2038%)
entry 6381000/6845218 (93.2184%)
entry 6382000/6845218 (93.233%)
entry 6383000/6845218 (93.2476%)
entry 6386000/6845218 (93.2914%)
entry 6387000/6845218 (93.306%)
entry 6389000/6845218 (93.3352%)
entry 6390000/6845218 (93.3498%)
entry 6391000/6845218 (93.3644%)
entry 6392000/6845218 (93.3791%)
entry 6393000/6845218 (93.3937%)
entry 6394000/6845218 (93.4083%)
entry 6395000/6845218 (93.4229%)
entry 6396000/6845218 (93.4375%)
entry 6397000/6845218 (93.4521%)
entry 6400000/6845218 (93.4959%)
entry 6401000/6845218 (93.5105%)
entry 6402000/6845218 (93.5251%)
entry 6403000/6845218 (93.5398%)
entry 6405000/6845218 (93.569%)
entry 6406000/6845218 (93.5836%)
entry 6410000/6845218 (93.642%)
entry 6414000/6845218 (93.7005%)
entry 6415000/6845218 (93.7151%)
entry 6417000/6845218 (93.7443%)
entry 6418000/6845218 (93.7589%)
entry 6422000/6845218 (93.8173%)
entry 6424000/6845218 (93.8465%)
entry 6427000/6845218 (93.8904%)
entry 6428000/6845218 (93.905%)
entry 6429000/6845218 (93.9196%)
entry 6430000/6845218 (93.9342%)
entry 6432000/6845218 (93.9634%)
entry 6433000/6845218 (93.978%)
entry 6434000/6845218 (93.9926%)
entry 6437000/6845218 (94.0364%)
entry 6438000/6845218 (94.0511%)
entry 6439000/6845218 (94.0657%)
entry 6441000/6845218 (94.0949%)
entry 6443000/6845218 (94.1241%)
entry 6444000/6845218 (94.1387%)
entry 6445000/6845218 (94.1533%)
entry 6447000/6845218 (94.1825%)
entry 6448000/6845218 (94.1971%)
entry 6449000/6845218 (94.2118%)
entry 6450000/6845218 (94.2264%)
entry 6451000/6845218 (94.241%)
entry 6453000/6845218 (94.2702%)
entry 6455000/6845218 (94.2994%)
entry 6457000/6845218 (94.3286%)
entry 6458000/6845218 (94.3432%)
entry 6460000/6845218 (94.3725%)
entry 6462000/6845218 (94.4017%)
entry 6463000/6845218 (94.4163%)
entry 6464000/6845218 (94.4309%)
entry 6468000/6845218 (94.4893%)
entry 6469000/6845218 (94.5039%)
entry 6471000/6845218 (94.5331%)
entry 6472000/6845218 (94.5478%)
entry 6473000/6845218 (94.5624%)
entry 6475000/6845218 (94.5916%)
entry 6476000/6845218 (94.6062%)
entry 6477000/6845218 (94.6208%)
entry 6478000/6845218 (94.6354%)
entry 6479000/6845218 (94.65%)
entry 6480000/6845218 (94.6646%)
entry 6483000/6845218 (94.7085%)
entry 6484000/6845218 (94.7231%)
entry 6488000/6845218 (94.7815%)
entry 6489000/6845218 (94.7961%)
entry 6490000/6845218 (94.8107%)
entry 6493000/6845218 (94.8545%)
entry 6495000/6845218 (94.8838%)
entry 6496000/6845218 (94.8984%)
entry 6497000/6845218 (94.913%)
entry 6500000/6845218 (94.9568%)
entry 6501000/6845218 (94.9714%)
entry 6503000/6845218 (95.0006%)
entry 6504000/6845218 (95.0152%)
entry 6506000/6845218 (95.0445%)
entry 6507000/6845218 (95.0591%)
entry 6509000/6845218 (95.0883%)
entry 6511000/6845218 (95.1175%)
entry 6512000/6845218 (95.1321%)
entry 6514000/6845218 (95.1613%)
entry 6517000/6845218 (95.2051%)
entry 6518000/6845218 (95.2198%)
entry 6519000/6845218 (95.2344%)
entry 6520000/6845218 (95.249%)
entry 6522000/6845218 (95.2782%)
entry 6523000/6845218 (95.2928%)
entry 6524000/6845218 (95.3074%)
entry 6525000/6845218 (95.322%)
entry 6528000/6845218 (95.3658%)
entry 6529000/6845218 (95.3805%)
entry 6531000/6845218 (95.4097%)
entry 6534000/6845218 (95.4535%)
entry 6535000/6845218 (95.4681%)
entry 6536000/6845218 (95.4827%)
entry 6539000/6845218 (95.5265%)
entry 6541000/6845218 (95.5558%)
entry 6542000/6845218 (95.5704%)
entry 6543000/6845218 (95.585%)
entry 6544000/6845218 (95.5996%)
entry 6546000/6845218 (95.6288%)
entry 6547000/6845218 (95.6434%)
entry 6549000/6845218 (95.6726%)
entry 6550000/6845218 (95.6872%)
entry 6551000/6845218 (95.7018%)
entry 6552000/6845218 (95.7165%)
entry 6553000/6845218 (95.7311%)
entry 6554000/6845218 (95.7457%)
entry 6555000/6845218 (95.7603%)
entry 6556000/6845218 (95.7749%)
entry 6558000/6845218 (95.8041%)
entry 6559000/6845218 (95.8187%)
entry 6561000/6845218 (95.8479%)
entry 6562000/6845218 (95.8625%)
entry 6563000/6845218 (95.8772%)
entry 6564000/6845218 (95.8918%)
entry 6565000/6845218 (95.9064%)
entry 6566000/6845218 (95.921%)
entry 6567000/6845218 (95.9356%)
entry 6569000/6845218 (95.9648%)
entry 6571000/6845218 (95.994%)
entry 6574000/6845218 (96.0378%)
entry 6575000/6845218 (96.0525%)
entry 6576000/6845218 (96.0671%)
entry 6578000/6845218 (96.0963%)
entry 6580000/6845218 (96.1255%)
entry 6581000/6845218 (96.1401%)
entry 6582000/6845218 (96.1547%)
entry 6584000/6845218 (96.1839%)
entry 6585000/6845218 (96.1985%)
entry 6587000/6845218 (96.2278%)
entry 6590000/6845218 (96.2716%)
entry 6591000/6845218 (96.2862%)
entry 6592000/6845218 (96.3008%)
entry 6594000/6845218 (96.33%)
entry 6595000/6845218 (96.3446%)
entry 6596000/6845218 (96.3592%)
entry 6598000/6845218 (96.3885%)
entry 6600000/6845218 (96.4177%)
entry 6601000/6845218 (96.4323%)
entry 6602000/6845218 (96.4469%)
entry 6605000/6845218 (96.4907%)
entry 6608000/6845218 (96.5345%)
entry 6609000/6845218 (96.5492%)
entry 6610000/6845218 (96.5638%)
entry 6613000/6845218 (96.6076%)
entry 6614000/6845218 (96.6222%)
entry 6615000/6845218 (96.6368%)
entry 6617000/6845218 (96.666%)
entry 6618000/6845218 (96.6806%)
entry 6619000/6845218 (96.6952%)
entry 6620000/6845218 (96.7098%)
entry 6621000/6845218 (96.7245%)
entry 6622000/6845218 (96.7391%)
entry 6623000/6845218 (96.7537%)
entry 6625000/6845218 (96.7829%)
entry 6626000/6845218 (96.7975%)
entry 6627000/6845218 (96.8121%)
entry 6629000/6845218 (96.8413%)
entry 6630000/6845218 (96.8559%)
entry 6631000/6845218 (96.8705%)
entry 6632000/6845218 (96.8852%)
entry 6633000/6845218 (96.8998%)
entry 6637000/6845218 (96.9582%)
entry 6638000/6845218 (96.9728%)
entry 6640000/6845218 (97.002%)
entry 6642000/6845218 (97.0312%)
entry 6644000/6845218 (97.0605%)
entry 6647000/6845218 (97.1043%)
entry 6648000/6845218 (97.1189%)
entry 6649000/6845218 (97.1335%)
entry 6650000/6845218 (97.1481%)
entry 6651000/6845218 (97.1627%)
entry 6652000/6845218 (97.1773%)
entry 6653000/6845218 (97.1919%)
entry 6654000/6845218 (97.2065%)
entry 6655000/6845218 (97.2212%)
entry 6656000/6845218 (97.2358%)
entry 6659000/6845218 (97.2796%)
entry 6660000/6845218 (97.2942%)
entry 6662000/6845218 (97.3234%)
entry 6667000/6845218 (97.3965%)
entry 6670000/6845218 (97.4403%)
entry 6671000/6845218 (97.4549%)
entry 6676000/6845218 (97.5279%)
entry 6677000/6845218 (97.5425%)
entry 6678000/6845218 (97.5572%)
entry 6679000/6845218 (97.5718%)
entry 6680000/6845218 (97.5864%)
entry 6681000/6845218 (97.601%)
entry 6682000/6845218 (97.6156%)
entry 6683000/6845218 (97.6302%)
entry 6684000/6845218 (97.6448%)
entry 6685000/6845218 (97.6594%)
entry 6686000/6845218 (97.674%)
entry 6687000/6845218 (97.6886%)
entry 6688000/6845218 (97.7032%)
entry 6689000/6845218 (97.7179%)
entry 6690000/6845218 (97.7325%)
entry 6691000/6845218 (97.7471%)
entry 6693000/6845218 (97.7763%)
entry 6694000/6845218 (97.7909%)
entry 6695000/6845218 (97.8055%)
entry 6696000/6845218 (97.8201%)
entry 6697000/6845218 (97.8347%)
entry 6698000/6845218 (97.8493%)
entry 6699000/6845218 (97.8639%)
entry 6700000/6845218 (97.8785%)
entry 6701000/6845218 (97.8932%)
entry 6702000/6845218 (97.9078%)
entry 6703000/6845218 (97.9224%)
entry 6706000/6845218 (97.9662%)
entry 6708000/6845218 (97.9954%)
entry 6710000/6845218 (98.0246%)
entry 6711000/6845218 (98.0392%)
entry 6713000/6845218 (98.0685%)
entry 6717000/6845218 (98.1269%)
entry 6718000/6845218 (98.1415%)
entry 6720000/6845218 (98.1707%)
entry 6721000/6845218 (98.1853%)
entry 6722000/6845218 (98.1999%)
entry 6723000/6845218 (98.2145%)
entry 6726000/6845218 (98.2584%)
entry 6727000/6845218 (98.273%)
entry 6728000/6845218 (98.2876%)
entry 6729000/6845218 (98.3022%)
entry 6731000/6845218 (98.3314%)
entry 6732000/6845218 (98.346%)
entry 6733000/6845218 (98.3606%)
entry 6734000/6845218 (98.3752%)
entry 6736000/6845218 (98.4045%)
entry 6738000/6845218 (98.4337%)
entry 6739000/6845218 (98.4483%)
entry 6740000/6845218 (98.4629%)
entry 6741000/6845218 (98.4775%)
entry 6743000/6845218 (98.5067%)
entry 6745000/6845218 (98.5359%)
entry 6746000/6845218 (98.5506%)
entry 6747000/6845218 (98.5652%)
entry 6748000/6845218 (98.5798%)
entry 6751000/6845218 (98.6236%)
entry 6752000/6845218 (98.6382%)
entry 6753000/6845218 (98.6528%)
entry 6755000/6845218 (98.682%)
entry 6757000/6845218 (98.7112%)
entry 6758000/6845218 (98.7259%)
entry 6759000/6845218 (98.7405%)
entry 6762000/6845218 (98.7843%)
entry 6764000/6845218 (98.8135%)
entry 6765000/6845218 (98.8281%)
entry 6766000/6845218 (98.8427%)
entry 6767000/6845218 (98.8573%)
entry 6768000/6845218 (98.8719%)
entry 6770000/6845218 (98.9012%)
entry 6771000/6845218 (98.9158%)
entry 6773000/6845218 (98.945%)
entry 6774000/6845218 (98.9596%)
entry 6775000/6845218 (98.9742%)
entry 6776000/6845218 (98.9888%)
entry 6778000/6845218 (99.018%)
entry 6779000/6845218 (99.0326%)
entry 6780000/6845218 (99.0472%)
entry 6782000/6845218 (99.0765%)
entry 6783000/6845218 (99.0911%)
entry 6784000/6845218 (99.1057%)
entry 6785000/6845218 (99.1203%)
entry 6787000/6845218 (99.1495%)
entry 6790000/6845218 (99.1933%)
entry 6794000/6845218 (99.2518%)
entry 6795000/6845218 (99.2664%)
entry 6796000/6845218 (99.281%)
entry 6799000/6845218 (99.3248%)
entry 6800000/6845218 (99.3394%)
entry 6803000/6845218 (99.3832%)
entry 6804000/6845218 (99.3979%)
entry 6805000/6845218 (99.4125%)
entry 6806000/6845218 (99.4271%)
entry 6808000/6845218 (99.4563%)
entry 6809000/6845218 (99.4709%)
entry 6812000/6845218 (99.5147%)
entry 6813000/6845218 (99.5293%)
entry 6814000/6845218 (99.5439%)
entry 6817000/6845218 (99.5878%)
entry 6818000/6845218 (99.6024%)
entry 6820000/6845218 (99.6316%)
entry 6821000/6845218 (99.6462%)
entry 6822000/6845218 (99.6608%)
entry 6824000/6845218 (99.69%)
entry 6825000/6845218 (99.7046%)
entry 6826000/6845218 (99.7193%)
entry 6827000/6845218 (99.7339%)
entry 6830000/6845218 (99.7777%)
entry 6831000/6845218 (99.7923%)
entry 6832000/6845218 (99.8069%)
entry 6834000/6845218 (99.8361%)
entry 6835000/6845218 (99.8507%)
entry 6837000/6845218 (99.8799%)
entry 6838000/6845218 (99.8946%)
entry 6839000/6845218 (99.9092%)
entry 6840000/6845218 (99.9238%)
entry 6842000/6845218 (99.953%)
entry 6844000/6845218 (99.9822%)
entry 6845000/6845218 (99.9968%)
all done
script done
