sphnx1132.sdcc.bnl.gov
rsyncing from /gpfs/mnt/gpfs02/sphenix/user/samfred/run25/ppg11/histmaking
running: /gpfs/mnt/gpfs02/sphenix/user/samfred/run25/ppg11/histmaking/script_data.sh 52540
LD_LIBRARY_PATH now /sphenix/user/samfred/run25/install//lib:/cvmfs/sphenix.sdcc.bnl.gov/alma9.2-gcc-14.2.0/opt/sphenix/core/gcc/14.2.0-2f0a0/x86_64-el9/lib:/cvmfs/sphenix.sdcc.bnl.gov/alma9.2-gcc-14.2.0/opt/sphenix/core/gcc/14.2.0-2f0a0/x86_64-el9/lib64:/cvmfs/sphenix.sdcc.bnl.gov/alma9.2-gcc-14.2.0/opt/sphenix/core/binutils/2.40-acaab/x86_64-el9/lib:.:/cvmfs/sphenix.sdcc.bnl.gov/alma9.2-gcc-14.2.0/release/release_new/new.10/lib64:/cvmfs/sphenix.sdcc.bnl.gov/alma9.2-gcc-14.2.0/release/release_new/new.10/lib:/cvmfs/sphenix.sdcc.bnl.gov/alma9.2-gcc-14.2.0/opt/sphenix/utils/lib:/cvmfs/sphenix.sdcc.bnl.gov/alma9.2-gcc-14.2.0/opt/sphenix/core/lib:/cvmfs/sphenix.sdcc.bnl.gov/alma9.2-gcc-14.2.0/opt/sphenix/core/root-6.32.06/lib:/cvmfs/sphenix.sdcc.bnl.gov/alma9.2-gcc-14.2.0/opt/sphenix/core/geant4.10.07.p04/lib64:/cvmfs/sphenix.sdcc.bnl.gov/alma9.2-gcc-14.2.0/opt/sphenix/core/lhapdf-5.9.1/lib:/usr/local/lib64:/usr/lib64
PATH now /sphenix/user/samfred/run25/install//bin:/cvmfs/sphenix.sdcc.bnl.gov/alma9.2-gcc-14.2.0/opt/sphenix/core/gcc/14.2.0-2f0a0/x86_64-el9/bin:/cvmfs/sphenix.sdcc.bnl.gov/alma9.2-gcc-14.2.0/opt/sphenix/core/binutils/2.40-acaab/x86_64-el9/bin:.:/cvmfs/sphenix.sdcc.bnl.gov/alma9.2-gcc-14.2.0/release/release_new/new.10/bin:/cvmfs/sphenix.sdcc.bnl.gov/alma9.2-gcc-14.2.0/opt/sphenix/utils/bin:/cvmfs/sphenix.sdcc.bnl.gov/alma9.2-gcc-14.2.0/opt/sphenix/core/bin:/cvmfs/sphenix.sdcc.bnl.gov/alma9.2-gcc-14.2.0/opt/sphenix/core/root-6.32.06/bin:/cvmfs/sphenix.sdcc.bnl.gov/alma9.2-gcc-14.2.0/opt/sphenix/core/geant4.10.07.p04/bin:/usr/local/bin:/usr/bin:/usr/local/sbin:/usr/sbin
SINGULARITY_CACHEDIR=/home/condor/local/sphnx/execute/dir_2731563
_CONDOR_CHIRP_CONFIG=/home/condor/local/sphnx/execute/dir_2731563/.chirp.config
_CONDOR_JOB_IWD=/sphenix/user/samfred/run25/ppg11/histmaking
G4ENSDFSTATEDATA=/cvmfs/sphenix.sdcc.bnl.gov/alma9.2-gcc-14.2.0/opt/sphenix/core/geant4.10.07.p04/share/Geant4-10.7.4/data/G4ENSDFSTATE2.3
_CONDOR_MACHINE_AD=/home/condor/local/sphnx/execute/dir_2731563/.machine.ad
ROOT_MAX_THREADS=1
NUMEXPR_NUM_THREADS=1
CUBACORES=1
_CHIRP_DELAYED_UPDATE_PREFIX=Chirp*
OMP_THREAD_LIMIT=1
G4PIIDATA=/cvmfs/sphenix.sdcc.bnl.gov/alma9.2-gcc-14.2.0/opt/sphenix/core/geant4.10.07.p04/share/Geant4-10.7.4/data/G4PII1.3
NO_AT_BRIDGE=1
G4_MAIN=/cvmfs/sphenix.sdcc.bnl.gov/alma9.2-gcc-14.2.0/opt/sphenix/core/geant4.10.07.p04
COMPILER_PATH=/cvmfs/sphenix.sdcc.bnl.gov/alma9.2-gcc-14.2.0/opt/sphenix/core/gcc/14.2.0-2f0a0/x86_64-el9
ROOT_INCLUDE_PATH=./:/sphenix/user/samfred/run25/install//include:/sphenix/user/samfred/run25/install//include/caloana:/sphenix/user/samfred/run25/install//include/qa_centrality:/sphenix/user/samfred/run25/install//include/mbdana:/sphenix/user/samfred/run25/install//include/centrality:/sphenix/user/samfred/run25/install//include/Event:/cvmfs/sphenix.sdcc.bnl.gov/alma9.2-gcc-14.2.0/release/release_new/new.10/include:/cvmfs/sphenix.sdcc.bnl.gov/alma9.2-gcc-14.2.0/release/release_new/new.10/include:/cvmfs/sphenix.sdcc.bnl.gov/alma9.2-gcc-14.2.0/release/release_new/new.10/include/g4mbd:/cvmfs/sphenix.sdcc.bnl.gov/alma9.2-gcc-14.2.0/release/release_new/new.10/include/fmt:/cvmfs/sphenix.sdcc.bnl.gov/alma9.2-gcc-14.2.0/release/release_new/new.10/include/ffarawobjects:/cvmfs/sphenix.sdcc.bnl.gov/alma9.2-gcc-14.2.0/release/release_new/new.10/include/JSON:/cvmfs/sphenix.sdcc.bnl.gov/alma9.2-gcc-14.2.0/release/release_new/new.10/include/calotreegen:/cvmfs/sphenix.sdcc.bnl.gov/alma9.2-gcc-14.2.0/release/release_new/new.10/include/torch:/cvmfs/sphenix.sdcc.bnl.gov/alma9.2-gcc-14.2.0/release/release_new/new.10/include/g4detectors:/cvmfs/sphenix.sdcc.bnl.gov/alma9.2-gcc-14.2.0/release/release_new/new.10/include/kineto:/cvmfs/sphenix.sdcc.bnl.gov/alma9.2-gcc-14.2.0/release/release_new/new.10/include/g4decayer:/cvmfs/sphenix.sdcc.bnl.gov/alma9.2-gcc-14.2.0/release/release_new/new.10/include/kfparticleqa:/cvmfs/sphenix.sdcc.bnl.gov/alma9.2-gcc-14.2.0/release/release_new/new.10/include/phfield:/cvmfs/sphenix.sdcc.bnl.gov/alma9.2-gcc-14.2.0/release/release_new/new.10/include/LHAPDF:/cvmfs/sphenix.sdcc.bnl.gov/alma9.2-gcc-14.2.0/release/release_new/new.10/include/readdigitalcurrents:/cvmfs/sphenix.sdcc.bnl.gov/alma9.2-gcc-14.2.0/release/release_new/new.10/include/c10:/cvmfs/sphenix.sdcc.bnl.gov/alma9.2-gcc-14.2.0/release/release_new/new.10/include/calovalid:/cvmfs/sphenix.sdcc.bnl.gov/alma9.2-gcc-14.2.0/release/release_new/new.10/include/oneapi:/cvmfs/sphenix.sdcc.bnl.gov/alma9.2-gcc-14.2.0/release/release_new/new.10/include/DDCond:/cvmfs/sphenix.sdcc.bnl.gov/alma9.2-gcc-14.2.0/release/release_new/new.10/include/g4tracking:/cvmfs/sphenix.sdcc.bnl.gov/alma9.2-gcc-14.2.0/release/release_new/new.10/include/litecaloeval:/cvmfs/sphenix.sdcc.bnl.gov/alma9.2-gcc-14.2.0/release/release_new/new.10/include/g4intt:/cvmfs/sphenix.sdcc.bnl.gov/alma9.2-gcc-14.2.0/release/release_new/new.10/include/phool:/cvmfs/sphenix.sdcc.bnl.gov/alma9.2-gcc-14.2.0/release/release_new/new.10/include/boost:/cvmfs/sphenix.sdcc.bnl.gov/alma9.2-gcc-14.2.0/release/release_new/new.10/include/Pythia8Plugins:/cvmfs/sphenix.sdcc.bnl.gov/alma9.2-gcc-14.2.0/release/release_new/new.10/include/calib_emc_pi0:/cvmfs/sphenix.sdcc.bnl.gov/alma9.2-gcc-14.2.0/release/release_new/new.10/include/hijingflipafterburner:/cvmfs/sphenix.sdcc.bnl.gov/alma9.2-gcc-14.2.0/release/release_new/new.10/include/ffaobjects:/cvmfs/sphenix.sdcc.bnl.gov/alma9.2-gcc-14.2.0/release/release_new/new.10/include/EvtGenBase:/cvmfs/sphenix.sdcc.bnl.gov/alma9.2-gcc-14.2.0/release/release_new/new.10/include/flowafterburner:/cvmfs/sphenix.sdcc.bnl.gov/alma9.2-gcc-14.2.0/release/release_new/new.10/include/google:/cvmfs/sphenix.sdcc.bnl.gov/alma9.2-gcc-14.2.0/release/release_new/new.10/include/g4tpc:/cvmfs/sphenix.sdcc.bnl.gov/alma9.2-gcc-14.2.0/release/release_new/new.10/include/caffe2:/cvmfs/sphenix.sdcc.bnl.gov/alma9.2-gcc-14.2.0/release/release_new/new.10/include/EvtGenExternal:/cvmfs/sphenix.sdcc.bnl.gov/alma9.2-gcc-14.2.0/release/release_new/new.10/include/fp16:/cvmfs/sphenix.sdcc.bnl.gov/alma9.2-gcc-14.2.0/release/release_new/new.10/include/ffamodules:/cvmfs/sphenix.sdcc.bnl.gov/alma9.2-gcc-14.2.0/release/release_new/new.10/include/uspin:/cvmfs/sphenix.sdcc.bnl.gov/alma9.2-gcc-14.2.0/release/release_new/new.10/include/Herwig:/cvmfs/sphenix.sdcc.bnl.gov/alma9.2-gcc-14.2.0/release/release_new/new.10/include/genfitexp:/cvmfs/sphenix.sdcc.bnl.gov/alma9.2-gcc-14.2.0/release/release_new/new.10/include/XML:/cvmfs/sphenix.sdcc.bnl.gov/alma9.2-gcc-14.2.0/release/release_new/new.10/include/fbgemm:/cvmfs/sphenix.sdcc.bnl.gov/alma9.2-gcc-14.2.0/release/release_new/new.10/include/DDAlign:/cvmfs/sphenix.sdcc.bnl.gov/alma9.2-gcc-14.2.0/release/release_new/new.10/include/g4mvtx:/cvmfs/sphenix.sdcc.bnl.gov/alma9.2-gcc-14.2.0/release/release_new/new.10/include/kfparticle_sphenix:/cvmfs/sphenix.sdcc.bnl.gov/alma9.2-gcc-14.2.0/release/release_new/new.10/include/fun4all:/cvmfs/sphenix.sdcc.bnl.gov/alma9.2-gcc-14.2.0/release/release_new/new.10/include/intt:/cvmfs/sphenix.sdcc.bnl.gov/alma9.2-gcc-14.2.0/release/release_new/new.10/include/eventdisplay:/cvmfs/sphenix.sdcc.bnl.gov/alma9.2-gcc-14.2.0/release/release_new/new.10/include/EvtGen:/cvmfs/sphenix.sdcc.bnl.gov/alma9.2-gcc-14.2.0/release/release_new/new.10/include/Evaluator:/cvmfs/sphenix.sdcc.bnl.gov/alma9.2-gcc-14.2.0/release/release_new/new.10/include/tpc:/cvmfs/sphenix.sdcc.bnl.gov/alma9.2-gcc-14.2.0/release/release_new/new.10/include/GenFit:/cvmfs/sphenix.sdcc.bnl.gov/alma9.2-gcc-14.2.0/release/release_new/new.10/include/prototype4:/cvmfs/sphenix.sdcc.bnl.gov/alma9.2-gcc-14.2.0/release/release_new/new.10/include/caloembedding:/cvmfs/sphenix.sdcc.bnl.gov/alma9.2-gcc-14.2.0/release/release_new/new.10/include/EvtGenModels:/cvmfs/sphenix.sdcc.bnl.gov/alma9.2-gcc-14.2.0/release/release_new/new.10/include/fastjet:/cvmfs/sphenix.sdcc.bnl.gov/alma9.2-gcc-14.2.0/release/release_new/new.10/include/DDG4:/cvmfs/sphenix.sdcc.bnl.gov/alma9.2-gcc-14.2.0/release/release_new/new.10/include/mbd:/cvmfs/sphenix.sdcc.bnl.gov/alma9.2-gcc-14.2.0/release/release_new/new.10/include/tbb:/cvmfs/sphenix.sdcc.bnl.gov/alma9.2-gcc-14.2.0/release/release_new/new.10/include/phgeom:/cvmfs/sphenix.sdcc.bnl.gov/alma9.2-gcc-14.2.0/release/release_new/new.10/include/g4epd:/cvmfs/sphenix.sdcc.bnl.gov/alma9.2-gcc-14.2.0/release/release_new/new.10/include/oncal:/cvmfs/sphenix.sdcc.bnl.gov/alma9.2-gcc-14.2.0/release/release_new/new.10/include/pybind11:/cvmfs/sphenix.sdcc.bnl.gov/alma9.2-gcc-14.2.0/release/release_new/new.10/include/tpcdistgenerator:/cvmfs/sphenix.sdcc.bnl.gov/alma9.2-gcc-14.2.0/release/release_new/new.10/include/cdbobjects:/cvmfs/sphenix.sdcc.bnl.gov/alma9.2-gcc-14.2.0/release/release_new/new.10/include/g4micromegas:/cvmfs/sphenix.sdcc.bnl.gov/alma9.2-gcc-14.2.0/release/release_new/new.10/include/g4eval:/cvmfs/sphenix.sdcc.bnl.gov/alma9.2-gcc-14.2.0/release/release_new/new.10/include/jetbackground:/cvmfs/sphenix.sdcc.bnl.gov/alma9.2-gcc-14.2.0/release/release_new/new.10/include/micromegas:/cvmfs/sphenix.sdcc.bnl.gov/alma9.2-gcc-14.2.0/release/release_new/new.10/include/hftrackefficiency:/cvmfs/sphenix.sdcc.bnl.gov/alma9.2-gcc-14.2.0/release/release_new/new.10/include/inttrawhitqa:/cvmfs/sphenix.sdcc.bnl.gov/alma9.2-gcc-14.2.0/release/release_new/new.10/include/centrality:/cvmfs/sphenix.sdcc.bnl.gov/alma9.2-gcc-14.2.0/release/release_new/new.10/include/epd:/cvmfs/sphenix.sdcc.bnl.gov/alma9.2-gcc-14.2.0/release/release_new/new.10/include/caloreco:/cvmfs/sphenix.sdcc.bnl.gov/alma9.2-gcc-14.2.0/release/release_new/new.10/include/HepMC:/cvmfs/sphenix.sdcc.bnl.gov/alma9.2-gcc-14.2.0/release/release_new/new.10/include/CLHEP:/cvmfs/sphenix.sdcc.bnl.gov/alma9.2-gcc-14.2.0/release/release_new/new.10/include/Acts:/cvmfs/sphenix.sdcc.bnl.gov/alma9.2-gcc-14.2.0/release/release_new/new.10/include/g4histos:/cvmfs/sphenix.sdcc.bnl.gov/alma9.2-gcc-14.2.0/release/release_new/new.10/include/eventplaneinfo:/cvmfs/sphenix.sdcc.bnl.gov/alma9.2-gcc-14.2.0/release/release_new/new.10/include/fillspacechargemaps:/cvmfs/sphenix.sdcc.bnl.gov/alma9.2-gcc-14.2.0/release/release_new/new.10/include/phhepmc:/cvmfs/sphenix.sdcc.bnl.gov/alma9.2-gcc-14.2.0/release/release_new/new.10/include/trackingqa:/cvmfs/sphenix.sdcc.bnl.gov/alma9.2-gcc-14.2.0/release/release_new/new.10/include/qautils:/cvmfs/sphenix.sdcc.bnl.gov/alma9.2-gcc-14.2.0/release/release_new/new.10/include/trackreco:/cvmfs/sphenix.sdcc.bnl.gov/alma9.2-gcc-14.2.0/release/release_new/new.10/include/g4ohcal:/cvmfs/sphenix.sdcc.bnl.gov/alma9.2-gcc-14.2.0/release/release_new/new.10/include/tpcdvcalib:/cvmfs/sphenix.sdcc.bnl.gov/alma9.2-gcc-14.2.0/release/release_new/new.10/include/zdcinfo:/cvmfs/sphenix.sdcc.bnl.gov/alma9.2-gcc-14.2.0/release/release_new/new.10/include/phpythia8:/cvmfs/sphenix.sdcc.bnl.gov/alma9.2-gcc-14.2.0/release/release_new/new.10/include/fun4allutils:/cvmfs/sphenix.sdcc.bnl.gov/alma9.2-gcc-14.2.0/release/release_new/new.10/include/tpcqa:/cvmfs/sphenix.sdcc.bnl.gov/alma9.2-gcc-14.2.0/release/release_new/new.10/include/Pythia8:/cvmfs/sphenix.sdcc.bnl.gov/alma9.2-gcc-14.2.0/release/release_new/new.10/include/DDRec:/cvmfs/sphenix.sdcc.bnl.gov/alma9.2-gcc-14.2.0/release/release_new/new.10/include/DDDigi:/cvmfs/sphenix.sdcc.bnl.gov/alma9.2-gcc-14.2.0/release/release_new/new.10/include/g4ihcal:/cvmfs/sphenix.sdcc.bnl.gov/alma9.2-gcc-14.2.0/release/release_new/new.10/include/frog:/cvmfs/sphenix.sdcc.bnl.gov/alma9.2-gcc-14.2.0/release/release_new/new.10/include/eigen3:/cvmfs/sphenix.sdcc.bnl.gov/alma9.2-gcc-14.2.0/release/release_new/new.10/include/tensorpipe:/cvmfs/sphenix.sdcc.bnl.gov/alma9.2-gcc-14.2.0/release/release_new/new.10/include/sphenixnpc:/cvmfs/sphenix.sdcc.bnl.gov/alma9.2-gcc-14.2.0/release/release_new/new.10/include/siscone:/cvmfs/sphenix.sdcc.bnl.gov/alma9.2-gcc-14.2.0/release/release_new/new.10/include/pmonitor:/cvmfs/sphenix.sdcc.bnl.gov/alma9.2-gcc-14.2.0/release/release_new/new.10/include/calobase:/cvmfs/sphenix.sdcc.bnl.gov/alma9.2-gcc-14.2.0/release/release_new/new.10/include/ActsExamples:/cvmfs/sphenix.sdcc.bnl.gov/alma9.2-gcc-14.2.0/release/release_new/new.10/include/g4gdml:/cvmfs/sphenix.sdcc.bnl.gov/alma9.2-gcc-14.2.0/release/release_new/new.10/include/mvtx_decoder:/cvmfs/sphenix.sdcc.bnl.gov/alma9.2-gcc-14.2.0/release/release_new/new.10/include/ROOT:/cvmfs/sphenix.sdcc.bnl.gov/alma9.2-gcc-14.2.0/release/release_new/new.10/include/phparameter:/cvmfs/sphenix.sdcc.bnl.gov/alma9.2-gcc-14.2.0/release/release_new/new.10/include/rsa:/cvmfs/sphenix.sdcc.bnl.gov/alma9.2-gcc-14.2.0/release/release_new/new.10/include/fun4allraw:/cvmfs/sphenix.sdcc.bnl.gov/alma9.2-gcc-14.2.0/release/release_new/new.10/include/trackbase_historic:/cvmfs/sphenix.sdcc.bnl.gov/alma9.2-gcc-14.2.0/release/release_new/new.10/include/g4jets:/cvmfs/sphenix.sdcc.bnl.gov/alma9.2-gcc-14.2.0/release/release_new/new.10/include/jetqa:/cvmfs/sphenix.sdcc.bnl.gov/alma9.2-gcc-14.2.0/release/release_new/new.10/include/phoolraw:/cvmfs/sphenix.sdcc.bnl.gov/alma9.2-gcc-14.2.0/release/release_new/new.10/include/g4calo:/cvmfs/sphenix.sdcc.bnl.gov/alma9.2-gcc-14.2.0/release/release_new/new.10/include/mvtxrawhitqa:/cvmfs/sphenix.sdcc.bnl.gov/alma9.2-gcc-14.2.0/release/release_new/new.10/include/HepMC3:/cvmfs/sphenix.sdcc.bnl.gov/alma9.2-gcc-14.2.0/release/release_new/new.10/include/calowaveformsim:/cvmfs/sphenix.sdcc.bnl.gov/alma9.2-gcc-14.2.0/release/release_new/new.10/include/g4caloprototype:/cvmfs/sphenix.sdcc.bnl.gov/alma9.2-gcc-14.2.0/release/release_new/new.10/include/pdbcalbase:/cvmfs/sphenix.sdcc.bnl.gov/alma9.2-gcc-14.2.0/release/release_new/new.10/include/gsl:/cvmfs/sphenix.sdcc.bnl.gov/alma9.2-gcc-14.2.0/release/release_new/new.10/include/nodedump:/cvmfs/sphenix.sdcc.bnl.gov/alma9.2-gcc-14.2.0/release/release_new/new.10/include/emcnoisytowerfinder:/cvmfs/sphenix.sdcc.bnl.gov/alma9.2-gcc-14.2.0/release/release_new/new.10/include/ActsFatras:/cvmfs/sphenix.sdcc.bnl.gov/alma9.2-gcc-14.2.0/release/release_new/new.10/include/ffarawmodules:/cvmfs/sphenix.sdcc.bnl.gov/alma9.2-gcc-14.2.0/release/release_new/new.10/include/Event:/cvmfs/sphenix.sdcc.bnl.gov/alma9.2-gcc-14.2.0/release/release_new/new.10/include/prototype3:/cvmfs/sphenix.sdcc.bnl.gov/alma9.2-gcc-14.2.0/release/release_new/new.10/include/fermimotionafterburner:/cvmfs/sphenix.sdcc.bnl.gov/alma9.2-gcc-14.2.0/release/release_new/new.10/include/Photos:/cvmfs/sphenix.sdcc.bnl.gov/alma9.2-gcc-14.2.0/release/release_new/new.10/include/xingshiftcal:/cvmfs/sphenix.sdcc.bnl.gov/alma9.2-gcc-14.2.0/release/release_new/new.10/include/trackbase:/cvmfs/sphenix.sdcc.bnl.gov/alma9.2-gcc-14.2.0/release/release_new/new.10/include/jetdstskimmer:/cvmfs/sphenix.sdcc.bnl.gov/alma9.2-gcc-14.2.0/release/release_new/new.10/include/clusteriso:/cvmfs/sphenix.sdcc.bnl.gov/alma9.2-gcc-14.2.0/release/release_new/new.10/include/asmjit:/cvmfs/sphenix.sdcc.bnl.gov/alma9.2-gcc-14.2.0/release/release_new/new.10/include/particleflowreco:/cvmfs/sphenix.sdcc.bnl.gov/alma9.2-gcc-14.2.0/release/release_new/new.10/include/tpchittrackdisplay:/cvmfs/sphenix.sdcc.bnl.gov/alma9.2-gcc-14.2.0/release/release_new/new.10/include/caloana:/cvmfs/sphenix.sdcc.bnl.gov/alma9.2-gcc-14.2.0/release/release_new/new.10/include/calotrigger:/cvmfs/sphenix.sdcc.bnl.gov/alma9.2-gcc-14.2.0/release/release_new/new.10/include/nopayloadclient:/cvmfs/sphenix.sdcc.bnl.gov/alma9.2-gcc-14.2.0/release/release_new/new.10/include/trackermillepedealignment:/cvmfs/sphenix.sdcc.bnl.gov/alma9.2-gcc-14.2.0/release/release_new/new.10/include/DD4hep:/cvmfs/sphenix.sdcc.bnl.gov/alma9.2-gcc-14.2.0/release/release_new/new.10/include/g4trackfastsim:/cvmfs/sphenix.sdcc.bnl.gov/alma9.2-gcc-14.2.0/release/release_new/new.10/include/prototype2:/cvmfs/sphenix.sdcc.bnl.gov/alma9.2-gcc-14.2.0/release/release_new/new.10/include/ATen:/cvmfs/sphenix.sdcc.bnl.gov/alma9.2-gcc-14.2.0/release/release_new/new.10/include/g4main:/cvmfs/sphenix.sdcc.bnl.gov/alma9.2-gcc-14.2.0/release/release_new/new.10/include/Tauola:/cvmfs/sphenix.sdcc.bnl.gov/alma9.2-gcc-14.2.0/release/release_new/new.10/include/inttcalib:/cvmfs/sphenix.sdcc.bnl.gov/alma9.2-gcc-14.2.0/release/release_new/new.10/include/reactionplaneafterburner:/cvmfs/sphenix.sdcc.bnl.gov/alma9.2-gcc-14.2.0/release/release_new/new.10/include/globalqa:/cvmfs/sphenix.sdcc.bnl.gov/alma9.2-gcc-14.2.0/release/release_new/new.10/include/tpccalib:/cvmfs/sphenix.sdcc.bnl.gov/alma9.2-gcc-14.2.0/release/release_new/new.10/include/DDSegmentation:/cvmfs/sphenix.sdcc.bnl.gov/alma9.2-gcc-14.2.0/release/release_new/new.10/include/decayfinder:/cvmfs/sphenix.sdcc.bnl.gov/alma9.2-gcc-14.2.0/release/release_new/new.10/include/compressclus:/cvmfs/sphenix.sdcc.bnl.gov/alma9.2-gcc-14.2.0/release/release_new/new.10/include/simqa_modules:/cvmfs/sphenix.sdcc.bnl.gov/alma9.2-gcc-14.2.0/release/release_new/new.10/include/resonancejettagging:/cvmfs/sphenix.sdcc.bnl.gov/alma9.2-gcc-14.2.0/release/release_new/new.10/include/g4centrality:/cvmfs/sphenix.sdcc.bnl.gov/alma9.2-gcc-14.2.0/release/release_new/new.10/include/mvtx:/cvmfs/sphenix.sdcc.bnl.gov/alma9.2-gcc-14.2.0/release/release_new/new.10/include/nlohmann:/cvmfs/sphenix.sdcc.bnl.gov/alma9.2-gcc-14.2.0/release/release_new/new.10/include/localpoloffmon:/cvmfs/sphenix.sdcc.bnl.gov/alma9.2-gcc-14.2.0/release/release_new/new.10/include/DDEve:/cvmfs/sphenix.sdcc.bnl.gov/alma9.2-gcc-14.2.0/release/release_new/new.10/include/Parsers:/cvmfs/sphenix.sdcc.bnl.gov/alma9.2-gcc-14.2.0/release/release_new/new.10/include/trackingdiagnostics:/cvmfs/sphenix.sdcc.bnl.gov/alma9.2-gcc-14.2.0/release/release_new/new.10/include/g4vertex:/cvmfs/sphenix.sdcc.bnl.gov/alma9.2-gcc-14.2.0/release/release_new/new.10/include/jetbase:/cvmfs/sphenix.sdcc.bnl.gov/alma9.2-gcc-14.2.0/release/release_new/new.10/include/globalvertex:/cvmfs/sphenix.sdcc.bnl.gov/alma9.2-gcc-14.2.0/release/release_new/new.10/include/phgenfit:/cvmfs/sphenix.sdcc.bnl.gov/alma9.2-gcc-14.2.0/release/release_new/new.10/include/rawbcolumi:/cvmfs/sphenix.sdcc.bnl.gov/alma9.2-gcc-14.2.0/release/release_new/new.10/include/eicsmear:/cvmfs/sphenix.sdcc.bnl.gov/alma9.2-gcc-14.2.0/release/release_new/new.10/include/mvtxcalib:/cvmfs/sphenix.sdcc.bnl.gov/alma9.2-gcc-14.2.0/release/release_new/new.10/include/tpclinelaserdiode:/cvmfs/sphenix.sdcc.bnl.gov/alma9.2-gcc-14.2.0/release/release_new/new.10/include/hepmcjettrigger:/cvmfs/sphenix.sdcc.bnl.gov/alma9.2-gcc-14.2.0/release/release_new/new.10/include/core:/cvmfs/sphenix.sdcc.bnl.gov/alma9.2-gcc-14.2.0/release/release_new/new.10/include/calo_cdb:/cvmfs/sphenix.sdcc.bnl.gov/alma9.2-gcc-14.2.0/release/release_new/new.10/include/mvtxclustershapesqa:/cvmfs/sphenix.sdcc.bnl.gov/alma9.2-gcc-14.2.0/release/release_new/new.10/include/calopacketskimmer:/cvmfs/sphenix.sdcc.bnl.gov/alma9.2-gcc-14.2.0/opt/sphenix/core/geant4.10.07.p04/include:/cvmfs/sphenix.sdcc.bnl.gov/alma9.2-gcc-14.2.0/release/release_new/new.10/rootmacros:/cvmfs/sphenix.sdcc.bnl.gov/alma9.2-gcc-14.2.0/opt/sphenix/core/include
GSEARCHPATH=.:PG:LUSTRE:RAWDATA
PWD=/gpfs/mnt/gpfs02/sphenix/user/samfred/run25/ppg11/histmaking
LOGNAME=samfred
_CONDOR_JOB_AD=/home/condor/local/sphnx/execute/dir_2731563/.job.ad
MANPATH=/cvmfs/sphenix.sdcc.bnl.gov/alma9.2-gcc-14.2.0/opt/sphenix/core/gcc/14.2.0-2f0a0/x86_64-el9/share/man:/cvmfs/sphenix.sdcc.bnl.gov/alma9.2-gcc-14.2.0/opt/sphenix/core/binutils/2.40-acaab/x86_64-el9/share/man:/cvmfs/sphenix.sdcc.bnl.gov/alma9.2-gcc-14.2.0/release/release_new/new.10/share/man:/cvmfs/sphenix.sdcc.bnl.gov/alma9.2-gcc-14.2.0/opt/sphenix/utils/share/man:/cvmfs/sphenix.sdcc.bnl.gov/alma9.2-gcc-14.2.0/opt/sphenix/core/share/man:/cvmfs/sphenix.sdcc.bnl.gov/alma9.2-gcc-14.2.0/opt/sphenix/core/root-6.32.06/man:/usr/local/share/man:/usr/share/man
PYTHIA8=/cvmfs/sphenix.sdcc.bnl.gov/alma9.2-gcc-14.2.0/release/release_new/new.10/share/Pythia8
G4INCLDATA=/cvmfs/sphenix.sdcc.bnl.gov/alma9.2-gcc-14.2.0/opt/sphenix/core/geant4.10.07.p04/share/Geant4-10.7.4/data/G4INCL1.0
ORIG_PATH=/usr/local/bin:/usr/bin
CXX=/cvmfs/sphenix.sdcc.bnl.gov/alma9.2-gcc-14.2.0/opt/sphenix/core/gcc/14.2.0-2f0a0/x86_64-el9/bin/g++
G4LEDATA=/cvmfs/sphenix.sdcc.bnl.gov/alma9.2-gcc-14.2.0/opt/sphenix/core/geant4.10.07.p04/share/Geant4-10.7.4/data/G4EMLOW7.13
PYTHON_CPU_COUNT=1
OPENBLAS_NUM_THREADS=1
_CONDOR_BIN=/usr/bin
_CONDOR_ANCESTOR_310576=2731563:1759352737:177698643
HOME=/sphenix/u/samfred
G4PARTICLEXSDATA=/cvmfs/sphenix.sdcc.bnl.gov/alma9.2-gcc-14.2.0/opt/sphenix/core/geant4.10.07.p04/share/Geant4-10.7.4/data/G4PARTICLEXS3.1.1
ONLINE_MAIN=/cvmfs/sphenix.sdcc.bnl.gov/alma9.2-gcc-14.2.0/release/release_new/new.10
CALIBRATIONROOT=/cvmfs/sphenix.sdcc.bnl.gov/alma9.2-gcc-14.2.0/release/release_new/new.10/share/calibrations
TMPDIR=/tmp
_CONDOR_SCRATCH_DIR=/home/condor/local/sphnx/execute/dir_2731563
PGUSER=phnxrc
NOPAYLOADCLIENT_CONF=/cvmfs/sphenix.sdcc.bnl.gov/alma9.2-gcc-14.2.0/opt/sphenix/core/etc/sPHENIX_newcdb.json
_CONDOR_ANCESTOR_310541=310576:1756523323:927792334
XERCESCROOT=/cvmfs/sphenix.sdcc.bnl.gov/alma9.2-gcc-14.2.0/opt/sphenix/core/geant4.10.07.p04
LHAPATH=/cvmfs/sphenix.sdcc.bnl.gov/alma9.2-gcc-14.2.0/opt/sphenix/core/lhapdf-5.9.1/share/lhapdf/PDFsets
G4NEUTRONHPDATA=/cvmfs/sphenix.sdcc.bnl.gov/alma9.2-gcc-14.2.0/opt/sphenix/core/geant4.10.07.p04/share/Geant4-10.7.4/data/G4NDL4.6
PYTHONPATH=.:/cvmfs/sphenix.sdcc.bnl.gov/alma9.2-gcc-14.2.0/release/release_new/new.10/lib/python3.13/site-packages:/cvmfs/sphenix.sdcc.bnl.gov/alma9.2-gcc-14.2.0/opt/sphenix/core/lib/python3.13/site-packages:/cvmfs/sphenix.sdcc.bnl.gov/alma9.2-gcc-14.2.0/opt/sphenix/core/root-6.32.06/lib
USER=samfred
_CONDOR_JOB_PIDS=
_CONDOR_ANCESTOR_2731563=2731662:1759352737:3509499905
TEMP=/tmp
GOMAXPROCS=1
OFFLINE_MAIN=/cvmfs/sphenix.sdcc.bnl.gov/alma9.2-gcc-14.2.0/release/release_new/new.10
SHLVL=1
TF_NUM_THREADS=1
G4SAIDXSDATA=/cvmfs/sphenix.sdcc.bnl.gov/alma9.2-gcc-14.2.0/opt/sphenix/core/geant4.10.07.p04/share/Geant4-10.7.4/data/G4SAIDDATA2.0
APPTAINER_CACHEDIR=/home/condor/local/sphnx/execute/dir_2731563
ROOTSYS=/cvmfs/sphenix.sdcc.bnl.gov/alma9.2-gcc-14.2.0/opt/sphenix/core/root-6.32.06
BATCH_SYSTEM=HTCondor
_CONDOR_SLOT=slot1_71
LD_LIBRARY_PATH=/sphenix/user/samfred/run25/install//lib:/cvmfs/sphenix.sdcc.bnl.gov/alma9.2-gcc-14.2.0/opt/sphenix/core/gcc/14.2.0-2f0a0/x86_64-el9/lib:/cvmfs/sphenix.sdcc.bnl.gov/alma9.2-gcc-14.2.0/opt/sphenix/core/gcc/14.2.0-2f0a0/x86_64-el9/lib64:/cvmfs/sphenix.sdcc.bnl.gov/alma9.2-gcc-14.2.0/opt/sphenix/core/binutils/2.40-acaab/x86_64-el9/lib:.:/cvmfs/sphenix.sdcc.bnl.gov/alma9.2-gcc-14.2.0/release/release_new/new.10/lib64:/cvmfs/sphenix.sdcc.bnl.gov/alma9.2-gcc-14.2.0/release/release_new/new.10/lib:/cvmfs/sphenix.sdcc.bnl.gov/alma9.2-gcc-14.2.0/opt/sphenix/utils/lib:/cvmfs/sphenix.sdcc.bnl.gov/alma9.2-gcc-14.2.0/opt/sphenix/core/lib:/cvmfs/sphenix.sdcc.bnl.gov/alma9.2-gcc-14.2.0/opt/sphenix/core/root-6.32.06/lib:/cvmfs/sphenix.sdcc.bnl.gov/alma9.2-gcc-14.2.0/opt/sphenix/core/geant4.10.07.p04/lib64:/cvmfs/sphenix.sdcc.bnl.gov/alma9.2-gcc-14.2.0/opt/sphenix/core/lhapdf-5.9.1/lib:/usr/local/lib64:/usr/lib64
OPT_SPHENIX=/cvmfs/sphenix.sdcc.bnl.gov/alma9.2-gcc-14.2.0/opt/sphenix/core
TF_LOOP_PARALLEL_ITERATIONS=1
EVT_LIB=/cvmfs/sphenix.sdcc.bnl.gov/alma9.2-gcc-14.2.0/opt/sphenix/core/root-6.32.06/lib
PGHOST=sphnxdbmaster.sdcc.bnl.gov
OMP_NUM_THREADS=1
G4REALSURFACEDATA=/cvmfs/sphenix.sdcc.bnl.gov/alma9.2-gcc-14.2.0/opt/sphenix/core/geant4.10.07.p04/share/Geant4-10.7.4/data/RealSurface2.2
FC=/cvmfs/sphenix.sdcc.bnl.gov/alma9.2-gcc-14.2.0/opt/sphenix/core/gcc/14.2.0-2f0a0/x86_64-el9/bin/gfortran
G4ABLADATA=/cvmfs/sphenix.sdcc.bnl.gov/alma9.2-gcc-14.2.0/opt/sphenix/core/geant4.10.07.p04/share/Geant4-10.7.4/data/G4ABLA3.1
PARASOFT=doesnotexist
TMP=/tmp
OPT_UTILS=/cvmfs/sphenix.sdcc.bnl.gov/alma9.2-gcc-14.2.0/opt/sphenix/utils
CONFIG_SITE=/cvmfs/sphenix.sdcc.bnl.gov/alma9.2-gcc-14.2.0/opt/sphenix/core/etc/config.site
PATH=/sphenix/user/samfred/run25/install//bin:/cvmfs/sphenix.sdcc.bnl.gov/alma9.2-gcc-14.2.0/opt/sphenix/core/gcc/14.2.0-2f0a0/x86_64-el9/bin:/cvmfs/sphenix.sdcc.bnl.gov/alma9.2-gcc-14.2.0/opt/sphenix/core/binutils/2.40-acaab/x86_64-el9/bin:.:/cvmfs/sphenix.sdcc.bnl.gov/alma9.2-gcc-14.2.0/release/release_new/new.10/bin:/cvmfs/sphenix.sdcc.bnl.gov/alma9.2-gcc-14.2.0/opt/sphenix/utils/bin:/cvmfs/sphenix.sdcc.bnl.gov/alma9.2-gcc-14.2.0/opt/sphenix/core/bin:/cvmfs/sphenix.sdcc.bnl.gov/alma9.2-gcc-14.2.0/opt/sphenix/core/root-6.32.06/bin:/cvmfs/sphenix.sdcc.bnl.gov/alma9.2-gcc-14.2.0/opt/sphenix/core/geant4.10.07.p04/bin:/usr/local/bin:/usr/bin:/usr/local/sbin:/usr/sbin
G4LEVELGAMMADATA=/cvmfs/sphenix.sdcc.bnl.gov/alma9.2-gcc-14.2.0/opt/sphenix/core/geant4.10.07.p04/share/Geant4-10.7.4/data/PhotonEvaporation5.7
CC=/cvmfs/sphenix.sdcc.bnl.gov/alma9.2-gcc-14.2.0/opt/sphenix/core/gcc/14.2.0-2f0a0/x86_64-el9/bin/gcc
G4RADIOACTIVEDATA=/cvmfs/sphenix.sdcc.bnl.gov/alma9.2-gcc-14.2.0/opt/sphenix/core/geant4.10.07.p04/share/Geant4-10.7.4/data/RadioactiveDecay5.6
JULIA_NUM_THREADS=1
MKL_NUM_THREADS=1
LHAPDF_DATA_PATH=/cvmfs/sphenix.sdcc.bnl.gov/alma9.2-gcc-14.2.0/release/release_new/new.10/share/LHAPDF
XPLOAD_CONFIG_DIR=/cvmfs/sphenix.sdcc.bnl.gov/alma9.2-gcc-14.2.0/opt/sphenix/core/etc
OLDPWD=/cvmfs/sphenix.sdcc.bnl.gov/alma9.2-gcc-14.2.0/release/release_new/new.10/geant4
_=/usr/bin/printenv
runnumber...
52540
trigger...

   ------------------------------------------------------------------
  | Welcome to ROOT 6.32.06                        https://root.cern |
  | (c) 1995-2024, The ROOT Team; conception: R. Brun, F. Rademakers |
  | Built for linuxx8664gcc on Dec 13 2024, 17:23:48                 |
  | From tags/6-32-06@6-32-06                                        |
  | With g++ (GCC) 14.2.0                                            |
  | Try '.help'/'.?', '.demo', '.license', '.credits', '.quit'/'.q'  |
   ------------------------------------------------------------------


Processing data_histmaker.C(52540)...
entry 0/6961309 (0%)
entry 3000/6961309 (0.0430953%)
entry 5000/6961309 (0.0718256%)
entry 6000/6961309 (0.0861907%)
entry 7000/6961309 (0.100556%)
entry 8000/6961309 (0.114921%)
entry 10000/6961309 (0.143651%)
entry 11000/6961309 (0.158016%)
entry 12000/6961309 (0.172381%)
entry 14000/6961309 (0.201112%)
entry 17000/6961309 (0.244207%)
entry 18000/6961309 (0.258572%)
entry 19000/6961309 (0.272937%)
entry 21000/6961309 (0.301667%)
entry 22000/6961309 (0.316033%)
entry 23000/6961309 (0.330398%)
entry 24000/6961309 (0.344763%)
entry 25000/6961309 (0.359128%)
entry 26000/6961309 (0.373493%)
entry 29000/6961309 (0.416588%)
entry 30000/6961309 (0.430953%)
entry 31000/6961309 (0.445319%)
entry 33000/6961309 (0.474049%)
entry 34000/6961309 (0.488414%)
entry 35000/6961309 (0.502779%)
entry 36000/6961309 (0.517144%)
entry 40000/6961309 (0.574605%)
entry 41000/6961309 (0.58897%)
entry 43000/6961309 (0.6177%)
entry 44000/6961309 (0.632065%)
entry 45000/6961309 (0.64643%)
entry 46000/6961309 (0.660795%)
entry 47000/6961309 (0.67516%)
entry 48000/6961309 (0.689525%)
entry 49000/6961309 (0.703891%)
entry 51000/6961309 (0.732621%)
entry 53000/6961309 (0.761351%)
entry 55000/6961309 (0.790081%)
entry 56000/6961309 (0.804446%)
entry 57000/6961309 (0.818812%)
entry 64000/6961309 (0.919367%)
entry 65000/6961309 (0.933732%)
entry 66000/6961309 (0.948098%)
entry 68000/6961309 (0.976828%)
entry 69000/6961309 (0.991193%)
entry 70000/6961309 (1.00556%)
entry 72000/6961309 (1.03429%)
entry 73000/6961309 (1.04865%)
entry 74000/6961309 (1.06302%)
entry 75000/6961309 (1.07738%)
entry 77000/6961309 (1.10611%)
entry 78000/6961309 (1.12048%)
entry 80000/6961309 (1.14921%)
entry 81000/6961309 (1.16357%)
entry 83000/6961309 (1.1923%)
entry 84000/6961309 (1.20667%)
entry 86000/6961309 (1.2354%)
entry 88000/6961309 (1.26413%)
entry 90000/6961309 (1.29286%)
entry 93000/6961309 (1.33596%)
entry 94000/6961309 (1.35032%)
entry 96000/6961309 (1.37905%)
entry 97000/6961309 (1.39342%)
entry 100000/6961309 (1.43651%)
entry 101000/6961309 (1.45088%)
entry 102000/6961309 (1.46524%)
entry 104000/6961309 (1.49397%)
entry 105000/6961309 (1.50834%)
entry 106000/6961309 (1.5227%)
entry 107000/6961309 (1.53707%)
entry 108000/6961309 (1.55143%)
entry 111000/6961309 (1.59453%)
entry 112000/6961309 (1.60889%)
entry 113000/6961309 (1.62326%)
entry 114000/6961309 (1.63762%)
entry 117000/6961309 (1.68072%)
entry 119000/6961309 (1.70945%)
entry 120000/6961309 (1.72381%)
entry 121000/6961309 (1.73818%)
entry 122000/6961309 (1.75254%)
entry 123000/6961309 (1.76691%)
entry 124000/6961309 (1.78127%)
entry 125000/6961309 (1.79564%)
entry 130000/6961309 (1.86746%)
entry 131000/6961309 (1.88183%)
entry 133000/6961309 (1.91056%)
entry 134000/6961309 (1.92493%)
entry 135000/6961309 (1.93929%)
entry 138000/6961309 (1.98239%)
entry 140000/6961309 (2.01112%)
entry 141000/6961309 (2.02548%)
entry 142000/6961309 (2.03985%)
entry 145000/6961309 (2.08294%)
entry 146000/6961309 (2.09731%)
entry 150000/6961309 (2.15477%)
entry 154000/6961309 (2.21223%)
entry 155000/6961309 (2.22659%)
entry 156000/6961309 (2.24096%)
entry 157000/6961309 (2.25532%)
entry 159000/6961309 (2.28405%)
entry 161000/6961309 (2.31278%)
entry 162000/6961309 (2.32715%)
entry 163000/6961309 (2.34151%)
entry 164000/6961309 (2.35588%)
entry 167000/6961309 (2.39897%)
entry 168000/6961309 (2.41334%)
entry 170000/6961309 (2.44207%)
entry 171000/6961309 (2.45643%)
entry 174000/6961309 (2.49953%)
entry 175000/6961309 (2.51389%)
entry 177000/6961309 (2.54263%)
entry 178000/6961309 (2.55699%)
entry 179000/6961309 (2.57136%)
entry 181000/6961309 (2.60009%)
entry 182000/6961309 (2.61445%)
entry 185000/6961309 (2.65755%)
entry 186000/6961309 (2.67191%)
entry 190000/6961309 (2.72937%)
entry 191000/6961309 (2.74374%)
entry 193000/6961309 (2.77247%)
entry 194000/6961309 (2.78683%)
entry 195000/6961309 (2.8012%)
entry 196000/6961309 (2.81556%)
entry 197000/6961309 (2.82993%)
entry 198000/6961309 (2.84429%)
entry 199000/6961309 (2.85866%)
entry 200000/6961309 (2.87302%)
entry 201000/6961309 (2.88739%)
entry 202000/6961309 (2.90175%)
entry 203000/6961309 (2.91612%)
entry 204000/6961309 (2.93048%)
entry 205000/6961309 (2.94485%)
entry 206000/6961309 (2.95921%)
entry 207000/6961309 (2.97358%)
entry 208000/6961309 (2.98794%)
entry 211000/6961309 (3.03104%)
entry 212000/6961309 (3.0454%)
entry 213000/6961309 (3.05977%)
entry 214000/6961309 (3.07413%)
entry 216000/6961309 (3.10286%)
entry 217000/6961309 (3.11723%)
entry 219000/6961309 (3.14596%)
entry 221000/6961309 (3.17469%)
entry 222000/6961309 (3.18906%)
entry 223000/6961309 (3.20342%)
entry 226000/6961309 (3.24652%)
entry 227000/6961309 (3.26088%)
entry 228000/6961309 (3.27525%)
entry 234000/6961309 (3.36144%)
entry 235000/6961309 (3.3758%)
entry 236000/6961309 (3.39017%)
entry 237000/6961309 (3.40453%)
entry 238000/6961309 (3.4189%)
entry 242000/6961309 (3.47636%)
entry 243000/6961309 (3.49072%)
entry 244000/6961309 (3.50509%)
entry 245000/6961309 (3.51945%)
entry 246000/6961309 (3.53382%)
entry 247000/6961309 (3.54818%)
entry 248000/6961309 (3.56255%)
entry 249000/6961309 (3.57691%)
entry 250000/6961309 (3.59128%)
entry 253000/6961309 (3.63437%)
entry 254000/6961309 (3.64874%)
entry 255000/6961309 (3.6631%)
entry 256000/6961309 (3.67747%)
entry 257000/6961309 (3.69183%)
entry 258000/6961309 (3.7062%)
entry 260000/6961309 (3.73493%)
entry 263000/6961309 (3.77803%)
entry 264000/6961309 (3.79239%)
entry 266000/6961309 (3.82112%)
entry 267000/6961309 (3.83549%)
entry 268000/6961309 (3.84985%)
entry 269000/6961309 (3.86422%)
entry 270000/6961309 (3.87858%)
entry 272000/6961309 (3.90731%)
entry 273000/6961309 (3.92168%)
entry 274000/6961309 (3.93604%)
entry 277000/6961309 (3.97914%)
entry 278000/6961309 (3.9935%)
entry 281000/6961309 (4.0366%)
entry 282000/6961309 (4.05096%)
entry 283000/6961309 (4.06533%)
entry 285000/6961309 (4.09406%)
entry 287000/6961309 (4.12279%)
entry 289000/6961309 (4.15152%)
entry 290000/6961309 (4.16588%)
entry 292000/6961309 (4.19461%)
entry 294000/6961309 (4.22334%)
entry 295000/6961309 (4.23771%)
entry 296000/6961309 (4.25207%)
entry 299000/6961309 (4.29517%)
entry 300000/6961309 (4.30953%)
entry 302000/6961309 (4.33826%)
entry 304000/6961309 (4.36699%)
entry 306000/6961309 (4.39572%)
entry 307000/6961309 (4.41009%)
entry 308000/6961309 (4.42446%)
entry 309000/6961309 (4.43882%)
entry 311000/6961309 (4.46755%)
entry 312000/6961309 (4.48192%)
entry 314000/6961309 (4.51065%)
entry 315000/6961309 (4.52501%)
entry 318000/6961309 (4.56811%)
entry 320000/6961309 (4.59684%)
entry 321000/6961309 (4.6112%)
entry 323000/6961309 (4.63993%)
entry 324000/6961309 (4.6543%)
entry 325000/6961309 (4.66866%)
entry 326000/6961309 (4.68303%)
entry 327000/6961309 (4.69739%)
entry 328000/6961309 (4.71176%)
entry 329000/6961309 (4.72612%)
entry 331000/6961309 (4.75485%)
entry 332000/6961309 (4.76922%)
entry 333000/6961309 (4.78358%)
entry 334000/6961309 (4.79795%)
entry 336000/6961309 (4.82668%)
entry 341000/6961309 (4.8985%)
entry 342000/6961309 (4.91287%)
entry 347000/6961309 (4.98469%)
entry 348000/6961309 (4.99906%)
entry 349000/6961309 (5.01342%)
entry 352000/6961309 (5.05652%)
entry 353000/6961309 (5.07089%)
entry 354000/6961309 (5.08525%)
entry 355000/6961309 (5.09962%)
entry 360000/6961309 (5.17144%)
entry 361000/6961309 (5.18581%)
entry 362000/6961309 (5.20017%)
entry 365000/6961309 (5.24327%)
entry 366000/6961309 (5.25763%)
entry 368000/6961309 (5.28636%)
entry 370000/6961309 (5.31509%)
entry 371000/6961309 (5.32946%)
entry 372000/6961309 (5.34382%)
entry 374000/6961309 (5.37255%)
entry 375000/6961309 (5.38692%)
entry 376000/6961309 (5.40128%)
entry 378000/6961309 (5.43001%)
entry 380000/6961309 (5.45874%)
entry 382000/6961309 (5.48747%)
entry 383000/6961309 (5.50184%)
entry 384000/6961309 (5.5162%)
entry 385000/6961309 (5.53057%)
entry 386000/6961309 (5.54493%)
entry 387000/6961309 (5.5593%)
entry 388000/6961309 (5.57366%)
entry 390000/6961309 (5.60239%)
entry 392000/6961309 (5.63112%)
entry 394000/6961309 (5.65986%)
entry 395000/6961309 (5.67422%)
entry 397000/6961309 (5.70295%)
entry 398000/6961309 (5.71732%)
entry 399000/6961309 (5.73168%)
entry 400000/6961309 (5.74605%)
entry 401000/6961309 (5.76041%)
entry 404000/6961309 (5.80351%)
entry 405000/6961309 (5.81787%)
entry 406000/6961309 (5.83224%)
entry 409000/6961309 (5.87533%)
entry 412000/6961309 (5.91843%)
entry 414000/6961309 (5.94716%)
entry 416000/6961309 (5.97589%)
entry 418000/6961309 (6.00462%)
entry 419000/6961309 (6.01898%)
entry 420000/6961309 (6.03335%)
entry 421000/6961309 (6.04771%)
entry 422000/6961309 (6.06208%)
entry 423000/6961309 (6.07644%)
entry 431000/6961309 (6.19136%)
entry 433000/6961309 (6.22009%)
entry 434000/6961309 (6.23446%)
entry 435000/6961309 (6.24882%)
entry 437000/6961309 (6.27756%)
entry 438000/6961309 (6.29192%)
entry 439000/6961309 (6.30629%)
entry 440000/6961309 (6.32065%)
entry 441000/6961309 (6.33502%)
entry 442000/6961309 (6.34938%)
entry 444000/6961309 (6.37811%)
entry 445000/6961309 (6.39248%)
entry 448000/6961309 (6.43557%)
entry 449000/6961309 (6.44994%)
entry 452000/6961309 (6.49303%)
entry 455000/6961309 (6.53613%)
entry 457000/6961309 (6.56486%)
entry 458000/6961309 (6.57922%)
entry 460000/6961309 (6.60795%)
entry 461000/6961309 (6.62232%)
entry 462000/6961309 (6.63668%)
entry 463000/6961309 (6.65105%)
entry 464000/6961309 (6.66541%)
entry 466000/6961309 (6.69414%)
entry 467000/6961309 (6.70851%)
entry 468000/6961309 (6.72287%)
entry 470000/6961309 (6.7516%)
entry 471000/6961309 (6.76597%)
entry 472000/6961309 (6.78033%)
entry 473000/6961309 (6.7947%)
entry 474000/6961309 (6.80906%)
entry 478000/6961309 (6.86652%)
entry 481000/6961309 (6.90962%)
entry 482000/6961309 (6.92399%)
entry 483000/6961309 (6.93835%)
entry 484000/6961309 (6.95272%)
entry 485000/6961309 (6.96708%)
entry 489000/6961309 (7.02454%)
entry 490000/6961309 (7.03891%)
entry 492000/6961309 (7.06764%)
entry 493000/6961309 (7.082%)
entry 494000/6961309 (7.09637%)
entry 495000/6961309 (7.11073%)
entry 498000/6961309 (7.15383%)
entry 499000/6961309 (7.16819%)
entry 500000/6961309 (7.18256%)
entry 501000/6961309 (7.19692%)
entry 502000/6961309 (7.21129%)
entry 504000/6961309 (7.24002%)
entry 505000/6961309 (7.25438%)
entry 506000/6961309 (7.26875%)
entry 507000/6961309 (7.28311%)
entry 509000/6961309 (7.31184%)
entry 510000/6961309 (7.32621%)
entry 513000/6961309 (7.3693%)
entry 515000/6961309 (7.39803%)
entry 516000/6961309 (7.4124%)
entry 518000/6961309 (7.44113%)
entry 519000/6961309 (7.45549%)
entry 520000/6961309 (7.46986%)
entry 521000/6961309 (7.48422%)
entry 522000/6961309 (7.49859%)
entry 524000/6961309 (7.52732%)
entry 526000/6961309 (7.55605%)
entry 527000/6961309 (7.57041%)
entry 528000/6961309 (7.58478%)
entry 529000/6961309 (7.59915%)
entry 530000/6961309 (7.61351%)
entry 534000/6961309 (7.67097%)
entry 536000/6961309 (7.6997%)
entry 537000/6961309 (7.71407%)
entry 538000/6961309 (7.72843%)
entry 539000/6961309 (7.7428%)
entry 540000/6961309 (7.75716%)
entry 542000/6961309 (7.78589%)
entry 543000/6961309 (7.80026%)
entry 544000/6961309 (7.81462%)
entry 545000/6961309 (7.82899%)
entry 546000/6961309 (7.84335%)
entry 547000/6961309 (7.85772%)
entry 548000/6961309 (7.87208%)
entry 549000/6961309 (7.88645%)
entry 550000/6961309 (7.90081%)
entry 551000/6961309 (7.91518%)
entry 553000/6961309 (7.94391%)
entry 555000/6961309 (7.97264%)
entry 556000/6961309 (7.987%)
entry 557000/6961309 (8.00137%)
entry 558000/6961309 (8.01573%)
entry 559000/6961309 (8.0301%)
entry 560000/6961309 (8.04446%)
entry 561000/6961309 (8.05883%)
entry 565000/6961309 (8.11629%)
entry 566000/6961309 (8.13065%)
entry 567000/6961309 (8.14502%)
entry 568000/6961309 (8.15938%)
entry 569000/6961309 (8.17375%)
entry 571000/6961309 (8.20248%)
entry 572000/6961309 (8.21685%)
entry 575000/6961309 (8.25994%)
entry 576000/6961309 (8.27431%)
entry 577000/6961309 (8.28867%)
entry 578000/6961309 (8.30304%)
entry 579000/6961309 (8.3174%)
entry 580000/6961309 (8.33177%)
entry 582000/6961309 (8.3605%)
entry 583000/6961309 (8.37486%)
entry 585000/6961309 (8.40359%)
entry 589000/6961309 (8.46105%)
entry 590000/6961309 (8.47542%)
entry 591000/6961309 (8.48978%)
entry 592000/6961309 (8.50415%)
entry 593000/6961309 (8.51851%)
entry 594000/6961309 (8.53288%)
entry 595000/6961309 (8.54724%)
entry 596000/6961309 (8.56161%)
entry 597000/6961309 (8.57597%)
entry 600000/6961309 (8.61907%)
entry 601000/6961309 (8.63343%)
entry 602000/6961309 (8.6478%)
entry 604000/6961309 (8.67653%)
entry 605000/6961309 (8.69089%)
entry 607000/6961309 (8.71962%)
entry 610000/6961309 (8.76272%)
entry 612000/6961309 (8.79145%)
entry 613000/6961309 (8.80582%)
entry 614000/6961309 (8.82018%)
entry 615000/6961309 (8.83455%)
entry 616000/6961309 (8.84891%)
entry 617000/6961309 (8.86328%)
entry 618000/6961309 (8.87764%)
entry 620000/6961309 (8.90637%)
entry 621000/6961309 (8.92074%)
entry 622000/6961309 (8.9351%)
entry 623000/6961309 (8.94947%)
entry 625000/6961309 (8.9782%)
entry 626000/6961309 (8.99256%)
entry 627000/6961309 (9.00693%)
entry 628000/6961309 (9.02129%)
entry 629000/6961309 (9.03566%)
entry 630000/6961309 (9.05002%)
entry 632000/6961309 (9.07875%)
entry 633000/6961309 (9.09312%)
entry 634000/6961309 (9.10748%)
entry 635000/6961309 (9.12185%)
entry 636000/6961309 (9.13621%)
entry 637000/6961309 (9.15058%)
entry 638000/6961309 (9.16494%)
entry 641000/6961309 (9.20804%)
entry 642000/6961309 (9.2224%)
entry 646000/6961309 (9.27986%)
entry 648000/6961309 (9.30859%)
entry 651000/6961309 (9.35169%)
entry 652000/6961309 (9.36605%)
entry 654000/6961309 (9.39479%)
entry 655000/6961309 (9.40915%)
entry 659000/6961309 (9.46661%)
entry 660000/6961309 (9.48098%)
entry 661000/6961309 (9.49534%)
entry 662000/6961309 (9.50971%)
entry 664000/6961309 (9.53844%)
entry 666000/6961309 (9.56717%)
entry 667000/6961309 (9.58153%)
entry 669000/6961309 (9.61026%)
entry 673000/6961309 (9.66772%)
entry 674000/6961309 (9.68209%)
entry 676000/6961309 (9.71082%)
entry 680000/6961309 (9.76828%)
entry 682000/6961309 (9.79701%)
entry 684000/6961309 (9.82574%)
entry 685000/6961309 (9.8401%)
entry 686000/6961309 (9.85447%)
entry 687000/6961309 (9.86883%)
entry 692000/6961309 (9.94066%)
entry 694000/6961309 (9.96939%)
entry 695000/6961309 (9.98375%)
entry 696000/6961309 (9.99812%)
entry 699000/6961309 (10.0412%)
entry 700000/6961309 (10.0556%)
entry 702000/6961309 (10.0843%)
entry 703000/6961309 (10.0987%)
entry 705000/6961309 (10.1274%)
entry 706000/6961309 (10.1418%)
entry 707000/6961309 (10.1561%)
entry 709000/6961309 (10.1849%)
entry 710000/6961309 (10.1992%)
entry 712000/6961309 (10.228%)
entry 714000/6961309 (10.2567%)
entry 715000/6961309 (10.2711%)
entry 716000/6961309 (10.2854%)
entry 717000/6961309 (10.2998%)
entry 718000/6961309 (10.3142%)
entry 720000/6961309 (10.3429%)
entry 722000/6961309 (10.3716%)
entry 723000/6961309 (10.386%)
entry 724000/6961309 (10.4003%)
entry 726000/6961309 (10.4291%)
entry 728000/6961309 (10.4578%)
entry 729000/6961309 (10.4722%)
entry 730000/6961309 (10.4865%)
entry 731000/6961309 (10.5009%)
entry 733000/6961309 (10.5296%)
entry 734000/6961309 (10.544%)
entry 735000/6961309 (10.5584%)
entry 736000/6961309 (10.5727%)
entry 737000/6961309 (10.5871%)
entry 738000/6961309 (10.6015%)
entry 740000/6961309 (10.6302%)
entry 742000/6961309 (10.6589%)
entry 743000/6961309 (10.6733%)
entry 744000/6961309 (10.6876%)
entry 747000/6961309 (10.7307%)
entry 749000/6961309 (10.7595%)
entry 750000/6961309 (10.7738%)
entry 753000/6961309 (10.8169%)
entry 754000/6961309 (10.8313%)
entry 756000/6961309 (10.86%)
entry 757000/6961309 (10.8744%)
entry 758000/6961309 (10.8888%)
entry 760000/6961309 (10.9175%)
entry 761000/6961309 (10.9319%)
entry 767000/6961309 (11.018%)
entry 768000/6961309 (11.0324%)
entry 771000/6961309 (11.0755%)
entry 773000/6961309 (11.1042%)
entry 775000/6961309 (11.133%)
entry 776000/6961309 (11.1473%)
entry 777000/6961309 (11.1617%)
entry 778000/6961309 (11.1761%)
entry 781000/6961309 (11.2192%)
entry 782000/6961309 (11.2335%)
entry 783000/6961309 (11.2479%)
entry 785000/6961309 (11.2766%)
entry 787000/6961309 (11.3053%)
entry 790000/6961309 (11.3484%)
entry 792000/6961309 (11.3772%)
entry 793000/6961309 (11.3915%)
entry 795000/6961309 (11.4203%)
entry 797000/6961309 (11.449%)
entry 801000/6961309 (11.5065%)
entry 802000/6961309 (11.5208%)
entry 803000/6961309 (11.5352%)
entry 805000/6961309 (11.5639%)
entry 808000/6961309 (11.607%)
entry 809000/6961309 (11.6214%)
entry 810000/6961309 (11.6357%)
entry 813000/6961309 (11.6788%)
entry 814000/6961309 (11.6932%)
entry 817000/6961309 (11.7363%)
entry 818000/6961309 (11.7507%)
entry 820000/6961309 (11.7794%)
entry 823000/6961309 (11.8225%)
entry 824000/6961309 (11.8369%)
entry 827000/6961309 (11.8799%)
entry 828000/6961309 (11.8943%)
entry 831000/6961309 (11.9374%)
entry 832000/6961309 (11.9518%)
entry 834000/6961309 (11.9805%)
entry 835000/6961309 (11.9949%)
entry 836000/6961309 (12.0092%)
entry 838000/6961309 (12.038%)
entry 840000/6961309 (12.0667%)
entry 841000/6961309 (12.0811%)
entry 842000/6961309 (12.0954%)
entry 845000/6961309 (12.1385%)
entry 846000/6961309 (12.1529%)
entry 848000/6961309 (12.1816%)
entry 849000/6961309 (12.196%)
entry 851000/6961309 (12.2247%)
entry 852000/6961309 (12.2391%)
entry 853000/6961309 (12.2534%)
entry 854000/6961309 (12.2678%)
entry 855000/6961309 (12.2822%)
entry 856000/6961309 (12.2965%)
entry 857000/6961309 (12.3109%)
entry 858000/6961309 (12.3253%)
entry 859000/6961309 (12.3396%)
entry 863000/6961309 (12.3971%)
entry 864000/6961309 (12.4115%)
entry 865000/6961309 (12.4258%)
entry 868000/6961309 (12.4689%)
entry 869000/6961309 (12.4833%)
entry 871000/6961309 (12.512%)
entry 874000/6961309 (12.5551%)
entry 875000/6961309 (12.5695%)
entry 877000/6961309 (12.5982%)
entry 878000/6961309 (12.6126%)
entry 879000/6961309 (12.6269%)
entry 880000/6961309 (12.6413%)
entry 883000/6961309 (12.6844%)
entry 886000/6961309 (12.7275%)
entry 887000/6961309 (12.7419%)
entry 888000/6961309 (12.7562%)
entry 889000/6961309 (12.7706%)
entry 892000/6961309 (12.8137%)
entry 893000/6961309 (12.828%)
entry 894000/6961309 (12.8424%)
entry 895000/6961309 (12.8568%)
entry 896000/6961309 (12.8711%)
entry 901000/6961309 (12.943%)
entry 902000/6961309 (12.9573%)
entry 903000/6961309 (12.9717%)
entry 904000/6961309 (12.9861%)
entry 907000/6961309 (13.0292%)
entry 910000/6961309 (13.0723%)
entry 916000/6961309 (13.1584%)
entry 917000/6961309 (13.1728%)
entry 918000/6961309 (13.1872%)
entry 919000/6961309 (13.2015%)
entry 921000/6961309 (13.2303%)
entry 924000/6961309 (13.2734%)
entry 925000/6961309 (13.2877%)
entry 926000/6961309 (13.3021%)
entry 928000/6961309 (13.3308%)
entry 929000/6961309 (13.3452%)
entry 933000/6961309 (13.4027%)
entry 935000/6961309 (13.4314%)
entry 936000/6961309 (13.4457%)
entry 937000/6961309 (13.4601%)
entry 938000/6961309 (13.4745%)
entry 939000/6961309 (13.4888%)
entry 940000/6961309 (13.5032%)
entry 941000/6961309 (13.5176%)
entry 944000/6961309 (13.5607%)
entry 945000/6961309 (13.575%)
entry 946000/6961309 (13.5894%)
entry 951000/6961309 (13.6612%)
entry 952000/6961309 (13.6756%)
entry 954000/6961309 (13.7043%)
entry 955000/6961309 (13.7187%)
entry 957000/6961309 (13.7474%)
entry 959000/6961309 (13.7761%)
entry 960000/6961309 (13.7905%)
entry 962000/6961309 (13.8192%)
entry 963000/6961309 (13.8336%)
entry 964000/6961309 (13.848%)
entry 965000/6961309 (13.8623%)
entry 966000/6961309 (13.8767%)
entry 967000/6961309 (13.8911%)
entry 968000/6961309 (13.9054%)
entry 969000/6961309 (13.9198%)
entry 972000/6961309 (13.9629%)
entry 973000/6961309 (13.9773%)
entry 974000/6961309 (13.9916%)
entry 975000/6961309 (14.006%)
entry 977000/6961309 (14.0347%)
entry 978000/6961309 (14.0491%)
entry 979000/6961309 (14.0634%)
entry 981000/6961309 (14.0922%)
entry 982000/6961309 (14.1065%)
entry 985000/6961309 (14.1496%)
entry 986000/6961309 (14.164%)
entry 987000/6961309 (14.1784%)
entry 988000/6961309 (14.1927%)
entry 989000/6961309 (14.2071%)
entry 992000/6961309 (14.2502%)
entry 994000/6961309 (14.2789%)
entry 995000/6961309 (14.2933%)
entry 996000/6961309 (14.3077%)
entry 997000/6961309 (14.322%)
entry 998000/6961309 (14.3364%)
entry 1001000/6961309 (14.3795%)
entry 1004000/6961309 (14.4226%)
entry 1006000/6961309 (14.4513%)
entry 1007000/6961309 (14.4657%)
entry 1008000/6961309 (14.48%)
entry 1009000/6961309 (14.4944%)
entry 1010000/6961309 (14.5088%)
entry 1012000/6961309 (14.5375%)
entry 1013000/6961309 (14.5519%)
entry 1014000/6961309 (14.5662%)
entry 1018000/6961309 (14.6237%)
entry 1019000/6961309 (14.6381%)
entry 1020000/6961309 (14.6524%)
entry 1021000/6961309 (14.6668%)
entry 1025000/6961309 (14.7242%)
entry 1027000/6961309 (14.753%)
entry 1028000/6961309 (14.7673%)
entry 1029000/6961309 (14.7817%)
entry 1030000/6961309 (14.7961%)
entry 1031000/6961309 (14.8104%)
entry 1032000/6961309 (14.8248%)
entry 1033000/6961309 (14.8392%)
entry 1034000/6961309 (14.8535%)
entry 1035000/6961309 (14.8679%)
entry 1037000/6961309 (14.8966%)
entry 1039000/6961309 (14.9254%)
entry 1040000/6961309 (14.9397%)
entry 1041000/6961309 (14.9541%)
entry 1042000/6961309 (14.9684%)
entry 1043000/6961309 (14.9828%)
entry 1044000/6961309 (14.9972%)
entry 1045000/6961309 (15.0115%)
entry 1046000/6961309 (15.0259%)
entry 1047000/6961309 (15.0403%)
entry 1048000/6961309 (15.0546%)
entry 1050000/6961309 (15.0834%)
entry 1051000/6961309 (15.0977%)
entry 1052000/6961309 (15.1121%)
entry 1053000/6961309 (15.1265%)
entry 1056000/6961309 (15.1696%)
entry 1057000/6961309 (15.1839%)
entry 1060000/6961309 (15.227%)
entry 1061000/6961309 (15.2414%)
entry 1062000/6961309 (15.2558%)
entry 1064000/6961309 (15.2845%)
entry 1065000/6961309 (15.2988%)
entry 1066000/6961309 (15.3132%)
entry 1067000/6961309 (15.3276%)
entry 1070000/6961309 (15.3707%)
entry 1071000/6961309 (15.385%)
entry 1072000/6961309 (15.3994%)
entry 1074000/6961309 (15.4281%)
entry 1075000/6961309 (15.4425%)
entry 1076000/6961309 (15.4569%)
entry 1078000/6961309 (15.4856%)
entry 1083000/6961309 (15.5574%)
entry 1084000/6961309 (15.5718%)
entry 1085000/6961309 (15.5861%)
entry 1088000/6961309 (15.6292%)
entry 1089000/6961309 (15.6436%)
entry 1091000/6961309 (15.6723%)
entry 1092000/6961309 (15.6867%)
entry 1093000/6961309 (15.7011%)
entry 1094000/6961309 (15.7154%)
entry 1096000/6961309 (15.7442%)
entry 1098000/6961309 (15.7729%)
entry 1099000/6961309 (15.7873%)
entry 1100000/6961309 (15.8016%)
entry 1103000/6961309 (15.8447%)
entry 1104000/6961309 (15.8591%)
entry 1106000/6961309 (15.8878%)
entry 1107000/6961309 (15.9022%)
entry 1110000/6961309 (15.9453%)
entry 1111000/6961309 (15.9596%)
entry 1112000/6961309 (15.974%)
entry 1116000/6961309 (16.0315%)
entry 1118000/6961309 (16.0602%)
entry 1121000/6961309 (16.1033%)
entry 1124000/6961309 (16.1464%)
entry 1126000/6961309 (16.1751%)
entry 1128000/6961309 (16.2038%)
entry 1129000/6961309 (16.2182%)
entry 1130000/6961309 (16.2326%)
entry 1132000/6961309 (16.2613%)
entry 1133000/6961309 (16.2757%)
entry 1134000/6961309 (16.29%)
entry 1138000/6961309 (16.3475%)
entry 1139000/6961309 (16.3619%)
entry 1140000/6961309 (16.3762%)
entry 1142000/6961309 (16.405%)
entry 1145000/6961309 (16.4481%)
entry 1147000/6961309 (16.4768%)
entry 1149000/6961309 (16.5055%)
entry 1150000/6961309 (16.5199%)
entry 1151000/6961309 (16.5342%)
entry 1154000/6961309 (16.5773%)
entry 1156000/6961309 (16.6061%)
entry 1157000/6961309 (16.6204%)
entry 1160000/6961309 (16.6635%)
entry 1165000/6961309 (16.7354%)
entry 1166000/6961309 (16.7497%)
entry 1167000/6961309 (16.7641%)
entry 1168000/6961309 (16.7785%)
entry 1169000/6961309 (16.7928%)
entry 1170000/6961309 (16.8072%)
entry 1172000/6961309 (16.8359%)
entry 1173000/6961309 (16.8503%)
entry 1174000/6961309 (16.8646%)
entry 1175000/6961309 (16.879%)
entry 1177000/6961309 (16.9077%)
entry 1178000/6961309 (16.9221%)
entry 1180000/6961309 (16.9508%)
entry 1181000/6961309 (16.9652%)
entry 1183000/6961309 (16.9939%)
entry 1185000/6961309 (17.0227%)
entry 1187000/6961309 (17.0514%)
entry 1188000/6961309 (17.0658%)
entry 1189000/6961309 (17.0801%)
entry 1190000/6961309 (17.0945%)
entry 1191000/6961309 (17.1089%)
entry 1194000/6961309 (17.1519%)
entry 1195000/6961309 (17.1663%)
entry 1197000/6961309 (17.195%)
entry 1198000/6961309 (17.2094%)
entry 1199000/6961309 (17.2238%)
entry 1200000/6961309 (17.2381%)
entry 1201000/6961309 (17.2525%)
entry 1202000/6961309 (17.2669%)
entry 1203000/6961309 (17.2812%)
entry 1205000/6961309 (17.31%)
entry 1209000/6961309 (17.3674%)
entry 1210000/6961309 (17.3818%)
entry 1211000/6961309 (17.3962%)
entry 1212000/6961309 (17.4105%)
entry 1215000/6961309 (17.4536%)
entry 1216000/6961309 (17.468%)
entry 1217000/6961309 (17.4823%)
entry 1218000/6961309 (17.4967%)
entry 1219000/6961309 (17.5111%)
entry 1220000/6961309 (17.5254%)
entry 1221000/6961309 (17.5398%)
entry 1222000/6961309 (17.5542%)
entry 1224000/6961309 (17.5829%)
entry 1225000/6961309 (17.5973%)
entry 1226000/6961309 (17.6116%)
entry 1227000/6961309 (17.626%)
entry 1228000/6961309 (17.6404%)
entry 1229000/6961309 (17.6547%)
entry 1231000/6961309 (17.6835%)
entry 1233000/6961309 (17.7122%)
entry 1236000/6961309 (17.7553%)
entry 1238000/6961309 (17.784%)
entry 1240000/6961309 (17.8127%)
entry 1242000/6961309 (17.8415%)
entry 1243000/6961309 (17.8558%)
entry 1245000/6961309 (17.8846%)
entry 1248000/6961309 (17.9277%)
entry 1249000/6961309 (17.942%)
entry 1250000/6961309 (17.9564%)
entry 1251000/6961309 (17.9708%)
entry 1252000/6961309 (17.9851%)
entry 1253000/6961309 (17.9995%)
entry 1254000/6961309 (18.0139%)
entry 1255000/6961309 (18.0282%)
entry 1258000/6961309 (18.0713%)
entry 1259000/6961309 (18.0857%)
entry 1262000/6961309 (18.1288%)
entry 1264000/6961309 (18.1575%)
entry 1269000/6961309 (18.2293%)
entry 1271000/6961309 (18.2581%)
entry 1272000/6961309 (18.2724%)
entry 1274000/6961309 (18.3012%)
entry 1276000/6961309 (18.3299%)
entry 1278000/6961309 (18.3586%)
entry 1280000/6961309 (18.3873%)
entry 1281000/6961309 (18.4017%)
entry 1284000/6961309 (18.4448%)
entry 1285000/6961309 (18.4592%)
entry 1287000/6961309 (18.4879%)
entry 1288000/6961309 (18.5023%)
entry 1292000/6961309 (18.5597%)
entry 1294000/6961309 (18.5885%)
entry 1295000/6961309 (18.6028%)
entry 1296000/6961309 (18.6172%)
entry 1297000/6961309 (18.6316%)
entry 1302000/6961309 (18.7034%)
entry 1303000/6961309 (18.7177%)
entry 1306000/6961309 (18.7608%)
entry 1307000/6961309 (18.7752%)
entry 1308000/6961309 (18.7896%)
entry 1309000/6961309 (18.8039%)
entry 1311000/6961309 (18.8327%)
entry 1312000/6961309 (18.847%)
entry 1313000/6961309 (18.8614%)
entry 1315000/6961309 (18.8901%)
entry 1316000/6961309 (18.9045%)
entry 1317000/6961309 (18.9189%)
entry 1319000/6961309 (18.9476%)
entry 1320000/6961309 (18.962%)
entry 1322000/6961309 (18.9907%)
entry 1323000/6961309 (19.005%)
entry 1324000/6961309 (19.0194%)
entry 1325000/6961309 (19.0338%)
entry 1326000/6961309 (19.0481%)
entry 1327000/6961309 (19.0625%)
entry 1328000/6961309 (19.0769%)
entry 1334000/6961309 (19.1631%)
entry 1336000/6961309 (19.1918%)
entry 1337000/6961309 (19.2062%)
entry 1339000/6961309 (19.2349%)
entry 1340000/6961309 (19.2493%)
entry 1341000/6961309 (19.2636%)
entry 1342000/6961309 (19.278%)
entry 1343000/6961309 (19.2923%)
entry 1344000/6961309 (19.3067%)
entry 1346000/6961309 (19.3354%)
entry 1347000/6961309 (19.3498%)
entry 1348000/6961309 (19.3642%)
entry 1349000/6961309 (19.3785%)
entry 1350000/6961309 (19.3929%)
entry 1351000/6961309 (19.4073%)
entry 1359000/6961309 (19.5222%)
entry 1361000/6961309 (19.5509%)
entry 1367000/6961309 (19.6371%)
entry 1368000/6961309 (19.6515%)
entry 1370000/6961309 (19.6802%)
entry 1371000/6961309 (19.6946%)
entry 1373000/6961309 (19.7233%)
entry 1374000/6961309 (19.7377%)
entry 1375000/6961309 (19.752%)
entry 1376000/6961309 (19.7664%)
entry 1377000/6961309 (19.7808%)
entry 1378000/6961309 (19.7951%)
entry 1379000/6961309 (19.8095%)
entry 1381000/6961309 (19.8382%)
entry 1383000/6961309 (19.867%)
entry 1385000/6961309 (19.8957%)
entry 1386000/6961309 (19.91%)
entry 1387000/6961309 (19.9244%)
entry 1388000/6961309 (19.9388%)
entry 1390000/6961309 (19.9675%)
entry 1391000/6961309 (19.9819%)
entry 1392000/6961309 (19.9962%)
entry 1393000/6961309 (20.0106%)
entry 1394000/6961309 (20.025%)
entry 1395000/6961309 (20.0393%)
entry 1396000/6961309 (20.0537%)
entry 1397000/6961309 (20.0681%)
entry 1399000/6961309 (20.0968%)
entry 1403000/6961309 (20.1543%)
entry 1406000/6961309 (20.1974%)
entry 1407000/6961309 (20.2117%)
entry 1408000/6961309 (20.2261%)
entry 1409000/6961309 (20.2404%)
entry 1410000/6961309 (20.2548%)
entry 1411000/6961309 (20.2692%)
entry 1412000/6961309 (20.2835%)
entry 1414000/6961309 (20.3123%)
entry 1416000/6961309 (20.341%)
entry 1417000/6961309 (20.3554%)
entry 1418000/6961309 (20.3697%)
entry 1419000/6961309 (20.3841%)
entry 1420000/6961309 (20.3985%)
entry 1422000/6961309 (20.4272%)
entry 1423000/6961309 (20.4416%)
entry 1424000/6961309 (20.4559%)
entry 1425000/6961309 (20.4703%)
entry 1426000/6961309 (20.4847%)
entry 1427000/6961309 (20.499%)
entry 1428000/6961309 (20.5134%)
entry 1429000/6961309 (20.5277%)
entry 1430000/6961309 (20.5421%)
entry 1431000/6961309 (20.5565%)
entry 1434000/6961309 (20.5996%)
entry 1435000/6961309 (20.6139%)
entry 1436000/6961309 (20.6283%)
entry 1438000/6961309 (20.657%)
entry 1439000/6961309 (20.6714%)
entry 1441000/6961309 (20.7001%)
entry 1443000/6961309 (20.7289%)
entry 1444000/6961309 (20.7432%)
entry 1445000/6961309 (20.7576%)
entry 1447000/6961309 (20.7863%)
entry 1448000/6961309 (20.8007%)
entry 1450000/6961309 (20.8294%)
entry 1452000/6961309 (20.8581%)
entry 1455000/6961309 (20.9012%)
entry 1456000/6961309 (20.9156%)
entry 1458000/6961309 (20.9443%)
entry 1461000/6961309 (20.9874%)
entry 1462000/6961309 (21.0018%)
entry 1463000/6961309 (21.0162%)
entry 1465000/6961309 (21.0449%)
entry 1466000/6961309 (21.0593%)
entry 1469000/6961309 (21.1024%)
entry 1470000/6961309 (21.1167%)
entry 1473000/6961309 (21.1598%)
entry 1477000/6961309 (21.2173%)
entry 1481000/6961309 (21.2747%)
entry 1482000/6961309 (21.2891%)
entry 1487000/6961309 (21.3609%)
entry 1489000/6961309 (21.3897%)
entry 1492000/6961309 (21.4327%)
entry 1494000/6961309 (21.4615%)
entry 1495000/6961309 (21.4758%)
entry 1496000/6961309 (21.4902%)
entry 1497000/6961309 (21.5046%)
entry 1498000/6961309 (21.5189%)
entry 1499000/6961309 (21.5333%)
entry 1501000/6961309 (21.562%)
entry 1503000/6961309 (21.5908%)
entry 1504000/6961309 (21.6051%)
entry 1505000/6961309 (21.6195%)
entry 1506000/6961309 (21.6339%)
entry 1508000/6961309 (21.6626%)
entry 1509000/6961309 (21.677%)
entry 1510000/6961309 (21.6913%)
entry 1511000/6961309 (21.7057%)
entry 1512000/6961309 (21.7201%)
entry 1514000/6961309 (21.7488%)
entry 1517000/6961309 (21.7919%)
entry 1518000/6961309 (21.8062%)
entry 1520000/6961309 (21.835%)
entry 1522000/6961309 (21.8637%)
entry 1523000/6961309 (21.8781%)
entry 1524000/6961309 (21.8924%)
entry 1525000/6961309 (21.9068%)
entry 1526000/6961309 (21.9212%)
entry 1527000/6961309 (21.9355%)
entry 1529000/6961309 (21.9643%)
entry 1532000/6961309 (22.0074%)
entry 1533000/6961309 (22.0217%)
entry 1534000/6961309 (22.0361%)
entry 1535000/6961309 (22.0505%)
entry 1536000/6961309 (22.0648%)
entry 1538000/6961309 (22.0935%)
entry 1541000/6961309 (22.1366%)
entry 1543000/6961309 (22.1654%)
entry 1544000/6961309 (22.1797%)
entry 1545000/6961309 (22.1941%)
entry 1547000/6961309 (22.2228%)
entry 1548000/6961309 (22.2372%)
entry 1549000/6961309 (22.2516%)
entry 1551000/6961309 (22.2803%)
entry 1552000/6961309 (22.2947%)
entry 1554000/6961309 (22.3234%)
entry 1555000/6961309 (22.3378%)
entry 1557000/6961309 (22.3665%)
entry 1558000/6961309 (22.3808%)
entry 1560000/6961309 (22.4096%)
entry 1561000/6961309 (22.4239%)
entry 1562000/6961309 (22.4383%)
entry 1563000/6961309 (22.4527%)
entry 1564000/6961309 (22.467%)
entry 1565000/6961309 (22.4814%)
entry 1566000/6961309 (22.4958%)
entry 1568000/6961309 (22.5245%)
entry 1569000/6961309 (22.5389%)
entry 1570000/6961309 (22.5532%)
entry 1571000/6961309 (22.5676%)
entry 1573000/6961309 (22.5963%)
entry 1575000/6961309 (22.6251%)
entry 1576000/6961309 (22.6394%)
entry 1577000/6961309 (22.6538%)
entry 1579000/6961309 (22.6825%)
entry 1580000/6961309 (22.6969%)
entry 1581000/6961309 (22.7112%)
entry 1582000/6961309 (22.7256%)
entry 1585000/6961309 (22.7687%)
entry 1586000/6961309 (22.7831%)
entry 1587000/6961309 (22.7974%)
entry 1588000/6961309 (22.8118%)
entry 1591000/6961309 (22.8549%)
entry 1592000/6961309 (22.8693%)
entry 1593000/6961309 (22.8836%)
entry 1595000/6961309 (22.9124%)
entry 1598000/6961309 (22.9555%)
entry 1599000/6961309 (22.9698%)
entry 1600000/6961309 (22.9842%)
entry 1602000/6961309 (23.0129%)
entry 1603000/6961309 (23.0273%)
entry 1605000/6961309 (23.056%)
entry 1607000/6961309 (23.0847%)
entry 1608000/6961309 (23.0991%)
entry 1609000/6961309 (23.1135%)
entry 1610000/6961309 (23.1278%)
entry 1611000/6961309 (23.1422%)
entry 1614000/6961309 (23.1853%)
entry 1616000/6961309 (23.214%)
entry 1617000/6961309 (23.2284%)
entry 1620000/6961309 (23.2715%)
entry 1621000/6961309 (23.2859%)
entry 1622000/6961309 (23.3002%)
entry 1623000/6961309 (23.3146%)
entry 1624000/6961309 (23.3289%)
entry 1627000/6961309 (23.372%)
entry 1628000/6961309 (23.3864%)
entry 1630000/6961309 (23.4151%)
entry 1631000/6961309 (23.4295%)
entry 1632000/6961309 (23.4439%)
entry 1633000/6961309 (23.4582%)
entry 1634000/6961309 (23.4726%)
entry 1635000/6961309 (23.487%)
entry 1638000/6961309 (23.5301%)
entry 1639000/6961309 (23.5444%)
entry 1641000/6961309 (23.5732%)
entry 1642000/6961309 (23.5875%)
entry 1643000/6961309 (23.6019%)
entry 1644000/6961309 (23.6162%)
entry 1645000/6961309 (23.6306%)
entry 1646000/6961309 (23.645%)
entry 1648000/6961309 (23.6737%)
entry 1655000/6961309 (23.7743%)
entry 1657000/6961309 (23.803%)
entry 1658000/6961309 (23.8174%)
entry 1662000/6961309 (23.8748%)
entry 1663000/6961309 (23.8892%)
entry 1665000/6961309 (23.9179%)
entry 1668000/6961309 (23.961%)
entry 1670000/6961309 (23.9897%)
entry 1672000/6961309 (24.0185%)
entry 1675000/6961309 (24.0616%)
entry 1676000/6961309 (24.0759%)
entry 1677000/6961309 (24.0903%)
entry 1680000/6961309 (24.1334%)
entry 1684000/6961309 (24.1909%)
entry 1686000/6961309 (24.2196%)
entry 1687000/6961309 (24.2339%)
entry 1688000/6961309 (24.2483%)
entry 1690000/6961309 (24.277%)
entry 1691000/6961309 (24.2914%)
entry 1692000/6961309 (24.3058%)
entry 1693000/6961309 (24.3201%)
entry 1694000/6961309 (24.3345%)
entry 1695000/6961309 (24.3489%)
entry 1696000/6961309 (24.3632%)
entry 1697000/6961309 (24.3776%)
entry 1698000/6961309 (24.392%)
entry 1699000/6961309 (24.4063%)
entry 1700000/6961309 (24.4207%)
entry 1703000/6961309 (24.4638%)
entry 1704000/6961309 (24.4782%)
entry 1705000/6961309 (24.4925%)
entry 1706000/6961309 (24.5069%)
entry 1707000/6961309 (24.5212%)
entry 1708000/6961309 (24.5356%)
entry 1711000/6961309 (24.5787%)
entry 1713000/6961309 (24.6074%)
entry 1715000/6961309 (24.6362%)
entry 1717000/6961309 (24.6649%)
entry 1720000/6961309 (24.708%)
entry 1721000/6961309 (24.7224%)
entry 1722000/6961309 (24.7367%)
entry 1723000/6961309 (24.7511%)
entry 1725000/6961309 (24.7798%)
entry 1726000/6961309 (24.7942%)
entry 1727000/6961309 (24.8086%)
entry 1728000/6961309 (24.8229%)
entry 1729000/6961309 (24.8373%)
entry 1730000/6961309 (24.8516%)
entry 1732000/6961309 (24.8804%)
entry 1735000/6961309 (24.9235%)
entry 1738000/6961309 (24.9666%)
entry 1739000/6961309 (24.9809%)
entry 1740000/6961309 (24.9953%)
entry 1742000/6961309 (25.024%)
entry 1747000/6961309 (25.0959%)
entry 1749000/6961309 (25.1246%)
entry 1750000/6961309 (25.139%)
entry 1751000/6961309 (25.1533%)
entry 1752000/6961309 (25.1677%)
entry 1753000/6961309 (25.182%)
entry 1754000/6961309 (25.1964%)
entry 1755000/6961309 (25.2108%)
entry 1756000/6961309 (25.2251%)
entry 1758000/6961309 (25.2539%)
entry 1759000/6961309 (25.2682%)
entry 1760000/6961309 (25.2826%)
entry 1763000/6961309 (25.3257%)
entry 1764000/6961309 (25.3401%)
entry 1765000/6961309 (25.3544%)
entry 1767000/6961309 (25.3832%)
entry 1768000/6961309 (25.3975%)
entry 1770000/6961309 (25.4263%)
entry 1771000/6961309 (25.4406%)
entry 1772000/6961309 (25.455%)
entry 1775000/6961309 (25.4981%)
entry 1776000/6961309 (25.5124%)
entry 1778000/6961309 (25.5412%)
entry 1780000/6961309 (25.5699%)
entry 1782000/6961309 (25.5986%)
entry 1785000/6961309 (25.6417%)
entry 1787000/6961309 (25.6705%)
entry 1788000/6961309 (25.6848%)
entry 1794000/6961309 (25.771%)
entry 1795000/6961309 (25.7854%)
entry 1796000/6961309 (25.7997%)
entry 1797000/6961309 (25.8141%)
entry 1798000/6961309 (25.8285%)
entry 1807000/6961309 (25.9578%)
entry 1808000/6961309 (25.9721%)
entry 1809000/6961309 (25.9865%)
entry 1810000/6961309 (26.0009%)
entry 1811000/6961309 (26.0152%)
entry 1814000/6961309 (26.0583%)
entry 1815000/6961309 (26.0727%)
entry 1816000/6961309 (26.087%)
entry 1821000/6961309 (26.1589%)
entry 1822000/6961309 (26.1732%)
entry 1823000/6961309 (26.1876%)
entry 1825000/6961309 (26.2163%)
entry 1826000/6961309 (26.2307%)
entry 1827000/6961309 (26.2451%)
entry 1828000/6961309 (26.2594%)
entry 1830000/6961309 (26.2882%)
entry 1831000/6961309 (26.3025%)
entry 1834000/6961309 (26.3456%)
entry 1836000/6961309 (26.3743%)
entry 1839000/6961309 (26.4174%)
entry 1840000/6961309 (26.4318%)
entry 1841000/6961309 (26.4462%)
entry 1842000/6961309 (26.4605%)
entry 1843000/6961309 (26.4749%)
entry 1846000/6961309 (26.518%)
entry 1847000/6961309 (26.5324%)
entry 1848000/6961309 (26.5467%)
entry 1849000/6961309 (26.5611%)
entry 1850000/6961309 (26.5755%)
entry 1852000/6961309 (26.6042%)
entry 1853000/6961309 (26.6186%)
entry 1854000/6961309 (26.6329%)
entry 1855000/6961309 (26.6473%)
entry 1859000/6961309 (26.7047%)
entry 1861000/6961309 (26.7335%)
entry 1862000/6961309 (26.7478%)
entry 1863000/6961309 (26.7622%)
entry 1865000/6961309 (26.7909%)
entry 1867000/6961309 (26.8197%)
entry 1868000/6961309 (26.834%)
entry 1869000/6961309 (26.8484%)
entry 1870000/6961309 (26.8628%)
entry 1871000/6961309 (26.8771%)
entry 1877000/6961309 (26.9633%)
entry 1879000/6961309 (26.992%)
entry 1880000/6961309 (27.0064%)
entry 1881000/6961309 (27.0208%)
entry 1882000/6961309 (27.0351%)
entry 1883000/6961309 (27.0495%)
entry 1884000/6961309 (27.0639%)
entry 1885000/6961309 (27.0782%)
entry 1886000/6961309 (27.0926%)
entry 1887000/6961309 (27.107%)
entry 1888000/6961309 (27.1213%)
entry 1890000/6961309 (27.1501%)
entry 1896000/6961309 (27.2363%)
entry 1897000/6961309 (27.2506%)
entry 1898000/6961309 (27.265%)
entry 1900000/6961309 (27.2937%)
entry 1901000/6961309 (27.3081%)
entry 1903000/6961309 (27.3368%)
entry 1904000/6961309 (27.3512%)
entry 1905000/6961309 (27.3655%)
entry 1906000/6961309 (27.3799%)
entry 1907000/6961309 (27.3943%)
entry 1910000/6961309 (27.4374%)
entry 1911000/6961309 (27.4517%)
entry 1912000/6961309 (27.4661%)
entry 1913000/6961309 (27.4805%)
entry 1915000/6961309 (27.5092%)
entry 1917000/6961309 (27.5379%)
entry 1918000/6961309 (27.5523%)
entry 1919000/6961309 (27.5667%)
entry 1920000/6961309 (27.581%)
entry 1921000/6961309 (27.5954%)
entry 1922000/6961309 (27.6098%)
entry 1927000/6961309 (27.6816%)
entry 1929000/6961309 (27.7103%)
entry 1930000/6961309 (27.7247%)
entry 1933000/6961309 (27.7678%)
entry 1934000/6961309 (27.7821%)
entry 1936000/6961309 (27.8109%)
entry 1938000/6961309 (27.8396%)
entry 1939000/6961309 (27.854%)
entry 1941000/6961309 (27.8827%)
entry 1942000/6961309 (27.8971%)
entry 1943000/6961309 (27.9114%)
entry 1944000/6961309 (27.9258%)
entry 1947000/6961309 (27.9689%)
entry 1948000/6961309 (27.9832%)
entry 1949000/6961309 (27.9976%)
entry 1950000/6961309 (28.012%)
entry 1951000/6961309 (28.0263%)
entry 1953000/6961309 (28.0551%)
entry 1955000/6961309 (28.0838%)
entry 1957000/6961309 (28.1125%)
entry 1961000/6961309 (28.17%)
entry 1962000/6961309 (28.1844%)
entry 1965000/6961309 (28.2274%)
entry 1968000/6961309 (28.2705%)
entry 1971000/6961309 (28.3136%)
entry 1973000/6961309 (28.3424%)
entry 1974000/6961309 (28.3567%)
entry 1976000/6961309 (28.3855%)
entry 1977000/6961309 (28.3998%)
entry 1978000/6961309 (28.4142%)
entry 1979000/6961309 (28.4286%)
entry 1983000/6961309 (28.486%)
entry 1984000/6961309 (28.5004%)
entry 1986000/6961309 (28.5291%)
entry 1988000/6961309 (28.5578%)
entry 1989000/6961309 (28.5722%)
entry 1990000/6961309 (28.5866%)
entry 1992000/6961309 (28.6153%)
entry 1994000/6961309 (28.644%)
entry 1995000/6961309 (28.6584%)
entry 2001000/6961309 (28.7446%)
entry 2002000/6961309 (28.759%)
entry 2006000/6961309 (28.8164%)
entry 2010000/6961309 (28.8739%)
entry 2011000/6961309 (28.8882%)
entry 2013000/6961309 (28.917%)
entry 2014000/6961309 (28.9313%)
entry 2016000/6961309 (28.9601%)
entry 2017000/6961309 (28.9744%)
entry 2018000/6961309 (28.9888%)
entry 2019000/6961309 (29.0032%)
entry 2020000/6961309 (29.0175%)
entry 2021000/6961309 (29.0319%)
entry 2024000/6961309 (29.075%)
entry 2025000/6961309 (29.0894%)
entry 2027000/6961309 (29.1181%)
entry 2028000/6961309 (29.1325%)
entry 2029000/6961309 (29.1468%)
entry 2031000/6961309 (29.1755%)
entry 2033000/6961309 (29.2043%)
entry 2034000/6961309 (29.2186%)
entry 2037000/6961309 (29.2617%)
entry 2038000/6961309 (29.2761%)
entry 2039000/6961309 (29.2905%)
entry 2042000/6961309 (29.3336%)
entry 2043000/6961309 (29.3479%)
entry 2044000/6961309 (29.3623%)
entry 2046000/6961309 (29.391%)
entry 2049000/6961309 (29.4341%)
entry 2050000/6961309 (29.4485%)
entry 2053000/6961309 (29.4916%)
entry 2054000/6961309 (29.5059%)
entry 2056000/6961309 (29.5347%)
entry 2058000/6961309 (29.5634%)
entry 2060000/6961309 (29.5921%)
entry 2063000/6961309 (29.6352%)
entry 2064000/6961309 (29.6496%)
entry 2065000/6961309 (29.664%)
entry 2066000/6961309 (29.6783%)
entry 2067000/6961309 (29.6927%)
entry 2068000/6961309 (29.7071%)
entry 2071000/6961309 (29.7502%)
entry 2072000/6961309 (29.7645%)
entry 2073000/6961309 (29.7789%)
entry 2074000/6961309 (29.7932%)
entry 2075000/6961309 (29.8076%)
entry 2079000/6961309 (29.8651%)
entry 2080000/6961309 (29.8794%)
entry 2081000/6961309 (29.8938%)
entry 2082000/6961309 (29.9082%)
entry 2083000/6961309 (29.9225%)
entry 2084000/6961309 (29.9369%)
entry 2086000/6961309 (29.9656%)
entry 2087000/6961309 (29.98%)
entry 2089000/6961309 (30.0087%)
entry 2090000/6961309 (30.0231%)
entry 2091000/6961309 (30.0375%)
entry 2094000/6961309 (30.0806%)
entry 2095000/6961309 (30.0949%)
entry 2096000/6961309 (30.1093%)
entry 2097000/6961309 (30.1236%)
entry 2099000/6961309 (30.1524%)
entry 2100000/6961309 (30.1667%)
entry 2101000/6961309 (30.1811%)
entry 2106000/6961309 (30.2529%)
entry 2107000/6961309 (30.2673%)
entry 2109000/6961309 (30.296%)
entry 2111000/6961309 (30.3248%)
entry 2113000/6961309 (30.3535%)
entry 2114000/6961309 (30.3679%)
entry 2115000/6961309 (30.3822%)
entry 2116000/6961309 (30.3966%)
entry 2118000/6961309 (30.4253%)
entry 2119000/6961309 (30.4397%)
entry 2120000/6961309 (30.454%)
entry 2121000/6961309 (30.4684%)
entry 2122000/6961309 (30.4828%)
entry 2123000/6961309 (30.4971%)
entry 2124000/6961309 (30.5115%)
entry 2126000/6961309 (30.5402%)
entry 2128000/6961309 (30.569%)
entry 2130000/6961309 (30.5977%)
entry 2133000/6961309 (30.6408%)
entry 2134000/6961309 (30.6552%)
entry 2139000/6961309 (30.727%)
entry 2141000/6961309 (30.7557%)
entry 2143000/6961309 (30.7844%)
entry 2145000/6961309 (30.8132%)
entry 2146000/6961309 (30.8275%)
entry 2148000/6961309 (30.8563%)
entry 2151000/6961309 (30.8994%)
entry 2152000/6961309 (30.9137%)
entry 2155000/6961309 (30.9568%)
entry 2156000/6961309 (30.9712%)
entry 2158000/6961309 (30.9999%)
entry 2159000/6961309 (31.0143%)
entry 2160000/6961309 (31.0286%)
entry 2161000/6961309 (31.043%)
entry 2162000/6961309 (31.0574%)
entry 2163000/6961309 (31.0717%)
entry 2164000/6961309 (31.0861%)
entry 2166000/6961309 (31.1148%)
entry 2167000/6961309 (31.1292%)
entry 2168000/6961309 (31.1436%)
entry 2169000/6961309 (31.1579%)
entry 2170000/6961309 (31.1723%)
entry 2173000/6961309 (31.2154%)
entry 2177000/6961309 (31.2729%)
entry 2178000/6961309 (31.2872%)
entry 2179000/6961309 (31.3016%)
entry 2180000/6961309 (31.3159%)
entry 2181000/6961309 (31.3303%)
entry 2183000/6961309 (31.359%)
entry 2185000/6961309 (31.3878%)
entry 2187000/6961309 (31.4165%)
entry 2189000/6961309 (31.4452%)
entry 2190000/6961309 (31.4596%)
entry 2191000/6961309 (31.474%)
entry 2192000/6961309 (31.4883%)
entry 2193000/6961309 (31.5027%)
entry 2195000/6961309 (31.5314%)
entry 2196000/6961309 (31.5458%)
entry 2197000/6961309 (31.5602%)
entry 2198000/6961309 (31.5745%)
entry 2199000/6961309 (31.5889%)
entry 2201000/6961309 (31.6176%)
entry 2203000/6961309 (31.6463%)
entry 2205000/6961309 (31.6751%)
entry 2207000/6961309 (31.7038%)
entry 2208000/6961309 (31.7182%)
entry 2209000/6961309 (31.7325%)
entry 2210000/6961309 (31.7469%)
entry 2212000/6961309 (31.7756%)
entry 2213000/6961309 (31.79%)
entry 2214000/6961309 (31.8044%)
entry 2216000/6961309 (31.8331%)
entry 2217000/6961309 (31.8475%)
entry 2218000/6961309 (31.8618%)
entry 2220000/6961309 (31.8906%)
entry 2221000/6961309 (31.9049%)
entry 2222000/6961309 (31.9193%)
entry 2223000/6961309 (31.9337%)
entry 2225000/6961309 (31.9624%)
entry 2226000/6961309 (31.9767%)
entry 2227000/6961309 (31.9911%)
entry 2229000/6961309 (32.0198%)
entry 2230000/6961309 (32.0342%)
entry 2234000/6961309 (32.0917%)
entry 2236000/6961309 (32.1204%)
entry 2237000/6961309 (32.1348%)
entry 2238000/6961309 (32.1491%)
entry 2239000/6961309 (32.1635%)
entry 2240000/6961309 (32.1779%)
entry 2241000/6961309 (32.1922%)
entry 2242000/6961309 (32.2066%)
entry 2243000/6961309 (32.221%)
entry 2244000/6961309 (32.2353%)
entry 2245000/6961309 (32.2497%)
entry 2246000/6961309 (32.264%)
entry 2247000/6961309 (32.2784%)
entry 2248000/6961309 (32.2928%)
entry 2252000/6961309 (32.3502%)
entry 2253000/6961309 (32.3646%)
entry 2255000/6961309 (32.3933%)
entry 2256000/6961309 (32.4077%)
entry 2257000/6961309 (32.4221%)
entry 2258000/6961309 (32.4364%)
entry 2259000/6961309 (32.4508%)
entry 2260000/6961309 (32.4652%)
entry 2263000/6961309 (32.5083%)
entry 2265000/6961309 (32.537%)
entry 2266000/6961309 (32.5513%)
entry 2267000/6961309 (32.5657%)
entry 2268000/6961309 (32.5801%)
entry 2275000/6961309 (32.6806%)
entry 2276000/6961309 (32.695%)
entry 2277000/6961309 (32.7094%)
entry 2279000/6961309 (32.7381%)
entry 2280000/6961309 (32.7525%)
entry 2281000/6961309 (32.7668%)
entry 2282000/6961309 (32.7812%)
entry 2284000/6961309 (32.8099%)
entry 2287000/6961309 (32.853%)
entry 2290000/6961309 (32.8961%)
entry 2291000/6961309 (32.9105%)
entry 2292000/6961309 (32.9248%)
entry 2293000/6961309 (32.9392%)
entry 2294000/6961309 (32.9536%)
entry 2296000/6961309 (32.9823%)
entry 2300000/6961309 (33.0398%)
entry 2302000/6961309 (33.0685%)
entry 2303000/6961309 (33.0829%)
entry 2304000/6961309 (33.0972%)
entry 2306000/6961309 (33.126%)
entry 2307000/6961309 (33.1403%)
entry 2312000/6961309 (33.2121%)
entry 2313000/6961309 (33.2265%)
entry 2315000/6961309 (33.2552%)
entry 2316000/6961309 (33.2696%)
entry 2317000/6961309 (33.284%)
entry 2318000/6961309 (33.2983%)
entry 2319000/6961309 (33.3127%)
entry 2325000/6961309 (33.3989%)
entry 2328000/6961309 (33.442%)
entry 2329000/6961309 (33.4564%)
entry 2331000/6961309 (33.4851%)
entry 2332000/6961309 (33.4994%)
entry 2333000/6961309 (33.5138%)
entry 2334000/6961309 (33.5282%)
entry 2335000/6961309 (33.5425%)
entry 2336000/6961309 (33.5569%)
entry 2337000/6961309 (33.5713%)
entry 2338000/6961309 (33.5856%)
entry 2339000/6961309 (33.6%)
entry 2342000/6961309 (33.6431%)
entry 2343000/6961309 (33.6575%)
entry 2344000/6961309 (33.6718%)
entry 2345000/6961309 (33.6862%)
entry 2348000/6961309 (33.7293%)
entry 2349000/6961309 (33.7437%)
entry 2351000/6961309 (33.7724%)
entry 2352000/6961309 (33.7867%)
entry 2353000/6961309 (33.8011%)
entry 2355000/6961309 (33.8298%)
entry 2357000/6961309 (33.8586%)
entry 2360000/6961309 (33.9017%)
entry 2363000/6961309 (33.9448%)
entry 2364000/6961309 (33.9591%)
entry 2366000/6961309 (33.9879%)
entry 2367000/6961309 (34.0022%)
entry 2368000/6961309 (34.0166%)
entry 2370000/6961309 (34.0453%)
entry 2371000/6961309 (34.0597%)
entry 2374000/6961309 (34.1028%)
entry 2377000/6961309 (34.1459%)
entry 2378000/6961309 (34.1602%)
entry 2379000/6961309 (34.1746%)
entry 2380000/6961309 (34.189%)
entry 2382000/6961309 (34.2177%)
entry 2384000/6961309 (34.2464%)
entry 2387000/6961309 (34.2895%)
entry 2390000/6961309 (34.3326%)
entry 2391000/6961309 (34.347%)
entry 2394000/6961309 (34.3901%)
entry 2395000/6961309 (34.4044%)
entry 2396000/6961309 (34.4188%)
entry 2398000/6961309 (34.4475%)
entry 2399000/6961309 (34.4619%)
entry 2402000/6961309 (34.505%)
entry 2403000/6961309 (34.5194%)
entry 2404000/6961309 (34.5337%)
entry 2405000/6961309 (34.5481%)
entry 2407000/6961309 (34.5768%)
entry 2408000/6961309 (34.5912%)
entry 2410000/6961309 (34.6199%)
entry 2411000/6961309 (34.6343%)
entry 2412000/6961309 (34.6487%)
entry 2413000/6961309 (34.663%)
entry 2414000/6961309 (34.6774%)
entry 2415000/6961309 (34.6918%)
entry 2416000/6961309 (34.7061%)
entry 2418000/6961309 (34.7348%)
entry 2419000/6961309 (34.7492%)
entry 2420000/6961309 (34.7636%)
entry 2424000/6961309 (34.821%)
entry 2425000/6961309 (34.8354%)
entry 2426000/6961309 (34.8498%)
entry 2427000/6961309 (34.8641%)
entry 2428000/6961309 (34.8785%)
entry 2430000/6961309 (34.9072%)
entry 2432000/6961309 (34.936%)
entry 2433000/6961309 (34.9503%)
entry 2434000/6961309 (34.9647%)
entry 2438000/6961309 (35.0221%)
entry 2439000/6961309 (35.0365%)
entry 2440000/6961309 (35.0509%)
entry 2441000/6961309 (35.0652%)
entry 2442000/6961309 (35.0796%)
entry 2443000/6961309 (35.094%)
entry 2444000/6961309 (35.1083%)
entry 2449000/6961309 (35.1802%)
entry 2450000/6961309 (35.1945%)
entry 2451000/6961309 (35.2089%)
entry 2452000/6961309 (35.2233%)
entry 2454000/6961309 (35.252%)
entry 2455000/6961309 (35.2664%)
entry 2456000/6961309 (35.2807%)
entry 2457000/6961309 (35.2951%)
entry 2458000/6961309 (35.3095%)
entry 2460000/6961309 (35.3382%)
entry 2464000/6961309 (35.3956%)
entry 2466000/6961309 (35.4244%)
entry 2467000/6961309 (35.4387%)
entry 2468000/6961309 (35.4531%)
entry 2469000/6961309 (35.4675%)
entry 2470000/6961309 (35.4818%)
entry 2472000/6961309 (35.5106%)
entry 2474000/6961309 (35.5393%)
entry 2476000/6961309 (35.568%)
entry 2477000/6961309 (35.5824%)
entry 2479000/6961309 (35.6111%)
entry 2481000/6961309 (35.6398%)
entry 2482000/6961309 (35.6542%)
entry 2483000/6961309 (35.6686%)
entry 2484000/6961309 (35.6829%)
entry 2486000/6961309 (35.7117%)
entry 2487000/6961309 (35.726%)
entry 2488000/6961309 (35.7404%)
entry 2489000/6961309 (35.7548%)
entry 2491000/6961309 (35.7835%)
entry 2494000/6961309 (35.8266%)
entry 2498000/6961309 (35.8841%)
entry 2499000/6961309 (35.8984%)
entry 2500000/6961309 (35.9128%)
entry 2501000/6961309 (35.9271%)
entry 2503000/6961309 (35.9559%)
entry 2505000/6961309 (35.9846%)
entry 2507000/6961309 (36.0133%)
entry 2510000/6961309 (36.0564%)
entry 2511000/6961309 (36.0708%)
entry 2512000/6961309 (36.0852%)
entry 2514000/6961309 (36.1139%)
entry 2515000/6961309 (36.1283%)
entry 2516000/6961309 (36.1426%)
entry 2518000/6961309 (36.1714%)
entry 2522000/6961309 (36.2288%)
entry 2523000/6961309 (36.2432%)
entry 2524000/6961309 (36.2576%)
entry 2526000/6961309 (36.2863%)
entry 2527000/6961309 (36.3006%)
entry 2532000/6961309 (36.3725%)
entry 2537000/6961309 (36.4443%)
entry 2538000/6961309 (36.4587%)
entry 2540000/6961309 (36.4874%)
entry 2541000/6961309 (36.5018%)
entry 2546000/6961309 (36.5736%)
entry 2548000/6961309 (36.6023%)
entry 2549000/6961309 (36.6167%)
entry 2551000/6961309 (36.6454%)
entry 2553000/6961309 (36.6741%)
entry 2554000/6961309 (36.6885%)
entry 2555000/6961309 (36.7029%)
entry 2556000/6961309 (36.7172%)
entry 2557000/6961309 (36.7316%)
entry 2562000/6961309 (36.8034%)
entry 2563000/6961309 (36.8178%)
entry 2567000/6961309 (36.8752%)
entry 2568000/6961309 (36.8896%)
entry 2569000/6961309 (36.904%)
entry 2571000/6961309 (36.9327%)
entry 2572000/6961309 (36.9471%)
entry 2574000/6961309 (36.9758%)
entry 2578000/6961309 (37.0333%)
entry 2579000/6961309 (37.0476%)
entry 2581000/6961309 (37.0764%)
entry 2584000/6961309 (37.1195%)
entry 2585000/6961309 (37.1338%)
entry 2586000/6961309 (37.1482%)
entry 2587000/6961309 (37.1626%)
entry 2589000/6961309 (37.1913%)
entry 2590000/6961309 (37.2056%)
entry 2592000/6961309 (37.2344%)
entry 2595000/6961309 (37.2775%)
entry 2599000/6961309 (37.3349%)
entry 2601000/6961309 (37.3637%)
entry 2603000/6961309 (37.3924%)
entry 2604000/6961309 (37.4068%)
entry 2606000/6961309 (37.4355%)
entry 2607000/6961309 (37.4499%)
entry 2608000/6961309 (37.4642%)
entry 2609000/6961309 (37.4786%)
entry 2610000/6961309 (37.4929%)
entry 2611000/6961309 (37.5073%)
entry 2613000/6961309 (37.536%)
entry 2614000/6961309 (37.5504%)
entry 2615000/6961309 (37.5648%)
entry 2616000/6961309 (37.5791%)
entry 2619000/6961309 (37.6222%)
entry 2622000/6961309 (37.6653%)
entry 2623000/6961309 (37.6797%)
entry 2624000/6961309 (37.6941%)
entry 2629000/6961309 (37.7659%)
entry 2630000/6961309 (37.7803%)
entry 2631000/6961309 (37.7946%)
entry 2632000/6961309 (37.809%)
entry 2633000/6961309 (37.8233%)
entry 2634000/6961309 (37.8377%)
entry 2637000/6961309 (37.8808%)
entry 2639000/6961309 (37.9095%)
entry 2643000/6961309 (37.967%)
entry 2644000/6961309 (37.9814%)
entry 2645000/6961309 (37.9957%)
entry 2647000/6961309 (38.0245%)
entry 2648000/6961309 (38.0388%)
entry 2649000/6961309 (38.0532%)
entry 2650000/6961309 (38.0676%)
entry 2651000/6961309 (38.0819%)
entry 2652000/6961309 (38.0963%)
entry 2654000/6961309 (38.125%)
entry 2656000/6961309 (38.1537%)
entry 2657000/6961309 (38.1681%)
entry 2659000/6961309 (38.1968%)
entry 2661000/6961309 (38.2256%)
entry 2663000/6961309 (38.2543%)
entry 2665000/6961309 (38.283%)
entry 2668000/6961309 (38.3261%)
entry 2669000/6961309 (38.3405%)
entry 2670000/6961309 (38.3549%)
entry 2672000/6961309 (38.3836%)
entry 2674000/6961309 (38.4123%)
entry 2675000/6961309 (38.4267%)
entry 2676000/6961309 (38.441%)
entry 2677000/6961309 (38.4554%)
entry 2679000/6961309 (38.4841%)
entry 2680000/6961309 (38.4985%)
entry 2681000/6961309 (38.5129%)
entry 2684000/6961309 (38.556%)
entry 2685000/6961309 (38.5703%)
entry 2686000/6961309 (38.5847%)
entry 2687000/6961309 (38.5991%)
entry 2690000/6961309 (38.6422%)
entry 2691000/6961309 (38.6565%)
entry 2692000/6961309 (38.6709%)
entry 2693000/6961309 (38.6853%)
entry 2694000/6961309 (38.6996%)
entry 2697000/6961309 (38.7427%)
entry 2699000/6961309 (38.7714%)
entry 2700000/6961309 (38.7858%)
entry 2701000/6961309 (38.8002%)
entry 2702000/6961309 (38.8145%)
entry 2704000/6961309 (38.8433%)
entry 2705000/6961309 (38.8576%)
entry 2706000/6961309 (38.872%)
entry 2708000/6961309 (38.9007%)
entry 2710000/6961309 (38.9295%)
entry 2712000/6961309 (38.9582%)
entry 2713000/6961309 (38.9726%)
entry 2715000/6961309 (39.0013%)
entry 2716000/6961309 (39.0157%)
entry 2717000/6961309 (39.03%)
entry 2718000/6961309 (39.0444%)
entry 2721000/6961309 (39.0875%)
entry 2723000/6961309 (39.1162%)
entry 2725000/6961309 (39.1449%)
entry 2726000/6961309 (39.1593%)
entry 2727000/6961309 (39.1737%)
entry 2730000/6961309 (39.2168%)
entry 2732000/6961309 (39.2455%)
entry 2733000/6961309 (39.2599%)
entry 2734000/6961309 (39.2742%)
entry 2735000/6961309 (39.2886%)
entry 2737000/6961309 (39.3173%)
entry 2738000/6961309 (39.3317%)
entry 2741000/6961309 (39.3748%)
entry 2745000/6961309 (39.4322%)
entry 2746000/6961309 (39.4466%)
entry 2748000/6961309 (39.4753%)
entry 2749000/6961309 (39.4897%)
entry 2751000/6961309 (39.5184%)
entry 2752000/6961309 (39.5328%)
entry 2755000/6961309 (39.5759%)
entry 2759000/6961309 (39.6334%)
entry 2760000/6961309 (39.6477%)
entry 2763000/6961309 (39.6908%)
entry 2764000/6961309 (39.7052%)
entry 2765000/6961309 (39.7195%)
entry 2766000/6961309 (39.7339%)
entry 2770000/6961309 (39.7914%)
entry 2771000/6961309 (39.8057%)
entry 2772000/6961309 (39.8201%)
entry 2774000/6961309 (39.8488%)
entry 2776000/6961309 (39.8776%)
entry 2777000/6961309 (39.8919%)
entry 2778000/6961309 (39.9063%)
entry 2779000/6961309 (39.9207%)
entry 2783000/6961309 (39.9781%)
entry 2785000/6961309 (40.0068%)
entry 2786000/6961309 (40.0212%)
entry 2789000/6961309 (40.0643%)
entry 2790000/6961309 (40.0787%)
entry 2791000/6961309 (40.093%)
entry 2792000/6961309 (40.1074%)
entry 2794000/6961309 (40.1361%)
entry 2796000/6961309 (40.1649%)
entry 2798000/6961309 (40.1936%)
entry 2799000/6961309 (40.208%)
entry 2800000/6961309 (40.2223%)
entry 2801000/6961309 (40.2367%)
entry 2802000/6961309 (40.251%)
entry 2804000/6961309 (40.2798%)
entry 2806000/6961309 (40.3085%)
entry 2807000/6961309 (40.3229%)
entry 2808000/6961309 (40.3372%)
entry 2810000/6961309 (40.366%)
entry 2811000/6961309 (40.3803%)
entry 2813000/6961309 (40.4091%)
entry 2814000/6961309 (40.4234%)
entry 2819000/6961309 (40.4953%)
entry 2820000/6961309 (40.5096%)
entry 2822000/6961309 (40.5384%)
entry 2823000/6961309 (40.5527%)
entry 2824000/6961309 (40.5671%)
entry 2825000/6961309 (40.5814%)
entry 2826000/6961309 (40.5958%)
entry 2827000/6961309 (40.6102%)
entry 2828000/6961309 (40.6245%)
entry 2829000/6961309 (40.6389%)
entry 2830000/6961309 (40.6533%)
entry 2833000/6961309 (40.6964%)
entry 2836000/6961309 (40.7395%)
entry 2837000/6961309 (40.7538%)
entry 2838000/6961309 (40.7682%)
entry 2844000/6961309 (40.8544%)
entry 2846000/6961309 (40.8831%)
entry 2847000/6961309 (40.8975%)
entry 2853000/6961309 (40.9837%)
entry 2854000/6961309 (40.998%)
entry 2855000/6961309 (41.0124%)
entry 2856000/6961309 (41.0268%)
entry 2857000/6961309 (41.0411%)
entry 2858000/6961309 (41.0555%)
entry 2859000/6961309 (41.0699%)
entry 2860000/6961309 (41.0842%)
entry 2861000/6961309 (41.0986%)
entry 2863000/6961309 (41.1273%)
entry 2865000/6961309 (41.1561%)
entry 2866000/6961309 (41.1704%)
entry 2867000/6961309 (41.1848%)
entry 2868000/6961309 (41.1991%)
entry 2870000/6961309 (41.2279%)
entry 2872000/6961309 (41.2566%)
entry 2873000/6961309 (41.271%)
entry 2876000/6961309 (41.3141%)
entry 2883000/6961309 (41.4146%)
entry 2885000/6961309 (41.4434%)
entry 2886000/6961309 (41.4577%)
entry 2887000/6961309 (41.4721%)
entry 2888000/6961309 (41.4865%)
entry 2892000/6961309 (41.5439%)
entry 2893000/6961309 (41.5583%)
entry 2896000/6961309 (41.6014%)
entry 2898000/6961309 (41.6301%)
entry 2899000/6961309 (41.6445%)
entry 2900000/6961309 (41.6588%)
entry 2901000/6961309 (41.6732%)
entry 2903000/6961309 (41.7019%)
entry 2904000/6961309 (41.7163%)
entry 2906000/6961309 (41.745%)
entry 2909000/6961309 (41.7881%)
entry 2912000/6961309 (41.8312%)
entry 2914000/6961309 (41.8599%)
entry 2915000/6961309 (41.8743%)
entry 2917000/6961309 (41.903%)
entry 2918000/6961309 (41.9174%)
entry 2919000/6961309 (41.9318%)
entry 2920000/6961309 (41.9461%)
entry 2921000/6961309 (41.9605%)
entry 2922000/6961309 (41.9749%)
entry 2923000/6961309 (41.9892%)
entry 2925000/6961309 (42.018%)
entry 2926000/6961309 (42.0323%)
entry 2928000/6961309 (42.0611%)
entry 2930000/6961309 (42.0898%)
entry 2931000/6961309 (42.1041%)
entry 2933000/6961309 (42.1329%)
entry 2934000/6961309 (42.1472%)
entry 2935000/6961309 (42.1616%)
entry 2936000/6961309 (42.176%)
entry 2940000/6961309 (42.2334%)
entry 2944000/6961309 (42.2909%)
entry 2946000/6961309 (42.3196%)
entry 2947000/6961309 (42.334%)
entry 2951000/6961309 (42.3915%)
entry 2953000/6961309 (42.4202%)
entry 2956000/6961309 (42.4633%)
entry 2957000/6961309 (42.4776%)
entry 2958000/6961309 (42.492%)
entry 2959000/6961309 (42.5064%)
entry 2960000/6961309 (42.5207%)
entry 2961000/6961309 (42.5351%)
entry 2962000/6961309 (42.5495%)
entry 2963000/6961309 (42.5638%)
entry 2964000/6961309 (42.5782%)
entry 2966000/6961309 (42.6069%)
entry 2967000/6961309 (42.6213%)
entry 2968000/6961309 (42.6357%)
entry 2970000/6961309 (42.6644%)
entry 2971000/6961309 (42.6788%)
entry 2972000/6961309 (42.6931%)
entry 2973000/6961309 (42.7075%)
entry 2975000/6961309 (42.7362%)
entry 2976000/6961309 (42.7506%)
entry 2977000/6961309 (42.7649%)
entry 2978000/6961309 (42.7793%)
entry 2979000/6961309 (42.7937%)
entry 2980000/6961309 (42.808%)
entry 2981000/6961309 (42.8224%)
entry 2985000/6961309 (42.8799%)
entry 2987000/6961309 (42.9086%)
entry 2988000/6961309 (42.923%)
entry 2989000/6961309 (42.9373%)
entry 2992000/6961309 (42.9804%)
entry 2993000/6961309 (42.9948%)
entry 2994000/6961309 (43.0092%)
entry 2998000/6961309 (43.0666%)
entry 2999000/6961309 (43.081%)
entry 3001000/6961309 (43.1097%)
entry 3002000/6961309 (43.1241%)
entry 3003000/6961309 (43.1384%)
entry 3004000/6961309 (43.1528%)
entry 3006000/6961309 (43.1815%)
entry 3007000/6961309 (43.1959%)
entry 3009000/6961309 (43.2246%)
entry 3011000/6961309 (43.2534%)
entry 3013000/6961309 (43.2821%)
entry 3014000/6961309 (43.2965%)
entry 3016000/6961309 (43.3252%)
entry 3018000/6961309 (43.3539%)
entry 3020000/6961309 (43.3826%)
entry 3021000/6961309 (43.397%)
entry 3022000/6961309 (43.4114%)
entry 3023000/6961309 (43.4257%)
entry 3025000/6961309 (43.4545%)
entry 3031000/6961309 (43.5407%)
entry 3034000/6961309 (43.5838%)
entry 3035000/6961309 (43.5981%)
entry 3036000/6961309 (43.6125%)
entry 3038000/6961309 (43.6412%)
entry 3039000/6961309 (43.6556%)
entry 3041000/6961309 (43.6843%)
entry 3043000/6961309 (43.713%)
entry 3044000/6961309 (43.7274%)
entry 3048000/6961309 (43.7849%)
entry 3049000/6961309 (43.7992%)
entry 3050000/6961309 (43.8136%)
entry 3051000/6961309 (43.828%)
entry 3054000/6961309 (43.8711%)
entry 3059000/6961309 (43.9429%)
entry 3061000/6961309 (43.9716%)
entry 3062000/6961309 (43.986%)
entry 3065000/6961309 (44.0291%)
entry 3066000/6961309 (44.0434%)
entry 3068000/6961309 (44.0722%)
entry 3071000/6961309 (44.1153%)
entry 3073000/6961309 (44.144%)
entry 3076000/6961309 (44.1871%)
entry 3077000/6961309 (44.2015%)
entry 3080000/6961309 (44.2446%)
entry 3083000/6961309 (44.2876%)
entry 3084000/6961309 (44.302%)
entry 3085000/6961309 (44.3164%)
entry 3086000/6961309 (44.3307%)
entry 3088000/6961309 (44.3595%)
entry 3089000/6961309 (44.3738%)
entry 3091000/6961309 (44.4026%)
entry 3093000/6961309 (44.4313%)
entry 3096000/6961309 (44.4744%)
entry 3101000/6961309 (44.5462%)
entry 3102000/6961309 (44.5606%)
entry 3103000/6961309 (44.5749%)
entry 3105000/6961309 (44.6037%)
entry 3106000/6961309 (44.618%)
entry 3107000/6961309 (44.6324%)
entry 3109000/6961309 (44.6611%)
entry 3110000/6961309 (44.6755%)
entry 3111000/6961309 (44.6899%)
entry 3112000/6961309 (44.7042%)
entry 3113000/6961309 (44.7186%)
entry 3114000/6961309 (44.733%)
entry 3116000/6961309 (44.7617%)
entry 3118000/6961309 (44.7904%)
entry 3119000/6961309 (44.8048%)
entry 3120000/6961309 (44.8192%)
entry 3121000/6961309 (44.8335%)
entry 3122000/6961309 (44.8479%)
entry 3124000/6961309 (44.8766%)
entry 3126000/6961309 (44.9053%)
entry 3127000/6961309 (44.9197%)
entry 3129000/6961309 (44.9484%)
entry 3130000/6961309 (44.9628%)
entry 3131000/6961309 (44.9772%)
entry 3132000/6961309 (44.9915%)
entry 3133000/6961309 (45.0059%)
entry 3135000/6961309 (45.0346%)
entry 3136000/6961309 (45.049%)
entry 3137000/6961309 (45.0634%)
entry 3138000/6961309 (45.0777%)
entry 3139000/6961309 (45.0921%)
entry 3140000/6961309 (45.1065%)
entry 3141000/6961309 (45.1208%)
entry 3142000/6961309 (45.1352%)
entry 3143000/6961309 (45.1496%)
entry 3147000/6961309 (45.207%)
entry 3151000/6961309 (45.2645%)
entry 3152000/6961309 (45.2788%)
entry 3153000/6961309 (45.2932%)
entry 3154000/6961309 (45.3076%)
entry 3155000/6961309 (45.3219%)
entry 3156000/6961309 (45.3363%)
entry 3159000/6961309 (45.3794%)
entry 3160000/6961309 (45.3938%)
entry 3161000/6961309 (45.4081%)
entry 3163000/6961309 (45.4369%)
entry 3165000/6961309 (45.4656%)
entry 3166000/6961309 (45.48%)
entry 3167000/6961309 (45.4943%)
entry 3168000/6961309 (45.5087%)
entry 3170000/6961309 (45.5374%)
entry 3171000/6961309 (45.5518%)
entry 3172000/6961309 (45.5661%)
entry 3176000/6961309 (45.6236%)
entry 3178000/6961309 (45.6523%)
entry 3180000/6961309 (45.6811%)
entry 3181000/6961309 (45.6954%)
entry 3182000/6961309 (45.7098%)
entry 3184000/6961309 (45.7385%)
entry 3185000/6961309 (45.7529%)
entry 3186000/6961309 (45.7673%)
entry 3191000/6961309 (45.8391%)
entry 3194000/6961309 (45.8822%)
entry 3197000/6961309 (45.9253%)
entry 3199000/6961309 (45.954%)
entry 3201000/6961309 (45.9827%)
entry 3202000/6961309 (45.9971%)
entry 3203000/6961309 (46.0115%)
entry 3204000/6961309 (46.0258%)
entry 3205000/6961309 (46.0402%)
entry 3206000/6961309 (46.0546%)
entry 3207000/6961309 (46.0689%)
entry 3208000/6961309 (46.0833%)
entry 3210000/6961309 (46.112%)
entry 3213000/6961309 (46.1551%)
entry 3214000/6961309 (46.1695%)
entry 3216000/6961309 (46.1982%)
entry 3218000/6961309 (46.2269%)
entry 3219000/6961309 (46.2413%)
entry 3220000/6961309 (46.2557%)
entry 3221000/6961309 (46.27%)
entry 3222000/6961309 (46.2844%)
entry 3224000/6961309 (46.3131%)
entry 3227000/6961309 (46.3562%)
entry 3229000/6961309 (46.385%)
entry 3230000/6961309 (46.3993%)
entry 3231000/6961309 (46.4137%)
entry 3234000/6961309 (46.4568%)
entry 3235000/6961309 (46.4711%)
entry 3236000/6961309 (46.4855%)
entry 3237000/6961309 (46.4999%)
entry 3239000/6961309 (46.5286%)
entry 3241000/6961309 (46.5573%)
entry 3242000/6961309 (46.5717%)
entry 3245000/6961309 (46.6148%)
entry 3247000/6961309 (46.6435%)
entry 3248000/6961309 (46.6579%)
entry 3249000/6961309 (46.6723%)
entry 3251000/6961309 (46.701%)
entry 3255000/6961309 (46.7584%)
entry 3256000/6961309 (46.7728%)
entry 3257000/6961309 (46.7872%)
entry 3258000/6961309 (46.8015%)
entry 3259000/6961309 (46.8159%)
entry 3260000/6961309 (46.8303%)
entry 3264000/6961309 (46.8877%)
entry 3265000/6961309 (46.9021%)
entry 3269000/6961309 (46.9596%)
entry 3270000/6961309 (46.9739%)
entry 3271000/6961309 (46.9883%)
entry 3272000/6961309 (47.0027%)
entry 3273000/6961309 (47.017%)
entry 3274000/6961309 (47.0314%)
entry 3275000/6961309 (47.0457%)
entry 3276000/6961309 (47.0601%)
entry 3278000/6961309 (47.0888%)
entry 3279000/6961309 (47.1032%)
entry 3281000/6961309 (47.1319%)
entry 3282000/6961309 (47.1463%)
entry 3283000/6961309 (47.1607%)
entry 3284000/6961309 (47.175%)
entry 3285000/6961309 (47.1894%)
entry 3286000/6961309 (47.2038%)
entry 3287000/6961309 (47.2181%)
entry 3288000/6961309 (47.2325%)
entry 3289000/6961309 (47.2469%)
entry 3290000/6961309 (47.2612%)
entry 3291000/6961309 (47.2756%)
entry 3294000/6961309 (47.3187%)
entry 3299000/6961309 (47.3905%)
entry 3300000/6961309 (47.4049%)
entry 3301000/6961309 (47.4192%)
entry 3302000/6961309 (47.4336%)
entry 3303000/6961309 (47.448%)
entry 3306000/6961309 (47.4911%)
entry 3308000/6961309 (47.5198%)
entry 3309000/6961309 (47.5342%)
entry 3310000/6961309 (47.5485%)
entry 3311000/6961309 (47.5629%)
entry 3313000/6961309 (47.5916%)
entry 3318000/6961309 (47.6635%)
entry 3319000/6961309 (47.6778%)
entry 3321000/6961309 (47.7065%)
entry 3322000/6961309 (47.7209%)
entry 3323000/6961309 (47.7353%)
entry 3324000/6961309 (47.7496%)
entry 3325000/6961309 (47.764%)
entry 3326000/6961309 (47.7784%)
entry 3327000/6961309 (47.7927%)
entry 3330000/6961309 (47.8358%)
entry 3331000/6961309 (47.8502%)
entry 3332000/6961309 (47.8646%)
entry 3334000/6961309 (47.8933%)
entry 3337000/6961309 (47.9364%)
entry 3340000/6961309 (47.9795%)
entry 3341000/6961309 (47.9938%)
entry 3345000/6961309 (48.0513%)
entry 3346000/6961309 (48.0657%)
entry 3347000/6961309 (48.08%)
entry 3348000/6961309 (48.0944%)
entry 3349000/6961309 (48.1088%)
entry 3350000/6961309 (48.1231%)
entry 3351000/6961309 (48.1375%)
entry 3354000/6961309 (48.1806%)
entry 3356000/6961309 (48.2093%)
entry 3357000/6961309 (48.2237%)
entry 3358000/6961309 (48.2381%)
entry 3359000/6961309 (48.2524%)
entry 3362000/6961309 (48.2955%)
entry 3363000/6961309 (48.3099%)
entry 3364000/6961309 (48.3242%)
entry 3365000/6961309 (48.3386%)
entry 3366000/6961309 (48.353%)
entry 3367000/6961309 (48.3673%)
entry 3368000/6961309 (48.3817%)
entry 3371000/6961309 (48.4248%)
entry 3372000/6961309 (48.4392%)
entry 3373000/6961309 (48.4535%)
entry 3374000/6961309 (48.4679%)
entry 3376000/6961309 (48.4966%)
entry 3377000/6961309 (48.511%)
entry 3378000/6961309 (48.5254%)
entry 3379000/6961309 (48.5397%)
entry 3380000/6961309 (48.5541%)
entry 3381000/6961309 (48.5685%)
entry 3382000/6961309 (48.5828%)
entry 3383000/6961309 (48.5972%)
entry 3384000/6961309 (48.6115%)
entry 3387000/6961309 (48.6546%)
entry 3391000/6961309 (48.7121%)
entry 3394000/6961309 (48.7552%)
entry 3396000/6961309 (48.7839%)
entry 3399000/6961309 (48.827%)
entry 3400000/6961309 (48.8414%)
entry 3401000/6961309 (48.8558%)
entry 3402000/6961309 (48.8701%)
entry 3404000/6961309 (48.8988%)
entry 3406000/6961309 (48.9276%)
entry 3409000/6961309 (48.9707%)
entry 3410000/6961309 (48.985%)
entry 3411000/6961309 (48.9994%)
entry 3412000/6961309 (49.0138%)
entry 3414000/6961309 (49.0425%)
entry 3415000/6961309 (49.0569%)
entry 3416000/6961309 (49.0712%)
entry 3418000/6961309 (49.1%)
entry 3420000/6961309 (49.1287%)
entry 3421000/6961309 (49.1431%)
entry 3423000/6961309 (49.1718%)
entry 3424000/6961309 (49.1862%)
entry 3425000/6961309 (49.2005%)
entry 3426000/6961309 (49.2149%)
entry 3429000/6961309 (49.258%)
entry 3430000/6961309 (49.2723%)
entry 3432000/6961309 (49.3011%)
entry 3433000/6961309 (49.3154%)
entry 3434000/6961309 (49.3298%)
entry 3436000/6961309 (49.3585%)
entry 3437000/6961309 (49.3729%)
entry 3439000/6961309 (49.4016%)
entry 3440000/6961309 (49.416%)
entry 3442000/6961309 (49.4447%)
entry 3443000/6961309 (49.4591%)
entry 3445000/6961309 (49.4878%)
entry 3446000/6961309 (49.5022%)
entry 3449000/6961309 (49.5453%)
entry 3451000/6961309 (49.574%)
entry 3452000/6961309 (49.5884%)
entry 3453000/6961309 (49.6027%)
entry 3456000/6961309 (49.6458%)
entry 3457000/6961309 (49.6602%)
entry 3458000/6961309 (49.6746%)
entry 3464000/6961309 (49.7608%)
entry 3466000/6961309 (49.7895%)
entry 3467000/6961309 (49.8039%)
entry 3468000/6961309 (49.8182%)
entry 3469000/6961309 (49.8326%)
entry 3470000/6961309 (49.8469%)
entry 3471000/6961309 (49.8613%)
entry 3472000/6961309 (49.8757%)
entry 3473000/6961309 (49.89%)
entry 3475000/6961309 (49.9188%)
entry 3476000/6961309 (49.9331%)
entry 3477000/6961309 (49.9475%)
entry 3478000/6961309 (49.9619%)
entry 3479000/6961309 (49.9762%)
entry 3480000/6961309 (49.9906%)
entry 3482000/6961309 (50.0193%)
entry 3484000/6961309 (50.0481%)
entry 3485000/6961309 (50.0624%)
entry 3489000/6961309 (50.1199%)
entry 3490000/6961309 (50.1342%)
entry 3491000/6961309 (50.1486%)
entry 3492000/6961309 (50.163%)
entry 3494000/6961309 (50.1917%)
entry 3495000/6961309 (50.2061%)
entry 3496000/6961309 (50.2204%)
entry 3497000/6961309 (50.2348%)
entry 3498000/6961309 (50.2492%)
entry 3499000/6961309 (50.2635%)
entry 3500000/6961309 (50.2779%)
entry 3502000/6961309 (50.3066%)
entry 3504000/6961309 (50.3354%)
entry 3505000/6961309 (50.3497%)
entry 3507000/6961309 (50.3785%)
entry 3510000/6961309 (50.4216%)
entry 3511000/6961309 (50.4359%)
entry 3512000/6961309 (50.4503%)
entry 3513000/6961309 (50.4646%)
entry 3515000/6961309 (50.4934%)
entry 3518000/6961309 (50.5365%)
entry 3519000/6961309 (50.5508%)
entry 3520000/6961309 (50.5652%)
entry 3521000/6961309 (50.5796%)
entry 3522000/6961309 (50.5939%)
entry 3524000/6961309 (50.6227%)
entry 3525000/6961309 (50.637%)
entry 3526000/6961309 (50.6514%)
entry 3527000/6961309 (50.6658%)
entry 3528000/6961309 (50.6801%)
entry 3530000/6961309 (50.7089%)
entry 3531000/6961309 (50.7232%)
entry 3532000/6961309 (50.7376%)
entry 3533000/6961309 (50.7519%)
entry 3534000/6961309 (50.7663%)
entry 3535000/6961309 (50.7807%)
entry 3536000/6961309 (50.795%)
entry 3537000/6961309 (50.8094%)
entry 3538000/6961309 (50.8238%)
entry 3539000/6961309 (50.8381%)
entry 3541000/6961309 (50.8669%)
entry 3542000/6961309 (50.8812%)
entry 3543000/6961309 (50.8956%)
entry 3545000/6961309 (50.9243%)
entry 3546000/6961309 (50.9387%)
entry 3547000/6961309 (50.9531%)
entry 3548000/6961309 (50.9674%)
entry 3550000/6961309 (50.9962%)
entry 3551000/6961309 (51.0105%)
entry 3552000/6961309 (51.0249%)
entry 3554000/6961309 (51.0536%)
entry 3555000/6961309 (51.068%)
entry 3556000/6961309 (51.0823%)
entry 3558000/6961309 (51.1111%)
entry 3559000/6961309 (51.1254%)
entry 3560000/6961309 (51.1398%)
entry 3563000/6961309 (51.1829%)
entry 3564000/6961309 (51.1973%)
entry 3565000/6961309 (51.2116%)
entry 3567000/6961309 (51.2404%)
entry 3568000/6961309 (51.2547%)
entry 3569000/6961309 (51.2691%)
entry 3571000/6961309 (51.2978%)
entry 3574000/6961309 (51.3409%)
entry 3576000/6961309 (51.3696%)
entry 3580000/6961309 (51.4271%)
entry 3582000/6961309 (51.4558%)
entry 3585000/6961309 (51.4989%)
entry 3587000/6961309 (51.5277%)
entry 3589000/6961309 (51.5564%)
entry 3591000/6961309 (51.5851%)
entry 3592000/6961309 (51.5995%)
entry 3593000/6961309 (51.6139%)
entry 3594000/6961309 (51.6282%)
entry 3596000/6961309 (51.6569%)
entry 3597000/6961309 (51.6713%)
entry 3598000/6961309 (51.6857%)
entry 3599000/6961309 (51.7%)
entry 3600000/6961309 (51.7144%)
entry 3601000/6961309 (51.7288%)
entry 3604000/6961309 (51.7719%)
entry 3606000/6961309 (51.8006%)
entry 3608000/6961309 (51.8293%)
entry 3609000/6961309 (51.8437%)
entry 3610000/6961309 (51.8581%)
entry 3614000/6961309 (51.9155%)
entry 3615000/6961309 (51.9299%)
entry 3618000/6961309 (51.973%)
entry 3619000/6961309 (51.9873%)
entry 3620000/6961309 (52.0017%)
entry 3621000/6961309 (52.0161%)
entry 3622000/6961309 (52.0304%)
entry 3624000/6961309 (52.0592%)
entry 3625000/6961309 (52.0735%)
entry 3626000/6961309 (52.0879%)
entry 3627000/6961309 (52.1023%)
entry 3628000/6961309 (52.1166%)
entry 3629000/6961309 (52.131%)
entry 3630000/6961309 (52.1454%)
entry 3632000/6961309 (52.1741%)
entry 3634000/6961309 (52.2028%)
entry 3635000/6961309 (52.2172%)
entry 3636000/6961309 (52.2316%)
entry 3637000/6961309 (52.2459%)
entry 3638000/6961309 (52.2603%)
entry 3639000/6961309 (52.2747%)
entry 3640000/6961309 (52.289%)
entry 3644000/6961309 (52.3465%)
entry 3646000/6961309 (52.3752%)
entry 3648000/6961309 (52.4039%)
entry 3649000/6961309 (52.4183%)
entry 3653000/6961309 (52.4758%)
entry 3655000/6961309 (52.5045%)
entry 3657000/6961309 (52.5332%)
entry 3658000/6961309 (52.5476%)
entry 3660000/6961309 (52.5763%)
entry 3661000/6961309 (52.5907%)
entry 3662000/6961309 (52.6051%)
entry 3664000/6961309 (52.6338%)
entry 3666000/6961309 (52.6625%)
entry 3669000/6961309 (52.7056%)
entry 3672000/6961309 (52.7487%)
entry 3673000/6961309 (52.7631%)
entry 3675000/6961309 (52.7918%)
entry 3676000/6961309 (52.8062%)
entry 3677000/6961309 (52.8205%)
entry 3679000/6961309 (52.8493%)
entry 3680000/6961309 (52.8636%)
entry 3681000/6961309 (52.878%)
entry 3682000/6961309 (52.8924%)
entry 3684000/6961309 (52.9211%)
entry 3686000/6961309 (52.9498%)
entry 3691000/6961309 (53.0216%)
entry 3692000/6961309 (53.036%)
entry 3695000/6961309 (53.0791%)
entry 3696000/6961309 (53.0935%)
entry 3697000/6961309 (53.1078%)
entry 3699000/6961309 (53.1366%)
entry 3700000/6961309 (53.1509%)
entry 3701000/6961309 (53.1653%)
entry 3702000/6961309 (53.1797%)
entry 3704000/6961309 (53.2084%)
entry 3706000/6961309 (53.2371%)
entry 3709000/6961309 (53.2802%)
entry 3710000/6961309 (53.2946%)
entry 3711000/6961309 (53.3089%)
entry 3713000/6961309 (53.3377%)
entry 3715000/6961309 (53.3664%)
entry 3718000/6961309 (53.4095%)
entry 3720000/6961309 (53.4382%)
entry 3721000/6961309 (53.4526%)
entry 3724000/6961309 (53.4957%)
entry 3725000/6961309 (53.5101%)
entry 3726000/6961309 (53.5244%)
entry 3727000/6961309 (53.5388%)
entry 3728000/6961309 (53.5531%)
entry 3729000/6961309 (53.5675%)
entry 3730000/6961309 (53.5819%)
entry 3733000/6961309 (53.625%)
entry 3734000/6961309 (53.6393%)
entry 3735000/6961309 (53.6537%)
entry 3736000/6961309 (53.6681%)
entry 3737000/6961309 (53.6824%)
entry 3739000/6961309 (53.7112%)
entry 3740000/6961309 (53.7255%)
entry 3743000/6961309 (53.7686%)
entry 3745000/6961309 (53.7974%)
entry 3749000/6961309 (53.8548%)
entry 3750000/6961309 (53.8692%)
entry 3751000/6961309 (53.8835%)
entry 3755000/6961309 (53.941%)
entry 3756000/6961309 (53.9554%)
entry 3758000/6961309 (53.9841%)
entry 3759000/6961309 (53.9985%)
entry 3760000/6961309 (54.0128%)
entry 3761000/6961309 (54.0272%)
entry 3762000/6961309 (54.0416%)
entry 3764000/6961309 (54.0703%)
entry 3765000/6961309 (54.0847%)
entry 3767000/6961309 (54.1134%)
entry 3770000/6961309 (54.1565%)
entry 3771000/6961309 (54.1708%)
entry 3773000/6961309 (54.1996%)
entry 3777000/6961309 (54.257%)
entry 3778000/6961309 (54.2714%)
entry 3779000/6961309 (54.2858%)
entry 3780000/6961309 (54.3001%)
entry 3782000/6961309 (54.3289%)
entry 3784000/6961309 (54.3576%)
entry 3785000/6961309 (54.372%)
entry 3790000/6961309 (54.4438%)
entry 3791000/6961309 (54.4581%)
entry 3795000/6961309 (54.5156%)
entry 3796000/6961309 (54.53%)
entry 3798000/6961309 (54.5587%)
entry 3800000/6961309 (54.5874%)
entry 3801000/6961309 (54.6018%)
entry 3802000/6961309 (54.6162%)
entry 3803000/6961309 (54.6305%)
entry 3806000/6961309 (54.6736%)
entry 3807000/6961309 (54.688%)
entry 3808000/6961309 (54.7024%)
entry 3812000/6961309 (54.7598%)
entry 3813000/6961309 (54.7742%)
entry 3814000/6961309 (54.7885%)
entry 3817000/6961309 (54.8316%)
entry 3818000/6961309 (54.846%)
entry 3820000/6961309 (54.8747%)
entry 3823000/6961309 (54.9178%)
entry 3824000/6961309 (54.9322%)
entry 3825000/6961309 (54.9466%)
entry 3826000/6961309 (54.9609%)
entry 3829000/6961309 (55.004%)
entry 3830000/6961309 (55.0184%)
entry 3831000/6961309 (55.0328%)
entry 3832000/6961309 (55.0471%)
entry 3835000/6961309 (55.0902%)
entry 3838000/6961309 (55.1333%)
entry 3839000/6961309 (55.1477%)
entry 3840000/6961309 (55.162%)
entry 3841000/6961309 (55.1764%)
entry 3843000/6961309 (55.2051%)
entry 3845000/6961309 (55.2339%)
entry 3848000/6961309 (55.277%)
entry 3849000/6961309 (55.2913%)
entry 3851000/6961309 (55.3201%)
entry 3853000/6961309 (55.3488%)
entry 3854000/6961309 (55.3631%)
entry 3855000/6961309 (55.3775%)
entry 3857000/6961309 (55.4062%)
entry 3858000/6961309 (55.4206%)
entry 3860000/6961309 (55.4493%)
entry 3861000/6961309 (55.4637%)
entry 3862000/6961309 (55.4781%)
entry 3863000/6961309 (55.4924%)
entry 3864000/6961309 (55.5068%)
entry 3866000/6961309 (55.5355%)
entry 3868000/6961309 (55.5643%)
entry 3869000/6961309 (55.5786%)
entry 3870000/6961309 (55.593%)
entry 3871000/6961309 (55.6074%)
entry 3873000/6961309 (55.6361%)
entry 3876000/6961309 (55.6792%)
entry 3878000/6961309 (55.7079%)
entry 3879000/6961309 (55.7223%)
entry 3881000/6961309 (55.751%)
entry 3883000/6961309 (55.7797%)
entry 3884000/6961309 (55.7941%)
entry 3886000/6961309 (55.8228%)
entry 3887000/6961309 (55.8372%)
entry 3888000/6961309 (55.8516%)
entry 3889000/6961309 (55.8659%)
entry 3891000/6961309 (55.8947%)
entry 3892000/6961309 (55.909%)
entry 3893000/6961309 (55.9234%)
entry 3894000/6961309 (55.9378%)
entry 3895000/6961309 (55.9521%)
entry 3896000/6961309 (55.9665%)
entry 3897000/6961309 (55.9808%)
entry 3898000/6961309 (55.9952%)
entry 3899000/6961309 (56.0096%)
entry 3900000/6961309 (56.0239%)
entry 3904000/6961309 (56.0814%)
entry 3906000/6961309 (56.1101%)
entry 3908000/6961309 (56.1389%)
entry 3909000/6961309 (56.1532%)
entry 3910000/6961309 (56.1676%)
entry 3911000/6961309 (56.182%)
entry 3912000/6961309 (56.1963%)
entry 3913000/6961309 (56.2107%)
entry 3914000/6961309 (56.2251%)
entry 3915000/6961309 (56.2394%)
entry 3917000/6961309 (56.2682%)
entry 3918000/6961309 (56.2825%)
entry 3919000/6961309 (56.2969%)
entry 3920000/6961309 (56.3112%)
entry 3923000/6961309 (56.3543%)
entry 3924000/6961309 (56.3687%)
entry 3925000/6961309 (56.3831%)
entry 3929000/6961309 (56.4405%)
entry 3930000/6961309 (56.4549%)
entry 3932000/6961309 (56.4836%)
entry 3933000/6961309 (56.498%)
entry 3934000/6961309 (56.5124%)
entry 3935000/6961309 (56.5267%)
entry 3936000/6961309 (56.5411%)
entry 3937000/6961309 (56.5555%)
entry 3938000/6961309 (56.5698%)
entry 3939000/6961309 (56.5842%)
entry 3941000/6961309 (56.6129%)
entry 3942000/6961309 (56.6273%)
entry 3943000/6961309 (56.6416%)
entry 3944000/6961309 (56.656%)
entry 3946000/6961309 (56.6847%)
entry 3947000/6961309 (56.6991%)
entry 3949000/6961309 (56.7278%)
entry 3950000/6961309 (56.7422%)
entry 3951000/6961309 (56.7566%)
entry 3953000/6961309 (56.7853%)
entry 3956000/6961309 (56.8284%)
entry 3957000/6961309 (56.8428%)
entry 3958000/6961309 (56.8571%)
entry 3959000/6961309 (56.8715%)
entry 3961000/6961309 (56.9002%)
entry 3962000/6961309 (56.9146%)
entry 3963000/6961309 (56.929%)
entry 3966000/6961309 (56.972%)
entry 3967000/6961309 (56.9864%)
entry 3968000/6961309 (57.0008%)
entry 3971000/6961309 (57.0439%)
entry 3973000/6961309 (57.0726%)
entry 3974000/6961309 (57.087%)
entry 3976000/6961309 (57.1157%)
entry 3977000/6961309 (57.1301%)
entry 3979000/6961309 (57.1588%)
entry 3980000/6961309 (57.1732%)
entry 3981000/6961309 (57.1875%)
entry 3982000/6961309 (57.2019%)
entry 3984000/6961309 (57.2306%)
entry 3985000/6961309 (57.245%)
entry 3987000/6961309 (57.2737%)
entry 3988000/6961309 (57.2881%)
entry 3989000/6961309 (57.3024%)
entry 3990000/6961309 (57.3168%)
entry 3991000/6961309 (57.3312%)
entry 3992000/6961309 (57.3455%)
entry 3993000/6961309 (57.3599%)
entry 3995000/6961309 (57.3886%)
entry 3996000/6961309 (57.403%)
entry 3998000/6961309 (57.4317%)
entry 4000000/6961309 (57.4605%)
entry 4001000/6961309 (57.4748%)
entry 4003000/6961309 (57.5036%)
entry 4005000/6961309 (57.5323%)
entry 4008000/6961309 (57.5754%)
entry 4009000/6961309 (57.5897%)
entry 4010000/6961309 (57.6041%)
entry 4015000/6961309 (57.6759%)
entry 4016000/6961309 (57.6903%)
entry 4018000/6961309 (57.719%)
entry 4021000/6961309 (57.7621%)
entry 4022000/6961309 (57.7765%)
entry 4023000/6961309 (57.7909%)
entry 4024000/6961309 (57.8052%)
entry 4027000/6961309 (57.8483%)
entry 4029000/6961309 (57.877%)
entry 4031000/6961309 (57.9058%)
entry 4032000/6961309 (57.9201%)
entry 4033000/6961309 (57.9345%)
entry 4034000/6961309 (57.9489%)
entry 4037000/6961309 (57.992%)
entry 4038000/6961309 (58.0063%)
entry 4039000/6961309 (58.0207%)
entry 4042000/6961309 (58.0638%)
entry 4044000/6961309 (58.0925%)
entry 4045000/6961309 (58.1069%)
entry 4047000/6961309 (58.1356%)
entry 4048000/6961309 (58.15%)
entry 4050000/6961309 (58.1787%)
entry 4051000/6961309 (58.1931%)
entry 4052000/6961309 (58.2074%)
entry 4053000/6961309 (58.2218%)
entry 4054000/6961309 (58.2362%)
entry 4056000/6961309 (58.2649%)
entry 4057000/6961309 (58.2793%)
entry 4058000/6961309 (58.2936%)
entry 4059000/6961309 (58.308%)
entry 4060000/6961309 (58.3224%)
entry 4061000/6961309 (58.3367%)
entry 4062000/6961309 (58.3511%)
entry 4063000/6961309 (58.3655%)
entry 4064000/6961309 (58.3798%)
entry 4066000/6961309 (58.4086%)
entry 4068000/6961309 (58.4373%)
entry 4069000/6961309 (58.4517%)
entry 4070000/6961309 (58.466%)
entry 4071000/6961309 (58.4804%)
entry 4072000/6961309 (58.4947%)
entry 4075000/6961309 (58.5378%)
entry 4076000/6961309 (58.5522%)
entry 4078000/6961309 (58.5809%)
entry 4079000/6961309 (58.5953%)
entry 4080000/6961309 (58.6097%)
entry 4081000/6961309 (58.624%)
entry 4082000/6961309 (58.6384%)
entry 4085000/6961309 (58.6815%)
entry 4086000/6961309 (58.6959%)
entry 4087000/6961309 (58.7102%)
entry 4089000/6961309 (58.739%)
entry 4090000/6961309 (58.7533%)
entry 4092000/6961309 (58.782%)
entry 4093000/6961309 (58.7964%)
entry 4094000/6961309 (58.8108%)
entry 4095000/6961309 (58.8251%)
entry 4097000/6961309 (58.8539%)
entry 4100000/6961309 (58.897%)
entry 4102000/6961309 (58.9257%)
entry 4103000/6961309 (58.9401%)
entry 4106000/6961309 (58.9832%)
entry 4107000/6961309 (58.9975%)
entry 4109000/6961309 (59.0263%)
entry 4110000/6961309 (59.0406%)
entry 4111000/6961309 (59.055%)
entry 4112000/6961309 (59.0693%)
entry 4113000/6961309 (59.0837%)
entry 4114000/6961309 (59.0981%)
entry 4116000/6961309 (59.1268%)
entry 4117000/6961309 (59.1412%)
entry 4118000/6961309 (59.1555%)
entry 4119000/6961309 (59.1699%)
entry 4120000/6961309 (59.1843%)
entry 4122000/6961309 (59.213%)
entry 4126000/6961309 (59.2705%)
entry 4128000/6961309 (59.2992%)
entry 4129000/6961309 (59.3136%)
entry 4133000/6961309 (59.371%)
entry 4134000/6961309 (59.3854%)
entry 4135000/6961309 (59.3997%)
entry 4136000/6961309 (59.4141%)
entry 4138000/6961309 (59.4428%)
entry 4139000/6961309 (59.4572%)
entry 4140000/6961309 (59.4716%)
entry 4141000/6961309 (59.4859%)
entry 4142000/6961309 (59.5003%)
entry 4144000/6961309 (59.529%)
entry 4145000/6961309 (59.5434%)
entry 4146000/6961309 (59.5578%)
entry 4148000/6961309 (59.5865%)
entry 4151000/6961309 (59.6296%)
entry 4152000/6961309 (59.644%)
entry 4154000/6961309 (59.6727%)
entry 4156000/6961309 (59.7014%)
entry 4157000/6961309 (59.7158%)
entry 4158000/6961309 (59.7301%)
entry 4161000/6961309 (59.7732%)
entry 4163000/6961309 (59.802%)
entry 4164000/6961309 (59.8163%)
entry 4166000/6961309 (59.8451%)
entry 4168000/6961309 (59.8738%)
entry 4169000/6961309 (59.8882%)
entry 4170000/6961309 (59.9025%)
entry 4173000/6961309 (59.9456%)
entry 4175000/6961309 (59.9744%)
entry 4176000/6961309 (59.9887%)
entry 4177000/6961309 (60.0031%)
entry 4181000/6961309 (60.0605%)
entry 4182000/6961309 (60.0749%)
entry 4183000/6961309 (60.0893%)
entry 4185000/6961309 (60.118%)
entry 4186000/6961309 (60.1324%)
entry 4188000/6961309 (60.1611%)
entry 4190000/6961309 (60.1898%)
entry 4191000/6961309 (60.2042%)
entry 4192000/6961309 (60.2186%)
entry 4193000/6961309 (60.2329%)
entry 4195000/6961309 (60.2617%)
entry 4196000/6961309 (60.276%)
entry 4197000/6961309 (60.2904%)
entry 4198000/6961309 (60.3047%)
entry 4202000/6961309 (60.3622%)
entry 4203000/6961309 (60.3766%)
entry 4204000/6961309 (60.3909%)
entry 4205000/6961309 (60.4053%)
entry 4211000/6961309 (60.4915%)
entry 4212000/6961309 (60.5059%)
entry 4213000/6961309 (60.5202%)
entry 4214000/6961309 (60.5346%)
entry 4215000/6961309 (60.549%)
entry 4216000/6961309 (60.5633%)
entry 4217000/6961309 (60.5777%)
entry 4220000/6961309 (60.6208%)
entry 4221000/6961309 (60.6351%)
entry 4222000/6961309 (60.6495%)
entry 4223000/6961309 (60.6639%)
entry 4224000/6961309 (60.6782%)
entry 4225000/6961309 (60.6926%)
entry 4226000/6961309 (60.707%)
entry 4229000/6961309 (60.7501%)
entry 4231000/6961309 (60.7788%)
entry 4232000/6961309 (60.7932%)
entry 4233000/6961309 (60.8075%)
entry 4234000/6961309 (60.8219%)
entry 4235000/6961309 (60.8363%)
entry 4236000/6961309 (60.8506%)
entry 4238000/6961309 (60.8794%)
entry 4239000/6961309 (60.8937%)
entry 4240000/6961309 (60.9081%)
entry 4241000/6961309 (60.9224%)
entry 4242000/6961309 (60.9368%)
entry 4244000/6961309 (60.9655%)
entry 4245000/6961309 (60.9799%)
entry 4248000/6961309 (61.023%)
entry 4250000/6961309 (61.0517%)
entry 4251000/6961309 (61.0661%)
entry 4255000/6961309 (61.1236%)
entry 4257000/6961309 (61.1523%)
entry 4259000/6961309 (61.181%)
entry 4261000/6961309 (61.2098%)
entry 4262000/6961309 (61.2241%)
entry 4264000/6961309 (61.2529%)
entry 4266000/6961309 (61.2816%)
entry 4267000/6961309 (61.2959%)
entry 4268000/6961309 (61.3103%)
entry 4270000/6961309 (61.339%)
entry 4273000/6961309 (61.3821%)
entry 4274000/6961309 (61.3965%)
entry 4275000/6961309 (61.4109%)
entry 4276000/6961309 (61.4252%)
entry 4277000/6961309 (61.4396%)
entry 4278000/6961309 (61.454%)
entry 4279000/6961309 (61.4683%)
entry 4280000/6961309 (61.4827%)
entry 4282000/6961309 (61.5114%)
entry 4286000/6961309 (61.5689%)
entry 4288000/6961309 (61.5976%)
entry 4290000/6961309 (61.6263%)
entry 4292000/6961309 (61.6551%)
entry 4294000/6961309 (61.6838%)
entry 4297000/6961309 (61.7269%)
entry 4299000/6961309 (61.7556%)
entry 4300000/6961309 (61.77%)
entry 4301000/6961309 (61.7844%)
entry 4304000/6961309 (61.8275%)
entry 4305000/6961309 (61.8418%)
entry 4306000/6961309 (61.8562%)
entry 4310000/6961309 (61.9136%)
entry 4311000/6961309 (61.928%)
entry 4312000/6961309 (61.9424%)
entry 4315000/6961309 (61.9855%)
entry 4316000/6961309 (61.9998%)
entry 4317000/6961309 (62.0142%)
entry 4319000/6961309 (62.0429%)
entry 4320000/6961309 (62.0573%)
entry 4321000/6961309 (62.0717%)
entry 4323000/6961309 (62.1004%)
entry 4326000/6961309 (62.1435%)
entry 4327000/6961309 (62.1579%)
entry 4330000/6961309 (62.2009%)
entry 4332000/6961309 (62.2297%)
entry 4333000/6961309 (62.244%)
entry 4335000/6961309 (62.2728%)
entry 4336000/6961309 (62.2871%)
entry 4337000/6961309 (62.3015%)
entry 4339000/6961309 (62.3302%)
entry 4342000/6961309 (62.3733%)
entry 4345000/6961309 (62.4164%)
entry 4349000/6961309 (62.4739%)
entry 4350000/6961309 (62.4882%)
entry 4351000/6961309 (62.5026%)
entry 4352000/6961309 (62.517%)
entry 4353000/6961309 (62.5313%)
entry 4354000/6961309 (62.5457%)
entry 4355000/6961309 (62.5601%)
entry 4356000/6961309 (62.5744%)
entry 4357000/6961309 (62.5888%)
entry 4358000/6961309 (62.6032%)
entry 4359000/6961309 (62.6175%)
entry 4360000/6961309 (62.6319%)
entry 4362000/6961309 (62.6606%)
entry 4363000/6961309 (62.675%)
entry 4364000/6961309 (62.6894%)
entry 4365000/6961309 (62.7037%)
entry 4367000/6961309 (62.7325%)
entry 4369000/6961309 (62.7612%)
entry 4370000/6961309 (62.7756%)
entry 4372000/6961309 (62.8043%)
entry 4373000/6961309 (62.8186%)
entry 4377000/6961309 (62.8761%)
entry 4379000/6961309 (62.9048%)
entry 4380000/6961309 (62.9192%)
entry 4382000/6961309 (62.9479%)
entry 4386000/6961309 (63.0054%)
entry 4387000/6961309 (63.0198%)
entry 4390000/6961309 (63.0629%)
entry 4392000/6961309 (63.0916%)
entry 4393000/6961309 (63.1059%)
entry 4394000/6961309 (63.1203%)
entry 4396000/6961309 (63.149%)
entry 4397000/6961309 (63.1634%)
entry 4400000/6961309 (63.2065%)
entry 4401000/6961309 (63.2209%)
entry 4402000/6961309 (63.2352%)
entry 4407000/6961309 (63.3071%)
entry 4408000/6961309 (63.3214%)
entry 4409000/6961309 (63.3358%)
entry 4410000/6961309 (63.3502%)
entry 4411000/6961309 (63.3645%)
entry 4412000/6961309 (63.3789%)
entry 4414000/6961309 (63.4076%)
entry 4415000/6961309 (63.422%)
entry 4417000/6961309 (63.4507%)
entry 4418000/6961309 (63.4651%)
entry 4419000/6961309 (63.4794%)
entry 4420000/6961309 (63.4938%)
entry 4421000/6961309 (63.5082%)
entry 4423000/6961309 (63.5369%)
entry 4424000/6961309 (63.5513%)
entry 4425000/6961309 (63.5656%)
entry 4426000/6961309 (63.58%)
entry 4427000/6961309 (63.5944%)
entry 4428000/6961309 (63.6087%)
entry 4430000/6961309 (63.6375%)
entry 4431000/6961309 (63.6518%)
entry 4432000/6961309 (63.6662%)
entry 4433000/6961309 (63.6806%)
entry 4434000/6961309 (63.6949%)
entry 4435000/6961309 (63.7093%)
entry 4436000/6961309 (63.7236%)
entry 4437000/6961309 (63.738%)
entry 4438000/6961309 (63.7524%)
entry 4440000/6961309 (63.7811%)
entry 4441000/6961309 (63.7955%)
entry 4442000/6961309 (63.8098%)
entry 4443000/6961309 (63.8242%)
entry 4444000/6961309 (63.8386%)
entry 4446000/6961309 (63.8673%)
entry 4451000/6961309 (63.9391%)
entry 4453000/6961309 (63.9679%)
entry 4456000/6961309 (64.0109%)
entry 4457000/6961309 (64.0253%)
entry 4459000/6961309 (64.054%)
entry 4460000/6961309 (64.0684%)
entry 4461000/6961309 (64.0828%)
entry 4466000/6961309 (64.1546%)
entry 4467000/6961309 (64.169%)
entry 4468000/6961309 (64.1833%)
entry 4470000/6961309 (64.2121%)
entry 4471000/6961309 (64.2264%)
entry 4472000/6961309 (64.2408%)
entry 4473000/6961309 (64.2552%)
entry 4475000/6961309 (64.2839%)
entry 4476000/6961309 (64.2983%)
entry 4478000/6961309 (64.327%)
entry 4483000/6961309 (64.3988%)
entry 4484000/6961309 (64.4132%)
entry 4485000/6961309 (64.4275%)
entry 4489000/6961309 (64.485%)
entry 4490000/6961309 (64.4994%)
entry 4491000/6961309 (64.5137%)
entry 4494000/6961309 (64.5568%)
entry 4496000/6961309 (64.5856%)
entry 4497000/6961309 (64.5999%)
entry 4499000/6961309 (64.6286%)
entry 4503000/6961309 (64.6861%)
entry 4504000/6961309 (64.7005%)
entry 4506000/6961309 (64.7292%)
entry 4508000/6961309 (64.7579%)
entry 4510000/6961309 (64.7867%)
entry 4511000/6961309 (64.801%)
entry 4512000/6961309 (64.8154%)
entry 4513000/6961309 (64.8298%)
entry 4514000/6961309 (64.8441%)
entry 4515000/6961309 (64.8585%)
entry 4516000/6961309 (64.8729%)
entry 4517000/6961309 (64.8872%)
entry 4518000/6961309 (64.9016%)
entry 4519000/6961309 (64.9159%)
entry 4521000/6961309 (64.9447%)
entry 4522000/6961309 (64.959%)
entry 4523000/6961309 (64.9734%)
entry 4524000/6961309 (64.9878%)
entry 4525000/6961309 (65.0021%)
entry 4526000/6961309 (65.0165%)
entry 4527000/6961309 (65.0309%)
entry 4530000/6961309 (65.074%)
entry 4533000/6961309 (65.1171%)
entry 4534000/6961309 (65.1314%)
entry 4535000/6961309 (65.1458%)
entry 4536000/6961309 (65.1602%)
entry 4539000/6961309 (65.2033%)
entry 4540000/6961309 (65.2176%)
entry 4541000/6961309 (65.232%)
entry 4543000/6961309 (65.2607%)
entry 4544000/6961309 (65.2751%)
entry 4545000/6961309 (65.2894%)
entry 4547000/6961309 (65.3182%)
entry 4549000/6961309 (65.3469%)
entry 4550000/6961309 (65.3613%)
entry 4553000/6961309 (65.4044%)
entry 4554000/6961309 (65.4187%)
entry 4556000/6961309 (65.4475%)
entry 4557000/6961309 (65.4618%)
entry 4558000/6961309 (65.4762%)
entry 4559000/6961309 (65.4906%)
entry 4560000/6961309 (65.5049%)
entry 4561000/6961309 (65.5193%)
entry 4562000/6961309 (65.5336%)
entry 4563000/6961309 (65.548%)
entry 4564000/6961309 (65.5624%)
entry 4566000/6961309 (65.5911%)
entry 4567000/6961309 (65.6055%)
entry 4568000/6961309 (65.6198%)
entry 4569000/6961309 (65.6342%)
entry 4570000/6961309 (65.6486%)
entry 4571000/6961309 (65.6629%)
entry 4572000/6961309 (65.6773%)
entry 4573000/6961309 (65.6917%)
entry 4575000/6961309 (65.7204%)
entry 4576000/6961309 (65.7348%)
entry 4577000/6961309 (65.7491%)
entry 4581000/6961309 (65.8066%)
entry 4582000/6961309 (65.821%)
entry 4583000/6961309 (65.8353%)
entry 4584000/6961309 (65.8497%)
entry 4589000/6961309 (65.9215%)
entry 4590000/6961309 (65.9359%)
entry 4591000/6961309 (65.9502%)
entry 4592000/6961309 (65.9646%)
entry 4593000/6961309 (65.979%)
entry 4594000/6961309 (65.9933%)
entry 4595000/6961309 (66.0077%)
entry 4596000/6961309 (66.0221%)
entry 4597000/6961309 (66.0364%)
entry 4600000/6961309 (66.0795%)
entry 4601000/6961309 (66.0939%)
entry 4602000/6961309 (66.1083%)
entry 4603000/6961309 (66.1226%)
entry 4604000/6961309 (66.137%)
entry 4605000/6961309 (66.1514%)
entry 4607000/6961309 (66.1801%)
entry 4611000/6961309 (66.2375%)
entry 4613000/6961309 (66.2663%)
entry 4614000/6961309 (66.2806%)
entry 4615000/6961309 (66.295%)
entry 4616000/6961309 (66.3094%)
entry 4619000/6961309 (66.3525%)
entry 4621000/6961309 (66.3812%)
entry 4623000/6961309 (66.4099%)
entry 4624000/6961309 (66.4243%)
entry 4625000/6961309 (66.4387%)
entry 4626000/6961309 (66.453%)
entry 4627000/6961309 (66.4674%)
entry 4628000/6961309 (66.4818%)
entry 4630000/6961309 (66.5105%)
entry 4631000/6961309 (66.5248%)
entry 4632000/6961309 (66.5392%)
entry 4633000/6961309 (66.5536%)
entry 4634000/6961309 (66.5679%)
entry 4636000/6961309 (66.5967%)
entry 4637000/6961309 (66.611%)
entry 4638000/6961309 (66.6254%)
entry 4639000/6961309 (66.6398%)
entry 4640000/6961309 (66.6541%)
entry 4641000/6961309 (66.6685%)
entry 4642000/6961309 (66.6829%)
entry 4644000/6961309 (66.7116%)
entry 4646000/6961309 (66.7403%)
entry 4647000/6961309 (66.7547%)
entry 4648000/6961309 (66.7691%)
entry 4650000/6961309 (66.7978%)
entry 4652000/6961309 (66.8265%)
entry 4654000/6961309 (66.8552%)
entry 4655000/6961309 (66.8696%)
entry 4656000/6961309 (66.884%)
entry 4658000/6961309 (66.9127%)
entry 4659000/6961309 (66.9271%)
entry 4661000/6961309 (66.9558%)
entry 4664000/6961309 (66.9989%)
entry 4665000/6961309 (67.0133%)
entry 4666000/6961309 (67.0276%)
entry 4667000/6961309 (67.042%)
entry 4668000/6961309 (67.0564%)
entry 4669000/6961309 (67.0707%)
entry 4670000/6961309 (67.0851%)
entry 4671000/6961309 (67.0995%)
entry 4672000/6961309 (67.1138%)
entry 4673000/6961309 (67.1282%)
entry 4674000/6961309 (67.1425%)
entry 4676000/6961309 (67.1713%)
entry 4677000/6961309 (67.1856%)
entry 4679000/6961309 (67.2144%)
entry 4680000/6961309 (67.2287%)
entry 4682000/6961309 (67.2575%)
entry 4683000/6961309 (67.2718%)
entry 4685000/6961309 (67.3006%)
entry 4688000/6961309 (67.3437%)
entry 4689000/6961309 (67.358%)
entry 4690000/6961309 (67.3724%)
entry 4691000/6961309 (67.3868%)
entry 4692000/6961309 (67.4011%)
entry 4694000/6961309 (67.4298%)
entry 4695000/6961309 (67.4442%)
entry 4698000/6961309 (67.4873%)
entry 4699000/6961309 (67.5017%)
entry 4700000/6961309 (67.516%)
entry 4701000/6961309 (67.5304%)
entry 4702000/6961309 (67.5448%)
entry 4703000/6961309 (67.5591%)
entry 4705000/6961309 (67.5879%)
entry 4707000/6961309 (67.6166%)
entry 4709000/6961309 (67.6453%)
entry 4711000/6961309 (67.6741%)
entry 4712000/6961309 (67.6884%)
entry 4713000/6961309 (67.7028%)
entry 4715000/6961309 (67.7315%)
entry 4716000/6961309 (67.7459%)
entry 4718000/6961309 (67.7746%)
entry 4719000/6961309 (67.789%)
entry 4720000/6961309 (67.8033%)
entry 4722000/6961309 (67.8321%)
entry 4723000/6961309 (67.8464%)
entry 4724000/6961309 (67.8608%)
entry 4725000/6961309 (67.8752%)
entry 4726000/6961309 (67.8895%)
entry 4728000/6961309 (67.9183%)
entry 4729000/6961309 (67.9326%)
entry 4730000/6961309 (67.947%)
entry 4731000/6961309 (67.9614%)
entry 4732000/6961309 (67.9757%)
entry 4733000/6961309 (67.9901%)
entry 4734000/6961309 (68.0045%)
entry 4735000/6961309 (68.0188%)
entry 4736000/6961309 (68.0332%)
entry 4737000/6961309 (68.0475%)
entry 4738000/6961309 (68.0619%)
entry 4740000/6961309 (68.0906%)
entry 4742000/6961309 (68.1194%)
entry 4743000/6961309 (68.1337%)
entry 4744000/6961309 (68.1481%)
entry 4745000/6961309 (68.1625%)
entry 4748000/6961309 (68.2056%)
entry 4749000/6961309 (68.2199%)
entry 4750000/6961309 (68.2343%)
entry 4754000/6961309 (68.2918%)
entry 4755000/6961309 (68.3061%)
entry 4758000/6961309 (68.3492%)
entry 4760000/6961309 (68.3779%)
entry 4761000/6961309 (68.3923%)
entry 4764000/6961309 (68.4354%)
entry 4765000/6961309 (68.4498%)
entry 4766000/6961309 (68.4641%)
entry 4768000/6961309 (68.4929%)
entry 4771000/6961309 (68.536%)
entry 4772000/6961309 (68.5503%)
entry 4773000/6961309 (68.5647%)
entry 4774000/6961309 (68.5791%)
entry 4775000/6961309 (68.5934%)
entry 4776000/6961309 (68.6078%)
entry 4777000/6961309 (68.6222%)
entry 4778000/6961309 (68.6365%)
entry 4779000/6961309 (68.6509%)
entry 4780000/6961309 (68.6652%)
entry 4781000/6961309 (68.6796%)
entry 4784000/6961309 (68.7227%)
entry 4785000/6961309 (68.7371%)
entry 4786000/6961309 (68.7514%)
entry 4788000/6961309 (68.7802%)
entry 4790000/6961309 (68.8089%)
entry 4792000/6961309 (68.8376%)
entry 4793000/6961309 (68.852%)
entry 4794000/6961309 (68.8664%)
entry 4795000/6961309 (68.8807%)
entry 4797000/6961309 (68.9095%)
entry 4798000/6961309 (68.9238%)
entry 4799000/6961309 (68.9382%)
entry 4800000/6961309 (68.9525%)
entry 4801000/6961309 (68.9669%)
entry 4802000/6961309 (68.9813%)
entry 4803000/6961309 (68.9956%)
entry 4805000/6961309 (69.0244%)
entry 4806000/6961309 (69.0387%)
entry 4808000/6961309 (69.0675%)
entry 4809000/6961309 (69.0818%)
entry 4811000/6961309 (69.1106%)
entry 4813000/6961309 (69.1393%)
entry 4815000/6961309 (69.168%)
entry 4816000/6961309 (69.1824%)
entry 4818000/6961309 (69.2111%)
entry 4819000/6961309 (69.2255%)
entry 4820000/6961309 (69.2398%)
entry 4821000/6961309 (69.2542%)
entry 4822000/6961309 (69.2686%)
entry 4823000/6961309 (69.2829%)
entry 4825000/6961309 (69.3117%)
entry 4826000/6961309 (69.326%)
entry 4827000/6961309 (69.3404%)
entry 4828000/6961309 (69.3548%)
entry 4829000/6961309 (69.3691%)
entry 4833000/6961309 (69.4266%)
entry 4835000/6961309 (69.4553%)
entry 4836000/6961309 (69.4697%)
entry 4837000/6961309 (69.4841%)
entry 4840000/6961309 (69.5272%)
entry 4841000/6961309 (69.5415%)
entry 4843000/6961309 (69.5702%)
entry 4844000/6961309 (69.5846%)
entry 4846000/6961309 (69.6133%)
entry 4849000/6961309 (69.6564%)
entry 4851000/6961309 (69.6852%)
entry 4852000/6961309 (69.6995%)
entry 4853000/6961309 (69.7139%)
entry 4855000/6961309 (69.7426%)
entry 4856000/6961309 (69.757%)
entry 4858000/6961309 (69.7857%)
entry 4860000/6961309 (69.8145%)
entry 4864000/6961309 (69.8719%)
entry 4865000/6961309 (69.8863%)
entry 4866000/6961309 (69.9006%)
entry 4870000/6961309 (69.9581%)
entry 4871000/6961309 (69.9725%)
entry 4872000/6961309 (69.9868%)
entry 4873000/6961309 (70.0012%)
entry 4874000/6961309 (70.0156%)
entry 4875000/6961309 (70.0299%)
entry 4876000/6961309 (70.0443%)
entry 4877000/6961309 (70.0587%)
entry 4878000/6961309 (70.073%)
entry 4879000/6961309 (70.0874%)
entry 4881000/6961309 (70.1161%)
entry 4882000/6961309 (70.1305%)
entry 4883000/6961309 (70.1449%)
entry 4884000/6961309 (70.1592%)
entry 4886000/6961309 (70.188%)
entry 4887000/6961309 (70.2023%)
entry 4888000/6961309 (70.2167%)
entry 4889000/6961309 (70.231%)
entry 4890000/6961309 (70.2454%)
entry 4891000/6961309 (70.2598%)
entry 4893000/6961309 (70.2885%)
entry 4895000/6961309 (70.3172%)
entry 4896000/6961309 (70.3316%)
entry 4897000/6961309 (70.346%)
entry 4898000/6961309 (70.3603%)
entry 4899000/6961309 (70.3747%)
entry 4900000/6961309 (70.3891%)
entry 4906000/6961309 (70.4753%)
entry 4907000/6961309 (70.4896%)
entry 4912000/6961309 (70.5614%)
entry 4915000/6961309 (70.6045%)
entry 4916000/6961309 (70.6189%)
entry 4917000/6961309 (70.6333%)
entry 4919000/6961309 (70.662%)
entry 4921000/6961309 (70.6907%)
entry 4922000/6961309 (70.7051%)
entry 4924000/6961309 (70.7338%)
entry 4927000/6961309 (70.7769%)
entry 4928000/6961309 (70.7913%)
entry 4930000/6961309 (70.82%)
entry 4931000/6961309 (70.8344%)
entry 4933000/6961309 (70.8631%)
entry 4935000/6961309 (70.8918%)
entry 4939000/6961309 (70.9493%)
entry 4940000/6961309 (70.9637%)
entry 4941000/6961309 (70.978%)
entry 4942000/6961309 (70.9924%)
entry 4943000/6961309 (71.0068%)
entry 4944000/6961309 (71.0211%)
entry 4945000/6961309 (71.0355%)
entry 4947000/6961309 (71.0642%)
entry 4948000/6961309 (71.0786%)
entry 4949000/6961309 (71.093%)
entry 4950000/6961309 (71.1073%)
entry 4951000/6961309 (71.1217%)
entry 4952000/6961309 (71.136%)
entry 4954000/6961309 (71.1648%)
entry 4955000/6961309 (71.1791%)
entry 4957000/6961309 (71.2079%)
entry 4958000/6961309 (71.2222%)
entry 4959000/6961309 (71.2366%)
entry 4964000/6961309 (71.3084%)
entry 4965000/6961309 (71.3228%)
entry 4966000/6961309 (71.3372%)
entry 4969000/6961309 (71.3803%)
entry 4970000/6961309 (71.3946%)
entry 4971000/6961309 (71.409%)
entry 4972000/6961309 (71.4233%)
entry 4973000/6961309 (71.4377%)
entry 4974000/6961309 (71.4521%)
entry 4975000/6961309 (71.4664%)
entry 4978000/6961309 (71.5095%)
entry 4979000/6961309 (71.5239%)
entry 4980000/6961309 (71.5383%)
entry 4983000/6961309 (71.5814%)
entry 4985000/6961309 (71.6101%)
entry 4986000/6961309 (71.6245%)
entry 4987000/6961309 (71.6388%)
entry 4988000/6961309 (71.6532%)
entry 4993000/6961309 (71.725%)
entry 4995000/6961309 (71.7537%)
entry 4997000/6961309 (71.7825%)
entry 4998000/6961309 (71.7968%)
entry 5001000/6961309 (71.8399%)
entry 5005000/6961309 (71.8974%)
entry 5006000/6961309 (71.9118%)
entry 5007000/6961309 (71.9261%)
entry 5008000/6961309 (71.9405%)
entry 5009000/6961309 (71.9549%)
entry 5010000/6961309 (71.9692%)
entry 5011000/6961309 (71.9836%)
entry 5012000/6961309 (71.998%)
entry 5013000/6961309 (72.0123%)
entry 5014000/6961309 (72.0267%)
entry 5016000/6961309 (72.0554%)
entry 5018000/6961309 (72.0841%)
entry 5019000/6961309 (72.0985%)
entry 5020000/6961309 (72.1129%)
entry 5024000/6961309 (72.1703%)
entry 5026000/6961309 (72.1991%)
entry 5027000/6961309 (72.2134%)
entry 5028000/6961309 (72.2278%)
entry 5030000/6961309 (72.2565%)
entry 5031000/6961309 (72.2709%)
entry 5032000/6961309 (72.2853%)
entry 5036000/6961309 (72.3427%)
entry 5037000/6961309 (72.3571%)
entry 5039000/6961309 (72.3858%)
entry 5040000/6961309 (72.4002%)
entry 5042000/6961309 (72.4289%)
entry 5043000/6961309 (72.4433%)
entry 5044000/6961309 (72.4576%)
entry 5045000/6961309 (72.472%)
entry 5047000/6961309 (72.5007%)
entry 5048000/6961309 (72.5151%)
entry 5049000/6961309 (72.5295%)
entry 5051000/6961309 (72.5582%)
entry 5055000/6961309 (72.6157%)
entry 5056000/6961309 (72.63%)
entry 5058000/6961309 (72.6587%)
entry 5059000/6961309 (72.6731%)
entry 5063000/6961309 (72.7306%)
entry 5066000/6961309 (72.7737%)
entry 5068000/6961309 (72.8024%)
entry 5069000/6961309 (72.8168%)
entry 5070000/6961309 (72.8311%)
entry 5071000/6961309 (72.8455%)
entry 5072000/6961309 (72.8599%)
entry 5073000/6961309 (72.8742%)
entry 5074000/6961309 (72.8886%)
entry 5075000/6961309 (72.903%)
entry 5076000/6961309 (72.9173%)
entry 5082000/6961309 (73.0035%)
entry 5084000/6961309 (73.0322%)
entry 5087000/6961309 (73.0753%)
entry 5088000/6961309 (73.0897%)
entry 5089000/6961309 (73.1041%)
entry 5091000/6961309 (73.1328%)
entry 5093000/6961309 (73.1615%)
entry 5094000/6961309 (73.1759%)
entry 5096000/6961309 (73.2046%)
entry 5097000/6961309 (73.219%)
entry 5098000/6961309 (73.2334%)
entry 5099000/6961309 (73.2477%)
entry 5103000/6961309 (73.3052%)
entry 5104000/6961309 (73.3195%)
entry 5105000/6961309 (73.3339%)
entry 5106000/6961309 (73.3483%)
entry 5107000/6961309 (73.3626%)
entry 5108000/6961309 (73.377%)
entry 5109000/6961309 (73.3914%)
entry 5112000/6961309 (73.4345%)
entry 5114000/6961309 (73.4632%)
entry 5115000/6961309 (73.4776%)
entry 5118000/6961309 (73.5207%)
entry 5120000/6961309 (73.5494%)
entry 5121000/6961309 (73.5637%)
entry 5123000/6961309 (73.5925%)
entry 5124000/6961309 (73.6068%)
entry 5125000/6961309 (73.6212%)
entry 5127000/6961309 (73.6499%)
entry 5129000/6961309 (73.6787%)
entry 5130000/6961309 (73.693%)
entry 5132000/6961309 (73.7218%)
entry 5136000/6961309 (73.7792%)
entry 5137000/6961309 (73.7936%)
entry 5138000/6961309 (73.808%)
entry 5139000/6961309 (73.8223%)
entry 5144000/6961309 (73.8941%)
entry 5145000/6961309 (73.9085%)
entry 5146000/6961309 (73.9229%)
entry 5147000/6961309 (73.9372%)
entry 5149000/6961309 (73.966%)
entry 5150000/6961309 (73.9803%)
entry 5152000/6961309 (74.0091%)
entry 5153000/6961309 (74.0234%)
entry 5154000/6961309 (74.0378%)
entry 5156000/6961309 (74.0665%)
entry 5159000/6961309 (74.1096%)
entry 5161000/6961309 (74.1384%)
entry 5162000/6961309 (74.1527%)
entry 5164000/6961309 (74.1814%)
entry 5166000/6961309 (74.2102%)
entry 5167000/6961309 (74.2245%)
entry 5168000/6961309 (74.2389%)
entry 5173000/6961309 (74.3107%)
entry 5174000/6961309 (74.3251%)
entry 5175000/6961309 (74.3395%)
entry 5177000/6961309 (74.3682%)
entry 5178000/6961309 (74.3826%)
entry 5179000/6961309 (74.3969%)
entry 5180000/6961309 (74.4113%)
entry 5183000/6961309 (74.4544%)
entry 5185000/6961309 (74.4831%)
entry 5186000/6961309 (74.4975%)
entry 5189000/6961309 (74.5406%)
entry 5190000/6961309 (74.5549%)
entry 5193000/6961309 (74.598%)
entry 5195000/6961309 (74.6268%)
entry 5197000/6961309 (74.6555%)
entry 5198000/6961309 (74.6699%)
entry 5199000/6961309 (74.6842%)
entry 5202000/6961309 (74.7273%)
entry 5203000/6961309 (74.7417%)
entry 5205000/6961309 (74.7704%)
entry 5206000/6961309 (74.7848%)
entry 5207000/6961309 (74.7992%)
entry 5208000/6961309 (74.8135%)
entry 5209000/6961309 (74.8279%)
entry 5210000/6961309 (74.8422%)
entry 5213000/6961309 (74.8853%)
entry 5214000/6961309 (74.8997%)
entry 5215000/6961309 (74.9141%)
entry 5216000/6961309 (74.9284%)
entry 5217000/6961309 (74.9428%)
entry 5218000/6961309 (74.9572%)
entry 5220000/6961309 (74.9859%)
entry 5222000/6961309 (75.0146%)
entry 5224000/6961309 (75.0434%)
entry 5226000/6961309 (75.0721%)
entry 5228000/6961309 (75.1008%)
entry 5230000/6961309 (75.1296%)
entry 5233000/6961309 (75.1726%)
entry 5234000/6961309 (75.187%)
entry 5235000/6961309 (75.2014%)
entry 5236000/6961309 (75.2157%)
entry 5237000/6961309 (75.2301%)
entry 5238000/6961309 (75.2445%)
entry 5239000/6961309 (75.2588%)
entry 5242000/6961309 (75.3019%)
entry 5243000/6961309 (75.3163%)
entry 5245000/6961309 (75.345%)
entry 5246000/6961309 (75.3594%)
entry 5247000/6961309 (75.3738%)
entry 5251000/6961309 (75.4312%)
entry 5252000/6961309 (75.4456%)
entry 5253000/6961309 (75.4599%)
entry 5254000/6961309 (75.4743%)
entry 5255000/6961309 (75.4887%)
entry 5256000/6961309 (75.503%)
entry 5257000/6961309 (75.5174%)
entry 5258000/6961309 (75.5318%)
entry 5262000/6961309 (75.5892%)
entry 5264000/6961309 (75.618%)
entry 5265000/6961309 (75.6323%)
entry 5266000/6961309 (75.6467%)
entry 5269000/6961309 (75.6898%)
entry 5270000/6961309 (75.7042%)
entry 5271000/6961309 (75.7185%)
entry 5275000/6961309 (75.776%)
entry 5278000/6961309 (75.8191%)
entry 5279000/6961309 (75.8334%)
entry 5280000/6961309 (75.8478%)
entry 5282000/6961309 (75.8765%)
entry 5283000/6961309 (75.8909%)
entry 5285000/6961309 (75.9196%)
entry 5286000/6961309 (75.934%)
entry 5287000/6961309 (75.9484%)
entry 5288000/6961309 (75.9627%)
entry 5289000/6961309 (75.9771%)
entry 5290000/6961309 (75.9915%)
entry 5291000/6961309 (76.0058%)
entry 5292000/6961309 (76.0202%)
entry 5294000/6961309 (76.0489%)
entry 5295000/6961309 (76.0633%)
entry 5296000/6961309 (76.0776%)
entry 5297000/6961309 (76.092%)
entry 5299000/6961309 (76.1207%)
entry 5300000/6961309 (76.1351%)
entry 5301000/6961309 (76.1495%)
entry 5302000/6961309 (76.1638%)
entry 5303000/6961309 (76.1782%)
entry 5308000/6961309 (76.25%)
entry 5309000/6961309 (76.2644%)
entry 5311000/6961309 (76.2931%)
entry 5312000/6961309 (76.3075%)
entry 5313000/6961309 (76.3219%)
entry 5314000/6961309 (76.3362%)
entry 5315000/6961309 (76.3506%)
entry 5318000/6961309 (76.3937%)
entry 5319000/6961309 (76.408%)
entry 5320000/6961309 (76.4224%)
entry 5322000/6961309 (76.4511%)
entry 5323000/6961309 (76.4655%)
entry 5324000/6961309 (76.4799%)
entry 5325000/6961309 (76.4942%)
entry 5326000/6961309 (76.5086%)
entry 5327000/6961309 (76.523%)
entry 5328000/6961309 (76.5373%)
entry 5330000/6961309 (76.5661%)
entry 5331000/6961309 (76.5804%)
entry 5332000/6961309 (76.5948%)
entry 5334000/6961309 (76.6235%)
entry 5335000/6961309 (76.6379%)
entry 5336000/6961309 (76.6523%)
entry 5338000/6961309 (76.681%)
entry 5340000/6961309 (76.7097%)
entry 5343000/6961309 (76.7528%)
entry 5345000/6961309 (76.7815%)
entry 5349000/6961309 (76.839%)
entry 5350000/6961309 (76.8534%)
entry 5351000/6961309 (76.8677%)
entry 5352000/6961309 (76.8821%)
entry 5353000/6961309 (76.8965%)
entry 5354000/6961309 (76.9108%)
entry 5355000/6961309 (76.9252%)
entry 5356000/6961309 (76.9396%)
entry 5357000/6961309 (76.9539%)
entry 5360000/6961309 (76.997%)
entry 5361000/6961309 (77.0114%)
entry 5362000/6961309 (77.0257%)
entry 5366000/6961309 (77.0832%)
entry 5367000/6961309 (77.0976%)
entry 5368000/6961309 (77.1119%)
entry 5369000/6961309 (77.1263%)
entry 5370000/6961309 (77.1407%)
entry 5371000/6961309 (77.155%)
entry 5372000/6961309 (77.1694%)
entry 5373000/6961309 (77.1838%)
entry 5374000/6961309 (77.1981%)
entry 5375000/6961309 (77.2125%)
entry 5376000/6961309 (77.2269%)
entry 5377000/6961309 (77.2412%)
entry 5383000/6961309 (77.3274%)
entry 5384000/6961309 (77.3418%)
entry 5386000/6961309 (77.3705%)
entry 5387000/6961309 (77.3849%)
entry 5388000/6961309 (77.3992%)
entry 5390000/6961309 (77.428%)
entry 5393000/6961309 (77.4711%)
entry 5394000/6961309 (77.4854%)
entry 5395000/6961309 (77.4998%)
entry 5396000/6961309 (77.5142%)
entry 5397000/6961309 (77.5285%)
entry 5398000/6961309 (77.5429%)
entry 5399000/6961309 (77.5573%)
entry 5400000/6961309 (77.5716%)
entry 5402000/6961309 (77.6003%)
entry 5404000/6961309 (77.6291%)
entry 5408000/6961309 (77.6865%)
entry 5409000/6961309 (77.7009%)
entry 5411000/6961309 (77.7296%)
entry 5413000/6961309 (77.7584%)
entry 5415000/6961309 (77.7871%)
entry 5416000/6961309 (77.8015%)
entry 5417000/6961309 (77.8158%)
entry 5419000/6961309 (77.8446%)
entry 5420000/6961309 (77.8589%)
entry 5421000/6961309 (77.8733%)
entry 5422000/6961309 (77.8876%)
entry 5423000/6961309 (77.902%)
entry 5424000/6961309 (77.9164%)
entry 5425000/6961309 (77.9307%)
entry 5426000/6961309 (77.9451%)
entry 5429000/6961309 (77.9882%)
entry 5431000/6961309 (78.0169%)
entry 5432000/6961309 (78.0313%)
entry 5434000/6961309 (78.06%)
entry 5435000/6961309 (78.0744%)
entry 5436000/6961309 (78.0888%)
entry 5438000/6961309 (78.1175%)
entry 5439000/6961309 (78.1319%)
entry 5441000/6961309 (78.1606%)
entry 5443000/6961309 (78.1893%)
entry 5444000/6961309 (78.2037%)
entry 5445000/6961309 (78.218%)
entry 5446000/6961309 (78.2324%)
entry 5447000/6961309 (78.2468%)
entry 5448000/6961309 (78.2611%)
entry 5450000/6961309 (78.2899%)
entry 5452000/6961309 (78.3186%)
entry 5454000/6961309 (78.3473%)
entry 5456000/6961309 (78.3761%)
entry 5457000/6961309 (78.3904%)
entry 5458000/6961309 (78.4048%)
entry 5460000/6961309 (78.4335%)
entry 5461000/6961309 (78.4479%)
entry 5466000/6961309 (78.5197%)
entry 5467000/6961309 (78.5341%)
entry 5468000/6961309 (78.5484%)
entry 5471000/6961309 (78.5915%)
entry 5472000/6961309 (78.6059%)
entry 5476000/6961309 (78.6634%)
entry 5477000/6961309 (78.6777%)
entry 5478000/6961309 (78.6921%)
entry 5479000/6961309 (78.7065%)
entry 5480000/6961309 (78.7208%)
entry 5481000/6961309 (78.7352%)
entry 5483000/6961309 (78.7639%)
entry 5484000/6961309 (78.7783%)
entry 5485000/6961309 (78.7926%)
entry 5489000/6961309 (78.8501%)
entry 5490000/6961309 (78.8645%)
entry 5492000/6961309 (78.8932%)
entry 5493000/6961309 (78.9076%)
entry 5494000/6961309 (78.9219%)
entry 5496000/6961309 (78.9507%)
entry 5499000/6961309 (78.9938%)
entry 5500000/6961309 (79.0081%)
entry 5501000/6961309 (79.0225%)
entry 5506000/6961309 (79.0943%)
entry 5507000/6961309 (79.1087%)
entry 5511000/6961309 (79.1661%)
entry 5513000/6961309 (79.1949%)
entry 5516000/6961309 (79.238%)
entry 5517000/6961309 (79.2523%)
entry 5518000/6961309 (79.2667%)
entry 5522000/6961309 (79.3242%)
entry 5523000/6961309 (79.3385%)
entry 5524000/6961309 (79.3529%)
entry 5526000/6961309 (79.3816%)
entry 5527000/6961309 (79.396%)
entry 5528000/6961309 (79.4104%)
entry 5533000/6961309 (79.4822%)
entry 5534000/6961309 (79.4965%)
entry 5536000/6961309 (79.5253%)
entry 5538000/6961309 (79.554%)
entry 5541000/6961309 (79.5971%)
entry 5542000/6961309 (79.6115%)
entry 5545000/6961309 (79.6546%)
entry 5546000/6961309 (79.6689%)
entry 5547000/6961309 (79.6833%)
entry 5548000/6961309 (79.6977%)
entry 5550000/6961309 (79.7264%)
entry 5551000/6961309 (79.7408%)
entry 5552000/6961309 (79.7551%)
entry 5553000/6961309 (79.7695%)
entry 5556000/6961309 (79.8126%)
entry 5557000/6961309 (79.8269%)
entry 5558000/6961309 (79.8413%)
entry 5559000/6961309 (79.8557%)
entry 5560000/6961309 (79.87%)
entry 5561000/6961309 (79.8844%)
entry 5563000/6961309 (79.9131%)
entry 5564000/6961309 (79.9275%)
entry 5566000/6961309 (79.9562%)
entry 5567000/6961309 (79.9706%)
entry 5569000/6961309 (79.9993%)
entry 5570000/6961309 (80.0137%)
entry 5571000/6961309 (80.0281%)
entry 5572000/6961309 (80.0424%)
entry 5573000/6961309 (80.0568%)
entry 5575000/6961309 (80.0855%)
entry 5576000/6961309 (80.0999%)
entry 5577000/6961309 (80.1142%)
entry 5578000/6961309 (80.1286%)
entry 5581000/6961309 (80.1717%)
entry 5584000/6961309 (80.2148%)
entry 5587000/6961309 (80.2579%)
entry 5588000/6961309 (80.2723%)
entry 5589000/6961309 (80.2866%)
entry 5591000/6961309 (80.3154%)
entry 5592000/6961309 (80.3297%)
entry 5596000/6961309 (80.3872%)
entry 5597000/6961309 (80.4015%)
entry 5598000/6961309 (80.4159%)
entry 5599000/6961309 (80.4303%)
entry 5600000/6961309 (80.4446%)
entry 5603000/6961309 (80.4877%)
entry 5607000/6961309 (80.5452%)
entry 5611000/6961309 (80.6027%)
entry 5613000/6961309 (80.6314%)
entry 5614000/6961309 (80.6458%)
entry 5617000/6961309 (80.6888%)
entry 5618000/6961309 (80.7032%)
entry 5620000/6961309 (80.7319%)
entry 5622000/6961309 (80.7607%)
entry 5623000/6961309 (80.775%)
entry 5624000/6961309 (80.7894%)
entry 5625000/6961309 (80.8038%)
entry 5627000/6961309 (80.8325%)
entry 5629000/6961309 (80.8612%)
entry 5630000/6961309 (80.8756%)
entry 5633000/6961309 (80.9187%)
entry 5635000/6961309 (80.9474%)
entry 5637000/6961309 (80.9762%)
entry 5639000/6961309 (81.0049%)
entry 5640000/6961309 (81.0192%)
entry 5642000/6961309 (81.048%)
entry 5643000/6961309 (81.0623%)
entry 5644000/6961309 (81.0767%)
entry 5646000/6961309 (81.1054%)
entry 5647000/6961309 (81.1198%)
entry 5649000/6961309 (81.1485%)
entry 5650000/6961309 (81.1629%)
entry 5651000/6961309 (81.1773%)
entry 5653000/6961309 (81.206%)
entry 5654000/6961309 (81.2204%)
entry 5655000/6961309 (81.2347%)
entry 5657000/6961309 (81.2635%)
entry 5658000/6961309 (81.2778%)
entry 5659000/6961309 (81.2922%)
entry 5660000/6961309 (81.3065%)
entry 5662000/6961309 (81.3353%)
entry 5666000/6961309 (81.3927%)
entry 5668000/6961309 (81.4215%)
entry 5669000/6961309 (81.4358%)
entry 5670000/6961309 (81.4502%)
entry 5671000/6961309 (81.4646%)
entry 5672000/6961309 (81.4789%)
entry 5675000/6961309 (81.522%)
entry 5676000/6961309 (81.5364%)
entry 5677000/6961309 (81.5508%)
entry 5678000/6961309 (81.5651%)
entry 5679000/6961309 (81.5795%)
entry 5680000/6961309 (81.5938%)
entry 5681000/6961309 (81.6082%)
entry 5684000/6961309 (81.6513%)
entry 5687000/6961309 (81.6944%)
entry 5689000/6961309 (81.7231%)
entry 5690000/6961309 (81.7375%)
entry 5692000/6961309 (81.7662%)
entry 5693000/6961309 (81.7806%)
entry 5695000/6961309 (81.8093%)
entry 5696000/6961309 (81.8237%)
entry 5698000/6961309 (81.8524%)
entry 5699000/6961309 (81.8668%)
entry 5700000/6961309 (81.8812%)
entry 5701000/6961309 (81.8955%)
entry 5703000/6961309 (81.9242%)
entry 5704000/6961309 (81.9386%)
entry 5705000/6961309 (81.953%)
entry 5707000/6961309 (81.9817%)
entry 5708000/6961309 (81.9961%)
entry 5709000/6961309 (82.0104%)
entry 5711000/6961309 (82.0392%)
entry 5715000/6961309 (82.0966%)
entry 5716000/6961309 (82.111%)
entry 5717000/6961309 (82.1254%)
entry 5718000/6961309 (82.1397%)
entry 5719000/6961309 (82.1541%)
entry 5720000/6961309 (82.1685%)
entry 5721000/6961309 (82.1828%)
entry 5722000/6961309 (82.1972%)
entry 5724000/6961309 (82.2259%)
entry 5725000/6961309 (82.2403%)
entry 5727000/6961309 (82.269%)
entry 5728000/6961309 (82.2834%)
entry 5729000/6961309 (82.2977%)
entry 5730000/6961309 (82.3121%)
entry 5733000/6961309 (82.3552%)
entry 5734000/6961309 (82.3696%)
entry 5735000/6961309 (82.3839%)
entry 5736000/6961309 (82.3983%)
entry 5739000/6961309 (82.4414%)
entry 5740000/6961309 (82.4558%)
entry 5744000/6961309 (82.5132%)
entry 5745000/6961309 (82.5276%)
entry 5747000/6961309 (82.5563%)
entry 5749000/6961309 (82.585%)
entry 5752000/6961309 (82.6281%)
entry 5754000/6961309 (82.6569%)
entry 5755000/6961309 (82.6712%)
entry 5756000/6961309 (82.6856%)
entry 5757000/6961309 (82.7%)
entry 5758000/6961309 (82.7143%)
entry 5761000/6961309 (82.7574%)
entry 5762000/6961309 (82.7718%)
entry 5767000/6961309 (82.8436%)
entry 5768000/6961309 (82.858%)
entry 5771000/6961309 (82.9011%)
entry 5772000/6961309 (82.9154%)
entry 5773000/6961309 (82.9298%)
entry 5774000/6961309 (82.9442%)
entry 5776000/6961309 (82.9729%)
entry 5778000/6961309 (83.0016%)
entry 5779000/6961309 (83.016%)
entry 5780000/6961309 (83.0304%)
entry 5783000/6961309 (83.0735%)
entry 5785000/6961309 (83.1022%)
entry 5786000/6961309 (83.1165%)
entry 5787000/6961309 (83.1309%)
entry 5788000/6961309 (83.1453%)
entry 5789000/6961309 (83.1596%)
entry 5790000/6961309 (83.174%)
entry 5791000/6961309 (83.1884%)
entry 5792000/6961309 (83.2027%)
entry 5793000/6961309 (83.2171%)
entry 5794000/6961309 (83.2315%)
entry 5795000/6961309 (83.2458%)
entry 5796000/6961309 (83.2602%)
entry 5798000/6961309 (83.2889%)
entry 5799000/6961309 (83.3033%)
entry 5802000/6961309 (83.3464%)
entry 5803000/6961309 (83.3608%)
entry 5804000/6961309 (83.3751%)
entry 5808000/6961309 (83.4326%)
entry 5809000/6961309 (83.4469%)
entry 5811000/6961309 (83.4757%)
entry 5812000/6961309 (83.49%)
entry 5813000/6961309 (83.5044%)
entry 5815000/6961309 (83.5331%)
entry 5817000/6961309 (83.5619%)
entry 5818000/6961309 (83.5762%)
entry 5819000/6961309 (83.5906%)
entry 5820000/6961309 (83.605%)
entry 5821000/6961309 (83.6193%)
entry 5824000/6961309 (83.6624%)
entry 5826000/6961309 (83.6912%)
entry 5828000/6961309 (83.7199%)
entry 5829000/6961309 (83.7343%)
entry 5832000/6961309 (83.7773%)
entry 5834000/6961309 (83.8061%)
entry 5835000/6961309 (83.8204%)
entry 5836000/6961309 (83.8348%)
entry 5837000/6961309 (83.8492%)
entry 5839000/6961309 (83.8779%)
entry 5841000/6961309 (83.9066%)
entry 5842000/6961309 (83.921%)
entry 5843000/6961309 (83.9354%)
entry 5844000/6961309 (83.9497%)
entry 5846000/6961309 (83.9785%)
entry 5849000/6961309 (84.0216%)
entry 5850000/6961309 (84.0359%)
entry 5851000/6961309 (84.0503%)
entry 5852000/6961309 (84.0647%)
entry 5855000/6961309 (84.1077%)
entry 5858000/6961309 (84.1508%)
entry 5859000/6961309 (84.1652%)
entry 5860000/6961309 (84.1796%)
entry 5863000/6961309 (84.2227%)
entry 5864000/6961309 (84.237%)
entry 5865000/6961309 (84.2514%)
entry 5868000/6961309 (84.2945%)
entry 5870000/6961309 (84.3232%)
entry 5871000/6961309 (84.3376%)
entry 5872000/6961309 (84.352%)
entry 5873000/6961309 (84.3663%)
entry 5874000/6961309 (84.3807%)
entry 5875000/6961309 (84.395%)
entry 5876000/6961309 (84.4094%)
entry 5878000/6961309 (84.4381%)
entry 5881000/6961309 (84.4812%)
entry 5882000/6961309 (84.4956%)
entry 5887000/6961309 (84.5674%)
entry 5888000/6961309 (84.5818%)
entry 5889000/6961309 (84.5962%)
entry 5891000/6961309 (84.6249%)
entry 5893000/6961309 (84.6536%)
entry 5894000/6961309 (84.668%)
entry 5897000/6961309 (84.7111%)
entry 5899000/6961309 (84.7398%)
entry 5901000/6961309 (84.7685%)
entry 5902000/6961309 (84.7829%)
entry 5903000/6961309 (84.7973%)
entry 5904000/6961309 (84.8116%)
entry 5908000/6961309 (84.8691%)
entry 5910000/6961309 (84.8978%)
entry 5911000/6961309 (84.9122%)
entry 5912000/6961309 (84.9266%)
entry 5913000/6961309 (84.9409%)
entry 5914000/6961309 (84.9553%)
entry 5916000/6961309 (84.984%)
entry 5917000/6961309 (84.9984%)
entry 5918000/6961309 (85.0127%)
entry 5920000/6961309 (85.0415%)
entry 5921000/6961309 (85.0558%)
entry 5922000/6961309 (85.0702%)
entry 5923000/6961309 (85.0846%)
entry 5924000/6961309 (85.0989%)
entry 5925000/6961309 (85.1133%)
entry 5926000/6961309 (85.1277%)
entry 5927000/6961309 (85.142%)
entry 5928000/6961309 (85.1564%)
entry 5930000/6961309 (85.1851%)
entry 5931000/6961309 (85.1995%)
entry 5932000/6961309 (85.2139%)
entry 5933000/6961309 (85.2282%)
entry 5935000/6961309 (85.257%)
entry 5939000/6961309 (85.3144%)
entry 5940000/6961309 (85.3288%)
entry 5942000/6961309 (85.3575%)
entry 5946000/6961309 (85.415%)
entry 5947000/6961309 (85.4293%)
entry 5949000/6961309 (85.4581%)
entry 5950000/6961309 (85.4724%)
entry 5951000/6961309 (85.4868%)
entry 5952000/6961309 (85.5012%)
entry 5953000/6961309 (85.5155%)
entry 5954000/6961309 (85.5299%)
entry 5956000/6961309 (85.5586%)
entry 5957000/6961309 (85.573%)
entry 5958000/6961309 (85.5874%)
entry 5959000/6961309 (85.6017%)
entry 5960000/6961309 (85.6161%)
entry 5961000/6961309 (85.6304%)
entry 5962000/6961309 (85.6448%)
entry 5963000/6961309 (85.6592%)
entry 5964000/6961309 (85.6735%)
entry 5965000/6961309 (85.6879%)
entry 5968000/6961309 (85.731%)
entry 5969000/6961309 (85.7454%)
entry 5970000/6961309 (85.7597%)
entry 5971000/6961309 (85.7741%)
entry 5973000/6961309 (85.8028%)
entry 5974000/6961309 (85.8172%)
entry 5976000/6961309 (85.8459%)
entry 5977000/6961309 (85.8603%)
entry 5979000/6961309 (85.889%)
entry 5980000/6961309 (85.9034%)
entry 5982000/6961309 (85.9321%)
entry 5983000/6961309 (85.9465%)
entry 5984000/6961309 (85.9608%)
entry 5986000/6961309 (85.9896%)
entry 5987000/6961309 (86.0039%)
entry 5988000/6961309 (86.0183%)
entry 5989000/6961309 (86.0327%)
entry 5992000/6961309 (86.0758%)
entry 5994000/6961309 (86.1045%)
entry 5995000/6961309 (86.1189%)
entry 5996000/6961309 (86.1332%)
entry 5997000/6961309 (86.1476%)
entry 6000000/6961309 (86.1907%)
entry 6001000/6961309 (86.2051%)
entry 6002000/6961309 (86.2194%)
entry 6003000/6961309 (86.2338%)
entry 6004000/6961309 (86.2481%)
entry 6005000/6961309 (86.2625%)
entry 6007000/6961309 (86.2912%)
entry 6008000/6961309 (86.3056%)
entry 6011000/6961309 (86.3487%)
entry 6012000/6961309 (86.3631%)
entry 6013000/6961309 (86.3774%)
entry 6014000/6961309 (86.3918%)
entry 6015000/6961309 (86.4062%)
entry 6016000/6961309 (86.4205%)
entry 6017000/6961309 (86.4349%)
entry 6018000/6961309 (86.4493%)
entry 6019000/6961309 (86.4636%)
entry 6020000/6961309 (86.478%)
entry 6021000/6961309 (86.4924%)
entry 6024000/6961309 (86.5354%)
entry 6027000/6961309 (86.5785%)
entry 6030000/6961309 (86.6216%)
entry 6031000/6961309 (86.636%)
entry 6032000/6961309 (86.6504%)
entry 6033000/6961309 (86.6647%)
entry 6034000/6961309 (86.6791%)
entry 6037000/6961309 (86.7222%)
entry 6038000/6961309 (86.7366%)
entry 6039000/6961309 (86.7509%)
entry 6040000/6961309 (86.7653%)
entry 6041000/6961309 (86.7797%)
entry 6042000/6961309 (86.794%)
entry 6045000/6961309 (86.8371%)
entry 6046000/6961309 (86.8515%)
entry 6047000/6961309 (86.8658%)
entry 6049000/6961309 (86.8946%)
entry 6050000/6961309 (86.9089%)
entry 6051000/6961309 (86.9233%)
entry 6052000/6961309 (86.9377%)
entry 6053000/6961309 (86.952%)
entry 6054000/6961309 (86.9664%)
entry 6055000/6961309 (86.9808%)
entry 6056000/6961309 (86.9951%)
entry 6057000/6961309 (87.0095%)
entry 6058000/6961309 (87.0239%)
entry 6059000/6961309 (87.0382%)
entry 6060000/6961309 (87.0526%)
entry 6062000/6961309 (87.0813%)
entry 6063000/6961309 (87.0957%)
entry 6064000/6961309 (87.1101%)
entry 6065000/6961309 (87.1244%)
entry 6066000/6961309 (87.1388%)
entry 6068000/6961309 (87.1675%)
entry 6072000/6961309 (87.225%)
entry 6074000/6961309 (87.2537%)
entry 6077000/6961309 (87.2968%)
entry 6080000/6961309 (87.3399%)
entry 6081000/6961309 (87.3543%)
entry 6085000/6961309 (87.4117%)
entry 6087000/6961309 (87.4404%)
entry 6088000/6961309 (87.4548%)
entry 6089000/6961309 (87.4692%)
entry 6090000/6961309 (87.4835%)
entry 6092000/6961309 (87.5123%)
entry 6095000/6961309 (87.5554%)
entry 6098000/6961309 (87.5985%)
entry 6100000/6961309 (87.6272%)
entry 6101000/6961309 (87.6416%)
entry 6102000/6961309 (87.6559%)
entry 6103000/6961309 (87.6703%)
entry 6106000/6961309 (87.7134%)
entry 6107000/6961309 (87.7278%)
entry 6109000/6961309 (87.7565%)
entry 6110000/6961309 (87.7708%)
entry 6111000/6961309 (87.7852%)
entry 6112000/6961309 (87.7996%)
entry 6113000/6961309 (87.8139%)
entry 6114000/6961309 (87.8283%)
entry 6115000/6961309 (87.8427%)
entry 6117000/6961309 (87.8714%)
entry 6118000/6961309 (87.8858%)
entry 6119000/6961309 (87.9001%)
entry 6120000/6961309 (87.9145%)
entry 6121000/6961309 (87.9289%)
entry 6123000/6961309 (87.9576%)
entry 6124000/6961309 (87.972%)
entry 6125000/6961309 (87.9863%)
entry 6126000/6961309 (88.0007%)
entry 6128000/6961309 (88.0294%)
entry 6129000/6961309 (88.0438%)
entry 6130000/6961309 (88.0581%)
entry 6131000/6961309 (88.0725%)
entry 6132000/6961309 (88.0869%)
entry 6133000/6961309 (88.1012%)
entry 6136000/6961309 (88.1443%)
entry 6137000/6961309 (88.1587%)
entry 6138000/6961309 (88.1731%)
entry 6139000/6961309 (88.1874%)
entry 6141000/6961309 (88.2162%)
entry 6142000/6961309 (88.2305%)
entry 6144000/6961309 (88.2593%)
entry 6145000/6961309 (88.2736%)
entry 6147000/6961309 (88.3024%)
entry 6148000/6961309 (88.3167%)
entry 6149000/6961309 (88.3311%)
entry 6151000/6961309 (88.3598%)
entry 6153000/6961309 (88.3886%)
entry 6157000/6961309 (88.446%)
entry 6158000/6961309 (88.4604%)
entry 6160000/6961309 (88.4891%)
entry 6163000/6961309 (88.5322%)
entry 6166000/6961309 (88.5753%)
entry 6167000/6961309 (88.5897%)
entry 6168000/6961309 (88.604%)
entry 6169000/6961309 (88.6184%)
entry 6170000/6961309 (88.6328%)
entry 6171000/6961309 (88.6471%)
entry 6172000/6961309 (88.6615%)
entry 6174000/6961309 (88.6902%)
entry 6175000/6961309 (88.7046%)
entry 6177000/6961309 (88.7333%)
entry 6178000/6961309 (88.7477%)
entry 6181000/6961309 (88.7908%)
entry 6183000/6961309 (88.8195%)
entry 6184000/6961309 (88.8339%)
entry 6185000/6961309 (88.8482%)
entry 6186000/6961309 (88.8626%)
entry 6187000/6961309 (88.877%)
entry 6188000/6961309 (88.8913%)
entry 6189000/6961309 (88.9057%)
entry 6190000/6961309 (88.9201%)
entry 6191000/6961309 (88.9344%)
entry 6194000/6961309 (88.9775%)
entry 6195000/6961309 (88.9919%)
entry 6197000/6961309 (89.0206%)
entry 6198000/6961309 (89.035%)
entry 6199000/6961309 (89.0493%)
entry 6200000/6961309 (89.0637%)
entry 6202000/6961309 (89.0924%)
entry 6204000/6961309 (89.1212%)
entry 6205000/6961309 (89.1355%)
entry 6206000/6961309 (89.1499%)
entry 6208000/6961309 (89.1786%)
entry 6209000/6961309 (89.193%)
entry 6213000/6961309 (89.2505%)
entry 6214000/6961309 (89.2648%)
entry 6219000/6961309 (89.3366%)
entry 6220000/6961309 (89.351%)
entry 6223000/6961309 (89.3941%)
entry 6224000/6961309 (89.4085%)
entry 6226000/6961309 (89.4372%)
entry 6230000/6961309 (89.4947%)
entry 6231000/6961309 (89.509%)
entry 6233000/6961309 (89.5378%)
entry 6235000/6961309 (89.5665%)
entry 6236000/6961309 (89.5809%)
entry 6239000/6961309 (89.6239%)
entry 6241000/6961309 (89.6527%)
entry 6242000/6961309 (89.667%)
entry 6244000/6961309 (89.6958%)
entry 6246000/6961309 (89.7245%)
entry 6248000/6961309 (89.7532%)
entry 6249000/6961309 (89.7676%)
entry 6250000/6961309 (89.782%)
entry 6253000/6961309 (89.8251%)
entry 6254000/6961309 (89.8394%)
entry 6256000/6961309 (89.8682%)
entry 6257000/6961309 (89.8825%)
entry 6259000/6961309 (89.9113%)
entry 6260000/6961309 (89.9256%)
entry 6261000/6961309 (89.94%)
entry 6263000/6961309 (89.9687%)
entry 6264000/6961309 (89.9831%)
entry 6266000/6961309 (90.0118%)
entry 6267000/6961309 (90.0262%)
entry 6269000/6961309 (90.0549%)
entry 6272000/6961309 (90.098%)
entry 6273000/6961309 (90.1124%)
entry 6274000/6961309 (90.1267%)
entry 6275000/6961309 (90.1411%)
entry 6280000/6961309 (90.2129%)
entry 6281000/6961309 (90.2273%)
entry 6287000/6961309 (90.3135%)
entry 6288000/6961309 (90.3278%)
entry 6290000/6961309 (90.3566%)
entry 6292000/6961309 (90.3853%)
entry 6293000/6961309 (90.3997%)
entry 6295000/6961309 (90.4284%)
entry 6296000/6961309 (90.4428%)
entry 6297000/6961309 (90.4571%)
entry 6298000/6961309 (90.4715%)
entry 6299000/6961309 (90.4859%)
entry 6300000/6961309 (90.5002%)
entry 6301000/6961309 (90.5146%)
entry 6303000/6961309 (90.5433%)
entry 6304000/6961309 (90.5577%)
entry 6305000/6961309 (90.572%)
entry 6306000/6961309 (90.5864%)
entry 6307000/6961309 (90.6008%)
entry 6310000/6961309 (90.6439%)
entry 6311000/6961309 (90.6582%)
entry 6313000/6961309 (90.687%)
entry 6318000/6961309 (90.7588%)
entry 6319000/6961309 (90.7732%)
entry 6321000/6961309 (90.8019%)
entry 6322000/6961309 (90.8163%)
entry 6324000/6961309 (90.845%)
entry 6326000/6961309 (90.8737%)
entry 6330000/6961309 (90.9312%)
entry 6331000/6961309 (90.9455%)
entry 6334000/6961309 (90.9886%)
entry 6335000/6961309 (91.003%)
entry 6338000/6961309 (91.0461%)
entry 6342000/6961309 (91.1036%)
entry 6343000/6961309 (91.1179%)
entry 6344000/6961309 (91.1323%)
entry 6345000/6961309 (91.1466%)
entry 6346000/6961309 (91.161%)
entry 6349000/6961309 (91.2041%)
entry 6350000/6961309 (91.2185%)
entry 6351000/6961309 (91.2328%)
entry 6352000/6961309 (91.2472%)
entry 6355000/6961309 (91.2903%)
entry 6356000/6961309 (91.3047%)
entry 6357000/6961309 (91.319%)
entry 6360000/6961309 (91.3621%)
entry 6362000/6961309 (91.3909%)
entry 6363000/6961309 (91.4052%)
entry 6364000/6961309 (91.4196%)
entry 6366000/6961309 (91.4483%)
entry 6368000/6961309 (91.477%)
entry 6369000/6961309 (91.4914%)
entry 6370000/6961309 (91.5058%)
entry 6372000/6961309 (91.5345%)
entry 6373000/6961309 (91.5489%)
entry 6376000/6961309 (91.592%)
entry 6379000/6961309 (91.6351%)
entry 6381000/6961309 (91.6638%)
entry 6382000/6961309 (91.6782%)
entry 6384000/6961309 (91.7069%)
entry 6387000/6961309 (91.75%)
entry 6388000/6961309 (91.7643%)
entry 6390000/6961309 (91.7931%)
entry 6391000/6961309 (91.8074%)
entry 6392000/6961309 (91.8218%)
entry 6394000/6961309 (91.8505%)
entry 6395000/6961309 (91.8649%)
entry 6397000/6961309 (91.8936%)
entry 6400000/6961309 (91.9367%)
entry 6401000/6961309 (91.9511%)
entry 6403000/6961309 (91.9798%)
entry 6405000/6961309 (92.0086%)
entry 6407000/6961309 (92.0373%)
entry 6411000/6961309 (92.0947%)
entry 6414000/6961309 (92.1378%)
entry 6415000/6961309 (92.1522%)
entry 6416000/6961309 (92.1666%)
entry 6417000/6961309 (92.1809%)
entry 6418000/6961309 (92.1953%)
entry 6419000/6961309 (92.2097%)
entry 6420000/6961309 (92.224%)
entry 6421000/6961309 (92.2384%)
entry 6422000/6961309 (92.2528%)
entry 6423000/6961309 (92.2671%)
entry 6424000/6961309 (92.2815%)
entry 6425000/6961309 (92.2959%)
entry 6427000/6961309 (92.3246%)
entry 6428000/6961309 (92.339%)
entry 6432000/6961309 (92.3964%)
entry 6433000/6961309 (92.4108%)
entry 6434000/6961309 (92.4251%)
entry 6435000/6961309 (92.4395%)
entry 6437000/6961309 (92.4682%)
entry 6438000/6961309 (92.4826%)
entry 6439000/6961309 (92.497%)
entry 6440000/6961309 (92.5113%)
entry 6441000/6961309 (92.5257%)
entry 6443000/6961309 (92.5544%)
entry 6446000/6961309 (92.5975%)
entry 6447000/6961309 (92.6119%)
entry 6449000/6961309 (92.6406%)
entry 6450000/6961309 (92.655%)
entry 6452000/6961309 (92.6837%)
entry 6456000/6961309 (92.7412%)
entry 6457000/6961309 (92.7555%)
entry 6459000/6961309 (92.7843%)
entry 6460000/6961309 (92.7986%)
entry 6464000/6961309 (92.8561%)
entry 6465000/6961309 (92.8705%)
entry 6466000/6961309 (92.8848%)
entry 6467000/6961309 (92.8992%)
entry 6468000/6961309 (92.9136%)
entry 6469000/6961309 (92.9279%)
entry 6470000/6961309 (92.9423%)
entry 6471000/6961309 (92.9567%)
entry 6472000/6961309 (92.971%)
entry 6473000/6961309 (92.9854%)
entry 6474000/6961309 (92.9998%)
entry 6479000/6961309 (93.0716%)
entry 6481000/6961309 (93.1003%)
entry 6482000/6961309 (93.1147%)
entry 6485000/6961309 (93.1578%)
entry 6487000/6961309 (93.1865%)
entry 6490000/6961309 (93.2296%)
entry 6494000/6961309 (93.2871%)
entry 6495000/6961309 (93.3014%)
entry 6496000/6961309 (93.3158%)
entry 6497000/6961309 (93.3302%)
entry 6498000/6961309 (93.3445%)
entry 6499000/6961309 (93.3589%)
entry 6500000/6961309 (93.3732%)
entry 6502000/6961309 (93.402%)
entry 6503000/6961309 (93.4163%)
entry 6506000/6961309 (93.4594%)
entry 6508000/6961309 (93.4882%)
entry 6509000/6961309 (93.5025%)
entry 6511000/6961309 (93.5313%)
entry 6512000/6961309 (93.5456%)
entry 6513000/6961309 (93.56%)
entry 6514000/6961309 (93.5744%)
entry 6515000/6961309 (93.5887%)
entry 6516000/6961309 (93.6031%)
entry 6517000/6961309 (93.6175%)
entry 6521000/6961309 (93.6749%)
entry 6525000/6961309 (93.7324%)
entry 6527000/6961309 (93.7611%)
entry 6528000/6961309 (93.7755%)
entry 6530000/6961309 (93.8042%)
entry 6531000/6961309 (93.8186%)
entry 6532000/6961309 (93.8329%)
entry 6535000/6961309 (93.876%)
entry 6536000/6961309 (93.8904%)
entry 6537000/6961309 (93.9048%)
entry 6540000/6961309 (93.9478%)
entry 6541000/6961309 (93.9622%)
entry 6542000/6961309 (93.9766%)
entry 6543000/6961309 (93.9909%)
entry 6547000/6961309 (94.0484%)
entry 6548000/6961309 (94.0628%)
entry 6550000/6961309 (94.0915%)
entry 6551000/6961309 (94.1059%)
entry 6552000/6961309 (94.1202%)
entry 6554000/6961309 (94.149%)
entry 6558000/6961309 (94.2064%)
entry 6560000/6961309 (94.2352%)
entry 6561000/6961309 (94.2495%)
entry 6562000/6961309 (94.2639%)
entry 6564000/6961309 (94.2926%)
entry 6565000/6961309 (94.307%)
entry 6566000/6961309 (94.3213%)
entry 6567000/6961309 (94.3357%)
entry 6568000/6961309 (94.3501%)
entry 6569000/6961309 (94.3644%)
entry 6570000/6961309 (94.3788%)
entry 6571000/6961309 (94.3932%)
entry 6573000/6961309 (94.4219%)
entry 6574000/6961309 (94.4363%)
entry 6575000/6961309 (94.4506%)
entry 6578000/6961309 (94.4937%)
entry 6579000/6961309 (94.5081%)
entry 6583000/6961309 (94.5655%)
entry 6584000/6961309 (94.5799%)
entry 6585000/6961309 (94.5943%)
entry 6586000/6961309 (94.6086%)
entry 6587000/6961309 (94.623%)
entry 6588000/6961309 (94.6374%)
entry 6591000/6961309 (94.6805%)
entry 6592000/6961309 (94.6948%)
entry 6594000/6961309 (94.7236%)
entry 6597000/6961309 (94.7667%)
entry 6599000/6961309 (94.7954%)
entry 6602000/6961309 (94.8385%)
entry 6603000/6961309 (94.8529%)
entry 6605000/6961309 (94.8816%)
entry 6606000/6961309 (94.8959%)
entry 6609000/6961309 (94.939%)
entry 6610000/6961309 (94.9534%)
entry 6613000/6961309 (94.9965%)
entry 6614000/6961309 (95.0109%)
entry 6615000/6961309 (95.0252%)
entry 6616000/6961309 (95.0396%)
entry 6617000/6961309 (95.054%)
entry 6619000/6961309 (95.0827%)
entry 6620000/6961309 (95.0971%)
entry 6622000/6961309 (95.1258%)
entry 6625000/6961309 (95.1689%)
entry 6627000/6961309 (95.1976%)
entry 6631000/6961309 (95.2551%)
entry 6634000/6961309 (95.2982%)
entry 6635000/6961309 (95.3125%)
entry 6636000/6961309 (95.3269%)
entry 6639000/6961309 (95.37%)
entry 6640000/6961309 (95.3844%)
entry 6644000/6961309 (95.4418%)
entry 6646000/6961309 (95.4705%)
entry 6647000/6961309 (95.4849%)
entry 6649000/6961309 (95.5136%)
entry 6650000/6961309 (95.528%)
entry 6651000/6961309 (95.5424%)
entry 6652000/6961309 (95.5567%)
entry 6655000/6961309 (95.5998%)
entry 6658000/6961309 (95.6429%)
entry 6663000/6961309 (95.7148%)
entry 6668000/6961309 (95.7866%)
entry 6669000/6961309 (95.8009%)
entry 6671000/6961309 (95.8297%)
entry 6672000/6961309 (95.844%)
entry 6673000/6961309 (95.8584%)
entry 6676000/6961309 (95.9015%)
entry 6678000/6961309 (95.9302%)
entry 6681000/6961309 (95.9733%)
entry 6683000/6961309 (96.0021%)
entry 6684000/6961309 (96.0164%)
entry 6687000/6961309 (96.0595%)
entry 6688000/6961309 (96.0739%)
entry 6689000/6961309 (96.0882%)
entry 6690000/6961309 (96.1026%)
entry 6693000/6961309 (96.1457%)
entry 6695000/6961309 (96.1744%)
entry 6699000/6961309 (96.2319%)
entry 6701000/6961309 (96.2606%)
entry 6702000/6961309 (96.275%)
entry 6703000/6961309 (96.2894%)
entry 6705000/6961309 (96.3181%)
entry 6706000/6961309 (96.3325%)
entry 6708000/6961309 (96.3612%)
entry 6709000/6961309 (96.3756%)
entry 6711000/6961309 (96.4043%)
entry 6713000/6961309 (96.433%)
entry 6714000/6961309 (96.4474%)
entry 6718000/6961309 (96.5048%)
entry 6719000/6961309 (96.5192%)
entry 6720000/6961309 (96.5336%)
entry 6721000/6961309 (96.5479%)
entry 6724000/6961309 (96.591%)
entry 6725000/6961309 (96.6054%)
entry 6726000/6961309 (96.6198%)
entry 6727000/6961309 (96.6341%)
entry 6728000/6961309 (96.6485%)
entry 6729000/6961309 (96.6629%)
entry 6730000/6961309 (96.6772%)
entry 6731000/6961309 (96.6916%)
entry 6732000/6961309 (96.7059%)
entry 6733000/6961309 (96.7203%)
entry 6734000/6961309 (96.7347%)
entry 6735000/6961309 (96.749%)
entry 6736000/6961309 (96.7634%)
entry 6738000/6961309 (96.7921%)
entry 6739000/6961309 (96.8065%)
entry 6740000/6961309 (96.8209%)
entry 6741000/6961309 (96.8352%)
entry 6743000/6961309 (96.864%)
entry 6746000/6961309 (96.9071%)
entry 6747000/6961309 (96.9214%)
entry 6748000/6961309 (96.9358%)
entry 6749000/6961309 (96.9502%)
entry 6751000/6961309 (96.9789%)
entry 6752000/6961309 (96.9932%)
entry 6753000/6961309 (97.0076%)
entry 6755000/6961309 (97.0363%)
entry 6757000/6961309 (97.0651%)
entry 6758000/6961309 (97.0794%)
entry 6759000/6961309 (97.0938%)
entry 6760000/6961309 (97.1082%)
entry 6762000/6961309 (97.1369%)
entry 6763000/6961309 (97.1513%)
entry 6765000/6961309 (97.18%)
entry 6766000/6961309 (97.1944%)
entry 6767000/6961309 (97.2087%)
entry 6770000/6961309 (97.2518%)
entry 6771000/6961309 (97.2662%)
entry 6772000/6961309 (97.2806%)
entry 6773000/6961309 (97.2949%)
entry 6774000/6961309 (97.3093%)
entry 6777000/6961309 (97.3524%)
entry 6778000/6961309 (97.3667%)
entry 6779000/6961309 (97.3811%)
entry 6780000/6961309 (97.3955%)
entry 6782000/6961309 (97.4242%)
entry 6783000/6961309 (97.4386%)
entry 6784000/6961309 (97.4529%)
entry 6785000/6961309 (97.4673%)
entry 6786000/6961309 (97.4817%)
entry 6787000/6961309 (97.496%)
entry 6789000/6961309 (97.5248%)
entry 6791000/6961309 (97.5535%)
entry 6792000/6961309 (97.5679%)
entry 6793000/6961309 (97.5822%)
entry 6797000/6961309 (97.6397%)
entry 6798000/6961309 (97.654%)
entry 6799000/6961309 (97.6684%)
entry 6800000/6961309 (97.6828%)
entry 6803000/6961309 (97.7259%)
entry 6810000/6961309 (97.8264%)
entry 6812000/6961309 (97.8552%)
entry 6813000/6961309 (97.8695%)
entry 6815000/6961309 (97.8983%)
entry 6816000/6961309 (97.9126%)
entry 6817000/6961309 (97.927%)
entry 6819000/6961309 (97.9557%)
entry 6820000/6961309 (97.9701%)
entry 6821000/6961309 (97.9844%)
entry 6823000/6961309 (98.0132%)
entry 6827000/6961309 (98.0706%)
entry 6828000/6961309 (98.085%)
entry 6830000/6961309 (98.1137%)
entry 6831000/6961309 (98.1281%)
entry 6832000/6961309 (98.1425%)
entry 6834000/6961309 (98.1712%)
entry 6835000/6961309 (98.1856%)
entry 6836000/6961309 (98.1999%)
entry 6839000/6961309 (98.243%)
entry 6841000/6961309 (98.2717%)
entry 6844000/6961309 (98.3148%)
entry 6846000/6961309 (98.3436%)
entry 6847000/6961309 (98.3579%)
entry 6849000/6961309 (98.3867%)
entry 6850000/6961309 (98.401%)
entry 6852000/6961309 (98.4298%)
entry 6854000/6961309 (98.4585%)
entry 6855000/6961309 (98.4729%)
entry 6856000/6961309 (98.4872%)
entry 6857000/6961309 (98.5016%)
entry 6858000/6961309 (98.516%)
entry 6859000/6961309 (98.5303%)
entry 6860000/6961309 (98.5447%)
entry 6861000/6961309 (98.5591%)
entry 6862000/6961309 (98.5734%)
entry 6863000/6961309 (98.5878%)
entry 6864000/6961309 (98.6021%)
entry 6865000/6961309 (98.6165%)
entry 6866000/6961309 (98.6309%)
entry 6868000/6961309 (98.6596%)
entry 6869000/6961309 (98.674%)
entry 6872000/6961309 (98.7171%)
entry 6875000/6961309 (98.7602%)
entry 6877000/6961309 (98.7889%)
entry 6878000/6961309 (98.8033%)
entry 6880000/6961309 (98.832%)
entry 6882000/6961309 (98.8607%)
entry 6884000/6961309 (98.8894%)
entry 6885000/6961309 (98.9038%)
entry 6888000/6961309 (98.9469%)
entry 6889000/6961309 (98.9613%)
entry 6890000/6961309 (98.9756%)
entry 6892000/6961309 (99.0044%)
entry 6893000/6961309 (99.0187%)
entry 6895000/6961309 (99.0475%)
entry 6896000/6961309 (99.0618%)
entry 6897000/6961309 (99.0762%)
entry 6899000/6961309 (99.1049%)
entry 6900000/6961309 (99.1193%)
entry 6901000/6961309 (99.1337%)
entry 6902000/6961309 (99.148%)
entry 6903000/6961309 (99.1624%)
entry 6904000/6961309 (99.1768%)
entry 6905000/6961309 (99.1911%)
entry 6906000/6961309 (99.2055%)
entry 6907000/6961309 (99.2198%)
entry 6908000/6961309 (99.2342%)
entry 6909000/6961309 (99.2486%)
entry 6910000/6961309 (99.2629%)
entry 6911000/6961309 (99.2773%)
entry 6913000/6961309 (99.306%)
entry 6914000/6961309 (99.3204%)
entry 6915000/6961309 (99.3348%)
entry 6917000/6961309 (99.3635%)
entry 6918000/6961309 (99.3779%)
entry 6919000/6961309 (99.3922%)
entry 6920000/6961309 (99.4066%)
entry 6922000/6961309 (99.4353%)
entry 6923000/6961309 (99.4497%)
entry 6924000/6961309 (99.4641%)
entry 6925000/6961309 (99.4784%)
entry 6926000/6961309 (99.4928%)
entry 6929000/6961309 (99.5359%)
entry 6930000/6961309 (99.5502%)
entry 6931000/6961309 (99.5646%)
entry 6932000/6961309 (99.579%)
entry 6934000/6961309 (99.6077%)
entry 6935000/6961309 (99.6221%)
entry 6936000/6961309 (99.6364%)
entry 6939000/6961309 (99.6795%)
entry 6941000/6961309 (99.7083%)
entry 6942000/6961309 (99.7226%)
entry 6943000/6961309 (99.737%)
entry 6944000/6961309 (99.7514%)
entry 6947000/6961309 (99.7944%)
entry 6948000/6961309 (99.8088%)
entry 6949000/6961309 (99.8232%)
entry 6950000/6961309 (99.8375%)
entry 6951000/6961309 (99.8519%)
entry 6952000/6961309 (99.8663%)
entry 6953000/6961309 (99.8806%)
entry 6954000/6961309 (99.895%)
entry 6955000/6961309 (99.9094%)
entry 6957000/6961309 (99.9381%)
entry 6958000/6961309 (99.9525%)
entry 6961000/6961309 (99.9956%)
all done
script done
