sphnx1023.sdcc.bnl.gov
rsyncing from /gpfs/mnt/gpfs02/sphenix/user/samfred/run25/ppg11/histmaking
running: /gpfs/mnt/gpfs02/sphenix/user/samfred/run25/ppg11/histmaking/script_data.sh 52580
LD_LIBRARY_PATH now /sphenix/user/samfred/run25/install//lib:/cvmfs/sphenix.sdcc.bnl.gov/alma9.2-gcc-14.2.0/opt/sphenix/core/gcc/14.2.0-2f0a0/x86_64-el9/lib:/cvmfs/sphenix.sdcc.bnl.gov/alma9.2-gcc-14.2.0/opt/sphenix/core/gcc/14.2.0-2f0a0/x86_64-el9/lib64:/cvmfs/sphenix.sdcc.bnl.gov/alma9.2-gcc-14.2.0/opt/sphenix/core/binutils/2.40-acaab/x86_64-el9/lib:.:/cvmfs/sphenix.sdcc.bnl.gov/alma9.2-gcc-14.2.0/release/release_new/new.10/lib64:/cvmfs/sphenix.sdcc.bnl.gov/alma9.2-gcc-14.2.0/release/release_new/new.10/lib:/cvmfs/sphenix.sdcc.bnl.gov/alma9.2-gcc-14.2.0/opt/sphenix/utils/lib:/cvmfs/sphenix.sdcc.bnl.gov/alma9.2-gcc-14.2.0/opt/sphenix/core/lib:/cvmfs/sphenix.sdcc.bnl.gov/alma9.2-gcc-14.2.0/opt/sphenix/core/root-6.32.06/lib:/cvmfs/sphenix.sdcc.bnl.gov/alma9.2-gcc-14.2.0/opt/sphenix/core/geant4.10.07.p04/lib64:/cvmfs/sphenix.sdcc.bnl.gov/alma9.2-gcc-14.2.0/opt/sphenix/core/lhapdf-5.9.1/lib:/usr/local/lib64:/usr/lib64
PATH now /sphenix/user/samfred/run25/install//bin:/cvmfs/sphenix.sdcc.bnl.gov/alma9.2-gcc-14.2.0/opt/sphenix/core/gcc/14.2.0-2f0a0/x86_64-el9/bin:/cvmfs/sphenix.sdcc.bnl.gov/alma9.2-gcc-14.2.0/opt/sphenix/core/binutils/2.40-acaab/x86_64-el9/bin:.:/cvmfs/sphenix.sdcc.bnl.gov/alma9.2-gcc-14.2.0/release/release_new/new.10/bin:/cvmfs/sphenix.sdcc.bnl.gov/alma9.2-gcc-14.2.0/opt/sphenix/utils/bin:/cvmfs/sphenix.sdcc.bnl.gov/alma9.2-gcc-14.2.0/opt/sphenix/core/bin:/cvmfs/sphenix.sdcc.bnl.gov/alma9.2-gcc-14.2.0/opt/sphenix/core/root-6.32.06/bin:/cvmfs/sphenix.sdcc.bnl.gov/alma9.2-gcc-14.2.0/opt/sphenix/core/geant4.10.07.p04/bin:/usr/local/bin:/usr/bin:/usr/local/sbin:/usr/sbin
SINGULARITY_CACHEDIR=/home/condor/local/sphnx/execute/dir_3379870
_CONDOR_CHIRP_CONFIG=/home/condor/local/sphnx/execute/dir_3379870/.chirp.config
_CONDOR_JOB_IWD=/sphenix/user/samfred/run25/ppg11/histmaking
G4ENSDFSTATEDATA=/cvmfs/sphenix.sdcc.bnl.gov/alma9.2-gcc-14.2.0/opt/sphenix/core/geant4.10.07.p04/share/Geant4-10.7.4/data/G4ENSDFSTATE2.3
_CONDOR_MACHINE_AD=/home/condor/local/sphnx/execute/dir_3379870/.machine.ad
ROOT_MAX_THREADS=1
_CONDOR_ANCESTOR_3379870=3385481:1759352738:3160497472
NUMEXPR_NUM_THREADS=1
CUBACORES=1
_CHIRP_DELAYED_UPDATE_PREFIX=Chirp*
OMP_THREAD_LIMIT=1
G4PIIDATA=/cvmfs/sphenix.sdcc.bnl.gov/alma9.2-gcc-14.2.0/opt/sphenix/core/geant4.10.07.p04/share/Geant4-10.7.4/data/G4PII1.3
NO_AT_BRIDGE=1
G4_MAIN=/cvmfs/sphenix.sdcc.bnl.gov/alma9.2-gcc-14.2.0/opt/sphenix/core/geant4.10.07.p04
COMPILER_PATH=/cvmfs/sphenix.sdcc.bnl.gov/alma9.2-gcc-14.2.0/opt/sphenix/core/gcc/14.2.0-2f0a0/x86_64-el9
ROOT_INCLUDE_PATH=./:/sphenix/user/samfred/run25/install//include:/sphenix/user/samfred/run25/install//include/caloana:/sphenix/user/samfred/run25/install//include/qa_centrality:/sphenix/user/samfred/run25/install//include/mbdana:/sphenix/user/samfred/run25/install//include/centrality:/sphenix/user/samfred/run25/install//include/Event:/cvmfs/sphenix.sdcc.bnl.gov/alma9.2-gcc-14.2.0/release/release_new/new.10/include:/cvmfs/sphenix.sdcc.bnl.gov/alma9.2-gcc-14.2.0/release/release_new/new.10/include:/cvmfs/sphenix.sdcc.bnl.gov/alma9.2-gcc-14.2.0/release/release_new/new.10/include/g4mbd:/cvmfs/sphenix.sdcc.bnl.gov/alma9.2-gcc-14.2.0/release/release_new/new.10/include/fmt:/cvmfs/sphenix.sdcc.bnl.gov/alma9.2-gcc-14.2.0/release/release_new/new.10/include/ffarawobjects:/cvmfs/sphenix.sdcc.bnl.gov/alma9.2-gcc-14.2.0/release/release_new/new.10/include/JSON:/cvmfs/sphenix.sdcc.bnl.gov/alma9.2-gcc-14.2.0/release/release_new/new.10/include/calotreegen:/cvmfs/sphenix.sdcc.bnl.gov/alma9.2-gcc-14.2.0/release/release_new/new.10/include/torch:/cvmfs/sphenix.sdcc.bnl.gov/alma9.2-gcc-14.2.0/release/release_new/new.10/include/g4detectors:/cvmfs/sphenix.sdcc.bnl.gov/alma9.2-gcc-14.2.0/release/release_new/new.10/include/kineto:/cvmfs/sphenix.sdcc.bnl.gov/alma9.2-gcc-14.2.0/release/release_new/new.10/include/g4decayer:/cvmfs/sphenix.sdcc.bnl.gov/alma9.2-gcc-14.2.0/release/release_new/new.10/include/kfparticleqa:/cvmfs/sphenix.sdcc.bnl.gov/alma9.2-gcc-14.2.0/release/release_new/new.10/include/phfield:/cvmfs/sphenix.sdcc.bnl.gov/alma9.2-gcc-14.2.0/release/release_new/new.10/include/LHAPDF:/cvmfs/sphenix.sdcc.bnl.gov/alma9.2-gcc-14.2.0/release/release_new/new.10/include/readdigitalcurrents:/cvmfs/sphenix.sdcc.bnl.gov/alma9.2-gcc-14.2.0/release/release_new/new.10/include/c10:/cvmfs/sphenix.sdcc.bnl.gov/alma9.2-gcc-14.2.0/release/release_new/new.10/include/calovalid:/cvmfs/sphenix.sdcc.bnl.gov/alma9.2-gcc-14.2.0/release/release_new/new.10/include/oneapi:/cvmfs/sphenix.sdcc.bnl.gov/alma9.2-gcc-14.2.0/release/release_new/new.10/include/DDCond:/cvmfs/sphenix.sdcc.bnl.gov/alma9.2-gcc-14.2.0/release/release_new/new.10/include/g4tracking:/cvmfs/sphenix.sdcc.bnl.gov/alma9.2-gcc-14.2.0/release/release_new/new.10/include/litecaloeval:/cvmfs/sphenix.sdcc.bnl.gov/alma9.2-gcc-14.2.0/release/release_new/new.10/include/g4intt:/cvmfs/sphenix.sdcc.bnl.gov/alma9.2-gcc-14.2.0/release/release_new/new.10/include/phool:/cvmfs/sphenix.sdcc.bnl.gov/alma9.2-gcc-14.2.0/release/release_new/new.10/include/boost:/cvmfs/sphenix.sdcc.bnl.gov/alma9.2-gcc-14.2.0/release/release_new/new.10/include/Pythia8Plugins:/cvmfs/sphenix.sdcc.bnl.gov/alma9.2-gcc-14.2.0/release/release_new/new.10/include/calib_emc_pi0:/cvmfs/sphenix.sdcc.bnl.gov/alma9.2-gcc-14.2.0/release/release_new/new.10/include/hijingflipafterburner:/cvmfs/sphenix.sdcc.bnl.gov/alma9.2-gcc-14.2.0/release/release_new/new.10/include/ffaobjects:/cvmfs/sphenix.sdcc.bnl.gov/alma9.2-gcc-14.2.0/release/release_new/new.10/include/EvtGenBase:/cvmfs/sphenix.sdcc.bnl.gov/alma9.2-gcc-14.2.0/release/release_new/new.10/include/flowafterburner:/cvmfs/sphenix.sdcc.bnl.gov/alma9.2-gcc-14.2.0/release/release_new/new.10/include/google:/cvmfs/sphenix.sdcc.bnl.gov/alma9.2-gcc-14.2.0/release/release_new/new.10/include/g4tpc:/cvmfs/sphenix.sdcc.bnl.gov/alma9.2-gcc-14.2.0/release/release_new/new.10/include/caffe2:/cvmfs/sphenix.sdcc.bnl.gov/alma9.2-gcc-14.2.0/release/release_new/new.10/include/EvtGenExternal:/cvmfs/sphenix.sdcc.bnl.gov/alma9.2-gcc-14.2.0/release/release_new/new.10/include/fp16:/cvmfs/sphenix.sdcc.bnl.gov/alma9.2-gcc-14.2.0/release/release_new/new.10/include/ffamodules:/cvmfs/sphenix.sdcc.bnl.gov/alma9.2-gcc-14.2.0/release/release_new/new.10/include/uspin:/cvmfs/sphenix.sdcc.bnl.gov/alma9.2-gcc-14.2.0/release/release_new/new.10/include/Herwig:/cvmfs/sphenix.sdcc.bnl.gov/alma9.2-gcc-14.2.0/release/release_new/new.10/include/genfitexp:/cvmfs/sphenix.sdcc.bnl.gov/alma9.2-gcc-14.2.0/release/release_new/new.10/include/XML:/cvmfs/sphenix.sdcc.bnl.gov/alma9.2-gcc-14.2.0/release/release_new/new.10/include/fbgemm:/cvmfs/sphenix.sdcc.bnl.gov/alma9.2-gcc-14.2.0/release/release_new/new.10/include/DDAlign:/cvmfs/sphenix.sdcc.bnl.gov/alma9.2-gcc-14.2.0/release/release_new/new.10/include/g4mvtx:/cvmfs/sphenix.sdcc.bnl.gov/alma9.2-gcc-14.2.0/release/release_new/new.10/include/kfparticle_sphenix:/cvmfs/sphenix.sdcc.bnl.gov/alma9.2-gcc-14.2.0/release/release_new/new.10/include/fun4all:/cvmfs/sphenix.sdcc.bnl.gov/alma9.2-gcc-14.2.0/release/release_new/new.10/include/intt:/cvmfs/sphenix.sdcc.bnl.gov/alma9.2-gcc-14.2.0/release/release_new/new.10/include/eventdisplay:/cvmfs/sphenix.sdcc.bnl.gov/alma9.2-gcc-14.2.0/release/release_new/new.10/include/EvtGen:/cvmfs/sphenix.sdcc.bnl.gov/alma9.2-gcc-14.2.0/release/release_new/new.10/include/Evaluator:/cvmfs/sphenix.sdcc.bnl.gov/alma9.2-gcc-14.2.0/release/release_new/new.10/include/tpc:/cvmfs/sphenix.sdcc.bnl.gov/alma9.2-gcc-14.2.0/release/release_new/new.10/include/GenFit:/cvmfs/sphenix.sdcc.bnl.gov/alma9.2-gcc-14.2.0/release/release_new/new.10/include/prototype4:/cvmfs/sphenix.sdcc.bnl.gov/alma9.2-gcc-14.2.0/release/release_new/new.10/include/caloembedding:/cvmfs/sphenix.sdcc.bnl.gov/alma9.2-gcc-14.2.0/release/release_new/new.10/include/EvtGenModels:/cvmfs/sphenix.sdcc.bnl.gov/alma9.2-gcc-14.2.0/release/release_new/new.10/include/fastjet:/cvmfs/sphenix.sdcc.bnl.gov/alma9.2-gcc-14.2.0/release/release_new/new.10/include/DDG4:/cvmfs/sphenix.sdcc.bnl.gov/alma9.2-gcc-14.2.0/release/release_new/new.10/include/mbd:/cvmfs/sphenix.sdcc.bnl.gov/alma9.2-gcc-14.2.0/release/release_new/new.10/include/tbb:/cvmfs/sphenix.sdcc.bnl.gov/alma9.2-gcc-14.2.0/release/release_new/new.10/include/phgeom:/cvmfs/sphenix.sdcc.bnl.gov/alma9.2-gcc-14.2.0/release/release_new/new.10/include/g4epd:/cvmfs/sphenix.sdcc.bnl.gov/alma9.2-gcc-14.2.0/release/release_new/new.10/include/oncal:/cvmfs/sphenix.sdcc.bnl.gov/alma9.2-gcc-14.2.0/release/release_new/new.10/include/pybind11:/cvmfs/sphenix.sdcc.bnl.gov/alma9.2-gcc-14.2.0/release/release_new/new.10/include/tpcdistgenerator:/cvmfs/sphenix.sdcc.bnl.gov/alma9.2-gcc-14.2.0/release/release_new/new.10/include/cdbobjects:/cvmfs/sphenix.sdcc.bnl.gov/alma9.2-gcc-14.2.0/release/release_new/new.10/include/g4micromegas:/cvmfs/sphenix.sdcc.bnl.gov/alma9.2-gcc-14.2.0/release/release_new/new.10/include/g4eval:/cvmfs/sphenix.sdcc.bnl.gov/alma9.2-gcc-14.2.0/release/release_new/new.10/include/jetbackground:/cvmfs/sphenix.sdcc.bnl.gov/alma9.2-gcc-14.2.0/release/release_new/new.10/include/micromegas:/cvmfs/sphenix.sdcc.bnl.gov/alma9.2-gcc-14.2.0/release/release_new/new.10/include/hftrackefficiency:/cvmfs/sphenix.sdcc.bnl.gov/alma9.2-gcc-14.2.0/release/release_new/new.10/include/inttrawhitqa:/cvmfs/sphenix.sdcc.bnl.gov/alma9.2-gcc-14.2.0/release/release_new/new.10/include/centrality:/cvmfs/sphenix.sdcc.bnl.gov/alma9.2-gcc-14.2.0/release/release_new/new.10/include/epd:/cvmfs/sphenix.sdcc.bnl.gov/alma9.2-gcc-14.2.0/release/release_new/new.10/include/caloreco:/cvmfs/sphenix.sdcc.bnl.gov/alma9.2-gcc-14.2.0/release/release_new/new.10/include/HepMC:/cvmfs/sphenix.sdcc.bnl.gov/alma9.2-gcc-14.2.0/release/release_new/new.10/include/CLHEP:/cvmfs/sphenix.sdcc.bnl.gov/alma9.2-gcc-14.2.0/release/release_new/new.10/include/Acts:/cvmfs/sphenix.sdcc.bnl.gov/alma9.2-gcc-14.2.0/release/release_new/new.10/include/g4histos:/cvmfs/sphenix.sdcc.bnl.gov/alma9.2-gcc-14.2.0/release/release_new/new.10/include/eventplaneinfo:/cvmfs/sphenix.sdcc.bnl.gov/alma9.2-gcc-14.2.0/release/release_new/new.10/include/fillspacechargemaps:/cvmfs/sphenix.sdcc.bnl.gov/alma9.2-gcc-14.2.0/release/release_new/new.10/include/phhepmc:/cvmfs/sphenix.sdcc.bnl.gov/alma9.2-gcc-14.2.0/release/release_new/new.10/include/trackingqa:/cvmfs/sphenix.sdcc.bnl.gov/alma9.2-gcc-14.2.0/release/release_new/new.10/include/qautils:/cvmfs/sphenix.sdcc.bnl.gov/alma9.2-gcc-14.2.0/release/release_new/new.10/include/trackreco:/cvmfs/sphenix.sdcc.bnl.gov/alma9.2-gcc-14.2.0/release/release_new/new.10/include/g4ohcal:/cvmfs/sphenix.sdcc.bnl.gov/alma9.2-gcc-14.2.0/release/release_new/new.10/include/tpcdvcalib:/cvmfs/sphenix.sdcc.bnl.gov/alma9.2-gcc-14.2.0/release/release_new/new.10/include/zdcinfo:/cvmfs/sphenix.sdcc.bnl.gov/alma9.2-gcc-14.2.0/release/release_new/new.10/include/phpythia8:/cvmfs/sphenix.sdcc.bnl.gov/alma9.2-gcc-14.2.0/release/release_new/new.10/include/fun4allutils:/cvmfs/sphenix.sdcc.bnl.gov/alma9.2-gcc-14.2.0/release/release_new/new.10/include/tpcqa:/cvmfs/sphenix.sdcc.bnl.gov/alma9.2-gcc-14.2.0/release/release_new/new.10/include/Pythia8:/cvmfs/sphenix.sdcc.bnl.gov/alma9.2-gcc-14.2.0/release/release_new/new.10/include/DDRec:/cvmfs/sphenix.sdcc.bnl.gov/alma9.2-gcc-14.2.0/release/release_new/new.10/include/DDDigi:/cvmfs/sphenix.sdcc.bnl.gov/alma9.2-gcc-14.2.0/release/release_new/new.10/include/g4ihcal:/cvmfs/sphenix.sdcc.bnl.gov/alma9.2-gcc-14.2.0/release/release_new/new.10/include/frog:/cvmfs/sphenix.sdcc.bnl.gov/alma9.2-gcc-14.2.0/release/release_new/new.10/include/eigen3:/cvmfs/sphenix.sdcc.bnl.gov/alma9.2-gcc-14.2.0/release/release_new/new.10/include/tensorpipe:/cvmfs/sphenix.sdcc.bnl.gov/alma9.2-gcc-14.2.0/release/release_new/new.10/include/sphenixnpc:/cvmfs/sphenix.sdcc.bnl.gov/alma9.2-gcc-14.2.0/release/release_new/new.10/include/siscone:/cvmfs/sphenix.sdcc.bnl.gov/alma9.2-gcc-14.2.0/release/release_new/new.10/include/pmonitor:/cvmfs/sphenix.sdcc.bnl.gov/alma9.2-gcc-14.2.0/release/release_new/new.10/include/calobase:/cvmfs/sphenix.sdcc.bnl.gov/alma9.2-gcc-14.2.0/release/release_new/new.10/include/ActsExamples:/cvmfs/sphenix.sdcc.bnl.gov/alma9.2-gcc-14.2.0/release/release_new/new.10/include/g4gdml:/cvmfs/sphenix.sdcc.bnl.gov/alma9.2-gcc-14.2.0/release/release_new/new.10/include/mvtx_decoder:/cvmfs/sphenix.sdcc.bnl.gov/alma9.2-gcc-14.2.0/release/release_new/new.10/include/ROOT:/cvmfs/sphenix.sdcc.bnl.gov/alma9.2-gcc-14.2.0/release/release_new/new.10/include/phparameter:/cvmfs/sphenix.sdcc.bnl.gov/alma9.2-gcc-14.2.0/release/release_new/new.10/include/rsa:/cvmfs/sphenix.sdcc.bnl.gov/alma9.2-gcc-14.2.0/release/release_new/new.10/include/fun4allraw:/cvmfs/sphenix.sdcc.bnl.gov/alma9.2-gcc-14.2.0/release/release_new/new.10/include/trackbase_historic:/cvmfs/sphenix.sdcc.bnl.gov/alma9.2-gcc-14.2.0/release/release_new/new.10/include/g4jets:/cvmfs/sphenix.sdcc.bnl.gov/alma9.2-gcc-14.2.0/release/release_new/new.10/include/jetqa:/cvmfs/sphenix.sdcc.bnl.gov/alma9.2-gcc-14.2.0/release/release_new/new.10/include/phoolraw:/cvmfs/sphenix.sdcc.bnl.gov/alma9.2-gcc-14.2.0/release/release_new/new.10/include/g4calo:/cvmfs/sphenix.sdcc.bnl.gov/alma9.2-gcc-14.2.0/release/release_new/new.10/include/mvtxrawhitqa:/cvmfs/sphenix.sdcc.bnl.gov/alma9.2-gcc-14.2.0/release/release_new/new.10/include/HepMC3:/cvmfs/sphenix.sdcc.bnl.gov/alma9.2-gcc-14.2.0/release/release_new/new.10/include/calowaveformsim:/cvmfs/sphenix.sdcc.bnl.gov/alma9.2-gcc-14.2.0/release/release_new/new.10/include/g4caloprototype:/cvmfs/sphenix.sdcc.bnl.gov/alma9.2-gcc-14.2.0/release/release_new/new.10/include/pdbcalbase:/cvmfs/sphenix.sdcc.bnl.gov/alma9.2-gcc-14.2.0/release/release_new/new.10/include/gsl:/cvmfs/sphenix.sdcc.bnl.gov/alma9.2-gcc-14.2.0/release/release_new/new.10/include/nodedump:/cvmfs/sphenix.sdcc.bnl.gov/alma9.2-gcc-14.2.0/release/release_new/new.10/include/emcnoisytowerfinder:/cvmfs/sphenix.sdcc.bnl.gov/alma9.2-gcc-14.2.0/release/release_new/new.10/include/ActsFatras:/cvmfs/sphenix.sdcc.bnl.gov/alma9.2-gcc-14.2.0/release/release_new/new.10/include/ffarawmodules:/cvmfs/sphenix.sdcc.bnl.gov/alma9.2-gcc-14.2.0/release/release_new/new.10/include/Event:/cvmfs/sphenix.sdcc.bnl.gov/alma9.2-gcc-14.2.0/release/release_new/new.10/include/prototype3:/cvmfs/sphenix.sdcc.bnl.gov/alma9.2-gcc-14.2.0/release/release_new/new.10/include/fermimotionafterburner:/cvmfs/sphenix.sdcc.bnl.gov/alma9.2-gcc-14.2.0/release/release_new/new.10/include/Photos:/cvmfs/sphenix.sdcc.bnl.gov/alma9.2-gcc-14.2.0/release/release_new/new.10/include/xingshiftcal:/cvmfs/sphenix.sdcc.bnl.gov/alma9.2-gcc-14.2.0/release/release_new/new.10/include/trackbase:/cvmfs/sphenix.sdcc.bnl.gov/alma9.2-gcc-14.2.0/release/release_new/new.10/include/jetdstskimmer:/cvmfs/sphenix.sdcc.bnl.gov/alma9.2-gcc-14.2.0/release/release_new/new.10/include/clusteriso:/cvmfs/sphenix.sdcc.bnl.gov/alma9.2-gcc-14.2.0/release/release_new/new.10/include/asmjit:/cvmfs/sphenix.sdcc.bnl.gov/alma9.2-gcc-14.2.0/release/release_new/new.10/include/particleflowreco:/cvmfs/sphenix.sdcc.bnl.gov/alma9.2-gcc-14.2.0/release/release_new/new.10/include/tpchittrackdisplay:/cvmfs/sphenix.sdcc.bnl.gov/alma9.2-gcc-14.2.0/release/release_new/new.10/include/caloana:/cvmfs/sphenix.sdcc.bnl.gov/alma9.2-gcc-14.2.0/release/release_new/new.10/include/calotrigger:/cvmfs/sphenix.sdcc.bnl.gov/alma9.2-gcc-14.2.0/release/release_new/new.10/include/nopayloadclient:/cvmfs/sphenix.sdcc.bnl.gov/alma9.2-gcc-14.2.0/release/release_new/new.10/include/trackermillepedealignment:/cvmfs/sphenix.sdcc.bnl.gov/alma9.2-gcc-14.2.0/release/release_new/new.10/include/DD4hep:/cvmfs/sphenix.sdcc.bnl.gov/alma9.2-gcc-14.2.0/release/release_new/new.10/include/g4trackfastsim:/cvmfs/sphenix.sdcc.bnl.gov/alma9.2-gcc-14.2.0/release/release_new/new.10/include/prototype2:/cvmfs/sphenix.sdcc.bnl.gov/alma9.2-gcc-14.2.0/release/release_new/new.10/include/ATen:/cvmfs/sphenix.sdcc.bnl.gov/alma9.2-gcc-14.2.0/release/release_new/new.10/include/g4main:/cvmfs/sphenix.sdcc.bnl.gov/alma9.2-gcc-14.2.0/release/release_new/new.10/include/Tauola:/cvmfs/sphenix.sdcc.bnl.gov/alma9.2-gcc-14.2.0/release/release_new/new.10/include/inttcalib:/cvmfs/sphenix.sdcc.bnl.gov/alma9.2-gcc-14.2.0/release/release_new/new.10/include/reactionplaneafterburner:/cvmfs/sphenix.sdcc.bnl.gov/alma9.2-gcc-14.2.0/release/release_new/new.10/include/globalqa:/cvmfs/sphenix.sdcc.bnl.gov/alma9.2-gcc-14.2.0/release/release_new/new.10/include/tpccalib:/cvmfs/sphenix.sdcc.bnl.gov/alma9.2-gcc-14.2.0/release/release_new/new.10/include/DDSegmentation:/cvmfs/sphenix.sdcc.bnl.gov/alma9.2-gcc-14.2.0/release/release_new/new.10/include/decayfinder:/cvmfs/sphenix.sdcc.bnl.gov/alma9.2-gcc-14.2.0/release/release_new/new.10/include/compressclus:/cvmfs/sphenix.sdcc.bnl.gov/alma9.2-gcc-14.2.0/release/release_new/new.10/include/simqa_modules:/cvmfs/sphenix.sdcc.bnl.gov/alma9.2-gcc-14.2.0/release/release_new/new.10/include/resonancejettagging:/cvmfs/sphenix.sdcc.bnl.gov/alma9.2-gcc-14.2.0/release/release_new/new.10/include/g4centrality:/cvmfs/sphenix.sdcc.bnl.gov/alma9.2-gcc-14.2.0/release/release_new/new.10/include/mvtx:/cvmfs/sphenix.sdcc.bnl.gov/alma9.2-gcc-14.2.0/release/release_new/new.10/include/nlohmann:/cvmfs/sphenix.sdcc.bnl.gov/alma9.2-gcc-14.2.0/release/release_new/new.10/include/localpoloffmon:/cvmfs/sphenix.sdcc.bnl.gov/alma9.2-gcc-14.2.0/release/release_new/new.10/include/DDEve:/cvmfs/sphenix.sdcc.bnl.gov/alma9.2-gcc-14.2.0/release/release_new/new.10/include/Parsers:/cvmfs/sphenix.sdcc.bnl.gov/alma9.2-gcc-14.2.0/release/release_new/new.10/include/trackingdiagnostics:/cvmfs/sphenix.sdcc.bnl.gov/alma9.2-gcc-14.2.0/release/release_new/new.10/include/g4vertex:/cvmfs/sphenix.sdcc.bnl.gov/alma9.2-gcc-14.2.0/release/release_new/new.10/include/jetbase:/cvmfs/sphenix.sdcc.bnl.gov/alma9.2-gcc-14.2.0/release/release_new/new.10/include/globalvertex:/cvmfs/sphenix.sdcc.bnl.gov/alma9.2-gcc-14.2.0/release/release_new/new.10/include/phgenfit:/cvmfs/sphenix.sdcc.bnl.gov/alma9.2-gcc-14.2.0/release/release_new/new.10/include/rawbcolumi:/cvmfs/sphenix.sdcc.bnl.gov/alma9.2-gcc-14.2.0/release/release_new/new.10/include/eicsmear:/cvmfs/sphenix.sdcc.bnl.gov/alma9.2-gcc-14.2.0/release/release_new/new.10/include/mvtxcalib:/cvmfs/sphenix.sdcc.bnl.gov/alma9.2-gcc-14.2.0/release/release_new/new.10/include/tpclinelaserdiode:/cvmfs/sphenix.sdcc.bnl.gov/alma9.2-gcc-14.2.0/release/release_new/new.10/include/hepmcjettrigger:/cvmfs/sphenix.sdcc.bnl.gov/alma9.2-gcc-14.2.0/release/release_new/new.10/include/core:/cvmfs/sphenix.sdcc.bnl.gov/alma9.2-gcc-14.2.0/release/release_new/new.10/include/calo_cdb:/cvmfs/sphenix.sdcc.bnl.gov/alma9.2-gcc-14.2.0/release/release_new/new.10/include/mvtxclustershapesqa:/cvmfs/sphenix.sdcc.bnl.gov/alma9.2-gcc-14.2.0/release/release_new/new.10/include/calopacketskimmer:/cvmfs/sphenix.sdcc.bnl.gov/alma9.2-gcc-14.2.0/opt/sphenix/core/geant4.10.07.p04/include:/cvmfs/sphenix.sdcc.bnl.gov/alma9.2-gcc-14.2.0/release/release_new/new.10/rootmacros:/cvmfs/sphenix.sdcc.bnl.gov/alma9.2-gcc-14.2.0/opt/sphenix/core/include
GSEARCHPATH=.:PG:LUSTRE:RAWDATA
PWD=/gpfs/mnt/gpfs02/sphenix/user/samfred/run25/ppg11/histmaking
LOGNAME=samfred
_CONDOR_JOB_AD=/home/condor/local/sphnx/execute/dir_3379870/.job.ad
MANPATH=/cvmfs/sphenix.sdcc.bnl.gov/alma9.2-gcc-14.2.0/opt/sphenix/core/gcc/14.2.0-2f0a0/x86_64-el9/share/man:/cvmfs/sphenix.sdcc.bnl.gov/alma9.2-gcc-14.2.0/opt/sphenix/core/binutils/2.40-acaab/x86_64-el9/share/man:/cvmfs/sphenix.sdcc.bnl.gov/alma9.2-gcc-14.2.0/release/release_new/new.10/share/man:/cvmfs/sphenix.sdcc.bnl.gov/alma9.2-gcc-14.2.0/opt/sphenix/utils/share/man:/cvmfs/sphenix.sdcc.bnl.gov/alma9.2-gcc-14.2.0/opt/sphenix/core/share/man:/cvmfs/sphenix.sdcc.bnl.gov/alma9.2-gcc-14.2.0/opt/sphenix/core/root-6.32.06/man:/usr/local/share/man:/usr/share/man
PYTHIA8=/cvmfs/sphenix.sdcc.bnl.gov/alma9.2-gcc-14.2.0/release/release_new/new.10/share/Pythia8
G4INCLDATA=/cvmfs/sphenix.sdcc.bnl.gov/alma9.2-gcc-14.2.0/opt/sphenix/core/geant4.10.07.p04/share/Geant4-10.7.4/data/G4INCL1.0
ORIG_PATH=/usr/local/bin:/usr/bin
CXX=/cvmfs/sphenix.sdcc.bnl.gov/alma9.2-gcc-14.2.0/opt/sphenix/core/gcc/14.2.0-2f0a0/x86_64-el9/bin/g++
G4LEDATA=/cvmfs/sphenix.sdcc.bnl.gov/alma9.2-gcc-14.2.0/opt/sphenix/core/geant4.10.07.p04/share/Geant4-10.7.4/data/G4EMLOW7.13
PYTHON_CPU_COUNT=1
OPENBLAS_NUM_THREADS=1
_CONDOR_BIN=/usr/bin
HOME=/sphenix/u/samfred
G4PARTICLEXSDATA=/cvmfs/sphenix.sdcc.bnl.gov/alma9.2-gcc-14.2.0/opt/sphenix/core/geant4.10.07.p04/share/Geant4-10.7.4/data/G4PARTICLEXS3.1.1
ONLINE_MAIN=/cvmfs/sphenix.sdcc.bnl.gov/alma9.2-gcc-14.2.0/release/release_new/new.10
CALIBRATIONROOT=/cvmfs/sphenix.sdcc.bnl.gov/alma9.2-gcc-14.2.0/release/release_new/new.10/share/calibrations
TMPDIR=/tmp
_CONDOR_SCRATCH_DIR=/home/condor/local/sphnx/execute/dir_3379870
PGUSER=phnxrc
NOPAYLOADCLIENT_CONF=/cvmfs/sphenix.sdcc.bnl.gov/alma9.2-gcc-14.2.0/opt/sphenix/core/etc/sPHENIX_newcdb.json
XERCESCROOT=/cvmfs/sphenix.sdcc.bnl.gov/alma9.2-gcc-14.2.0/opt/sphenix/core/geant4.10.07.p04
LHAPATH=/cvmfs/sphenix.sdcc.bnl.gov/alma9.2-gcc-14.2.0/opt/sphenix/core/lhapdf-5.9.1/share/lhapdf/PDFsets
G4NEUTRONHPDATA=/cvmfs/sphenix.sdcc.bnl.gov/alma9.2-gcc-14.2.0/opt/sphenix/core/geant4.10.07.p04/share/Geant4-10.7.4/data/G4NDL4.6
PYTHONPATH=.:/cvmfs/sphenix.sdcc.bnl.gov/alma9.2-gcc-14.2.0/release/release_new/new.10/lib/python3.13/site-packages:/cvmfs/sphenix.sdcc.bnl.gov/alma9.2-gcc-14.2.0/opt/sphenix/core/lib/python3.13/site-packages:/cvmfs/sphenix.sdcc.bnl.gov/alma9.2-gcc-14.2.0/opt/sphenix/core/root-6.32.06/lib
USER=samfred
_CONDOR_JOB_PIDS=
TEMP=/tmp
GOMAXPROCS=1
OFFLINE_MAIN=/cvmfs/sphenix.sdcc.bnl.gov/alma9.2-gcc-14.2.0/release/release_new/new.10
SHLVL=1
TF_NUM_THREADS=1
G4SAIDXSDATA=/cvmfs/sphenix.sdcc.bnl.gov/alma9.2-gcc-14.2.0/opt/sphenix/core/geant4.10.07.p04/share/Geant4-10.7.4/data/G4SAIDDATA2.0
APPTAINER_CACHEDIR=/home/condor/local/sphnx/execute/dir_3379870
ROOTSYS=/cvmfs/sphenix.sdcc.bnl.gov/alma9.2-gcc-14.2.0/opt/sphenix/core/root-6.32.06
BATCH_SYSTEM=HTCondor
_CONDOR_SLOT=slot1_60
LD_LIBRARY_PATH=/sphenix/user/samfred/run25/install//lib:/cvmfs/sphenix.sdcc.bnl.gov/alma9.2-gcc-14.2.0/opt/sphenix/core/gcc/14.2.0-2f0a0/x86_64-el9/lib:/cvmfs/sphenix.sdcc.bnl.gov/alma9.2-gcc-14.2.0/opt/sphenix/core/gcc/14.2.0-2f0a0/x86_64-el9/lib64:/cvmfs/sphenix.sdcc.bnl.gov/alma9.2-gcc-14.2.0/opt/sphenix/core/binutils/2.40-acaab/x86_64-el9/lib:.:/cvmfs/sphenix.sdcc.bnl.gov/alma9.2-gcc-14.2.0/release/release_new/new.10/lib64:/cvmfs/sphenix.sdcc.bnl.gov/alma9.2-gcc-14.2.0/release/release_new/new.10/lib:/cvmfs/sphenix.sdcc.bnl.gov/alma9.2-gcc-14.2.0/opt/sphenix/utils/lib:/cvmfs/sphenix.sdcc.bnl.gov/alma9.2-gcc-14.2.0/opt/sphenix/core/lib:/cvmfs/sphenix.sdcc.bnl.gov/alma9.2-gcc-14.2.0/opt/sphenix/core/root-6.32.06/lib:/cvmfs/sphenix.sdcc.bnl.gov/alma9.2-gcc-14.2.0/opt/sphenix/core/geant4.10.07.p04/lib64:/cvmfs/sphenix.sdcc.bnl.gov/alma9.2-gcc-14.2.0/opt/sphenix/core/lhapdf-5.9.1/lib:/usr/local/lib64:/usr/lib64
_CONDOR_ANCESTOR_294639=3379870:1759352738:2389275483
OPT_SPHENIX=/cvmfs/sphenix.sdcc.bnl.gov/alma9.2-gcc-14.2.0/opt/sphenix/core
TF_LOOP_PARALLEL_ITERATIONS=1
EVT_LIB=/cvmfs/sphenix.sdcc.bnl.gov/alma9.2-gcc-14.2.0/opt/sphenix/core/root-6.32.06/lib
PGHOST=sphnxdbmaster.sdcc.bnl.gov
OMP_NUM_THREADS=1
G4REALSURFACEDATA=/cvmfs/sphenix.sdcc.bnl.gov/alma9.2-gcc-14.2.0/opt/sphenix/core/geant4.10.07.p04/share/Geant4-10.7.4/data/RealSurface2.2
FC=/cvmfs/sphenix.sdcc.bnl.gov/alma9.2-gcc-14.2.0/opt/sphenix/core/gcc/14.2.0-2f0a0/x86_64-el9/bin/gfortran
G4ABLADATA=/cvmfs/sphenix.sdcc.bnl.gov/alma9.2-gcc-14.2.0/opt/sphenix/core/geant4.10.07.p04/share/Geant4-10.7.4/data/G4ABLA3.1
PARASOFT=doesnotexist
TMP=/tmp
OPT_UTILS=/cvmfs/sphenix.sdcc.bnl.gov/alma9.2-gcc-14.2.0/opt/sphenix/utils
CONFIG_SITE=/cvmfs/sphenix.sdcc.bnl.gov/alma9.2-gcc-14.2.0/opt/sphenix/core/etc/config.site
PATH=/sphenix/user/samfred/run25/install//bin:/cvmfs/sphenix.sdcc.bnl.gov/alma9.2-gcc-14.2.0/opt/sphenix/core/gcc/14.2.0-2f0a0/x86_64-el9/bin:/cvmfs/sphenix.sdcc.bnl.gov/alma9.2-gcc-14.2.0/opt/sphenix/core/binutils/2.40-acaab/x86_64-el9/bin:.:/cvmfs/sphenix.sdcc.bnl.gov/alma9.2-gcc-14.2.0/release/release_new/new.10/bin:/cvmfs/sphenix.sdcc.bnl.gov/alma9.2-gcc-14.2.0/opt/sphenix/utils/bin:/cvmfs/sphenix.sdcc.bnl.gov/alma9.2-gcc-14.2.0/opt/sphenix/core/bin:/cvmfs/sphenix.sdcc.bnl.gov/alma9.2-gcc-14.2.0/opt/sphenix/core/root-6.32.06/bin:/cvmfs/sphenix.sdcc.bnl.gov/alma9.2-gcc-14.2.0/opt/sphenix/core/geant4.10.07.p04/bin:/usr/local/bin:/usr/bin:/usr/local/sbin:/usr/sbin
G4LEVELGAMMADATA=/cvmfs/sphenix.sdcc.bnl.gov/alma9.2-gcc-14.2.0/opt/sphenix/core/geant4.10.07.p04/share/Geant4-10.7.4/data/PhotonEvaporation5.7
CC=/cvmfs/sphenix.sdcc.bnl.gov/alma9.2-gcc-14.2.0/opt/sphenix/core/gcc/14.2.0-2f0a0/x86_64-el9/bin/gcc
G4RADIOACTIVEDATA=/cvmfs/sphenix.sdcc.bnl.gov/alma9.2-gcc-14.2.0/opt/sphenix/core/geant4.10.07.p04/share/Geant4-10.7.4/data/RadioactiveDecay5.6
JULIA_NUM_THREADS=1
MKL_NUM_THREADS=1
LHAPDF_DATA_PATH=/cvmfs/sphenix.sdcc.bnl.gov/alma9.2-gcc-14.2.0/release/release_new/new.10/share/LHAPDF
XPLOAD_CONFIG_DIR=/cvmfs/sphenix.sdcc.bnl.gov/alma9.2-gcc-14.2.0/opt/sphenix/core/etc
_CONDOR_ANCESTOR_294604=294639:1756523314:4121904789
OLDPWD=/cvmfs/sphenix.sdcc.bnl.gov/alma9.2-gcc-14.2.0/release/release_new/new.10/geant4
_=/usr/bin/printenv
runnumber...
52580
trigger...

   ------------------------------------------------------------------
  | Welcome to ROOT 6.32.06                        https://root.cern |
  | (c) 1995-2024, The ROOT Team; conception: R. Brun, F. Rademakers |
  | Built for linuxx8664gcc on Dec 13 2024, 17:23:48                 |
  | From tags/6-32-06@6-32-06                                        |
  | With g++ (GCC) 14.2.0                                            |
  | Try '.help'/'.?', '.demo', '.license', '.credits', '.quit'/'.q'  |
   ------------------------------------------------------------------


Processing data_histmaker.C(52580)...
entry 1000/3711531 (0.0269431%)
entry 4000/3711531 (0.107772%)
entry 5000/3711531 (0.134715%)
entry 7000/3711531 (0.188601%)
entry 8000/3711531 (0.215544%)
entry 10000/3711531 (0.269431%)
entry 11000/3711531 (0.296374%)
entry 13000/3711531 (0.35026%)
entry 14000/3711531 (0.377203%)
entry 15000/3711531 (0.404146%)
entry 16000/3711531 (0.431089%)
entry 17000/3711531 (0.458032%)
entry 18000/3711531 (0.484975%)
entry 19000/3711531 (0.511918%)
entry 23000/3711531 (0.61969%)
entry 25000/3711531 (0.673576%)
entry 28000/3711531 (0.754406%)
entry 29000/3711531 (0.781349%)
entry 31000/3711531 (0.835235%)
entry 32000/3711531 (0.862178%)
entry 34000/3711531 (0.916064%)
entry 36000/3711531 (0.96995%)
entry 38000/3711531 (1.02384%)
entry 39000/3711531 (1.05078%)
entry 41000/3711531 (1.10467%)
entry 45000/3711531 (1.21244%)
entry 46000/3711531 (1.23938%)
entry 47000/3711531 (1.26632%)
entry 48000/3711531 (1.29327%)
entry 53000/3711531 (1.42798%)
entry 54000/3711531 (1.45493%)
entry 55000/3711531 (1.48187%)
entry 58000/3711531 (1.5627%)
entry 59000/3711531 (1.58964%)
entry 61000/3711531 (1.64353%)
entry 62000/3711531 (1.67047%)
entry 63000/3711531 (1.69741%)
entry 64000/3711531 (1.72436%)
entry 66000/3711531 (1.77824%)
entry 67000/3711531 (1.80518%)
entry 69000/3711531 (1.85907%)
entry 71000/3711531 (1.91296%)
entry 72000/3711531 (1.9399%)
entry 74000/3711531 (1.99379%)
entry 78000/3711531 (2.10156%)
entry 81000/3711531 (2.18239%)
entry 82000/3711531 (2.20933%)
entry 84000/3711531 (2.26322%)
entry 86000/3711531 (2.3171%)
entry 88000/3711531 (2.37099%)
entry 89000/3711531 (2.39793%)
entry 94000/3711531 (2.53265%)
entry 96000/3711531 (2.58653%)
entry 99000/3711531 (2.66736%)
entry 101000/3711531 (2.72125%)
entry 102000/3711531 (2.74819%)
entry 104000/3711531 (2.80208%)
entry 105000/3711531 (2.82902%)
entry 107000/3711531 (2.88291%)
entry 110000/3711531 (2.96374%)
entry 112000/3711531 (3.01762%)
entry 114000/3711531 (3.07151%)
entry 115000/3711531 (3.09845%)
entry 118000/3711531 (3.17928%)
entry 119000/3711531 (3.20622%)
entry 120000/3711531 (3.23317%)
entry 121000/3711531 (3.26011%)
entry 123000/3711531 (3.314%)
entry 125000/3711531 (3.36788%)
entry 126000/3711531 (3.39483%)
entry 127000/3711531 (3.42177%)
entry 129000/3711531 (3.47565%)
entry 130000/3711531 (3.5026%)
entry 131000/3711531 (3.52954%)
entry 132000/3711531 (3.55648%)
entry 134000/3711531 (3.61037%)
entry 136000/3711531 (3.66426%)
entry 138000/3711531 (3.71814%)
entry 141000/3711531 (3.79897%)
entry 143000/3711531 (3.85286%)
entry 144000/3711531 (3.8798%)
entry 145000/3711531 (3.90674%)
entry 146000/3711531 (3.93369%)
entry 147000/3711531 (3.96063%)
entry 149000/3711531 (4.01452%)
entry 150000/3711531 (4.04146%)
entry 151000/3711531 (4.0684%)
entry 152000/3711531 (4.09534%)
entry 153000/3711531 (4.12229%)
entry 158000/3711531 (4.257%)
entry 159000/3711531 (4.28395%)
entry 161000/3711531 (4.33783%)
entry 162000/3711531 (4.36478%)
entry 163000/3711531 (4.39172%)
entry 165000/3711531 (4.4456%)
entry 167000/3711531 (4.49949%)
entry 168000/3711531 (4.52643%)
entry 169000/3711531 (4.55338%)
entry 171000/3711531 (4.60726%)
entry 172000/3711531 (4.63421%)
entry 173000/3711531 (4.66115%)
entry 175000/3711531 (4.71504%)
entry 177000/3711531 (4.76892%)
entry 178000/3711531 (4.79586%)
entry 180000/3711531 (4.84975%)
entry 181000/3711531 (4.87669%)
entry 182000/3711531 (4.90364%)
entry 183000/3711531 (4.93058%)
entry 184000/3711531 (4.95752%)
entry 185000/3711531 (4.98447%)
entry 186000/3711531 (5.01141%)
entry 187000/3711531 (5.03835%)
entry 189000/3711531 (5.09224%)
entry 190000/3711531 (5.11918%)
entry 191000/3711531 (5.14612%)
entry 195000/3711531 (5.2539%)
entry 196000/3711531 (5.28084%)
entry 197000/3711531 (5.30778%)
entry 198000/3711531 (5.33473%)
entry 199000/3711531 (5.36167%)
entry 200000/3711531 (5.38861%)
entry 202000/3711531 (5.4425%)
entry 203000/3711531 (5.46944%)
entry 206000/3711531 (5.55027%)
entry 208000/3711531 (5.60416%)
entry 210000/3711531 (5.65804%)
entry 211000/3711531 (5.68499%)
entry 212000/3711531 (5.71193%)
entry 214000/3711531 (5.76581%)
entry 215000/3711531 (5.79276%)
entry 216000/3711531 (5.8197%)
entry 218000/3711531 (5.87359%)
entry 221000/3711531 (5.95442%)
entry 223000/3711531 (6.0083%)
entry 224000/3711531 (6.03525%)
entry 226000/3711531 (6.08913%)
entry 227000/3711531 (6.11607%)
entry 228000/3711531 (6.14302%)
entry 230000/3711531 (6.1969%)
entry 231000/3711531 (6.22385%)
entry 232000/3711531 (6.25079%)
entry 234000/3711531 (6.30468%)
entry 235000/3711531 (6.33162%)
entry 236000/3711531 (6.35856%)
entry 237000/3711531 (6.38551%)
entry 238000/3711531 (6.41245%)
entry 239000/3711531 (6.43939%)
entry 241000/3711531 (6.49328%)
entry 242000/3711531 (6.52022%)
entry 243000/3711531 (6.54716%)
entry 245000/3711531 (6.60105%)
entry 246000/3711531 (6.62799%)
entry 247000/3711531 (6.65494%)
entry 250000/3711531 (6.73577%)
entry 251000/3711531 (6.76271%)
entry 254000/3711531 (6.84354%)
entry 257000/3711531 (6.92437%)
entry 258000/3711531 (6.95131%)
entry 259000/3711531 (6.97825%)
entry 262000/3711531 (7.05908%)
entry 263000/3711531 (7.08602%)
entry 264000/3711531 (7.11297%)
entry 265000/3711531 (7.13991%)
entry 267000/3711531 (7.1938%)
entry 268000/3711531 (7.22074%)
entry 270000/3711531 (7.27463%)
entry 271000/3711531 (7.30157%)
entry 273000/3711531 (7.35546%)
entry 274000/3711531 (7.3824%)
entry 275000/3711531 (7.40934%)
entry 276000/3711531 (7.43628%)
entry 277000/3711531 (7.46323%)
entry 278000/3711531 (7.49017%)
entry 280000/3711531 (7.54406%)
entry 283000/3711531 (7.62489%)
entry 286000/3711531 (7.70572%)
entry 287000/3711531 (7.73266%)
entry 288000/3711531 (7.7596%)
entry 291000/3711531 (7.84043%)
entry 295000/3711531 (7.9482%)
entry 297000/3711531 (8.00209%)
entry 299000/3711531 (8.05597%)
entry 300000/3711531 (8.08292%)
entry 302000/3711531 (8.1368%)
entry 303000/3711531 (8.16375%)
entry 306000/3711531 (8.24458%)
entry 307000/3711531 (8.27152%)
entry 309000/3711531 (8.32541%)
entry 311000/3711531 (8.37929%)
entry 312000/3711531 (8.40623%)
entry 313000/3711531 (8.43318%)
entry 314000/3711531 (8.46012%)
entry 315000/3711531 (8.48706%)
entry 317000/3711531 (8.54095%)
entry 318000/3711531 (8.56789%)
entry 319000/3711531 (8.59484%)
entry 320000/3711531 (8.62178%)
entry 321000/3711531 (8.64872%)
entry 325000/3711531 (8.75649%)
entry 327000/3711531 (8.81038%)
entry 330000/3711531 (8.89121%)
entry 332000/3711531 (8.9451%)
entry 335000/3711531 (9.02592%)
entry 336000/3711531 (9.05287%)
entry 337000/3711531 (9.07981%)
entry 338000/3711531 (9.10675%)
entry 339000/3711531 (9.1337%)
entry 341000/3711531 (9.18758%)
entry 342000/3711531 (9.21453%)
entry 343000/3711531 (9.24147%)
entry 346000/3711531 (9.3223%)
entry 347000/3711531 (9.34924%)
entry 348000/3711531 (9.37618%)
entry 349000/3711531 (9.40313%)
entry 350000/3711531 (9.43007%)
entry 353000/3711531 (9.5109%)
entry 354000/3711531 (9.53784%)
entry 355000/3711531 (9.56479%)
entry 356000/3711531 (9.59173%)
entry 358000/3711531 (9.64562%)
entry 359000/3711531 (9.67256%)
entry 360000/3711531 (9.6995%)
entry 362000/3711531 (9.75339%)
entry 363000/3711531 (9.78033%)
entry 364000/3711531 (9.80727%)
entry 365000/3711531 (9.83422%)
entry 366000/3711531 (9.86116%)
entry 367000/3711531 (9.8881%)
entry 368000/3711531 (9.91505%)
entry 369000/3711531 (9.94199%)
entry 373000/3711531 (10.0498%)
entry 374000/3711531 (10.0767%)
entry 376000/3711531 (10.1306%)
entry 378000/3711531 (10.1845%)
entry 380000/3711531 (10.2384%)
entry 383000/3711531 (10.3192%)
entry 385000/3711531 (10.3731%)
entry 386000/3711531 (10.4%)
entry 388000/3711531 (10.4539%)
entry 389000/3711531 (10.4809%)
entry 391000/3711531 (10.5347%)
entry 394000/3711531 (10.6156%)
entry 395000/3711531 (10.6425%)
entry 397000/3711531 (10.6964%)
entry 399000/3711531 (10.7503%)
entry 400000/3711531 (10.7772%)
entry 403000/3711531 (10.8581%)
entry 405000/3711531 (10.9119%)
entry 406000/3711531 (10.9389%)
entry 409000/3711531 (11.0197%)
entry 410000/3711531 (11.0467%)
entry 412000/3711531 (11.1005%)
entry 413000/3711531 (11.1275%)
entry 414000/3711531 (11.1544%)
entry 417000/3711531 (11.2353%)
entry 418000/3711531 (11.2622%)
entry 419000/3711531 (11.2891%)
entry 426000/3711531 (11.4777%)
entry 427000/3711531 (11.5047%)
entry 428000/3711531 (11.5316%)
entry 429000/3711531 (11.5586%)
entry 430000/3711531 (11.5855%)
entry 431000/3711531 (11.6125%)
entry 433000/3711531 (11.6663%)
entry 434000/3711531 (11.6933%)
entry 437000/3711531 (11.7741%)
entry 438000/3711531 (11.8011%)
entry 440000/3711531 (11.8549%)
entry 441000/3711531 (11.8819%)
entry 442000/3711531 (11.9088%)
entry 445000/3711531 (11.9897%)
entry 449000/3711531 (12.0974%)
entry 450000/3711531 (12.1244%)
entry 451000/3711531 (12.1513%)
entry 453000/3711531 (12.2052%)
entry 454000/3711531 (12.2321%)
entry 455000/3711531 (12.2591%)
entry 457000/3711531 (12.313%)
entry 458000/3711531 (12.3399%)
entry 459000/3711531 (12.3669%)
entry 460000/3711531 (12.3938%)
entry 461000/3711531 (12.4208%)
entry 462000/3711531 (12.4477%)
entry 463000/3711531 (12.4746%)
entry 464000/3711531 (12.5016%)
entry 465000/3711531 (12.5285%)
entry 468000/3711531 (12.6094%)
entry 469000/3711531 (12.6363%)
entry 471000/3711531 (12.6902%)
entry 472000/3711531 (12.7171%)
entry 473000/3711531 (12.7441%)
entry 474000/3711531 (12.771%)
entry 475000/3711531 (12.798%)
entry 479000/3711531 (12.9057%)
entry 480000/3711531 (12.9327%)
entry 482000/3711531 (12.9866%)
entry 483000/3711531 (13.0135%)
entry 484000/3711531 (13.0404%)
entry 487000/3711531 (13.1213%)
entry 490000/3711531 (13.2021%)
entry 494000/3711531 (13.3099%)
entry 495000/3711531 (13.3368%)
entry 503000/3711531 (13.5524%)
entry 505000/3711531 (13.6062%)
entry 506000/3711531 (13.6332%)
entry 507000/3711531 (13.6601%)
entry 508000/3711531 (13.6871%)
entry 509000/3711531 (13.714%)
entry 511000/3711531 (13.7679%)
entry 516000/3711531 (13.9026%)
entry 517000/3711531 (13.9296%)
entry 518000/3711531 (13.9565%)
entry 519000/3711531 (13.9834%)
entry 520000/3711531 (14.0104%)
entry 521000/3711531 (14.0373%)
entry 523000/3711531 (14.0912%)
entry 524000/3711531 (14.1182%)
entry 525000/3711531 (14.1451%)
entry 526000/3711531 (14.172%)
entry 528000/3711531 (14.2259%)
entry 530000/3711531 (14.2798%)
entry 531000/3711531 (14.3068%)
entry 533000/3711531 (14.3607%)
entry 535000/3711531 (14.4145%)
entry 536000/3711531 (14.4415%)
entry 540000/3711531 (14.5493%)
entry 542000/3711531 (14.6031%)
entry 543000/3711531 (14.6301%)
entry 544000/3711531 (14.657%)
entry 545000/3711531 (14.684%)
entry 548000/3711531 (14.7648%)
entry 550000/3711531 (14.8187%)
entry 553000/3711531 (14.8995%)
entry 554000/3711531 (14.9265%)
entry 555000/3711531 (14.9534%)
entry 556000/3711531 (14.9803%)
entry 559000/3711531 (15.0612%)
entry 560000/3711531 (15.0881%)
entry 561000/3711531 (15.1151%)
entry 564000/3711531 (15.1959%)
entry 565000/3711531 (15.2228%)
entry 566000/3711531 (15.2498%)
entry 567000/3711531 (15.2767%)
entry 568000/3711531 (15.3037%)
entry 573000/3711531 (15.4384%)
entry 574000/3711531 (15.4653%)
entry 575000/3711531 (15.4923%)
entry 577000/3711531 (15.5461%)
entry 579000/3711531 (15.6%)
entry 581000/3711531 (15.6539%)
entry 582000/3711531 (15.6809%)
entry 584000/3711531 (15.7347%)
entry 588000/3711531 (15.8425%)
entry 589000/3711531 (15.8695%)
entry 590000/3711531 (15.8964%)
entry 591000/3711531 (15.9233%)
entry 593000/3711531 (15.9772%)
entry 596000/3711531 (16.0581%)
entry 598000/3711531 (16.1119%)
entry 601000/3711531 (16.1928%)
entry 602000/3711531 (16.2197%)
entry 603000/3711531 (16.2467%)
entry 604000/3711531 (16.2736%)
entry 605000/3711531 (16.3006%)
entry 607000/3711531 (16.3544%)
entry 608000/3711531 (16.3814%)
entry 609000/3711531 (16.4083%)
entry 610000/3711531 (16.4353%)
entry 611000/3711531 (16.4622%)
entry 618000/3711531 (16.6508%)
entry 620000/3711531 (16.7047%)
entry 621000/3711531 (16.7316%)
entry 622000/3711531 (16.7586%)
entry 624000/3711531 (16.8125%)
entry 625000/3711531 (16.8394%)
entry 626000/3711531 (16.8664%)
entry 627000/3711531 (16.8933%)
entry 629000/3711531 (16.9472%)
entry 631000/3711531 (17.0011%)
entry 632000/3711531 (17.028%)
entry 633000/3711531 (17.055%)
entry 636000/3711531 (17.1358%)
entry 638000/3711531 (17.1897%)
entry 639000/3711531 (17.2166%)
entry 640000/3711531 (17.2436%)
entry 641000/3711531 (17.2705%)
entry 642000/3711531 (17.2974%)
entry 643000/3711531 (17.3244%)
entry 644000/3711531 (17.3513%)
entry 645000/3711531 (17.3783%)
entry 647000/3711531 (17.4322%)
entry 648000/3711531 (17.4591%)
entry 649000/3711531 (17.486%)
entry 650000/3711531 (17.513%)
entry 651000/3711531 (17.5399%)
entry 652000/3711531 (17.5669%)
entry 654000/3711531 (17.6208%)
entry 656000/3711531 (17.6746%)
entry 658000/3711531 (17.7285%)
entry 660000/3711531 (17.7824%)
entry 661000/3711531 (17.8094%)
entry 663000/3711531 (17.8632%)
entry 665000/3711531 (17.9171%)
entry 666000/3711531 (17.9441%)
entry 669000/3711531 (18.0249%)
entry 670000/3711531 (18.0518%)
entry 671000/3711531 (18.0788%)
entry 672000/3711531 (18.1057%)
entry 673000/3711531 (18.1327%)
entry 674000/3711531 (18.1596%)
entry 676000/3711531 (18.2135%)
entry 677000/3711531 (18.2405%)
entry 682000/3711531 (18.3752%)
entry 683000/3711531 (18.4021%)
entry 684000/3711531 (18.4291%)
entry 687000/3711531 (18.5099%)
entry 688000/3711531 (18.5368%)
entry 692000/3711531 (18.6446%)
entry 693000/3711531 (18.6715%)
entry 694000/3711531 (18.6985%)
entry 696000/3711531 (18.7524%)
entry 698000/3711531 (18.8063%)
entry 700000/3711531 (18.8601%)
entry 701000/3711531 (18.8871%)
entry 703000/3711531 (18.941%)
entry 705000/3711531 (18.9949%)
entry 706000/3711531 (19.0218%)
entry 707000/3711531 (19.0487%)
entry 708000/3711531 (19.0757%)
entry 709000/3711531 (19.1026%)
entry 712000/3711531 (19.1835%)
entry 714000/3711531 (19.2373%)
entry 715000/3711531 (19.2643%)
entry 716000/3711531 (19.2912%)
entry 717000/3711531 (19.3182%)
entry 718000/3711531 (19.3451%)
entry 719000/3711531 (19.3721%)
entry 720000/3711531 (19.399%)
entry 721000/3711531 (19.4259%)
entry 725000/3711531 (19.5337%)
entry 727000/3711531 (19.5876%)
entry 728000/3711531 (19.6145%)
entry 729000/3711531 (19.6415%)
entry 730000/3711531 (19.6684%)
entry 732000/3711531 (19.7223%)
entry 733000/3711531 (19.7493%)
entry 735000/3711531 (19.8031%)
entry 736000/3711531 (19.8301%)
entry 738000/3711531 (19.884%)
entry 739000/3711531 (19.9109%)
entry 740000/3711531 (19.9379%)
entry 741000/3711531 (19.9648%)
entry 742000/3711531 (19.9917%)
entry 743000/3711531 (20.0187%)
entry 744000/3711531 (20.0456%)
entry 746000/3711531 (20.0995%)
entry 747000/3711531 (20.1265%)
entry 748000/3711531 (20.1534%)
entry 749000/3711531 (20.1804%)
entry 750000/3711531 (20.2073%)
entry 751000/3711531 (20.2342%)
entry 753000/3711531 (20.2881%)
entry 755000/3711531 (20.342%)
entry 756000/3711531 (20.369%)
entry 758000/3711531 (20.4228%)
entry 759000/3711531 (20.4498%)
entry 762000/3711531 (20.5306%)
entry 764000/3711531 (20.5845%)
entry 765000/3711531 (20.6114%)
entry 766000/3711531 (20.6384%)
entry 767000/3711531 (20.6653%)
entry 769000/3711531 (20.7192%)
entry 772000/3711531 (20.8%)
entry 773000/3711531 (20.827%)
entry 774000/3711531 (20.8539%)
entry 776000/3711531 (20.9078%)
entry 777000/3711531 (20.9348%)
entry 778000/3711531 (20.9617%)
entry 780000/3711531 (21.0156%)
entry 782000/3711531 (21.0695%)
entry 784000/3711531 (21.1234%)
entry 786000/3711531 (21.1772%)
entry 788000/3711531 (21.2311%)
entry 789000/3711531 (21.2581%)
entry 790000/3711531 (21.285%)
entry 791000/3711531 (21.312%)
entry 793000/3711531 (21.3658%)
entry 794000/3711531 (21.3928%)
entry 796000/3711531 (21.4467%)
entry 798000/3711531 (21.5006%)
entry 799000/3711531 (21.5275%)
entry 800000/3711531 (21.5544%)
entry 801000/3711531 (21.5814%)
entry 802000/3711531 (21.6083%)
entry 807000/3711531 (21.743%)
entry 808000/3711531 (21.77%)
entry 809000/3711531 (21.7969%)
entry 810000/3711531 (21.8239%)
entry 811000/3711531 (21.8508%)
entry 812000/3711531 (21.8778%)
entry 813000/3711531 (21.9047%)
entry 814000/3711531 (21.9316%)
entry 815000/3711531 (21.9586%)
entry 817000/3711531 (22.0125%)
entry 819000/3711531 (22.0664%)
entry 820000/3711531 (22.0933%)
entry 821000/3711531 (22.1203%)
entry 822000/3711531 (22.1472%)
entry 824000/3711531 (22.2011%)
entry 825000/3711531 (22.228%)
entry 828000/3711531 (22.3089%)
entry 829000/3711531 (22.3358%)
entry 830000/3711531 (22.3627%)
entry 831000/3711531 (22.3897%)
entry 832000/3711531 (22.4166%)
entry 833000/3711531 (22.4436%)
entry 835000/3711531 (22.4975%)
entry 836000/3711531 (22.5244%)
entry 838000/3711531 (22.5783%)
entry 841000/3711531 (22.6591%)
entry 843000/3711531 (22.713%)
entry 848000/3711531 (22.8477%)
entry 849000/3711531 (22.8747%)
entry 850000/3711531 (22.9016%)
entry 853000/3711531 (22.9824%)
entry 854000/3711531 (23.0094%)
entry 855000/3711531 (23.0363%)
entry 856000/3711531 (23.0633%)
entry 858000/3711531 (23.1171%)
entry 860000/3711531 (23.171%)
entry 861000/3711531 (23.198%)
entry 862000/3711531 (23.2249%)
entry 863000/3711531 (23.2519%)
entry 864000/3711531 (23.2788%)
entry 868000/3711531 (23.3866%)
entry 869000/3711531 (23.4135%)
entry 870000/3711531 (23.4405%)
entry 871000/3711531 (23.4674%)
entry 872000/3711531 (23.4943%)
entry 873000/3711531 (23.5213%)
entry 874000/3711531 (23.5482%)
entry 876000/3711531 (23.6021%)
entry 881000/3711531 (23.7368%)
entry 882000/3711531 (23.7638%)
entry 883000/3711531 (23.7907%)
entry 884000/3711531 (23.8177%)
entry 887000/3711531 (23.8985%)
entry 888000/3711531 (23.9254%)
entry 889000/3711531 (23.9524%)
entry 890000/3711531 (23.9793%)
entry 891000/3711531 (24.0063%)
entry 892000/3711531 (24.0332%)
entry 894000/3711531 (24.0871%)
entry 895000/3711531 (24.114%)
entry 897000/3711531 (24.1679%)
entry 898000/3711531 (24.1949%)
entry 901000/3711531 (24.2757%)
entry 904000/3711531 (24.3565%)
entry 905000/3711531 (24.3835%)
entry 908000/3711531 (24.4643%)
entry 909000/3711531 (24.4912%)
entry 910000/3711531 (24.5182%)
entry 912000/3711531 (24.5721%)
entry 913000/3711531 (24.599%)
entry 914000/3711531 (24.626%)
entry 915000/3711531 (24.6529%)
entry 916000/3711531 (24.6798%)
entry 917000/3711531 (24.7068%)
entry 920000/3711531 (24.7876%)
entry 921000/3711531 (24.8146%)
entry 922000/3711531 (24.8415%)
entry 924000/3711531 (24.8954%)
entry 925000/3711531 (24.9223%)
entry 926000/3711531 (24.9493%)
entry 927000/3711531 (24.9762%)
entry 928000/3711531 (25.0032%)
entry 929000/3711531 (25.0301%)
entry 930000/3711531 (25.057%)
entry 931000/3711531 (25.084%)
entry 932000/3711531 (25.1109%)
entry 934000/3711531 (25.1648%)
entry 935000/3711531 (25.1918%)
entry 936000/3711531 (25.2187%)
entry 937000/3711531 (25.2456%)
entry 941000/3711531 (25.3534%)
entry 942000/3711531 (25.3804%)
entry 944000/3711531 (25.4342%)
entry 948000/3711531 (25.542%)
entry 951000/3711531 (25.6229%)
entry 954000/3711531 (25.7037%)
entry 955000/3711531 (25.7306%)
entry 956000/3711531 (25.7576%)
entry 958000/3711531 (25.8115%)
entry 960000/3711531 (25.8653%)
entry 961000/3711531 (25.8923%)
entry 962000/3711531 (25.9192%)
entry 963000/3711531 (25.9462%)
entry 964000/3711531 (25.9731%)
entry 966000/3711531 (26.027%)
entry 967000/3711531 (26.0539%)
entry 968000/3711531 (26.0809%)
entry 970000/3711531 (26.1348%)
entry 971000/3711531 (26.1617%)
entry 973000/3711531 (26.2156%)
entry 975000/3711531 (26.2695%)
entry 976000/3711531 (26.2964%)
entry 979000/3711531 (26.3773%)
entry 980000/3711531 (26.4042%)
entry 981000/3711531 (26.4311%)
entry 984000/3711531 (26.512%)
entry 987000/3711531 (26.5928%)
entry 989000/3711531 (26.6467%)
entry 990000/3711531 (26.6736%)
entry 992000/3711531 (26.7275%)
entry 993000/3711531 (26.7545%)
entry 994000/3711531 (26.7814%)
entry 995000/3711531 (26.8083%)
entry 997000/3711531 (26.8622%)
entry 1001000/3711531 (26.97%)
entry 1003000/3711531 (27.0239%)
entry 1004000/3711531 (27.0508%)
entry 1005000/3711531 (27.0778%)
entry 1006000/3711531 (27.1047%)
entry 1007000/3711531 (27.1317%)
entry 1009000/3711531 (27.1855%)
entry 1010000/3711531 (27.2125%)
entry 1011000/3711531 (27.2394%)
entry 1012000/3711531 (27.2664%)
entry 1014000/3711531 (27.3203%)
entry 1015000/3711531 (27.3472%)
entry 1017000/3711531 (27.4011%)
entry 1021000/3711531 (27.5089%)
entry 1023000/3711531 (27.5627%)
entry 1025000/3711531 (27.6166%)
entry 1026000/3711531 (27.6436%)
entry 1027000/3711531 (27.6705%)
entry 1028000/3711531 (27.6975%)
entry 1029000/3711531 (27.7244%)
entry 1030000/3711531 (27.7514%)
entry 1032000/3711531 (27.8052%)
entry 1035000/3711531 (27.8861%)
entry 1036000/3711531 (27.913%)
entry 1038000/3711531 (27.9669%)
entry 1040000/3711531 (28.0208%)
entry 1046000/3711531 (28.1824%)
entry 1049000/3711531 (28.2633%)
entry 1050000/3711531 (28.2902%)
entry 1051000/3711531 (28.3172%)
entry 1052000/3711531 (28.3441%)
entry 1053000/3711531 (28.371%)
entry 1057000/3711531 (28.4788%)
entry 1058000/3711531 (28.5058%)
entry 1059000/3711531 (28.5327%)
entry 1064000/3711531 (28.6674%)
entry 1066000/3711531 (28.7213%)
entry 1067000/3711531 (28.7482%)
entry 1071000/3711531 (28.856%)
entry 1072000/3711531 (28.883%)
entry 1073000/3711531 (28.9099%)
entry 1074000/3711531 (28.9368%)
entry 1076000/3711531 (28.9907%)
entry 1078000/3711531 (29.0446%)
entry 1080000/3711531 (29.0985%)
entry 1081000/3711531 (29.1254%)
entry 1084000/3711531 (29.2063%)
entry 1086000/3711531 (29.2602%)
entry 1087000/3711531 (29.2871%)
entry 1090000/3711531 (29.3679%)
entry 1092000/3711531 (29.4218%)
entry 1095000/3711531 (29.5027%)
entry 1096000/3711531 (29.5296%)
entry 1098000/3711531 (29.5835%)
entry 1100000/3711531 (29.6374%)
entry 1102000/3711531 (29.6913%)
entry 1105000/3711531 (29.7721%)
entry 1106000/3711531 (29.799%)
entry 1107000/3711531 (29.826%)
entry 1109000/3711531 (29.8799%)
entry 1110000/3711531 (29.9068%)
entry 1112000/3711531 (29.9607%)
entry 1113000/3711531 (29.9876%)
entry 1116000/3711531 (30.0685%)
entry 1118000/3711531 (30.1223%)
entry 1120000/3711531 (30.1762%)
entry 1121000/3711531 (30.2032%)
entry 1126000/3711531 (30.3379%)
entry 1127000/3711531 (30.3648%)
entry 1131000/3711531 (30.4726%)
entry 1132000/3711531 (30.4995%)
entry 1133000/3711531 (30.5265%)
entry 1134000/3711531 (30.5534%)
entry 1141000/3711531 (30.742%)
entry 1142000/3711531 (30.769%)
entry 1144000/3711531 (30.8229%)
entry 1146000/3711531 (30.8767%)
entry 1147000/3711531 (30.9037%)
entry 1149000/3711531 (30.9576%)
entry 1150000/3711531 (30.9845%)
entry 1151000/3711531 (31.0115%)
entry 1152000/3711531 (31.0384%)
entry 1153000/3711531 (31.0653%)
entry 1156000/3711531 (31.1462%)
entry 1159000/3711531 (31.227%)
entry 1160000/3711531 (31.2539%)
entry 1161000/3711531 (31.2809%)
entry 1162000/3711531 (31.3078%)
entry 1163000/3711531 (31.3348%)
entry 1164000/3711531 (31.3617%)
entry 1166000/3711531 (31.4156%)
entry 1167000/3711531 (31.4425%)
entry 1168000/3711531 (31.4695%)
entry 1169000/3711531 (31.4964%)
entry 1170000/3711531 (31.5234%)
entry 1171000/3711531 (31.5503%)
entry 1172000/3711531 (31.5773%)
entry 1173000/3711531 (31.6042%)
entry 1174000/3711531 (31.6312%)
entry 1176000/3711531 (31.685%)
entry 1177000/3711531 (31.712%)
entry 1179000/3711531 (31.7659%)
entry 1180000/3711531 (31.7928%)
entry 1183000/3711531 (31.8736%)
entry 1185000/3711531 (31.9275%)
entry 1186000/3711531 (31.9545%)
entry 1187000/3711531 (31.9814%)
entry 1188000/3711531 (32.0084%)
entry 1189000/3711531 (32.0353%)
entry 1190000/3711531 (32.0622%)
entry 1195000/3711531 (32.197%)
entry 1196000/3711531 (32.2239%)
entry 1197000/3711531 (32.2508%)
entry 1198000/3711531 (32.2778%)
entry 1200000/3711531 (32.3317%)
entry 1201000/3711531 (32.3586%)
entry 1204000/3711531 (32.4394%)
entry 1205000/3711531 (32.4664%)
entry 1208000/3711531 (32.5472%)
entry 1209000/3711531 (32.5742%)
entry 1210000/3711531 (32.6011%)
entry 1212000/3711531 (32.655%)
entry 1213000/3711531 (32.6819%)
entry 1214000/3711531 (32.7089%)
entry 1216000/3711531 (32.7628%)
entry 1219000/3711531 (32.8436%)
entry 1220000/3711531 (32.8705%)
entry 1224000/3711531 (32.9783%)
entry 1225000/3711531 (33.0052%)
entry 1227000/3711531 (33.0591%)
entry 1228000/3711531 (33.0861%)
entry 1231000/3711531 (33.1669%)
entry 1232000/3711531 (33.1939%)
entry 1233000/3711531 (33.2208%)
entry 1235000/3711531 (33.2747%)
entry 1236000/3711531 (33.3016%)
entry 1237000/3711531 (33.3286%)
entry 1239000/3711531 (33.3825%)
entry 1240000/3711531 (33.4094%)
entry 1241000/3711531 (33.4363%)
entry 1243000/3711531 (33.4902%)
entry 1244000/3711531 (33.5172%)
entry 1245000/3711531 (33.5441%)
entry 1249000/3711531 (33.6519%)
entry 1250000/3711531 (33.6788%)
entry 1252000/3711531 (33.7327%)
entry 1253000/3711531 (33.7597%)
entry 1256000/3711531 (33.8405%)
entry 1257000/3711531 (33.8674%)
entry 1258000/3711531 (33.8944%)
entry 1259000/3711531 (33.9213%)
entry 1260000/3711531 (33.9483%)
entry 1262000/3711531 (34.0021%)
entry 1263000/3711531 (34.0291%)
entry 1265000/3711531 (34.083%)
entry 1266000/3711531 (34.1099%)
entry 1268000/3711531 (34.1638%)
entry 1269000/3711531 (34.1907%)
entry 1275000/3711531 (34.3524%)
entry 1281000/3711531 (34.5141%)
entry 1282000/3711531 (34.541%)
entry 1283000/3711531 (34.5679%)
entry 1284000/3711531 (34.5949%)
entry 1285000/3711531 (34.6218%)
entry 1287000/3711531 (34.6757%)
entry 1289000/3711531 (34.7296%)
entry 1290000/3711531 (34.7565%)
entry 1291000/3711531 (34.7835%)
entry 1293000/3711531 (34.8374%)
entry 1294000/3711531 (34.8643%)
entry 1298000/3711531 (34.9721%)
entry 1300000/3711531 (35.026%)
entry 1301000/3711531 (35.0529%)
entry 1302000/3711531 (35.0799%)
entry 1304000/3711531 (35.1337%)
entry 1306000/3711531 (35.1876%)
entry 1307000/3711531 (35.2146%)
entry 1308000/3711531 (35.2415%)
entry 1309000/3711531 (35.2685%)
entry 1310000/3711531 (35.2954%)
entry 1312000/3711531 (35.3493%)
entry 1313000/3711531 (35.3762%)
entry 1317000/3711531 (35.484%)
entry 1318000/3711531 (35.511%)
entry 1319000/3711531 (35.5379%)
entry 1321000/3711531 (35.5918%)
entry 1322000/3711531 (35.6187%)
entry 1323000/3711531 (35.6457%)
entry 1324000/3711531 (35.6726%)
entry 1325000/3711531 (35.6996%)
entry 1326000/3711531 (35.7265%)
entry 1327000/3711531 (35.7534%)
entry 1329000/3711531 (35.8073%)
entry 1330000/3711531 (35.8343%)
entry 1333000/3711531 (35.9151%)
entry 1334000/3711531 (35.942%)
entry 1335000/3711531 (35.969%)
entry 1336000/3711531 (35.9959%)
entry 1338000/3711531 (36.0498%)
entry 1340000/3711531 (36.1037%)
entry 1341000/3711531 (36.1306%)
entry 1342000/3711531 (36.1576%)
entry 1343000/3711531 (36.1845%)
entry 1345000/3711531 (36.2384%)
entry 1346000/3711531 (36.2654%)
entry 1349000/3711531 (36.3462%)
entry 1350000/3711531 (36.3731%)
entry 1351000/3711531 (36.4001%)
entry 1352000/3711531 (36.427%)
entry 1353000/3711531 (36.454%)
entry 1355000/3711531 (36.5078%)
entry 1356000/3711531 (36.5348%)
entry 1357000/3711531 (36.5617%)
entry 1359000/3711531 (36.6156%)
entry 1360000/3711531 (36.6426%)
entry 1361000/3711531 (36.6695%)
entry 1362000/3711531 (36.6964%)
entry 1363000/3711531 (36.7234%)
entry 1365000/3711531 (36.7773%)
entry 1367000/3711531 (36.8312%)
entry 1369000/3711531 (36.885%)
entry 1370000/3711531 (36.912%)
entry 1373000/3711531 (36.9928%)
entry 1374000/3711531 (37.0198%)
entry 1375000/3711531 (37.0467%)
entry 1376000/3711531 (37.0737%)
entry 1377000/3711531 (37.1006%)
entry 1378000/3711531 (37.1275%)
entry 1379000/3711531 (37.1545%)
entry 1380000/3711531 (37.1814%)
entry 1381000/3711531 (37.2084%)
entry 1383000/3711531 (37.2623%)
entry 1384000/3711531 (37.2892%)
entry 1385000/3711531 (37.3161%)
entry 1387000/3711531 (37.37%)
entry 1388000/3711531 (37.397%)
entry 1389000/3711531 (37.4239%)
entry 1391000/3711531 (37.4778%)
entry 1392000/3711531 (37.5047%)
entry 1393000/3711531 (37.5317%)
entry 1394000/3711531 (37.5586%)
entry 1396000/3711531 (37.6125%)
entry 1397000/3711531 (37.6395%)
entry 1398000/3711531 (37.6664%)
entry 1399000/3711531 (37.6933%)
entry 1400000/3711531 (37.7203%)
entry 1401000/3711531 (37.7472%)
entry 1403000/3711531 (37.8011%)
entry 1406000/3711531 (37.8819%)
entry 1407000/3711531 (37.9089%)
entry 1408000/3711531 (37.9358%)
entry 1409000/3711531 (37.9628%)
entry 1410000/3711531 (37.9897%)
entry 1411000/3711531 (38.0167%)
entry 1413000/3711531 (38.0705%)
entry 1414000/3711531 (38.0975%)
entry 1415000/3711531 (38.1244%)
entry 1417000/3711531 (38.1783%)
entry 1418000/3711531 (38.2053%)
entry 1419000/3711531 (38.2322%)
entry 1420000/3711531 (38.2591%)
entry 1421000/3711531 (38.2861%)
entry 1422000/3711531 (38.313%)
entry 1423000/3711531 (38.34%)
entry 1425000/3711531 (38.3939%)
entry 1426000/3711531 (38.4208%)
entry 1427000/3711531 (38.4477%)
entry 1430000/3711531 (38.5286%)
entry 1431000/3711531 (38.5555%)
entry 1432000/3711531 (38.5825%)
entry 1433000/3711531 (38.6094%)
entry 1437000/3711531 (38.7172%)
entry 1438000/3711531 (38.7441%)
entry 1439000/3711531 (38.7711%)
entry 1440000/3711531 (38.798%)
entry 1445000/3711531 (38.9327%)
entry 1446000/3711531 (38.9597%)
entry 1447000/3711531 (38.9866%)
entry 1448000/3711531 (39.0135%)
entry 1449000/3711531 (39.0405%)
entry 1451000/3711531 (39.0944%)
entry 1452000/3711531 (39.1213%)
entry 1455000/3711531 (39.2022%)
entry 1456000/3711531 (39.2291%)
entry 1458000/3711531 (39.283%)
entry 1460000/3711531 (39.3369%)
entry 1461000/3711531 (39.3638%)
entry 1462000/3711531 (39.3908%)
entry 1463000/3711531 (39.4177%)
entry 1465000/3711531 (39.4716%)
entry 1466000/3711531 (39.4985%)
entry 1468000/3711531 (39.5524%)
entry 1469000/3711531 (39.5794%)
entry 1470000/3711531 (39.6063%)
entry 1471000/3711531 (39.6332%)
entry 1473000/3711531 (39.6871%)
entry 1475000/3711531 (39.741%)
entry 1477000/3711531 (39.7949%)
entry 1478000/3711531 (39.8218%)
entry 1479000/3711531 (39.8488%)
entry 1480000/3711531 (39.8757%)
entry 1481000/3711531 (39.9027%)
entry 1482000/3711531 (39.9296%)
entry 1483000/3711531 (39.9566%)
entry 1484000/3711531 (39.9835%)
entry 1485000/3711531 (40.0104%)
entry 1486000/3711531 (40.0374%)
entry 1487000/3711531 (40.0643%)
entry 1490000/3711531 (40.1452%)
entry 1492000/3711531 (40.199%)
entry 1494000/3711531 (40.2529%)
entry 1497000/3711531 (40.3338%)
entry 1498000/3711531 (40.3607%)
entry 1499000/3711531 (40.3876%)
entry 1500000/3711531 (40.4146%)
entry 1502000/3711531 (40.4685%)
entry 1503000/3711531 (40.4954%)
entry 1504000/3711531 (40.5224%)
entry 1506000/3711531 (40.5762%)
entry 1507000/3711531 (40.6032%)
entry 1508000/3711531 (40.6301%)
entry 1509000/3711531 (40.6571%)
entry 1511000/3711531 (40.711%)
entry 1512000/3711531 (40.7379%)
entry 1513000/3711531 (40.7648%)
entry 1514000/3711531 (40.7918%)
entry 1515000/3711531 (40.8187%)
entry 1518000/3711531 (40.8996%)
entry 1519000/3711531 (40.9265%)
entry 1520000/3711531 (40.9535%)
entry 1521000/3711531 (40.9804%)
entry 1522000/3711531 (41.0073%)
entry 1523000/3711531 (41.0343%)
entry 1524000/3711531 (41.0612%)
entry 1525000/3711531 (41.0882%)
entry 1526000/3711531 (41.1151%)
entry 1529000/3711531 (41.1959%)
entry 1530000/3711531 (41.2229%)
entry 1532000/3711531 (41.2768%)
entry 1534000/3711531 (41.3307%)
entry 1535000/3711531 (41.3576%)
entry 1538000/3711531 (41.4384%)
entry 1539000/3711531 (41.4654%)
entry 1541000/3711531 (41.5193%)
entry 1542000/3711531 (41.5462%)
entry 1543000/3711531 (41.5731%)
entry 1544000/3711531 (41.6001%)
entry 1545000/3711531 (41.627%)
entry 1547000/3711531 (41.6809%)
entry 1551000/3711531 (41.7887%)
entry 1552000/3711531 (41.8156%)
entry 1553000/3711531 (41.8426%)
entry 1555000/3711531 (41.8965%)
entry 1556000/3711531 (41.9234%)
entry 1558000/3711531 (41.9773%)
entry 1560000/3711531 (42.0312%)
entry 1563000/3711531 (42.112%)
entry 1566000/3711531 (42.1928%)
entry 1567000/3711531 (42.2198%)
entry 1568000/3711531 (42.2467%)
entry 1569000/3711531 (42.2737%)
entry 1570000/3711531 (42.3006%)
entry 1572000/3711531 (42.3545%)
entry 1573000/3711531 (42.3814%)
entry 1575000/3711531 (42.4353%)
entry 1576000/3711531 (42.4623%)
entry 1577000/3711531 (42.4892%)
entry 1579000/3711531 (42.5431%)
entry 1582000/3711531 (42.6239%)
entry 1583000/3711531 (42.6509%)
entry 1585000/3711531 (42.7047%)
entry 1587000/3711531 (42.7586%)
entry 1589000/3711531 (42.8125%)
entry 1590000/3711531 (42.8395%)
entry 1592000/3711531 (42.8934%)
entry 1593000/3711531 (42.9203%)
entry 1595000/3711531 (42.9742%)
entry 1596000/3711531 (43.0011%)
entry 1598000/3711531 (43.055%)
entry 1599000/3711531 (43.082%)
entry 1600000/3711531 (43.1089%)
entry 1601000/3711531 (43.1358%)
entry 1603000/3711531 (43.1897%)
entry 1604000/3711531 (43.2167%)
entry 1605000/3711531 (43.2436%)
entry 1606000/3711531 (43.2706%)
entry 1607000/3711531 (43.2975%)
entry 1608000/3711531 (43.3244%)
entry 1609000/3711531 (43.3514%)
entry 1612000/3711531 (43.4322%)
entry 1613000/3711531 (43.4592%)
entry 1616000/3711531 (43.54%)
entry 1618000/3711531 (43.5939%)
entry 1620000/3711531 (43.6478%)
entry 1623000/3711531 (43.7286%)
entry 1624000/3711531 (43.7555%)
entry 1625000/3711531 (43.7825%)
entry 1627000/3711531 (43.8364%)
entry 1628000/3711531 (43.8633%)
entry 1629000/3711531 (43.8902%)
entry 1630000/3711531 (43.9172%)
entry 1631000/3711531 (43.9441%)
entry 1637000/3711531 (44.1058%)
entry 1638000/3711531 (44.1327%)
entry 1639000/3711531 (44.1597%)
entry 1640000/3711531 (44.1866%)
entry 1641000/3711531 (44.2136%)
entry 1642000/3711531 (44.2405%)
entry 1643000/3711531 (44.2674%)
entry 1645000/3711531 (44.3213%)
entry 1646000/3711531 (44.3483%)
entry 1648000/3711531 (44.4022%)
entry 1649000/3711531 (44.4291%)
entry 1650000/3711531 (44.456%)
entry 1651000/3711531 (44.483%)
entry 1652000/3711531 (44.5099%)
entry 1653000/3711531 (44.5369%)
entry 1655000/3711531 (44.5908%)
entry 1657000/3711531 (44.6447%)
entry 1658000/3711531 (44.6716%)
entry 1659000/3711531 (44.6985%)
entry 1661000/3711531 (44.7524%)
entry 1662000/3711531 (44.7794%)
entry 1663000/3711531 (44.8063%)
entry 1664000/3711531 (44.8333%)
entry 1665000/3711531 (44.8602%)
entry 1667000/3711531 (44.9141%)
entry 1669000/3711531 (44.968%)
entry 1671000/3711531 (45.0219%)
entry 1672000/3711531 (45.0488%)
entry 1673000/3711531 (45.0757%)
entry 1674000/3711531 (45.1027%)
entry 1675000/3711531 (45.1296%)
entry 1681000/3711531 (45.2913%)
entry 1682000/3711531 (45.3182%)
entry 1683000/3711531 (45.3452%)
entry 1684000/3711531 (45.3721%)
entry 1685000/3711531 (45.3991%)
entry 1687000/3711531 (45.4529%)
entry 1688000/3711531 (45.4799%)
entry 1689000/3711531 (45.5068%)
entry 1690000/3711531 (45.5338%)
entry 1691000/3711531 (45.5607%)
entry 1692000/3711531 (45.5877%)
entry 1693000/3711531 (45.6146%)
entry 1694000/3711531 (45.6415%)
entry 1697000/3711531 (45.7224%)
entry 1701000/3711531 (45.8301%)
entry 1702000/3711531 (45.8571%)
entry 1703000/3711531 (45.884%)
entry 1704000/3711531 (45.911%)
entry 1705000/3711531 (45.9379%)
entry 1707000/3711531 (45.9918%)
entry 1708000/3711531 (46.0187%)
entry 1709000/3711531 (46.0457%)
entry 1714000/3711531 (46.1804%)
entry 1716000/3711531 (46.2343%)
entry 1717000/3711531 (46.2612%)
entry 1718000/3711531 (46.2882%)
entry 1719000/3711531 (46.3151%)
entry 1720000/3711531 (46.3421%)
entry 1722000/3711531 (46.3959%)
entry 1725000/3711531 (46.4768%)
entry 1726000/3711531 (46.5037%)
entry 1727000/3711531 (46.5307%)
entry 1729000/3711531 (46.5845%)
entry 1730000/3711531 (46.6115%)
entry 1731000/3711531 (46.6384%)
entry 1732000/3711531 (46.6654%)
entry 1733000/3711531 (46.6923%)
entry 1735000/3711531 (46.7462%)
entry 1738000/3711531 (46.827%)
entry 1740000/3711531 (46.8809%)
entry 1742000/3711531 (46.9348%)
entry 1743000/3711531 (46.9618%)
entry 1745000/3711531 (47.0156%)
entry 1746000/3711531 (47.0426%)
entry 1747000/3711531 (47.0695%)
entry 1748000/3711531 (47.0965%)
entry 1749000/3711531 (47.1234%)
entry 1750000/3711531 (47.1504%)
entry 1751000/3711531 (47.1773%)
entry 1752000/3711531 (47.2042%)
entry 1753000/3711531 (47.2312%)
entry 1755000/3711531 (47.2851%)
entry 1756000/3711531 (47.312%)
entry 1758000/3711531 (47.3659%)
entry 1759000/3711531 (47.3928%)
entry 1760000/3711531 (47.4198%)
entry 1762000/3711531 (47.4737%)
entry 1764000/3711531 (47.5276%)
entry 1766000/3711531 (47.5814%)
entry 1768000/3711531 (47.6353%)
entry 1769000/3711531 (47.6623%)
entry 1770000/3711531 (47.6892%)
entry 1771000/3711531 (47.7162%)
entry 1772000/3711531 (47.7431%)
entry 1773000/3711531 (47.77%)
entry 1774000/3711531 (47.797%)
entry 1776000/3711531 (47.8509%)
entry 1779000/3711531 (47.9317%)
entry 1780000/3711531 (47.9586%)
entry 1781000/3711531 (47.9856%)
entry 1782000/3711531 (48.0125%)
entry 1786000/3711531 (48.1203%)
entry 1789000/3711531 (48.2011%)
entry 1790000/3711531 (48.2281%)
entry 1792000/3711531 (48.282%)
entry 1793000/3711531 (48.3089%)
entry 1795000/3711531 (48.3628%)
entry 1797000/3711531 (48.4167%)
entry 1798000/3711531 (48.4436%)
entry 1799000/3711531 (48.4706%)
entry 1800000/3711531 (48.4975%)
entry 1802000/3711531 (48.5514%)
entry 1803000/3711531 (48.5783%)
entry 1806000/3711531 (48.6592%)
entry 1807000/3711531 (48.6861%)
entry 1808000/3711531 (48.7131%)
entry 1809000/3711531 (48.74%)
entry 1814000/3711531 (48.8747%)
entry 1815000/3711531 (48.9017%)
entry 1818000/3711531 (48.9825%)
entry 1819000/3711531 (49.0094%)
entry 1820000/3711531 (49.0364%)
entry 1821000/3711531 (49.0633%)
entry 1823000/3711531 (49.1172%)
entry 1826000/3711531 (49.198%)
entry 1828000/3711531 (49.2519%)
entry 1829000/3711531 (49.2789%)
entry 1830000/3711531 (49.3058%)
entry 1831000/3711531 (49.3327%)
entry 1834000/3711531 (49.4136%)
entry 1835000/3711531 (49.4405%)
entry 1836000/3711531 (49.4675%)
entry 1837000/3711531 (49.4944%)
entry 1838000/3711531 (49.5213%)
entry 1839000/3711531 (49.5483%)
entry 1841000/3711531 (49.6022%)
entry 1842000/3711531 (49.6291%)
entry 1843000/3711531 (49.6561%)
entry 1844000/3711531 (49.683%)
entry 1845000/3711531 (49.7099%)
entry 1846000/3711531 (49.7369%)
entry 1847000/3711531 (49.7638%)
entry 1848000/3711531 (49.7908%)
entry 1849000/3711531 (49.8177%)
entry 1851000/3711531 (49.8716%)
entry 1852000/3711531 (49.8985%)
entry 1853000/3711531 (49.9255%)
entry 1854000/3711531 (49.9524%)
entry 1856000/3711531 (50.0063%)
entry 1860000/3711531 (50.1141%)
entry 1861000/3711531 (50.141%)
entry 1862000/3711531 (50.168%)
entry 1864000/3711531 (50.2219%)
entry 1866000/3711531 (50.2757%)
entry 1869000/3711531 (50.3566%)
entry 1873000/3711531 (50.4643%)
entry 1874000/3711531 (50.4913%)
entry 1878000/3711531 (50.5991%)
entry 1880000/3711531 (50.653%)
entry 1881000/3711531 (50.6799%)
entry 1882000/3711531 (50.7068%)
entry 1883000/3711531 (50.7338%)
entry 1885000/3711531 (50.7877%)
entry 1887000/3711531 (50.8416%)
entry 1888000/3711531 (50.8685%)
entry 1889000/3711531 (50.8954%)
entry 1892000/3711531 (50.9763%)
entry 1893000/3711531 (51.0032%)
entry 1894000/3711531 (51.0302%)
entry 1897000/3711531 (51.111%)
entry 1898000/3711531 (51.1379%)
entry 1899000/3711531 (51.1649%)
entry 1900000/3711531 (51.1918%)
entry 1901000/3711531 (51.2188%)
entry 1902000/3711531 (51.2457%)
entry 1903000/3711531 (51.2726%)
entry 1904000/3711531 (51.2996%)
entry 1905000/3711531 (51.3265%)
entry 1906000/3711531 (51.3535%)
entry 1908000/3711531 (51.4074%)
entry 1910000/3711531 (51.4612%)
entry 1912000/3711531 (51.5151%)
entry 1915000/3711531 (51.596%)
entry 1916000/3711531 (51.6229%)
entry 1918000/3711531 (51.6768%)
entry 1920000/3711531 (51.7307%)
entry 1921000/3711531 (51.7576%)
entry 1923000/3711531 (51.8115%)
entry 1924000/3711531 (51.8384%)
entry 1925000/3711531 (51.8654%)
entry 1926000/3711531 (51.8923%)
entry 1929000/3711531 (51.9732%)
entry 1932000/3711531 (52.054%)
entry 1933000/3711531 (52.0809%)
entry 1935000/3711531 (52.1348%)
entry 1936000/3711531 (52.1618%)
entry 1938000/3711531 (52.2156%)
entry 1940000/3711531 (52.2695%)
entry 1941000/3711531 (52.2965%)
entry 1943000/3711531 (52.3504%)
entry 1944000/3711531 (52.3773%)
entry 1945000/3711531 (52.4042%)
entry 1946000/3711531 (52.4312%)
entry 1947000/3711531 (52.4581%)
entry 1948000/3711531 (52.4851%)
entry 1949000/3711531 (52.512%)
entry 1951000/3711531 (52.5659%)
entry 1952000/3711531 (52.5928%)
entry 1953000/3711531 (52.6198%)
entry 1954000/3711531 (52.6467%)
entry 1958000/3711531 (52.7545%)
entry 1961000/3711531 (52.8353%)
entry 1962000/3711531 (52.8623%)
entry 1964000/3711531 (52.9162%)
entry 1965000/3711531 (52.9431%)
entry 1969000/3711531 (53.0509%)
entry 1972000/3711531 (53.1317%)
entry 1974000/3711531 (53.1856%)
entry 1976000/3711531 (53.2395%)
entry 1977000/3711531 (53.2664%)
entry 1978000/3711531 (53.2934%)
entry 1979000/3711531 (53.3203%)
entry 1980000/3711531 (53.3473%)
entry 1981000/3711531 (53.3742%)
entry 1983000/3711531 (53.4281%)
entry 1985000/3711531 (53.482%)
entry 1987000/3711531 (53.5359%)
entry 1990000/3711531 (53.6167%)
entry 1994000/3711531 (53.7245%)
entry 1998000/3711531 (53.8322%)
entry 2000000/3711531 (53.8861%)
entry 2001000/3711531 (53.9131%)
entry 2003000/3711531 (53.9669%)
entry 2005000/3711531 (54.0208%)
entry 2006000/3711531 (54.0478%)
entry 2007000/3711531 (54.0747%)
entry 2009000/3711531 (54.1286%)
entry 2010000/3711531 (54.1555%)
entry 2011000/3711531 (54.1825%)
entry 2012000/3711531 (54.2094%)
entry 2013000/3711531 (54.2364%)
entry 2014000/3711531 (54.2633%)
entry 2019000/3711531 (54.398%)
entry 2022000/3711531 (54.4789%)
entry 2023000/3711531 (54.5058%)
entry 2026000/3711531 (54.5866%)
entry 2029000/3711531 (54.6675%)
entry 2030000/3711531 (54.6944%)
entry 2031000/3711531 (54.7214%)
entry 2033000/3711531 (54.7752%)
entry 2034000/3711531 (54.8022%)
entry 2035000/3711531 (54.8291%)
entry 2036000/3711531 (54.8561%)
entry 2037000/3711531 (54.883%)
entry 2039000/3711531 (54.9369%)
entry 2040000/3711531 (54.9638%)
entry 2042000/3711531 (55.0177%)
entry 2043000/3711531 (55.0447%)
entry 2045000/3711531 (55.0986%)
entry 2046000/3711531 (55.1255%)
entry 2048000/3711531 (55.1794%)
entry 2049000/3711531 (55.2063%)
entry 2055000/3711531 (55.368%)
entry 2056000/3711531 (55.3949%)
entry 2057000/3711531 (55.4219%)
entry 2058000/3711531 (55.4488%)
entry 2059000/3711531 (55.4758%)
entry 2060000/3711531 (55.5027%)
entry 2065000/3711531 (55.6374%)
entry 2066000/3711531 (55.6644%)
entry 2067000/3711531 (55.6913%)
entry 2069000/3711531 (55.7452%)
entry 2070000/3711531 (55.7721%)
entry 2071000/3711531 (55.7991%)
entry 2072000/3711531 (55.826%)
entry 2073000/3711531 (55.853%)
entry 2074000/3711531 (55.8799%)
entry 2075000/3711531 (55.9069%)
entry 2076000/3711531 (55.9338%)
entry 2079000/3711531 (56.0146%)
entry 2080000/3711531 (56.0416%)
entry 2082000/3711531 (56.0955%)
entry 2083000/3711531 (56.1224%)
entry 2088000/3711531 (56.2571%)
entry 2089000/3711531 (56.2841%)
entry 2091000/3711531 (56.3379%)
entry 2092000/3711531 (56.3649%)
entry 2094000/3711531 (56.4188%)
entry 2099000/3711531 (56.5535%)
entry 2100000/3711531 (56.5804%)
entry 2101000/3711531 (56.6074%)
entry 2102000/3711531 (56.6343%)
entry 2103000/3711531 (56.6613%)
entry 2105000/3711531 (56.7151%)
entry 2108000/3711531 (56.796%)
entry 2110000/3711531 (56.8499%)
entry 2111000/3711531 (56.8768%)
entry 2112000/3711531 (56.9037%)
entry 2113000/3711531 (56.9307%)
entry 2114000/3711531 (56.9576%)
entry 2116000/3711531 (57.0115%)
entry 2119000/3711531 (57.0923%)
entry 2120000/3711531 (57.1193%)
entry 2122000/3711531 (57.1732%)
entry 2123000/3711531 (57.2001%)
entry 2125000/3711531 (57.254%)
entry 2126000/3711531 (57.2809%)
entry 2127000/3711531 (57.3079%)
entry 2130000/3711531 (57.3887%)
entry 2131000/3711531 (57.4157%)
entry 2133000/3711531 (57.4695%)
entry 2134000/3711531 (57.4965%)
entry 2137000/3711531 (57.5773%)
entry 2140000/3711531 (57.6581%)
entry 2141000/3711531 (57.6851%)
entry 2142000/3711531 (57.712%)
entry 2143000/3711531 (57.739%)
entry 2144000/3711531 (57.7659%)
entry 2145000/3711531 (57.7929%)
entry 2146000/3711531 (57.8198%)
entry 2147000/3711531 (57.8467%)
entry 2148000/3711531 (57.8737%)
entry 2149000/3711531 (57.9006%)
entry 2150000/3711531 (57.9276%)
entry 2151000/3711531 (57.9545%)
entry 2153000/3711531 (58.0084%)
entry 2155000/3711531 (58.0623%)
entry 2158000/3711531 (58.1431%)
entry 2159000/3711531 (58.1701%)
entry 2161000/3711531 (58.224%)
entry 2164000/3711531 (58.3048%)
entry 2165000/3711531 (58.3317%)
entry 2167000/3711531 (58.3856%)
entry 2168000/3711531 (58.4126%)
entry 2169000/3711531 (58.4395%)
entry 2170000/3711531 (58.4664%)
entry 2171000/3711531 (58.4934%)
entry 2172000/3711531 (58.5203%)
entry 2173000/3711531 (58.5473%)
entry 2174000/3711531 (58.5742%)
entry 2176000/3711531 (58.6281%)
entry 2177000/3711531 (58.655%)
entry 2178000/3711531 (58.682%)
entry 2179000/3711531 (58.7089%)
entry 2183000/3711531 (58.8167%)
entry 2185000/3711531 (58.8706%)
entry 2188000/3711531 (58.9514%)
entry 2190000/3711531 (59.0053%)
entry 2195000/3711531 (59.14%)
entry 2196000/3711531 (59.167%)
entry 2197000/3711531 (59.1939%)
entry 2198000/3711531 (59.2208%)
entry 2199000/3711531 (59.2478%)
entry 2202000/3711531 (59.3286%)
entry 2203000/3711531 (59.3556%)
entry 2204000/3711531 (59.3825%)
entry 2205000/3711531 (59.4094%)
entry 2206000/3711531 (59.4364%)
entry 2207000/3711531 (59.4633%)
entry 2208000/3711531 (59.4903%)
entry 2209000/3711531 (59.5172%)
entry 2211000/3711531 (59.5711%)
entry 2213000/3711531 (59.625%)
entry 2214000/3711531 (59.6519%)
entry 2215000/3711531 (59.6789%)
entry 2216000/3711531 (59.7058%)
entry 2218000/3711531 (59.7597%)
entry 2219000/3711531 (59.7866%)
entry 2220000/3711531 (59.8136%)
entry 2221000/3711531 (59.8405%)
entry 2222000/3711531 (59.8675%)
entry 2224000/3711531 (59.9214%)
entry 2227000/3711531 (60.0022%)
entry 2230000/3711531 (60.083%)
entry 2231000/3711531 (60.11%)
entry 2232000/3711531 (60.1369%)
entry 2234000/3711531 (60.1908%)
entry 2237000/3711531 (60.2716%)
entry 2238000/3711531 (60.2986%)
entry 2241000/3711531 (60.3794%)
entry 2242000/3711531 (60.4063%)
entry 2243000/3711531 (60.4333%)
entry 2244000/3711531 (60.4602%)
entry 2246000/3711531 (60.5141%)
entry 2247000/3711531 (60.5411%)
entry 2251000/3711531 (60.6488%)
entry 2252000/3711531 (60.6758%)
entry 2253000/3711531 (60.7027%)
entry 2254000/3711531 (60.7297%)
entry 2255000/3711531 (60.7566%)
entry 2258000/3711531 (60.8374%)
entry 2260000/3711531 (60.8913%)
entry 2261000/3711531 (60.9183%)
entry 2263000/3711531 (60.9721%)
entry 2264000/3711531 (60.9991%)
entry 2266000/3711531 (61.053%)
entry 2267000/3711531 (61.0799%)
entry 2268000/3711531 (61.1069%)
entry 2269000/3711531 (61.1338%)
entry 2275000/3711531 (61.2955%)
entry 2279000/3711531 (61.4032%)
entry 2280000/3711531 (61.4302%)
entry 2281000/3711531 (61.4571%)
entry 2282000/3711531 (61.4841%)
entry 2284000/3711531 (61.5379%)
entry 2286000/3711531 (61.5918%)
entry 2288000/3711531 (61.6457%)
entry 2290000/3711531 (61.6996%)
entry 2291000/3711531 (61.7265%)
entry 2292000/3711531 (61.7535%)
entry 2294000/3711531 (61.8074%)
entry 2295000/3711531 (61.8343%)
entry 2297000/3711531 (61.8882%)
entry 2301000/3711531 (61.996%)
entry 2303000/3711531 (62.0499%)
entry 2304000/3711531 (62.0768%)
entry 2311000/3711531 (62.2654%)
entry 2312000/3711531 (62.2924%)
entry 2318000/3711531 (62.454%)
entry 2320000/3711531 (62.5079%)
entry 2321000/3711531 (62.5348%)
entry 2322000/3711531 (62.5618%)
entry 2324000/3711531 (62.6157%)
entry 2325000/3711531 (62.6426%)
entry 2326000/3711531 (62.6696%)
entry 2328000/3711531 (62.7234%)
entry 2329000/3711531 (62.7504%)
entry 2330000/3711531 (62.7773%)
entry 2331000/3711531 (62.8043%)
entry 2332000/3711531 (62.8312%)
entry 2335000/3711531 (62.912%)
entry 2338000/3711531 (62.9929%)
entry 2341000/3711531 (63.0737%)
entry 2342000/3711531 (63.1006%)
entry 2344000/3711531 (63.1545%)
entry 2345000/3711531 (63.1815%)
entry 2346000/3711531 (63.2084%)
entry 2348000/3711531 (63.2623%)
entry 2349000/3711531 (63.2892%)
entry 2351000/3711531 (63.3431%)
entry 2352000/3711531 (63.3701%)
entry 2353000/3711531 (63.397%)
entry 2354000/3711531 (63.424%)
entry 2363000/3711531 (63.6665%)
entry 2364000/3711531 (63.6934%)
entry 2365000/3711531 (63.7203%)
entry 2366000/3711531 (63.7473%)
entry 2367000/3711531 (63.7742%)
entry 2368000/3711531 (63.8012%)
entry 2371000/3711531 (63.882%)
entry 2372000/3711531 (63.9089%)
entry 2374000/3711531 (63.9628%)
entry 2375000/3711531 (63.9898%)
entry 2376000/3711531 (64.0167%)
entry 2377000/3711531 (64.0437%)
entry 2378000/3711531 (64.0706%)
entry 2380000/3711531 (64.1245%)
entry 2382000/3711531 (64.1784%)
entry 2384000/3711531 (64.2323%)
entry 2388000/3711531 (64.34%)
entry 2390000/3711531 (64.3939%)
entry 2391000/3711531 (64.4209%)
entry 2392000/3711531 (64.4478%)
entry 2395000/3711531 (64.5286%)
entry 2397000/3711531 (64.5825%)
entry 2398000/3711531 (64.6095%)
entry 2399000/3711531 (64.6364%)
entry 2400000/3711531 (64.6633%)
entry 2403000/3711531 (64.7442%)
entry 2404000/3711531 (64.7711%)
entry 2405000/3711531 (64.7981%)
entry 2406000/3711531 (64.825%)
entry 2408000/3711531 (64.8789%)
entry 2412000/3711531 (64.9867%)
entry 2413000/3711531 (65.0136%)
entry 2414000/3711531 (65.0405%)
entry 2415000/3711531 (65.0675%)
entry 2419000/3711531 (65.1753%)
entry 2421000/3711531 (65.2291%)
entry 2422000/3711531 (65.2561%)
entry 2423000/3711531 (65.283%)
entry 2424000/3711531 (65.31%)
entry 2425000/3711531 (65.3369%)
entry 2426000/3711531 (65.3639%)
entry 2428000/3711531 (65.4177%)
entry 2429000/3711531 (65.4447%)
entry 2430000/3711531 (65.4716%)
entry 2433000/3711531 (65.5525%)
entry 2434000/3711531 (65.5794%)
entry 2435000/3711531 (65.6063%)
entry 2439000/3711531 (65.7141%)
entry 2440000/3711531 (65.7411%)
entry 2441000/3711531 (65.768%)
entry 2442000/3711531 (65.795%)
entry 2443000/3711531 (65.8219%)
entry 2444000/3711531 (65.8488%)
entry 2445000/3711531 (65.8758%)
entry 2446000/3711531 (65.9027%)
entry 2447000/3711531 (65.9297%)
entry 2448000/3711531 (65.9566%)
entry 2449000/3711531 (65.9836%)
entry 2451000/3711531 (66.0374%)
entry 2452000/3711531 (66.0644%)
entry 2453000/3711531 (66.0913%)
entry 2454000/3711531 (66.1183%)
entry 2455000/3711531 (66.1452%)
entry 2456000/3711531 (66.1722%)
entry 2457000/3711531 (66.1991%)
entry 2460000/3711531 (66.2799%)
entry 2461000/3711531 (66.3069%)
entry 2462000/3711531 (66.3338%)
entry 2464000/3711531 (66.3877%)
entry 2465000/3711531 (66.4146%)
entry 2466000/3711531 (66.4416%)
entry 2469000/3711531 (66.5224%)
entry 2470000/3711531 (66.5494%)
entry 2475000/3711531 (66.6841%)
entry 2476000/3711531 (66.711%)
entry 2478000/3711531 (66.7649%)
entry 2479000/3711531 (66.7918%)
entry 2480000/3711531 (66.8188%)
entry 2482000/3711531 (66.8727%)
entry 2483000/3711531 (66.8996%)
entry 2484000/3711531 (66.9266%)
entry 2485000/3711531 (66.9535%)
entry 2486000/3711531 (66.9804%)
entry 2487000/3711531 (67.0074%)
entry 2490000/3711531 (67.0882%)
entry 2491000/3711531 (67.1152%)
entry 2493000/3711531 (67.169%)
entry 2494000/3711531 (67.196%)
entry 2496000/3711531 (67.2499%)
entry 2497000/3711531 (67.2768%)
entry 2500000/3711531 (67.3576%)
entry 2501000/3711531 (67.3846%)
entry 2502000/3711531 (67.4115%)
entry 2503000/3711531 (67.4385%)
entry 2509000/3711531 (67.6001%)
entry 2511000/3711531 (67.654%)
entry 2513000/3711531 (67.7079%)
entry 2514000/3711531 (67.7348%)
entry 2515000/3711531 (67.7618%)
entry 2516000/3711531 (67.7887%)
entry 2519000/3711531 (67.8696%)
entry 2520000/3711531 (67.8965%)
entry 2522000/3711531 (67.9504%)
entry 2523000/3711531 (67.9773%)
entry 2524000/3711531 (68.0043%)
entry 2526000/3711531 (68.0582%)
entry 2527000/3711531 (68.0851%)
entry 2528000/3711531 (68.1121%)
entry 2529000/3711531 (68.139%)
entry 2534000/3711531 (68.2737%)
entry 2537000/3711531 (68.3545%)
entry 2540000/3711531 (68.4354%)
entry 2545000/3711531 (68.5701%)
entry 2546000/3711531 (68.597%)
entry 2547000/3711531 (68.624%)
entry 2549000/3711531 (68.6779%)
entry 2553000/3711531 (68.7856%)
entry 2554000/3711531 (68.8126%)
entry 2555000/3711531 (68.8395%)
entry 2556000/3711531 (68.8665%)
entry 2557000/3711531 (68.8934%)
entry 2560000/3711531 (68.9742%)
entry 2561000/3711531 (69.0012%)
entry 2562000/3711531 (69.0281%)
entry 2563000/3711531 (69.0551%)
entry 2564000/3711531 (69.082%)
entry 2565000/3711531 (69.1089%)
entry 2566000/3711531 (69.1359%)
entry 2567000/3711531 (69.1628%)
entry 2568000/3711531 (69.1898%)
entry 2569000/3711531 (69.2167%)
entry 2570000/3711531 (69.2437%)
entry 2571000/3711531 (69.2706%)
entry 2572000/3711531 (69.2975%)
entry 2574000/3711531 (69.3514%)
entry 2575000/3711531 (69.3784%)
entry 2576000/3711531 (69.4053%)
entry 2578000/3711531 (69.4592%)
entry 2579000/3711531 (69.4861%)
entry 2584000/3711531 (69.6209%)
entry 2585000/3711531 (69.6478%)
entry 2587000/3711531 (69.7017%)
entry 2588000/3711531 (69.7286%)
entry 2589000/3711531 (69.7556%)
entry 2591000/3711531 (69.8095%)
entry 2594000/3711531 (69.8903%)
entry 2595000/3711531 (69.9172%)
entry 2596000/3711531 (69.9442%)
entry 2598000/3711531 (69.9981%)
entry 2600000/3711531 (70.052%)
entry 2601000/3711531 (70.0789%)
entry 2603000/3711531 (70.1328%)
entry 2605000/3711531 (70.1867%)
entry 2608000/3711531 (70.2675%)
entry 2609000/3711531 (70.2944%)
entry 2610000/3711531 (70.3214%)
entry 2611000/3711531 (70.3483%)
entry 2612000/3711531 (70.3753%)
entry 2616000/3711531 (70.483%)
entry 2617000/3711531 (70.51%)
entry 2618000/3711531 (70.5369%)
entry 2621000/3711531 (70.6178%)
entry 2622000/3711531 (70.6447%)
entry 2623000/3711531 (70.6716%)
entry 2624000/3711531 (70.6986%)
entry 2625000/3711531 (70.7255%)
entry 2628000/3711531 (70.8064%)
entry 2629000/3711531 (70.8333%)
entry 2631000/3711531 (70.8872%)
entry 2632000/3711531 (70.9141%)
entry 2634000/3711531 (70.968%)
entry 2636000/3711531 (71.0219%)
entry 2638000/3711531 (71.0758%)
entry 2639000/3711531 (71.1027%)
entry 2641000/3711531 (71.1566%)
entry 2644000/3711531 (71.2375%)
entry 2646000/3711531 (71.2913%)
entry 2647000/3711531 (71.3183%)
entry 2648000/3711531 (71.3452%)
entry 2649000/3711531 (71.3722%)
entry 2650000/3711531 (71.3991%)
entry 2651000/3711531 (71.4261%)
entry 2652000/3711531 (71.453%)
entry 2653000/3711531 (71.4799%)
entry 2654000/3711531 (71.5069%)
entry 2655000/3711531 (71.5338%)
entry 2656000/3711531 (71.5608%)
entry 2657000/3711531 (71.5877%)
entry 2659000/3711531 (71.6416%)
entry 2660000/3711531 (71.6685%)
entry 2662000/3711531 (71.7224%)
entry 2664000/3711531 (71.7763%)
entry 2665000/3711531 (71.8033%)
entry 2666000/3711531 (71.8302%)
entry 2667000/3711531 (71.8571%)
entry 2669000/3711531 (71.911%)
entry 2671000/3711531 (71.9649%)
entry 2672000/3711531 (71.9919%)
entry 2673000/3711531 (72.0188%)
entry 2674000/3711531 (72.0457%)
entry 2675000/3711531 (72.0727%)
entry 2679000/3711531 (72.1805%)
entry 2680000/3711531 (72.2074%)
entry 2683000/3711531 (72.2882%)
entry 2686000/3711531 (72.3691%)
entry 2687000/3711531 (72.396%)
entry 2688000/3711531 (72.4229%)
entry 2691000/3711531 (72.5038%)
entry 2692000/3711531 (72.5307%)
entry 2695000/3711531 (72.6115%)
entry 2696000/3711531 (72.6385%)
entry 2698000/3711531 (72.6924%)
entry 2699000/3711531 (72.7193%)
entry 2700000/3711531 (72.7463%)
entry 2706000/3711531 (72.9079%)
entry 2708000/3711531 (72.9618%)
entry 2709000/3711531 (72.9887%)
entry 2715000/3711531 (73.1504%)
entry 2721000/3711531 (73.3121%)
entry 2722000/3711531 (73.339%)
entry 2723000/3711531 (73.366%)
entry 2726000/3711531 (73.4468%)
entry 2727000/3711531 (73.4737%)
entry 2728000/3711531 (73.5007%)
entry 2730000/3711531 (73.5546%)
entry 2733000/3711531 (73.6354%)
entry 2735000/3711531 (73.6893%)
entry 2737000/3711531 (73.7432%)
entry 2739000/3711531 (73.797%)
entry 2742000/3711531 (73.8779%)
entry 2743000/3711531 (73.9048%)
entry 2744000/3711531 (73.9318%)
entry 2746000/3711531 (73.9856%)
entry 2748000/3711531 (74.0395%)
entry 2750000/3711531 (74.0934%)
entry 2752000/3711531 (74.1473%)
entry 2753000/3711531 (74.1742%)
entry 2755000/3711531 (74.2281%)
entry 2758000/3711531 (74.309%)
entry 2759000/3711531 (74.3359%)
entry 2760000/3711531 (74.3628%)
entry 2762000/3711531 (74.4167%)
entry 2763000/3711531 (74.4437%)
entry 2764000/3711531 (74.4706%)
entry 2765000/3711531 (74.4976%)
entry 2766000/3711531 (74.5245%)
entry 2767000/3711531 (74.5514%)
entry 2771000/3711531 (74.6592%)
entry 2772000/3711531 (74.6862%)
entry 2773000/3711531 (74.7131%)
entry 2774000/3711531 (74.74%)
entry 2775000/3711531 (74.767%)
entry 2776000/3711531 (74.7939%)
entry 2777000/3711531 (74.8209%)
entry 2778000/3711531 (74.8478%)
entry 2780000/3711531 (74.9017%)
entry 2781000/3711531 (74.9286%)
entry 2783000/3711531 (74.9825%)
entry 2784000/3711531 (75.0095%)
entry 2785000/3711531 (75.0364%)
entry 2786000/3711531 (75.0634%)
entry 2787000/3711531 (75.0903%)
entry 2788000/3711531 (75.1172%)
entry 2789000/3711531 (75.1442%)
entry 2790000/3711531 (75.1711%)
entry 2791000/3711531 (75.1981%)
entry 2792000/3711531 (75.225%)
entry 2794000/3711531 (75.2789%)
entry 2795000/3711531 (75.3058%)
entry 2796000/3711531 (75.3328%)
entry 2799000/3711531 (75.4136%)
entry 2800000/3711531 (75.4406%)
entry 2801000/3711531 (75.4675%)
entry 2803000/3711531 (75.5214%)
entry 2804000/3711531 (75.5483%)
entry 2805000/3711531 (75.5753%)
entry 2806000/3711531 (75.6022%)
entry 2807000/3711531 (75.6292%)
entry 2811000/3711531 (75.7369%)
entry 2813000/3711531 (75.7908%)
entry 2814000/3711531 (75.8178%)
entry 2815000/3711531 (75.8447%)
entry 2816000/3711531 (75.8717%)
entry 2817000/3711531 (75.8986%)
entry 2819000/3711531 (75.9525%)
entry 2821000/3711531 (76.0064%)
entry 2822000/3711531 (76.0333%)
entry 2823000/3711531 (76.0603%)
entry 2824000/3711531 (76.0872%)
entry 2825000/3711531 (76.1141%)
entry 2827000/3711531 (76.168%)
entry 2828000/3711531 (76.195%)
entry 2829000/3711531 (76.2219%)
entry 2832000/3711531 (76.3027%)
entry 2834000/3711531 (76.3566%)
entry 2836000/3711531 (76.4105%)
entry 2838000/3711531 (76.4644%)
entry 2839000/3711531 (76.4913%)
entry 2840000/3711531 (76.5183%)
entry 2841000/3711531 (76.5452%)
entry 2842000/3711531 (76.5722%)
entry 2844000/3711531 (76.6261%)
entry 2845000/3711531 (76.653%)
entry 2846000/3711531 (76.6799%)
entry 2847000/3711531 (76.7069%)
entry 2849000/3711531 (76.7608%)
entry 2850000/3711531 (76.7877%)
entry 2853000/3711531 (76.8685%)
entry 2854000/3711531 (76.8955%)
entry 2855000/3711531 (76.9224%)
entry 2856000/3711531 (76.9494%)
entry 2857000/3711531 (76.9763%)
entry 2858000/3711531 (77.0033%)
entry 2859000/3711531 (77.0302%)
entry 2863000/3711531 (77.138%)
entry 2864000/3711531 (77.1649%)
entry 2866000/3711531 (77.2188%)
entry 2869000/3711531 (77.2996%)
entry 2870000/3711531 (77.3266%)
entry 2871000/3711531 (77.3535%)
entry 2872000/3711531 (77.3805%)
entry 2874000/3711531 (77.4344%)
entry 2875000/3711531 (77.4613%)
entry 2877000/3711531 (77.5152%)
entry 2878000/3711531 (77.5421%)
entry 2879000/3711531 (77.5691%)
entry 2881000/3711531 (77.623%)
entry 2882000/3711531 (77.6499%)
entry 2884000/3711531 (77.7038%)
entry 2885000/3711531 (77.7307%)
entry 2887000/3711531 (77.7846%)
entry 2890000/3711531 (77.8654%)
entry 2891000/3711531 (77.8924%)
entry 2892000/3711531 (77.9193%)
entry 2893000/3711531 (77.9463%)
entry 2894000/3711531 (77.9732%)
entry 2895000/3711531 (78.0002%)
entry 2897000/3711531 (78.054%)
entry 2898000/3711531 (78.081%)
entry 2899000/3711531 (78.1079%)
entry 2900000/3711531 (78.1349%)
entry 2901000/3711531 (78.1618%)
entry 2902000/3711531 (78.1888%)
entry 2903000/3711531 (78.2157%)
entry 2909000/3711531 (78.3774%)
entry 2914000/3711531 (78.5121%)
entry 2915000/3711531 (78.539%)
entry 2917000/3711531 (78.5929%)
entry 2918000/3711531 (78.6198%)
entry 2919000/3711531 (78.6468%)
entry 2920000/3711531 (78.6737%)
entry 2921000/3711531 (78.7007%)
entry 2922000/3711531 (78.7276%)
entry 2923000/3711531 (78.7546%)
entry 2924000/3711531 (78.7815%)
entry 2925000/3711531 (78.8085%)
entry 2926000/3711531 (78.8354%)
entry 2928000/3711531 (78.8893%)
entry 2929000/3711531 (78.9162%)
entry 2931000/3711531 (78.9701%)
entry 2932000/3711531 (78.9971%)
entry 2933000/3711531 (79.024%)
entry 2939000/3711531 (79.1857%)
entry 2940000/3711531 (79.2126%)
entry 2941000/3711531 (79.2395%)
entry 2942000/3711531 (79.2665%)
entry 2948000/3711531 (79.4281%)
entry 2949000/3711531 (79.4551%)
entry 2950000/3711531 (79.482%)
entry 2951000/3711531 (79.509%)
entry 2952000/3711531 (79.5359%)
entry 2953000/3711531 (79.5629%)
entry 2954000/3711531 (79.5898%)
entry 2955000/3711531 (79.6167%)
entry 2956000/3711531 (79.6437%)
entry 2958000/3711531 (79.6976%)
entry 2960000/3711531 (79.7515%)
entry 2962000/3711531 (79.8053%)
entry 2963000/3711531 (79.8323%)
entry 2965000/3711531 (79.8862%)
entry 2967000/3711531 (79.9401%)
entry 2968000/3711531 (79.967%)
entry 2972000/3711531 (80.0748%)
entry 2974000/3711531 (80.1287%)
entry 2976000/3711531 (80.1825%)
entry 2977000/3711531 (80.2095%)
entry 2978000/3711531 (80.2364%)
entry 2979000/3711531 (80.2634%)
entry 2980000/3711531 (80.2903%)
entry 2981000/3711531 (80.3173%)
entry 2982000/3711531 (80.3442%)
entry 2983000/3711531 (80.3711%)
entry 2984000/3711531 (80.3981%)
entry 2985000/3711531 (80.425%)
entry 2986000/3711531 (80.452%)
entry 2987000/3711531 (80.4789%)
entry 2989000/3711531 (80.5328%)
entry 2994000/3711531 (80.6675%)
entry 2996000/3711531 (80.7214%)
entry 3000000/3711531 (80.8292%)
entry 3001000/3711531 (80.8561%)
entry 3003000/3711531 (80.91%)
entry 3005000/3711531 (80.9639%)
entry 3007000/3711531 (81.0178%)
entry 3010000/3711531 (81.0986%)
entry 3012000/3711531 (81.1525%)
entry 3014000/3711531 (81.2064%)
entry 3017000/3711531 (81.2872%)
entry 3018000/3711531 (81.3142%)
entry 3019000/3711531 (81.3411%)
entry 3020000/3711531 (81.368%)
entry 3021000/3711531 (81.395%)
entry 3023000/3711531 (81.4489%)
entry 3025000/3711531 (81.5028%)
entry 3029000/3711531 (81.6105%)
entry 3030000/3711531 (81.6375%)
entry 3031000/3711531 (81.6644%)
entry 3032000/3711531 (81.6914%)
entry 3034000/3711531 (81.7452%)
entry 3035000/3711531 (81.7722%)
entry 3036000/3711531 (81.7991%)
entry 3038000/3711531 (81.853%)
entry 3041000/3711531 (81.9338%)
entry 3042000/3711531 (81.9608%)
entry 3043000/3711531 (81.9877%)
entry 3044000/3711531 (82.0147%)
entry 3046000/3711531 (82.0686%)
entry 3047000/3711531 (82.0955%)
entry 3049000/3711531 (82.1494%)
entry 3050000/3711531 (82.1763%)
entry 3051000/3711531 (82.2033%)
entry 3055000/3711531 (82.311%)
entry 3058000/3711531 (82.3919%)
entry 3059000/3711531 (82.4188%)
entry 3060000/3711531 (82.4458%)
entry 3061000/3711531 (82.4727%)
entry 3062000/3711531 (82.4996%)
entry 3063000/3711531 (82.5266%)
entry 3064000/3711531 (82.5535%)
entry 3065000/3711531 (82.5805%)
entry 3066000/3711531 (82.6074%)
entry 3067000/3711531 (82.6344%)
entry 3068000/3711531 (82.6613%)
entry 3070000/3711531 (82.7152%)
entry 3072000/3711531 (82.7691%)
entry 3073000/3711531 (82.796%)
entry 3075000/3711531 (82.8499%)
entry 3076000/3711531 (82.8768%)
entry 3077000/3711531 (82.9038%)
entry 3078000/3711531 (82.9307%)
entry 3079000/3711531 (82.9577%)
entry 3080000/3711531 (82.9846%)
entry 3081000/3711531 (83.0116%)
entry 3082000/3711531 (83.0385%)
entry 3083000/3711531 (83.0655%)
entry 3084000/3711531 (83.0924%)
entry 3087000/3711531 (83.1732%)
entry 3092000/3711531 (83.3079%)
entry 3093000/3711531 (83.3349%)
entry 3101000/3711531 (83.5504%)
entry 3104000/3711531 (83.6313%)
entry 3105000/3711531 (83.6582%)
entry 3107000/3711531 (83.7121%)
entry 3108000/3711531 (83.739%)
entry 3110000/3711531 (83.7929%)
entry 3112000/3711531 (83.8468%)
entry 3115000/3711531 (83.9276%)
entry 3117000/3711531 (83.9815%)
entry 3118000/3711531 (84.0085%)
entry 3119000/3711531 (84.0354%)
entry 3123000/3711531 (84.1432%)
entry 3124000/3711531 (84.1701%)
entry 3125000/3711531 (84.1971%)
entry 3126000/3711531 (84.224%)
entry 3127000/3711531 (84.2509%)
entry 3129000/3711531 (84.3048%)
entry 3130000/3711531 (84.3318%)
entry 3131000/3711531 (84.3587%)
entry 3133000/3711531 (84.4126%)
entry 3134000/3711531 (84.4395%)
entry 3135000/3711531 (84.4665%)
entry 3136000/3711531 (84.4934%)
entry 3142000/3711531 (84.6551%)
entry 3146000/3711531 (84.7629%)
entry 3147000/3711531 (84.7898%)
entry 3148000/3711531 (84.8167%)
entry 3151000/3711531 (84.8976%)
entry 3153000/3711531 (84.9515%)
entry 3154000/3711531 (84.9784%)
entry 3155000/3711531 (85.0054%)
entry 3157000/3711531 (85.0592%)
entry 3159000/3711531 (85.1131%)
entry 3164000/3711531 (85.2478%)
entry 3165000/3711531 (85.2748%)
entry 3168000/3711531 (85.3556%)
entry 3169000/3711531 (85.3826%)
entry 3171000/3711531 (85.4364%)
entry 3174000/3711531 (85.5173%)
entry 3176000/3711531 (85.5712%)
entry 3178000/3711531 (85.625%)
entry 3179000/3711531 (85.652%)
entry 3180000/3711531 (85.6789%)
entry 3182000/3711531 (85.7328%)
entry 3183000/3711531 (85.7598%)
entry 3184000/3711531 (85.7867%)
entry 3186000/3711531 (85.8406%)
entry 3187000/3711531 (85.8675%)
entry 3188000/3711531 (85.8945%)
entry 3189000/3711531 (85.9214%)
entry 3190000/3711531 (85.9484%)
entry 3191000/3711531 (85.9753%)
entry 3192000/3711531 (86.0022%)
entry 3193000/3711531 (86.0292%)
entry 3195000/3711531 (86.0831%)
entry 3197000/3711531 (86.137%)
entry 3198000/3711531 (86.1639%)
entry 3199000/3711531 (86.1908%)
entry 3200000/3711531 (86.2178%)
entry 3201000/3711531 (86.2447%)
entry 3202000/3711531 (86.2717%)
entry 3203000/3711531 (86.2986%)
entry 3204000/3711531 (86.3256%)
entry 3205000/3711531 (86.3525%)
entry 3207000/3711531 (86.4064%)
entry 3209000/3711531 (86.4603%)
entry 3210000/3711531 (86.4872%)
entry 3211000/3711531 (86.5142%)
entry 3212000/3711531 (86.5411%)
entry 3213000/3711531 (86.5681%)
entry 3214000/3711531 (86.595%)
entry 3218000/3711531 (86.7028%)
entry 3219000/3711531 (86.7297%)
entry 3220000/3711531 (86.7567%)
entry 3222000/3711531 (86.8105%)
entry 3224000/3711531 (86.8644%)
entry 3225000/3711531 (86.8914%)
entry 3226000/3711531 (86.9183%)
entry 3227000/3711531 (86.9453%)
entry 3228000/3711531 (86.9722%)
entry 3229000/3711531 (86.9991%)
entry 3233000/3711531 (87.1069%)
entry 3234000/3711531 (87.1339%)
entry 3235000/3711531 (87.1608%)
entry 3237000/3711531 (87.2147%)
entry 3239000/3711531 (87.2686%)
entry 3240000/3711531 (87.2955%)
entry 3241000/3711531 (87.3225%)
entry 3242000/3711531 (87.3494%)
entry 3243000/3711531 (87.3763%)
entry 3246000/3711531 (87.4572%)
entry 3247000/3711531 (87.4841%)
entry 3248000/3711531 (87.5111%)
entry 3251000/3711531 (87.5919%)
entry 3252000/3711531 (87.6188%)
entry 3254000/3711531 (87.6727%)
entry 3255000/3711531 (87.6997%)
entry 3258000/3711531 (87.7805%)
entry 3259000/3711531 (87.8074%)
entry 3260000/3711531 (87.8344%)
entry 3262000/3711531 (87.8883%)
entry 3263000/3711531 (87.9152%)
entry 3264000/3711531 (87.9421%)
entry 3266000/3711531 (87.996%)
entry 3267000/3711531 (88.023%)
entry 3268000/3711531 (88.0499%)
entry 3270000/3711531 (88.1038%)
entry 3271000/3711531 (88.1307%)
entry 3272000/3711531 (88.1577%)
entry 3273000/3711531 (88.1846%)
entry 3274000/3711531 (88.2116%)
entry 3275000/3711531 (88.2385%)
entry 3276000/3711531 (88.2655%)
entry 3278000/3711531 (88.3193%)
entry 3280000/3711531 (88.3732%)
entry 3281000/3711531 (88.4002%)
entry 3282000/3711531 (88.4271%)
entry 3283000/3711531 (88.4541%)
entry 3284000/3711531 (88.481%)
entry 3285000/3711531 (88.508%)
entry 3286000/3711531 (88.5349%)
entry 3287000/3711531 (88.5618%)
entry 3289000/3711531 (88.6157%)
entry 3290000/3711531 (88.6427%)
entry 3291000/3711531 (88.6696%)
entry 3292000/3711531 (88.6966%)
entry 3293000/3711531 (88.7235%)
entry 3294000/3711531 (88.7504%)
entry 3295000/3711531 (88.7774%)
entry 3296000/3711531 (88.8043%)
entry 3297000/3711531 (88.8313%)
entry 3300000/3711531 (88.9121%)
entry 3301000/3711531 (88.939%)
entry 3303000/3711531 (88.9929%)
entry 3304000/3711531 (89.0199%)
entry 3306000/3711531 (89.0738%)
entry 3307000/3711531 (89.1007%)
entry 3308000/3711531 (89.1276%)
entry 3309000/3711531 (89.1546%)
entry 3310000/3711531 (89.1815%)
entry 3311000/3711531 (89.2085%)
entry 3312000/3711531 (89.2354%)
entry 3313000/3711531 (89.2624%)
entry 3315000/3711531 (89.3162%)
entry 3316000/3711531 (89.3432%)
entry 3317000/3711531 (89.3701%)
entry 3318000/3711531 (89.3971%)
entry 3320000/3711531 (89.451%)
entry 3321000/3711531 (89.4779%)
entry 3322000/3711531 (89.5048%)
entry 3323000/3711531 (89.5318%)
entry 3324000/3711531 (89.5587%)
entry 3327000/3711531 (89.6396%)
entry 3329000/3711531 (89.6934%)
entry 3330000/3711531 (89.7204%)
entry 3331000/3711531 (89.7473%)
entry 3332000/3711531 (89.7743%)
entry 3333000/3711531 (89.8012%)
entry 3334000/3711531 (89.8282%)
entry 3337000/3711531 (89.909%)
entry 3339000/3711531 (89.9629%)
entry 3340000/3711531 (89.9898%)
entry 3341000/3711531 (90.0168%)
entry 3342000/3711531 (90.0437%)
entry 3344000/3711531 (90.0976%)
entry 3346000/3711531 (90.1515%)
entry 3347000/3711531 (90.1784%)
entry 3350000/3711531 (90.2592%)
entry 3351000/3711531 (90.2862%)
entry 3352000/3711531 (90.3131%)
entry 3358000/3711531 (90.4748%)
entry 3359000/3711531 (90.5017%)
entry 3361000/3711531 (90.5556%)
entry 3362000/3711531 (90.5826%)
entry 3363000/3711531 (90.6095%)
entry 3364000/3711531 (90.6365%)
entry 3367000/3711531 (90.7173%)
entry 3369000/3711531 (90.7712%)
entry 3370000/3711531 (90.7981%)
entry 3371000/3711531 (90.8251%)
entry 3372000/3711531 (90.852%)
entry 3374000/3711531 (90.9059%)
entry 3375000/3711531 (90.9328%)
entry 3376000/3711531 (90.9598%)
entry 3378000/3711531 (91.0137%)
entry 3380000/3711531 (91.0675%)
entry 3381000/3711531 (91.0945%)
entry 3384000/3711531 (91.1753%)
entry 3386000/3711531 (91.2292%)
entry 3387000/3711531 (91.2561%)
entry 3388000/3711531 (91.2831%)
entry 3391000/3711531 (91.3639%)
entry 3393000/3711531 (91.4178%)
entry 3394000/3711531 (91.4447%)
entry 3395000/3711531 (91.4717%)
entry 3397000/3711531 (91.5256%)
entry 3399000/3711531 (91.5795%)
entry 3400000/3711531 (91.6064%)
entry 3404000/3711531 (91.7142%)
entry 3406000/3711531 (91.7681%)
entry 3408000/3711531 (91.8219%)
entry 3409000/3711531 (91.8489%)
entry 3410000/3711531 (91.8758%)
entry 3411000/3711531 (91.9028%)
entry 3414000/3711531 (91.9836%)
entry 3415000/3711531 (92.0105%)
entry 3417000/3711531 (92.0644%)
entry 3418000/3711531 (92.0914%)
entry 3420000/3711531 (92.1453%)
entry 3422000/3711531 (92.1991%)
entry 3423000/3711531 (92.2261%)
entry 3425000/3711531 (92.28%)
entry 3426000/3711531 (92.3069%)
entry 3427000/3711531 (92.3339%)
entry 3430000/3711531 (92.4147%)
entry 3431000/3711531 (92.4416%)
entry 3432000/3711531 (92.4686%)
entry 3433000/3711531 (92.4955%)
entry 3434000/3711531 (92.5225%)
entry 3439000/3711531 (92.6572%)
entry 3441000/3711531 (92.7111%)
entry 3442000/3711531 (92.738%)
entry 3446000/3711531 (92.8458%)
entry 3447000/3711531 (92.8727%)
entry 3448000/3711531 (92.8997%)
entry 3449000/3711531 (92.9266%)
entry 3452000/3711531 (93.0074%)
entry 3453000/3711531 (93.0344%)
entry 3456000/3711531 (93.1152%)
entry 3457000/3711531 (93.1422%)
entry 3458000/3711531 (93.1691%)
entry 3459000/3711531 (93.196%)
entry 3460000/3711531 (93.223%)
entry 3462000/3711531 (93.2769%)
entry 3464000/3711531 (93.3308%)
entry 3465000/3711531 (93.3577%)
entry 3468000/3711531 (93.4385%)
entry 3470000/3711531 (93.4924%)
entry 3474000/3711531 (93.6002%)
entry 3476000/3711531 (93.6541%)
entry 3477000/3711531 (93.681%)
entry 3479000/3711531 (93.7349%)
entry 3480000/3711531 (93.7618%)
entry 3483000/3711531 (93.8427%)
entry 3484000/3711531 (93.8696%)
entry 3485000/3711531 (93.8966%)
entry 3487000/3711531 (93.9505%)
entry 3489000/3711531 (94.0043%)
entry 3490000/3711531 (94.0313%)
entry 3491000/3711531 (94.0582%)
entry 3493000/3711531 (94.1121%)
entry 3494000/3711531 (94.1391%)
entry 3496000/3711531 (94.1929%)
entry 3497000/3711531 (94.2199%)
entry 3498000/3711531 (94.2468%)
entry 3499000/3711531 (94.2738%)
entry 3504000/3711531 (94.4085%)
entry 3509000/3711531 (94.5432%)
entry 3511000/3711531 (94.5971%)
entry 3512000/3711531 (94.624%)
entry 3513000/3711531 (94.651%)
entry 3515000/3711531 (94.7049%)
entry 3516000/3711531 (94.7318%)
entry 3518000/3711531 (94.7857%)
entry 3520000/3711531 (94.8396%)
entry 3521000/3711531 (94.8665%)
entry 3523000/3711531 (94.9204%)
entry 3524000/3711531 (94.9473%)
entry 3525000/3711531 (94.9743%)
entry 3527000/3711531 (95.0282%)
entry 3528000/3711531 (95.0551%)
entry 3529000/3711531 (95.0821%)
entry 3531000/3711531 (95.1359%)
entry 3532000/3711531 (95.1629%)
entry 3533000/3711531 (95.1898%)
entry 3535000/3711531 (95.2437%)
entry 3539000/3711531 (95.3515%)
entry 3541000/3711531 (95.4054%)
entry 3542000/3711531 (95.4323%)
entry 3543000/3711531 (95.4593%)
entry 3546000/3711531 (95.5401%)
entry 3547000/3711531 (95.567%)
entry 3549000/3711531 (95.6209%)
entry 3550000/3711531 (95.6479%)
entry 3551000/3711531 (95.6748%)
entry 3552000/3711531 (95.7017%)
entry 3554000/3711531 (95.7556%)
entry 3555000/3711531 (95.7826%)
entry 3556000/3711531 (95.8095%)
entry 3559000/3711531 (95.8903%)
entry 3560000/3711531 (95.9173%)
entry 3561000/3711531 (95.9442%)
entry 3566000/3711531 (96.079%)
entry 3568000/3711531 (96.1328%)
entry 3570000/3711531 (96.1867%)
entry 3571000/3711531 (96.2137%)
entry 3572000/3711531 (96.2406%)
entry 3573000/3711531 (96.2676%)
entry 3574000/3711531 (96.2945%)
entry 3575000/3711531 (96.3214%)
entry 3576000/3711531 (96.3484%)
entry 3577000/3711531 (96.3753%)
entry 3578000/3711531 (96.4023%)
entry 3581000/3711531 (96.4831%)
entry 3582000/3711531 (96.51%)
entry 3587000/3711531 (96.6448%)
entry 3588000/3711531 (96.6717%)
entry 3590000/3711531 (96.7256%)
entry 3592000/3711531 (96.7795%)
entry 3593000/3711531 (96.8064%)
entry 3594000/3711531 (96.8334%)
entry 3595000/3711531 (96.8603%)
entry 3597000/3711531 (96.9142%)
entry 3598000/3711531 (96.9411%)
entry 3599000/3711531 (96.9681%)
entry 3604000/3711531 (97.1028%)
entry 3606000/3711531 (97.1567%)
entry 3607000/3711531 (97.1836%)
entry 3611000/3711531 (97.2914%)
entry 3613000/3711531 (97.3453%)
entry 3614000/3711531 (97.3722%)
entry 3616000/3711531 (97.4261%)
entry 3617000/3711531 (97.453%)
entry 3621000/3711531 (97.5608%)
entry 3622000/3711531 (97.5878%)
entry 3624000/3711531 (97.6416%)
entry 3625000/3711531 (97.6686%)
entry 3626000/3711531 (97.6955%)
entry 3627000/3711531 (97.7225%)
entry 3628000/3711531 (97.7494%)
entry 3629000/3711531 (97.7764%)
entry 3630000/3711531 (97.8033%)
entry 3631000/3711531 (97.8302%)
entry 3632000/3711531 (97.8572%)
entry 3634000/3711531 (97.9111%)
entry 3635000/3711531 (97.938%)
entry 3636000/3711531 (97.965%)
entry 3637000/3711531 (97.9919%)
entry 3639000/3711531 (98.0458%)
entry 3643000/3711531 (98.1536%)
entry 3644000/3711531 (98.1805%)
entry 3646000/3711531 (98.2344%)
entry 3647000/3711531 (98.2613%)
entry 3649000/3711531 (98.3152%)
entry 3650000/3711531 (98.3422%)
entry 3651000/3711531 (98.3691%)
entry 3653000/3711531 (98.423%)
entry 3655000/3711531 (98.4769%)
entry 3656000/3711531 (98.5038%)
entry 3657000/3711531 (98.5308%)
entry 3658000/3711531 (98.5577%)
entry 3659000/3711531 (98.5847%)
entry 3660000/3711531 (98.6116%)
entry 3663000/3711531 (98.6924%)
entry 3665000/3711531 (98.7463%)
entry 3666000/3711531 (98.7733%)
entry 3668000/3711531 (98.8271%)
entry 3670000/3711531 (98.881%)
entry 3671000/3711531 (98.908%)
entry 3672000/3711531 (98.9349%)
entry 3674000/3711531 (98.9888%)
entry 3675000/3711531 (99.0157%)
entry 3678000/3711531 (99.0966%)
entry 3679000/3711531 (99.1235%)
entry 3682000/3711531 (99.2043%)
entry 3683000/3711531 (99.2313%)
entry 3684000/3711531 (99.2582%)
entry 3685000/3711531 (99.2852%)
entry 3686000/3711531 (99.3121%)
entry 3688000/3711531 (99.366%)
entry 3689000/3711531 (99.3929%)
entry 3690000/3711531 (99.4199%)
entry 3694000/3711531 (99.5277%)
entry 3695000/3711531 (99.5546%)
entry 3696000/3711531 (99.5815%)
entry 3697000/3711531 (99.6085%)
entry 3699000/3711531 (99.6624%)
entry 3700000/3711531 (99.6893%)
entry 3701000/3711531 (99.7163%)
entry 3702000/3711531 (99.7432%)
entry 3703000/3711531 (99.7701%)
entry 3704000/3711531 (99.7971%)
entry 3705000/3711531 (99.824%)
entry 3706000/3711531 (99.851%)
entry 3707000/3711531 (99.8779%)
entry 3708000/3711531 (99.9049%)
entry 3709000/3711531 (99.9318%)
entry 3710000/3711531 (99.9587%)
entry 3711000/3711531 (99.9857%)
all done
script done
