sphnx1052.sdcc.bnl.gov
rsyncing from /gpfs/mnt/gpfs02/sphenix/user/samfred/run25/ppg11/histmaking
running: /gpfs/mnt/gpfs02/sphenix/user/samfred/run25/ppg11/histmaking/script_data.sh 52623
LD_LIBRARY_PATH now /sphenix/user/samfred/run25/install//lib:/cvmfs/sphenix.sdcc.bnl.gov/alma9.2-gcc-14.2.0/opt/sphenix/core/gcc/14.2.0-2f0a0/x86_64-el9/lib:/cvmfs/sphenix.sdcc.bnl.gov/alma9.2-gcc-14.2.0/opt/sphenix/core/gcc/14.2.0-2f0a0/x86_64-el9/lib64:/cvmfs/sphenix.sdcc.bnl.gov/alma9.2-gcc-14.2.0/opt/sphenix/core/binutils/2.40-acaab/x86_64-el9/lib:.:/cvmfs/sphenix.sdcc.bnl.gov/alma9.2-gcc-14.2.0/release/release_new/new.10/lib64:/cvmfs/sphenix.sdcc.bnl.gov/alma9.2-gcc-14.2.0/release/release_new/new.10/lib:/cvmfs/sphenix.sdcc.bnl.gov/alma9.2-gcc-14.2.0/opt/sphenix/utils/lib:/cvmfs/sphenix.sdcc.bnl.gov/alma9.2-gcc-14.2.0/opt/sphenix/core/lib:/cvmfs/sphenix.sdcc.bnl.gov/alma9.2-gcc-14.2.0/opt/sphenix/core/root-6.32.06/lib:/cvmfs/sphenix.sdcc.bnl.gov/alma9.2-gcc-14.2.0/opt/sphenix/core/geant4.10.07.p04/lib64:/cvmfs/sphenix.sdcc.bnl.gov/alma9.2-gcc-14.2.0/opt/sphenix/core/lhapdf-5.9.1/lib:/usr/local/lib64:/usr/lib64
PATH now /sphenix/user/samfred/run25/install//bin:/cvmfs/sphenix.sdcc.bnl.gov/alma9.2-gcc-14.2.0/opt/sphenix/core/gcc/14.2.0-2f0a0/x86_64-el9/bin:/cvmfs/sphenix.sdcc.bnl.gov/alma9.2-gcc-14.2.0/opt/sphenix/core/binutils/2.40-acaab/x86_64-el9/bin:.:/cvmfs/sphenix.sdcc.bnl.gov/alma9.2-gcc-14.2.0/release/release_new/new.10/bin:/cvmfs/sphenix.sdcc.bnl.gov/alma9.2-gcc-14.2.0/opt/sphenix/utils/bin:/cvmfs/sphenix.sdcc.bnl.gov/alma9.2-gcc-14.2.0/opt/sphenix/core/bin:/cvmfs/sphenix.sdcc.bnl.gov/alma9.2-gcc-14.2.0/opt/sphenix/core/root-6.32.06/bin:/cvmfs/sphenix.sdcc.bnl.gov/alma9.2-gcc-14.2.0/opt/sphenix/core/geant4.10.07.p04/bin:/usr/local/bin:/usr/bin:/usr/local/sbin:/usr/sbin
SINGULARITY_CACHEDIR=/home/condor/local/sphnx/execute/dir_2457962
_CONDOR_CHIRP_CONFIG=/home/condor/local/sphnx/execute/dir_2457962/.chirp.config
_CONDOR_JOB_IWD=/sphenix/user/samfred/run25/ppg11/histmaking
_CONDOR_ANCESTOR_288935=288970:1756523317:3302625176
G4ENSDFSTATEDATA=/cvmfs/sphenix.sdcc.bnl.gov/alma9.2-gcc-14.2.0/opt/sphenix/core/geant4.10.07.p04/share/Geant4-10.7.4/data/G4ENSDFSTATE2.3
_CONDOR_MACHINE_AD=/home/condor/local/sphnx/execute/dir_2457962/.machine.ad
ROOT_MAX_THREADS=1
NUMEXPR_NUM_THREADS=1
CUBACORES=1
_CHIRP_DELAYED_UPDATE_PREFIX=Chirp*
OMP_THREAD_LIMIT=1
G4PIIDATA=/cvmfs/sphenix.sdcc.bnl.gov/alma9.2-gcc-14.2.0/opt/sphenix/core/geant4.10.07.p04/share/Geant4-10.7.4/data/G4PII1.3
NO_AT_BRIDGE=1
G4_MAIN=/cvmfs/sphenix.sdcc.bnl.gov/alma9.2-gcc-14.2.0/opt/sphenix/core/geant4.10.07.p04
COMPILER_PATH=/cvmfs/sphenix.sdcc.bnl.gov/alma9.2-gcc-14.2.0/opt/sphenix/core/gcc/14.2.0-2f0a0/x86_64-el9
ROOT_INCLUDE_PATH=./:/sphenix/user/samfred/run25/install//include:/sphenix/user/samfred/run25/install//include/caloana:/sphenix/user/samfred/run25/install//include/qa_centrality:/sphenix/user/samfred/run25/install//include/mbdana:/sphenix/user/samfred/run25/install//include/centrality:/sphenix/user/samfred/run25/install//include/Event:/cvmfs/sphenix.sdcc.bnl.gov/alma9.2-gcc-14.2.0/release/release_new/new.10/include:/cvmfs/sphenix.sdcc.bnl.gov/alma9.2-gcc-14.2.0/release/release_new/new.10/include:/cvmfs/sphenix.sdcc.bnl.gov/alma9.2-gcc-14.2.0/release/release_new/new.10/include/g4mbd:/cvmfs/sphenix.sdcc.bnl.gov/alma9.2-gcc-14.2.0/release/release_new/new.10/include/fmt:/cvmfs/sphenix.sdcc.bnl.gov/alma9.2-gcc-14.2.0/release/release_new/new.10/include/ffarawobjects:/cvmfs/sphenix.sdcc.bnl.gov/alma9.2-gcc-14.2.0/release/release_new/new.10/include/JSON:/cvmfs/sphenix.sdcc.bnl.gov/alma9.2-gcc-14.2.0/release/release_new/new.10/include/calotreegen:/cvmfs/sphenix.sdcc.bnl.gov/alma9.2-gcc-14.2.0/release/release_new/new.10/include/torch:/cvmfs/sphenix.sdcc.bnl.gov/alma9.2-gcc-14.2.0/release/release_new/new.10/include/g4detectors:/cvmfs/sphenix.sdcc.bnl.gov/alma9.2-gcc-14.2.0/release/release_new/new.10/include/kineto:/cvmfs/sphenix.sdcc.bnl.gov/alma9.2-gcc-14.2.0/release/release_new/new.10/include/g4decayer:/cvmfs/sphenix.sdcc.bnl.gov/alma9.2-gcc-14.2.0/release/release_new/new.10/include/kfparticleqa:/cvmfs/sphenix.sdcc.bnl.gov/alma9.2-gcc-14.2.0/release/release_new/new.10/include/phfield:/cvmfs/sphenix.sdcc.bnl.gov/alma9.2-gcc-14.2.0/release/release_new/new.10/include/LHAPDF:/cvmfs/sphenix.sdcc.bnl.gov/alma9.2-gcc-14.2.0/release/release_new/new.10/include/readdigitalcurrents:/cvmfs/sphenix.sdcc.bnl.gov/alma9.2-gcc-14.2.0/release/release_new/new.10/include/c10:/cvmfs/sphenix.sdcc.bnl.gov/alma9.2-gcc-14.2.0/release/release_new/new.10/include/calovalid:/cvmfs/sphenix.sdcc.bnl.gov/alma9.2-gcc-14.2.0/release/release_new/new.10/include/oneapi:/cvmfs/sphenix.sdcc.bnl.gov/alma9.2-gcc-14.2.0/release/release_new/new.10/include/DDCond:/cvmfs/sphenix.sdcc.bnl.gov/alma9.2-gcc-14.2.0/release/release_new/new.10/include/g4tracking:/cvmfs/sphenix.sdcc.bnl.gov/alma9.2-gcc-14.2.0/release/release_new/new.10/include/litecaloeval:/cvmfs/sphenix.sdcc.bnl.gov/alma9.2-gcc-14.2.0/release/release_new/new.10/include/g4intt:/cvmfs/sphenix.sdcc.bnl.gov/alma9.2-gcc-14.2.0/release/release_new/new.10/include/phool:/cvmfs/sphenix.sdcc.bnl.gov/alma9.2-gcc-14.2.0/release/release_new/new.10/include/boost:/cvmfs/sphenix.sdcc.bnl.gov/alma9.2-gcc-14.2.0/release/release_new/new.10/include/Pythia8Plugins:/cvmfs/sphenix.sdcc.bnl.gov/alma9.2-gcc-14.2.0/release/release_new/new.10/include/calib_emc_pi0:/cvmfs/sphenix.sdcc.bnl.gov/alma9.2-gcc-14.2.0/release/release_new/new.10/include/hijingflipafterburner:/cvmfs/sphenix.sdcc.bnl.gov/alma9.2-gcc-14.2.0/release/release_new/new.10/include/ffaobjects:/cvmfs/sphenix.sdcc.bnl.gov/alma9.2-gcc-14.2.0/release/release_new/new.10/include/EvtGenBase:/cvmfs/sphenix.sdcc.bnl.gov/alma9.2-gcc-14.2.0/release/release_new/new.10/include/flowafterburner:/cvmfs/sphenix.sdcc.bnl.gov/alma9.2-gcc-14.2.0/release/release_new/new.10/include/google:/cvmfs/sphenix.sdcc.bnl.gov/alma9.2-gcc-14.2.0/release/release_new/new.10/include/g4tpc:/cvmfs/sphenix.sdcc.bnl.gov/alma9.2-gcc-14.2.0/release/release_new/new.10/include/caffe2:/cvmfs/sphenix.sdcc.bnl.gov/alma9.2-gcc-14.2.0/release/release_new/new.10/include/EvtGenExternal:/cvmfs/sphenix.sdcc.bnl.gov/alma9.2-gcc-14.2.0/release/release_new/new.10/include/fp16:/cvmfs/sphenix.sdcc.bnl.gov/alma9.2-gcc-14.2.0/release/release_new/new.10/include/ffamodules:/cvmfs/sphenix.sdcc.bnl.gov/alma9.2-gcc-14.2.0/release/release_new/new.10/include/uspin:/cvmfs/sphenix.sdcc.bnl.gov/alma9.2-gcc-14.2.0/release/release_new/new.10/include/Herwig:/cvmfs/sphenix.sdcc.bnl.gov/alma9.2-gcc-14.2.0/release/release_new/new.10/include/genfitexp:/cvmfs/sphenix.sdcc.bnl.gov/alma9.2-gcc-14.2.0/release/release_new/new.10/include/XML:/cvmfs/sphenix.sdcc.bnl.gov/alma9.2-gcc-14.2.0/release/release_new/new.10/include/fbgemm:/cvmfs/sphenix.sdcc.bnl.gov/alma9.2-gcc-14.2.0/release/release_new/new.10/include/DDAlign:/cvmfs/sphenix.sdcc.bnl.gov/alma9.2-gcc-14.2.0/release/release_new/new.10/include/g4mvtx:/cvmfs/sphenix.sdcc.bnl.gov/alma9.2-gcc-14.2.0/release/release_new/new.10/include/kfparticle_sphenix:/cvmfs/sphenix.sdcc.bnl.gov/alma9.2-gcc-14.2.0/release/release_new/new.10/include/fun4all:/cvmfs/sphenix.sdcc.bnl.gov/alma9.2-gcc-14.2.0/release/release_new/new.10/include/intt:/cvmfs/sphenix.sdcc.bnl.gov/alma9.2-gcc-14.2.0/release/release_new/new.10/include/eventdisplay:/cvmfs/sphenix.sdcc.bnl.gov/alma9.2-gcc-14.2.0/release/release_new/new.10/include/EvtGen:/cvmfs/sphenix.sdcc.bnl.gov/alma9.2-gcc-14.2.0/release/release_new/new.10/include/Evaluator:/cvmfs/sphenix.sdcc.bnl.gov/alma9.2-gcc-14.2.0/release/release_new/new.10/include/tpc:/cvmfs/sphenix.sdcc.bnl.gov/alma9.2-gcc-14.2.0/release/release_new/new.10/include/GenFit:/cvmfs/sphenix.sdcc.bnl.gov/alma9.2-gcc-14.2.0/release/release_new/new.10/include/prototype4:/cvmfs/sphenix.sdcc.bnl.gov/alma9.2-gcc-14.2.0/release/release_new/new.10/include/caloembedding:/cvmfs/sphenix.sdcc.bnl.gov/alma9.2-gcc-14.2.0/release/release_new/new.10/include/EvtGenModels:/cvmfs/sphenix.sdcc.bnl.gov/alma9.2-gcc-14.2.0/release/release_new/new.10/include/fastjet:/cvmfs/sphenix.sdcc.bnl.gov/alma9.2-gcc-14.2.0/release/release_new/new.10/include/DDG4:/cvmfs/sphenix.sdcc.bnl.gov/alma9.2-gcc-14.2.0/release/release_new/new.10/include/mbd:/cvmfs/sphenix.sdcc.bnl.gov/alma9.2-gcc-14.2.0/release/release_new/new.10/include/tbb:/cvmfs/sphenix.sdcc.bnl.gov/alma9.2-gcc-14.2.0/release/release_new/new.10/include/phgeom:/cvmfs/sphenix.sdcc.bnl.gov/alma9.2-gcc-14.2.0/release/release_new/new.10/include/g4epd:/cvmfs/sphenix.sdcc.bnl.gov/alma9.2-gcc-14.2.0/release/release_new/new.10/include/oncal:/cvmfs/sphenix.sdcc.bnl.gov/alma9.2-gcc-14.2.0/release/release_new/new.10/include/pybind11:/cvmfs/sphenix.sdcc.bnl.gov/alma9.2-gcc-14.2.0/release/release_new/new.10/include/tpcdistgenerator:/cvmfs/sphenix.sdcc.bnl.gov/alma9.2-gcc-14.2.0/release/release_new/new.10/include/cdbobjects:/cvmfs/sphenix.sdcc.bnl.gov/alma9.2-gcc-14.2.0/release/release_new/new.10/include/g4micromegas:/cvmfs/sphenix.sdcc.bnl.gov/alma9.2-gcc-14.2.0/release/release_new/new.10/include/g4eval:/cvmfs/sphenix.sdcc.bnl.gov/alma9.2-gcc-14.2.0/release/release_new/new.10/include/jetbackground:/cvmfs/sphenix.sdcc.bnl.gov/alma9.2-gcc-14.2.0/release/release_new/new.10/include/micromegas:/cvmfs/sphenix.sdcc.bnl.gov/alma9.2-gcc-14.2.0/release/release_new/new.10/include/hftrackefficiency:/cvmfs/sphenix.sdcc.bnl.gov/alma9.2-gcc-14.2.0/release/release_new/new.10/include/inttrawhitqa:/cvmfs/sphenix.sdcc.bnl.gov/alma9.2-gcc-14.2.0/release/release_new/new.10/include/centrality:/cvmfs/sphenix.sdcc.bnl.gov/alma9.2-gcc-14.2.0/release/release_new/new.10/include/epd:/cvmfs/sphenix.sdcc.bnl.gov/alma9.2-gcc-14.2.0/release/release_new/new.10/include/caloreco:/cvmfs/sphenix.sdcc.bnl.gov/alma9.2-gcc-14.2.0/release/release_new/new.10/include/HepMC:/cvmfs/sphenix.sdcc.bnl.gov/alma9.2-gcc-14.2.0/release/release_new/new.10/include/CLHEP:/cvmfs/sphenix.sdcc.bnl.gov/alma9.2-gcc-14.2.0/release/release_new/new.10/include/Acts:/cvmfs/sphenix.sdcc.bnl.gov/alma9.2-gcc-14.2.0/release/release_new/new.10/include/g4histos:/cvmfs/sphenix.sdcc.bnl.gov/alma9.2-gcc-14.2.0/release/release_new/new.10/include/eventplaneinfo:/cvmfs/sphenix.sdcc.bnl.gov/alma9.2-gcc-14.2.0/release/release_new/new.10/include/fillspacechargemaps:/cvmfs/sphenix.sdcc.bnl.gov/alma9.2-gcc-14.2.0/release/release_new/new.10/include/phhepmc:/cvmfs/sphenix.sdcc.bnl.gov/alma9.2-gcc-14.2.0/release/release_new/new.10/include/trackingqa:/cvmfs/sphenix.sdcc.bnl.gov/alma9.2-gcc-14.2.0/release/release_new/new.10/include/qautils:/cvmfs/sphenix.sdcc.bnl.gov/alma9.2-gcc-14.2.0/release/release_new/new.10/include/trackreco:/cvmfs/sphenix.sdcc.bnl.gov/alma9.2-gcc-14.2.0/release/release_new/new.10/include/g4ohcal:/cvmfs/sphenix.sdcc.bnl.gov/alma9.2-gcc-14.2.0/release/release_new/new.10/include/tpcdvcalib:/cvmfs/sphenix.sdcc.bnl.gov/alma9.2-gcc-14.2.0/release/release_new/new.10/include/zdcinfo:/cvmfs/sphenix.sdcc.bnl.gov/alma9.2-gcc-14.2.0/release/release_new/new.10/include/phpythia8:/cvmfs/sphenix.sdcc.bnl.gov/alma9.2-gcc-14.2.0/release/release_new/new.10/include/fun4allutils:/cvmfs/sphenix.sdcc.bnl.gov/alma9.2-gcc-14.2.0/release/release_new/new.10/include/tpcqa:/cvmfs/sphenix.sdcc.bnl.gov/alma9.2-gcc-14.2.0/release/release_new/new.10/include/Pythia8:/cvmfs/sphenix.sdcc.bnl.gov/alma9.2-gcc-14.2.0/release/release_new/new.10/include/DDRec:/cvmfs/sphenix.sdcc.bnl.gov/alma9.2-gcc-14.2.0/release/release_new/new.10/include/DDDigi:/cvmfs/sphenix.sdcc.bnl.gov/alma9.2-gcc-14.2.0/release/release_new/new.10/include/g4ihcal:/cvmfs/sphenix.sdcc.bnl.gov/alma9.2-gcc-14.2.0/release/release_new/new.10/include/frog:/cvmfs/sphenix.sdcc.bnl.gov/alma9.2-gcc-14.2.0/release/release_new/new.10/include/eigen3:/cvmfs/sphenix.sdcc.bnl.gov/alma9.2-gcc-14.2.0/release/release_new/new.10/include/tensorpipe:/cvmfs/sphenix.sdcc.bnl.gov/alma9.2-gcc-14.2.0/release/release_new/new.10/include/sphenixnpc:/cvmfs/sphenix.sdcc.bnl.gov/alma9.2-gcc-14.2.0/release/release_new/new.10/include/siscone:/cvmfs/sphenix.sdcc.bnl.gov/alma9.2-gcc-14.2.0/release/release_new/new.10/include/pmonitor:/cvmfs/sphenix.sdcc.bnl.gov/alma9.2-gcc-14.2.0/release/release_new/new.10/include/calobase:/cvmfs/sphenix.sdcc.bnl.gov/alma9.2-gcc-14.2.0/release/release_new/new.10/include/ActsExamples:/cvmfs/sphenix.sdcc.bnl.gov/alma9.2-gcc-14.2.0/release/release_new/new.10/include/g4gdml:/cvmfs/sphenix.sdcc.bnl.gov/alma9.2-gcc-14.2.0/release/release_new/new.10/include/mvtx_decoder:/cvmfs/sphenix.sdcc.bnl.gov/alma9.2-gcc-14.2.0/release/release_new/new.10/include/ROOT:/cvmfs/sphenix.sdcc.bnl.gov/alma9.2-gcc-14.2.0/release/release_new/new.10/include/phparameter:/cvmfs/sphenix.sdcc.bnl.gov/alma9.2-gcc-14.2.0/release/release_new/new.10/include/rsa:/cvmfs/sphenix.sdcc.bnl.gov/alma9.2-gcc-14.2.0/release/release_new/new.10/include/fun4allraw:/cvmfs/sphenix.sdcc.bnl.gov/alma9.2-gcc-14.2.0/release/release_new/new.10/include/trackbase_historic:/cvmfs/sphenix.sdcc.bnl.gov/alma9.2-gcc-14.2.0/release/release_new/new.10/include/g4jets:/cvmfs/sphenix.sdcc.bnl.gov/alma9.2-gcc-14.2.0/release/release_new/new.10/include/jetqa:/cvmfs/sphenix.sdcc.bnl.gov/alma9.2-gcc-14.2.0/release/release_new/new.10/include/phoolraw:/cvmfs/sphenix.sdcc.bnl.gov/alma9.2-gcc-14.2.0/release/release_new/new.10/include/g4calo:/cvmfs/sphenix.sdcc.bnl.gov/alma9.2-gcc-14.2.0/release/release_new/new.10/include/mvtxrawhitqa:/cvmfs/sphenix.sdcc.bnl.gov/alma9.2-gcc-14.2.0/release/release_new/new.10/include/HepMC3:/cvmfs/sphenix.sdcc.bnl.gov/alma9.2-gcc-14.2.0/release/release_new/new.10/include/calowaveformsim:/cvmfs/sphenix.sdcc.bnl.gov/alma9.2-gcc-14.2.0/release/release_new/new.10/include/g4caloprototype:/cvmfs/sphenix.sdcc.bnl.gov/alma9.2-gcc-14.2.0/release/release_new/new.10/include/pdbcalbase:/cvmfs/sphenix.sdcc.bnl.gov/alma9.2-gcc-14.2.0/release/release_new/new.10/include/gsl:/cvmfs/sphenix.sdcc.bnl.gov/alma9.2-gcc-14.2.0/release/release_new/new.10/include/nodedump:/cvmfs/sphenix.sdcc.bnl.gov/alma9.2-gcc-14.2.0/release/release_new/new.10/include/emcnoisytowerfinder:/cvmfs/sphenix.sdcc.bnl.gov/alma9.2-gcc-14.2.0/release/release_new/new.10/include/ActsFatras:/cvmfs/sphenix.sdcc.bnl.gov/alma9.2-gcc-14.2.0/release/release_new/new.10/include/ffarawmodules:/cvmfs/sphenix.sdcc.bnl.gov/alma9.2-gcc-14.2.0/release/release_new/new.10/include/Event:/cvmfs/sphenix.sdcc.bnl.gov/alma9.2-gcc-14.2.0/release/release_new/new.10/include/prototype3:/cvmfs/sphenix.sdcc.bnl.gov/alma9.2-gcc-14.2.0/release/release_new/new.10/include/fermimotionafterburner:/cvmfs/sphenix.sdcc.bnl.gov/alma9.2-gcc-14.2.0/release/release_new/new.10/include/Photos:/cvmfs/sphenix.sdcc.bnl.gov/alma9.2-gcc-14.2.0/release/release_new/new.10/include/xingshiftcal:/cvmfs/sphenix.sdcc.bnl.gov/alma9.2-gcc-14.2.0/release/release_new/new.10/include/trackbase:/cvmfs/sphenix.sdcc.bnl.gov/alma9.2-gcc-14.2.0/release/release_new/new.10/include/jetdstskimmer:/cvmfs/sphenix.sdcc.bnl.gov/alma9.2-gcc-14.2.0/release/release_new/new.10/include/clusteriso:/cvmfs/sphenix.sdcc.bnl.gov/alma9.2-gcc-14.2.0/release/release_new/new.10/include/asmjit:/cvmfs/sphenix.sdcc.bnl.gov/alma9.2-gcc-14.2.0/release/release_new/new.10/include/particleflowreco:/cvmfs/sphenix.sdcc.bnl.gov/alma9.2-gcc-14.2.0/release/release_new/new.10/include/tpchittrackdisplay:/cvmfs/sphenix.sdcc.bnl.gov/alma9.2-gcc-14.2.0/release/release_new/new.10/include/caloana:/cvmfs/sphenix.sdcc.bnl.gov/alma9.2-gcc-14.2.0/release/release_new/new.10/include/calotrigger:/cvmfs/sphenix.sdcc.bnl.gov/alma9.2-gcc-14.2.0/release/release_new/new.10/include/nopayloadclient:/cvmfs/sphenix.sdcc.bnl.gov/alma9.2-gcc-14.2.0/release/release_new/new.10/include/trackermillepedealignment:/cvmfs/sphenix.sdcc.bnl.gov/alma9.2-gcc-14.2.0/release/release_new/new.10/include/DD4hep:/cvmfs/sphenix.sdcc.bnl.gov/alma9.2-gcc-14.2.0/release/release_new/new.10/include/g4trackfastsim:/cvmfs/sphenix.sdcc.bnl.gov/alma9.2-gcc-14.2.0/release/release_new/new.10/include/prototype2:/cvmfs/sphenix.sdcc.bnl.gov/alma9.2-gcc-14.2.0/release/release_new/new.10/include/ATen:/cvmfs/sphenix.sdcc.bnl.gov/alma9.2-gcc-14.2.0/release/release_new/new.10/include/g4main:/cvmfs/sphenix.sdcc.bnl.gov/alma9.2-gcc-14.2.0/release/release_new/new.10/include/Tauola:/cvmfs/sphenix.sdcc.bnl.gov/alma9.2-gcc-14.2.0/release/release_new/new.10/include/inttcalib:/cvmfs/sphenix.sdcc.bnl.gov/alma9.2-gcc-14.2.0/release/release_new/new.10/include/reactionplaneafterburner:/cvmfs/sphenix.sdcc.bnl.gov/alma9.2-gcc-14.2.0/release/release_new/new.10/include/globalqa:/cvmfs/sphenix.sdcc.bnl.gov/alma9.2-gcc-14.2.0/release/release_new/new.10/include/tpccalib:/cvmfs/sphenix.sdcc.bnl.gov/alma9.2-gcc-14.2.0/release/release_new/new.10/include/DDSegmentation:/cvmfs/sphenix.sdcc.bnl.gov/alma9.2-gcc-14.2.0/release/release_new/new.10/include/decayfinder:/cvmfs/sphenix.sdcc.bnl.gov/alma9.2-gcc-14.2.0/release/release_new/new.10/include/compressclus:/cvmfs/sphenix.sdcc.bnl.gov/alma9.2-gcc-14.2.0/release/release_new/new.10/include/simqa_modules:/cvmfs/sphenix.sdcc.bnl.gov/alma9.2-gcc-14.2.0/release/release_new/new.10/include/resonancejettagging:/cvmfs/sphenix.sdcc.bnl.gov/alma9.2-gcc-14.2.0/release/release_new/new.10/include/g4centrality:/cvmfs/sphenix.sdcc.bnl.gov/alma9.2-gcc-14.2.0/release/release_new/new.10/include/mvtx:/cvmfs/sphenix.sdcc.bnl.gov/alma9.2-gcc-14.2.0/release/release_new/new.10/include/nlohmann:/cvmfs/sphenix.sdcc.bnl.gov/alma9.2-gcc-14.2.0/release/release_new/new.10/include/localpoloffmon:/cvmfs/sphenix.sdcc.bnl.gov/alma9.2-gcc-14.2.0/release/release_new/new.10/include/DDEve:/cvmfs/sphenix.sdcc.bnl.gov/alma9.2-gcc-14.2.0/release/release_new/new.10/include/Parsers:/cvmfs/sphenix.sdcc.bnl.gov/alma9.2-gcc-14.2.0/release/release_new/new.10/include/trackingdiagnostics:/cvmfs/sphenix.sdcc.bnl.gov/alma9.2-gcc-14.2.0/release/release_new/new.10/include/g4vertex:/cvmfs/sphenix.sdcc.bnl.gov/alma9.2-gcc-14.2.0/release/release_new/new.10/include/jetbase:/cvmfs/sphenix.sdcc.bnl.gov/alma9.2-gcc-14.2.0/release/release_new/new.10/include/globalvertex:/cvmfs/sphenix.sdcc.bnl.gov/alma9.2-gcc-14.2.0/release/release_new/new.10/include/phgenfit:/cvmfs/sphenix.sdcc.bnl.gov/alma9.2-gcc-14.2.0/release/release_new/new.10/include/rawbcolumi:/cvmfs/sphenix.sdcc.bnl.gov/alma9.2-gcc-14.2.0/release/release_new/new.10/include/eicsmear:/cvmfs/sphenix.sdcc.bnl.gov/alma9.2-gcc-14.2.0/release/release_new/new.10/include/mvtxcalib:/cvmfs/sphenix.sdcc.bnl.gov/alma9.2-gcc-14.2.0/release/release_new/new.10/include/tpclinelaserdiode:/cvmfs/sphenix.sdcc.bnl.gov/alma9.2-gcc-14.2.0/release/release_new/new.10/include/hepmcjettrigger:/cvmfs/sphenix.sdcc.bnl.gov/alma9.2-gcc-14.2.0/release/release_new/new.10/include/core:/cvmfs/sphenix.sdcc.bnl.gov/alma9.2-gcc-14.2.0/release/release_new/new.10/include/calo_cdb:/cvmfs/sphenix.sdcc.bnl.gov/alma9.2-gcc-14.2.0/release/release_new/new.10/include/mvtxclustershapesqa:/cvmfs/sphenix.sdcc.bnl.gov/alma9.2-gcc-14.2.0/release/release_new/new.10/include/calopacketskimmer:/cvmfs/sphenix.sdcc.bnl.gov/alma9.2-gcc-14.2.0/opt/sphenix/core/geant4.10.07.p04/include:/cvmfs/sphenix.sdcc.bnl.gov/alma9.2-gcc-14.2.0/release/release_new/new.10/rootmacros:/cvmfs/sphenix.sdcc.bnl.gov/alma9.2-gcc-14.2.0/opt/sphenix/core/include
GSEARCHPATH=.:PG:LUSTRE:RAWDATA
PWD=/gpfs/mnt/gpfs02/sphenix/user/samfred/run25/ppg11/histmaking
LOGNAME=samfred
_CONDOR_JOB_AD=/home/condor/local/sphnx/execute/dir_2457962/.job.ad
MANPATH=/cvmfs/sphenix.sdcc.bnl.gov/alma9.2-gcc-14.2.0/opt/sphenix/core/gcc/14.2.0-2f0a0/x86_64-el9/share/man:/cvmfs/sphenix.sdcc.bnl.gov/alma9.2-gcc-14.2.0/opt/sphenix/core/binutils/2.40-acaab/x86_64-el9/share/man:/cvmfs/sphenix.sdcc.bnl.gov/alma9.2-gcc-14.2.0/release/release_new/new.10/share/man:/cvmfs/sphenix.sdcc.bnl.gov/alma9.2-gcc-14.2.0/opt/sphenix/utils/share/man:/cvmfs/sphenix.sdcc.bnl.gov/alma9.2-gcc-14.2.0/opt/sphenix/core/share/man:/cvmfs/sphenix.sdcc.bnl.gov/alma9.2-gcc-14.2.0/opt/sphenix/core/root-6.32.06/man:/usr/local/share/man:/usr/share/man
PYTHIA8=/cvmfs/sphenix.sdcc.bnl.gov/alma9.2-gcc-14.2.0/release/release_new/new.10/share/Pythia8
G4INCLDATA=/cvmfs/sphenix.sdcc.bnl.gov/alma9.2-gcc-14.2.0/opt/sphenix/core/geant4.10.07.p04/share/Geant4-10.7.4/data/G4INCL1.0
ORIG_PATH=/usr/local/bin:/usr/bin
CXX=/cvmfs/sphenix.sdcc.bnl.gov/alma9.2-gcc-14.2.0/opt/sphenix/core/gcc/14.2.0-2f0a0/x86_64-el9/bin/g++
G4LEDATA=/cvmfs/sphenix.sdcc.bnl.gov/alma9.2-gcc-14.2.0/opt/sphenix/core/geant4.10.07.p04/share/Geant4-10.7.4/data/G4EMLOW7.13
PYTHON_CPU_COUNT=1
OPENBLAS_NUM_THREADS=1
_CONDOR_BIN=/usr/bin
HOME=/sphenix/u/samfred
G4PARTICLEXSDATA=/cvmfs/sphenix.sdcc.bnl.gov/alma9.2-gcc-14.2.0/opt/sphenix/core/geant4.10.07.p04/share/Geant4-10.7.4/data/G4PARTICLEXS3.1.1
ONLINE_MAIN=/cvmfs/sphenix.sdcc.bnl.gov/alma9.2-gcc-14.2.0/release/release_new/new.10
CALIBRATIONROOT=/cvmfs/sphenix.sdcc.bnl.gov/alma9.2-gcc-14.2.0/release/release_new/new.10/share/calibrations
TMPDIR=/tmp
_CONDOR_SCRATCH_DIR=/home/condor/local/sphnx/execute/dir_2457962
PGUSER=phnxrc
NOPAYLOADCLIENT_CONF=/cvmfs/sphenix.sdcc.bnl.gov/alma9.2-gcc-14.2.0/opt/sphenix/core/etc/sPHENIX_newcdb.json
XERCESCROOT=/cvmfs/sphenix.sdcc.bnl.gov/alma9.2-gcc-14.2.0/opt/sphenix/core/geant4.10.07.p04
LHAPATH=/cvmfs/sphenix.sdcc.bnl.gov/alma9.2-gcc-14.2.0/opt/sphenix/core/lhapdf-5.9.1/share/lhapdf/PDFsets
_CONDOR_ANCESTOR_288970=2457962:1759352739:2951746014
G4NEUTRONHPDATA=/cvmfs/sphenix.sdcc.bnl.gov/alma9.2-gcc-14.2.0/opt/sphenix/core/geant4.10.07.p04/share/Geant4-10.7.4/data/G4NDL4.6
PYTHONPATH=.:/cvmfs/sphenix.sdcc.bnl.gov/alma9.2-gcc-14.2.0/release/release_new/new.10/lib/python3.13/site-packages:/cvmfs/sphenix.sdcc.bnl.gov/alma9.2-gcc-14.2.0/opt/sphenix/core/lib/python3.13/site-packages:/cvmfs/sphenix.sdcc.bnl.gov/alma9.2-gcc-14.2.0/opt/sphenix/core/root-6.32.06/lib
USER=samfred
_CONDOR_JOB_PIDS=
TEMP=/tmp
GOMAXPROCS=1
OFFLINE_MAIN=/cvmfs/sphenix.sdcc.bnl.gov/alma9.2-gcc-14.2.0/release/release_new/new.10
SHLVL=1
TF_NUM_THREADS=1
G4SAIDXSDATA=/cvmfs/sphenix.sdcc.bnl.gov/alma9.2-gcc-14.2.0/opt/sphenix/core/geant4.10.07.p04/share/Geant4-10.7.4/data/G4SAIDDATA2.0
APPTAINER_CACHEDIR=/home/condor/local/sphnx/execute/dir_2457962
ROOTSYS=/cvmfs/sphenix.sdcc.bnl.gov/alma9.2-gcc-14.2.0/opt/sphenix/core/root-6.32.06
BATCH_SYSTEM=HTCondor
_CONDOR_SLOT=slot1_55
LD_LIBRARY_PATH=/sphenix/user/samfred/run25/install//lib:/cvmfs/sphenix.sdcc.bnl.gov/alma9.2-gcc-14.2.0/opt/sphenix/core/gcc/14.2.0-2f0a0/x86_64-el9/lib:/cvmfs/sphenix.sdcc.bnl.gov/alma9.2-gcc-14.2.0/opt/sphenix/core/gcc/14.2.0-2f0a0/x86_64-el9/lib64:/cvmfs/sphenix.sdcc.bnl.gov/alma9.2-gcc-14.2.0/opt/sphenix/core/binutils/2.40-acaab/x86_64-el9/lib:.:/cvmfs/sphenix.sdcc.bnl.gov/alma9.2-gcc-14.2.0/release/release_new/new.10/lib64:/cvmfs/sphenix.sdcc.bnl.gov/alma9.2-gcc-14.2.0/release/release_new/new.10/lib:/cvmfs/sphenix.sdcc.bnl.gov/alma9.2-gcc-14.2.0/opt/sphenix/utils/lib:/cvmfs/sphenix.sdcc.bnl.gov/alma9.2-gcc-14.2.0/opt/sphenix/core/lib:/cvmfs/sphenix.sdcc.bnl.gov/alma9.2-gcc-14.2.0/opt/sphenix/core/root-6.32.06/lib:/cvmfs/sphenix.sdcc.bnl.gov/alma9.2-gcc-14.2.0/opt/sphenix/core/geant4.10.07.p04/lib64:/cvmfs/sphenix.sdcc.bnl.gov/alma9.2-gcc-14.2.0/opt/sphenix/core/lhapdf-5.9.1/lib:/usr/local/lib64:/usr/lib64
OPT_SPHENIX=/cvmfs/sphenix.sdcc.bnl.gov/alma9.2-gcc-14.2.0/opt/sphenix/core
TF_LOOP_PARALLEL_ITERATIONS=1
EVT_LIB=/cvmfs/sphenix.sdcc.bnl.gov/alma9.2-gcc-14.2.0/opt/sphenix/core/root-6.32.06/lib
PGHOST=sphnxdbmaster.sdcc.bnl.gov
OMP_NUM_THREADS=1
G4REALSURFACEDATA=/cvmfs/sphenix.sdcc.bnl.gov/alma9.2-gcc-14.2.0/opt/sphenix/core/geant4.10.07.p04/share/Geant4-10.7.4/data/RealSurface2.2
FC=/cvmfs/sphenix.sdcc.bnl.gov/alma9.2-gcc-14.2.0/opt/sphenix/core/gcc/14.2.0-2f0a0/x86_64-el9/bin/gfortran
G4ABLADATA=/cvmfs/sphenix.sdcc.bnl.gov/alma9.2-gcc-14.2.0/opt/sphenix/core/geant4.10.07.p04/share/Geant4-10.7.4/data/G4ABLA3.1
PARASOFT=doesnotexist
TMP=/tmp
OPT_UTILS=/cvmfs/sphenix.sdcc.bnl.gov/alma9.2-gcc-14.2.0/opt/sphenix/utils
CONFIG_SITE=/cvmfs/sphenix.sdcc.bnl.gov/alma9.2-gcc-14.2.0/opt/sphenix/core/etc/config.site
PATH=/sphenix/user/samfred/run25/install//bin:/cvmfs/sphenix.sdcc.bnl.gov/alma9.2-gcc-14.2.0/opt/sphenix/core/gcc/14.2.0-2f0a0/x86_64-el9/bin:/cvmfs/sphenix.sdcc.bnl.gov/alma9.2-gcc-14.2.0/opt/sphenix/core/binutils/2.40-acaab/x86_64-el9/bin:.:/cvmfs/sphenix.sdcc.bnl.gov/alma9.2-gcc-14.2.0/release/release_new/new.10/bin:/cvmfs/sphenix.sdcc.bnl.gov/alma9.2-gcc-14.2.0/opt/sphenix/utils/bin:/cvmfs/sphenix.sdcc.bnl.gov/alma9.2-gcc-14.2.0/opt/sphenix/core/bin:/cvmfs/sphenix.sdcc.bnl.gov/alma9.2-gcc-14.2.0/opt/sphenix/core/root-6.32.06/bin:/cvmfs/sphenix.sdcc.bnl.gov/alma9.2-gcc-14.2.0/opt/sphenix/core/geant4.10.07.p04/bin:/usr/local/bin:/usr/bin:/usr/local/sbin:/usr/sbin
G4LEVELGAMMADATA=/cvmfs/sphenix.sdcc.bnl.gov/alma9.2-gcc-14.2.0/opt/sphenix/core/geant4.10.07.p04/share/Geant4-10.7.4/data/PhotonEvaporation5.7
CC=/cvmfs/sphenix.sdcc.bnl.gov/alma9.2-gcc-14.2.0/opt/sphenix/core/gcc/14.2.0-2f0a0/x86_64-el9/bin/gcc
G4RADIOACTIVEDATA=/cvmfs/sphenix.sdcc.bnl.gov/alma9.2-gcc-14.2.0/opt/sphenix/core/geant4.10.07.p04/share/Geant4-10.7.4/data/RadioactiveDecay5.6
JULIA_NUM_THREADS=1
MKL_NUM_THREADS=1
LHAPDF_DATA_PATH=/cvmfs/sphenix.sdcc.bnl.gov/alma9.2-gcc-14.2.0/release/release_new/new.10/share/LHAPDF
XPLOAD_CONFIG_DIR=/cvmfs/sphenix.sdcc.bnl.gov/alma9.2-gcc-14.2.0/opt/sphenix/core/etc
OLDPWD=/cvmfs/sphenix.sdcc.bnl.gov/alma9.2-gcc-14.2.0/release/release_new/new.10/geant4
_CONDOR_ANCESTOR_2457962=2459210:1759352739:33604412
_=/usr/bin/printenv
runnumber...
52623
trigger...

   ------------------------------------------------------------------
  | Welcome to ROOT 6.32.06                        https://root.cern |
  | (c) 1995-2024, The ROOT Team; conception: R. Brun, F. Rademakers |
  | Built for linuxx8664gcc on Dec 13 2024, 17:23:48                 |
  | From tags/6-32-06@6-32-06                                        |
  | With g++ (GCC) 14.2.0                                            |
  | Try '.help'/'.?', '.demo', '.license', '.credits', '.quit'/'.q'  |
   ------------------------------------------------------------------


Processing data_histmaker.C(52623)...
entry 1000/5500645 (0.0181797%)
entry 2000/5500645 (0.0363594%)
entry 4000/5500645 (0.0727187%)
entry 5000/5500645 (0.0908984%)
entry 6000/5500645 (0.109078%)
entry 8000/5500645 (0.145437%)
entry 9000/5500645 (0.163617%)
entry 10000/5500645 (0.181797%)
entry 11000/5500645 (0.199977%)
entry 12000/5500645 (0.218156%)
entry 14000/5500645 (0.254516%)
entry 15000/5500645 (0.272695%)
entry 16000/5500645 (0.290875%)
entry 17000/5500645 (0.309055%)
entry 19000/5500645 (0.345414%)
entry 20000/5500645 (0.363594%)
entry 21000/5500645 (0.381773%)
entry 22000/5500645 (0.399953%)
entry 23000/5500645 (0.418133%)
entry 25000/5500645 (0.454492%)
entry 26000/5500645 (0.472672%)
entry 27000/5500645 (0.490852%)
entry 28000/5500645 (0.509031%)
entry 29000/5500645 (0.527211%)
entry 30000/5500645 (0.545391%)
entry 31000/5500645 (0.56357%)
entry 33000/5500645 (0.59993%)
entry 34000/5500645 (0.618109%)
entry 35000/5500645 (0.636289%)
entry 36000/5500645 (0.654469%)
entry 37000/5500645 (0.672648%)
entry 38000/5500645 (0.690828%)
entry 39000/5500645 (0.709008%)
entry 40000/5500645 (0.727187%)
entry 41000/5500645 (0.745367%)
entry 44000/5500645 (0.799906%)
entry 45000/5500645 (0.818086%)
entry 46000/5500645 (0.836266%)
entry 47000/5500645 (0.854445%)
entry 48000/5500645 (0.872625%)
entry 49000/5500645 (0.890805%)
entry 50000/5500645 (0.908984%)
entry 52000/5500645 (0.945344%)
entry 53000/5500645 (0.963523%)
entry 54000/5500645 (0.981703%)
entry 55000/5500645 (0.999883%)
entry 57000/5500645 (1.03624%)
entry 58000/5500645 (1.05442%)
entry 59000/5500645 (1.0726%)
entry 61000/5500645 (1.10896%)
entry 62000/5500645 (1.12714%)
entry 63000/5500645 (1.14532%)
entry 64000/5500645 (1.1635%)
entry 65000/5500645 (1.18168%)
entry 66000/5500645 (1.19986%)
entry 67000/5500645 (1.21804%)
entry 69000/5500645 (1.2544%)
entry 71000/5500645 (1.29076%)
entry 73000/5500645 (1.32712%)
entry 75000/5500645 (1.36348%)
entry 76000/5500645 (1.38166%)
entry 77000/5500645 (1.39984%)
entry 78000/5500645 (1.41802%)
entry 79000/5500645 (1.4362%)
entry 80000/5500645 (1.45437%)
entry 81000/5500645 (1.47255%)
entry 82000/5500645 (1.49073%)
entry 83000/5500645 (1.50891%)
entry 84000/5500645 (1.52709%)
entry 85000/5500645 (1.54527%)
entry 87000/5500645 (1.58163%)
entry 88000/5500645 (1.59981%)
entry 89000/5500645 (1.61799%)
entry 91000/5500645 (1.65435%)
entry 92000/5500645 (1.67253%)
entry 93000/5500645 (1.69071%)
entry 94000/5500645 (1.70889%)
entry 95000/5500645 (1.72707%)
entry 97000/5500645 (1.76343%)
entry 99000/5500645 (1.79979%)
entry 100000/5500645 (1.81797%)
entry 101000/5500645 (1.83615%)
entry 102000/5500645 (1.85433%)
entry 103000/5500645 (1.87251%)
entry 104000/5500645 (1.89069%)
entry 105000/5500645 (1.90887%)
entry 107000/5500645 (1.94523%)
entry 108000/5500645 (1.96341%)
entry 109000/5500645 (1.98159%)
entry 110000/5500645 (1.99977%)
entry 111000/5500645 (2.01795%)
entry 112000/5500645 (2.03612%)
entry 113000/5500645 (2.0543%)
entry 115000/5500645 (2.09066%)
entry 116000/5500645 (2.10884%)
entry 117000/5500645 (2.12702%)
entry 118000/5500645 (2.1452%)
entry 119000/5500645 (2.16338%)
entry 120000/5500645 (2.18156%)
entry 121000/5500645 (2.19974%)
entry 122000/5500645 (2.21792%)
entry 124000/5500645 (2.25428%)
entry 125000/5500645 (2.27246%)
entry 126000/5500645 (2.29064%)
entry 127000/5500645 (2.30882%)
entry 130000/5500645 (2.36336%)
entry 131000/5500645 (2.38154%)
entry 132000/5500645 (2.39972%)
entry 133000/5500645 (2.4179%)
entry 134000/5500645 (2.43608%)
entry 135000/5500645 (2.45426%)
entry 136000/5500645 (2.47244%)
entry 137000/5500645 (2.49062%)
entry 138000/5500645 (2.5088%)
entry 139000/5500645 (2.52698%)
entry 142000/5500645 (2.58152%)
entry 143000/5500645 (2.5997%)
entry 146000/5500645 (2.65423%)
entry 147000/5500645 (2.67241%)
entry 148000/5500645 (2.69059%)
entry 150000/5500645 (2.72695%)
entry 151000/5500645 (2.74513%)
entry 152000/5500645 (2.76331%)
entry 153000/5500645 (2.78149%)
entry 154000/5500645 (2.79967%)
entry 155000/5500645 (2.81785%)
entry 156000/5500645 (2.83603%)
entry 157000/5500645 (2.85421%)
entry 159000/5500645 (2.89057%)
entry 160000/5500645 (2.90875%)
entry 161000/5500645 (2.92693%)
entry 163000/5500645 (2.96329%)
entry 164000/5500645 (2.98147%)
entry 167000/5500645 (3.03601%)
entry 168000/5500645 (3.05419%)
entry 169000/5500645 (3.07237%)
entry 170000/5500645 (3.09055%)
entry 171000/5500645 (3.10873%)
entry 172000/5500645 (3.12691%)
entry 173000/5500645 (3.14509%)
entry 174000/5500645 (3.16327%)
entry 175000/5500645 (3.18145%)
entry 177000/5500645 (3.2178%)
entry 178000/5500645 (3.23598%)
entry 179000/5500645 (3.25416%)
entry 180000/5500645 (3.27234%)
entry 181000/5500645 (3.29052%)
entry 182000/5500645 (3.3087%)
entry 183000/5500645 (3.32688%)
entry 184000/5500645 (3.34506%)
entry 185000/5500645 (3.36324%)
entry 186000/5500645 (3.38142%)
entry 189000/5500645 (3.43596%)
entry 190000/5500645 (3.45414%)
entry 191000/5500645 (3.47232%)
entry 192000/5500645 (3.4905%)
entry 196000/5500645 (3.56322%)
entry 197000/5500645 (3.5814%)
entry 198000/5500645 (3.59958%)
entry 199000/5500645 (3.61776%)
entry 200000/5500645 (3.63594%)
entry 201000/5500645 (3.65412%)
entry 202000/5500645 (3.6723%)
entry 203000/5500645 (3.69048%)
entry 204000/5500645 (3.70866%)
entry 205000/5500645 (3.72684%)
entry 206000/5500645 (3.74502%)
entry 207000/5500645 (3.7632%)
entry 208000/5500645 (3.78137%)
entry 209000/5500645 (3.79955%)
entry 210000/5500645 (3.81773%)
entry 211000/5500645 (3.83591%)
entry 214000/5500645 (3.89045%)
entry 215000/5500645 (3.90863%)
entry 216000/5500645 (3.92681%)
entry 217000/5500645 (3.94499%)
entry 218000/5500645 (3.96317%)
entry 219000/5500645 (3.98135%)
entry 220000/5500645 (3.99953%)
entry 221000/5500645 (4.01771%)
entry 224000/5500645 (4.07225%)
entry 225000/5500645 (4.09043%)
entry 227000/5500645 (4.12679%)
entry 228000/5500645 (4.14497%)
entry 229000/5500645 (4.16315%)
entry 231000/5500645 (4.19951%)
entry 232000/5500645 (4.21769%)
entry 233000/5500645 (4.23587%)
entry 234000/5500645 (4.25405%)
entry 235000/5500645 (4.27223%)
entry 236000/5500645 (4.29041%)
entry 237000/5500645 (4.30859%)
entry 238000/5500645 (4.32677%)
entry 239000/5500645 (4.34495%)
entry 240000/5500645 (4.36312%)
entry 241000/5500645 (4.3813%)
entry 242000/5500645 (4.39948%)
entry 243000/5500645 (4.41766%)
entry 244000/5500645 (4.43584%)
entry 246000/5500645 (4.4722%)
entry 249000/5500645 (4.52674%)
entry 250000/5500645 (4.54492%)
entry 251000/5500645 (4.5631%)
entry 253000/5500645 (4.59946%)
entry 254000/5500645 (4.61764%)
entry 256000/5500645 (4.654%)
entry 257000/5500645 (4.67218%)
entry 258000/5500645 (4.69036%)
entry 259000/5500645 (4.70854%)
entry 260000/5500645 (4.72672%)
entry 261000/5500645 (4.7449%)
entry 262000/5500645 (4.76308%)
entry 264000/5500645 (4.79944%)
entry 265000/5500645 (4.81762%)
entry 266000/5500645 (4.8358%)
entry 267000/5500645 (4.85398%)
entry 269000/5500645 (4.89034%)
entry 270000/5500645 (4.90852%)
entry 271000/5500645 (4.92669%)
entry 272000/5500645 (4.94487%)
entry 274000/5500645 (4.98123%)
entry 275000/5500645 (4.99941%)
entry 276000/5500645 (5.01759%)
entry 277000/5500645 (5.03577%)
entry 279000/5500645 (5.07213%)
entry 280000/5500645 (5.09031%)
entry 281000/5500645 (5.10849%)
entry 282000/5500645 (5.12667%)
entry 283000/5500645 (5.14485%)
entry 284000/5500645 (5.16303%)
entry 285000/5500645 (5.18121%)
entry 286000/5500645 (5.19939%)
entry 287000/5500645 (5.21757%)
entry 288000/5500645 (5.23575%)
entry 289000/5500645 (5.25393%)
entry 290000/5500645 (5.27211%)
entry 291000/5500645 (5.29029%)
entry 292000/5500645 (5.30847%)
entry 293000/5500645 (5.32665%)
entry 294000/5500645 (5.34483%)
entry 295000/5500645 (5.36301%)
entry 296000/5500645 (5.38119%)
entry 297000/5500645 (5.39937%)
entry 299000/5500645 (5.43573%)
entry 300000/5500645 (5.45391%)
entry 301000/5500645 (5.47209%)
entry 302000/5500645 (5.49027%)
entry 303000/5500645 (5.50844%)
entry 304000/5500645 (5.52662%)
entry 305000/5500645 (5.5448%)
entry 306000/5500645 (5.56298%)
entry 307000/5500645 (5.58116%)
entry 308000/5500645 (5.59934%)
entry 309000/5500645 (5.61752%)
entry 314000/5500645 (5.70842%)
entry 320000/5500645 (5.8175%)
entry 321000/5500645 (5.83568%)
entry 322000/5500645 (5.85386%)
entry 325000/5500645 (5.9084%)
entry 326000/5500645 (5.92658%)
entry 328000/5500645 (5.96294%)
entry 329000/5500645 (5.98112%)
entry 331000/5500645 (6.01748%)
entry 333000/5500645 (6.05384%)
entry 334000/5500645 (6.07202%)
entry 335000/5500645 (6.09019%)
entry 336000/5500645 (6.10837%)
entry 337000/5500645 (6.12655%)
entry 338000/5500645 (6.14473%)
entry 340000/5500645 (6.18109%)
entry 341000/5500645 (6.19927%)
entry 342000/5500645 (6.21745%)
entry 343000/5500645 (6.23563%)
entry 344000/5500645 (6.25381%)
entry 345000/5500645 (6.27199%)
entry 346000/5500645 (6.29017%)
entry 347000/5500645 (6.30835%)
entry 348000/5500645 (6.32653%)
entry 349000/5500645 (6.34471%)
entry 350000/5500645 (6.36289%)
entry 351000/5500645 (6.38107%)
entry 352000/5500645 (6.39925%)
entry 353000/5500645 (6.41743%)
entry 354000/5500645 (6.43561%)
entry 355000/5500645 (6.45379%)
entry 356000/5500645 (6.47197%)
entry 358000/5500645 (6.50833%)
entry 360000/5500645 (6.54469%)
entry 363000/5500645 (6.59923%)
entry 364000/5500645 (6.61741%)
entry 366000/5500645 (6.65376%)
entry 367000/5500645 (6.67195%)
entry 368000/5500645 (6.69012%)
entry 369000/5500645 (6.7083%)
entry 370000/5500645 (6.72648%)
entry 371000/5500645 (6.74466%)
entry 373000/5500645 (6.78102%)
entry 374000/5500645 (6.7992%)
entry 375000/5500645 (6.81738%)
entry 376000/5500645 (6.83556%)
entry 377000/5500645 (6.85374%)
entry 380000/5500645 (6.90828%)
entry 381000/5500645 (6.92646%)
entry 382000/5500645 (6.94464%)
entry 383000/5500645 (6.96282%)
entry 385000/5500645 (6.99918%)
entry 386000/5500645 (7.01736%)
entry 387000/5500645 (7.03554%)
entry 388000/5500645 (7.05372%)
entry 389000/5500645 (7.0719%)
entry 390000/5500645 (7.09008%)
entry 391000/5500645 (7.10826%)
entry 392000/5500645 (7.12644%)
entry 393000/5500645 (7.14462%)
entry 394000/5500645 (7.1628%)
entry 396000/5500645 (7.19916%)
entry 397000/5500645 (7.21734%)
entry 399000/5500645 (7.25369%)
entry 400000/5500645 (7.27187%)
entry 401000/5500645 (7.29005%)
entry 402000/5500645 (7.30823%)
entry 403000/5500645 (7.32641%)
entry 404000/5500645 (7.34459%)
entry 405000/5500645 (7.36277%)
entry 406000/5500645 (7.38095%)
entry 408000/5500645 (7.41731%)
entry 409000/5500645 (7.43549%)
entry 410000/5500645 (7.45367%)
entry 415000/5500645 (7.54457%)
entry 416000/5500645 (7.56275%)
entry 417000/5500645 (7.58093%)
entry 418000/5500645 (7.59911%)
entry 420000/5500645 (7.63547%)
entry 421000/5500645 (7.65365%)
entry 423000/5500645 (7.69001%)
entry 424000/5500645 (7.70819%)
entry 425000/5500645 (7.72637%)
entry 427000/5500645 (7.76273%)
entry 428000/5500645 (7.78091%)
entry 429000/5500645 (7.79909%)
entry 430000/5500645 (7.81727%)
entry 431000/5500645 (7.83544%)
entry 433000/5500645 (7.8718%)
entry 435000/5500645 (7.90816%)
entry 436000/5500645 (7.92634%)
entry 437000/5500645 (7.94452%)
entry 438000/5500645 (7.9627%)
entry 439000/5500645 (7.98088%)
entry 440000/5500645 (7.99906%)
entry 443000/5500645 (8.0536%)
entry 448000/5500645 (8.1445%)
entry 449000/5500645 (8.16268%)
entry 450000/5500645 (8.18086%)
entry 451000/5500645 (8.19904%)
entry 452000/5500645 (8.21722%)
entry 453000/5500645 (8.2354%)
entry 454000/5500645 (8.25358%)
entry 455000/5500645 (8.27176%)
entry 456000/5500645 (8.28994%)
entry 458000/5500645 (8.3263%)
entry 460000/5500645 (8.36266%)
entry 462000/5500645 (8.39901%)
entry 463000/5500645 (8.4172%)
entry 465000/5500645 (8.45355%)
entry 466000/5500645 (8.47173%)
entry 467000/5500645 (8.48991%)
entry 468000/5500645 (8.50809%)
entry 469000/5500645 (8.52627%)
entry 470000/5500645 (8.54445%)
entry 472000/5500645 (8.58081%)
entry 473000/5500645 (8.59899%)
entry 475000/5500645 (8.63535%)
entry 477000/5500645 (8.67171%)
entry 478000/5500645 (8.68989%)
entry 479000/5500645 (8.70807%)
entry 480000/5500645 (8.72625%)
entry 481000/5500645 (8.74443%)
entry 482000/5500645 (8.76261%)
entry 483000/5500645 (8.78079%)
entry 484000/5500645 (8.79897%)
entry 485000/5500645 (8.81715%)
entry 486000/5500645 (8.83533%)
entry 487000/5500645 (8.85351%)
entry 488000/5500645 (8.87169%)
entry 489000/5500645 (8.88987%)
entry 490000/5500645 (8.90805%)
entry 491000/5500645 (8.92623%)
entry 492000/5500645 (8.94441%)
entry 493000/5500645 (8.96259%)
entry 494000/5500645 (8.98077%)
entry 495000/5500645 (8.99894%)
entry 496000/5500645 (9.01712%)
entry 497000/5500645 (9.0353%)
entry 498000/5500645 (9.05348%)
entry 499000/5500645 (9.07166%)
entry 501000/5500645 (9.10802%)
entry 503000/5500645 (9.14438%)
entry 505000/5500645 (9.18074%)
entry 506000/5500645 (9.19892%)
entry 508000/5500645 (9.23528%)
entry 510000/5500645 (9.27164%)
entry 511000/5500645 (9.28982%)
entry 512000/5500645 (9.308%)
entry 513000/5500645 (9.32618%)
entry 515000/5500645 (9.36254%)
entry 516000/5500645 (9.38072%)
entry 518000/5500645 (9.41708%)
entry 519000/5500645 (9.43526%)
entry 520000/5500645 (9.45344%)
entry 521000/5500645 (9.47162%)
entry 522000/5500645 (9.4898%)
entry 523000/5500645 (9.50798%)
entry 525000/5500645 (9.54434%)
entry 526000/5500645 (9.56251%)
entry 527000/5500645 (9.58069%)
entry 528000/5500645 (9.59887%)
entry 529000/5500645 (9.61705%)
entry 531000/5500645 (9.65341%)
entry 532000/5500645 (9.67159%)
entry 533000/5500645 (9.68977%)
entry 534000/5500645 (9.70795%)
entry 535000/5500645 (9.72613%)
entry 537000/5500645 (9.76249%)
entry 538000/5500645 (9.78067%)
entry 539000/5500645 (9.79885%)
entry 540000/5500645 (9.81703%)
entry 541000/5500645 (9.83521%)
entry 542000/5500645 (9.85339%)
entry 544000/5500645 (9.88975%)
entry 545000/5500645 (9.90793%)
entry 546000/5500645 (9.92611%)
entry 547000/5500645 (9.94429%)
entry 549000/5500645 (9.98065%)
entry 551000/5500645 (10.017%)
entry 552000/5500645 (10.0352%)
entry 555000/5500645 (10.0897%)
entry 556000/5500645 (10.1079%)
entry 557000/5500645 (10.1261%)
entry 558000/5500645 (10.1443%)
entry 559000/5500645 (10.1624%)
entry 561000/5500645 (10.1988%)
entry 562000/5500645 (10.217%)
entry 563000/5500645 (10.2352%)
entry 564000/5500645 (10.2533%)
entry 565000/5500645 (10.2715%)
entry 566000/5500645 (10.2897%)
entry 567000/5500645 (10.3079%)
entry 570000/5500645 (10.3624%)
entry 571000/5500645 (10.3806%)
entry 572000/5500645 (10.3988%)
entry 573000/5500645 (10.417%)
entry 575000/5500645 (10.4533%)
entry 576000/5500645 (10.4715%)
entry 577000/5500645 (10.4897%)
entry 578000/5500645 (10.5079%)
entry 579000/5500645 (10.526%)
entry 581000/5500645 (10.5624%)
entry 582000/5500645 (10.5806%)
entry 583000/5500645 (10.5988%)
entry 585000/5500645 (10.6351%)
entry 586000/5500645 (10.6533%)
entry 587000/5500645 (10.6715%)
entry 588000/5500645 (10.6897%)
entry 589000/5500645 (10.7078%)
entry 590000/5500645 (10.726%)
entry 591000/5500645 (10.7442%)
entry 592000/5500645 (10.7624%)
entry 594000/5500645 (10.7987%)
entry 595000/5500645 (10.8169%)
entry 596000/5500645 (10.8351%)
entry 597000/5500645 (10.8533%)
entry 598000/5500645 (10.8715%)
entry 599000/5500645 (10.8896%)
entry 601000/5500645 (10.926%)
entry 602000/5500645 (10.9442%)
entry 603000/5500645 (10.9624%)
entry 604000/5500645 (10.9805%)
entry 605000/5500645 (10.9987%)
entry 607000/5500645 (11.0351%)
entry 608000/5500645 (11.0532%)
entry 609000/5500645 (11.0714%)
entry 610000/5500645 (11.0896%)
entry 611000/5500645 (11.1078%)
entry 613000/5500645 (11.1441%)
entry 614000/5500645 (11.1623%)
entry 615000/5500645 (11.1805%)
entry 616000/5500645 (11.1987%)
entry 617000/5500645 (11.2169%)
entry 618000/5500645 (11.235%)
entry 619000/5500645 (11.2532%)
entry 620000/5500645 (11.2714%)
entry 622000/5500645 (11.3078%)
entry 623000/5500645 (11.3259%)
entry 624000/5500645 (11.3441%)
entry 625000/5500645 (11.3623%)
entry 627000/5500645 (11.3987%)
entry 628000/5500645 (11.4168%)
entry 629000/5500645 (11.435%)
entry 631000/5500645 (11.4714%)
entry 633000/5500645 (11.5077%)
entry 634000/5500645 (11.5259%)
entry 635000/5500645 (11.5441%)
entry 636000/5500645 (11.5623%)
entry 637000/5500645 (11.5805%)
entry 638000/5500645 (11.5986%)
entry 639000/5500645 (11.6168%)
entry 641000/5500645 (11.6532%)
entry 642000/5500645 (11.6714%)
entry 643000/5500645 (11.6895%)
entry 644000/5500645 (11.7077%)
entry 645000/5500645 (11.7259%)
entry 646000/5500645 (11.7441%)
entry 647000/5500645 (11.7623%)
entry 650000/5500645 (11.8168%)
entry 651000/5500645 (11.835%)
entry 653000/5500645 (11.8713%)
entry 654000/5500645 (11.8895%)
entry 655000/5500645 (11.9077%)
entry 656000/5500645 (11.9259%)
entry 657000/5500645 (11.9441%)
entry 658000/5500645 (11.9622%)
entry 659000/5500645 (11.9804%)
entry 660000/5500645 (11.9986%)
entry 661000/5500645 (12.0168%)
entry 662000/5500645 (12.035%)
entry 663000/5500645 (12.0531%)
entry 664000/5500645 (12.0713%)
entry 666000/5500645 (12.1077%)
entry 668000/5500645 (12.144%)
entry 669000/5500645 (12.1622%)
entry 670000/5500645 (12.1804%)
entry 672000/5500645 (12.2167%)
entry 673000/5500645 (12.2349%)
entry 674000/5500645 (12.2531%)
entry 678000/5500645 (12.3258%)
entry 679000/5500645 (12.344%)
entry 680000/5500645 (12.3622%)
entry 681000/5500645 (12.3804%)
entry 682000/5500645 (12.3985%)
entry 683000/5500645 (12.4167%)
entry 684000/5500645 (12.4349%)
entry 685000/5500645 (12.4531%)
entry 686000/5500645 (12.4713%)
entry 687000/5500645 (12.4894%)
entry 688000/5500645 (12.5076%)
entry 689000/5500645 (12.5258%)
entry 690000/5500645 (12.544%)
entry 691000/5500645 (12.5622%)
entry 692000/5500645 (12.5803%)
entry 693000/5500645 (12.5985%)
entry 694000/5500645 (12.6167%)
entry 695000/5500645 (12.6349%)
entry 696000/5500645 (12.6531%)
entry 697000/5500645 (12.6712%)
entry 698000/5500645 (12.6894%)
entry 701000/5500645 (12.744%)
entry 702000/5500645 (12.7621%)
entry 703000/5500645 (12.7803%)
entry 704000/5500645 (12.7985%)
entry 705000/5500645 (12.8167%)
entry 706000/5500645 (12.8349%)
entry 709000/5500645 (12.8894%)
entry 712000/5500645 (12.9439%)
entry 714000/5500645 (12.9803%)
entry 715000/5500645 (12.9985%)
entry 716000/5500645 (13.0167%)
entry 717000/5500645 (13.0348%)
entry 718000/5500645 (13.053%)
entry 720000/5500645 (13.0894%)
entry 721000/5500645 (13.1076%)
entry 723000/5500645 (13.1439%)
entry 724000/5500645 (13.1621%)
entry 725000/5500645 (13.1803%)
entry 726000/5500645 (13.1985%)
entry 727000/5500645 (13.2166%)
entry 728000/5500645 (13.2348%)
entry 729000/5500645 (13.253%)
entry 730000/5500645 (13.2712%)
entry 731000/5500645 (13.2894%)
entry 732000/5500645 (13.3075%)
entry 733000/5500645 (13.3257%)
entry 735000/5500645 (13.3621%)
entry 736000/5500645 (13.3802%)
entry 739000/5500645 (13.4348%)
entry 741000/5500645 (13.4711%)
entry 743000/5500645 (13.5075%)
entry 744000/5500645 (13.5257%)
entry 745000/5500645 (13.5439%)
entry 747000/5500645 (13.5802%)
entry 748000/5500645 (13.5984%)
entry 750000/5500645 (13.6348%)
entry 752000/5500645 (13.6711%)
entry 754000/5500645 (13.7075%)
entry 755000/5500645 (13.7257%)
entry 756000/5500645 (13.7438%)
entry 757000/5500645 (13.762%)
entry 759000/5500645 (13.7984%)
entry 762000/5500645 (13.8529%)
entry 764000/5500645 (13.8893%)
entry 765000/5500645 (13.9075%)
entry 766000/5500645 (13.9256%)
entry 767000/5500645 (13.9438%)
entry 768000/5500645 (13.962%)
entry 769000/5500645 (13.9802%)
entry 770000/5500645 (13.9984%)
entry 771000/5500645 (14.0165%)
entry 773000/5500645 (14.0529%)
entry 776000/5500645 (14.1074%)
entry 777000/5500645 (14.1256%)
entry 778000/5500645 (14.1438%)
entry 779000/5500645 (14.162%)
entry 780000/5500645 (14.1802%)
entry 782000/5500645 (14.2165%)
entry 783000/5500645 (14.2347%)
entry 784000/5500645 (14.2529%)
entry 785000/5500645 (14.2711%)
entry 786000/5500645 (14.2892%)
entry 787000/5500645 (14.3074%)
entry 788000/5500645 (14.3256%)
entry 790000/5500645 (14.362%)
entry 791000/5500645 (14.3801%)
entry 793000/5500645 (14.4165%)
entry 795000/5500645 (14.4529%)
entry 797000/5500645 (14.4892%)
entry 798000/5500645 (14.5074%)
entry 799000/5500645 (14.5256%)
entry 800000/5500645 (14.5437%)
entry 801000/5500645 (14.5619%)
entry 802000/5500645 (14.5801%)
entry 803000/5500645 (14.5983%)
entry 804000/5500645 (14.6165%)
entry 806000/5500645 (14.6528%)
entry 807000/5500645 (14.671%)
entry 808000/5500645 (14.6892%)
entry 809000/5500645 (14.7074%)
entry 810000/5500645 (14.7255%)
entry 811000/5500645 (14.7437%)
entry 812000/5500645 (14.7619%)
entry 813000/5500645 (14.7801%)
entry 814000/5500645 (14.7983%)
entry 815000/5500645 (14.8164%)
entry 816000/5500645 (14.8346%)
entry 817000/5500645 (14.8528%)
entry 818000/5500645 (14.871%)
entry 819000/5500645 (14.8892%)
entry 820000/5500645 (14.9073%)
entry 821000/5500645 (14.9255%)
entry 824000/5500645 (14.9801%)
entry 825000/5500645 (14.9982%)
entry 826000/5500645 (15.0164%)
entry 827000/5500645 (15.0346%)
entry 828000/5500645 (15.0528%)
entry 829000/5500645 (15.071%)
entry 830000/5500645 (15.0891%)
entry 831000/5500645 (15.1073%)
entry 832000/5500645 (15.1255%)
entry 833000/5500645 (15.1437%)
entry 834000/5500645 (15.1619%)
entry 835000/5500645 (15.18%)
entry 836000/5500645 (15.1982%)
entry 839000/5500645 (15.2528%)
entry 842000/5500645 (15.3073%)
entry 843000/5500645 (15.3255%)
entry 844000/5500645 (15.3437%)
entry 845000/5500645 (15.3618%)
entry 846000/5500645 (15.38%)
entry 848000/5500645 (15.4164%)
entry 849000/5500645 (15.4346%)
entry 852000/5500645 (15.4891%)
entry 853000/5500645 (15.5073%)
entry 854000/5500645 (15.5255%)
entry 855000/5500645 (15.5436%)
entry 856000/5500645 (15.5618%)
entry 857000/5500645 (15.58%)
entry 859000/5500645 (15.6163%)
entry 861000/5500645 (15.6527%)
entry 862000/5500645 (15.6709%)
entry 863000/5500645 (15.6891%)
entry 864000/5500645 (15.7072%)
entry 865000/5500645 (15.7254%)
entry 867000/5500645 (15.7618%)
entry 868000/5500645 (15.78%)
entry 869000/5500645 (15.7981%)
entry 870000/5500645 (15.8163%)
entry 871000/5500645 (15.8345%)
entry 873000/5500645 (15.8709%)
entry 874000/5500645 (15.889%)
entry 876000/5500645 (15.9254%)
entry 877000/5500645 (15.9436%)
entry 878000/5500645 (15.9618%)
entry 879000/5500645 (15.9799%)
entry 880000/5500645 (15.9981%)
entry 883000/5500645 (16.0527%)
entry 885000/5500645 (16.089%)
entry 886000/5500645 (16.1072%)
entry 887000/5500645 (16.1254%)
entry 888000/5500645 (16.1436%)
entry 890000/5500645 (16.1799%)
entry 892000/5500645 (16.2163%)
entry 894000/5500645 (16.2526%)
entry 895000/5500645 (16.2708%)
entry 896000/5500645 (16.289%)
entry 897000/5500645 (16.3072%)
entry 898000/5500645 (16.3254%)
entry 899000/5500645 (16.3435%)
entry 900000/5500645 (16.3617%)
entry 901000/5500645 (16.3799%)
entry 902000/5500645 (16.3981%)
entry 904000/5500645 (16.4344%)
entry 905000/5500645 (16.4526%)
entry 908000/5500645 (16.5072%)
entry 909000/5500645 (16.5253%)
entry 910000/5500645 (16.5435%)
entry 911000/5500645 (16.5617%)
entry 912000/5500645 (16.5799%)
entry 913000/5500645 (16.5981%)
entry 914000/5500645 (16.6162%)
entry 915000/5500645 (16.6344%)
entry 917000/5500645 (16.6708%)
entry 919000/5500645 (16.7071%)
entry 920000/5500645 (16.7253%)
entry 922000/5500645 (16.7617%)
entry 923000/5500645 (16.7799%)
entry 924000/5500645 (16.798%)
entry 925000/5500645 (16.8162%)
entry 926000/5500645 (16.8344%)
entry 927000/5500645 (16.8526%)
entry 930000/5500645 (16.9071%)
entry 931000/5500645 (16.9253%)
entry 932000/5500645 (16.9435%)
entry 935000/5500645 (16.998%)
entry 937000/5500645 (17.0344%)
entry 938000/5500645 (17.0525%)
entry 939000/5500645 (17.0707%)
entry 940000/5500645 (17.0889%)
entry 941000/5500645 (17.1071%)
entry 942000/5500645 (17.1253%)
entry 943000/5500645 (17.1434%)
entry 944000/5500645 (17.1616%)
entry 945000/5500645 (17.1798%)
entry 946000/5500645 (17.198%)
entry 947000/5500645 (17.2162%)
entry 948000/5500645 (17.2343%)
entry 949000/5500645 (17.2525%)
entry 950000/5500645 (17.2707%)
entry 951000/5500645 (17.2889%)
entry 952000/5500645 (17.3071%)
entry 953000/5500645 (17.3252%)
entry 954000/5500645 (17.3434%)
entry 955000/5500645 (17.3616%)
entry 956000/5500645 (17.3798%)
entry 958000/5500645 (17.4161%)
entry 959000/5500645 (17.4343%)
entry 960000/5500645 (17.4525%)
entry 961000/5500645 (17.4707%)
entry 962000/5500645 (17.4889%)
entry 963000/5500645 (17.507%)
entry 964000/5500645 (17.5252%)
entry 965000/5500645 (17.5434%)
entry 967000/5500645 (17.5798%)
entry 970000/5500645 (17.6343%)
entry 971000/5500645 (17.6525%)
entry 973000/5500645 (17.6888%)
entry 974000/5500645 (17.707%)
entry 976000/5500645 (17.7434%)
entry 977000/5500645 (17.7616%)
entry 978000/5500645 (17.7797%)
entry 979000/5500645 (17.7979%)
entry 980000/5500645 (17.8161%)
entry 981000/5500645 (17.8343%)
entry 984000/5500645 (17.8888%)
entry 985000/5500645 (17.907%)
entry 986000/5500645 (17.9252%)
entry 988000/5500645 (17.9615%)
entry 989000/5500645 (17.9797%)
entry 990000/5500645 (17.9979%)
entry 991000/5500645 (18.0161%)
entry 996000/5500645 (18.107%)
entry 997000/5500645 (18.1251%)
entry 998000/5500645 (18.1433%)
entry 1000000/5500645 (18.1797%)
entry 1001000/5500645 (18.1979%)
entry 1002000/5500645 (18.216%)
entry 1003000/5500645 (18.2342%)
entry 1004000/5500645 (18.2524%)
entry 1005000/5500645 (18.2706%)
entry 1006000/5500645 (18.2888%)
entry 1008000/5500645 (18.3251%)
entry 1009000/5500645 (18.3433%)
entry 1010000/5500645 (18.3615%)
entry 1011000/5500645 (18.3797%)
entry 1012000/5500645 (18.3978%)
entry 1014000/5500645 (18.4342%)
entry 1015000/5500645 (18.4524%)
entry 1016000/5500645 (18.4706%)
entry 1017000/5500645 (18.4887%)
entry 1018000/5500645 (18.5069%)
entry 1020000/5500645 (18.5433%)
entry 1024000/5500645 (18.616%)
entry 1025000/5500645 (18.6342%)
entry 1026000/5500645 (18.6524%)
entry 1030000/5500645 (18.7251%)
entry 1031000/5500645 (18.7433%)
entry 1033000/5500645 (18.7796%)
entry 1034000/5500645 (18.7978%)
entry 1035000/5500645 (18.816%)
entry 1037000/5500645 (18.8523%)
entry 1039000/5500645 (18.8887%)
entry 1040000/5500645 (18.9069%)
entry 1041000/5500645 (18.9251%)
entry 1042000/5500645 (18.9432%)
entry 1043000/5500645 (18.9614%)
entry 1044000/5500645 (18.9796%)
entry 1045000/5500645 (18.9978%)
entry 1046000/5500645 (19.016%)
entry 1047000/5500645 (19.0341%)
entry 1048000/5500645 (19.0523%)
entry 1050000/5500645 (19.0887%)
entry 1051000/5500645 (19.1069%)
entry 1052000/5500645 (19.125%)
entry 1053000/5500645 (19.1432%)
entry 1054000/5500645 (19.1614%)
entry 1055000/5500645 (19.1796%)
entry 1056000/5500645 (19.1977%)
entry 1057000/5500645 (19.2159%)
entry 1059000/5500645 (19.2523%)
entry 1060000/5500645 (19.2705%)
entry 1061000/5500645 (19.2886%)
entry 1062000/5500645 (19.3068%)
entry 1066000/5500645 (19.3795%)
entry 1067000/5500645 (19.3977%)
entry 1068000/5500645 (19.4159%)
entry 1071000/5500645 (19.4704%)
entry 1073000/5500645 (19.5068%)
entry 1074000/5500645 (19.525%)
entry 1075000/5500645 (19.5432%)
entry 1076000/5500645 (19.5613%)
entry 1077000/5500645 (19.5795%)
entry 1078000/5500645 (19.5977%)
entry 1079000/5500645 (19.6159%)
entry 1080000/5500645 (19.6341%)
entry 1081000/5500645 (19.6522%)
entry 1082000/5500645 (19.6704%)
entry 1083000/5500645 (19.6886%)
entry 1084000/5500645 (19.7068%)
entry 1085000/5500645 (19.725%)
entry 1086000/5500645 (19.7431%)
entry 1087000/5500645 (19.7613%)
entry 1088000/5500645 (19.7795%)
entry 1090000/5500645 (19.8159%)
entry 1091000/5500645 (19.834%)
entry 1092000/5500645 (19.8522%)
entry 1095000/5500645 (19.9068%)
entry 1097000/5500645 (19.9431%)
entry 1098000/5500645 (19.9613%)
entry 1099000/5500645 (19.9795%)
entry 1100000/5500645 (19.9977%)
entry 1103000/5500645 (20.0522%)
entry 1110000/5500645 (20.1795%)
entry 1111000/5500645 (20.1976%)
entry 1113000/5500645 (20.234%)
entry 1114000/5500645 (20.2522%)
entry 1115000/5500645 (20.2704%)
entry 1117000/5500645 (20.3067%)
entry 1119000/5500645 (20.3431%)
entry 1120000/5500645 (20.3612%)
entry 1121000/5500645 (20.3794%)
entry 1122000/5500645 (20.3976%)
entry 1123000/5500645 (20.4158%)
entry 1124000/5500645 (20.434%)
entry 1125000/5500645 (20.4521%)
entry 1126000/5500645 (20.4703%)
entry 1127000/5500645 (20.4885%)
entry 1128000/5500645 (20.5067%)
entry 1129000/5500645 (20.5249%)
entry 1130000/5500645 (20.543%)
entry 1131000/5500645 (20.5612%)
entry 1132000/5500645 (20.5794%)
entry 1133000/5500645 (20.5976%)
entry 1134000/5500645 (20.6158%)
entry 1135000/5500645 (20.6339%)
entry 1137000/5500645 (20.6703%)
entry 1139000/5500645 (20.7067%)
entry 1141000/5500645 (20.743%)
entry 1142000/5500645 (20.7612%)
entry 1143000/5500645 (20.7794%)
entry 1146000/5500645 (20.8339%)
entry 1148000/5500645 (20.8703%)
entry 1149000/5500645 (20.8885%)
entry 1150000/5500645 (20.9066%)
entry 1151000/5500645 (20.9248%)
entry 1153000/5500645 (20.9612%)
entry 1155000/5500645 (20.9975%)
entry 1156000/5500645 (21.0157%)
entry 1157000/5500645 (21.0339%)
entry 1159000/5500645 (21.0703%)
entry 1160000/5500645 (21.0884%)
entry 1162000/5500645 (21.1248%)
entry 1163000/5500645 (21.143%)
entry 1164000/5500645 (21.1612%)
entry 1165000/5500645 (21.1793%)
entry 1166000/5500645 (21.1975%)
entry 1168000/5500645 (21.2339%)
entry 1169000/5500645 (21.2521%)
entry 1173000/5500645 (21.3248%)
entry 1176000/5500645 (21.3793%)
entry 1179000/5500645 (21.4338%)
entry 1180000/5500645 (21.452%)
entry 1181000/5500645 (21.4702%)
entry 1182000/5500645 (21.4884%)
entry 1183000/5500645 (21.5066%)
entry 1184000/5500645 (21.5247%)
entry 1185000/5500645 (21.5429%)
entry 1186000/5500645 (21.5611%)
entry 1187000/5500645 (21.5793%)
entry 1189000/5500645 (21.6156%)
entry 1193000/5500645 (21.6884%)
entry 1194000/5500645 (21.7065%)
entry 1195000/5500645 (21.7247%)
entry 1196000/5500645 (21.7429%)
entry 1197000/5500645 (21.7611%)
entry 1198000/5500645 (21.7793%)
entry 1199000/5500645 (21.7974%)
entry 1200000/5500645 (21.8156%)
entry 1201000/5500645 (21.8338%)
entry 1203000/5500645 (21.8702%)
entry 1204000/5500645 (21.8883%)
entry 1205000/5500645 (21.9065%)
entry 1206000/5500645 (21.9247%)
entry 1209000/5500645 (21.9792%)
entry 1212000/5500645 (22.0338%)
entry 1214000/5500645 (22.0701%)
entry 1215000/5500645 (22.0883%)
entry 1216000/5500645 (22.1065%)
entry 1218000/5500645 (22.1429%)
entry 1219000/5500645 (22.161%)
entry 1220000/5500645 (22.1792%)
entry 1222000/5500645 (22.2156%)
entry 1223000/5500645 (22.2338%)
entry 1224000/5500645 (22.2519%)
entry 1225000/5500645 (22.2701%)
entry 1226000/5500645 (22.2883%)
entry 1227000/5500645 (22.3065%)
entry 1228000/5500645 (22.3247%)
entry 1229000/5500645 (22.3428%)
entry 1230000/5500645 (22.361%)
entry 1231000/5500645 (22.3792%)
entry 1235000/5500645 (22.4519%)
entry 1236000/5500645 (22.4701%)
entry 1237000/5500645 (22.4883%)
entry 1241000/5500645 (22.561%)
entry 1242000/5500645 (22.5792%)
entry 1243000/5500645 (22.5974%)
entry 1244000/5500645 (22.6155%)
entry 1245000/5500645 (22.6337%)
entry 1248000/5500645 (22.6882%)
entry 1250000/5500645 (22.7246%)
entry 1251000/5500645 (22.7428%)
entry 1253000/5500645 (22.7791%)
entry 1254000/5500645 (22.7973%)
entry 1256000/5500645 (22.8337%)
entry 1258000/5500645 (22.87%)
entry 1259000/5500645 (22.8882%)
entry 1260000/5500645 (22.9064%)
entry 1261000/5500645 (22.9246%)
entry 1262000/5500645 (22.9428%)
entry 1263000/5500645 (22.9609%)
entry 1266000/5500645 (23.0155%)
entry 1270000/5500645 (23.0882%)
entry 1271000/5500645 (23.1064%)
entry 1275000/5500645 (23.1791%)
entry 1277000/5500645 (23.2155%)
entry 1278000/5500645 (23.2336%)
entry 1279000/5500645 (23.2518%)
entry 1280000/5500645 (23.27%)
entry 1281000/5500645 (23.2882%)
entry 1283000/5500645 (23.3245%)
entry 1284000/5500645 (23.3427%)
entry 1285000/5500645 (23.3609%)
entry 1288000/5500645 (23.4154%)
entry 1289000/5500645 (23.4336%)
entry 1290000/5500645 (23.4518%)
entry 1293000/5500645 (23.5063%)
entry 1294000/5500645 (23.5245%)
entry 1295000/5500645 (23.5427%)
entry 1296000/5500645 (23.5609%)
entry 1297000/5500645 (23.5791%)
entry 1298000/5500645 (23.5972%)
entry 1302000/5500645 (23.67%)
entry 1303000/5500645 (23.6881%)
entry 1305000/5500645 (23.7245%)
entry 1306000/5500645 (23.7427%)
entry 1307000/5500645 (23.7608%)
entry 1309000/5500645 (23.7972%)
entry 1310000/5500645 (23.8154%)
entry 1311000/5500645 (23.8336%)
entry 1312000/5500645 (23.8517%)
entry 1313000/5500645 (23.8699%)
entry 1314000/5500645 (23.8881%)
entry 1315000/5500645 (23.9063%)
entry 1316000/5500645 (23.9245%)
entry 1317000/5500645 (23.9426%)
entry 1318000/5500645 (23.9608%)
entry 1319000/5500645 (23.979%)
entry 1322000/5500645 (24.0335%)
entry 1323000/5500645 (24.0517%)
entry 1324000/5500645 (24.0699%)
entry 1325000/5500645 (24.0881%)
entry 1326000/5500645 (24.1063%)
entry 1328000/5500645 (24.1426%)
entry 1329000/5500645 (24.1608%)
entry 1330000/5500645 (24.179%)
entry 1332000/5500645 (24.2153%)
entry 1334000/5500645 (24.2517%)
entry 1335000/5500645 (24.2699%)
entry 1336000/5500645 (24.2881%)
entry 1337000/5500645 (24.3062%)
entry 1339000/5500645 (24.3426%)
entry 1340000/5500645 (24.3608%)
entry 1341000/5500645 (24.379%)
entry 1342000/5500645 (24.3971%)
entry 1343000/5500645 (24.4153%)
entry 1344000/5500645 (24.4335%)
entry 1345000/5500645 (24.4517%)
entry 1346000/5500645 (24.4699%)
entry 1348000/5500645 (24.5062%)
entry 1349000/5500645 (24.5244%)
entry 1350000/5500645 (24.5426%)
entry 1354000/5500645 (24.6153%)
entry 1355000/5500645 (24.6335%)
entry 1356000/5500645 (24.6517%)
entry 1357000/5500645 (24.6698%)
entry 1359000/5500645 (24.7062%)
entry 1360000/5500645 (24.7244%)
entry 1361000/5500645 (24.7426%)
entry 1362000/5500645 (24.7607%)
entry 1364000/5500645 (24.7971%)
entry 1365000/5500645 (24.8153%)
entry 1366000/5500645 (24.8335%)
entry 1368000/5500645 (24.8698%)
entry 1369000/5500645 (24.888%)
entry 1370000/5500645 (24.9062%)
entry 1371000/5500645 (24.9243%)
entry 1372000/5500645 (24.9425%)
entry 1374000/5500645 (24.9789%)
entry 1375000/5500645 (24.9971%)
entry 1376000/5500645 (25.0152%)
entry 1377000/5500645 (25.0334%)
entry 1378000/5500645 (25.0516%)
entry 1379000/5500645 (25.0698%)
entry 1380000/5500645 (25.088%)
entry 1381000/5500645 (25.1061%)
entry 1382000/5500645 (25.1243%)
entry 1383000/5500645 (25.1425%)
entry 1384000/5500645 (25.1607%)
entry 1385000/5500645 (25.1789%)
entry 1387000/5500645 (25.2152%)
entry 1388000/5500645 (25.2334%)
entry 1390000/5500645 (25.2698%)
entry 1391000/5500645 (25.2879%)
entry 1392000/5500645 (25.3061%)
entry 1393000/5500645 (25.3243%)
entry 1395000/5500645 (25.3607%)
entry 1397000/5500645 (25.397%)
entry 1398000/5500645 (25.4152%)
entry 1400000/5500645 (25.4516%)
entry 1401000/5500645 (25.4697%)
entry 1402000/5500645 (25.4879%)
entry 1403000/5500645 (25.5061%)
entry 1404000/5500645 (25.5243%)
entry 1405000/5500645 (25.5425%)
entry 1406000/5500645 (25.5606%)
entry 1407000/5500645 (25.5788%)
entry 1408000/5500645 (25.597%)
entry 1409000/5500645 (25.6152%)
entry 1410000/5500645 (25.6334%)
entry 1411000/5500645 (25.6515%)
entry 1416000/5500645 (25.7424%)
entry 1417000/5500645 (25.7606%)
entry 1418000/5500645 (25.7788%)
entry 1419000/5500645 (25.797%)
entry 1421000/5500645 (25.8333%)
entry 1423000/5500645 (25.8697%)
entry 1425000/5500645 (25.9061%)
entry 1426000/5500645 (25.9242%)
entry 1427000/5500645 (25.9424%)
entry 1429000/5500645 (25.9788%)
entry 1430000/5500645 (25.997%)
entry 1431000/5500645 (26.0151%)
entry 1432000/5500645 (26.0333%)
entry 1433000/5500645 (26.0515%)
entry 1434000/5500645 (26.0697%)
entry 1435000/5500645 (26.0879%)
entry 1437000/5500645 (26.1242%)
entry 1439000/5500645 (26.1606%)
entry 1441000/5500645 (26.1969%)
entry 1442000/5500645 (26.2151%)
entry 1443000/5500645 (26.2333%)
entry 1444000/5500645 (26.2515%)
entry 1445000/5500645 (26.2696%)
entry 1446000/5500645 (26.2878%)
entry 1447000/5500645 (26.306%)
entry 1448000/5500645 (26.3242%)
entry 1449000/5500645 (26.3424%)
entry 1451000/5500645 (26.3787%)
entry 1452000/5500645 (26.3969%)
entry 1453000/5500645 (26.4151%)
entry 1455000/5500645 (26.4514%)
entry 1456000/5500645 (26.4696%)
entry 1459000/5500645 (26.5242%)
entry 1460000/5500645 (26.5423%)
entry 1461000/5500645 (26.5605%)
entry 1463000/5500645 (26.5969%)
entry 1464000/5500645 (26.6151%)
entry 1465000/5500645 (26.6332%)
entry 1467000/5500645 (26.6696%)
entry 1470000/5500645 (26.7241%)
entry 1471000/5500645 (26.7423%)
entry 1472000/5500645 (26.7605%)
entry 1475000/5500645 (26.815%)
entry 1476000/5500645 (26.8332%)
entry 1479000/5500645 (26.8878%)
entry 1480000/5500645 (26.9059%)
entry 1481000/5500645 (26.9241%)
entry 1482000/5500645 (26.9423%)
entry 1485000/5500645 (26.9968%)
entry 1486000/5500645 (27.015%)
entry 1487000/5500645 (27.0332%)
entry 1488000/5500645 (27.0514%)
entry 1491000/5500645 (27.1059%)
entry 1492000/5500645 (27.1241%)
entry 1494000/5500645 (27.1605%)
entry 1495000/5500645 (27.1786%)
entry 1496000/5500645 (27.1968%)
entry 1497000/5500645 (27.215%)
entry 1498000/5500645 (27.2332%)
entry 1499000/5500645 (27.2514%)
entry 1500000/5500645 (27.2695%)
entry 1501000/5500645 (27.2877%)
entry 1502000/5500645 (27.3059%)
entry 1503000/5500645 (27.3241%)
entry 1504000/5500645 (27.3422%)
entry 1505000/5500645 (27.3604%)
entry 1506000/5500645 (27.3786%)
entry 1509000/5500645 (27.4331%)
entry 1510000/5500645 (27.4513%)
entry 1511000/5500645 (27.4695%)
entry 1513000/5500645 (27.5059%)
entry 1514000/5500645 (27.524%)
entry 1515000/5500645 (27.5422%)
entry 1517000/5500645 (27.5786%)
entry 1518000/5500645 (27.5968%)
entry 1519000/5500645 (27.6149%)
entry 1523000/5500645 (27.6877%)
entry 1526000/5500645 (27.7422%)
entry 1528000/5500645 (27.7786%)
entry 1529000/5500645 (27.7967%)
entry 1533000/5500645 (27.8695%)
entry 1534000/5500645 (27.8876%)
entry 1535000/5500645 (27.9058%)
entry 1536000/5500645 (27.924%)
entry 1537000/5500645 (27.9422%)
entry 1539000/5500645 (27.9785%)
entry 1540000/5500645 (27.9967%)
entry 1544000/5500645 (28.0694%)
entry 1545000/5500645 (28.0876%)
entry 1546000/5500645 (28.1058%)
entry 1548000/5500645 (28.1422%)
entry 1549000/5500645 (28.1603%)
entry 1550000/5500645 (28.1785%)
entry 1551000/5500645 (28.1967%)
entry 1552000/5500645 (28.2149%)
entry 1553000/5500645 (28.2331%)
entry 1556000/5500645 (28.2876%)
entry 1557000/5500645 (28.3058%)
entry 1558000/5500645 (28.324%)
entry 1559000/5500645 (28.3421%)
entry 1561000/5500645 (28.3785%)
entry 1564000/5500645 (28.433%)
entry 1566000/5500645 (28.4694%)
entry 1569000/5500645 (28.5239%)
entry 1571000/5500645 (28.5603%)
entry 1573000/5500645 (28.5966%)
entry 1574000/5500645 (28.6148%)
entry 1575000/5500645 (28.633%)
entry 1577000/5500645 (28.6694%)
entry 1579000/5500645 (28.7057%)
entry 1582000/5500645 (28.7603%)
entry 1583000/5500645 (28.7784%)
entry 1584000/5500645 (28.7966%)
entry 1586000/5500645 (28.833%)
entry 1587000/5500645 (28.8512%)
entry 1588000/5500645 (28.8693%)
entry 1589000/5500645 (28.8875%)
entry 1590000/5500645 (28.9057%)
entry 1591000/5500645 (28.9239%)
entry 1592000/5500645 (28.9421%)
entry 1595000/5500645 (28.9966%)
entry 1596000/5500645 (29.0148%)
entry 1597000/5500645 (29.033%)
entry 1598000/5500645 (29.0511%)
entry 1599000/5500645 (29.0693%)
entry 1600000/5500645 (29.0875%)
entry 1601000/5500645 (29.1057%)
entry 1602000/5500645 (29.1239%)
entry 1603000/5500645 (29.142%)
entry 1605000/5500645 (29.1784%)
entry 1606000/5500645 (29.1966%)
entry 1607000/5500645 (29.2148%)
entry 1608000/5500645 (29.2329%)
entry 1609000/5500645 (29.2511%)
entry 1610000/5500645 (29.2693%)
entry 1611000/5500645 (29.2875%)
entry 1613000/5500645 (29.3238%)
entry 1614000/5500645 (29.342%)
entry 1616000/5500645 (29.3784%)
entry 1617000/5500645 (29.3966%)
entry 1620000/5500645 (29.4511%)
entry 1623000/5500645 (29.5056%)
entry 1624000/5500645 (29.5238%)
entry 1626000/5500645 (29.5602%)
entry 1627000/5500645 (29.5783%)
entry 1630000/5500645 (29.6329%)
entry 1632000/5500645 (29.6692%)
entry 1633000/5500645 (29.6874%)
entry 1634000/5500645 (29.7056%)
entry 1636000/5500645 (29.742%)
entry 1638000/5500645 (29.7783%)
entry 1641000/5500645 (29.8329%)
entry 1642000/5500645 (29.851%)
entry 1643000/5500645 (29.8692%)
entry 1644000/5500645 (29.8874%)
entry 1645000/5500645 (29.9056%)
entry 1646000/5500645 (29.9238%)
entry 1647000/5500645 (29.9419%)
entry 1648000/5500645 (29.9601%)
entry 1649000/5500645 (29.9783%)
entry 1650000/5500645 (29.9965%)
entry 1651000/5500645 (30.0147%)
entry 1652000/5500645 (30.0328%)
entry 1654000/5500645 (30.0692%)
entry 1655000/5500645 (30.0874%)
entry 1656000/5500645 (30.1056%)
entry 1657000/5500645 (30.1237%)
entry 1659000/5500645 (30.1601%)
entry 1660000/5500645 (30.1783%)
entry 1661000/5500645 (30.1965%)
entry 1663000/5500645 (30.2328%)
entry 1667000/5500645 (30.3055%)
entry 1668000/5500645 (30.3237%)
entry 1670000/5500645 (30.3601%)
entry 1671000/5500645 (30.3783%)
entry 1672000/5500645 (30.3964%)
entry 1673000/5500645 (30.4146%)
entry 1674000/5500645 (30.4328%)
entry 1675000/5500645 (30.451%)
entry 1676000/5500645 (30.4692%)
entry 1677000/5500645 (30.4873%)
entry 1678000/5500645 (30.5055%)
entry 1681000/5500645 (30.5601%)
entry 1683000/5500645 (30.5964%)
entry 1684000/5500645 (30.6146%)
entry 1686000/5500645 (30.6509%)
entry 1688000/5500645 (30.6873%)
entry 1689000/5500645 (30.7055%)
entry 1690000/5500645 (30.7237%)
entry 1691000/5500645 (30.7418%)
entry 1692000/5500645 (30.76%)
entry 1694000/5500645 (30.7964%)
entry 1697000/5500645 (30.8509%)
entry 1698000/5500645 (30.8691%)
entry 1699000/5500645 (30.8873%)
entry 1700000/5500645 (30.9055%)
entry 1701000/5500645 (30.9236%)
entry 1702000/5500645 (30.9418%)
entry 1703000/5500645 (30.96%)
entry 1704000/5500645 (30.9782%)
entry 1705000/5500645 (30.9964%)
entry 1706000/5500645 (31.0145%)
entry 1709000/5500645 (31.0691%)
entry 1710000/5500645 (31.0873%)
entry 1711000/5500645 (31.1054%)
entry 1712000/5500645 (31.1236%)
entry 1713000/5500645 (31.1418%)
entry 1714000/5500645 (31.16%)
entry 1715000/5500645 (31.1782%)
entry 1718000/5500645 (31.2327%)
entry 1719000/5500645 (31.2509%)
entry 1720000/5500645 (31.2691%)
entry 1723000/5500645 (31.3236%)
entry 1724000/5500645 (31.3418%)
entry 1725000/5500645 (31.36%)
entry 1727000/5500645 (31.3963%)
entry 1728000/5500645 (31.4145%)
entry 1729000/5500645 (31.4327%)
entry 1730000/5500645 (31.4509%)
entry 1731000/5500645 (31.469%)
entry 1732000/5500645 (31.4872%)
entry 1734000/5500645 (31.5236%)
entry 1735000/5500645 (31.5418%)
entry 1736000/5500645 (31.5599%)
entry 1737000/5500645 (31.5781%)
entry 1738000/5500645 (31.5963%)
entry 1740000/5500645 (31.6327%)
entry 1742000/5500645 (31.669%)
entry 1743000/5500645 (31.6872%)
entry 1745000/5500645 (31.7236%)
entry 1746000/5500645 (31.7417%)
entry 1747000/5500645 (31.7599%)
entry 1752000/5500645 (31.8508%)
entry 1753000/5500645 (31.869%)
entry 1754000/5500645 (31.8872%)
entry 1756000/5500645 (31.9235%)
entry 1757000/5500645 (31.9417%)
entry 1758000/5500645 (31.9599%)
entry 1759000/5500645 (31.9781%)
entry 1760000/5500645 (31.9962%)
entry 1761000/5500645 (32.0144%)
entry 1762000/5500645 (32.0326%)
entry 1763000/5500645 (32.0508%)
entry 1764000/5500645 (32.069%)
entry 1768000/5500645 (32.1417%)
entry 1769000/5500645 (32.1599%)
entry 1770000/5500645 (32.178%)
entry 1771000/5500645 (32.1962%)
entry 1773000/5500645 (32.2326%)
entry 1774000/5500645 (32.2508%)
entry 1775000/5500645 (32.2689%)
entry 1776000/5500645 (32.2871%)
entry 1777000/5500645 (32.3053%)
entry 1779000/5500645 (32.3417%)
entry 1780000/5500645 (32.3598%)
entry 1781000/5500645 (32.378%)
entry 1782000/5500645 (32.3962%)
entry 1783000/5500645 (32.4144%)
entry 1784000/5500645 (32.4326%)
entry 1786000/5500645 (32.4689%)
entry 1787000/5500645 (32.4871%)
entry 1790000/5500645 (32.5416%)
entry 1791000/5500645 (32.5598%)
entry 1792000/5500645 (32.578%)
entry 1795000/5500645 (32.6325%)
entry 1796000/5500645 (32.6507%)
entry 1797000/5500645 (32.6689%)
entry 1798000/5500645 (32.6871%)
entry 1799000/5500645 (32.7053%)
entry 1801000/5500645 (32.7416%)
entry 1802000/5500645 (32.7598%)
entry 1803000/5500645 (32.778%)
entry 1805000/5500645 (32.8143%)
entry 1807000/5500645 (32.8507%)
entry 1808000/5500645 (32.8689%)
entry 1809000/5500645 (32.8871%)
entry 1810000/5500645 (32.9052%)
entry 1811000/5500645 (32.9234%)
entry 1812000/5500645 (32.9416%)
entry 1813000/5500645 (32.9598%)
entry 1815000/5500645 (32.9961%)
entry 1816000/5500645 (33.0143%)
entry 1817000/5500645 (33.0325%)
entry 1818000/5500645 (33.0507%)
entry 1819000/5500645 (33.0689%)
entry 1820000/5500645 (33.087%)
entry 1821000/5500645 (33.1052%)
entry 1822000/5500645 (33.1234%)
entry 1823000/5500645 (33.1416%)
entry 1824000/5500645 (33.1597%)
entry 1825000/5500645 (33.1779%)
entry 1826000/5500645 (33.1961%)
entry 1828000/5500645 (33.2325%)
entry 1830000/5500645 (33.2688%)
entry 1831000/5500645 (33.287%)
entry 1832000/5500645 (33.3052%)
entry 1834000/5500645 (33.3415%)
entry 1836000/5500645 (33.3779%)
entry 1837000/5500645 (33.3961%)
entry 1838000/5500645 (33.4143%)
entry 1839000/5500645 (33.4324%)
entry 1840000/5500645 (33.4506%)
entry 1841000/5500645 (33.4688%)
entry 1842000/5500645 (33.487%)
entry 1843000/5500645 (33.5052%)
entry 1844000/5500645 (33.5233%)
entry 1845000/5500645 (33.5415%)
entry 1846000/5500645 (33.5597%)
entry 1848000/5500645 (33.5961%)
entry 1850000/5500645 (33.6324%)
entry 1851000/5500645 (33.6506%)
entry 1852000/5500645 (33.6688%)
entry 1853000/5500645 (33.687%)
entry 1854000/5500645 (33.7051%)
entry 1855000/5500645 (33.7233%)
entry 1857000/5500645 (33.7597%)
entry 1858000/5500645 (33.7779%)
entry 1859000/5500645 (33.796%)
entry 1862000/5500645 (33.8506%)
entry 1863000/5500645 (33.8688%)
entry 1864000/5500645 (33.8869%)
entry 1865000/5500645 (33.9051%)
entry 1866000/5500645 (33.9233%)
entry 1867000/5500645 (33.9415%)
entry 1868000/5500645 (33.9597%)
entry 1869000/5500645 (33.9778%)
entry 1871000/5500645 (34.0142%)
entry 1873000/5500645 (34.0506%)
entry 1874000/5500645 (34.0687%)
entry 1875000/5500645 (34.0869%)
entry 1877000/5500645 (34.1233%)
entry 1878000/5500645 (34.1415%)
entry 1879000/5500645 (34.1596%)
entry 1880000/5500645 (34.1778%)
entry 1881000/5500645 (34.196%)
entry 1882000/5500645 (34.2142%)
entry 1883000/5500645 (34.2323%)
entry 1884000/5500645 (34.2505%)
entry 1885000/5500645 (34.2687%)
entry 1886000/5500645 (34.2869%)
entry 1888000/5500645 (34.3232%)
entry 1889000/5500645 (34.3414%)
entry 1890000/5500645 (34.3596%)
entry 1892000/5500645 (34.396%)
entry 1893000/5500645 (34.4141%)
entry 1894000/5500645 (34.4323%)
entry 1895000/5500645 (34.4505%)
entry 1896000/5500645 (34.4687%)
entry 1897000/5500645 (34.4869%)
entry 1898000/5500645 (34.505%)
entry 1900000/5500645 (34.5414%)
entry 1901000/5500645 (34.5596%)
entry 1902000/5500645 (34.5778%)
entry 1903000/5500645 (34.5959%)
entry 1904000/5500645 (34.6141%)
entry 1905000/5500645 (34.6323%)
entry 1906000/5500645 (34.6505%)
entry 1907000/5500645 (34.6687%)
entry 1908000/5500645 (34.6868%)
entry 1909000/5500645 (34.705%)
entry 1910000/5500645 (34.7232%)
entry 1912000/5500645 (34.7596%)
entry 1913000/5500645 (34.7777%)
entry 1914000/5500645 (34.7959%)
entry 1916000/5500645 (34.8323%)
entry 1918000/5500645 (34.8686%)
entry 1919000/5500645 (34.8868%)
entry 1920000/5500645 (34.905%)
entry 1921000/5500645 (34.9232%)
entry 1922000/5500645 (34.9414%)
entry 1923000/5500645 (34.9595%)
entry 1926000/5500645 (35.0141%)
entry 1927000/5500645 (35.0323%)
entry 1928000/5500645 (35.0504%)
entry 1930000/5500645 (35.0868%)
entry 1931000/5500645 (35.105%)
entry 1932000/5500645 (35.1232%)
entry 1933000/5500645 (35.1413%)
entry 1934000/5500645 (35.1595%)
entry 1935000/5500645 (35.1777%)
entry 1936000/5500645 (35.1959%)
entry 1937000/5500645 (35.2141%)
entry 1938000/5500645 (35.2322%)
entry 1939000/5500645 (35.2504%)
entry 1940000/5500645 (35.2686%)
entry 1941000/5500645 (35.2868%)
entry 1942000/5500645 (35.305%)
entry 1944000/5500645 (35.3413%)
entry 1945000/5500645 (35.3595%)
entry 1946000/5500645 (35.3777%)
entry 1947000/5500645 (35.3958%)
entry 1948000/5500645 (35.414%)
entry 1949000/5500645 (35.4322%)
entry 1950000/5500645 (35.4504%)
entry 1952000/5500645 (35.4867%)
entry 1953000/5500645 (35.5049%)
entry 1956000/5500645 (35.5595%)
entry 1957000/5500645 (35.5776%)
entry 1958000/5500645 (35.5958%)
entry 1959000/5500645 (35.614%)
entry 1960000/5500645 (35.6322%)
entry 1962000/5500645 (35.6685%)
entry 1963000/5500645 (35.6867%)
entry 1965000/5500645 (35.7231%)
entry 1966000/5500645 (35.7413%)
entry 1967000/5500645 (35.7594%)
entry 1968000/5500645 (35.7776%)
entry 1970000/5500645 (35.814%)
entry 1971000/5500645 (35.8322%)
entry 1972000/5500645 (35.8503%)
entry 1973000/5500645 (35.8685%)
entry 1976000/5500645 (35.9231%)
entry 1977000/5500645 (35.9412%)
entry 1978000/5500645 (35.9594%)
entry 1979000/5500645 (35.9776%)
entry 1980000/5500645 (35.9958%)
entry 1981000/5500645 (36.014%)
entry 1982000/5500645 (36.0321%)
entry 1983000/5500645 (36.0503%)
entry 1985000/5500645 (36.0867%)
entry 1987000/5500645 (36.123%)
entry 1990000/5500645 (36.1776%)
entry 1991000/5500645 (36.1958%)
entry 1992000/5500645 (36.2139%)
entry 1993000/5500645 (36.2321%)
entry 1995000/5500645 (36.2685%)
entry 1996000/5500645 (36.2867%)
entry 1997000/5500645 (36.3048%)
entry 1998000/5500645 (36.323%)
entry 1999000/5500645 (36.3412%)
entry 2001000/5500645 (36.3776%)
entry 2002000/5500645 (36.3957%)
entry 2003000/5500645 (36.4139%)
entry 2004000/5500645 (36.4321%)
entry 2005000/5500645 (36.4503%)
entry 2006000/5500645 (36.4684%)
entry 2007000/5500645 (36.4866%)
entry 2008000/5500645 (36.5048%)
entry 2009000/5500645 (36.523%)
entry 2011000/5500645 (36.5593%)
entry 2012000/5500645 (36.5775%)
entry 2014000/5500645 (36.6139%)
entry 2015000/5500645 (36.6321%)
entry 2016000/5500645 (36.6502%)
entry 2018000/5500645 (36.6866%)
entry 2019000/5500645 (36.7048%)
entry 2020000/5500645 (36.723%)
entry 2022000/5500645 (36.7593%)
entry 2023000/5500645 (36.7775%)
entry 2025000/5500645 (36.8139%)
entry 2026000/5500645 (36.832%)
entry 2027000/5500645 (36.8502%)
entry 2028000/5500645 (36.8684%)
entry 2029000/5500645 (36.8866%)
entry 2030000/5500645 (36.9048%)
entry 2031000/5500645 (36.9229%)
entry 2032000/5500645 (36.9411%)
entry 2033000/5500645 (36.9593%)
entry 2034000/5500645 (36.9775%)
entry 2035000/5500645 (36.9957%)
entry 2036000/5500645 (37.0138%)
entry 2037000/5500645 (37.032%)
entry 2038000/5500645 (37.0502%)
entry 2040000/5500645 (37.0866%)
entry 2041000/5500645 (37.1047%)
entry 2042000/5500645 (37.1229%)
entry 2044000/5500645 (37.1593%)
entry 2045000/5500645 (37.1775%)
entry 2046000/5500645 (37.1956%)
entry 2047000/5500645 (37.2138%)
entry 2048000/5500645 (37.232%)
entry 2051000/5500645 (37.2865%)
entry 2052000/5500645 (37.3047%)
entry 2053000/5500645 (37.3229%)
entry 2055000/5500645 (37.3593%)
entry 2056000/5500645 (37.3774%)
entry 2057000/5500645 (37.3956%)
entry 2058000/5500645 (37.4138%)
entry 2059000/5500645 (37.432%)
entry 2061000/5500645 (37.4683%)
entry 2062000/5500645 (37.4865%)
entry 2063000/5500645 (37.5047%)
entry 2064000/5500645 (37.5229%)
entry 2065000/5500645 (37.5411%)
entry 2066000/5500645 (37.5592%)
entry 2067000/5500645 (37.5774%)
entry 2068000/5500645 (37.5956%)
entry 2069000/5500645 (37.6138%)
entry 2070000/5500645 (37.6319%)
entry 2071000/5500645 (37.6501%)
entry 2072000/5500645 (37.6683%)
entry 2073000/5500645 (37.6865%)
entry 2074000/5500645 (37.7047%)
entry 2075000/5500645 (37.7228%)
entry 2076000/5500645 (37.741%)
entry 2078000/5500645 (37.7774%)
entry 2080000/5500645 (37.8137%)
entry 2081000/5500645 (37.8319%)
entry 2083000/5500645 (37.8683%)
entry 2084000/5500645 (37.8865%)
entry 2085000/5500645 (37.9046%)
entry 2086000/5500645 (37.9228%)
entry 2088000/5500645 (37.9592%)
entry 2089000/5500645 (37.9774%)
entry 2090000/5500645 (37.9955%)
entry 2091000/5500645 (38.0137%)
entry 2093000/5500645 (38.0501%)
entry 2094000/5500645 (38.0683%)
entry 2095000/5500645 (38.0864%)
entry 2096000/5500645 (38.1046%)
entry 2097000/5500645 (38.1228%)
entry 2098000/5500645 (38.141%)
entry 2099000/5500645 (38.1592%)
entry 2100000/5500645 (38.1773%)
entry 2101000/5500645 (38.1955%)
entry 2103000/5500645 (38.2319%)
entry 2104000/5500645 (38.2501%)
entry 2106000/5500645 (38.2864%)
entry 2109000/5500645 (38.341%)
entry 2110000/5500645 (38.3591%)
entry 2112000/5500645 (38.3955%)
entry 2113000/5500645 (38.4137%)
entry 2114000/5500645 (38.4319%)
entry 2115000/5500645 (38.45%)
entry 2116000/5500645 (38.4682%)
entry 2117000/5500645 (38.4864%)
entry 2118000/5500645 (38.5046%)
entry 2119000/5500645 (38.5228%)
entry 2121000/5500645 (38.5591%)
entry 2122000/5500645 (38.5773%)
entry 2123000/5500645 (38.5955%)
entry 2124000/5500645 (38.6137%)
entry 2125000/5500645 (38.6318%)
entry 2129000/5500645 (38.7046%)
entry 2130000/5500645 (38.7227%)
entry 2134000/5500645 (38.7955%)
entry 2138000/5500645 (38.8682%)
entry 2141000/5500645 (38.9227%)
entry 2144000/5500645 (38.9772%)
entry 2145000/5500645 (38.9954%)
entry 2146000/5500645 (39.0136%)
entry 2147000/5500645 (39.0318%)
entry 2148000/5500645 (39.05%)
entry 2149000/5500645 (39.0681%)
entry 2150000/5500645 (39.0863%)
entry 2151000/5500645 (39.1045%)
entry 2152000/5500645 (39.1227%)
entry 2155000/5500645 (39.1772%)
entry 2156000/5500645 (39.1954%)
entry 2157000/5500645 (39.2136%)
entry 2158000/5500645 (39.2318%)
entry 2159000/5500645 (39.2499%)
entry 2160000/5500645 (39.2681%)
entry 2161000/5500645 (39.2863%)
entry 2164000/5500645 (39.3408%)
entry 2165000/5500645 (39.359%)
entry 2166000/5500645 (39.3772%)
entry 2167000/5500645 (39.3954%)
entry 2168000/5500645 (39.4136%)
entry 2169000/5500645 (39.4317%)
entry 2170000/5500645 (39.4499%)
entry 2172000/5500645 (39.4863%)
entry 2174000/5500645 (39.5226%)
entry 2176000/5500645 (39.559%)
entry 2177000/5500645 (39.5772%)
entry 2178000/5500645 (39.5954%)
entry 2179000/5500645 (39.6135%)
entry 2180000/5500645 (39.6317%)
entry 2181000/5500645 (39.6499%)
entry 2182000/5500645 (39.6681%)
entry 2183000/5500645 (39.6863%)
entry 2185000/5500645 (39.7226%)
entry 2187000/5500645 (39.759%)
entry 2189000/5500645 (39.7953%)
entry 2191000/5500645 (39.8317%)
entry 2194000/5500645 (39.8862%)
entry 2196000/5500645 (39.9226%)
entry 2198000/5500645 (39.959%)
entry 2199000/5500645 (39.9771%)
entry 2200000/5500645 (39.9953%)
entry 2201000/5500645 (40.0135%)
entry 2202000/5500645 (40.0317%)
entry 2204000/5500645 (40.068%)
entry 2205000/5500645 (40.0862%)
entry 2206000/5500645 (40.1044%)
entry 2207000/5500645 (40.1226%)
entry 2208000/5500645 (40.1407%)
entry 2209000/5500645 (40.1589%)
entry 2210000/5500645 (40.1771%)
entry 2211000/5500645 (40.1953%)
entry 2212000/5500645 (40.2135%)
entry 2213000/5500645 (40.2316%)
entry 2214000/5500645 (40.2498%)
entry 2217000/5500645 (40.3044%)
entry 2218000/5500645 (40.3225%)
entry 2219000/5500645 (40.3407%)
entry 2220000/5500645 (40.3589%)
entry 2222000/5500645 (40.3953%)
entry 2223000/5500645 (40.4134%)
entry 2224000/5500645 (40.4316%)
entry 2225000/5500645 (40.4498%)
entry 2226000/5500645 (40.468%)
entry 2227000/5500645 (40.4862%)
entry 2228000/5500645 (40.5043%)
entry 2229000/5500645 (40.5225%)
entry 2230000/5500645 (40.5407%)
entry 2231000/5500645 (40.5589%)
entry 2232000/5500645 (40.5771%)
entry 2233000/5500645 (40.5952%)
entry 2234000/5500645 (40.6134%)
entry 2235000/5500645 (40.6316%)
entry 2236000/5500645 (40.6498%)
entry 2237000/5500645 (40.668%)
entry 2238000/5500645 (40.6861%)
entry 2239000/5500645 (40.7043%)
entry 2240000/5500645 (40.7225%)
entry 2241000/5500645 (40.7407%)
entry 2242000/5500645 (40.7589%)
entry 2243000/5500645 (40.777%)
entry 2244000/5500645 (40.7952%)
entry 2245000/5500645 (40.8134%)
entry 2246000/5500645 (40.8316%)
entry 2247000/5500645 (40.8498%)
entry 2248000/5500645 (40.8679%)
entry 2249000/5500645 (40.8861%)
entry 2251000/5500645 (40.9225%)
entry 2252000/5500645 (40.9407%)
entry 2253000/5500645 (40.9588%)
entry 2254000/5500645 (40.977%)
entry 2255000/5500645 (40.9952%)
entry 2257000/5500645 (41.0316%)
entry 2258000/5500645 (41.0497%)
entry 2259000/5500645 (41.0679%)
entry 2260000/5500645 (41.0861%)
entry 2262000/5500645 (41.1225%)
entry 2263000/5500645 (41.1406%)
entry 2264000/5500645 (41.1588%)
entry 2265000/5500645 (41.177%)
entry 2266000/5500645 (41.1952%)
entry 2268000/5500645 (41.2315%)
entry 2270000/5500645 (41.2679%)
entry 2271000/5500645 (41.2861%)
entry 2272000/5500645 (41.3042%)
entry 2273000/5500645 (41.3224%)
entry 2274000/5500645 (41.3406%)
entry 2277000/5500645 (41.3951%)
entry 2278000/5500645 (41.4133%)
entry 2279000/5500645 (41.4315%)
entry 2280000/5500645 (41.4497%)
entry 2281000/5500645 (41.4679%)
entry 2282000/5500645 (41.486%)
entry 2283000/5500645 (41.5042%)
entry 2284000/5500645 (41.5224%)
entry 2287000/5500645 (41.5769%)
entry 2288000/5500645 (41.5951%)
entry 2289000/5500645 (41.6133%)
entry 2290000/5500645 (41.6315%)
entry 2292000/5500645 (41.6678%)
entry 2294000/5500645 (41.7042%)
entry 2297000/5500645 (41.7587%)
entry 2298000/5500645 (41.7769%)
entry 2299000/5500645 (41.7951%)
entry 2300000/5500645 (41.8133%)
entry 2302000/5500645 (41.8496%)
entry 2303000/5500645 (41.8678%)
entry 2304000/5500645 (41.886%)
entry 2305000/5500645 (41.9042%)
entry 2306000/5500645 (41.9224%)
entry 2307000/5500645 (41.9405%)
entry 2308000/5500645 (41.9587%)
entry 2309000/5500645 (41.9769%)
entry 2310000/5500645 (41.9951%)
entry 2311000/5500645 (42.0133%)
entry 2312000/5500645 (42.0314%)
entry 2313000/5500645 (42.0496%)
entry 2314000/5500645 (42.0678%)
entry 2318000/5500645 (42.1405%)
entry 2320000/5500645 (42.1769%)
entry 2321000/5500645 (42.1951%)
entry 2322000/5500645 (42.2132%)
entry 2323000/5500645 (42.2314%)
entry 2324000/5500645 (42.2496%)
entry 2325000/5500645 (42.2678%)
entry 2327000/5500645 (42.3041%)
entry 2328000/5500645 (42.3223%)
entry 2329000/5500645 (42.3405%)
entry 2330000/5500645 (42.3587%)
entry 2332000/5500645 (42.395%)
entry 2334000/5500645 (42.4314%)
entry 2336000/5500645 (42.4677%)
entry 2339000/5500645 (42.5223%)
entry 2340000/5500645 (42.5405%)
entry 2341000/5500645 (42.5586%)
entry 2342000/5500645 (42.5768%)
entry 2343000/5500645 (42.595%)
entry 2344000/5500645 (42.6132%)
entry 2346000/5500645 (42.6495%)
entry 2347000/5500645 (42.6677%)
entry 2348000/5500645 (42.6859%)
entry 2350000/5500645 (42.7223%)
entry 2352000/5500645 (42.7586%)
entry 2353000/5500645 (42.7768%)
entry 2356000/5500645 (42.8313%)
entry 2358000/5500645 (42.8677%)
entry 2359000/5500645 (42.8859%)
entry 2360000/5500645 (42.9041%)
entry 2361000/5500645 (42.9222%)
entry 2362000/5500645 (42.9404%)
entry 2363000/5500645 (42.9586%)
entry 2364000/5500645 (42.9768%)
entry 2365000/5500645 (42.995%)
entry 2366000/5500645 (43.0131%)
entry 2368000/5500645 (43.0495%)
entry 2370000/5500645 (43.0859%)
entry 2371000/5500645 (43.104%)
entry 2372000/5500645 (43.1222%)
entry 2377000/5500645 (43.2131%)
entry 2378000/5500645 (43.2313%)
entry 2379000/5500645 (43.2495%)
entry 2380000/5500645 (43.2677%)
entry 2382000/5500645 (43.304%)
entry 2384000/5500645 (43.3404%)
entry 2386000/5500645 (43.3767%)
entry 2388000/5500645 (43.4131%)
entry 2390000/5500645 (43.4494%)
entry 2394000/5500645 (43.5222%)
entry 2395000/5500645 (43.5403%)
entry 2396000/5500645 (43.5585%)
entry 2397000/5500645 (43.5767%)
entry 2398000/5500645 (43.5949%)
entry 2399000/5500645 (43.6131%)
entry 2400000/5500645 (43.6312%)
entry 2404000/5500645 (43.704%)
entry 2407000/5500645 (43.7585%)
entry 2408000/5500645 (43.7767%)
entry 2409000/5500645 (43.7949%)
entry 2410000/5500645 (43.813%)
entry 2411000/5500645 (43.8312%)
entry 2413000/5500645 (43.8676%)
entry 2414000/5500645 (43.8858%)
entry 2417000/5500645 (43.9403%)
entry 2420000/5500645 (43.9948%)
entry 2421000/5500645 (44.013%)
entry 2423000/5500645 (44.0494%)
entry 2424000/5500645 (44.0676%)
entry 2425000/5500645 (44.0857%)
entry 2429000/5500645 (44.1585%)
entry 2430000/5500645 (44.1766%)
entry 2431000/5500645 (44.1948%)
entry 2432000/5500645 (44.213%)
entry 2434000/5500645 (44.2494%)
entry 2435000/5500645 (44.2675%)
entry 2437000/5500645 (44.3039%)
entry 2438000/5500645 (44.3221%)
entry 2439000/5500645 (44.3403%)
entry 2440000/5500645 (44.3584%)
entry 2442000/5500645 (44.3948%)
entry 2443000/5500645 (44.413%)
entry 2444000/5500645 (44.4312%)
entry 2445000/5500645 (44.4493%)
entry 2446000/5500645 (44.4675%)
entry 2447000/5500645 (44.4857%)
entry 2448000/5500645 (44.5039%)
entry 2449000/5500645 (44.5221%)
entry 2451000/5500645 (44.5584%)
entry 2452000/5500645 (44.5766%)
entry 2453000/5500645 (44.5948%)
entry 2454000/5500645 (44.613%)
entry 2455000/5500645 (44.6311%)
entry 2456000/5500645 (44.6493%)
entry 2457000/5500645 (44.6675%)
entry 2458000/5500645 (44.6857%)
entry 2459000/5500645 (44.7038%)
entry 2461000/5500645 (44.7402%)
entry 2462000/5500645 (44.7584%)
entry 2463000/5500645 (44.7766%)
entry 2465000/5500645 (44.8129%)
entry 2466000/5500645 (44.8311%)
entry 2467000/5500645 (44.8493%)
entry 2468000/5500645 (44.8675%)
entry 2470000/5500645 (44.9038%)
entry 2471000/5500645 (44.922%)
entry 2472000/5500645 (44.9402%)
entry 2473000/5500645 (44.9584%)
entry 2475000/5500645 (44.9947%)
entry 2476000/5500645 (45.0129%)
entry 2477000/5500645 (45.0311%)
entry 2478000/5500645 (45.0493%)
entry 2480000/5500645 (45.0856%)
entry 2481000/5500645 (45.1038%)
entry 2482000/5500645 (45.122%)
entry 2483000/5500645 (45.1402%)
entry 2484000/5500645 (45.1583%)
entry 2486000/5500645 (45.1947%)
entry 2487000/5500645 (45.2129%)
entry 2489000/5500645 (45.2492%)
entry 2491000/5500645 (45.2856%)
entry 2492000/5500645 (45.3038%)
entry 2493000/5500645 (45.322%)
entry 2495000/5500645 (45.3583%)
entry 2497000/5500645 (45.3947%)
entry 2498000/5500645 (45.4129%)
entry 2499000/5500645 (45.431%)
entry 2500000/5500645 (45.4492%)
entry 2501000/5500645 (45.4674%)
entry 2504000/5500645 (45.5219%)
entry 2505000/5500645 (45.5401%)
entry 2506000/5500645 (45.5583%)
entry 2507000/5500645 (45.5765%)
entry 2508000/5500645 (45.5947%)
entry 2509000/5500645 (45.6128%)
entry 2510000/5500645 (45.631%)
entry 2511000/5500645 (45.6492%)
entry 2513000/5500645 (45.6856%)
entry 2514000/5500645 (45.7037%)
entry 2515000/5500645 (45.7219%)
entry 2518000/5500645 (45.7765%)
entry 2520000/5500645 (45.8128%)
entry 2521000/5500645 (45.831%)
entry 2522000/5500645 (45.8492%)
entry 2523000/5500645 (45.8673%)
entry 2524000/5500645 (45.8855%)
entry 2525000/5500645 (45.9037%)
entry 2528000/5500645 (45.9582%)
entry 2530000/5500645 (45.9946%)
entry 2534000/5500645 (46.0673%)
entry 2535000/5500645 (46.0855%)
entry 2537000/5500645 (46.1219%)
entry 2538000/5500645 (46.14%)
entry 2539000/5500645 (46.1582%)
entry 2540000/5500645 (46.1764%)
entry 2542000/5500645 (46.2128%)
entry 2543000/5500645 (46.2309%)
entry 2544000/5500645 (46.2491%)
entry 2545000/5500645 (46.2673%)
entry 2546000/5500645 (46.2855%)
entry 2548000/5500645 (46.3218%)
entry 2549000/5500645 (46.34%)
entry 2550000/5500645 (46.3582%)
entry 2552000/5500645 (46.3946%)
entry 2553000/5500645 (46.4127%)
entry 2554000/5500645 (46.4309%)
entry 2555000/5500645 (46.4491%)
entry 2556000/5500645 (46.4673%)
entry 2557000/5500645 (46.4855%)
entry 2559000/5500645 (46.5218%)
entry 2561000/5500645 (46.5582%)
entry 2563000/5500645 (46.5945%)
entry 2564000/5500645 (46.6127%)
entry 2566000/5500645 (46.6491%)
entry 2568000/5500645 (46.6854%)
entry 2571000/5500645 (46.74%)
entry 2572000/5500645 (46.7582%)
entry 2573000/5500645 (46.7763%)
entry 2575000/5500645 (46.8127%)
entry 2576000/5500645 (46.8309%)
entry 2577000/5500645 (46.8491%)
entry 2578000/5500645 (46.8672%)
entry 2580000/5500645 (46.9036%)
entry 2581000/5500645 (46.9218%)
entry 2582000/5500645 (46.94%)
entry 2583000/5500645 (46.9581%)
entry 2584000/5500645 (46.9763%)
entry 2585000/5500645 (46.9945%)
entry 2586000/5500645 (47.0127%)
entry 2587000/5500645 (47.0308%)
entry 2588000/5500645 (47.049%)
entry 2590000/5500645 (47.0854%)
entry 2592000/5500645 (47.1217%)
entry 2594000/5500645 (47.1581%)
entry 2595000/5500645 (47.1763%)
entry 2596000/5500645 (47.1945%)
entry 2598000/5500645 (47.2308%)
entry 2599000/5500645 (47.249%)
entry 2600000/5500645 (47.2672%)
entry 2601000/5500645 (47.2854%)
entry 2602000/5500645 (47.3035%)
entry 2603000/5500645 (47.3217%)
entry 2604000/5500645 (47.3399%)
entry 2605000/5500645 (47.3581%)
entry 2606000/5500645 (47.3763%)
entry 2607000/5500645 (47.3944%)
entry 2609000/5500645 (47.4308%)
entry 2610000/5500645 (47.449%)
entry 2612000/5500645 (47.4853%)
entry 2614000/5500645 (47.5217%)
entry 2615000/5500645 (47.5399%)
entry 2616000/5500645 (47.5581%)
entry 2620000/5500645 (47.6308%)
entry 2621000/5500645 (47.649%)
entry 2622000/5500645 (47.6671%)
entry 2624000/5500645 (47.7035%)
entry 2626000/5500645 (47.7399%)
entry 2628000/5500645 (47.7762%)
entry 2629000/5500645 (47.7944%)
entry 2630000/5500645 (47.8126%)
entry 2631000/5500645 (47.8308%)
entry 2633000/5500645 (47.8671%)
entry 2634000/5500645 (47.8853%)
entry 2635000/5500645 (47.9035%)
entry 2636000/5500645 (47.9217%)
entry 2637000/5500645 (47.9398%)
entry 2638000/5500645 (47.958%)
entry 2640000/5500645 (47.9944%)
entry 2641000/5500645 (48.0126%)
entry 2642000/5500645 (48.0307%)
entry 2646000/5500645 (48.1034%)
entry 2647000/5500645 (48.1216%)
entry 2648000/5500645 (48.1398%)
entry 2649000/5500645 (48.158%)
entry 2650000/5500645 (48.1762%)
entry 2652000/5500645 (48.2125%)
entry 2653000/5500645 (48.2307%)
entry 2654000/5500645 (48.2489%)
entry 2655000/5500645 (48.2671%)
entry 2656000/5500645 (48.2852%)
entry 2657000/5500645 (48.3034%)
entry 2658000/5500645 (48.3216%)
entry 2660000/5500645 (48.358%)
entry 2661000/5500645 (48.3761%)
entry 2662000/5500645 (48.3943%)
entry 2664000/5500645 (48.4307%)
entry 2665000/5500645 (48.4489%)
entry 2666000/5500645 (48.467%)
entry 2667000/5500645 (48.4852%)
entry 2669000/5500645 (48.5216%)
entry 2671000/5500645 (48.5579%)
entry 2673000/5500645 (48.5943%)
entry 2674000/5500645 (48.6125%)
entry 2675000/5500645 (48.6307%)
entry 2676000/5500645 (48.6488%)
entry 2677000/5500645 (48.667%)
entry 2678000/5500645 (48.6852%)
entry 2680000/5500645 (48.7216%)
entry 2681000/5500645 (48.7397%)
entry 2682000/5500645 (48.7579%)
entry 2683000/5500645 (48.7761%)
entry 2684000/5500645 (48.7943%)
entry 2685000/5500645 (48.8125%)
entry 2686000/5500645 (48.8306%)
entry 2687000/5500645 (48.8488%)
entry 2688000/5500645 (48.867%)
entry 2689000/5500645 (48.8852%)
entry 2691000/5500645 (48.9215%)
entry 2692000/5500645 (48.9397%)
entry 2694000/5500645 (48.9761%)
entry 2695000/5500645 (48.9943%)
entry 2696000/5500645 (49.0124%)
entry 2697000/5500645 (49.0306%)
entry 2698000/5500645 (49.0488%)
entry 2699000/5500645 (49.067%)
entry 2700000/5500645 (49.0852%)
entry 2701000/5500645 (49.1033%)
entry 2702000/5500645 (49.1215%)
entry 2704000/5500645 (49.1579%)
entry 2705000/5500645 (49.1761%)
entry 2706000/5500645 (49.1942%)
entry 2707000/5500645 (49.2124%)
entry 2709000/5500645 (49.2488%)
entry 2710000/5500645 (49.2669%)
entry 2711000/5500645 (49.2851%)
entry 2713000/5500645 (49.3215%)
entry 2716000/5500645 (49.376%)
entry 2718000/5500645 (49.4124%)
entry 2719000/5500645 (49.4306%)
entry 2722000/5500645 (49.4851%)
entry 2724000/5500645 (49.5215%)
entry 2726000/5500645 (49.5578%)
entry 2728000/5500645 (49.5942%)
entry 2729000/5500645 (49.6124%)
entry 2730000/5500645 (49.6305%)
entry 2731000/5500645 (49.6487%)
entry 2733000/5500645 (49.6851%)
entry 2734000/5500645 (49.7033%)
entry 2736000/5500645 (49.7396%)
entry 2739000/5500645 (49.7942%)
entry 2741000/5500645 (49.8305%)
entry 2742000/5500645 (49.8487%)
entry 2743000/5500645 (49.8669%)
entry 2744000/5500645 (49.8851%)
entry 2745000/5500645 (49.9032%)
entry 2746000/5500645 (49.9214%)
entry 2747000/5500645 (49.9396%)
entry 2748000/5500645 (49.9578%)
entry 2749000/5500645 (49.976%)
entry 2750000/5500645 (49.9941%)
entry 2751000/5500645 (50.0123%)
entry 2752000/5500645 (50.0305%)
entry 2753000/5500645 (50.0487%)
entry 2754000/5500645 (50.0669%)
entry 2755000/5500645 (50.085%)
entry 2757000/5500645 (50.1214%)
entry 2761000/5500645 (50.1941%)
entry 2762000/5500645 (50.2123%)
entry 2763000/5500645 (50.2305%)
entry 2764000/5500645 (50.2487%)
entry 2765000/5500645 (50.2668%)
entry 2766000/5500645 (50.285%)
entry 2767000/5500645 (50.3032%)
entry 2768000/5500645 (50.3214%)
entry 2769000/5500645 (50.3395%)
entry 2771000/5500645 (50.3759%)
entry 2772000/5500645 (50.3941%)
entry 2773000/5500645 (50.4123%)
entry 2774000/5500645 (50.4304%)
entry 2775000/5500645 (50.4486%)
entry 2776000/5500645 (50.4668%)
entry 2778000/5500645 (50.5032%)
entry 2779000/5500645 (50.5213%)
entry 2780000/5500645 (50.5395%)
entry 2781000/5500645 (50.5577%)
entry 2783000/5500645 (50.5941%)
entry 2784000/5500645 (50.6122%)
entry 2785000/5500645 (50.6304%)
entry 2787000/5500645 (50.6668%)
entry 2788000/5500645 (50.685%)
entry 2789000/5500645 (50.7031%)
entry 2790000/5500645 (50.7213%)
entry 2792000/5500645 (50.7577%)
entry 2793000/5500645 (50.7759%)
entry 2795000/5500645 (50.8122%)
entry 2796000/5500645 (50.8304%)
entry 2797000/5500645 (50.8486%)
entry 2799000/5500645 (50.8849%)
entry 2800000/5500645 (50.9031%)
entry 2801000/5500645 (50.9213%)
entry 2802000/5500645 (50.9395%)
entry 2803000/5500645 (50.9577%)
entry 2808000/5500645 (51.0486%)
entry 2809000/5500645 (51.0667%)
entry 2810000/5500645 (51.0849%)
entry 2811000/5500645 (51.1031%)
entry 2812000/5500645 (51.1213%)
entry 2813000/5500645 (51.1395%)
entry 2816000/5500645 (51.194%)
entry 2817000/5500645 (51.2122%)
entry 2818000/5500645 (51.2304%)
entry 2819000/5500645 (51.2485%)
entry 2820000/5500645 (51.2667%)
entry 2821000/5500645 (51.2849%)
entry 2822000/5500645 (51.3031%)
entry 2823000/5500645 (51.3213%)
entry 2824000/5500645 (51.3394%)
entry 2825000/5500645 (51.3576%)
entry 2826000/5500645 (51.3758%)
entry 2827000/5500645 (51.394%)
entry 2828000/5500645 (51.4122%)
entry 2829000/5500645 (51.4303%)
entry 2830000/5500645 (51.4485%)
entry 2831000/5500645 (51.4667%)
entry 2832000/5500645 (51.4849%)
entry 2833000/5500645 (51.5031%)
entry 2834000/5500645 (51.5212%)
entry 2835000/5500645 (51.5394%)
entry 2837000/5500645 (51.5758%)
entry 2838000/5500645 (51.5939%)
entry 2839000/5500645 (51.6121%)
entry 2841000/5500645 (51.6485%)
entry 2842000/5500645 (51.6667%)
entry 2844000/5500645 (51.703%)
entry 2846000/5500645 (51.7394%)
entry 2848000/5500645 (51.7757%)
entry 2849000/5500645 (51.7939%)
entry 2851000/5500645 (51.8303%)
entry 2852000/5500645 (51.8485%)
entry 2854000/5500645 (51.8848%)
entry 2855000/5500645 (51.903%)
entry 2856000/5500645 (51.9212%)
entry 2857000/5500645 (51.9394%)
entry 2858000/5500645 (51.9575%)
entry 2859000/5500645 (51.9757%)
entry 2860000/5500645 (51.9939%)
entry 2861000/5500645 (52.0121%)
entry 2862000/5500645 (52.0303%)
entry 2863000/5500645 (52.0484%)
entry 2864000/5500645 (52.0666%)
entry 2865000/5500645 (52.0848%)
entry 2866000/5500645 (52.103%)
entry 2867000/5500645 (52.1212%)
entry 2868000/5500645 (52.1393%)
entry 2869000/5500645 (52.1575%)
entry 2871000/5500645 (52.1939%)
entry 2873000/5500645 (52.2302%)
entry 2874000/5500645 (52.2484%)
entry 2875000/5500645 (52.2666%)
entry 2876000/5500645 (52.2848%)
entry 2877000/5500645 (52.303%)
entry 2880000/5500645 (52.3575%)
entry 2881000/5500645 (52.3757%)
entry 2882000/5500645 (52.3939%)
entry 2883000/5500645 (52.412%)
entry 2884000/5500645 (52.4302%)
entry 2886000/5500645 (52.4666%)
entry 2887000/5500645 (52.4848%)
entry 2888000/5500645 (52.5029%)
entry 2889000/5500645 (52.5211%)
entry 2890000/5500645 (52.5393%)
entry 2891000/5500645 (52.5575%)
entry 2894000/5500645 (52.612%)
entry 2895000/5500645 (52.6302%)
entry 2896000/5500645 (52.6484%)
entry 2897000/5500645 (52.6666%)
entry 2898000/5500645 (52.6847%)
entry 2899000/5500645 (52.7029%)
entry 2900000/5500645 (52.7211%)
entry 2902000/5500645 (52.7574%)
entry 2904000/5500645 (52.7938%)
entry 2905000/5500645 (52.812%)
entry 2906000/5500645 (52.8302%)
entry 2907000/5500645 (52.8483%)
entry 2908000/5500645 (52.8665%)
entry 2909000/5500645 (52.8847%)
entry 2910000/5500645 (52.9029%)
entry 2911000/5500645 (52.9211%)
entry 2912000/5500645 (52.9392%)
entry 2913000/5500645 (52.9574%)
entry 2914000/5500645 (52.9756%)
entry 2915000/5500645 (52.9938%)
entry 2916000/5500645 (53.012%)
entry 2918000/5500645 (53.0483%)
entry 2919000/5500645 (53.0665%)
entry 2920000/5500645 (53.0847%)
entry 2921000/5500645 (53.1029%)
entry 2922000/5500645 (53.121%)
entry 2923000/5500645 (53.1392%)
entry 2924000/5500645 (53.1574%)
entry 2925000/5500645 (53.1756%)
entry 2927000/5500645 (53.2119%)
entry 2928000/5500645 (53.2301%)
entry 2930000/5500645 (53.2665%)
entry 2931000/5500645 (53.2847%)
entry 2932000/5500645 (53.3028%)
entry 2933000/5500645 (53.321%)
entry 2934000/5500645 (53.3392%)
entry 2935000/5500645 (53.3574%)
entry 2936000/5500645 (53.3756%)
entry 2937000/5500645 (53.3937%)
entry 2940000/5500645 (53.4483%)
entry 2941000/5500645 (53.4665%)
entry 2942000/5500645 (53.4846%)
entry 2943000/5500645 (53.5028%)
entry 2944000/5500645 (53.521%)
entry 2945000/5500645 (53.5392%)
entry 2949000/5500645 (53.6119%)
entry 2951000/5500645 (53.6483%)
entry 2952000/5500645 (53.6664%)
entry 2953000/5500645 (53.6846%)
entry 2954000/5500645 (53.7028%)
entry 2956000/5500645 (53.7392%)
entry 2957000/5500645 (53.7573%)
entry 2958000/5500645 (53.7755%)
entry 2959000/5500645 (53.7937%)
entry 2960000/5500645 (53.8119%)
entry 2962000/5500645 (53.8482%)
entry 2963000/5500645 (53.8664%)
entry 2964000/5500645 (53.8846%)
entry 2965000/5500645 (53.9028%)
entry 2966000/5500645 (53.9209%)
entry 2967000/5500645 (53.9391%)
entry 2968000/5500645 (53.9573%)
entry 2969000/5500645 (53.9755%)
entry 2970000/5500645 (53.9937%)
entry 2971000/5500645 (54.0118%)
entry 2973000/5500645 (54.0482%)
entry 2974000/5500645 (54.0664%)
entry 2976000/5500645 (54.1027%)
entry 2978000/5500645 (54.1391%)
entry 2979000/5500645 (54.1573%)
entry 2980000/5500645 (54.1755%)
entry 2981000/5500645 (54.1936%)
entry 2983000/5500645 (54.23%)
entry 2984000/5500645 (54.2482%)
entry 2985000/5500645 (54.2664%)
entry 2988000/5500645 (54.3209%)
entry 2989000/5500645 (54.3391%)
entry 2990000/5500645 (54.3573%)
entry 2991000/5500645 (54.3754%)
entry 2992000/5500645 (54.3936%)
entry 2993000/5500645 (54.4118%)
entry 2994000/5500645 (54.43%)
entry 2995000/5500645 (54.4482%)
entry 2996000/5500645 (54.4663%)
entry 2997000/5500645 (54.4845%)
entry 2998000/5500645 (54.5027%)
entry 2999000/5500645 (54.5209%)
entry 3000000/5500645 (54.5391%)
entry 3005000/5500645 (54.63%)
entry 3007000/5500645 (54.6663%)
entry 3008000/5500645 (54.6845%)
entry 3009000/5500645 (54.7027%)
entry 3011000/5500645 (54.739%)
entry 3012000/5500645 (54.7572%)
entry 3014000/5500645 (54.7936%)
entry 3016000/5500645 (54.8299%)
entry 3017000/5500645 (54.8481%)
entry 3018000/5500645 (54.8663%)
entry 3022000/5500645 (54.939%)
entry 3023000/5500645 (54.9572%)
entry 3024000/5500645 (54.9754%)
entry 3025000/5500645 (54.9936%)
entry 3026000/5500645 (55.0117%)
entry 3027000/5500645 (55.0299%)
entry 3028000/5500645 (55.0481%)
entry 3029000/5500645 (55.0663%)
entry 3030000/5500645 (55.0844%)
entry 3031000/5500645 (55.1026%)
entry 3032000/5500645 (55.1208%)
entry 3033000/5500645 (55.139%)
entry 3034000/5500645 (55.1572%)
entry 3036000/5500645 (55.1935%)
entry 3037000/5500645 (55.2117%)
entry 3038000/5500645 (55.2299%)
entry 3039000/5500645 (55.2481%)
entry 3040000/5500645 (55.2662%)
entry 3041000/5500645 (55.2844%)
entry 3042000/5500645 (55.3026%)
entry 3043000/5500645 (55.3208%)
entry 3044000/5500645 (55.339%)
entry 3046000/5500645 (55.3753%)
entry 3048000/5500645 (55.4117%)
entry 3050000/5500645 (55.448%)
entry 3051000/5500645 (55.4662%)
entry 3053000/5500645 (55.5026%)
entry 3054000/5500645 (55.5208%)
entry 3055000/5500645 (55.5389%)
entry 3056000/5500645 (55.5571%)
entry 3057000/5500645 (55.5753%)
entry 3058000/5500645 (55.5935%)
entry 3059000/5500645 (55.6117%)
entry 3060000/5500645 (55.6298%)
entry 3061000/5500645 (55.648%)
entry 3062000/5500645 (55.6662%)
entry 3065000/5500645 (55.7207%)
entry 3066000/5500645 (55.7389%)
entry 3067000/5500645 (55.7571%)
entry 3068000/5500645 (55.7753%)
entry 3069000/5500645 (55.7935%)
entry 3070000/5500645 (55.8116%)
entry 3071000/5500645 (55.8298%)
entry 3073000/5500645 (55.8662%)
entry 3074000/5500645 (55.8844%)
entry 3075000/5500645 (55.9025%)
entry 3076000/5500645 (55.9207%)
entry 3077000/5500645 (55.9389%)
entry 3078000/5500645 (55.9571%)
entry 3081000/5500645 (56.0116%)
entry 3083000/5500645 (56.048%)
entry 3084000/5500645 (56.0661%)
entry 3086000/5500645 (56.1025%)
entry 3087000/5500645 (56.1207%)
entry 3089000/5500645 (56.1571%)
entry 3090000/5500645 (56.1752%)
entry 3092000/5500645 (56.2116%)
entry 3094000/5500645 (56.2479%)
entry 3095000/5500645 (56.2661%)
entry 3096000/5500645 (56.2843%)
entry 3097000/5500645 (56.3025%)
entry 3098000/5500645 (56.3207%)
entry 3100000/5500645 (56.357%)
entry 3101000/5500645 (56.3752%)
entry 3102000/5500645 (56.3934%)
entry 3105000/5500645 (56.4479%)
entry 3106000/5500645 (56.4661%)
entry 3108000/5500645 (56.5025%)
entry 3109000/5500645 (56.5206%)
entry 3111000/5500645 (56.557%)
entry 3114000/5500645 (56.6115%)
entry 3116000/5500645 (56.6479%)
entry 3117000/5500645 (56.6661%)
entry 3118000/5500645 (56.6843%)
entry 3119000/5500645 (56.7024%)
entry 3120000/5500645 (56.7206%)
entry 3121000/5500645 (56.7388%)
entry 3123000/5500645 (56.7752%)
entry 3124000/5500645 (56.7933%)
entry 3125000/5500645 (56.8115%)
entry 3126000/5500645 (56.8297%)
entry 3127000/5500645 (56.8479%)
entry 3128000/5500645 (56.8661%)
entry 3129000/5500645 (56.8842%)
entry 3133000/5500645 (56.957%)
entry 3135000/5500645 (56.9933%)
entry 3136000/5500645 (57.0115%)
entry 3138000/5500645 (57.0479%)
entry 3140000/5500645 (57.0842%)
entry 3142000/5500645 (57.1206%)
entry 3143000/5500645 (57.1388%)
entry 3144000/5500645 (57.1569%)
entry 3145000/5500645 (57.1751%)
entry 3146000/5500645 (57.1933%)
entry 3148000/5500645 (57.2297%)
entry 3149000/5500645 (57.2478%)
entry 3152000/5500645 (57.3024%)
entry 3155000/5500645 (57.3569%)
entry 3156000/5500645 (57.3751%)
entry 3157000/5500645 (57.3933%)
entry 3158000/5500645 (57.4115%)
entry 3159000/5500645 (57.4296%)
entry 3160000/5500645 (57.4478%)
entry 3161000/5500645 (57.466%)
entry 3163000/5500645 (57.5023%)
entry 3164000/5500645 (57.5205%)
entry 3165000/5500645 (57.5387%)
entry 3168000/5500645 (57.5932%)
entry 3169000/5500645 (57.6114%)
entry 3172000/5500645 (57.666%)
entry 3173000/5500645 (57.6841%)
entry 3174000/5500645 (57.7023%)
entry 3176000/5500645 (57.7387%)
entry 3178000/5500645 (57.775%)
entry 3179000/5500645 (57.7932%)
entry 3180000/5500645 (57.8114%)
entry 3181000/5500645 (57.8296%)
entry 3182000/5500645 (57.8478%)
entry 3183000/5500645 (57.8659%)
entry 3185000/5500645 (57.9023%)
entry 3186000/5500645 (57.9205%)
entry 3187000/5500645 (57.9387%)
entry 3188000/5500645 (57.9568%)
entry 3189000/5500645 (57.975%)
entry 3190000/5500645 (57.9932%)
entry 3191000/5500645 (58.0114%)
entry 3192000/5500645 (58.0296%)
entry 3193000/5500645 (58.0477%)
entry 3194000/5500645 (58.0659%)
entry 3196000/5500645 (58.1023%)
entry 3197000/5500645 (58.1205%)
entry 3200000/5500645 (58.175%)
entry 3201000/5500645 (58.1932%)
entry 3202000/5500645 (58.2114%)
entry 3204000/5500645 (58.2477%)
entry 3205000/5500645 (58.2659%)
entry 3206000/5500645 (58.2841%)
entry 3207000/5500645 (58.3023%)
entry 3208000/5500645 (58.3204%)
entry 3209000/5500645 (58.3386%)
entry 3211000/5500645 (58.375%)
entry 3212000/5500645 (58.3932%)
entry 3213000/5500645 (58.4113%)
entry 3214000/5500645 (58.4295%)
entry 3216000/5500645 (58.4659%)
entry 3217000/5500645 (58.484%)
entry 3218000/5500645 (58.5022%)
entry 3219000/5500645 (58.5204%)
entry 3220000/5500645 (58.5386%)
entry 3221000/5500645 (58.5568%)
entry 3222000/5500645 (58.575%)
entry 3225000/5500645 (58.6295%)
entry 3226000/5500645 (58.6477%)
entry 3227000/5500645 (58.6658%)
entry 3228000/5500645 (58.684%)
entry 3229000/5500645 (58.7022%)
entry 3230000/5500645 (58.7204%)
entry 3234000/5500645 (58.7931%)
entry 3235000/5500645 (58.8113%)
entry 3239000/5500645 (58.884%)
entry 3240000/5500645 (58.9022%)
entry 3242000/5500645 (58.9385%)
entry 3243000/5500645 (58.9567%)
entry 3244000/5500645 (58.9749%)
entry 3245000/5500645 (58.9931%)
entry 3247000/5500645 (59.0294%)
entry 3248000/5500645 (59.0476%)
entry 3249000/5500645 (59.0658%)
entry 3250000/5500645 (59.084%)
entry 3251000/5500645 (59.1022%)
entry 3252000/5500645 (59.1203%)
entry 3256000/5500645 (59.1931%)
entry 3257000/5500645 (59.2112%)
entry 3258000/5500645 (59.2294%)
entry 3259000/5500645 (59.2476%)
entry 3260000/5500645 (59.2658%)
entry 3261000/5500645 (59.284%)
entry 3263000/5500645 (59.3203%)
entry 3266000/5500645 (59.3749%)
entry 3267000/5500645 (59.393%)
entry 3268000/5500645 (59.4112%)
entry 3269000/5500645 (59.4294%)
entry 3270000/5500645 (59.4476%)
entry 3272000/5500645 (59.4839%)
entry 3273000/5500645 (59.5021%)
entry 3274000/5500645 (59.5203%)
entry 3275000/5500645 (59.5385%)
entry 3276000/5500645 (59.5567%)
entry 3278000/5500645 (59.593%)
entry 3280000/5500645 (59.6294%)
entry 3281000/5500645 (59.6475%)
entry 3283000/5500645 (59.6839%)
entry 3284000/5500645 (59.7021%)
entry 3285000/5500645 (59.7203%)
entry 3287000/5500645 (59.7566%)
entry 3288000/5500645 (59.7748%)
entry 3289000/5500645 (59.793%)
entry 3290000/5500645 (59.8112%)
entry 3291000/5500645 (59.8293%)
entry 3292000/5500645 (59.8475%)
entry 3293000/5500645 (59.8657%)
entry 3294000/5500645 (59.8839%)
entry 3295000/5500645 (59.9021%)
entry 3296000/5500645 (59.9202%)
entry 3297000/5500645 (59.9384%)
entry 3299000/5500645 (59.9748%)
entry 3301000/5500645 (60.0111%)
entry 3302000/5500645 (60.0293%)
entry 3303000/5500645 (60.0475%)
entry 3304000/5500645 (60.0657%)
entry 3307000/5500645 (60.1202%)
entry 3308000/5500645 (60.1384%)
entry 3312000/5500645 (60.2111%)
entry 3313000/5500645 (60.2293%)
entry 3314000/5500645 (60.2475%)
entry 3315000/5500645 (60.2657%)
entry 3316000/5500645 (60.2838%)
entry 3317000/5500645 (60.302%)
entry 3318000/5500645 (60.3202%)
entry 3319000/5500645 (60.3384%)
entry 3320000/5500645 (60.3566%)
entry 3321000/5500645 (60.3747%)
entry 3322000/5500645 (60.3929%)
entry 3323000/5500645 (60.4111%)
entry 3326000/5500645 (60.4656%)
entry 3327000/5500645 (60.4838%)
entry 3328000/5500645 (60.502%)
entry 3330000/5500645 (60.5384%)
entry 3331000/5500645 (60.5565%)
entry 3332000/5500645 (60.5747%)
entry 3334000/5500645 (60.6111%)
entry 3335000/5500645 (60.6293%)
entry 3336000/5500645 (60.6474%)
entry 3338000/5500645 (60.6838%)
entry 3339000/5500645 (60.702%)
entry 3342000/5500645 (60.7565%)
entry 3344000/5500645 (60.7929%)
entry 3345000/5500645 (60.811%)
entry 3347000/5500645 (60.8474%)
entry 3348000/5500645 (60.8656%)
entry 3350000/5500645 (60.9019%)
entry 3352000/5500645 (60.9383%)
entry 3354000/5500645 (60.9747%)
entry 3355000/5500645 (60.9928%)
entry 3356000/5500645 (61.011%)
entry 3360000/5500645 (61.0837%)
entry 3361000/5500645 (61.1019%)
entry 3362000/5500645 (61.1201%)
entry 3363000/5500645 (61.1383%)
entry 3364000/5500645 (61.1565%)
entry 3365000/5500645 (61.1746%)
entry 3366000/5500645 (61.1928%)
entry 3368000/5500645 (61.2292%)
entry 3370000/5500645 (61.2655%)
entry 3371000/5500645 (61.2837%)
entry 3372000/5500645 (61.3019%)
entry 3374000/5500645 (61.3383%)
entry 3376000/5500645 (61.3746%)
entry 3377000/5500645 (61.3928%)
entry 3378000/5500645 (61.411%)
entry 3379000/5500645 (61.4292%)
entry 3380000/5500645 (61.4473%)
entry 3382000/5500645 (61.4837%)
entry 3383000/5500645 (61.5019%)
entry 3384000/5500645 (61.5201%)
entry 3387000/5500645 (61.5746%)
entry 3388000/5500645 (61.5928%)
entry 3391000/5500645 (61.6473%)
entry 3396000/5500645 (61.7382%)
entry 3398000/5500645 (61.7746%)
entry 3402000/5500645 (61.8473%)
entry 3404000/5500645 (61.8837%)
entry 3406000/5500645 (61.92%)
entry 3409000/5500645 (61.9745%)
entry 3411000/5500645 (62.0109%)
entry 3412000/5500645 (62.0291%)
entry 3413000/5500645 (62.0473%)
entry 3414000/5500645 (62.0654%)
entry 3415000/5500645 (62.0836%)
entry 3416000/5500645 (62.1018%)
entry 3417000/5500645 (62.12%)
entry 3418000/5500645 (62.1382%)
entry 3419000/5500645 (62.1563%)
entry 3422000/5500645 (62.2109%)
entry 3423000/5500645 (62.2291%)
entry 3427000/5500645 (62.3018%)
entry 3429000/5500645 (62.3381%)
entry 3431000/5500645 (62.3745%)
entry 3432000/5500645 (62.3927%)
entry 3433000/5500645 (62.4109%)
entry 3435000/5500645 (62.4472%)
entry 3436000/5500645 (62.4654%)
entry 3437000/5500645 (62.4836%)
entry 3438000/5500645 (62.5018%)
entry 3440000/5500645 (62.5381%)
entry 3441000/5500645 (62.5563%)
entry 3442000/5500645 (62.5745%)
entry 3443000/5500645 (62.5927%)
entry 3445000/5500645 (62.629%)
entry 3446000/5500645 (62.6472%)
entry 3447000/5500645 (62.6654%)
entry 3448000/5500645 (62.6836%)
entry 3451000/5500645 (62.7381%)
entry 3454000/5500645 (62.7926%)
entry 3455000/5500645 (62.8108%)
entry 3456000/5500645 (62.829%)
entry 3457000/5500645 (62.8472%)
entry 3458000/5500645 (62.8654%)
entry 3459000/5500645 (62.8835%)
entry 3463000/5500645 (62.9563%)
entry 3464000/5500645 (62.9744%)
entry 3467000/5500645 (63.029%)
entry 3469000/5500645 (63.0653%)
entry 3470000/5500645 (63.0835%)
entry 3472000/5500645 (63.1199%)
entry 3474000/5500645 (63.1562%)
entry 3476000/5500645 (63.1926%)
entry 3477000/5500645 (63.2108%)
entry 3479000/5500645 (63.2471%)
entry 3480000/5500645 (63.2653%)
entry 3483000/5500645 (63.3198%)
entry 3486000/5500645 (63.3744%)
entry 3488000/5500645 (63.4107%)
entry 3489000/5500645 (63.4289%)
entry 3490000/5500645 (63.4471%)
entry 3491000/5500645 (63.4653%)
entry 3493000/5500645 (63.5016%)
entry 3494000/5500645 (63.5198%)
entry 3497000/5500645 (63.5744%)
entry 3498000/5500645 (63.5925%)
entry 3500000/5500645 (63.6289%)
entry 3501000/5500645 (63.6471%)
entry 3502000/5500645 (63.6653%)
entry 3504000/5500645 (63.7016%)
entry 3505000/5500645 (63.7198%)
entry 3506000/5500645 (63.738%)
entry 3507000/5500645 (63.7562%)
entry 3510000/5500645 (63.8107%)
entry 3511000/5500645 (63.8289%)
entry 3513000/5500645 (63.8652%)
entry 3516000/5500645 (63.9198%)
entry 3517000/5500645 (63.938%)
entry 3519000/5500645 (63.9743%)
entry 3520000/5500645 (63.9925%)
entry 3521000/5500645 (64.0107%)
entry 3523000/5500645 (64.047%)
entry 3524000/5500645 (64.0652%)
entry 3526000/5500645 (64.1016%)
entry 3527000/5500645 (64.1198%)
entry 3528000/5500645 (64.1379%)
entry 3532000/5500645 (64.2107%)
entry 3533000/5500645 (64.2288%)
entry 3534000/5500645 (64.247%)
entry 3535000/5500645 (64.2652%)
entry 3536000/5500645 (64.2834%)
entry 3537000/5500645 (64.3016%)
entry 3539000/5500645 (64.3379%)
entry 3540000/5500645 (64.3561%)
entry 3541000/5500645 (64.3743%)
entry 3544000/5500645 (64.4288%)
entry 3545000/5500645 (64.447%)
entry 3546000/5500645 (64.4652%)
entry 3547000/5500645 (64.4833%)
entry 3548000/5500645 (64.5015%)
entry 3549000/5500645 (64.5197%)
entry 3550000/5500645 (64.5379%)
entry 3551000/5500645 (64.5561%)
entry 3552000/5500645 (64.5742%)
entry 3554000/5500645 (64.6106%)
entry 3555000/5500645 (64.6288%)
entry 3556000/5500645 (64.647%)
entry 3557000/5500645 (64.6651%)
entry 3558000/5500645 (64.6833%)
entry 3561000/5500645 (64.7379%)
entry 3562000/5500645 (64.756%)
entry 3564000/5500645 (64.7924%)
entry 3565000/5500645 (64.8106%)
entry 3568000/5500645 (64.8651%)
entry 3570000/5500645 (64.9015%)
entry 3571000/5500645 (64.9197%)
entry 3573000/5500645 (64.956%)
entry 3574000/5500645 (64.9742%)
entry 3577000/5500645 (65.0287%)
entry 3578000/5500645 (65.0469%)
entry 3580000/5500645 (65.0833%)
entry 3581000/5500645 (65.1015%)
entry 3582000/5500645 (65.1196%)
entry 3584000/5500645 (65.156%)
entry 3585000/5500645 (65.1742%)
entry 3586000/5500645 (65.1924%)
entry 3588000/5500645 (65.2287%)
entry 3589000/5500645 (65.2469%)
entry 3590000/5500645 (65.2651%)
entry 3592000/5500645 (65.3014%)
entry 3594000/5500645 (65.3378%)
entry 3595000/5500645 (65.356%)
entry 3596000/5500645 (65.3742%)
entry 3598000/5500645 (65.4105%)
entry 3599000/5500645 (65.4287%)
entry 3600000/5500645 (65.4469%)
entry 3601000/5500645 (65.4651%)
entry 3602000/5500645 (65.4832%)
entry 3603000/5500645 (65.5014%)
entry 3604000/5500645 (65.5196%)
entry 3605000/5500645 (65.5378%)
entry 3606000/5500645 (65.5559%)
entry 3607000/5500645 (65.5741%)
entry 3608000/5500645 (65.5923%)
entry 3609000/5500645 (65.6105%)
entry 3611000/5500645 (65.6468%)
entry 3612000/5500645 (65.665%)
entry 3613000/5500645 (65.6832%)
entry 3618000/5500645 (65.7741%)
entry 3619000/5500645 (65.7923%)
entry 3620000/5500645 (65.8105%)
entry 3621000/5500645 (65.8286%)
entry 3623000/5500645 (65.865%)
entry 3626000/5500645 (65.9195%)
entry 3627000/5500645 (65.9377%)
entry 3630000/5500645 (65.9923%)
entry 3631000/5500645 (66.0104%)
entry 3632000/5500645 (66.0286%)
entry 3633000/5500645 (66.0468%)
entry 3635000/5500645 (66.0832%)
entry 3636000/5500645 (66.1013%)
entry 3637000/5500645 (66.1195%)
entry 3638000/5500645 (66.1377%)
entry 3639000/5500645 (66.1559%)
entry 3643000/5500645 (66.2286%)
entry 3644000/5500645 (66.2468%)
entry 3646000/5500645 (66.2831%)
entry 3647000/5500645 (66.3013%)
entry 3648000/5500645 (66.3195%)
entry 3649000/5500645 (66.3377%)
entry 3650000/5500645 (66.3559%)
entry 3651000/5500645 (66.374%)
entry 3652000/5500645 (66.3922%)
entry 3653000/5500645 (66.4104%)
entry 3654000/5500645 (66.4286%)
entry 3656000/5500645 (66.4649%)
entry 3657000/5500645 (66.4831%)
entry 3658000/5500645 (66.5013%)
entry 3659000/5500645 (66.5195%)
entry 3660000/5500645 (66.5377%)
entry 3661000/5500645 (66.5558%)
entry 3662000/5500645 (66.574%)
entry 3663000/5500645 (66.5922%)
entry 3664000/5500645 (66.6104%)
entry 3666000/5500645 (66.6467%)
entry 3667000/5500645 (66.6649%)
entry 3668000/5500645 (66.6831%)
entry 3669000/5500645 (66.7013%)
entry 3670000/5500645 (66.7194%)
entry 3671000/5500645 (66.7376%)
entry 3672000/5500645 (66.7558%)
entry 3673000/5500645 (66.774%)
entry 3674000/5500645 (66.7922%)
entry 3675000/5500645 (66.8103%)
entry 3676000/5500645 (66.8285%)
entry 3677000/5500645 (66.8467%)
entry 3678000/5500645 (66.8649%)
entry 3679000/5500645 (66.8831%)
entry 3680000/5500645 (66.9012%)
entry 3681000/5500645 (66.9194%)
entry 3683000/5500645 (66.9558%)
entry 3684000/5500645 (66.974%)
entry 3685000/5500645 (66.9921%)
entry 3686000/5500645 (67.0103%)
entry 3688000/5500645 (67.0467%)
entry 3690000/5500645 (67.083%)
entry 3691000/5500645 (67.1012%)
entry 3692000/5500645 (67.1194%)
entry 3694000/5500645 (67.1558%)
entry 3695000/5500645 (67.1739%)
entry 3696000/5500645 (67.1921%)
entry 3698000/5500645 (67.2285%)
entry 3699000/5500645 (67.2467%)
entry 3700000/5500645 (67.2648%)
entry 3701000/5500645 (67.283%)
entry 3703000/5500645 (67.3194%)
entry 3704000/5500645 (67.3376%)
entry 3706000/5500645 (67.3739%)
entry 3707000/5500645 (67.3921%)
entry 3708000/5500645 (67.4103%)
entry 3709000/5500645 (67.4285%)
entry 3713000/5500645 (67.5012%)
entry 3715000/5500645 (67.5375%)
entry 3716000/5500645 (67.5557%)
entry 3717000/5500645 (67.5739%)
entry 3719000/5500645 (67.6103%)
entry 3720000/5500645 (67.6284%)
entry 3721000/5500645 (67.6466%)
entry 3722000/5500645 (67.6648%)
entry 3723000/5500645 (67.683%)
entry 3724000/5500645 (67.7011%)
entry 3725000/5500645 (67.7193%)
entry 3726000/5500645 (67.7375%)
entry 3727000/5500645 (67.7557%)
entry 3728000/5500645 (67.7739%)
entry 3730000/5500645 (67.8102%)
entry 3731000/5500645 (67.8284%)
entry 3732000/5500645 (67.8466%)
entry 3733000/5500645 (67.8648%)
entry 3734000/5500645 (67.8829%)
entry 3736000/5500645 (67.9193%)
entry 3738000/5500645 (67.9557%)
entry 3740000/5500645 (67.992%)
entry 3741000/5500645 (68.0102%)
entry 3742000/5500645 (68.0284%)
entry 3743000/5500645 (68.0466%)
entry 3744000/5500645 (68.0647%)
entry 3745000/5500645 (68.0829%)
entry 3746000/5500645 (68.1011%)
entry 3748000/5500645 (68.1375%)
entry 3749000/5500645 (68.1556%)
entry 3753000/5500645 (68.2284%)
entry 3754000/5500645 (68.2465%)
entry 3755000/5500645 (68.2647%)
entry 3756000/5500645 (68.2829%)
entry 3757000/5500645 (68.3011%)
entry 3758000/5500645 (68.3193%)
entry 3759000/5500645 (68.3374%)
entry 3760000/5500645 (68.3556%)
entry 3763000/5500645 (68.4102%)
entry 3765000/5500645 (68.4465%)
entry 3766000/5500645 (68.4647%)
entry 3767000/5500645 (68.4829%)
entry 3769000/5500645 (68.5192%)
entry 3771000/5500645 (68.5556%)
entry 3772000/5500645 (68.5738%)
entry 3773000/5500645 (68.592%)
entry 3774000/5500645 (68.6101%)
entry 3776000/5500645 (68.6465%)
entry 3778000/5500645 (68.6829%)
entry 3779000/5500645 (68.701%)
entry 3780000/5500645 (68.7192%)
entry 3781000/5500645 (68.7374%)
entry 3782000/5500645 (68.7556%)
entry 3783000/5500645 (68.7738%)
entry 3784000/5500645 (68.7919%)
entry 3785000/5500645 (68.8101%)
entry 3786000/5500645 (68.8283%)
entry 3787000/5500645 (68.8465%)
entry 3791000/5500645 (68.9192%)
entry 3793000/5500645 (68.9556%)
entry 3794000/5500645 (68.9737%)
entry 3796000/5500645 (69.0101%)
entry 3800000/5500645 (69.0828%)
entry 3801000/5500645 (69.101%)
entry 3802000/5500645 (69.1192%)
entry 3803000/5500645 (69.1373%)
entry 3805000/5500645 (69.1737%)
entry 3806000/5500645 (69.1919%)
entry 3807000/5500645 (69.2101%)
entry 3808000/5500645 (69.2282%)
entry 3810000/5500645 (69.2646%)
entry 3811000/5500645 (69.2828%)
entry 3812000/5500645 (69.301%)
entry 3813000/5500645 (69.3191%)
entry 3814000/5500645 (69.3373%)
entry 3815000/5500645 (69.3555%)
entry 3818000/5500645 (69.41%)
entry 3820000/5500645 (69.4464%)
entry 3821000/5500645 (69.4646%)
entry 3822000/5500645 (69.4828%)
entry 3823000/5500645 (69.5009%)
entry 3826000/5500645 (69.5555%)
entry 3829000/5500645 (69.61%)
entry 3831000/5500645 (69.6464%)
entry 3834000/5500645 (69.7009%)
entry 3835000/5500645 (69.7191%)
entry 3838000/5500645 (69.7736%)
entry 3840000/5500645 (69.81%)
entry 3841000/5500645 (69.8282%)
entry 3843000/5500645 (69.8645%)
entry 3844000/5500645 (69.8827%)
entry 3845000/5500645 (69.9009%)
entry 3847000/5500645 (69.9373%)
entry 3848000/5500645 (69.9554%)
entry 3850000/5500645 (69.9918%)
entry 3851000/5500645 (70.01%)
entry 3853000/5500645 (70.0463%)
entry 3855000/5500645 (70.0827%)
entry 3856000/5500645 (70.1009%)
entry 3857000/5500645 (70.119%)
entry 3859000/5500645 (70.1554%)
entry 3860000/5500645 (70.1736%)
entry 3863000/5500645 (70.2281%)
entry 3865000/5500645 (70.2645%)
entry 3866000/5500645 (70.2827%)
entry 3867000/5500645 (70.3008%)
entry 3868000/5500645 (70.319%)
entry 3869000/5500645 (70.3372%)
entry 3871000/5500645 (70.3736%)
entry 3872000/5500645 (70.3917%)
entry 3873000/5500645 (70.4099%)
entry 3874000/5500645 (70.4281%)
entry 3875000/5500645 (70.4463%)
entry 3876000/5500645 (70.4645%)
entry 3877000/5500645 (70.4826%)
entry 3879000/5500645 (70.519%)
entry 3880000/5500645 (70.5372%)
entry 3881000/5500645 (70.5554%)
entry 3882000/5500645 (70.5735%)
entry 3884000/5500645 (70.6099%)
entry 3887000/5500645 (70.6644%)
entry 3888000/5500645 (70.6826%)
entry 3889000/5500645 (70.7008%)
entry 3891000/5500645 (70.7372%)
entry 3894000/5500645 (70.7917%)
entry 3895000/5500645 (70.8099%)
entry 3897000/5500645 (70.8462%)
entry 3898000/5500645 (70.8644%)
entry 3901000/5500645 (70.919%)
entry 3903000/5500645 (70.9553%)
entry 3904000/5500645 (70.9735%)
entry 3905000/5500645 (70.9917%)
entry 3906000/5500645 (71.0099%)
entry 3907000/5500645 (71.028%)
entry 3908000/5500645 (71.0462%)
entry 3909000/5500645 (71.0644%)
entry 3911000/5500645 (71.1008%)
entry 3912000/5500645 (71.1189%)
entry 3913000/5500645 (71.1371%)
entry 3916000/5500645 (71.1917%)
entry 3917000/5500645 (71.2098%)
entry 3918000/5500645 (71.228%)
entry 3919000/5500645 (71.2462%)
entry 3920000/5500645 (71.2644%)
entry 3921000/5500645 (71.2825%)
entry 3923000/5500645 (71.3189%)
entry 3924000/5500645 (71.3371%)
entry 3925000/5500645 (71.3553%)
entry 3926000/5500645 (71.3735%)
entry 3927000/5500645 (71.3916%)
entry 3928000/5500645 (71.4098%)
entry 3929000/5500645 (71.428%)
entry 3932000/5500645 (71.4825%)
entry 3933000/5500645 (71.5007%)
entry 3934000/5500645 (71.5189%)
entry 3936000/5500645 (71.5552%)
entry 3939000/5500645 (71.6098%)
entry 3941000/5500645 (71.6461%)
entry 3942000/5500645 (71.6643%)
entry 3943000/5500645 (71.6825%)
entry 3944000/5500645 (71.7007%)
entry 3951000/5500645 (71.8279%)
entry 3952000/5500645 (71.8461%)
entry 3953000/5500645 (71.8643%)
entry 3955000/5500645 (71.9007%)
entry 3956000/5500645 (71.9188%)
entry 3958000/5500645 (71.9552%)
entry 3959000/5500645 (71.9734%)
entry 3960000/5500645 (71.9916%)
entry 3962000/5500645 (72.0279%)
entry 3963000/5500645 (72.0461%)
entry 3964000/5500645 (72.0643%)
entry 3965000/5500645 (72.0825%)
entry 3966000/5500645 (72.1006%)
entry 3967000/5500645 (72.1188%)
entry 3971000/5500645 (72.1915%)
entry 3972000/5500645 (72.2097%)
entry 3973000/5500645 (72.2279%)
entry 3974000/5500645 (72.2461%)
entry 3975000/5500645 (72.2643%)
entry 3976000/5500645 (72.2824%)
entry 3977000/5500645 (72.3006%)
entry 3978000/5500645 (72.3188%)
entry 3979000/5500645 (72.337%)
entry 3980000/5500645 (72.3552%)
entry 3982000/5500645 (72.3915%)
entry 3983000/5500645 (72.4097%)
entry 3984000/5500645 (72.4279%)
entry 3986000/5500645 (72.4642%)
entry 3987000/5500645 (72.4824%)
entry 3988000/5500645 (72.5006%)
entry 3989000/5500645 (72.5188%)
entry 3990000/5500645 (72.5369%)
entry 3992000/5500645 (72.5733%)
entry 3993000/5500645 (72.5915%)
entry 3994000/5500645 (72.6097%)
entry 3995000/5500645 (72.6278%)
entry 3996000/5500645 (72.646%)
entry 3998000/5500645 (72.6824%)
entry 3999000/5500645 (72.7006%)
entry 4000000/5500645 (72.7187%)
entry 4001000/5500645 (72.7369%)
entry 4002000/5500645 (72.7551%)
entry 4003000/5500645 (72.7733%)
entry 4004000/5500645 (72.7915%)
entry 4006000/5500645 (72.8278%)
entry 4007000/5500645 (72.846%)
entry 4008000/5500645 (72.8642%)
entry 4009000/5500645 (72.8824%)
entry 4010000/5500645 (72.9005%)
entry 4011000/5500645 (72.9187%)
entry 4012000/5500645 (72.9369%)
entry 4013000/5500645 (72.9551%)
entry 4014000/5500645 (72.9733%)
entry 4015000/5500645 (72.9914%)
entry 4016000/5500645 (73.0096%)
entry 4017000/5500645 (73.0278%)
entry 4018000/5500645 (73.046%)
entry 4019000/5500645 (73.0642%)
entry 4020000/5500645 (73.0823%)
entry 4025000/5500645 (73.1732%)
entry 4027000/5500645 (73.2096%)
entry 4028000/5500645 (73.2278%)
entry 4029000/5500645 (73.246%)
entry 4030000/5500645 (73.2641%)
entry 4031000/5500645 (73.2823%)
entry 4032000/5500645 (73.3005%)
entry 4034000/5500645 (73.3369%)
entry 4035000/5500645 (73.355%)
entry 4036000/5500645 (73.3732%)
entry 4037000/5500645 (73.3914%)
entry 4038000/5500645 (73.4096%)
entry 4039000/5500645 (73.4278%)
entry 4040000/5500645 (73.4459%)
entry 4041000/5500645 (73.4641%)
entry 4042000/5500645 (73.4823%)
entry 4043000/5500645 (73.5005%)
entry 4045000/5500645 (73.5368%)
entry 4048000/5500645 (73.5914%)
entry 4049000/5500645 (73.6095%)
entry 4050000/5500645 (73.6277%)
entry 4051000/5500645 (73.6459%)
entry 4052000/5500645 (73.6641%)
entry 4053000/5500645 (73.6823%)
entry 4054000/5500645 (73.7004%)
entry 4055000/5500645 (73.7186%)
entry 4056000/5500645 (73.7368%)
entry 4058000/5500645 (73.7732%)
entry 4059000/5500645 (73.7913%)
entry 4060000/5500645 (73.8095%)
entry 4061000/5500645 (73.8277%)
entry 4066000/5500645 (73.9186%)
entry 4067000/5500645 (73.9368%)
entry 4071000/5500645 (74.0095%)
entry 4072000/5500645 (74.0277%)
entry 4073000/5500645 (74.0459%)
entry 4074000/5500645 (74.064%)
entry 4076000/5500645 (74.1004%)
entry 4077000/5500645 (74.1186%)
entry 4078000/5500645 (74.1368%)
entry 4079000/5500645 (74.1549%)
entry 4080000/5500645 (74.1731%)
entry 4081000/5500645 (74.1913%)
entry 4082000/5500645 (74.2095%)
entry 4083000/5500645 (74.2277%)
entry 4084000/5500645 (74.2458%)
entry 4085000/5500645 (74.264%)
entry 4086000/5500645 (74.2822%)
entry 4087000/5500645 (74.3004%)
entry 4088000/5500645 (74.3186%)
entry 4089000/5500645 (74.3367%)
entry 4090000/5500645 (74.3549%)
entry 4091000/5500645 (74.3731%)
entry 4092000/5500645 (74.3913%)
entry 4093000/5500645 (74.4095%)
entry 4094000/5500645 (74.4276%)
entry 4095000/5500645 (74.4458%)
entry 4096000/5500645 (74.464%)
entry 4098000/5500645 (74.5004%)
entry 4100000/5500645 (74.5367%)
entry 4101000/5500645 (74.5549%)
entry 4102000/5500645 (74.5731%)
entry 4103000/5500645 (74.5913%)
entry 4104000/5500645 (74.6094%)
entry 4108000/5500645 (74.6822%)
entry 4109000/5500645 (74.7003%)
entry 4110000/5500645 (74.7185%)
entry 4111000/5500645 (74.7367%)
entry 4113000/5500645 (74.773%)
entry 4115000/5500645 (74.8094%)
entry 4116000/5500645 (74.8276%)
entry 4117000/5500645 (74.8458%)
entry 4118000/5500645 (74.8639%)
entry 4119000/5500645 (74.8821%)
entry 4120000/5500645 (74.9003%)
entry 4122000/5500645 (74.9367%)
entry 4123000/5500645 (74.9548%)
entry 4124000/5500645 (74.973%)
entry 4126000/5500645 (75.0094%)
entry 4127000/5500645 (75.0276%)
entry 4128000/5500645 (75.0457%)
entry 4131000/5500645 (75.1003%)
entry 4132000/5500645 (75.1185%)
entry 4133000/5500645 (75.1366%)
entry 4135000/5500645 (75.173%)
entry 4136000/5500645 (75.1912%)
entry 4138000/5500645 (75.2275%)
entry 4139000/5500645 (75.2457%)
entry 4140000/5500645 (75.2639%)
entry 4141000/5500645 (75.2821%)
entry 4142000/5500645 (75.3003%)
entry 4143000/5500645 (75.3184%)
entry 4145000/5500645 (75.3548%)
entry 4146000/5500645 (75.373%)
entry 4149000/5500645 (75.4275%)
entry 4150000/5500645 (75.4457%)
entry 4151000/5500645 (75.4639%)
entry 4152000/5500645 (75.4821%)
entry 4153000/5500645 (75.5002%)
entry 4155000/5500645 (75.5366%)
entry 4156000/5500645 (75.5548%)
entry 4157000/5500645 (75.573%)
entry 4159000/5500645 (75.6093%)
entry 4160000/5500645 (75.6275%)
entry 4161000/5500645 (75.6457%)
entry 4163000/5500645 (75.682%)
entry 4164000/5500645 (75.7002%)
entry 4165000/5500645 (75.7184%)
entry 4167000/5500645 (75.7547%)
entry 4168000/5500645 (75.7729%)
entry 4169000/5500645 (75.7911%)
entry 4170000/5500645 (75.8093%)
entry 4172000/5500645 (75.8457%)
entry 4173000/5500645 (75.8638%)
entry 4174000/5500645 (75.882%)
entry 4175000/5500645 (75.9002%)
entry 4176000/5500645 (75.9184%)
entry 4177000/5500645 (75.9365%)
entry 4178000/5500645 (75.9547%)
entry 4179000/5500645 (75.9729%)
entry 4180000/5500645 (75.9911%)
entry 4181000/5500645 (76.0093%)
entry 4182000/5500645 (76.0274%)
entry 4184000/5500645 (76.0638%)
entry 4186000/5500645 (76.1002%)
entry 4188000/5500645 (76.1365%)
entry 4189000/5500645 (76.1547%)
entry 4190000/5500645 (76.1729%)
entry 4191000/5500645 (76.1911%)
entry 4192000/5500645 (76.2092%)
entry 4193000/5500645 (76.2274%)
entry 4194000/5500645 (76.2456%)
entry 4195000/5500645 (76.2638%)
entry 4197000/5500645 (76.3001%)
entry 4198000/5500645 (76.3183%)
entry 4200000/5500645 (76.3547%)
entry 4201000/5500645 (76.3729%)
entry 4202000/5500645 (76.391%)
entry 4203000/5500645 (76.4092%)
entry 4205000/5500645 (76.4456%)
entry 4206000/5500645 (76.4638%)
entry 4207000/5500645 (76.4819%)
entry 4208000/5500645 (76.5001%)
entry 4209000/5500645 (76.5183%)
entry 4210000/5500645 (76.5365%)
entry 4211000/5500645 (76.5547%)
entry 4212000/5500645 (76.5728%)
entry 4213000/5500645 (76.591%)
entry 4215000/5500645 (76.6274%)
entry 4216000/5500645 (76.6456%)
entry 4217000/5500645 (76.6637%)
entry 4218000/5500645 (76.6819%)
entry 4219000/5500645 (76.7001%)
entry 4220000/5500645 (76.7183%)
entry 4221000/5500645 (76.7365%)
entry 4222000/5500645 (76.7546%)
entry 4223000/5500645 (76.7728%)
entry 4225000/5500645 (76.8092%)
entry 4226000/5500645 (76.8274%)
entry 4227000/5500645 (76.8455%)
entry 4228000/5500645 (76.8637%)
entry 4229000/5500645 (76.8819%)
entry 4230000/5500645 (76.9001%)
entry 4231000/5500645 (76.9183%)
entry 4232000/5500645 (76.9364%)
entry 4235000/5500645 (76.991%)
entry 4236000/5500645 (77.0092%)
entry 4237000/5500645 (77.0273%)
entry 4238000/5500645 (77.0455%)
entry 4239000/5500645 (77.0637%)
entry 4241000/5500645 (77.1001%)
entry 4242000/5500645 (77.1182%)
entry 4243000/5500645 (77.1364%)
entry 4244000/5500645 (77.1546%)
entry 4246000/5500645 (77.1909%)
entry 4247000/5500645 (77.2091%)
entry 4250000/5500645 (77.2637%)
entry 4251000/5500645 (77.2818%)
entry 4252000/5500645 (77.3%)
entry 4253000/5500645 (77.3182%)
entry 4254000/5500645 (77.3364%)
entry 4255000/5500645 (77.3546%)
entry 4258000/5500645 (77.4091%)
entry 4260000/5500645 (77.4455%)
entry 4261000/5500645 (77.4636%)
entry 4262000/5500645 (77.4818%)
entry 4263000/5500645 (77.5%)
entry 4264000/5500645 (77.5182%)
entry 4265000/5500645 (77.5364%)
entry 4266000/5500645 (77.5545%)
entry 4267000/5500645 (77.5727%)
entry 4269000/5500645 (77.6091%)
entry 4270000/5500645 (77.6273%)
entry 4271000/5500645 (77.6454%)
entry 4272000/5500645 (77.6636%)
entry 4274000/5500645 (77.7%)
entry 4275000/5500645 (77.7182%)
entry 4277000/5500645 (77.7545%)
entry 4278000/5500645 (77.7727%)
entry 4279000/5500645 (77.7909%)
entry 4282000/5500645 (77.8454%)
entry 4283000/5500645 (77.8636%)
entry 4288000/5500645 (77.9545%)
entry 4289000/5500645 (77.9727%)
entry 4290000/5500645 (77.9909%)
entry 4291000/5500645 (78.009%)
entry 4292000/5500645 (78.0272%)
entry 4293000/5500645 (78.0454%)
entry 4294000/5500645 (78.0636%)
entry 4295000/5500645 (78.0818%)
entry 4296000/5500645 (78.0999%)
entry 4297000/5500645 (78.1181%)
entry 4298000/5500645 (78.1363%)
entry 4299000/5500645 (78.1545%)
entry 4300000/5500645 (78.1726%)
entry 4302000/5500645 (78.209%)
entry 4303000/5500645 (78.2272%)
entry 4304000/5500645 (78.2454%)
entry 4306000/5500645 (78.2817%)
entry 4308000/5500645 (78.3181%)
entry 4309000/5500645 (78.3363%)
entry 4310000/5500645 (78.3544%)
entry 4311000/5500645 (78.3726%)
entry 4312000/5500645 (78.3908%)
entry 4313000/5500645 (78.409%)
entry 4314000/5500645 (78.4272%)
entry 4316000/5500645 (78.4635%)
entry 4318000/5500645 (78.4999%)
entry 4319000/5500645 (78.5181%)
entry 4321000/5500645 (78.5544%)
entry 4322000/5500645 (78.5726%)
entry 4323000/5500645 (78.5908%)
entry 4325000/5500645 (78.6271%)
entry 4329000/5500645 (78.6999%)
entry 4330000/5500645 (78.718%)
entry 4332000/5500645 (78.7544%)
entry 4333000/5500645 (78.7726%)
entry 4334000/5500645 (78.7908%)
entry 4335000/5500645 (78.8089%)
entry 4336000/5500645 (78.8271%)
entry 4337000/5500645 (78.8453%)
entry 4339000/5500645 (78.8817%)
entry 4344000/5500645 (78.9726%)
entry 4346000/5500645 (79.0089%)
entry 4347000/5500645 (79.0271%)
entry 4348000/5500645 (79.0453%)
entry 4349000/5500645 (79.0635%)
entry 4350000/5500645 (79.0816%)
entry 4352000/5500645 (79.118%)
entry 4354000/5500645 (79.1544%)
entry 4355000/5500645 (79.1725%)
entry 4356000/5500645 (79.1907%)
entry 4358000/5500645 (79.2271%)
entry 4359000/5500645 (79.2453%)
entry 4361000/5500645 (79.2816%)
entry 4362000/5500645 (79.2998%)
entry 4363000/5500645 (79.318%)
entry 4364000/5500645 (79.3361%)
entry 4366000/5500645 (79.3725%)
entry 4367000/5500645 (79.3907%)
entry 4368000/5500645 (79.4089%)
entry 4372000/5500645 (79.4816%)
entry 4374000/5500645 (79.5179%)
entry 4375000/5500645 (79.5361%)
entry 4377000/5500645 (79.5725%)
entry 4379000/5500645 (79.6088%)
entry 4380000/5500645 (79.627%)
entry 4382000/5500645 (79.6634%)
entry 4383000/5500645 (79.6816%)
entry 4384000/5500645 (79.6997%)
entry 4385000/5500645 (79.7179%)
entry 4386000/5500645 (79.7361%)
entry 4388000/5500645 (79.7725%)
entry 4389000/5500645 (79.7906%)
entry 4390000/5500645 (79.8088%)
entry 4391000/5500645 (79.827%)
entry 4392000/5500645 (79.8452%)
entry 4395000/5500645 (79.8997%)
entry 4396000/5500645 (79.9179%)
entry 4397000/5500645 (79.9361%)
entry 4399000/5500645 (79.9724%)
entry 4400000/5500645 (79.9906%)
entry 4401000/5500645 (80.0088%)
entry 4402000/5500645 (80.027%)
entry 4403000/5500645 (80.0452%)
entry 4405000/5500645 (80.0815%)
entry 4406000/5500645 (80.0997%)
entry 4408000/5500645 (80.1361%)
entry 4409000/5500645 (80.1542%)
entry 4410000/5500645 (80.1724%)
entry 4411000/5500645 (80.1906%)
entry 4412000/5500645 (80.2088%)
entry 4413000/5500645 (80.227%)
entry 4414000/5500645 (80.2451%)
entry 4417000/5500645 (80.2997%)
entry 4418000/5500645 (80.3179%)
entry 4419000/5500645 (80.336%)
entry 4420000/5500645 (80.3542%)
entry 4421000/5500645 (80.3724%)
entry 4422000/5500645 (80.3906%)
entry 4425000/5500645 (80.4451%)
entry 4426000/5500645 (80.4633%)
entry 4427000/5500645 (80.4815%)
entry 4428000/5500645 (80.4996%)
entry 4429000/5500645 (80.5178%)
entry 4430000/5500645 (80.536%)
entry 4431000/5500645 (80.5542%)
entry 4432000/5500645 (80.5724%)
entry 4434000/5500645 (80.6087%)
entry 4435000/5500645 (80.6269%)
entry 4436000/5500645 (80.6451%)
entry 4437000/5500645 (80.6633%)
entry 4439000/5500645 (80.6996%)
entry 4440000/5500645 (80.7178%)
entry 4441000/5500645 (80.736%)
entry 4445000/5500645 (80.8087%)
entry 4446000/5500645 (80.8269%)
entry 4447000/5500645 (80.8451%)
entry 4448000/5500645 (80.8632%)
entry 4449000/5500645 (80.8814%)
entry 4451000/5500645 (80.9178%)
entry 4452000/5500645 (80.936%)
entry 4453000/5500645 (80.9541%)
entry 4454000/5500645 (80.9723%)
entry 4455000/5500645 (80.9905%)
entry 4456000/5500645 (81.0087%)
entry 4457000/5500645 (81.0269%)
entry 4459000/5500645 (81.0632%)
entry 4460000/5500645 (81.0814%)
entry 4461000/5500645 (81.0996%)
entry 4462000/5500645 (81.1178%)
entry 4463000/5500645 (81.1359%)
entry 4464000/5500645 (81.1541%)
entry 4465000/5500645 (81.1723%)
entry 4466000/5500645 (81.1905%)
entry 4467000/5500645 (81.2087%)
entry 4468000/5500645 (81.2268%)
entry 4469000/5500645 (81.245%)
entry 4471000/5500645 (81.2814%)
entry 4472000/5500645 (81.2996%)
entry 4473000/5500645 (81.3177%)
entry 4474000/5500645 (81.3359%)
entry 4476000/5500645 (81.3723%)
entry 4478000/5500645 (81.4086%)
entry 4479000/5500645 (81.4268%)
entry 4480000/5500645 (81.445%)
entry 4481000/5500645 (81.4632%)
entry 4482000/5500645 (81.4814%)
entry 4483000/5500645 (81.4995%)
entry 4484000/5500645 (81.5177%)
entry 4489000/5500645 (81.6086%)
entry 4491000/5500645 (81.645%)
entry 4492000/5500645 (81.6631%)
entry 4496000/5500645 (81.7359%)
entry 4501000/5500645 (81.8268%)
entry 4503000/5500645 (81.8631%)
entry 4504000/5500645 (81.8813%)
entry 4505000/5500645 (81.8995%)
entry 4506000/5500645 (81.9177%)
entry 4507000/5500645 (81.9358%)
entry 4508000/5500645 (81.954%)
entry 4511000/5500645 (82.0086%)
entry 4512000/5500645 (82.0267%)
entry 4513000/5500645 (82.0449%)
entry 4518000/5500645 (82.1358%)
entry 4519000/5500645 (82.154%)
entry 4520000/5500645 (82.1722%)
entry 4521000/5500645 (82.1904%)
entry 4523000/5500645 (82.2267%)
entry 4524000/5500645 (82.2449%)
entry 4525000/5500645 (82.2631%)
entry 4526000/5500645 (82.2813%)
entry 4527000/5500645 (82.2994%)
entry 4528000/5500645 (82.3176%)
entry 4529000/5500645 (82.3358%)
entry 4530000/5500645 (82.354%)
entry 4531000/5500645 (82.3722%)
entry 4532000/5500645 (82.3903%)
entry 4533000/5500645 (82.4085%)
entry 4534000/5500645 (82.4267%)
entry 4535000/5500645 (82.4449%)
entry 4537000/5500645 (82.4812%)
entry 4538000/5500645 (82.4994%)
entry 4540000/5500645 (82.5358%)
entry 4541000/5500645 (82.554%)
entry 4542000/5500645 (82.5721%)
entry 4543000/5500645 (82.5903%)
entry 4544000/5500645 (82.6085%)
entry 4545000/5500645 (82.6267%)
entry 4546000/5500645 (82.6449%)
entry 4547000/5500645 (82.663%)
entry 4548000/5500645 (82.6812%)
entry 4549000/5500645 (82.6994%)
entry 4550000/5500645 (82.7176%)
entry 4552000/5500645 (82.7539%)
entry 4553000/5500645 (82.7721%)
entry 4554000/5500645 (82.7903%)
entry 4555000/5500645 (82.8085%)
entry 4556000/5500645 (82.8267%)
entry 4558000/5500645 (82.863%)
entry 4559000/5500645 (82.8812%)
entry 4561000/5500645 (82.9175%)
entry 4562000/5500645 (82.9357%)
entry 4563000/5500645 (82.9539%)
entry 4565000/5500645 (82.9903%)
entry 4567000/5500645 (83.0266%)
entry 4568000/5500645 (83.0448%)
entry 4570000/5500645 (83.0812%)
entry 4571000/5500645 (83.0993%)
entry 4574000/5500645 (83.1539%)
entry 4576000/5500645 (83.1902%)
entry 4578000/5500645 (83.2266%)
entry 4582000/5500645 (83.2993%)
entry 4585000/5500645 (83.3539%)
entry 4586000/5500645 (83.372%)
entry 4587000/5500645 (83.3902%)
entry 4588000/5500645 (83.4084%)
entry 4589000/5500645 (83.4266%)
entry 4591000/5500645 (83.4629%)
entry 4592000/5500645 (83.4811%)
entry 4594000/5500645 (83.5175%)
entry 4595000/5500645 (83.5357%)
entry 4596000/5500645 (83.5538%)
entry 4600000/5500645 (83.6266%)
entry 4601000/5500645 (83.6447%)
entry 4603000/5500645 (83.6811%)
entry 4604000/5500645 (83.6993%)
entry 4605000/5500645 (83.7175%)
entry 4606000/5500645 (83.7356%)
entry 4608000/5500645 (83.772%)
entry 4609000/5500645 (83.7902%)
entry 4610000/5500645 (83.8084%)
entry 4612000/5500645 (83.8447%)
entry 4613000/5500645 (83.8629%)
entry 4615000/5500645 (83.8993%)
entry 4617000/5500645 (83.9356%)
entry 4618000/5500645 (83.9538%)
entry 4619000/5500645 (83.972%)
entry 4621000/5500645 (84.0083%)
entry 4622000/5500645 (84.0265%)
entry 4623000/5500645 (84.0447%)
entry 4624000/5500645 (84.0629%)
entry 4625000/5500645 (84.081%)
entry 4629000/5500645 (84.1538%)
entry 4630000/5500645 (84.1719%)
entry 4632000/5500645 (84.2083%)
entry 4635000/5500645 (84.2628%)
entry 4636000/5500645 (84.281%)
entry 4640000/5500645 (84.3537%)
entry 4641000/5500645 (84.3719%)
entry 4643000/5500645 (84.4083%)
entry 4644000/5500645 (84.4265%)
entry 4645000/5500645 (84.4446%)
entry 4646000/5500645 (84.4628%)
entry 4647000/5500645 (84.481%)
entry 4648000/5500645 (84.4992%)
entry 4649000/5500645 (84.5174%)
entry 4650000/5500645 (84.5355%)
entry 4651000/5500645 (84.5537%)
entry 4652000/5500645 (84.5719%)
entry 4653000/5500645 (84.5901%)
entry 4654000/5500645 (84.6083%)
entry 4655000/5500645 (84.6264%)
entry 4658000/5500645 (84.681%)
entry 4659000/5500645 (84.6992%)
entry 4660000/5500645 (84.7173%)
entry 4661000/5500645 (84.7355%)
entry 4662000/5500645 (84.7537%)
entry 4663000/5500645 (84.7719%)
entry 4664000/5500645 (84.7901%)
entry 4665000/5500645 (84.8082%)
entry 4667000/5500645 (84.8446%)
entry 4669000/5500645 (84.881%)
entry 4670000/5500645 (84.8991%)
entry 4671000/5500645 (84.9173%)
entry 4672000/5500645 (84.9355%)
entry 4673000/5500645 (84.9537%)
entry 4675000/5500645 (84.99%)
entry 4677000/5500645 (85.0264%)
entry 4680000/5500645 (85.0809%)
entry 4681000/5500645 (85.0991%)
entry 4682000/5500645 (85.1173%)
entry 4683000/5500645 (85.1355%)
entry 4684000/5500645 (85.1537%)
entry 4685000/5500645 (85.1718%)
entry 4686000/5500645 (85.19%)
entry 4690000/5500645 (85.2627%)
entry 4691000/5500645 (85.2809%)
entry 4692000/5500645 (85.2991%)
entry 4693000/5500645 (85.3173%)
entry 4694000/5500645 (85.3354%)
entry 4696000/5500645 (85.3718%)
entry 4697000/5500645 (85.39%)
entry 4698000/5500645 (85.4082%)
entry 4701000/5500645 (85.4627%)
entry 4702000/5500645 (85.4809%)
entry 4703000/5500645 (85.4991%)
entry 4705000/5500645 (85.5354%)
entry 4707000/5500645 (85.5718%)
entry 4708000/5500645 (85.59%)
entry 4709000/5500645 (85.6081%)
entry 4710000/5500645 (85.6263%)
entry 4711000/5500645 (85.6445%)
entry 4712000/5500645 (85.6627%)
entry 4714000/5500645 (85.699%)
entry 4715000/5500645 (85.7172%)
entry 4716000/5500645 (85.7354%)
entry 4718000/5500645 (85.7718%)
entry 4719000/5500645 (85.7899%)
entry 4720000/5500645 (85.8081%)
entry 4721000/5500645 (85.8263%)
entry 4723000/5500645 (85.8627%)
entry 4724000/5500645 (85.8808%)
entry 4725000/5500645 (85.899%)
entry 4726000/5500645 (85.9172%)
entry 4727000/5500645 (85.9354%)
entry 4729000/5500645 (85.9717%)
entry 4731000/5500645 (86.0081%)
entry 4732000/5500645 (86.0263%)
entry 4733000/5500645 (86.0445%)
entry 4734000/5500645 (86.0626%)
entry 4736000/5500645 (86.099%)
entry 4737000/5500645 (86.1172%)
entry 4738000/5500645 (86.1354%)
entry 4739000/5500645 (86.1535%)
entry 4740000/5500645 (86.1717%)
entry 4741000/5500645 (86.1899%)
entry 4742000/5500645 (86.2081%)
entry 4743000/5500645 (86.2262%)
entry 4744000/5500645 (86.2444%)
entry 4746000/5500645 (86.2808%)
entry 4747000/5500645 (86.299%)
entry 4748000/5500645 (86.3172%)
entry 4749000/5500645 (86.3353%)
entry 4751000/5500645 (86.3717%)
entry 4754000/5500645 (86.4262%)
entry 4755000/5500645 (86.4444%)
entry 4756000/5500645 (86.4626%)
entry 4757000/5500645 (86.4808%)
entry 4758000/5500645 (86.4989%)
entry 4759000/5500645 (86.5171%)
entry 4760000/5500645 (86.5353%)
entry 4762000/5500645 (86.5717%)
entry 4764000/5500645 (86.608%)
entry 4766000/5500645 (86.6444%)
entry 4768000/5500645 (86.6807%)
entry 4769000/5500645 (86.6989%)
entry 4770000/5500645 (86.7171%)
entry 4772000/5500645 (86.7535%)
entry 4773000/5500645 (86.7716%)
entry 4774000/5500645 (86.7898%)
entry 4775000/5500645 (86.808%)
entry 4776000/5500645 (86.8262%)
entry 4777000/5500645 (86.8444%)
entry 4778000/5500645 (86.8625%)
entry 4779000/5500645 (86.8807%)
entry 4780000/5500645 (86.8989%)
entry 4781000/5500645 (86.9171%)
entry 4782000/5500645 (86.9353%)
entry 4783000/5500645 (86.9534%)
entry 4784000/5500645 (86.9716%)
entry 4785000/5500645 (86.9898%)
entry 4786000/5500645 (87.008%)
entry 4787000/5500645 (87.0262%)
entry 4788000/5500645 (87.0443%)
entry 4789000/5500645 (87.0625%)
entry 4790000/5500645 (87.0807%)
entry 4791000/5500645 (87.0989%)
entry 4792000/5500645 (87.1171%)
entry 4794000/5500645 (87.1534%)
entry 4796000/5500645 (87.1898%)
entry 4797000/5500645 (87.208%)
entry 4798000/5500645 (87.2261%)
entry 4799000/5500645 (87.2443%)
entry 4800000/5500645 (87.2625%)
entry 4801000/5500645 (87.2807%)
entry 4804000/5500645 (87.3352%)
entry 4805000/5500645 (87.3534%)
entry 4806000/5500645 (87.3716%)
entry 4808000/5500645 (87.4079%)
entry 4809000/5500645 (87.4261%)
entry 4810000/5500645 (87.4443%)
entry 4811000/5500645 (87.4625%)
entry 4812000/5500645 (87.4807%)
entry 4813000/5500645 (87.4988%)
entry 4814000/5500645 (87.517%)
entry 4816000/5500645 (87.5534%)
entry 4817000/5500645 (87.5715%)
entry 4818000/5500645 (87.5897%)
entry 4819000/5500645 (87.6079%)
entry 4820000/5500645 (87.6261%)
entry 4821000/5500645 (87.6443%)
entry 4822000/5500645 (87.6624%)
entry 4825000/5500645 (87.717%)
entry 4826000/5500645 (87.7352%)
entry 4827000/5500645 (87.7533%)
entry 4828000/5500645 (87.7715%)
entry 4829000/5500645 (87.7897%)
entry 4830000/5500645 (87.8079%)
entry 4831000/5500645 (87.8261%)
entry 4832000/5500645 (87.8442%)
entry 4833000/5500645 (87.8624%)
entry 4834000/5500645 (87.8806%)
entry 4835000/5500645 (87.8988%)
entry 4837000/5500645 (87.9351%)
entry 4838000/5500645 (87.9533%)
entry 4840000/5500645 (87.9897%)
entry 4842000/5500645 (88.026%)
entry 4843000/5500645 (88.0442%)
entry 4844000/5500645 (88.0624%)
entry 4846000/5500645 (88.0988%)
entry 4847000/5500645 (88.1169%)
entry 4848000/5500645 (88.1351%)
entry 4849000/5500645 (88.1533%)
entry 4850000/5500645 (88.1715%)
entry 4852000/5500645 (88.2078%)
entry 4854000/5500645 (88.2442%)
entry 4856000/5500645 (88.2806%)
entry 4857000/5500645 (88.2987%)
entry 4858000/5500645 (88.3169%)
entry 4859000/5500645 (88.3351%)
entry 4862000/5500645 (88.3896%)
entry 4863000/5500645 (88.4078%)
entry 4866000/5500645 (88.4624%)
entry 4867000/5500645 (88.4805%)
entry 4869000/5500645 (88.5169%)
entry 4871000/5500645 (88.5532%)
entry 4872000/5500645 (88.5714%)
entry 4873000/5500645 (88.5896%)
entry 4874000/5500645 (88.6078%)
entry 4875000/5500645 (88.626%)
entry 4876000/5500645 (88.6442%)
entry 4877000/5500645 (88.6623%)
entry 4878000/5500645 (88.6805%)
entry 4881000/5500645 (88.735%)
entry 4882000/5500645 (88.7532%)
entry 4883000/5500645 (88.7714%)
entry 4886000/5500645 (88.8259%)
entry 4889000/5500645 (88.8805%)
entry 4890000/5500645 (88.8987%)
entry 4893000/5500645 (88.9532%)
entry 4895000/5500645 (88.9896%)
entry 4896000/5500645 (89.0077%)
entry 4898000/5500645 (89.0441%)
entry 4900000/5500645 (89.0805%)
entry 4902000/5500645 (89.1168%)
entry 4903000/5500645 (89.135%)
entry 4904000/5500645 (89.1532%)
entry 4905000/5500645 (89.1714%)
entry 4906000/5500645 (89.1895%)
entry 4907000/5500645 (89.2077%)
entry 4908000/5500645 (89.2259%)
entry 4910000/5500645 (89.2623%)
entry 4911000/5500645 (89.2804%)
entry 4913000/5500645 (89.3168%)
entry 4915000/5500645 (89.3532%)
entry 4916000/5500645 (89.3713%)
entry 4917000/5500645 (89.3895%)
entry 4918000/5500645 (89.4077%)
entry 4919000/5500645 (89.4259%)
entry 4922000/5500645 (89.4804%)
entry 4923000/5500645 (89.4986%)
entry 4927000/5500645 (89.5713%)
entry 4929000/5500645 (89.6077%)
entry 4931000/5500645 (89.644%)
entry 4932000/5500645 (89.6622%)
entry 4933000/5500645 (89.6804%)
entry 4934000/5500645 (89.6986%)
entry 4935000/5500645 (89.7168%)
entry 4936000/5500645 (89.7349%)
entry 4938000/5500645 (89.7713%)
entry 4939000/5500645 (89.7895%)
entry 4940000/5500645 (89.8076%)
entry 4941000/5500645 (89.8258%)
entry 4942000/5500645 (89.844%)
entry 4943000/5500645 (89.8622%)
entry 4944000/5500645 (89.8804%)
entry 4946000/5500645 (89.9167%)
entry 4947000/5500645 (89.9349%)
entry 4948000/5500645 (89.9531%)
entry 4949000/5500645 (89.9713%)
entry 4950000/5500645 (89.9894%)
entry 4951000/5500645 (90.0076%)
entry 4952000/5500645 (90.0258%)
entry 4954000/5500645 (90.0622%)
entry 4955000/5500645 (90.0803%)
entry 4956000/5500645 (90.0985%)
entry 4958000/5500645 (90.1349%)
entry 4959000/5500645 (90.1531%)
entry 4960000/5500645 (90.1712%)
entry 4961000/5500645 (90.1894%)
entry 4963000/5500645 (90.2258%)
entry 4966000/5500645 (90.2803%)
entry 4967000/5500645 (90.2985%)
entry 4969000/5500645 (90.3349%)
entry 4970000/5500645 (90.353%)
entry 4972000/5500645 (90.3894%)
entry 4973000/5500645 (90.4076%)
entry 4976000/5500645 (90.4621%)
entry 4977000/5500645 (90.4803%)
entry 4978000/5500645 (90.4985%)
entry 4979000/5500645 (90.5167%)
entry 4982000/5500645 (90.5712%)
entry 4983000/5500645 (90.5894%)
entry 4984000/5500645 (90.6076%)
entry 4986000/5500645 (90.6439%)
entry 4988000/5500645 (90.6803%)
entry 4991000/5500645 (90.7348%)
entry 4992000/5500645 (90.753%)
entry 4993000/5500645 (90.7712%)
entry 4994000/5500645 (90.7894%)
entry 4995000/5500645 (90.8075%)
entry 4997000/5500645 (90.8439%)
entry 4998000/5500645 (90.8621%)
entry 4999000/5500645 (90.8803%)
entry 5000000/5500645 (90.8984%)
entry 5001000/5500645 (90.9166%)
entry 5002000/5500645 (90.9348%)
entry 5004000/5500645 (90.9711%)
entry 5007000/5500645 (91.0257%)
entry 5008000/5500645 (91.0439%)
entry 5009000/5500645 (91.0621%)
entry 5010000/5500645 (91.0802%)
entry 5012000/5500645 (91.1166%)
entry 5013000/5500645 (91.1348%)
entry 5014000/5500645 (91.1529%)
entry 5015000/5500645 (91.1711%)
entry 5016000/5500645 (91.1893%)
entry 5017000/5500645 (91.2075%)
entry 5019000/5500645 (91.2438%)
entry 5020000/5500645 (91.262%)
entry 5022000/5500645 (91.2984%)
entry 5023000/5500645 (91.3166%)
entry 5024000/5500645 (91.3347%)
entry 5027000/5500645 (91.3893%)
entry 5028000/5500645 (91.4075%)
entry 5029000/5500645 (91.4256%)
entry 5030000/5500645 (91.4438%)
entry 5033000/5500645 (91.4984%)
entry 5034000/5500645 (91.5165%)
entry 5035000/5500645 (91.5347%)
entry 5036000/5500645 (91.5529%)
entry 5038000/5500645 (91.5893%)
entry 5040000/5500645 (91.6256%)
entry 5042000/5500645 (91.662%)
entry 5045000/5500645 (91.7165%)
entry 5047000/5500645 (91.7529%)
entry 5048000/5500645 (91.7711%)
entry 5049000/5500645 (91.7892%)
entry 5050000/5500645 (91.8074%)
entry 5052000/5500645 (91.8438%)
entry 5053000/5500645 (91.862%)
entry 5054000/5500645 (91.8801%)
entry 5055000/5500645 (91.8983%)
entry 5056000/5500645 (91.9165%)
entry 5057000/5500645 (91.9347%)
entry 5058000/5500645 (91.9529%)
entry 5059000/5500645 (91.971%)
entry 5061000/5500645 (92.0074%)
entry 5063000/5500645 (92.0438%)
entry 5065000/5500645 (92.0801%)
entry 5066000/5500645 (92.0983%)
entry 5068000/5500645 (92.1346%)
entry 5069000/5500645 (92.1528%)
entry 5070000/5500645 (92.171%)
entry 5073000/5500645 (92.2255%)
entry 5076000/5500645 (92.2801%)
entry 5077000/5500645 (92.2983%)
entry 5078000/5500645 (92.3164%)
entry 5079000/5500645 (92.3346%)
entry 5080000/5500645 (92.3528%)
entry 5081000/5500645 (92.371%)
entry 5082000/5500645 (92.3892%)
entry 5084000/5500645 (92.4255%)
entry 5087000/5500645 (92.4801%)
entry 5088000/5500645 (92.4982%)
entry 5089000/5500645 (92.5164%)
entry 5090000/5500645 (92.5346%)
entry 5093000/5500645 (92.5891%)
entry 5096000/5500645 (92.6437%)
entry 5098000/5500645 (92.68%)
entry 5099000/5500645 (92.6982%)
entry 5100000/5500645 (92.7164%)
entry 5101000/5500645 (92.7346%)
entry 5102000/5500645 (92.7528%)
entry 5103000/5500645 (92.7709%)
entry 5104000/5500645 (92.7891%)
entry 5105000/5500645 (92.8073%)
entry 5106000/5500645 (92.8255%)
entry 5107000/5500645 (92.8437%)
entry 5109000/5500645 (92.88%)
entry 5110000/5500645 (92.8982%)
entry 5115000/5500645 (92.9891%)
entry 5116000/5500645 (93.0073%)
entry 5118000/5500645 (93.0436%)
entry 5119000/5500645 (93.0618%)
entry 5120000/5500645 (93.08%)
entry 5123000/5500645 (93.1345%)
entry 5124000/5500645 (93.1527%)
entry 5126000/5500645 (93.1891%)
entry 5128000/5500645 (93.2254%)
entry 5129000/5500645 (93.2436%)
entry 5130000/5500645 (93.2618%)
entry 5131000/5500645 (93.28%)
entry 5132000/5500645 (93.2981%)
entry 5133000/5500645 (93.3163%)
entry 5134000/5500645 (93.3345%)
entry 5135000/5500645 (93.3527%)
entry 5137000/5500645 (93.389%)
entry 5138000/5500645 (93.4072%)
entry 5139000/5500645 (93.4254%)
entry 5140000/5500645 (93.4436%)
entry 5142000/5500645 (93.4799%)
entry 5143000/5500645 (93.4981%)
entry 5145000/5500645 (93.5345%)
entry 5147000/5500645 (93.5708%)
entry 5148000/5500645 (93.589%)
entry 5149000/5500645 (93.6072%)
entry 5150000/5500645 (93.6254%)
entry 5151000/5500645 (93.6436%)
entry 5152000/5500645 (93.6617%)
entry 5153000/5500645 (93.6799%)
entry 5157000/5500645 (93.7526%)
entry 5159000/5500645 (93.789%)
entry 5163000/5500645 (93.8617%)
entry 5164000/5500645 (93.8799%)
entry 5165000/5500645 (93.8981%)
entry 5166000/5500645 (93.9163%)
entry 5167000/5500645 (93.9344%)
entry 5168000/5500645 (93.9526%)
entry 5170000/5500645 (93.989%)
entry 5171000/5500645 (94.0072%)
entry 5172000/5500645 (94.0253%)
entry 5173000/5500645 (94.0435%)
entry 5174000/5500645 (94.0617%)
entry 5176000/5500645 (94.0981%)
entry 5178000/5500645 (94.1344%)
entry 5179000/5500645 (94.1526%)
entry 5181000/5500645 (94.189%)
entry 5182000/5500645 (94.2071%)
entry 5184000/5500645 (94.2435%)
entry 5186000/5500645 (94.2799%)
entry 5187000/5500645 (94.298%)
entry 5188000/5500645 (94.3162%)
entry 5190000/5500645 (94.3526%)
entry 5191000/5500645 (94.3708%)
entry 5193000/5500645 (94.4071%)
entry 5194000/5500645 (94.4253%)
entry 5195000/5500645 (94.4435%)
entry 5196000/5500645 (94.4616%)
entry 5197000/5500645 (94.4798%)
entry 5198000/5500645 (94.498%)
entry 5199000/5500645 (94.5162%)
entry 5200000/5500645 (94.5344%)
entry 5201000/5500645 (94.5525%)
entry 5202000/5500645 (94.5707%)
entry 5203000/5500645 (94.5889%)
entry 5204000/5500645 (94.6071%)
entry 5206000/5500645 (94.6434%)
entry 5207000/5500645 (94.6616%)
entry 5208000/5500645 (94.6798%)
entry 5209000/5500645 (94.698%)
entry 5210000/5500645 (94.7162%)
entry 5211000/5500645 (94.7343%)
entry 5212000/5500645 (94.7525%)
entry 5214000/5500645 (94.7889%)
entry 5215000/5500645 (94.8071%)
entry 5216000/5500645 (94.8252%)
entry 5217000/5500645 (94.8434%)
entry 5218000/5500645 (94.8616%)
entry 5219000/5500645 (94.8798%)
entry 5220000/5500645 (94.898%)
entry 5221000/5500645 (94.9161%)
entry 5222000/5500645 (94.9343%)
entry 5223000/5500645 (94.9525%)
entry 5224000/5500645 (94.9707%)
entry 5225000/5500645 (94.9889%)
entry 5226000/5500645 (95.007%)
entry 5227000/5500645 (95.0252%)
entry 5230000/5500645 (95.0798%)
entry 5231000/5500645 (95.0979%)
entry 5232000/5500645 (95.1161%)
entry 5233000/5500645 (95.1343%)
entry 5234000/5500645 (95.1525%)
entry 5236000/5500645 (95.1888%)
entry 5237000/5500645 (95.207%)
entry 5238000/5500645 (95.2252%)
entry 5239000/5500645 (95.2434%)
entry 5240000/5500645 (95.2616%)
entry 5241000/5500645 (95.2797%)
entry 5242000/5500645 (95.2979%)
entry 5243000/5500645 (95.3161%)
entry 5244000/5500645 (95.3343%)
entry 5245000/5500645 (95.3525%)
entry 5247000/5500645 (95.3888%)
entry 5248000/5500645 (95.407%)
entry 5252000/5500645 (95.4797%)
entry 5255000/5500645 (95.5343%)
entry 5256000/5500645 (95.5524%)
entry 5257000/5500645 (95.5706%)
entry 5258000/5500645 (95.5888%)
entry 5260000/5500645 (95.6252%)
entry 5261000/5500645 (95.6433%)
entry 5262000/5500645 (95.6615%)
entry 5263000/5500645 (95.6797%)
entry 5264000/5500645 (95.6979%)
entry 5265000/5500645 (95.716%)
entry 5266000/5500645 (95.7342%)
entry 5268000/5500645 (95.7706%)
entry 5269000/5500645 (95.7888%)
entry 5270000/5500645 (95.8069%)
entry 5271000/5500645 (95.8251%)
entry 5273000/5500645 (95.8615%)
entry 5274000/5500645 (95.8797%)
entry 5276000/5500645 (95.916%)
entry 5277000/5500645 (95.9342%)
entry 5278000/5500645 (95.9524%)
entry 5279000/5500645 (95.9706%)
entry 5281000/5500645 (96.0069%)
entry 5282000/5500645 (96.0251%)
entry 5283000/5500645 (96.0433%)
entry 5285000/5500645 (96.0796%)
entry 5286000/5500645 (96.0978%)
entry 5290000/5500645 (96.1705%)
entry 5292000/5500645 (96.2069%)
entry 5294000/5500645 (96.2433%)
entry 5295000/5500645 (96.2614%)
entry 5299000/5500645 (96.3342%)
entry 5300000/5500645 (96.3523%)
entry 5301000/5500645 (96.3705%)
entry 5302000/5500645 (96.3887%)
entry 5303000/5500645 (96.4069%)
entry 5304000/5500645 (96.4251%)
entry 5305000/5500645 (96.4432%)
entry 5307000/5500645 (96.4796%)
entry 5308000/5500645 (96.4978%)
entry 5310000/5500645 (96.5341%)
entry 5312000/5500645 (96.5705%)
entry 5313000/5500645 (96.5887%)
entry 5314000/5500645 (96.6069%)
entry 5315000/5500645 (96.625%)
entry 5316000/5500645 (96.6432%)
entry 5317000/5500645 (96.6614%)
entry 5318000/5500645 (96.6796%)
entry 5319000/5500645 (96.6978%)
entry 5324000/5500645 (96.7887%)
entry 5325000/5500645 (96.8068%)
entry 5326000/5500645 (96.825%)
entry 5328000/5500645 (96.8614%)
entry 5330000/5500645 (96.8977%)
entry 5331000/5500645 (96.9159%)
entry 5332000/5500645 (96.9341%)
entry 5337000/5500645 (97.025%)
entry 5338000/5500645 (97.0432%)
entry 5340000/5500645 (97.0795%)
entry 5341000/5500645 (97.0977%)
entry 5344000/5500645 (97.1522%)
entry 5345000/5500645 (97.1704%)
entry 5346000/5500645 (97.1886%)
entry 5348000/5500645 (97.225%)
entry 5349000/5500645 (97.2431%)
entry 5350000/5500645 (97.2613%)
entry 5351000/5500645 (97.2795%)
entry 5352000/5500645 (97.2977%)
entry 5354000/5500645 (97.334%)
entry 5355000/5500645 (97.3522%)
entry 5356000/5500645 (97.3704%)
entry 5359000/5500645 (97.4249%)
entry 5362000/5500645 (97.4795%)
entry 5364000/5500645 (97.5158%)
entry 5365000/5500645 (97.534%)
entry 5366000/5500645 (97.5522%)
entry 5367000/5500645 (97.5704%)
entry 5368000/5500645 (97.5886%)
entry 5370000/5500645 (97.6249%)
entry 5373000/5500645 (97.6795%)
entry 5374000/5500645 (97.6976%)
entry 5375000/5500645 (97.7158%)
entry 5376000/5500645 (97.734%)
entry 5378000/5500645 (97.7704%)
entry 5379000/5500645 (97.7885%)
entry 5381000/5500645 (97.8249%)
entry 5382000/5500645 (97.8431%)
entry 5383000/5500645 (97.8612%)
entry 5384000/5500645 (97.8794%)
entry 5385000/5500645 (97.8976%)
entry 5386000/5500645 (97.9158%)
entry 5387000/5500645 (97.934%)
entry 5388000/5500645 (97.9522%)
entry 5389000/5500645 (97.9703%)
entry 5390000/5500645 (97.9885%)
entry 5394000/5500645 (98.0612%)
entry 5395000/5500645 (98.0794%)
entry 5396000/5500645 (98.0976%)
entry 5397000/5500645 (98.1158%)
entry 5398000/5500645 (98.1339%)
entry 5399000/5500645 (98.1521%)
entry 5400000/5500645 (98.1703%)
entry 5402000/5500645 (98.2067%)
entry 5405000/5500645 (98.2612%)
entry 5406000/5500645 (98.2794%)
entry 5407000/5500645 (98.2976%)
entry 5408000/5500645 (98.3157%)
entry 5410000/5500645 (98.3521%)
entry 5413000/5500645 (98.4066%)
entry 5414000/5500645 (98.4248%)
entry 5417000/5500645 (98.4794%)
entry 5418000/5500645 (98.4975%)
entry 5420000/5500645 (98.5339%)
entry 5421000/5500645 (98.5521%)
entry 5422000/5500645 (98.5703%)
entry 5425000/5500645 (98.6248%)
entry 5430000/5500645 (98.7157%)
entry 5431000/5500645 (98.7339%)
entry 5432000/5500645 (98.7521%)
entry 5433000/5500645 (98.7702%)
entry 5434000/5500645 (98.7884%)
entry 5436000/5500645 (98.8248%)
entry 5437000/5500645 (98.843%)
entry 5438000/5500645 (98.8611%)
entry 5440000/5500645 (98.8975%)
entry 5441000/5500645 (98.9157%)
entry 5447000/5500645 (99.0247%)
entry 5448000/5500645 (99.0429%)
entry 5449000/5500645 (99.0611%)
entry 5451000/5500645 (99.0975%)
entry 5452000/5500645 (99.1157%)
entry 5454000/5500645 (99.152%)
entry 5455000/5500645 (99.1702%)
entry 5457000/5500645 (99.2065%)
entry 5458000/5500645 (99.2247%)
entry 5459000/5500645 (99.2429%)
entry 5461000/5500645 (99.2793%)
entry 5462000/5500645 (99.2974%)
entry 5463000/5500645 (99.3156%)
entry 5464000/5500645 (99.3338%)
entry 5466000/5500645 (99.3702%)
entry 5467000/5500645 (99.3883%)
entry 5469000/5500645 (99.4247%)
entry 5470000/5500645 (99.4429%)
entry 5471000/5500645 (99.4611%)
entry 5472000/5500645 (99.4792%)
entry 5473000/5500645 (99.4974%)
entry 5475000/5500645 (99.5338%)
entry 5476000/5500645 (99.552%)
entry 5479000/5500645 (99.6065%)
entry 5481000/5500645 (99.6429%)
entry 5483000/5500645 (99.6792%)
entry 5484000/5500645 (99.6974%)
entry 5485000/5500645 (99.7156%)
entry 5487000/5500645 (99.7519%)
entry 5488000/5500645 (99.7701%)
entry 5489000/5500645 (99.7883%)
entry 5490000/5500645 (99.8065%)
entry 5491000/5500645 (99.8247%)
entry 5492000/5500645 (99.8428%)
entry 5493000/5500645 (99.861%)
entry 5495000/5500645 (99.8974%)
entry 5497000/5500645 (99.9337%)
entry 5498000/5500645 (99.9519%)
entry 5500000/5500645 (99.9883%)
all done
script done
