sphnx1155.sdcc.bnl.gov
rsyncing from /gpfs/mnt/gpfs02/sphenix/user/samfred/run25/ppg11/histmaking
running: /gpfs/mnt/gpfs02/sphenix/user/samfred/run25/ppg11/histmaking/script_data.sh 52638
LD_LIBRARY_PATH now /sphenix/user/samfred/run25/install//lib:/cvmfs/sphenix.sdcc.bnl.gov/alma9.2-gcc-14.2.0/opt/sphenix/core/gcc/14.2.0-2f0a0/x86_64-el9/lib:/cvmfs/sphenix.sdcc.bnl.gov/alma9.2-gcc-14.2.0/opt/sphenix/core/gcc/14.2.0-2f0a0/x86_64-el9/lib64:/cvmfs/sphenix.sdcc.bnl.gov/alma9.2-gcc-14.2.0/opt/sphenix/core/binutils/2.40-acaab/x86_64-el9/lib:.:/cvmfs/sphenix.sdcc.bnl.gov/alma9.2-gcc-14.2.0/release/release_new/new.10/lib64:/cvmfs/sphenix.sdcc.bnl.gov/alma9.2-gcc-14.2.0/release/release_new/new.10/lib:/cvmfs/sphenix.sdcc.bnl.gov/alma9.2-gcc-14.2.0/opt/sphenix/utils/lib:/cvmfs/sphenix.sdcc.bnl.gov/alma9.2-gcc-14.2.0/opt/sphenix/core/lib:/cvmfs/sphenix.sdcc.bnl.gov/alma9.2-gcc-14.2.0/opt/sphenix/core/root-6.32.06/lib:/cvmfs/sphenix.sdcc.bnl.gov/alma9.2-gcc-14.2.0/opt/sphenix/core/geant4.10.07.p04/lib64:/cvmfs/sphenix.sdcc.bnl.gov/alma9.2-gcc-14.2.0/opt/sphenix/core/lhapdf-5.9.1/lib:/usr/local/lib64:/usr/lib64
PATH now /sphenix/user/samfred/run25/install//bin:/cvmfs/sphenix.sdcc.bnl.gov/alma9.2-gcc-14.2.0/opt/sphenix/core/gcc/14.2.0-2f0a0/x86_64-el9/bin:/cvmfs/sphenix.sdcc.bnl.gov/alma9.2-gcc-14.2.0/opt/sphenix/core/binutils/2.40-acaab/x86_64-el9/bin:.:/cvmfs/sphenix.sdcc.bnl.gov/alma9.2-gcc-14.2.0/release/release_new/new.10/bin:/cvmfs/sphenix.sdcc.bnl.gov/alma9.2-gcc-14.2.0/opt/sphenix/utils/bin:/cvmfs/sphenix.sdcc.bnl.gov/alma9.2-gcc-14.2.0/opt/sphenix/core/bin:/cvmfs/sphenix.sdcc.bnl.gov/alma9.2-gcc-14.2.0/opt/sphenix/core/root-6.32.06/bin:/cvmfs/sphenix.sdcc.bnl.gov/alma9.2-gcc-14.2.0/opt/sphenix/core/geant4.10.07.p04/bin:/usr/local/bin:/usr/bin:/usr/local/sbin:/usr/sbin
SINGULARITY_CACHEDIR=/home/condor/local/sphnx/execute/dir_3147146
_CONDOR_CHIRP_CONFIG=/home/condor/local/sphnx/execute/dir_3147146/.chirp.config
_CONDOR_JOB_IWD=/sphenix/user/samfred/run25/ppg11/histmaking
G4ENSDFSTATEDATA=/cvmfs/sphenix.sdcc.bnl.gov/alma9.2-gcc-14.2.0/opt/sphenix/core/geant4.10.07.p04/share/Geant4-10.7.4/data/G4ENSDFSTATE2.3
_CONDOR_MACHINE_AD=/home/condor/local/sphnx/execute/dir_3147146/.machine.ad
ROOT_MAX_THREADS=1
NUMEXPR_NUM_THREADS=1
CUBACORES=1
_CHIRP_DELAYED_UPDATE_PREFIX=Chirp*
OMP_THREAD_LIMIT=1
G4PIIDATA=/cvmfs/sphenix.sdcc.bnl.gov/alma9.2-gcc-14.2.0/opt/sphenix/core/geant4.10.07.p04/share/Geant4-10.7.4/data/G4PII1.3
NO_AT_BRIDGE=1
G4_MAIN=/cvmfs/sphenix.sdcc.bnl.gov/alma9.2-gcc-14.2.0/opt/sphenix/core/geant4.10.07.p04
COMPILER_PATH=/cvmfs/sphenix.sdcc.bnl.gov/alma9.2-gcc-14.2.0/opt/sphenix/core/gcc/14.2.0-2f0a0/x86_64-el9
ROOT_INCLUDE_PATH=./:/sphenix/user/samfred/run25/install//include:/sphenix/user/samfred/run25/install//include/caloana:/sphenix/user/samfred/run25/install//include/qa_centrality:/sphenix/user/samfred/run25/install//include/mbdana:/sphenix/user/samfred/run25/install//include/centrality:/sphenix/user/samfred/run25/install//include/Event:/cvmfs/sphenix.sdcc.bnl.gov/alma9.2-gcc-14.2.0/release/release_new/new.10/include:/cvmfs/sphenix.sdcc.bnl.gov/alma9.2-gcc-14.2.0/release/release_new/new.10/include:/cvmfs/sphenix.sdcc.bnl.gov/alma9.2-gcc-14.2.0/release/release_new/new.10/include/g4mbd:/cvmfs/sphenix.sdcc.bnl.gov/alma9.2-gcc-14.2.0/release/release_new/new.10/include/fmt:/cvmfs/sphenix.sdcc.bnl.gov/alma9.2-gcc-14.2.0/release/release_new/new.10/include/ffarawobjects:/cvmfs/sphenix.sdcc.bnl.gov/alma9.2-gcc-14.2.0/release/release_new/new.10/include/JSON:/cvmfs/sphenix.sdcc.bnl.gov/alma9.2-gcc-14.2.0/release/release_new/new.10/include/calotreegen:/cvmfs/sphenix.sdcc.bnl.gov/alma9.2-gcc-14.2.0/release/release_new/new.10/include/torch:/cvmfs/sphenix.sdcc.bnl.gov/alma9.2-gcc-14.2.0/release/release_new/new.10/include/g4detectors:/cvmfs/sphenix.sdcc.bnl.gov/alma9.2-gcc-14.2.0/release/release_new/new.10/include/kineto:/cvmfs/sphenix.sdcc.bnl.gov/alma9.2-gcc-14.2.0/release/release_new/new.10/include/g4decayer:/cvmfs/sphenix.sdcc.bnl.gov/alma9.2-gcc-14.2.0/release/release_new/new.10/include/kfparticleqa:/cvmfs/sphenix.sdcc.bnl.gov/alma9.2-gcc-14.2.0/release/release_new/new.10/include/phfield:/cvmfs/sphenix.sdcc.bnl.gov/alma9.2-gcc-14.2.0/release/release_new/new.10/include/LHAPDF:/cvmfs/sphenix.sdcc.bnl.gov/alma9.2-gcc-14.2.0/release/release_new/new.10/include/readdigitalcurrents:/cvmfs/sphenix.sdcc.bnl.gov/alma9.2-gcc-14.2.0/release/release_new/new.10/include/c10:/cvmfs/sphenix.sdcc.bnl.gov/alma9.2-gcc-14.2.0/release/release_new/new.10/include/calovalid:/cvmfs/sphenix.sdcc.bnl.gov/alma9.2-gcc-14.2.0/release/release_new/new.10/include/oneapi:/cvmfs/sphenix.sdcc.bnl.gov/alma9.2-gcc-14.2.0/release/release_new/new.10/include/DDCond:/cvmfs/sphenix.sdcc.bnl.gov/alma9.2-gcc-14.2.0/release/release_new/new.10/include/g4tracking:/cvmfs/sphenix.sdcc.bnl.gov/alma9.2-gcc-14.2.0/release/release_new/new.10/include/litecaloeval:/cvmfs/sphenix.sdcc.bnl.gov/alma9.2-gcc-14.2.0/release/release_new/new.10/include/g4intt:/cvmfs/sphenix.sdcc.bnl.gov/alma9.2-gcc-14.2.0/release/release_new/new.10/include/phool:/cvmfs/sphenix.sdcc.bnl.gov/alma9.2-gcc-14.2.0/release/release_new/new.10/include/boost:/cvmfs/sphenix.sdcc.bnl.gov/alma9.2-gcc-14.2.0/release/release_new/new.10/include/Pythia8Plugins:/cvmfs/sphenix.sdcc.bnl.gov/alma9.2-gcc-14.2.0/release/release_new/new.10/include/calib_emc_pi0:/cvmfs/sphenix.sdcc.bnl.gov/alma9.2-gcc-14.2.0/release/release_new/new.10/include/hijingflipafterburner:/cvmfs/sphenix.sdcc.bnl.gov/alma9.2-gcc-14.2.0/release/release_new/new.10/include/ffaobjects:/cvmfs/sphenix.sdcc.bnl.gov/alma9.2-gcc-14.2.0/release/release_new/new.10/include/EvtGenBase:/cvmfs/sphenix.sdcc.bnl.gov/alma9.2-gcc-14.2.0/release/release_new/new.10/include/flowafterburner:/cvmfs/sphenix.sdcc.bnl.gov/alma9.2-gcc-14.2.0/release/release_new/new.10/include/google:/cvmfs/sphenix.sdcc.bnl.gov/alma9.2-gcc-14.2.0/release/release_new/new.10/include/g4tpc:/cvmfs/sphenix.sdcc.bnl.gov/alma9.2-gcc-14.2.0/release/release_new/new.10/include/caffe2:/cvmfs/sphenix.sdcc.bnl.gov/alma9.2-gcc-14.2.0/release/release_new/new.10/include/EvtGenExternal:/cvmfs/sphenix.sdcc.bnl.gov/alma9.2-gcc-14.2.0/release/release_new/new.10/include/fp16:/cvmfs/sphenix.sdcc.bnl.gov/alma9.2-gcc-14.2.0/release/release_new/new.10/include/ffamodules:/cvmfs/sphenix.sdcc.bnl.gov/alma9.2-gcc-14.2.0/release/release_new/new.10/include/uspin:/cvmfs/sphenix.sdcc.bnl.gov/alma9.2-gcc-14.2.0/release/release_new/new.10/include/Herwig:/cvmfs/sphenix.sdcc.bnl.gov/alma9.2-gcc-14.2.0/release/release_new/new.10/include/genfitexp:/cvmfs/sphenix.sdcc.bnl.gov/alma9.2-gcc-14.2.0/release/release_new/new.10/include/XML:/cvmfs/sphenix.sdcc.bnl.gov/alma9.2-gcc-14.2.0/release/release_new/new.10/include/fbgemm:/cvmfs/sphenix.sdcc.bnl.gov/alma9.2-gcc-14.2.0/release/release_new/new.10/include/DDAlign:/cvmfs/sphenix.sdcc.bnl.gov/alma9.2-gcc-14.2.0/release/release_new/new.10/include/g4mvtx:/cvmfs/sphenix.sdcc.bnl.gov/alma9.2-gcc-14.2.0/release/release_new/new.10/include/kfparticle_sphenix:/cvmfs/sphenix.sdcc.bnl.gov/alma9.2-gcc-14.2.0/release/release_new/new.10/include/fun4all:/cvmfs/sphenix.sdcc.bnl.gov/alma9.2-gcc-14.2.0/release/release_new/new.10/include/intt:/cvmfs/sphenix.sdcc.bnl.gov/alma9.2-gcc-14.2.0/release/release_new/new.10/include/eventdisplay:/cvmfs/sphenix.sdcc.bnl.gov/alma9.2-gcc-14.2.0/release/release_new/new.10/include/EvtGen:/cvmfs/sphenix.sdcc.bnl.gov/alma9.2-gcc-14.2.0/release/release_new/new.10/include/Evaluator:/cvmfs/sphenix.sdcc.bnl.gov/alma9.2-gcc-14.2.0/release/release_new/new.10/include/tpc:/cvmfs/sphenix.sdcc.bnl.gov/alma9.2-gcc-14.2.0/release/release_new/new.10/include/GenFit:/cvmfs/sphenix.sdcc.bnl.gov/alma9.2-gcc-14.2.0/release/release_new/new.10/include/prototype4:/cvmfs/sphenix.sdcc.bnl.gov/alma9.2-gcc-14.2.0/release/release_new/new.10/include/caloembedding:/cvmfs/sphenix.sdcc.bnl.gov/alma9.2-gcc-14.2.0/release/release_new/new.10/include/EvtGenModels:/cvmfs/sphenix.sdcc.bnl.gov/alma9.2-gcc-14.2.0/release/release_new/new.10/include/fastjet:/cvmfs/sphenix.sdcc.bnl.gov/alma9.2-gcc-14.2.0/release/release_new/new.10/include/DDG4:/cvmfs/sphenix.sdcc.bnl.gov/alma9.2-gcc-14.2.0/release/release_new/new.10/include/mbd:/cvmfs/sphenix.sdcc.bnl.gov/alma9.2-gcc-14.2.0/release/release_new/new.10/include/tbb:/cvmfs/sphenix.sdcc.bnl.gov/alma9.2-gcc-14.2.0/release/release_new/new.10/include/phgeom:/cvmfs/sphenix.sdcc.bnl.gov/alma9.2-gcc-14.2.0/release/release_new/new.10/include/g4epd:/cvmfs/sphenix.sdcc.bnl.gov/alma9.2-gcc-14.2.0/release/release_new/new.10/include/oncal:/cvmfs/sphenix.sdcc.bnl.gov/alma9.2-gcc-14.2.0/release/release_new/new.10/include/pybind11:/cvmfs/sphenix.sdcc.bnl.gov/alma9.2-gcc-14.2.0/release/release_new/new.10/include/tpcdistgenerator:/cvmfs/sphenix.sdcc.bnl.gov/alma9.2-gcc-14.2.0/release/release_new/new.10/include/cdbobjects:/cvmfs/sphenix.sdcc.bnl.gov/alma9.2-gcc-14.2.0/release/release_new/new.10/include/g4micromegas:/cvmfs/sphenix.sdcc.bnl.gov/alma9.2-gcc-14.2.0/release/release_new/new.10/include/g4eval:/cvmfs/sphenix.sdcc.bnl.gov/alma9.2-gcc-14.2.0/release/release_new/new.10/include/jetbackground:/cvmfs/sphenix.sdcc.bnl.gov/alma9.2-gcc-14.2.0/release/release_new/new.10/include/micromegas:/cvmfs/sphenix.sdcc.bnl.gov/alma9.2-gcc-14.2.0/release/release_new/new.10/include/hftrackefficiency:/cvmfs/sphenix.sdcc.bnl.gov/alma9.2-gcc-14.2.0/release/release_new/new.10/include/inttrawhitqa:/cvmfs/sphenix.sdcc.bnl.gov/alma9.2-gcc-14.2.0/release/release_new/new.10/include/centrality:/cvmfs/sphenix.sdcc.bnl.gov/alma9.2-gcc-14.2.0/release/release_new/new.10/include/epd:/cvmfs/sphenix.sdcc.bnl.gov/alma9.2-gcc-14.2.0/release/release_new/new.10/include/caloreco:/cvmfs/sphenix.sdcc.bnl.gov/alma9.2-gcc-14.2.0/release/release_new/new.10/include/HepMC:/cvmfs/sphenix.sdcc.bnl.gov/alma9.2-gcc-14.2.0/release/release_new/new.10/include/CLHEP:/cvmfs/sphenix.sdcc.bnl.gov/alma9.2-gcc-14.2.0/release/release_new/new.10/include/Acts:/cvmfs/sphenix.sdcc.bnl.gov/alma9.2-gcc-14.2.0/release/release_new/new.10/include/g4histos:/cvmfs/sphenix.sdcc.bnl.gov/alma9.2-gcc-14.2.0/release/release_new/new.10/include/eventplaneinfo:/cvmfs/sphenix.sdcc.bnl.gov/alma9.2-gcc-14.2.0/release/release_new/new.10/include/fillspacechargemaps:/cvmfs/sphenix.sdcc.bnl.gov/alma9.2-gcc-14.2.0/release/release_new/new.10/include/phhepmc:/cvmfs/sphenix.sdcc.bnl.gov/alma9.2-gcc-14.2.0/release/release_new/new.10/include/trackingqa:/cvmfs/sphenix.sdcc.bnl.gov/alma9.2-gcc-14.2.0/release/release_new/new.10/include/qautils:/cvmfs/sphenix.sdcc.bnl.gov/alma9.2-gcc-14.2.0/release/release_new/new.10/include/trackreco:/cvmfs/sphenix.sdcc.bnl.gov/alma9.2-gcc-14.2.0/release/release_new/new.10/include/g4ohcal:/cvmfs/sphenix.sdcc.bnl.gov/alma9.2-gcc-14.2.0/release/release_new/new.10/include/tpcdvcalib:/cvmfs/sphenix.sdcc.bnl.gov/alma9.2-gcc-14.2.0/release/release_new/new.10/include/zdcinfo:/cvmfs/sphenix.sdcc.bnl.gov/alma9.2-gcc-14.2.0/release/release_new/new.10/include/phpythia8:/cvmfs/sphenix.sdcc.bnl.gov/alma9.2-gcc-14.2.0/release/release_new/new.10/include/fun4allutils:/cvmfs/sphenix.sdcc.bnl.gov/alma9.2-gcc-14.2.0/release/release_new/new.10/include/tpcqa:/cvmfs/sphenix.sdcc.bnl.gov/alma9.2-gcc-14.2.0/release/release_new/new.10/include/Pythia8:/cvmfs/sphenix.sdcc.bnl.gov/alma9.2-gcc-14.2.0/release/release_new/new.10/include/DDRec:/cvmfs/sphenix.sdcc.bnl.gov/alma9.2-gcc-14.2.0/release/release_new/new.10/include/DDDigi:/cvmfs/sphenix.sdcc.bnl.gov/alma9.2-gcc-14.2.0/release/release_new/new.10/include/g4ihcal:/cvmfs/sphenix.sdcc.bnl.gov/alma9.2-gcc-14.2.0/release/release_new/new.10/include/frog:/cvmfs/sphenix.sdcc.bnl.gov/alma9.2-gcc-14.2.0/release/release_new/new.10/include/eigen3:/cvmfs/sphenix.sdcc.bnl.gov/alma9.2-gcc-14.2.0/release/release_new/new.10/include/tensorpipe:/cvmfs/sphenix.sdcc.bnl.gov/alma9.2-gcc-14.2.0/release/release_new/new.10/include/sphenixnpc:/cvmfs/sphenix.sdcc.bnl.gov/alma9.2-gcc-14.2.0/release/release_new/new.10/include/siscone:/cvmfs/sphenix.sdcc.bnl.gov/alma9.2-gcc-14.2.0/release/release_new/new.10/include/pmonitor:/cvmfs/sphenix.sdcc.bnl.gov/alma9.2-gcc-14.2.0/release/release_new/new.10/include/calobase:/cvmfs/sphenix.sdcc.bnl.gov/alma9.2-gcc-14.2.0/release/release_new/new.10/include/ActsExamples:/cvmfs/sphenix.sdcc.bnl.gov/alma9.2-gcc-14.2.0/release/release_new/new.10/include/g4gdml:/cvmfs/sphenix.sdcc.bnl.gov/alma9.2-gcc-14.2.0/release/release_new/new.10/include/mvtx_decoder:/cvmfs/sphenix.sdcc.bnl.gov/alma9.2-gcc-14.2.0/release/release_new/new.10/include/ROOT:/cvmfs/sphenix.sdcc.bnl.gov/alma9.2-gcc-14.2.0/release/release_new/new.10/include/phparameter:/cvmfs/sphenix.sdcc.bnl.gov/alma9.2-gcc-14.2.0/release/release_new/new.10/include/rsa:/cvmfs/sphenix.sdcc.bnl.gov/alma9.2-gcc-14.2.0/release/release_new/new.10/include/fun4allraw:/cvmfs/sphenix.sdcc.bnl.gov/alma9.2-gcc-14.2.0/release/release_new/new.10/include/trackbase_historic:/cvmfs/sphenix.sdcc.bnl.gov/alma9.2-gcc-14.2.0/release/release_new/new.10/include/g4jets:/cvmfs/sphenix.sdcc.bnl.gov/alma9.2-gcc-14.2.0/release/release_new/new.10/include/jetqa:/cvmfs/sphenix.sdcc.bnl.gov/alma9.2-gcc-14.2.0/release/release_new/new.10/include/phoolraw:/cvmfs/sphenix.sdcc.bnl.gov/alma9.2-gcc-14.2.0/release/release_new/new.10/include/g4calo:/cvmfs/sphenix.sdcc.bnl.gov/alma9.2-gcc-14.2.0/release/release_new/new.10/include/mvtxrawhitqa:/cvmfs/sphenix.sdcc.bnl.gov/alma9.2-gcc-14.2.0/release/release_new/new.10/include/HepMC3:/cvmfs/sphenix.sdcc.bnl.gov/alma9.2-gcc-14.2.0/release/release_new/new.10/include/calowaveformsim:/cvmfs/sphenix.sdcc.bnl.gov/alma9.2-gcc-14.2.0/release/release_new/new.10/include/g4caloprototype:/cvmfs/sphenix.sdcc.bnl.gov/alma9.2-gcc-14.2.0/release/release_new/new.10/include/pdbcalbase:/cvmfs/sphenix.sdcc.bnl.gov/alma9.2-gcc-14.2.0/release/release_new/new.10/include/gsl:/cvmfs/sphenix.sdcc.bnl.gov/alma9.2-gcc-14.2.0/release/release_new/new.10/include/nodedump:/cvmfs/sphenix.sdcc.bnl.gov/alma9.2-gcc-14.2.0/release/release_new/new.10/include/emcnoisytowerfinder:/cvmfs/sphenix.sdcc.bnl.gov/alma9.2-gcc-14.2.0/release/release_new/new.10/include/ActsFatras:/cvmfs/sphenix.sdcc.bnl.gov/alma9.2-gcc-14.2.0/release/release_new/new.10/include/ffarawmodules:/cvmfs/sphenix.sdcc.bnl.gov/alma9.2-gcc-14.2.0/release/release_new/new.10/include/Event:/cvmfs/sphenix.sdcc.bnl.gov/alma9.2-gcc-14.2.0/release/release_new/new.10/include/prototype3:/cvmfs/sphenix.sdcc.bnl.gov/alma9.2-gcc-14.2.0/release/release_new/new.10/include/fermimotionafterburner:/cvmfs/sphenix.sdcc.bnl.gov/alma9.2-gcc-14.2.0/release/release_new/new.10/include/Photos:/cvmfs/sphenix.sdcc.bnl.gov/alma9.2-gcc-14.2.0/release/release_new/new.10/include/xingshiftcal:/cvmfs/sphenix.sdcc.bnl.gov/alma9.2-gcc-14.2.0/release/release_new/new.10/include/trackbase:/cvmfs/sphenix.sdcc.bnl.gov/alma9.2-gcc-14.2.0/release/release_new/new.10/include/jetdstskimmer:/cvmfs/sphenix.sdcc.bnl.gov/alma9.2-gcc-14.2.0/release/release_new/new.10/include/clusteriso:/cvmfs/sphenix.sdcc.bnl.gov/alma9.2-gcc-14.2.0/release/release_new/new.10/include/asmjit:/cvmfs/sphenix.sdcc.bnl.gov/alma9.2-gcc-14.2.0/release/release_new/new.10/include/particleflowreco:/cvmfs/sphenix.sdcc.bnl.gov/alma9.2-gcc-14.2.0/release/release_new/new.10/include/tpchittrackdisplay:/cvmfs/sphenix.sdcc.bnl.gov/alma9.2-gcc-14.2.0/release/release_new/new.10/include/caloana:/cvmfs/sphenix.sdcc.bnl.gov/alma9.2-gcc-14.2.0/release/release_new/new.10/include/calotrigger:/cvmfs/sphenix.sdcc.bnl.gov/alma9.2-gcc-14.2.0/release/release_new/new.10/include/nopayloadclient:/cvmfs/sphenix.sdcc.bnl.gov/alma9.2-gcc-14.2.0/release/release_new/new.10/include/trackermillepedealignment:/cvmfs/sphenix.sdcc.bnl.gov/alma9.2-gcc-14.2.0/release/release_new/new.10/include/DD4hep:/cvmfs/sphenix.sdcc.bnl.gov/alma9.2-gcc-14.2.0/release/release_new/new.10/include/g4trackfastsim:/cvmfs/sphenix.sdcc.bnl.gov/alma9.2-gcc-14.2.0/release/release_new/new.10/include/prototype2:/cvmfs/sphenix.sdcc.bnl.gov/alma9.2-gcc-14.2.0/release/release_new/new.10/include/ATen:/cvmfs/sphenix.sdcc.bnl.gov/alma9.2-gcc-14.2.0/release/release_new/new.10/include/g4main:/cvmfs/sphenix.sdcc.bnl.gov/alma9.2-gcc-14.2.0/release/release_new/new.10/include/Tauola:/cvmfs/sphenix.sdcc.bnl.gov/alma9.2-gcc-14.2.0/release/release_new/new.10/include/inttcalib:/cvmfs/sphenix.sdcc.bnl.gov/alma9.2-gcc-14.2.0/release/release_new/new.10/include/reactionplaneafterburner:/cvmfs/sphenix.sdcc.bnl.gov/alma9.2-gcc-14.2.0/release/release_new/new.10/include/globalqa:/cvmfs/sphenix.sdcc.bnl.gov/alma9.2-gcc-14.2.0/release/release_new/new.10/include/tpccalib:/cvmfs/sphenix.sdcc.bnl.gov/alma9.2-gcc-14.2.0/release/release_new/new.10/include/DDSegmentation:/cvmfs/sphenix.sdcc.bnl.gov/alma9.2-gcc-14.2.0/release/release_new/new.10/include/decayfinder:/cvmfs/sphenix.sdcc.bnl.gov/alma9.2-gcc-14.2.0/release/release_new/new.10/include/compressclus:/cvmfs/sphenix.sdcc.bnl.gov/alma9.2-gcc-14.2.0/release/release_new/new.10/include/simqa_modules:/cvmfs/sphenix.sdcc.bnl.gov/alma9.2-gcc-14.2.0/release/release_new/new.10/include/resonancejettagging:/cvmfs/sphenix.sdcc.bnl.gov/alma9.2-gcc-14.2.0/release/release_new/new.10/include/g4centrality:/cvmfs/sphenix.sdcc.bnl.gov/alma9.2-gcc-14.2.0/release/release_new/new.10/include/mvtx:/cvmfs/sphenix.sdcc.bnl.gov/alma9.2-gcc-14.2.0/release/release_new/new.10/include/nlohmann:/cvmfs/sphenix.sdcc.bnl.gov/alma9.2-gcc-14.2.0/release/release_new/new.10/include/localpoloffmon:/cvmfs/sphenix.sdcc.bnl.gov/alma9.2-gcc-14.2.0/release/release_new/new.10/include/DDEve:/cvmfs/sphenix.sdcc.bnl.gov/alma9.2-gcc-14.2.0/release/release_new/new.10/include/Parsers:/cvmfs/sphenix.sdcc.bnl.gov/alma9.2-gcc-14.2.0/release/release_new/new.10/include/trackingdiagnostics:/cvmfs/sphenix.sdcc.bnl.gov/alma9.2-gcc-14.2.0/release/release_new/new.10/include/g4vertex:/cvmfs/sphenix.sdcc.bnl.gov/alma9.2-gcc-14.2.0/release/release_new/new.10/include/jetbase:/cvmfs/sphenix.sdcc.bnl.gov/alma9.2-gcc-14.2.0/release/release_new/new.10/include/globalvertex:/cvmfs/sphenix.sdcc.bnl.gov/alma9.2-gcc-14.2.0/release/release_new/new.10/include/phgenfit:/cvmfs/sphenix.sdcc.bnl.gov/alma9.2-gcc-14.2.0/release/release_new/new.10/include/rawbcolumi:/cvmfs/sphenix.sdcc.bnl.gov/alma9.2-gcc-14.2.0/release/release_new/new.10/include/eicsmear:/cvmfs/sphenix.sdcc.bnl.gov/alma9.2-gcc-14.2.0/release/release_new/new.10/include/mvtxcalib:/cvmfs/sphenix.sdcc.bnl.gov/alma9.2-gcc-14.2.0/release/release_new/new.10/include/tpclinelaserdiode:/cvmfs/sphenix.sdcc.bnl.gov/alma9.2-gcc-14.2.0/release/release_new/new.10/include/hepmcjettrigger:/cvmfs/sphenix.sdcc.bnl.gov/alma9.2-gcc-14.2.0/release/release_new/new.10/include/core:/cvmfs/sphenix.sdcc.bnl.gov/alma9.2-gcc-14.2.0/release/release_new/new.10/include/calo_cdb:/cvmfs/sphenix.sdcc.bnl.gov/alma9.2-gcc-14.2.0/release/release_new/new.10/include/mvtxclustershapesqa:/cvmfs/sphenix.sdcc.bnl.gov/alma9.2-gcc-14.2.0/release/release_new/new.10/include/calopacketskimmer:/cvmfs/sphenix.sdcc.bnl.gov/alma9.2-gcc-14.2.0/opt/sphenix/core/geant4.10.07.p04/include:/cvmfs/sphenix.sdcc.bnl.gov/alma9.2-gcc-14.2.0/release/release_new/new.10/rootmacros:/cvmfs/sphenix.sdcc.bnl.gov/alma9.2-gcc-14.2.0/opt/sphenix/core/include
GSEARCHPATH=.:PG:LUSTRE:RAWDATA
PWD=/gpfs/mnt/gpfs02/sphenix/user/samfred/run25/ppg11/histmaking
LOGNAME=samfred
_CONDOR_JOB_AD=/home/condor/local/sphnx/execute/dir_3147146/.job.ad
MANPATH=/cvmfs/sphenix.sdcc.bnl.gov/alma9.2-gcc-14.2.0/opt/sphenix/core/gcc/14.2.0-2f0a0/x86_64-el9/share/man:/cvmfs/sphenix.sdcc.bnl.gov/alma9.2-gcc-14.2.0/opt/sphenix/core/binutils/2.40-acaab/x86_64-el9/share/man:/cvmfs/sphenix.sdcc.bnl.gov/alma9.2-gcc-14.2.0/release/release_new/new.10/share/man:/cvmfs/sphenix.sdcc.bnl.gov/alma9.2-gcc-14.2.0/opt/sphenix/utils/share/man:/cvmfs/sphenix.sdcc.bnl.gov/alma9.2-gcc-14.2.0/opt/sphenix/core/share/man:/cvmfs/sphenix.sdcc.bnl.gov/alma9.2-gcc-14.2.0/opt/sphenix/core/root-6.32.06/man:/usr/local/share/man:/usr/share/man
PYTHIA8=/cvmfs/sphenix.sdcc.bnl.gov/alma9.2-gcc-14.2.0/release/release_new/new.10/share/Pythia8
G4INCLDATA=/cvmfs/sphenix.sdcc.bnl.gov/alma9.2-gcc-14.2.0/opt/sphenix/core/geant4.10.07.p04/share/Geant4-10.7.4/data/G4INCL1.0
ORIG_PATH=/usr/local/bin:/usr/bin
CXX=/cvmfs/sphenix.sdcc.bnl.gov/alma9.2-gcc-14.2.0/opt/sphenix/core/gcc/14.2.0-2f0a0/x86_64-el9/bin/g++
G4LEDATA=/cvmfs/sphenix.sdcc.bnl.gov/alma9.2-gcc-14.2.0/opt/sphenix/core/geant4.10.07.p04/share/Geant4-10.7.4/data/G4EMLOW7.13
PYTHON_CPU_COUNT=1
OPENBLAS_NUM_THREADS=1
_CONDOR_BIN=/usr/bin
HOME=/sphenix/u/samfred
G4PARTICLEXSDATA=/cvmfs/sphenix.sdcc.bnl.gov/alma9.2-gcc-14.2.0/opt/sphenix/core/geant4.10.07.p04/share/Geant4-10.7.4/data/G4PARTICLEXS3.1.1
ONLINE_MAIN=/cvmfs/sphenix.sdcc.bnl.gov/alma9.2-gcc-14.2.0/release/release_new/new.10
CALIBRATIONROOT=/cvmfs/sphenix.sdcc.bnl.gov/alma9.2-gcc-14.2.0/release/release_new/new.10/share/calibrations
TMPDIR=/tmp
_CONDOR_SCRATCH_DIR=/home/condor/local/sphnx/execute/dir_3147146
PGUSER=phnxrc
NOPAYLOADCLIENT_CONF=/cvmfs/sphenix.sdcc.bnl.gov/alma9.2-gcc-14.2.0/opt/sphenix/core/etc/sPHENIX_newcdb.json
XERCESCROOT=/cvmfs/sphenix.sdcc.bnl.gov/alma9.2-gcc-14.2.0/opt/sphenix/core/geant4.10.07.p04
LHAPATH=/cvmfs/sphenix.sdcc.bnl.gov/alma9.2-gcc-14.2.0/opt/sphenix/core/lhapdf-5.9.1/share/lhapdf/PDFsets
_CONDOR_ANCESTOR_310978=311013:1756523324:1156866779
G4NEUTRONHPDATA=/cvmfs/sphenix.sdcc.bnl.gov/alma9.2-gcc-14.2.0/opt/sphenix/core/geant4.10.07.p04/share/Geant4-10.7.4/data/G4NDL4.6
PYTHONPATH=.:/cvmfs/sphenix.sdcc.bnl.gov/alma9.2-gcc-14.2.0/release/release_new/new.10/lib/python3.13/site-packages:/cvmfs/sphenix.sdcc.bnl.gov/alma9.2-gcc-14.2.0/opt/sphenix/core/lib/python3.13/site-packages:/cvmfs/sphenix.sdcc.bnl.gov/alma9.2-gcc-14.2.0/opt/sphenix/core/root-6.32.06/lib
USER=samfred
_CONDOR_JOB_PIDS=
TEMP=/tmp
GOMAXPROCS=1
OFFLINE_MAIN=/cvmfs/sphenix.sdcc.bnl.gov/alma9.2-gcc-14.2.0/release/release_new/new.10
SHLVL=1
TF_NUM_THREADS=1
G4SAIDXSDATA=/cvmfs/sphenix.sdcc.bnl.gov/alma9.2-gcc-14.2.0/opt/sphenix/core/geant4.10.07.p04/share/Geant4-10.7.4/data/G4SAIDDATA2.0
APPTAINER_CACHEDIR=/home/condor/local/sphnx/execute/dir_3147146
ROOTSYS=/cvmfs/sphenix.sdcc.bnl.gov/alma9.2-gcc-14.2.0/opt/sphenix/core/root-6.32.06
BATCH_SYSTEM=HTCondor
_CONDOR_SLOT=slot1_45
LD_LIBRARY_PATH=/sphenix/user/samfred/run25/install//lib:/cvmfs/sphenix.sdcc.bnl.gov/alma9.2-gcc-14.2.0/opt/sphenix/core/gcc/14.2.0-2f0a0/x86_64-el9/lib:/cvmfs/sphenix.sdcc.bnl.gov/alma9.2-gcc-14.2.0/opt/sphenix/core/gcc/14.2.0-2f0a0/x86_64-el9/lib64:/cvmfs/sphenix.sdcc.bnl.gov/alma9.2-gcc-14.2.0/opt/sphenix/core/binutils/2.40-acaab/x86_64-el9/lib:.:/cvmfs/sphenix.sdcc.bnl.gov/alma9.2-gcc-14.2.0/release/release_new/new.10/lib64:/cvmfs/sphenix.sdcc.bnl.gov/alma9.2-gcc-14.2.0/release/release_new/new.10/lib:/cvmfs/sphenix.sdcc.bnl.gov/alma9.2-gcc-14.2.0/opt/sphenix/utils/lib:/cvmfs/sphenix.sdcc.bnl.gov/alma9.2-gcc-14.2.0/opt/sphenix/core/lib:/cvmfs/sphenix.sdcc.bnl.gov/alma9.2-gcc-14.2.0/opt/sphenix/core/root-6.32.06/lib:/cvmfs/sphenix.sdcc.bnl.gov/alma9.2-gcc-14.2.0/opt/sphenix/core/geant4.10.07.p04/lib64:/cvmfs/sphenix.sdcc.bnl.gov/alma9.2-gcc-14.2.0/opt/sphenix/core/lhapdf-5.9.1/lib:/usr/local/lib64:/usr/lib64
OPT_SPHENIX=/cvmfs/sphenix.sdcc.bnl.gov/alma9.2-gcc-14.2.0/opt/sphenix/core
TF_LOOP_PARALLEL_ITERATIONS=1
EVT_LIB=/cvmfs/sphenix.sdcc.bnl.gov/alma9.2-gcc-14.2.0/opt/sphenix/core/root-6.32.06/lib
PGHOST=sphnxdbmaster.sdcc.bnl.gov
OMP_NUM_THREADS=1
G4REALSURFACEDATA=/cvmfs/sphenix.sdcc.bnl.gov/alma9.2-gcc-14.2.0/opt/sphenix/core/geant4.10.07.p04/share/Geant4-10.7.4/data/RealSurface2.2
FC=/cvmfs/sphenix.sdcc.bnl.gov/alma9.2-gcc-14.2.0/opt/sphenix/core/gcc/14.2.0-2f0a0/x86_64-el9/bin/gfortran
G4ABLADATA=/cvmfs/sphenix.sdcc.bnl.gov/alma9.2-gcc-14.2.0/opt/sphenix/core/geant4.10.07.p04/share/Geant4-10.7.4/data/G4ABLA3.1
PARASOFT=doesnotexist
TMP=/tmp
OPT_UTILS=/cvmfs/sphenix.sdcc.bnl.gov/alma9.2-gcc-14.2.0/opt/sphenix/utils
CONFIG_SITE=/cvmfs/sphenix.sdcc.bnl.gov/alma9.2-gcc-14.2.0/opt/sphenix/core/etc/config.site
PATH=/sphenix/user/samfred/run25/install//bin:/cvmfs/sphenix.sdcc.bnl.gov/alma9.2-gcc-14.2.0/opt/sphenix/core/gcc/14.2.0-2f0a0/x86_64-el9/bin:/cvmfs/sphenix.sdcc.bnl.gov/alma9.2-gcc-14.2.0/opt/sphenix/core/binutils/2.40-acaab/x86_64-el9/bin:.:/cvmfs/sphenix.sdcc.bnl.gov/alma9.2-gcc-14.2.0/release/release_new/new.10/bin:/cvmfs/sphenix.sdcc.bnl.gov/alma9.2-gcc-14.2.0/opt/sphenix/utils/bin:/cvmfs/sphenix.sdcc.bnl.gov/alma9.2-gcc-14.2.0/opt/sphenix/core/bin:/cvmfs/sphenix.sdcc.bnl.gov/alma9.2-gcc-14.2.0/opt/sphenix/core/root-6.32.06/bin:/cvmfs/sphenix.sdcc.bnl.gov/alma9.2-gcc-14.2.0/opt/sphenix/core/geant4.10.07.p04/bin:/usr/local/bin:/usr/bin:/usr/local/sbin:/usr/sbin
G4LEVELGAMMADATA=/cvmfs/sphenix.sdcc.bnl.gov/alma9.2-gcc-14.2.0/opt/sphenix/core/geant4.10.07.p04/share/Geant4-10.7.4/data/PhotonEvaporation5.7
CC=/cvmfs/sphenix.sdcc.bnl.gov/alma9.2-gcc-14.2.0/opt/sphenix/core/gcc/14.2.0-2f0a0/x86_64-el9/bin/gcc
G4RADIOACTIVEDATA=/cvmfs/sphenix.sdcc.bnl.gov/alma9.2-gcc-14.2.0/opt/sphenix/core/geant4.10.07.p04/share/Geant4-10.7.4/data/RadioactiveDecay5.6
JULIA_NUM_THREADS=1
MKL_NUM_THREADS=1
_CONDOR_ANCESTOR_311013=3147146:1759352739:2535251431
LHAPDF_DATA_PATH=/cvmfs/sphenix.sdcc.bnl.gov/alma9.2-gcc-14.2.0/release/release_new/new.10/share/LHAPDF
_CONDOR_ANCESTOR_3147146=3148395:1759352739:1135867868
XPLOAD_CONFIG_DIR=/cvmfs/sphenix.sdcc.bnl.gov/alma9.2-gcc-14.2.0/opt/sphenix/core/etc
OLDPWD=/cvmfs/sphenix.sdcc.bnl.gov/alma9.2-gcc-14.2.0/release/release_new/new.10/geant4
_=/usr/bin/printenv
runnumber...
52638
trigger...

   ------------------------------------------------------------------
  | Welcome to ROOT 6.32.06                        https://root.cern |
  | (c) 1995-2024, The ROOT Team; conception: R. Brun, F. Rademakers |
  | Built for linuxx8664gcc on Dec 13 2024, 17:23:48                 |
  | From tags/6-32-06@6-32-06                                        |
  | With g++ (GCC) 14.2.0                                            |
  | Try '.help'/'.?', '.demo', '.license', '.credits', '.quit'/'.q'  |
   ------------------------------------------------------------------


Processing data_histmaker.C(52638)...
entry 0/3841398 (0%)
entry 1000/3841398 (0.0260322%)
entry 2000/3841398 (0.0520644%)
entry 4000/3841398 (0.104129%)
entry 5000/3841398 (0.130161%)
entry 6000/3841398 (0.156193%)
entry 7000/3841398 (0.182225%)
entry 8000/3841398 (0.208258%)
entry 10000/3841398 (0.260322%)
entry 12000/3841398 (0.312386%)
entry 13000/3841398 (0.338418%)
entry 15000/3841398 (0.390483%)
entry 19000/3841398 (0.494612%)
entry 21000/3841398 (0.546676%)
entry 22000/3841398 (0.572708%)
entry 23000/3841398 (0.59874%)
entry 24000/3841398 (0.624773%)
entry 25000/3841398 (0.650805%)
entry 27000/3841398 (0.702869%)
entry 28000/3841398 (0.728901%)
entry 29000/3841398 (0.754933%)
entry 30000/3841398 (0.780966%)
entry 31000/3841398 (0.806998%)
entry 32000/3841398 (0.83303%)
entry 34000/3841398 (0.885094%)
entry 37000/3841398 (0.963191%)
entry 40000/3841398 (1.04129%)
entry 41000/3841398 (1.06732%)
entry 42000/3841398 (1.09335%)
entry 43000/3841398 (1.11938%)
entry 45000/3841398 (1.17145%)
entry 46000/3841398 (1.19748%)
entry 47000/3841398 (1.22351%)
entry 48000/3841398 (1.24955%)
entry 49000/3841398 (1.27558%)
entry 52000/3841398 (1.35367%)
entry 53000/3841398 (1.37971%)
entry 54000/3841398 (1.40574%)
entry 56000/3841398 (1.4578%)
entry 57000/3841398 (1.48383%)
entry 58000/3841398 (1.50987%)
entry 59000/3841398 (1.5359%)
entry 60000/3841398 (1.56193%)
entry 62000/3841398 (1.614%)
entry 63000/3841398 (1.64003%)
entry 64000/3841398 (1.66606%)
entry 65000/3841398 (1.69209%)
entry 67000/3841398 (1.74416%)
entry 68000/3841398 (1.77019%)
entry 69000/3841398 (1.79622%)
entry 71000/3841398 (1.84829%)
entry 72000/3841398 (1.87432%)
entry 74000/3841398 (1.92638%)
entry 75000/3841398 (1.95241%)
entry 77000/3841398 (2.00448%)
entry 79000/3841398 (2.05654%)
entry 80000/3841398 (2.08258%)
entry 81000/3841398 (2.10861%)
entry 82000/3841398 (2.13464%)
entry 83000/3841398 (2.16067%)
entry 85000/3841398 (2.21274%)
entry 86000/3841398 (2.23877%)
entry 89000/3841398 (2.31686%)
entry 90000/3841398 (2.3429%)
entry 93000/3841398 (2.42099%)
entry 96000/3841398 (2.49909%)
entry 98000/3841398 (2.55115%)
entry 101000/3841398 (2.62925%)
entry 103000/3841398 (2.68132%)
entry 104000/3841398 (2.70735%)
entry 105000/3841398 (2.73338%)
entry 107000/3841398 (2.78544%)
entry 109000/3841398 (2.83751%)
entry 112000/3841398 (2.91561%)
entry 113000/3841398 (2.94164%)
entry 114000/3841398 (2.96767%)
entry 116000/3841398 (3.01973%)
entry 119000/3841398 (3.09783%)
entry 121000/3841398 (3.14989%)
entry 122000/3841398 (3.17593%)
entry 124000/3841398 (3.22799%)
entry 125000/3841398 (3.25402%)
entry 126000/3841398 (3.28006%)
entry 127000/3841398 (3.30609%)
entry 128000/3841398 (3.33212%)
entry 129000/3841398 (3.35815%)
entry 131000/3841398 (3.41022%)
entry 134000/3841398 (3.48831%)
entry 135000/3841398 (3.51435%)
entry 136000/3841398 (3.54038%)
entry 137000/3841398 (3.56641%)
entry 138000/3841398 (3.59244%)
entry 140000/3841398 (3.64451%)
entry 141000/3841398 (3.67054%)
entry 142000/3841398 (3.69657%)
entry 143000/3841398 (3.7226%)
entry 145000/3841398 (3.77467%)
entry 146000/3841398 (3.8007%)
entry 147000/3841398 (3.82673%)
entry 151000/3841398 (3.93086%)
entry 153000/3841398 (3.98293%)
entry 154000/3841398 (4.00896%)
entry 155000/3841398 (4.03499%)
entry 156000/3841398 (4.06102%)
entry 157000/3841398 (4.08705%)
entry 158000/3841398 (4.11309%)
entry 160000/3841398 (4.16515%)
entry 165000/3841398 (4.29531%)
entry 167000/3841398 (4.34738%)
entry 170000/3841398 (4.42547%)
entry 171000/3841398 (4.4515%)
entry 172000/3841398 (4.47754%)
entry 174000/3841398 (4.5296%)
entry 176000/3841398 (4.58167%)
entry 177000/3841398 (4.6077%)
entry 178000/3841398 (4.63373%)
entry 179000/3841398 (4.65976%)
entry 180000/3841398 (4.68579%)
entry 181000/3841398 (4.71183%)
entry 182000/3841398 (4.73786%)
entry 183000/3841398 (4.76389%)
entry 184000/3841398 (4.78992%)
entry 186000/3841398 (4.84199%)
entry 187000/3841398 (4.86802%)
entry 188000/3841398 (4.89405%)
entry 190000/3841398 (4.94612%)
entry 191000/3841398 (4.97215%)
entry 194000/3841398 (5.05024%)
entry 195000/3841398 (5.07628%)
entry 197000/3841398 (5.12834%)
entry 198000/3841398 (5.15437%)
entry 199000/3841398 (5.18041%)
entry 200000/3841398 (5.20644%)
entry 201000/3841398 (5.23247%)
entry 202000/3841398 (5.2585%)
entry 204000/3841398 (5.31057%)
entry 205000/3841398 (5.3366%)
entry 206000/3841398 (5.36263%)
entry 208000/3841398 (5.4147%)
entry 209000/3841398 (5.44073%)
entry 211000/3841398 (5.49279%)
entry 213000/3841398 (5.54486%)
entry 214000/3841398 (5.57089%)
entry 215000/3841398 (5.59692%)
entry 216000/3841398 (5.62295%)
entry 218000/3841398 (5.67502%)
entry 220000/3841398 (5.72708%)
entry 222000/3841398 (5.77915%)
entry 226000/3841398 (5.88327%)
entry 227000/3841398 (5.90931%)
entry 228000/3841398 (5.93534%)
entry 229000/3841398 (5.96137%)
entry 231000/3841398 (6.01344%)
entry 232000/3841398 (6.03947%)
entry 234000/3841398 (6.09153%)
entry 235000/3841398 (6.11756%)
entry 236000/3841398 (6.1436%)
entry 237000/3841398 (6.16963%)
entry 239000/3841398 (6.22169%)
entry 240000/3841398 (6.24773%)
entry 241000/3841398 (6.27376%)
entry 243000/3841398 (6.32582%)
entry 244000/3841398 (6.35185%)
entry 245000/3841398 (6.37789%)
entry 246000/3841398 (6.40392%)
entry 248000/3841398 (6.45598%)
entry 249000/3841398 (6.48201%)
entry 250000/3841398 (6.50805%)
entry 251000/3841398 (6.53408%)
entry 252000/3841398 (6.56011%)
entry 253000/3841398 (6.58614%)
entry 256000/3841398 (6.66424%)
entry 257000/3841398 (6.69027%)
entry 259000/3841398 (6.74234%)
entry 260000/3841398 (6.76837%)
entry 261000/3841398 (6.7944%)
entry 263000/3841398 (6.84647%)
entry 264000/3841398 (6.8725%)
entry 265000/3841398 (6.89853%)
entry 267000/3841398 (6.95059%)
entry 268000/3841398 (6.97663%)
entry 269000/3841398 (7.00266%)
entry 270000/3841398 (7.02869%)
entry 271000/3841398 (7.05472%)
entry 273000/3841398 (7.10679%)
entry 274000/3841398 (7.13282%)
entry 276000/3841398 (7.18488%)
entry 278000/3841398 (7.23695%)
entry 279000/3841398 (7.26298%)
entry 280000/3841398 (7.28901%)
entry 281000/3841398 (7.31504%)
entry 282000/3841398 (7.34108%)
entry 283000/3841398 (7.36711%)
entry 284000/3841398 (7.39314%)
entry 285000/3841398 (7.41917%)
entry 287000/3841398 (7.47124%)
entry 288000/3841398 (7.49727%)
entry 289000/3841398 (7.5233%)
entry 290000/3841398 (7.54934%)
entry 291000/3841398 (7.57537%)
entry 292000/3841398 (7.6014%)
entry 293000/3841398 (7.62743%)
entry 294000/3841398 (7.65346%)
entry 295000/3841398 (7.6795%)
entry 296000/3841398 (7.70553%)
entry 297000/3841398 (7.73156%)
entry 299000/3841398 (7.78362%)
entry 301000/3841398 (7.83569%)
entry 302000/3841398 (7.86172%)
entry 305000/3841398 (7.93982%)
entry 306000/3841398 (7.96585%)
entry 307000/3841398 (7.99188%)
entry 309000/3841398 (8.04395%)
entry 310000/3841398 (8.06998%)
entry 312000/3841398 (8.12204%)
entry 313000/3841398 (8.14807%)
entry 315000/3841398 (8.20014%)
entry 316000/3841398 (8.22617%)
entry 317000/3841398 (8.2522%)
entry 319000/3841398 (8.30427%)
entry 323000/3841398 (8.4084%)
entry 324000/3841398 (8.43443%)
entry 325000/3841398 (8.46046%)
entry 326000/3841398 (8.48649%)
entry 327000/3841398 (8.51253%)
entry 328000/3841398 (8.53856%)
entry 329000/3841398 (8.56459%)
entry 330000/3841398 (8.59062%)
entry 331000/3841398 (8.61665%)
entry 332000/3841398 (8.64269%)
entry 334000/3841398 (8.69475%)
entry 336000/3841398 (8.74682%)
entry 337000/3841398 (8.77285%)
entry 338000/3841398 (8.79888%)
entry 339000/3841398 (8.82491%)
entry 340000/3841398 (8.85094%)
entry 342000/3841398 (8.90301%)
entry 344000/3841398 (8.95507%)
entry 345000/3841398 (8.98111%)
entry 346000/3841398 (9.00714%)
entry 347000/3841398 (9.03317%)
entry 351000/3841398 (9.1373%)
entry 352000/3841398 (9.16333%)
entry 353000/3841398 (9.18936%)
entry 354000/3841398 (9.2154%)
entry 355000/3841398 (9.24143%)
entry 357000/3841398 (9.29349%)
entry 358000/3841398 (9.31952%)
entry 359000/3841398 (9.34556%)
entry 360000/3841398 (9.37159%)
entry 361000/3841398 (9.39762%)
entry 362000/3841398 (9.42365%)
entry 365000/3841398 (9.50175%)
entry 366000/3841398 (9.52778%)
entry 367000/3841398 (9.55381%)
entry 368000/3841398 (9.57985%)
entry 369000/3841398 (9.60588%)
entry 371000/3841398 (9.65794%)
entry 372000/3841398 (9.68397%)
entry 375000/3841398 (9.76207%)
entry 380000/3841398 (9.89223%)
entry 381000/3841398 (9.91826%)
entry 382000/3841398 (9.9443%)
entry 383000/3841398 (9.97033%)
entry 384000/3841398 (9.99636%)
entry 385000/3841398 (10.0224%)
entry 386000/3841398 (10.0484%)
entry 388000/3841398 (10.1005%)
entry 390000/3841398 (10.1526%)
entry 391000/3841398 (10.1786%)
entry 393000/3841398 (10.2307%)
entry 394000/3841398 (10.2567%)
entry 395000/3841398 (10.2827%)
entry 396000/3841398 (10.3087%)
entry 399000/3841398 (10.3868%)
entry 400000/3841398 (10.4129%)
entry 401000/3841398 (10.4389%)
entry 404000/3841398 (10.517%)
entry 407000/3841398 (10.5951%)
entry 408000/3841398 (10.6211%)
entry 410000/3841398 (10.6732%)
entry 411000/3841398 (10.6992%)
entry 413000/3841398 (10.7513%)
entry 414000/3841398 (10.7773%)
entry 416000/3841398 (10.8294%)
entry 417000/3841398 (10.8554%)
entry 418000/3841398 (10.8815%)
entry 420000/3841398 (10.9335%)
entry 421000/3841398 (10.9596%)
entry 422000/3841398 (10.9856%)
entry 424000/3841398 (11.0376%)
entry 428000/3841398 (11.1418%)
entry 431000/3841398 (11.2199%)
entry 432000/3841398 (11.2459%)
entry 434000/3841398 (11.298%)
entry 436000/3841398 (11.35%)
entry 439000/3841398 (11.4281%)
entry 440000/3841398 (11.4542%)
entry 441000/3841398 (11.4802%)
entry 442000/3841398 (11.5062%)
entry 443000/3841398 (11.5323%)
entry 445000/3841398 (11.5843%)
entry 446000/3841398 (11.6104%)
entry 448000/3841398 (11.6624%)
entry 449000/3841398 (11.6885%)
entry 451000/3841398 (11.7405%)
entry 453000/3841398 (11.7926%)
entry 455000/3841398 (11.8446%)
entry 456000/3841398 (11.8707%)
entry 460000/3841398 (11.9748%)
entry 461000/3841398 (12.0008%)
entry 462000/3841398 (12.0269%)
entry 463000/3841398 (12.0529%)
entry 464000/3841398 (12.0789%)
entry 465000/3841398 (12.105%)
entry 466000/3841398 (12.131%)
entry 469000/3841398 (12.2091%)
entry 470000/3841398 (12.2351%)
entry 471000/3841398 (12.2612%)
entry 472000/3841398 (12.2872%)
entry 473000/3841398 (12.3132%)
entry 475000/3841398 (12.3653%)
entry 478000/3841398 (12.4434%)
entry 480000/3841398 (12.4955%)
entry 481000/3841398 (12.5215%)
entry 483000/3841398 (12.5735%)
entry 484000/3841398 (12.5996%)
entry 485000/3841398 (12.6256%)
entry 486000/3841398 (12.6516%)
entry 487000/3841398 (12.6777%)
entry 489000/3841398 (12.7297%)
entry 490000/3841398 (12.7558%)
entry 493000/3841398 (12.8339%)
entry 495000/3841398 (12.8859%)
entry 497000/3841398 (12.938%)
entry 498000/3841398 (12.964%)
entry 499000/3841398 (12.9901%)
entry 500000/3841398 (13.0161%)
entry 501000/3841398 (13.0421%)
entry 502000/3841398 (13.0682%)
entry 504000/3841398 (13.1202%)
entry 507000/3841398 (13.1983%)
entry 508000/3841398 (13.2244%)
entry 509000/3841398 (13.2504%)
entry 510000/3841398 (13.2764%)
entry 511000/3841398 (13.3024%)
entry 512000/3841398 (13.3285%)
entry 514000/3841398 (13.3805%)
entry 515000/3841398 (13.4066%)
entry 517000/3841398 (13.4586%)
entry 518000/3841398 (13.4847%)
entry 520000/3841398 (13.5367%)
entry 522000/3841398 (13.5888%)
entry 523000/3841398 (13.6148%)
entry 524000/3841398 (13.6409%)
entry 526000/3841398 (13.6929%)
entry 528000/3841398 (13.745%)
entry 529000/3841398 (13.771%)
entry 531000/3841398 (13.8231%)
entry 532000/3841398 (13.8491%)
entry 537000/3841398 (13.9793%)
entry 539000/3841398 (14.0314%)
entry 541000/3841398 (14.0834%)
entry 542000/3841398 (14.1094%)
entry 543000/3841398 (14.1355%)
entry 544000/3841398 (14.1615%)
entry 545000/3841398 (14.1875%)
entry 546000/3841398 (14.2136%)
entry 547000/3841398 (14.2396%)
entry 548000/3841398 (14.2656%)
entry 549000/3841398 (14.2917%)
entry 550000/3841398 (14.3177%)
entry 551000/3841398 (14.3437%)
entry 552000/3841398 (14.3698%)
entry 554000/3841398 (14.4218%)
entry 556000/3841398 (14.4739%)
entry 557000/3841398 (14.4999%)
entry 558000/3841398 (14.526%)
entry 561000/3841398 (14.6041%)
entry 562000/3841398 (14.6301%)
entry 563000/3841398 (14.6561%)
entry 565000/3841398 (14.7082%)
entry 566000/3841398 (14.7342%)
entry 567000/3841398 (14.7603%)
entry 568000/3841398 (14.7863%)
entry 569000/3841398 (14.8123%)
entry 571000/3841398 (14.8644%)
entry 573000/3841398 (14.9164%)
entry 575000/3841398 (14.9685%)
entry 576000/3841398 (14.9945%)
entry 579000/3841398 (15.0726%)
entry 580000/3841398 (15.0987%)
entry 582000/3841398 (15.1507%)
entry 583000/3841398 (15.1768%)
entry 587000/3841398 (15.2809%)
entry 589000/3841398 (15.333%)
entry 591000/3841398 (15.385%)
entry 592000/3841398 (15.4111%)
entry 593000/3841398 (15.4371%)
entry 594000/3841398 (15.4631%)
entry 595000/3841398 (15.4892%)
entry 596000/3841398 (15.5152%)
entry 597000/3841398 (15.5412%)
entry 599000/3841398 (15.5933%)
entry 600000/3841398 (15.6193%)
entry 601000/3841398 (15.6453%)
entry 602000/3841398 (15.6714%)
entry 604000/3841398 (15.7234%)
entry 606000/3841398 (15.7755%)
entry 609000/3841398 (15.8536%)
entry 611000/3841398 (15.9057%)
entry 612000/3841398 (15.9317%)
entry 614000/3841398 (15.9838%)
entry 617000/3841398 (16.0619%)
entry 618000/3841398 (16.0879%)
entry 619000/3841398 (16.1139%)
entry 621000/3841398 (16.166%)
entry 622000/3841398 (16.192%)
entry 624000/3841398 (16.2441%)
entry 625000/3841398 (16.2701%)
entry 626000/3841398 (16.2961%)
entry 627000/3841398 (16.3222%)
entry 629000/3841398 (16.3742%)
entry 631000/3841398 (16.4263%)
entry 633000/3841398 (16.4784%)
entry 634000/3841398 (16.5044%)
entry 635000/3841398 (16.5304%)
entry 636000/3841398 (16.5565%)
entry 638000/3841398 (16.6085%)
entry 639000/3841398 (16.6346%)
entry 640000/3841398 (16.6606%)
entry 641000/3841398 (16.6866%)
entry 643000/3841398 (16.7387%)
entry 644000/3841398 (16.7647%)
entry 645000/3841398 (16.7908%)
entry 647000/3841398 (16.8428%)
entry 648000/3841398 (16.8689%)
entry 649000/3841398 (16.8949%)
entry 650000/3841398 (16.9209%)
entry 652000/3841398 (16.973%)
entry 653000/3841398 (16.999%)
entry 654000/3841398 (17.0251%)
entry 655000/3841398 (17.0511%)
entry 656000/3841398 (17.0771%)
entry 657000/3841398 (17.1031%)
entry 659000/3841398 (17.1552%)
entry 661000/3841398 (17.2073%)
entry 662000/3841398 (17.2333%)
entry 663000/3841398 (17.2593%)
entry 666000/3841398 (17.3374%)
entry 667000/3841398 (17.3635%)
entry 669000/3841398 (17.4155%)
entry 671000/3841398 (17.4676%)
entry 673000/3841398 (17.5197%)
entry 674000/3841398 (17.5457%)
entry 676000/3841398 (17.5978%)
entry 677000/3841398 (17.6238%)
entry 680000/3841398 (17.7019%)
entry 681000/3841398 (17.7279%)
entry 683000/3841398 (17.78%)
entry 684000/3841398 (17.806%)
entry 685000/3841398 (17.832%)
entry 687000/3841398 (17.8841%)
entry 688000/3841398 (17.9101%)
entry 689000/3841398 (17.9362%)
entry 690000/3841398 (17.9622%)
entry 691000/3841398 (17.9882%)
entry 693000/3841398 (18.0403%)
entry 694000/3841398 (18.0663%)
entry 695000/3841398 (18.0924%)
entry 698000/3841398 (18.1705%)
entry 701000/3841398 (18.2486%)
entry 702000/3841398 (18.2746%)
entry 704000/3841398 (18.3267%)
entry 705000/3841398 (18.3527%)
entry 708000/3841398 (18.4308%)
entry 710000/3841398 (18.4829%)
entry 711000/3841398 (18.5089%)
entry 713000/3841398 (18.561%)
entry 714000/3841398 (18.587%)
entry 716000/3841398 (18.639%)
entry 717000/3841398 (18.6651%)
entry 718000/3841398 (18.6911%)
entry 719000/3841398 (18.7171%)
entry 722000/3841398 (18.7952%)
entry 724000/3841398 (18.8473%)
entry 725000/3841398 (18.8733%)
entry 726000/3841398 (18.8994%)
entry 727000/3841398 (18.9254%)
entry 729000/3841398 (18.9775%)
entry 731000/3841398 (19.0295%)
entry 732000/3841398 (19.0556%)
entry 733000/3841398 (19.0816%)
entry 736000/3841398 (19.1597%)
entry 737000/3841398 (19.1857%)
entry 738000/3841398 (19.2118%)
entry 740000/3841398 (19.2638%)
entry 742000/3841398 (19.3159%)
entry 747000/3841398 (19.446%)
entry 748000/3841398 (19.4721%)
entry 749000/3841398 (19.4981%)
entry 750000/3841398 (19.5241%)
entry 755000/3841398 (19.6543%)
entry 756000/3841398 (19.6803%)
entry 758000/3841398 (19.7324%)
entry 759000/3841398 (19.7584%)
entry 762000/3841398 (19.8365%)
entry 763000/3841398 (19.8626%)
entry 765000/3841398 (19.9146%)
entry 768000/3841398 (19.9927%)
entry 769000/3841398 (20.0188%)
entry 770000/3841398 (20.0448%)
entry 771000/3841398 (20.0708%)
entry 772000/3841398 (20.0969%)
entry 774000/3841398 (20.1489%)
entry 775000/3841398 (20.1749%)
entry 776000/3841398 (20.201%)
entry 777000/3841398 (20.227%)
entry 778000/3841398 (20.253%)
entry 782000/3841398 (20.3572%)
entry 783000/3841398 (20.3832%)
entry 784000/3841398 (20.4092%)
entry 785000/3841398 (20.4353%)
entry 786000/3841398 (20.4613%)
entry 789000/3841398 (20.5394%)
entry 790000/3841398 (20.5654%)
entry 791000/3841398 (20.5915%)
entry 792000/3841398 (20.6175%)
entry 793000/3841398 (20.6435%)
entry 795000/3841398 (20.6956%)
entry 797000/3841398 (20.7477%)
entry 800000/3841398 (20.8258%)
entry 803000/3841398 (20.9038%)
entry 804000/3841398 (20.9299%)
entry 806000/3841398 (20.9819%)
entry 808000/3841398 (21.034%)
entry 810000/3841398 (21.0861%)
entry 811000/3841398 (21.1121%)
entry 815000/3841398 (21.2162%)
entry 818000/3841398 (21.2943%)
entry 819000/3841398 (21.3204%)
entry 820000/3841398 (21.3464%)
entry 821000/3841398 (21.3724%)
entry 823000/3841398 (21.4245%)
entry 824000/3841398 (21.4505%)
entry 825000/3841398 (21.4766%)
entry 826000/3841398 (21.5026%)
entry 827000/3841398 (21.5286%)
entry 828000/3841398 (21.5547%)
entry 829000/3841398 (21.5807%)
entry 832000/3841398 (21.6588%)
entry 834000/3841398 (21.7108%)
entry 835000/3841398 (21.7369%)
entry 836000/3841398 (21.7629%)
entry 837000/3841398 (21.7889%)
entry 839000/3841398 (21.841%)
entry 840000/3841398 (21.867%)
entry 841000/3841398 (21.8931%)
entry 842000/3841398 (21.9191%)
entry 843000/3841398 (21.9451%)
entry 844000/3841398 (21.9712%)
entry 845000/3841398 (21.9972%)
entry 846000/3841398 (22.0232%)
entry 848000/3841398 (22.0753%)
entry 849000/3841398 (22.1013%)
entry 850000/3841398 (22.1274%)
entry 851000/3841398 (22.1534%)
entry 854000/3841398 (22.2315%)
entry 856000/3841398 (22.2836%)
entry 857000/3841398 (22.3096%)
entry 858000/3841398 (22.3356%)
entry 859000/3841398 (22.3617%)
entry 861000/3841398 (22.4137%)
entry 862000/3841398 (22.4397%)
entry 866000/3841398 (22.5439%)
entry 867000/3841398 (22.5699%)
entry 868000/3841398 (22.5959%)
entry 869000/3841398 (22.622%)
entry 870000/3841398 (22.648%)
entry 873000/3841398 (22.7261%)
entry 875000/3841398 (22.7782%)
entry 876000/3841398 (22.8042%)
entry 879000/3841398 (22.8823%)
entry 880000/3841398 (22.9083%)
entry 882000/3841398 (22.9604%)
entry 883000/3841398 (22.9864%)
entry 884000/3841398 (23.0125%)
entry 885000/3841398 (23.0385%)
entry 886000/3841398 (23.0645%)
entry 887000/3841398 (23.0906%)
entry 889000/3841398 (23.1426%)
entry 890000/3841398 (23.1686%)
entry 891000/3841398 (23.1947%)
entry 892000/3841398 (23.2207%)
entry 893000/3841398 (23.2467%)
entry 894000/3841398 (23.2728%)
entry 897000/3841398 (23.3509%)
entry 898000/3841398 (23.3769%)
entry 899000/3841398 (23.4029%)
entry 902000/3841398 (23.481%)
entry 903000/3841398 (23.5071%)
entry 904000/3841398 (23.5331%)
entry 905000/3841398 (23.5591%)
entry 907000/3841398 (23.6112%)
entry 909000/3841398 (23.6633%)
entry 911000/3841398 (23.7153%)
entry 913000/3841398 (23.7674%)
entry 914000/3841398 (23.7934%)
entry 917000/3841398 (23.8715%)
entry 918000/3841398 (23.8975%)
entry 921000/3841398 (23.9756%)
entry 922000/3841398 (24.0017%)
entry 923000/3841398 (24.0277%)
entry 924000/3841398 (24.0537%)
entry 925000/3841398 (24.0798%)
entry 926000/3841398 (24.1058%)
entry 927000/3841398 (24.1318%)
entry 928000/3841398 (24.1579%)
entry 929000/3841398 (24.1839%)
entry 930000/3841398 (24.2099%)
entry 931000/3841398 (24.236%)
entry 932000/3841398 (24.262%)
entry 933000/3841398 (24.288%)
entry 934000/3841398 (24.3141%)
entry 935000/3841398 (24.3401%)
entry 936000/3841398 (24.3661%)
entry 937000/3841398 (24.3922%)
entry 938000/3841398 (24.4182%)
entry 939000/3841398 (24.4442%)
entry 941000/3841398 (24.4963%)
entry 942000/3841398 (24.5223%)
entry 943000/3841398 (24.5484%)
entry 944000/3841398 (24.5744%)
entry 947000/3841398 (24.6525%)
entry 948000/3841398 (24.6785%)
entry 949000/3841398 (24.7045%)
entry 950000/3841398 (24.7306%)
entry 951000/3841398 (24.7566%)
entry 952000/3841398 (24.7826%)
entry 953000/3841398 (24.8087%)
entry 955000/3841398 (24.8607%)
entry 956000/3841398 (24.8868%)
entry 957000/3841398 (24.9128%)
entry 958000/3841398 (24.9388%)
entry 960000/3841398 (24.9909%)
entry 961000/3841398 (25.0169%)
entry 963000/3841398 (25.069%)
entry 967000/3841398 (25.1731%)
entry 968000/3841398 (25.1992%)
entry 969000/3841398 (25.2252%)
entry 971000/3841398 (25.2773%)
entry 973000/3841398 (25.3293%)
entry 974000/3841398 (25.3554%)
entry 975000/3841398 (25.3814%)
entry 976000/3841398 (25.4074%)
entry 979000/3841398 (25.4855%)
entry 981000/3841398 (25.5376%)
entry 982000/3841398 (25.5636%)
entry 983000/3841398 (25.5896%)
entry 984000/3841398 (25.6157%)
entry 985000/3841398 (25.6417%)
entry 986000/3841398 (25.6677%)
entry 987000/3841398 (25.6938%)
entry 988000/3841398 (25.7198%)
entry 990000/3841398 (25.7719%)
entry 991000/3841398 (25.7979%)
entry 992000/3841398 (25.8239%)
entry 993000/3841398 (25.85%)
entry 995000/3841398 (25.902%)
entry 997000/3841398 (25.9541%)
entry 998000/3841398 (25.9801%)
entry 999000/3841398 (26.0062%)
entry 1002000/3841398 (26.0843%)
entry 1003000/3841398 (26.1103%)
entry 1005000/3841398 (26.1624%)
entry 1007000/3841398 (26.2144%)
entry 1008000/3841398 (26.2404%)
entry 1011000/3841398 (26.3185%)
entry 1012000/3841398 (26.3446%)
entry 1013000/3841398 (26.3706%)
entry 1014000/3841398 (26.3966%)
entry 1015000/3841398 (26.4227%)
entry 1016000/3841398 (26.4487%)
entry 1017000/3841398 (26.4747%)
entry 1018000/3841398 (26.5008%)
entry 1020000/3841398 (26.5528%)
entry 1023000/3841398 (26.6309%)
entry 1024000/3841398 (26.657%)
entry 1025000/3841398 (26.683%)
entry 1029000/3841398 (26.7871%)
entry 1031000/3841398 (26.8392%)
entry 1032000/3841398 (26.8652%)
entry 1034000/3841398 (26.9173%)
entry 1035000/3841398 (26.9433%)
entry 1036000/3841398 (26.9693%)
entry 1037000/3841398 (26.9954%)
entry 1039000/3841398 (27.0474%)
entry 1040000/3841398 (27.0735%)
entry 1042000/3841398 (27.1255%)
entry 1043000/3841398 (27.1516%)
entry 1044000/3841398 (27.1776%)
entry 1045000/3841398 (27.2036%)
entry 1047000/3841398 (27.2557%)
entry 1048000/3841398 (27.2817%)
entry 1049000/3841398 (27.3078%)
entry 1050000/3841398 (27.3338%)
entry 1052000/3841398 (27.3859%)
entry 1053000/3841398 (27.4119%)
entry 1054000/3841398 (27.4379%)
entry 1055000/3841398 (27.464%)
entry 1056000/3841398 (27.49%)
entry 1057000/3841398 (27.516%)
entry 1058000/3841398 (27.5421%)
entry 1059000/3841398 (27.5681%)
entry 1061000/3841398 (27.6202%)
entry 1062000/3841398 (27.6462%)
entry 1063000/3841398 (27.6722%)
entry 1065000/3841398 (27.7243%)
entry 1066000/3841398 (27.7503%)
entry 1067000/3841398 (27.7763%)
entry 1068000/3841398 (27.8024%)
entry 1070000/3841398 (27.8544%)
entry 1071000/3841398 (27.8805%)
entry 1073000/3841398 (27.9325%)
entry 1074000/3841398 (27.9586%)
entry 1075000/3841398 (27.9846%)
entry 1076000/3841398 (28.0106%)
entry 1077000/3841398 (28.0367%)
entry 1079000/3841398 (28.0887%)
entry 1080000/3841398 (28.1148%)
entry 1081000/3841398 (28.1408%)
entry 1082000/3841398 (28.1668%)
entry 1084000/3841398 (28.2189%)
entry 1085000/3841398 (28.2449%)
entry 1086000/3841398 (28.271%)
entry 1087000/3841398 (28.297%)
entry 1088000/3841398 (28.323%)
entry 1091000/3841398 (28.4011%)
entry 1092000/3841398 (28.4272%)
entry 1093000/3841398 (28.4532%)
entry 1094000/3841398 (28.4792%)
entry 1095000/3841398 (28.5052%)
entry 1097000/3841398 (28.5573%)
entry 1098000/3841398 (28.5833%)
entry 1099000/3841398 (28.6094%)
entry 1100000/3841398 (28.6354%)
entry 1101000/3841398 (28.6614%)
entry 1103000/3841398 (28.7135%)
entry 1105000/3841398 (28.7656%)
entry 1107000/3841398 (28.8176%)
entry 1109000/3841398 (28.8697%)
entry 1110000/3841398 (28.8957%)
entry 1111000/3841398 (28.9218%)
entry 1112000/3841398 (28.9478%)
entry 1113000/3841398 (28.9738%)
entry 1114000/3841398 (28.9999%)
entry 1116000/3841398 (29.0519%)
entry 1118000/3841398 (29.104%)
entry 1119000/3841398 (29.13%)
entry 1120000/3841398 (29.1561%)
entry 1121000/3841398 (29.1821%)
entry 1122000/3841398 (29.2081%)
entry 1123000/3841398 (29.2342%)
entry 1124000/3841398 (29.2602%)
entry 1127000/3841398 (29.3383%)
entry 1129000/3841398 (29.3903%)
entry 1130000/3841398 (29.4164%)
entry 1131000/3841398 (29.4424%)
entry 1133000/3841398 (29.4945%)
entry 1134000/3841398 (29.5205%)
entry 1136000/3841398 (29.5726%)
entry 1137000/3841398 (29.5986%)
entry 1138000/3841398 (29.6246%)
entry 1140000/3841398 (29.6767%)
entry 1141000/3841398 (29.7027%)
entry 1142000/3841398 (29.7288%)
entry 1143000/3841398 (29.7548%)
entry 1144000/3841398 (29.7808%)
entry 1145000/3841398 (29.8069%)
entry 1147000/3841398 (29.8589%)
entry 1148000/3841398 (29.885%)
entry 1149000/3841398 (29.911%)
entry 1150000/3841398 (29.937%)
entry 1151000/3841398 (29.963%)
entry 1152000/3841398 (29.9891%)
entry 1153000/3841398 (30.0151%)
entry 1155000/3841398 (30.0672%)
entry 1156000/3841398 (30.0932%)
entry 1157000/3841398 (30.1192%)
entry 1159000/3841398 (30.1713%)
entry 1161000/3841398 (30.2234%)
entry 1162000/3841398 (30.2494%)
entry 1163000/3841398 (30.2754%)
entry 1164000/3841398 (30.3015%)
entry 1165000/3841398 (30.3275%)
entry 1166000/3841398 (30.3535%)
entry 1167000/3841398 (30.3796%)
entry 1168000/3841398 (30.4056%)
entry 1170000/3841398 (30.4577%)
entry 1171000/3841398 (30.4837%)
entry 1173000/3841398 (30.5358%)
entry 1177000/3841398 (30.6399%)
entry 1178000/3841398 (30.6659%)
entry 1179000/3841398 (30.692%)
entry 1180000/3841398 (30.718%)
entry 1181000/3841398 (30.744%)
entry 1184000/3841398 (30.8221%)
entry 1187000/3841398 (30.9002%)
entry 1190000/3841398 (30.9783%)
entry 1193000/3841398 (31.0564%)
entry 1194000/3841398 (31.0824%)
entry 1195000/3841398 (31.1085%)
entry 1196000/3841398 (31.1345%)
entry 1198000/3841398 (31.1866%)
entry 1199000/3841398 (31.2126%)
entry 1202000/3841398 (31.2907%)
entry 1204000/3841398 (31.3428%)
entry 1207000/3841398 (31.4209%)
entry 1208000/3841398 (31.4469%)
entry 1210000/3841398 (31.4989%)
entry 1211000/3841398 (31.525%)
entry 1213000/3841398 (31.577%)
entry 1214000/3841398 (31.6031%)
entry 1215000/3841398 (31.6291%)
entry 1217000/3841398 (31.6812%)
entry 1218000/3841398 (31.7072%)
entry 1219000/3841398 (31.7332%)
entry 1220000/3841398 (31.7593%)
entry 1222000/3841398 (31.8113%)
entry 1223000/3841398 (31.8374%)
entry 1225000/3841398 (31.8894%)
entry 1227000/3841398 (31.9415%)
entry 1228000/3841398 (31.9675%)
entry 1229000/3841398 (31.9936%)
entry 1232000/3841398 (32.0717%)
entry 1233000/3841398 (32.0977%)
entry 1235000/3841398 (32.1498%)
entry 1236000/3841398 (32.1758%)
entry 1237000/3841398 (32.2018%)
entry 1238000/3841398 (32.2278%)
entry 1241000/3841398 (32.3059%)
entry 1242000/3841398 (32.332%)
entry 1243000/3841398 (32.358%)
entry 1244000/3841398 (32.384%)
entry 1245000/3841398 (32.4101%)
entry 1246000/3841398 (32.4361%)
entry 1248000/3841398 (32.4882%)
entry 1250000/3841398 (32.5402%)
entry 1252000/3841398 (32.5923%)
entry 1253000/3841398 (32.6183%)
entry 1255000/3841398 (32.6704%)
entry 1258000/3841398 (32.7485%)
entry 1264000/3841398 (32.9047%)
entry 1265000/3841398 (32.9307%)
entry 1267000/3841398 (32.9828%)
entry 1269000/3841398 (33.0348%)
entry 1270000/3841398 (33.0609%)
entry 1271000/3841398 (33.0869%)
entry 1272000/3841398 (33.1129%)
entry 1273000/3841398 (33.139%)
entry 1275000/3841398 (33.191%)
entry 1277000/3841398 (33.2431%)
entry 1280000/3841398 (33.3212%)
entry 1281000/3841398 (33.3472%)
entry 1282000/3841398 (33.3733%)
entry 1283000/3841398 (33.3993%)
entry 1284000/3841398 (33.4253%)
entry 1285000/3841398 (33.4514%)
entry 1287000/3841398 (33.5034%)
entry 1290000/3841398 (33.5815%)
entry 1291000/3841398 (33.6076%)
entry 1292000/3841398 (33.6336%)
entry 1293000/3841398 (33.6596%)
entry 1296000/3841398 (33.7377%)
entry 1297000/3841398 (33.7637%)
entry 1298000/3841398 (33.7898%)
entry 1300000/3841398 (33.8418%)
entry 1301000/3841398 (33.8679%)
entry 1302000/3841398 (33.8939%)
entry 1305000/3841398 (33.972%)
entry 1307000/3841398 (34.0241%)
entry 1308000/3841398 (34.0501%)
entry 1312000/3841398 (34.1542%)
entry 1313000/3841398 (34.1803%)
entry 1314000/3841398 (34.2063%)
entry 1315000/3841398 (34.2323%)
entry 1317000/3841398 (34.2844%)
entry 1318000/3841398 (34.3104%)
entry 1319000/3841398 (34.3365%)
entry 1322000/3841398 (34.4146%)
entry 1323000/3841398 (34.4406%)
entry 1324000/3841398 (34.4666%)
entry 1325000/3841398 (34.4927%)
entry 1326000/3841398 (34.5187%)
entry 1327000/3841398 (34.5447%)
entry 1328000/3841398 (34.5707%)
entry 1329000/3841398 (34.5968%)
entry 1330000/3841398 (34.6228%)
entry 1331000/3841398 (34.6488%)
entry 1332000/3841398 (34.6749%)
entry 1334000/3841398 (34.7269%)
entry 1335000/3841398 (34.753%)
entry 1338000/3841398 (34.8311%)
entry 1339000/3841398 (34.8571%)
entry 1342000/3841398 (34.9352%)
entry 1344000/3841398 (34.9873%)
entry 1347000/3841398 (35.0654%)
entry 1348000/3841398 (35.0914%)
entry 1349000/3841398 (35.1174%)
entry 1350000/3841398 (35.1435%)
entry 1351000/3841398 (35.1695%)
entry 1354000/3841398 (35.2476%)
entry 1355000/3841398 (35.2736%)
entry 1356000/3841398 (35.2996%)
entry 1359000/3841398 (35.3777%)
entry 1360000/3841398 (35.4038%)
entry 1361000/3841398 (35.4298%)
entry 1363000/3841398 (35.4819%)
entry 1364000/3841398 (35.5079%)
entry 1365000/3841398 (35.5339%)
entry 1366000/3841398 (35.56%)
entry 1367000/3841398 (35.586%)
entry 1368000/3841398 (35.612%)
entry 1369000/3841398 (35.6381%)
entry 1370000/3841398 (35.6641%)
entry 1371000/3841398 (35.6901%)
entry 1373000/3841398 (35.7422%)
entry 1374000/3841398 (35.7682%)
entry 1375000/3841398 (35.7943%)
entry 1376000/3841398 (35.8203%)
entry 1378000/3841398 (35.8724%)
entry 1379000/3841398 (35.8984%)
entry 1380000/3841398 (35.9244%)
entry 1381000/3841398 (35.9505%)
entry 1382000/3841398 (35.9765%)
entry 1383000/3841398 (36.0025%)
entry 1384000/3841398 (36.0285%)
entry 1385000/3841398 (36.0546%)
entry 1386000/3841398 (36.0806%)
entry 1388000/3841398 (36.1327%)
entry 1391000/3841398 (36.2108%)
entry 1393000/3841398 (36.2628%)
entry 1394000/3841398 (36.2889%)
entry 1397000/3841398 (36.367%)
entry 1399000/3841398 (36.419%)
entry 1401000/3841398 (36.4711%)
entry 1402000/3841398 (36.4971%)
entry 1403000/3841398 (36.5232%)
entry 1408000/3841398 (36.6533%)
entry 1409000/3841398 (36.6794%)
entry 1410000/3841398 (36.7054%)
entry 1413000/3841398 (36.7835%)
entry 1414000/3841398 (36.8095%)
entry 1415000/3841398 (36.8355%)
entry 1416000/3841398 (36.8616%)
entry 1417000/3841398 (36.8876%)
entry 1418000/3841398 (36.9136%)
entry 1419000/3841398 (36.9397%)
entry 1420000/3841398 (36.9657%)
entry 1422000/3841398 (37.0178%)
entry 1423000/3841398 (37.0438%)
entry 1427000/3841398 (37.1479%)
entry 1432000/3841398 (37.2781%)
entry 1433000/3841398 (37.3041%)
entry 1434000/3841398 (37.3302%)
entry 1435000/3841398 (37.3562%)
entry 1437000/3841398 (37.4083%)
entry 1438000/3841398 (37.4343%)
entry 1440000/3841398 (37.4864%)
entry 1444000/3841398 (37.5905%)
entry 1445000/3841398 (37.6165%)
entry 1446000/3841398 (37.6425%)
entry 1447000/3841398 (37.6686%)
entry 1448000/3841398 (37.6946%)
entry 1449000/3841398 (37.7206%)
entry 1450000/3841398 (37.7467%)
entry 1451000/3841398 (37.7727%)
entry 1453000/3841398 (37.8248%)
entry 1454000/3841398 (37.8508%)
entry 1455000/3841398 (37.8768%)
entry 1456000/3841398 (37.9029%)
entry 1457000/3841398 (37.9289%)
entry 1459000/3841398 (37.981%)
entry 1462000/3841398 (38.0591%)
entry 1464000/3841398 (38.1111%)
entry 1465000/3841398 (38.1372%)
entry 1466000/3841398 (38.1632%)
entry 1467000/3841398 (38.1892%)
entry 1468000/3841398 (38.2153%)
entry 1469000/3841398 (38.2413%)
entry 1470000/3841398 (38.2673%)
entry 1472000/3841398 (38.3194%)
entry 1473000/3841398 (38.3454%)
entry 1478000/3841398 (38.4756%)
entry 1479000/3841398 (38.5016%)
entry 1480000/3841398 (38.5276%)
entry 1481000/3841398 (38.5537%)
entry 1482000/3841398 (38.5797%)
entry 1484000/3841398 (38.6318%)
entry 1486000/3841398 (38.6838%)
entry 1487000/3841398 (38.7099%)
entry 1490000/3841398 (38.788%)
entry 1492000/3841398 (38.84%)
entry 1493000/3841398 (38.8661%)
entry 1495000/3841398 (38.9181%)
entry 1497000/3841398 (38.9702%)
entry 1498000/3841398 (38.9962%)
entry 1499000/3841398 (39.0223%)
entry 1500000/3841398 (39.0483%)
entry 1501000/3841398 (39.0743%)
entry 1502000/3841398 (39.1003%)
entry 1503000/3841398 (39.1264%)
entry 1505000/3841398 (39.1784%)
entry 1506000/3841398 (39.2045%)
entry 1507000/3841398 (39.2305%)
entry 1509000/3841398 (39.2826%)
entry 1510000/3841398 (39.3086%)
entry 1512000/3841398 (39.3607%)
entry 1514000/3841398 (39.4127%)
entry 1515000/3841398 (39.4388%)
entry 1516000/3841398 (39.4648%)
entry 1517000/3841398 (39.4908%)
entry 1518000/3841398 (39.5169%)
entry 1520000/3841398 (39.5689%)
entry 1521000/3841398 (39.595%)
entry 1522000/3841398 (39.621%)
entry 1523000/3841398 (39.647%)
entry 1525000/3841398 (39.6991%)
entry 1528000/3841398 (39.7772%)
entry 1529000/3841398 (39.8032%)
entry 1530000/3841398 (39.8292%)
entry 1531000/3841398 (39.8553%)
entry 1533000/3841398 (39.9073%)
entry 1534000/3841398 (39.9334%)
entry 1535000/3841398 (39.9594%)
entry 1536000/3841398 (39.9854%)
entry 1539000/3841398 (40.0635%)
entry 1543000/3841398 (40.1677%)
entry 1545000/3841398 (40.2197%)
entry 1546000/3841398 (40.2458%)
entry 1548000/3841398 (40.2978%)
entry 1549000/3841398 (40.3239%)
entry 1551000/3841398 (40.3759%)
entry 1552000/3841398 (40.402%)
entry 1554000/3841398 (40.454%)
entry 1555000/3841398 (40.4801%)
entry 1556000/3841398 (40.5061%)
entry 1557000/3841398 (40.5321%)
entry 1561000/3841398 (40.6362%)
entry 1562000/3841398 (40.6623%)
entry 1563000/3841398 (40.6883%)
entry 1564000/3841398 (40.7143%)
entry 1565000/3841398 (40.7404%)
entry 1566000/3841398 (40.7664%)
entry 1568000/3841398 (40.8185%)
entry 1573000/3841398 (40.9486%)
entry 1574000/3841398 (40.9747%)
entry 1575000/3841398 (41.0007%)
entry 1576000/3841398 (41.0267%)
entry 1577000/3841398 (41.0528%)
entry 1578000/3841398 (41.0788%)
entry 1579000/3841398 (41.1048%)
entry 1581000/3841398 (41.1569%)
entry 1582000/3841398 (41.1829%)
entry 1583000/3841398 (41.209%)
entry 1585000/3841398 (41.261%)
entry 1587000/3841398 (41.3131%)
entry 1588000/3841398 (41.3391%)
entry 1590000/3841398 (41.3912%)
entry 1591000/3841398 (41.4172%)
entry 1592000/3841398 (41.4432%)
entry 1593000/3841398 (41.4693%)
entry 1594000/3841398 (41.4953%)
entry 1595000/3841398 (41.5213%)
entry 1596000/3841398 (41.5474%)
entry 1597000/3841398 (41.5734%)
entry 1598000/3841398 (41.5994%)
entry 1600000/3841398 (41.6515%)
entry 1601000/3841398 (41.6775%)
entry 1603000/3841398 (41.7296%)
entry 1604000/3841398 (41.7556%)
entry 1605000/3841398 (41.7817%)
entry 1606000/3841398 (41.8077%)
entry 1607000/3841398 (41.8337%)
entry 1608000/3841398 (41.8598%)
entry 1609000/3841398 (41.8858%)
entry 1610000/3841398 (41.9118%)
entry 1611000/3841398 (41.9379%)
entry 1612000/3841398 (41.9639%)
entry 1613000/3841398 (41.9899%)
entry 1614000/3841398 (42.016%)
entry 1615000/3841398 (42.042%)
entry 1616000/3841398 (42.068%)
entry 1617000/3841398 (42.094%)
entry 1618000/3841398 (42.1201%)
entry 1619000/3841398 (42.1461%)
entry 1620000/3841398 (42.1721%)
entry 1621000/3841398 (42.1982%)
entry 1622000/3841398 (42.2242%)
entry 1623000/3841398 (42.2502%)
entry 1624000/3841398 (42.2763%)
entry 1625000/3841398 (42.3023%)
entry 1626000/3841398 (42.3283%)
entry 1628000/3841398 (42.3804%)
entry 1632000/3841398 (42.4845%)
entry 1633000/3841398 (42.5106%)
entry 1634000/3841398 (42.5366%)
entry 1635000/3841398 (42.5626%)
entry 1636000/3841398 (42.5887%)
entry 1637000/3841398 (42.6147%)
entry 1638000/3841398 (42.6407%)
entry 1641000/3841398 (42.7188%)
entry 1643000/3841398 (42.7709%)
entry 1645000/3841398 (42.823%)
entry 1646000/3841398 (42.849%)
entry 1647000/3841398 (42.875%)
entry 1649000/3841398 (42.9271%)
entry 1650000/3841398 (42.9531%)
entry 1651000/3841398 (42.9791%)
entry 1652000/3841398 (43.0052%)
entry 1657000/3841398 (43.1353%)
entry 1658000/3841398 (43.1614%)
entry 1659000/3841398 (43.1874%)
entry 1660000/3841398 (43.2134%)
entry 1662000/3841398 (43.2655%)
entry 1663000/3841398 (43.2915%)
entry 1664000/3841398 (43.3176%)
entry 1665000/3841398 (43.3436%)
entry 1668000/3841398 (43.4217%)
entry 1669000/3841398 (43.4477%)
entry 1675000/3841398 (43.6039%)
entry 1676000/3841398 (43.63%)
entry 1678000/3841398 (43.682%)
entry 1679000/3841398 (43.708%)
entry 1680000/3841398 (43.7341%)
entry 1681000/3841398 (43.7601%)
entry 1682000/3841398 (43.7861%)
entry 1684000/3841398 (43.8382%)
entry 1685000/3841398 (43.8642%)
entry 1686000/3841398 (43.8903%)
entry 1687000/3841398 (43.9163%)
entry 1688000/3841398 (43.9423%)
entry 1689000/3841398 (43.9684%)
entry 1691000/3841398 (44.0204%)
entry 1692000/3841398 (44.0465%)
entry 1695000/3841398 (44.1246%)
entry 1696000/3841398 (44.1506%)
entry 1697000/3841398 (44.1766%)
entry 1700000/3841398 (44.2547%)
entry 1701000/3841398 (44.2808%)
entry 1703000/3841398 (44.3328%)
entry 1704000/3841398 (44.3588%)
entry 1710000/3841398 (44.515%)
entry 1714000/3841398 (44.6192%)
entry 1715000/3841398 (44.6452%)
entry 1716000/3841398 (44.6712%)
entry 1717000/3841398 (44.6973%)
entry 1718000/3841398 (44.7233%)
entry 1720000/3841398 (44.7754%)
entry 1722000/3841398 (44.8274%)
entry 1725000/3841398 (44.9055%)
entry 1726000/3841398 (44.9316%)
entry 1728000/3841398 (44.9836%)
entry 1730000/3841398 (45.0357%)
entry 1731000/3841398 (45.0617%)
entry 1732000/3841398 (45.0878%)
entry 1734000/3841398 (45.1398%)
entry 1735000/3841398 (45.1658%)
entry 1736000/3841398 (45.1919%)
entry 1740000/3841398 (45.296%)
entry 1741000/3841398 (45.322%)
entry 1742000/3841398 (45.3481%)
entry 1743000/3841398 (45.3741%)
entry 1745000/3841398 (45.4262%)
entry 1746000/3841398 (45.4522%)
entry 1749000/3841398 (45.5303%)
entry 1751000/3841398 (45.5824%)
entry 1752000/3841398 (45.6084%)
entry 1753000/3841398 (45.6344%)
entry 1755000/3841398 (45.6865%)
entry 1756000/3841398 (45.7125%)
entry 1757000/3841398 (45.7386%)
entry 1758000/3841398 (45.7646%)
entry 1759000/3841398 (45.7906%)
entry 1760000/3841398 (45.8167%)
entry 1761000/3841398 (45.8427%)
entry 1762000/3841398 (45.8687%)
entry 1764000/3841398 (45.9208%)
entry 1765000/3841398 (45.9468%)
entry 1768000/3841398 (46.0249%)
entry 1769000/3841398 (46.0509%)
entry 1771000/3841398 (46.103%)
entry 1772000/3841398 (46.129%)
entry 1773000/3841398 (46.1551%)
entry 1777000/3841398 (46.2592%)
entry 1779000/3841398 (46.3113%)
entry 1781000/3841398 (46.3633%)
entry 1782000/3841398 (46.3894%)
entry 1784000/3841398 (46.4414%)
entry 1785000/3841398 (46.4675%)
entry 1786000/3841398 (46.4935%)
entry 1787000/3841398 (46.5195%)
entry 1789000/3841398 (46.5716%)
entry 1790000/3841398 (46.5976%)
entry 1792000/3841398 (46.6497%)
entry 1793000/3841398 (46.6757%)
entry 1794000/3841398 (46.7017%)
entry 1795000/3841398 (46.7278%)
entry 1796000/3841398 (46.7538%)
entry 1799000/3841398 (46.8319%)
entry 1800000/3841398 (46.8579%)
entry 1801000/3841398 (46.884%)
entry 1802000/3841398 (46.91%)
entry 1806000/3841398 (47.0141%)
entry 1807000/3841398 (47.0402%)
entry 1808000/3841398 (47.0662%)
entry 1809000/3841398 (47.0922%)
entry 1811000/3841398 (47.1443%)
entry 1812000/3841398 (47.1703%)
entry 1813000/3841398 (47.1964%)
entry 1814000/3841398 (47.2224%)
entry 1815000/3841398 (47.2484%)
entry 1817000/3841398 (47.3005%)
entry 1821000/3841398 (47.4046%)
entry 1824000/3841398 (47.4827%)
entry 1825000/3841398 (47.5087%)
entry 1826000/3841398 (47.5348%)
entry 1829000/3841398 (47.6129%)
entry 1833000/3841398 (47.717%)
entry 1836000/3841398 (47.7951%)
entry 1837000/3841398 (47.8211%)
entry 1838000/3841398 (47.8472%)
entry 1841000/3841398 (47.9253%)
entry 1843000/3841398 (47.9773%)
entry 1844000/3841398 (48.0034%)
entry 1845000/3841398 (48.0294%)
entry 1846000/3841398 (48.0554%)
entry 1848000/3841398 (48.1075%)
entry 1851000/3841398 (48.1856%)
entry 1852000/3841398 (48.2116%)
entry 1853000/3841398 (48.2376%)
entry 1854000/3841398 (48.2637%)
entry 1855000/3841398 (48.2897%)
entry 1857000/3841398 (48.3418%)
entry 1859000/3841398 (48.3938%)
entry 1861000/3841398 (48.4459%)
entry 1862000/3841398 (48.4719%)
entry 1864000/3841398 (48.524%)
entry 1865000/3841398 (48.55%)
entry 1867000/3841398 (48.6021%)
entry 1870000/3841398 (48.6802%)
entry 1871000/3841398 (48.7062%)
entry 1872000/3841398 (48.7323%)
entry 1873000/3841398 (48.7583%)
entry 1874000/3841398 (48.7843%)
entry 1876000/3841398 (48.8364%)
entry 1877000/3841398 (48.8624%)
entry 1878000/3841398 (48.8885%)
entry 1881000/3841398 (48.9665%)
entry 1884000/3841398 (49.0446%)
entry 1885000/3841398 (49.0707%)
entry 1889000/3841398 (49.1748%)
entry 1891000/3841398 (49.2269%)
entry 1892000/3841398 (49.2529%)
entry 1894000/3841398 (49.305%)
entry 1895000/3841398 (49.331%)
entry 1896000/3841398 (49.357%)
entry 1897000/3841398 (49.3831%)
entry 1898000/3841398 (49.4091%)
entry 1905000/3841398 (49.5913%)
entry 1906000/3841398 (49.6174%)
entry 1908000/3841398 (49.6694%)
entry 1910000/3841398 (49.7215%)
entry 1911000/3841398 (49.7475%)
entry 1912000/3841398 (49.7735%)
entry 1913000/3841398 (49.7996%)
entry 1914000/3841398 (49.8256%)
entry 1917000/3841398 (49.9037%)
entry 1918000/3841398 (49.9297%)
entry 1919000/3841398 (49.9558%)
entry 1920000/3841398 (49.9818%)
entry 1922000/3841398 (50.0339%)
entry 1923000/3841398 (50.0599%)
entry 1925000/3841398 (50.112%)
entry 1926000/3841398 (50.138%)
entry 1927000/3841398 (50.164%)
entry 1928000/3841398 (50.1901%)
entry 1929000/3841398 (50.2161%)
entry 1930000/3841398 (50.2421%)
entry 1931000/3841398 (50.2682%)
entry 1934000/3841398 (50.3463%)
entry 1935000/3841398 (50.3723%)
entry 1936000/3841398 (50.3983%)
entry 1938000/3841398 (50.4504%)
entry 1939000/3841398 (50.4764%)
entry 1941000/3841398 (50.5285%)
entry 1942000/3841398 (50.5545%)
entry 1943000/3841398 (50.5805%)
entry 1944000/3841398 (50.6066%)
entry 1948000/3841398 (50.7107%)
entry 1949000/3841398 (50.7367%)
entry 1951000/3841398 (50.7888%)
entry 1952000/3841398 (50.8148%)
entry 1953000/3841398 (50.8409%)
entry 1955000/3841398 (50.8929%)
entry 1956000/3841398 (50.919%)
entry 1957000/3841398 (50.945%)
entry 1958000/3841398 (50.971%)
entry 1959000/3841398 (50.9971%)
entry 1963000/3841398 (51.1012%)
entry 1965000/3841398 (51.1533%)
entry 1966000/3841398 (51.1793%)
entry 1967000/3841398 (51.2053%)
entry 1969000/3841398 (51.2574%)
entry 1970000/3841398 (51.2834%)
entry 1971000/3841398 (51.3094%)
entry 1972000/3841398 (51.3355%)
entry 1973000/3841398 (51.3615%)
entry 1974000/3841398 (51.3875%)
entry 1976000/3841398 (51.4396%)
entry 1977000/3841398 (51.4656%)
entry 1978000/3841398 (51.4917%)
entry 1979000/3841398 (51.5177%)
entry 1980000/3841398 (51.5437%)
entry 1981000/3841398 (51.5698%)
entry 1983000/3841398 (51.6218%)
entry 1984000/3841398 (51.6479%)
entry 1985000/3841398 (51.6739%)
entry 1986000/3841398 (51.6999%)
entry 1987000/3841398 (51.726%)
entry 1988000/3841398 (51.752%)
entry 1989000/3841398 (51.778%)
entry 1993000/3841398 (51.8822%)
entry 1994000/3841398 (51.9082%)
entry 1995000/3841398 (51.9342%)
entry 1997000/3841398 (51.9863%)
entry 1999000/3841398 (52.0383%)
entry 2000000/3841398 (52.0644%)
entry 2001000/3841398 (52.0904%)
entry 2002000/3841398 (52.1164%)
entry 2003000/3841398 (52.1425%)
entry 2004000/3841398 (52.1685%)
entry 2006000/3841398 (52.2206%)
entry 2007000/3841398 (52.2466%)
entry 2008000/3841398 (52.2726%)
entry 2009000/3841398 (52.2987%)
entry 2010000/3841398 (52.3247%)
entry 2012000/3841398 (52.3768%)
entry 2013000/3841398 (52.4028%)
entry 2014000/3841398 (52.4288%)
entry 2015000/3841398 (52.4549%)
entry 2016000/3841398 (52.4809%)
entry 2017000/3841398 (52.5069%)
entry 2018000/3841398 (52.533%)
entry 2020000/3841398 (52.585%)
entry 2027000/3841398 (52.7672%)
entry 2028000/3841398 (52.7933%)
entry 2029000/3841398 (52.8193%)
entry 2034000/3841398 (52.9495%)
entry 2036000/3841398 (53.0015%)
entry 2038000/3841398 (53.0536%)
entry 2039000/3841398 (53.0796%)
entry 2040000/3841398 (53.1057%)
entry 2045000/3841398 (53.2358%)
entry 2046000/3841398 (53.2619%)
entry 2047000/3841398 (53.2879%)
entry 2049000/3841398 (53.34%)
entry 2050000/3841398 (53.366%)
entry 2051000/3841398 (53.392%)
entry 2052000/3841398 (53.4181%)
entry 2054000/3841398 (53.4701%)
entry 2056000/3841398 (53.5222%)
entry 2060000/3841398 (53.6263%)
entry 2061000/3841398 (53.6523%)
entry 2062000/3841398 (53.6784%)
entry 2063000/3841398 (53.7044%)
entry 2064000/3841398 (53.7304%)
entry 2067000/3841398 (53.8085%)
entry 2068000/3841398 (53.8346%)
entry 2069000/3841398 (53.8606%)
entry 2071000/3841398 (53.9127%)
entry 2072000/3841398 (53.9387%)
entry 2073000/3841398 (53.9647%)
entry 2074000/3841398 (53.9908%)
entry 2075000/3841398 (54.0168%)
entry 2076000/3841398 (54.0428%)
entry 2078000/3841398 (54.0949%)
entry 2081000/3841398 (54.173%)
entry 2084000/3841398 (54.2511%)
entry 2085000/3841398 (54.2771%)
entry 2087000/3841398 (54.3292%)
entry 2089000/3841398 (54.3812%)
entry 2090000/3841398 (54.4073%)
entry 2091000/3841398 (54.4333%)
entry 2092000/3841398 (54.4593%)
entry 2093000/3841398 (54.4854%)
entry 2094000/3841398 (54.5114%)
entry 2095000/3841398 (54.5374%)
entry 2096000/3841398 (54.5635%)
entry 2097000/3841398 (54.5895%)
entry 2098000/3841398 (54.6155%)
entry 2101000/3841398 (54.6936%)
entry 2103000/3841398 (54.7457%)
entry 2104000/3841398 (54.7717%)
entry 2105000/3841398 (54.7978%)
entry 2106000/3841398 (54.8238%)
entry 2108000/3841398 (54.8759%)
entry 2111000/3841398 (54.954%)
entry 2112000/3841398 (54.98%)
entry 2114000/3841398 (55.0321%)
entry 2115000/3841398 (55.0581%)
entry 2116000/3841398 (55.0841%)
entry 2118000/3841398 (55.1362%)
entry 2120000/3841398 (55.1882%)
entry 2121000/3841398 (55.2143%)
entry 2123000/3841398 (55.2663%)
entry 2124000/3841398 (55.2924%)
entry 2125000/3841398 (55.3184%)
entry 2129000/3841398 (55.4225%)
entry 2130000/3841398 (55.4486%)
entry 2132000/3841398 (55.5006%)
entry 2133000/3841398 (55.5267%)
entry 2134000/3841398 (55.5527%)
entry 2136000/3841398 (55.6048%)
entry 2137000/3841398 (55.6308%)
entry 2138000/3841398 (55.6568%)
entry 2139000/3841398 (55.6829%)
entry 2143000/3841398 (55.787%)
entry 2144000/3841398 (55.813%)
entry 2145000/3841398 (55.839%)
entry 2146000/3841398 (55.8651%)
entry 2147000/3841398 (55.8911%)
entry 2148000/3841398 (55.9171%)
entry 2149000/3841398 (55.9432%)
entry 2150000/3841398 (55.9692%)
entry 2151000/3841398 (55.9952%)
entry 2153000/3841398 (56.0473%)
entry 2156000/3841398 (56.1254%)
entry 2157000/3841398 (56.1514%)
entry 2158000/3841398 (56.1775%)
entry 2159000/3841398 (56.2035%)
entry 2160000/3841398 (56.2295%)
entry 2161000/3841398 (56.2556%)
entry 2163000/3841398 (56.3076%)
entry 2164000/3841398 (56.3337%)
entry 2165000/3841398 (56.3597%)
entry 2166000/3841398 (56.3857%)
entry 2167000/3841398 (56.4118%)
entry 2169000/3841398 (56.4638%)
entry 2170000/3841398 (56.4898%)
entry 2171000/3841398 (56.5159%)
entry 2172000/3841398 (56.5419%)
entry 2174000/3841398 (56.594%)
entry 2178000/3841398 (56.6981%)
entry 2179000/3841398 (56.7241%)
entry 2180000/3841398 (56.7502%)
entry 2182000/3841398 (56.8022%)
entry 2183000/3841398 (56.8283%)
entry 2184000/3841398 (56.8543%)
entry 2185000/3841398 (56.8803%)
entry 2186000/3841398 (56.9064%)
entry 2187000/3841398 (56.9324%)
entry 2188000/3841398 (56.9584%)
entry 2189000/3841398 (56.9845%)
entry 2190000/3841398 (57.0105%)
entry 2191000/3841398 (57.0365%)
entry 2192000/3841398 (57.0626%)
entry 2193000/3841398 (57.0886%)
entry 2194000/3841398 (57.1146%)
entry 2195000/3841398 (57.1407%)
entry 2199000/3841398 (57.2448%)
entry 2201000/3841398 (57.2968%)
entry 2202000/3841398 (57.3229%)
entry 2203000/3841398 (57.3489%)
entry 2206000/3841398 (57.427%)
entry 2207000/3841398 (57.453%)
entry 2209000/3841398 (57.5051%)
entry 2210000/3841398 (57.5311%)
entry 2211000/3841398 (57.5572%)
entry 2212000/3841398 (57.5832%)
entry 2213000/3841398 (57.6092%)
entry 2214000/3841398 (57.6353%)
entry 2215000/3841398 (57.6613%)
entry 2216000/3841398 (57.6873%)
entry 2217000/3841398 (57.7134%)
entry 2218000/3841398 (57.7394%)
entry 2219000/3841398 (57.7654%)
entry 2220000/3841398 (57.7915%)
entry 2221000/3841398 (57.8175%)
entry 2224000/3841398 (57.8956%)
entry 2226000/3841398 (57.9477%)
entry 2228000/3841398 (57.9997%)
entry 2230000/3841398 (58.0518%)
entry 2231000/3841398 (58.0778%)
entry 2233000/3841398 (58.1299%)
entry 2234000/3841398 (58.1559%)
entry 2236000/3841398 (58.208%)
entry 2237000/3841398 (58.234%)
entry 2238000/3841398 (58.26%)
entry 2239000/3841398 (58.2861%)
entry 2240000/3841398 (58.3121%)
entry 2242000/3841398 (58.3642%)
entry 2243000/3841398 (58.3902%)
entry 2244000/3841398 (58.4162%)
entry 2245000/3841398 (58.4423%)
entry 2246000/3841398 (58.4683%)
entry 2248000/3841398 (58.5204%)
entry 2249000/3841398 (58.5464%)
entry 2251000/3841398 (58.5985%)
entry 2253000/3841398 (58.6505%)
entry 2255000/3841398 (58.7026%)
entry 2256000/3841398 (58.7286%)
entry 2257000/3841398 (58.7547%)
entry 2258000/3841398 (58.7807%)
entry 2259000/3841398 (58.8067%)
entry 2261000/3841398 (58.8588%)
entry 2262000/3841398 (58.8848%)
entry 2263000/3841398 (58.9108%)
entry 2264000/3841398 (58.9369%)
entry 2265000/3841398 (58.9629%)
entry 2266000/3841398 (58.9889%)
entry 2267000/3841398 (59.015%)
entry 2269000/3841398 (59.067%)
entry 2270000/3841398 (59.0931%)
entry 2272000/3841398 (59.1451%)
entry 2273000/3841398 (59.1712%)
entry 2274000/3841398 (59.1972%)
entry 2276000/3841398 (59.2493%)
entry 2277000/3841398 (59.2753%)
entry 2278000/3841398 (59.3013%)
entry 2279000/3841398 (59.3274%)
entry 2280000/3841398 (59.3534%)
entry 2281000/3841398 (59.3794%)
entry 2282000/3841398 (59.4055%)
entry 2283000/3841398 (59.4315%)
entry 2285000/3841398 (59.4836%)
entry 2287000/3841398 (59.5356%)
entry 2289000/3841398 (59.5877%)
entry 2292000/3841398 (59.6658%)
entry 2294000/3841398 (59.7178%)
entry 2296000/3841398 (59.7699%)
entry 2297000/3841398 (59.7959%)
entry 2299000/3841398 (59.848%)
entry 2300000/3841398 (59.874%)
entry 2301000/3841398 (59.9001%)
entry 2303000/3841398 (59.9521%)
entry 2304000/3841398 (59.9782%)
entry 2305000/3841398 (60.0042%)
entry 2307000/3841398 (60.0563%)
entry 2309000/3841398 (60.1083%)
entry 2310000/3841398 (60.1344%)
entry 2313000/3841398 (60.2125%)
entry 2314000/3841398 (60.2385%)
entry 2315000/3841398 (60.2645%)
entry 2316000/3841398 (60.2906%)
entry 2317000/3841398 (60.3166%)
entry 2318000/3841398 (60.3426%)
entry 2319000/3841398 (60.3686%)
entry 2320000/3841398 (60.3947%)
entry 2321000/3841398 (60.4207%)
entry 2324000/3841398 (60.4988%)
entry 2325000/3841398 (60.5248%)
entry 2328000/3841398 (60.6029%)
entry 2329000/3841398 (60.629%)
entry 2330000/3841398 (60.655%)
entry 2333000/3841398 (60.7331%)
entry 2334000/3841398 (60.7591%)
entry 2335000/3841398 (60.7852%)
entry 2336000/3841398 (60.8112%)
entry 2339000/3841398 (60.8893%)
entry 2340000/3841398 (60.9153%)
entry 2341000/3841398 (60.9414%)
entry 2343000/3841398 (60.9934%)
entry 2345000/3841398 (61.0455%)
entry 2347000/3841398 (61.0976%)
entry 2348000/3841398 (61.1236%)
entry 2349000/3841398 (61.1496%)
entry 2350000/3841398 (61.1756%)
entry 2351000/3841398 (61.2017%)
entry 2352000/3841398 (61.2277%)
entry 2353000/3841398 (61.2537%)
entry 2354000/3841398 (61.2798%)
entry 2356000/3841398 (61.3318%)
entry 2357000/3841398 (61.3579%)
entry 2358000/3841398 (61.3839%)
entry 2359000/3841398 (61.4099%)
entry 2362000/3841398 (61.488%)
entry 2365000/3841398 (61.5661%)
entry 2366000/3841398 (61.5922%)
entry 2367000/3841398 (61.6182%)
entry 2368000/3841398 (61.6442%)
entry 2369000/3841398 (61.6703%)
entry 2370000/3841398 (61.6963%)
entry 2371000/3841398 (61.7223%)
entry 2372000/3841398 (61.7484%)
entry 2373000/3841398 (61.7744%)
entry 2376000/3841398 (61.8525%)
entry 2377000/3841398 (61.8785%)
entry 2378000/3841398 (61.9045%)
entry 2379000/3841398 (61.9306%)
entry 2380000/3841398 (61.9566%)
entry 2381000/3841398 (61.9826%)
entry 2382000/3841398 (62.0087%)
entry 2384000/3841398 (62.0607%)
entry 2385000/3841398 (62.0868%)
entry 2386000/3841398 (62.1128%)
entry 2387000/3841398 (62.1388%)
entry 2388000/3841398 (62.1649%)
entry 2390000/3841398 (62.2169%)
entry 2391000/3841398 (62.243%)
entry 2393000/3841398 (62.295%)
entry 2394000/3841398 (62.3211%)
entry 2395000/3841398 (62.3471%)
entry 2397000/3841398 (62.3992%)
entry 2398000/3841398 (62.4252%)
entry 2400000/3841398 (62.4773%)
entry 2402000/3841398 (62.5293%)
entry 2403000/3841398 (62.5553%)
entry 2405000/3841398 (62.6074%)
entry 2407000/3841398 (62.6595%)
entry 2410000/3841398 (62.7376%)
entry 2411000/3841398 (62.7636%)
entry 2412000/3841398 (62.7896%)
entry 2413000/3841398 (62.8157%)
entry 2414000/3841398 (62.8417%)
entry 2415000/3841398 (62.8677%)
entry 2418000/3841398 (62.9458%)
entry 2421000/3841398 (63.0239%)
entry 2422000/3841398 (63.05%)
entry 2423000/3841398 (63.076%)
entry 2424000/3841398 (63.102%)
entry 2425000/3841398 (63.1281%)
entry 2426000/3841398 (63.1541%)
entry 2429000/3841398 (63.2322%)
entry 2430000/3841398 (63.2582%)
entry 2431000/3841398 (63.2843%)
entry 2432000/3841398 (63.3103%)
entry 2434000/3841398 (63.3623%)
entry 2435000/3841398 (63.3884%)
entry 2436000/3841398 (63.4144%)
entry 2439000/3841398 (63.4925%)
entry 2441000/3841398 (63.5446%)
entry 2442000/3841398 (63.5706%)
entry 2443000/3841398 (63.5966%)
entry 2444000/3841398 (63.6227%)
entry 2445000/3841398 (63.6487%)
entry 2446000/3841398 (63.6747%)
entry 2447000/3841398 (63.7008%)
entry 2448000/3841398 (63.7268%)
entry 2449000/3841398 (63.7528%)
entry 2450000/3841398 (63.7789%)
entry 2451000/3841398 (63.8049%)
entry 2453000/3841398 (63.857%)
entry 2454000/3841398 (63.883%)
entry 2455000/3841398 (63.909%)
entry 2457000/3841398 (63.9611%)
entry 2458000/3841398 (63.9871%)
entry 2459000/3841398 (64.0132%)
entry 2461000/3841398 (64.0652%)
entry 2462000/3841398 (64.0912%)
entry 2464000/3841398 (64.1433%)
entry 2465000/3841398 (64.1693%)
entry 2467000/3841398 (64.2214%)
entry 2468000/3841398 (64.2474%)
entry 2469000/3841398 (64.2735%)
entry 2470000/3841398 (64.2995%)
entry 2472000/3841398 (64.3516%)
entry 2473000/3841398 (64.3776%)
entry 2474000/3841398 (64.4036%)
entry 2475000/3841398 (64.4297%)
entry 2476000/3841398 (64.4557%)
entry 2477000/3841398 (64.4817%)
entry 2478000/3841398 (64.5078%)
entry 2480000/3841398 (64.5598%)
entry 2482000/3841398 (64.6119%)
entry 2483000/3841398 (64.6379%)
entry 2484000/3841398 (64.664%)
entry 2486000/3841398 (64.716%)
entry 2489000/3841398 (64.7941%)
entry 2490000/3841398 (64.8202%)
entry 2491000/3841398 (64.8462%)
entry 2492000/3841398 (64.8722%)
entry 2494000/3841398 (64.9243%)
entry 2496000/3841398 (64.9763%)
entry 2497000/3841398 (65.0024%)
entry 2498000/3841398 (65.0284%)
entry 2500000/3841398 (65.0805%)
entry 2501000/3841398 (65.1065%)
entry 2503000/3841398 (65.1586%)
entry 2504000/3841398 (65.1846%)
entry 2505000/3841398 (65.2106%)
entry 2506000/3841398 (65.2367%)
entry 2507000/3841398 (65.2627%)
entry 2509000/3841398 (65.3148%)
entry 2511000/3841398 (65.3668%)
entry 2512000/3841398 (65.3929%)
entry 2513000/3841398 (65.4189%)
entry 2514000/3841398 (65.4449%)
entry 2515000/3841398 (65.471%)
entry 2517000/3841398 (65.523%)
entry 2518000/3841398 (65.5491%)
entry 2519000/3841398 (65.5751%)
entry 2520000/3841398 (65.6011%)
entry 2521000/3841398 (65.6272%)
entry 2523000/3841398 (65.6792%)
entry 2524000/3841398 (65.7052%)
entry 2525000/3841398 (65.7313%)
entry 2526000/3841398 (65.7573%)
entry 2527000/3841398 (65.7833%)
entry 2529000/3841398 (65.8354%)
entry 2530000/3841398 (65.8614%)
entry 2531000/3841398 (65.8875%)
entry 2533000/3841398 (65.9395%)
entry 2535000/3841398 (65.9916%)
entry 2537000/3841398 (66.0437%)
entry 2540000/3841398 (66.1218%)
entry 2542000/3841398 (66.1738%)
entry 2544000/3841398 (66.2259%)
entry 2545000/3841398 (66.2519%)
entry 2546000/3841398 (66.278%)
entry 2547000/3841398 (66.304%)
entry 2548000/3841398 (66.33%)
entry 2549000/3841398 (66.3561%)
entry 2550000/3841398 (66.3821%)
entry 2551000/3841398 (66.4081%)
entry 2552000/3841398 (66.4341%)
entry 2556000/3841398 (66.5383%)
entry 2557000/3841398 (66.5643%)
entry 2558000/3841398 (66.5903%)
entry 2562000/3841398 (66.6945%)
entry 2564000/3841398 (66.7465%)
entry 2567000/3841398 (66.8246%)
entry 2568000/3841398 (66.8507%)
entry 2569000/3841398 (66.8767%)
entry 2572000/3841398 (66.9548%)
entry 2574000/3841398 (67.0069%)
entry 2575000/3841398 (67.0329%)
entry 2577000/3841398 (67.085%)
entry 2579000/3841398 (67.137%)
entry 2581000/3841398 (67.1891%)
entry 2583000/3841398 (67.2411%)
entry 2585000/3841398 (67.2932%)
entry 2587000/3841398 (67.3453%)
entry 2588000/3841398 (67.3713%)
entry 2590000/3841398 (67.4234%)
entry 2591000/3841398 (67.4494%)
entry 2592000/3841398 (67.4754%)
entry 2593000/3841398 (67.5015%)
entry 2595000/3841398 (67.5535%)
entry 2596000/3841398 (67.5796%)
entry 2597000/3841398 (67.6056%)
entry 2598000/3841398 (67.6316%)
entry 2600000/3841398 (67.6837%)
entry 2601000/3841398 (67.7097%)
entry 2602000/3841398 (67.7358%)
entry 2603000/3841398 (67.7618%)
entry 2604000/3841398 (67.7878%)
entry 2605000/3841398 (67.8139%)
entry 2606000/3841398 (67.8399%)
entry 2607000/3841398 (67.8659%)
entry 2608000/3841398 (67.8919%)
entry 2609000/3841398 (67.918%)
entry 2610000/3841398 (67.944%)
entry 2611000/3841398 (67.97%)
entry 2612000/3841398 (67.9961%)
entry 2613000/3841398 (68.0221%)
entry 2617000/3841398 (68.1262%)
entry 2618000/3841398 (68.1523%)
entry 2619000/3841398 (68.1783%)
entry 2621000/3841398 (68.2304%)
entry 2624000/3841398 (68.3085%)
entry 2625000/3841398 (68.3345%)
entry 2626000/3841398 (68.3605%)
entry 2627000/3841398 (68.3866%)
entry 2629000/3841398 (68.4386%)
entry 2631000/3841398 (68.4907%)
entry 2633000/3841398 (68.5428%)
entry 2634000/3841398 (68.5688%)
entry 2635000/3841398 (68.5948%)
entry 2637000/3841398 (68.6469%)
entry 2638000/3841398 (68.6729%)
entry 2639000/3841398 (68.6989%)
entry 2641000/3841398 (68.751%)
entry 2642000/3841398 (68.777%)
entry 2645000/3841398 (68.8551%)
entry 2646000/3841398 (68.8812%)
entry 2647000/3841398 (68.9072%)
entry 2648000/3841398 (68.9332%)
entry 2651000/3841398 (69.0113%)
entry 2652000/3841398 (69.0374%)
entry 2653000/3841398 (69.0634%)
entry 2654000/3841398 (69.0894%)
entry 2656000/3841398 (69.1415%)
entry 2658000/3841398 (69.1936%)
entry 2659000/3841398 (69.2196%)
entry 2662000/3841398 (69.2977%)
entry 2665000/3841398 (69.3758%)
entry 2667000/3841398 (69.4278%)
entry 2668000/3841398 (69.4539%)
entry 2669000/3841398 (69.4799%)
entry 2670000/3841398 (69.5059%)
entry 2671000/3841398 (69.532%)
entry 2672000/3841398 (69.558%)
entry 2674000/3841398 (69.6101%)
entry 2676000/3841398 (69.6621%)
entry 2679000/3841398 (69.7402%)
entry 2680000/3841398 (69.7663%)
entry 2681000/3841398 (69.7923%)
entry 2682000/3841398 (69.8183%)
entry 2683000/3841398 (69.8444%)
entry 2684000/3841398 (69.8704%)
entry 2685000/3841398 (69.8964%)
entry 2686000/3841398 (69.9225%)
entry 2687000/3841398 (69.9485%)
entry 2688000/3841398 (69.9745%)
entry 2689000/3841398 (70.0006%)
entry 2691000/3841398 (70.0526%)
entry 2692000/3841398 (70.0787%)
entry 2693000/3841398 (70.1047%)
entry 2694000/3841398 (70.1307%)
entry 2695000/3841398 (70.1568%)
entry 2696000/3841398 (70.1828%)
entry 2697000/3841398 (70.2088%)
entry 2699000/3841398 (70.2609%)
entry 2700000/3841398 (70.2869%)
entry 2702000/3841398 (70.339%)
entry 2706000/3841398 (70.4431%)
entry 2707000/3841398 (70.4691%)
entry 2708000/3841398 (70.4952%)
entry 2709000/3841398 (70.5212%)
entry 2711000/3841398 (70.5733%)
entry 2712000/3841398 (70.5993%)
entry 2713000/3841398 (70.6253%)
entry 2714000/3841398 (70.6514%)
entry 2716000/3841398 (70.7034%)
entry 2718000/3841398 (70.7555%)
entry 2720000/3841398 (70.8076%)
entry 2722000/3841398 (70.8596%)
entry 2723000/3841398 (70.8857%)
entry 2724000/3841398 (70.9117%)
entry 2726000/3841398 (70.9637%)
entry 2727000/3841398 (70.9898%)
entry 2728000/3841398 (71.0158%)
entry 2729000/3841398 (71.0418%)
entry 2731000/3841398 (71.0939%)
entry 2734000/3841398 (71.172%)
entry 2735000/3841398 (71.198%)
entry 2736000/3841398 (71.2241%)
entry 2738000/3841398 (71.2761%)
entry 2739000/3841398 (71.3022%)
entry 2740000/3841398 (71.3282%)
entry 2742000/3841398 (71.3803%)
entry 2743000/3841398 (71.4063%)
entry 2744000/3841398 (71.4323%)
entry 2746000/3841398 (71.4844%)
entry 2747000/3841398 (71.5104%)
entry 2748000/3841398 (71.5365%)
entry 2749000/3841398 (71.5625%)
entry 2750000/3841398 (71.5885%)
entry 2752000/3841398 (71.6406%)
entry 2753000/3841398 (71.6666%)
entry 2755000/3841398 (71.7187%)
entry 2759000/3841398 (71.8228%)
entry 2760000/3841398 (71.8488%)
entry 2761000/3841398 (71.8749%)
entry 2762000/3841398 (71.9009%)
entry 2763000/3841398 (71.9269%)
entry 2764000/3841398 (71.953%)
entry 2765000/3841398 (71.979%)
entry 2766000/3841398 (72.005%)
entry 2767000/3841398 (72.0311%)
entry 2768000/3841398 (72.0571%)
entry 2769000/3841398 (72.0831%)
entry 2771000/3841398 (72.1352%)
entry 2772000/3841398 (72.1612%)
entry 2776000/3841398 (72.2654%)
entry 2778000/3841398 (72.3174%)
entry 2779000/3841398 (72.3435%)
entry 2780000/3841398 (72.3695%)
entry 2781000/3841398 (72.3955%)
entry 2783000/3841398 (72.4476%)
entry 2785000/3841398 (72.4996%)
entry 2786000/3841398 (72.5257%)
entry 2787000/3841398 (72.5517%)
entry 2788000/3841398 (72.5777%)
entry 2789000/3841398 (72.6038%)
entry 2790000/3841398 (72.6298%)
entry 2791000/3841398 (72.6558%)
entry 2792000/3841398 (72.6819%)
entry 2793000/3841398 (72.7079%)
entry 2794000/3841398 (72.7339%)
entry 2796000/3841398 (72.786%)
entry 2797000/3841398 (72.812%)
entry 2798000/3841398 (72.8381%)
entry 2799000/3841398 (72.8641%)
entry 2800000/3841398 (72.8901%)
entry 2802000/3841398 (72.9422%)
entry 2804000/3841398 (72.9943%)
entry 2808000/3841398 (73.0984%)
entry 2809000/3841398 (73.1244%)
entry 2810000/3841398 (73.1504%)
entry 2811000/3841398 (73.1765%)
entry 2812000/3841398 (73.2025%)
entry 2816000/3841398 (73.3066%)
entry 2819000/3841398 (73.3847%)
entry 2820000/3841398 (73.4108%)
entry 2821000/3841398 (73.4368%)
entry 2824000/3841398 (73.5149%)
entry 2825000/3841398 (73.5409%)
entry 2827000/3841398 (73.593%)
entry 2828000/3841398 (73.619%)
entry 2830000/3841398 (73.6711%)
entry 2831000/3841398 (73.6971%)
entry 2832000/3841398 (73.7232%)
entry 2835000/3841398 (73.8013%)
entry 2836000/3841398 (73.8273%)
entry 2838000/3841398 (73.8794%)
entry 2841000/3841398 (73.9574%)
entry 2843000/3841398 (74.0095%)
entry 2844000/3841398 (74.0355%)
entry 2845000/3841398 (74.0616%)
entry 2846000/3841398 (74.0876%)
entry 2847000/3841398 (74.1136%)
entry 2849000/3841398 (74.1657%)
entry 2851000/3841398 (74.2178%)
entry 2852000/3841398 (74.2438%)
entry 2854000/3841398 (74.2959%)
entry 2856000/3841398 (74.3479%)
entry 2861000/3841398 (74.4781%)
entry 2866000/3841398 (74.6083%)
entry 2867000/3841398 (74.6343%)
entry 2868000/3841398 (74.6603%)
entry 2869000/3841398 (74.6863%)
entry 2870000/3841398 (74.7124%)
entry 2871000/3841398 (74.7384%)
entry 2873000/3841398 (74.7905%)
entry 2876000/3841398 (74.8686%)
entry 2878000/3841398 (74.9206%)
entry 2880000/3841398 (74.9727%)
entry 2881000/3841398 (74.9987%)
entry 2882000/3841398 (75.0248%)
entry 2884000/3841398 (75.0768%)
entry 2885000/3841398 (75.1029%)
entry 2886000/3841398 (75.1289%)
entry 2888000/3841398 (75.181%)
entry 2889000/3841398 (75.207%)
entry 2890000/3841398 (75.233%)
entry 2891000/3841398 (75.2591%)
entry 2893000/3841398 (75.3111%)
entry 2894000/3841398 (75.3372%)
entry 2895000/3841398 (75.3632%)
entry 2896000/3841398 (75.3892%)
entry 2897000/3841398 (75.4153%)
entry 2899000/3841398 (75.4673%)
entry 2900000/3841398 (75.4933%)
entry 2902000/3841398 (75.5454%)
entry 2903000/3841398 (75.5714%)
entry 2905000/3841398 (75.6235%)
entry 2906000/3841398 (75.6495%)
entry 2909000/3841398 (75.7276%)
entry 2910000/3841398 (75.7537%)
entry 2912000/3841398 (75.8057%)
entry 2913000/3841398 (75.8318%)
entry 2914000/3841398 (75.8578%)
entry 2916000/3841398 (75.9099%)
entry 2917000/3841398 (75.9359%)
entry 2918000/3841398 (75.9619%)
entry 2921000/3841398 (76.04%)
entry 2923000/3841398 (76.0921%)
entry 2925000/3841398 (76.1442%)
entry 2926000/3841398 (76.1702%)
entry 2930000/3841398 (76.2743%)
entry 2931000/3841398 (76.3003%)
entry 2933000/3841398 (76.3524%)
entry 2935000/3841398 (76.4045%)
entry 2938000/3841398 (76.4826%)
entry 2939000/3841398 (76.5086%)
entry 2940000/3841398 (76.5346%)
entry 2941000/3841398 (76.5607%)
entry 2942000/3841398 (76.5867%)
entry 2943000/3841398 (76.6127%)
entry 2944000/3841398 (76.6388%)
entry 2946000/3841398 (76.6908%)
entry 2947000/3841398 (76.7169%)
entry 2948000/3841398 (76.7429%)
entry 2949000/3841398 (76.7689%)
entry 2950000/3841398 (76.795%)
entry 2952000/3841398 (76.847%)
entry 2953000/3841398 (76.8731%)
entry 2954000/3841398 (76.8991%)
entry 2955000/3841398 (76.9251%)
entry 2957000/3841398 (76.9772%)
entry 2959000/3841398 (77.0292%)
entry 2960000/3841398 (77.0553%)
entry 2961000/3841398 (77.0813%)
entry 2963000/3841398 (77.1334%)
entry 2964000/3841398 (77.1594%)
entry 2966000/3841398 (77.2115%)
entry 2968000/3841398 (77.2635%)
entry 2970000/3841398 (77.3156%)
entry 2972000/3841398 (77.3677%)
entry 2973000/3841398 (77.3937%)
entry 2974000/3841398 (77.4197%)
entry 2975000/3841398 (77.4458%)
entry 2976000/3841398 (77.4718%)
entry 2978000/3841398 (77.5239%)
entry 2979000/3841398 (77.5499%)
entry 2980000/3841398 (77.5759%)
entry 2982000/3841398 (77.628%)
entry 2984000/3841398 (77.6801%)
entry 2985000/3841398 (77.7061%)
entry 2988000/3841398 (77.7842%)
entry 2990000/3841398 (77.8362%)
entry 2991000/3841398 (77.8623%)
entry 2992000/3841398 (77.8883%)
entry 2993000/3841398 (77.9143%)
entry 2994000/3841398 (77.9404%)
entry 2995000/3841398 (77.9664%)
entry 2998000/3841398 (78.0445%)
entry 2999000/3841398 (78.0705%)
entry 3000000/3841398 (78.0966%)
entry 3003000/3841398 (78.1747%)
entry 3005000/3841398 (78.2267%)
entry 3006000/3841398 (78.2528%)
entry 3007000/3841398 (78.2788%)
entry 3008000/3841398 (78.3048%)
entry 3009000/3841398 (78.3309%)
entry 3010000/3841398 (78.3569%)
entry 3011000/3841398 (78.3829%)
entry 3013000/3841398 (78.435%)
entry 3014000/3841398 (78.461%)
entry 3015000/3841398 (78.4871%)
entry 3016000/3841398 (78.5131%)
entry 3019000/3841398 (78.5912%)
entry 3020000/3841398 (78.6172%)
entry 3021000/3841398 (78.6432%)
entry 3027000/3841398 (78.7994%)
entry 3029000/3841398 (78.8515%)
entry 3031000/3841398 (78.9036%)
entry 3033000/3841398 (78.9556%)
entry 3034000/3841398 (78.9817%)
entry 3035000/3841398 (79.0077%)
entry 3036000/3841398 (79.0337%)
entry 3037000/3841398 (79.0598%)
entry 3038000/3841398 (79.0858%)
entry 3039000/3841398 (79.1118%)
entry 3041000/3841398 (79.1639%)
entry 3043000/3841398 (79.2159%)
entry 3044000/3841398 (79.242%)
entry 3046000/3841398 (79.294%)
entry 3047000/3841398 (79.3201%)
entry 3049000/3841398 (79.3721%)
entry 3050000/3841398 (79.3982%)
entry 3051000/3841398 (79.4242%)
entry 3052000/3841398 (79.4502%)
entry 3054000/3841398 (79.5023%)
entry 3057000/3841398 (79.5804%)
entry 3058000/3841398 (79.6064%)
entry 3059000/3841398 (79.6325%)
entry 3061000/3841398 (79.6845%)
entry 3062000/3841398 (79.7106%)
entry 3063000/3841398 (79.7366%)
entry 3065000/3841398 (79.7887%)
entry 3068000/3841398 (79.8668%)
entry 3069000/3841398 (79.8928%)
entry 3071000/3841398 (79.9449%)
entry 3073000/3841398 (79.9969%)
entry 3074000/3841398 (80.0229%)
entry 3075000/3841398 (80.049%)
entry 3076000/3841398 (80.075%)
entry 3078000/3841398 (80.1271%)
entry 3079000/3841398 (80.1531%)
entry 3080000/3841398 (80.1791%)
entry 3082000/3841398 (80.2312%)
entry 3083000/3841398 (80.2572%)
entry 3084000/3841398 (80.2833%)
entry 3087000/3841398 (80.3614%)
entry 3090000/3841398 (80.4395%)
entry 3091000/3841398 (80.4655%)
entry 3092000/3841398 (80.4915%)
entry 3093000/3841398 (80.5176%)
entry 3094000/3841398 (80.5436%)
entry 3097000/3841398 (80.6217%)
entry 3098000/3841398 (80.6477%)
entry 3099000/3841398 (80.6738%)
entry 3100000/3841398 (80.6998%)
entry 3102000/3841398 (80.7519%)
entry 3103000/3841398 (80.7779%)
entry 3104000/3841398 (80.8039%)
entry 3105000/3841398 (80.8299%)
entry 3106000/3841398 (80.856%)
entry 3109000/3841398 (80.9341%)
entry 3110000/3841398 (80.9601%)
entry 3111000/3841398 (80.9861%)
entry 3113000/3841398 (81.0382%)
entry 3114000/3841398 (81.0642%)
entry 3117000/3841398 (81.1423%)
entry 3118000/3841398 (81.1684%)
entry 3120000/3841398 (81.2204%)
entry 3121000/3841398 (81.2465%)
entry 3123000/3841398 (81.2985%)
entry 3124000/3841398 (81.3246%)
entry 3126000/3841398 (81.3766%)
entry 3129000/3841398 (81.4547%)
entry 3130000/3841398 (81.4808%)
entry 3131000/3841398 (81.5068%)
entry 3132000/3841398 (81.5328%)
entry 3134000/3841398 (81.5849%)
entry 3135000/3841398 (81.6109%)
entry 3139000/3841398 (81.715%)
entry 3140000/3841398 (81.7411%)
entry 3141000/3841398 (81.7671%)
entry 3142000/3841398 (81.7931%)
entry 3145000/3841398 (81.8712%)
entry 3146000/3841398 (81.8973%)
entry 3149000/3841398 (81.9754%)
entry 3150000/3841398 (82.0014%)
entry 3151000/3841398 (82.0274%)
entry 3152000/3841398 (82.0535%)
entry 3154000/3841398 (82.1055%)
entry 3156000/3841398 (82.1576%)
entry 3157000/3841398 (82.1836%)
entry 3159000/3841398 (82.2357%)
entry 3160000/3841398 (82.2617%)
entry 3162000/3841398 (82.3138%)
entry 3163000/3841398 (82.3398%)
entry 3164000/3841398 (82.3658%)
entry 3165000/3841398 (82.3919%)
entry 3166000/3841398 (82.4179%)
entry 3167000/3841398 (82.4439%)
entry 3169000/3841398 (82.496%)
entry 3171000/3841398 (82.5481%)
entry 3172000/3841398 (82.5741%)
entry 3173000/3841398 (82.6001%)
entry 3174000/3841398 (82.6262%)
entry 3175000/3841398 (82.6522%)
entry 3176000/3841398 (82.6782%)
entry 3179000/3841398 (82.7563%)
entry 3181000/3841398 (82.8084%)
entry 3182000/3841398 (82.8344%)
entry 3183000/3841398 (82.8605%)
entry 3185000/3841398 (82.9125%)
entry 3187000/3841398 (82.9646%)
entry 3188000/3841398 (82.9906%)
entry 3189000/3841398 (83.0167%)
entry 3190000/3841398 (83.0427%)
entry 3191000/3841398 (83.0687%)
entry 3193000/3841398 (83.1208%)
entry 3197000/3841398 (83.2249%)
entry 3198000/3841398 (83.2509%)
entry 3200000/3841398 (83.303%)
entry 3201000/3841398 (83.329%)
entry 3205000/3841398 (83.4332%)
entry 3206000/3841398 (83.4592%)
entry 3207000/3841398 (83.4852%)
entry 3209000/3841398 (83.5373%)
entry 3210000/3841398 (83.5633%)
entry 3213000/3841398 (83.6414%)
entry 3215000/3841398 (83.6935%)
entry 3216000/3841398 (83.7195%)
entry 3218000/3841398 (83.7716%)
entry 3219000/3841398 (83.7976%)
entry 3221000/3841398 (83.8497%)
entry 3223000/3841398 (83.9017%)
entry 3224000/3841398 (83.9278%)
entry 3225000/3841398 (83.9538%)
entry 3226000/3841398 (83.9798%)
entry 3227000/3841398 (84.0059%)
entry 3229000/3841398 (84.0579%)
entry 3231000/3841398 (84.11%)
entry 3232000/3841398 (84.136%)
entry 3234000/3841398 (84.1881%)
entry 3235000/3841398 (84.2141%)
entry 3236000/3841398 (84.2402%)
entry 3237000/3841398 (84.2662%)
entry 3239000/3841398 (84.3183%)
entry 3241000/3841398 (84.3703%)
entry 3243000/3841398 (84.4224%)
entry 3245000/3841398 (84.4745%)
entry 3246000/3841398 (84.5005%)
entry 3247000/3841398 (84.5265%)
entry 3248000/3841398 (84.5526%)
entry 3251000/3841398 (84.6307%)
entry 3254000/3841398 (84.7087%)
entry 3255000/3841398 (84.7348%)
entry 3257000/3841398 (84.7868%)
entry 3258000/3841398 (84.8129%)
entry 3259000/3841398 (84.8389%)
entry 3262000/3841398 (84.917%)
entry 3263000/3841398 (84.943%)
entry 3264000/3841398 (84.9691%)
entry 3265000/3841398 (84.9951%)
entry 3266000/3841398 (85.0211%)
entry 3267000/3841398 (85.0472%)
entry 3268000/3841398 (85.0732%)
entry 3269000/3841398 (85.0992%)
entry 3270000/3841398 (85.1253%)
entry 3272000/3841398 (85.1773%)
entry 3273000/3841398 (85.2034%)
entry 3274000/3841398 (85.2294%)
entry 3275000/3841398 (85.2554%)
entry 3276000/3841398 (85.2814%)
entry 3277000/3841398 (85.3075%)
entry 3278000/3841398 (85.3335%)
entry 3280000/3841398 (85.3856%)
entry 3281000/3841398 (85.4116%)
entry 3282000/3841398 (85.4376%)
entry 3283000/3841398 (85.4637%)
entry 3286000/3841398 (85.5418%)
entry 3287000/3841398 (85.5678%)
entry 3289000/3841398 (85.6199%)
entry 3290000/3841398 (85.6459%)
entry 3293000/3841398 (85.724%)
entry 3294000/3841398 (85.75%)
entry 3297000/3841398 (85.8281%)
entry 3298000/3841398 (85.8542%)
entry 3299000/3841398 (85.8802%)
entry 3300000/3841398 (85.9062%)
entry 3301000/3841398 (85.9323%)
entry 3302000/3841398 (85.9583%)
entry 3303000/3841398 (85.9843%)
entry 3304000/3841398 (86.0104%)
entry 3305000/3841398 (86.0364%)
entry 3306000/3841398 (86.0624%)
entry 3307000/3841398 (86.0884%)
entry 3309000/3841398 (86.1405%)
entry 3311000/3841398 (86.1926%)
entry 3313000/3841398 (86.2446%)
entry 3314000/3841398 (86.2707%)
entry 3315000/3841398 (86.2967%)
entry 3316000/3841398 (86.3227%)
entry 3318000/3841398 (86.3748%)
entry 3319000/3841398 (86.4008%)
entry 3320000/3841398 (86.4269%)
entry 3321000/3841398 (86.4529%)
entry 3323000/3841398 (86.505%)
entry 3324000/3841398 (86.531%)
entry 3327000/3841398 (86.6091%)
entry 3328000/3841398 (86.6351%)
entry 3330000/3841398 (86.6872%)
entry 3331000/3841398 (86.7132%)
entry 3333000/3841398 (86.7653%)
entry 3336000/3841398 (86.8434%)
entry 3337000/3841398 (86.8694%)
entry 3338000/3841398 (86.8954%)
entry 3339000/3841398 (86.9215%)
entry 3340000/3841398 (86.9475%)
entry 3342000/3841398 (86.9996%)
entry 3343000/3841398 (87.0256%)
entry 3344000/3841398 (87.0516%)
entry 3346000/3841398 (87.1037%)
entry 3347000/3841398 (87.1297%)
entry 3351000/3841398 (87.2339%)
entry 3353000/3841398 (87.2859%)
entry 3354000/3841398 (87.312%)
entry 3355000/3841398 (87.338%)
entry 3357000/3841398 (87.3901%)
entry 3358000/3841398 (87.4161%)
entry 3359000/3841398 (87.4421%)
entry 3360000/3841398 (87.4682%)
entry 3361000/3841398 (87.4942%)
entry 3362000/3841398 (87.5202%)
entry 3363000/3841398 (87.5463%)
entry 3364000/3841398 (87.5723%)
entry 3365000/3841398 (87.5983%)
entry 3367000/3841398 (87.6504%)
entry 3369000/3841398 (87.7024%)
entry 3370000/3841398 (87.7285%)
entry 3374000/3841398 (87.8326%)
entry 3378000/3841398 (87.9367%)
entry 3380000/3841398 (87.9888%)
entry 3381000/3841398 (88.0148%)
entry 3383000/3841398 (88.0669%)
entry 3384000/3841398 (88.0929%)
entry 3386000/3841398 (88.145%)
entry 3387000/3841398 (88.171%)
entry 3388000/3841398 (88.1971%)
entry 3389000/3841398 (88.2231%)
entry 3390000/3841398 (88.2491%)
entry 3391000/3841398 (88.2752%)
entry 3392000/3841398 (88.3012%)
entry 3394000/3841398 (88.3533%)
entry 3395000/3841398 (88.3793%)
entry 3396000/3841398 (88.4053%)
entry 3398000/3841398 (88.4574%)
entry 3400000/3841398 (88.5094%)
entry 3401000/3841398 (88.5355%)
entry 3404000/3841398 (88.6136%)
entry 3405000/3841398 (88.6396%)
entry 3406000/3841398 (88.6656%)
entry 3407000/3841398 (88.6917%)
entry 3408000/3841398 (88.7177%)
entry 3409000/3841398 (88.7437%)
entry 3410000/3841398 (88.7698%)
entry 3411000/3841398 (88.7958%)
entry 3414000/3841398 (88.8739%)
entry 3416000/3841398 (88.926%)
entry 3418000/3841398 (88.978%)
entry 3419000/3841398 (89.0041%)
entry 3420000/3841398 (89.0301%)
entry 3422000/3841398 (89.0822%)
entry 3423000/3841398 (89.1082%)
entry 3425000/3841398 (89.1602%)
entry 3426000/3841398 (89.1863%)
entry 3427000/3841398 (89.2123%)
entry 3428000/3841398 (89.2383%)
entry 3429000/3841398 (89.2644%)
entry 3430000/3841398 (89.2904%)
entry 3433000/3841398 (89.3685%)
entry 3435000/3841398 (89.4206%)
entry 3438000/3841398 (89.4987%)
entry 3440000/3841398 (89.5507%)
entry 3441000/3841398 (89.5768%)
entry 3443000/3841398 (89.6288%)
entry 3444000/3841398 (89.6549%)
entry 3445000/3841398 (89.6809%)
entry 3447000/3841398 (89.733%)
entry 3448000/3841398 (89.759%)
entry 3451000/3841398 (89.8371%)
entry 3452000/3841398 (89.8631%)
entry 3453000/3841398 (89.8892%)
entry 3455000/3841398 (89.9412%)
entry 3456000/3841398 (89.9672%)
entry 3457000/3841398 (89.9933%)
entry 3458000/3841398 (90.0193%)
entry 3459000/3841398 (90.0453%)
entry 3461000/3841398 (90.0974%)
entry 3463000/3841398 (90.1495%)
entry 3464000/3841398 (90.1755%)
entry 3465000/3841398 (90.2015%)
entry 3466000/3841398 (90.2276%)
entry 3467000/3841398 (90.2536%)
entry 3468000/3841398 (90.2796%)
entry 3470000/3841398 (90.3317%)
entry 3472000/3841398 (90.3838%)
entry 3473000/3841398 (90.4098%)
entry 3475000/3841398 (90.4619%)
entry 3476000/3841398 (90.4879%)
entry 3477000/3841398 (90.5139%)
entry 3480000/3841398 (90.592%)
entry 3481000/3841398 (90.6181%)
entry 3482000/3841398 (90.6441%)
entry 3483000/3841398 (90.6701%)
entry 3485000/3841398 (90.7222%)
entry 3486000/3841398 (90.7482%)
entry 3487000/3841398 (90.7742%)
entry 3488000/3841398 (90.8003%)
entry 3489000/3841398 (90.8263%)
entry 3490000/3841398 (90.8523%)
entry 3491000/3841398 (90.8784%)
entry 3492000/3841398 (90.9044%)
entry 3493000/3841398 (90.9304%)
entry 3494000/3841398 (90.9565%)
entry 3497000/3841398 (91.0346%)
entry 3498000/3841398 (91.0606%)
entry 3499000/3841398 (91.0866%)
entry 3501000/3841398 (91.1387%)
entry 3503000/3841398 (91.1908%)
entry 3504000/3841398 (91.2168%)
entry 3505000/3841398 (91.2428%)
entry 3507000/3841398 (91.2949%)
entry 3509000/3841398 (91.347%)
entry 3510000/3841398 (91.373%)
entry 3511000/3841398 (91.399%)
entry 3512000/3841398 (91.425%)
entry 3515000/3841398 (91.5031%)
entry 3517000/3841398 (91.5552%)
entry 3520000/3841398 (91.6333%)
entry 3522000/3841398 (91.6854%)
entry 3525000/3841398 (91.7635%)
entry 3526000/3841398 (91.7895%)
entry 3527000/3841398 (91.8155%)
entry 3528000/3841398 (91.8416%)
entry 3529000/3841398 (91.8676%)
entry 3530000/3841398 (91.8936%)
entry 3531000/3841398 (91.9197%)
entry 3532000/3841398 (91.9457%)
entry 3534000/3841398 (91.9978%)
entry 3535000/3841398 (92.0238%)
entry 3536000/3841398 (92.0498%)
entry 3537000/3841398 (92.0759%)
entry 3539000/3841398 (92.1279%)
entry 3545000/3841398 (92.2841%)
entry 3546000/3841398 (92.3101%)
entry 3547000/3841398 (92.3362%)
entry 3548000/3841398 (92.3622%)
entry 3549000/3841398 (92.3882%)
entry 3550000/3841398 (92.4143%)
entry 3551000/3841398 (92.4403%)
entry 3552000/3841398 (92.4663%)
entry 3553000/3841398 (92.4924%)
entry 3557000/3841398 (92.5965%)
entry 3558000/3841398 (92.6225%)
entry 3560000/3841398 (92.6746%)
entry 3561000/3841398 (92.7006%)
entry 3562000/3841398 (92.7267%)
entry 3563000/3841398 (92.7527%)
entry 3564000/3841398 (92.7787%)
entry 3565000/3841398 (92.8048%)
entry 3566000/3841398 (92.8308%)
entry 3568000/3841398 (92.8829%)
entry 3569000/3841398 (92.9089%)
entry 3571000/3841398 (92.9609%)
entry 3572000/3841398 (92.987%)
entry 3574000/3841398 (93.039%)
entry 3577000/3841398 (93.1171%)
entry 3578000/3841398 (93.1432%)
entry 3580000/3841398 (93.1952%)
entry 3582000/3841398 (93.2473%)
entry 3584000/3841398 (93.2994%)
entry 3587000/3841398 (93.3775%)
entry 3589000/3841398 (93.4295%)
entry 3590000/3841398 (93.4556%)
entry 3594000/3841398 (93.5597%)
entry 3596000/3841398 (93.6118%)
entry 3597000/3841398 (93.6378%)
entry 3600000/3841398 (93.7159%)
entry 3602000/3841398 (93.7679%)
entry 3603000/3841398 (93.794%)
entry 3604000/3841398 (93.82%)
entry 3606000/3841398 (93.8721%)
entry 3607000/3841398 (93.8981%)
entry 3608000/3841398 (93.9241%)
entry 3609000/3841398 (93.9502%)
entry 3610000/3841398 (93.9762%)
entry 3611000/3841398 (94.0022%)
entry 3612000/3841398 (94.0283%)
entry 3613000/3841398 (94.0543%)
entry 3614000/3841398 (94.0803%)
entry 3615000/3841398 (94.1064%)
entry 3616000/3841398 (94.1324%)
entry 3618000/3841398 (94.1845%)
entry 3620000/3841398 (94.2365%)
entry 3621000/3841398 (94.2626%)
entry 3622000/3841398 (94.2886%)
entry 3624000/3841398 (94.3407%)
entry 3625000/3841398 (94.3667%)
entry 3626000/3841398 (94.3927%)
entry 3627000/3841398 (94.4188%)
entry 3628000/3841398 (94.4448%)
entry 3629000/3841398 (94.4708%)
entry 3631000/3841398 (94.5229%)
entry 3634000/3841398 (94.601%)
entry 3637000/3841398 (94.6791%)
entry 3638000/3841398 (94.7051%)
entry 3640000/3841398 (94.7572%)
entry 3641000/3841398 (94.7832%)
entry 3642000/3841398 (94.8092%)
entry 3644000/3841398 (94.8613%)
entry 3646000/3841398 (94.9134%)
entry 3649000/3841398 (94.9915%)
entry 3650000/3841398 (95.0175%)
entry 3652000/3841398 (95.0696%)
entry 3653000/3841398 (95.0956%)
entry 3654000/3841398 (95.1216%)
entry 3655000/3841398 (95.1477%)
entry 3656000/3841398 (95.1737%)
entry 3657000/3841398 (95.1997%)
entry 3658000/3841398 (95.2258%)
entry 3659000/3841398 (95.2518%)
entry 3660000/3841398 (95.2778%)
entry 3661000/3841398 (95.3038%)
entry 3662000/3841398 (95.3299%)
entry 3663000/3841398 (95.3559%)
entry 3664000/3841398 (95.3819%)
entry 3665000/3841398 (95.408%)
entry 3666000/3841398 (95.434%)
entry 3667000/3841398 (95.46%)
entry 3669000/3841398 (95.5121%)
entry 3671000/3841398 (95.5642%)
entry 3672000/3841398 (95.5902%)
entry 3673000/3841398 (95.6162%)
entry 3674000/3841398 (95.6423%)
entry 3675000/3841398 (95.6683%)
entry 3678000/3841398 (95.7464%)
entry 3680000/3841398 (95.7985%)
entry 3681000/3841398 (95.8245%)
entry 3682000/3841398 (95.8505%)
entry 3686000/3841398 (95.9547%)
entry 3687000/3841398 (95.9807%)
entry 3689000/3841398 (96.0327%)
entry 3690000/3841398 (96.0588%)
entry 3691000/3841398 (96.0848%)
entry 3692000/3841398 (96.1108%)
entry 3693000/3841398 (96.1369%)
entry 3694000/3841398 (96.1629%)
entry 3695000/3841398 (96.1889%)
entry 3697000/3841398 (96.241%)
entry 3701000/3841398 (96.3451%)
entry 3702000/3841398 (96.3712%)
entry 3704000/3841398 (96.4232%)
entry 3706000/3841398 (96.4753%)
entry 3707000/3841398 (96.5013%)
entry 3708000/3841398 (96.5274%)
entry 3710000/3841398 (96.5794%)
entry 3711000/3841398 (96.6055%)
entry 3712000/3841398 (96.6315%)
entry 3713000/3841398 (96.6575%)
entry 3714000/3841398 (96.6835%)
entry 3715000/3841398 (96.7096%)
entry 3716000/3841398 (96.7356%)
entry 3717000/3841398 (96.7616%)
entry 3718000/3841398 (96.7877%)
entry 3719000/3841398 (96.8137%)
entry 3722000/3841398 (96.8918%)
entry 3723000/3841398 (96.9178%)
entry 3724000/3841398 (96.9439%)
entry 3725000/3841398 (96.9699%)
entry 3726000/3841398 (96.9959%)
entry 3727000/3841398 (97.022%)
entry 3729000/3841398 (97.074%)
entry 3730000/3841398 (97.1001%)
entry 3731000/3841398 (97.1261%)
entry 3732000/3841398 (97.1521%)
entry 3733000/3841398 (97.1782%)
entry 3734000/3841398 (97.2042%)
entry 3735000/3841398 (97.2302%)
entry 3736000/3841398 (97.2563%)
entry 3737000/3841398 (97.2823%)
entry 3739000/3841398 (97.3344%)
entry 3740000/3841398 (97.3604%)
entry 3741000/3841398 (97.3864%)
entry 3742000/3841398 (97.4125%)
entry 3743000/3841398 (97.4385%)
entry 3744000/3841398 (97.4645%)
entry 3746000/3841398 (97.5166%)
entry 3748000/3841398 (97.5686%)
entry 3749000/3841398 (97.5947%)
entry 3751000/3841398 (97.6467%)
entry 3756000/3841398 (97.7769%)
entry 3757000/3841398 (97.8029%)
entry 3759000/3841398 (97.855%)
entry 3760000/3841398 (97.881%)
entry 3761000/3841398 (97.9071%)
entry 3763000/3841398 (97.9591%)
entry 3764000/3841398 (97.9852%)
entry 3765000/3841398 (98.0112%)
entry 3766000/3841398 (98.0372%)
entry 3768000/3841398 (98.0893%)
entry 3769000/3841398 (98.1153%)
entry 3770000/3841398 (98.1414%)
entry 3771000/3841398 (98.1674%)
entry 3772000/3841398 (98.1934%)
entry 3773000/3841398 (98.2194%)
entry 3774000/3841398 (98.2455%)
entry 3775000/3841398 (98.2715%)
entry 3777000/3841398 (98.3236%)
entry 3778000/3841398 (98.3496%)
entry 3779000/3841398 (98.3756%)
entry 3780000/3841398 (98.4017%)
entry 3781000/3841398 (98.4277%)
entry 3782000/3841398 (98.4537%)
entry 3783000/3841398 (98.4798%)
entry 3785000/3841398 (98.5318%)
entry 3788000/3841398 (98.6099%)
entry 3792000/3841398 (98.7141%)
entry 3795000/3841398 (98.7922%)
entry 3800000/3841398 (98.9223%)
entry 3801000/3841398 (98.9484%)
entry 3802000/3841398 (98.9744%)
entry 3803000/3841398 (99.0004%)
entry 3804000/3841398 (99.0264%)
entry 3805000/3841398 (99.0525%)
entry 3806000/3841398 (99.0785%)
entry 3807000/3841398 (99.1045%)
entry 3808000/3841398 (99.1306%)
entry 3810000/3841398 (99.1826%)
entry 3811000/3841398 (99.2087%)
entry 3812000/3841398 (99.2347%)
entry 3815000/3841398 (99.3128%)
entry 3816000/3841398 (99.3388%)
entry 3817000/3841398 (99.3649%)
entry 3819000/3841398 (99.4169%)
entry 3820000/3841398 (99.443%)
entry 3824000/3841398 (99.5471%)
entry 3825000/3841398 (99.5731%)
entry 3826000/3841398 (99.5992%)
entry 3828000/3841398 (99.6512%)
entry 3829000/3841398 (99.6773%)
entry 3830000/3841398 (99.7033%)
entry 3831000/3841398 (99.7293%)
entry 3832000/3841398 (99.7553%)
entry 3834000/3841398 (99.8074%)
entry 3836000/3841398 (99.8595%)
entry 3837000/3841398 (99.8855%)
entry 3839000/3841398 (99.9376%)
entry 3840000/3841398 (99.9636%)
entry 3841000/3841398 (99.9896%)
all done
script done
