sphnx1162.sdcc.bnl.gov
rsyncing from /gpfs/mnt/gpfs02/sphenix/user/samfred/run25/ppg11/histmaking
running: /gpfs/mnt/gpfs02/sphenix/user/samfred/run25/ppg11/histmaking/script_data.sh 52649
LD_LIBRARY_PATH now /sphenix/user/samfred/run25/install//lib:/cvmfs/sphenix.sdcc.bnl.gov/alma9.2-gcc-14.2.0/opt/sphenix/core/gcc/14.2.0-2f0a0/x86_64-el9/lib:/cvmfs/sphenix.sdcc.bnl.gov/alma9.2-gcc-14.2.0/opt/sphenix/core/gcc/14.2.0-2f0a0/x86_64-el9/lib64:/cvmfs/sphenix.sdcc.bnl.gov/alma9.2-gcc-14.2.0/opt/sphenix/core/binutils/2.40-acaab/x86_64-el9/lib:.:/cvmfs/sphenix.sdcc.bnl.gov/alma9.2-gcc-14.2.0/release/release_new/new.10/lib64:/cvmfs/sphenix.sdcc.bnl.gov/alma9.2-gcc-14.2.0/release/release_new/new.10/lib:/cvmfs/sphenix.sdcc.bnl.gov/alma9.2-gcc-14.2.0/opt/sphenix/utils/lib:/cvmfs/sphenix.sdcc.bnl.gov/alma9.2-gcc-14.2.0/opt/sphenix/core/lib:/cvmfs/sphenix.sdcc.bnl.gov/alma9.2-gcc-14.2.0/opt/sphenix/core/root-6.32.06/lib:/cvmfs/sphenix.sdcc.bnl.gov/alma9.2-gcc-14.2.0/opt/sphenix/core/geant4.10.07.p04/lib64:/cvmfs/sphenix.sdcc.bnl.gov/alma9.2-gcc-14.2.0/opt/sphenix/core/lhapdf-5.9.1/lib:/usr/local/lib64:/usr/lib64
PATH now /sphenix/user/samfred/run25/install//bin:/cvmfs/sphenix.sdcc.bnl.gov/alma9.2-gcc-14.2.0/opt/sphenix/core/gcc/14.2.0-2f0a0/x86_64-el9/bin:/cvmfs/sphenix.sdcc.bnl.gov/alma9.2-gcc-14.2.0/opt/sphenix/core/binutils/2.40-acaab/x86_64-el9/bin:.:/cvmfs/sphenix.sdcc.bnl.gov/alma9.2-gcc-14.2.0/release/release_new/new.10/bin:/cvmfs/sphenix.sdcc.bnl.gov/alma9.2-gcc-14.2.0/opt/sphenix/utils/bin:/cvmfs/sphenix.sdcc.bnl.gov/alma9.2-gcc-14.2.0/opt/sphenix/core/bin:/cvmfs/sphenix.sdcc.bnl.gov/alma9.2-gcc-14.2.0/opt/sphenix/core/root-6.32.06/bin:/cvmfs/sphenix.sdcc.bnl.gov/alma9.2-gcc-14.2.0/opt/sphenix/core/geant4.10.07.p04/bin:/usr/local/bin:/usr/bin:/usr/local/sbin:/usr/sbin
SINGULARITY_CACHEDIR=/home/condor/local/sphnx/execute/dir_3477911
_CONDOR_CHIRP_CONFIG=/home/condor/local/sphnx/execute/dir_3477911/.chirp.config
_CONDOR_JOB_IWD=/sphenix/user/samfred/run25/ppg11/histmaking
G4ENSDFSTATEDATA=/cvmfs/sphenix.sdcc.bnl.gov/alma9.2-gcc-14.2.0/opt/sphenix/core/geant4.10.07.p04/share/Geant4-10.7.4/data/G4ENSDFSTATE2.3
_CONDOR_MACHINE_AD=/home/condor/local/sphnx/execute/dir_3477911/.machine.ad
_CONDOR_ANCESTOR_395012=3477911:1759352739:3978920360
ROOT_MAX_THREADS=1
NUMEXPR_NUM_THREADS=1
CUBACORES=1
_CHIRP_DELAYED_UPDATE_PREFIX=Chirp*
OMP_THREAD_LIMIT=1
G4PIIDATA=/cvmfs/sphenix.sdcc.bnl.gov/alma9.2-gcc-14.2.0/opt/sphenix/core/geant4.10.07.p04/share/Geant4-10.7.4/data/G4PII1.3
_CONDOR_ANCESTOR_3477911=3481007:1759352739:3173418269
NO_AT_BRIDGE=1
G4_MAIN=/cvmfs/sphenix.sdcc.bnl.gov/alma9.2-gcc-14.2.0/opt/sphenix/core/geant4.10.07.p04
COMPILER_PATH=/cvmfs/sphenix.sdcc.bnl.gov/alma9.2-gcc-14.2.0/opt/sphenix/core/gcc/14.2.0-2f0a0/x86_64-el9
ROOT_INCLUDE_PATH=./:/sphenix/user/samfred/run25/install//include:/sphenix/user/samfred/run25/install//include/caloana:/sphenix/user/samfred/run25/install//include/qa_centrality:/sphenix/user/samfred/run25/install//include/mbdana:/sphenix/user/samfred/run25/install//include/centrality:/sphenix/user/samfred/run25/install//include/Event:/cvmfs/sphenix.sdcc.bnl.gov/alma9.2-gcc-14.2.0/release/release_new/new.10/include:/cvmfs/sphenix.sdcc.bnl.gov/alma9.2-gcc-14.2.0/release/release_new/new.10/include:/cvmfs/sphenix.sdcc.bnl.gov/alma9.2-gcc-14.2.0/release/release_new/new.10/include/g4mbd:/cvmfs/sphenix.sdcc.bnl.gov/alma9.2-gcc-14.2.0/release/release_new/new.10/include/fmt:/cvmfs/sphenix.sdcc.bnl.gov/alma9.2-gcc-14.2.0/release/release_new/new.10/include/ffarawobjects:/cvmfs/sphenix.sdcc.bnl.gov/alma9.2-gcc-14.2.0/release/release_new/new.10/include/JSON:/cvmfs/sphenix.sdcc.bnl.gov/alma9.2-gcc-14.2.0/release/release_new/new.10/include/calotreegen:/cvmfs/sphenix.sdcc.bnl.gov/alma9.2-gcc-14.2.0/release/release_new/new.10/include/torch:/cvmfs/sphenix.sdcc.bnl.gov/alma9.2-gcc-14.2.0/release/release_new/new.10/include/g4detectors:/cvmfs/sphenix.sdcc.bnl.gov/alma9.2-gcc-14.2.0/release/release_new/new.10/include/kineto:/cvmfs/sphenix.sdcc.bnl.gov/alma9.2-gcc-14.2.0/release/release_new/new.10/include/g4decayer:/cvmfs/sphenix.sdcc.bnl.gov/alma9.2-gcc-14.2.0/release/release_new/new.10/include/kfparticleqa:/cvmfs/sphenix.sdcc.bnl.gov/alma9.2-gcc-14.2.0/release/release_new/new.10/include/phfield:/cvmfs/sphenix.sdcc.bnl.gov/alma9.2-gcc-14.2.0/release/release_new/new.10/include/LHAPDF:/cvmfs/sphenix.sdcc.bnl.gov/alma9.2-gcc-14.2.0/release/release_new/new.10/include/readdigitalcurrents:/cvmfs/sphenix.sdcc.bnl.gov/alma9.2-gcc-14.2.0/release/release_new/new.10/include/c10:/cvmfs/sphenix.sdcc.bnl.gov/alma9.2-gcc-14.2.0/release/release_new/new.10/include/calovalid:/cvmfs/sphenix.sdcc.bnl.gov/alma9.2-gcc-14.2.0/release/release_new/new.10/include/oneapi:/cvmfs/sphenix.sdcc.bnl.gov/alma9.2-gcc-14.2.0/release/release_new/new.10/include/DDCond:/cvmfs/sphenix.sdcc.bnl.gov/alma9.2-gcc-14.2.0/release/release_new/new.10/include/g4tracking:/cvmfs/sphenix.sdcc.bnl.gov/alma9.2-gcc-14.2.0/release/release_new/new.10/include/litecaloeval:/cvmfs/sphenix.sdcc.bnl.gov/alma9.2-gcc-14.2.0/release/release_new/new.10/include/g4intt:/cvmfs/sphenix.sdcc.bnl.gov/alma9.2-gcc-14.2.0/release/release_new/new.10/include/phool:/cvmfs/sphenix.sdcc.bnl.gov/alma9.2-gcc-14.2.0/release/release_new/new.10/include/boost:/cvmfs/sphenix.sdcc.bnl.gov/alma9.2-gcc-14.2.0/release/release_new/new.10/include/Pythia8Plugins:/cvmfs/sphenix.sdcc.bnl.gov/alma9.2-gcc-14.2.0/release/release_new/new.10/include/calib_emc_pi0:/cvmfs/sphenix.sdcc.bnl.gov/alma9.2-gcc-14.2.0/release/release_new/new.10/include/hijingflipafterburner:/cvmfs/sphenix.sdcc.bnl.gov/alma9.2-gcc-14.2.0/release/release_new/new.10/include/ffaobjects:/cvmfs/sphenix.sdcc.bnl.gov/alma9.2-gcc-14.2.0/release/release_new/new.10/include/EvtGenBase:/cvmfs/sphenix.sdcc.bnl.gov/alma9.2-gcc-14.2.0/release/release_new/new.10/include/flowafterburner:/cvmfs/sphenix.sdcc.bnl.gov/alma9.2-gcc-14.2.0/release/release_new/new.10/include/google:/cvmfs/sphenix.sdcc.bnl.gov/alma9.2-gcc-14.2.0/release/release_new/new.10/include/g4tpc:/cvmfs/sphenix.sdcc.bnl.gov/alma9.2-gcc-14.2.0/release/release_new/new.10/include/caffe2:/cvmfs/sphenix.sdcc.bnl.gov/alma9.2-gcc-14.2.0/release/release_new/new.10/include/EvtGenExternal:/cvmfs/sphenix.sdcc.bnl.gov/alma9.2-gcc-14.2.0/release/release_new/new.10/include/fp16:/cvmfs/sphenix.sdcc.bnl.gov/alma9.2-gcc-14.2.0/release/release_new/new.10/include/ffamodules:/cvmfs/sphenix.sdcc.bnl.gov/alma9.2-gcc-14.2.0/release/release_new/new.10/include/uspin:/cvmfs/sphenix.sdcc.bnl.gov/alma9.2-gcc-14.2.0/release/release_new/new.10/include/Herwig:/cvmfs/sphenix.sdcc.bnl.gov/alma9.2-gcc-14.2.0/release/release_new/new.10/include/genfitexp:/cvmfs/sphenix.sdcc.bnl.gov/alma9.2-gcc-14.2.0/release/release_new/new.10/include/XML:/cvmfs/sphenix.sdcc.bnl.gov/alma9.2-gcc-14.2.0/release/release_new/new.10/include/fbgemm:/cvmfs/sphenix.sdcc.bnl.gov/alma9.2-gcc-14.2.0/release/release_new/new.10/include/DDAlign:/cvmfs/sphenix.sdcc.bnl.gov/alma9.2-gcc-14.2.0/release/release_new/new.10/include/g4mvtx:/cvmfs/sphenix.sdcc.bnl.gov/alma9.2-gcc-14.2.0/release/release_new/new.10/include/kfparticle_sphenix:/cvmfs/sphenix.sdcc.bnl.gov/alma9.2-gcc-14.2.0/release/release_new/new.10/include/fun4all:/cvmfs/sphenix.sdcc.bnl.gov/alma9.2-gcc-14.2.0/release/release_new/new.10/include/intt:/cvmfs/sphenix.sdcc.bnl.gov/alma9.2-gcc-14.2.0/release/release_new/new.10/include/eventdisplay:/cvmfs/sphenix.sdcc.bnl.gov/alma9.2-gcc-14.2.0/release/release_new/new.10/include/EvtGen:/cvmfs/sphenix.sdcc.bnl.gov/alma9.2-gcc-14.2.0/release/release_new/new.10/include/Evaluator:/cvmfs/sphenix.sdcc.bnl.gov/alma9.2-gcc-14.2.0/release/release_new/new.10/include/tpc:/cvmfs/sphenix.sdcc.bnl.gov/alma9.2-gcc-14.2.0/release/release_new/new.10/include/GenFit:/cvmfs/sphenix.sdcc.bnl.gov/alma9.2-gcc-14.2.0/release/release_new/new.10/include/prototype4:/cvmfs/sphenix.sdcc.bnl.gov/alma9.2-gcc-14.2.0/release/release_new/new.10/include/caloembedding:/cvmfs/sphenix.sdcc.bnl.gov/alma9.2-gcc-14.2.0/release/release_new/new.10/include/EvtGenModels:/cvmfs/sphenix.sdcc.bnl.gov/alma9.2-gcc-14.2.0/release/release_new/new.10/include/fastjet:/cvmfs/sphenix.sdcc.bnl.gov/alma9.2-gcc-14.2.0/release/release_new/new.10/include/DDG4:/cvmfs/sphenix.sdcc.bnl.gov/alma9.2-gcc-14.2.0/release/release_new/new.10/include/mbd:/cvmfs/sphenix.sdcc.bnl.gov/alma9.2-gcc-14.2.0/release/release_new/new.10/include/tbb:/cvmfs/sphenix.sdcc.bnl.gov/alma9.2-gcc-14.2.0/release/release_new/new.10/include/phgeom:/cvmfs/sphenix.sdcc.bnl.gov/alma9.2-gcc-14.2.0/release/release_new/new.10/include/g4epd:/cvmfs/sphenix.sdcc.bnl.gov/alma9.2-gcc-14.2.0/release/release_new/new.10/include/oncal:/cvmfs/sphenix.sdcc.bnl.gov/alma9.2-gcc-14.2.0/release/release_new/new.10/include/pybind11:/cvmfs/sphenix.sdcc.bnl.gov/alma9.2-gcc-14.2.0/release/release_new/new.10/include/tpcdistgenerator:/cvmfs/sphenix.sdcc.bnl.gov/alma9.2-gcc-14.2.0/release/release_new/new.10/include/cdbobjects:/cvmfs/sphenix.sdcc.bnl.gov/alma9.2-gcc-14.2.0/release/release_new/new.10/include/g4micromegas:/cvmfs/sphenix.sdcc.bnl.gov/alma9.2-gcc-14.2.0/release/release_new/new.10/include/g4eval:/cvmfs/sphenix.sdcc.bnl.gov/alma9.2-gcc-14.2.0/release/release_new/new.10/include/jetbackground:/cvmfs/sphenix.sdcc.bnl.gov/alma9.2-gcc-14.2.0/release/release_new/new.10/include/micromegas:/cvmfs/sphenix.sdcc.bnl.gov/alma9.2-gcc-14.2.0/release/release_new/new.10/include/hftrackefficiency:/cvmfs/sphenix.sdcc.bnl.gov/alma9.2-gcc-14.2.0/release/release_new/new.10/include/inttrawhitqa:/cvmfs/sphenix.sdcc.bnl.gov/alma9.2-gcc-14.2.0/release/release_new/new.10/include/centrality:/cvmfs/sphenix.sdcc.bnl.gov/alma9.2-gcc-14.2.0/release/release_new/new.10/include/epd:/cvmfs/sphenix.sdcc.bnl.gov/alma9.2-gcc-14.2.0/release/release_new/new.10/include/caloreco:/cvmfs/sphenix.sdcc.bnl.gov/alma9.2-gcc-14.2.0/release/release_new/new.10/include/HepMC:/cvmfs/sphenix.sdcc.bnl.gov/alma9.2-gcc-14.2.0/release/release_new/new.10/include/CLHEP:/cvmfs/sphenix.sdcc.bnl.gov/alma9.2-gcc-14.2.0/release/release_new/new.10/include/Acts:/cvmfs/sphenix.sdcc.bnl.gov/alma9.2-gcc-14.2.0/release/release_new/new.10/include/g4histos:/cvmfs/sphenix.sdcc.bnl.gov/alma9.2-gcc-14.2.0/release/release_new/new.10/include/eventplaneinfo:/cvmfs/sphenix.sdcc.bnl.gov/alma9.2-gcc-14.2.0/release/release_new/new.10/include/fillspacechargemaps:/cvmfs/sphenix.sdcc.bnl.gov/alma9.2-gcc-14.2.0/release/release_new/new.10/include/phhepmc:/cvmfs/sphenix.sdcc.bnl.gov/alma9.2-gcc-14.2.0/release/release_new/new.10/include/trackingqa:/cvmfs/sphenix.sdcc.bnl.gov/alma9.2-gcc-14.2.0/release/release_new/new.10/include/qautils:/cvmfs/sphenix.sdcc.bnl.gov/alma9.2-gcc-14.2.0/release/release_new/new.10/include/trackreco:/cvmfs/sphenix.sdcc.bnl.gov/alma9.2-gcc-14.2.0/release/release_new/new.10/include/g4ohcal:/cvmfs/sphenix.sdcc.bnl.gov/alma9.2-gcc-14.2.0/release/release_new/new.10/include/tpcdvcalib:/cvmfs/sphenix.sdcc.bnl.gov/alma9.2-gcc-14.2.0/release/release_new/new.10/include/zdcinfo:/cvmfs/sphenix.sdcc.bnl.gov/alma9.2-gcc-14.2.0/release/release_new/new.10/include/phpythia8:/cvmfs/sphenix.sdcc.bnl.gov/alma9.2-gcc-14.2.0/release/release_new/new.10/include/fun4allutils:/cvmfs/sphenix.sdcc.bnl.gov/alma9.2-gcc-14.2.0/release/release_new/new.10/include/tpcqa:/cvmfs/sphenix.sdcc.bnl.gov/alma9.2-gcc-14.2.0/release/release_new/new.10/include/Pythia8:/cvmfs/sphenix.sdcc.bnl.gov/alma9.2-gcc-14.2.0/release/release_new/new.10/include/DDRec:/cvmfs/sphenix.sdcc.bnl.gov/alma9.2-gcc-14.2.0/release/release_new/new.10/include/DDDigi:/cvmfs/sphenix.sdcc.bnl.gov/alma9.2-gcc-14.2.0/release/release_new/new.10/include/g4ihcal:/cvmfs/sphenix.sdcc.bnl.gov/alma9.2-gcc-14.2.0/release/release_new/new.10/include/frog:/cvmfs/sphenix.sdcc.bnl.gov/alma9.2-gcc-14.2.0/release/release_new/new.10/include/eigen3:/cvmfs/sphenix.sdcc.bnl.gov/alma9.2-gcc-14.2.0/release/release_new/new.10/include/tensorpipe:/cvmfs/sphenix.sdcc.bnl.gov/alma9.2-gcc-14.2.0/release/release_new/new.10/include/sphenixnpc:/cvmfs/sphenix.sdcc.bnl.gov/alma9.2-gcc-14.2.0/release/release_new/new.10/include/siscone:/cvmfs/sphenix.sdcc.bnl.gov/alma9.2-gcc-14.2.0/release/release_new/new.10/include/pmonitor:/cvmfs/sphenix.sdcc.bnl.gov/alma9.2-gcc-14.2.0/release/release_new/new.10/include/calobase:/cvmfs/sphenix.sdcc.bnl.gov/alma9.2-gcc-14.2.0/release/release_new/new.10/include/ActsExamples:/cvmfs/sphenix.sdcc.bnl.gov/alma9.2-gcc-14.2.0/release/release_new/new.10/include/g4gdml:/cvmfs/sphenix.sdcc.bnl.gov/alma9.2-gcc-14.2.0/release/release_new/new.10/include/mvtx_decoder:/cvmfs/sphenix.sdcc.bnl.gov/alma9.2-gcc-14.2.0/release/release_new/new.10/include/ROOT:/cvmfs/sphenix.sdcc.bnl.gov/alma9.2-gcc-14.2.0/release/release_new/new.10/include/phparameter:/cvmfs/sphenix.sdcc.bnl.gov/alma9.2-gcc-14.2.0/release/release_new/new.10/include/rsa:/cvmfs/sphenix.sdcc.bnl.gov/alma9.2-gcc-14.2.0/release/release_new/new.10/include/fun4allraw:/cvmfs/sphenix.sdcc.bnl.gov/alma9.2-gcc-14.2.0/release/release_new/new.10/include/trackbase_historic:/cvmfs/sphenix.sdcc.bnl.gov/alma9.2-gcc-14.2.0/release/release_new/new.10/include/g4jets:/cvmfs/sphenix.sdcc.bnl.gov/alma9.2-gcc-14.2.0/release/release_new/new.10/include/jetqa:/cvmfs/sphenix.sdcc.bnl.gov/alma9.2-gcc-14.2.0/release/release_new/new.10/include/phoolraw:/cvmfs/sphenix.sdcc.bnl.gov/alma9.2-gcc-14.2.0/release/release_new/new.10/include/g4calo:/cvmfs/sphenix.sdcc.bnl.gov/alma9.2-gcc-14.2.0/release/release_new/new.10/include/mvtxrawhitqa:/cvmfs/sphenix.sdcc.bnl.gov/alma9.2-gcc-14.2.0/release/release_new/new.10/include/HepMC3:/cvmfs/sphenix.sdcc.bnl.gov/alma9.2-gcc-14.2.0/release/release_new/new.10/include/calowaveformsim:/cvmfs/sphenix.sdcc.bnl.gov/alma9.2-gcc-14.2.0/release/release_new/new.10/include/g4caloprototype:/cvmfs/sphenix.sdcc.bnl.gov/alma9.2-gcc-14.2.0/release/release_new/new.10/include/pdbcalbase:/cvmfs/sphenix.sdcc.bnl.gov/alma9.2-gcc-14.2.0/release/release_new/new.10/include/gsl:/cvmfs/sphenix.sdcc.bnl.gov/alma9.2-gcc-14.2.0/release/release_new/new.10/include/nodedump:/cvmfs/sphenix.sdcc.bnl.gov/alma9.2-gcc-14.2.0/release/release_new/new.10/include/emcnoisytowerfinder:/cvmfs/sphenix.sdcc.bnl.gov/alma9.2-gcc-14.2.0/release/release_new/new.10/include/ActsFatras:/cvmfs/sphenix.sdcc.bnl.gov/alma9.2-gcc-14.2.0/release/release_new/new.10/include/ffarawmodules:/cvmfs/sphenix.sdcc.bnl.gov/alma9.2-gcc-14.2.0/release/release_new/new.10/include/Event:/cvmfs/sphenix.sdcc.bnl.gov/alma9.2-gcc-14.2.0/release/release_new/new.10/include/prototype3:/cvmfs/sphenix.sdcc.bnl.gov/alma9.2-gcc-14.2.0/release/release_new/new.10/include/fermimotionafterburner:/cvmfs/sphenix.sdcc.bnl.gov/alma9.2-gcc-14.2.0/release/release_new/new.10/include/Photos:/cvmfs/sphenix.sdcc.bnl.gov/alma9.2-gcc-14.2.0/release/release_new/new.10/include/xingshiftcal:/cvmfs/sphenix.sdcc.bnl.gov/alma9.2-gcc-14.2.0/release/release_new/new.10/include/trackbase:/cvmfs/sphenix.sdcc.bnl.gov/alma9.2-gcc-14.2.0/release/release_new/new.10/include/jetdstskimmer:/cvmfs/sphenix.sdcc.bnl.gov/alma9.2-gcc-14.2.0/release/release_new/new.10/include/clusteriso:/cvmfs/sphenix.sdcc.bnl.gov/alma9.2-gcc-14.2.0/release/release_new/new.10/include/asmjit:/cvmfs/sphenix.sdcc.bnl.gov/alma9.2-gcc-14.2.0/release/release_new/new.10/include/particleflowreco:/cvmfs/sphenix.sdcc.bnl.gov/alma9.2-gcc-14.2.0/release/release_new/new.10/include/tpchittrackdisplay:/cvmfs/sphenix.sdcc.bnl.gov/alma9.2-gcc-14.2.0/release/release_new/new.10/include/caloana:/cvmfs/sphenix.sdcc.bnl.gov/alma9.2-gcc-14.2.0/release/release_new/new.10/include/calotrigger:/cvmfs/sphenix.sdcc.bnl.gov/alma9.2-gcc-14.2.0/release/release_new/new.10/include/nopayloadclient:/cvmfs/sphenix.sdcc.bnl.gov/alma9.2-gcc-14.2.0/release/release_new/new.10/include/trackermillepedealignment:/cvmfs/sphenix.sdcc.bnl.gov/alma9.2-gcc-14.2.0/release/release_new/new.10/include/DD4hep:/cvmfs/sphenix.sdcc.bnl.gov/alma9.2-gcc-14.2.0/release/release_new/new.10/include/g4trackfastsim:/cvmfs/sphenix.sdcc.bnl.gov/alma9.2-gcc-14.2.0/release/release_new/new.10/include/prototype2:/cvmfs/sphenix.sdcc.bnl.gov/alma9.2-gcc-14.2.0/release/release_new/new.10/include/ATen:/cvmfs/sphenix.sdcc.bnl.gov/alma9.2-gcc-14.2.0/release/release_new/new.10/include/g4main:/cvmfs/sphenix.sdcc.bnl.gov/alma9.2-gcc-14.2.0/release/release_new/new.10/include/Tauola:/cvmfs/sphenix.sdcc.bnl.gov/alma9.2-gcc-14.2.0/release/release_new/new.10/include/inttcalib:/cvmfs/sphenix.sdcc.bnl.gov/alma9.2-gcc-14.2.0/release/release_new/new.10/include/reactionplaneafterburner:/cvmfs/sphenix.sdcc.bnl.gov/alma9.2-gcc-14.2.0/release/release_new/new.10/include/globalqa:/cvmfs/sphenix.sdcc.bnl.gov/alma9.2-gcc-14.2.0/release/release_new/new.10/include/tpccalib:/cvmfs/sphenix.sdcc.bnl.gov/alma9.2-gcc-14.2.0/release/release_new/new.10/include/DDSegmentation:/cvmfs/sphenix.sdcc.bnl.gov/alma9.2-gcc-14.2.0/release/release_new/new.10/include/decayfinder:/cvmfs/sphenix.sdcc.bnl.gov/alma9.2-gcc-14.2.0/release/release_new/new.10/include/compressclus:/cvmfs/sphenix.sdcc.bnl.gov/alma9.2-gcc-14.2.0/release/release_new/new.10/include/simqa_modules:/cvmfs/sphenix.sdcc.bnl.gov/alma9.2-gcc-14.2.0/release/release_new/new.10/include/resonancejettagging:/cvmfs/sphenix.sdcc.bnl.gov/alma9.2-gcc-14.2.0/release/release_new/new.10/include/g4centrality:/cvmfs/sphenix.sdcc.bnl.gov/alma9.2-gcc-14.2.0/release/release_new/new.10/include/mvtx:/cvmfs/sphenix.sdcc.bnl.gov/alma9.2-gcc-14.2.0/release/release_new/new.10/include/nlohmann:/cvmfs/sphenix.sdcc.bnl.gov/alma9.2-gcc-14.2.0/release/release_new/new.10/include/localpoloffmon:/cvmfs/sphenix.sdcc.bnl.gov/alma9.2-gcc-14.2.0/release/release_new/new.10/include/DDEve:/cvmfs/sphenix.sdcc.bnl.gov/alma9.2-gcc-14.2.0/release/release_new/new.10/include/Parsers:/cvmfs/sphenix.sdcc.bnl.gov/alma9.2-gcc-14.2.0/release/release_new/new.10/include/trackingdiagnostics:/cvmfs/sphenix.sdcc.bnl.gov/alma9.2-gcc-14.2.0/release/release_new/new.10/include/g4vertex:/cvmfs/sphenix.sdcc.bnl.gov/alma9.2-gcc-14.2.0/release/release_new/new.10/include/jetbase:/cvmfs/sphenix.sdcc.bnl.gov/alma9.2-gcc-14.2.0/release/release_new/new.10/include/globalvertex:/cvmfs/sphenix.sdcc.bnl.gov/alma9.2-gcc-14.2.0/release/release_new/new.10/include/phgenfit:/cvmfs/sphenix.sdcc.bnl.gov/alma9.2-gcc-14.2.0/release/release_new/new.10/include/rawbcolumi:/cvmfs/sphenix.sdcc.bnl.gov/alma9.2-gcc-14.2.0/release/release_new/new.10/include/eicsmear:/cvmfs/sphenix.sdcc.bnl.gov/alma9.2-gcc-14.2.0/release/release_new/new.10/include/mvtxcalib:/cvmfs/sphenix.sdcc.bnl.gov/alma9.2-gcc-14.2.0/release/release_new/new.10/include/tpclinelaserdiode:/cvmfs/sphenix.sdcc.bnl.gov/alma9.2-gcc-14.2.0/release/release_new/new.10/include/hepmcjettrigger:/cvmfs/sphenix.sdcc.bnl.gov/alma9.2-gcc-14.2.0/release/release_new/new.10/include/core:/cvmfs/sphenix.sdcc.bnl.gov/alma9.2-gcc-14.2.0/release/release_new/new.10/include/calo_cdb:/cvmfs/sphenix.sdcc.bnl.gov/alma9.2-gcc-14.2.0/release/release_new/new.10/include/mvtxclustershapesqa:/cvmfs/sphenix.sdcc.bnl.gov/alma9.2-gcc-14.2.0/release/release_new/new.10/include/calopacketskimmer:/cvmfs/sphenix.sdcc.bnl.gov/alma9.2-gcc-14.2.0/opt/sphenix/core/geant4.10.07.p04/include:/cvmfs/sphenix.sdcc.bnl.gov/alma9.2-gcc-14.2.0/release/release_new/new.10/rootmacros:/cvmfs/sphenix.sdcc.bnl.gov/alma9.2-gcc-14.2.0/opt/sphenix/core/include
GSEARCHPATH=.:PG:LUSTRE:RAWDATA
PWD=/gpfs/mnt/gpfs02/sphenix/user/samfred/run25/ppg11/histmaking
LOGNAME=samfred
_CONDOR_JOB_AD=/home/condor/local/sphnx/execute/dir_3477911/.job.ad
MANPATH=/cvmfs/sphenix.sdcc.bnl.gov/alma9.2-gcc-14.2.0/opt/sphenix/core/gcc/14.2.0-2f0a0/x86_64-el9/share/man:/cvmfs/sphenix.sdcc.bnl.gov/alma9.2-gcc-14.2.0/opt/sphenix/core/binutils/2.40-acaab/x86_64-el9/share/man:/cvmfs/sphenix.sdcc.bnl.gov/alma9.2-gcc-14.2.0/release/release_new/new.10/share/man:/cvmfs/sphenix.sdcc.bnl.gov/alma9.2-gcc-14.2.0/opt/sphenix/utils/share/man:/cvmfs/sphenix.sdcc.bnl.gov/alma9.2-gcc-14.2.0/opt/sphenix/core/share/man:/cvmfs/sphenix.sdcc.bnl.gov/alma9.2-gcc-14.2.0/opt/sphenix/core/root-6.32.06/man:/usr/local/share/man:/usr/share/man
PYTHIA8=/cvmfs/sphenix.sdcc.bnl.gov/alma9.2-gcc-14.2.0/release/release_new/new.10/share/Pythia8
G4INCLDATA=/cvmfs/sphenix.sdcc.bnl.gov/alma9.2-gcc-14.2.0/opt/sphenix/core/geant4.10.07.p04/share/Geant4-10.7.4/data/G4INCL1.0
ORIG_PATH=/usr/local/bin:/usr/bin
CXX=/cvmfs/sphenix.sdcc.bnl.gov/alma9.2-gcc-14.2.0/opt/sphenix/core/gcc/14.2.0-2f0a0/x86_64-el9/bin/g++
G4LEDATA=/cvmfs/sphenix.sdcc.bnl.gov/alma9.2-gcc-14.2.0/opt/sphenix/core/geant4.10.07.p04/share/Geant4-10.7.4/data/G4EMLOW7.13
PYTHON_CPU_COUNT=1
OPENBLAS_NUM_THREADS=1
_CONDOR_BIN=/usr/bin
HOME=/sphenix/u/samfred
G4PARTICLEXSDATA=/cvmfs/sphenix.sdcc.bnl.gov/alma9.2-gcc-14.2.0/opt/sphenix/core/geant4.10.07.p04/share/Geant4-10.7.4/data/G4PARTICLEXS3.1.1
ONLINE_MAIN=/cvmfs/sphenix.sdcc.bnl.gov/alma9.2-gcc-14.2.0/release/release_new/new.10
CALIBRATIONROOT=/cvmfs/sphenix.sdcc.bnl.gov/alma9.2-gcc-14.2.0/release/release_new/new.10/share/calibrations
TMPDIR=/tmp
_CONDOR_SCRATCH_DIR=/home/condor/local/sphnx/execute/dir_3477911
PGUSER=phnxrc
NOPAYLOADCLIENT_CONF=/cvmfs/sphenix.sdcc.bnl.gov/alma9.2-gcc-14.2.0/opt/sphenix/core/etc/sPHENIX_newcdb.json
XERCESCROOT=/cvmfs/sphenix.sdcc.bnl.gov/alma9.2-gcc-14.2.0/opt/sphenix/core/geant4.10.07.p04
LHAPATH=/cvmfs/sphenix.sdcc.bnl.gov/alma9.2-gcc-14.2.0/opt/sphenix/core/lhapdf-5.9.1/share/lhapdf/PDFsets
G4NEUTRONHPDATA=/cvmfs/sphenix.sdcc.bnl.gov/alma9.2-gcc-14.2.0/opt/sphenix/core/geant4.10.07.p04/share/Geant4-10.7.4/data/G4NDL4.6
PYTHONPATH=.:/cvmfs/sphenix.sdcc.bnl.gov/alma9.2-gcc-14.2.0/release/release_new/new.10/lib/python3.13/site-packages:/cvmfs/sphenix.sdcc.bnl.gov/alma9.2-gcc-14.2.0/opt/sphenix/core/lib/python3.13/site-packages:/cvmfs/sphenix.sdcc.bnl.gov/alma9.2-gcc-14.2.0/opt/sphenix/core/root-6.32.06/lib
USER=samfred
_CONDOR_JOB_PIDS=
TEMP=/tmp
GOMAXPROCS=1
OFFLINE_MAIN=/cvmfs/sphenix.sdcc.bnl.gov/alma9.2-gcc-14.2.0/release/release_new/new.10
SHLVL=1
TF_NUM_THREADS=1
G4SAIDXSDATA=/cvmfs/sphenix.sdcc.bnl.gov/alma9.2-gcc-14.2.0/opt/sphenix/core/geant4.10.07.p04/share/Geant4-10.7.4/data/G4SAIDDATA2.0
APPTAINER_CACHEDIR=/home/condor/local/sphnx/execute/dir_3477911
ROOTSYS=/cvmfs/sphenix.sdcc.bnl.gov/alma9.2-gcc-14.2.0/opt/sphenix/core/root-6.32.06
BATCH_SYSTEM=HTCondor
_CONDOR_SLOT=slot1_65
LD_LIBRARY_PATH=/sphenix/user/samfred/run25/install//lib:/cvmfs/sphenix.sdcc.bnl.gov/alma9.2-gcc-14.2.0/opt/sphenix/core/gcc/14.2.0-2f0a0/x86_64-el9/lib:/cvmfs/sphenix.sdcc.bnl.gov/alma9.2-gcc-14.2.0/opt/sphenix/core/gcc/14.2.0-2f0a0/x86_64-el9/lib64:/cvmfs/sphenix.sdcc.bnl.gov/alma9.2-gcc-14.2.0/opt/sphenix/core/binutils/2.40-acaab/x86_64-el9/lib:.:/cvmfs/sphenix.sdcc.bnl.gov/alma9.2-gcc-14.2.0/release/release_new/new.10/lib64:/cvmfs/sphenix.sdcc.bnl.gov/alma9.2-gcc-14.2.0/release/release_new/new.10/lib:/cvmfs/sphenix.sdcc.bnl.gov/alma9.2-gcc-14.2.0/opt/sphenix/utils/lib:/cvmfs/sphenix.sdcc.bnl.gov/alma9.2-gcc-14.2.0/opt/sphenix/core/lib:/cvmfs/sphenix.sdcc.bnl.gov/alma9.2-gcc-14.2.0/opt/sphenix/core/root-6.32.06/lib:/cvmfs/sphenix.sdcc.bnl.gov/alma9.2-gcc-14.2.0/opt/sphenix/core/geant4.10.07.p04/lib64:/cvmfs/sphenix.sdcc.bnl.gov/alma9.2-gcc-14.2.0/opt/sphenix/core/lhapdf-5.9.1/lib:/usr/local/lib64:/usr/lib64
OPT_SPHENIX=/cvmfs/sphenix.sdcc.bnl.gov/alma9.2-gcc-14.2.0/opt/sphenix/core
TF_LOOP_PARALLEL_ITERATIONS=1
_CONDOR_ANCESTOR_394977=395012:1756523325:3172974594
EVT_LIB=/cvmfs/sphenix.sdcc.bnl.gov/alma9.2-gcc-14.2.0/opt/sphenix/core/root-6.32.06/lib
PGHOST=sphnxdbmaster.sdcc.bnl.gov
OMP_NUM_THREADS=1
G4REALSURFACEDATA=/cvmfs/sphenix.sdcc.bnl.gov/alma9.2-gcc-14.2.0/opt/sphenix/core/geant4.10.07.p04/share/Geant4-10.7.4/data/RealSurface2.2
FC=/cvmfs/sphenix.sdcc.bnl.gov/alma9.2-gcc-14.2.0/opt/sphenix/core/gcc/14.2.0-2f0a0/x86_64-el9/bin/gfortran
G4ABLADATA=/cvmfs/sphenix.sdcc.bnl.gov/alma9.2-gcc-14.2.0/opt/sphenix/core/geant4.10.07.p04/share/Geant4-10.7.4/data/G4ABLA3.1
PARASOFT=doesnotexist
TMP=/tmp
OPT_UTILS=/cvmfs/sphenix.sdcc.bnl.gov/alma9.2-gcc-14.2.0/opt/sphenix/utils
CONFIG_SITE=/cvmfs/sphenix.sdcc.bnl.gov/alma9.2-gcc-14.2.0/opt/sphenix/core/etc/config.site
PATH=/sphenix/user/samfred/run25/install//bin:/cvmfs/sphenix.sdcc.bnl.gov/alma9.2-gcc-14.2.0/opt/sphenix/core/gcc/14.2.0-2f0a0/x86_64-el9/bin:/cvmfs/sphenix.sdcc.bnl.gov/alma9.2-gcc-14.2.0/opt/sphenix/core/binutils/2.40-acaab/x86_64-el9/bin:.:/cvmfs/sphenix.sdcc.bnl.gov/alma9.2-gcc-14.2.0/release/release_new/new.10/bin:/cvmfs/sphenix.sdcc.bnl.gov/alma9.2-gcc-14.2.0/opt/sphenix/utils/bin:/cvmfs/sphenix.sdcc.bnl.gov/alma9.2-gcc-14.2.0/opt/sphenix/core/bin:/cvmfs/sphenix.sdcc.bnl.gov/alma9.2-gcc-14.2.0/opt/sphenix/core/root-6.32.06/bin:/cvmfs/sphenix.sdcc.bnl.gov/alma9.2-gcc-14.2.0/opt/sphenix/core/geant4.10.07.p04/bin:/usr/local/bin:/usr/bin:/usr/local/sbin:/usr/sbin
G4LEVELGAMMADATA=/cvmfs/sphenix.sdcc.bnl.gov/alma9.2-gcc-14.2.0/opt/sphenix/core/geant4.10.07.p04/share/Geant4-10.7.4/data/PhotonEvaporation5.7
CC=/cvmfs/sphenix.sdcc.bnl.gov/alma9.2-gcc-14.2.0/opt/sphenix/core/gcc/14.2.0-2f0a0/x86_64-el9/bin/gcc
G4RADIOACTIVEDATA=/cvmfs/sphenix.sdcc.bnl.gov/alma9.2-gcc-14.2.0/opt/sphenix/core/geant4.10.07.p04/share/Geant4-10.7.4/data/RadioactiveDecay5.6
JULIA_NUM_THREADS=1
MKL_NUM_THREADS=1
LHAPDF_DATA_PATH=/cvmfs/sphenix.sdcc.bnl.gov/alma9.2-gcc-14.2.0/release/release_new/new.10/share/LHAPDF
XPLOAD_CONFIG_DIR=/cvmfs/sphenix.sdcc.bnl.gov/alma9.2-gcc-14.2.0/opt/sphenix/core/etc
OLDPWD=/cvmfs/sphenix.sdcc.bnl.gov/alma9.2-gcc-14.2.0/release/release_new/new.10/geant4
_=/usr/bin/printenv
runnumber...
52649
trigger...

   ------------------------------------------------------------------
  | Welcome to ROOT 6.32.06                        https://root.cern |
  | (c) 1995-2024, The ROOT Team; conception: R. Brun, F. Rademakers |
  | Built for linuxx8664gcc on Dec 13 2024, 17:23:48                 |
  | From tags/6-32-06@6-32-06                                        |
  | With g++ (GCC) 14.2.0                                            |
  | Try '.help'/'.?', '.demo', '.license', '.credits', '.quit'/'.q'  |
   ------------------------------------------------------------------


Processing data_histmaker.C(52649)...
entry 0/6485101 (0%)
entry 1000/6485101 (0.01542%)
entry 2000/6485101 (0.0308399%)
entry 6000/6485101 (0.0925198%)
entry 9000/6485101 (0.13878%)
entry 11000/6485101 (0.16962%)
entry 12000/6485101 (0.18504%)
entry 13000/6485101 (0.200459%)
entry 16000/6485101 (0.246719%)
entry 17000/6485101 (0.262139%)
entry 18000/6485101 (0.277559%)
entry 20000/6485101 (0.308399%)
entry 21000/6485101 (0.323819%)
entry 22000/6485101 (0.339239%)
entry 23000/6485101 (0.354659%)
entry 24000/6485101 (0.370079%)
entry 25000/6485101 (0.385499%)
entry 26000/6485101 (0.400919%)
entry 28000/6485101 (0.431759%)
entry 29000/6485101 (0.447179%)
entry 30000/6485101 (0.462599%)
entry 32000/6485101 (0.493439%)
entry 33000/6485101 (0.508859%)
entry 35000/6485101 (0.539699%)
entry 36000/6485101 (0.555119%)
entry 37000/6485101 (0.570539%)
entry 38000/6485101 (0.585959%)
entry 39000/6485101 (0.601378%)
entry 40000/6485101 (0.616798%)
entry 42000/6485101 (0.647638%)
entry 43000/6485101 (0.663058%)
entry 44000/6485101 (0.678478%)
entry 45000/6485101 (0.693898%)
entry 48000/6485101 (0.740158%)
entry 49000/6485101 (0.755578%)
entry 50000/6485101 (0.770998%)
entry 51000/6485101 (0.786418%)
entry 52000/6485101 (0.801838%)
entry 53000/6485101 (0.817258%)
entry 54000/6485101 (0.832678%)
entry 57000/6485101 (0.878938%)
entry 58000/6485101 (0.894358%)
entry 59000/6485101 (0.909778%)
entry 63000/6485101 (0.971457%)
entry 64000/6485101 (0.986877%)
entry 67000/6485101 (1.03314%)
entry 69000/6485101 (1.06398%)
entry 70000/6485101 (1.0794%)
entry 71000/6485101 (1.09482%)
entry 72000/6485101 (1.11024%)
entry 74000/6485101 (1.14108%)
entry 76000/6485101 (1.17192%)
entry 77000/6485101 (1.18734%)
entry 78000/6485101 (1.20276%)
entry 79000/6485101 (1.21818%)
entry 80000/6485101 (1.2336%)
entry 82000/6485101 (1.26444%)
entry 84000/6485101 (1.29528%)
entry 85000/6485101 (1.3107%)
entry 86000/6485101 (1.32612%)
entry 87000/6485101 (1.34154%)
entry 88000/6485101 (1.35696%)
entry 89000/6485101 (1.37238%)
entry 90000/6485101 (1.3878%)
entry 91000/6485101 (1.40322%)
entry 92000/6485101 (1.41864%)
entry 93000/6485101 (1.43406%)
entry 94000/6485101 (1.44948%)
entry 95000/6485101 (1.4649%)
entry 96000/6485101 (1.48032%)
entry 98000/6485101 (1.51116%)
entry 99000/6485101 (1.52658%)
entry 100000/6485101 (1.542%)
entry 101000/6485101 (1.55742%)
entry 102000/6485101 (1.57284%)
entry 103000/6485101 (1.58826%)
entry 104000/6485101 (1.60368%)
entry 105000/6485101 (1.6191%)
entry 106000/6485101 (1.63452%)
entry 108000/6485101 (1.66536%)
entry 110000/6485101 (1.6962%)
entry 111000/6485101 (1.71162%)
entry 112000/6485101 (1.72704%)
entry 114000/6485101 (1.75788%)
entry 116000/6485101 (1.78872%)
entry 117000/6485101 (1.80414%)
entry 118000/6485101 (1.81956%)
entry 119000/6485101 (1.83498%)
entry 120000/6485101 (1.8504%)
entry 122000/6485101 (1.88124%)
entry 123000/6485101 (1.89666%)
entry 124000/6485101 (1.91208%)
entry 126000/6485101 (1.94291%)
entry 128000/6485101 (1.97375%)
entry 129000/6485101 (1.98917%)
entry 130000/6485101 (2.00459%)
entry 131000/6485101 (2.02001%)
entry 133000/6485101 (2.05085%)
entry 134000/6485101 (2.06627%)
entry 136000/6485101 (2.09711%)
entry 137000/6485101 (2.11253%)
entry 138000/6485101 (2.12795%)
entry 139000/6485101 (2.14337%)
entry 140000/6485101 (2.15879%)
entry 141000/6485101 (2.17421%)
entry 142000/6485101 (2.18963%)
entry 143000/6485101 (2.20505%)
entry 144000/6485101 (2.22047%)
entry 145000/6485101 (2.23589%)
entry 146000/6485101 (2.25131%)
entry 147000/6485101 (2.26673%)
entry 148000/6485101 (2.28215%)
entry 149000/6485101 (2.29757%)
entry 150000/6485101 (2.31299%)
entry 151000/6485101 (2.32841%)
entry 154000/6485101 (2.37467%)
entry 155000/6485101 (2.39009%)
entry 157000/6485101 (2.42093%)
entry 158000/6485101 (2.43635%)
entry 160000/6485101 (2.46719%)
entry 161000/6485101 (2.48261%)
entry 162000/6485101 (2.49803%)
entry 165000/6485101 (2.54429%)
entry 166000/6485101 (2.55971%)
entry 167000/6485101 (2.57513%)
entry 168000/6485101 (2.59055%)
entry 169000/6485101 (2.60597%)
entry 170000/6485101 (2.62139%)
entry 171000/6485101 (2.63681%)
entry 173000/6485101 (2.66765%)
entry 174000/6485101 (2.68307%)
entry 176000/6485101 (2.71391%)
entry 177000/6485101 (2.72933%)
entry 178000/6485101 (2.74475%)
entry 179000/6485101 (2.76017%)
entry 180000/6485101 (2.77559%)
entry 181000/6485101 (2.79101%)
entry 183000/6485101 (2.82185%)
entry 184000/6485101 (2.83727%)
entry 185000/6485101 (2.85269%)
entry 186000/6485101 (2.86811%)
entry 187000/6485101 (2.88353%)
entry 189000/6485101 (2.91437%)
entry 190000/6485101 (2.92979%)
entry 191000/6485101 (2.94521%)
entry 192000/6485101 (2.96063%)
entry 193000/6485101 (2.97605%)
entry 194000/6485101 (2.99147%)
entry 195000/6485101 (3.00689%)
entry 196000/6485101 (3.02231%)
entry 198000/6485101 (3.05315%)
entry 199000/6485101 (3.06857%)
entry 200000/6485101 (3.08399%)
entry 201000/6485101 (3.09941%)
entry 202000/6485101 (3.11483%)
entry 203000/6485101 (3.13025%)
entry 204000/6485101 (3.14567%)
entry 206000/6485101 (3.17651%)
entry 207000/6485101 (3.19193%)
entry 208000/6485101 (3.20735%)
entry 209000/6485101 (3.22277%)
entry 210000/6485101 (3.23819%)
entry 211000/6485101 (3.25361%)
entry 216000/6485101 (3.33071%)
entry 217000/6485101 (3.34613%)
entry 218000/6485101 (3.36155%)
entry 219000/6485101 (3.37697%)
entry 220000/6485101 (3.39239%)
entry 221000/6485101 (3.40781%)
entry 222000/6485101 (3.42323%)
entry 223000/6485101 (3.43865%)
entry 224000/6485101 (3.45407%)
entry 225000/6485101 (3.46949%)
entry 226000/6485101 (3.48491%)
entry 229000/6485101 (3.53117%)
entry 230000/6485101 (3.54659%)
entry 231000/6485101 (3.56201%)
entry 232000/6485101 (3.57743%)
entry 234000/6485101 (3.60827%)
entry 235000/6485101 (3.62369%)
entry 236000/6485101 (3.63911%)
entry 237000/6485101 (3.65453%)
entry 238000/6485101 (3.66995%)
entry 239000/6485101 (3.68537%)
entry 240000/6485101 (3.70079%)
entry 241000/6485101 (3.71621%)
entry 242000/6485101 (3.73163%)
entry 243000/6485101 (3.74705%)
entry 244000/6485101 (3.76247%)
entry 246000/6485101 (3.79331%)
entry 247000/6485101 (3.80873%)
entry 248000/6485101 (3.82415%)
entry 251000/6485101 (3.87041%)
entry 252000/6485101 (3.88583%)
entry 253000/6485101 (3.90125%)
entry 254000/6485101 (3.91667%)
entry 255000/6485101 (3.93209%)
entry 257000/6485101 (3.96293%)
entry 258000/6485101 (3.97835%)
entry 259000/6485101 (3.99377%)
entry 260000/6485101 (4.00919%)
entry 261000/6485101 (4.02461%)
entry 263000/6485101 (4.05545%)
entry 265000/6485101 (4.08629%)
entry 266000/6485101 (4.10171%)
entry 267000/6485101 (4.11713%)
entry 268000/6485101 (4.13255%)
entry 269000/6485101 (4.14797%)
entry 270000/6485101 (4.16339%)
entry 271000/6485101 (4.17881%)
entry 273000/6485101 (4.20965%)
entry 274000/6485101 (4.22507%)
entry 276000/6485101 (4.25591%)
entry 278000/6485101 (4.28675%)
entry 279000/6485101 (4.30217%)
entry 280000/6485101 (4.31759%)
entry 281000/6485101 (4.33301%)
entry 282000/6485101 (4.34843%)
entry 286000/6485101 (4.41011%)
entry 287000/6485101 (4.42553%)
entry 288000/6485101 (4.44095%)
entry 289000/6485101 (4.45637%)
entry 291000/6485101 (4.48721%)
entry 292000/6485101 (4.50263%)
entry 294000/6485101 (4.53347%)
entry 295000/6485101 (4.54889%)
entry 296000/6485101 (4.56431%)
entry 297000/6485101 (4.57973%)
entry 298000/6485101 (4.59515%)
entry 299000/6485101 (4.61057%)
entry 300000/6485101 (4.62599%)
entry 301000/6485101 (4.64141%)
entry 302000/6485101 (4.65683%)
entry 303000/6485101 (4.67225%)
entry 304000/6485101 (4.68767%)
entry 305000/6485101 (4.70309%)
entry 306000/6485101 (4.71851%)
entry 307000/6485101 (4.73393%)
entry 309000/6485101 (4.76477%)
entry 310000/6485101 (4.78019%)
entry 311000/6485101 (4.79561%)
entry 312000/6485101 (4.81103%)
entry 313000/6485101 (4.82645%)
entry 314000/6485101 (4.84187%)
entry 315000/6485101 (4.85729%)
entry 316000/6485101 (4.87271%)
entry 317000/6485101 (4.88813%)
entry 318000/6485101 (4.90355%)
entry 319000/6485101 (4.91897%)
entry 320000/6485101 (4.93439%)
entry 322000/6485101 (4.96523%)
entry 324000/6485101 (4.99607%)
entry 325000/6485101 (5.01149%)
entry 326000/6485101 (5.02691%)
entry 328000/6485101 (5.05775%)
entry 329000/6485101 (5.07317%)
entry 330000/6485101 (5.08859%)
entry 331000/6485101 (5.10401%)
entry 334000/6485101 (5.15027%)
entry 335000/6485101 (5.16569%)
entry 336000/6485101 (5.18111%)
entry 338000/6485101 (5.21195%)
entry 341000/6485101 (5.25821%)
entry 342000/6485101 (5.27363%)
entry 344000/6485101 (5.30447%)
entry 346000/6485101 (5.33531%)
entry 347000/6485101 (5.35073%)
entry 349000/6485101 (5.38157%)
entry 351000/6485101 (5.41241%)
entry 352000/6485101 (5.42783%)
entry 354000/6485101 (5.45867%)
entry 356000/6485101 (5.48951%)
entry 357000/6485101 (5.50493%)
entry 358000/6485101 (5.52035%)
entry 359000/6485101 (5.53577%)
entry 360000/6485101 (5.55119%)
entry 361000/6485101 (5.56661%)
entry 363000/6485101 (5.59745%)
entry 365000/6485101 (5.62829%)
entry 366000/6485101 (5.64371%)
entry 367000/6485101 (5.65913%)
entry 368000/6485101 (5.67455%)
entry 369000/6485101 (5.68997%)
entry 370000/6485101 (5.70539%)
entry 372000/6485101 (5.73623%)
entry 373000/6485101 (5.75165%)
entry 374000/6485101 (5.76707%)
entry 375000/6485101 (5.78249%)
entry 376000/6485101 (5.79791%)
entry 377000/6485101 (5.81333%)
entry 378000/6485101 (5.82874%)
entry 379000/6485101 (5.84417%)
entry 380000/6485101 (5.85958%)
entry 382000/6485101 (5.89042%)
entry 383000/6485101 (5.90584%)
entry 384000/6485101 (5.92126%)
entry 385000/6485101 (5.93668%)
entry 387000/6485101 (5.96752%)
entry 388000/6485101 (5.98294%)
entry 389000/6485101 (5.99836%)
entry 390000/6485101 (6.01378%)
entry 391000/6485101 (6.0292%)
entry 392000/6485101 (6.04462%)
entry 393000/6485101 (6.06004%)
entry 394000/6485101 (6.07546%)
entry 395000/6485101 (6.09088%)
entry 396000/6485101 (6.1063%)
entry 397000/6485101 (6.12172%)
entry 398000/6485101 (6.13714%)
entry 400000/6485101 (6.16798%)
entry 402000/6485101 (6.19882%)
entry 405000/6485101 (6.24508%)
entry 406000/6485101 (6.2605%)
entry 407000/6485101 (6.27592%)
entry 409000/6485101 (6.30676%)
entry 410000/6485101 (6.32218%)
entry 411000/6485101 (6.3376%)
entry 413000/6485101 (6.36844%)
entry 414000/6485101 (6.38386%)
entry 416000/6485101 (6.4147%)
entry 417000/6485101 (6.43012%)
entry 418000/6485101 (6.44554%)
entry 419000/6485101 (6.46096%)
entry 420000/6485101 (6.47638%)
entry 422000/6485101 (6.50722%)
entry 423000/6485101 (6.52264%)
entry 424000/6485101 (6.53806%)
entry 426000/6485101 (6.5689%)
entry 428000/6485101 (6.59974%)
entry 429000/6485101 (6.61516%)
entry 431000/6485101 (6.646%)
entry 432000/6485101 (6.66142%)
entry 433000/6485101 (6.67684%)
entry 434000/6485101 (6.69226%)
entry 435000/6485101 (6.70768%)
entry 436000/6485101 (6.7231%)
entry 437000/6485101 (6.73852%)
entry 438000/6485101 (6.75394%)
entry 439000/6485101 (6.76936%)
entry 440000/6485101 (6.78478%)
entry 441000/6485101 (6.8002%)
entry 442000/6485101 (6.81562%)
entry 446000/6485101 (6.8773%)
entry 447000/6485101 (6.89272%)
entry 448000/6485101 (6.90814%)
entry 451000/6485101 (6.9544%)
entry 452000/6485101 (6.96982%)
entry 454000/6485101 (7.00066%)
entry 455000/6485101 (7.01608%)
entry 456000/6485101 (7.0315%)
entry 457000/6485101 (7.04692%)
entry 459000/6485101 (7.07776%)
entry 460000/6485101 (7.09318%)
entry 461000/6485101 (7.1086%)
entry 462000/6485101 (7.12402%)
entry 464000/6485101 (7.15486%)
entry 467000/6485101 (7.20112%)
entry 468000/6485101 (7.21654%)
entry 469000/6485101 (7.23196%)
entry 470000/6485101 (7.24738%)
entry 471000/6485101 (7.2628%)
entry 472000/6485101 (7.27822%)
entry 473000/6485101 (7.29364%)
entry 474000/6485101 (7.30906%)
entry 475000/6485101 (7.32448%)
entry 476000/6485101 (7.3399%)
entry 477000/6485101 (7.35532%)
entry 478000/6485101 (7.37074%)
entry 479000/6485101 (7.38616%)
entry 480000/6485101 (7.40158%)
entry 481000/6485101 (7.417%)
entry 483000/6485101 (7.44784%)
entry 484000/6485101 (7.46326%)
entry 486000/6485101 (7.4941%)
entry 487000/6485101 (7.50952%)
entry 488000/6485101 (7.52494%)
entry 489000/6485101 (7.54036%)
entry 492000/6485101 (7.58662%)
entry 493000/6485101 (7.60204%)
entry 494000/6485101 (7.61746%)
entry 496000/6485101 (7.6483%)
entry 497000/6485101 (7.66372%)
entry 498000/6485101 (7.67914%)
entry 500000/6485101 (7.70998%)
entry 501000/6485101 (7.7254%)
entry 502000/6485101 (7.74082%)
entry 503000/6485101 (7.75624%)
entry 504000/6485101 (7.77166%)
entry 505000/6485101 (7.78708%)
entry 506000/6485101 (7.8025%)
entry 507000/6485101 (7.81792%)
entry 509000/6485101 (7.84876%)
entry 510000/6485101 (7.86418%)
entry 512000/6485101 (7.89502%)
entry 513000/6485101 (7.91044%)
entry 514000/6485101 (7.92586%)
entry 516000/6485101 (7.9567%)
entry 517000/6485101 (7.97212%)
entry 518000/6485101 (7.98754%)
entry 519000/6485101 (8.00296%)
entry 520000/6485101 (8.01838%)
entry 521000/6485101 (8.0338%)
entry 522000/6485101 (8.04922%)
entry 524000/6485101 (8.08006%)
entry 525000/6485101 (8.09548%)
entry 527000/6485101 (8.12632%)
entry 528000/6485101 (8.14174%)
entry 529000/6485101 (8.15716%)
entry 530000/6485101 (8.17258%)
entry 531000/6485101 (8.188%)
entry 533000/6485101 (8.21884%)
entry 534000/6485101 (8.23426%)
entry 535000/6485101 (8.24968%)
entry 536000/6485101 (8.2651%)
entry 538000/6485101 (8.29594%)
entry 539000/6485101 (8.31136%)
entry 540000/6485101 (8.32678%)
entry 542000/6485101 (8.35762%)
entry 543000/6485101 (8.37304%)
entry 544000/6485101 (8.38846%)
entry 546000/6485101 (8.4193%)
entry 547000/6485101 (8.43472%)
entry 548000/6485101 (8.45014%)
entry 550000/6485101 (8.48098%)
entry 551000/6485101 (8.4964%)
entry 552000/6485101 (8.51182%)
entry 553000/6485101 (8.52724%)
entry 554000/6485101 (8.54266%)
entry 556000/6485101 (8.5735%)
entry 558000/6485101 (8.60434%)
entry 559000/6485101 (8.61976%)
entry 560000/6485101 (8.63518%)
entry 561000/6485101 (8.6506%)
entry 562000/6485101 (8.66602%)
entry 563000/6485101 (8.68144%)
entry 564000/6485101 (8.69686%)
entry 566000/6485101 (8.7277%)
entry 567000/6485101 (8.74312%)
entry 568000/6485101 (8.75854%)
entry 569000/6485101 (8.77396%)
entry 571000/6485101 (8.8048%)
entry 573000/6485101 (8.83564%)
entry 574000/6485101 (8.85106%)
entry 575000/6485101 (8.86648%)
entry 576000/6485101 (8.8819%)
entry 577000/6485101 (8.89732%)
entry 584000/6485101 (9.00526%)
entry 587000/6485101 (9.05152%)
entry 588000/6485101 (9.06694%)
entry 590000/6485101 (9.09778%)
entry 591000/6485101 (9.1132%)
entry 593000/6485101 (9.14404%)
entry 594000/6485101 (9.15946%)
entry 595000/6485101 (9.17488%)
entry 596000/6485101 (9.1903%)
entry 597000/6485101 (9.20572%)
entry 598000/6485101 (9.22114%)
entry 599000/6485101 (9.23656%)
entry 601000/6485101 (9.2674%)
entry 603000/6485101 (9.29824%)
entry 605000/6485101 (9.32908%)
entry 606000/6485101 (9.3445%)
entry 607000/6485101 (9.35992%)
entry 608000/6485101 (9.37534%)
entry 609000/6485101 (9.39076%)
entry 610000/6485101 (9.40618%)
entry 613000/6485101 (9.45244%)
entry 614000/6485101 (9.46786%)
entry 615000/6485101 (9.48328%)
entry 617000/6485101 (9.51412%)
entry 618000/6485101 (9.52954%)
entry 619000/6485101 (9.54496%)
entry 620000/6485101 (9.56038%)
entry 621000/6485101 (9.5758%)
entry 622000/6485101 (9.59122%)
entry 623000/6485101 (9.60664%)
entry 624000/6485101 (9.62206%)
entry 625000/6485101 (9.63748%)
entry 627000/6485101 (9.66832%)
entry 629000/6485101 (9.69916%)
entry 630000/6485101 (9.71458%)
entry 632000/6485101 (9.74541%)
entry 633000/6485101 (9.76084%)
entry 635000/6485101 (9.79167%)
entry 636000/6485101 (9.80709%)
entry 637000/6485101 (9.82251%)
entry 638000/6485101 (9.83793%)
entry 640000/6485101 (9.86877%)
entry 641000/6485101 (9.88419%)
entry 642000/6485101 (9.89961%)
entry 643000/6485101 (9.91503%)
entry 644000/6485101 (9.93045%)
entry 645000/6485101 (9.94587%)
entry 646000/6485101 (9.96129%)
entry 648000/6485101 (9.99213%)
entry 649000/6485101 (10.0076%)
entry 650000/6485101 (10.023%)
entry 652000/6485101 (10.0538%)
entry 653000/6485101 (10.0692%)
entry 654000/6485101 (10.0847%)
entry 655000/6485101 (10.1001%)
entry 656000/6485101 (10.1155%)
entry 657000/6485101 (10.1309%)
entry 659000/6485101 (10.1618%)
entry 660000/6485101 (10.1772%)
entry 661000/6485101 (10.1926%)
entry 663000/6485101 (10.2234%)
entry 664000/6485101 (10.2389%)
entry 665000/6485101 (10.2543%)
entry 666000/6485101 (10.2697%)
entry 667000/6485101 (10.2851%)
entry 671000/6485101 (10.3468%)
entry 672000/6485101 (10.3622%)
entry 673000/6485101 (10.3776%)
entry 674000/6485101 (10.3931%)
entry 675000/6485101 (10.4085%)
entry 676000/6485101 (10.4239%)
entry 678000/6485101 (10.4547%)
entry 679000/6485101 (10.4702%)
entry 680000/6485101 (10.4856%)
entry 681000/6485101 (10.501%)
entry 682000/6485101 (10.5164%)
entry 683000/6485101 (10.5318%)
entry 684000/6485101 (10.5473%)
entry 685000/6485101 (10.5627%)
entry 686000/6485101 (10.5781%)
entry 688000/6485101 (10.6089%)
entry 689000/6485101 (10.6244%)
entry 691000/6485101 (10.6552%)
entry 692000/6485101 (10.6706%)
entry 693000/6485101 (10.686%)
entry 694000/6485101 (10.7015%)
entry 695000/6485101 (10.7169%)
entry 697000/6485101 (10.7477%)
entry 699000/6485101 (10.7786%)
entry 700000/6485101 (10.794%)
entry 702000/6485101 (10.8248%)
entry 703000/6485101 (10.8402%)
entry 705000/6485101 (10.8711%)
entry 706000/6485101 (10.8865%)
entry 707000/6485101 (10.9019%)
entry 708000/6485101 (10.9173%)
entry 709000/6485101 (10.9328%)
entry 710000/6485101 (10.9482%)
entry 711000/6485101 (10.9636%)
entry 712000/6485101 (10.979%)
entry 715000/6485101 (11.0253%)
entry 716000/6485101 (11.0407%)
entry 717000/6485101 (11.0561%)
entry 718000/6485101 (11.0715%)
entry 719000/6485101 (11.087%)
entry 721000/6485101 (11.1178%)
entry 722000/6485101 (11.1332%)
entry 723000/6485101 (11.1486%)
entry 725000/6485101 (11.1795%)
entry 726000/6485101 (11.1949%)
entry 727000/6485101 (11.2103%)
entry 728000/6485101 (11.2257%)
entry 729000/6485101 (11.2412%)
entry 730000/6485101 (11.2566%)
entry 732000/6485101 (11.2874%)
entry 737000/6485101 (11.3645%)
entry 738000/6485101 (11.3799%)
entry 739000/6485101 (11.3954%)
entry 740000/6485101 (11.4108%)
entry 741000/6485101 (11.4262%)
entry 743000/6485101 (11.457%)
entry 745000/6485101 (11.4879%)
entry 747000/6485101 (11.5187%)
entry 748000/6485101 (11.5341%)
entry 750000/6485101 (11.565%)
entry 752000/6485101 (11.5958%)
entry 753000/6485101 (11.6112%)
entry 754000/6485101 (11.6267%)
entry 755000/6485101 (11.6421%)
entry 757000/6485101 (11.6729%)
entry 759000/6485101 (11.7037%)
entry 761000/6485101 (11.7346%)
entry 764000/6485101 (11.7808%)
entry 765000/6485101 (11.7963%)
entry 766000/6485101 (11.8117%)
entry 767000/6485101 (11.8271%)
entry 769000/6485101 (11.8579%)
entry 770000/6485101 (11.8734%)
entry 771000/6485101 (11.8888%)
entry 772000/6485101 (11.9042%)
entry 775000/6485101 (11.9505%)
entry 777000/6485101 (11.9813%)
entry 778000/6485101 (11.9967%)
entry 779000/6485101 (12.0121%)
entry 781000/6485101 (12.043%)
entry 782000/6485101 (12.0584%)
entry 784000/6485101 (12.0892%)
entry 785000/6485101 (12.1047%)
entry 789000/6485101 (12.1663%)
entry 791000/6485101 (12.1972%)
entry 793000/6485101 (12.228%)
entry 794000/6485101 (12.2434%)
entry 795000/6485101 (12.2589%)
entry 796000/6485101 (12.2743%)
entry 797000/6485101 (12.2897%)
entry 798000/6485101 (12.3051%)
entry 800000/6485101 (12.336%)
entry 801000/6485101 (12.3514%)
entry 802000/6485101 (12.3668%)
entry 803000/6485101 (12.3822%)
entry 805000/6485101 (12.4131%)
entry 806000/6485101 (12.4285%)
entry 807000/6485101 (12.4439%)
entry 808000/6485101 (12.4593%)
entry 811000/6485101 (12.5056%)
entry 812000/6485101 (12.521%)
entry 814000/6485101 (12.5518%)
entry 815000/6485101 (12.5673%)
entry 817000/6485101 (12.5981%)
entry 820000/6485101 (12.6444%)
entry 822000/6485101 (12.6752%)
entry 823000/6485101 (12.6906%)
entry 824000/6485101 (12.706%)
entry 825000/6485101 (12.7215%)
entry 827000/6485101 (12.7523%)
entry 831000/6485101 (12.814%)
entry 836000/6485101 (12.8911%)
entry 837000/6485101 (12.9065%)
entry 838000/6485101 (12.9219%)
entry 839000/6485101 (12.9373%)
entry 840000/6485101 (12.9528%)
entry 842000/6485101 (12.9836%)
entry 844000/6485101 (13.0144%)
entry 847000/6485101 (13.0607%)
entry 850000/6485101 (13.107%)
entry 851000/6485101 (13.1224%)
entry 852000/6485101 (13.1378%)
entry 853000/6485101 (13.1532%)
entry 854000/6485101 (13.1686%)
entry 856000/6485101 (13.1995%)
entry 858000/6485101 (13.2303%)
entry 859000/6485101 (13.2457%)
entry 860000/6485101 (13.2612%)
entry 861000/6485101 (13.2766%)
entry 863000/6485101 (13.3074%)
entry 864000/6485101 (13.3228%)
entry 866000/6485101 (13.3537%)
entry 867000/6485101 (13.3691%)
entry 868000/6485101 (13.3845%)
entry 870000/6485101 (13.4154%)
entry 871000/6485101 (13.4308%)
entry 872000/6485101 (13.4462%)
entry 873000/6485101 (13.4616%)
entry 875000/6485101 (13.4925%)
entry 876000/6485101 (13.5079%)
entry 878000/6485101 (13.5387%)
entry 879000/6485101 (13.5541%)
entry 880000/6485101 (13.5696%)
entry 881000/6485101 (13.585%)
entry 882000/6485101 (13.6004%)
entry 883000/6485101 (13.6158%)
entry 884000/6485101 (13.6312%)
entry 885000/6485101 (13.6467%)
entry 887000/6485101 (13.6775%)
entry 888000/6485101 (13.6929%)
entry 889000/6485101 (13.7083%)
entry 890000/6485101 (13.7238%)
entry 891000/6485101 (13.7392%)
entry 892000/6485101 (13.7546%)
entry 893000/6485101 (13.77%)
entry 894000/6485101 (13.7854%)
entry 895000/6485101 (13.8009%)
entry 896000/6485101 (13.8163%)
entry 898000/6485101 (13.8471%)
entry 899000/6485101 (13.8625%)
entry 900000/6485101 (13.878%)
entry 901000/6485101 (13.8934%)
entry 905000/6485101 (13.9551%)
entry 906000/6485101 (13.9705%)
entry 908000/6485101 (14.0013%)
entry 909000/6485101 (14.0167%)
entry 910000/6485101 (14.0322%)
entry 911000/6485101 (14.0476%)
entry 914000/6485101 (14.0938%)
entry 915000/6485101 (14.1093%)
entry 916000/6485101 (14.1247%)
entry 917000/6485101 (14.1401%)
entry 918000/6485101 (14.1555%)
entry 919000/6485101 (14.1709%)
entry 920000/6485101 (14.1864%)
entry 921000/6485101 (14.2018%)
entry 923000/6485101 (14.2326%)
entry 924000/6485101 (14.248%)
entry 925000/6485101 (14.2635%)
entry 926000/6485101 (14.2789%)
entry 928000/6485101 (14.3097%)
entry 929000/6485101 (14.3251%)
entry 930000/6485101 (14.3406%)
entry 931000/6485101 (14.356%)
entry 933000/6485101 (14.3868%)
entry 934000/6485101 (14.4022%)
entry 935000/6485101 (14.4177%)
entry 936000/6485101 (14.4331%)
entry 937000/6485101 (14.4485%)
entry 938000/6485101 (14.4639%)
entry 939000/6485101 (14.4793%)
entry 940000/6485101 (14.4948%)
entry 941000/6485101 (14.5102%)
entry 946000/6485101 (14.5873%)
entry 947000/6485101 (14.6027%)
entry 948000/6485101 (14.6181%)
entry 949000/6485101 (14.6335%)
entry 950000/6485101 (14.649%)
entry 952000/6485101 (14.6798%)
entry 953000/6485101 (14.6952%)
entry 954000/6485101 (14.7106%)
entry 955000/6485101 (14.7261%)
entry 956000/6485101 (14.7415%)
entry 957000/6485101 (14.7569%)
entry 958000/6485101 (14.7723%)
entry 960000/6485101 (14.8032%)
entry 961000/6485101 (14.8186%)
entry 962000/6485101 (14.834%)
entry 963000/6485101 (14.8494%)
entry 964000/6485101 (14.8648%)
entry 966000/6485101 (14.8957%)
entry 967000/6485101 (14.9111%)
entry 968000/6485101 (14.9265%)
entry 970000/6485101 (14.9574%)
entry 971000/6485101 (14.9728%)
entry 973000/6485101 (15.0036%)
entry 974000/6485101 (15.019%)
entry 975000/6485101 (15.0345%)
entry 976000/6485101 (15.0499%)
entry 977000/6485101 (15.0653%)
entry 979000/6485101 (15.0961%)
entry 980000/6485101 (15.1116%)
entry 982000/6485101 (15.1424%)
entry 983000/6485101 (15.1578%)
entry 984000/6485101 (15.1732%)
entry 986000/6485101 (15.2041%)
entry 987000/6485101 (15.2195%)
entry 989000/6485101 (15.2503%)
entry 990000/6485101 (15.2658%)
entry 991000/6485101 (15.2812%)
entry 994000/6485101 (15.3274%)
entry 996000/6485101 (15.3583%)
entry 997000/6485101 (15.3737%)
entry 998000/6485101 (15.3891%)
entry 999000/6485101 (15.4045%)
entry 1001000/6485101 (15.4354%)
entry 1002000/6485101 (15.4508%)
entry 1003000/6485101 (15.4662%)
entry 1004000/6485101 (15.4816%)
entry 1006000/6485101 (15.5125%)
entry 1007000/6485101 (15.5279%)
entry 1008000/6485101 (15.5433%)
entry 1010000/6485101 (15.5742%)
entry 1011000/6485101 (15.5896%)
entry 1012000/6485101 (15.605%)
entry 1013000/6485101 (15.6204%)
entry 1014000/6485101 (15.6358%)
entry 1015000/6485101 (15.6513%)
entry 1017000/6485101 (15.6821%)
entry 1018000/6485101 (15.6975%)
entry 1019000/6485101 (15.7129%)
entry 1020000/6485101 (15.7284%)
entry 1021000/6485101 (15.7438%)
entry 1022000/6485101 (15.7592%)
entry 1023000/6485101 (15.7746%)
entry 1024000/6485101 (15.79%)
entry 1025000/6485101 (15.8055%)
entry 1026000/6485101 (15.8209%)
entry 1028000/6485101 (15.8517%)
entry 1029000/6485101 (15.8671%)
entry 1030000/6485101 (15.8826%)
entry 1031000/6485101 (15.898%)
entry 1033000/6485101 (15.9288%)
entry 1034000/6485101 (15.9442%)
entry 1035000/6485101 (15.9597%)
entry 1036000/6485101 (15.9751%)
entry 1037000/6485101 (15.9905%)
entry 1039000/6485101 (16.0213%)
entry 1040000/6485101 (16.0368%)
entry 1041000/6485101 (16.0522%)
entry 1043000/6485101 (16.083%)
entry 1044000/6485101 (16.0984%)
entry 1045000/6485101 (16.1139%)
entry 1046000/6485101 (16.1293%)
entry 1047000/6485101 (16.1447%)
entry 1048000/6485101 (16.1601%)
entry 1049000/6485101 (16.1755%)
entry 1052000/6485101 (16.2218%)
entry 1055000/6485101 (16.2681%)
entry 1056000/6485101 (16.2835%)
entry 1057000/6485101 (16.2989%)
entry 1058000/6485101 (16.3143%)
entry 1059000/6485101 (16.3297%)
entry 1060000/6485101 (16.3452%)
entry 1061000/6485101 (16.3606%)
entry 1062000/6485101 (16.376%)
entry 1063000/6485101 (16.3914%)
entry 1064000/6485101 (16.4068%)
entry 1065000/6485101 (16.4223%)
entry 1067000/6485101 (16.4531%)
entry 1069000/6485101 (16.4839%)
entry 1072000/6485101 (16.5302%)
entry 1074000/6485101 (16.561%)
entry 1075000/6485101 (16.5765%)
entry 1077000/6485101 (16.6073%)
entry 1078000/6485101 (16.6227%)
entry 1080000/6485101 (16.6536%)
entry 1083000/6485101 (16.6998%)
entry 1084000/6485101 (16.7152%)
entry 1086000/6485101 (16.7461%)
entry 1088000/6485101 (16.7769%)
entry 1089000/6485101 (16.7923%)
entry 1090000/6485101 (16.8078%)
entry 1091000/6485101 (16.8232%)
entry 1092000/6485101 (16.8386%)
entry 1094000/6485101 (16.8694%)
entry 1095000/6485101 (16.8849%)
entry 1100000/6485101 (16.962%)
entry 1102000/6485101 (16.9928%)
entry 1104000/6485101 (17.0236%)
entry 1105000/6485101 (17.0391%)
entry 1106000/6485101 (17.0545%)
entry 1107000/6485101 (17.0699%)
entry 1108000/6485101 (17.0853%)
entry 1109000/6485101 (17.1007%)
entry 1110000/6485101 (17.1162%)
entry 1112000/6485101 (17.147%)
entry 1113000/6485101 (17.1624%)
entry 1114000/6485101 (17.1778%)
entry 1115000/6485101 (17.1933%)
entry 1116000/6485101 (17.2087%)
entry 1117000/6485101 (17.2241%)
entry 1118000/6485101 (17.2395%)
entry 1119000/6485101 (17.2549%)
entry 1120000/6485101 (17.2704%)
entry 1121000/6485101 (17.2858%)
entry 1122000/6485101 (17.3012%)
entry 1124000/6485101 (17.332%)
entry 1125000/6485101 (17.3475%)
entry 1129000/6485101 (17.4091%)
entry 1130000/6485101 (17.4246%)
entry 1131000/6485101 (17.44%)
entry 1134000/6485101 (17.4862%)
entry 1135000/6485101 (17.5017%)
entry 1136000/6485101 (17.5171%)
entry 1137000/6485101 (17.5325%)
entry 1138000/6485101 (17.5479%)
entry 1141000/6485101 (17.5942%)
entry 1142000/6485101 (17.6096%)
entry 1144000/6485101 (17.6404%)
entry 1147000/6485101 (17.6867%)
entry 1149000/6485101 (17.7175%)
entry 1150000/6485101 (17.733%)
entry 1151000/6485101 (17.7484%)
entry 1152000/6485101 (17.7638%)
entry 1153000/6485101 (17.7792%)
entry 1155000/6485101 (17.8101%)
entry 1156000/6485101 (17.8255%)
entry 1157000/6485101 (17.8409%)
entry 1158000/6485101 (17.8563%)
entry 1159000/6485101 (17.8717%)
entry 1160000/6485101 (17.8872%)
entry 1161000/6485101 (17.9026%)
entry 1162000/6485101 (17.918%)
entry 1163000/6485101 (17.9334%)
entry 1165000/6485101 (17.9643%)
entry 1166000/6485101 (17.9797%)
entry 1167000/6485101 (17.9951%)
entry 1168000/6485101 (18.0105%)
entry 1169000/6485101 (18.0259%)
entry 1170000/6485101 (18.0414%)
entry 1171000/6485101 (18.0568%)
entry 1172000/6485101 (18.0722%)
entry 1173000/6485101 (18.0876%)
entry 1174000/6485101 (18.103%)
entry 1176000/6485101 (18.1339%)
entry 1177000/6485101 (18.1493%)
entry 1178000/6485101 (18.1647%)
entry 1179000/6485101 (18.1801%)
entry 1180000/6485101 (18.1956%)
entry 1181000/6485101 (18.211%)
entry 1183000/6485101 (18.2418%)
entry 1184000/6485101 (18.2572%)
entry 1186000/6485101 (18.2881%)
entry 1187000/6485101 (18.3035%)
entry 1189000/6485101 (18.3343%)
entry 1190000/6485101 (18.3498%)
entry 1192000/6485101 (18.3806%)
entry 1193000/6485101 (18.396%)
entry 1194000/6485101 (18.4114%)
entry 1195000/6485101 (18.4269%)
entry 1197000/6485101 (18.4577%)
entry 1198000/6485101 (18.4731%)
entry 1199000/6485101 (18.4885%)
entry 1200000/6485101 (18.504%)
entry 1202000/6485101 (18.5348%)
entry 1203000/6485101 (18.5502%)
entry 1204000/6485101 (18.5656%)
entry 1208000/6485101 (18.6273%)
entry 1209000/6485101 (18.6427%)
entry 1210000/6485101 (18.6582%)
entry 1211000/6485101 (18.6736%)
entry 1214000/6485101 (18.7198%)
entry 1215000/6485101 (18.7353%)
entry 1216000/6485101 (18.7507%)
entry 1217000/6485101 (18.7661%)
entry 1218000/6485101 (18.7815%)
entry 1219000/6485101 (18.7969%)
entry 1220000/6485101 (18.8124%)
entry 1223000/6485101 (18.8586%)
entry 1224000/6485101 (18.874%)
entry 1225000/6485101 (18.8895%)
entry 1226000/6485101 (18.9049%)
entry 1228000/6485101 (18.9357%)
entry 1230000/6485101 (18.9666%)
entry 1232000/6485101 (18.9974%)
entry 1233000/6485101 (19.0128%)
entry 1234000/6485101 (19.0282%)
entry 1236000/6485101 (19.0591%)
entry 1237000/6485101 (19.0745%)
entry 1238000/6485101 (19.0899%)
entry 1239000/6485101 (19.1053%)
entry 1240000/6485101 (19.1208%)
entry 1242000/6485101 (19.1516%)
entry 1243000/6485101 (19.167%)
entry 1244000/6485101 (19.1824%)
entry 1245000/6485101 (19.1978%)
entry 1247000/6485101 (19.2287%)
entry 1248000/6485101 (19.2441%)
entry 1250000/6485101 (19.275%)
entry 1251000/6485101 (19.2904%)
entry 1252000/6485101 (19.3058%)
entry 1253000/6485101 (19.3212%)
entry 1254000/6485101 (19.3366%)
entry 1255000/6485101 (19.3521%)
entry 1256000/6485101 (19.3675%)
entry 1258000/6485101 (19.3983%)
entry 1259000/6485101 (19.4137%)
entry 1260000/6485101 (19.4292%)
entry 1261000/6485101 (19.4446%)
entry 1262000/6485101 (19.46%)
entry 1263000/6485101 (19.4754%)
entry 1265000/6485101 (19.5063%)
entry 1266000/6485101 (19.5217%)
entry 1267000/6485101 (19.5371%)
entry 1268000/6485101 (19.5525%)
entry 1270000/6485101 (19.5833%)
entry 1271000/6485101 (19.5988%)
entry 1272000/6485101 (19.6142%)
entry 1273000/6485101 (19.6296%)
entry 1275000/6485101 (19.6604%)
entry 1276000/6485101 (19.6759%)
entry 1277000/6485101 (19.6913%)
entry 1278000/6485101 (19.7067%)
entry 1279000/6485101 (19.7221%)
entry 1280000/6485101 (19.7375%)
entry 1281000/6485101 (19.753%)
entry 1283000/6485101 (19.7838%)
entry 1284000/6485101 (19.7992%)
entry 1285000/6485101 (19.8146%)
entry 1286000/6485101 (19.8301%)
entry 1287000/6485101 (19.8455%)
entry 1288000/6485101 (19.8609%)
entry 1290000/6485101 (19.8917%)
entry 1294000/6485101 (19.9534%)
entry 1295000/6485101 (19.9688%)
entry 1296000/6485101 (19.9843%)
entry 1298000/6485101 (20.0151%)
entry 1299000/6485101 (20.0305%)
entry 1302000/6485101 (20.0768%)
entry 1303000/6485101 (20.0922%)
entry 1305000/6485101 (20.123%)
entry 1306000/6485101 (20.1385%)
entry 1307000/6485101 (20.1539%)
entry 1308000/6485101 (20.1693%)
entry 1309000/6485101 (20.1847%)
entry 1310000/6485101 (20.2001%)
entry 1311000/6485101 (20.2156%)
entry 1312000/6485101 (20.231%)
entry 1313000/6485101 (20.2464%)
entry 1315000/6485101 (20.2772%)
entry 1316000/6485101 (20.2927%)
entry 1317000/6485101 (20.3081%)
entry 1318000/6485101 (20.3235%)
entry 1319000/6485101 (20.3389%)
entry 1320000/6485101 (20.3543%)
entry 1321000/6485101 (20.3698%)
entry 1322000/6485101 (20.3852%)
entry 1323000/6485101 (20.4006%)
entry 1324000/6485101 (20.416%)
entry 1325000/6485101 (20.4314%)
entry 1326000/6485101 (20.4469%)
entry 1327000/6485101 (20.4623%)
entry 1328000/6485101 (20.4777%)
entry 1329000/6485101 (20.4931%)
entry 1330000/6485101 (20.5085%)
entry 1331000/6485101 (20.524%)
entry 1334000/6485101 (20.5702%)
entry 1335000/6485101 (20.5856%)
entry 1336000/6485101 (20.6011%)
entry 1337000/6485101 (20.6165%)
entry 1338000/6485101 (20.6319%)
entry 1340000/6485101 (20.6627%)
entry 1342000/6485101 (20.6936%)
entry 1345000/6485101 (20.7398%)
entry 1346000/6485101 (20.7553%)
entry 1347000/6485101 (20.7707%)
entry 1348000/6485101 (20.7861%)
entry 1349000/6485101 (20.8015%)
entry 1350000/6485101 (20.8169%)
entry 1352000/6485101 (20.8478%)
entry 1353000/6485101 (20.8632%)
entry 1354000/6485101 (20.8786%)
entry 1355000/6485101 (20.894%)
entry 1356000/6485101 (20.9095%)
entry 1357000/6485101 (20.9249%)
entry 1358000/6485101 (20.9403%)
entry 1359000/6485101 (20.9557%)
entry 1360000/6485101 (20.9711%)
entry 1361000/6485101 (20.9866%)
entry 1364000/6485101 (21.0328%)
entry 1366000/6485101 (21.0637%)
entry 1367000/6485101 (21.0791%)
entry 1368000/6485101 (21.0945%)
entry 1370000/6485101 (21.1253%)
entry 1371000/6485101 (21.1408%)
entry 1372000/6485101 (21.1562%)
entry 1373000/6485101 (21.1716%)
entry 1375000/6485101 (21.2024%)
entry 1376000/6485101 (21.2179%)
entry 1377000/6485101 (21.2333%)
entry 1378000/6485101 (21.2487%)
entry 1379000/6485101 (21.2641%)
entry 1381000/6485101 (21.295%)
entry 1382000/6485101 (21.3104%)
entry 1383000/6485101 (21.3258%)
entry 1384000/6485101 (21.3412%)
entry 1385000/6485101 (21.3566%)
entry 1386000/6485101 (21.3721%)
entry 1388000/6485101 (21.4029%)
entry 1389000/6485101 (21.4183%)
entry 1390000/6485101 (21.4337%)
entry 1391000/6485101 (21.4492%)
entry 1392000/6485101 (21.4646%)
entry 1393000/6485101 (21.48%)
entry 1396000/6485101 (21.5263%)
entry 1397000/6485101 (21.5417%)
entry 1398000/6485101 (21.5571%)
entry 1400000/6485101 (21.5879%)
entry 1401000/6485101 (21.6034%)
entry 1402000/6485101 (21.6188%)
entry 1403000/6485101 (21.6342%)
entry 1405000/6485101 (21.665%)
entry 1406000/6485101 (21.6805%)
entry 1407000/6485101 (21.6959%)
entry 1408000/6485101 (21.7113%)
entry 1409000/6485101 (21.7267%)
entry 1410000/6485101 (21.7421%)
entry 1412000/6485101 (21.773%)
entry 1413000/6485101 (21.7884%)
entry 1414000/6485101 (21.8038%)
entry 1415000/6485101 (21.8192%)
entry 1416000/6485101 (21.8347%)
entry 1417000/6485101 (21.8501%)
entry 1419000/6485101 (21.8809%)
entry 1420000/6485101 (21.8963%)
entry 1421000/6485101 (21.9118%)
entry 1423000/6485101 (21.9426%)
entry 1426000/6485101 (21.9889%)
entry 1427000/6485101 (22.0043%)
entry 1428000/6485101 (22.0197%)
entry 1430000/6485101 (22.0505%)
entry 1431000/6485101 (22.066%)
entry 1432000/6485101 (22.0814%)
entry 1433000/6485101 (22.0968%)
entry 1434000/6485101 (22.1122%)
entry 1435000/6485101 (22.1276%)
entry 1436000/6485101 (22.1431%)
entry 1437000/6485101 (22.1585%)
entry 1438000/6485101 (22.1739%)
entry 1440000/6485101 (22.2047%)
entry 1442000/6485101 (22.2356%)
entry 1443000/6485101 (22.251%)
entry 1444000/6485101 (22.2664%)
entry 1445000/6485101 (22.2818%)
entry 1448000/6485101 (22.3281%)
entry 1449000/6485101 (22.3435%)
entry 1450000/6485101 (22.3589%)
entry 1451000/6485101 (22.3744%)
entry 1453000/6485101 (22.4052%)
entry 1455000/6485101 (22.436%)
entry 1456000/6485101 (22.4515%)
entry 1457000/6485101 (22.4669%)
entry 1458000/6485101 (22.4823%)
entry 1459000/6485101 (22.4977%)
entry 1461000/6485101 (22.5286%)
entry 1462000/6485101 (22.544%)
entry 1463000/6485101 (22.5594%)
entry 1464000/6485101 (22.5748%)
entry 1465000/6485101 (22.5902%)
entry 1466000/6485101 (22.6057%)
entry 1468000/6485101 (22.6365%)
entry 1470000/6485101 (22.6673%)
entry 1471000/6485101 (22.6828%)
entry 1472000/6485101 (22.6982%)
entry 1473000/6485101 (22.7136%)
entry 1474000/6485101 (22.729%)
entry 1475000/6485101 (22.7444%)
entry 1476000/6485101 (22.7599%)
entry 1477000/6485101 (22.7753%)
entry 1478000/6485101 (22.7907%)
entry 1479000/6485101 (22.8061%)
entry 1480000/6485101 (22.8215%)
entry 1481000/6485101 (22.837%)
entry 1482000/6485101 (22.8524%)
entry 1484000/6485101 (22.8832%)
entry 1485000/6485101 (22.8986%)
entry 1486000/6485101 (22.9141%)
entry 1488000/6485101 (22.9449%)
entry 1489000/6485101 (22.9603%)
entry 1490000/6485101 (22.9757%)
entry 1491000/6485101 (22.9912%)
entry 1493000/6485101 (23.022%)
entry 1494000/6485101 (23.0374%)
entry 1496000/6485101 (23.0683%)
entry 1497000/6485101 (23.0837%)
entry 1498000/6485101 (23.0991%)
entry 1499000/6485101 (23.1145%)
entry 1500000/6485101 (23.1299%)
entry 1501000/6485101 (23.1454%)
entry 1502000/6485101 (23.1608%)
entry 1503000/6485101 (23.1762%)
entry 1505000/6485101 (23.207%)
entry 1506000/6485101 (23.2225%)
entry 1508000/6485101 (23.2533%)
entry 1509000/6485101 (23.2687%)
entry 1510000/6485101 (23.2841%)
entry 1511000/6485101 (23.2996%)
entry 1512000/6485101 (23.315%)
entry 1513000/6485101 (23.3304%)
entry 1514000/6485101 (23.3458%)
entry 1516000/6485101 (23.3767%)
entry 1518000/6485101 (23.4075%)
entry 1519000/6485101 (23.4229%)
entry 1520000/6485101 (23.4383%)
entry 1522000/6485101 (23.4692%)
entry 1523000/6485101 (23.4846%)
entry 1525000/6485101 (23.5154%)
entry 1526000/6485101 (23.5309%)
entry 1527000/6485101 (23.5463%)
entry 1528000/6485101 (23.5617%)
entry 1529000/6485101 (23.5771%)
entry 1530000/6485101 (23.5925%)
entry 1531000/6485101 (23.608%)
entry 1532000/6485101 (23.6234%)
entry 1535000/6485101 (23.6696%)
entry 1536000/6485101 (23.6851%)
entry 1537000/6485101 (23.7005%)
entry 1538000/6485101 (23.7159%)
entry 1539000/6485101 (23.7313%)
entry 1540000/6485101 (23.7467%)
entry 1541000/6485101 (23.7622%)
entry 1542000/6485101 (23.7776%)
entry 1543000/6485101 (23.793%)
entry 1545000/6485101 (23.8238%)
entry 1546000/6485101 (23.8393%)
entry 1547000/6485101 (23.8547%)
entry 1548000/6485101 (23.8701%)
entry 1549000/6485101 (23.8855%)
entry 1550000/6485101 (23.9009%)
entry 1551000/6485101 (23.9164%)
entry 1552000/6485101 (23.9318%)
entry 1553000/6485101 (23.9472%)
entry 1555000/6485101 (23.978%)
entry 1556000/6485101 (23.9935%)
entry 1558000/6485101 (24.0243%)
entry 1559000/6485101 (24.0397%)
entry 1560000/6485101 (24.0551%)
entry 1561000/6485101 (24.0706%)
entry 1562000/6485101 (24.086%)
entry 1564000/6485101 (24.1168%)
entry 1565000/6485101 (24.1322%)
entry 1566000/6485101 (24.1477%)
entry 1568000/6485101 (24.1785%)
entry 1570000/6485101 (24.2093%)
entry 1572000/6485101 (24.2402%)
entry 1574000/6485101 (24.271%)
entry 1575000/6485101 (24.2864%)
entry 1576000/6485101 (24.3019%)
entry 1577000/6485101 (24.3173%)
entry 1578000/6485101 (24.3327%)
entry 1580000/6485101 (24.3635%)
entry 1581000/6485101 (24.379%)
entry 1582000/6485101 (24.3944%)
entry 1584000/6485101 (24.4252%)
entry 1585000/6485101 (24.4406%)
entry 1587000/6485101 (24.4715%)
entry 1588000/6485101 (24.4869%)
entry 1590000/6485101 (24.5177%)
entry 1591000/6485101 (24.5332%)
entry 1593000/6485101 (24.564%)
entry 1594000/6485101 (24.5794%)
entry 1595000/6485101 (24.5948%)
entry 1596000/6485101 (24.6103%)
entry 1598000/6485101 (24.6411%)
entry 1599000/6485101 (24.6565%)
entry 1600000/6485101 (24.6719%)
entry 1601000/6485101 (24.6874%)
entry 1604000/6485101 (24.7336%)
entry 1605000/6485101 (24.749%)
entry 1606000/6485101 (24.7645%)
entry 1607000/6485101 (24.7799%)
entry 1611000/6485101 (24.8416%)
entry 1613000/6485101 (24.8724%)
entry 1614000/6485101 (24.8878%)
entry 1617000/6485101 (24.9341%)
entry 1619000/6485101 (24.9649%)
entry 1620000/6485101 (24.9803%)
entry 1621000/6485101 (24.9958%)
entry 1622000/6485101 (25.0112%)
entry 1623000/6485101 (25.0266%)
entry 1624000/6485101 (25.042%)
entry 1625000/6485101 (25.0574%)
entry 1627000/6485101 (25.0883%)
entry 1628000/6485101 (25.1037%)
entry 1629000/6485101 (25.1191%)
entry 1631000/6485101 (25.15%)
entry 1633000/6485101 (25.1808%)
entry 1634000/6485101 (25.1962%)
entry 1637000/6485101 (25.2425%)
entry 1639000/6485101 (25.2733%)
entry 1641000/6485101 (25.3042%)
entry 1642000/6485101 (25.3196%)
entry 1643000/6485101 (25.335%)
entry 1644000/6485101 (25.3504%)
entry 1645000/6485101 (25.3658%)
entry 1646000/6485101 (25.3813%)
entry 1648000/6485101 (25.4121%)
entry 1649000/6485101 (25.4275%)
entry 1651000/6485101 (25.4584%)
entry 1652000/6485101 (25.4738%)
entry 1653000/6485101 (25.4892%)
entry 1654000/6485101 (25.5046%)
entry 1656000/6485101 (25.5355%)
entry 1660000/6485101 (25.5971%)
entry 1661000/6485101 (25.6126%)
entry 1662000/6485101 (25.628%)
entry 1664000/6485101 (25.6588%)
entry 1665000/6485101 (25.6742%)
entry 1666000/6485101 (25.6897%)
entry 1668000/6485101 (25.7205%)
entry 1669000/6485101 (25.7359%)
entry 1670000/6485101 (25.7513%)
entry 1672000/6485101 (25.7822%)
entry 1673000/6485101 (25.7976%)
entry 1674000/6485101 (25.813%)
entry 1675000/6485101 (25.8284%)
entry 1676000/6485101 (25.8439%)
entry 1677000/6485101 (25.8593%)
entry 1678000/6485101 (25.8747%)
entry 1679000/6485101 (25.8901%)
entry 1680000/6485101 (25.9055%)
entry 1682000/6485101 (25.9364%)
entry 1683000/6485101 (25.9518%)
entry 1686000/6485101 (25.9981%)
entry 1687000/6485101 (26.0135%)
entry 1688000/6485101 (26.0289%)
entry 1691000/6485101 (26.0752%)
entry 1692000/6485101 (26.0906%)
entry 1693000/6485101 (26.106%)
entry 1694000/6485101 (26.1214%)
entry 1695000/6485101 (26.1368%)
entry 1696000/6485101 (26.1523%)
entry 1697000/6485101 (26.1677%)
entry 1698000/6485101 (26.1831%)
entry 1699000/6485101 (26.1985%)
entry 1702000/6485101 (26.2448%)
entry 1703000/6485101 (26.2602%)
entry 1705000/6485101 (26.291%)
entry 1706000/6485101 (26.3065%)
entry 1707000/6485101 (26.3219%)
entry 1709000/6485101 (26.3527%)
entry 1710000/6485101 (26.3681%)
entry 1711000/6485101 (26.3836%)
entry 1713000/6485101 (26.4144%)
entry 1715000/6485101 (26.4452%)
entry 1716000/6485101 (26.4607%)
entry 1717000/6485101 (26.4761%)
entry 1718000/6485101 (26.4915%)
entry 1719000/6485101 (26.5069%)
entry 1720000/6485101 (26.5223%)
entry 1722000/6485101 (26.5532%)
entry 1724000/6485101 (26.584%)
entry 1725000/6485101 (26.5994%)
entry 1727000/6485101 (26.6303%)
entry 1728000/6485101 (26.6457%)
entry 1729000/6485101 (26.6611%)
entry 1732000/6485101 (26.7074%)
entry 1733000/6485101 (26.7228%)
entry 1735000/6485101 (26.7536%)
entry 1736000/6485101 (26.7691%)
entry 1738000/6485101 (26.7999%)
entry 1739000/6485101 (26.8153%)
entry 1742000/6485101 (26.8616%)
entry 1743000/6485101 (26.877%)
entry 1744000/6485101 (26.8924%)
entry 1745000/6485101 (26.9078%)
entry 1747000/6485101 (26.9387%)
entry 1748000/6485101 (26.9541%)
entry 1749000/6485101 (26.9695%)
entry 1750000/6485101 (26.9849%)
entry 1752000/6485101 (27.0158%)
entry 1754000/6485101 (27.0466%)
entry 1755000/6485101 (27.062%)
entry 1757000/6485101 (27.0929%)
entry 1759000/6485101 (27.1237%)
entry 1760000/6485101 (27.1391%)
entry 1761000/6485101 (27.1545%)
entry 1762000/6485101 (27.17%)
entry 1763000/6485101 (27.1854%)
entry 1765000/6485101 (27.2162%)
entry 1766000/6485101 (27.2316%)
entry 1768000/6485101 (27.2625%)
entry 1769000/6485101 (27.2779%)
entry 1770000/6485101 (27.2933%)
entry 1774000/6485101 (27.355%)
entry 1775000/6485101 (27.3704%)
entry 1777000/6485101 (27.4013%)
entry 1782000/6485101 (27.4784%)
entry 1783000/6485101 (27.4938%)
entry 1784000/6485101 (27.5092%)
entry 1787000/6485101 (27.5555%)
entry 1788000/6485101 (27.5709%)
entry 1789000/6485101 (27.5863%)
entry 1790000/6485101 (27.6017%)
entry 1791000/6485101 (27.6171%)
entry 1792000/6485101 (27.6326%)
entry 1794000/6485101 (27.6634%)
entry 1795000/6485101 (27.6788%)
entry 1796000/6485101 (27.6942%)
entry 1797000/6485101 (27.7097%)
entry 1798000/6485101 (27.7251%)
entry 1799000/6485101 (27.7405%)
entry 1800000/6485101 (27.7559%)
entry 1801000/6485101 (27.7713%)
entry 1802000/6485101 (27.7868%)
entry 1803000/6485101 (27.8022%)
entry 1804000/6485101 (27.8176%)
entry 1805000/6485101 (27.833%)
entry 1807000/6485101 (27.8639%)
entry 1808000/6485101 (27.8793%)
entry 1809000/6485101 (27.8947%)
entry 1810000/6485101 (27.9101%)
entry 1811000/6485101 (27.9255%)
entry 1812000/6485101 (27.941%)
entry 1813000/6485101 (27.9564%)
entry 1814000/6485101 (27.9718%)
entry 1815000/6485101 (27.9872%)
entry 1816000/6485101 (28.0026%)
entry 1818000/6485101 (28.0335%)
entry 1820000/6485101 (28.0643%)
entry 1821000/6485101 (28.0797%)
entry 1822000/6485101 (28.0952%)
entry 1823000/6485101 (28.1106%)
entry 1824000/6485101 (28.126%)
entry 1825000/6485101 (28.1414%)
entry 1826000/6485101 (28.1568%)
entry 1827000/6485101 (28.1723%)
entry 1828000/6485101 (28.1877%)
entry 1829000/6485101 (28.2031%)
entry 1831000/6485101 (28.2339%)
entry 1833000/6485101 (28.2648%)
entry 1834000/6485101 (28.2802%)
entry 1835000/6485101 (28.2956%)
entry 1836000/6485101 (28.311%)
entry 1838000/6485101 (28.3419%)
entry 1839000/6485101 (28.3573%)
entry 1840000/6485101 (28.3727%)
entry 1842000/6485101 (28.4036%)
entry 1845000/6485101 (28.4498%)
entry 1849000/6485101 (28.5115%)
entry 1850000/6485101 (28.5269%)
entry 1851000/6485101 (28.5423%)
entry 1852000/6485101 (28.5578%)
entry 1853000/6485101 (28.5732%)
entry 1854000/6485101 (28.5886%)
entry 1856000/6485101 (28.6194%)
entry 1857000/6485101 (28.6349%)
entry 1858000/6485101 (28.6503%)
entry 1859000/6485101 (28.6657%)
entry 1860000/6485101 (28.6811%)
entry 1861000/6485101 (28.6965%)
entry 1862000/6485101 (28.712%)
entry 1864000/6485101 (28.7428%)
entry 1866000/6485101 (28.7736%)
entry 1867000/6485101 (28.7891%)
entry 1869000/6485101 (28.8199%)
entry 1870000/6485101 (28.8353%)
entry 1871000/6485101 (28.8507%)
entry 1873000/6485101 (28.8816%)
entry 1875000/6485101 (28.9124%)
entry 1877000/6485101 (28.9433%)
entry 1878000/6485101 (28.9587%)
entry 1879000/6485101 (28.9741%)
entry 1880000/6485101 (28.9895%)
entry 1881000/6485101 (29.0049%)
entry 1882000/6485101 (29.0204%)
entry 1884000/6485101 (29.0512%)
entry 1885000/6485101 (29.0666%)
entry 1887000/6485101 (29.0975%)
entry 1888000/6485101 (29.1129%)
entry 1889000/6485101 (29.1283%)
entry 1890000/6485101 (29.1437%)
entry 1891000/6485101 (29.1591%)
entry 1894000/6485101 (29.2054%)
entry 1896000/6485101 (29.2362%)
entry 1898000/6485101 (29.2671%)
entry 1899000/6485101 (29.2825%)
entry 1900000/6485101 (29.2979%)
entry 1902000/6485101 (29.3288%)
entry 1903000/6485101 (29.3442%)
entry 1904000/6485101 (29.3596%)
entry 1905000/6485101 (29.375%)
entry 1906000/6485101 (29.3904%)
entry 1908000/6485101 (29.4213%)
entry 1909000/6485101 (29.4367%)
entry 1910000/6485101 (29.4521%)
entry 1911000/6485101 (29.4675%)
entry 1912000/6485101 (29.483%)
entry 1913000/6485101 (29.4984%)
entry 1915000/6485101 (29.5292%)
entry 1917000/6485101 (29.5601%)
entry 1918000/6485101 (29.5755%)
entry 1919000/6485101 (29.5909%)
entry 1921000/6485101 (29.6217%)
entry 1922000/6485101 (29.6372%)
entry 1923000/6485101 (29.6526%)
entry 1924000/6485101 (29.668%)
entry 1925000/6485101 (29.6834%)
entry 1928000/6485101 (29.7297%)
entry 1929000/6485101 (29.7451%)
entry 1930000/6485101 (29.7605%)
entry 1932000/6485101 (29.7914%)
entry 1933000/6485101 (29.8068%)
entry 1934000/6485101 (29.8222%)
entry 1935000/6485101 (29.8376%)
entry 1936000/6485101 (29.853%)
entry 1937000/6485101 (29.8685%)
entry 1938000/6485101 (29.8839%)
entry 1939000/6485101 (29.8993%)
entry 1940000/6485101 (29.9147%)
entry 1941000/6485101 (29.9301%)
entry 1942000/6485101 (29.9456%)
entry 1943000/6485101 (29.961%)
entry 1946000/6485101 (30.0072%)
entry 1947000/6485101 (30.0227%)
entry 1948000/6485101 (30.0381%)
entry 1949000/6485101 (30.0535%)
entry 1951000/6485101 (30.0843%)
entry 1952000/6485101 (30.0998%)
entry 1953000/6485101 (30.1152%)
entry 1954000/6485101 (30.1306%)
entry 1956000/6485101 (30.1614%)
entry 1958000/6485101 (30.1923%)
entry 1959000/6485101 (30.2077%)
entry 1960000/6485101 (30.2231%)
entry 1961000/6485101 (30.2385%)
entry 1963000/6485101 (30.2694%)
entry 1964000/6485101 (30.2848%)
entry 1965000/6485101 (30.3002%)
entry 1966000/6485101 (30.3156%)
entry 1968000/6485101 (30.3465%)
entry 1970000/6485101 (30.3773%)
entry 1971000/6485101 (30.3927%)
entry 1973000/6485101 (30.4236%)
entry 1974000/6485101 (30.439%)
entry 1975000/6485101 (30.4544%)
entry 1977000/6485101 (30.4853%)
entry 1979000/6485101 (30.5161%)
entry 1980000/6485101 (30.5315%)
entry 1981000/6485101 (30.5469%)
entry 1982000/6485101 (30.5624%)
entry 1983000/6485101 (30.5778%)
entry 1984000/6485101 (30.5932%)
entry 1985000/6485101 (30.6086%)
entry 1986000/6485101 (30.624%)
entry 1987000/6485101 (30.6395%)
entry 1988000/6485101 (30.6549%)
entry 1989000/6485101 (30.6703%)
entry 1990000/6485101 (30.6857%)
entry 1991000/6485101 (30.7011%)
entry 1992000/6485101 (30.7166%)
entry 1993000/6485101 (30.732%)
entry 1994000/6485101 (30.7474%)
entry 1995000/6485101 (30.7628%)
entry 1999000/6485101 (30.8245%)
entry 2000000/6485101 (30.8399%)
entry 2001000/6485101 (30.8553%)
entry 2003000/6485101 (30.8862%)
entry 2004000/6485101 (30.9016%)
entry 2006000/6485101 (30.9324%)
entry 2007000/6485101 (30.9479%)
entry 2008000/6485101 (30.9633%)
entry 2009000/6485101 (30.9787%)
entry 2010000/6485101 (30.9941%)
entry 2011000/6485101 (31.0095%)
entry 2012000/6485101 (31.025%)
entry 2013000/6485101 (31.0404%)
entry 2014000/6485101 (31.0558%)
entry 2016000/6485101 (31.0866%)
entry 2019000/6485101 (31.1329%)
entry 2020000/6485101 (31.1483%)
entry 2021000/6485101 (31.1637%)
entry 2022000/6485101 (31.1792%)
entry 2024000/6485101 (31.21%)
entry 2026000/6485101 (31.2408%)
entry 2027000/6485101 (31.2563%)
entry 2029000/6485101 (31.2871%)
entry 2030000/6485101 (31.3025%)
entry 2031000/6485101 (31.3179%)
entry 2032000/6485101 (31.3334%)
entry 2034000/6485101 (31.3642%)
entry 2035000/6485101 (31.3796%)
entry 2036000/6485101 (31.395%)
entry 2038000/6485101 (31.4259%)
entry 2040000/6485101 (31.4567%)
entry 2041000/6485101 (31.4721%)
entry 2043000/6485101 (31.503%)
entry 2044000/6485101 (31.5184%)
entry 2045000/6485101 (31.5338%)
entry 2047000/6485101 (31.5647%)
entry 2049000/6485101 (31.5955%)
entry 2050000/6485101 (31.6109%)
entry 2051000/6485101 (31.6263%)
entry 2052000/6485101 (31.6418%)
entry 2054000/6485101 (31.6726%)
entry 2055000/6485101 (31.688%)
entry 2057000/6485101 (31.7189%)
entry 2058000/6485101 (31.7343%)
entry 2060000/6485101 (31.7651%)
entry 2061000/6485101 (31.7805%)
entry 2062000/6485101 (31.796%)
entry 2065000/6485101 (31.8422%)
entry 2066000/6485101 (31.8576%)
entry 2068000/6485101 (31.8885%)
entry 2069000/6485101 (31.9039%)
entry 2070000/6485101 (31.9193%)
entry 2071000/6485101 (31.9347%)
entry 2072000/6485101 (31.9502%)
entry 2073000/6485101 (31.9656%)
entry 2074000/6485101 (31.981%)
entry 2075000/6485101 (31.9964%)
entry 2076000/6485101 (32.0118%)
entry 2079000/6485101 (32.0581%)
entry 2080000/6485101 (32.0735%)
entry 2081000/6485101 (32.0889%)
entry 2083000/6485101 (32.1198%)
entry 2084000/6485101 (32.1352%)
entry 2085000/6485101 (32.1506%)
entry 2087000/6485101 (32.1815%)
entry 2088000/6485101 (32.1969%)
entry 2089000/6485101 (32.2123%)
entry 2091000/6485101 (32.2431%)
entry 2092000/6485101 (32.2586%)
entry 2093000/6485101 (32.274%)
entry 2094000/6485101 (32.2894%)
entry 2095000/6485101 (32.3048%)
entry 2096000/6485101 (32.3202%)
entry 2097000/6485101 (32.3357%)
entry 2098000/6485101 (32.3511%)
entry 2100000/6485101 (32.3819%)
entry 2101000/6485101 (32.3973%)
entry 2102000/6485101 (32.4128%)
entry 2103000/6485101 (32.4282%)
entry 2105000/6485101 (32.459%)
entry 2106000/6485101 (32.4744%)
entry 2107000/6485101 (32.4899%)
entry 2108000/6485101 (32.5053%)
entry 2111000/6485101 (32.5515%)
entry 2113000/6485101 (32.5824%)
entry 2116000/6485101 (32.6286%)
entry 2117000/6485101 (32.6441%)
entry 2118000/6485101 (32.6595%)
entry 2119000/6485101 (32.6749%)
entry 2120000/6485101 (32.6903%)
entry 2121000/6485101 (32.7057%)
entry 2122000/6485101 (32.7212%)
entry 2124000/6485101 (32.752%)
entry 2127000/6485101 (32.7983%)
entry 2129000/6485101 (32.8291%)
entry 2131000/6485101 (32.8599%)
entry 2132000/6485101 (32.8754%)
entry 2133000/6485101 (32.8908%)
entry 2134000/6485101 (32.9062%)
entry 2138000/6485101 (32.9679%)
entry 2140000/6485101 (32.9987%)
entry 2141000/6485101 (33.0141%)
entry 2142000/6485101 (33.0296%)
entry 2145000/6485101 (33.0758%)
entry 2146000/6485101 (33.0912%)
entry 2147000/6485101 (33.1067%)
entry 2149000/6485101 (33.1375%)
entry 2151000/6485101 (33.1683%)
entry 2152000/6485101 (33.1838%)
entry 2153000/6485101 (33.1992%)
entry 2154000/6485101 (33.2146%)
entry 2155000/6485101 (33.23%)
entry 2156000/6485101 (33.2454%)
entry 2157000/6485101 (33.2609%)
entry 2159000/6485101 (33.2917%)
entry 2160000/6485101 (33.3071%)
entry 2161000/6485101 (33.3225%)
entry 2163000/6485101 (33.3534%)
entry 2164000/6485101 (33.3688%)
entry 2165000/6485101 (33.3842%)
entry 2167000/6485101 (33.4151%)
entry 2168000/6485101 (33.4305%)
entry 2169000/6485101 (33.4459%)
entry 2172000/6485101 (33.4922%)
entry 2173000/6485101 (33.5076%)
entry 2174000/6485101 (33.523%)
entry 2175000/6485101 (33.5384%)
entry 2177000/6485101 (33.5693%)
entry 2178000/6485101 (33.5847%)
entry 2180000/6485101 (33.6155%)
entry 2182000/6485101 (33.6464%)
entry 2183000/6485101 (33.6618%)
entry 2184000/6485101 (33.6772%)
entry 2186000/6485101 (33.708%)
entry 2187000/6485101 (33.7235%)
entry 2188000/6485101 (33.7389%)
entry 2189000/6485101 (33.7543%)
entry 2190000/6485101 (33.7697%)
entry 2192000/6485101 (33.8006%)
entry 2193000/6485101 (33.816%)
entry 2194000/6485101 (33.8314%)
entry 2195000/6485101 (33.8468%)
entry 2197000/6485101 (33.8777%)
entry 2198000/6485101 (33.8931%)
entry 2199000/6485101 (33.9085%)
entry 2200000/6485101 (33.9239%)
entry 2202000/6485101 (33.9548%)
entry 2204000/6485101 (33.9856%)
entry 2206000/6485101 (34.0164%)
entry 2207000/6485101 (34.0319%)
entry 2208000/6485101 (34.0473%)
entry 2209000/6485101 (34.0627%)
entry 2210000/6485101 (34.0781%)
entry 2211000/6485101 (34.0935%)
entry 2212000/6485101 (34.109%)
entry 2213000/6485101 (34.1244%)
entry 2214000/6485101 (34.1398%)
entry 2215000/6485101 (34.1552%)
entry 2216000/6485101 (34.1706%)
entry 2218000/6485101 (34.2015%)
entry 2221000/6485101 (34.2477%)
entry 2222000/6485101 (34.2632%)
entry 2223000/6485101 (34.2786%)
entry 2225000/6485101 (34.3094%)
entry 2226000/6485101 (34.3248%)
entry 2227000/6485101 (34.3403%)
entry 2229000/6485101 (34.3711%)
entry 2230000/6485101 (34.3865%)
entry 2233000/6485101 (34.4328%)
entry 2234000/6485101 (34.4482%)
entry 2235000/6485101 (34.4636%)
entry 2236000/6485101 (34.479%)
entry 2238000/6485101 (34.5099%)
entry 2239000/6485101 (34.5253%)
entry 2240000/6485101 (34.5407%)
entry 2241000/6485101 (34.5561%)
entry 2242000/6485101 (34.5716%)
entry 2243000/6485101 (34.587%)
entry 2245000/6485101 (34.6178%)
entry 2246000/6485101 (34.6332%)
entry 2247000/6485101 (34.6487%)
entry 2248000/6485101 (34.6641%)
entry 2249000/6485101 (34.6795%)
entry 2250000/6485101 (34.6949%)
entry 2251000/6485101 (34.7103%)
entry 2252000/6485101 (34.7257%)
entry 2253000/6485101 (34.7412%)
entry 2256000/6485101 (34.7874%)
entry 2257000/6485101 (34.8029%)
entry 2258000/6485101 (34.8183%)
entry 2261000/6485101 (34.8645%)
entry 2262000/6485101 (34.8799%)
entry 2264000/6485101 (34.9108%)
entry 2265000/6485101 (34.9262%)
entry 2266000/6485101 (34.9416%)
entry 2268000/6485101 (34.9725%)
entry 2269000/6485101 (34.9879%)
entry 2270000/6485101 (35.0033%)
entry 2273000/6485101 (35.0496%)
entry 2274000/6485101 (35.065%)
entry 2275000/6485101 (35.0804%)
entry 2276000/6485101 (35.0958%)
entry 2277000/6485101 (35.1112%)
entry 2278000/6485101 (35.1267%)
entry 2279000/6485101 (35.1421%)
entry 2280000/6485101 (35.1575%)
entry 2281000/6485101 (35.1729%)
entry 2283000/6485101 (35.2038%)
entry 2284000/6485101 (35.2192%)
entry 2287000/6485101 (35.2654%)
entry 2290000/6485101 (35.3117%)
entry 2291000/6485101 (35.3271%)
entry 2295000/6485101 (35.3888%)
entry 2297000/6485101 (35.4196%)
entry 2298000/6485101 (35.4351%)
entry 2299000/6485101 (35.4505%)
entry 2300000/6485101 (35.4659%)
entry 2301000/6485101 (35.4813%)
entry 2303000/6485101 (35.5122%)
entry 2306000/6485101 (35.5584%)
entry 2307000/6485101 (35.5738%)
entry 2308000/6485101 (35.5893%)
entry 2309000/6485101 (35.6047%)
entry 2310000/6485101 (35.6201%)
entry 2311000/6485101 (35.6355%)
entry 2312000/6485101 (35.6509%)
entry 2313000/6485101 (35.6664%)
entry 2314000/6485101 (35.6818%)
entry 2315000/6485101 (35.6972%)
entry 2316000/6485101 (35.7126%)
entry 2317000/6485101 (35.728%)
entry 2318000/6485101 (35.7435%)
entry 2319000/6485101 (35.7589%)
entry 2320000/6485101 (35.7743%)
entry 2321000/6485101 (35.7897%)
entry 2322000/6485101 (35.8051%)
entry 2323000/6485101 (35.8206%)
entry 2324000/6485101 (35.836%)
entry 2325000/6485101 (35.8514%)
entry 2326000/6485101 (35.8668%)
entry 2327000/6485101 (35.8822%)
entry 2328000/6485101 (35.8977%)
entry 2329000/6485101 (35.9131%)
entry 2331000/6485101 (35.9439%)
entry 2332000/6485101 (35.9593%)
entry 2333000/6485101 (35.9748%)
entry 2334000/6485101 (35.9902%)
entry 2335000/6485101 (36.0056%)
entry 2337000/6485101 (36.0364%)
entry 2338000/6485101 (36.0519%)
entry 2339000/6485101 (36.0673%)
entry 2340000/6485101 (36.0827%)
entry 2342000/6485101 (36.1135%)
entry 2343000/6485101 (36.129%)
entry 2344000/6485101 (36.1444%)
entry 2345000/6485101 (36.1598%)
entry 2346000/6485101 (36.1752%)
entry 2348000/6485101 (36.2061%)
entry 2350000/6485101 (36.2369%)
entry 2351000/6485101 (36.2523%)
entry 2353000/6485101 (36.2832%)
entry 2354000/6485101 (36.2986%)
entry 2355000/6485101 (36.314%)
entry 2356000/6485101 (36.3294%)
entry 2358000/6485101 (36.3603%)
entry 2359000/6485101 (36.3757%)
entry 2360000/6485101 (36.3911%)
entry 2361000/6485101 (36.4065%)
entry 2362000/6485101 (36.4219%)
entry 2363000/6485101 (36.4374%)
entry 2366000/6485101 (36.4836%)
entry 2367000/6485101 (36.499%)
entry 2368000/6485101 (36.5145%)
entry 2369000/6485101 (36.5299%)
entry 2370000/6485101 (36.5453%)
entry 2371000/6485101 (36.5607%)
entry 2372000/6485101 (36.5761%)
entry 2373000/6485101 (36.5916%)
entry 2374000/6485101 (36.607%)
entry 2375000/6485101 (36.6224%)
entry 2376000/6485101 (36.6378%)
entry 2377000/6485101 (36.6532%)
entry 2380000/6485101 (36.6995%)
entry 2381000/6485101 (36.7149%)
entry 2384000/6485101 (36.7612%)
entry 2385000/6485101 (36.7766%)
entry 2386000/6485101 (36.792%)
entry 2389000/6485101 (36.8383%)
entry 2390000/6485101 (36.8537%)
entry 2391000/6485101 (36.8691%)
entry 2392000/6485101 (36.8845%)
entry 2394000/6485101 (36.9154%)
entry 2395000/6485101 (36.9308%)
entry 2396000/6485101 (36.9462%)
entry 2397000/6485101 (36.9616%)
entry 2398000/6485101 (36.9771%)
entry 2399000/6485101 (36.9925%)
entry 2400000/6485101 (37.0079%)
entry 2401000/6485101 (37.0233%)
entry 2402000/6485101 (37.0387%)
entry 2404000/6485101 (37.0696%)
entry 2405000/6485101 (37.085%)
entry 2406000/6485101 (37.1004%)
entry 2407000/6485101 (37.1158%)
entry 2408000/6485101 (37.1313%)
entry 2409000/6485101 (37.1467%)
entry 2411000/6485101 (37.1775%)
entry 2412000/6485101 (37.1929%)
entry 2413000/6485101 (37.2084%)
entry 2414000/6485101 (37.2238%)
entry 2416000/6485101 (37.2546%)
entry 2417000/6485101 (37.27%)
entry 2418000/6485101 (37.2855%)
entry 2420000/6485101 (37.3163%)
entry 2421000/6485101 (37.3317%)
entry 2422000/6485101 (37.3471%)
entry 2423000/6485101 (37.3626%)
entry 2424000/6485101 (37.378%)
entry 2425000/6485101 (37.3934%)
entry 2426000/6485101 (37.4088%)
entry 2427000/6485101 (37.4242%)
entry 2428000/6485101 (37.4397%)
entry 2429000/6485101 (37.4551%)
entry 2430000/6485101 (37.4705%)
entry 2432000/6485101 (37.5013%)
entry 2433000/6485101 (37.5168%)
entry 2434000/6485101 (37.5322%)
entry 2435000/6485101 (37.5476%)
entry 2436000/6485101 (37.563%)
entry 2437000/6485101 (37.5784%)
entry 2439000/6485101 (37.6093%)
entry 2441000/6485101 (37.6401%)
entry 2442000/6485101 (37.6555%)
entry 2443000/6485101 (37.671%)
entry 2444000/6485101 (37.6864%)
entry 2445000/6485101 (37.7018%)
entry 2446000/6485101 (37.7172%)
entry 2447000/6485101 (37.7326%)
entry 2448000/6485101 (37.7481%)
entry 2449000/6485101 (37.7635%)
entry 2450000/6485101 (37.7789%)
entry 2451000/6485101 (37.7943%)
entry 2452000/6485101 (37.8097%)
entry 2453000/6485101 (37.8252%)
entry 2455000/6485101 (37.856%)
entry 2456000/6485101 (37.8714%)
entry 2457000/6485101 (37.8868%)
entry 2459000/6485101 (37.9177%)
entry 2460000/6485101 (37.9331%)
entry 2461000/6485101 (37.9485%)
entry 2462000/6485101 (37.9639%)
entry 2466000/6485101 (38.0256%)
entry 2468000/6485101 (38.0565%)
entry 2469000/6485101 (38.0719%)
entry 2470000/6485101 (38.0873%)
entry 2476000/6485101 (38.1798%)
entry 2479000/6485101 (38.2261%)
entry 2480000/6485101 (38.2415%)
entry 2481000/6485101 (38.2569%)
entry 2482000/6485101 (38.2723%)
entry 2483000/6485101 (38.2878%)
entry 2484000/6485101 (38.3032%)
entry 2485000/6485101 (38.3186%)
entry 2486000/6485101 (38.334%)
entry 2487000/6485101 (38.3494%)
entry 2489000/6485101 (38.3803%)
entry 2490000/6485101 (38.3957%)
entry 2491000/6485101 (38.4111%)
entry 2492000/6485101 (38.4265%)
entry 2493000/6485101 (38.442%)
entry 2494000/6485101 (38.4574%)
entry 2495000/6485101 (38.4728%)
entry 2496000/6485101 (38.4882%)
entry 2498000/6485101 (38.5191%)
entry 2499000/6485101 (38.5345%)
entry 2500000/6485101 (38.5499%)
entry 2504000/6485101 (38.6116%)
entry 2508000/6485101 (38.6733%)
entry 2509000/6485101 (38.6887%)
entry 2511000/6485101 (38.7195%)
entry 2512000/6485101 (38.7349%)
entry 2514000/6485101 (38.7658%)
entry 2515000/6485101 (38.7812%)
entry 2516000/6485101 (38.7966%)
entry 2517000/6485101 (38.812%)
entry 2518000/6485101 (38.8275%)
entry 2521000/6485101 (38.8737%)
entry 2522000/6485101 (38.8891%)
entry 2523000/6485101 (38.9046%)
entry 2524000/6485101 (38.92%)
entry 2525000/6485101 (38.9354%)
entry 2526000/6485101 (38.9508%)
entry 2527000/6485101 (38.9662%)
entry 2528000/6485101 (38.9817%)
entry 2529000/6485101 (38.9971%)
entry 2531000/6485101 (39.0279%)
entry 2535000/6485101 (39.0896%)
entry 2537000/6485101 (39.1204%)
entry 2539000/6485101 (39.1513%)
entry 2540000/6485101 (39.1667%)
entry 2541000/6485101 (39.1821%)
entry 2543000/6485101 (39.213%)
entry 2544000/6485101 (39.2284%)
entry 2545000/6485101 (39.2438%)
entry 2547000/6485101 (39.2746%)
entry 2548000/6485101 (39.2901%)
entry 2549000/6485101 (39.3055%)
entry 2550000/6485101 (39.3209%)
entry 2553000/6485101 (39.3672%)
entry 2555000/6485101 (39.398%)
entry 2556000/6485101 (39.4134%)
entry 2557000/6485101 (39.4288%)
entry 2558000/6485101 (39.4443%)
entry 2559000/6485101 (39.4597%)
entry 2560000/6485101 (39.4751%)
entry 2561000/6485101 (39.4905%)
entry 2564000/6485101 (39.5368%)
entry 2566000/6485101 (39.5676%)
entry 2568000/6485101 (39.5985%)
entry 2569000/6485101 (39.6139%)
entry 2570000/6485101 (39.6293%)
entry 2571000/6485101 (39.6447%)
entry 2578000/6485101 (39.7527%)
entry 2579000/6485101 (39.7681%)
entry 2580000/6485101 (39.7835%)
entry 2581000/6485101 (39.7989%)
entry 2582000/6485101 (39.8143%)
entry 2584000/6485101 (39.8452%)
entry 2585000/6485101 (39.8606%)
entry 2586000/6485101 (39.876%)
entry 2587000/6485101 (39.8914%)
entry 2588000/6485101 (39.9069%)
entry 2589000/6485101 (39.9223%)
entry 2590000/6485101 (39.9377%)
entry 2591000/6485101 (39.9531%)
entry 2592000/6485101 (39.9685%)
entry 2593000/6485101 (39.984%)
entry 2594000/6485101 (39.9994%)
entry 2595000/6485101 (40.0148%)
entry 2597000/6485101 (40.0456%)
entry 2599000/6485101 (40.0765%)
entry 2600000/6485101 (40.0919%)
entry 2601000/6485101 (40.1073%)
entry 2602000/6485101 (40.1227%)
entry 2604000/6485101 (40.1536%)
entry 2605000/6485101 (40.169%)
entry 2606000/6485101 (40.1844%)
entry 2607000/6485101 (40.1998%)
entry 2608000/6485101 (40.2153%)
entry 2609000/6485101 (40.2307%)
entry 2610000/6485101 (40.2461%)
entry 2611000/6485101 (40.2615%)
entry 2612000/6485101 (40.2769%)
entry 2613000/6485101 (40.2924%)
entry 2614000/6485101 (40.3078%)
entry 2615000/6485101 (40.3232%)
entry 2616000/6485101 (40.3386%)
entry 2618000/6485101 (40.3695%)
entry 2619000/6485101 (40.3849%)
entry 2620000/6485101 (40.4003%)
entry 2621000/6485101 (40.4157%)
entry 2622000/6485101 (40.4311%)
entry 2623000/6485101 (40.4466%)
entry 2624000/6485101 (40.462%)
entry 2625000/6485101 (40.4774%)
entry 2626000/6485101 (40.4928%)
entry 2628000/6485101 (40.5237%)
entry 2629000/6485101 (40.5391%)
entry 2633000/6485101 (40.6008%)
entry 2634000/6485101 (40.6162%)
entry 2636000/6485101 (40.647%)
entry 2637000/6485101 (40.6624%)
entry 2639000/6485101 (40.6933%)
entry 2640000/6485101 (40.7087%)
entry 2641000/6485101 (40.7241%)
entry 2643000/6485101 (40.755%)
entry 2644000/6485101 (40.7704%)
entry 2645000/6485101 (40.7858%)
entry 2646000/6485101 (40.8012%)
entry 2647000/6485101 (40.8166%)
entry 2648000/6485101 (40.8321%)
entry 2649000/6485101 (40.8475%)
entry 2650000/6485101 (40.8629%)
entry 2653000/6485101 (40.9092%)
entry 2654000/6485101 (40.9246%)
entry 2655000/6485101 (40.94%)
entry 2656000/6485101 (40.9554%)
entry 2658000/6485101 (40.9863%)
entry 2659000/6485101 (41.0017%)
entry 2663000/6485101 (41.0634%)
entry 2664000/6485101 (41.0788%)
entry 2666000/6485101 (41.1096%)
entry 2667000/6485101 (41.125%)
entry 2668000/6485101 (41.1405%)
entry 2669000/6485101 (41.1559%)
entry 2670000/6485101 (41.1713%)
entry 2671000/6485101 (41.1867%)
entry 2672000/6485101 (41.2021%)
entry 2673000/6485101 (41.2176%)
entry 2674000/6485101 (41.233%)
entry 2675000/6485101 (41.2484%)
entry 2677000/6485101 (41.2792%)
entry 2678000/6485101 (41.2947%)
entry 2679000/6485101 (41.3101%)
entry 2680000/6485101 (41.3255%)
entry 2682000/6485101 (41.3563%)
entry 2683000/6485101 (41.3718%)
entry 2684000/6485101 (41.3872%)
entry 2685000/6485101 (41.4026%)
entry 2688000/6485101 (41.4489%)
entry 2689000/6485101 (41.4643%)
entry 2690000/6485101 (41.4797%)
entry 2692000/6485101 (41.5105%)
entry 2693000/6485101 (41.526%)
entry 2694000/6485101 (41.5414%)
entry 2695000/6485101 (41.5568%)
entry 2696000/6485101 (41.5722%)
entry 2697000/6485101 (41.5876%)
entry 2698000/6485101 (41.6031%)
entry 2700000/6485101 (41.6339%)
entry 2701000/6485101 (41.6493%)
entry 2702000/6485101 (41.6647%)
entry 2703000/6485101 (41.6802%)
entry 2706000/6485101 (41.7264%)
entry 2707000/6485101 (41.7418%)
entry 2708000/6485101 (41.7573%)
entry 2709000/6485101 (41.7727%)
entry 2710000/6485101 (41.7881%)
entry 2711000/6485101 (41.8035%)
entry 2712000/6485101 (41.8189%)
entry 2713000/6485101 (41.8344%)
entry 2714000/6485101 (41.8498%)
entry 2715000/6485101 (41.8652%)
entry 2716000/6485101 (41.8806%)
entry 2717000/6485101 (41.896%)
entry 2718000/6485101 (41.9115%)
entry 2720000/6485101 (41.9423%)
entry 2722000/6485101 (41.9731%)
entry 2723000/6485101 (41.9886%)
entry 2726000/6485101 (42.0348%)
entry 2727000/6485101 (42.0502%)
entry 2728000/6485101 (42.0657%)
entry 2729000/6485101 (42.0811%)
entry 2731000/6485101 (42.1119%)
entry 2732000/6485101 (42.1273%)
entry 2733000/6485101 (42.1428%)
entry 2734000/6485101 (42.1582%)
entry 2736000/6485101 (42.189%)
entry 2737000/6485101 (42.2044%)
entry 2738000/6485101 (42.2199%)
entry 2739000/6485101 (42.2353%)
entry 2740000/6485101 (42.2507%)
entry 2741000/6485101 (42.2661%)
entry 2743000/6485101 (42.297%)
entry 2744000/6485101 (42.3124%)
entry 2746000/6485101 (42.3432%)
entry 2747000/6485101 (42.3586%)
entry 2750000/6485101 (42.4049%)
entry 2751000/6485101 (42.4203%)
entry 2752000/6485101 (42.4357%)
entry 2753000/6485101 (42.4512%)
entry 2754000/6485101 (42.4666%)
entry 2755000/6485101 (42.482%)
entry 2756000/6485101 (42.4974%)
entry 2757000/6485101 (42.5128%)
entry 2759000/6485101 (42.5437%)
entry 2760000/6485101 (42.5591%)
entry 2761000/6485101 (42.5745%)
entry 2762000/6485101 (42.5899%)
entry 2763000/6485101 (42.6053%)
entry 2764000/6485101 (42.6208%)
entry 2765000/6485101 (42.6362%)
entry 2766000/6485101 (42.6516%)
entry 2767000/6485101 (42.667%)
entry 2768000/6485101 (42.6825%)
entry 2771000/6485101 (42.7287%)
entry 2772000/6485101 (42.7441%)
entry 2773000/6485101 (42.7595%)
entry 2774000/6485101 (42.775%)
entry 2775000/6485101 (42.7904%)
entry 2777000/6485101 (42.8212%)
entry 2779000/6485101 (42.8521%)
entry 2781000/6485101 (42.8829%)
entry 2782000/6485101 (42.8983%)
entry 2785000/6485101 (42.9446%)
entry 2789000/6485101 (43.0063%)
entry 2790000/6485101 (43.0217%)
entry 2791000/6485101 (43.0371%)
entry 2793000/6485101 (43.068%)
entry 2794000/6485101 (43.0834%)
entry 2795000/6485101 (43.0988%)
entry 2796000/6485101 (43.1142%)
entry 2798000/6485101 (43.145%)
entry 2799000/6485101 (43.1605%)
entry 2800000/6485101 (43.1759%)
entry 2802000/6485101 (43.2067%)
entry 2805000/6485101 (43.253%)
entry 2806000/6485101 (43.2684%)
entry 2807000/6485101 (43.2838%)
entry 2808000/6485101 (43.2992%)
entry 2809000/6485101 (43.3147%)
entry 2810000/6485101 (43.3301%)
entry 2814000/6485101 (43.3918%)
entry 2815000/6485101 (43.4072%)
entry 2816000/6485101 (43.4226%)
entry 2817000/6485101 (43.438%)
entry 2819000/6485101 (43.4689%)
entry 2821000/6485101 (43.4997%)
entry 2822000/6485101 (43.5151%)
entry 2823000/6485101 (43.5305%)
entry 2825000/6485101 (43.5614%)
entry 2827000/6485101 (43.5922%)
entry 2828000/6485101 (43.6076%)
entry 2829000/6485101 (43.6231%)
entry 2830000/6485101 (43.6385%)
entry 2833000/6485101 (43.6847%)
entry 2834000/6485101 (43.7002%)
entry 2836000/6485101 (43.731%)
entry 2837000/6485101 (43.7464%)
entry 2838000/6485101 (43.7618%)
entry 2841000/6485101 (43.8081%)
entry 2842000/6485101 (43.8235%)
entry 2846000/6485101 (43.8852%)
entry 2849000/6485101 (43.9315%)
entry 2850000/6485101 (43.9469%)
entry 2853000/6485101 (43.9931%)
entry 2855000/6485101 (44.024%)
entry 2856000/6485101 (44.0394%)
entry 2857000/6485101 (44.0548%)
entry 2859000/6485101 (44.0857%)
entry 2861000/6485101 (44.1165%)
entry 2863000/6485101 (44.1473%)
entry 2864000/6485101 (44.1628%)
entry 2865000/6485101 (44.1782%)
entry 2866000/6485101 (44.1936%)
entry 2867000/6485101 (44.209%)
entry 2869000/6485101 (44.2399%)
entry 2870000/6485101 (44.2553%)
entry 2871000/6485101 (44.2707%)
entry 2872000/6485101 (44.2861%)
entry 2873000/6485101 (44.3015%)
entry 2874000/6485101 (44.317%)
entry 2875000/6485101 (44.3324%)
entry 2876000/6485101 (44.3478%)
entry 2877000/6485101 (44.3632%)
entry 2878000/6485101 (44.3786%)
entry 2879000/6485101 (44.3941%)
entry 2881000/6485101 (44.4249%)
entry 2882000/6485101 (44.4403%)
entry 2883000/6485101 (44.4557%)
entry 2885000/6485101 (44.4866%)
entry 2886000/6485101 (44.502%)
entry 2889000/6485101 (44.5483%)
entry 2890000/6485101 (44.5637%)
entry 2891000/6485101 (44.5791%)
entry 2892000/6485101 (44.5945%)
entry 2894000/6485101 (44.6254%)
entry 2895000/6485101 (44.6408%)
entry 2897000/6485101 (44.6716%)
entry 2898000/6485101 (44.687%)
entry 2899000/6485101 (44.7025%)
entry 2900000/6485101 (44.7179%)
entry 2901000/6485101 (44.7333%)
entry 2902000/6485101 (44.7487%)
entry 2906000/6485101 (44.8104%)
entry 2907000/6485101 (44.8258%)
entry 2908000/6485101 (44.8412%)
entry 2910000/6485101 (44.8721%)
entry 2911000/6485101 (44.8875%)
entry 2912000/6485101 (44.9029%)
entry 2913000/6485101 (44.9183%)
entry 2914000/6485101 (44.9338%)
entry 2915000/6485101 (44.9492%)
entry 2916000/6485101 (44.9646%)
entry 2917000/6485101 (44.98%)
entry 2918000/6485101 (44.9954%)
entry 2919000/6485101 (45.0109%)
entry 2922000/6485101 (45.0571%)
entry 2923000/6485101 (45.0725%)
entry 2924000/6485101 (45.088%)
entry 2925000/6485101 (45.1034%)
entry 2926000/6485101 (45.1188%)
entry 2927000/6485101 (45.1342%)
entry 2928000/6485101 (45.1496%)
entry 2929000/6485101 (45.1651%)
entry 2930000/6485101 (45.1805%)
entry 2931000/6485101 (45.1959%)
entry 2933000/6485101 (45.2267%)
entry 2934000/6485101 (45.2422%)
entry 2937000/6485101 (45.2884%)
entry 2941000/6485101 (45.3501%)
entry 2942000/6485101 (45.3655%)
entry 2944000/6485101 (45.3964%)
entry 2945000/6485101 (45.4118%)
entry 2946000/6485101 (45.4272%)
entry 2947000/6485101 (45.4426%)
entry 2950000/6485101 (45.4889%)
entry 2951000/6485101 (45.5043%)
entry 2952000/6485101 (45.5197%)
entry 2953000/6485101 (45.5351%)
entry 2954000/6485101 (45.5506%)
entry 2955000/6485101 (45.566%)
entry 2960000/6485101 (45.6431%)
entry 2961000/6485101 (45.6585%)
entry 2962000/6485101 (45.6739%)
entry 2964000/6485101 (45.7048%)
entry 2965000/6485101 (45.7202%)
entry 2966000/6485101 (45.7356%)
entry 2967000/6485101 (45.751%)
entry 2969000/6485101 (45.7819%)
entry 2970000/6485101 (45.7973%)
entry 2971000/6485101 (45.8127%)
entry 2973000/6485101 (45.8435%)
entry 2974000/6485101 (45.859%)
entry 2975000/6485101 (45.8744%)
entry 2978000/6485101 (45.9206%)
entry 2979000/6485101 (45.9361%)
entry 2980000/6485101 (45.9515%)
entry 2981000/6485101 (45.9669%)
entry 2982000/6485101 (45.9823%)
entry 2983000/6485101 (45.9977%)
entry 2984000/6485101 (46.0132%)
entry 2985000/6485101 (46.0286%)
entry 2986000/6485101 (46.044%)
entry 2987000/6485101 (46.0594%)
entry 2988000/6485101 (46.0748%)
entry 2989000/6485101 (46.0903%)
entry 2990000/6485101 (46.1057%)
entry 2993000/6485101 (46.1519%)
entry 2994000/6485101 (46.1674%)
entry 2995000/6485101 (46.1828%)
entry 2997000/6485101 (46.2136%)
entry 2998000/6485101 (46.229%)
entry 2999000/6485101 (46.2445%)
entry 3000000/6485101 (46.2599%)
entry 3001000/6485101 (46.2753%)
entry 3002000/6485101 (46.2907%)
entry 3004000/6485101 (46.3216%)
entry 3005000/6485101 (46.337%)
entry 3006000/6485101 (46.3524%)
entry 3009000/6485101 (46.3987%)
entry 3010000/6485101 (46.4141%)
entry 3012000/6485101 (46.4449%)
entry 3014000/6485101 (46.4758%)
entry 3015000/6485101 (46.4912%)
entry 3016000/6485101 (46.5066%)
entry 3017000/6485101 (46.522%)
entry 3018000/6485101 (46.5374%)
entry 3019000/6485101 (46.5529%)
entry 3022000/6485101 (46.5991%)
entry 3023000/6485101 (46.6145%)
entry 3024000/6485101 (46.63%)
entry 3027000/6485101 (46.6762%)
entry 3028000/6485101 (46.6916%)
entry 3030000/6485101 (46.7225%)
entry 3031000/6485101 (46.7379%)
entry 3032000/6485101 (46.7533%)
entry 3034000/6485101 (46.7842%)
entry 3036000/6485101 (46.815%)
entry 3038000/6485101 (46.8458%)
entry 3039000/6485101 (46.8613%)
entry 3040000/6485101 (46.8767%)
entry 3041000/6485101 (46.8921%)
entry 3042000/6485101 (46.9075%)
entry 3043000/6485101 (46.9229%)
entry 3044000/6485101 (46.9384%)
entry 3047000/6485101 (46.9846%)
entry 3048000/6485101 (47%)
entry 3049000/6485101 (47.0155%)
entry 3051000/6485101 (47.0463%)
entry 3052000/6485101 (47.0617%)
entry 3054000/6485101 (47.0926%)
entry 3055000/6485101 (47.108%)
entry 3056000/6485101 (47.1234%)
entry 3057000/6485101 (47.1388%)
entry 3058000/6485101 (47.1542%)
entry 3061000/6485101 (47.2005%)
entry 3062000/6485101 (47.2159%)
entry 3063000/6485101 (47.2313%)
entry 3065000/6485101 (47.2622%)
entry 3066000/6485101 (47.2776%)
entry 3067000/6485101 (47.293%)
entry 3068000/6485101 (47.3084%)
entry 3070000/6485101 (47.3393%)
entry 3071000/6485101 (47.3547%)
entry 3072000/6485101 (47.3701%)
entry 3073000/6485101 (47.3855%)
entry 3074000/6485101 (47.401%)
entry 3076000/6485101 (47.4318%)
entry 3077000/6485101 (47.4472%)
entry 3078000/6485101 (47.4626%)
entry 3079000/6485101 (47.4781%)
entry 3080000/6485101 (47.4935%)
entry 3081000/6485101 (47.5089%)
entry 3082000/6485101 (47.5243%)
entry 3083000/6485101 (47.5397%)
entry 3085000/6485101 (47.5706%)
entry 3086000/6485101 (47.586%)
entry 3087000/6485101 (47.6014%)
entry 3088000/6485101 (47.6168%)
entry 3089000/6485101 (47.6323%)
entry 3090000/6485101 (47.6477%)
entry 3091000/6485101 (47.6631%)
entry 3092000/6485101 (47.6785%)
entry 3095000/6485101 (47.7248%)
entry 3096000/6485101 (47.7402%)
entry 3097000/6485101 (47.7556%)
entry 3098000/6485101 (47.771%)
entry 3099000/6485101 (47.7865%)
entry 3101000/6485101 (47.8173%)
entry 3102000/6485101 (47.8327%)
entry 3103000/6485101 (47.8481%)
entry 3104000/6485101 (47.8636%)
entry 3106000/6485101 (47.8944%)
entry 3107000/6485101 (47.9098%)
entry 3108000/6485101 (47.9252%)
entry 3109000/6485101 (47.9407%)
entry 3111000/6485101 (47.9715%)
entry 3112000/6485101 (47.9869%)
entry 3113000/6485101 (48.0023%)
entry 3114000/6485101 (48.0178%)
entry 3115000/6485101 (48.0332%)
entry 3116000/6485101 (48.0486%)
entry 3117000/6485101 (48.064%)
entry 3118000/6485101 (48.0794%)
entry 3120000/6485101 (48.1103%)
entry 3121000/6485101 (48.1257%)
entry 3123000/6485101 (48.1565%)
entry 3125000/6485101 (48.1874%)
entry 3127000/6485101 (48.2182%)
entry 3128000/6485101 (48.2336%)
entry 3129000/6485101 (48.2491%)
entry 3130000/6485101 (48.2645%)
entry 3131000/6485101 (48.2799%)
entry 3132000/6485101 (48.2953%)
entry 3133000/6485101 (48.3107%)
entry 3134000/6485101 (48.3262%)
entry 3135000/6485101 (48.3416%)
entry 3136000/6485101 (48.357%)
entry 3137000/6485101 (48.3724%)
entry 3139000/6485101 (48.4033%)
entry 3140000/6485101 (48.4187%)
entry 3141000/6485101 (48.4341%)
entry 3143000/6485101 (48.4649%)
entry 3145000/6485101 (48.4958%)
entry 3146000/6485101 (48.5112%)
entry 3147000/6485101 (48.5266%)
entry 3149000/6485101 (48.5575%)
entry 3152000/6485101 (48.6037%)
entry 3153000/6485101 (48.6191%)
entry 3155000/6485101 (48.65%)
entry 3156000/6485101 (48.6654%)
entry 3157000/6485101 (48.6808%)
entry 3159000/6485101 (48.7117%)
entry 3162000/6485101 (48.7579%)
entry 3163000/6485101 (48.7733%)
entry 3164000/6485101 (48.7888%)
entry 3165000/6485101 (48.8042%)
entry 3166000/6485101 (48.8196%)
entry 3167000/6485101 (48.835%)
entry 3169000/6485101 (48.8659%)
entry 3170000/6485101 (48.8813%)
entry 3171000/6485101 (48.8967%)
entry 3173000/6485101 (48.9275%)
entry 3176000/6485101 (48.9738%)
entry 3177000/6485101 (48.9892%)
entry 3178000/6485101 (49.0046%)
entry 3180000/6485101 (49.0355%)
entry 3182000/6485101 (49.0663%)
entry 3183000/6485101 (49.0817%)
entry 3185000/6485101 (49.1126%)
entry 3188000/6485101 (49.1588%)
entry 3189000/6485101 (49.1743%)
entry 3190000/6485101 (49.1897%)
entry 3191000/6485101 (49.2051%)
entry 3192000/6485101 (49.2205%)
entry 3194000/6485101 (49.2514%)
entry 3196000/6485101 (49.2822%)
entry 3197000/6485101 (49.2976%)
entry 3198000/6485101 (49.313%)
entry 3199000/6485101 (49.3285%)
entry 3200000/6485101 (49.3439%)
entry 3201000/6485101 (49.3593%)
entry 3202000/6485101 (49.3747%)
entry 3203000/6485101 (49.3901%)
entry 3206000/6485101 (49.4364%)
entry 3208000/6485101 (49.4672%)
entry 3209000/6485101 (49.4827%)
entry 3210000/6485101 (49.4981%)
entry 3212000/6485101 (49.5289%)
entry 3213000/6485101 (49.5443%)
entry 3215000/6485101 (49.5752%)
entry 3217000/6485101 (49.606%)
entry 3218000/6485101 (49.6214%)
entry 3219000/6485101 (49.6369%)
entry 3220000/6485101 (49.6523%)
entry 3221000/6485101 (49.6677%)
entry 3222000/6485101 (49.6831%)
entry 3224000/6485101 (49.714%)
entry 3225000/6485101 (49.7294%)
entry 3226000/6485101 (49.7448%)
entry 3227000/6485101 (49.7602%)
entry 3228000/6485101 (49.7756%)
entry 3229000/6485101 (49.7911%)
entry 3230000/6485101 (49.8065%)
entry 3232000/6485101 (49.8373%)
entry 3233000/6485101 (49.8527%)
entry 3234000/6485101 (49.8682%)
entry 3235000/6485101 (49.8836%)
entry 3236000/6485101 (49.899%)
entry 3237000/6485101 (49.9144%)
entry 3238000/6485101 (49.9298%)
entry 3239000/6485101 (49.9453%)
entry 3240000/6485101 (49.9607%)
entry 3241000/6485101 (49.9761%)
entry 3245000/6485101 (50.0378%)
entry 3247000/6485101 (50.0686%)
entry 3249000/6485101 (50.0995%)
entry 3252000/6485101 (50.1457%)
entry 3254000/6485101 (50.1765%)
entry 3255000/6485101 (50.192%)
entry 3256000/6485101 (50.2074%)
entry 3257000/6485101 (50.2228%)
entry 3259000/6485101 (50.2537%)
entry 3261000/6485101 (50.2845%)
entry 3262000/6485101 (50.2999%)
entry 3263000/6485101 (50.3153%)
entry 3264000/6485101 (50.3308%)
entry 3265000/6485101 (50.3462%)
entry 3267000/6485101 (50.377%)
entry 3268000/6485101 (50.3924%)
entry 3269000/6485101 (50.4079%)
entry 3271000/6485101 (50.4387%)
entry 3272000/6485101 (50.4541%)
entry 3273000/6485101 (50.4695%)
entry 3275000/6485101 (50.5004%)
entry 3279000/6485101 (50.562%)
entry 3280000/6485101 (50.5775%)
entry 3281000/6485101 (50.5929%)
entry 3282000/6485101 (50.6083%)
entry 3283000/6485101 (50.6237%)
entry 3284000/6485101 (50.6392%)
entry 3285000/6485101 (50.6546%)
entry 3290000/6485101 (50.7317%)
entry 3294000/6485101 (50.7933%)
entry 3297000/6485101 (50.8396%)
entry 3298000/6485101 (50.855%)
entry 3299000/6485101 (50.8704%)
entry 3300000/6485101 (50.8859%)
entry 3301000/6485101 (50.9013%)
entry 3302000/6485101 (50.9167%)
entry 3303000/6485101 (50.9321%)
entry 3304000/6485101 (50.9475%)
entry 3306000/6485101 (50.9784%)
entry 3307000/6485101 (50.9938%)
entry 3308000/6485101 (51.0092%)
entry 3309000/6485101 (51.0247%)
entry 3312000/6485101 (51.0709%)
entry 3313000/6485101 (51.0863%)
entry 3316000/6485101 (51.1326%)
entry 3317000/6485101 (51.148%)
entry 3319000/6485101 (51.1788%)
entry 3321000/6485101 (51.2097%)
entry 3322000/6485101 (51.2251%)
entry 3323000/6485101 (51.2405%)
entry 3324000/6485101 (51.2559%)
entry 3325000/6485101 (51.2714%)
entry 3326000/6485101 (51.2868%)
entry 3327000/6485101 (51.3022%)
entry 3328000/6485101 (51.3176%)
entry 3330000/6485101 (51.3485%)
entry 3333000/6485101 (51.3947%)
entry 3334000/6485101 (51.4102%)
entry 3335000/6485101 (51.4256%)
entry 3338000/6485101 (51.4718%)
entry 3340000/6485101 (51.5027%)
entry 3341000/6485101 (51.5181%)
entry 3342000/6485101 (51.5335%)
entry 3343000/6485101 (51.5489%)
entry 3345000/6485101 (51.5798%)
entry 3346000/6485101 (51.5952%)
entry 3347000/6485101 (51.6106%)
entry 3348000/6485101 (51.626%)
entry 3349000/6485101 (51.6414%)
entry 3350000/6485101 (51.6569%)
entry 3351000/6485101 (51.6723%)
entry 3353000/6485101 (51.7031%)
entry 3356000/6485101 (51.7494%)
entry 3357000/6485101 (51.7648%)
entry 3358000/6485101 (51.7802%)
entry 3359000/6485101 (51.7956%)
entry 3361000/6485101 (51.8265%)
entry 3362000/6485101 (51.8419%)
entry 3363000/6485101 (51.8573%)
entry 3364000/6485101 (51.8727%)
entry 3365000/6485101 (51.8882%)
entry 3367000/6485101 (51.919%)
entry 3368000/6485101 (51.9344%)
entry 3369000/6485101 (51.9498%)
entry 3371000/6485101 (51.9807%)
entry 3373000/6485101 (52.0115%)
entry 3375000/6485101 (52.0424%)
entry 3376000/6485101 (52.0578%)
entry 3377000/6485101 (52.0732%)
entry 3378000/6485101 (52.0886%)
entry 3380000/6485101 (52.1195%)
entry 3381000/6485101 (52.1349%)
entry 3382000/6485101 (52.1503%)
entry 3384000/6485101 (52.1811%)
entry 3385000/6485101 (52.1966%)
entry 3386000/6485101 (52.212%)
entry 3387000/6485101 (52.2274%)
entry 3388000/6485101 (52.2428%)
entry 3390000/6485101 (52.2737%)
entry 3391000/6485101 (52.2891%)
entry 3392000/6485101 (52.3045%)
entry 3394000/6485101 (52.3353%)
entry 3395000/6485101 (52.3508%)
entry 3396000/6485101 (52.3662%)
entry 3397000/6485101 (52.3816%)
entry 3400000/6485101 (52.4279%)
entry 3401000/6485101 (52.4433%)
entry 3403000/6485101 (52.4741%)
entry 3404000/6485101 (52.4895%)
entry 3405000/6485101 (52.505%)
entry 3407000/6485101 (52.5358%)
entry 3410000/6485101 (52.5821%)
entry 3412000/6485101 (52.6129%)
entry 3413000/6485101 (52.6283%)
entry 3414000/6485101 (52.6437%)
entry 3417000/6485101 (52.69%)
entry 3418000/6485101 (52.7054%)
entry 3419000/6485101 (52.7208%)
entry 3421000/6485101 (52.7517%)
entry 3425000/6485101 (52.8134%)
entry 3426000/6485101 (52.8288%)
entry 3427000/6485101 (52.8442%)
entry 3428000/6485101 (52.8596%)
entry 3429000/6485101 (52.875%)
entry 3430000/6485101 (52.8905%)
entry 3431000/6485101 (52.9059%)
entry 3432000/6485101 (52.9213%)
entry 3433000/6485101 (52.9367%)
entry 3435000/6485101 (52.9676%)
entry 3436000/6485101 (52.983%)
entry 3437000/6485101 (52.9984%)
entry 3438000/6485101 (53.0138%)
entry 3441000/6485101 (53.0601%)
entry 3443000/6485101 (53.0909%)
entry 3444000/6485101 (53.1063%)
entry 3446000/6485101 (53.1372%)
entry 3447000/6485101 (53.1526%)
entry 3448000/6485101 (53.168%)
entry 3449000/6485101 (53.1834%)
entry 3450000/6485101 (53.1989%)
entry 3451000/6485101 (53.2143%)
entry 3456000/6485101 (53.2914%)
entry 3459000/6485101 (53.3376%)
entry 3460000/6485101 (53.3531%)
entry 3461000/6485101 (53.3685%)
entry 3462000/6485101 (53.3839%)
entry 3464000/6485101 (53.4147%)
entry 3466000/6485101 (53.4456%)
entry 3468000/6485101 (53.4764%)
entry 3469000/6485101 (53.4918%)
entry 3470000/6485101 (53.5073%)
entry 3471000/6485101 (53.5227%)
entry 3472000/6485101 (53.5381%)
entry 3473000/6485101 (53.5535%)
entry 3474000/6485101 (53.5689%)
entry 3475000/6485101 (53.5844%)
entry 3476000/6485101 (53.5998%)
entry 3477000/6485101 (53.6152%)
entry 3478000/6485101 (53.6306%)
entry 3479000/6485101 (53.646%)
entry 3480000/6485101 (53.6615%)
entry 3481000/6485101 (53.6769%)
entry 3483000/6485101 (53.7077%)
entry 3484000/6485101 (53.7231%)
entry 3485000/6485101 (53.7386%)
entry 3486000/6485101 (53.754%)
entry 3487000/6485101 (53.7694%)
entry 3488000/6485101 (53.7848%)
entry 3489000/6485101 (53.8002%)
entry 3490000/6485101 (53.8157%)
entry 3491000/6485101 (53.8311%)
entry 3494000/6485101 (53.8773%)
entry 3495000/6485101 (53.8928%)
entry 3496000/6485101 (53.9082%)
entry 3497000/6485101 (53.9236%)
entry 3499000/6485101 (53.9544%)
entry 3500000/6485101 (53.9699%)
entry 3502000/6485101 (54.0007%)
entry 3503000/6485101 (54.0161%)
entry 3504000/6485101 (54.0315%)
entry 3505000/6485101 (54.047%)
entry 3506000/6485101 (54.0624%)
entry 3507000/6485101 (54.0778%)
entry 3508000/6485101 (54.0932%)
entry 3509000/6485101 (54.1086%)
entry 3510000/6485101 (54.1241%)
entry 3511000/6485101 (54.1395%)
entry 3512000/6485101 (54.1549%)
entry 3513000/6485101 (54.1703%)
entry 3514000/6485101 (54.1857%)
entry 3515000/6485101 (54.2012%)
entry 3517000/6485101 (54.232%)
entry 3518000/6485101 (54.2474%)
entry 3519000/6485101 (54.2628%)
entry 3522000/6485101 (54.3091%)
entry 3523000/6485101 (54.3245%)
entry 3524000/6485101 (54.3399%)
entry 3525000/6485101 (54.3554%)
entry 3526000/6485101 (54.3708%)
entry 3527000/6485101 (54.3862%)
entry 3528000/6485101 (54.4016%)
entry 3533000/6485101 (54.4787%)
entry 3535000/6485101 (54.5096%)
entry 3536000/6485101 (54.525%)
entry 3538000/6485101 (54.5558%)
entry 3540000/6485101 (54.5867%)
entry 3541000/6485101 (54.6021%)
entry 3542000/6485101 (54.6175%)
entry 3544000/6485101 (54.6483%)
entry 3545000/6485101 (54.6638%)
entry 3547000/6485101 (54.6946%)
entry 3548000/6485101 (54.71%)
entry 3549000/6485101 (54.7254%)
entry 3550000/6485101 (54.7409%)
entry 3551000/6485101 (54.7563%)
entry 3552000/6485101 (54.7717%)
entry 3553000/6485101 (54.7871%)
entry 3554000/6485101 (54.8025%)
entry 3555000/6485101 (54.818%)
entry 3556000/6485101 (54.8334%)
entry 3557000/6485101 (54.8488%)
entry 3558000/6485101 (54.8642%)
entry 3559000/6485101 (54.8796%)
entry 3560000/6485101 (54.8951%)
entry 3562000/6485101 (54.9259%)
entry 3564000/6485101 (54.9567%)
entry 3567000/6485101 (55.003%)
entry 3569000/6485101 (55.0338%)
entry 3570000/6485101 (55.0493%)
entry 3571000/6485101 (55.0647%)
entry 3572000/6485101 (55.0801%)
entry 3573000/6485101 (55.0955%)
entry 3574000/6485101 (55.1109%)
entry 3575000/6485101 (55.1264%)
entry 3577000/6485101 (55.1572%)
entry 3578000/6485101 (55.1726%)
entry 3579000/6485101 (55.188%)
entry 3580000/6485101 (55.2035%)
entry 3581000/6485101 (55.2189%)
entry 3582000/6485101 (55.2343%)
entry 3583000/6485101 (55.2497%)
entry 3585000/6485101 (55.2806%)
entry 3586000/6485101 (55.296%)
entry 3587000/6485101 (55.3114%)
entry 3589000/6485101 (55.3422%)
entry 3592000/6485101 (55.3885%)
entry 3595000/6485101 (55.4348%)
entry 3596000/6485101 (55.4502%)
entry 3597000/6485101 (55.4656%)
entry 3598000/6485101 (55.481%)
entry 3599000/6485101 (55.4964%)
entry 3600000/6485101 (55.5119%)
entry 3601000/6485101 (55.5273%)
entry 3602000/6485101 (55.5427%)
entry 3603000/6485101 (55.5581%)
entry 3604000/6485101 (55.5735%)
entry 3605000/6485101 (55.589%)
entry 3606000/6485101 (55.6044%)
entry 3607000/6485101 (55.6198%)
entry 3608000/6485101 (55.6352%)
entry 3609000/6485101 (55.6506%)
entry 3610000/6485101 (55.6661%)
entry 3611000/6485101 (55.6815%)
entry 3612000/6485101 (55.6969%)
entry 3617000/6485101 (55.774%)
entry 3618000/6485101 (55.7894%)
entry 3619000/6485101 (55.8048%)
entry 3620000/6485101 (55.8203%)
entry 3622000/6485101 (55.8511%)
entry 3623000/6485101 (55.8665%)
entry 3624000/6485101 (55.8819%)
entry 3625000/6485101 (55.8974%)
entry 3626000/6485101 (55.9128%)
entry 3627000/6485101 (55.9282%)
entry 3628000/6485101 (55.9436%)
entry 3629000/6485101 (55.959%)
entry 3631000/6485101 (55.9899%)
entry 3635000/6485101 (56.0516%)
entry 3636000/6485101 (56.067%)
entry 3638000/6485101 (56.0978%)
entry 3639000/6485101 (56.1132%)
entry 3640000/6485101 (56.1287%)
entry 3641000/6485101 (56.1441%)
entry 3642000/6485101 (56.1595%)
entry 3644000/6485101 (56.1903%)
entry 3645000/6485101 (56.2058%)
entry 3648000/6485101 (56.252%)
entry 3649000/6485101 (56.2674%)
entry 3650000/6485101 (56.2829%)
entry 3651000/6485101 (56.2983%)
entry 3652000/6485101 (56.3137%)
entry 3653000/6485101 (56.3291%)
entry 3655000/6485101 (56.36%)
entry 3656000/6485101 (56.3754%)
entry 3657000/6485101 (56.3908%)
entry 3658000/6485101 (56.4062%)
entry 3660000/6485101 (56.4371%)
entry 3661000/6485101 (56.4525%)
entry 3662000/6485101 (56.4679%)
entry 3666000/6485101 (56.5296%)
entry 3667000/6485101 (56.545%)
entry 3668000/6485101 (56.5604%)
entry 3670000/6485101 (56.5913%)
entry 3671000/6485101 (56.6067%)
entry 3672000/6485101 (56.6221%)
entry 3673000/6485101 (56.6375%)
entry 3674000/6485101 (56.6529%)
entry 3675000/6485101 (56.6684%)
entry 3676000/6485101 (56.6838%)
entry 3677000/6485101 (56.6992%)
entry 3681000/6485101 (56.7609%)
entry 3682000/6485101 (56.7763%)
entry 3683000/6485101 (56.7917%)
entry 3684000/6485101 (56.8071%)
entry 3685000/6485101 (56.8226%)
entry 3686000/6485101 (56.838%)
entry 3688000/6485101 (56.8688%)
entry 3689000/6485101 (56.8842%)
entry 3690000/6485101 (56.8997%)
entry 3693000/6485101 (56.9459%)
entry 3695000/6485101 (56.9768%)
entry 3697000/6485101 (57.0076%)
entry 3698000/6485101 (57.023%)
entry 3699000/6485101 (57.0384%)
entry 3700000/6485101 (57.0539%)
entry 3702000/6485101 (57.0847%)
entry 3703000/6485101 (57.1001%)
entry 3705000/6485101 (57.131%)
entry 3706000/6485101 (57.1464%)
entry 3708000/6485101 (57.1772%)
entry 3709000/6485101 (57.1926%)
entry 3710000/6485101 (57.2081%)
entry 3712000/6485101 (57.2389%)
entry 3713000/6485101 (57.2543%)
entry 3714000/6485101 (57.2697%)
entry 3718000/6485101 (57.3314%)
entry 3719000/6485101 (57.3468%)
entry 3720000/6485101 (57.3623%)
entry 3721000/6485101 (57.3777%)
entry 3722000/6485101 (57.3931%)
entry 3723000/6485101 (57.4085%)
entry 3727000/6485101 (57.4702%)
entry 3729000/6485101 (57.501%)
entry 3730000/6485101 (57.5164%)
entry 3733000/6485101 (57.5627%)
entry 3734000/6485101 (57.5781%)
entry 3735000/6485101 (57.5936%)
entry 3736000/6485101 (57.609%)
entry 3738000/6485101 (57.6398%)
entry 3739000/6485101 (57.6552%)
entry 3740000/6485101 (57.6707%)
entry 3741000/6485101 (57.6861%)
entry 3742000/6485101 (57.7015%)
entry 3743000/6485101 (57.7169%)
entry 3744000/6485101 (57.7323%)
entry 3745000/6485101 (57.7478%)
entry 3746000/6485101 (57.7632%)
entry 3747000/6485101 (57.7786%)
entry 3749000/6485101 (57.8094%)
entry 3752000/6485101 (57.8557%)
entry 3753000/6485101 (57.8711%)
entry 3754000/6485101 (57.8865%)
entry 3755000/6485101 (57.9019%)
entry 3756000/6485101 (57.9174%)
entry 3758000/6485101 (57.9482%)
entry 3760000/6485101 (57.9791%)
entry 3761000/6485101 (57.9945%)
entry 3762000/6485101 (58.0099%)
entry 3763000/6485101 (58.0253%)
entry 3764000/6485101 (58.0407%)
entry 3767000/6485101 (58.087%)
entry 3768000/6485101 (58.1024%)
entry 3770000/6485101 (58.1333%)
entry 3771000/6485101 (58.1487%)
entry 3773000/6485101 (58.1795%)
entry 3774000/6485101 (58.1949%)
entry 3775000/6485101 (58.2103%)
entry 3776000/6485101 (58.2258%)
entry 3777000/6485101 (58.2412%)
entry 3783000/6485101 (58.3337%)
entry 3784000/6485101 (58.3491%)
entry 3786000/6485101 (58.38%)
entry 3787000/6485101 (58.3954%)
entry 3788000/6485101 (58.4108%)
entry 3789000/6485101 (58.4262%)
entry 3791000/6485101 (58.4571%)
entry 3793000/6485101 (58.4879%)
entry 3795000/6485101 (58.5187%)
entry 3796000/6485101 (58.5342%)
entry 3797000/6485101 (58.5496%)
entry 3798000/6485101 (58.565%)
entry 3799000/6485101 (58.5804%)
entry 3800000/6485101 (58.5958%)
entry 3801000/6485101 (58.6113%)
entry 3802000/6485101 (58.6267%)
entry 3803000/6485101 (58.6421%)
entry 3806000/6485101 (58.6884%)
entry 3807000/6485101 (58.7038%)
entry 3808000/6485101 (58.7192%)
entry 3810000/6485101 (58.7501%)
entry 3811000/6485101 (58.7655%)
entry 3813000/6485101 (58.7963%)
entry 3814000/6485101 (58.8117%)
entry 3815000/6485101 (58.8271%)
entry 3816000/6485101 (58.8426%)
entry 3818000/6485101 (58.8734%)
entry 3819000/6485101 (58.8888%)
entry 3821000/6485101 (58.9197%)
entry 3822000/6485101 (58.9351%)
entry 3823000/6485101 (58.9505%)
entry 3824000/6485101 (58.9659%)
entry 3825000/6485101 (58.9813%)
entry 3827000/6485101 (59.0122%)
entry 3828000/6485101 (59.0276%)
entry 3829000/6485101 (59.043%)
entry 3830000/6485101 (59.0584%)
entry 3831000/6485101 (59.0739%)
entry 3832000/6485101 (59.0893%)
entry 3833000/6485101 (59.1047%)
entry 3834000/6485101 (59.1201%)
entry 3835000/6485101 (59.1356%)
entry 3836000/6485101 (59.151%)
entry 3837000/6485101 (59.1664%)
entry 3838000/6485101 (59.1818%)
entry 3839000/6485101 (59.1972%)
entry 3840000/6485101 (59.2126%)
entry 3841000/6485101 (59.2281%)
entry 3842000/6485101 (59.2435%)
entry 3844000/6485101 (59.2743%)
entry 3846000/6485101 (59.3052%)
entry 3848000/6485101 (59.336%)
entry 3849000/6485101 (59.3514%)
entry 3850000/6485101 (59.3668%)
entry 3851000/6485101 (59.3823%)
entry 3853000/6485101 (59.4131%)
entry 3855000/6485101 (59.4439%)
entry 3856000/6485101 (59.4594%)
entry 3859000/6485101 (59.5056%)
entry 3860000/6485101 (59.521%)
entry 3861000/6485101 (59.5365%)
entry 3862000/6485101 (59.5519%)
entry 3863000/6485101 (59.5673%)
entry 3864000/6485101 (59.5827%)
entry 3866000/6485101 (59.6136%)
entry 3867000/6485101 (59.629%)
entry 3868000/6485101 (59.6444%)
entry 3869000/6485101 (59.6598%)
entry 3870000/6485101 (59.6752%)
entry 3872000/6485101 (59.7061%)
entry 3873000/6485101 (59.7215%)
entry 3874000/6485101 (59.7369%)
entry 3875000/6485101 (59.7523%)
entry 3876000/6485101 (59.7678%)
entry 3877000/6485101 (59.7832%)
entry 3879000/6485101 (59.814%)
entry 3881000/6485101 (59.8449%)
entry 3882000/6485101 (59.8603%)
entry 3883000/6485101 (59.8757%)
entry 3885000/6485101 (59.9065%)
entry 3886000/6485101 (59.922%)
entry 3887000/6485101 (59.9374%)
entry 3888000/6485101 (59.9528%)
entry 3891000/6485101 (59.9991%)
entry 3893000/6485101 (60.0299%)
entry 3894000/6485101 (60.0453%)
entry 3895000/6485101 (60.0607%)
entry 3897000/6485101 (60.0916%)
entry 3899000/6485101 (60.1224%)
entry 3900000/6485101 (60.1378%)
entry 3901000/6485101 (60.1533%)
entry 3903000/6485101 (60.1841%)
entry 3904000/6485101 (60.1995%)
entry 3905000/6485101 (60.2149%)
entry 3908000/6485101 (60.2612%)
entry 3909000/6485101 (60.2766%)
entry 3910000/6485101 (60.292%)
entry 3911000/6485101 (60.3075%)
entry 3912000/6485101 (60.3229%)
entry 3913000/6485101 (60.3383%)
entry 3914000/6485101 (60.3537%)
entry 3916000/6485101 (60.3846%)
entry 3917000/6485101 (60.4%)
entry 3920000/6485101 (60.4462%)
entry 3921000/6485101 (60.4617%)
entry 3923000/6485101 (60.4925%)
entry 3924000/6485101 (60.5079%)
entry 3925000/6485101 (60.5233%)
entry 3926000/6485101 (60.5388%)
entry 3927000/6485101 (60.5542%)
entry 3929000/6485101 (60.585%)
entry 3935000/6485101 (60.6775%)
entry 3937000/6485101 (60.7084%)
entry 3938000/6485101 (60.7238%)
entry 3939000/6485101 (60.7392%)
entry 3940000/6485101 (60.7546%)
entry 3942000/6485101 (60.7855%)
entry 3943000/6485101 (60.8009%)
entry 3945000/6485101 (60.8317%)
entry 3946000/6485101 (60.8472%)
entry 3948000/6485101 (60.878%)
entry 3949000/6485101 (60.8934%)
entry 3953000/6485101 (60.9551%)
entry 3954000/6485101 (60.9705%)
entry 3955000/6485101 (60.9859%)
entry 3956000/6485101 (61.0014%)
entry 3957000/6485101 (61.0168%)
entry 3958000/6485101 (61.0322%)
entry 3959000/6485101 (61.0476%)
entry 3960000/6485101 (61.063%)
entry 3962000/6485101 (61.0939%)
entry 3963000/6485101 (61.1093%)
entry 3965000/6485101 (61.1401%)
entry 3966000/6485101 (61.1556%)
entry 3968000/6485101 (61.1864%)
entry 3969000/6485101 (61.2018%)
entry 3972000/6485101 (61.2481%)
entry 3974000/6485101 (61.2789%)
entry 3975000/6485101 (61.2943%)
entry 3976000/6485101 (61.3098%)
entry 3977000/6485101 (61.3252%)
entry 3982000/6485101 (61.4023%)
entry 3983000/6485101 (61.4177%)
entry 3984000/6485101 (61.4331%)
entry 3985000/6485101 (61.4485%)
entry 3987000/6485101 (61.4794%)
entry 3988000/6485101 (61.4948%)
entry 3989000/6485101 (61.5102%)
entry 3991000/6485101 (61.5411%)
entry 3992000/6485101 (61.5565%)
entry 3993000/6485101 (61.5719%)
entry 3994000/6485101 (61.5873%)
entry 3995000/6485101 (61.6027%)
entry 3996000/6485101 (61.6182%)
entry 3998000/6485101 (61.649%)
entry 3999000/6485101 (61.6644%)
entry 4001000/6485101 (61.6953%)
entry 4002000/6485101 (61.7107%)
entry 4003000/6485101 (61.7261%)
entry 4004000/6485101 (61.7415%)
entry 4006000/6485101 (61.7724%)
entry 4007000/6485101 (61.7878%)
entry 4008000/6485101 (61.8032%)
entry 4011000/6485101 (61.8495%)
entry 4012000/6485101 (61.8649%)
entry 4013000/6485101 (61.8803%)
entry 4014000/6485101 (61.8957%)
entry 4015000/6485101 (61.9111%)
entry 4016000/6485101 (61.9266%)
entry 4017000/6485101 (61.942%)
entry 4018000/6485101 (61.9574%)
entry 4019000/6485101 (61.9728%)
entry 4020000/6485101 (61.9882%)
entry 4021000/6485101 (62.0037%)
entry 4022000/6485101 (62.0191%)
entry 4023000/6485101 (62.0345%)
entry 4025000/6485101 (62.0653%)
entry 4026000/6485101 (62.0808%)
entry 4028000/6485101 (62.1116%)
entry 4029000/6485101 (62.127%)
entry 4030000/6485101 (62.1424%)
entry 4031000/6485101 (62.1579%)
entry 4035000/6485101 (62.2195%)
entry 4037000/6485101 (62.2504%)
entry 4038000/6485101 (62.2658%)
entry 4039000/6485101 (62.2812%)
entry 4042000/6485101 (62.3275%)
entry 4043000/6485101 (62.3429%)
entry 4044000/6485101 (62.3583%)
entry 4045000/6485101 (62.3737%)
entry 4047000/6485101 (62.4046%)
entry 4048000/6485101 (62.42%)
entry 4049000/6485101 (62.4354%)
entry 4050000/6485101 (62.4508%)
entry 4051000/6485101 (62.4663%)
entry 4053000/6485101 (62.4971%)
entry 4055000/6485101 (62.5279%)
entry 4057000/6485101 (62.5588%)
entry 4058000/6485101 (62.5742%)
entry 4059000/6485101 (62.5896%)
entry 4060000/6485101 (62.605%)
entry 4061000/6485101 (62.6205%)
entry 4064000/6485101 (62.6667%)
entry 4065000/6485101 (62.6821%)
entry 4066000/6485101 (62.6976%)
entry 4067000/6485101 (62.713%)
entry 4068000/6485101 (62.7284%)
entry 4069000/6485101 (62.7438%)
entry 4070000/6485101 (62.7592%)
entry 4072000/6485101 (62.7901%)
entry 4073000/6485101 (62.8055%)
entry 4077000/6485101 (62.8672%)
entry 4078000/6485101 (62.8826%)
entry 4080000/6485101 (62.9134%)
entry 4082000/6485101 (62.9443%)
entry 4083000/6485101 (62.9597%)
entry 4084000/6485101 (62.9751%)
entry 4086000/6485101 (63.006%)
entry 4087000/6485101 (63.0214%)
entry 4088000/6485101 (63.0368%)
entry 4091000/6485101 (63.0831%)
entry 4093000/6485101 (63.1139%)
entry 4094000/6485101 (63.1293%)
entry 4096000/6485101 (63.1602%)
entry 4097000/6485101 (63.1756%)
entry 4098000/6485101 (63.191%)
entry 4099000/6485101 (63.2064%)
entry 4100000/6485101 (63.2218%)
entry 4102000/6485101 (63.2527%)
entry 4103000/6485101 (63.2681%)
entry 4105000/6485101 (63.2989%)
entry 4107000/6485101 (63.3298%)
entry 4110000/6485101 (63.376%)
entry 4111000/6485101 (63.3915%)
entry 4112000/6485101 (63.4069%)
entry 4113000/6485101 (63.4223%)
entry 4114000/6485101 (63.4377%)
entry 4115000/6485101 (63.4531%)
entry 4118000/6485101 (63.4994%)
entry 4120000/6485101 (63.5302%)
entry 4121000/6485101 (63.5457%)
entry 4122000/6485101 (63.5611%)
entry 4123000/6485101 (63.5765%)
entry 4125000/6485101 (63.6073%)
entry 4126000/6485101 (63.6228%)
entry 4127000/6485101 (63.6382%)
entry 4130000/6485101 (63.6844%)
entry 4132000/6485101 (63.7153%)
entry 4133000/6485101 (63.7307%)
entry 4134000/6485101 (63.7461%)
entry 4135000/6485101 (63.7615%)
entry 4136000/6485101 (63.777%)
entry 4137000/6485101 (63.7924%)
entry 4138000/6485101 (63.8078%)
entry 4139000/6485101 (63.8232%)
entry 4140000/6485101 (63.8386%)
entry 4143000/6485101 (63.8849%)
entry 4144000/6485101 (63.9003%)
entry 4146000/6485101 (63.9312%)
entry 4147000/6485101 (63.9466%)
entry 4148000/6485101 (63.962%)
entry 4149000/6485101 (63.9774%)
entry 4150000/6485101 (63.9928%)
entry 4152000/6485101 (64.0237%)
entry 4154000/6485101 (64.0545%)
entry 4155000/6485101 (64.0699%)
entry 4156000/6485101 (64.0854%)
entry 4157000/6485101 (64.1008%)
entry 4159000/6485101 (64.1316%)
entry 4160000/6485101 (64.147%)
entry 4161000/6485101 (64.1625%)
entry 4162000/6485101 (64.1779%)
entry 4163000/6485101 (64.1933%)
entry 4165000/6485101 (64.2241%)
entry 4166000/6485101 (64.2396%)
entry 4167000/6485101 (64.255%)
entry 4168000/6485101 (64.2704%)
entry 4169000/6485101 (64.2858%)
entry 4171000/6485101 (64.3167%)
entry 4174000/6485101 (64.3629%)
entry 4179000/6485101 (64.44%)
entry 4180000/6485101 (64.4554%)
entry 4181000/6485101 (64.4709%)
entry 4182000/6485101 (64.4863%)
entry 4184000/6485101 (64.5171%)
entry 4185000/6485101 (64.5325%)
entry 4186000/6485101 (64.548%)
entry 4187000/6485101 (64.5634%)
entry 4189000/6485101 (64.5942%)
entry 4190000/6485101 (64.6096%)
entry 4191000/6485101 (64.6251%)
entry 4192000/6485101 (64.6405%)
entry 4193000/6485101 (64.6559%)
entry 4194000/6485101 (64.6713%)
entry 4195000/6485101 (64.6867%)
entry 4196000/6485101 (64.7022%)
entry 4197000/6485101 (64.7176%)
entry 4198000/6485101 (64.733%)
entry 4202000/6485101 (64.7947%)
entry 4203000/6485101 (64.8101%)
entry 4205000/6485101 (64.8409%)
entry 4206000/6485101 (64.8564%)
entry 4210000/6485101 (64.918%)
entry 4211000/6485101 (64.9335%)
entry 4212000/6485101 (64.9489%)
entry 4214000/6485101 (64.9797%)
entry 4215000/6485101 (64.9951%)
entry 4216000/6485101 (65.0106%)
entry 4217000/6485101 (65.026%)
entry 4218000/6485101 (65.0414%)
entry 4219000/6485101 (65.0568%)
entry 4220000/6485101 (65.0722%)
entry 4221000/6485101 (65.0877%)
entry 4223000/6485101 (65.1185%)
entry 4224000/6485101 (65.1339%)
entry 4225000/6485101 (65.1493%)
entry 4226000/6485101 (65.1648%)
entry 4228000/6485101 (65.1956%)
entry 4229000/6485101 (65.211%)
entry 4230000/6485101 (65.2264%)
entry 4231000/6485101 (65.2418%)
entry 4232000/6485101 (65.2573%)
entry 4235000/6485101 (65.3035%)
entry 4236000/6485101 (65.319%)
entry 4237000/6485101 (65.3344%)
entry 4238000/6485101 (65.3498%)
entry 4244000/6485101 (65.4423%)
entry 4245000/6485101 (65.4577%)
entry 4247000/6485101 (65.4886%)
entry 4249000/6485101 (65.5194%)
entry 4251000/6485101 (65.5502%)
entry 4252000/6485101 (65.5657%)
entry 4253000/6485101 (65.5811%)
entry 4254000/6485101 (65.5965%)
entry 4255000/6485101 (65.6119%)
entry 4257000/6485101 (65.6428%)
entry 4258000/6485101 (65.6582%)
entry 4259000/6485101 (65.6736%)
entry 4260000/6485101 (65.689%)
entry 4261000/6485101 (65.7045%)
entry 4263000/6485101 (65.7353%)
entry 4265000/6485101 (65.7661%)
entry 4267000/6485101 (65.797%)
entry 4270000/6485101 (65.8432%)
entry 4271000/6485101 (65.8587%)
entry 4272000/6485101 (65.8741%)
entry 4273000/6485101 (65.8895%)
entry 4274000/6485101 (65.9049%)
entry 4276000/6485101 (65.9357%)
entry 4279000/6485101 (65.982%)
entry 4281000/6485101 (66.0128%)
entry 4282000/6485101 (66.0283%)
entry 4286000/6485101 (66.09%)
entry 4288000/6485101 (66.1208%)
entry 4289000/6485101 (66.1362%)
entry 4292000/6485101 (66.1825%)
entry 4293000/6485101 (66.1979%)
entry 4294000/6485101 (66.2133%)
entry 4295000/6485101 (66.2287%)
entry 4296000/6485101 (66.2441%)
entry 4297000/6485101 (66.2596%)
entry 4298000/6485101 (66.275%)
entry 4300000/6485101 (66.3058%)
entry 4301000/6485101 (66.3212%)
entry 4304000/6485101 (66.3675%)
entry 4305000/6485101 (66.3829%)
entry 4306000/6485101 (66.3983%)
entry 4307000/6485101 (66.4138%)
entry 4310000/6485101 (66.46%)
entry 4312000/6485101 (66.4909%)
entry 4314000/6485101 (66.5217%)
entry 4315000/6485101 (66.5371%)
entry 4316000/6485101 (66.5525%)
entry 4317000/6485101 (66.568%)
entry 4318000/6485101 (66.5834%)
entry 4320000/6485101 (66.6142%)
entry 4321000/6485101 (66.6296%)
entry 4322000/6485101 (66.6451%)
entry 4323000/6485101 (66.6605%)
entry 4324000/6485101 (66.6759%)
entry 4325000/6485101 (66.6913%)
entry 4328000/6485101 (66.7376%)
entry 4329000/6485101 (66.753%)
entry 4330000/6485101 (66.7684%)
entry 4334000/6485101 (66.8301%)
entry 4336000/6485101 (66.8609%)
entry 4338000/6485101 (66.8918%)
entry 4339000/6485101 (66.9072%)
entry 4343000/6485101 (66.9689%)
entry 4344000/6485101 (66.9843%)
entry 4345000/6485101 (66.9997%)
entry 4346000/6485101 (67.0151%)
entry 4348000/6485101 (67.046%)
entry 4349000/6485101 (67.0614%)
entry 4351000/6485101 (67.0922%)
entry 4352000/6485101 (67.1077%)
entry 4353000/6485101 (67.1231%)
entry 4355000/6485101 (67.1539%)
entry 4356000/6485101 (67.1693%)
entry 4357000/6485101 (67.1848%)
entry 4358000/6485101 (67.2002%)
entry 4359000/6485101 (67.2156%)
entry 4360000/6485101 (67.231%)
entry 4361000/6485101 (67.2464%)
entry 4363000/6485101 (67.2773%)
entry 4365000/6485101 (67.3081%)
entry 4366000/6485101 (67.3235%)
entry 4367000/6485101 (67.339%)
entry 4368000/6485101 (67.3544%)
entry 4369000/6485101 (67.3698%)
entry 4370000/6485101 (67.3852%)
entry 4371000/6485101 (67.4006%)
entry 4372000/6485101 (67.4161%)
entry 4373000/6485101 (67.4315%)
entry 4376000/6485101 (67.4777%)
entry 4377000/6485101 (67.4932%)
entry 4378000/6485101 (67.5086%)
entry 4379000/6485101 (67.524%)
entry 4380000/6485101 (67.5394%)
entry 4381000/6485101 (67.5548%)
entry 4382000/6485101 (67.5703%)
entry 4383000/6485101 (67.5857%)
entry 4384000/6485101 (67.6011%)
entry 4386000/6485101 (67.6319%)
entry 4387000/6485101 (67.6474%)
entry 4388000/6485101 (67.6628%)
entry 4389000/6485101 (67.6782%)
entry 4390000/6485101 (67.6936%)
entry 4392000/6485101 (67.7245%)
entry 4394000/6485101 (67.7553%)
entry 4395000/6485101 (67.7707%)
entry 4396000/6485101 (67.7861%)
entry 4397000/6485101 (67.8016%)
entry 4398000/6485101 (67.817%)
entry 4399000/6485101 (67.8324%)
entry 4400000/6485101 (67.8478%)
entry 4401000/6485101 (67.8632%)
entry 4403000/6485101 (67.8941%)
entry 4406000/6485101 (67.9403%)
entry 4407000/6485101 (67.9558%)
entry 4408000/6485101 (67.9712%)
entry 4410000/6485101 (68.002%)
entry 4411000/6485101 (68.0174%)
entry 4412000/6485101 (68.0329%)
entry 4413000/6485101 (68.0483%)
entry 4414000/6485101 (68.0637%)
entry 4415000/6485101 (68.0791%)
entry 4416000/6485101 (68.0945%)
entry 4417000/6485101 (68.11%)
entry 4418000/6485101 (68.1254%)
entry 4419000/6485101 (68.1408%)
entry 4420000/6485101 (68.1562%)
entry 4422000/6485101 (68.1871%)
entry 4425000/6485101 (68.2333%)
entry 4426000/6485101 (68.2487%)
entry 4427000/6485101 (68.2642%)
entry 4428000/6485101 (68.2796%)
entry 4429000/6485101 (68.295%)
entry 4430000/6485101 (68.3104%)
entry 4431000/6485101 (68.3258%)
entry 4432000/6485101 (68.3413%)
entry 4433000/6485101 (68.3567%)
entry 4435000/6485101 (68.3875%)
entry 4436000/6485101 (68.4029%)
entry 4437000/6485101 (68.4184%)
entry 4438000/6485101 (68.4338%)
entry 4439000/6485101 (68.4492%)
entry 4440000/6485101 (68.4646%)
entry 4441000/6485101 (68.48%)
entry 4442000/6485101 (68.4955%)
entry 4443000/6485101 (68.5109%)
entry 4444000/6485101 (68.5263%)
entry 4446000/6485101 (68.5571%)
entry 4447000/6485101 (68.5726%)
entry 4449000/6485101 (68.6034%)
entry 4451000/6485101 (68.6342%)
entry 4452000/6485101 (68.6497%)
entry 4454000/6485101 (68.6805%)
entry 4456000/6485101 (68.7113%)
entry 4457000/6485101 (68.7268%)
entry 4458000/6485101 (68.7422%)
entry 4462000/6485101 (68.8039%)
entry 4463000/6485101 (68.8193%)
entry 4464000/6485101 (68.8347%)
entry 4465000/6485101 (68.8501%)
entry 4466000/6485101 (68.8655%)
entry 4467000/6485101 (68.881%)
entry 4468000/6485101 (68.8964%)
entry 4469000/6485101 (68.9118%)
entry 4472000/6485101 (68.9581%)
entry 4473000/6485101 (68.9735%)
entry 4474000/6485101 (68.9889%)
entry 4476000/6485101 (69.0197%)
entry 4477000/6485101 (69.0352%)
entry 4478000/6485101 (69.0506%)
entry 4479000/6485101 (69.066%)
entry 4482000/6485101 (69.1123%)
entry 4483000/6485101 (69.1277%)
entry 4484000/6485101 (69.1431%)
entry 4485000/6485101 (69.1585%)
entry 4486000/6485101 (69.1739%)
entry 4487000/6485101 (69.1894%)
entry 4488000/6485101 (69.2048%)
entry 4490000/6485101 (69.2356%)
entry 4491000/6485101 (69.251%)
entry 4493000/6485101 (69.2819%)
entry 4494000/6485101 (69.2973%)
entry 4496000/6485101 (69.3281%)
entry 4497000/6485101 (69.3436%)
entry 4498000/6485101 (69.359%)
entry 4502000/6485101 (69.4207%)
entry 4503000/6485101 (69.4361%)
entry 4505000/6485101 (69.4669%)
entry 4506000/6485101 (69.4823%)
entry 4507000/6485101 (69.4978%)
entry 4508000/6485101 (69.5132%)
entry 4509000/6485101 (69.5286%)
entry 4511000/6485101 (69.5594%)
entry 4512000/6485101 (69.5749%)
entry 4513000/6485101 (69.5903%)
entry 4515000/6485101 (69.6211%)
entry 4516000/6485101 (69.6365%)
entry 4517000/6485101 (69.652%)
entry 4518000/6485101 (69.6674%)
entry 4519000/6485101 (69.6828%)
entry 4520000/6485101 (69.6982%)
entry 4522000/6485101 (69.7291%)
entry 4523000/6485101 (69.7445%)
entry 4524000/6485101 (69.7599%)
entry 4525000/6485101 (69.7753%)
entry 4526000/6485101 (69.7907%)
entry 4527000/6485101 (69.8062%)
entry 4528000/6485101 (69.8216%)
entry 4530000/6485101 (69.8524%)
entry 4531000/6485101 (69.8678%)
entry 4532000/6485101 (69.8833%)
entry 4533000/6485101 (69.8987%)
entry 4534000/6485101 (69.9141%)
entry 4536000/6485101 (69.9449%)
entry 4537000/6485101 (69.9604%)
entry 4538000/6485101 (69.9758%)
entry 4540000/6485101 (70.0066%)
entry 4542000/6485101 (70.0375%)
entry 4543000/6485101 (70.0529%)
entry 4544000/6485101 (70.0683%)
entry 4545000/6485101 (70.0837%)
entry 4546000/6485101 (70.0991%)
entry 4547000/6485101 (70.1146%)
entry 4549000/6485101 (70.1454%)
entry 4551000/6485101 (70.1762%)
entry 4554000/6485101 (70.2225%)
entry 4555000/6485101 (70.2379%)
entry 4556000/6485101 (70.2533%)
entry 4557000/6485101 (70.2688%)
entry 4558000/6485101 (70.2842%)
entry 4559000/6485101 (70.2996%)
entry 4560000/6485101 (70.315%)
entry 4561000/6485101 (70.3304%)
entry 4562000/6485101 (70.3459%)
entry 4563000/6485101 (70.3613%)
entry 4564000/6485101 (70.3767%)
entry 4566000/6485101 (70.4075%)
entry 4568000/6485101 (70.4384%)
entry 4569000/6485101 (70.4538%)
entry 4570000/6485101 (70.4692%)
entry 4571000/6485101 (70.4846%)
entry 4574000/6485101 (70.5309%)
entry 4575000/6485101 (70.5463%)
entry 4576000/6485101 (70.5617%)
entry 4578000/6485101 (70.5926%)
entry 4579000/6485101 (70.608%)
entry 4581000/6485101 (70.6388%)
entry 4583000/6485101 (70.6697%)
entry 4585000/6485101 (70.7005%)
entry 4586000/6485101 (70.7159%)
entry 4589000/6485101 (70.7622%)
entry 4591000/6485101 (70.793%)
entry 4592000/6485101 (70.8085%)
entry 4593000/6485101 (70.8239%)
entry 4594000/6485101 (70.8393%)
entry 4596000/6485101 (70.8701%)
entry 4599000/6485101 (70.9164%)
entry 4600000/6485101 (70.9318%)
entry 4601000/6485101 (70.9472%)
entry 4602000/6485101 (70.9627%)
entry 4604000/6485101 (70.9935%)
entry 4605000/6485101 (71.0089%)
entry 4606000/6485101 (71.0243%)
entry 4608000/6485101 (71.0552%)
entry 4609000/6485101 (71.0706%)
entry 4610000/6485101 (71.086%)
entry 4611000/6485101 (71.1014%)
entry 4612000/6485101 (71.1169%)
entry 4614000/6485101 (71.1477%)
entry 4615000/6485101 (71.1631%)
entry 4617000/6485101 (71.194%)
entry 4618000/6485101 (71.2094%)
entry 4620000/6485101 (71.2402%)
entry 4621000/6485101 (71.2556%)
entry 4622000/6485101 (71.2711%)
entry 4623000/6485101 (71.2865%)
entry 4624000/6485101 (71.3019%)
entry 4625000/6485101 (71.3173%)
entry 4626000/6485101 (71.3327%)
entry 4627000/6485101 (71.3482%)
entry 4628000/6485101 (71.3636%)
entry 4629000/6485101 (71.379%)
entry 4633000/6485101 (71.4407%)
entry 4634000/6485101 (71.4561%)
entry 4635000/6485101 (71.4715%)
entry 4638000/6485101 (71.5178%)
entry 4639000/6485101 (71.5332%)
entry 4640000/6485101 (71.5486%)
entry 4641000/6485101 (71.564%)
entry 4642000/6485101 (71.5795%)
entry 4644000/6485101 (71.6103%)
entry 4645000/6485101 (71.6257%)
entry 4646000/6485101 (71.6411%)
entry 4647000/6485101 (71.6566%)
entry 4648000/6485101 (71.672%)
entry 4649000/6485101 (71.6874%)
entry 4650000/6485101 (71.7028%)
entry 4651000/6485101 (71.7182%)
entry 4652000/6485101 (71.7337%)
entry 4654000/6485101 (71.7645%)
entry 4655000/6485101 (71.7799%)
entry 4656000/6485101 (71.7953%)
entry 4658000/6485101 (71.8262%)
entry 4659000/6485101 (71.8416%)
entry 4660000/6485101 (71.857%)
entry 4661000/6485101 (71.8724%)
entry 4662000/6485101 (71.8879%)
entry 4663000/6485101 (71.9033%)
entry 4664000/6485101 (71.9187%)
entry 4665000/6485101 (71.9341%)
entry 4667000/6485101 (71.965%)
entry 4668000/6485101 (71.9804%)
entry 4669000/6485101 (71.9958%)
entry 4671000/6485101 (72.0266%)
entry 4672000/6485101 (72.0421%)
entry 4673000/6485101 (72.0575%)
entry 4674000/6485101 (72.0729%)
entry 4675000/6485101 (72.0883%)
entry 4676000/6485101 (72.1037%)
entry 4677000/6485101 (72.1192%)
entry 4678000/6485101 (72.1346%)
entry 4680000/6485101 (72.1654%)
entry 4681000/6485101 (72.1808%)
entry 4682000/6485101 (72.1963%)
entry 4683000/6485101 (72.2117%)
entry 4684000/6485101 (72.2271%)
entry 4685000/6485101 (72.2425%)
entry 4687000/6485101 (72.2734%)
entry 4688000/6485101 (72.2888%)
entry 4689000/6485101 (72.3042%)
entry 4691000/6485101 (72.335%)
entry 4692000/6485101 (72.3505%)
entry 4693000/6485101 (72.3659%)
entry 4694000/6485101 (72.3813%)
entry 4695000/6485101 (72.3967%)
entry 4696000/6485101 (72.4121%)
entry 4698000/6485101 (72.443%)
entry 4699000/6485101 (72.4584%)
entry 4700000/6485101 (72.4738%)
entry 4701000/6485101 (72.4892%)
entry 4704000/6485101 (72.5355%)
entry 4705000/6485101 (72.5509%)
entry 4706000/6485101 (72.5663%)
entry 4708000/6485101 (72.5972%)
entry 4710000/6485101 (72.628%)
entry 4711000/6485101 (72.6434%)
entry 4714000/6485101 (72.6897%)
entry 4715000/6485101 (72.7051%)
entry 4716000/6485101 (72.7205%)
entry 4717000/6485101 (72.736%)
entry 4718000/6485101 (72.7514%)
entry 4719000/6485101 (72.7668%)
entry 4720000/6485101 (72.7822%)
entry 4721000/6485101 (72.7976%)
entry 4722000/6485101 (72.8131%)
entry 4723000/6485101 (72.8285%)
entry 4724000/6485101 (72.8439%)
entry 4726000/6485101 (72.8747%)
entry 4727000/6485101 (72.8902%)
entry 4728000/6485101 (72.9056%)
entry 4730000/6485101 (72.9364%)
entry 4733000/6485101 (72.9827%)
entry 4734000/6485101 (72.9981%)
entry 4736000/6485101 (73.0289%)
entry 4737000/6485101 (73.0444%)
entry 4738000/6485101 (73.0598%)
entry 4739000/6485101 (73.0752%)
entry 4741000/6485101 (73.106%)
entry 4742000/6485101 (73.1215%)
entry 4743000/6485101 (73.1369%)
entry 4744000/6485101 (73.1523%)
entry 4746000/6485101 (73.1831%)
entry 4747000/6485101 (73.1986%)
entry 4748000/6485101 (73.214%)
entry 4750000/6485101 (73.2448%)
entry 4751000/6485101 (73.2602%)
entry 4752000/6485101 (73.2756%)
entry 4753000/6485101 (73.2911%)
entry 4755000/6485101 (73.3219%)
entry 4756000/6485101 (73.3373%)
entry 4758000/6485101 (73.3682%)
entry 4759000/6485101 (73.3836%)
entry 4761000/6485101 (73.4144%)
entry 4762000/6485101 (73.4299%)
entry 4763000/6485101 (73.4453%)
entry 4764000/6485101 (73.4607%)
entry 4766000/6485101 (73.4915%)
entry 4767000/6485101 (73.507%)
entry 4768000/6485101 (73.5224%)
entry 4770000/6485101 (73.5532%)
entry 4772000/6485101 (73.584%)
entry 4773000/6485101 (73.5995%)
entry 4774000/6485101 (73.6149%)
entry 4775000/6485101 (73.6303%)
entry 4778000/6485101 (73.6766%)
entry 4779000/6485101 (73.692%)
entry 4780000/6485101 (73.7074%)
entry 4784000/6485101 (73.7691%)
entry 4785000/6485101 (73.7845%)
entry 4787000/6485101 (73.8154%)
entry 4788000/6485101 (73.8308%)
entry 4790000/6485101 (73.8616%)
entry 4791000/6485101 (73.877%)
entry 4792000/6485101 (73.8925%)
entry 4793000/6485101 (73.9079%)
entry 4795000/6485101 (73.9387%)
entry 4797000/6485101 (73.9695%)
entry 4799000/6485101 (74.0004%)
entry 4800000/6485101 (74.0158%)
entry 4801000/6485101 (74.0312%)
entry 4803000/6485101 (74.0621%)
entry 4804000/6485101 (74.0775%)
entry 4806000/6485101 (74.1083%)
entry 4810000/6485101 (74.17%)
entry 4811000/6485101 (74.1854%)
entry 4812000/6485101 (74.2009%)
entry 4813000/6485101 (74.2163%)
entry 4815000/6485101 (74.2471%)
entry 4816000/6485101 (74.2625%)
entry 4817000/6485101 (74.2779%)
entry 4818000/6485101 (74.2934%)
entry 4820000/6485101 (74.3242%)
entry 4821000/6485101 (74.3396%)
entry 4822000/6485101 (74.355%)
entry 4824000/6485101 (74.3859%)
entry 4826000/6485101 (74.4167%)
entry 4827000/6485101 (74.4321%)
entry 4828000/6485101 (74.4476%)
entry 4829000/6485101 (74.463%)
entry 4834000/6485101 (74.5401%)
entry 4836000/6485101 (74.5709%)
entry 4837000/6485101 (74.5863%)
entry 4839000/6485101 (74.6172%)
entry 4840000/6485101 (74.6326%)
entry 4841000/6485101 (74.648%)
entry 4843000/6485101 (74.6789%)
entry 4845000/6485101 (74.7097%)
entry 4846000/6485101 (74.7251%)
entry 4847000/6485101 (74.7405%)
entry 4849000/6485101 (74.7714%)
entry 4850000/6485101 (74.7868%)
entry 4851000/6485101 (74.8022%)
entry 4852000/6485101 (74.8176%)
entry 4853000/6485101 (74.8331%)
entry 4854000/6485101 (74.8485%)
entry 4855000/6485101 (74.8639%)
entry 4856000/6485101 (74.8793%)
entry 4857000/6485101 (74.8948%)
entry 4858000/6485101 (74.9102%)
entry 4860000/6485101 (74.941%)
entry 4861000/6485101 (74.9564%)
entry 4862000/6485101 (74.9718%)
entry 4863000/6485101 (74.9873%)
entry 4864000/6485101 (75.0027%)
entry 4865000/6485101 (75.0181%)
entry 4866000/6485101 (75.0335%)
entry 4867000/6485101 (75.0489%)
entry 4868000/6485101 (75.0644%)
entry 4869000/6485101 (75.0798%)
entry 4870000/6485101 (75.0952%)
entry 4873000/6485101 (75.1415%)
entry 4874000/6485101 (75.1569%)
entry 4875000/6485101 (75.1723%)
entry 4876000/6485101 (75.1877%)
entry 4877000/6485101 (75.2031%)
entry 4878000/6485101 (75.2186%)
entry 4879000/6485101 (75.234%)
entry 4880000/6485101 (75.2494%)
entry 4881000/6485101 (75.2648%)
entry 4882000/6485101 (75.2802%)
entry 4883000/6485101 (75.2957%)
entry 4884000/6485101 (75.3111%)
entry 4885000/6485101 (75.3265%)
entry 4886000/6485101 (75.3419%)
entry 4887000/6485101 (75.3573%)
entry 4888000/6485101 (75.3728%)
entry 4889000/6485101 (75.3882%)
entry 4890000/6485101 (75.4036%)
entry 4891000/6485101 (75.419%)
entry 4892000/6485101 (75.4344%)
entry 4893000/6485101 (75.4499%)
entry 4894000/6485101 (75.4653%)
entry 4895000/6485101 (75.4807%)
entry 4897000/6485101 (75.5115%)
entry 4898000/6485101 (75.527%)
entry 4900000/6485101 (75.5578%)
entry 4901000/6485101 (75.5732%)
entry 4902000/6485101 (75.5886%)
entry 4904000/6485101 (75.6195%)
entry 4905000/6485101 (75.6349%)
entry 4906000/6485101 (75.6503%)
entry 4907000/6485101 (75.6657%)
entry 4908000/6485101 (75.6812%)
entry 4909000/6485101 (75.6966%)
entry 4910000/6485101 (75.712%)
entry 4912000/6485101 (75.7428%)
entry 4913000/6485101 (75.7583%)
entry 4915000/6485101 (75.7891%)
entry 4917000/6485101 (75.8199%)
entry 4918000/6485101 (75.8354%)
entry 4920000/6485101 (75.8662%)
entry 4921000/6485101 (75.8816%)
entry 4922000/6485101 (75.897%)
entry 4924000/6485101 (75.9279%)
entry 4927000/6485101 (75.9741%)
entry 4928000/6485101 (75.9896%)
entry 4931000/6485101 (76.0358%)
entry 4932000/6485101 (76.0512%)
entry 4933000/6485101 (76.0667%)
entry 4934000/6485101 (76.0821%)
entry 4935000/6485101 (76.0975%)
entry 4936000/6485101 (76.1129%)
entry 4937000/6485101 (76.1283%)
entry 4939000/6485101 (76.1592%)
entry 4941000/6485101 (76.19%)
entry 4942000/6485101 (76.2054%)
entry 4946000/6485101 (76.2671%)
entry 4949000/6485101 (76.3134%)
entry 4950000/6485101 (76.3288%)
entry 4951000/6485101 (76.3442%)
entry 4952000/6485101 (76.3596%)
entry 4953000/6485101 (76.3751%)
entry 4955000/6485101 (76.4059%)
entry 4956000/6485101 (76.4213%)
entry 4957000/6485101 (76.4367%)
entry 4958000/6485101 (76.4522%)
entry 4959000/6485101 (76.4676%)
entry 4961000/6485101 (76.4984%)
entry 4962000/6485101 (76.5138%)
entry 4965000/6485101 (76.5601%)
entry 4966000/6485101 (76.5755%)
entry 4968000/6485101 (76.6064%)
entry 4969000/6485101 (76.6218%)
entry 4971000/6485101 (76.6526%)
entry 4972000/6485101 (76.668%)
entry 4973000/6485101 (76.6835%)
entry 4974000/6485101 (76.6989%)
entry 4975000/6485101 (76.7143%)
entry 4976000/6485101 (76.7297%)
entry 4977000/6485101 (76.7451%)
entry 4978000/6485101 (76.7606%)
entry 4979000/6485101 (76.776%)
entry 4982000/6485101 (76.8222%)
entry 4983000/6485101 (76.8377%)
entry 4984000/6485101 (76.8531%)
entry 4985000/6485101 (76.8685%)
entry 4986000/6485101 (76.8839%)
entry 4987000/6485101 (76.8993%)
entry 4988000/6485101 (76.9148%)
entry 4991000/6485101 (76.961%)
entry 4993000/6485101 (76.9919%)
entry 4996000/6485101 (77.0381%)
entry 4997000/6485101 (77.0535%)
entry 5000000/6485101 (77.0998%)
entry 5001000/6485101 (77.1152%)
entry 5003000/6485101 (77.1461%)
entry 5004000/6485101 (77.1615%)
entry 5005000/6485101 (77.1769%)
entry 5010000/6485101 (77.254%)
entry 5011000/6485101 (77.2694%)
entry 5012000/6485101 (77.2848%)
entry 5013000/6485101 (77.3003%)
entry 5014000/6485101 (77.3157%)
entry 5015000/6485101 (77.3311%)
entry 5017000/6485101 (77.3619%)
entry 5018000/6485101 (77.3774%)
entry 5019000/6485101 (77.3928%)
entry 5021000/6485101 (77.4236%)
entry 5023000/6485101 (77.4545%)
entry 5024000/6485101 (77.4699%)
entry 5026000/6485101 (77.5007%)
entry 5027000/6485101 (77.5161%)
entry 5028000/6485101 (77.5316%)
entry 5029000/6485101 (77.547%)
entry 5031000/6485101 (77.5778%)
entry 5032000/6485101 (77.5932%)
entry 5033000/6485101 (77.6087%)
entry 5034000/6485101 (77.6241%)
entry 5035000/6485101 (77.6395%)
entry 5037000/6485101 (77.6703%)
entry 5038000/6485101 (77.6858%)
entry 5039000/6485101 (77.7012%)
entry 5043000/6485101 (77.7629%)
entry 5045000/6485101 (77.7937%)
entry 5046000/6485101 (77.8091%)
entry 5048000/6485101 (77.84%)
entry 5049000/6485101 (77.8554%)
entry 5050000/6485101 (77.8708%)
entry 5051000/6485101 (77.8862%)
entry 5053000/6485101 (77.9171%)
entry 5056000/6485101 (77.9633%)
entry 5057000/6485101 (77.9787%)
entry 5059000/6485101 (78.0096%)
entry 5061000/6485101 (78.0404%)
entry 5062000/6485101 (78.0558%)
entry 5064000/6485101 (78.0867%)
entry 5065000/6485101 (78.1021%)
entry 5067000/6485101 (78.1329%)
entry 5068000/6485101 (78.1484%)
entry 5069000/6485101 (78.1638%)
entry 5070000/6485101 (78.1792%)
entry 5071000/6485101 (78.1946%)
entry 5072000/6485101 (78.21%)
entry 5073000/6485101 (78.2255%)
entry 5074000/6485101 (78.2409%)
entry 5076000/6485101 (78.2717%)
entry 5077000/6485101 (78.2871%)
entry 5078000/6485101 (78.3026%)
entry 5079000/6485101 (78.318%)
entry 5080000/6485101 (78.3334%)
entry 5081000/6485101 (78.3488%)
entry 5082000/6485101 (78.3642%)
entry 5083000/6485101 (78.3797%)
entry 5084000/6485101 (78.3951%)
entry 5085000/6485101 (78.4105%)
entry 5086000/6485101 (78.4259%)
entry 5087000/6485101 (78.4413%)
entry 5089000/6485101 (78.4722%)
entry 5090000/6485101 (78.4876%)
entry 5092000/6485101 (78.5184%)
entry 5093000/6485101 (78.5339%)
entry 5095000/6485101 (78.5647%)
entry 5096000/6485101 (78.5801%)
entry 5097000/6485101 (78.5955%)
entry 5098000/6485101 (78.611%)
entry 5099000/6485101 (78.6264%)
entry 5100000/6485101 (78.6418%)
entry 5103000/6485101 (78.6881%)
entry 5105000/6485101 (78.7189%)
entry 5107000/6485101 (78.7497%)
entry 5108000/6485101 (78.7652%)
entry 5110000/6485101 (78.796%)
entry 5111000/6485101 (78.8114%)
entry 5112000/6485101 (78.8268%)
entry 5113000/6485101 (78.8423%)
entry 5114000/6485101 (78.8577%)
entry 5115000/6485101 (78.8731%)
entry 5116000/6485101 (78.8885%)
entry 5117000/6485101 (78.9039%)
entry 5118000/6485101 (78.9194%)
entry 5119000/6485101 (78.9348%)
entry 5120000/6485101 (78.9502%)
entry 5122000/6485101 (78.981%)
entry 5123000/6485101 (78.9965%)
entry 5125000/6485101 (79.0273%)
entry 5126000/6485101 (79.0427%)
entry 5127000/6485101 (79.0581%)
entry 5128000/6485101 (79.0736%)
entry 5130000/6485101 (79.1044%)
entry 5131000/6485101 (79.1198%)
entry 5133000/6485101 (79.1507%)
entry 5134000/6485101 (79.1661%)
entry 5136000/6485101 (79.1969%)
entry 5137000/6485101 (79.2123%)
entry 5138000/6485101 (79.2278%)
entry 5140000/6485101 (79.2586%)
entry 5142000/6485101 (79.2894%)
entry 5143000/6485101 (79.3049%)
entry 5144000/6485101 (79.3203%)
entry 5145000/6485101 (79.3357%)
entry 5146000/6485101 (79.3511%)
entry 5147000/6485101 (79.3665%)
entry 5148000/6485101 (79.382%)
entry 5151000/6485101 (79.4282%)
entry 5152000/6485101 (79.4436%)
entry 5153000/6485101 (79.4591%)
entry 5155000/6485101 (79.4899%)
entry 5158000/6485101 (79.5362%)
entry 5160000/6485101 (79.567%)
entry 5162000/6485101 (79.5978%)
entry 5165000/6485101 (79.6441%)
entry 5167000/6485101 (79.6749%)
entry 5168000/6485101 (79.6904%)
entry 5169000/6485101 (79.7058%)
entry 5171000/6485101 (79.7366%)
entry 5172000/6485101 (79.752%)
entry 5173000/6485101 (79.7675%)
entry 5174000/6485101 (79.7829%)
entry 5175000/6485101 (79.7983%)
entry 5178000/6485101 (79.8446%)
entry 5179000/6485101 (79.86%)
entry 5180000/6485101 (79.8754%)
entry 5182000/6485101 (79.9062%)
entry 5183000/6485101 (79.9217%)
entry 5185000/6485101 (79.9525%)
entry 5186000/6485101 (79.9679%)
entry 5187000/6485101 (79.9833%)
entry 5188000/6485101 (79.9988%)
entry 5190000/6485101 (80.0296%)
entry 5191000/6485101 (80.045%)
entry 5192000/6485101 (80.0604%)
entry 5193000/6485101 (80.0759%)
entry 5194000/6485101 (80.0913%)
entry 5195000/6485101 (80.1067%)
entry 5197000/6485101 (80.1375%)
entry 5198000/6485101 (80.153%)
entry 5199000/6485101 (80.1684%)
entry 5200000/6485101 (80.1838%)
entry 5203000/6485101 (80.2301%)
entry 5204000/6485101 (80.2455%)
entry 5206000/6485101 (80.2763%)
entry 5207000/6485101 (80.2917%)
entry 5208000/6485101 (80.3072%)
entry 5210000/6485101 (80.338%)
entry 5211000/6485101 (80.3534%)
entry 5212000/6485101 (80.3688%)
entry 5213000/6485101 (80.3843%)
entry 5214000/6485101 (80.3997%)
entry 5215000/6485101 (80.4151%)
entry 5216000/6485101 (80.4305%)
entry 5217000/6485101 (80.4459%)
entry 5219000/6485101 (80.4768%)
entry 5220000/6485101 (80.4922%)
entry 5222000/6485101 (80.523%)
entry 5223000/6485101 (80.5385%)
entry 5225000/6485101 (80.5693%)
entry 5226000/6485101 (80.5847%)
entry 5227000/6485101 (80.6001%)
entry 5228000/6485101 (80.6156%)
entry 5229000/6485101 (80.631%)
entry 5230000/6485101 (80.6464%)
entry 5231000/6485101 (80.6618%)
entry 5232000/6485101 (80.6772%)
entry 5233000/6485101 (80.6927%)
entry 5235000/6485101 (80.7235%)
entry 5236000/6485101 (80.7389%)
entry 5237000/6485101 (80.7543%)
entry 5238000/6485101 (80.7698%)
entry 5239000/6485101 (80.7852%)
entry 5240000/6485101 (80.8006%)
entry 5241000/6485101 (80.816%)
entry 5242000/6485101 (80.8314%)
entry 5243000/6485101 (80.8469%)
entry 5244000/6485101 (80.8623%)
entry 5245000/6485101 (80.8777%)
entry 5249000/6485101 (80.9394%)
entry 5250000/6485101 (80.9548%)
entry 5251000/6485101 (80.9702%)
entry 5252000/6485101 (80.9856%)
entry 5253000/6485101 (81.001%)
entry 5255000/6485101 (81.0319%)
entry 5257000/6485101 (81.0627%)
entry 5258000/6485101 (81.0782%)
entry 5260000/6485101 (81.109%)
entry 5261000/6485101 (81.1244%)
entry 5262000/6485101 (81.1398%)
entry 5263000/6485101 (81.1553%)
entry 5265000/6485101 (81.1861%)
entry 5266000/6485101 (81.2015%)
entry 5267000/6485101 (81.2169%)
entry 5268000/6485101 (81.2324%)
entry 5270000/6485101 (81.2632%)
entry 5272000/6485101 (81.294%)
entry 5273000/6485101 (81.3094%)
entry 5274000/6485101 (81.3249%)
entry 5276000/6485101 (81.3557%)
entry 5278000/6485101 (81.3865%)
entry 5279000/6485101 (81.402%)
entry 5280000/6485101 (81.4174%)
entry 5284000/6485101 (81.4791%)
entry 5285000/6485101 (81.4945%)
entry 5286000/6485101 (81.5099%)
entry 5289000/6485101 (81.5562%)
entry 5290000/6485101 (81.5716%)
entry 5291000/6485101 (81.587%)
entry 5292000/6485101 (81.6024%)
entry 5293000/6485101 (81.6179%)
entry 5294000/6485101 (81.6333%)
entry 5295000/6485101 (81.6487%)
entry 5296000/6485101 (81.6641%)
entry 5297000/6485101 (81.6795%)
entry 5299000/6485101 (81.7104%)
entry 5300000/6485101 (81.7258%)
entry 5301000/6485101 (81.7412%)
entry 5302000/6485101 (81.7566%)
entry 5303000/6485101 (81.772%)
entry 5304000/6485101 (81.7875%)
entry 5305000/6485101 (81.8029%)
entry 5306000/6485101 (81.8183%)
entry 5307000/6485101 (81.8337%)
entry 5308000/6485101 (81.8492%)
entry 5309000/6485101 (81.8646%)
entry 5310000/6485101 (81.88%)
entry 5311000/6485101 (81.8954%)
entry 5312000/6485101 (81.9108%)
entry 5314000/6485101 (81.9417%)
entry 5315000/6485101 (81.9571%)
entry 5316000/6485101 (81.9725%)
entry 5317000/6485101 (81.9879%)
entry 5318000/6485101 (82.0033%)
entry 5319000/6485101 (82.0188%)
entry 5320000/6485101 (82.0342%)
entry 5321000/6485101 (82.0496%)
entry 5322000/6485101 (82.065%)
entry 5324000/6485101 (82.0959%)
entry 5327000/6485101 (82.1421%)
entry 5329000/6485101 (82.173%)
entry 5331000/6485101 (82.2038%)
entry 5332000/6485101 (82.2192%)
entry 5333000/6485101 (82.2347%)
entry 5334000/6485101 (82.2501%)
entry 5335000/6485101 (82.2655%)
entry 5336000/6485101 (82.2809%)
entry 5337000/6485101 (82.2963%)
entry 5338000/6485101 (82.3117%)
entry 5339000/6485101 (82.3272%)
entry 5340000/6485101 (82.3426%)
entry 5342000/6485101 (82.3734%)
entry 5343000/6485101 (82.3888%)
entry 5344000/6485101 (82.4043%)
entry 5345000/6485101 (82.4197%)
entry 5346000/6485101 (82.4351%)
entry 5347000/6485101 (82.4505%)
entry 5348000/6485101 (82.4659%)
entry 5349000/6485101 (82.4814%)
entry 5350000/6485101 (82.4968%)
entry 5351000/6485101 (82.5122%)
entry 5352000/6485101 (82.5276%)
entry 5353000/6485101 (82.543%)
entry 5356000/6485101 (82.5893%)
entry 5358000/6485101 (82.6201%)
entry 5360000/6485101 (82.651%)
entry 5361000/6485101 (82.6664%)
entry 5363000/6485101 (82.6972%)
entry 5366000/6485101 (82.7435%)
entry 5367000/6485101 (82.7589%)
entry 5368000/6485101 (82.7743%)
entry 5369000/6485101 (82.7898%)
entry 5372000/6485101 (82.836%)
entry 5373000/6485101 (82.8514%)
entry 5374000/6485101 (82.8669%)
entry 5375000/6485101 (82.8823%)
entry 5376000/6485101 (82.8977%)
entry 5378000/6485101 (82.9285%)
entry 5379000/6485101 (82.944%)
entry 5381000/6485101 (82.9748%)
entry 5385000/6485101 (83.0365%)
entry 5386000/6485101 (83.0519%)
entry 5389000/6485101 (83.0982%)
entry 5390000/6485101 (83.1136%)
entry 5391000/6485101 (83.129%)
entry 5392000/6485101 (83.1444%)
entry 5393000/6485101 (83.1598%)
entry 5394000/6485101 (83.1753%)
entry 5395000/6485101 (83.1907%)
entry 5396000/6485101 (83.2061%)
entry 5397000/6485101 (83.2215%)
entry 5398000/6485101 (83.2369%)
entry 5399000/6485101 (83.2524%)
entry 5401000/6485101 (83.2832%)
entry 5404000/6485101 (83.3295%)
entry 5406000/6485101 (83.3603%)
entry 5407000/6485101 (83.3757%)
entry 5408000/6485101 (83.3911%)
entry 5409000/6485101 (83.4066%)
entry 5410000/6485101 (83.422%)
entry 5411000/6485101 (83.4374%)
entry 5413000/6485101 (83.4682%)
entry 5414000/6485101 (83.4837%)
entry 5415000/6485101 (83.4991%)
entry 5418000/6485101 (83.5453%)
entry 5420000/6485101 (83.5762%)
entry 5424000/6485101 (83.6379%)
entry 5425000/6485101 (83.6533%)
entry 5426000/6485101 (83.6687%)
entry 5427000/6485101 (83.6841%)
entry 5428000/6485101 (83.6995%)
entry 5429000/6485101 (83.715%)
entry 5430000/6485101 (83.7304%)
entry 5431000/6485101 (83.7458%)
entry 5432000/6485101 (83.7612%)
entry 5433000/6485101 (83.7766%)
entry 5435000/6485101 (83.8075%)
entry 5438000/6485101 (83.8537%)
entry 5439000/6485101 (83.8692%)
entry 5440000/6485101 (83.8846%)
entry 5442000/6485101 (83.9154%)
entry 5443000/6485101 (83.9308%)
entry 5444000/6485101 (83.9463%)
entry 5445000/6485101 (83.9617%)
entry 5446000/6485101 (83.9771%)
entry 5447000/6485101 (83.9925%)
entry 5450000/6485101 (84.0388%)
entry 5451000/6485101 (84.0542%)
entry 5453000/6485101 (84.085%)
entry 5456000/6485101 (84.1313%)
entry 5457000/6485101 (84.1467%)
entry 5459000/6485101 (84.1776%)
entry 5460000/6485101 (84.193%)
entry 5461000/6485101 (84.2084%)
entry 5462000/6485101 (84.2238%)
entry 5463000/6485101 (84.2392%)
entry 5464000/6485101 (84.2547%)
entry 5465000/6485101 (84.2701%)
entry 5466000/6485101 (84.2855%)
entry 5470000/6485101 (84.3472%)
entry 5471000/6485101 (84.3626%)
entry 5472000/6485101 (84.378%)
entry 5474000/6485101 (84.4089%)
entry 5475000/6485101 (84.4243%)
entry 5476000/6485101 (84.4397%)
entry 5477000/6485101 (84.4551%)
entry 5478000/6485101 (84.4705%)
entry 5480000/6485101 (84.5014%)
entry 5481000/6485101 (84.5168%)
entry 5483000/6485101 (84.5476%)
entry 5484000/6485101 (84.5631%)
entry 5485000/6485101 (84.5785%)
entry 5487000/6485101 (84.6093%)
entry 5488000/6485101 (84.6247%)
entry 5490000/6485101 (84.6556%)
entry 5492000/6485101 (84.6864%)
entry 5495000/6485101 (84.7327%)
entry 5496000/6485101 (84.7481%)
entry 5497000/6485101 (84.7635%)
entry 5498000/6485101 (84.7789%)
entry 5499000/6485101 (84.7944%)
entry 5500000/6485101 (84.8098%)
entry 5501000/6485101 (84.8252%)
entry 5503000/6485101 (84.856%)
entry 5504000/6485101 (84.8715%)
entry 5505000/6485101 (84.8869%)
entry 5506000/6485101 (84.9023%)
entry 5507000/6485101 (84.9177%)
entry 5509000/6485101 (84.9486%)
entry 5510000/6485101 (84.964%)
entry 5511000/6485101 (84.9794%)
entry 5512000/6485101 (84.9948%)
entry 5513000/6485101 (85.0102%)
entry 5514000/6485101 (85.0257%)
entry 5515000/6485101 (85.0411%)
entry 5516000/6485101 (85.0565%)
entry 5518000/6485101 (85.0873%)
entry 5519000/6485101 (85.1028%)
entry 5520000/6485101 (85.1182%)
entry 5521000/6485101 (85.1336%)
entry 5523000/6485101 (85.1644%)
entry 5524000/6485101 (85.1799%)
entry 5525000/6485101 (85.1953%)
entry 5527000/6485101 (85.2261%)
entry 5529000/6485101 (85.257%)
entry 5530000/6485101 (85.2724%)
entry 5531000/6485101 (85.2878%)
entry 5532000/6485101 (85.3032%)
entry 5534000/6485101 (85.3341%)
entry 5535000/6485101 (85.3495%)
entry 5537000/6485101 (85.3803%)
entry 5538000/6485101 (85.3957%)
entry 5540000/6485101 (85.4266%)
entry 5541000/6485101 (85.442%)
entry 5542000/6485101 (85.4574%)
entry 5543000/6485101 (85.4728%)
entry 5544000/6485101 (85.4883%)
entry 5545000/6485101 (85.5037%)
entry 5547000/6485101 (85.5345%)
entry 5550000/6485101 (85.5808%)
entry 5551000/6485101 (85.5962%)
entry 5552000/6485101 (85.6116%)
entry 5553000/6485101 (85.627%)
entry 5555000/6485101 (85.6579%)
entry 5556000/6485101 (85.6733%)
entry 5557000/6485101 (85.6887%)
entry 5559000/6485101 (85.7196%)
entry 5560000/6485101 (85.735%)
entry 5561000/6485101 (85.7504%)
entry 5563000/6485101 (85.7812%)
entry 5564000/6485101 (85.7967%)
entry 5565000/6485101 (85.8121%)
entry 5566000/6485101 (85.8275%)
entry 5567000/6485101 (85.8429%)
entry 5569000/6485101 (85.8738%)
entry 5571000/6485101 (85.9046%)
entry 5572000/6485101 (85.92%)
entry 5576000/6485101 (85.9817%)
entry 5577000/6485101 (85.9971%)
entry 5578000/6485101 (86.0125%)
entry 5579000/6485101 (86.028%)
entry 5580000/6485101 (86.0434%)
entry 5581000/6485101 (86.0588%)
entry 5582000/6485101 (86.0742%)
entry 5583000/6485101 (86.0896%)
entry 5584000/6485101 (86.1051%)
entry 5586000/6485101 (86.1359%)
entry 5587000/6485101 (86.1513%)
entry 5590000/6485101 (86.1976%)
entry 5591000/6485101 (86.213%)
entry 5592000/6485101 (86.2284%)
entry 5594000/6485101 (86.2593%)
entry 5596000/6485101 (86.2901%)
entry 5597000/6485101 (86.3055%)
entry 5598000/6485101 (86.3209%)
entry 5599000/6485101 (86.3364%)
entry 5600000/6485101 (86.3518%)
entry 5602000/6485101 (86.3826%)
entry 5603000/6485101 (86.398%)
entry 5604000/6485101 (86.4135%)
entry 5605000/6485101 (86.4289%)
entry 5608000/6485101 (86.4751%)
entry 5609000/6485101 (86.4906%)
entry 5610000/6485101 (86.506%)
entry 5612000/6485101 (86.5368%)
entry 5614000/6485101 (86.5677%)
entry 5615000/6485101 (86.5831%)
entry 5616000/6485101 (86.5985%)
entry 5618000/6485101 (86.6293%)
entry 5619000/6485101 (86.6448%)
entry 5620000/6485101 (86.6602%)
entry 5621000/6485101 (86.6756%)
entry 5622000/6485101 (86.691%)
entry 5623000/6485101 (86.7064%)
entry 5625000/6485101 (86.7373%)
entry 5626000/6485101 (86.7527%)
entry 5628000/6485101 (86.7835%)
entry 5633000/6485101 (86.8606%)
entry 5634000/6485101 (86.8761%)
entry 5635000/6485101 (86.8915%)
entry 5636000/6485101 (86.9069%)
entry 5637000/6485101 (86.9223%)
entry 5638000/6485101 (86.9377%)
entry 5640000/6485101 (86.9686%)
entry 5642000/6485101 (86.9994%)
entry 5643000/6485101 (87.0148%)
entry 5644000/6485101 (87.0303%)
entry 5645000/6485101 (87.0457%)
entry 5646000/6485101 (87.0611%)
entry 5647000/6485101 (87.0765%)
entry 5648000/6485101 (87.0919%)
entry 5650000/6485101 (87.1228%)
entry 5651000/6485101 (87.1382%)
entry 5653000/6485101 (87.169%)
entry 5654000/6485101 (87.1845%)
entry 5655000/6485101 (87.1999%)
entry 5656000/6485101 (87.2153%)
entry 5658000/6485101 (87.2461%)
entry 5659000/6485101 (87.2616%)
entry 5660000/6485101 (87.277%)
entry 5661000/6485101 (87.2924%)
entry 5663000/6485101 (87.3232%)
entry 5666000/6485101 (87.3695%)
entry 5667000/6485101 (87.3849%)
entry 5670000/6485101 (87.4312%)
entry 5673000/6485101 (87.4774%)
entry 5674000/6485101 (87.4929%)
entry 5676000/6485101 (87.5237%)
entry 5677000/6485101 (87.5391%)
entry 5680000/6485101 (87.5854%)
entry 5681000/6485101 (87.6008%)
entry 5682000/6485101 (87.6162%)
entry 5684000/6485101 (87.6471%)
entry 5685000/6485101 (87.6625%)
entry 5686000/6485101 (87.6779%)
entry 5687000/6485101 (87.6933%)
entry 5689000/6485101 (87.7242%)
entry 5690000/6485101 (87.7396%)
entry 5692000/6485101 (87.7704%)
entry 5693000/6485101 (87.7858%)
entry 5695000/6485101 (87.8167%)
entry 5696000/6485101 (87.8321%)
entry 5697000/6485101 (87.8475%)
entry 5699000/6485101 (87.8784%)
entry 5700000/6485101 (87.8938%)
entry 5701000/6485101 (87.9092%)
entry 5702000/6485101 (87.9246%)
entry 5703000/6485101 (87.94%)
entry 5704000/6485101 (87.9555%)
entry 5705000/6485101 (87.9709%)
entry 5706000/6485101 (87.9863%)
entry 5707000/6485101 (88.0017%)
entry 5708000/6485101 (88.0171%)
entry 5709000/6485101 (88.0326%)
entry 5712000/6485101 (88.0788%)
entry 5713000/6485101 (88.0942%)
entry 5714000/6485101 (88.1097%)
entry 5715000/6485101 (88.1251%)
entry 5716000/6485101 (88.1405%)
entry 5717000/6485101 (88.1559%)
entry 5718000/6485101 (88.1713%)
entry 5719000/6485101 (88.1868%)
entry 5721000/6485101 (88.2176%)
entry 5722000/6485101 (88.233%)
entry 5724000/6485101 (88.2639%)
entry 5725000/6485101 (88.2793%)
entry 5726000/6485101 (88.2947%)
entry 5727000/6485101 (88.3101%)
entry 5728000/6485101 (88.3255%)
entry 5730000/6485101 (88.3564%)
entry 5732000/6485101 (88.3872%)
entry 5733000/6485101 (88.4026%)
entry 5736000/6485101 (88.4489%)
entry 5737000/6485101 (88.4643%)
entry 5738000/6485101 (88.4797%)
entry 5740000/6485101 (88.5106%)
entry 5741000/6485101 (88.526%)
entry 5742000/6485101 (88.5414%)
entry 5745000/6485101 (88.5877%)
entry 5748000/6485101 (88.6339%)
entry 5751000/6485101 (88.6802%)
entry 5754000/6485101 (88.7264%)
entry 5756000/6485101 (88.7573%)
entry 5757000/6485101 (88.7727%)
entry 5760000/6485101 (88.819%)
entry 5761000/6485101 (88.8344%)
entry 5762000/6485101 (88.8498%)
entry 5763000/6485101 (88.8652%)
entry 5766000/6485101 (88.9115%)
entry 5767000/6485101 (88.9269%)
entry 5768000/6485101 (88.9423%)
entry 5769000/6485101 (88.9578%)
entry 5770000/6485101 (88.9732%)
entry 5771000/6485101 (88.9886%)
entry 5772000/6485101 (89.004%)
entry 5773000/6485101 (89.0194%)
entry 5774000/6485101 (89.0348%)
entry 5775000/6485101 (89.0503%)
entry 5776000/6485101 (89.0657%)
entry 5777000/6485101 (89.0811%)
entry 5778000/6485101 (89.0965%)
entry 5779000/6485101 (89.1119%)
entry 5780000/6485101 (89.1274%)
entry 5781000/6485101 (89.1428%)
entry 5783000/6485101 (89.1736%)
entry 5784000/6485101 (89.1891%)
entry 5785000/6485101 (89.2045%)
entry 5786000/6485101 (89.2199%)
entry 5787000/6485101 (89.2353%)
entry 5788000/6485101 (89.2507%)
entry 5790000/6485101 (89.2816%)
entry 5791000/6485101 (89.297%)
entry 5792000/6485101 (89.3124%)
entry 5793000/6485101 (89.3278%)
entry 5795000/6485101 (89.3587%)
entry 5796000/6485101 (89.3741%)
entry 5797000/6485101 (89.3895%)
entry 5798000/6485101 (89.4049%)
entry 5800000/6485101 (89.4358%)
entry 5801000/6485101 (89.4512%)
entry 5802000/6485101 (89.4666%)
entry 5803000/6485101 (89.482%)
entry 5806000/6485101 (89.5283%)
entry 5807000/6485101 (89.5437%)
entry 5808000/6485101 (89.5591%)
entry 5809000/6485101 (89.5746%)
entry 5814000/6485101 (89.6517%)
entry 5816000/6485101 (89.6825%)
entry 5817000/6485101 (89.6979%)
entry 5819000/6485101 (89.7287%)
entry 5820000/6485101 (89.7442%)
entry 5821000/6485101 (89.7596%)
entry 5822000/6485101 (89.775%)
entry 5823000/6485101 (89.7904%)
entry 5824000/6485101 (89.8058%)
entry 5825000/6485101 (89.8213%)
entry 5826000/6485101 (89.8367%)
entry 5827000/6485101 (89.8521%)
entry 5828000/6485101 (89.8675%)
entry 5829000/6485101 (89.8829%)
entry 5830000/6485101 (89.8984%)
entry 5831000/6485101 (89.9138%)
entry 5832000/6485101 (89.9292%)
entry 5833000/6485101 (89.9446%)
entry 5834000/6485101 (89.9601%)
entry 5835000/6485101 (89.9755%)
entry 5836000/6485101 (89.9909%)
entry 5838000/6485101 (90.0217%)
entry 5839000/6485101 (90.0371%)
entry 5842000/6485101 (90.0834%)
entry 5844000/6485101 (90.1142%)
entry 5845000/6485101 (90.1297%)
entry 5847000/6485101 (90.1605%)
entry 5848000/6485101 (90.1759%)
entry 5850000/6485101 (90.2068%)
entry 5852000/6485101 (90.2376%)
entry 5855000/6485101 (90.2839%)
entry 5857000/6485101 (90.3147%)
entry 5859000/6485101 (90.3455%)
entry 5860000/6485101 (90.361%)
entry 5862000/6485101 (90.3918%)
entry 5863000/6485101 (90.4072%)
entry 5864000/6485101 (90.4226%)
entry 5869000/6485101 (90.4997%)
entry 5870000/6485101 (90.5152%)
entry 5871000/6485101 (90.5306%)
entry 5872000/6485101 (90.546%)
entry 5873000/6485101 (90.5614%)
entry 5874000/6485101 (90.5768%)
entry 5875000/6485101 (90.5923%)
entry 5878000/6485101 (90.6385%)
entry 5879000/6485101 (90.6539%)
entry 5880000/6485101 (90.6694%)
entry 5881000/6485101 (90.6848%)
entry 5882000/6485101 (90.7002%)
entry 5883000/6485101 (90.7156%)
entry 5885000/6485101 (90.7465%)
entry 5886000/6485101 (90.7619%)
entry 5887000/6485101 (90.7773%)
entry 5889000/6485101 (90.8081%)
entry 5890000/6485101 (90.8236%)
entry 5891000/6485101 (90.839%)
entry 5895000/6485101 (90.9007%)
entry 5896000/6485101 (90.9161%)
entry 5897000/6485101 (90.9315%)
entry 5898000/6485101 (90.9469%)
entry 5901000/6485101 (90.9932%)
entry 5905000/6485101 (91.0549%)
entry 5907000/6485101 (91.0857%)
entry 5908000/6485101 (91.1011%)
entry 5911000/6485101 (91.1474%)
entry 5913000/6485101 (91.1782%)
entry 5915000/6485101 (91.2091%)
entry 5917000/6485101 (91.2399%)
entry 5918000/6485101 (91.2553%)
entry 5920000/6485101 (91.2862%)
entry 5921000/6485101 (91.3016%)
entry 5923000/6485101 (91.3324%)
entry 5925000/6485101 (91.3633%)
entry 5926000/6485101 (91.3787%)
entry 5927000/6485101 (91.3941%)
entry 5929000/6485101 (91.4249%)
entry 5931000/6485101 (91.4558%)
entry 5933000/6485101 (91.4866%)
entry 5935000/6485101 (91.5175%)
entry 5936000/6485101 (91.5329%)
entry 5937000/6485101 (91.5483%)
entry 5938000/6485101 (91.5637%)
entry 5939000/6485101 (91.5791%)
entry 5940000/6485101 (91.5946%)
entry 5941000/6485101 (91.61%)
entry 5942000/6485101 (91.6254%)
entry 5943000/6485101 (91.6408%)
entry 5945000/6485101 (91.6717%)
entry 5946000/6485101 (91.6871%)
entry 5947000/6485101 (91.7025%)
entry 5948000/6485101 (91.7179%)
entry 5950000/6485101 (91.7488%)
entry 5951000/6485101 (91.7642%)
entry 5952000/6485101 (91.7796%)
entry 5954000/6485101 (91.8104%)
entry 5957000/6485101 (91.8567%)
entry 5958000/6485101 (91.8721%)
entry 5959000/6485101 (91.8875%)
entry 5960000/6485101 (91.903%)
entry 5962000/6485101 (91.9338%)
entry 5964000/6485101 (91.9646%)
entry 5965000/6485101 (91.9801%)
entry 5966000/6485101 (91.9955%)
entry 5967000/6485101 (92.0109%)
entry 5969000/6485101 (92.0417%)
entry 5970000/6485101 (92.0572%)
entry 5971000/6485101 (92.0726%)
entry 5972000/6485101 (92.088%)
entry 5973000/6485101 (92.1034%)
entry 5974000/6485101 (92.1188%)
entry 5976000/6485101 (92.1497%)
entry 5977000/6485101 (92.1651%)
entry 5980000/6485101 (92.2114%)
entry 5981000/6485101 (92.2268%)
entry 5982000/6485101 (92.2422%)
entry 5983000/6485101 (92.2576%)
entry 5984000/6485101 (92.273%)
entry 5986000/6485101 (92.3039%)
entry 5987000/6485101 (92.3193%)
entry 5988000/6485101 (92.3347%)
entry 5990000/6485101 (92.3656%)
entry 5991000/6485101 (92.381%)
entry 5992000/6485101 (92.3964%)
entry 5993000/6485101 (92.4118%)
entry 5994000/6485101 (92.4272%)
entry 5995000/6485101 (92.4427%)
entry 5996000/6485101 (92.4581%)
entry 5998000/6485101 (92.4889%)
entry 5999000/6485101 (92.5043%)
entry 6000000/6485101 (92.5198%)
entry 6001000/6485101 (92.5352%)
entry 6002000/6485101 (92.5506%)
entry 6004000/6485101 (92.5814%)
entry 6006000/6485101 (92.6123%)
entry 6007000/6485101 (92.6277%)
entry 6008000/6485101 (92.6431%)
entry 6010000/6485101 (92.674%)
entry 6012000/6485101 (92.7048%)
entry 6014000/6485101 (92.7356%)
entry 6016000/6485101 (92.7665%)
entry 6017000/6485101 (92.7819%)
entry 6019000/6485101 (92.8127%)
entry 6021000/6485101 (92.8436%)
entry 6023000/6485101 (92.8744%)
entry 6026000/6485101 (92.9207%)
entry 6027000/6485101 (92.9361%)
entry 6028000/6485101 (92.9515%)
entry 6029000/6485101 (92.9669%)
entry 6030000/6485101 (92.9824%)
entry 6031000/6485101 (92.9978%)
entry 6033000/6485101 (93.0286%)
entry 6034000/6485101 (93.044%)
entry 6035000/6485101 (93.0595%)
entry 6037000/6485101 (93.0903%)
entry 6038000/6485101 (93.1057%)
entry 6039000/6485101 (93.1211%)
entry 6040000/6485101 (93.1366%)
entry 6041000/6485101 (93.152%)
entry 6042000/6485101 (93.1674%)
entry 6043000/6485101 (93.1828%)
entry 6044000/6485101 (93.1982%)
entry 6045000/6485101 (93.2137%)
entry 6046000/6485101 (93.2291%)
entry 6047000/6485101 (93.2445%)
entry 6048000/6485101 (93.2599%)
entry 6050000/6485101 (93.2908%)
entry 6051000/6485101 (93.3062%)
entry 6052000/6485101 (93.3216%)
entry 6053000/6485101 (93.337%)
entry 6054000/6485101 (93.3524%)
entry 6055000/6485101 (93.3679%)
entry 6056000/6485101 (93.3833%)
entry 6057000/6485101 (93.3987%)
entry 6058000/6485101 (93.4141%)
entry 6059000/6485101 (93.4295%)
entry 6060000/6485101 (93.445%)
entry 6061000/6485101 (93.4604%)
entry 6062000/6485101 (93.4758%)
entry 6064000/6485101 (93.5066%)
entry 6065000/6485101 (93.5221%)
entry 6066000/6485101 (93.5375%)
entry 6067000/6485101 (93.5529%)
entry 6068000/6485101 (93.5683%)
entry 6069000/6485101 (93.5837%)
entry 6070000/6485101 (93.5992%)
entry 6072000/6485101 (93.63%)
entry 6074000/6485101 (93.6608%)
entry 6075000/6485101 (93.6763%)
entry 6076000/6485101 (93.6917%)
entry 6077000/6485101 (93.7071%)
entry 6078000/6485101 (93.7225%)
entry 6079000/6485101 (93.7379%)
entry 6080000/6485101 (93.7534%)
entry 6081000/6485101 (93.7688%)
entry 6082000/6485101 (93.7842%)
entry 6083000/6485101 (93.7996%)
entry 6084000/6485101 (93.815%)
entry 6086000/6485101 (93.8459%)
entry 6087000/6485101 (93.8613%)
entry 6089000/6485101 (93.8921%)
entry 6091000/6485101 (93.923%)
entry 6093000/6485101 (93.9538%)
entry 6097000/6485101 (94.0155%)
entry 6099000/6485101 (94.0463%)
entry 6101000/6485101 (94.0772%)
entry 6102000/6485101 (94.0926%)
entry 6103000/6485101 (94.108%)
entry 6105000/6485101 (94.1389%)
entry 6106000/6485101 (94.1543%)
entry 6107000/6485101 (94.1697%)
entry 6108000/6485101 (94.1851%)
entry 6109000/6485101 (94.2005%)
entry 6110000/6485101 (94.216%)
entry 6111000/6485101 (94.2314%)
entry 6112000/6485101 (94.2468%)
entry 6113000/6485101 (94.2622%)
entry 6114000/6485101 (94.2776%)
entry 6115000/6485101 (94.2931%)
entry 6117000/6485101 (94.3239%)
entry 6118000/6485101 (94.3393%)
entry 6120000/6485101 (94.3702%)
entry 6121000/6485101 (94.3856%)
entry 6123000/6485101 (94.4164%)
entry 6124000/6485101 (94.4318%)
entry 6125000/6485101 (94.4473%)
entry 6126000/6485101 (94.4627%)
entry 6127000/6485101 (94.4781%)
entry 6129000/6485101 (94.5089%)
entry 6130000/6485101 (94.5244%)
entry 6131000/6485101 (94.5398%)
entry 6134000/6485101 (94.586%)
entry 6135000/6485101 (94.6015%)
entry 6137000/6485101 (94.6323%)
entry 6139000/6485101 (94.6631%)
entry 6142000/6485101 (94.7094%)
entry 6143000/6485101 (94.7248%)
entry 6144000/6485101 (94.7402%)
entry 6145000/6485101 (94.7557%)
entry 6147000/6485101 (94.7865%)
entry 6148000/6485101 (94.8019%)
entry 6149000/6485101 (94.8173%)
entry 6151000/6485101 (94.8482%)
entry 6153000/6485101 (94.879%)
entry 6154000/6485101 (94.8944%)
entry 6156000/6485101 (94.9253%)
entry 6159000/6485101 (94.9715%)
entry 6160000/6485101 (94.987%)
entry 6161000/6485101 (95.0024%)
entry 6163000/6485101 (95.0332%)
entry 6164000/6485101 (95.0486%)
entry 6165000/6485101 (95.0641%)
entry 6166000/6485101 (95.0795%)
entry 6167000/6485101 (95.0949%)
entry 6170000/6485101 (95.1412%)
entry 6173000/6485101 (95.1874%)
entry 6174000/6485101 (95.2028%)
entry 6175000/6485101 (95.2183%)
entry 6176000/6485101 (95.2337%)
entry 6177000/6485101 (95.2491%)
entry 6178000/6485101 (95.2645%)
entry 6181000/6485101 (95.3108%)
entry 6182000/6485101 (95.3262%)
entry 6183000/6485101 (95.3416%)
entry 6184000/6485101 (95.357%)
entry 6186000/6485101 (95.3879%)
entry 6189000/6485101 (95.4341%)
entry 6190000/6485101 (95.4496%)
entry 6191000/6485101 (95.465%)
entry 6192000/6485101 (95.4804%)
entry 6193000/6485101 (95.4958%)
entry 6194000/6485101 (95.5112%)
entry 6195000/6485101 (95.5267%)
entry 6196000/6485101 (95.5421%)
entry 6197000/6485101 (95.5575%)
entry 6198000/6485101 (95.5729%)
entry 6199000/6485101 (95.5883%)
entry 6200000/6485101 (95.6038%)
entry 6201000/6485101 (95.6192%)
entry 6203000/6485101 (95.65%)
entry 6204000/6485101 (95.6654%)
entry 6206000/6485101 (95.6963%)
entry 6207000/6485101 (95.7117%)
entry 6208000/6485101 (95.7271%)
entry 6209000/6485101 (95.7425%)
entry 6210000/6485101 (95.758%)
entry 6211000/6485101 (95.7734%)
entry 6213000/6485101 (95.8042%)
entry 6214000/6485101 (95.8196%)
entry 6216000/6485101 (95.8505%)
entry 6218000/6485101 (95.8813%)
entry 6219000/6485101 (95.8967%)
entry 6220000/6485101 (95.9122%)
entry 6221000/6485101 (95.9276%)
entry 6222000/6485101 (95.943%)
entry 6223000/6485101 (95.9584%)
entry 6224000/6485101 (95.9738%)
entry 6225000/6485101 (95.9893%)
entry 6226000/6485101 (96.0047%)
entry 6227000/6485101 (96.0201%)
entry 6229000/6485101 (96.0509%)
entry 6230000/6485101 (96.0663%)
entry 6232000/6485101 (96.0972%)
entry 6233000/6485101 (96.1126%)
entry 6235000/6485101 (96.1435%)
entry 6236000/6485101 (96.1589%)
entry 6238000/6485101 (96.1897%)
entry 6239000/6485101 (96.2051%)
entry 6240000/6485101 (96.2206%)
entry 6243000/6485101 (96.2668%)
entry 6244000/6485101 (96.2822%)
entry 6245000/6485101 (96.2977%)
entry 6246000/6485101 (96.3131%)
entry 6247000/6485101 (96.3285%)
entry 6248000/6485101 (96.3439%)
entry 6249000/6485101 (96.3593%)
entry 6250000/6485101 (96.3748%)
entry 6251000/6485101 (96.3902%)
entry 6252000/6485101 (96.4056%)
entry 6253000/6485101 (96.421%)
entry 6255000/6485101 (96.4518%)
entry 6256000/6485101 (96.4673%)
entry 6259000/6485101 (96.5135%)
entry 6260000/6485101 (96.529%)
entry 6261000/6485101 (96.5444%)
entry 6262000/6485101 (96.5598%)
entry 6267000/6485101 (96.6369%)
entry 6269000/6485101 (96.6677%)
entry 6270000/6485101 (96.6832%)
entry 6272000/6485101 (96.714%)
entry 6276000/6485101 (96.7757%)
entry 6277000/6485101 (96.7911%)
entry 6278000/6485101 (96.8065%)
entry 6279000/6485101 (96.8219%)
entry 6280000/6485101 (96.8373%)
entry 6281000/6485101 (96.8528%)
entry 6283000/6485101 (96.8836%)
entry 6284000/6485101 (96.899%)
entry 6285000/6485101 (96.9145%)
entry 6287000/6485101 (96.9453%)
entry 6289000/6485101 (96.9761%)
entry 6291000/6485101 (97.007%)
entry 6292000/6485101 (97.0224%)
entry 6294000/6485101 (97.0532%)
entry 6295000/6485101 (97.0686%)
entry 6296000/6485101 (97.0841%)
entry 6297000/6485101 (97.0995%)
entry 6300000/6485101 (97.1457%)
entry 6301000/6485101 (97.1612%)
entry 6303000/6485101 (97.192%)
entry 6304000/6485101 (97.2074%)
entry 6305000/6485101 (97.2229%)
entry 6306000/6485101 (97.2383%)
entry 6307000/6485101 (97.2537%)
entry 6308000/6485101 (97.2691%)
entry 6309000/6485101 (97.2845%)
entry 6311000/6485101 (97.3154%)
entry 6312000/6485101 (97.3308%)
entry 6314000/6485101 (97.3616%)
entry 6315000/6485101 (97.377%)
entry 6317000/6485101 (97.4079%)
entry 6318000/6485101 (97.4233%)
entry 6319000/6485101 (97.4387%)
entry 6320000/6485101 (97.4541%)
entry 6321000/6485101 (97.4696%)
entry 6322000/6485101 (97.485%)
entry 6323000/6485101 (97.5004%)
entry 6326000/6485101 (97.5467%)
entry 6327000/6485101 (97.5621%)
entry 6328000/6485101 (97.5775%)
entry 6329000/6485101 (97.5929%)
entry 6330000/6485101 (97.6084%)
entry 6332000/6485101 (97.6392%)
entry 6334000/6485101 (97.67%)
entry 6335000/6485101 (97.6855%)
entry 6336000/6485101 (97.7009%)
entry 6337000/6485101 (97.7163%)
entry 6340000/6485101 (97.7625%)
entry 6341000/6485101 (97.778%)
entry 6342000/6485101 (97.7934%)
entry 6343000/6485101 (97.8088%)
entry 6345000/6485101 (97.8396%)
entry 6348000/6485101 (97.8859%)
entry 6349000/6485101 (97.9013%)
entry 6350000/6485101 (97.9167%)
entry 6351000/6485101 (97.9322%)
entry 6352000/6485101 (97.9476%)
entry 6353000/6485101 (97.963%)
entry 6354000/6485101 (97.9784%)
entry 6355000/6485101 (97.9939%)
entry 6356000/6485101 (98.0093%)
entry 6357000/6485101 (98.0247%)
entry 6360000/6485101 (98.0709%)
entry 6362000/6485101 (98.1018%)
entry 6363000/6485101 (98.1172%)
entry 6364000/6485101 (98.1326%)
entry 6365000/6485101 (98.148%)
entry 6366000/6485101 (98.1635%)
entry 6367000/6485101 (98.1789%)
entry 6368000/6485101 (98.1943%)
entry 6369000/6485101 (98.2097%)
entry 6370000/6485101 (98.2251%)
entry 6371000/6485101 (98.2406%)
entry 6372000/6485101 (98.256%)
entry 6374000/6485101 (98.2868%)
entry 6375000/6485101 (98.3022%)
entry 6377000/6485101 (98.3331%)
entry 6378000/6485101 (98.3485%)
entry 6379000/6485101 (98.3639%)
entry 6380000/6485101 (98.3793%)
entry 6381000/6485101 (98.3948%)
entry 6382000/6485101 (98.4102%)
entry 6383000/6485101 (98.4256%)
entry 6385000/6485101 (98.4564%)
entry 6387000/6485101 (98.4873%)
entry 6388000/6485101 (98.5027%)
entry 6389000/6485101 (98.5181%)
entry 6391000/6485101 (98.549%)
entry 6393000/6485101 (98.5798%)
entry 6394000/6485101 (98.5952%)
entry 6395000/6485101 (98.6106%)
entry 6397000/6485101 (98.6415%)
entry 6399000/6485101 (98.6723%)
entry 6401000/6485101 (98.7032%)
entry 6402000/6485101 (98.7186%)
entry 6403000/6485101 (98.734%)
entry 6404000/6485101 (98.7494%)
entry 6405000/6485101 (98.7648%)
entry 6406000/6485101 (98.7803%)
entry 6407000/6485101 (98.7957%)
entry 6408000/6485101 (98.8111%)
entry 6411000/6485101 (98.8574%)
entry 6412000/6485101 (98.8728%)
entry 6415000/6485101 (98.919%)
entry 6418000/6485101 (98.9653%)
entry 6419000/6485101 (98.9807%)
entry 6420000/6485101 (98.9961%)
entry 6421000/6485101 (99.0116%)
entry 6422000/6485101 (99.027%)
entry 6423000/6485101 (99.0424%)
entry 6424000/6485101 (99.0578%)
entry 6425000/6485101 (99.0732%)
entry 6428000/6485101 (99.1195%)
entry 6429000/6485101 (99.1349%)
entry 6430000/6485101 (99.1503%)
entry 6432000/6485101 (99.1812%)
entry 6433000/6485101 (99.1966%)
entry 6434000/6485101 (99.212%)
entry 6436000/6485101 (99.2429%)
entry 6437000/6485101 (99.2583%)
entry 6439000/6485101 (99.2891%)
entry 6441000/6485101 (99.32%)
entry 6442000/6485101 (99.3354%)
entry 6443000/6485101 (99.3508%)
entry 6447000/6485101 (99.4125%)
entry 6448000/6485101 (99.4279%)
entry 6449000/6485101 (99.4433%)
entry 6450000/6485101 (99.4587%)
entry 6451000/6485101 (99.4742%)
entry 6452000/6485101 (99.4896%)
entry 6455000/6485101 (99.5358%)
entry 6456000/6485101 (99.5513%)
entry 6457000/6485101 (99.5667%)
entry 6459000/6485101 (99.5975%)
entry 6460000/6485101 (99.6129%)
entry 6461000/6485101 (99.6284%)
entry 6462000/6485101 (99.6438%)
entry 6463000/6485101 (99.6592%)
entry 6465000/6485101 (99.69%)
entry 6466000/6485101 (99.7055%)
entry 6467000/6485101 (99.7209%)
entry 6468000/6485101 (99.7363%)
entry 6469000/6485101 (99.7517%)
entry 6470000/6485101 (99.7671%)
entry 6472000/6485101 (99.798%)
entry 6476000/6485101 (99.8597%)
entry 6477000/6485101 (99.8751%)
entry 6478000/6485101 (99.8905%)
entry 6480000/6485101 (99.9213%)
entry 6481000/6485101 (99.9368%)
entry 6482000/6485101 (99.9522%)
entry 6483000/6485101 (99.9676%)
entry 6484000/6485101 (99.983%)
entry 6485000/6485101 (99.9984%)
all done
script done
