sphnx1098.sdcc.bnl.gov
rsyncing from /gpfs/mnt/gpfs02/sphenix/user/samfred/run25/ppg11/histmaking
running: /gpfs/mnt/gpfs02/sphenix/user/samfred/run25/ppg11/histmaking/script_data.sh 52721
LD_LIBRARY_PATH now /sphenix/user/samfred/run25/install//lib:/cvmfs/sphenix.sdcc.bnl.gov/alma9.2-gcc-14.2.0/opt/sphenix/core/gcc/14.2.0-2f0a0/x86_64-el9/lib:/cvmfs/sphenix.sdcc.bnl.gov/alma9.2-gcc-14.2.0/opt/sphenix/core/gcc/14.2.0-2f0a0/x86_64-el9/lib64:/cvmfs/sphenix.sdcc.bnl.gov/alma9.2-gcc-14.2.0/opt/sphenix/core/binutils/2.40-acaab/x86_64-el9/lib:.:/cvmfs/sphenix.sdcc.bnl.gov/alma9.2-gcc-14.2.0/release/release_new/new.10/lib64:/cvmfs/sphenix.sdcc.bnl.gov/alma9.2-gcc-14.2.0/release/release_new/new.10/lib:/cvmfs/sphenix.sdcc.bnl.gov/alma9.2-gcc-14.2.0/opt/sphenix/utils/lib:/cvmfs/sphenix.sdcc.bnl.gov/alma9.2-gcc-14.2.0/opt/sphenix/core/lib:/cvmfs/sphenix.sdcc.bnl.gov/alma9.2-gcc-14.2.0/opt/sphenix/core/root-6.32.06/lib:/cvmfs/sphenix.sdcc.bnl.gov/alma9.2-gcc-14.2.0/opt/sphenix/core/geant4.10.07.p04/lib64:/cvmfs/sphenix.sdcc.bnl.gov/alma9.2-gcc-14.2.0/opt/sphenix/core/lhapdf-5.9.1/lib:/usr/local/lib64:/usr/lib64
PATH now /sphenix/user/samfred/run25/install//bin:/cvmfs/sphenix.sdcc.bnl.gov/alma9.2-gcc-14.2.0/opt/sphenix/core/gcc/14.2.0-2f0a0/x86_64-el9/bin:/cvmfs/sphenix.sdcc.bnl.gov/alma9.2-gcc-14.2.0/opt/sphenix/core/binutils/2.40-acaab/x86_64-el9/bin:.:/cvmfs/sphenix.sdcc.bnl.gov/alma9.2-gcc-14.2.0/release/release_new/new.10/bin:/cvmfs/sphenix.sdcc.bnl.gov/alma9.2-gcc-14.2.0/opt/sphenix/utils/bin:/cvmfs/sphenix.sdcc.bnl.gov/alma9.2-gcc-14.2.0/opt/sphenix/core/bin:/cvmfs/sphenix.sdcc.bnl.gov/alma9.2-gcc-14.2.0/opt/sphenix/core/root-6.32.06/bin:/cvmfs/sphenix.sdcc.bnl.gov/alma9.2-gcc-14.2.0/opt/sphenix/core/geant4.10.07.p04/bin:/usr/local/bin:/usr/bin:/usr/local/sbin:/usr/sbin
SINGULARITY_CACHEDIR=/home/condor/local/sphnx/execute/dir_543806
_CONDOR_CHIRP_CONFIG=/home/condor/local/sphnx/execute/dir_543806/.chirp.config
_CONDOR_JOB_IWD=/sphenix/user/samfred/run25/ppg11/histmaking
_CONDOR_ANCESTOR_28101=28144:1756527017:2066962374
G4ENSDFSTATEDATA=/cvmfs/sphenix.sdcc.bnl.gov/alma9.2-gcc-14.2.0/opt/sphenix/core/geant4.10.07.p04/share/Geant4-10.7.4/data/G4ENSDFSTATE2.3
_CONDOR_MACHINE_AD=/home/condor/local/sphnx/execute/dir_543806/.machine.ad
ROOT_MAX_THREADS=1
NUMEXPR_NUM_THREADS=1
CUBACORES=1
_CHIRP_DELAYED_UPDATE_PREFIX=Chirp*
OMP_THREAD_LIMIT=1
G4PIIDATA=/cvmfs/sphenix.sdcc.bnl.gov/alma9.2-gcc-14.2.0/opt/sphenix/core/geant4.10.07.p04/share/Geant4-10.7.4/data/G4PII1.3
_CONDOR_ANCESTOR_543806=551082:1759352741:1078664544
NO_AT_BRIDGE=1
G4_MAIN=/cvmfs/sphenix.sdcc.bnl.gov/alma9.2-gcc-14.2.0/opt/sphenix/core/geant4.10.07.p04
COMPILER_PATH=/cvmfs/sphenix.sdcc.bnl.gov/alma9.2-gcc-14.2.0/opt/sphenix/core/gcc/14.2.0-2f0a0/x86_64-el9
ROOT_INCLUDE_PATH=./:/sphenix/user/samfred/run25/install//include:/sphenix/user/samfred/run25/install//include/caloana:/sphenix/user/samfred/run25/install//include/qa_centrality:/sphenix/user/samfred/run25/install//include/mbdana:/sphenix/user/samfred/run25/install//include/centrality:/sphenix/user/samfred/run25/install//include/Event:/cvmfs/sphenix.sdcc.bnl.gov/alma9.2-gcc-14.2.0/release/release_new/new.10/include:/cvmfs/sphenix.sdcc.bnl.gov/alma9.2-gcc-14.2.0/release/release_new/new.10/include:/cvmfs/sphenix.sdcc.bnl.gov/alma9.2-gcc-14.2.0/release/release_new/new.10/include/g4mbd:/cvmfs/sphenix.sdcc.bnl.gov/alma9.2-gcc-14.2.0/release/release_new/new.10/include/fmt:/cvmfs/sphenix.sdcc.bnl.gov/alma9.2-gcc-14.2.0/release/release_new/new.10/include/ffarawobjects:/cvmfs/sphenix.sdcc.bnl.gov/alma9.2-gcc-14.2.0/release/release_new/new.10/include/JSON:/cvmfs/sphenix.sdcc.bnl.gov/alma9.2-gcc-14.2.0/release/release_new/new.10/include/calotreegen:/cvmfs/sphenix.sdcc.bnl.gov/alma9.2-gcc-14.2.0/release/release_new/new.10/include/torch:/cvmfs/sphenix.sdcc.bnl.gov/alma9.2-gcc-14.2.0/release/release_new/new.10/include/g4detectors:/cvmfs/sphenix.sdcc.bnl.gov/alma9.2-gcc-14.2.0/release/release_new/new.10/include/kineto:/cvmfs/sphenix.sdcc.bnl.gov/alma9.2-gcc-14.2.0/release/release_new/new.10/include/g4decayer:/cvmfs/sphenix.sdcc.bnl.gov/alma9.2-gcc-14.2.0/release/release_new/new.10/include/kfparticleqa:/cvmfs/sphenix.sdcc.bnl.gov/alma9.2-gcc-14.2.0/release/release_new/new.10/include/phfield:/cvmfs/sphenix.sdcc.bnl.gov/alma9.2-gcc-14.2.0/release/release_new/new.10/include/LHAPDF:/cvmfs/sphenix.sdcc.bnl.gov/alma9.2-gcc-14.2.0/release/release_new/new.10/include/readdigitalcurrents:/cvmfs/sphenix.sdcc.bnl.gov/alma9.2-gcc-14.2.0/release/release_new/new.10/include/c10:/cvmfs/sphenix.sdcc.bnl.gov/alma9.2-gcc-14.2.0/release/release_new/new.10/include/calovalid:/cvmfs/sphenix.sdcc.bnl.gov/alma9.2-gcc-14.2.0/release/release_new/new.10/include/oneapi:/cvmfs/sphenix.sdcc.bnl.gov/alma9.2-gcc-14.2.0/release/release_new/new.10/include/DDCond:/cvmfs/sphenix.sdcc.bnl.gov/alma9.2-gcc-14.2.0/release/release_new/new.10/include/g4tracking:/cvmfs/sphenix.sdcc.bnl.gov/alma9.2-gcc-14.2.0/release/release_new/new.10/include/litecaloeval:/cvmfs/sphenix.sdcc.bnl.gov/alma9.2-gcc-14.2.0/release/release_new/new.10/include/g4intt:/cvmfs/sphenix.sdcc.bnl.gov/alma9.2-gcc-14.2.0/release/release_new/new.10/include/phool:/cvmfs/sphenix.sdcc.bnl.gov/alma9.2-gcc-14.2.0/release/release_new/new.10/include/boost:/cvmfs/sphenix.sdcc.bnl.gov/alma9.2-gcc-14.2.0/release/release_new/new.10/include/Pythia8Plugins:/cvmfs/sphenix.sdcc.bnl.gov/alma9.2-gcc-14.2.0/release/release_new/new.10/include/calib_emc_pi0:/cvmfs/sphenix.sdcc.bnl.gov/alma9.2-gcc-14.2.0/release/release_new/new.10/include/hijingflipafterburner:/cvmfs/sphenix.sdcc.bnl.gov/alma9.2-gcc-14.2.0/release/release_new/new.10/include/ffaobjects:/cvmfs/sphenix.sdcc.bnl.gov/alma9.2-gcc-14.2.0/release/release_new/new.10/include/EvtGenBase:/cvmfs/sphenix.sdcc.bnl.gov/alma9.2-gcc-14.2.0/release/release_new/new.10/include/flowafterburner:/cvmfs/sphenix.sdcc.bnl.gov/alma9.2-gcc-14.2.0/release/release_new/new.10/include/google:/cvmfs/sphenix.sdcc.bnl.gov/alma9.2-gcc-14.2.0/release/release_new/new.10/include/g4tpc:/cvmfs/sphenix.sdcc.bnl.gov/alma9.2-gcc-14.2.0/release/release_new/new.10/include/caffe2:/cvmfs/sphenix.sdcc.bnl.gov/alma9.2-gcc-14.2.0/release/release_new/new.10/include/EvtGenExternal:/cvmfs/sphenix.sdcc.bnl.gov/alma9.2-gcc-14.2.0/release/release_new/new.10/include/fp16:/cvmfs/sphenix.sdcc.bnl.gov/alma9.2-gcc-14.2.0/release/release_new/new.10/include/ffamodules:/cvmfs/sphenix.sdcc.bnl.gov/alma9.2-gcc-14.2.0/release/release_new/new.10/include/uspin:/cvmfs/sphenix.sdcc.bnl.gov/alma9.2-gcc-14.2.0/release/release_new/new.10/include/Herwig:/cvmfs/sphenix.sdcc.bnl.gov/alma9.2-gcc-14.2.0/release/release_new/new.10/include/genfitexp:/cvmfs/sphenix.sdcc.bnl.gov/alma9.2-gcc-14.2.0/release/release_new/new.10/include/XML:/cvmfs/sphenix.sdcc.bnl.gov/alma9.2-gcc-14.2.0/release/release_new/new.10/include/fbgemm:/cvmfs/sphenix.sdcc.bnl.gov/alma9.2-gcc-14.2.0/release/release_new/new.10/include/DDAlign:/cvmfs/sphenix.sdcc.bnl.gov/alma9.2-gcc-14.2.0/release/release_new/new.10/include/g4mvtx:/cvmfs/sphenix.sdcc.bnl.gov/alma9.2-gcc-14.2.0/release/release_new/new.10/include/kfparticle_sphenix:/cvmfs/sphenix.sdcc.bnl.gov/alma9.2-gcc-14.2.0/release/release_new/new.10/include/fun4all:/cvmfs/sphenix.sdcc.bnl.gov/alma9.2-gcc-14.2.0/release/release_new/new.10/include/intt:/cvmfs/sphenix.sdcc.bnl.gov/alma9.2-gcc-14.2.0/release/release_new/new.10/include/eventdisplay:/cvmfs/sphenix.sdcc.bnl.gov/alma9.2-gcc-14.2.0/release/release_new/new.10/include/EvtGen:/cvmfs/sphenix.sdcc.bnl.gov/alma9.2-gcc-14.2.0/release/release_new/new.10/include/Evaluator:/cvmfs/sphenix.sdcc.bnl.gov/alma9.2-gcc-14.2.0/release/release_new/new.10/include/tpc:/cvmfs/sphenix.sdcc.bnl.gov/alma9.2-gcc-14.2.0/release/release_new/new.10/include/GenFit:/cvmfs/sphenix.sdcc.bnl.gov/alma9.2-gcc-14.2.0/release/release_new/new.10/include/prototype4:/cvmfs/sphenix.sdcc.bnl.gov/alma9.2-gcc-14.2.0/release/release_new/new.10/include/caloembedding:/cvmfs/sphenix.sdcc.bnl.gov/alma9.2-gcc-14.2.0/release/release_new/new.10/include/EvtGenModels:/cvmfs/sphenix.sdcc.bnl.gov/alma9.2-gcc-14.2.0/release/release_new/new.10/include/fastjet:/cvmfs/sphenix.sdcc.bnl.gov/alma9.2-gcc-14.2.0/release/release_new/new.10/include/DDG4:/cvmfs/sphenix.sdcc.bnl.gov/alma9.2-gcc-14.2.0/release/release_new/new.10/include/mbd:/cvmfs/sphenix.sdcc.bnl.gov/alma9.2-gcc-14.2.0/release/release_new/new.10/include/tbb:/cvmfs/sphenix.sdcc.bnl.gov/alma9.2-gcc-14.2.0/release/release_new/new.10/include/phgeom:/cvmfs/sphenix.sdcc.bnl.gov/alma9.2-gcc-14.2.0/release/release_new/new.10/include/g4epd:/cvmfs/sphenix.sdcc.bnl.gov/alma9.2-gcc-14.2.0/release/release_new/new.10/include/oncal:/cvmfs/sphenix.sdcc.bnl.gov/alma9.2-gcc-14.2.0/release/release_new/new.10/include/pybind11:/cvmfs/sphenix.sdcc.bnl.gov/alma9.2-gcc-14.2.0/release/release_new/new.10/include/tpcdistgenerator:/cvmfs/sphenix.sdcc.bnl.gov/alma9.2-gcc-14.2.0/release/release_new/new.10/include/cdbobjects:/cvmfs/sphenix.sdcc.bnl.gov/alma9.2-gcc-14.2.0/release/release_new/new.10/include/g4micromegas:/cvmfs/sphenix.sdcc.bnl.gov/alma9.2-gcc-14.2.0/release/release_new/new.10/include/g4eval:/cvmfs/sphenix.sdcc.bnl.gov/alma9.2-gcc-14.2.0/release/release_new/new.10/include/jetbackground:/cvmfs/sphenix.sdcc.bnl.gov/alma9.2-gcc-14.2.0/release/release_new/new.10/include/micromegas:/cvmfs/sphenix.sdcc.bnl.gov/alma9.2-gcc-14.2.0/release/release_new/new.10/include/hftrackefficiency:/cvmfs/sphenix.sdcc.bnl.gov/alma9.2-gcc-14.2.0/release/release_new/new.10/include/inttrawhitqa:/cvmfs/sphenix.sdcc.bnl.gov/alma9.2-gcc-14.2.0/release/release_new/new.10/include/centrality:/cvmfs/sphenix.sdcc.bnl.gov/alma9.2-gcc-14.2.0/release/release_new/new.10/include/epd:/cvmfs/sphenix.sdcc.bnl.gov/alma9.2-gcc-14.2.0/release/release_new/new.10/include/caloreco:/cvmfs/sphenix.sdcc.bnl.gov/alma9.2-gcc-14.2.0/release/release_new/new.10/include/HepMC:/cvmfs/sphenix.sdcc.bnl.gov/alma9.2-gcc-14.2.0/release/release_new/new.10/include/CLHEP:/cvmfs/sphenix.sdcc.bnl.gov/alma9.2-gcc-14.2.0/release/release_new/new.10/include/Acts:/cvmfs/sphenix.sdcc.bnl.gov/alma9.2-gcc-14.2.0/release/release_new/new.10/include/g4histos:/cvmfs/sphenix.sdcc.bnl.gov/alma9.2-gcc-14.2.0/release/release_new/new.10/include/eventplaneinfo:/cvmfs/sphenix.sdcc.bnl.gov/alma9.2-gcc-14.2.0/release/release_new/new.10/include/fillspacechargemaps:/cvmfs/sphenix.sdcc.bnl.gov/alma9.2-gcc-14.2.0/release/release_new/new.10/include/phhepmc:/cvmfs/sphenix.sdcc.bnl.gov/alma9.2-gcc-14.2.0/release/release_new/new.10/include/trackingqa:/cvmfs/sphenix.sdcc.bnl.gov/alma9.2-gcc-14.2.0/release/release_new/new.10/include/qautils:/cvmfs/sphenix.sdcc.bnl.gov/alma9.2-gcc-14.2.0/release/release_new/new.10/include/trackreco:/cvmfs/sphenix.sdcc.bnl.gov/alma9.2-gcc-14.2.0/release/release_new/new.10/include/g4ohcal:/cvmfs/sphenix.sdcc.bnl.gov/alma9.2-gcc-14.2.0/release/release_new/new.10/include/tpcdvcalib:/cvmfs/sphenix.sdcc.bnl.gov/alma9.2-gcc-14.2.0/release/release_new/new.10/include/zdcinfo:/cvmfs/sphenix.sdcc.bnl.gov/alma9.2-gcc-14.2.0/release/release_new/new.10/include/phpythia8:/cvmfs/sphenix.sdcc.bnl.gov/alma9.2-gcc-14.2.0/release/release_new/new.10/include/fun4allutils:/cvmfs/sphenix.sdcc.bnl.gov/alma9.2-gcc-14.2.0/release/release_new/new.10/include/tpcqa:/cvmfs/sphenix.sdcc.bnl.gov/alma9.2-gcc-14.2.0/release/release_new/new.10/include/Pythia8:/cvmfs/sphenix.sdcc.bnl.gov/alma9.2-gcc-14.2.0/release/release_new/new.10/include/DDRec:/cvmfs/sphenix.sdcc.bnl.gov/alma9.2-gcc-14.2.0/release/release_new/new.10/include/DDDigi:/cvmfs/sphenix.sdcc.bnl.gov/alma9.2-gcc-14.2.0/release/release_new/new.10/include/g4ihcal:/cvmfs/sphenix.sdcc.bnl.gov/alma9.2-gcc-14.2.0/release/release_new/new.10/include/frog:/cvmfs/sphenix.sdcc.bnl.gov/alma9.2-gcc-14.2.0/release/release_new/new.10/include/eigen3:/cvmfs/sphenix.sdcc.bnl.gov/alma9.2-gcc-14.2.0/release/release_new/new.10/include/tensorpipe:/cvmfs/sphenix.sdcc.bnl.gov/alma9.2-gcc-14.2.0/release/release_new/new.10/include/sphenixnpc:/cvmfs/sphenix.sdcc.bnl.gov/alma9.2-gcc-14.2.0/release/release_new/new.10/include/siscone:/cvmfs/sphenix.sdcc.bnl.gov/alma9.2-gcc-14.2.0/release/release_new/new.10/include/pmonitor:/cvmfs/sphenix.sdcc.bnl.gov/alma9.2-gcc-14.2.0/release/release_new/new.10/include/calobase:/cvmfs/sphenix.sdcc.bnl.gov/alma9.2-gcc-14.2.0/release/release_new/new.10/include/ActsExamples:/cvmfs/sphenix.sdcc.bnl.gov/alma9.2-gcc-14.2.0/release/release_new/new.10/include/g4gdml:/cvmfs/sphenix.sdcc.bnl.gov/alma9.2-gcc-14.2.0/release/release_new/new.10/include/mvtx_decoder:/cvmfs/sphenix.sdcc.bnl.gov/alma9.2-gcc-14.2.0/release/release_new/new.10/include/ROOT:/cvmfs/sphenix.sdcc.bnl.gov/alma9.2-gcc-14.2.0/release/release_new/new.10/include/phparameter:/cvmfs/sphenix.sdcc.bnl.gov/alma9.2-gcc-14.2.0/release/release_new/new.10/include/rsa:/cvmfs/sphenix.sdcc.bnl.gov/alma9.2-gcc-14.2.0/release/release_new/new.10/include/fun4allraw:/cvmfs/sphenix.sdcc.bnl.gov/alma9.2-gcc-14.2.0/release/release_new/new.10/include/trackbase_historic:/cvmfs/sphenix.sdcc.bnl.gov/alma9.2-gcc-14.2.0/release/release_new/new.10/include/g4jets:/cvmfs/sphenix.sdcc.bnl.gov/alma9.2-gcc-14.2.0/release/release_new/new.10/include/jetqa:/cvmfs/sphenix.sdcc.bnl.gov/alma9.2-gcc-14.2.0/release/release_new/new.10/include/phoolraw:/cvmfs/sphenix.sdcc.bnl.gov/alma9.2-gcc-14.2.0/release/release_new/new.10/include/g4calo:/cvmfs/sphenix.sdcc.bnl.gov/alma9.2-gcc-14.2.0/release/release_new/new.10/include/mvtxrawhitqa:/cvmfs/sphenix.sdcc.bnl.gov/alma9.2-gcc-14.2.0/release/release_new/new.10/include/HepMC3:/cvmfs/sphenix.sdcc.bnl.gov/alma9.2-gcc-14.2.0/release/release_new/new.10/include/calowaveformsim:/cvmfs/sphenix.sdcc.bnl.gov/alma9.2-gcc-14.2.0/release/release_new/new.10/include/g4caloprototype:/cvmfs/sphenix.sdcc.bnl.gov/alma9.2-gcc-14.2.0/release/release_new/new.10/include/pdbcalbase:/cvmfs/sphenix.sdcc.bnl.gov/alma9.2-gcc-14.2.0/release/release_new/new.10/include/gsl:/cvmfs/sphenix.sdcc.bnl.gov/alma9.2-gcc-14.2.0/release/release_new/new.10/include/nodedump:/cvmfs/sphenix.sdcc.bnl.gov/alma9.2-gcc-14.2.0/release/release_new/new.10/include/emcnoisytowerfinder:/cvmfs/sphenix.sdcc.bnl.gov/alma9.2-gcc-14.2.0/release/release_new/new.10/include/ActsFatras:/cvmfs/sphenix.sdcc.bnl.gov/alma9.2-gcc-14.2.0/release/release_new/new.10/include/ffarawmodules:/cvmfs/sphenix.sdcc.bnl.gov/alma9.2-gcc-14.2.0/release/release_new/new.10/include/Event:/cvmfs/sphenix.sdcc.bnl.gov/alma9.2-gcc-14.2.0/release/release_new/new.10/include/prototype3:/cvmfs/sphenix.sdcc.bnl.gov/alma9.2-gcc-14.2.0/release/release_new/new.10/include/fermimotionafterburner:/cvmfs/sphenix.sdcc.bnl.gov/alma9.2-gcc-14.2.0/release/release_new/new.10/include/Photos:/cvmfs/sphenix.sdcc.bnl.gov/alma9.2-gcc-14.2.0/release/release_new/new.10/include/xingshiftcal:/cvmfs/sphenix.sdcc.bnl.gov/alma9.2-gcc-14.2.0/release/release_new/new.10/include/trackbase:/cvmfs/sphenix.sdcc.bnl.gov/alma9.2-gcc-14.2.0/release/release_new/new.10/include/jetdstskimmer:/cvmfs/sphenix.sdcc.bnl.gov/alma9.2-gcc-14.2.0/release/release_new/new.10/include/clusteriso:/cvmfs/sphenix.sdcc.bnl.gov/alma9.2-gcc-14.2.0/release/release_new/new.10/include/asmjit:/cvmfs/sphenix.sdcc.bnl.gov/alma9.2-gcc-14.2.0/release/release_new/new.10/include/particleflowreco:/cvmfs/sphenix.sdcc.bnl.gov/alma9.2-gcc-14.2.0/release/release_new/new.10/include/tpchittrackdisplay:/cvmfs/sphenix.sdcc.bnl.gov/alma9.2-gcc-14.2.0/release/release_new/new.10/include/caloana:/cvmfs/sphenix.sdcc.bnl.gov/alma9.2-gcc-14.2.0/release/release_new/new.10/include/calotrigger:/cvmfs/sphenix.sdcc.bnl.gov/alma9.2-gcc-14.2.0/release/release_new/new.10/include/nopayloadclient:/cvmfs/sphenix.sdcc.bnl.gov/alma9.2-gcc-14.2.0/release/release_new/new.10/include/trackermillepedealignment:/cvmfs/sphenix.sdcc.bnl.gov/alma9.2-gcc-14.2.0/release/release_new/new.10/include/DD4hep:/cvmfs/sphenix.sdcc.bnl.gov/alma9.2-gcc-14.2.0/release/release_new/new.10/include/g4trackfastsim:/cvmfs/sphenix.sdcc.bnl.gov/alma9.2-gcc-14.2.0/release/release_new/new.10/include/prototype2:/cvmfs/sphenix.sdcc.bnl.gov/alma9.2-gcc-14.2.0/release/release_new/new.10/include/ATen:/cvmfs/sphenix.sdcc.bnl.gov/alma9.2-gcc-14.2.0/release/release_new/new.10/include/g4main:/cvmfs/sphenix.sdcc.bnl.gov/alma9.2-gcc-14.2.0/release/release_new/new.10/include/Tauola:/cvmfs/sphenix.sdcc.bnl.gov/alma9.2-gcc-14.2.0/release/release_new/new.10/include/inttcalib:/cvmfs/sphenix.sdcc.bnl.gov/alma9.2-gcc-14.2.0/release/release_new/new.10/include/reactionplaneafterburner:/cvmfs/sphenix.sdcc.bnl.gov/alma9.2-gcc-14.2.0/release/release_new/new.10/include/globalqa:/cvmfs/sphenix.sdcc.bnl.gov/alma9.2-gcc-14.2.0/release/release_new/new.10/include/tpccalib:/cvmfs/sphenix.sdcc.bnl.gov/alma9.2-gcc-14.2.0/release/release_new/new.10/include/DDSegmentation:/cvmfs/sphenix.sdcc.bnl.gov/alma9.2-gcc-14.2.0/release/release_new/new.10/include/decayfinder:/cvmfs/sphenix.sdcc.bnl.gov/alma9.2-gcc-14.2.0/release/release_new/new.10/include/compressclus:/cvmfs/sphenix.sdcc.bnl.gov/alma9.2-gcc-14.2.0/release/release_new/new.10/include/simqa_modules:/cvmfs/sphenix.sdcc.bnl.gov/alma9.2-gcc-14.2.0/release/release_new/new.10/include/resonancejettagging:/cvmfs/sphenix.sdcc.bnl.gov/alma9.2-gcc-14.2.0/release/release_new/new.10/include/g4centrality:/cvmfs/sphenix.sdcc.bnl.gov/alma9.2-gcc-14.2.0/release/release_new/new.10/include/mvtx:/cvmfs/sphenix.sdcc.bnl.gov/alma9.2-gcc-14.2.0/release/release_new/new.10/include/nlohmann:/cvmfs/sphenix.sdcc.bnl.gov/alma9.2-gcc-14.2.0/release/release_new/new.10/include/localpoloffmon:/cvmfs/sphenix.sdcc.bnl.gov/alma9.2-gcc-14.2.0/release/release_new/new.10/include/DDEve:/cvmfs/sphenix.sdcc.bnl.gov/alma9.2-gcc-14.2.0/release/release_new/new.10/include/Parsers:/cvmfs/sphenix.sdcc.bnl.gov/alma9.2-gcc-14.2.0/release/release_new/new.10/include/trackingdiagnostics:/cvmfs/sphenix.sdcc.bnl.gov/alma9.2-gcc-14.2.0/release/release_new/new.10/include/g4vertex:/cvmfs/sphenix.sdcc.bnl.gov/alma9.2-gcc-14.2.0/release/release_new/new.10/include/jetbase:/cvmfs/sphenix.sdcc.bnl.gov/alma9.2-gcc-14.2.0/release/release_new/new.10/include/globalvertex:/cvmfs/sphenix.sdcc.bnl.gov/alma9.2-gcc-14.2.0/release/release_new/new.10/include/phgenfit:/cvmfs/sphenix.sdcc.bnl.gov/alma9.2-gcc-14.2.0/release/release_new/new.10/include/rawbcolumi:/cvmfs/sphenix.sdcc.bnl.gov/alma9.2-gcc-14.2.0/release/release_new/new.10/include/eicsmear:/cvmfs/sphenix.sdcc.bnl.gov/alma9.2-gcc-14.2.0/release/release_new/new.10/include/mvtxcalib:/cvmfs/sphenix.sdcc.bnl.gov/alma9.2-gcc-14.2.0/release/release_new/new.10/include/tpclinelaserdiode:/cvmfs/sphenix.sdcc.bnl.gov/alma9.2-gcc-14.2.0/release/release_new/new.10/include/hepmcjettrigger:/cvmfs/sphenix.sdcc.bnl.gov/alma9.2-gcc-14.2.0/release/release_new/new.10/include/core:/cvmfs/sphenix.sdcc.bnl.gov/alma9.2-gcc-14.2.0/release/release_new/new.10/include/calo_cdb:/cvmfs/sphenix.sdcc.bnl.gov/alma9.2-gcc-14.2.0/release/release_new/new.10/include/mvtxclustershapesqa:/cvmfs/sphenix.sdcc.bnl.gov/alma9.2-gcc-14.2.0/release/release_new/new.10/include/calopacketskimmer:/cvmfs/sphenix.sdcc.bnl.gov/alma9.2-gcc-14.2.0/opt/sphenix/core/geant4.10.07.p04/include:/cvmfs/sphenix.sdcc.bnl.gov/alma9.2-gcc-14.2.0/release/release_new/new.10/rootmacros:/cvmfs/sphenix.sdcc.bnl.gov/alma9.2-gcc-14.2.0/opt/sphenix/core/include
GSEARCHPATH=.:PG:LUSTRE:RAWDATA
PWD=/gpfs/mnt/gpfs02/sphenix/user/samfred/run25/ppg11/histmaking
LOGNAME=samfred
_CONDOR_JOB_AD=/home/condor/local/sphnx/execute/dir_543806/.job.ad
MANPATH=/cvmfs/sphenix.sdcc.bnl.gov/alma9.2-gcc-14.2.0/opt/sphenix/core/gcc/14.2.0-2f0a0/x86_64-el9/share/man:/cvmfs/sphenix.sdcc.bnl.gov/alma9.2-gcc-14.2.0/opt/sphenix/core/binutils/2.40-acaab/x86_64-el9/share/man:/cvmfs/sphenix.sdcc.bnl.gov/alma9.2-gcc-14.2.0/release/release_new/new.10/share/man:/cvmfs/sphenix.sdcc.bnl.gov/alma9.2-gcc-14.2.0/opt/sphenix/utils/share/man:/cvmfs/sphenix.sdcc.bnl.gov/alma9.2-gcc-14.2.0/opt/sphenix/core/share/man:/cvmfs/sphenix.sdcc.bnl.gov/alma9.2-gcc-14.2.0/opt/sphenix/core/root-6.32.06/man:/usr/local/share/man:/usr/share/man
PYTHIA8=/cvmfs/sphenix.sdcc.bnl.gov/alma9.2-gcc-14.2.0/release/release_new/new.10/share/Pythia8
G4INCLDATA=/cvmfs/sphenix.sdcc.bnl.gov/alma9.2-gcc-14.2.0/opt/sphenix/core/geant4.10.07.p04/share/Geant4-10.7.4/data/G4INCL1.0
ORIG_PATH=/usr/local/bin:/usr/bin
CXX=/cvmfs/sphenix.sdcc.bnl.gov/alma9.2-gcc-14.2.0/opt/sphenix/core/gcc/14.2.0-2f0a0/x86_64-el9/bin/g++
G4LEDATA=/cvmfs/sphenix.sdcc.bnl.gov/alma9.2-gcc-14.2.0/opt/sphenix/core/geant4.10.07.p04/share/Geant4-10.7.4/data/G4EMLOW7.13
PYTHON_CPU_COUNT=1
OPENBLAS_NUM_THREADS=1
_CONDOR_BIN=/usr/bin
HOME=/sphenix/u/samfred
G4PARTICLEXSDATA=/cvmfs/sphenix.sdcc.bnl.gov/alma9.2-gcc-14.2.0/opt/sphenix/core/geant4.10.07.p04/share/Geant4-10.7.4/data/G4PARTICLEXS3.1.1
ONLINE_MAIN=/cvmfs/sphenix.sdcc.bnl.gov/alma9.2-gcc-14.2.0/release/release_new/new.10
CALIBRATIONROOT=/cvmfs/sphenix.sdcc.bnl.gov/alma9.2-gcc-14.2.0/release/release_new/new.10/share/calibrations
TMPDIR=/tmp
_CONDOR_SCRATCH_DIR=/home/condor/local/sphnx/execute/dir_543806
PGUSER=phnxrc
_CONDOR_ANCESTOR_28144=543806:1759352741:3816688615
NOPAYLOADCLIENT_CONF=/cvmfs/sphenix.sdcc.bnl.gov/alma9.2-gcc-14.2.0/opt/sphenix/core/etc/sPHENIX_newcdb.json
XERCESCROOT=/cvmfs/sphenix.sdcc.bnl.gov/alma9.2-gcc-14.2.0/opt/sphenix/core/geant4.10.07.p04
LHAPATH=/cvmfs/sphenix.sdcc.bnl.gov/alma9.2-gcc-14.2.0/opt/sphenix/core/lhapdf-5.9.1/share/lhapdf/PDFsets
G4NEUTRONHPDATA=/cvmfs/sphenix.sdcc.bnl.gov/alma9.2-gcc-14.2.0/opt/sphenix/core/geant4.10.07.p04/share/Geant4-10.7.4/data/G4NDL4.6
PYTHONPATH=.:/cvmfs/sphenix.sdcc.bnl.gov/alma9.2-gcc-14.2.0/release/release_new/new.10/lib/python3.13/site-packages:/cvmfs/sphenix.sdcc.bnl.gov/alma9.2-gcc-14.2.0/opt/sphenix/core/lib/python3.13/site-packages:/cvmfs/sphenix.sdcc.bnl.gov/alma9.2-gcc-14.2.0/opt/sphenix/core/root-6.32.06/lib
USER=samfred
_CONDOR_JOB_PIDS=
TEMP=/tmp
GOMAXPROCS=1
OFFLINE_MAIN=/cvmfs/sphenix.sdcc.bnl.gov/alma9.2-gcc-14.2.0/release/release_new/new.10
SHLVL=1
TF_NUM_THREADS=1
G4SAIDXSDATA=/cvmfs/sphenix.sdcc.bnl.gov/alma9.2-gcc-14.2.0/opt/sphenix/core/geant4.10.07.p04/share/Geant4-10.7.4/data/G4SAIDDATA2.0
APPTAINER_CACHEDIR=/home/condor/local/sphnx/execute/dir_543806
ROOTSYS=/cvmfs/sphenix.sdcc.bnl.gov/alma9.2-gcc-14.2.0/opt/sphenix/core/root-6.32.06
BATCH_SYSTEM=HTCondor
_CONDOR_SLOT=slot1_46
LD_LIBRARY_PATH=/sphenix/user/samfred/run25/install//lib:/cvmfs/sphenix.sdcc.bnl.gov/alma9.2-gcc-14.2.0/opt/sphenix/core/gcc/14.2.0-2f0a0/x86_64-el9/lib:/cvmfs/sphenix.sdcc.bnl.gov/alma9.2-gcc-14.2.0/opt/sphenix/core/gcc/14.2.0-2f0a0/x86_64-el9/lib64:/cvmfs/sphenix.sdcc.bnl.gov/alma9.2-gcc-14.2.0/opt/sphenix/core/binutils/2.40-acaab/x86_64-el9/lib:.:/cvmfs/sphenix.sdcc.bnl.gov/alma9.2-gcc-14.2.0/release/release_new/new.10/lib64:/cvmfs/sphenix.sdcc.bnl.gov/alma9.2-gcc-14.2.0/release/release_new/new.10/lib:/cvmfs/sphenix.sdcc.bnl.gov/alma9.2-gcc-14.2.0/opt/sphenix/utils/lib:/cvmfs/sphenix.sdcc.bnl.gov/alma9.2-gcc-14.2.0/opt/sphenix/core/lib:/cvmfs/sphenix.sdcc.bnl.gov/alma9.2-gcc-14.2.0/opt/sphenix/core/root-6.32.06/lib:/cvmfs/sphenix.sdcc.bnl.gov/alma9.2-gcc-14.2.0/opt/sphenix/core/geant4.10.07.p04/lib64:/cvmfs/sphenix.sdcc.bnl.gov/alma9.2-gcc-14.2.0/opt/sphenix/core/lhapdf-5.9.1/lib:/usr/local/lib64:/usr/lib64
OPT_SPHENIX=/cvmfs/sphenix.sdcc.bnl.gov/alma9.2-gcc-14.2.0/opt/sphenix/core
TF_LOOP_PARALLEL_ITERATIONS=1
EVT_LIB=/cvmfs/sphenix.sdcc.bnl.gov/alma9.2-gcc-14.2.0/opt/sphenix/core/root-6.32.06/lib
PGHOST=sphnxdbmaster.sdcc.bnl.gov
OMP_NUM_THREADS=1
G4REALSURFACEDATA=/cvmfs/sphenix.sdcc.bnl.gov/alma9.2-gcc-14.2.0/opt/sphenix/core/geant4.10.07.p04/share/Geant4-10.7.4/data/RealSurface2.2
FC=/cvmfs/sphenix.sdcc.bnl.gov/alma9.2-gcc-14.2.0/opt/sphenix/core/gcc/14.2.0-2f0a0/x86_64-el9/bin/gfortran
G4ABLADATA=/cvmfs/sphenix.sdcc.bnl.gov/alma9.2-gcc-14.2.0/opt/sphenix/core/geant4.10.07.p04/share/Geant4-10.7.4/data/G4ABLA3.1
PARASOFT=doesnotexist
TMP=/tmp
OPT_UTILS=/cvmfs/sphenix.sdcc.bnl.gov/alma9.2-gcc-14.2.0/opt/sphenix/utils
CONFIG_SITE=/cvmfs/sphenix.sdcc.bnl.gov/alma9.2-gcc-14.2.0/opt/sphenix/core/etc/config.site
PATH=/sphenix/user/samfred/run25/install//bin:/cvmfs/sphenix.sdcc.bnl.gov/alma9.2-gcc-14.2.0/opt/sphenix/core/gcc/14.2.0-2f0a0/x86_64-el9/bin:/cvmfs/sphenix.sdcc.bnl.gov/alma9.2-gcc-14.2.0/opt/sphenix/core/binutils/2.40-acaab/x86_64-el9/bin:.:/cvmfs/sphenix.sdcc.bnl.gov/alma9.2-gcc-14.2.0/release/release_new/new.10/bin:/cvmfs/sphenix.sdcc.bnl.gov/alma9.2-gcc-14.2.0/opt/sphenix/utils/bin:/cvmfs/sphenix.sdcc.bnl.gov/alma9.2-gcc-14.2.0/opt/sphenix/core/bin:/cvmfs/sphenix.sdcc.bnl.gov/alma9.2-gcc-14.2.0/opt/sphenix/core/root-6.32.06/bin:/cvmfs/sphenix.sdcc.bnl.gov/alma9.2-gcc-14.2.0/opt/sphenix/core/geant4.10.07.p04/bin:/usr/local/bin:/usr/bin:/usr/local/sbin:/usr/sbin
G4LEVELGAMMADATA=/cvmfs/sphenix.sdcc.bnl.gov/alma9.2-gcc-14.2.0/opt/sphenix/core/geant4.10.07.p04/share/Geant4-10.7.4/data/PhotonEvaporation5.7
CC=/cvmfs/sphenix.sdcc.bnl.gov/alma9.2-gcc-14.2.0/opt/sphenix/core/gcc/14.2.0-2f0a0/x86_64-el9/bin/gcc
G4RADIOACTIVEDATA=/cvmfs/sphenix.sdcc.bnl.gov/alma9.2-gcc-14.2.0/opt/sphenix/core/geant4.10.07.p04/share/Geant4-10.7.4/data/RadioactiveDecay5.6
JULIA_NUM_THREADS=1
MKL_NUM_THREADS=1
LHAPDF_DATA_PATH=/cvmfs/sphenix.sdcc.bnl.gov/alma9.2-gcc-14.2.0/release/release_new/new.10/share/LHAPDF
XPLOAD_CONFIG_DIR=/cvmfs/sphenix.sdcc.bnl.gov/alma9.2-gcc-14.2.0/opt/sphenix/core/etc
OLDPWD=/cvmfs/sphenix.sdcc.bnl.gov/alma9.2-gcc-14.2.0/release/release_new/new.10/geant4
_=/usr/bin/printenv
runnumber...
52721
trigger...

   ------------------------------------------------------------------
  | Welcome to ROOT 6.32.06                        https://root.cern |
  | (c) 1995-2024, The ROOT Team; conception: R. Brun, F. Rademakers |
  | Built for linuxx8664gcc on Dec 13 2024, 17:23:48                 |
  | From tags/6-32-06@6-32-06                                        |
  | With g++ (GCC) 14.2.0                                            |
  | Try '.help'/'.?', '.demo', '.license', '.credits', '.quit'/'.q'  |
   ------------------------------------------------------------------


Processing data_histmaker.C(52721)...
entry 0/8064762 (0%)
entry 6000/8064762 (0.0743977%)
entry 7000/8064762 (0.0867974%)
entry 9000/8064762 (0.111597%)
entry 10000/8064762 (0.123996%)
entry 11000/8064762 (0.136396%)
entry 12000/8064762 (0.148795%)
entry 13000/8064762 (0.161195%)
entry 14000/8064762 (0.173595%)
entry 16000/8064762 (0.198394%)
entry 17000/8064762 (0.210794%)
entry 18000/8064762 (0.223193%)
entry 19000/8064762 (0.235593%)
entry 20000/8064762 (0.247992%)
entry 22000/8064762 (0.272792%)
entry 23000/8064762 (0.285191%)
entry 24000/8064762 (0.297591%)
entry 26000/8064762 (0.32239%)
entry 28000/8064762 (0.347189%)
entry 29000/8064762 (0.359589%)
entry 30000/8064762 (0.371989%)
entry 32000/8064762 (0.396788%)
entry 33000/8064762 (0.409188%)
entry 35000/8064762 (0.433987%)
entry 36000/8064762 (0.446386%)
entry 37000/8064762 (0.458786%)
entry 38000/8064762 (0.471186%)
entry 39000/8064762 (0.483585%)
entry 40000/8064762 (0.495985%)
entry 42000/8064762 (0.520784%)
entry 43000/8064762 (0.533184%)
entry 44000/8064762 (0.545583%)
entry 45000/8064762 (0.557983%)
entry 46000/8064762 (0.570383%)
entry 48000/8064762 (0.595182%)
entry 50000/8064762 (0.619981%)
entry 51000/8064762 (0.632381%)
entry 52000/8064762 (0.64478%)
entry 54000/8064762 (0.66958%)
entry 56000/8064762 (0.694379%)
entry 57000/8064762 (0.706778%)
entry 58000/8064762 (0.719178%)
entry 60000/8064762 (0.743977%)
entry 61000/8064762 (0.756377%)
entry 62000/8064762 (0.768777%)
entry 63000/8064762 (0.781176%)
entry 64000/8064762 (0.793576%)
entry 65000/8064762 (0.805975%)
entry 66000/8064762 (0.818375%)
entry 67000/8064762 (0.830775%)
entry 68000/8064762 (0.843174%)
entry 70000/8064762 (0.867974%)
entry 71000/8064762 (0.880373%)
entry 73000/8064762 (0.905172%)
entry 74000/8064762 (0.917572%)
entry 76000/8064762 (0.942371%)
entry 77000/8064762 (0.954771%)
entry 79000/8064762 (0.97957%)
entry 80000/8064762 (0.99197%)
entry 81000/8064762 (1.00437%)
entry 83000/8064762 (1.02917%)
entry 86000/8064762 (1.06637%)
entry 88000/8064762 (1.09117%)
entry 89000/8064762 (1.10357%)
entry 90000/8064762 (1.11597%)
entry 91000/8064762 (1.12837%)
entry 92000/8064762 (1.14077%)
entry 93000/8064762 (1.15316%)
entry 95000/8064762 (1.17796%)
entry 99000/8064762 (1.22756%)
entry 101000/8064762 (1.25236%)
entry 102000/8064762 (1.26476%)
entry 103000/8064762 (1.27716%)
entry 104000/8064762 (1.28956%)
entry 105000/8064762 (1.30196%)
entry 106000/8064762 (1.31436%)
entry 107000/8064762 (1.32676%)
entry 108000/8064762 (1.33916%)
entry 109000/8064762 (1.35156%)
entry 110000/8064762 (1.36396%)
entry 112000/8064762 (1.38876%)
entry 113000/8064762 (1.40116%)
entry 115000/8064762 (1.42596%)
entry 116000/8064762 (1.43836%)
entry 117000/8064762 (1.45076%)
entry 118000/8064762 (1.46316%)
entry 119000/8064762 (1.47555%)
entry 120000/8064762 (1.48795%)
entry 121000/8064762 (1.50035%)
entry 122000/8064762 (1.51275%)
entry 124000/8064762 (1.53755%)
entry 125000/8064762 (1.54995%)
entry 126000/8064762 (1.56235%)
entry 128000/8064762 (1.58715%)
entry 129000/8064762 (1.59955%)
entry 132000/8064762 (1.63675%)
entry 135000/8064762 (1.67395%)
entry 136000/8064762 (1.68635%)
entry 137000/8064762 (1.69875%)
entry 138000/8064762 (1.71115%)
entry 139000/8064762 (1.72355%)
entry 140000/8064762 (1.73595%)
entry 141000/8064762 (1.74835%)
entry 142000/8064762 (1.76075%)
entry 144000/8064762 (1.78555%)
entry 147000/8064762 (1.82274%)
entry 148000/8064762 (1.83514%)
entry 150000/8064762 (1.85994%)
entry 151000/8064762 (1.87234%)
entry 152000/8064762 (1.88474%)
entry 153000/8064762 (1.89714%)
entry 154000/8064762 (1.90954%)
entry 155000/8064762 (1.92194%)
entry 156000/8064762 (1.93434%)
entry 157000/8064762 (1.94674%)
entry 160000/8064762 (1.98394%)
entry 161000/8064762 (1.99634%)
entry 163000/8064762 (2.02114%)
entry 164000/8064762 (2.03354%)
entry 168000/8064762 (2.08314%)
entry 170000/8064762 (2.10794%)
entry 171000/8064762 (2.12034%)
entry 172000/8064762 (2.13274%)
entry 173000/8064762 (2.14513%)
entry 174000/8064762 (2.15753%)
entry 176000/8064762 (2.18233%)
entry 178000/8064762 (2.20713%)
entry 179000/8064762 (2.21953%)
entry 183000/8064762 (2.26913%)
entry 184000/8064762 (2.28153%)
entry 185000/8064762 (2.29393%)
entry 187000/8064762 (2.31873%)
entry 188000/8064762 (2.33113%)
entry 191000/8064762 (2.36833%)
entry 192000/8064762 (2.38073%)
entry 195000/8064762 (2.41793%)
entry 196000/8064762 (2.43033%)
entry 197000/8064762 (2.44273%)
entry 199000/8064762 (2.46752%)
entry 201000/8064762 (2.49232%)
entry 202000/8064762 (2.50472%)
entry 203000/8064762 (2.51712%)
entry 204000/8064762 (2.52952%)
entry 207000/8064762 (2.56672%)
entry 208000/8064762 (2.57912%)
entry 211000/8064762 (2.61632%)
entry 215000/8064762 (2.66592%)
entry 217000/8064762 (2.69072%)
entry 218000/8064762 (2.70312%)
entry 219000/8064762 (2.71552%)
entry 220000/8064762 (2.72792%)
entry 221000/8064762 (2.74032%)
entry 222000/8064762 (2.75272%)
entry 224000/8064762 (2.77752%)
entry 225000/8064762 (2.78991%)
entry 227000/8064762 (2.81471%)
entry 228000/8064762 (2.82711%)
entry 229000/8064762 (2.83951%)
entry 230000/8064762 (2.85191%)
entry 231000/8064762 (2.86431%)
entry 232000/8064762 (2.87671%)
entry 233000/8064762 (2.88911%)
entry 234000/8064762 (2.90151%)
entry 235000/8064762 (2.91391%)
entry 236000/8064762 (2.92631%)
entry 238000/8064762 (2.95111%)
entry 239000/8064762 (2.96351%)
entry 240000/8064762 (2.97591%)
entry 241000/8064762 (2.98831%)
entry 243000/8064762 (3.01311%)
entry 244000/8064762 (3.02551%)
entry 246000/8064762 (3.05031%)
entry 247000/8064762 (3.06271%)
entry 249000/8064762 (3.08751%)
entry 250000/8064762 (3.09991%)
entry 251000/8064762 (3.11231%)
entry 252000/8064762 (3.1247%)
entry 253000/8064762 (3.1371%)
entry 254000/8064762 (3.1495%)
entry 255000/8064762 (3.1619%)
entry 258000/8064762 (3.1991%)
entry 259000/8064762 (3.2115%)
entry 261000/8064762 (3.2363%)
entry 262000/8064762 (3.2487%)
entry 263000/8064762 (3.2611%)
entry 264000/8064762 (3.2735%)
entry 265000/8064762 (3.2859%)
entry 266000/8064762 (3.2983%)
entry 267000/8064762 (3.3107%)
entry 271000/8064762 (3.3603%)
entry 272000/8064762 (3.3727%)
entry 273000/8064762 (3.3851%)
entry 274000/8064762 (3.3975%)
entry 275000/8064762 (3.4099%)
entry 276000/8064762 (3.4223%)
entry 278000/8064762 (3.44709%)
entry 279000/8064762 (3.45949%)
entry 280000/8064762 (3.47189%)
entry 281000/8064762 (3.48429%)
entry 282000/8064762 (3.49669%)
entry 284000/8064762 (3.52149%)
entry 286000/8064762 (3.54629%)
entry 287000/8064762 (3.55869%)
entry 288000/8064762 (3.57109%)
entry 291000/8064762 (3.60829%)
entry 293000/8064762 (3.63309%)
entry 294000/8064762 (3.64549%)
entry 298000/8064762 (3.69509%)
entry 301000/8064762 (3.73229%)
entry 303000/8064762 (3.75709%)
entry 304000/8064762 (3.76948%)
entry 305000/8064762 (3.78188%)
entry 307000/8064762 (3.80668%)
entry 308000/8064762 (3.81908%)
entry 309000/8064762 (3.83148%)
entry 311000/8064762 (3.85628%)
entry 312000/8064762 (3.86868%)
entry 314000/8064762 (3.89348%)
entry 316000/8064762 (3.91828%)
entry 317000/8064762 (3.93068%)
entry 318000/8064762 (3.94308%)
entry 319000/8064762 (3.95548%)
entry 321000/8064762 (3.98028%)
entry 322000/8064762 (3.99268%)
entry 323000/8064762 (4.00508%)
entry 324000/8064762 (4.01748%)
entry 325000/8064762 (4.02988%)
entry 328000/8064762 (4.06708%)
entry 329000/8064762 (4.07948%)
entry 330000/8064762 (4.09188%)
entry 331000/8064762 (4.10427%)
entry 332000/8064762 (4.11667%)
entry 334000/8064762 (4.14147%)
entry 335000/8064762 (4.15387%)
entry 336000/8064762 (4.16627%)
entry 337000/8064762 (4.17867%)
entry 338000/8064762 (4.19107%)
entry 339000/8064762 (4.20347%)
entry 343000/8064762 (4.25307%)
entry 347000/8064762 (4.30267%)
entry 350000/8064762 (4.33987%)
entry 351000/8064762 (4.35227%)
entry 352000/8064762 (4.36467%)
entry 353000/8064762 (4.37707%)
entry 355000/8064762 (4.40187%)
entry 358000/8064762 (4.43906%)
entry 359000/8064762 (4.45146%)
entry 360000/8064762 (4.46386%)
entry 361000/8064762 (4.47626%)
entry 364000/8064762 (4.51346%)
entry 366000/8064762 (4.53826%)
entry 367000/8064762 (4.55066%)
entry 368000/8064762 (4.56306%)
entry 369000/8064762 (4.57546%)
entry 370000/8064762 (4.58786%)
entry 371000/8064762 (4.60026%)
entry 372000/8064762 (4.61266%)
entry 373000/8064762 (4.62506%)
entry 374000/8064762 (4.63746%)
entry 375000/8064762 (4.64986%)
entry 377000/8064762 (4.67466%)
entry 378000/8064762 (4.68706%)
entry 379000/8064762 (4.69946%)
entry 380000/8064762 (4.71186%)
entry 382000/8064762 (4.73666%)
entry 383000/8064762 (4.74906%)
entry 384000/8064762 (4.76145%)
entry 385000/8064762 (4.77385%)
entry 387000/8064762 (4.79865%)
entry 388000/8064762 (4.81105%)
entry 390000/8064762 (4.83585%)
entry 391000/8064762 (4.84825%)
entry 397000/8064762 (4.92265%)
entry 399000/8064762 (4.94745%)
entry 402000/8064762 (4.98465%)
entry 404000/8064762 (5.00945%)
entry 405000/8064762 (5.02185%)
entry 407000/8064762 (5.04665%)
entry 411000/8064762 (5.09624%)
entry 412000/8064762 (5.10864%)
entry 414000/8064762 (5.13344%)
entry 415000/8064762 (5.14584%)
entry 419000/8064762 (5.19544%)
entry 420000/8064762 (5.20784%)
entry 421000/8064762 (5.22024%)
entry 422000/8064762 (5.23264%)
entry 423000/8064762 (5.24504%)
entry 424000/8064762 (5.25744%)
entry 425000/8064762 (5.26984%)
entry 426000/8064762 (5.28224%)
entry 427000/8064762 (5.29464%)
entry 428000/8064762 (5.30704%)
entry 429000/8064762 (5.31944%)
entry 431000/8064762 (5.34424%)
entry 433000/8064762 (5.36904%)
entry 435000/8064762 (5.39384%)
entry 436000/8064762 (5.40624%)
entry 440000/8064762 (5.45583%)
entry 441000/8064762 (5.46823%)
entry 443000/8064762 (5.49303%)
entry 444000/8064762 (5.50543%)
entry 446000/8064762 (5.53023%)
entry 447000/8064762 (5.54263%)
entry 449000/8064762 (5.56743%)
entry 452000/8064762 (5.60463%)
entry 453000/8064762 (5.61703%)
entry 454000/8064762 (5.62943%)
entry 455000/8064762 (5.64183%)
entry 457000/8064762 (5.66663%)
entry 458000/8064762 (5.67903%)
entry 459000/8064762 (5.69143%)
entry 461000/8064762 (5.71623%)
entry 464000/8064762 (5.75342%)
entry 467000/8064762 (5.79062%)
entry 469000/8064762 (5.81542%)
entry 472000/8064762 (5.85262%)
entry 473000/8064762 (5.86502%)
entry 474000/8064762 (5.87742%)
entry 475000/8064762 (5.88982%)
entry 476000/8064762 (5.90222%)
entry 477000/8064762 (5.91462%)
entry 478000/8064762 (5.92702%)
entry 479000/8064762 (5.93942%)
entry 481000/8064762 (5.96422%)
entry 483000/8064762 (5.98902%)
entry 484000/8064762 (6.00142%)
entry 486000/8064762 (6.02622%)
entry 487000/8064762 (6.03862%)
entry 490000/8064762 (6.07581%)
entry 493000/8064762 (6.11301%)
entry 496000/8064762 (6.15021%)
entry 498000/8064762 (6.17501%)
entry 499000/8064762 (6.18741%)
entry 500000/8064762 (6.19981%)
entry 501000/8064762 (6.21221%)
entry 502000/8064762 (6.22461%)
entry 503000/8064762 (6.23701%)
entry 505000/8064762 (6.26181%)
entry 507000/8064762 (6.28661%)
entry 508000/8064762 (6.29901%)
entry 509000/8064762 (6.31141%)
entry 510000/8064762 (6.32381%)
entry 512000/8064762 (6.34861%)
entry 513000/8064762 (6.36101%)
entry 514000/8064762 (6.37341%)
entry 515000/8064762 (6.38581%)
entry 516000/8064762 (6.3982%)
entry 517000/8064762 (6.4106%)
entry 518000/8064762 (6.423%)
entry 519000/8064762 (6.4354%)
entry 520000/8064762 (6.4478%)
entry 523000/8064762 (6.485%)
entry 524000/8064762 (6.4974%)
entry 526000/8064762 (6.5222%)
entry 528000/8064762 (6.547%)
entry 529000/8064762 (6.5594%)
entry 530000/8064762 (6.5718%)
entry 531000/8064762 (6.5842%)
entry 532000/8064762 (6.5966%)
entry 533000/8064762 (6.609%)
entry 534000/8064762 (6.6214%)
entry 535000/8064762 (6.6338%)
entry 538000/8064762 (6.671%)
entry 540000/8064762 (6.6958%)
entry 541000/8064762 (6.7082%)
entry 544000/8064762 (6.74539%)
entry 545000/8064762 (6.75779%)
entry 546000/8064762 (6.77019%)
entry 547000/8064762 (6.78259%)
entry 548000/8064762 (6.79499%)
entry 549000/8064762 (6.80739%)
entry 551000/8064762 (6.83219%)
entry 552000/8064762 (6.84459%)
entry 553000/8064762 (6.85699%)
entry 554000/8064762 (6.86939%)
entry 556000/8064762 (6.89419%)
entry 557000/8064762 (6.90659%)
entry 561000/8064762 (6.95619%)
entry 562000/8064762 (6.96859%)
entry 563000/8064762 (6.98099%)
entry 564000/8064762 (6.99339%)
entry 565000/8064762 (7.00579%)
entry 566000/8064762 (7.01819%)
entry 569000/8064762 (7.05538%)
entry 572000/8064762 (7.09258%)
entry 573000/8064762 (7.10498%)
entry 574000/8064762 (7.11738%)
entry 575000/8064762 (7.12978%)
entry 577000/8064762 (7.15458%)
entry 579000/8064762 (7.17938%)
entry 583000/8064762 (7.22898%)
entry 584000/8064762 (7.24138%)
entry 585000/8064762 (7.25378%)
entry 588000/8064762 (7.29098%)
entry 590000/8064762 (7.31578%)
entry 591000/8064762 (7.32818%)
entry 592000/8064762 (7.34058%)
entry 593000/8064762 (7.35298%)
entry 594000/8064762 (7.36538%)
entry 595000/8064762 (7.37778%)
entry 596000/8064762 (7.39018%)
entry 597000/8064762 (7.40257%)
entry 598000/8064762 (7.41497%)
entry 600000/8064762 (7.43977%)
entry 602000/8064762 (7.46457%)
entry 604000/8064762 (7.48937%)
entry 605000/8064762 (7.50177%)
entry 607000/8064762 (7.52657%)
entry 608000/8064762 (7.53897%)
entry 609000/8064762 (7.55137%)
entry 610000/8064762 (7.56377%)
entry 613000/8064762 (7.60097%)
entry 614000/8064762 (7.61337%)
entry 616000/8064762 (7.63817%)
entry 617000/8064762 (7.65057%)
entry 618000/8064762 (7.66297%)
entry 619000/8064762 (7.67537%)
entry 622000/8064762 (7.71256%)
entry 623000/8064762 (7.72496%)
entry 624000/8064762 (7.73736%)
entry 625000/8064762 (7.74976%)
entry 626000/8064762 (7.76216%)
entry 629000/8064762 (7.79936%)
entry 630000/8064762 (7.81176%)
entry 631000/8064762 (7.82416%)
entry 632000/8064762 (7.83656%)
entry 633000/8064762 (7.84896%)
entry 635000/8064762 (7.87376%)
entry 636000/8064762 (7.88616%)
entry 637000/8064762 (7.89856%)
entry 638000/8064762 (7.91096%)
entry 640000/8064762 (7.93576%)
entry 641000/8064762 (7.94816%)
entry 642000/8064762 (7.96056%)
entry 643000/8064762 (7.97296%)
entry 645000/8064762 (7.99776%)
entry 647000/8064762 (8.02256%)
entry 649000/8064762 (8.04735%)
entry 654000/8064762 (8.10935%)
entry 655000/8064762 (8.12175%)
entry 656000/8064762 (8.13415%)
entry 657000/8064762 (8.14655%)
entry 658000/8064762 (8.15895%)
entry 659000/8064762 (8.17135%)
entry 663000/8064762 (8.22095%)
entry 664000/8064762 (8.23335%)
entry 665000/8064762 (8.24575%)
entry 667000/8064762 (8.27055%)
entry 669000/8064762 (8.29535%)
entry 671000/8064762 (8.32015%)
entry 674000/8064762 (8.35735%)
entry 677000/8064762 (8.39454%)
entry 678000/8064762 (8.40694%)
entry 679000/8064762 (8.41934%)
entry 680000/8064762 (8.43174%)
entry 681000/8064762 (8.44414%)
entry 683000/8064762 (8.46894%)
entry 684000/8064762 (8.48134%)
entry 688000/8064762 (8.53094%)
entry 689000/8064762 (8.54334%)
entry 690000/8064762 (8.55574%)
entry 691000/8064762 (8.56814%)
entry 692000/8064762 (8.58054%)
entry 693000/8064762 (8.59294%)
entry 694000/8064762 (8.60534%)
entry 695000/8064762 (8.61774%)
entry 696000/8064762 (8.63014%)
entry 697000/8064762 (8.64254%)
entry 698000/8064762 (8.65494%)
entry 699000/8064762 (8.66734%)
entry 701000/8064762 (8.69213%)
entry 702000/8064762 (8.70453%)
entry 704000/8064762 (8.72933%)
entry 705000/8064762 (8.74173%)
entry 707000/8064762 (8.76653%)
entry 708000/8064762 (8.77893%)
entry 710000/8064762 (8.80373%)
entry 711000/8064762 (8.81613%)
entry 712000/8064762 (8.82853%)
entry 715000/8064762 (8.86573%)
entry 717000/8064762 (8.89053%)
entry 720000/8064762 (8.92773%)
entry 721000/8064762 (8.94013%)
entry 723000/8064762 (8.96493%)
entry 727000/8064762 (9.01453%)
entry 728000/8064762 (9.02692%)
entry 733000/8064762 (9.08892%)
entry 734000/8064762 (9.10132%)
entry 735000/8064762 (9.11372%)
entry 740000/8064762 (9.17572%)
entry 742000/8064762 (9.20052%)
entry 743000/8064762 (9.21292%)
entry 744000/8064762 (9.22532%)
entry 747000/8064762 (9.26252%)
entry 748000/8064762 (9.27492%)
entry 749000/8064762 (9.28732%)
entry 750000/8064762 (9.29972%)
entry 751000/8064762 (9.31212%)
entry 752000/8064762 (9.32452%)
entry 753000/8064762 (9.33692%)
entry 754000/8064762 (9.34931%)
entry 756000/8064762 (9.37411%)
entry 757000/8064762 (9.38651%)
entry 758000/8064762 (9.39891%)
entry 760000/8064762 (9.42371%)
entry 762000/8064762 (9.44851%)
entry 763000/8064762 (9.46091%)
entry 764000/8064762 (9.47331%)
entry 766000/8064762 (9.49811%)
entry 767000/8064762 (9.51051%)
entry 768000/8064762 (9.52291%)
entry 769000/8064762 (9.53531%)
entry 770000/8064762 (9.54771%)
entry 772000/8064762 (9.57251%)
entry 773000/8064762 (9.58491%)
entry 774000/8064762 (9.59731%)
entry 775000/8064762 (9.60971%)
entry 776000/8064762 (9.62211%)
entry 777000/8064762 (9.63451%)
entry 778000/8064762 (9.64691%)
entry 783000/8064762 (9.7089%)
entry 784000/8064762 (9.7213%)
entry 790000/8064762 (9.7957%)
entry 792000/8064762 (9.8205%)
entry 797000/8064762 (9.8825%)
entry 799000/8064762 (9.9073%)
entry 801000/8064762 (9.9321%)
entry 802000/8064762 (9.9445%)
entry 803000/8064762 (9.9569%)
entry 804000/8064762 (9.9693%)
entry 805000/8064762 (9.9817%)
entry 806000/8064762 (9.9941%)
entry 807000/8064762 (10.0065%)
entry 808000/8064762 (10.0189%)
entry 809000/8064762 (10.0313%)
entry 810000/8064762 (10.0437%)
entry 811000/8064762 (10.0561%)
entry 812000/8064762 (10.0685%)
entry 813000/8064762 (10.0809%)
entry 814000/8064762 (10.0933%)
entry 815000/8064762 (10.1057%)
entry 816000/8064762 (10.1181%)
entry 817000/8064762 (10.1305%)
entry 820000/8064762 (10.1677%)
entry 821000/8064762 (10.1801%)
entry 823000/8064762 (10.2049%)
entry 824000/8064762 (10.2173%)
entry 827000/8064762 (10.2545%)
entry 828000/8064762 (10.2669%)
entry 829000/8064762 (10.2793%)
entry 830000/8064762 (10.2917%)
entry 831000/8064762 (10.3041%)
entry 833000/8064762 (10.3289%)
entry 835000/8064762 (10.3537%)
entry 839000/8064762 (10.4033%)
entry 840000/8064762 (10.4157%)
entry 842000/8064762 (10.4405%)
entry 843000/8064762 (10.4529%)
entry 844000/8064762 (10.4653%)
entry 845000/8064762 (10.4777%)
entry 846000/8064762 (10.4901%)
entry 847000/8064762 (10.5025%)
entry 848000/8064762 (10.5149%)
entry 849000/8064762 (10.5273%)
entry 854000/8064762 (10.5893%)
entry 856000/8064762 (10.6141%)
entry 857000/8064762 (10.6265%)
entry 858000/8064762 (10.6389%)
entry 860000/8064762 (10.6637%)
entry 863000/8064762 (10.7009%)
entry 864000/8064762 (10.7133%)
entry 865000/8064762 (10.7257%)
entry 868000/8064762 (10.7629%)
entry 869000/8064762 (10.7753%)
entry 870000/8064762 (10.7877%)
entry 872000/8064762 (10.8125%)
entry 875000/8064762 (10.8497%)
entry 876000/8064762 (10.8621%)
entry 877000/8064762 (10.8745%)
entry 879000/8064762 (10.8993%)
entry 881000/8064762 (10.9241%)
entry 883000/8064762 (10.9489%)
entry 885000/8064762 (10.9737%)
entry 886000/8064762 (10.9861%)
entry 887000/8064762 (10.9985%)
entry 888000/8064762 (11.0109%)
entry 892000/8064762 (11.0605%)
entry 894000/8064762 (11.0853%)
entry 895000/8064762 (11.0977%)
entry 896000/8064762 (11.1101%)
entry 898000/8064762 (11.1349%)
entry 899000/8064762 (11.1473%)
entry 900000/8064762 (11.1597%)
entry 902000/8064762 (11.1845%)
entry 903000/8064762 (11.1969%)
entry 904000/8064762 (11.2093%)
entry 905000/8064762 (11.2217%)
entry 907000/8064762 (11.2465%)
entry 908000/8064762 (11.2589%)
entry 911000/8064762 (11.2961%)
entry 913000/8064762 (11.3209%)
entry 914000/8064762 (11.3333%)
entry 916000/8064762 (11.3581%)
entry 917000/8064762 (11.3705%)
entry 918000/8064762 (11.3829%)
entry 919000/8064762 (11.3953%)
entry 922000/8064762 (11.4325%)
entry 924000/8064762 (11.4573%)
entry 926000/8064762 (11.4821%)
entry 930000/8064762 (11.5316%)
entry 932000/8064762 (11.5564%)
entry 934000/8064762 (11.5812%)
entry 935000/8064762 (11.5936%)
entry 936000/8064762 (11.606%)
entry 937000/8064762 (11.6184%)
entry 940000/8064762 (11.6556%)
entry 941000/8064762 (11.668%)
entry 942000/8064762 (11.6804%)
entry 943000/8064762 (11.6928%)
entry 944000/8064762 (11.7052%)
entry 945000/8064762 (11.7176%)
entry 947000/8064762 (11.7424%)
entry 948000/8064762 (11.7548%)
entry 950000/8064762 (11.7796%)
entry 951000/8064762 (11.792%)
entry 953000/8064762 (11.8168%)
entry 956000/8064762 (11.854%)
entry 958000/8064762 (11.8788%)
entry 959000/8064762 (11.8912%)
entry 960000/8064762 (11.9036%)
entry 961000/8064762 (11.916%)
entry 963000/8064762 (11.9408%)
entry 965000/8064762 (11.9656%)
entry 966000/8064762 (11.978%)
entry 967000/8064762 (11.9904%)
entry 968000/8064762 (12.0028%)
entry 969000/8064762 (12.0152%)
entry 971000/8064762 (12.04%)
entry 972000/8064762 (12.0524%)
entry 973000/8064762 (12.0648%)
entry 975000/8064762 (12.0896%)
entry 977000/8064762 (12.1144%)
entry 979000/8064762 (12.1392%)
entry 980000/8064762 (12.1516%)
entry 982000/8064762 (12.1764%)
entry 983000/8064762 (12.1888%)
entry 987000/8064762 (12.2384%)
entry 989000/8064762 (12.2632%)
entry 990000/8064762 (12.2756%)
entry 992000/8064762 (12.3004%)
entry 993000/8064762 (12.3128%)
entry 994000/8064762 (12.3252%)
entry 996000/8064762 (12.35%)
entry 997000/8064762 (12.3624%)
entry 998000/8064762 (12.3748%)
entry 999000/8064762 (12.3872%)
entry 1000000/8064762 (12.3996%)
entry 1001000/8064762 (12.412%)
entry 1004000/8064762 (12.4492%)
entry 1005000/8064762 (12.4616%)
entry 1008000/8064762 (12.4988%)
entry 1009000/8064762 (12.5112%)
entry 1010000/8064762 (12.5236%)
entry 1013000/8064762 (12.5608%)
entry 1014000/8064762 (12.5732%)
entry 1016000/8064762 (12.598%)
entry 1018000/8064762 (12.6228%)
entry 1019000/8064762 (12.6352%)
entry 1020000/8064762 (12.6476%)
entry 1021000/8064762 (12.66%)
entry 1022000/8064762 (12.6724%)
entry 1024000/8064762 (12.6972%)
entry 1025000/8064762 (12.7096%)
entry 1027000/8064762 (12.7344%)
entry 1028000/8064762 (12.7468%)
entry 1029000/8064762 (12.7592%)
entry 1030000/8064762 (12.7716%)
entry 1031000/8064762 (12.784%)
entry 1032000/8064762 (12.7964%)
entry 1035000/8064762 (12.8336%)
entry 1039000/8064762 (12.8832%)
entry 1040000/8064762 (12.8956%)
entry 1041000/8064762 (12.908%)
entry 1044000/8064762 (12.9452%)
entry 1047000/8064762 (12.9824%)
entry 1048000/8064762 (12.9948%)
entry 1049000/8064762 (13.0072%)
entry 1050000/8064762 (13.0196%)
entry 1051000/8064762 (13.032%)
entry 1053000/8064762 (13.0568%)
entry 1054000/8064762 (13.0692%)
entry 1055000/8064762 (13.0816%)
entry 1056000/8064762 (13.094%)
entry 1058000/8064762 (13.1188%)
entry 1064000/8064762 (13.1932%)
entry 1067000/8064762 (13.2304%)
entry 1071000/8064762 (13.28%)
entry 1072000/8064762 (13.2924%)
entry 1073000/8064762 (13.3048%)
entry 1077000/8064762 (13.3544%)
entry 1079000/8064762 (13.3792%)
entry 1081000/8064762 (13.404%)
entry 1082000/8064762 (13.4164%)
entry 1083000/8064762 (13.4288%)
entry 1086000/8064762 (13.466%)
entry 1089000/8064762 (13.5032%)
entry 1090000/8064762 (13.5156%)
entry 1091000/8064762 (13.528%)
entry 1092000/8064762 (13.5404%)
entry 1093000/8064762 (13.5528%)
entry 1094000/8064762 (13.5652%)
entry 1098000/8064762 (13.6148%)
entry 1099000/8064762 (13.6272%)
entry 1104000/8064762 (13.6892%)
entry 1107000/8064762 (13.7264%)
entry 1109000/8064762 (13.7512%)
entry 1111000/8064762 (13.776%)
entry 1113000/8064762 (13.8008%)
entry 1114000/8064762 (13.8132%)
entry 1115000/8064762 (13.8256%)
entry 1116000/8064762 (13.838%)
entry 1117000/8064762 (13.8504%)
entry 1119000/8064762 (13.8752%)
entry 1120000/8064762 (13.8876%)
entry 1126000/8064762 (13.962%)
entry 1129000/8064762 (13.9992%)
entry 1130000/8064762 (14.0116%)
entry 1132000/8064762 (14.0364%)
entry 1134000/8064762 (14.0612%)
entry 1136000/8064762 (14.086%)
entry 1138000/8064762 (14.1108%)
entry 1139000/8064762 (14.1232%)
entry 1140000/8064762 (14.1356%)
entry 1141000/8064762 (14.148%)
entry 1145000/8064762 (14.1976%)
entry 1146000/8064762 (14.21%)
entry 1147000/8064762 (14.2224%)
entry 1148000/8064762 (14.2348%)
entry 1151000/8064762 (14.272%)
entry 1152000/8064762 (14.2844%)
entry 1154000/8064762 (14.3092%)
entry 1156000/8064762 (14.334%)
entry 1158000/8064762 (14.3588%)
entry 1159000/8064762 (14.3712%)
entry 1160000/8064762 (14.3836%)
entry 1161000/8064762 (14.396%)
entry 1163000/8064762 (14.4208%)
entry 1165000/8064762 (14.4456%)
entry 1166000/8064762 (14.458%)
entry 1170000/8064762 (14.5076%)
entry 1171000/8064762 (14.52%)
entry 1173000/8064762 (14.5448%)
entry 1174000/8064762 (14.5572%)
entry 1177000/8064762 (14.5944%)
entry 1179000/8064762 (14.6192%)
entry 1180000/8064762 (14.6316%)
entry 1182000/8064762 (14.6564%)
entry 1183000/8064762 (14.6688%)
entry 1184000/8064762 (14.6812%)
entry 1185000/8064762 (14.6936%)
entry 1186000/8064762 (14.706%)
entry 1187000/8064762 (14.7184%)
entry 1189000/8064762 (14.7432%)
entry 1190000/8064762 (14.7556%)
entry 1191000/8064762 (14.7679%)
entry 1193000/8064762 (14.7927%)
entry 1194000/8064762 (14.8051%)
entry 1196000/8064762 (14.8299%)
entry 1197000/8064762 (14.8423%)
entry 1199000/8064762 (14.8671%)
entry 1201000/8064762 (14.8919%)
entry 1202000/8064762 (14.9043%)
entry 1203000/8064762 (14.9167%)
entry 1204000/8064762 (14.9291%)
entry 1208000/8064762 (14.9787%)
entry 1209000/8064762 (14.9911%)
entry 1210000/8064762 (15.0035%)
entry 1212000/8064762 (15.0283%)
entry 1215000/8064762 (15.0655%)
entry 1218000/8064762 (15.1027%)
entry 1220000/8064762 (15.1275%)
entry 1221000/8064762 (15.1399%)
entry 1223000/8064762 (15.1647%)
entry 1226000/8064762 (15.2019%)
entry 1227000/8064762 (15.2143%)
entry 1228000/8064762 (15.2267%)
entry 1229000/8064762 (15.2391%)
entry 1230000/8064762 (15.2515%)
entry 1232000/8064762 (15.2763%)
entry 1236000/8064762 (15.3259%)
entry 1240000/8064762 (15.3755%)
entry 1243000/8064762 (15.4127%)
entry 1245000/8064762 (15.4375%)
entry 1247000/8064762 (15.4623%)
entry 1252000/8064762 (15.5243%)
entry 1253000/8064762 (15.5367%)
entry 1255000/8064762 (15.5615%)
entry 1256000/8064762 (15.5739%)
entry 1257000/8064762 (15.5863%)
entry 1258000/8064762 (15.5987%)
entry 1260000/8064762 (15.6235%)
entry 1262000/8064762 (15.6483%)
entry 1264000/8064762 (15.6731%)
entry 1265000/8064762 (15.6855%)
entry 1267000/8064762 (15.7103%)
entry 1268000/8064762 (15.7227%)
entry 1270000/8064762 (15.7475%)
entry 1271000/8064762 (15.7599%)
entry 1277000/8064762 (15.8343%)
entry 1278000/8064762 (15.8467%)
entry 1280000/8064762 (15.8715%)
entry 1281000/8064762 (15.8839%)
entry 1282000/8064762 (15.8963%)
entry 1284000/8064762 (15.9211%)
entry 1286000/8064762 (15.9459%)
entry 1287000/8064762 (15.9583%)
entry 1288000/8064762 (15.9707%)
entry 1289000/8064762 (15.9831%)
entry 1291000/8064762 (16.0079%)
entry 1292000/8064762 (16.0203%)
entry 1293000/8064762 (16.0327%)
entry 1297000/8064762 (16.0823%)
entry 1298000/8064762 (16.0947%)
entry 1300000/8064762 (16.1195%)
entry 1301000/8064762 (16.1319%)
entry 1302000/8064762 (16.1443%)
entry 1304000/8064762 (16.1691%)
entry 1306000/8064762 (16.1939%)
entry 1307000/8064762 (16.2063%)
entry 1309000/8064762 (16.2311%)
entry 1310000/8064762 (16.2435%)
entry 1311000/8064762 (16.2559%)
entry 1312000/8064762 (16.2683%)
entry 1313000/8064762 (16.2807%)
entry 1314000/8064762 (16.2931%)
entry 1315000/8064762 (16.3055%)
entry 1316000/8064762 (16.3179%)
entry 1317000/8064762 (16.3303%)
entry 1318000/8064762 (16.3427%)
entry 1319000/8064762 (16.3551%)
entry 1320000/8064762 (16.3675%)
entry 1322000/8064762 (16.3923%)
entry 1323000/8064762 (16.4047%)
entry 1324000/8064762 (16.4171%)
entry 1325000/8064762 (16.4295%)
entry 1326000/8064762 (16.4419%)
entry 1327000/8064762 (16.4543%)
entry 1328000/8064762 (16.4667%)
entry 1329000/8064762 (16.4791%)
entry 1330000/8064762 (16.4915%)
entry 1332000/8064762 (16.5163%)
entry 1333000/8064762 (16.5287%)
entry 1334000/8064762 (16.5411%)
entry 1337000/8064762 (16.5783%)
entry 1338000/8064762 (16.5907%)
entry 1339000/8064762 (16.6031%)
entry 1340000/8064762 (16.6155%)
entry 1341000/8064762 (16.6279%)
entry 1342000/8064762 (16.6403%)
entry 1344000/8064762 (16.6651%)
entry 1346000/8064762 (16.6899%)
entry 1347000/8064762 (16.7023%)
entry 1349000/8064762 (16.7271%)
entry 1350000/8064762 (16.7395%)
entry 1351000/8064762 (16.7519%)
entry 1352000/8064762 (16.7643%)
entry 1354000/8064762 (16.7891%)
entry 1355000/8064762 (16.8015%)
entry 1358000/8064762 (16.8387%)
entry 1359000/8064762 (16.8511%)
entry 1361000/8064762 (16.8759%)
entry 1362000/8064762 (16.8883%)
entry 1364000/8064762 (16.9131%)
entry 1365000/8064762 (16.9255%)
entry 1366000/8064762 (16.9379%)
entry 1368000/8064762 (16.9627%)
entry 1369000/8064762 (16.9751%)
entry 1370000/8064762 (16.9875%)
entry 1373000/8064762 (17.0247%)
entry 1376000/8064762 (17.0619%)
entry 1377000/8064762 (17.0743%)
entry 1379000/8064762 (17.0991%)
entry 1382000/8064762 (17.1363%)
entry 1383000/8064762 (17.1487%)
entry 1384000/8064762 (17.1611%)
entry 1390000/8064762 (17.2355%)
entry 1391000/8064762 (17.2479%)
entry 1392000/8064762 (17.2603%)
entry 1393000/8064762 (17.2727%)
entry 1394000/8064762 (17.2851%)
entry 1396000/8064762 (17.3099%)
entry 1398000/8064762 (17.3347%)
entry 1399000/8064762 (17.3471%)
entry 1400000/8064762 (17.3595%)
entry 1401000/8064762 (17.3719%)
entry 1402000/8064762 (17.3843%)
entry 1403000/8064762 (17.3967%)
entry 1404000/8064762 (17.4091%)
entry 1406000/8064762 (17.4339%)
entry 1407000/8064762 (17.4463%)
entry 1408000/8064762 (17.4587%)
entry 1410000/8064762 (17.4835%)
entry 1412000/8064762 (17.5083%)
entry 1413000/8064762 (17.5207%)
entry 1414000/8064762 (17.5331%)
entry 1415000/8064762 (17.5455%)
entry 1416000/8064762 (17.5579%)
entry 1417000/8064762 (17.5703%)
entry 1418000/8064762 (17.5827%)
entry 1420000/8064762 (17.6075%)
entry 1421000/8064762 (17.6199%)
entry 1424000/8064762 (17.6571%)
entry 1425000/8064762 (17.6695%)
entry 1426000/8064762 (17.6819%)
entry 1427000/8064762 (17.6943%)
entry 1428000/8064762 (17.7067%)
entry 1430000/8064762 (17.7315%)
entry 1431000/8064762 (17.7439%)
entry 1432000/8064762 (17.7563%)
entry 1433000/8064762 (17.7687%)
entry 1435000/8064762 (17.7935%)
entry 1436000/8064762 (17.8059%)
entry 1437000/8064762 (17.8183%)
entry 1438000/8064762 (17.8307%)
entry 1439000/8064762 (17.8431%)
entry 1440000/8064762 (17.8555%)
entry 1442000/8064762 (17.8803%)
entry 1443000/8064762 (17.8927%)
entry 1444000/8064762 (17.9051%)
entry 1446000/8064762 (17.9299%)
entry 1448000/8064762 (17.9547%)
entry 1450000/8064762 (17.9795%)
entry 1451000/8064762 (17.9919%)
entry 1452000/8064762 (18.0043%)
entry 1454000/8064762 (18.0291%)
entry 1455000/8064762 (18.0414%)
entry 1459000/8064762 (18.091%)
entry 1460000/8064762 (18.1034%)
entry 1462000/8064762 (18.1282%)
entry 1464000/8064762 (18.153%)
entry 1465000/8064762 (18.1654%)
entry 1466000/8064762 (18.1778%)
entry 1467000/8064762 (18.1902%)
entry 1469000/8064762 (18.215%)
entry 1470000/8064762 (18.2274%)
entry 1471000/8064762 (18.2398%)
entry 1472000/8064762 (18.2522%)
entry 1473000/8064762 (18.2646%)
entry 1475000/8064762 (18.2894%)
entry 1477000/8064762 (18.3142%)
entry 1480000/8064762 (18.3514%)
entry 1481000/8064762 (18.3638%)
entry 1483000/8064762 (18.3886%)
entry 1485000/8064762 (18.4134%)
entry 1486000/8064762 (18.4258%)
entry 1487000/8064762 (18.4382%)
entry 1488000/8064762 (18.4506%)
entry 1489000/8064762 (18.463%)
entry 1490000/8064762 (18.4754%)
entry 1491000/8064762 (18.4878%)
entry 1493000/8064762 (18.5126%)
entry 1495000/8064762 (18.5374%)
entry 1496000/8064762 (18.5498%)
entry 1497000/8064762 (18.5622%)
entry 1498000/8064762 (18.5746%)
entry 1499000/8064762 (18.587%)
entry 1500000/8064762 (18.5994%)
entry 1501000/8064762 (18.6118%)
entry 1504000/8064762 (18.649%)
entry 1505000/8064762 (18.6614%)
entry 1507000/8064762 (18.6862%)
entry 1508000/8064762 (18.6986%)
entry 1509000/8064762 (18.711%)
entry 1510000/8064762 (18.7234%)
entry 1511000/8064762 (18.7358%)
entry 1513000/8064762 (18.7606%)
entry 1514000/8064762 (18.773%)
entry 1515000/8064762 (18.7854%)
entry 1517000/8064762 (18.8102%)
entry 1519000/8064762 (18.835%)
entry 1521000/8064762 (18.8598%)
entry 1522000/8064762 (18.8722%)
entry 1523000/8064762 (18.8846%)
entry 1524000/8064762 (18.897%)
entry 1525000/8064762 (18.9094%)
entry 1526000/8064762 (18.9218%)
entry 1527000/8064762 (18.9342%)
entry 1528000/8064762 (18.9466%)
entry 1531000/8064762 (18.9838%)
entry 1532000/8064762 (18.9962%)
entry 1534000/8064762 (19.021%)
entry 1535000/8064762 (19.0334%)
entry 1537000/8064762 (19.0582%)
entry 1538000/8064762 (19.0706%)
entry 1539000/8064762 (19.083%)
entry 1541000/8064762 (19.1078%)
entry 1542000/8064762 (19.1202%)
entry 1543000/8064762 (19.1326%)
entry 1544000/8064762 (19.145%)
entry 1545000/8064762 (19.1574%)
entry 1547000/8064762 (19.1822%)
entry 1548000/8064762 (19.1946%)
entry 1550000/8064762 (19.2194%)
entry 1551000/8064762 (19.2318%)
entry 1553000/8064762 (19.2566%)
entry 1554000/8064762 (19.269%)
entry 1555000/8064762 (19.2814%)
entry 1556000/8064762 (19.2938%)
entry 1557000/8064762 (19.3062%)
entry 1558000/8064762 (19.3186%)
entry 1560000/8064762 (19.3434%)
entry 1561000/8064762 (19.3558%)
entry 1563000/8064762 (19.3806%)
entry 1565000/8064762 (19.4054%)
entry 1567000/8064762 (19.4302%)
entry 1568000/8064762 (19.4426%)
entry 1569000/8064762 (19.455%)
entry 1570000/8064762 (19.4674%)
entry 1574000/8064762 (19.517%)
entry 1576000/8064762 (19.5418%)
entry 1578000/8064762 (19.5666%)
entry 1579000/8064762 (19.579%)
entry 1580000/8064762 (19.5914%)
entry 1581000/8064762 (19.6038%)
entry 1582000/8064762 (19.6162%)
entry 1583000/8064762 (19.6286%)
entry 1584000/8064762 (19.641%)
entry 1586000/8064762 (19.6658%)
entry 1587000/8064762 (19.6782%)
entry 1591000/8064762 (19.7278%)
entry 1592000/8064762 (19.7402%)
entry 1594000/8064762 (19.765%)
entry 1595000/8064762 (19.7774%)
entry 1596000/8064762 (19.7898%)
entry 1597000/8064762 (19.8022%)
entry 1599000/8064762 (19.827%)
entry 1600000/8064762 (19.8394%)
entry 1601000/8064762 (19.8518%)
entry 1602000/8064762 (19.8642%)
entry 1604000/8064762 (19.889%)
entry 1606000/8064762 (19.9138%)
entry 1607000/8064762 (19.9262%)
entry 1609000/8064762 (19.951%)
entry 1610000/8064762 (19.9634%)
entry 1611000/8064762 (19.9758%)
entry 1612000/8064762 (19.9882%)
entry 1613000/8064762 (20.0006%)
entry 1616000/8064762 (20.0378%)
entry 1617000/8064762 (20.0502%)
entry 1618000/8064762 (20.0626%)
entry 1619000/8064762 (20.075%)
entry 1621000/8064762 (20.0998%)
entry 1622000/8064762 (20.1122%)
entry 1623000/8064762 (20.1246%)
entry 1625000/8064762 (20.1494%)
entry 1627000/8064762 (20.1742%)
entry 1628000/8064762 (20.1866%)
entry 1629000/8064762 (20.199%)
entry 1630000/8064762 (20.2114%)
entry 1631000/8064762 (20.2238%)
entry 1633000/8064762 (20.2486%)
entry 1634000/8064762 (20.261%)
entry 1635000/8064762 (20.2734%)
entry 1636000/8064762 (20.2858%)
entry 1638000/8064762 (20.3106%)
entry 1639000/8064762 (20.323%)
entry 1640000/8064762 (20.3354%)
entry 1641000/8064762 (20.3478%)
entry 1642000/8064762 (20.3602%)
entry 1643000/8064762 (20.3726%)
entry 1644000/8064762 (20.385%)
entry 1645000/8064762 (20.3974%)
entry 1648000/8064762 (20.4346%)
entry 1649000/8064762 (20.447%)
entry 1650000/8064762 (20.4594%)
entry 1651000/8064762 (20.4718%)
entry 1653000/8064762 (20.4966%)
entry 1655000/8064762 (20.5214%)
entry 1657000/8064762 (20.5462%)
entry 1658000/8064762 (20.5586%)
entry 1660000/8064762 (20.5834%)
entry 1661000/8064762 (20.5958%)
entry 1662000/8064762 (20.6082%)
entry 1663000/8064762 (20.6206%)
entry 1664000/8064762 (20.633%)
entry 1665000/8064762 (20.6454%)
entry 1668000/8064762 (20.6826%)
entry 1669000/8064762 (20.695%)
entry 1671000/8064762 (20.7198%)
entry 1672000/8064762 (20.7322%)
entry 1673000/8064762 (20.7446%)
entry 1674000/8064762 (20.757%)
entry 1675000/8064762 (20.7694%)
entry 1676000/8064762 (20.7818%)
entry 1677000/8064762 (20.7942%)
entry 1680000/8064762 (20.8314%)
entry 1682000/8064762 (20.8562%)
entry 1687000/8064762 (20.9182%)
entry 1688000/8064762 (20.9306%)
entry 1692000/8064762 (20.9802%)
entry 1693000/8064762 (20.9926%)
entry 1695000/8064762 (21.0174%)
entry 1696000/8064762 (21.0298%)
entry 1697000/8064762 (21.0422%)
entry 1698000/8064762 (21.0546%)
entry 1700000/8064762 (21.0794%)
entry 1702000/8064762 (21.1042%)
entry 1703000/8064762 (21.1166%)
entry 1705000/8064762 (21.1414%)
entry 1707000/8064762 (21.1662%)
entry 1708000/8064762 (21.1786%)
entry 1709000/8064762 (21.191%)
entry 1711000/8064762 (21.2158%)
entry 1714000/8064762 (21.253%)
entry 1716000/8064762 (21.2778%)
entry 1717000/8064762 (21.2902%)
entry 1718000/8064762 (21.3026%)
entry 1719000/8064762 (21.315%)
entry 1720000/8064762 (21.3273%)
entry 1722000/8064762 (21.3521%)
entry 1725000/8064762 (21.3893%)
entry 1727000/8064762 (21.4141%)
entry 1729000/8064762 (21.4389%)
entry 1730000/8064762 (21.4513%)
entry 1735000/8064762 (21.5133%)
entry 1736000/8064762 (21.5257%)
entry 1737000/8064762 (21.5381%)
entry 1738000/8064762 (21.5505%)
entry 1739000/8064762 (21.5629%)
entry 1740000/8064762 (21.5753%)
entry 1743000/8064762 (21.6125%)
entry 1745000/8064762 (21.6373%)
entry 1746000/8064762 (21.6497%)
entry 1749000/8064762 (21.6869%)
entry 1750000/8064762 (21.6993%)
entry 1751000/8064762 (21.7117%)
entry 1752000/8064762 (21.7241%)
entry 1753000/8064762 (21.7365%)
entry 1754000/8064762 (21.7489%)
entry 1757000/8064762 (21.7861%)
entry 1758000/8064762 (21.7985%)
entry 1759000/8064762 (21.8109%)
entry 1760000/8064762 (21.8233%)
entry 1763000/8064762 (21.8605%)
entry 1765000/8064762 (21.8853%)
entry 1768000/8064762 (21.9225%)
entry 1769000/8064762 (21.9349%)
entry 1770000/8064762 (21.9473%)
entry 1771000/8064762 (21.9597%)
entry 1772000/8064762 (21.9721%)
entry 1775000/8064762 (22.0093%)
entry 1777000/8064762 (22.0341%)
entry 1780000/8064762 (22.0713%)
entry 1782000/8064762 (22.0961%)
entry 1784000/8064762 (22.1209%)
entry 1785000/8064762 (22.1333%)
entry 1786000/8064762 (22.1457%)
entry 1787000/8064762 (22.1581%)
entry 1789000/8064762 (22.1829%)
entry 1791000/8064762 (22.2077%)
entry 1792000/8064762 (22.2201%)
entry 1793000/8064762 (22.2325%)
entry 1795000/8064762 (22.2573%)
entry 1797000/8064762 (22.2821%)
entry 1798000/8064762 (22.2945%)
entry 1799000/8064762 (22.3069%)
entry 1800000/8064762 (22.3193%)
entry 1801000/8064762 (22.3317%)
entry 1803000/8064762 (22.3565%)
entry 1804000/8064762 (22.3689%)
entry 1805000/8064762 (22.3813%)
entry 1806000/8064762 (22.3937%)
entry 1807000/8064762 (22.4061%)
entry 1810000/8064762 (22.4433%)
entry 1811000/8064762 (22.4557%)
entry 1812000/8064762 (22.4681%)
entry 1813000/8064762 (22.4805%)
entry 1815000/8064762 (22.5053%)
entry 1816000/8064762 (22.5177%)
entry 1818000/8064762 (22.5425%)
entry 1819000/8064762 (22.5549%)
entry 1820000/8064762 (22.5673%)
entry 1824000/8064762 (22.6169%)
entry 1827000/8064762 (22.6541%)
entry 1828000/8064762 (22.6665%)
entry 1829000/8064762 (22.6789%)
entry 1830000/8064762 (22.6913%)
entry 1831000/8064762 (22.7037%)
entry 1832000/8064762 (22.7161%)
entry 1836000/8064762 (22.7657%)
entry 1839000/8064762 (22.8029%)
entry 1840000/8064762 (22.8153%)
entry 1841000/8064762 (22.8277%)
entry 1844000/8064762 (22.8649%)
entry 1847000/8064762 (22.9021%)
entry 1848000/8064762 (22.9145%)
entry 1851000/8064762 (22.9517%)
entry 1852000/8064762 (22.9641%)
entry 1853000/8064762 (22.9765%)
entry 1854000/8064762 (22.9889%)
entry 1855000/8064762 (23.0013%)
entry 1856000/8064762 (23.0137%)
entry 1858000/8064762 (23.0385%)
entry 1859000/8064762 (23.0509%)
entry 1864000/8064762 (23.1129%)
entry 1865000/8064762 (23.1253%)
entry 1866000/8064762 (23.1377%)
entry 1867000/8064762 (23.1501%)
entry 1868000/8064762 (23.1625%)
entry 1869000/8064762 (23.1749%)
entry 1871000/8064762 (23.1997%)
entry 1872000/8064762 (23.2121%)
entry 1874000/8064762 (23.2369%)
entry 1876000/8064762 (23.2617%)
entry 1878000/8064762 (23.2865%)
entry 1884000/8064762 (23.3609%)
entry 1887000/8064762 (23.3981%)
entry 1889000/8064762 (23.4229%)
entry 1890000/8064762 (23.4353%)
entry 1891000/8064762 (23.4477%)
entry 1893000/8064762 (23.4725%)
entry 1895000/8064762 (23.4973%)
entry 1896000/8064762 (23.5097%)
entry 1897000/8064762 (23.5221%)
entry 1898000/8064762 (23.5345%)
entry 1899000/8064762 (23.5469%)
entry 1900000/8064762 (23.5593%)
entry 1901000/8064762 (23.5717%)
entry 1902000/8064762 (23.5841%)
entry 1903000/8064762 (23.5965%)
entry 1906000/8064762 (23.6337%)
entry 1907000/8064762 (23.6461%)
entry 1908000/8064762 (23.6585%)
entry 1912000/8064762 (23.7081%)
entry 1913000/8064762 (23.7205%)
entry 1914000/8064762 (23.7329%)
entry 1915000/8064762 (23.7453%)
entry 1916000/8064762 (23.7577%)
entry 1917000/8064762 (23.7701%)
entry 1918000/8064762 (23.7825%)
entry 1919000/8064762 (23.7949%)
entry 1920000/8064762 (23.8073%)
entry 1921000/8064762 (23.8197%)
entry 1924000/8064762 (23.8569%)
entry 1925000/8064762 (23.8693%)
entry 1926000/8064762 (23.8817%)
entry 1927000/8064762 (23.8941%)
entry 1928000/8064762 (23.9065%)
entry 1930000/8064762 (23.9313%)
entry 1931000/8064762 (23.9437%)
entry 1932000/8064762 (23.9561%)
entry 1933000/8064762 (23.9685%)
entry 1934000/8064762 (23.9809%)
entry 1938000/8064762 (24.0305%)
entry 1940000/8064762 (24.0553%)
entry 1942000/8064762 (24.0801%)
entry 1943000/8064762 (24.0925%)
entry 1945000/8064762 (24.1173%)
entry 1946000/8064762 (24.1297%)
entry 1949000/8064762 (24.1669%)
entry 1952000/8064762 (24.2041%)
entry 1953000/8064762 (24.2165%)
entry 1955000/8064762 (24.2413%)
entry 1959000/8064762 (24.2909%)
entry 1960000/8064762 (24.3033%)
entry 1961000/8064762 (24.3157%)
entry 1963000/8064762 (24.3405%)
entry 1966000/8064762 (24.3777%)
entry 1967000/8064762 (24.3901%)
entry 1969000/8064762 (24.4149%)
entry 1975000/8064762 (24.4893%)
entry 1976000/8064762 (24.5017%)
entry 1979000/8064762 (24.5389%)
entry 1980000/8064762 (24.5513%)
entry 1981000/8064762 (24.5637%)
entry 1982000/8064762 (24.5761%)
entry 1984000/8064762 (24.6009%)
entry 1985000/8064762 (24.6132%)
entry 1986000/8064762 (24.6256%)
entry 1988000/8064762 (24.6504%)
entry 1989000/8064762 (24.6628%)
entry 1990000/8064762 (24.6752%)
entry 1991000/8064762 (24.6876%)
entry 1992000/8064762 (24.7%)
entry 1994000/8064762 (24.7248%)
entry 1995000/8064762 (24.7372%)
entry 1997000/8064762 (24.762%)
entry 1998000/8064762 (24.7744%)
entry 1999000/8064762 (24.7868%)
entry 2000000/8064762 (24.7992%)
entry 2001000/8064762 (24.8116%)
entry 2003000/8064762 (24.8364%)
entry 2004000/8064762 (24.8488%)
entry 2005000/8064762 (24.8612%)
entry 2006000/8064762 (24.8736%)
entry 2008000/8064762 (24.8984%)
entry 2009000/8064762 (24.9108%)
entry 2010000/8064762 (24.9232%)
entry 2013000/8064762 (24.9604%)
entry 2014000/8064762 (24.9728%)
entry 2015000/8064762 (24.9852%)
entry 2016000/8064762 (24.9976%)
entry 2017000/8064762 (25.01%)
entry 2018000/8064762 (25.0224%)
entry 2020000/8064762 (25.0472%)
entry 2021000/8064762 (25.0596%)
entry 2022000/8064762 (25.072%)
entry 2024000/8064762 (25.0968%)
entry 2026000/8064762 (25.1216%)
entry 2027000/8064762 (25.134%)
entry 2028000/8064762 (25.1464%)
entry 2030000/8064762 (25.1712%)
entry 2034000/8064762 (25.2208%)
entry 2035000/8064762 (25.2332%)
entry 2036000/8064762 (25.2456%)
entry 2037000/8064762 (25.258%)
entry 2038000/8064762 (25.2704%)
entry 2039000/8064762 (25.2828%)
entry 2040000/8064762 (25.2952%)
entry 2042000/8064762 (25.32%)
entry 2043000/8064762 (25.3324%)
entry 2044000/8064762 (25.3448%)
entry 2045000/8064762 (25.3572%)
entry 2046000/8064762 (25.3696%)
entry 2047000/8064762 (25.382%)
entry 2049000/8064762 (25.4068%)
entry 2050000/8064762 (25.4192%)
entry 2051000/8064762 (25.4316%)
entry 2052000/8064762 (25.444%)
entry 2053000/8064762 (25.4564%)
entry 2055000/8064762 (25.4812%)
entry 2056000/8064762 (25.4936%)
entry 2058000/8064762 (25.5184%)
entry 2060000/8064762 (25.5432%)
entry 2061000/8064762 (25.5556%)
entry 2062000/8064762 (25.568%)
entry 2064000/8064762 (25.5928%)
entry 2065000/8064762 (25.6052%)
entry 2066000/8064762 (25.6176%)
entry 2068000/8064762 (25.6424%)
entry 2070000/8064762 (25.6672%)
entry 2071000/8064762 (25.6796%)
entry 2075000/8064762 (25.7292%)
entry 2076000/8064762 (25.7416%)
entry 2077000/8064762 (25.754%)
entry 2078000/8064762 (25.7664%)
entry 2081000/8064762 (25.8036%)
entry 2082000/8064762 (25.816%)
entry 2083000/8064762 (25.8284%)
entry 2084000/8064762 (25.8408%)
entry 2086000/8064762 (25.8656%)
entry 2090000/8064762 (25.9152%)
entry 2093000/8064762 (25.9524%)
entry 2094000/8064762 (25.9648%)
entry 2097000/8064762 (26.002%)
entry 2098000/8064762 (26.0144%)
entry 2101000/8064762 (26.0516%)
entry 2102000/8064762 (26.064%)
entry 2104000/8064762 (26.0888%)
entry 2105000/8064762 (26.1012%)
entry 2106000/8064762 (26.1136%)
entry 2108000/8064762 (26.1384%)
entry 2109000/8064762 (26.1508%)
entry 2111000/8064762 (26.1756%)
entry 2112000/8064762 (26.188%)
entry 2113000/8064762 (26.2004%)
entry 2114000/8064762 (26.2128%)
entry 2116000/8064762 (26.2376%)
entry 2119000/8064762 (26.2748%)
entry 2122000/8064762 (26.312%)
entry 2126000/8064762 (26.3616%)
entry 2129000/8064762 (26.3988%)
entry 2130000/8064762 (26.4112%)
entry 2132000/8064762 (26.436%)
entry 2133000/8064762 (26.4484%)
entry 2134000/8064762 (26.4608%)
entry 2136000/8064762 (26.4856%)
entry 2137000/8064762 (26.498%)
entry 2141000/8064762 (26.5476%)
entry 2142000/8064762 (26.56%)
entry 2143000/8064762 (26.5724%)
entry 2144000/8064762 (26.5848%)
entry 2146000/8064762 (26.6096%)
entry 2148000/8064762 (26.6344%)
entry 2149000/8064762 (26.6468%)
entry 2150000/8064762 (26.6592%)
entry 2153000/8064762 (26.6964%)
entry 2155000/8064762 (26.7212%)
entry 2157000/8064762 (26.746%)
entry 2160000/8064762 (26.7832%)
entry 2163000/8064762 (26.8204%)
entry 2164000/8064762 (26.8328%)
entry 2165000/8064762 (26.8452%)
entry 2166000/8064762 (26.8576%)
entry 2167000/8064762 (26.87%)
entry 2168000/8064762 (26.8824%)
entry 2172000/8064762 (26.932%)
entry 2175000/8064762 (26.9692%)
entry 2176000/8064762 (26.9816%)
entry 2178000/8064762 (27.0064%)
entry 2179000/8064762 (27.0188%)
entry 2181000/8064762 (27.0436%)
entry 2182000/8064762 (27.056%)
entry 2183000/8064762 (27.0684%)
entry 2184000/8064762 (27.0808%)
entry 2186000/8064762 (27.1056%)
entry 2187000/8064762 (27.118%)
entry 2188000/8064762 (27.1304%)
entry 2189000/8064762 (27.1428%)
entry 2191000/8064762 (27.1676%)
entry 2193000/8064762 (27.1924%)
entry 2194000/8064762 (27.2048%)
entry 2195000/8064762 (27.2172%)
entry 2197000/8064762 (27.242%)
entry 2198000/8064762 (27.2544%)
entry 2200000/8064762 (27.2792%)
entry 2205000/8064762 (27.3412%)
entry 2206000/8064762 (27.3536%)
entry 2207000/8064762 (27.366%)
entry 2208000/8064762 (27.3784%)
entry 2209000/8064762 (27.3908%)
entry 2211000/8064762 (27.4156%)
entry 2214000/8064762 (27.4528%)
entry 2215000/8064762 (27.4652%)
entry 2216000/8064762 (27.4776%)
entry 2217000/8064762 (27.49%)
entry 2218000/8064762 (27.5024%)
entry 2220000/8064762 (27.5272%)
entry 2221000/8064762 (27.5396%)
entry 2222000/8064762 (27.552%)
entry 2223000/8064762 (27.5644%)
entry 2224000/8064762 (27.5768%)
entry 2225000/8064762 (27.5892%)
entry 2226000/8064762 (27.6016%)
entry 2228000/8064762 (27.6264%)
entry 2229000/8064762 (27.6388%)
entry 2230000/8064762 (27.6512%)
entry 2231000/8064762 (27.6636%)
entry 2233000/8064762 (27.6884%)
entry 2234000/8064762 (27.7008%)
entry 2235000/8064762 (27.7132%)
entry 2236000/8064762 (27.7256%)
entry 2237000/8064762 (27.738%)
entry 2238000/8064762 (27.7504%)
entry 2240000/8064762 (27.7752%)
entry 2241000/8064762 (27.7876%)
entry 2244000/8064762 (27.8248%)
entry 2245000/8064762 (27.8372%)
entry 2246000/8064762 (27.8496%)
entry 2247000/8064762 (27.8619%)
entry 2248000/8064762 (27.8744%)
entry 2250000/8064762 (27.8991%)
entry 2251000/8064762 (27.9115%)
entry 2254000/8064762 (27.9487%)
entry 2255000/8064762 (27.9611%)
entry 2258000/8064762 (27.9983%)
entry 2260000/8064762 (28.0231%)
entry 2261000/8064762 (28.0355%)
entry 2262000/8064762 (28.0479%)
entry 2263000/8064762 (28.0603%)
entry 2266000/8064762 (28.0975%)
entry 2267000/8064762 (28.1099%)
entry 2271000/8064762 (28.1595%)
entry 2273000/8064762 (28.1843%)
entry 2274000/8064762 (28.1967%)
entry 2275000/8064762 (28.2091%)
entry 2277000/8064762 (28.2339%)
entry 2278000/8064762 (28.2463%)
entry 2279000/8064762 (28.2587%)
entry 2280000/8064762 (28.2711%)
entry 2283000/8064762 (28.3083%)
entry 2284000/8064762 (28.3207%)
entry 2285000/8064762 (28.3331%)
entry 2288000/8064762 (28.3703%)
entry 2289000/8064762 (28.3827%)
entry 2290000/8064762 (28.3951%)
entry 2293000/8064762 (28.4323%)
entry 2295000/8064762 (28.4571%)
entry 2296000/8064762 (28.4695%)
entry 2297000/8064762 (28.4819%)
entry 2298000/8064762 (28.4943%)
entry 2299000/8064762 (28.5067%)
entry 2300000/8064762 (28.5191%)
entry 2301000/8064762 (28.5315%)
entry 2302000/8064762 (28.5439%)
entry 2303000/8064762 (28.5563%)
entry 2306000/8064762 (28.5935%)
entry 2307000/8064762 (28.6059%)
entry 2308000/8064762 (28.6183%)
entry 2309000/8064762 (28.6307%)
entry 2310000/8064762 (28.6431%)
entry 2311000/8064762 (28.6555%)
entry 2312000/8064762 (28.6679%)
entry 2313000/8064762 (28.6803%)
entry 2314000/8064762 (28.6927%)
entry 2315000/8064762 (28.7051%)
entry 2316000/8064762 (28.7175%)
entry 2317000/8064762 (28.7299%)
entry 2319000/8064762 (28.7547%)
entry 2320000/8064762 (28.7671%)
entry 2321000/8064762 (28.7795%)
entry 2322000/8064762 (28.7919%)
entry 2325000/8064762 (28.8291%)
entry 2327000/8064762 (28.8539%)
entry 2328000/8064762 (28.8663%)
entry 2329000/8064762 (28.8787%)
entry 2330000/8064762 (28.8911%)
entry 2334000/8064762 (28.9407%)
entry 2335000/8064762 (28.9531%)
entry 2337000/8064762 (28.9779%)
entry 2342000/8064762 (29.0399%)
entry 2343000/8064762 (29.0523%)
entry 2345000/8064762 (29.0771%)
entry 2346000/8064762 (29.0895%)
entry 2348000/8064762 (29.1143%)
entry 2350000/8064762 (29.1391%)
entry 2352000/8064762 (29.1639%)
entry 2356000/8064762 (29.2135%)
entry 2357000/8064762 (29.2259%)
entry 2359000/8064762 (29.2507%)
entry 2363000/8064762 (29.3003%)
entry 2366000/8064762 (29.3375%)
entry 2367000/8064762 (29.3499%)
entry 2368000/8064762 (29.3623%)
entry 2369000/8064762 (29.3747%)
entry 2370000/8064762 (29.3871%)
entry 2371000/8064762 (29.3995%)
entry 2373000/8064762 (29.4243%)
entry 2375000/8064762 (29.4491%)
entry 2376000/8064762 (29.4615%)
entry 2378000/8064762 (29.4863%)
entry 2379000/8064762 (29.4987%)
entry 2382000/8064762 (29.5359%)
entry 2383000/8064762 (29.5483%)
entry 2384000/8064762 (29.5607%)
entry 2388000/8064762 (29.6103%)
entry 2389000/8064762 (29.6227%)
entry 2390000/8064762 (29.6351%)
entry 2391000/8064762 (29.6475%)
entry 2395000/8064762 (29.6971%)
entry 2396000/8064762 (29.7095%)
entry 2397000/8064762 (29.7219%)
entry 2398000/8064762 (29.7343%)
entry 2399000/8064762 (29.7467%)
entry 2401000/8064762 (29.7715%)
entry 2402000/8064762 (29.7839%)
entry 2403000/8064762 (29.7963%)
entry 2404000/8064762 (29.8087%)
entry 2405000/8064762 (29.8211%)
entry 2406000/8064762 (29.8335%)
entry 2408000/8064762 (29.8583%)
entry 2409000/8064762 (29.8707%)
entry 2411000/8064762 (29.8955%)
entry 2415000/8064762 (29.9451%)
entry 2416000/8064762 (29.9575%)
entry 2417000/8064762 (29.9699%)
entry 2418000/8064762 (29.9823%)
entry 2419000/8064762 (29.9947%)
entry 2421000/8064762 (30.0195%)
entry 2422000/8064762 (30.0319%)
entry 2423000/8064762 (30.0443%)
entry 2424000/8064762 (30.0567%)
entry 2425000/8064762 (30.0691%)
entry 2427000/8064762 (30.0939%)
entry 2428000/8064762 (30.1063%)
entry 2430000/8064762 (30.1311%)
entry 2431000/8064762 (30.1435%)
entry 2432000/8064762 (30.1559%)
entry 2433000/8064762 (30.1683%)
entry 2435000/8064762 (30.1931%)
entry 2436000/8064762 (30.2055%)
entry 2438000/8064762 (30.2303%)
entry 2442000/8064762 (30.2799%)
entry 2446000/8064762 (30.3295%)
entry 2447000/8064762 (30.3419%)
entry 2448000/8064762 (30.3543%)
entry 2449000/8064762 (30.3667%)
entry 2450000/8064762 (30.3791%)
entry 2451000/8064762 (30.3915%)
entry 2452000/8064762 (30.4039%)
entry 2453000/8064762 (30.4163%)
entry 2454000/8064762 (30.4287%)
entry 2456000/8064762 (30.4535%)
entry 2457000/8064762 (30.4659%)
entry 2458000/8064762 (30.4783%)
entry 2459000/8064762 (30.4907%)
entry 2460000/8064762 (30.5031%)
entry 2461000/8064762 (30.5155%)
entry 2465000/8064762 (30.5651%)
entry 2467000/8064762 (30.5899%)
entry 2468000/8064762 (30.6023%)
entry 2469000/8064762 (30.6147%)
entry 2472000/8064762 (30.6519%)
entry 2474000/8064762 (30.6767%)
entry 2475000/8064762 (30.6891%)
entry 2479000/8064762 (30.7387%)
entry 2480000/8064762 (30.7511%)
entry 2482000/8064762 (30.7759%)
entry 2483000/8064762 (30.7883%)
entry 2485000/8064762 (30.8131%)
entry 2486000/8064762 (30.8255%)
entry 2487000/8064762 (30.8379%)
entry 2488000/8064762 (30.8503%)
entry 2489000/8064762 (30.8627%)
entry 2490000/8064762 (30.8751%)
entry 2491000/8064762 (30.8875%)
entry 2493000/8064762 (30.9123%)
entry 2494000/8064762 (30.9247%)
entry 2497000/8064762 (30.9619%)
entry 2498000/8064762 (30.9743%)
entry 2499000/8064762 (30.9867%)
entry 2501000/8064762 (31.0115%)
entry 2502000/8064762 (31.0239%)
entry 2504000/8064762 (31.0487%)
entry 2505000/8064762 (31.0611%)
entry 2506000/8064762 (31.0735%)
entry 2507000/8064762 (31.0859%)
entry 2509000/8064762 (31.1107%)
entry 2512000/8064762 (31.1478%)
entry 2513000/8064762 (31.1603%)
entry 2515000/8064762 (31.185%)
entry 2516000/8064762 (31.1974%)
entry 2517000/8064762 (31.2098%)
entry 2518000/8064762 (31.2222%)
entry 2519000/8064762 (31.2346%)
entry 2520000/8064762 (31.247%)
entry 2521000/8064762 (31.2594%)
entry 2522000/8064762 (31.2718%)
entry 2523000/8064762 (31.2842%)
entry 2524000/8064762 (31.2966%)
entry 2525000/8064762 (31.309%)
entry 2527000/8064762 (31.3338%)
entry 2528000/8064762 (31.3462%)
entry 2529000/8064762 (31.3586%)
entry 2530000/8064762 (31.371%)
entry 2531000/8064762 (31.3834%)
entry 2534000/8064762 (31.4206%)
entry 2535000/8064762 (31.433%)
entry 2536000/8064762 (31.4454%)
entry 2537000/8064762 (31.4578%)
entry 2538000/8064762 (31.4702%)
entry 2539000/8064762 (31.4826%)
entry 2541000/8064762 (31.5074%)
entry 2542000/8064762 (31.5198%)
entry 2543000/8064762 (31.5322%)
entry 2544000/8064762 (31.5446%)
entry 2545000/8064762 (31.557%)
entry 2548000/8064762 (31.5942%)
entry 2549000/8064762 (31.6066%)
entry 2552000/8064762 (31.6438%)
entry 2555000/8064762 (31.681%)
entry 2556000/8064762 (31.6934%)
entry 2557000/8064762 (31.7058%)
entry 2558000/8064762 (31.7182%)
entry 2560000/8064762 (31.743%)
entry 2561000/8064762 (31.7554%)
entry 2562000/8064762 (31.7678%)
entry 2563000/8064762 (31.7802%)
entry 2567000/8064762 (31.8298%)
entry 2568000/8064762 (31.8422%)
entry 2569000/8064762 (31.8546%)
entry 2571000/8064762 (31.8794%)
entry 2572000/8064762 (31.8918%)
entry 2574000/8064762 (31.9166%)
entry 2576000/8064762 (31.9414%)
entry 2577000/8064762 (31.9538%)
entry 2578000/8064762 (31.9662%)
entry 2579000/8064762 (31.9786%)
entry 2581000/8064762 (32.0034%)
entry 2584000/8064762 (32.0406%)
entry 2585000/8064762 (32.053%)
entry 2588000/8064762 (32.0902%)
entry 2590000/8064762 (32.115%)
entry 2594000/8064762 (32.1646%)
entry 2595000/8064762 (32.177%)
entry 2596000/8064762 (32.1894%)
entry 2597000/8064762 (32.2018%)
entry 2598000/8064762 (32.2142%)
entry 2599000/8064762 (32.2266%)
entry 2600000/8064762 (32.239%)
entry 2602000/8064762 (32.2638%)
entry 2603000/8064762 (32.2762%)
entry 2604000/8064762 (32.2886%)
entry 2605000/8064762 (32.301%)
entry 2606000/8064762 (32.3134%)
entry 2607000/8064762 (32.3258%)
entry 2609000/8064762 (32.3506%)
entry 2610000/8064762 (32.363%)
entry 2612000/8064762 (32.3878%)
entry 2613000/8064762 (32.4002%)
entry 2615000/8064762 (32.425%)
entry 2621000/8064762 (32.4994%)
entry 2622000/8064762 (32.5118%)
entry 2623000/8064762 (32.5242%)
entry 2625000/8064762 (32.549%)
entry 2627000/8064762 (32.5738%)
entry 2630000/8064762 (32.611%)
entry 2632000/8064762 (32.6358%)
entry 2634000/8064762 (32.6606%)
entry 2636000/8064762 (32.6854%)
entry 2637000/8064762 (32.6978%)
entry 2638000/8064762 (32.7102%)
entry 2639000/8064762 (32.7226%)
entry 2641000/8064762 (32.7474%)
entry 2642000/8064762 (32.7598%)
entry 2643000/8064762 (32.7722%)
entry 2644000/8064762 (32.7846%)
entry 2645000/8064762 (32.797%)
entry 2648000/8064762 (32.8342%)
entry 2650000/8064762 (32.859%)
entry 2652000/8064762 (32.8838%)
entry 2653000/8064762 (32.8962%)
entry 2654000/8064762 (32.9086%)
entry 2655000/8064762 (32.921%)
entry 2656000/8064762 (32.9334%)
entry 2657000/8064762 (32.9458%)
entry 2660000/8064762 (32.983%)
entry 2661000/8064762 (32.9954%)
entry 2662000/8064762 (33.0078%)
entry 2664000/8064762 (33.0326%)
entry 2666000/8064762 (33.0574%)
entry 2667000/8064762 (33.0698%)
entry 2669000/8064762 (33.0946%)
entry 2674000/8064762 (33.1566%)
entry 2675000/8064762 (33.169%)
entry 2678000/8064762 (33.2062%)
entry 2679000/8064762 (33.2186%)
entry 2681000/8064762 (33.2434%)
entry 2682000/8064762 (33.2558%)
entry 2684000/8064762 (33.2806%)
entry 2685000/8064762 (33.293%)
entry 2687000/8064762 (33.3178%)
entry 2691000/8064762 (33.3674%)
entry 2692000/8064762 (33.3798%)
entry 2693000/8064762 (33.3922%)
entry 2694000/8064762 (33.4046%)
entry 2695000/8064762 (33.417%)
entry 2697000/8064762 (33.4418%)
entry 2698000/8064762 (33.4542%)
entry 2699000/8064762 (33.4666%)
entry 2700000/8064762 (33.479%)
entry 2701000/8064762 (33.4914%)
entry 2702000/8064762 (33.5038%)
entry 2703000/8064762 (33.5162%)
entry 2704000/8064762 (33.5286%)
entry 2705000/8064762 (33.541%)
entry 2708000/8064762 (33.5782%)
entry 2710000/8064762 (33.603%)
entry 2711000/8064762 (33.6154%)
entry 2712000/8064762 (33.6278%)
entry 2714000/8064762 (33.6526%)
entry 2715000/8064762 (33.665%)
entry 2716000/8064762 (33.6774%)
entry 2722000/8064762 (33.7518%)
entry 2725000/8064762 (33.789%)
entry 2726000/8064762 (33.8014%)
entry 2727000/8064762 (33.8138%)
entry 2728000/8064762 (33.8262%)
entry 2730000/8064762 (33.851%)
entry 2731000/8064762 (33.8634%)
entry 2733000/8064762 (33.8882%)
entry 2736000/8064762 (33.9254%)
entry 2737000/8064762 (33.9378%)
entry 2739000/8064762 (33.9626%)
entry 2740000/8064762 (33.975%)
entry 2742000/8064762 (33.9998%)
entry 2743000/8064762 (34.0122%)
entry 2744000/8064762 (34.0246%)
entry 2746000/8064762 (34.0494%)
entry 2747000/8064762 (34.0618%)
entry 2748000/8064762 (34.0742%)
entry 2749000/8064762 (34.0866%)
entry 2751000/8064762 (34.1114%)
entry 2752000/8064762 (34.1238%)
entry 2753000/8064762 (34.1362%)
entry 2754000/8064762 (34.1486%)
entry 2756000/8064762 (34.1734%)
entry 2757000/8064762 (34.1858%)
entry 2758000/8064762 (34.1982%)
entry 2759000/8064762 (34.2106%)
entry 2760000/8064762 (34.223%)
entry 2761000/8064762 (34.2354%)
entry 2762000/8064762 (34.2478%)
entry 2763000/8064762 (34.2602%)
entry 2764000/8064762 (34.2726%)
entry 2765000/8064762 (34.285%)
entry 2766000/8064762 (34.2974%)
entry 2767000/8064762 (34.3098%)
entry 2768000/8064762 (34.3222%)
entry 2770000/8064762 (34.347%)
entry 2771000/8064762 (34.3594%)
entry 2772000/8064762 (34.3718%)
entry 2773000/8064762 (34.3842%)
entry 2774000/8064762 (34.3966%)
entry 2775000/8064762 (34.409%)
entry 2777000/8064762 (34.4337%)
entry 2778000/8064762 (34.4462%)
entry 2779000/8064762 (34.4586%)
entry 2780000/8064762 (34.4709%)
entry 2781000/8064762 (34.4833%)
entry 2782000/8064762 (34.4957%)
entry 2783000/8064762 (34.5081%)
entry 2784000/8064762 (34.5205%)
entry 2787000/8064762 (34.5577%)
entry 2789000/8064762 (34.5825%)
entry 2790000/8064762 (34.5949%)
entry 2791000/8064762 (34.6073%)
entry 2792000/8064762 (34.6197%)
entry 2793000/8064762 (34.6321%)
entry 2794000/8064762 (34.6445%)
entry 2796000/8064762 (34.6693%)
entry 2797000/8064762 (34.6817%)
entry 2798000/8064762 (34.6941%)
entry 2799000/8064762 (34.7065%)
entry 2800000/8064762 (34.7189%)
entry 2801000/8064762 (34.7313%)
entry 2802000/8064762 (34.7437%)
entry 2803000/8064762 (34.7561%)
entry 2804000/8064762 (34.7685%)
entry 2805000/8064762 (34.7809%)
entry 2806000/8064762 (34.7933%)
entry 2807000/8064762 (34.8057%)
entry 2808000/8064762 (34.8181%)
entry 2809000/8064762 (34.8305%)
entry 2814000/8064762 (34.8925%)
entry 2815000/8064762 (34.9049%)
entry 2816000/8064762 (34.9173%)
entry 2818000/8064762 (34.9421%)
entry 2819000/8064762 (34.9545%)
entry 2820000/8064762 (34.9669%)
entry 2822000/8064762 (34.9917%)
entry 2825000/8064762 (35.0289%)
entry 2827000/8064762 (35.0537%)
entry 2828000/8064762 (35.0661%)
entry 2829000/8064762 (35.0785%)
entry 2831000/8064762 (35.1033%)
entry 2833000/8064762 (35.1281%)
entry 2834000/8064762 (35.1405%)
entry 2839000/8064762 (35.2025%)
entry 2840000/8064762 (35.2149%)
entry 2841000/8064762 (35.2273%)
entry 2844000/8064762 (35.2645%)
entry 2845000/8064762 (35.2769%)
entry 2847000/8064762 (35.3017%)
entry 2850000/8064762 (35.3389%)
entry 2851000/8064762 (35.3513%)
entry 2853000/8064762 (35.3761%)
entry 2856000/8064762 (35.4133%)
entry 2857000/8064762 (35.4257%)
entry 2859000/8064762 (35.4505%)
entry 2860000/8064762 (35.4629%)
entry 2862000/8064762 (35.4877%)
entry 2863000/8064762 (35.5001%)
entry 2864000/8064762 (35.5125%)
entry 2865000/8064762 (35.5249%)
entry 2868000/8064762 (35.5621%)
entry 2869000/8064762 (35.5745%)
entry 2870000/8064762 (35.5869%)
entry 2872000/8064762 (35.6117%)
entry 2873000/8064762 (35.6241%)
entry 2875000/8064762 (35.6489%)
entry 2876000/8064762 (35.6613%)
entry 2877000/8064762 (35.6737%)
entry 2879000/8064762 (35.6985%)
entry 2880000/8064762 (35.7109%)
entry 2881000/8064762 (35.7233%)
entry 2882000/8064762 (35.7357%)
entry 2885000/8064762 (35.7729%)
entry 2886000/8064762 (35.7853%)
entry 2887000/8064762 (35.7977%)
entry 2888000/8064762 (35.8101%)
entry 2889000/8064762 (35.8225%)
entry 2890000/8064762 (35.8349%)
entry 2891000/8064762 (35.8473%)
entry 2892000/8064762 (35.8597%)
entry 2893000/8064762 (35.8721%)
entry 2894000/8064762 (35.8845%)
entry 2895000/8064762 (35.8969%)
entry 2896000/8064762 (35.9093%)
entry 2898000/8064762 (35.9341%)
entry 2899000/8064762 (35.9465%)
entry 2900000/8064762 (35.9589%)
entry 2902000/8064762 (35.9837%)
entry 2903000/8064762 (35.9961%)
entry 2904000/8064762 (36.0085%)
entry 2907000/8064762 (36.0457%)
entry 2910000/8064762 (36.0829%)
entry 2911000/8064762 (36.0953%)
entry 2912000/8064762 (36.1077%)
entry 2913000/8064762 (36.1201%)
entry 2914000/8064762 (36.1325%)
entry 2916000/8064762 (36.1573%)
entry 2918000/8064762 (36.1821%)
entry 2919000/8064762 (36.1945%)
entry 2921000/8064762 (36.2193%)
entry 2922000/8064762 (36.2317%)
entry 2923000/8064762 (36.2441%)
entry 2925000/8064762 (36.2689%)
entry 2927000/8064762 (36.2937%)
entry 2930000/8064762 (36.3309%)
entry 2932000/8064762 (36.3557%)
entry 2933000/8064762 (36.3681%)
entry 2934000/8064762 (36.3805%)
entry 2935000/8064762 (36.3929%)
entry 2938000/8064762 (36.4301%)
entry 2939000/8064762 (36.4425%)
entry 2940000/8064762 (36.4549%)
entry 2941000/8064762 (36.4673%)
entry 2942000/8064762 (36.4797%)
entry 2943000/8064762 (36.4921%)
entry 2944000/8064762 (36.5045%)
entry 2945000/8064762 (36.5169%)
entry 2946000/8064762 (36.5293%)
entry 2947000/8064762 (36.5417%)
entry 2949000/8064762 (36.5665%)
entry 2951000/8064762 (36.5913%)
entry 2953000/8064762 (36.6161%)
entry 2954000/8064762 (36.6285%)
entry 2955000/8064762 (36.6409%)
entry 2957000/8064762 (36.6657%)
entry 2959000/8064762 (36.6905%)
entry 2960000/8064762 (36.7029%)
entry 2961000/8064762 (36.7153%)
entry 2962000/8064762 (36.7277%)
entry 2963000/8064762 (36.7401%)
entry 2964000/8064762 (36.7525%)
entry 2965000/8064762 (36.7649%)
entry 2966000/8064762 (36.7773%)
entry 2968000/8064762 (36.8021%)
entry 2971000/8064762 (36.8393%)
entry 2972000/8064762 (36.8517%)
entry 2974000/8064762 (36.8765%)
entry 2976000/8064762 (36.9013%)
entry 2977000/8064762 (36.9137%)
entry 2978000/8064762 (36.9261%)
entry 2979000/8064762 (36.9385%)
entry 2980000/8064762 (36.9509%)
entry 2981000/8064762 (36.9633%)
entry 2982000/8064762 (36.9757%)
entry 2985000/8064762 (37.0129%)
entry 2988000/8064762 (37.0501%)
entry 2989000/8064762 (37.0625%)
entry 2990000/8064762 (37.0749%)
entry 2993000/8064762 (37.1121%)
entry 2994000/8064762 (37.1245%)
entry 2995000/8064762 (37.1369%)
entry 2997000/8064762 (37.1617%)
entry 2998000/8064762 (37.1741%)
entry 2999000/8064762 (37.1865%)
entry 3001000/8064762 (37.2113%)
entry 3004000/8064762 (37.2485%)
entry 3005000/8064762 (37.2609%)
entry 3006000/8064762 (37.2733%)
entry 3007000/8064762 (37.2857%)
entry 3009000/8064762 (37.3105%)
entry 3010000/8064762 (37.3229%)
entry 3012000/8064762 (37.3477%)
entry 3013000/8064762 (37.3601%)
entry 3015000/8064762 (37.3849%)
entry 3016000/8064762 (37.3973%)
entry 3017000/8064762 (37.4097%)
entry 3020000/8064762 (37.4469%)
entry 3021000/8064762 (37.4593%)
entry 3022000/8064762 (37.4717%)
entry 3024000/8064762 (37.4965%)
entry 3025000/8064762 (37.5089%)
entry 3027000/8064762 (37.5337%)
entry 3030000/8064762 (37.5709%)
entry 3031000/8064762 (37.5833%)
entry 3032000/8064762 (37.5957%)
entry 3033000/8064762 (37.6081%)
entry 3034000/8064762 (37.6205%)
entry 3035000/8064762 (37.6329%)
entry 3036000/8064762 (37.6453%)
entry 3037000/8064762 (37.6577%)
entry 3038000/8064762 (37.6701%)
entry 3039000/8064762 (37.6824%)
entry 3040000/8064762 (37.6949%)
entry 3041000/8064762 (37.7073%)
entry 3042000/8064762 (37.7196%)
entry 3045000/8064762 (37.7568%)
entry 3046000/8064762 (37.7692%)
entry 3048000/8064762 (37.794%)
entry 3049000/8064762 (37.8064%)
entry 3051000/8064762 (37.8312%)
entry 3052000/8064762 (37.8436%)
entry 3054000/8064762 (37.8684%)
entry 3057000/8064762 (37.9056%)
entry 3060000/8064762 (37.9428%)
entry 3061000/8064762 (37.9552%)
entry 3062000/8064762 (37.9676%)
entry 3065000/8064762 (38.0048%)
entry 3066000/8064762 (38.0172%)
entry 3067000/8064762 (38.0296%)
entry 3069000/8064762 (38.0544%)
entry 3070000/8064762 (38.0668%)
entry 3072000/8064762 (38.0916%)
entry 3073000/8064762 (38.104%)
entry 3074000/8064762 (38.1164%)
entry 3076000/8064762 (38.1412%)
entry 3079000/8064762 (38.1784%)
entry 3082000/8064762 (38.2156%)
entry 3084000/8064762 (38.2404%)
entry 3085000/8064762 (38.2528%)
entry 3086000/8064762 (38.2652%)
entry 3087000/8064762 (38.2776%)
entry 3088000/8064762 (38.29%)
entry 3089000/8064762 (38.3024%)
entry 3092000/8064762 (38.3396%)
entry 3093000/8064762 (38.352%)
entry 3097000/8064762 (38.4016%)
entry 3098000/8064762 (38.414%)
entry 3100000/8064762 (38.4388%)
entry 3102000/8064762 (38.4636%)
entry 3103000/8064762 (38.476%)
entry 3106000/8064762 (38.5132%)
entry 3107000/8064762 (38.5256%)
entry 3108000/8064762 (38.538%)
entry 3110000/8064762 (38.5628%)
entry 3111000/8064762 (38.5752%)
entry 3113000/8064762 (38.6%)
entry 3114000/8064762 (38.6124%)
entry 3115000/8064762 (38.6248%)
entry 3116000/8064762 (38.6372%)
entry 3117000/8064762 (38.6496%)
entry 3118000/8064762 (38.662%)
entry 3119000/8064762 (38.6744%)
entry 3120000/8064762 (38.6868%)
entry 3121000/8064762 (38.6992%)
entry 3122000/8064762 (38.7116%)
entry 3123000/8064762 (38.724%)
entry 3125000/8064762 (38.7488%)
entry 3126000/8064762 (38.7612%)
entry 3128000/8064762 (38.786%)
entry 3129000/8064762 (38.7984%)
entry 3131000/8064762 (38.8232%)
entry 3133000/8064762 (38.848%)
entry 3135000/8064762 (38.8728%)
entry 3137000/8064762 (38.8976%)
entry 3138000/8064762 (38.91%)
entry 3142000/8064762 (38.9596%)
entry 3143000/8064762 (38.972%)
entry 3145000/8064762 (38.9968%)
entry 3147000/8064762 (39.0216%)
entry 3148000/8064762 (39.034%)
entry 3150000/8064762 (39.0588%)
entry 3152000/8064762 (39.0836%)
entry 3155000/8064762 (39.1208%)
entry 3157000/8064762 (39.1456%)
entry 3158000/8064762 (39.158%)
entry 3159000/8064762 (39.1704%)
entry 3160000/8064762 (39.1828%)
entry 3162000/8064762 (39.2076%)
entry 3164000/8064762 (39.2324%)
entry 3165000/8064762 (39.2448%)
entry 3166000/8064762 (39.2572%)
entry 3167000/8064762 (39.2696%)
entry 3168000/8064762 (39.282%)
entry 3171000/8064762 (39.3192%)
entry 3172000/8064762 (39.3316%)
entry 3173000/8064762 (39.344%)
entry 3174000/8064762 (39.3564%)
entry 3175000/8064762 (39.3688%)
entry 3176000/8064762 (39.3812%)
entry 3177000/8064762 (39.3936%)
entry 3178000/8064762 (39.406%)
entry 3179000/8064762 (39.4184%)
entry 3181000/8064762 (39.4432%)
entry 3182000/8064762 (39.4556%)
entry 3183000/8064762 (39.468%)
entry 3185000/8064762 (39.4928%)
entry 3187000/8064762 (39.5176%)
entry 3188000/8064762 (39.53%)
entry 3190000/8064762 (39.5548%)
entry 3192000/8064762 (39.5796%)
entry 3193000/8064762 (39.592%)
entry 3194000/8064762 (39.6044%)
entry 3195000/8064762 (39.6168%)
entry 3197000/8064762 (39.6416%)
entry 3198000/8064762 (39.654%)
entry 3203000/8064762 (39.716%)
entry 3206000/8064762 (39.7532%)
entry 3207000/8064762 (39.7656%)
entry 3208000/8064762 (39.778%)
entry 3209000/8064762 (39.7904%)
entry 3212000/8064762 (39.8276%)
entry 3213000/8064762 (39.84%)
entry 3216000/8064762 (39.8772%)
entry 3217000/8064762 (39.8896%)
entry 3218000/8064762 (39.902%)
entry 3219000/8064762 (39.9144%)
entry 3220000/8064762 (39.9268%)
entry 3222000/8064762 (39.9516%)
entry 3223000/8064762 (39.964%)
entry 3224000/8064762 (39.9764%)
entry 3227000/8064762 (40.0136%)
entry 3228000/8064762 (40.026%)
entry 3229000/8064762 (40.0384%)
entry 3231000/8064762 (40.0632%)
entry 3232000/8064762 (40.0756%)
entry 3234000/8064762 (40.1004%)
entry 3235000/8064762 (40.1128%)
entry 3236000/8064762 (40.1252%)
entry 3237000/8064762 (40.1376%)
entry 3240000/8064762 (40.1748%)
entry 3242000/8064762 (40.1996%)
entry 3243000/8064762 (40.212%)
entry 3244000/8064762 (40.2244%)
entry 3245000/8064762 (40.2368%)
entry 3246000/8064762 (40.2492%)
entry 3249000/8064762 (40.2864%)
entry 3250000/8064762 (40.2988%)
entry 3251000/8064762 (40.3112%)
entry 3253000/8064762 (40.336%)
entry 3256000/8064762 (40.3732%)
entry 3257000/8064762 (40.3856%)
entry 3258000/8064762 (40.398%)
entry 3259000/8064762 (40.4104%)
entry 3261000/8064762 (40.4352%)
entry 3263000/8064762 (40.46%)
entry 3265000/8064762 (40.4848%)
entry 3266000/8064762 (40.4972%)
entry 3267000/8064762 (40.5096%)
entry 3273000/8064762 (40.584%)
entry 3274000/8064762 (40.5964%)
entry 3275000/8064762 (40.6088%)
entry 3277000/8064762 (40.6336%)
entry 3278000/8064762 (40.646%)
entry 3280000/8064762 (40.6708%)
entry 3281000/8064762 (40.6832%)
entry 3282000/8064762 (40.6956%)
entry 3284000/8064762 (40.7204%)
entry 3285000/8064762 (40.7328%)
entry 3286000/8064762 (40.7452%)
entry 3289000/8064762 (40.7824%)
entry 3290000/8064762 (40.7948%)
entry 3292000/8064762 (40.8196%)
entry 3294000/8064762 (40.8444%)
entry 3295000/8064762 (40.8568%)
entry 3296000/8064762 (40.8692%)
entry 3298000/8064762 (40.894%)
entry 3301000/8064762 (40.9312%)
entry 3302000/8064762 (40.9436%)
entry 3304000/8064762 (40.9683%)
entry 3305000/8064762 (40.9808%)
entry 3306000/8064762 (40.9932%)
entry 3309000/8064762 (41.0304%)
entry 3311000/8064762 (41.0551%)
entry 3312000/8064762 (41.0675%)
entry 3313000/8064762 (41.0799%)
entry 3314000/8064762 (41.0923%)
entry 3317000/8064762 (41.1295%)
entry 3319000/8064762 (41.1543%)
entry 3320000/8064762 (41.1667%)
entry 3323000/8064762 (41.2039%)
entry 3326000/8064762 (41.2411%)
entry 3329000/8064762 (41.2783%)
entry 3331000/8064762 (41.3031%)
entry 3334000/8064762 (41.3403%)
entry 3336000/8064762 (41.3651%)
entry 3337000/8064762 (41.3775%)
entry 3338000/8064762 (41.3899%)
entry 3340000/8064762 (41.4147%)
entry 3341000/8064762 (41.4271%)
entry 3342000/8064762 (41.4395%)
entry 3343000/8064762 (41.4519%)
entry 3344000/8064762 (41.4643%)
entry 3347000/8064762 (41.5015%)
entry 3348000/8064762 (41.5139%)
entry 3351000/8064762 (41.5511%)
entry 3353000/8064762 (41.5759%)
entry 3355000/8064762 (41.6007%)
entry 3356000/8064762 (41.6131%)
entry 3357000/8064762 (41.6255%)
entry 3363000/8064762 (41.6999%)
entry 3365000/8064762 (41.7247%)
entry 3367000/8064762 (41.7495%)
entry 3368000/8064762 (41.7619%)
entry 3371000/8064762 (41.7991%)
entry 3372000/8064762 (41.8115%)
entry 3374000/8064762 (41.8363%)
entry 3375000/8064762 (41.8487%)
entry 3377000/8064762 (41.8735%)
entry 3378000/8064762 (41.8859%)
entry 3379000/8064762 (41.8983%)
entry 3380000/8064762 (41.9107%)
entry 3381000/8064762 (41.9231%)
entry 3382000/8064762 (41.9355%)
entry 3383000/8064762 (41.9479%)
entry 3384000/8064762 (41.9603%)
entry 3385000/8064762 (41.9727%)
entry 3386000/8064762 (41.9851%)
entry 3387000/8064762 (41.9975%)
entry 3389000/8064762 (42.0223%)
entry 3390000/8064762 (42.0347%)
entry 3394000/8064762 (42.0843%)
entry 3395000/8064762 (42.0967%)
entry 3396000/8064762 (42.1091%)
entry 3397000/8064762 (42.1215%)
entry 3399000/8064762 (42.1463%)
entry 3400000/8064762 (42.1587%)
entry 3401000/8064762 (42.1711%)
entry 3402000/8064762 (42.1835%)
entry 3404000/8064762 (42.2083%)
entry 3407000/8064762 (42.2455%)
entry 3408000/8064762 (42.2579%)
entry 3410000/8064762 (42.2827%)
entry 3411000/8064762 (42.2951%)
entry 3413000/8064762 (42.3199%)
entry 3416000/8064762 (42.3571%)
entry 3418000/8064762 (42.3819%)
entry 3421000/8064762 (42.4191%)
entry 3422000/8064762 (42.4315%)
entry 3423000/8064762 (42.4439%)
entry 3424000/8064762 (42.4563%)
entry 3426000/8064762 (42.4811%)
entry 3427000/8064762 (42.4935%)
entry 3428000/8064762 (42.5059%)
entry 3429000/8064762 (42.5183%)
entry 3430000/8064762 (42.5307%)
entry 3431000/8064762 (42.5431%)
entry 3433000/8064762 (42.5679%)
entry 3436000/8064762 (42.6051%)
entry 3437000/8064762 (42.6175%)
entry 3439000/8064762 (42.6423%)
entry 3440000/8064762 (42.6547%)
entry 3442000/8064762 (42.6795%)
entry 3444000/8064762 (42.7043%)
entry 3445000/8064762 (42.7167%)
entry 3446000/8064762 (42.7291%)
entry 3447000/8064762 (42.7415%)
entry 3448000/8064762 (42.7539%)
entry 3449000/8064762 (42.7663%)
entry 3450000/8064762 (42.7787%)
entry 3451000/8064762 (42.7911%)
entry 3452000/8064762 (42.8035%)
entry 3455000/8064762 (42.8407%)
entry 3457000/8064762 (42.8655%)
entry 3458000/8064762 (42.8779%)
entry 3460000/8064762 (42.9027%)
entry 3461000/8064762 (42.9151%)
entry 3463000/8064762 (42.9399%)
entry 3464000/8064762 (42.9523%)
entry 3465000/8064762 (42.9647%)
entry 3466000/8064762 (42.9771%)
entry 3467000/8064762 (42.9895%)
entry 3469000/8064762 (43.0143%)
entry 3471000/8064762 (43.0391%)
entry 3472000/8064762 (43.0515%)
entry 3473000/8064762 (43.0639%)
entry 3474000/8064762 (43.0763%)
entry 3476000/8064762 (43.1011%)
entry 3478000/8064762 (43.1259%)
entry 3479000/8064762 (43.1383%)
entry 3480000/8064762 (43.1507%)
entry 3481000/8064762 (43.1631%)
entry 3483000/8064762 (43.1879%)
entry 3484000/8064762 (43.2003%)
entry 3485000/8064762 (43.2127%)
entry 3487000/8064762 (43.2375%)
entry 3488000/8064762 (43.2499%)
entry 3489000/8064762 (43.2623%)
entry 3490000/8064762 (43.2747%)
entry 3491000/8064762 (43.2871%)
entry 3493000/8064762 (43.3119%)
entry 3494000/8064762 (43.3243%)
entry 3496000/8064762 (43.3491%)
entry 3497000/8064762 (43.3615%)
entry 3498000/8064762 (43.3739%)
entry 3499000/8064762 (43.3863%)
entry 3500000/8064762 (43.3987%)
entry 3503000/8064762 (43.4359%)
entry 3505000/8064762 (43.4607%)
entry 3506000/8064762 (43.4731%)
entry 3507000/8064762 (43.4855%)
entry 3509000/8064762 (43.5103%)
entry 3513000/8064762 (43.5599%)
entry 3514000/8064762 (43.5723%)
entry 3516000/8064762 (43.5971%)
entry 3519000/8064762 (43.6343%)
entry 3520000/8064762 (43.6467%)
entry 3521000/8064762 (43.6591%)
entry 3522000/8064762 (43.6715%)
entry 3523000/8064762 (43.6839%)
entry 3524000/8064762 (43.6963%)
entry 3525000/8064762 (43.7087%)
entry 3526000/8064762 (43.7211%)
entry 3530000/8064762 (43.7707%)
entry 3531000/8064762 (43.7831%)
entry 3532000/8064762 (43.7955%)
entry 3533000/8064762 (43.8079%)
entry 3537000/8064762 (43.8575%)
entry 3538000/8064762 (43.8699%)
entry 3539000/8064762 (43.8823%)
entry 3540000/8064762 (43.8947%)
entry 3541000/8064762 (43.9071%)
entry 3545000/8064762 (43.9567%)
entry 3547000/8064762 (43.9815%)
entry 3550000/8064762 (44.0187%)
entry 3551000/8064762 (44.0311%)
entry 3554000/8064762 (44.0683%)
entry 3555000/8064762 (44.0807%)
entry 3556000/8064762 (44.0931%)
entry 3562000/8064762 (44.1675%)
entry 3565000/8064762 (44.2047%)
entry 3567000/8064762 (44.2295%)
entry 3568000/8064762 (44.2419%)
entry 3569000/8064762 (44.2542%)
entry 3571000/8064762 (44.2791%)
entry 3572000/8064762 (44.2914%)
entry 3575000/8064762 (44.3286%)
entry 3576000/8064762 (44.341%)
entry 3577000/8064762 (44.3534%)
entry 3579000/8064762 (44.3782%)
entry 3580000/8064762 (44.3906%)
entry 3582000/8064762 (44.4154%)
entry 3583000/8064762 (44.4278%)
entry 3587000/8064762 (44.4774%)
entry 3588000/8064762 (44.4898%)
entry 3589000/8064762 (44.5022%)
entry 3591000/8064762 (44.527%)
entry 3594000/8064762 (44.5642%)
entry 3595000/8064762 (44.5766%)
entry 3596000/8064762 (44.589%)
entry 3598000/8064762 (44.6138%)
entry 3599000/8064762 (44.6262%)
entry 3601000/8064762 (44.651%)
entry 3602000/8064762 (44.6634%)
entry 3606000/8064762 (44.713%)
entry 3608000/8064762 (44.7378%)
entry 3609000/8064762 (44.7502%)
entry 3610000/8064762 (44.7626%)
entry 3612000/8064762 (44.7874%)
entry 3614000/8064762 (44.8122%)
entry 3615000/8064762 (44.8246%)
entry 3616000/8064762 (44.837%)
entry 3617000/8064762 (44.8494%)
entry 3618000/8064762 (44.8618%)
entry 3620000/8064762 (44.8866%)
entry 3621000/8064762 (44.899%)
entry 3622000/8064762 (44.9114%)
entry 3623000/8064762 (44.9238%)
entry 3626000/8064762 (44.961%)
entry 3627000/8064762 (44.9734%)
entry 3628000/8064762 (44.9858%)
entry 3631000/8064762 (45.023%)
entry 3632000/8064762 (45.0354%)
entry 3633000/8064762 (45.0478%)
entry 3634000/8064762 (45.0602%)
entry 3636000/8064762 (45.085%)
entry 3638000/8064762 (45.1098%)
entry 3642000/8064762 (45.1594%)
entry 3645000/8064762 (45.1966%)
entry 3646000/8064762 (45.209%)
entry 3647000/8064762 (45.2214%)
entry 3649000/8064762 (45.2462%)
entry 3650000/8064762 (45.2586%)
entry 3652000/8064762 (45.2834%)
entry 3653000/8064762 (45.2958%)
entry 3654000/8064762 (45.3082%)
entry 3657000/8064762 (45.3454%)
entry 3658000/8064762 (45.3578%)
entry 3660000/8064762 (45.3826%)
entry 3661000/8064762 (45.395%)
entry 3663000/8064762 (45.4198%)
entry 3665000/8064762 (45.4446%)
entry 3666000/8064762 (45.457%)
entry 3669000/8064762 (45.4942%)
entry 3670000/8064762 (45.5066%)
entry 3671000/8064762 (45.519%)
entry 3673000/8064762 (45.5438%)
entry 3675000/8064762 (45.5686%)
entry 3676000/8064762 (45.581%)
entry 3677000/8064762 (45.5934%)
entry 3679000/8064762 (45.6182%)
entry 3680000/8064762 (45.6306%)
entry 3683000/8064762 (45.6678%)
entry 3686000/8064762 (45.705%)
entry 3691000/8064762 (45.767%)
entry 3692000/8064762 (45.7794%)
entry 3693000/8064762 (45.7918%)
entry 3695000/8064762 (45.8166%)
entry 3699000/8064762 (45.8662%)
entry 3701000/8064762 (45.891%)
entry 3702000/8064762 (45.9034%)
entry 3705000/8064762 (45.9406%)
entry 3706000/8064762 (45.953%)
entry 3707000/8064762 (45.9654%)
entry 3708000/8064762 (45.9778%)
entry 3710000/8064762 (46.0026%)
entry 3711000/8064762 (46.015%)
entry 3712000/8064762 (46.0274%)
entry 3713000/8064762 (46.0398%)
entry 3714000/8064762 (46.0522%)
entry 3715000/8064762 (46.0646%)
entry 3716000/8064762 (46.077%)
entry 3717000/8064762 (46.0894%)
entry 3719000/8064762 (46.1142%)
entry 3720000/8064762 (46.1266%)
entry 3721000/8064762 (46.139%)
entry 3723000/8064762 (46.1638%)
entry 3724000/8064762 (46.1762%)
entry 3725000/8064762 (46.1886%)
entry 3727000/8064762 (46.2134%)
entry 3732000/8064762 (46.2754%)
entry 3733000/8064762 (46.2878%)
entry 3734000/8064762 (46.3002%)
entry 3735000/8064762 (46.3126%)
entry 3736000/8064762 (46.325%)
entry 3738000/8064762 (46.3498%)
entry 3742000/8064762 (46.3994%)
entry 3743000/8064762 (46.4118%)
entry 3744000/8064762 (46.4242%)
entry 3746000/8064762 (46.449%)
entry 3747000/8064762 (46.4614%)
entry 3749000/8064762 (46.4862%)
entry 3750000/8064762 (46.4986%)
entry 3751000/8064762 (46.511%)
entry 3752000/8064762 (46.5234%)
entry 3753000/8064762 (46.5358%)
entry 3754000/8064762 (46.5482%)
entry 3755000/8064762 (46.5606%)
entry 3759000/8064762 (46.6102%)
entry 3760000/8064762 (46.6226%)
entry 3761000/8064762 (46.635%)
entry 3762000/8064762 (46.6474%)
entry 3765000/8064762 (46.6846%)
entry 3769000/8064762 (46.7342%)
entry 3770000/8064762 (46.7466%)
entry 3771000/8064762 (46.759%)
entry 3772000/8064762 (46.7714%)
entry 3774000/8064762 (46.7962%)
entry 3775000/8064762 (46.8086%)
entry 3776000/8064762 (46.821%)
entry 3777000/8064762 (46.8334%)
entry 3778000/8064762 (46.8458%)
entry 3780000/8064762 (46.8706%)
entry 3781000/8064762 (46.883%)
entry 3784000/8064762 (46.9202%)
entry 3785000/8064762 (46.9326%)
entry 3786000/8064762 (46.945%)
entry 3787000/8064762 (46.9574%)
entry 3788000/8064762 (46.9698%)
entry 3789000/8064762 (46.9822%)
entry 3790000/8064762 (46.9946%)
entry 3791000/8064762 (47.007%)
entry 3792000/8064762 (47.0194%)
entry 3794000/8064762 (47.0442%)
entry 3797000/8064762 (47.0814%)
entry 3798000/8064762 (47.0938%)
entry 3799000/8064762 (47.1062%)
entry 3801000/8064762 (47.131%)
entry 3802000/8064762 (47.1434%)
entry 3803000/8064762 (47.1558%)
entry 3804000/8064762 (47.1682%)
entry 3806000/8064762 (47.193%)
entry 3809000/8064762 (47.2302%)
entry 3810000/8064762 (47.2426%)
entry 3811000/8064762 (47.255%)
entry 3812000/8064762 (47.2674%)
entry 3815000/8064762 (47.3046%)
entry 3817000/8064762 (47.3294%)
entry 3820000/8064762 (47.3666%)
entry 3821000/8064762 (47.379%)
entry 3823000/8064762 (47.4038%)
entry 3824000/8064762 (47.4162%)
entry 3825000/8064762 (47.4286%)
entry 3827000/8064762 (47.4534%)
entry 3828000/8064762 (47.4658%)
entry 3829000/8064762 (47.4782%)
entry 3830000/8064762 (47.4906%)
entry 3831000/8064762 (47.503%)
entry 3833000/8064762 (47.5278%)
entry 3835000/8064762 (47.5525%)
entry 3836000/8064762 (47.565%)
entry 3837000/8064762 (47.5773%)
entry 3838000/8064762 (47.5897%)
entry 3840000/8064762 (47.6145%)
entry 3841000/8064762 (47.6269%)
entry 3842000/8064762 (47.6393%)
entry 3845000/8064762 (47.6765%)
entry 3846000/8064762 (47.6889%)
entry 3847000/8064762 (47.7013%)
entry 3848000/8064762 (47.7137%)
entry 3849000/8064762 (47.7261%)
entry 3850000/8064762 (47.7385%)
entry 3853000/8064762 (47.7757%)
entry 3854000/8064762 (47.7881%)
entry 3855000/8064762 (47.8005%)
entry 3865000/8064762 (47.9245%)
entry 3867000/8064762 (47.9493%)
entry 3868000/8064762 (47.9617%)
entry 3869000/8064762 (47.9741%)
entry 3870000/8064762 (47.9865%)
entry 3872000/8064762 (48.0113%)
entry 3874000/8064762 (48.0361%)
entry 3875000/8064762 (48.0485%)
entry 3876000/8064762 (48.0609%)
entry 3877000/8064762 (48.0733%)
entry 3878000/8064762 (48.0857%)
entry 3880000/8064762 (48.1105%)
entry 3881000/8064762 (48.1229%)
entry 3882000/8064762 (48.1353%)
entry 3883000/8064762 (48.1477%)
entry 3884000/8064762 (48.1601%)
entry 3885000/8064762 (48.1725%)
entry 3888000/8064762 (48.2097%)
entry 3890000/8064762 (48.2345%)
entry 3892000/8064762 (48.2593%)
entry 3894000/8064762 (48.2841%)
entry 3896000/8064762 (48.3089%)
entry 3897000/8064762 (48.3213%)
entry 3898000/8064762 (48.3337%)
entry 3899000/8064762 (48.3461%)
entry 3900000/8064762 (48.3585%)
entry 3901000/8064762 (48.3709%)
entry 3902000/8064762 (48.3833%)
entry 3905000/8064762 (48.4205%)
entry 3906000/8064762 (48.4329%)
entry 3907000/8064762 (48.4453%)
entry 3908000/8064762 (48.4577%)
entry 3909000/8064762 (48.4701%)
entry 3911000/8064762 (48.4949%)
entry 3912000/8064762 (48.5073%)
entry 3913000/8064762 (48.5197%)
entry 3914000/8064762 (48.5321%)
entry 3915000/8064762 (48.5445%)
entry 3916000/8064762 (48.5569%)
entry 3917000/8064762 (48.5693%)
entry 3919000/8064762 (48.5941%)
entry 3920000/8064762 (48.6065%)
entry 3921000/8064762 (48.6189%)
entry 3923000/8064762 (48.6437%)
entry 3925000/8064762 (48.6685%)
entry 3929000/8064762 (48.7181%)
entry 3930000/8064762 (48.7305%)
entry 3931000/8064762 (48.7429%)
entry 3932000/8064762 (48.7553%)
entry 3933000/8064762 (48.7677%)
entry 3934000/8064762 (48.7801%)
entry 3937000/8064762 (48.8173%)
entry 3938000/8064762 (48.8297%)
entry 3939000/8064762 (48.8421%)
entry 3940000/8064762 (48.8545%)
entry 3941000/8064762 (48.8669%)
entry 3942000/8064762 (48.8793%)
entry 3945000/8064762 (48.9165%)
entry 3950000/8064762 (48.9785%)
entry 3952000/8064762 (49.0033%)
entry 3953000/8064762 (49.0157%)
entry 3954000/8064762 (49.0281%)
entry 3958000/8064762 (49.0777%)
entry 3959000/8064762 (49.0901%)
entry 3960000/8064762 (49.1025%)
entry 3961000/8064762 (49.1149%)
entry 3962000/8064762 (49.1273%)
entry 3964000/8064762 (49.1521%)
entry 3966000/8064762 (49.1769%)
entry 3967000/8064762 (49.1893%)
entry 3968000/8064762 (49.2017%)
entry 3969000/8064762 (49.2141%)
entry 3972000/8064762 (49.2513%)
entry 3973000/8064762 (49.2637%)
entry 3974000/8064762 (49.2761%)
entry 3977000/8064762 (49.3133%)
entry 3978000/8064762 (49.3257%)
entry 3979000/8064762 (49.3381%)
entry 3980000/8064762 (49.3505%)
entry 3982000/8064762 (49.3753%)
entry 3984000/8064762 (49.4001%)
entry 3986000/8064762 (49.4249%)
entry 3987000/8064762 (49.4373%)
entry 3989000/8064762 (49.4621%)
entry 3990000/8064762 (49.4745%)
entry 3991000/8064762 (49.4869%)
entry 3992000/8064762 (49.4993%)
entry 3994000/8064762 (49.5241%)
entry 3995000/8064762 (49.5365%)
entry 3997000/8064762 (49.5613%)
entry 4001000/8064762 (49.6109%)
entry 4002000/8064762 (49.6233%)
entry 4003000/8064762 (49.6357%)
entry 4004000/8064762 (49.6481%)
entry 4008000/8064762 (49.6977%)
entry 4009000/8064762 (49.7101%)
entry 4010000/8064762 (49.7225%)
entry 4011000/8064762 (49.7349%)
entry 4012000/8064762 (49.7473%)
entry 4013000/8064762 (49.7597%)
entry 4019000/8064762 (49.8341%)
entry 4021000/8064762 (49.8589%)
entry 4022000/8064762 (49.8713%)
entry 4028000/8064762 (49.9457%)
entry 4029000/8064762 (49.9581%)
entry 4030000/8064762 (49.9705%)
entry 4031000/8064762 (49.9829%)
entry 4032000/8064762 (49.9953%)
entry 4034000/8064762 (50.0201%)
entry 4035000/8064762 (50.0325%)
entry 4036000/8064762 (50.0449%)
entry 4037000/8064762 (50.0573%)
entry 4038000/8064762 (50.0697%)
entry 4039000/8064762 (50.0821%)
entry 4040000/8064762 (50.0945%)
entry 4042000/8064762 (50.1193%)
entry 4043000/8064762 (50.1317%)
entry 4044000/8064762 (50.1441%)
entry 4045000/8064762 (50.1565%)
entry 4048000/8064762 (50.1937%)
entry 4049000/8064762 (50.2061%)
entry 4050000/8064762 (50.2185%)
entry 4051000/8064762 (50.2309%)
entry 4052000/8064762 (50.2433%)
entry 4053000/8064762 (50.2557%)
entry 4057000/8064762 (50.3053%)
entry 4059000/8064762 (50.3301%)
entry 4060000/8064762 (50.3425%)
entry 4062000/8064762 (50.3673%)
entry 4063000/8064762 (50.3797%)
entry 4064000/8064762 (50.3921%)
entry 4067000/8064762 (50.4293%)
entry 4068000/8064762 (50.4417%)
entry 4072000/8064762 (50.4913%)
entry 4074000/8064762 (50.5161%)
entry 4075000/8064762 (50.5285%)
entry 4079000/8064762 (50.5781%)
entry 4080000/8064762 (50.5905%)
entry 4081000/8064762 (50.6029%)
entry 4082000/8064762 (50.6153%)
entry 4083000/8064762 (50.6277%)
entry 4084000/8064762 (50.6401%)
entry 4086000/8064762 (50.6649%)
entry 4088000/8064762 (50.6897%)
entry 4090000/8064762 (50.7145%)
entry 4092000/8064762 (50.7393%)
entry 4093000/8064762 (50.7517%)
entry 4094000/8064762 (50.7641%)
entry 4096000/8064762 (50.7888%)
entry 4097000/8064762 (50.8013%)
entry 4098000/8064762 (50.8137%)
entry 4099000/8064762 (50.826%)
entry 4101000/8064762 (50.8509%)
entry 4102000/8064762 (50.8632%)
entry 4103000/8064762 (50.8757%)
entry 4107000/8064762 (50.9252%)
entry 4108000/8064762 (50.9376%)
entry 4109000/8064762 (50.95%)
entry 4111000/8064762 (50.9748%)
entry 4114000/8064762 (51.012%)
entry 4115000/8064762 (51.0244%)
entry 4116000/8064762 (51.0368%)
entry 4117000/8064762 (51.0492%)
entry 4118000/8064762 (51.0616%)
entry 4120000/8064762 (51.0864%)
entry 4121000/8064762 (51.0988%)
entry 4122000/8064762 (51.1112%)
entry 4123000/8064762 (51.1236%)
entry 4124000/8064762 (51.136%)
entry 4125000/8064762 (51.1484%)
entry 4130000/8064762 (51.2104%)
entry 4131000/8064762 (51.2228%)
entry 4132000/8064762 (51.2352%)
entry 4133000/8064762 (51.2476%)
entry 4134000/8064762 (51.26%)
entry 4135000/8064762 (51.2724%)
entry 4136000/8064762 (51.2848%)
entry 4137000/8064762 (51.2972%)
entry 4141000/8064762 (51.3468%)
entry 4142000/8064762 (51.3592%)
entry 4145000/8064762 (51.3964%)
entry 4146000/8064762 (51.4088%)
entry 4147000/8064762 (51.4212%)
entry 4148000/8064762 (51.4336%)
entry 4149000/8064762 (51.446%)
entry 4150000/8064762 (51.4584%)
entry 4151000/8064762 (51.4708%)
entry 4155000/8064762 (51.5204%)
entry 4156000/8064762 (51.5328%)
entry 4158000/8064762 (51.5576%)
entry 4160000/8064762 (51.5824%)
entry 4161000/8064762 (51.5948%)
entry 4163000/8064762 (51.6196%)
entry 4166000/8064762 (51.6568%)
entry 4167000/8064762 (51.6692%)
entry 4168000/8064762 (51.6816%)
entry 4169000/8064762 (51.694%)
entry 4170000/8064762 (51.7064%)
entry 4171000/8064762 (51.7188%)
entry 4172000/8064762 (51.7312%)
entry 4173000/8064762 (51.7436%)
entry 4174000/8064762 (51.756%)
entry 4175000/8064762 (51.7684%)
entry 4176000/8064762 (51.7808%)
entry 4177000/8064762 (51.7932%)
entry 4178000/8064762 (51.8056%)
entry 4180000/8064762 (51.8304%)
entry 4181000/8064762 (51.8428%)
entry 4182000/8064762 (51.8552%)
entry 4184000/8064762 (51.88%)
entry 4185000/8064762 (51.8924%)
entry 4186000/8064762 (51.9048%)
entry 4187000/8064762 (51.9172%)
entry 4188000/8064762 (51.9296%)
entry 4189000/8064762 (51.942%)
entry 4190000/8064762 (51.9544%)
entry 4192000/8064762 (51.9792%)
entry 4194000/8064762 (52.004%)
entry 4195000/8064762 (52.0164%)
entry 4198000/8064762 (52.0536%)
entry 4199000/8064762 (52.066%)
entry 4202000/8064762 (52.1032%)
entry 4204000/8064762 (52.128%)
entry 4205000/8064762 (52.1404%)
entry 4206000/8064762 (52.1528%)
entry 4207000/8064762 (52.1652%)
entry 4209000/8064762 (52.19%)
entry 4210000/8064762 (52.2024%)
entry 4211000/8064762 (52.2148%)
entry 4213000/8064762 (52.2396%)
entry 4214000/8064762 (52.252%)
entry 4215000/8064762 (52.2644%)
entry 4216000/8064762 (52.2768%)
entry 4217000/8064762 (52.2892%)
entry 4218000/8064762 (52.3016%)
entry 4219000/8064762 (52.314%)
entry 4220000/8064762 (52.3264%)
entry 4221000/8064762 (52.3388%)
entry 4223000/8064762 (52.3636%)
entry 4224000/8064762 (52.376%)
entry 4226000/8064762 (52.4008%)
entry 4228000/8064762 (52.4256%)
entry 4230000/8064762 (52.4504%)
entry 4231000/8064762 (52.4628%)
entry 4232000/8064762 (52.4752%)
entry 4233000/8064762 (52.4876%)
entry 4234000/8064762 (52.5%)
entry 4235000/8064762 (52.5124%)
entry 4236000/8064762 (52.5248%)
entry 4237000/8064762 (52.5372%)
entry 4238000/8064762 (52.5496%)
entry 4239000/8064762 (52.562%)
entry 4241000/8064762 (52.5868%)
entry 4242000/8064762 (52.5992%)
entry 4243000/8064762 (52.6116%)
entry 4245000/8064762 (52.6364%)
entry 4246000/8064762 (52.6488%)
entry 4247000/8064762 (52.6612%)
entry 4248000/8064762 (52.6736%)
entry 4252000/8064762 (52.7232%)
entry 4253000/8064762 (52.7356%)
entry 4254000/8064762 (52.748%)
entry 4255000/8064762 (52.7604%)
entry 4256000/8064762 (52.7728%)
entry 4260000/8064762 (52.8224%)
entry 4261000/8064762 (52.8348%)
entry 4262000/8064762 (52.8472%)
entry 4265000/8064762 (52.8844%)
entry 4268000/8064762 (52.9216%)
entry 4271000/8064762 (52.9588%)
entry 4272000/8064762 (52.9712%)
entry 4273000/8064762 (52.9836%)
entry 4274000/8064762 (52.996%)
entry 4275000/8064762 (53.0084%)
entry 4276000/8064762 (53.0208%)
entry 4278000/8064762 (53.0456%)
entry 4279000/8064762 (53.058%)
entry 4282000/8064762 (53.0952%)
entry 4283000/8064762 (53.1076%)
entry 4284000/8064762 (53.12%)
entry 4285000/8064762 (53.1324%)
entry 4286000/8064762 (53.1448%)
entry 4287000/8064762 (53.1572%)
entry 4288000/8064762 (53.1696%)
entry 4289000/8064762 (53.182%)
entry 4290000/8064762 (53.1944%)
entry 4291000/8064762 (53.2068%)
entry 4292000/8064762 (53.2192%)
entry 4293000/8064762 (53.2316%)
entry 4295000/8064762 (53.2564%)
entry 4297000/8064762 (53.2812%)
entry 4299000/8064762 (53.306%)
entry 4305000/8064762 (53.3804%)
entry 4306000/8064762 (53.3928%)
entry 4311000/8064762 (53.4548%)
entry 4312000/8064762 (53.4672%)
entry 4313000/8064762 (53.4796%)
entry 4314000/8064762 (53.492%)
entry 4316000/8064762 (53.5168%)
entry 4318000/8064762 (53.5416%)
entry 4319000/8064762 (53.554%)
entry 4320000/8064762 (53.5664%)
entry 4322000/8064762 (53.5912%)
entry 4326000/8064762 (53.6408%)
entry 4327000/8064762 (53.6532%)
entry 4328000/8064762 (53.6656%)
entry 4330000/8064762 (53.6904%)
entry 4332000/8064762 (53.7152%)
entry 4333000/8064762 (53.7276%)
entry 4334000/8064762 (53.74%)
entry 4335000/8064762 (53.7524%)
entry 4338000/8064762 (53.7896%)
entry 4341000/8064762 (53.8268%)
entry 4343000/8064762 (53.8516%)
entry 4351000/8064762 (53.9508%)
entry 4352000/8064762 (53.9632%)
entry 4353000/8064762 (53.9756%)
entry 4356000/8064762 (54.0128%)
entry 4359000/8064762 (54.05%)
entry 4361000/8064762 (54.0748%)
entry 4363000/8064762 (54.0995%)
entry 4365000/8064762 (54.1243%)
entry 4366000/8064762 (54.1367%)
entry 4368000/8064762 (54.1615%)
entry 4369000/8064762 (54.1739%)
entry 4370000/8064762 (54.1864%)
entry 4371000/8064762 (54.1987%)
entry 4372000/8064762 (54.2111%)
entry 4374000/8064762 (54.2359%)
entry 4375000/8064762 (54.2483%)
entry 4376000/8064762 (54.2607%)
entry 4377000/8064762 (54.2731%)
entry 4379000/8064762 (54.2979%)
entry 4380000/8064762 (54.3103%)
entry 4381000/8064762 (54.3227%)
entry 4382000/8064762 (54.3351%)
entry 4385000/8064762 (54.3723%)
entry 4387000/8064762 (54.3971%)
entry 4388000/8064762 (54.4095%)
entry 4390000/8064762 (54.4343%)
entry 4392000/8064762 (54.4591%)
entry 4393000/8064762 (54.4715%)
entry 4398000/8064762 (54.5335%)
entry 4399000/8064762 (54.5459%)
entry 4400000/8064762 (54.5583%)
entry 4401000/8064762 (54.5707%)
entry 4402000/8064762 (54.5831%)
entry 4403000/8064762 (54.5955%)
entry 4406000/8064762 (54.6327%)
entry 4409000/8064762 (54.6699%)
entry 4410000/8064762 (54.6823%)
entry 4411000/8064762 (54.6947%)
entry 4413000/8064762 (54.7195%)
entry 4415000/8064762 (54.7443%)
entry 4417000/8064762 (54.7691%)
entry 4419000/8064762 (54.7939%)
entry 4420000/8064762 (54.8063%)
entry 4421000/8064762 (54.8187%)
entry 4422000/8064762 (54.8311%)
entry 4423000/8064762 (54.8435%)
entry 4424000/8064762 (54.8559%)
entry 4425000/8064762 (54.8683%)
entry 4426000/8064762 (54.8807%)
entry 4427000/8064762 (54.8931%)
entry 4428000/8064762 (54.9055%)
entry 4430000/8064762 (54.9303%)
entry 4431000/8064762 (54.9427%)
entry 4432000/8064762 (54.9551%)
entry 4434000/8064762 (54.9799%)
entry 4435000/8064762 (54.9923%)
entry 4436000/8064762 (55.0047%)
entry 4437000/8064762 (55.0171%)
entry 4440000/8064762 (55.0543%)
entry 4441000/8064762 (55.0667%)
entry 4442000/8064762 (55.0791%)
entry 4443000/8064762 (55.0915%)
entry 4446000/8064762 (55.1287%)
entry 4447000/8064762 (55.1411%)
entry 4448000/8064762 (55.1535%)
entry 4452000/8064762 (55.2031%)
entry 4454000/8064762 (55.2279%)
entry 4455000/8064762 (55.2403%)
entry 4458000/8064762 (55.2775%)
entry 4459000/8064762 (55.2899%)
entry 4461000/8064762 (55.3147%)
entry 4462000/8064762 (55.3271%)
entry 4463000/8064762 (55.3395%)
entry 4464000/8064762 (55.3519%)
entry 4465000/8064762 (55.3643%)
entry 4466000/8064762 (55.3767%)
entry 4467000/8064762 (55.3891%)
entry 4468000/8064762 (55.4015%)
entry 4469000/8064762 (55.4139%)
entry 4471000/8064762 (55.4387%)
entry 4472000/8064762 (55.4511%)
entry 4473000/8064762 (55.4635%)
entry 4474000/8064762 (55.4759%)
entry 4476000/8064762 (55.5007%)
entry 4482000/8064762 (55.5751%)
entry 4483000/8064762 (55.5875%)
entry 4484000/8064762 (55.5999%)
entry 4485000/8064762 (55.6123%)
entry 4487000/8064762 (55.6371%)
entry 4488000/8064762 (55.6495%)
entry 4490000/8064762 (55.6743%)
entry 4491000/8064762 (55.6867%)
entry 4492000/8064762 (55.6991%)
entry 4493000/8064762 (55.7115%)
entry 4494000/8064762 (55.7239%)
entry 4496000/8064762 (55.7487%)
entry 4497000/8064762 (55.7611%)
entry 4498000/8064762 (55.7735%)
entry 4499000/8064762 (55.7859%)
entry 4500000/8064762 (55.7983%)
entry 4502000/8064762 (55.8231%)
entry 4504000/8064762 (55.8479%)
entry 4506000/8064762 (55.8727%)
entry 4507000/8064762 (55.8851%)
entry 4508000/8064762 (55.8975%)
entry 4512000/8064762 (55.9471%)
entry 4513000/8064762 (55.9595%)
entry 4514000/8064762 (55.9719%)
entry 4515000/8064762 (55.9843%)
entry 4516000/8064762 (55.9967%)
entry 4517000/8064762 (56.0091%)
entry 4518000/8064762 (56.0215%)
entry 4519000/8064762 (56.0339%)
entry 4520000/8064762 (56.0463%)
entry 4521000/8064762 (56.0587%)
entry 4525000/8064762 (56.1083%)
entry 4527000/8064762 (56.1331%)
entry 4528000/8064762 (56.1455%)
entry 4529000/8064762 (56.1579%)
entry 4530000/8064762 (56.1703%)
entry 4531000/8064762 (56.1827%)
entry 4532000/8064762 (56.1951%)
entry 4534000/8064762 (56.2199%)
entry 4535000/8064762 (56.2323%)
entry 4537000/8064762 (56.2571%)
entry 4538000/8064762 (56.2695%)
entry 4540000/8064762 (56.2943%)
entry 4542000/8064762 (56.3191%)
entry 4544000/8064762 (56.3439%)
entry 4545000/8064762 (56.3563%)
entry 4546000/8064762 (56.3687%)
entry 4547000/8064762 (56.3811%)
entry 4548000/8064762 (56.3935%)
entry 4549000/8064762 (56.4059%)
entry 4553000/8064762 (56.4555%)
entry 4555000/8064762 (56.4803%)
entry 4556000/8064762 (56.4927%)
entry 4558000/8064762 (56.5175%)
entry 4559000/8064762 (56.5299%)
entry 4563000/8064762 (56.5795%)
entry 4566000/8064762 (56.6167%)
entry 4567000/8064762 (56.6291%)
entry 4568000/8064762 (56.6415%)
entry 4570000/8064762 (56.6663%)
entry 4571000/8064762 (56.6787%)
entry 4575000/8064762 (56.7283%)
entry 4576000/8064762 (56.7407%)
entry 4577000/8064762 (56.7531%)
entry 4579000/8064762 (56.7779%)
entry 4582000/8064762 (56.8151%)
entry 4583000/8064762 (56.8275%)
entry 4584000/8064762 (56.8399%)
entry 4585000/8064762 (56.8523%)
entry 4586000/8064762 (56.8647%)
entry 4591000/8064762 (56.9267%)
entry 4592000/8064762 (56.9391%)
entry 4593000/8064762 (56.9515%)
entry 4594000/8064762 (56.9639%)
entry 4595000/8064762 (56.9763%)
entry 4596000/8064762 (56.9887%)
entry 4597000/8064762 (57.0011%)
entry 4598000/8064762 (57.0135%)
entry 4600000/8064762 (57.0383%)
entry 4602000/8064762 (57.0631%)
entry 4605000/8064762 (57.1003%)
entry 4608000/8064762 (57.1375%)
entry 4610000/8064762 (57.1623%)
entry 4611000/8064762 (57.1747%)
entry 4612000/8064762 (57.1871%)
entry 4614000/8064762 (57.2119%)
entry 4617000/8064762 (57.2491%)
entry 4618000/8064762 (57.2615%)
entry 4619000/8064762 (57.2739%)
entry 4620000/8064762 (57.2863%)
entry 4621000/8064762 (57.2987%)
entry 4622000/8064762 (57.3111%)
entry 4623000/8064762 (57.3234%)
entry 4624000/8064762 (57.3359%)
entry 4628000/8064762 (57.3855%)
entry 4629000/8064762 (57.3978%)
entry 4630000/8064762 (57.4103%)
entry 4632000/8064762 (57.435%)
entry 4633000/8064762 (57.4475%)
entry 4634000/8064762 (57.4598%)
entry 4635000/8064762 (57.4722%)
entry 4636000/8064762 (57.4846%)
entry 4639000/8064762 (57.5218%)
entry 4642000/8064762 (57.559%)
entry 4643000/8064762 (57.5714%)
entry 4644000/8064762 (57.5838%)
entry 4646000/8064762 (57.6086%)
entry 4647000/8064762 (57.621%)
entry 4650000/8064762 (57.6582%)
entry 4651000/8064762 (57.6706%)
entry 4652000/8064762 (57.683%)
entry 4653000/8064762 (57.6954%)
entry 4654000/8064762 (57.7078%)
entry 4655000/8064762 (57.7202%)
entry 4656000/8064762 (57.7326%)
entry 4657000/8064762 (57.745%)
entry 4659000/8064762 (57.7698%)
entry 4660000/8064762 (57.7822%)
entry 4661000/8064762 (57.7946%)
entry 4662000/8064762 (57.807%)
entry 4664000/8064762 (57.8318%)
entry 4665000/8064762 (57.8442%)
entry 4667000/8064762 (57.869%)
entry 4669000/8064762 (57.8938%)
entry 4670000/8064762 (57.9062%)
entry 4674000/8064762 (57.9558%)
entry 4675000/8064762 (57.9682%)
entry 4676000/8064762 (57.9806%)
entry 4678000/8064762 (58.0054%)
entry 4682000/8064762 (58.055%)
entry 4683000/8064762 (58.0674%)
entry 4684000/8064762 (58.0798%)
entry 4685000/8064762 (58.0922%)
entry 4686000/8064762 (58.1046%)
entry 4687000/8064762 (58.117%)
entry 4689000/8064762 (58.1418%)
entry 4690000/8064762 (58.1542%)
entry 4691000/8064762 (58.1666%)
entry 4693000/8064762 (58.1914%)
entry 4694000/8064762 (58.2038%)
entry 4695000/8064762 (58.2162%)
entry 4697000/8064762 (58.241%)
entry 4698000/8064762 (58.2534%)
entry 4699000/8064762 (58.2658%)
entry 4700000/8064762 (58.2782%)
entry 4703000/8064762 (58.3154%)
entry 4705000/8064762 (58.3402%)
entry 4711000/8064762 (58.4146%)
entry 4712000/8064762 (58.427%)
entry 4713000/8064762 (58.4394%)
entry 4714000/8064762 (58.4518%)
entry 4715000/8064762 (58.4642%)
entry 4717000/8064762 (58.489%)
entry 4719000/8064762 (58.5138%)
entry 4722000/8064762 (58.551%)
entry 4723000/8064762 (58.5634%)
entry 4724000/8064762 (58.5758%)
entry 4726000/8064762 (58.6006%)
entry 4728000/8064762 (58.6254%)
entry 4730000/8064762 (58.6502%)
entry 4733000/8064762 (58.6874%)
entry 4734000/8064762 (58.6998%)
entry 4735000/8064762 (58.7122%)
entry 4736000/8064762 (58.7246%)
entry 4738000/8064762 (58.7494%)
entry 4741000/8064762 (58.7866%)
entry 4742000/8064762 (58.799%)
entry 4743000/8064762 (58.8114%)
entry 4745000/8064762 (58.8362%)
entry 4747000/8064762 (58.861%)
entry 4748000/8064762 (58.8734%)
entry 4749000/8064762 (58.8858%)
entry 4755000/8064762 (58.9602%)
entry 4756000/8064762 (58.9726%)
entry 4757000/8064762 (58.985%)
entry 4758000/8064762 (58.9974%)
entry 4759000/8064762 (59.0098%)
entry 4761000/8064762 (59.0346%)
entry 4762000/8064762 (59.047%)
entry 4763000/8064762 (59.0594%)
entry 4764000/8064762 (59.0718%)
entry 4765000/8064762 (59.0842%)
entry 4767000/8064762 (59.109%)
entry 4768000/8064762 (59.1214%)
entry 4769000/8064762 (59.1338%)
entry 4770000/8064762 (59.1462%)
entry 4773000/8064762 (59.1834%)
entry 4774000/8064762 (59.1958%)
entry 4775000/8064762 (59.2082%)
entry 4777000/8064762 (59.233%)
entry 4778000/8064762 (59.2454%)
entry 4779000/8064762 (59.2578%)
entry 4780000/8064762 (59.2702%)
entry 4781000/8064762 (59.2826%)
entry 4782000/8064762 (59.295%)
entry 4784000/8064762 (59.3198%)
entry 4785000/8064762 (59.3322%)
entry 4786000/8064762 (59.3446%)
entry 4787000/8064762 (59.357%)
entry 4788000/8064762 (59.3694%)
entry 4789000/8064762 (59.3818%)
entry 4794000/8064762 (59.4438%)
entry 4795000/8064762 (59.4562%)
entry 4799000/8064762 (59.5058%)
entry 4800000/8064762 (59.5182%)
entry 4801000/8064762 (59.5306%)
entry 4803000/8064762 (59.5554%)
entry 4804000/8064762 (59.5678%)
entry 4805000/8064762 (59.5802%)
entry 4807000/8064762 (59.605%)
entry 4808000/8064762 (59.6174%)
entry 4809000/8064762 (59.6298%)
entry 4811000/8064762 (59.6546%)
entry 4812000/8064762 (59.667%)
entry 4815000/8064762 (59.7042%)
entry 4816000/8064762 (59.7166%)
entry 4817000/8064762 (59.729%)
entry 4818000/8064762 (59.7414%)
entry 4819000/8064762 (59.7538%)
entry 4821000/8064762 (59.7786%)
entry 4822000/8064762 (59.791%)
entry 4823000/8064762 (59.8034%)
entry 4824000/8064762 (59.8158%)
entry 4825000/8064762 (59.8282%)
entry 4827000/8064762 (59.853%)
entry 4829000/8064762 (59.8778%)
entry 4831000/8064762 (59.9026%)
entry 4832000/8064762 (59.915%)
entry 4833000/8064762 (59.9274%)
entry 4834000/8064762 (59.9398%)
entry 4836000/8064762 (59.9646%)
entry 4841000/8064762 (60.0266%)
entry 4842000/8064762 (60.039%)
entry 4843000/8064762 (60.0514%)
entry 4844000/8064762 (60.0638%)
entry 4845000/8064762 (60.0762%)
entry 4846000/8064762 (60.0886%)
entry 4847000/8064762 (60.101%)
entry 4848000/8064762 (60.1134%)
entry 4849000/8064762 (60.1258%)
entry 4850000/8064762 (60.1382%)
entry 4851000/8064762 (60.1506%)
entry 4854000/8064762 (60.1878%)
entry 4856000/8064762 (60.2126%)
entry 4858000/8064762 (60.2374%)
entry 4859000/8064762 (60.2498%)
entry 4860000/8064762 (60.2622%)
entry 4861000/8064762 (60.2746%)
entry 4862000/8064762 (60.287%)
entry 4863000/8064762 (60.2994%)
entry 4864000/8064762 (60.3118%)
entry 4866000/8064762 (60.3366%)
entry 4867000/8064762 (60.349%)
entry 4869000/8064762 (60.3738%)
entry 4872000/8064762 (60.411%)
entry 4873000/8064762 (60.4234%)
entry 4875000/8064762 (60.4482%)
entry 4877000/8064762 (60.473%)
entry 4879000/8064762 (60.4978%)
entry 4880000/8064762 (60.5102%)
entry 4881000/8064762 (60.5226%)
entry 4884000/8064762 (60.5598%)
entry 4885000/8064762 (60.5722%)
entry 4887000/8064762 (60.597%)
entry 4888000/8064762 (60.6094%)
entry 4889000/8064762 (60.6218%)
entry 4892000/8064762 (60.6589%)
entry 4893000/8064762 (60.6713%)
entry 4894000/8064762 (60.6838%)
entry 4895000/8064762 (60.6961%)
entry 4897000/8064762 (60.721%)
entry 4898000/8064762 (60.7333%)
entry 4900000/8064762 (60.7581%)
entry 4901000/8064762 (60.7705%)
entry 4904000/8064762 (60.8077%)
entry 4905000/8064762 (60.8201%)
entry 4907000/8064762 (60.8449%)
entry 4908000/8064762 (60.8573%)
entry 4910000/8064762 (60.8821%)
entry 4912000/8064762 (60.9069%)
entry 4913000/8064762 (60.9193%)
entry 4914000/8064762 (60.9317%)
entry 4916000/8064762 (60.9565%)
entry 4917000/8064762 (60.9689%)
entry 4918000/8064762 (60.9813%)
entry 4919000/8064762 (60.9937%)
entry 4921000/8064762 (61.0185%)
entry 4922000/8064762 (61.0309%)
entry 4924000/8064762 (61.0557%)
entry 4925000/8064762 (61.0681%)
entry 4926000/8064762 (61.0805%)
entry 4928000/8064762 (61.1053%)
entry 4929000/8064762 (61.1177%)
entry 4931000/8064762 (61.1425%)
entry 4933000/8064762 (61.1673%)
entry 4934000/8064762 (61.1797%)
entry 4935000/8064762 (61.1921%)
entry 4936000/8064762 (61.2045%)
entry 4937000/8064762 (61.2169%)
entry 4938000/8064762 (61.2293%)
entry 4941000/8064762 (61.2665%)
entry 4944000/8064762 (61.3037%)
entry 4945000/8064762 (61.3161%)
entry 4946000/8064762 (61.3285%)
entry 4947000/8064762 (61.3409%)
entry 4950000/8064762 (61.3781%)
entry 4952000/8064762 (61.4029%)
entry 4953000/8064762 (61.4153%)
entry 4954000/8064762 (61.4277%)
entry 4956000/8064762 (61.4525%)
entry 4957000/8064762 (61.4649%)
entry 4958000/8064762 (61.4773%)
entry 4959000/8064762 (61.4897%)
entry 4960000/8064762 (61.5021%)
entry 4961000/8064762 (61.5145%)
entry 4965000/8064762 (61.5641%)
entry 4966000/8064762 (61.5765%)
entry 4968000/8064762 (61.6013%)
entry 4969000/8064762 (61.6137%)
entry 4970000/8064762 (61.6261%)
entry 4971000/8064762 (61.6385%)
entry 4973000/8064762 (61.6633%)
entry 4975000/8064762 (61.6881%)
entry 4976000/8064762 (61.7005%)
entry 4977000/8064762 (61.7129%)
entry 4978000/8064762 (61.7253%)
entry 4980000/8064762 (61.7501%)
entry 4981000/8064762 (61.7625%)
entry 4983000/8064762 (61.7873%)
entry 4984000/8064762 (61.7997%)
entry 4986000/8064762 (61.8245%)
entry 4987000/8064762 (61.8369%)
entry 4988000/8064762 (61.8493%)
entry 4989000/8064762 (61.8617%)
entry 4991000/8064762 (61.8865%)
entry 4994000/8064762 (61.9237%)
entry 4995000/8064762 (61.9361%)
entry 4998000/8064762 (61.9733%)
entry 4999000/8064762 (61.9857%)
entry 5000000/8064762 (61.9981%)
entry 5001000/8064762 (62.0105%)
entry 5003000/8064762 (62.0353%)
entry 5004000/8064762 (62.0477%)
entry 5006000/8064762 (62.0725%)
entry 5007000/8064762 (62.0849%)
entry 5010000/8064762 (62.1221%)
entry 5015000/8064762 (62.1841%)
entry 5020000/8064762 (62.2461%)
entry 5022000/8064762 (62.2709%)
entry 5023000/8064762 (62.2833%)
entry 5024000/8064762 (62.2957%)
entry 5025000/8064762 (62.3081%)
entry 5026000/8064762 (62.3205%)
entry 5029000/8064762 (62.3577%)
entry 5031000/8064762 (62.3825%)
entry 5034000/8064762 (62.4197%)
entry 5035000/8064762 (62.4321%)
entry 5037000/8064762 (62.4569%)
entry 5039000/8064762 (62.4817%)
entry 5040000/8064762 (62.4941%)
entry 5041000/8064762 (62.5065%)
entry 5044000/8064762 (62.5437%)
entry 5046000/8064762 (62.5685%)
entry 5049000/8064762 (62.6057%)
entry 5051000/8064762 (62.6305%)
entry 5052000/8064762 (62.6429%)
entry 5054000/8064762 (62.6677%)
entry 5055000/8064762 (62.6801%)
entry 5056000/8064762 (62.6925%)
entry 5058000/8064762 (62.7173%)
entry 5060000/8064762 (62.7421%)
entry 5062000/8064762 (62.7669%)
entry 5063000/8064762 (62.7793%)
entry 5064000/8064762 (62.7917%)
entry 5067000/8064762 (62.8289%)
entry 5069000/8064762 (62.8537%)
entry 5070000/8064762 (62.8661%)
entry 5071000/8064762 (62.8785%)
entry 5073000/8064762 (62.9033%)
entry 5074000/8064762 (62.9157%)
entry 5077000/8064762 (62.9529%)
entry 5078000/8064762 (62.9653%)
entry 5079000/8064762 (62.9777%)
entry 5080000/8064762 (62.9901%)
entry 5082000/8064762 (63.0149%)
entry 5083000/8064762 (63.0273%)
entry 5084000/8064762 (63.0397%)
entry 5085000/8064762 (63.0521%)
entry 5086000/8064762 (63.0645%)
entry 5087000/8064762 (63.0769%)
entry 5088000/8064762 (63.0893%)
entry 5091000/8064762 (63.1265%)
entry 5092000/8064762 (63.1389%)
entry 5093000/8064762 (63.1513%)
entry 5094000/8064762 (63.1637%)
entry 5095000/8064762 (63.1761%)
entry 5097000/8064762 (63.2009%)
entry 5098000/8064762 (63.2133%)
entry 5099000/8064762 (63.2257%)
entry 5100000/8064762 (63.2381%)
entry 5101000/8064762 (63.2505%)
entry 5102000/8064762 (63.2629%)
entry 5103000/8064762 (63.2753%)
entry 5104000/8064762 (63.2877%)
entry 5105000/8064762 (63.3001%)
entry 5106000/8064762 (63.3125%)
entry 5107000/8064762 (63.3249%)
entry 5109000/8064762 (63.3497%)
entry 5110000/8064762 (63.3621%)
entry 5114000/8064762 (63.4117%)
entry 5115000/8064762 (63.4241%)
entry 5117000/8064762 (63.4489%)
entry 5118000/8064762 (63.4613%)
entry 5120000/8064762 (63.4861%)
entry 5121000/8064762 (63.4985%)
entry 5122000/8064762 (63.5109%)
entry 5124000/8064762 (63.5357%)
entry 5125000/8064762 (63.5481%)
entry 5126000/8064762 (63.5605%)
entry 5127000/8064762 (63.5729%)
entry 5128000/8064762 (63.5853%)
entry 5130000/8064762 (63.6101%)
entry 5131000/8064762 (63.6225%)
entry 5132000/8064762 (63.6349%)
entry 5133000/8064762 (63.6473%)
entry 5134000/8064762 (63.6597%)
entry 5136000/8064762 (63.6845%)
entry 5137000/8064762 (63.6969%)
entry 5139000/8064762 (63.7217%)
entry 5140000/8064762 (63.7341%)
entry 5141000/8064762 (63.7465%)
entry 5142000/8064762 (63.7589%)
entry 5146000/8064762 (63.8085%)
entry 5147000/8064762 (63.8209%)
entry 5148000/8064762 (63.8333%)
entry 5149000/8064762 (63.8457%)
entry 5150000/8064762 (63.8581%)
entry 5151000/8064762 (63.8705%)
entry 5152000/8064762 (63.8829%)
entry 5154000/8064762 (63.9077%)
entry 5156000/8064762 (63.9324%)
entry 5159000/8064762 (63.9696%)
entry 5160000/8064762 (63.9821%)
entry 5161000/8064762 (63.9944%)
entry 5165000/8064762 (64.044%)
entry 5166000/8064762 (64.0564%)
entry 5167000/8064762 (64.0688%)
entry 5169000/8064762 (64.0936%)
entry 5170000/8064762 (64.106%)
entry 5172000/8064762 (64.1308%)
entry 5173000/8064762 (64.1432%)
entry 5176000/8064762 (64.1804%)
entry 5177000/8064762 (64.1928%)
entry 5180000/8064762 (64.23%)
entry 5182000/8064762 (64.2548%)
entry 5185000/8064762 (64.292%)
entry 5186000/8064762 (64.3044%)
entry 5187000/8064762 (64.3168%)
entry 5188000/8064762 (64.3292%)
entry 5189000/8064762 (64.3416%)
entry 5190000/8064762 (64.354%)
entry 5191000/8064762 (64.3664%)
entry 5193000/8064762 (64.3912%)
entry 5195000/8064762 (64.416%)
entry 5198000/8064762 (64.4532%)
entry 5199000/8064762 (64.4656%)
entry 5203000/8064762 (64.5152%)
entry 5204000/8064762 (64.5276%)
entry 5205000/8064762 (64.54%)
entry 5206000/8064762 (64.5524%)
entry 5208000/8064762 (64.5772%)
entry 5209000/8064762 (64.5896%)
entry 5210000/8064762 (64.602%)
entry 5211000/8064762 (64.6144%)
entry 5214000/8064762 (64.6516%)
entry 5215000/8064762 (64.664%)
entry 5217000/8064762 (64.6888%)
entry 5218000/8064762 (64.7012%)
entry 5219000/8064762 (64.7136%)
entry 5224000/8064762 (64.7756%)
entry 5226000/8064762 (64.8004%)
entry 5228000/8064762 (64.8252%)
entry 5229000/8064762 (64.8376%)
entry 5230000/8064762 (64.85%)
entry 5231000/8064762 (64.8624%)
entry 5232000/8064762 (64.8748%)
entry 5233000/8064762 (64.8872%)
entry 5234000/8064762 (64.8996%)
entry 5239000/8064762 (64.9616%)
entry 5241000/8064762 (64.9864%)
entry 5242000/8064762 (64.9988%)
entry 5243000/8064762 (65.0112%)
entry 5244000/8064762 (65.0236%)
entry 5246000/8064762 (65.0484%)
entry 5248000/8064762 (65.0732%)
entry 5251000/8064762 (65.1104%)
entry 5253000/8064762 (65.1352%)
entry 5254000/8064762 (65.1476%)
entry 5256000/8064762 (65.1724%)
entry 5257000/8064762 (65.1848%)
entry 5260000/8064762 (65.222%)
entry 5261000/8064762 (65.2344%)
entry 5265000/8064762 (65.284%)
entry 5267000/8064762 (65.3088%)
entry 5268000/8064762 (65.3212%)
entry 5270000/8064762 (65.346%)
entry 5271000/8064762 (65.3584%)
entry 5280000/8064762 (65.47%)
entry 5282000/8064762 (65.4948%)
entry 5283000/8064762 (65.5072%)
entry 5284000/8064762 (65.5196%)
entry 5285000/8064762 (65.532%)
entry 5287000/8064762 (65.5568%)
entry 5290000/8064762 (65.594%)
entry 5292000/8064762 (65.6188%)
entry 5293000/8064762 (65.6312%)
entry 5297000/8064762 (65.6808%)
entry 5298000/8064762 (65.6932%)
entry 5299000/8064762 (65.7056%)
entry 5301000/8064762 (65.7304%)
entry 5302000/8064762 (65.7428%)
entry 5303000/8064762 (65.7552%)
entry 5304000/8064762 (65.7676%)
entry 5305000/8064762 (65.78%)
entry 5306000/8064762 (65.7924%)
entry 5307000/8064762 (65.8048%)
entry 5309000/8064762 (65.8296%)
entry 5310000/8064762 (65.842%)
entry 5311000/8064762 (65.8544%)
entry 5312000/8064762 (65.8668%)
entry 5313000/8064762 (65.8792%)
entry 5314000/8064762 (65.8916%)
entry 5316000/8064762 (65.9164%)
entry 5319000/8064762 (65.9536%)
entry 5320000/8064762 (65.966%)
entry 5321000/8064762 (65.9784%)
entry 5323000/8064762 (66.0032%)
entry 5324000/8064762 (66.0156%)
entry 5325000/8064762 (66.028%)
entry 5332000/8064762 (66.1148%)
entry 5336000/8064762 (66.1644%)
entry 5337000/8064762 (66.1768%)
entry 5338000/8064762 (66.1892%)
entry 5339000/8064762 (66.2016%)
entry 5341000/8064762 (66.2264%)
entry 5344000/8064762 (66.2636%)
entry 5347000/8064762 (66.3008%)
entry 5348000/8064762 (66.3132%)
entry 5349000/8064762 (66.3256%)
entry 5350000/8064762 (66.338%)
entry 5351000/8064762 (66.3504%)
entry 5360000/8064762 (66.462%)
entry 5362000/8064762 (66.4868%)
entry 5363000/8064762 (66.4992%)
entry 5365000/8064762 (66.524%)
entry 5366000/8064762 (66.5364%)
entry 5367000/8064762 (66.5488%)
entry 5368000/8064762 (66.5612%)
entry 5369000/8064762 (66.5736%)
entry 5370000/8064762 (66.586%)
entry 5371000/8064762 (66.5984%)
entry 5372000/8064762 (66.6108%)
entry 5373000/8064762 (66.6232%)
entry 5376000/8064762 (66.6604%)
entry 5377000/8064762 (66.6728%)
entry 5378000/8064762 (66.6852%)
entry 5382000/8064762 (66.7348%)
entry 5384000/8064762 (66.7596%)
entry 5387000/8064762 (66.7968%)
entry 5390000/8064762 (66.834%)
entry 5392000/8064762 (66.8588%)
entry 5393000/8064762 (66.8712%)
entry 5395000/8064762 (66.896%)
entry 5396000/8064762 (66.9084%)
entry 5397000/8064762 (66.9208%)
entry 5398000/8064762 (66.9332%)
entry 5399000/8064762 (66.9456%)
entry 5400000/8064762 (66.958%)
entry 5401000/8064762 (66.9704%)
entry 5406000/8064762 (67.0324%)
entry 5407000/8064762 (67.0448%)
entry 5413000/8064762 (67.1192%)
entry 5414000/8064762 (67.1316%)
entry 5415000/8064762 (67.144%)
entry 5416000/8064762 (67.1564%)
entry 5417000/8064762 (67.1688%)
entry 5418000/8064762 (67.1812%)
entry 5419000/8064762 (67.1935%)
entry 5421000/8064762 (67.2184%)
entry 5422000/8064762 (67.2307%)
entry 5423000/8064762 (67.2432%)
entry 5424000/8064762 (67.2556%)
entry 5425000/8064762 (67.2679%)
entry 5426000/8064762 (67.2803%)
entry 5427000/8064762 (67.2927%)
entry 5428000/8064762 (67.3051%)
entry 5429000/8064762 (67.3175%)
entry 5430000/8064762 (67.3299%)
entry 5432000/8064762 (67.3547%)
entry 5433000/8064762 (67.3671%)
entry 5434000/8064762 (67.3795%)
entry 5435000/8064762 (67.3919%)
entry 5436000/8064762 (67.4043%)
entry 5437000/8064762 (67.4167%)
entry 5438000/8064762 (67.4291%)
entry 5441000/8064762 (67.4663%)
entry 5442000/8064762 (67.4787%)
entry 5447000/8064762 (67.5407%)
entry 5448000/8064762 (67.5531%)
entry 5449000/8064762 (67.5655%)
entry 5450000/8064762 (67.5779%)
entry 5453000/8064762 (67.6151%)
entry 5455000/8064762 (67.6399%)
entry 5456000/8064762 (67.6523%)
entry 5458000/8064762 (67.6771%)
entry 5460000/8064762 (67.7019%)
entry 5461000/8064762 (67.7143%)
entry 5462000/8064762 (67.7267%)
entry 5464000/8064762 (67.7515%)
entry 5466000/8064762 (67.7763%)
entry 5467000/8064762 (67.7887%)
entry 5468000/8064762 (67.8011%)
entry 5469000/8064762 (67.8135%)
entry 5471000/8064762 (67.8383%)
entry 5473000/8064762 (67.8631%)
entry 5478000/8064762 (67.9251%)
entry 5480000/8064762 (67.9499%)
entry 5483000/8064762 (67.9871%)
entry 5485000/8064762 (68.0119%)
entry 5486000/8064762 (68.0243%)
entry 5487000/8064762 (68.0367%)
entry 5488000/8064762 (68.0491%)
entry 5489000/8064762 (68.0615%)
entry 5490000/8064762 (68.0739%)
entry 5491000/8064762 (68.0863%)
entry 5492000/8064762 (68.0987%)
entry 5493000/8064762 (68.1111%)
entry 5494000/8064762 (68.1235%)
entry 5495000/8064762 (68.1359%)
entry 5496000/8064762 (68.1483%)
entry 5498000/8064762 (68.1731%)
entry 5500000/8064762 (68.1979%)
entry 5503000/8064762 (68.2351%)
entry 5504000/8064762 (68.2475%)
entry 5505000/8064762 (68.2599%)
entry 5506000/8064762 (68.2723%)
entry 5507000/8064762 (68.2847%)
entry 5508000/8064762 (68.2971%)
entry 5509000/8064762 (68.3095%)
entry 5513000/8064762 (68.3591%)
entry 5514000/8064762 (68.3715%)
entry 5517000/8064762 (68.4087%)
entry 5519000/8064762 (68.4335%)
entry 5520000/8064762 (68.4459%)
entry 5521000/8064762 (68.4583%)
entry 5522000/8064762 (68.4707%)
entry 5523000/8064762 (68.4831%)
entry 5524000/8064762 (68.4955%)
entry 5527000/8064762 (68.5327%)
entry 5528000/8064762 (68.5451%)
entry 5529000/8064762 (68.5575%)
entry 5530000/8064762 (68.5699%)
entry 5531000/8064762 (68.5823%)
entry 5532000/8064762 (68.5947%)
entry 5533000/8064762 (68.6071%)
entry 5534000/8064762 (68.6195%)
entry 5535000/8064762 (68.6319%)
entry 5536000/8064762 (68.6443%)
entry 5539000/8064762 (68.6815%)
entry 5541000/8064762 (68.7063%)
entry 5543000/8064762 (68.7311%)
entry 5544000/8064762 (68.7435%)
entry 5546000/8064762 (68.7683%)
entry 5547000/8064762 (68.7807%)
entry 5548000/8064762 (68.7931%)
entry 5549000/8064762 (68.8055%)
entry 5550000/8064762 (68.8179%)
entry 5554000/8064762 (68.8675%)
entry 5557000/8064762 (68.9047%)
entry 5558000/8064762 (68.9171%)
entry 5560000/8064762 (68.9419%)
entry 5561000/8064762 (68.9543%)
entry 5564000/8064762 (68.9915%)
entry 5568000/8064762 (69.0411%)
entry 5569000/8064762 (69.0535%)
entry 5570000/8064762 (69.0659%)
entry 5571000/8064762 (69.0783%)
entry 5572000/8064762 (69.0907%)
entry 5574000/8064762 (69.1155%)
entry 5575000/8064762 (69.1279%)
entry 5576000/8064762 (69.1403%)
entry 5577000/8064762 (69.1527%)
entry 5579000/8064762 (69.1775%)
entry 5581000/8064762 (69.2023%)
entry 5583000/8064762 (69.2271%)
entry 5587000/8064762 (69.2767%)
entry 5588000/8064762 (69.2891%)
entry 5589000/8064762 (69.3015%)
entry 5591000/8064762 (69.3263%)
entry 5593000/8064762 (69.3511%)
entry 5594000/8064762 (69.3635%)
entry 5595000/8064762 (69.3759%)
entry 5596000/8064762 (69.3883%)
entry 5597000/8064762 (69.4007%)
entry 5599000/8064762 (69.4255%)
entry 5600000/8064762 (69.4379%)
entry 5601000/8064762 (69.4503%)
entry 5602000/8064762 (69.4627%)
entry 5603000/8064762 (69.4751%)
entry 5604000/8064762 (69.4875%)
entry 5610000/8064762 (69.5619%)
entry 5611000/8064762 (69.5743%)
entry 5612000/8064762 (69.5867%)
entry 5615000/8064762 (69.6239%)
entry 5616000/8064762 (69.6363%)
entry 5617000/8064762 (69.6487%)
entry 5619000/8064762 (69.6735%)
entry 5620000/8064762 (69.6859%)
entry 5622000/8064762 (69.7107%)
entry 5625000/8064762 (69.7479%)
entry 5627000/8064762 (69.7727%)
entry 5628000/8064762 (69.7851%)
entry 5629000/8064762 (69.7975%)
entry 5630000/8064762 (69.8099%)
entry 5633000/8064762 (69.8471%)
entry 5634000/8064762 (69.8595%)
entry 5635000/8064762 (69.8719%)
entry 5638000/8064762 (69.9091%)
entry 5639000/8064762 (69.9215%)
entry 5640000/8064762 (69.9339%)
entry 5642000/8064762 (69.9587%)
entry 5646000/8064762 (70.0083%)
entry 5650000/8064762 (70.0579%)
entry 5651000/8064762 (70.0703%)
entry 5654000/8064762 (70.1075%)
entry 5658000/8064762 (70.1571%)
entry 5660000/8064762 (70.1819%)
entry 5664000/8064762 (70.2315%)
entry 5665000/8064762 (70.2439%)
entry 5666000/8064762 (70.2563%)
entry 5668000/8064762 (70.2811%)
entry 5669000/8064762 (70.2935%)
entry 5671000/8064762 (70.3183%)
entry 5672000/8064762 (70.3307%)
entry 5675000/8064762 (70.3679%)
entry 5678000/8064762 (70.4051%)
entry 5679000/8064762 (70.4175%)
entry 5680000/8064762 (70.4299%)
entry 5682000/8064762 (70.4547%)
entry 5683000/8064762 (70.467%)
entry 5685000/8064762 (70.4919%)
entry 5686000/8064762 (70.5042%)
entry 5688000/8064762 (70.529%)
entry 5690000/8064762 (70.5539%)
entry 5691000/8064762 (70.5662%)
entry 5692000/8064762 (70.5786%)
entry 5693000/8064762 (70.5911%)
entry 5694000/8064762 (70.6034%)
entry 5695000/8064762 (70.6158%)
entry 5697000/8064762 (70.6406%)
entry 5698000/8064762 (70.653%)
entry 5701000/8064762 (70.6902%)
entry 5702000/8064762 (70.7026%)
entry 5704000/8064762 (70.7274%)
entry 5705000/8064762 (70.7398%)
entry 5709000/8064762 (70.7894%)
entry 5710000/8064762 (70.8018%)
entry 5711000/8064762 (70.8142%)
entry 5712000/8064762 (70.8266%)
entry 5713000/8064762 (70.839%)
entry 5715000/8064762 (70.8638%)
entry 5716000/8064762 (70.8762%)
entry 5717000/8064762 (70.8886%)
entry 5718000/8064762 (70.901%)
entry 5720000/8064762 (70.9258%)
entry 5722000/8064762 (70.9506%)
entry 5723000/8064762 (70.963%)
entry 5725000/8064762 (70.9878%)
entry 5726000/8064762 (71.0002%)
entry 5727000/8064762 (71.0126%)
entry 5729000/8064762 (71.0374%)
entry 5731000/8064762 (71.0622%)
entry 5733000/8064762 (71.087%)
entry 5735000/8064762 (71.1118%)
entry 5736000/8064762 (71.1242%)
entry 5737000/8064762 (71.1366%)
entry 5738000/8064762 (71.149%)
entry 5739000/8064762 (71.1614%)
entry 5740000/8064762 (71.1738%)
entry 5741000/8064762 (71.1862%)
entry 5742000/8064762 (71.1986%)
entry 5743000/8064762 (71.211%)
entry 5745000/8064762 (71.2358%)
entry 5746000/8064762 (71.2482%)
entry 5747000/8064762 (71.2606%)
entry 5749000/8064762 (71.2854%)
entry 5750000/8064762 (71.2978%)
entry 5751000/8064762 (71.3102%)
entry 5752000/8064762 (71.3226%)
entry 5754000/8064762 (71.3474%)
entry 5756000/8064762 (71.3722%)
entry 5757000/8064762 (71.3846%)
entry 5758000/8064762 (71.397%)
entry 5759000/8064762 (71.4094%)
entry 5761000/8064762 (71.4342%)
entry 5762000/8064762 (71.4466%)
entry 5764000/8064762 (71.4714%)
entry 5766000/8064762 (71.4962%)
entry 5767000/8064762 (71.5086%)
entry 5768000/8064762 (71.521%)
entry 5769000/8064762 (71.5334%)
entry 5770000/8064762 (71.5458%)
entry 5771000/8064762 (71.5582%)
entry 5772000/8064762 (71.5706%)
entry 5773000/8064762 (71.583%)
entry 5774000/8064762 (71.5954%)
entry 5775000/8064762 (71.6078%)
entry 5777000/8064762 (71.6326%)
entry 5778000/8064762 (71.645%)
entry 5779000/8064762 (71.6574%)
entry 5782000/8064762 (71.6946%)
entry 5783000/8064762 (71.707%)
entry 5784000/8064762 (71.7194%)
entry 5786000/8064762 (71.7442%)
entry 5788000/8064762 (71.769%)
entry 5789000/8064762 (71.7814%)
entry 5790000/8064762 (71.7938%)
entry 5791000/8064762 (71.8062%)
entry 5792000/8064762 (71.8186%)
entry 5795000/8064762 (71.8558%)
entry 5796000/8064762 (71.8682%)
entry 5797000/8064762 (71.8806%)
entry 5798000/8064762 (71.893%)
entry 5799000/8064762 (71.9054%)
entry 5800000/8064762 (71.9178%)
entry 5801000/8064762 (71.9302%)
entry 5805000/8064762 (71.9798%)
entry 5806000/8064762 (71.9922%)
entry 5808000/8064762 (72.017%)
entry 5810000/8064762 (72.0418%)
entry 5814000/8064762 (72.0914%)
entry 5815000/8064762 (72.1038%)
entry 5823000/8064762 (72.203%)
entry 5824000/8064762 (72.2154%)
entry 5826000/8064762 (72.2402%)
entry 5828000/8064762 (72.265%)
entry 5829000/8064762 (72.2774%)
entry 5832000/8064762 (72.3146%)
entry 5834000/8064762 (72.3394%)
entry 5835000/8064762 (72.3518%)
entry 5837000/8064762 (72.3766%)
entry 5838000/8064762 (72.389%)
entry 5839000/8064762 (72.4014%)
entry 5840000/8064762 (72.4138%)
entry 5841000/8064762 (72.4262%)
entry 5842000/8064762 (72.4386%)
entry 5843000/8064762 (72.451%)
entry 5844000/8064762 (72.4634%)
entry 5846000/8064762 (72.4882%)
entry 5847000/8064762 (72.5006%)
entry 5851000/8064762 (72.5502%)
entry 5852000/8064762 (72.5626%)
entry 5853000/8064762 (72.575%)
entry 5854000/8064762 (72.5874%)
entry 5856000/8064762 (72.6122%)
entry 5857000/8064762 (72.6246%)
entry 5860000/8064762 (72.6618%)
entry 5861000/8064762 (72.6742%)
entry 5862000/8064762 (72.6866%)
entry 5863000/8064762 (72.699%)
entry 5865000/8064762 (72.7238%)
entry 5866000/8064762 (72.7362%)
entry 5867000/8064762 (72.7486%)
entry 5869000/8064762 (72.7734%)
entry 5870000/8064762 (72.7858%)
entry 5871000/8064762 (72.7982%)
entry 5874000/8064762 (72.8354%)
entry 5877000/8064762 (72.8726%)
entry 5879000/8064762 (72.8974%)
entry 5880000/8064762 (72.9098%)
entry 5881000/8064762 (72.9222%)
entry 5882000/8064762 (72.9346%)
entry 5885000/8064762 (72.9718%)
entry 5886000/8064762 (72.9842%)
entry 5888000/8064762 (73.009%)
entry 5889000/8064762 (73.0214%)
entry 5890000/8064762 (73.0338%)
entry 5892000/8064762 (73.0586%)
entry 5893000/8064762 (73.071%)
entry 5894000/8064762 (73.0834%)
entry 5896000/8064762 (73.1082%)
entry 5897000/8064762 (73.1206%)
entry 5898000/8064762 (73.133%)
entry 5901000/8064762 (73.1702%)
entry 5902000/8064762 (73.1826%)
entry 5903000/8064762 (73.195%)
entry 5905000/8064762 (73.2198%)
entry 5907000/8064762 (73.2446%)
entry 5908000/8064762 (73.257%)
entry 5912000/8064762 (73.3066%)
entry 5915000/8064762 (73.3438%)
entry 5916000/8064762 (73.3562%)
entry 5919000/8064762 (73.3934%)
entry 5921000/8064762 (73.4182%)
entry 5922000/8064762 (73.4306%)
entry 5925000/8064762 (73.4678%)
entry 5926000/8064762 (73.4802%)
entry 5927000/8064762 (73.4926%)
entry 5928000/8064762 (73.505%)
entry 5929000/8064762 (73.5174%)
entry 5930000/8064762 (73.5298%)
entry 5931000/8064762 (73.5422%)
entry 5932000/8064762 (73.5546%)
entry 5934000/8064762 (73.5794%)
entry 5936000/8064762 (73.6042%)
entry 5937000/8064762 (73.6166%)
entry 5940000/8064762 (73.6538%)
entry 5941000/8064762 (73.6662%)
entry 5942000/8064762 (73.6786%)
entry 5943000/8064762 (73.691%)
entry 5944000/8064762 (73.7034%)
entry 5945000/8064762 (73.7158%)
entry 5948000/8064762 (73.753%)
entry 5949000/8064762 (73.7653%)
entry 5950000/8064762 (73.7778%)
entry 5954000/8064762 (73.8274%)
entry 5961000/8064762 (73.9141%)
entry 5962000/8064762 (73.9265%)
entry 5963000/8064762 (73.9389%)
entry 5964000/8064762 (73.9513%)
entry 5966000/8064762 (73.9761%)
entry 5969000/8064762 (74.0133%)
entry 5970000/8064762 (74.0257%)
entry 5973000/8064762 (74.0629%)
entry 5974000/8064762 (74.0753%)
entry 5975000/8064762 (74.0877%)
entry 5977000/8064762 (74.1125%)
entry 5979000/8064762 (74.1373%)
entry 5980000/8064762 (74.1497%)
entry 5981000/8064762 (74.1621%)
entry 5984000/8064762 (74.1993%)
entry 5985000/8064762 (74.2117%)
entry 5986000/8064762 (74.2241%)
entry 5987000/8064762 (74.2365%)
entry 5988000/8064762 (74.2489%)
entry 5990000/8064762 (74.2737%)
entry 5992000/8064762 (74.2985%)
entry 5993000/8064762 (74.3109%)
entry 5994000/8064762 (74.3233%)
entry 5995000/8064762 (74.3357%)
entry 5997000/8064762 (74.3605%)
entry 5998000/8064762 (74.3729%)
entry 5999000/8064762 (74.3853%)
entry 6000000/8064762 (74.3977%)
entry 6001000/8064762 (74.4101%)
entry 6002000/8064762 (74.4225%)
entry 6005000/8064762 (74.4597%)
entry 6006000/8064762 (74.4721%)
entry 6007000/8064762 (74.4845%)
entry 6009000/8064762 (74.5093%)
entry 6010000/8064762 (74.5217%)
entry 6011000/8064762 (74.5341%)
entry 6012000/8064762 (74.5465%)
entry 6015000/8064762 (74.5837%)
entry 6016000/8064762 (74.5961%)
entry 6018000/8064762 (74.6209%)
entry 6019000/8064762 (74.6333%)
entry 6021000/8064762 (74.6581%)
entry 6022000/8064762 (74.6705%)
entry 6023000/8064762 (74.6829%)
entry 6025000/8064762 (74.7077%)
entry 6027000/8064762 (74.7325%)
entry 6028000/8064762 (74.7449%)
entry 6029000/8064762 (74.7573%)
entry 6031000/8064762 (74.7821%)
entry 6033000/8064762 (74.8069%)
entry 6035000/8064762 (74.8317%)
entry 6036000/8064762 (74.8441%)
entry 6038000/8064762 (74.8689%)
entry 6039000/8064762 (74.8813%)
entry 6040000/8064762 (74.8937%)
entry 6041000/8064762 (74.9061%)
entry 6042000/8064762 (74.9185%)
entry 6043000/8064762 (74.9309%)
entry 6044000/8064762 (74.9433%)
entry 6045000/8064762 (74.9557%)
entry 6046000/8064762 (74.9681%)
entry 6047000/8064762 (74.9805%)
entry 6048000/8064762 (74.9929%)
entry 6049000/8064762 (75.0053%)
entry 6051000/8064762 (75.0301%)
entry 6054000/8064762 (75.0673%)
entry 6055000/8064762 (75.0797%)
entry 6056000/8064762 (75.0921%)
entry 6057000/8064762 (75.1045%)
entry 6058000/8064762 (75.1169%)
entry 6059000/8064762 (75.1293%)
entry 6061000/8064762 (75.1541%)
entry 6062000/8064762 (75.1665%)
entry 6063000/8064762 (75.1789%)
entry 6065000/8064762 (75.2037%)
entry 6066000/8064762 (75.2161%)
entry 6067000/8064762 (75.2285%)
entry 6069000/8064762 (75.2533%)
entry 6073000/8064762 (75.3029%)
entry 6074000/8064762 (75.3153%)
entry 6077000/8064762 (75.3525%)
entry 6078000/8064762 (75.3649%)
entry 6079000/8064762 (75.3773%)
entry 6082000/8064762 (75.4145%)
entry 6083000/8064762 (75.4269%)
entry 6084000/8064762 (75.4393%)
entry 6085000/8064762 (75.4517%)
entry 6086000/8064762 (75.4641%)
entry 6087000/8064762 (75.4765%)
entry 6089000/8064762 (75.5013%)
entry 6090000/8064762 (75.5137%)
entry 6091000/8064762 (75.5261%)
entry 6092000/8064762 (75.5385%)
entry 6093000/8064762 (75.5509%)
entry 6095000/8064762 (75.5757%)
entry 6097000/8064762 (75.6005%)
entry 6100000/8064762 (75.6377%)
entry 6102000/8064762 (75.6625%)
entry 6104000/8064762 (75.6873%)
entry 6105000/8064762 (75.6997%)
entry 6107000/8064762 (75.7245%)
entry 6108000/8064762 (75.7369%)
entry 6109000/8064762 (75.7493%)
entry 6110000/8064762 (75.7617%)
entry 6111000/8064762 (75.7741%)
entry 6112000/8064762 (75.7865%)
entry 6113000/8064762 (75.7989%)
entry 6114000/8064762 (75.8113%)
entry 6116000/8064762 (75.8361%)
entry 6117000/8064762 (75.8485%)
entry 6118000/8064762 (75.8609%)
entry 6119000/8064762 (75.8733%)
entry 6120000/8064762 (75.8857%)
entry 6123000/8064762 (75.9229%)
entry 6124000/8064762 (75.9353%)
entry 6129000/8064762 (75.9973%)
entry 6130000/8064762 (76.0097%)
entry 6131000/8064762 (76.0221%)
entry 6132000/8064762 (76.0345%)
entry 6133000/8064762 (76.0469%)
entry 6134000/8064762 (76.0593%)
entry 6135000/8064762 (76.0717%)
entry 6136000/8064762 (76.0841%)
entry 6138000/8064762 (76.1089%)
entry 6139000/8064762 (76.1213%)
entry 6140000/8064762 (76.1337%)
entry 6141000/8064762 (76.1461%)
entry 6142000/8064762 (76.1585%)
entry 6143000/8064762 (76.1709%)
entry 6144000/8064762 (76.1833%)
entry 6151000/8064762 (76.2701%)
entry 6152000/8064762 (76.2825%)
entry 6155000/8064762 (76.3197%)
entry 6157000/8064762 (76.3445%)
entry 6158000/8064762 (76.3569%)
entry 6159000/8064762 (76.3693%)
entry 6160000/8064762 (76.3817%)
entry 6161000/8064762 (76.3941%)
entry 6163000/8064762 (76.4189%)
entry 6166000/8064762 (76.4561%)
entry 6167000/8064762 (76.4685%)
entry 6168000/8064762 (76.4809%)
entry 6170000/8064762 (76.5057%)
entry 6172000/8064762 (76.5305%)
entry 6175000/8064762 (76.5677%)
entry 6176000/8064762 (76.5801%)
entry 6177000/8064762 (76.5925%)
entry 6178000/8064762 (76.6049%)
entry 6180000/8064762 (76.6297%)
entry 6181000/8064762 (76.6421%)
entry 6182000/8064762 (76.6545%)
entry 6183000/8064762 (76.6669%)
entry 6184000/8064762 (76.6793%)
entry 6185000/8064762 (76.6917%)
entry 6186000/8064762 (76.7041%)
entry 6189000/8064762 (76.7413%)
entry 6190000/8064762 (76.7537%)
entry 6191000/8064762 (76.7661%)
entry 6192000/8064762 (76.7785%)
entry 6198000/8064762 (76.8529%)
entry 6202000/8064762 (76.9025%)
entry 6204000/8064762 (76.9273%)
entry 6206000/8064762 (76.9521%)
entry 6209000/8064762 (76.9893%)
entry 6210000/8064762 (77.0017%)
entry 6212000/8064762 (77.0265%)
entry 6213000/8064762 (77.0388%)
entry 6215000/8064762 (77.0636%)
entry 6217000/8064762 (77.0885%)
entry 6219000/8064762 (77.1132%)
entry 6220000/8064762 (77.1257%)
entry 6221000/8064762 (77.138%)
entry 6223000/8064762 (77.1628%)
entry 6224000/8064762 (77.1752%)
entry 6225000/8064762 (77.1876%)
entry 6227000/8064762 (77.2124%)
entry 6228000/8064762 (77.2248%)
entry 6230000/8064762 (77.2496%)
entry 6231000/8064762 (77.262%)
entry 6233000/8064762 (77.2868%)
entry 6234000/8064762 (77.2992%)
entry 6236000/8064762 (77.324%)
entry 6237000/8064762 (77.3364%)
entry 6239000/8064762 (77.3612%)
entry 6240000/8064762 (77.3736%)
entry 6242000/8064762 (77.3984%)
entry 6243000/8064762 (77.4108%)
entry 6244000/8064762 (77.4232%)
entry 6245000/8064762 (77.4356%)
entry 6247000/8064762 (77.4604%)
entry 6248000/8064762 (77.4728%)
entry 6249000/8064762 (77.4852%)
entry 6250000/8064762 (77.4976%)
entry 6251000/8064762 (77.51%)
entry 6253000/8064762 (77.5348%)
entry 6255000/8064762 (77.5596%)
entry 6256000/8064762 (77.572%)
entry 6257000/8064762 (77.5844%)
entry 6258000/8064762 (77.5968%)
entry 6259000/8064762 (77.6092%)
entry 6261000/8064762 (77.634%)
entry 6262000/8064762 (77.6464%)
entry 6263000/8064762 (77.6588%)
entry 6264000/8064762 (77.6712%)
entry 6266000/8064762 (77.696%)
entry 6267000/8064762 (77.7084%)
entry 6268000/8064762 (77.7208%)
entry 6269000/8064762 (77.7332%)
entry 6271000/8064762 (77.758%)
entry 6272000/8064762 (77.7704%)
entry 6273000/8064762 (77.7828%)
entry 6274000/8064762 (77.7952%)
entry 6275000/8064762 (77.8076%)
entry 6276000/8064762 (77.82%)
entry 6277000/8064762 (77.8324%)
entry 6279000/8064762 (77.8572%)
entry 6280000/8064762 (77.8696%)
entry 6281000/8064762 (77.882%)
entry 6286000/8064762 (77.944%)
entry 6287000/8064762 (77.9564%)
entry 6288000/8064762 (77.9688%)
entry 6289000/8064762 (77.9812%)
entry 6292000/8064762 (78.0184%)
entry 6296000/8064762 (78.068%)
entry 6298000/8064762 (78.0928%)
entry 6299000/8064762 (78.1052%)
entry 6300000/8064762 (78.1176%)
entry 6301000/8064762 (78.13%)
entry 6302000/8064762 (78.1424%)
entry 6303000/8064762 (78.1548%)
entry 6306000/8064762 (78.192%)
entry 6307000/8064762 (78.2044%)
entry 6308000/8064762 (78.2168%)
entry 6310000/8064762 (78.2416%)
entry 6311000/8064762 (78.254%)
entry 6312000/8064762 (78.2664%)
entry 6313000/8064762 (78.2788%)
entry 6314000/8064762 (78.2912%)
entry 6316000/8064762 (78.316%)
entry 6317000/8064762 (78.3284%)
entry 6321000/8064762 (78.378%)
entry 6324000/8064762 (78.4152%)
entry 6325000/8064762 (78.4276%)
entry 6326000/8064762 (78.44%)
entry 6327000/8064762 (78.4524%)
entry 6329000/8064762 (78.4772%)
entry 6330000/8064762 (78.4896%)
entry 6331000/8064762 (78.502%)
entry 6333000/8064762 (78.5268%)
entry 6334000/8064762 (78.5392%)
entry 6337000/8064762 (78.5764%)
entry 6338000/8064762 (78.5888%)
entry 6339000/8064762 (78.6012%)
entry 6340000/8064762 (78.6136%)
entry 6341000/8064762 (78.626%)
entry 6342000/8064762 (78.6384%)
entry 6344000/8064762 (78.6632%)
entry 6348000/8064762 (78.7128%)
entry 6349000/8064762 (78.7252%)
entry 6350000/8064762 (78.7376%)
entry 6351000/8064762 (78.75%)
entry 6353000/8064762 (78.7748%)
entry 6354000/8064762 (78.7872%)
entry 6355000/8064762 (78.7996%)
entry 6356000/8064762 (78.812%)
entry 6358000/8064762 (78.8368%)
entry 6364000/8064762 (78.9112%)
entry 6365000/8064762 (78.9236%)
entry 6366000/8064762 (78.936%)
entry 6368000/8064762 (78.9608%)
entry 6369000/8064762 (78.9732%)
entry 6373000/8064762 (79.0228%)
entry 6375000/8064762 (79.0476%)
entry 6376000/8064762 (79.06%)
entry 6379000/8064762 (79.0972%)
entry 6381000/8064762 (79.122%)
entry 6383000/8064762 (79.1468%)
entry 6384000/8064762 (79.1592%)
entry 6385000/8064762 (79.1716%)
entry 6387000/8064762 (79.1964%)
entry 6388000/8064762 (79.2088%)
entry 6389000/8064762 (79.2212%)
entry 6391000/8064762 (79.246%)
entry 6392000/8064762 (79.2584%)
entry 6396000/8064762 (79.308%)
entry 6400000/8064762 (79.3576%)
entry 6401000/8064762 (79.37%)
entry 6404000/8064762 (79.4072%)
entry 6405000/8064762 (79.4196%)
entry 6406000/8064762 (79.432%)
entry 6407000/8064762 (79.4444%)
entry 6408000/8064762 (79.4568%)
entry 6410000/8064762 (79.4816%)
entry 6411000/8064762 (79.494%)
entry 6413000/8064762 (79.5188%)
entry 6414000/8064762 (79.5312%)
entry 6416000/8064762 (79.556%)
entry 6417000/8064762 (79.5684%)
entry 6419000/8064762 (79.5932%)
entry 6420000/8064762 (79.6056%)
entry 6421000/8064762 (79.618%)
entry 6423000/8064762 (79.6428%)
entry 6424000/8064762 (79.6552%)
entry 6425000/8064762 (79.6676%)
entry 6426000/8064762 (79.68%)
entry 6427000/8064762 (79.6924%)
entry 6428000/8064762 (79.7048%)
entry 6430000/8064762 (79.7296%)
entry 6431000/8064762 (79.742%)
entry 6435000/8064762 (79.7916%)
entry 6438000/8064762 (79.8288%)
entry 6441000/8064762 (79.866%)
entry 6442000/8064762 (79.8784%)
entry 6444000/8064762 (79.9032%)
entry 6445000/8064762 (79.9156%)
entry 6447000/8064762 (79.9404%)
entry 6448000/8064762 (79.9528%)
entry 6449000/8064762 (79.9652%)
entry 6450000/8064762 (79.9776%)
entry 6451000/8064762 (79.99%)
entry 6452000/8064762 (80.0024%)
entry 6454000/8064762 (80.0272%)
entry 6455000/8064762 (80.0396%)
entry 6458000/8064762 (80.0768%)
entry 6460000/8064762 (80.1016%)
entry 6461000/8064762 (80.114%)
entry 6462000/8064762 (80.1264%)
entry 6465000/8064762 (80.1636%)
entry 6468000/8064762 (80.2008%)
entry 6469000/8064762 (80.2132%)
entry 6471000/8064762 (80.238%)
entry 6472000/8064762 (80.2504%)
entry 6473000/8064762 (80.2628%)
entry 6475000/8064762 (80.2876%)
entry 6481000/8064762 (80.362%)
entry 6482000/8064762 (80.3743%)
entry 6483000/8064762 (80.3868%)
entry 6485000/8064762 (80.4115%)
entry 6486000/8064762 (80.4239%)
entry 6487000/8064762 (80.4363%)
entry 6489000/8064762 (80.4611%)
entry 6491000/8064762 (80.4859%)
entry 6492000/8064762 (80.4983%)
entry 6493000/8064762 (80.5107%)
entry 6496000/8064762 (80.5479%)
entry 6497000/8064762 (80.5603%)
entry 6498000/8064762 (80.5727%)
entry 6500000/8064762 (80.5975%)
entry 6502000/8064762 (80.6223%)
entry 6503000/8064762 (80.6347%)
entry 6504000/8064762 (80.6471%)
entry 6506000/8064762 (80.6719%)
entry 6508000/8064762 (80.6967%)
entry 6509000/8064762 (80.7091%)
entry 6510000/8064762 (80.7215%)
entry 6512000/8064762 (80.7463%)
entry 6515000/8064762 (80.7835%)
entry 6516000/8064762 (80.7959%)
entry 6517000/8064762 (80.8083%)
entry 6518000/8064762 (80.8207%)
entry 6519000/8064762 (80.8331%)
entry 6520000/8064762 (80.8455%)
entry 6521000/8064762 (80.8579%)
entry 6522000/8064762 (80.8703%)
entry 6523000/8064762 (80.8827%)
entry 6525000/8064762 (80.9075%)
entry 6526000/8064762 (80.9199%)
entry 6527000/8064762 (80.9323%)
entry 6528000/8064762 (80.9447%)
entry 6534000/8064762 (81.0191%)
entry 6535000/8064762 (81.0315%)
entry 6536000/8064762 (81.0439%)
entry 6538000/8064762 (81.0687%)
entry 6539000/8064762 (81.0811%)
entry 6541000/8064762 (81.1059%)
entry 6545000/8064762 (81.1555%)
entry 6547000/8064762 (81.1803%)
entry 6548000/8064762 (81.1927%)
entry 6552000/8064762 (81.2423%)
entry 6553000/8064762 (81.2547%)
entry 6554000/8064762 (81.2671%)
entry 6555000/8064762 (81.2795%)
entry 6557000/8064762 (81.3043%)
entry 6560000/8064762 (81.3415%)
entry 6561000/8064762 (81.3539%)
entry 6563000/8064762 (81.3787%)
entry 6564000/8064762 (81.3911%)
entry 6565000/8064762 (81.4035%)
entry 6566000/8064762 (81.4159%)
entry 6567000/8064762 (81.4283%)
entry 6568000/8064762 (81.4407%)
entry 6569000/8064762 (81.4531%)
entry 6570000/8064762 (81.4655%)
entry 6571000/8064762 (81.4779%)
entry 6573000/8064762 (81.5027%)
entry 6574000/8064762 (81.5151%)
entry 6575000/8064762 (81.5275%)
entry 6576000/8064762 (81.5399%)
entry 6578000/8064762 (81.5647%)
entry 6582000/8064762 (81.6143%)
entry 6583000/8064762 (81.6267%)
entry 6585000/8064762 (81.6515%)
entry 6586000/8064762 (81.6639%)
entry 6587000/8064762 (81.6763%)
entry 6589000/8064762 (81.7011%)
entry 6590000/8064762 (81.7135%)
entry 6591000/8064762 (81.7259%)
entry 6592000/8064762 (81.7383%)
entry 6594000/8064762 (81.7631%)
entry 6595000/8064762 (81.7755%)
entry 6597000/8064762 (81.8003%)
entry 6598000/8064762 (81.8127%)
entry 6599000/8064762 (81.8251%)
entry 6600000/8064762 (81.8375%)
entry 6602000/8064762 (81.8623%)
entry 6604000/8064762 (81.8871%)
entry 6605000/8064762 (81.8995%)
entry 6606000/8064762 (81.9119%)
entry 6607000/8064762 (81.9243%)
entry 6608000/8064762 (81.9367%)
entry 6611000/8064762 (81.9739%)
entry 6612000/8064762 (81.9863%)
entry 6615000/8064762 (82.0235%)
entry 6617000/8064762 (82.0483%)
entry 6618000/8064762 (82.0607%)
entry 6620000/8064762 (82.0855%)
entry 6622000/8064762 (82.1103%)
entry 6625000/8064762 (82.1475%)
entry 6627000/8064762 (82.1723%)
entry 6630000/8064762 (82.2095%)
entry 6633000/8064762 (82.2467%)
entry 6636000/8064762 (82.2839%)
entry 6637000/8064762 (82.2963%)
entry 6639000/8064762 (82.3211%)
entry 6640000/8064762 (82.3335%)
entry 6641000/8064762 (82.3459%)
entry 6642000/8064762 (82.3583%)
entry 6643000/8064762 (82.3707%)
entry 6645000/8064762 (82.3955%)
entry 6646000/8064762 (82.4079%)
entry 6647000/8064762 (82.4203%)
entry 6650000/8064762 (82.4575%)
entry 6651000/8064762 (82.4699%)
entry 6652000/8064762 (82.4823%)
entry 6653000/8064762 (82.4947%)
entry 6655000/8064762 (82.5195%)
entry 6657000/8064762 (82.5443%)
entry 6658000/8064762 (82.5567%)
entry 6659000/8064762 (82.5691%)
entry 6660000/8064762 (82.5815%)
entry 6661000/8064762 (82.5939%)
entry 6663000/8064762 (82.6187%)
entry 6664000/8064762 (82.6311%)
entry 6665000/8064762 (82.6435%)
entry 6666000/8064762 (82.6559%)
entry 6668000/8064762 (82.6807%)
entry 6670000/8064762 (82.7055%)
entry 6671000/8064762 (82.7179%)
entry 6673000/8064762 (82.7427%)
entry 6674000/8064762 (82.7551%)
entry 6675000/8064762 (82.7675%)
entry 6676000/8064762 (82.7799%)
entry 6678000/8064762 (82.8047%)
entry 6679000/8064762 (82.8171%)
entry 6680000/8064762 (82.8295%)
entry 6683000/8064762 (82.8667%)
entry 6684000/8064762 (82.8791%)
entry 6685000/8064762 (82.8915%)
entry 6686000/8064762 (82.9039%)
entry 6688000/8064762 (82.9287%)
entry 6692000/8064762 (82.9783%)
entry 6693000/8064762 (82.9907%)
entry 6695000/8064762 (83.0155%)
entry 6696000/8064762 (83.0279%)
entry 6697000/8064762 (83.0403%)
entry 6698000/8064762 (83.0527%)
entry 6699000/8064762 (83.0651%)
entry 6700000/8064762 (83.0775%)
entry 6701000/8064762 (83.0899%)
entry 6702000/8064762 (83.1023%)
entry 6703000/8064762 (83.1147%)
entry 6704000/8064762 (83.1271%)
entry 6706000/8064762 (83.1519%)
entry 6707000/8064762 (83.1643%)
entry 6709000/8064762 (83.1891%)
entry 6712000/8064762 (83.2263%)
entry 6713000/8064762 (83.2387%)
entry 6714000/8064762 (83.2511%)
entry 6716000/8064762 (83.2759%)
entry 6717000/8064762 (83.2883%)
entry 6718000/8064762 (83.3007%)
entry 6719000/8064762 (83.3131%)
entry 6721000/8064762 (83.3379%)
entry 6722000/8064762 (83.3503%)
entry 6723000/8064762 (83.3627%)
entry 6724000/8064762 (83.3751%)
entry 6727000/8064762 (83.4123%)
entry 6729000/8064762 (83.4371%)
entry 6730000/8064762 (83.4495%)
entry 6731000/8064762 (83.4619%)
entry 6734000/8064762 (83.4991%)
entry 6736000/8064762 (83.5239%)
entry 6737000/8064762 (83.5363%)
entry 6739000/8064762 (83.5611%)
entry 6740000/8064762 (83.5735%)
entry 6741000/8064762 (83.5859%)
entry 6742000/8064762 (83.5983%)
entry 6744000/8064762 (83.6231%)
entry 6745000/8064762 (83.6354%)
entry 6746000/8064762 (83.6478%)
entry 6747000/8064762 (83.6603%)
entry 6748000/8064762 (83.6726%)
entry 6749000/8064762 (83.685%)
entry 6750000/8064762 (83.6975%)
entry 6751000/8064762 (83.7098%)
entry 6752000/8064762 (83.7222%)
entry 6753000/8064762 (83.7346%)
entry 6755000/8064762 (83.7594%)
entry 6756000/8064762 (83.7718%)
entry 6758000/8064762 (83.7966%)
entry 6759000/8064762 (83.809%)
entry 6760000/8064762 (83.8214%)
entry 6761000/8064762 (83.8338%)
entry 6762000/8064762 (83.8462%)
entry 6764000/8064762 (83.871%)
entry 6767000/8064762 (83.9082%)
entry 6768000/8064762 (83.9206%)
entry 6769000/8064762 (83.933%)
entry 6770000/8064762 (83.9454%)
entry 6771000/8064762 (83.9578%)
entry 6772000/8064762 (83.9702%)
entry 6773000/8064762 (83.9826%)
entry 6776000/8064762 (84.0198%)
entry 6778000/8064762 (84.0446%)
entry 6781000/8064762 (84.0818%)
entry 6782000/8064762 (84.0942%)
entry 6784000/8064762 (84.119%)
entry 6786000/8064762 (84.1438%)
entry 6787000/8064762 (84.1562%)
entry 6788000/8064762 (84.1686%)
entry 6789000/8064762 (84.181%)
entry 6791000/8064762 (84.2058%)
entry 6792000/8064762 (84.2182%)
entry 6793000/8064762 (84.2306%)
entry 6794000/8064762 (84.243%)
entry 6795000/8064762 (84.2554%)
entry 6796000/8064762 (84.2678%)
entry 6797000/8064762 (84.2802%)
entry 6799000/8064762 (84.305%)
entry 6800000/8064762 (84.3174%)
entry 6801000/8064762 (84.3298%)
entry 6802000/8064762 (84.3422%)
entry 6803000/8064762 (84.3546%)
entry 6804000/8064762 (84.367%)
entry 6807000/8064762 (84.4042%)
entry 6808000/8064762 (84.4166%)
entry 6809000/8064762 (84.429%)
entry 6810000/8064762 (84.4414%)
entry 6811000/8064762 (84.4538%)
entry 6812000/8064762 (84.4662%)
entry 6813000/8064762 (84.4786%)
entry 6815000/8064762 (84.5034%)
entry 6818000/8064762 (84.5406%)
entry 6823000/8064762 (84.6026%)
entry 6825000/8064762 (84.6274%)
entry 6826000/8064762 (84.6398%)
entry 6827000/8064762 (84.6522%)
entry 6828000/8064762 (84.6646%)
entry 6830000/8064762 (84.6894%)
entry 6831000/8064762 (84.7018%)
entry 6833000/8064762 (84.7266%)
entry 6834000/8064762 (84.739%)
entry 6835000/8064762 (84.7514%)
entry 6837000/8064762 (84.7762%)
entry 6839000/8064762 (84.801%)
entry 6840000/8064762 (84.8134%)
entry 6842000/8064762 (84.8382%)
entry 6844000/8064762 (84.863%)
entry 6845000/8064762 (84.8754%)
entry 6846000/8064762 (84.8878%)
entry 6847000/8064762 (84.9002%)
entry 6849000/8064762 (84.925%)
entry 6850000/8064762 (84.9374%)
entry 6852000/8064762 (84.9622%)
entry 6853000/8064762 (84.9746%)
entry 6854000/8064762 (84.987%)
entry 6855000/8064762 (84.9994%)
entry 6856000/8064762 (85.0118%)
entry 6857000/8064762 (85.0242%)
entry 6859000/8064762 (85.049%)
entry 6861000/8064762 (85.0738%)
entry 6863000/8064762 (85.0986%)
entry 6864000/8064762 (85.111%)
entry 6865000/8064762 (85.1234%)
entry 6866000/8064762 (85.1358%)
entry 6868000/8064762 (85.1606%)
entry 6869000/8064762 (85.173%)
entry 6870000/8064762 (85.1854%)
entry 6872000/8064762 (85.2102%)
entry 6873000/8064762 (85.2226%)
entry 6874000/8064762 (85.235%)
entry 6875000/8064762 (85.2474%)
entry 6876000/8064762 (85.2598%)
entry 6877000/8064762 (85.2722%)
entry 6878000/8064762 (85.2846%)
entry 6879000/8064762 (85.297%)
entry 6880000/8064762 (85.3094%)
entry 6881000/8064762 (85.3218%)
entry 6885000/8064762 (85.3714%)
entry 6886000/8064762 (85.3838%)
entry 6887000/8064762 (85.3962%)
entry 6888000/8064762 (85.4086%)
entry 6890000/8064762 (85.4334%)
entry 6891000/8064762 (85.4458%)
entry 6892000/8064762 (85.4582%)
entry 6893000/8064762 (85.4706%)
entry 6894000/8064762 (85.483%)
entry 6896000/8064762 (85.5078%)
entry 6898000/8064762 (85.5326%)
entry 6900000/8064762 (85.5574%)
entry 6901000/8064762 (85.5698%)
entry 6902000/8064762 (85.5822%)
entry 6904000/8064762 (85.607%)
entry 6905000/8064762 (85.6194%)
entry 6908000/8064762 (85.6566%)
entry 6910000/8064762 (85.6814%)
entry 6911000/8064762 (85.6938%)
entry 6912000/8064762 (85.7062%)
entry 6913000/8064762 (85.7186%)
entry 6914000/8064762 (85.731%)
entry 6915000/8064762 (85.7434%)
entry 6917000/8064762 (85.7682%)
entry 6918000/8064762 (85.7806%)
entry 6919000/8064762 (85.793%)
entry 6920000/8064762 (85.8054%)
entry 6921000/8064762 (85.8178%)
entry 6922000/8064762 (85.8302%)
entry 6923000/8064762 (85.8426%)
entry 6925000/8064762 (85.8674%)
entry 6926000/8064762 (85.8798%)
entry 6927000/8064762 (85.8922%)
entry 6933000/8064762 (85.9666%)
entry 6934000/8064762 (85.979%)
entry 6935000/8064762 (85.9914%)
entry 6936000/8064762 (86.0038%)
entry 6939000/8064762 (86.041%)
entry 6940000/8064762 (86.0534%)
entry 6941000/8064762 (86.0658%)
entry 6944000/8064762 (86.103%)
entry 6946000/8064762 (86.1278%)
entry 6947000/8064762 (86.1402%)
entry 6948000/8064762 (86.1526%)
entry 6949000/8064762 (86.165%)
entry 6950000/8064762 (86.1774%)
entry 6952000/8064762 (86.2022%)
entry 6953000/8064762 (86.2146%)
entry 6954000/8064762 (86.227%)
entry 6955000/8064762 (86.2394%)
entry 6956000/8064762 (86.2518%)
entry 6959000/8064762 (86.289%)
entry 6960000/8064762 (86.3014%)
entry 6962000/8064762 (86.3262%)
entry 6963000/8064762 (86.3386%)
entry 6964000/8064762 (86.351%)
entry 6966000/8064762 (86.3758%)
entry 6967000/8064762 (86.3882%)
entry 6968000/8064762 (86.4006%)
entry 6969000/8064762 (86.413%)
entry 6970000/8064762 (86.4254%)
entry 6973000/8064762 (86.4626%)
entry 6975000/8064762 (86.4874%)
entry 6976000/8064762 (86.4998%)
entry 6978000/8064762 (86.5246%)
entry 6979000/8064762 (86.537%)
entry 6980000/8064762 (86.5494%)
entry 6983000/8064762 (86.5866%)
entry 6985000/8064762 (86.6114%)
entry 6987000/8064762 (86.6362%)
entry 6988000/8064762 (86.6486%)
entry 6989000/8064762 (86.661%)
entry 6991000/8064762 (86.6858%)
entry 6992000/8064762 (86.6982%)
entry 6994000/8064762 (86.723%)
entry 6996000/8064762 (86.7478%)
entry 6998000/8064762 (86.7726%)
entry 7000000/8064762 (86.7974%)
entry 7001000/8064762 (86.8098%)
entry 7002000/8064762 (86.8222%)
entry 7004000/8064762 (86.847%)
entry 7005000/8064762 (86.8594%)
entry 7007000/8064762 (86.8842%)
entry 7009000/8064762 (86.9089%)
entry 7016000/8064762 (86.9957%)
entry 7017000/8064762 (87.0081%)
entry 7018000/8064762 (87.0205%)
entry 7020000/8064762 (87.0453%)
entry 7021000/8064762 (87.0577%)
entry 7022000/8064762 (87.0701%)
entry 7024000/8064762 (87.0949%)
entry 7026000/8064762 (87.1197%)
entry 7027000/8064762 (87.1321%)
entry 7028000/8064762 (87.1445%)
entry 7032000/8064762 (87.1941%)
entry 7033000/8064762 (87.2065%)
entry 7034000/8064762 (87.2189%)
entry 7036000/8064762 (87.2437%)
entry 7037000/8064762 (87.2561%)
entry 7038000/8064762 (87.2685%)
entry 7039000/8064762 (87.2809%)
entry 7040000/8064762 (87.2933%)
entry 7042000/8064762 (87.3181%)
entry 7044000/8064762 (87.3429%)
entry 7047000/8064762 (87.3801%)
entry 7049000/8064762 (87.4049%)
entry 7050000/8064762 (87.4173%)
entry 7051000/8064762 (87.4297%)
entry 7053000/8064762 (87.4545%)
entry 7054000/8064762 (87.4669%)
entry 7055000/8064762 (87.4793%)
entry 7056000/8064762 (87.4917%)
entry 7057000/8064762 (87.5041%)
entry 7058000/8064762 (87.5165%)
entry 7059000/8064762 (87.5289%)
entry 7061000/8064762 (87.5537%)
entry 7062000/8064762 (87.5661%)
entry 7063000/8064762 (87.5785%)
entry 7064000/8064762 (87.5909%)
entry 7065000/8064762 (87.6033%)
entry 7067000/8064762 (87.6281%)
entry 7068000/8064762 (87.6405%)
entry 7071000/8064762 (87.6777%)
entry 7072000/8064762 (87.6901%)
entry 7073000/8064762 (87.7025%)
entry 7074000/8064762 (87.7149%)
entry 7075000/8064762 (87.7273%)
entry 7077000/8064762 (87.7521%)
entry 7078000/8064762 (87.7645%)
entry 7079000/8064762 (87.7769%)
entry 7080000/8064762 (87.7893%)
entry 7081000/8064762 (87.8017%)
entry 7083000/8064762 (87.8265%)
entry 7084000/8064762 (87.8389%)
entry 7086000/8064762 (87.8637%)
entry 7087000/8064762 (87.8761%)
entry 7088000/8064762 (87.8885%)
entry 7090000/8064762 (87.9133%)
entry 7092000/8064762 (87.9381%)
entry 7094000/8064762 (87.9629%)
entry 7095000/8064762 (87.9753%)
entry 7096000/8064762 (87.9877%)
entry 7097000/8064762 (88.0001%)
entry 7098000/8064762 (88.0125%)
entry 7099000/8064762 (88.0249%)
entry 7100000/8064762 (88.0373%)
entry 7101000/8064762 (88.0497%)
entry 7102000/8064762 (88.0621%)
entry 7104000/8064762 (88.0869%)
entry 7105000/8064762 (88.0993%)
entry 7106000/8064762 (88.1117%)
entry 7107000/8064762 (88.1241%)
entry 7111000/8064762 (88.1737%)
entry 7112000/8064762 (88.1861%)
entry 7114000/8064762 (88.2109%)
entry 7115000/8064762 (88.2233%)
entry 7116000/8064762 (88.2357%)
entry 7117000/8064762 (88.2481%)
entry 7119000/8064762 (88.2729%)
entry 7120000/8064762 (88.2853%)
entry 7121000/8064762 (88.2977%)
entry 7122000/8064762 (88.3101%)
entry 7124000/8064762 (88.3349%)
entry 7128000/8064762 (88.3845%)
entry 7129000/8064762 (88.3969%)
entry 7130000/8064762 (88.4093%)
entry 7131000/8064762 (88.4217%)
entry 7133000/8064762 (88.4465%)
entry 7135000/8064762 (88.4713%)
entry 7137000/8064762 (88.4961%)
entry 7138000/8064762 (88.5085%)
entry 7140000/8064762 (88.5333%)
entry 7141000/8064762 (88.5457%)
entry 7143000/8064762 (88.5705%)
entry 7145000/8064762 (88.5953%)
entry 7146000/8064762 (88.6077%)
entry 7147000/8064762 (88.6201%)
entry 7148000/8064762 (88.6325%)
entry 7149000/8064762 (88.6449%)
entry 7150000/8064762 (88.6573%)
entry 7151000/8064762 (88.6697%)
entry 7153000/8064762 (88.6945%)
entry 7154000/8064762 (88.7069%)
entry 7155000/8064762 (88.7193%)
entry 7156000/8064762 (88.7317%)
entry 7157000/8064762 (88.7441%)
entry 7159000/8064762 (88.7689%)
entry 7160000/8064762 (88.7813%)
entry 7161000/8064762 (88.7937%)
entry 7162000/8064762 (88.8061%)
entry 7167000/8064762 (88.8681%)
entry 7169000/8064762 (88.8929%)
entry 7171000/8064762 (88.9177%)
entry 7173000/8064762 (88.9425%)
entry 7174000/8064762 (88.9549%)
entry 7175000/8064762 (88.9673%)
entry 7177000/8064762 (88.9921%)
entry 7178000/8064762 (89.0045%)
entry 7181000/8064762 (89.0417%)
entry 7183000/8064762 (89.0665%)
entry 7185000/8064762 (89.0913%)
entry 7186000/8064762 (89.1037%)
entry 7187000/8064762 (89.1161%)
entry 7188000/8064762 (89.1285%)
entry 7192000/8064762 (89.1781%)
entry 7193000/8064762 (89.1905%)
entry 7194000/8064762 (89.2029%)
entry 7195000/8064762 (89.2153%)
entry 7197000/8064762 (89.2401%)
entry 7199000/8064762 (89.2649%)
entry 7202000/8064762 (89.3021%)
entry 7203000/8064762 (89.3145%)
entry 7204000/8064762 (89.3269%)
entry 7206000/8064762 (89.3517%)
entry 7210000/8064762 (89.4013%)
entry 7211000/8064762 (89.4137%)
entry 7214000/8064762 (89.4509%)
entry 7215000/8064762 (89.4633%)
entry 7217000/8064762 (89.4881%)
entry 7218000/8064762 (89.5005%)
entry 7220000/8064762 (89.5253%)
entry 7223000/8064762 (89.5625%)
entry 7225000/8064762 (89.5873%)
entry 7226000/8064762 (89.5997%)
entry 7227000/8064762 (89.6121%)
entry 7228000/8064762 (89.6245%)
entry 7229000/8064762 (89.6369%)
entry 7230000/8064762 (89.6493%)
entry 7232000/8064762 (89.6741%)
entry 7234000/8064762 (89.6989%)
entry 7235000/8064762 (89.7113%)
entry 7236000/8064762 (89.7237%)
entry 7237000/8064762 (89.7361%)
entry 7238000/8064762 (89.7485%)
entry 7239000/8064762 (89.7609%)
entry 7240000/8064762 (89.7733%)
entry 7242000/8064762 (89.7981%)
entry 7243000/8064762 (89.8105%)
entry 7245000/8064762 (89.8353%)
entry 7246000/8064762 (89.8477%)
entry 7252000/8064762 (89.9221%)
entry 7253000/8064762 (89.9345%)
entry 7255000/8064762 (89.9593%)
entry 7256000/8064762 (89.9717%)
entry 7258000/8064762 (89.9965%)
entry 7261000/8064762 (90.0337%)
entry 7262000/8064762 (90.0461%)
entry 7264000/8064762 (90.0709%)
entry 7266000/8064762 (90.0957%)
entry 7267000/8064762 (90.1081%)
entry 7268000/8064762 (90.1205%)
entry 7271000/8064762 (90.1577%)
entry 7272000/8064762 (90.17%)
entry 7273000/8064762 (90.1825%)
entry 7276000/8064762 (90.2196%)
entry 7277000/8064762 (90.2321%)
entry 7280000/8064762 (90.2692%)
entry 7283000/8064762 (90.3064%)
entry 7284000/8064762 (90.3188%)
entry 7288000/8064762 (90.3684%)
entry 7289000/8064762 (90.3808%)
entry 7291000/8064762 (90.4056%)
entry 7292000/8064762 (90.418%)
entry 7293000/8064762 (90.4304%)
entry 7296000/8064762 (90.4676%)
entry 7297000/8064762 (90.48%)
entry 7298000/8064762 (90.4924%)
entry 7301000/8064762 (90.5296%)
entry 7302000/8064762 (90.542%)
entry 7304000/8064762 (90.5668%)
entry 7308000/8064762 (90.6164%)
entry 7309000/8064762 (90.6288%)
entry 7311000/8064762 (90.6536%)
entry 7313000/8064762 (90.6784%)
entry 7314000/8064762 (90.6908%)
entry 7321000/8064762 (90.7776%)
entry 7322000/8064762 (90.79%)
entry 7323000/8064762 (90.8024%)
entry 7325000/8064762 (90.8272%)
entry 7328000/8064762 (90.8644%)
entry 7329000/8064762 (90.8768%)
entry 7332000/8064762 (90.914%)
entry 7333000/8064762 (90.9264%)
entry 7334000/8064762 (90.9388%)
entry 7337000/8064762 (90.976%)
entry 7338000/8064762 (90.9884%)
entry 7340000/8064762 (91.0132%)
entry 7341000/8064762 (91.0256%)
entry 7342000/8064762 (91.038%)
entry 7346000/8064762 (91.0876%)
entry 7347000/8064762 (91.1%)
entry 7349000/8064762 (91.1248%)
entry 7350000/8064762 (91.1372%)
entry 7352000/8064762 (91.162%)
entry 7353000/8064762 (91.1744%)
entry 7355000/8064762 (91.1992%)
entry 7357000/8064762 (91.224%)
entry 7358000/8064762 (91.2364%)
entry 7359000/8064762 (91.2488%)
entry 7361000/8064762 (91.2736%)
entry 7362000/8064762 (91.286%)
entry 7364000/8064762 (91.3108%)
entry 7366000/8064762 (91.3356%)
entry 7369000/8064762 (91.3728%)
entry 7373000/8064762 (91.4224%)
entry 7376000/8064762 (91.4596%)
entry 7377000/8064762 (91.472%)
entry 7378000/8064762 (91.4844%)
entry 7381000/8064762 (91.5216%)
entry 7382000/8064762 (91.534%)
entry 7387000/8064762 (91.596%)
entry 7390000/8064762 (91.6332%)
entry 7392000/8064762 (91.658%)
entry 7393000/8064762 (91.6704%)
entry 7394000/8064762 (91.6828%)
entry 7395000/8064762 (91.6952%)
entry 7396000/8064762 (91.7076%)
entry 7398000/8064762 (91.7324%)
entry 7399000/8064762 (91.7448%)
entry 7402000/8064762 (91.782%)
entry 7403000/8064762 (91.7944%)
entry 7405000/8064762 (91.8192%)
entry 7406000/8064762 (91.8316%)
entry 7410000/8064762 (91.8812%)
entry 7412000/8064762 (91.906%)
entry 7413000/8064762 (91.9184%)
entry 7414000/8064762 (91.9308%)
entry 7417000/8064762 (91.968%)
entry 7418000/8064762 (91.9804%)
entry 7419000/8064762 (91.9928%)
entry 7420000/8064762 (92.0052%)
entry 7421000/8064762 (92.0176%)
entry 7422000/8064762 (92.03%)
entry 7423000/8064762 (92.0424%)
entry 7424000/8064762 (92.0548%)
entry 7427000/8064762 (92.092%)
entry 7430000/8064762 (92.1292%)
entry 7431000/8064762 (92.1416%)
entry 7433000/8064762 (92.1664%)
entry 7435000/8064762 (92.1912%)
entry 7436000/8064762 (92.2036%)
entry 7437000/8064762 (92.216%)
entry 7439000/8064762 (92.2408%)
entry 7443000/8064762 (92.2904%)
entry 7444000/8064762 (92.3028%)
entry 7445000/8064762 (92.3152%)
entry 7446000/8064762 (92.3276%)
entry 7448000/8064762 (92.3524%)
entry 7450000/8064762 (92.3772%)
entry 7451000/8064762 (92.3896%)
entry 7452000/8064762 (92.402%)
entry 7453000/8064762 (92.4144%)
entry 7454000/8064762 (92.4268%)
entry 7457000/8064762 (92.464%)
entry 7458000/8064762 (92.4764%)
entry 7459000/8064762 (92.4888%)
entry 7460000/8064762 (92.5012%)
entry 7462000/8064762 (92.526%)
entry 7463000/8064762 (92.5384%)
entry 7464000/8064762 (92.5508%)
entry 7465000/8064762 (92.5632%)
entry 7467000/8064762 (92.588%)
entry 7468000/8064762 (92.6004%)
entry 7469000/8064762 (92.6128%)
entry 7470000/8064762 (92.6252%)
entry 7471000/8064762 (92.6376%)
entry 7472000/8064762 (92.65%)
entry 7474000/8064762 (92.6748%)
entry 7475000/8064762 (92.6872%)
entry 7479000/8064762 (92.7368%)
entry 7480000/8064762 (92.7492%)
entry 7481000/8064762 (92.7616%)
entry 7483000/8064762 (92.7864%)
entry 7485000/8064762 (92.8112%)
entry 7486000/8064762 (92.8236%)
entry 7488000/8064762 (92.8484%)
entry 7489000/8064762 (92.8608%)
entry 7491000/8064762 (92.8856%)
entry 7492000/8064762 (92.898%)
entry 7494000/8064762 (92.9228%)
entry 7495000/8064762 (92.9352%)
entry 7496000/8064762 (92.9476%)
entry 7497000/8064762 (92.96%)
entry 7499000/8064762 (92.9848%)
entry 7501000/8064762 (93.0096%)
entry 7503000/8064762 (93.0344%)
entry 7505000/8064762 (93.0592%)
entry 7507000/8064762 (93.084%)
entry 7508000/8064762 (93.0964%)
entry 7509000/8064762 (93.1088%)
entry 7512000/8064762 (93.146%)
entry 7513000/8064762 (93.1584%)
entry 7514000/8064762 (93.1708%)
entry 7516000/8064762 (93.1956%)
entry 7517000/8064762 (93.208%)
entry 7520000/8064762 (93.2452%)
entry 7521000/8064762 (93.2576%)
entry 7523000/8064762 (93.2824%)
entry 7528000/8064762 (93.3444%)
entry 7529000/8064762 (93.3568%)
entry 7531000/8064762 (93.3816%)
entry 7532000/8064762 (93.394%)
entry 7533000/8064762 (93.4063%)
entry 7535000/8064762 (93.4312%)
entry 7536000/8064762 (93.4435%)
entry 7538000/8064762 (93.4684%)
entry 7539000/8064762 (93.4807%)
entry 7540000/8064762 (93.4932%)
entry 7541000/8064762 (93.5055%)
entry 7542000/8064762 (93.5179%)
entry 7543000/8064762 (93.5304%)
entry 7544000/8064762 (93.5427%)
entry 7545000/8064762 (93.5551%)
entry 7546000/8064762 (93.5676%)
entry 7547000/8064762 (93.5799%)
entry 7548000/8064762 (93.5923%)
entry 7550000/8064762 (93.6171%)
entry 7551000/8064762 (93.6295%)
entry 7554000/8064762 (93.6667%)
entry 7555000/8064762 (93.6791%)
entry 7559000/8064762 (93.7287%)
entry 7560000/8064762 (93.7411%)
entry 7562000/8064762 (93.7659%)
entry 7563000/8064762 (93.7783%)
entry 7564000/8064762 (93.7907%)
entry 7565000/8064762 (93.8031%)
entry 7567000/8064762 (93.8279%)
entry 7568000/8064762 (93.8403%)
entry 7569000/8064762 (93.8527%)
entry 7570000/8064762 (93.8651%)
entry 7571000/8064762 (93.8775%)
entry 7572000/8064762 (93.8899%)
entry 7574000/8064762 (93.9147%)
entry 7575000/8064762 (93.9271%)
entry 7577000/8064762 (93.9519%)
entry 7578000/8064762 (93.9643%)
entry 7579000/8064762 (93.9767%)
entry 7580000/8064762 (93.9891%)
entry 7581000/8064762 (94.0015%)
entry 7582000/8064762 (94.0139%)
entry 7583000/8064762 (94.0263%)
entry 7584000/8064762 (94.0387%)
entry 7585000/8064762 (94.0511%)
entry 7587000/8064762 (94.0759%)
entry 7588000/8064762 (94.0883%)
entry 7589000/8064762 (94.1007%)
entry 7590000/8064762 (94.1131%)
entry 7591000/8064762 (94.1255%)
entry 7592000/8064762 (94.1379%)
entry 7593000/8064762 (94.1503%)
entry 7595000/8064762 (94.1751%)
entry 7597000/8064762 (94.1999%)
entry 7599000/8064762 (94.2247%)
entry 7600000/8064762 (94.2371%)
entry 7603000/8064762 (94.2743%)
entry 7604000/8064762 (94.2867%)
entry 7606000/8064762 (94.3115%)
entry 7608000/8064762 (94.3363%)
entry 7609000/8064762 (94.3487%)
entry 7611000/8064762 (94.3735%)
entry 7612000/8064762 (94.3859%)
entry 7613000/8064762 (94.3983%)
entry 7615000/8064762 (94.4231%)
entry 7616000/8064762 (94.4355%)
entry 7617000/8064762 (94.4479%)
entry 7618000/8064762 (94.4603%)
entry 7619000/8064762 (94.4727%)
entry 7620000/8064762 (94.4851%)
entry 7622000/8064762 (94.5099%)
entry 7624000/8064762 (94.5347%)
entry 7625000/8064762 (94.5471%)
entry 7626000/8064762 (94.5595%)
entry 7628000/8064762 (94.5843%)
entry 7629000/8064762 (94.5967%)
entry 7630000/8064762 (94.6091%)
entry 7631000/8064762 (94.6215%)
entry 7632000/8064762 (94.6339%)
entry 7633000/8064762 (94.6463%)
entry 7634000/8064762 (94.6587%)
entry 7635000/8064762 (94.6711%)
entry 7636000/8064762 (94.6835%)
entry 7637000/8064762 (94.6959%)
entry 7638000/8064762 (94.7083%)
entry 7639000/8064762 (94.7207%)
entry 7640000/8064762 (94.7331%)
entry 7641000/8064762 (94.7455%)
entry 7643000/8064762 (94.7703%)
entry 7644000/8064762 (94.7827%)
entry 7645000/8064762 (94.7951%)
entry 7646000/8064762 (94.8075%)
entry 7647000/8064762 (94.8199%)
entry 7648000/8064762 (94.8323%)
entry 7649000/8064762 (94.8447%)
entry 7650000/8064762 (94.8571%)
entry 7651000/8064762 (94.8695%)
entry 7652000/8064762 (94.8819%)
entry 7653000/8064762 (94.8943%)
entry 7654000/8064762 (94.9067%)
entry 7657000/8064762 (94.9439%)
entry 7659000/8064762 (94.9687%)
entry 7660000/8064762 (94.9811%)
entry 7661000/8064762 (94.9935%)
entry 7662000/8064762 (95.0059%)
entry 7664000/8064762 (95.0307%)
entry 7665000/8064762 (95.0431%)
entry 7667000/8064762 (95.0679%)
entry 7670000/8064762 (95.1051%)
entry 7673000/8064762 (95.1423%)
entry 7674000/8064762 (95.1547%)
entry 7675000/8064762 (95.1671%)
entry 7676000/8064762 (95.1795%)
entry 7680000/8064762 (95.2291%)
entry 7681000/8064762 (95.2415%)
entry 7683000/8064762 (95.2663%)
entry 7684000/8064762 (95.2787%)
entry 7687000/8064762 (95.3159%)
entry 7688000/8064762 (95.3283%)
entry 7689000/8064762 (95.3407%)
entry 7690000/8064762 (95.3531%)
entry 7691000/8064762 (95.3655%)
entry 7692000/8064762 (95.3779%)
entry 7693000/8064762 (95.3903%)
entry 7694000/8064762 (95.4027%)
entry 7700000/8064762 (95.4771%)
entry 7701000/8064762 (95.4895%)
entry 7703000/8064762 (95.5143%)
entry 7704000/8064762 (95.5267%)
entry 7706000/8064762 (95.5515%)
entry 7708000/8064762 (95.5763%)
entry 7709000/8064762 (95.5887%)
entry 7711000/8064762 (95.6135%)
entry 7714000/8064762 (95.6507%)
entry 7716000/8064762 (95.6755%)
entry 7717000/8064762 (95.6879%)
entry 7718000/8064762 (95.7003%)
entry 7720000/8064762 (95.7251%)
entry 7721000/8064762 (95.7375%)
entry 7722000/8064762 (95.7499%)
entry 7724000/8064762 (95.7747%)
entry 7725000/8064762 (95.7871%)
entry 7726000/8064762 (95.7995%)
entry 7727000/8064762 (95.8119%)
entry 7728000/8064762 (95.8243%)
entry 7729000/8064762 (95.8367%)
entry 7731000/8064762 (95.8615%)
entry 7735000/8064762 (95.9111%)
entry 7737000/8064762 (95.9359%)
entry 7739000/8064762 (95.9607%)
entry 7740000/8064762 (95.9731%)
entry 7742000/8064762 (95.9979%)
entry 7743000/8064762 (96.0103%)
entry 7744000/8064762 (96.0227%)
entry 7745000/8064762 (96.0351%)
entry 7747000/8064762 (96.0599%)
entry 7748000/8064762 (96.0723%)
entry 7750000/8064762 (96.0971%)
entry 7751000/8064762 (96.1095%)
entry 7753000/8064762 (96.1343%)
entry 7754000/8064762 (96.1467%)
entry 7755000/8064762 (96.1591%)
entry 7756000/8064762 (96.1715%)
entry 7757000/8064762 (96.1839%)
entry 7759000/8064762 (96.2087%)
entry 7761000/8064762 (96.2335%)
entry 7764000/8064762 (96.2707%)
entry 7765000/8064762 (96.2831%)
entry 7766000/8064762 (96.2955%)
entry 7770000/8064762 (96.3451%)
entry 7771000/8064762 (96.3575%)
entry 7772000/8064762 (96.3699%)
entry 7774000/8064762 (96.3947%)
entry 7775000/8064762 (96.4071%)
entry 7776000/8064762 (96.4195%)
entry 7778000/8064762 (96.4443%)
entry 7779000/8064762 (96.4567%)
entry 7780000/8064762 (96.4691%)
entry 7781000/8064762 (96.4815%)
entry 7782000/8064762 (96.4939%)
entry 7783000/8064762 (96.5063%)
entry 7784000/8064762 (96.5187%)
entry 7785000/8064762 (96.5311%)
entry 7786000/8064762 (96.5435%)
entry 7787000/8064762 (96.5559%)
entry 7788000/8064762 (96.5683%)
entry 7790000/8064762 (96.5931%)
entry 7792000/8064762 (96.6179%)
entry 7793000/8064762 (96.6303%)
entry 7794000/8064762 (96.6427%)
entry 7795000/8064762 (96.6551%)
entry 7797000/8064762 (96.6799%)
entry 7798000/8064762 (96.6923%)
entry 7800000/8064762 (96.7171%)
entry 7801000/8064762 (96.7295%)
entry 7802000/8064762 (96.7418%)
entry 7809000/8064762 (96.8286%)
entry 7810000/8064762 (96.841%)
entry 7813000/8064762 (96.8782%)
entry 7814000/8064762 (96.8906%)
entry 7815000/8064762 (96.903%)
entry 7816000/8064762 (96.9154%)
entry 7817000/8064762 (96.9278%)
entry 7818000/8064762 (96.9402%)
entry 7820000/8064762 (96.965%)
entry 7821000/8064762 (96.9774%)
entry 7822000/8064762 (96.9898%)
entry 7825000/8064762 (97.027%)
entry 7826000/8064762 (97.0394%)
entry 7828000/8064762 (97.0642%)
entry 7829000/8064762 (97.0766%)
entry 7830000/8064762 (97.089%)
entry 7832000/8064762 (97.1138%)
entry 7833000/8064762 (97.1262%)
entry 7834000/8064762 (97.1386%)
entry 7835000/8064762 (97.151%)
entry 7837000/8064762 (97.1758%)
entry 7838000/8064762 (97.1882%)
entry 7841000/8064762 (97.2254%)
entry 7845000/8064762 (97.275%)
entry 7847000/8064762 (97.2998%)
entry 7848000/8064762 (97.3122%)
entry 7849000/8064762 (97.3246%)
entry 7851000/8064762 (97.3494%)
entry 7852000/8064762 (97.3618%)
entry 7855000/8064762 (97.399%)
entry 7856000/8064762 (97.4114%)
entry 7858000/8064762 (97.4362%)
entry 7859000/8064762 (97.4486%)
entry 7861000/8064762 (97.4734%)
entry 7862000/8064762 (97.4858%)
entry 7863000/8064762 (97.4982%)
entry 7864000/8064762 (97.5106%)
entry 7865000/8064762 (97.523%)
entry 7866000/8064762 (97.5354%)
entry 7868000/8064762 (97.5602%)
entry 7871000/8064762 (97.5974%)
entry 7872000/8064762 (97.6098%)
entry 7874000/8064762 (97.6346%)
entry 7876000/8064762 (97.6594%)
entry 7878000/8064762 (97.6842%)
entry 7879000/8064762 (97.6966%)
entry 7880000/8064762 (97.709%)
entry 7881000/8064762 (97.7214%)
entry 7882000/8064762 (97.7338%)
entry 7884000/8064762 (97.7586%)
entry 7885000/8064762 (97.771%)
entry 7886000/8064762 (97.7834%)
entry 7888000/8064762 (97.8082%)
entry 7889000/8064762 (97.8206%)
entry 7891000/8064762 (97.8454%)
entry 7892000/8064762 (97.8578%)
entry 7893000/8064762 (97.8702%)
entry 7895000/8064762 (97.895%)
entry 7897000/8064762 (97.9198%)
entry 7901000/8064762 (97.9694%)
entry 7902000/8064762 (97.9818%)
entry 7903000/8064762 (97.9942%)
entry 7904000/8064762 (98.0066%)
entry 7905000/8064762 (98.019%)
entry 7907000/8064762 (98.0438%)
entry 7909000/8064762 (98.0686%)
entry 7911000/8064762 (98.0934%)
entry 7915000/8064762 (98.143%)
entry 7916000/8064762 (98.1554%)
entry 7917000/8064762 (98.1678%)
entry 7918000/8064762 (98.1802%)
entry 7920000/8064762 (98.205%)
entry 7921000/8064762 (98.2174%)
entry 7922000/8064762 (98.2298%)
entry 7923000/8064762 (98.2422%)
entry 7925000/8064762 (98.267%)
entry 7926000/8064762 (98.2794%)
entry 7928000/8064762 (98.3042%)
entry 7929000/8064762 (98.3166%)
entry 7930000/8064762 (98.329%)
entry 7931000/8064762 (98.3414%)
entry 7932000/8064762 (98.3538%)
entry 7933000/8064762 (98.3662%)
entry 7938000/8064762 (98.4282%)
entry 7939000/8064762 (98.4406%)
entry 7940000/8064762 (98.453%)
entry 7941000/8064762 (98.4654%)
entry 7942000/8064762 (98.4778%)
entry 7943000/8064762 (98.4902%)
entry 7944000/8064762 (98.5026%)
entry 7945000/8064762 (98.515%)
entry 7946000/8064762 (98.5274%)
entry 7948000/8064762 (98.5522%)
entry 7951000/8064762 (98.5894%)
entry 7952000/8064762 (98.6018%)
entry 7953000/8064762 (98.6142%)
entry 7954000/8064762 (98.6266%)
entry 7956000/8064762 (98.6514%)
entry 7958000/8064762 (98.6762%)
entry 7959000/8064762 (98.6886%)
entry 7962000/8064762 (98.7258%)
entry 7965000/8064762 (98.763%)
entry 7966000/8064762 (98.7754%)
entry 7967000/8064762 (98.7878%)
entry 7970000/8064762 (98.825%)
entry 7972000/8064762 (98.8498%)
entry 7975000/8064762 (98.887%)
entry 7977000/8064762 (98.9118%)
entry 7978000/8064762 (98.9242%)
entry 7979000/8064762 (98.9366%)
entry 7980000/8064762 (98.949%)
entry 7981000/8064762 (98.9614%)
entry 7982000/8064762 (98.9738%)
entry 7983000/8064762 (98.9862%)
entry 7985000/8064762 (99.011%)
entry 7986000/8064762 (99.0234%)
entry 7987000/8064762 (99.0358%)
entry 7988000/8064762 (99.0482%)
entry 7989000/8064762 (99.0606%)
entry 7990000/8064762 (99.073%)
entry 7992000/8064762 (99.0978%)
entry 7994000/8064762 (99.1226%)
entry 7995000/8064762 (99.135%)
entry 7996000/8064762 (99.1474%)
entry 7997000/8064762 (99.1598%)
entry 7998000/8064762 (99.1722%)
entry 7999000/8064762 (99.1846%)
entry 8000000/8064762 (99.197%)
entry 8001000/8064762 (99.2094%)
entry 8002000/8064762 (99.2218%)
entry 8003000/8064762 (99.2342%)
entry 8005000/8064762 (99.259%)
entry 8006000/8064762 (99.2714%)
entry 8007000/8064762 (99.2838%)
entry 8008000/8064762 (99.2962%)
entry 8009000/8064762 (99.3086%)
entry 8010000/8064762 (99.321%)
entry 8011000/8064762 (99.3334%)
entry 8013000/8064762 (99.3582%)
entry 8016000/8064762 (99.3954%)
entry 8017000/8064762 (99.4078%)
entry 8018000/8064762 (99.4202%)
entry 8019000/8064762 (99.4326%)
entry 8021000/8064762 (99.4574%)
entry 8022000/8064762 (99.4698%)
entry 8023000/8064762 (99.4822%)
entry 8025000/8064762 (99.507%)
entry 8028000/8064762 (99.5442%)
entry 8029000/8064762 (99.5566%)
entry 8032000/8064762 (99.5938%)
entry 8034000/8064762 (99.6186%)
entry 8035000/8064762 (99.631%)
entry 8036000/8064762 (99.6434%)
entry 8037000/8064762 (99.6558%)
entry 8041000/8064762 (99.7054%)
entry 8042000/8064762 (99.7178%)
entry 8043000/8064762 (99.7302%)
entry 8045000/8064762 (99.755%)
entry 8047000/8064762 (99.7798%)
entry 8049000/8064762 (99.8046%)
entry 8050000/8064762 (99.817%)
entry 8051000/8064762 (99.8294%)
entry 8052000/8064762 (99.8418%)
entry 8053000/8064762 (99.8542%)
entry 8054000/8064762 (99.8666%)
entry 8055000/8064762 (99.879%)
entry 8056000/8064762 (99.8914%)
entry 8057000/8064762 (99.9038%)
entry 8061000/8064762 (99.9534%)
entry 8062000/8064762 (99.9658%)
entry 8063000/8064762 (99.9781%)
entry 8064000/8064762 (99.9906%)
all done
script done
