sphnx1161.sdcc.bnl.gov
rsyncing from /gpfs/mnt/gpfs02/sphenix/user/samfred/run25/ppg11/histmaking
running: /gpfs/mnt/gpfs02/sphenix/user/samfred/run25/ppg11/histmaking/script_data.sh 52844
LD_LIBRARY_PATH now /sphenix/user/samfred/run25/install//lib:/cvmfs/sphenix.sdcc.bnl.gov/alma9.2-gcc-14.2.0/opt/sphenix/core/gcc/14.2.0-2f0a0/x86_64-el9/lib:/cvmfs/sphenix.sdcc.bnl.gov/alma9.2-gcc-14.2.0/opt/sphenix/core/gcc/14.2.0-2f0a0/x86_64-el9/lib64:/cvmfs/sphenix.sdcc.bnl.gov/alma9.2-gcc-14.2.0/opt/sphenix/core/binutils/2.40-acaab/x86_64-el9/lib:.:/cvmfs/sphenix.sdcc.bnl.gov/alma9.2-gcc-14.2.0/release/release_new/new.10/lib64:/cvmfs/sphenix.sdcc.bnl.gov/alma9.2-gcc-14.2.0/release/release_new/new.10/lib:/cvmfs/sphenix.sdcc.bnl.gov/alma9.2-gcc-14.2.0/opt/sphenix/utils/lib:/cvmfs/sphenix.sdcc.bnl.gov/alma9.2-gcc-14.2.0/opt/sphenix/core/lib:/cvmfs/sphenix.sdcc.bnl.gov/alma9.2-gcc-14.2.0/opt/sphenix/core/root-6.32.06/lib:/cvmfs/sphenix.sdcc.bnl.gov/alma9.2-gcc-14.2.0/opt/sphenix/core/geant4.10.07.p04/lib64:/cvmfs/sphenix.sdcc.bnl.gov/alma9.2-gcc-14.2.0/opt/sphenix/core/lhapdf-5.9.1/lib:/usr/local/lib64:/usr/lib64
PATH now /sphenix/user/samfred/run25/install//bin:/cvmfs/sphenix.sdcc.bnl.gov/alma9.2-gcc-14.2.0/opt/sphenix/core/gcc/14.2.0-2f0a0/x86_64-el9/bin:/cvmfs/sphenix.sdcc.bnl.gov/alma9.2-gcc-14.2.0/opt/sphenix/core/binutils/2.40-acaab/x86_64-el9/bin:.:/cvmfs/sphenix.sdcc.bnl.gov/alma9.2-gcc-14.2.0/release/release_new/new.10/bin:/cvmfs/sphenix.sdcc.bnl.gov/alma9.2-gcc-14.2.0/opt/sphenix/utils/bin:/cvmfs/sphenix.sdcc.bnl.gov/alma9.2-gcc-14.2.0/opt/sphenix/core/bin:/cvmfs/sphenix.sdcc.bnl.gov/alma9.2-gcc-14.2.0/opt/sphenix/core/root-6.32.06/bin:/cvmfs/sphenix.sdcc.bnl.gov/alma9.2-gcc-14.2.0/opt/sphenix/core/geant4.10.07.p04/bin:/usr/local/bin:/usr/bin:/usr/local/sbin:/usr/sbin
SINGULARITY_CACHEDIR=/home/condor/local/sphnx/execute/dir_2976843
_CONDOR_ANCESTOR_339231=2976843:1759352742:4060032311
_CONDOR_CHIRP_CONFIG=/home/condor/local/sphnx/execute/dir_2976843/.chirp.config
_CONDOR_JOB_IWD=/sphenix/user/samfred/run25/ppg11/histmaking
G4ENSDFSTATEDATA=/cvmfs/sphenix.sdcc.bnl.gov/alma9.2-gcc-14.2.0/opt/sphenix/core/geant4.10.07.p04/share/Geant4-10.7.4/data/G4ENSDFSTATE2.3
_CONDOR_MACHINE_AD=/home/condor/local/sphnx/execute/dir_2976843/.machine.ad
ROOT_MAX_THREADS=1
NUMEXPR_NUM_THREADS=1
CUBACORES=1
_CONDOR_ANCESTOR_339196=339231:1756523324:2808243013
_CHIRP_DELAYED_UPDATE_PREFIX=Chirp*
OMP_THREAD_LIMIT=1
G4PIIDATA=/cvmfs/sphenix.sdcc.bnl.gov/alma9.2-gcc-14.2.0/opt/sphenix/core/geant4.10.07.p04/share/Geant4-10.7.4/data/G4PII1.3
NO_AT_BRIDGE=1
G4_MAIN=/cvmfs/sphenix.sdcc.bnl.gov/alma9.2-gcc-14.2.0/opt/sphenix/core/geant4.10.07.p04
COMPILER_PATH=/cvmfs/sphenix.sdcc.bnl.gov/alma9.2-gcc-14.2.0/opt/sphenix/core/gcc/14.2.0-2f0a0/x86_64-el9
ROOT_INCLUDE_PATH=./:/sphenix/user/samfred/run25/install//include:/sphenix/user/samfred/run25/install//include/caloana:/sphenix/user/samfred/run25/install//include/qa_centrality:/sphenix/user/samfred/run25/install//include/mbdana:/sphenix/user/samfred/run25/install//include/centrality:/sphenix/user/samfred/run25/install//include/Event:/cvmfs/sphenix.sdcc.bnl.gov/alma9.2-gcc-14.2.0/release/release_new/new.10/include:/cvmfs/sphenix.sdcc.bnl.gov/alma9.2-gcc-14.2.0/release/release_new/new.10/include:/cvmfs/sphenix.sdcc.bnl.gov/alma9.2-gcc-14.2.0/release/release_new/new.10/include/g4mbd:/cvmfs/sphenix.sdcc.bnl.gov/alma9.2-gcc-14.2.0/release/release_new/new.10/include/fmt:/cvmfs/sphenix.sdcc.bnl.gov/alma9.2-gcc-14.2.0/release/release_new/new.10/include/ffarawobjects:/cvmfs/sphenix.sdcc.bnl.gov/alma9.2-gcc-14.2.0/release/release_new/new.10/include/JSON:/cvmfs/sphenix.sdcc.bnl.gov/alma9.2-gcc-14.2.0/release/release_new/new.10/include/calotreegen:/cvmfs/sphenix.sdcc.bnl.gov/alma9.2-gcc-14.2.0/release/release_new/new.10/include/torch:/cvmfs/sphenix.sdcc.bnl.gov/alma9.2-gcc-14.2.0/release/release_new/new.10/include/g4detectors:/cvmfs/sphenix.sdcc.bnl.gov/alma9.2-gcc-14.2.0/release/release_new/new.10/include/kineto:/cvmfs/sphenix.sdcc.bnl.gov/alma9.2-gcc-14.2.0/release/release_new/new.10/include/g4decayer:/cvmfs/sphenix.sdcc.bnl.gov/alma9.2-gcc-14.2.0/release/release_new/new.10/include/kfparticleqa:/cvmfs/sphenix.sdcc.bnl.gov/alma9.2-gcc-14.2.0/release/release_new/new.10/include/phfield:/cvmfs/sphenix.sdcc.bnl.gov/alma9.2-gcc-14.2.0/release/release_new/new.10/include/LHAPDF:/cvmfs/sphenix.sdcc.bnl.gov/alma9.2-gcc-14.2.0/release/release_new/new.10/include/readdigitalcurrents:/cvmfs/sphenix.sdcc.bnl.gov/alma9.2-gcc-14.2.0/release/release_new/new.10/include/c10:/cvmfs/sphenix.sdcc.bnl.gov/alma9.2-gcc-14.2.0/release/release_new/new.10/include/calovalid:/cvmfs/sphenix.sdcc.bnl.gov/alma9.2-gcc-14.2.0/release/release_new/new.10/include/oneapi:/cvmfs/sphenix.sdcc.bnl.gov/alma9.2-gcc-14.2.0/release/release_new/new.10/include/DDCond:/cvmfs/sphenix.sdcc.bnl.gov/alma9.2-gcc-14.2.0/release/release_new/new.10/include/g4tracking:/cvmfs/sphenix.sdcc.bnl.gov/alma9.2-gcc-14.2.0/release/release_new/new.10/include/litecaloeval:/cvmfs/sphenix.sdcc.bnl.gov/alma9.2-gcc-14.2.0/release/release_new/new.10/include/g4intt:/cvmfs/sphenix.sdcc.bnl.gov/alma9.2-gcc-14.2.0/release/release_new/new.10/include/phool:/cvmfs/sphenix.sdcc.bnl.gov/alma9.2-gcc-14.2.0/release/release_new/new.10/include/boost:/cvmfs/sphenix.sdcc.bnl.gov/alma9.2-gcc-14.2.0/release/release_new/new.10/include/Pythia8Plugins:/cvmfs/sphenix.sdcc.bnl.gov/alma9.2-gcc-14.2.0/release/release_new/new.10/include/calib_emc_pi0:/cvmfs/sphenix.sdcc.bnl.gov/alma9.2-gcc-14.2.0/release/release_new/new.10/include/hijingflipafterburner:/cvmfs/sphenix.sdcc.bnl.gov/alma9.2-gcc-14.2.0/release/release_new/new.10/include/ffaobjects:/cvmfs/sphenix.sdcc.bnl.gov/alma9.2-gcc-14.2.0/release/release_new/new.10/include/EvtGenBase:/cvmfs/sphenix.sdcc.bnl.gov/alma9.2-gcc-14.2.0/release/release_new/new.10/include/flowafterburner:/cvmfs/sphenix.sdcc.bnl.gov/alma9.2-gcc-14.2.0/release/release_new/new.10/include/google:/cvmfs/sphenix.sdcc.bnl.gov/alma9.2-gcc-14.2.0/release/release_new/new.10/include/g4tpc:/cvmfs/sphenix.sdcc.bnl.gov/alma9.2-gcc-14.2.0/release/release_new/new.10/include/caffe2:/cvmfs/sphenix.sdcc.bnl.gov/alma9.2-gcc-14.2.0/release/release_new/new.10/include/EvtGenExternal:/cvmfs/sphenix.sdcc.bnl.gov/alma9.2-gcc-14.2.0/release/release_new/new.10/include/fp16:/cvmfs/sphenix.sdcc.bnl.gov/alma9.2-gcc-14.2.0/release/release_new/new.10/include/ffamodules:/cvmfs/sphenix.sdcc.bnl.gov/alma9.2-gcc-14.2.0/release/release_new/new.10/include/uspin:/cvmfs/sphenix.sdcc.bnl.gov/alma9.2-gcc-14.2.0/release/release_new/new.10/include/Herwig:/cvmfs/sphenix.sdcc.bnl.gov/alma9.2-gcc-14.2.0/release/release_new/new.10/include/genfitexp:/cvmfs/sphenix.sdcc.bnl.gov/alma9.2-gcc-14.2.0/release/release_new/new.10/include/XML:/cvmfs/sphenix.sdcc.bnl.gov/alma9.2-gcc-14.2.0/release/release_new/new.10/include/fbgemm:/cvmfs/sphenix.sdcc.bnl.gov/alma9.2-gcc-14.2.0/release/release_new/new.10/include/DDAlign:/cvmfs/sphenix.sdcc.bnl.gov/alma9.2-gcc-14.2.0/release/release_new/new.10/include/g4mvtx:/cvmfs/sphenix.sdcc.bnl.gov/alma9.2-gcc-14.2.0/release/release_new/new.10/include/kfparticle_sphenix:/cvmfs/sphenix.sdcc.bnl.gov/alma9.2-gcc-14.2.0/release/release_new/new.10/include/fun4all:/cvmfs/sphenix.sdcc.bnl.gov/alma9.2-gcc-14.2.0/release/release_new/new.10/include/intt:/cvmfs/sphenix.sdcc.bnl.gov/alma9.2-gcc-14.2.0/release/release_new/new.10/include/eventdisplay:/cvmfs/sphenix.sdcc.bnl.gov/alma9.2-gcc-14.2.0/release/release_new/new.10/include/EvtGen:/cvmfs/sphenix.sdcc.bnl.gov/alma9.2-gcc-14.2.0/release/release_new/new.10/include/Evaluator:/cvmfs/sphenix.sdcc.bnl.gov/alma9.2-gcc-14.2.0/release/release_new/new.10/include/tpc:/cvmfs/sphenix.sdcc.bnl.gov/alma9.2-gcc-14.2.0/release/release_new/new.10/include/GenFit:/cvmfs/sphenix.sdcc.bnl.gov/alma9.2-gcc-14.2.0/release/release_new/new.10/include/prototype4:/cvmfs/sphenix.sdcc.bnl.gov/alma9.2-gcc-14.2.0/release/release_new/new.10/include/caloembedding:/cvmfs/sphenix.sdcc.bnl.gov/alma9.2-gcc-14.2.0/release/release_new/new.10/include/EvtGenModels:/cvmfs/sphenix.sdcc.bnl.gov/alma9.2-gcc-14.2.0/release/release_new/new.10/include/fastjet:/cvmfs/sphenix.sdcc.bnl.gov/alma9.2-gcc-14.2.0/release/release_new/new.10/include/DDG4:/cvmfs/sphenix.sdcc.bnl.gov/alma9.2-gcc-14.2.0/release/release_new/new.10/include/mbd:/cvmfs/sphenix.sdcc.bnl.gov/alma9.2-gcc-14.2.0/release/release_new/new.10/include/tbb:/cvmfs/sphenix.sdcc.bnl.gov/alma9.2-gcc-14.2.0/release/release_new/new.10/include/phgeom:/cvmfs/sphenix.sdcc.bnl.gov/alma9.2-gcc-14.2.0/release/release_new/new.10/include/g4epd:/cvmfs/sphenix.sdcc.bnl.gov/alma9.2-gcc-14.2.0/release/release_new/new.10/include/oncal:/cvmfs/sphenix.sdcc.bnl.gov/alma9.2-gcc-14.2.0/release/release_new/new.10/include/pybind11:/cvmfs/sphenix.sdcc.bnl.gov/alma9.2-gcc-14.2.0/release/release_new/new.10/include/tpcdistgenerator:/cvmfs/sphenix.sdcc.bnl.gov/alma9.2-gcc-14.2.0/release/release_new/new.10/include/cdbobjects:/cvmfs/sphenix.sdcc.bnl.gov/alma9.2-gcc-14.2.0/release/release_new/new.10/include/g4micromegas:/cvmfs/sphenix.sdcc.bnl.gov/alma9.2-gcc-14.2.0/release/release_new/new.10/include/g4eval:/cvmfs/sphenix.sdcc.bnl.gov/alma9.2-gcc-14.2.0/release/release_new/new.10/include/jetbackground:/cvmfs/sphenix.sdcc.bnl.gov/alma9.2-gcc-14.2.0/release/release_new/new.10/include/micromegas:/cvmfs/sphenix.sdcc.bnl.gov/alma9.2-gcc-14.2.0/release/release_new/new.10/include/hftrackefficiency:/cvmfs/sphenix.sdcc.bnl.gov/alma9.2-gcc-14.2.0/release/release_new/new.10/include/inttrawhitqa:/cvmfs/sphenix.sdcc.bnl.gov/alma9.2-gcc-14.2.0/release/release_new/new.10/include/centrality:/cvmfs/sphenix.sdcc.bnl.gov/alma9.2-gcc-14.2.0/release/release_new/new.10/include/epd:/cvmfs/sphenix.sdcc.bnl.gov/alma9.2-gcc-14.2.0/release/release_new/new.10/include/caloreco:/cvmfs/sphenix.sdcc.bnl.gov/alma9.2-gcc-14.2.0/release/release_new/new.10/include/HepMC:/cvmfs/sphenix.sdcc.bnl.gov/alma9.2-gcc-14.2.0/release/release_new/new.10/include/CLHEP:/cvmfs/sphenix.sdcc.bnl.gov/alma9.2-gcc-14.2.0/release/release_new/new.10/include/Acts:/cvmfs/sphenix.sdcc.bnl.gov/alma9.2-gcc-14.2.0/release/release_new/new.10/include/g4histos:/cvmfs/sphenix.sdcc.bnl.gov/alma9.2-gcc-14.2.0/release/release_new/new.10/include/eventplaneinfo:/cvmfs/sphenix.sdcc.bnl.gov/alma9.2-gcc-14.2.0/release/release_new/new.10/include/fillspacechargemaps:/cvmfs/sphenix.sdcc.bnl.gov/alma9.2-gcc-14.2.0/release/release_new/new.10/include/phhepmc:/cvmfs/sphenix.sdcc.bnl.gov/alma9.2-gcc-14.2.0/release/release_new/new.10/include/trackingqa:/cvmfs/sphenix.sdcc.bnl.gov/alma9.2-gcc-14.2.0/release/release_new/new.10/include/qautils:/cvmfs/sphenix.sdcc.bnl.gov/alma9.2-gcc-14.2.0/release/release_new/new.10/include/trackreco:/cvmfs/sphenix.sdcc.bnl.gov/alma9.2-gcc-14.2.0/release/release_new/new.10/include/g4ohcal:/cvmfs/sphenix.sdcc.bnl.gov/alma9.2-gcc-14.2.0/release/release_new/new.10/include/tpcdvcalib:/cvmfs/sphenix.sdcc.bnl.gov/alma9.2-gcc-14.2.0/release/release_new/new.10/include/zdcinfo:/cvmfs/sphenix.sdcc.bnl.gov/alma9.2-gcc-14.2.0/release/release_new/new.10/include/phpythia8:/cvmfs/sphenix.sdcc.bnl.gov/alma9.2-gcc-14.2.0/release/release_new/new.10/include/fun4allutils:/cvmfs/sphenix.sdcc.bnl.gov/alma9.2-gcc-14.2.0/release/release_new/new.10/include/tpcqa:/cvmfs/sphenix.sdcc.bnl.gov/alma9.2-gcc-14.2.0/release/release_new/new.10/include/Pythia8:/cvmfs/sphenix.sdcc.bnl.gov/alma9.2-gcc-14.2.0/release/release_new/new.10/include/DDRec:/cvmfs/sphenix.sdcc.bnl.gov/alma9.2-gcc-14.2.0/release/release_new/new.10/include/DDDigi:/cvmfs/sphenix.sdcc.bnl.gov/alma9.2-gcc-14.2.0/release/release_new/new.10/include/g4ihcal:/cvmfs/sphenix.sdcc.bnl.gov/alma9.2-gcc-14.2.0/release/release_new/new.10/include/frog:/cvmfs/sphenix.sdcc.bnl.gov/alma9.2-gcc-14.2.0/release/release_new/new.10/include/eigen3:/cvmfs/sphenix.sdcc.bnl.gov/alma9.2-gcc-14.2.0/release/release_new/new.10/include/tensorpipe:/cvmfs/sphenix.sdcc.bnl.gov/alma9.2-gcc-14.2.0/release/release_new/new.10/include/sphenixnpc:/cvmfs/sphenix.sdcc.bnl.gov/alma9.2-gcc-14.2.0/release/release_new/new.10/include/siscone:/cvmfs/sphenix.sdcc.bnl.gov/alma9.2-gcc-14.2.0/release/release_new/new.10/include/pmonitor:/cvmfs/sphenix.sdcc.bnl.gov/alma9.2-gcc-14.2.0/release/release_new/new.10/include/calobase:/cvmfs/sphenix.sdcc.bnl.gov/alma9.2-gcc-14.2.0/release/release_new/new.10/include/ActsExamples:/cvmfs/sphenix.sdcc.bnl.gov/alma9.2-gcc-14.2.0/release/release_new/new.10/include/g4gdml:/cvmfs/sphenix.sdcc.bnl.gov/alma9.2-gcc-14.2.0/release/release_new/new.10/include/mvtx_decoder:/cvmfs/sphenix.sdcc.bnl.gov/alma9.2-gcc-14.2.0/release/release_new/new.10/include/ROOT:/cvmfs/sphenix.sdcc.bnl.gov/alma9.2-gcc-14.2.0/release/release_new/new.10/include/phparameter:/cvmfs/sphenix.sdcc.bnl.gov/alma9.2-gcc-14.2.0/release/release_new/new.10/include/rsa:/cvmfs/sphenix.sdcc.bnl.gov/alma9.2-gcc-14.2.0/release/release_new/new.10/include/fun4allraw:/cvmfs/sphenix.sdcc.bnl.gov/alma9.2-gcc-14.2.0/release/release_new/new.10/include/trackbase_historic:/cvmfs/sphenix.sdcc.bnl.gov/alma9.2-gcc-14.2.0/release/release_new/new.10/include/g4jets:/cvmfs/sphenix.sdcc.bnl.gov/alma9.2-gcc-14.2.0/release/release_new/new.10/include/jetqa:/cvmfs/sphenix.sdcc.bnl.gov/alma9.2-gcc-14.2.0/release/release_new/new.10/include/phoolraw:/cvmfs/sphenix.sdcc.bnl.gov/alma9.2-gcc-14.2.0/release/release_new/new.10/include/g4calo:/cvmfs/sphenix.sdcc.bnl.gov/alma9.2-gcc-14.2.0/release/release_new/new.10/include/mvtxrawhitqa:/cvmfs/sphenix.sdcc.bnl.gov/alma9.2-gcc-14.2.0/release/release_new/new.10/include/HepMC3:/cvmfs/sphenix.sdcc.bnl.gov/alma9.2-gcc-14.2.0/release/release_new/new.10/include/calowaveformsim:/cvmfs/sphenix.sdcc.bnl.gov/alma9.2-gcc-14.2.0/release/release_new/new.10/include/g4caloprototype:/cvmfs/sphenix.sdcc.bnl.gov/alma9.2-gcc-14.2.0/release/release_new/new.10/include/pdbcalbase:/cvmfs/sphenix.sdcc.bnl.gov/alma9.2-gcc-14.2.0/release/release_new/new.10/include/gsl:/cvmfs/sphenix.sdcc.bnl.gov/alma9.2-gcc-14.2.0/release/release_new/new.10/include/nodedump:/cvmfs/sphenix.sdcc.bnl.gov/alma9.2-gcc-14.2.0/release/release_new/new.10/include/emcnoisytowerfinder:/cvmfs/sphenix.sdcc.bnl.gov/alma9.2-gcc-14.2.0/release/release_new/new.10/include/ActsFatras:/cvmfs/sphenix.sdcc.bnl.gov/alma9.2-gcc-14.2.0/release/release_new/new.10/include/ffarawmodules:/cvmfs/sphenix.sdcc.bnl.gov/alma9.2-gcc-14.2.0/release/release_new/new.10/include/Event:/cvmfs/sphenix.sdcc.bnl.gov/alma9.2-gcc-14.2.0/release/release_new/new.10/include/prototype3:/cvmfs/sphenix.sdcc.bnl.gov/alma9.2-gcc-14.2.0/release/release_new/new.10/include/fermimotionafterburner:/cvmfs/sphenix.sdcc.bnl.gov/alma9.2-gcc-14.2.0/release/release_new/new.10/include/Photos:/cvmfs/sphenix.sdcc.bnl.gov/alma9.2-gcc-14.2.0/release/release_new/new.10/include/xingshiftcal:/cvmfs/sphenix.sdcc.bnl.gov/alma9.2-gcc-14.2.0/release/release_new/new.10/include/trackbase:/cvmfs/sphenix.sdcc.bnl.gov/alma9.2-gcc-14.2.0/release/release_new/new.10/include/jetdstskimmer:/cvmfs/sphenix.sdcc.bnl.gov/alma9.2-gcc-14.2.0/release/release_new/new.10/include/clusteriso:/cvmfs/sphenix.sdcc.bnl.gov/alma9.2-gcc-14.2.0/release/release_new/new.10/include/asmjit:/cvmfs/sphenix.sdcc.bnl.gov/alma9.2-gcc-14.2.0/release/release_new/new.10/include/particleflowreco:/cvmfs/sphenix.sdcc.bnl.gov/alma9.2-gcc-14.2.0/release/release_new/new.10/include/tpchittrackdisplay:/cvmfs/sphenix.sdcc.bnl.gov/alma9.2-gcc-14.2.0/release/release_new/new.10/include/caloana:/cvmfs/sphenix.sdcc.bnl.gov/alma9.2-gcc-14.2.0/release/release_new/new.10/include/calotrigger:/cvmfs/sphenix.sdcc.bnl.gov/alma9.2-gcc-14.2.0/release/release_new/new.10/include/nopayloadclient:/cvmfs/sphenix.sdcc.bnl.gov/alma9.2-gcc-14.2.0/release/release_new/new.10/include/trackermillepedealignment:/cvmfs/sphenix.sdcc.bnl.gov/alma9.2-gcc-14.2.0/release/release_new/new.10/include/DD4hep:/cvmfs/sphenix.sdcc.bnl.gov/alma9.2-gcc-14.2.0/release/release_new/new.10/include/g4trackfastsim:/cvmfs/sphenix.sdcc.bnl.gov/alma9.2-gcc-14.2.0/release/release_new/new.10/include/prototype2:/cvmfs/sphenix.sdcc.bnl.gov/alma9.2-gcc-14.2.0/release/release_new/new.10/include/ATen:/cvmfs/sphenix.sdcc.bnl.gov/alma9.2-gcc-14.2.0/release/release_new/new.10/include/g4main:/cvmfs/sphenix.sdcc.bnl.gov/alma9.2-gcc-14.2.0/release/release_new/new.10/include/Tauola:/cvmfs/sphenix.sdcc.bnl.gov/alma9.2-gcc-14.2.0/release/release_new/new.10/include/inttcalib:/cvmfs/sphenix.sdcc.bnl.gov/alma9.2-gcc-14.2.0/release/release_new/new.10/include/reactionplaneafterburner:/cvmfs/sphenix.sdcc.bnl.gov/alma9.2-gcc-14.2.0/release/release_new/new.10/include/globalqa:/cvmfs/sphenix.sdcc.bnl.gov/alma9.2-gcc-14.2.0/release/release_new/new.10/include/tpccalib:/cvmfs/sphenix.sdcc.bnl.gov/alma9.2-gcc-14.2.0/release/release_new/new.10/include/DDSegmentation:/cvmfs/sphenix.sdcc.bnl.gov/alma9.2-gcc-14.2.0/release/release_new/new.10/include/decayfinder:/cvmfs/sphenix.sdcc.bnl.gov/alma9.2-gcc-14.2.0/release/release_new/new.10/include/compressclus:/cvmfs/sphenix.sdcc.bnl.gov/alma9.2-gcc-14.2.0/release/release_new/new.10/include/simqa_modules:/cvmfs/sphenix.sdcc.bnl.gov/alma9.2-gcc-14.2.0/release/release_new/new.10/include/resonancejettagging:/cvmfs/sphenix.sdcc.bnl.gov/alma9.2-gcc-14.2.0/release/release_new/new.10/include/g4centrality:/cvmfs/sphenix.sdcc.bnl.gov/alma9.2-gcc-14.2.0/release/release_new/new.10/include/mvtx:/cvmfs/sphenix.sdcc.bnl.gov/alma9.2-gcc-14.2.0/release/release_new/new.10/include/nlohmann:/cvmfs/sphenix.sdcc.bnl.gov/alma9.2-gcc-14.2.0/release/release_new/new.10/include/localpoloffmon:/cvmfs/sphenix.sdcc.bnl.gov/alma9.2-gcc-14.2.0/release/release_new/new.10/include/DDEve:/cvmfs/sphenix.sdcc.bnl.gov/alma9.2-gcc-14.2.0/release/release_new/new.10/include/Parsers:/cvmfs/sphenix.sdcc.bnl.gov/alma9.2-gcc-14.2.0/release/release_new/new.10/include/trackingdiagnostics:/cvmfs/sphenix.sdcc.bnl.gov/alma9.2-gcc-14.2.0/release/release_new/new.10/include/g4vertex:/cvmfs/sphenix.sdcc.bnl.gov/alma9.2-gcc-14.2.0/release/release_new/new.10/include/jetbase:/cvmfs/sphenix.sdcc.bnl.gov/alma9.2-gcc-14.2.0/release/release_new/new.10/include/globalvertex:/cvmfs/sphenix.sdcc.bnl.gov/alma9.2-gcc-14.2.0/release/release_new/new.10/include/phgenfit:/cvmfs/sphenix.sdcc.bnl.gov/alma9.2-gcc-14.2.0/release/release_new/new.10/include/rawbcolumi:/cvmfs/sphenix.sdcc.bnl.gov/alma9.2-gcc-14.2.0/release/release_new/new.10/include/eicsmear:/cvmfs/sphenix.sdcc.bnl.gov/alma9.2-gcc-14.2.0/release/release_new/new.10/include/mvtxcalib:/cvmfs/sphenix.sdcc.bnl.gov/alma9.2-gcc-14.2.0/release/release_new/new.10/include/tpclinelaserdiode:/cvmfs/sphenix.sdcc.bnl.gov/alma9.2-gcc-14.2.0/release/release_new/new.10/include/hepmcjettrigger:/cvmfs/sphenix.sdcc.bnl.gov/alma9.2-gcc-14.2.0/release/release_new/new.10/include/core:/cvmfs/sphenix.sdcc.bnl.gov/alma9.2-gcc-14.2.0/release/release_new/new.10/include/calo_cdb:/cvmfs/sphenix.sdcc.bnl.gov/alma9.2-gcc-14.2.0/release/release_new/new.10/include/mvtxclustershapesqa:/cvmfs/sphenix.sdcc.bnl.gov/alma9.2-gcc-14.2.0/release/release_new/new.10/include/calopacketskimmer:/cvmfs/sphenix.sdcc.bnl.gov/alma9.2-gcc-14.2.0/opt/sphenix/core/geant4.10.07.p04/include:/cvmfs/sphenix.sdcc.bnl.gov/alma9.2-gcc-14.2.0/release/release_new/new.10/rootmacros:/cvmfs/sphenix.sdcc.bnl.gov/alma9.2-gcc-14.2.0/opt/sphenix/core/include
GSEARCHPATH=.:PG:LUSTRE:RAWDATA
PWD=/gpfs/mnt/gpfs02/sphenix/user/samfred/run25/ppg11/histmaking
LOGNAME=samfred
_CONDOR_JOB_AD=/home/condor/local/sphnx/execute/dir_2976843/.job.ad
MANPATH=/cvmfs/sphenix.sdcc.bnl.gov/alma9.2-gcc-14.2.0/opt/sphenix/core/gcc/14.2.0-2f0a0/x86_64-el9/share/man:/cvmfs/sphenix.sdcc.bnl.gov/alma9.2-gcc-14.2.0/opt/sphenix/core/binutils/2.40-acaab/x86_64-el9/share/man:/cvmfs/sphenix.sdcc.bnl.gov/alma9.2-gcc-14.2.0/release/release_new/new.10/share/man:/cvmfs/sphenix.sdcc.bnl.gov/alma9.2-gcc-14.2.0/opt/sphenix/utils/share/man:/cvmfs/sphenix.sdcc.bnl.gov/alma9.2-gcc-14.2.0/opt/sphenix/core/share/man:/cvmfs/sphenix.sdcc.bnl.gov/alma9.2-gcc-14.2.0/opt/sphenix/core/root-6.32.06/man:/usr/local/share/man:/usr/share/man
PYTHIA8=/cvmfs/sphenix.sdcc.bnl.gov/alma9.2-gcc-14.2.0/release/release_new/new.10/share/Pythia8
G4INCLDATA=/cvmfs/sphenix.sdcc.bnl.gov/alma9.2-gcc-14.2.0/opt/sphenix/core/geant4.10.07.p04/share/Geant4-10.7.4/data/G4INCL1.0
ORIG_PATH=/usr/local/bin:/usr/bin
CXX=/cvmfs/sphenix.sdcc.bnl.gov/alma9.2-gcc-14.2.0/opt/sphenix/core/gcc/14.2.0-2f0a0/x86_64-el9/bin/g++
G4LEDATA=/cvmfs/sphenix.sdcc.bnl.gov/alma9.2-gcc-14.2.0/opt/sphenix/core/geant4.10.07.p04/share/Geant4-10.7.4/data/G4EMLOW7.13
PYTHON_CPU_COUNT=1
OPENBLAS_NUM_THREADS=1
_CONDOR_BIN=/usr/bin
HOME=/sphenix/u/samfred
G4PARTICLEXSDATA=/cvmfs/sphenix.sdcc.bnl.gov/alma9.2-gcc-14.2.0/opt/sphenix/core/geant4.10.07.p04/share/Geant4-10.7.4/data/G4PARTICLEXS3.1.1
ONLINE_MAIN=/cvmfs/sphenix.sdcc.bnl.gov/alma9.2-gcc-14.2.0/release/release_new/new.10
CALIBRATIONROOT=/cvmfs/sphenix.sdcc.bnl.gov/alma9.2-gcc-14.2.0/release/release_new/new.10/share/calibrations
TMPDIR=/tmp
_CONDOR_SCRATCH_DIR=/home/condor/local/sphnx/execute/dir_2976843
PGUSER=phnxrc
NOPAYLOADCLIENT_CONF=/cvmfs/sphenix.sdcc.bnl.gov/alma9.2-gcc-14.2.0/opt/sphenix/core/etc/sPHENIX_newcdb.json
XERCESCROOT=/cvmfs/sphenix.sdcc.bnl.gov/alma9.2-gcc-14.2.0/opt/sphenix/core/geant4.10.07.p04
LHAPATH=/cvmfs/sphenix.sdcc.bnl.gov/alma9.2-gcc-14.2.0/opt/sphenix/core/lhapdf-5.9.1/share/lhapdf/PDFsets
G4NEUTRONHPDATA=/cvmfs/sphenix.sdcc.bnl.gov/alma9.2-gcc-14.2.0/opt/sphenix/core/geant4.10.07.p04/share/Geant4-10.7.4/data/G4NDL4.6
PYTHONPATH=.:/cvmfs/sphenix.sdcc.bnl.gov/alma9.2-gcc-14.2.0/release/release_new/new.10/lib/python3.13/site-packages:/cvmfs/sphenix.sdcc.bnl.gov/alma9.2-gcc-14.2.0/opt/sphenix/core/lib/python3.13/site-packages:/cvmfs/sphenix.sdcc.bnl.gov/alma9.2-gcc-14.2.0/opt/sphenix/core/root-6.32.06/lib
USER=samfred
_CONDOR_JOB_PIDS=
_CONDOR_ANCESTOR_2976843=2980427:1759352742:620891809
TEMP=/tmp
GOMAXPROCS=1
OFFLINE_MAIN=/cvmfs/sphenix.sdcc.bnl.gov/alma9.2-gcc-14.2.0/release/release_new/new.10
SHLVL=1
TF_NUM_THREADS=1
G4SAIDXSDATA=/cvmfs/sphenix.sdcc.bnl.gov/alma9.2-gcc-14.2.0/opt/sphenix/core/geant4.10.07.p04/share/Geant4-10.7.4/data/G4SAIDDATA2.0
APPTAINER_CACHEDIR=/home/condor/local/sphnx/execute/dir_2976843
ROOTSYS=/cvmfs/sphenix.sdcc.bnl.gov/alma9.2-gcc-14.2.0/opt/sphenix/core/root-6.32.06
BATCH_SYSTEM=HTCondor
_CONDOR_SLOT=slot1_61
LD_LIBRARY_PATH=/sphenix/user/samfred/run25/install//lib:/cvmfs/sphenix.sdcc.bnl.gov/alma9.2-gcc-14.2.0/opt/sphenix/core/gcc/14.2.0-2f0a0/x86_64-el9/lib:/cvmfs/sphenix.sdcc.bnl.gov/alma9.2-gcc-14.2.0/opt/sphenix/core/gcc/14.2.0-2f0a0/x86_64-el9/lib64:/cvmfs/sphenix.sdcc.bnl.gov/alma9.2-gcc-14.2.0/opt/sphenix/core/binutils/2.40-acaab/x86_64-el9/lib:.:/cvmfs/sphenix.sdcc.bnl.gov/alma9.2-gcc-14.2.0/release/release_new/new.10/lib64:/cvmfs/sphenix.sdcc.bnl.gov/alma9.2-gcc-14.2.0/release/release_new/new.10/lib:/cvmfs/sphenix.sdcc.bnl.gov/alma9.2-gcc-14.2.0/opt/sphenix/utils/lib:/cvmfs/sphenix.sdcc.bnl.gov/alma9.2-gcc-14.2.0/opt/sphenix/core/lib:/cvmfs/sphenix.sdcc.bnl.gov/alma9.2-gcc-14.2.0/opt/sphenix/core/root-6.32.06/lib:/cvmfs/sphenix.sdcc.bnl.gov/alma9.2-gcc-14.2.0/opt/sphenix/core/geant4.10.07.p04/lib64:/cvmfs/sphenix.sdcc.bnl.gov/alma9.2-gcc-14.2.0/opt/sphenix/core/lhapdf-5.9.1/lib:/usr/local/lib64:/usr/lib64
OPT_SPHENIX=/cvmfs/sphenix.sdcc.bnl.gov/alma9.2-gcc-14.2.0/opt/sphenix/core
TF_LOOP_PARALLEL_ITERATIONS=1
EVT_LIB=/cvmfs/sphenix.sdcc.bnl.gov/alma9.2-gcc-14.2.0/opt/sphenix/core/root-6.32.06/lib
PGHOST=sphnxdbmaster.sdcc.bnl.gov
OMP_NUM_THREADS=1
G4REALSURFACEDATA=/cvmfs/sphenix.sdcc.bnl.gov/alma9.2-gcc-14.2.0/opt/sphenix/core/geant4.10.07.p04/share/Geant4-10.7.4/data/RealSurface2.2
FC=/cvmfs/sphenix.sdcc.bnl.gov/alma9.2-gcc-14.2.0/opt/sphenix/core/gcc/14.2.0-2f0a0/x86_64-el9/bin/gfortran
G4ABLADATA=/cvmfs/sphenix.sdcc.bnl.gov/alma9.2-gcc-14.2.0/opt/sphenix/core/geant4.10.07.p04/share/Geant4-10.7.4/data/G4ABLA3.1
PARASOFT=doesnotexist
TMP=/tmp
OPT_UTILS=/cvmfs/sphenix.sdcc.bnl.gov/alma9.2-gcc-14.2.0/opt/sphenix/utils
CONFIG_SITE=/cvmfs/sphenix.sdcc.bnl.gov/alma9.2-gcc-14.2.0/opt/sphenix/core/etc/config.site
PATH=/sphenix/user/samfred/run25/install//bin:/cvmfs/sphenix.sdcc.bnl.gov/alma9.2-gcc-14.2.0/opt/sphenix/core/gcc/14.2.0-2f0a0/x86_64-el9/bin:/cvmfs/sphenix.sdcc.bnl.gov/alma9.2-gcc-14.2.0/opt/sphenix/core/binutils/2.40-acaab/x86_64-el9/bin:.:/cvmfs/sphenix.sdcc.bnl.gov/alma9.2-gcc-14.2.0/release/release_new/new.10/bin:/cvmfs/sphenix.sdcc.bnl.gov/alma9.2-gcc-14.2.0/opt/sphenix/utils/bin:/cvmfs/sphenix.sdcc.bnl.gov/alma9.2-gcc-14.2.0/opt/sphenix/core/bin:/cvmfs/sphenix.sdcc.bnl.gov/alma9.2-gcc-14.2.0/opt/sphenix/core/root-6.32.06/bin:/cvmfs/sphenix.sdcc.bnl.gov/alma9.2-gcc-14.2.0/opt/sphenix/core/geant4.10.07.p04/bin:/usr/local/bin:/usr/bin:/usr/local/sbin:/usr/sbin
G4LEVELGAMMADATA=/cvmfs/sphenix.sdcc.bnl.gov/alma9.2-gcc-14.2.0/opt/sphenix/core/geant4.10.07.p04/share/Geant4-10.7.4/data/PhotonEvaporation5.7
CC=/cvmfs/sphenix.sdcc.bnl.gov/alma9.2-gcc-14.2.0/opt/sphenix/core/gcc/14.2.0-2f0a0/x86_64-el9/bin/gcc
G4RADIOACTIVEDATA=/cvmfs/sphenix.sdcc.bnl.gov/alma9.2-gcc-14.2.0/opt/sphenix/core/geant4.10.07.p04/share/Geant4-10.7.4/data/RadioactiveDecay5.6
JULIA_NUM_THREADS=1
MKL_NUM_THREADS=1
LHAPDF_DATA_PATH=/cvmfs/sphenix.sdcc.bnl.gov/alma9.2-gcc-14.2.0/release/release_new/new.10/share/LHAPDF
XPLOAD_CONFIG_DIR=/cvmfs/sphenix.sdcc.bnl.gov/alma9.2-gcc-14.2.0/opt/sphenix/core/etc
OLDPWD=/cvmfs/sphenix.sdcc.bnl.gov/alma9.2-gcc-14.2.0/release/release_new/new.10/geant4
_=/usr/bin/printenv
runnumber...
52844
trigger...

   ------------------------------------------------------------------
  | Welcome to ROOT 6.32.06                        https://root.cern |
  | (c) 1995-2024, The ROOT Team; conception: R. Brun, F. Rademakers |
  | Built for linuxx8664gcc on Dec 13 2024, 17:23:48                 |
  | From tags/6-32-06@6-32-06                                        |
  | With g++ (GCC) 14.2.0                                            |
  | Try '.help'/'.?', '.demo', '.license', '.credits', '.quit'/'.q'  |
   ------------------------------------------------------------------


Processing data_histmaker.C(52844)...
entry 1000/5838681 (0.0171272%)
entry 2000/5838681 (0.0342543%)
entry 3000/5838681 (0.0513815%)
entry 5000/5838681 (0.0856358%)
entry 6000/5838681 (0.102763%)
entry 7000/5838681 (0.11989%)
entry 8000/5838681 (0.137017%)
entry 10000/5838681 (0.171272%)
entry 12000/5838681 (0.205526%)
entry 13000/5838681 (0.222653%)
entry 14000/5838681 (0.23978%)
entry 15000/5838681 (0.256907%)
entry 17000/5838681 (0.291162%)
entry 19000/5838681 (0.325416%)
entry 20000/5838681 (0.342543%)
entry 21000/5838681 (0.35967%)
entry 22000/5838681 (0.376797%)
entry 23000/5838681 (0.393925%)
entry 24000/5838681 (0.411052%)
entry 25000/5838681 (0.428179%)
entry 26000/5838681 (0.445306%)
entry 27000/5838681 (0.462433%)
entry 29000/5838681 (0.496688%)
entry 31000/5838681 (0.530942%)
entry 33000/5838681 (0.565196%)
entry 34000/5838681 (0.582323%)
entry 36000/5838681 (0.616578%)
entry 37000/5838681 (0.633705%)
entry 39000/5838681 (0.667959%)
entry 40000/5838681 (0.685086%)
entry 41000/5838681 (0.702213%)
entry 45000/5838681 (0.770722%)
entry 46000/5838681 (0.787849%)
entry 47000/5838681 (0.804976%)
entry 48000/5838681 (0.822103%)
entry 50000/5838681 (0.856358%)
entry 52000/5838681 (0.890612%)
entry 53000/5838681 (0.907739%)
entry 54000/5838681 (0.924866%)
entry 55000/5838681 (0.941994%)
entry 56000/5838681 (0.959121%)
entry 57000/5838681 (0.976248%)
entry 58000/5838681 (0.993375%)
entry 59000/5838681 (1.0105%)
entry 61000/5838681 (1.04476%)
entry 62000/5838681 (1.06188%)
entry 63000/5838681 (1.07901%)
entry 64000/5838681 (1.09614%)
entry 65000/5838681 (1.11327%)
entry 66000/5838681 (1.13039%)
entry 68000/5838681 (1.16465%)
entry 69000/5838681 (1.18177%)
entry 70000/5838681 (1.1989%)
entry 71000/5838681 (1.21603%)
entry 72000/5838681 (1.23316%)
entry 73000/5838681 (1.25028%)
entry 74000/5838681 (1.26741%)
entry 75000/5838681 (1.28454%)
entry 76000/5838681 (1.30166%)
entry 77000/5838681 (1.31879%)
entry 79000/5838681 (1.35305%)
entry 80000/5838681 (1.37017%)
entry 81000/5838681 (1.3873%)
entry 85000/5838681 (1.45581%)
entry 86000/5838681 (1.47294%)
entry 88000/5838681 (1.50719%)
entry 89000/5838681 (1.52432%)
entry 90000/5838681 (1.54144%)
entry 91000/5838681 (1.55857%)
entry 92000/5838681 (1.5757%)
entry 93000/5838681 (1.59283%)
entry 94000/5838681 (1.60995%)
entry 95000/5838681 (1.62708%)
entry 96000/5838681 (1.64421%)
entry 98000/5838681 (1.67846%)
entry 99000/5838681 (1.69559%)
entry 100000/5838681 (1.71272%)
entry 102000/5838681 (1.74697%)
entry 104000/5838681 (1.78122%)
entry 105000/5838681 (1.79835%)
entry 106000/5838681 (1.81548%)
entry 109000/5838681 (1.86686%)
entry 110000/5838681 (1.88399%)
entry 111000/5838681 (1.90111%)
entry 112000/5838681 (1.91824%)
entry 114000/5838681 (1.9525%)
entry 115000/5838681 (1.96962%)
entry 117000/5838681 (2.00388%)
entry 118000/5838681 (2.021%)
entry 119000/5838681 (2.03813%)
entry 120000/5838681 (2.05526%)
entry 121000/5838681 (2.07239%)
entry 122000/5838681 (2.08951%)
entry 125000/5838681 (2.14089%)
entry 126000/5838681 (2.15802%)
entry 127000/5838681 (2.17515%)
entry 129000/5838681 (2.2094%)
entry 130000/5838681 (2.22653%)
entry 131000/5838681 (2.24366%)
entry 132000/5838681 (2.26078%)
entry 134000/5838681 (2.29504%)
entry 137000/5838681 (2.34642%)
entry 139000/5838681 (2.38067%)
entry 141000/5838681 (2.41493%)
entry 143000/5838681 (2.44918%)
entry 144000/5838681 (2.46631%)
entry 145000/5838681 (2.48344%)
entry 146000/5838681 (2.50056%)
entry 147000/5838681 (2.51769%)
entry 148000/5838681 (2.53482%)
entry 151000/5838681 (2.5862%)
entry 153000/5838681 (2.62045%)
entry 154000/5838681 (2.63758%)
entry 155000/5838681 (2.65471%)
entry 157000/5838681 (2.68896%)
entry 158000/5838681 (2.70609%)
entry 159000/5838681 (2.72322%)
entry 160000/5838681 (2.74034%)
entry 161000/5838681 (2.75747%)
entry 162000/5838681 (2.7746%)
entry 164000/5838681 (2.80885%)
entry 166000/5838681 (2.84311%)
entry 168000/5838681 (2.87736%)
entry 169000/5838681 (2.89449%)
entry 170000/5838681 (2.91162%)
entry 171000/5838681 (2.92874%)
entry 174000/5838681 (2.98013%)
entry 175000/5838681 (2.99725%)
entry 177000/5838681 (3.03151%)
entry 178000/5838681 (3.04863%)
entry 180000/5838681 (3.08289%)
entry 183000/5838681 (3.13427%)
entry 184000/5838681 (3.1514%)
entry 185000/5838681 (3.16852%)
entry 187000/5838681 (3.20278%)
entry 188000/5838681 (3.21991%)
entry 189000/5838681 (3.23703%)
entry 190000/5838681 (3.25416%)
entry 191000/5838681 (3.27129%)
entry 192000/5838681 (3.28841%)
entry 193000/5838681 (3.30554%)
entry 194000/5838681 (3.32267%)
entry 196000/5838681 (3.35692%)
entry 197000/5838681 (3.37405%)
entry 198000/5838681 (3.39118%)
entry 200000/5838681 (3.42543%)
entry 201000/5838681 (3.44256%)
entry 202000/5838681 (3.45969%)
entry 203000/5838681 (3.47681%)
entry 204000/5838681 (3.49394%)
entry 206000/5838681 (3.52819%)
entry 207000/5838681 (3.54532%)
entry 208000/5838681 (3.56245%)
entry 209000/5838681 (3.57958%)
entry 210000/5838681 (3.5967%)
entry 212000/5838681 (3.63096%)
entry 213000/5838681 (3.64808%)
entry 214000/5838681 (3.66521%)
entry 215000/5838681 (3.68234%)
entry 216000/5838681 (3.69947%)
entry 217000/5838681 (3.71659%)
entry 218000/5838681 (3.73372%)
entry 219000/5838681 (3.75085%)
entry 220000/5838681 (3.76797%)
entry 222000/5838681 (3.80223%)
entry 225000/5838681 (3.85361%)
entry 226000/5838681 (3.87074%)
entry 227000/5838681 (3.88786%)
entry 228000/5838681 (3.90499%)
entry 230000/5838681 (3.93925%)
entry 231000/5838681 (3.95637%)
entry 232000/5838681 (3.9735%)
entry 233000/5838681 (3.99063%)
entry 234000/5838681 (4.00775%)
entry 235000/5838681 (4.02488%)
entry 236000/5838681 (4.04201%)
entry 237000/5838681 (4.05914%)
entry 238000/5838681 (4.07626%)
entry 239000/5838681 (4.09339%)
entry 240000/5838681 (4.11052%)
entry 242000/5838681 (4.14477%)
entry 243000/5838681 (4.1619%)
entry 244000/5838681 (4.17903%)
entry 245000/5838681 (4.19615%)
entry 247000/5838681 (4.23041%)
entry 248000/5838681 (4.24753%)
entry 249000/5838681 (4.26466%)
entry 250000/5838681 (4.28179%)
entry 252000/5838681 (4.31604%)
entry 254000/5838681 (4.3503%)
entry 255000/5838681 (4.36742%)
entry 256000/5838681 (4.38455%)
entry 257000/5838681 (4.40168%)
entry 260000/5838681 (4.45306%)
entry 261000/5838681 (4.47019%)
entry 262000/5838681 (4.48731%)
entry 263000/5838681 (4.50444%)
entry 264000/5838681 (4.52157%)
entry 265000/5838681 (4.5387%)
entry 266000/5838681 (4.55582%)
entry 267000/5838681 (4.57295%)
entry 271000/5838681 (4.64146%)
entry 272000/5838681 (4.65859%)
entry 276000/5838681 (4.72709%)
entry 277000/5838681 (4.74422%)
entry 279000/5838681 (4.77848%)
entry 280000/5838681 (4.7956%)
entry 283000/5838681 (4.84699%)
entry 284000/5838681 (4.86411%)
entry 286000/5838681 (4.89837%)
entry 287000/5838681 (4.91549%)
entry 288000/5838681 (4.93262%)
entry 290000/5838681 (4.96688%)
entry 291000/5838681 (4.984%)
entry 292000/5838681 (5.00113%)
entry 293000/5838681 (5.01826%)
entry 295000/5838681 (5.05251%)
entry 296000/5838681 (5.06964%)
entry 297000/5838681 (5.08677%)
entry 298000/5838681 (5.10389%)
entry 299000/5838681 (5.12102%)
entry 300000/5838681 (5.13815%)
entry 302000/5838681 (5.1724%)
entry 303000/5838681 (5.18953%)
entry 304000/5838681 (5.20666%)
entry 305000/5838681 (5.22378%)
entry 306000/5838681 (5.24091%)
entry 308000/5838681 (5.27516%)
entry 309000/5838681 (5.29229%)
entry 310000/5838681 (5.30942%)
entry 311000/5838681 (5.32655%)
entry 312000/5838681 (5.34367%)
entry 313000/5838681 (5.3608%)
entry 315000/5838681 (5.39505%)
entry 317000/5838681 (5.42931%)
entry 318000/5838681 (5.44644%)
entry 320000/5838681 (5.48069%)
entry 321000/5838681 (5.49782%)
entry 322000/5838681 (5.51494%)
entry 323000/5838681 (5.53207%)
entry 324000/5838681 (5.5492%)
entry 325000/5838681 (5.56633%)
entry 326000/5838681 (5.58345%)
entry 328000/5838681 (5.61771%)
entry 329000/5838681 (5.63483%)
entry 330000/5838681 (5.65196%)
entry 331000/5838681 (5.66909%)
entry 332000/5838681 (5.68622%)
entry 336000/5838681 (5.75472%)
entry 338000/5838681 (5.78898%)
entry 340000/5838681 (5.82323%)
entry 341000/5838681 (5.84036%)
entry 342000/5838681 (5.85749%)
entry 343000/5838681 (5.87461%)
entry 344000/5838681 (5.89174%)
entry 345000/5838681 (5.90887%)
entry 347000/5838681 (5.94312%)
entry 348000/5838681 (5.96025%)
entry 349000/5838681 (5.97738%)
entry 350000/5838681 (5.9945%)
entry 351000/5838681 (6.01163%)
entry 353000/5838681 (6.04589%)
entry 354000/5838681 (6.06301%)
entry 356000/5838681 (6.09727%)
entry 357000/5838681 (6.11439%)
entry 359000/5838681 (6.14865%)
entry 361000/5838681 (6.1829%)
entry 362000/5838681 (6.20003%)
entry 363000/5838681 (6.21716%)
entry 364000/5838681 (6.23428%)
entry 365000/5838681 (6.25141%)
entry 366000/5838681 (6.26854%)
entry 367000/5838681 (6.28567%)
entry 369000/5838681 (6.31992%)
entry 370000/5838681 (6.33705%)
entry 372000/5838681 (6.3713%)
entry 373000/5838681 (6.38843%)
entry 374000/5838681 (6.40556%)
entry 375000/5838681 (6.42268%)
entry 377000/5838681 (6.45694%)
entry 380000/5838681 (6.50832%)
entry 381000/5838681 (6.52545%)
entry 382000/5838681 (6.54257%)
entry 383000/5838681 (6.5597%)
entry 385000/5838681 (6.59396%)
entry 386000/5838681 (6.61108%)
entry 387000/5838681 (6.62821%)
entry 388000/5838681 (6.64534%)
entry 389000/5838681 (6.66246%)
entry 392000/5838681 (6.71384%)
entry 393000/5838681 (6.73097%)
entry 395000/5838681 (6.76523%)
entry 396000/5838681 (6.78235%)
entry 398000/5838681 (6.81661%)
entry 399000/5838681 (6.83374%)
entry 401000/5838681 (6.86799%)
entry 402000/5838681 (6.88512%)
entry 403000/5838681 (6.90224%)
entry 404000/5838681 (6.91937%)
entry 405000/5838681 (6.9365%)
entry 406000/5838681 (6.95363%)
entry 407000/5838681 (6.97075%)
entry 408000/5838681 (6.98788%)
entry 409000/5838681 (7.00501%)
entry 410000/5838681 (7.02213%)
entry 411000/5838681 (7.03926%)
entry 412000/5838681 (7.05639%)
entry 413000/5838681 (7.07352%)
entry 414000/5838681 (7.09064%)
entry 415000/5838681 (7.10777%)
entry 417000/5838681 (7.14202%)
entry 418000/5838681 (7.15915%)
entry 419000/5838681 (7.17628%)
entry 420000/5838681 (7.19341%)
entry 421000/5838681 (7.21053%)
entry 423000/5838681 (7.24479%)
entry 424000/5838681 (7.26191%)
entry 425000/5838681 (7.27904%)
entry 427000/5838681 (7.3133%)
entry 428000/5838681 (7.33042%)
entry 429000/5838681 (7.34755%)
entry 430000/5838681 (7.36468%)
entry 431000/5838681 (7.3818%)
entry 432000/5838681 (7.39893%)
entry 435000/5838681 (7.45031%)
entry 438000/5838681 (7.50169%)
entry 439000/5838681 (7.51882%)
entry 440000/5838681 (7.53595%)
entry 442000/5838681 (7.5702%)
entry 443000/5838681 (7.58733%)
entry 444000/5838681 (7.60446%)
entry 445000/5838681 (7.62158%)
entry 446000/5838681 (7.63871%)
entry 448000/5838681 (7.67297%)
entry 449000/5838681 (7.69009%)
entry 450000/5838681 (7.70722%)
entry 451000/5838681 (7.72435%)
entry 453000/5838681 (7.7586%)
entry 454000/5838681 (7.77573%)
entry 455000/5838681 (7.79286%)
entry 456000/5838681 (7.80998%)
entry 457000/5838681 (7.82711%)
entry 458000/5838681 (7.84424%)
entry 459000/5838681 (7.86136%)
entry 460000/5838681 (7.87849%)
entry 461000/5838681 (7.89562%)
entry 462000/5838681 (7.91275%)
entry 463000/5838681 (7.92987%)
entry 464000/5838681 (7.947%)
entry 465000/5838681 (7.96413%)
entry 466000/5838681 (7.98125%)
entry 467000/5838681 (7.99838%)
entry 468000/5838681 (8.01551%)
entry 469000/5838681 (8.03264%)
entry 470000/5838681 (8.04976%)
entry 471000/5838681 (8.06689%)
entry 472000/5838681 (8.08402%)
entry 474000/5838681 (8.11827%)
entry 475000/5838681 (8.1354%)
entry 476000/5838681 (8.15253%)
entry 477000/5838681 (8.16965%)
entry 478000/5838681 (8.18678%)
entry 479000/5838681 (8.20391%)
entry 480000/5838681 (8.22103%)
entry 482000/5838681 (8.25529%)
entry 484000/5838681 (8.28954%)
entry 485000/5838681 (8.30667%)
entry 486000/5838681 (8.3238%)
entry 487000/5838681 (8.34092%)
entry 488000/5838681 (8.35805%)
entry 489000/5838681 (8.37518%)
entry 490000/5838681 (8.39231%)
entry 493000/5838681 (8.44369%)
entry 495000/5838681 (8.47794%)
entry 496000/5838681 (8.49507%)
entry 497000/5838681 (8.5122%)
entry 498000/5838681 (8.52932%)
entry 499000/5838681 (8.54645%)
entry 500000/5838681 (8.56358%)
entry 501000/5838681 (8.5807%)
entry 502000/5838681 (8.59783%)
entry 503000/5838681 (8.61496%)
entry 505000/5838681 (8.64921%)
entry 506000/5838681 (8.66634%)
entry 507000/5838681 (8.68347%)
entry 508000/5838681 (8.7006%)
entry 509000/5838681 (8.71772%)
entry 510000/5838681 (8.73485%)
entry 511000/5838681 (8.75198%)
entry 513000/5838681 (8.78623%)
entry 514000/5838681 (8.80336%)
entry 516000/5838681 (8.83761%)
entry 517000/5838681 (8.85474%)
entry 520000/5838681 (8.90612%)
entry 521000/5838681 (8.92325%)
entry 522000/5838681 (8.94038%)
entry 523000/5838681 (8.9575%)
entry 524000/5838681 (8.97463%)
entry 527000/5838681 (9.02601%)
entry 528000/5838681 (9.04314%)
entry 530000/5838681 (9.07739%)
entry 531000/5838681 (9.09452%)
entry 533000/5838681 (9.12877%)
entry 534000/5838681 (9.1459%)
entry 535000/5838681 (9.16303%)
entry 536000/5838681 (9.18016%)
entry 537000/5838681 (9.19728%)
entry 538000/5838681 (9.21441%)
entry 540000/5838681 (9.24866%)
entry 542000/5838681 (9.28292%)
entry 543000/5838681 (9.30005%)
entry 545000/5838681 (9.3343%)
entry 546000/5838681 (9.35143%)
entry 547000/5838681 (9.36855%)
entry 548000/5838681 (9.38568%)
entry 549000/5838681 (9.40281%)
entry 550000/5838681 (9.41994%)
entry 551000/5838681 (9.43706%)
entry 552000/5838681 (9.45419%)
entry 553000/5838681 (9.47132%)
entry 554000/5838681 (9.48844%)
entry 555000/5838681 (9.50557%)
entry 556000/5838681 (9.5227%)
entry 557000/5838681 (9.53983%)
entry 558000/5838681 (9.55695%)
entry 561000/5838681 (9.60833%)
entry 562000/5838681 (9.62546%)
entry 563000/5838681 (9.64259%)
entry 564000/5838681 (9.65972%)
entry 565000/5838681 (9.67684%)
entry 566000/5838681 (9.69397%)
entry 570000/5838681 (9.76248%)
entry 571000/5838681 (9.77961%)
entry 572000/5838681 (9.79673%)
entry 573000/5838681 (9.81386%)
entry 574000/5838681 (9.83099%)
entry 576000/5838681 (9.86524%)
entry 577000/5838681 (9.88237%)
entry 578000/5838681 (9.8995%)
entry 579000/5838681 (9.91662%)
entry 580000/5838681 (9.93375%)
entry 581000/5838681 (9.95088%)
entry 583000/5838681 (9.98513%)
entry 585000/5838681 (10.0194%)
entry 588000/5838681 (10.0708%)
entry 590000/5838681 (10.105%)
entry 592000/5838681 (10.1393%)
entry 594000/5838681 (10.1735%)
entry 595000/5838681 (10.1907%)
entry 596000/5838681 (10.2078%)
entry 597000/5838681 (10.2249%)
entry 598000/5838681 (10.242%)
entry 600000/5838681 (10.2763%)
entry 601000/5838681 (10.2934%)
entry 602000/5838681 (10.3105%)
entry 603000/5838681 (10.3277%)
entry 605000/5838681 (10.3619%)
entry 606000/5838681 (10.3791%)
entry 607000/5838681 (10.3962%)
entry 608000/5838681 (10.4133%)
entry 609000/5838681 (10.4304%)
entry 610000/5838681 (10.4476%)
entry 611000/5838681 (10.4647%)
entry 612000/5838681 (10.4818%)
entry 613000/5838681 (10.4989%)
entry 614000/5838681 (10.5161%)
entry 615000/5838681 (10.5332%)
entry 616000/5838681 (10.5503%)
entry 617000/5838681 (10.5675%)
entry 619000/5838681 (10.6017%)
entry 620000/5838681 (10.6188%)
entry 622000/5838681 (10.6531%)
entry 623000/5838681 (10.6702%)
entry 626000/5838681 (10.7216%)
entry 628000/5838681 (10.7559%)
entry 630000/5838681 (10.7901%)
entry 631000/5838681 (10.8072%)
entry 634000/5838681 (10.8586%)
entry 635000/5838681 (10.8757%)
entry 637000/5838681 (10.91%)
entry 638000/5838681 (10.9271%)
entry 640000/5838681 (10.9614%)
entry 641000/5838681 (10.9785%)
entry 644000/5838681 (11.0299%)
entry 645000/5838681 (11.047%)
entry 646000/5838681 (11.0641%)
entry 647000/5838681 (11.0813%)
entry 648000/5838681 (11.0984%)
entry 650000/5838681 (11.1327%)
entry 652000/5838681 (11.1669%)
entry 653000/5838681 (11.184%)
entry 654000/5838681 (11.2012%)
entry 656000/5838681 (11.2354%)
entry 657000/5838681 (11.2525%)
entry 658000/5838681 (11.2697%)
entry 659000/5838681 (11.2868%)
entry 660000/5838681 (11.3039%)
entry 661000/5838681 (11.321%)
entry 662000/5838681 (11.3382%)
entry 663000/5838681 (11.3553%)
entry 664000/5838681 (11.3724%)
entry 666000/5838681 (11.4067%)
entry 668000/5838681 (11.4409%)
entry 669000/5838681 (11.4581%)
entry 670000/5838681 (11.4752%)
entry 671000/5838681 (11.4923%)
entry 672000/5838681 (11.5094%)
entry 673000/5838681 (11.5266%)
entry 674000/5838681 (11.5437%)
entry 676000/5838681 (11.578%)
entry 677000/5838681 (11.5951%)
entry 679000/5838681 (11.6293%)
entry 680000/5838681 (11.6465%)
entry 683000/5838681 (11.6978%)
entry 685000/5838681 (11.7321%)
entry 686000/5838681 (11.7492%)
entry 687000/5838681 (11.7664%)
entry 689000/5838681 (11.8006%)
entry 692000/5838681 (11.852%)
entry 695000/5838681 (11.9034%)
entry 696000/5838681 (11.9205%)
entry 697000/5838681 (11.9376%)
entry 698000/5838681 (11.9548%)
entry 700000/5838681 (11.989%)
entry 701000/5838681 (12.0061%)
entry 702000/5838681 (12.0233%)
entry 703000/5838681 (12.0404%)
entry 704000/5838681 (12.0575%)
entry 705000/5838681 (12.0746%)
entry 706000/5838681 (12.0918%)
entry 707000/5838681 (12.1089%)
entry 708000/5838681 (12.126%)
entry 709000/5838681 (12.1432%)
entry 711000/5838681 (12.1774%)
entry 713000/5838681 (12.2117%)
entry 714000/5838681 (12.2288%)
entry 715000/5838681 (12.2459%)
entry 716000/5838681 (12.263%)
entry 717000/5838681 (12.2802%)
entry 718000/5838681 (12.2973%)
entry 719000/5838681 (12.3144%)
entry 720000/5838681 (12.3316%)
entry 722000/5838681 (12.3658%)
entry 723000/5838681 (12.3829%)
entry 725000/5838681 (12.4172%)
entry 726000/5838681 (12.4343%)
entry 727000/5838681 (12.4514%)
entry 728000/5838681 (12.4686%)
entry 729000/5838681 (12.4857%)
entry 730000/5838681 (12.5028%)
entry 731000/5838681 (12.52%)
entry 732000/5838681 (12.5371%)
entry 733000/5838681 (12.5542%)
entry 734000/5838681 (12.5713%)
entry 735000/5838681 (12.5885%)
entry 738000/5838681 (12.6398%)
entry 739000/5838681 (12.657%)
entry 741000/5838681 (12.6912%)
entry 742000/5838681 (12.7083%)
entry 743000/5838681 (12.7255%)
entry 744000/5838681 (12.7426%)
entry 745000/5838681 (12.7597%)
entry 746000/5838681 (12.7769%)
entry 749000/5838681 (12.8282%)
entry 750000/5838681 (12.8454%)
entry 751000/5838681 (12.8625%)
entry 752000/5838681 (12.8796%)
entry 753000/5838681 (12.8967%)
entry 754000/5838681 (12.9139%)
entry 755000/5838681 (12.931%)
entry 757000/5838681 (12.9653%)
entry 759000/5838681 (12.9995%)
entry 760000/5838681 (13.0166%)
entry 761000/5838681 (13.0338%)
entry 762000/5838681 (13.0509%)
entry 763000/5838681 (13.068%)
entry 764000/5838681 (13.0851%)
entry 767000/5838681 (13.1365%)
entry 768000/5838681 (13.1537%)
entry 769000/5838681 (13.1708%)
entry 770000/5838681 (13.1879%)
entry 771000/5838681 (13.205%)
entry 772000/5838681 (13.2222%)
entry 773000/5838681 (13.2393%)
entry 774000/5838681 (13.2564%)
entry 776000/5838681 (13.2907%)
entry 778000/5838681 (13.3249%)
entry 780000/5838681 (13.3592%)
entry 782000/5838681 (13.3934%)
entry 783000/5838681 (13.4106%)
entry 784000/5838681 (13.4277%)
entry 785000/5838681 (13.4448%)
entry 788000/5838681 (13.4962%)
entry 789000/5838681 (13.5133%)
entry 790000/5838681 (13.5305%)
entry 791000/5838681 (13.5476%)
entry 792000/5838681 (13.5647%)
entry 794000/5838681 (13.599%)
entry 795000/5838681 (13.6161%)
entry 796000/5838681 (13.6332%)
entry 797000/5838681 (13.6503%)
entry 798000/5838681 (13.6675%)
entry 800000/5838681 (13.7017%)
entry 801000/5838681 (13.7189%)
entry 802000/5838681 (13.736%)
entry 804000/5838681 (13.7702%)
entry 805000/5838681 (13.7874%)
entry 807000/5838681 (13.8216%)
entry 808000/5838681 (13.8387%)
entry 809000/5838681 (13.8559%)
entry 811000/5838681 (13.8901%)
entry 812000/5838681 (13.9073%)
entry 814000/5838681 (13.9415%)
entry 815000/5838681 (13.9586%)
entry 816000/5838681 (13.9758%)
entry 817000/5838681 (13.9929%)
entry 818000/5838681 (14.01%)
entry 819000/5838681 (14.0271%)
entry 821000/5838681 (14.0614%)
entry 822000/5838681 (14.0785%)
entry 825000/5838681 (14.1299%)
entry 826000/5838681 (14.147%)
entry 827000/5838681 (14.1642%)
entry 828000/5838681 (14.1813%)
entry 829000/5838681 (14.1984%)
entry 830000/5838681 (14.2155%)
entry 832000/5838681 (14.2498%)
entry 833000/5838681 (14.2669%)
entry 834000/5838681 (14.284%)
entry 835000/5838681 (14.3012%)
entry 837000/5838681 (14.3354%)
entry 838000/5838681 (14.3526%)
entry 839000/5838681 (14.3697%)
entry 840000/5838681 (14.3868%)
entry 841000/5838681 (14.4039%)
entry 842000/5838681 (14.4211%)
entry 843000/5838681 (14.4382%)
entry 846000/5838681 (14.4896%)
entry 847000/5838681 (14.5067%)
entry 849000/5838681 (14.541%)
entry 850000/5838681 (14.5581%)
entry 851000/5838681 (14.5752%)
entry 853000/5838681 (14.6095%)
entry 854000/5838681 (14.6266%)
entry 856000/5838681 (14.6608%)
entry 857000/5838681 (14.678%)
entry 858000/5838681 (14.6951%)
entry 861000/5838681 (14.7465%)
entry 862000/5838681 (14.7636%)
entry 863000/5838681 (14.7807%)
entry 864000/5838681 (14.7979%)
entry 866000/5838681 (14.8321%)
entry 867000/5838681 (14.8492%)
entry 868000/5838681 (14.8664%)
entry 869000/5838681 (14.8835%)
entry 870000/5838681 (14.9006%)
entry 871000/5838681 (14.9178%)
entry 872000/5838681 (14.9349%)
entry 873000/5838681 (14.952%)
entry 874000/5838681 (14.9691%)
entry 875000/5838681 (14.9863%)
entry 876000/5838681 (15.0034%)
entry 877000/5838681 (15.0205%)
entry 878000/5838681 (15.0376%)
entry 879000/5838681 (15.0548%)
entry 882000/5838681 (15.1062%)
entry 885000/5838681 (15.1575%)
entry 886000/5838681 (15.1747%)
entry 887000/5838681 (15.1918%)
entry 888000/5838681 (15.2089%)
entry 889000/5838681 (15.226%)
entry 890000/5838681 (15.2432%)
entry 891000/5838681 (15.2603%)
entry 892000/5838681 (15.2774%)
entry 894000/5838681 (15.3117%)
entry 895000/5838681 (15.3288%)
entry 896000/5838681 (15.3459%)
entry 897000/5838681 (15.3631%)
entry 898000/5838681 (15.3802%)
entry 899000/5838681 (15.3973%)
entry 900000/5838681 (15.4144%)
entry 901000/5838681 (15.4316%)
entry 902000/5838681 (15.4487%)
entry 903000/5838681 (15.4658%)
entry 904000/5838681 (15.4829%)
entry 905000/5838681 (15.5001%)
entry 907000/5838681 (15.5343%)
entry 908000/5838681 (15.5515%)
entry 909000/5838681 (15.5686%)
entry 910000/5838681 (15.5857%)
entry 912000/5838681 (15.62%)
entry 915000/5838681 (15.6713%)
entry 916000/5838681 (15.6885%)
entry 918000/5838681 (15.7227%)
entry 919000/5838681 (15.7399%)
entry 920000/5838681 (15.757%)
entry 921000/5838681 (15.7741%)
entry 922000/5838681 (15.7912%)
entry 923000/5838681 (15.8084%)
entry 924000/5838681 (15.8255%)
entry 925000/5838681 (15.8426%)
entry 927000/5838681 (15.8769%)
entry 929000/5838681 (15.9111%)
entry 930000/5838681 (15.9283%)
entry 931000/5838681 (15.9454%)
entry 932000/5838681 (15.9625%)
entry 933000/5838681 (15.9796%)
entry 934000/5838681 (15.9968%)
entry 935000/5838681 (16.0139%)
entry 937000/5838681 (16.0481%)
entry 938000/5838681 (16.0653%)
entry 939000/5838681 (16.0824%)
entry 940000/5838681 (16.0995%)
entry 941000/5838681 (16.1167%)
entry 943000/5838681 (16.1509%)
entry 944000/5838681 (16.168%)
entry 945000/5838681 (16.1852%)
entry 946000/5838681 (16.2023%)
entry 947000/5838681 (16.2194%)
entry 948000/5838681 (16.2365%)
entry 950000/5838681 (16.2708%)
entry 951000/5838681 (16.2879%)
entry 952000/5838681 (16.3051%)
entry 953000/5838681 (16.3222%)
entry 955000/5838681 (16.3564%)
entry 956000/5838681 (16.3736%)
entry 957000/5838681 (16.3907%)
entry 959000/5838681 (16.4249%)
entry 960000/5838681 (16.4421%)
entry 961000/5838681 (16.4592%)
entry 962000/5838681 (16.4763%)
entry 964000/5838681 (16.5106%)
entry 965000/5838681 (16.5277%)
entry 966000/5838681 (16.5448%)
entry 967000/5838681 (16.562%)
entry 968000/5838681 (16.5791%)
entry 969000/5838681 (16.5962%)
entry 971000/5838681 (16.6305%)
entry 973000/5838681 (16.6647%)
entry 974000/5838681 (16.6818%)
entry 975000/5838681 (16.699%)
entry 977000/5838681 (16.7332%)
entry 978000/5838681 (16.7504%)
entry 979000/5838681 (16.7675%)
entry 980000/5838681 (16.7846%)
entry 981000/5838681 (16.8017%)
entry 982000/5838681 (16.8189%)
entry 984000/5838681 (16.8531%)
entry 988000/5838681 (16.9216%)
entry 989000/5838681 (16.9388%)
entry 992000/5838681 (16.9901%)
entry 993000/5838681 (17.0073%)
entry 994000/5838681 (17.0244%)
entry 995000/5838681 (17.0415%)
entry 996000/5838681 (17.0586%)
entry 997000/5838681 (17.0758%)
entry 999000/5838681 (17.11%)
entry 1000000/5838681 (17.1272%)
entry 1001000/5838681 (17.1443%)
entry 1002000/5838681 (17.1614%)
entry 1003000/5838681 (17.1785%)
entry 1004000/5838681 (17.1957%)
entry 1005000/5838681 (17.2128%)
entry 1006000/5838681 (17.2299%)
entry 1009000/5838681 (17.2813%)
entry 1012000/5838681 (17.3327%)
entry 1013000/5838681 (17.3498%)
entry 1014000/5838681 (17.3669%)
entry 1015000/5838681 (17.3841%)
entry 1016000/5838681 (17.4012%)
entry 1018000/5838681 (17.4354%)
entry 1020000/5838681 (17.4697%)
entry 1021000/5838681 (17.4868%)
entry 1022000/5838681 (17.504%)
entry 1024000/5838681 (17.5382%)
entry 1025000/5838681 (17.5553%)
entry 1026000/5838681 (17.5725%)
entry 1028000/5838681 (17.6067%)
entry 1029000/5838681 (17.6238%)
entry 1030000/5838681 (17.641%)
entry 1031000/5838681 (17.6581%)
entry 1032000/5838681 (17.6752%)
entry 1034000/5838681 (17.7095%)
entry 1035000/5838681 (17.7266%)
entry 1039000/5838681 (17.7951%)
entry 1040000/5838681 (17.8122%)
entry 1041000/5838681 (17.8294%)
entry 1042000/5838681 (17.8465%)
entry 1043000/5838681 (17.8636%)
entry 1044000/5838681 (17.8808%)
entry 1047000/5838681 (17.9321%)
entry 1048000/5838681 (17.9493%)
entry 1049000/5838681 (17.9664%)
entry 1050000/5838681 (17.9835%)
entry 1051000/5838681 (18.0006%)
entry 1052000/5838681 (18.0178%)
entry 1053000/5838681 (18.0349%)
entry 1056000/5838681 (18.0863%)
entry 1057000/5838681 (18.1034%)
entry 1058000/5838681 (18.1205%)
entry 1059000/5838681 (18.1377%)
entry 1060000/5838681 (18.1548%)
entry 1061000/5838681 (18.1719%)
entry 1063000/5838681 (18.2062%)
entry 1064000/5838681 (18.2233%)
entry 1066000/5838681 (18.2575%)
entry 1067000/5838681 (18.2747%)
entry 1068000/5838681 (18.2918%)
entry 1070000/5838681 (18.3261%)
entry 1071000/5838681 (18.3432%)
entry 1072000/5838681 (18.3603%)
entry 1073000/5838681 (18.3774%)
entry 1074000/5838681 (18.3946%)
entry 1076000/5838681 (18.4288%)
entry 1077000/5838681 (18.4459%)
entry 1079000/5838681 (18.4802%)
entry 1080000/5838681 (18.4973%)
entry 1082000/5838681 (18.5316%)
entry 1084000/5838681 (18.5658%)
entry 1085000/5838681 (18.583%)
entry 1087000/5838681 (18.6172%)
entry 1088000/5838681 (18.6343%)
entry 1089000/5838681 (18.6515%)
entry 1090000/5838681 (18.6686%)
entry 1091000/5838681 (18.6857%)
entry 1092000/5838681 (18.7029%)
entry 1093000/5838681 (18.72%)
entry 1094000/5838681 (18.7371%)
entry 1095000/5838681 (18.7542%)
entry 1098000/5838681 (18.8056%)
entry 1099000/5838681 (18.8227%)
entry 1101000/5838681 (18.857%)
entry 1102000/5838681 (18.8741%)
entry 1103000/5838681 (18.8913%)
entry 1104000/5838681 (18.9084%)
entry 1105000/5838681 (18.9255%)
entry 1106000/5838681 (18.9426%)
entry 1107000/5838681 (18.9598%)
entry 1108000/5838681 (18.9769%)
entry 1109000/5838681 (18.994%)
entry 1110000/5838681 (19.0111%)
entry 1112000/5838681 (19.0454%)
entry 1113000/5838681 (19.0625%)
entry 1115000/5838681 (19.0968%)
entry 1116000/5838681 (19.1139%)
entry 1117000/5838681 (19.131%)
entry 1118000/5838681 (19.1482%)
entry 1119000/5838681 (19.1653%)
entry 1122000/5838681 (19.2167%)
entry 1123000/5838681 (19.2338%)
entry 1125000/5838681 (19.2681%)
entry 1126000/5838681 (19.2852%)
entry 1128000/5838681 (19.3194%)
entry 1130000/5838681 (19.3537%)
entry 1131000/5838681 (19.3708%)
entry 1132000/5838681 (19.3879%)
entry 1133000/5838681 (19.4051%)
entry 1134000/5838681 (19.4222%)
entry 1135000/5838681 (19.4393%)
entry 1136000/5838681 (19.4564%)
entry 1137000/5838681 (19.4736%)
entry 1141000/5838681 (19.5421%)
entry 1142000/5838681 (19.5592%)
entry 1143000/5838681 (19.5763%)
entry 1144000/5838681 (19.5935%)
entry 1145000/5838681 (19.6106%)
entry 1146000/5838681 (19.6277%)
entry 1147000/5838681 (19.6448%)
entry 1148000/5838681 (19.662%)
entry 1149000/5838681 (19.6791%)
entry 1150000/5838681 (19.6962%)
entry 1151000/5838681 (19.7134%)
entry 1152000/5838681 (19.7305%)
entry 1153000/5838681 (19.7476%)
entry 1154000/5838681 (19.7647%)
entry 1155000/5838681 (19.7819%)
entry 1156000/5838681 (19.799%)
entry 1157000/5838681 (19.8161%)
entry 1158000/5838681 (19.8332%)
entry 1159000/5838681 (19.8504%)
entry 1160000/5838681 (19.8675%)
entry 1162000/5838681 (19.9018%)
entry 1164000/5838681 (19.936%)
entry 1165000/5838681 (19.9531%)
entry 1166000/5838681 (19.9703%)
entry 1167000/5838681 (19.9874%)
entry 1168000/5838681 (20.0045%)
entry 1169000/5838681 (20.0216%)
entry 1170000/5838681 (20.0388%)
entry 1171000/5838681 (20.0559%)
entry 1172000/5838681 (20.073%)
entry 1173000/5838681 (20.0902%)
entry 1174000/5838681 (20.1073%)
entry 1176000/5838681 (20.1415%)
entry 1178000/5838681 (20.1758%)
entry 1179000/5838681 (20.1929%)
entry 1180000/5838681 (20.21%)
entry 1181000/5838681 (20.2272%)
entry 1182000/5838681 (20.2443%)
entry 1183000/5838681 (20.2614%)
entry 1184000/5838681 (20.2786%)
entry 1186000/5838681 (20.3128%)
entry 1187000/5838681 (20.3299%)
entry 1188000/5838681 (20.3471%)
entry 1189000/5838681 (20.3642%)
entry 1190000/5838681 (20.3813%)
entry 1191000/5838681 (20.3984%)
entry 1192000/5838681 (20.4156%)
entry 1194000/5838681 (20.4498%)
entry 1195000/5838681 (20.467%)
entry 1196000/5838681 (20.4841%)
entry 1197000/5838681 (20.5012%)
entry 1199000/5838681 (20.5355%)
entry 1201000/5838681 (20.5697%)
entry 1202000/5838681 (20.5868%)
entry 1203000/5838681 (20.604%)
entry 1204000/5838681 (20.6211%)
entry 1205000/5838681 (20.6382%)
entry 1206000/5838681 (20.6554%)
entry 1208000/5838681 (20.6896%)
entry 1209000/5838681 (20.7067%)
entry 1211000/5838681 (20.741%)
entry 1212000/5838681 (20.7581%)
entry 1213000/5838681 (20.7752%)
entry 1214000/5838681 (20.7924%)
entry 1215000/5838681 (20.8095%)
entry 1217000/5838681 (20.8437%)
entry 1218000/5838681 (20.8609%)
entry 1219000/5838681 (20.878%)
entry 1220000/5838681 (20.8951%)
entry 1221000/5838681 (20.9123%)
entry 1223000/5838681 (20.9465%)
entry 1224000/5838681 (20.9636%)
entry 1225000/5838681 (20.9808%)
entry 1227000/5838681 (21.015%)
entry 1228000/5838681 (21.0321%)
entry 1230000/5838681 (21.0664%)
entry 1231000/5838681 (21.0835%)
entry 1235000/5838681 (21.152%)
entry 1237000/5838681 (21.1863%)
entry 1238000/5838681 (21.2034%)
entry 1239000/5838681 (21.2205%)
entry 1240000/5838681 (21.2377%)
entry 1241000/5838681 (21.2548%)
entry 1243000/5838681 (21.2891%)
entry 1244000/5838681 (21.3062%)
entry 1245000/5838681 (21.3233%)
entry 1246000/5838681 (21.3404%)
entry 1247000/5838681 (21.3576%)
entry 1248000/5838681 (21.3747%)
entry 1249000/5838681 (21.3918%)
entry 1250000/5838681 (21.4089%)
entry 1251000/5838681 (21.4261%)
entry 1252000/5838681 (21.4432%)
entry 1253000/5838681 (21.4603%)
entry 1254000/5838681 (21.4775%)
entry 1255000/5838681 (21.4946%)
entry 1256000/5838681 (21.5117%)
entry 1257000/5838681 (21.5288%)
entry 1258000/5838681 (21.546%)
entry 1259000/5838681 (21.5631%)
entry 1260000/5838681 (21.5802%)
entry 1261000/5838681 (21.5973%)
entry 1264000/5838681 (21.6487%)
entry 1267000/5838681 (21.7001%)
entry 1269000/5838681 (21.7344%)
entry 1271000/5838681 (21.7686%)
entry 1272000/5838681 (21.7857%)
entry 1274000/5838681 (21.82%)
entry 1275000/5838681 (21.8371%)
entry 1277000/5838681 (21.8714%)
entry 1278000/5838681 (21.8885%)
entry 1281000/5838681 (21.9399%)
entry 1282000/5838681 (21.957%)
entry 1283000/5838681 (21.9741%)
entry 1284000/5838681 (21.9913%)
entry 1285000/5838681 (22.0084%)
entry 1286000/5838681 (22.0255%)
entry 1288000/5838681 (22.0598%)
entry 1290000/5838681 (22.094%)
entry 1291000/5838681 (22.1112%)
entry 1294000/5838681 (22.1625%)
entry 1295000/5838681 (22.1797%)
entry 1297000/5838681 (22.2139%)
entry 1298000/5838681 (22.231%)
entry 1299000/5838681 (22.2482%)
entry 1300000/5838681 (22.2653%)
entry 1302000/5838681 (22.2996%)
entry 1303000/5838681 (22.3167%)
entry 1304000/5838681 (22.3338%)
entry 1305000/5838681 (22.3509%)
entry 1306000/5838681 (22.3681%)
entry 1307000/5838681 (22.3852%)
entry 1308000/5838681 (22.4023%)
entry 1310000/5838681 (22.4366%)
entry 1311000/5838681 (22.4537%)
entry 1313000/5838681 (22.488%)
entry 1314000/5838681 (22.5051%)
entry 1315000/5838681 (22.5222%)
entry 1316000/5838681 (22.5393%)
entry 1317000/5838681 (22.5565%)
entry 1318000/5838681 (22.5736%)
entry 1319000/5838681 (22.5907%)
entry 1320000/5838681 (22.6078%)
entry 1321000/5838681 (22.625%)
entry 1322000/5838681 (22.6421%)
entry 1323000/5838681 (22.6592%)
entry 1324000/5838681 (22.6764%)
entry 1325000/5838681 (22.6935%)
entry 1326000/5838681 (22.7106%)
entry 1327000/5838681 (22.7277%)
entry 1329000/5838681 (22.762%)
entry 1331000/5838681 (22.7962%)
entry 1332000/5838681 (22.8134%)
entry 1333000/5838681 (22.8305%)
entry 1334000/5838681 (22.8476%)
entry 1335000/5838681 (22.8648%)
entry 1336000/5838681 (22.8819%)
entry 1338000/5838681 (22.9161%)
entry 1340000/5838681 (22.9504%)
entry 1341000/5838681 (22.9675%)
entry 1342000/5838681 (22.9846%)
entry 1343000/5838681 (23.0018%)
entry 1344000/5838681 (23.0189%)
entry 1346000/5838681 (23.0532%)
entry 1348000/5838681 (23.0874%)
entry 1349000/5838681 (23.1045%)
entry 1351000/5838681 (23.1388%)
entry 1352000/5838681 (23.1559%)
entry 1353000/5838681 (23.173%)
entry 1354000/5838681 (23.1902%)
entry 1356000/5838681 (23.2244%)
entry 1358000/5838681 (23.2587%)
entry 1359000/5838681 (23.2758%)
entry 1360000/5838681 (23.2929%)
entry 1361000/5838681 (23.3101%)
entry 1362000/5838681 (23.3272%)
entry 1363000/5838681 (23.3443%)
entry 1364000/5838681 (23.3614%)
entry 1365000/5838681 (23.3786%)
entry 1367000/5838681 (23.4128%)
entry 1370000/5838681 (23.4642%)
entry 1371000/5838681 (23.4813%)
entry 1373000/5838681 (23.5156%)
entry 1374000/5838681 (23.5327%)
entry 1375000/5838681 (23.5498%)
entry 1376000/5838681 (23.567%)
entry 1377000/5838681 (23.5841%)
entry 1378000/5838681 (23.6012%)
entry 1379000/5838681 (23.6183%)
entry 1380000/5838681 (23.6355%)
entry 1381000/5838681 (23.6526%)
entry 1384000/5838681 (23.704%)
entry 1385000/5838681 (23.7211%)
entry 1386000/5838681 (23.7382%)
entry 1387000/5838681 (23.7554%)
entry 1388000/5838681 (23.7725%)
entry 1389000/5838681 (23.7896%)
entry 1390000/5838681 (23.8067%)
entry 1391000/5838681 (23.8239%)
entry 1394000/5838681 (23.8753%)
entry 1395000/5838681 (23.8924%)
entry 1397000/5838681 (23.9266%)
entry 1400000/5838681 (23.978%)
entry 1401000/5838681 (23.9951%)
entry 1402000/5838681 (24.0123%)
entry 1404000/5838681 (24.0465%)
entry 1405000/5838681 (24.0637%)
entry 1406000/5838681 (24.0808%)
entry 1408000/5838681 (24.115%)
entry 1409000/5838681 (24.1322%)
entry 1410000/5838681 (24.1493%)
entry 1411000/5838681 (24.1664%)
entry 1412000/5838681 (24.1835%)
entry 1413000/5838681 (24.2007%)
entry 1414000/5838681 (24.2178%)
entry 1415000/5838681 (24.2349%)
entry 1416000/5838681 (24.2521%)
entry 1417000/5838681 (24.2692%)
entry 1419000/5838681 (24.3034%)
entry 1422000/5838681 (24.3548%)
entry 1423000/5838681 (24.3719%)
entry 1424000/5838681 (24.3891%)
entry 1425000/5838681 (24.4062%)
entry 1427000/5838681 (24.4405%)
entry 1428000/5838681 (24.4576%)
entry 1429000/5838681 (24.4747%)
entry 1430000/5838681 (24.4918%)
entry 1431000/5838681 (24.509%)
entry 1432000/5838681 (24.5261%)
entry 1433000/5838681 (24.5432%)
entry 1435000/5838681 (24.5775%)
entry 1436000/5838681 (24.5946%)
entry 1437000/5838681 (24.6117%)
entry 1438000/5838681 (24.6289%)
entry 1439000/5838681 (24.646%)
entry 1440000/5838681 (24.6631%)
entry 1441000/5838681 (24.6802%)
entry 1443000/5838681 (24.7145%)
entry 1444000/5838681 (24.7316%)
entry 1445000/5838681 (24.7487%)
entry 1446000/5838681 (24.7659%)
entry 1447000/5838681 (24.783%)
entry 1448000/5838681 (24.8001%)
entry 1449000/5838681 (24.8172%)
entry 1450000/5838681 (24.8344%)
entry 1451000/5838681 (24.8515%)
entry 1453000/5838681 (24.8858%)
entry 1457000/5838681 (24.9543%)
entry 1458000/5838681 (24.9714%)
entry 1460000/5838681 (25.0056%)
entry 1461000/5838681 (25.0228%)
entry 1462000/5838681 (25.0399%)
entry 1464000/5838681 (25.0742%)
entry 1466000/5838681 (25.1084%)
entry 1467000/5838681 (25.1255%)
entry 1468000/5838681 (25.1427%)
entry 1469000/5838681 (25.1598%)
entry 1470000/5838681 (25.1769%)
entry 1471000/5838681 (25.194%)
entry 1472000/5838681 (25.2112%)
entry 1473000/5838681 (25.2283%)
entry 1474000/5838681 (25.2454%)
entry 1475000/5838681 (25.2626%)
entry 1476000/5838681 (25.2797%)
entry 1477000/5838681 (25.2968%)
entry 1479000/5838681 (25.3311%)
entry 1480000/5838681 (25.3482%)
entry 1482000/5838681 (25.3824%)
entry 1483000/5838681 (25.3996%)
entry 1484000/5838681 (25.4167%)
entry 1485000/5838681 (25.4338%)
entry 1486000/5838681 (25.451%)
entry 1487000/5838681 (25.4681%)
entry 1488000/5838681 (25.4852%)
entry 1489000/5838681 (25.5023%)
entry 1490000/5838681 (25.5195%)
entry 1491000/5838681 (25.5366%)
entry 1492000/5838681 (25.5537%)
entry 1493000/5838681 (25.5708%)
entry 1494000/5838681 (25.588%)
entry 1495000/5838681 (25.6051%)
entry 1496000/5838681 (25.6222%)
entry 1497000/5838681 (25.6394%)
entry 1499000/5838681 (25.6736%)
entry 1500000/5838681 (25.6907%)
entry 1501000/5838681 (25.7079%)
entry 1502000/5838681 (25.725%)
entry 1504000/5838681 (25.7592%)
entry 1505000/5838681 (25.7764%)
entry 1507000/5838681 (25.8106%)
entry 1508000/5838681 (25.8278%)
entry 1510000/5838681 (25.862%)
entry 1513000/5838681 (25.9134%)
entry 1515000/5838681 (25.9476%)
entry 1517000/5838681 (25.9819%)
entry 1518000/5838681 (25.999%)
entry 1520000/5838681 (26.0333%)
entry 1522000/5838681 (26.0675%)
entry 1523000/5838681 (26.0847%)
entry 1524000/5838681 (26.1018%)
entry 1526000/5838681 (26.136%)
entry 1527000/5838681 (26.1532%)
entry 1528000/5838681 (26.1703%)
entry 1529000/5838681 (26.1874%)
entry 1530000/5838681 (26.2045%)
entry 1532000/5838681 (26.2388%)
entry 1534000/5838681 (26.2731%)
entry 1535000/5838681 (26.2902%)
entry 1537000/5838681 (26.3244%)
entry 1538000/5838681 (26.3416%)
entry 1539000/5838681 (26.3587%)
entry 1540000/5838681 (26.3758%)
entry 1542000/5838681 (26.4101%)
entry 1543000/5838681 (26.4272%)
entry 1545000/5838681 (26.4615%)
entry 1546000/5838681 (26.4786%)
entry 1548000/5838681 (26.5128%)
entry 1549000/5838681 (26.53%)
entry 1550000/5838681 (26.5471%)
entry 1551000/5838681 (26.5642%)
entry 1553000/5838681 (26.5985%)
entry 1554000/5838681 (26.6156%)
entry 1555000/5838681 (26.6327%)
entry 1556000/5838681 (26.6499%)
entry 1557000/5838681 (26.667%)
entry 1560000/5838681 (26.7184%)
entry 1562000/5838681 (26.7526%)
entry 1563000/5838681 (26.7697%)
entry 1564000/5838681 (26.7869%)
entry 1566000/5838681 (26.8211%)
entry 1567000/5838681 (26.8383%)
entry 1568000/5838681 (26.8554%)
entry 1569000/5838681 (26.8725%)
entry 1570000/5838681 (26.8896%)
entry 1571000/5838681 (26.9068%)
entry 1572000/5838681 (26.9239%)
entry 1575000/5838681 (26.9753%)
entry 1576000/5838681 (26.9924%)
entry 1577000/5838681 (27.0095%)
entry 1578000/5838681 (27.0267%)
entry 1580000/5838681 (27.0609%)
entry 1581000/5838681 (27.078%)
entry 1583000/5838681 (27.1123%)
entry 1585000/5838681 (27.1465%)
entry 1586000/5838681 (27.1637%)
entry 1587000/5838681 (27.1808%)
entry 1588000/5838681 (27.1979%)
entry 1590000/5838681 (27.2322%)
entry 1592000/5838681 (27.2664%)
entry 1594000/5838681 (27.3007%)
entry 1596000/5838681 (27.3349%)
entry 1597000/5838681 (27.3521%)
entry 1598000/5838681 (27.3692%)
entry 1599000/5838681 (27.3863%)
entry 1601000/5838681 (27.4206%)
entry 1603000/5838681 (27.4548%)
entry 1604000/5838681 (27.472%)
entry 1605000/5838681 (27.4891%)
entry 1606000/5838681 (27.5062%)
entry 1607000/5838681 (27.5233%)
entry 1610000/5838681 (27.5747%)
entry 1611000/5838681 (27.5918%)
entry 1612000/5838681 (27.609%)
entry 1613000/5838681 (27.6261%)
entry 1614000/5838681 (27.6432%)
entry 1615000/5838681 (27.6604%)
entry 1616000/5838681 (27.6775%)
entry 1617000/5838681 (27.6946%)
entry 1618000/5838681 (27.7117%)
entry 1620000/5838681 (27.746%)
entry 1622000/5838681 (27.7802%)
entry 1623000/5838681 (27.7974%)
entry 1624000/5838681 (27.8145%)
entry 1625000/5838681 (27.8316%)
entry 1626000/5838681 (27.8488%)
entry 1627000/5838681 (27.8659%)
entry 1630000/5838681 (27.9173%)
entry 1631000/5838681 (27.9344%)
entry 1632000/5838681 (27.9515%)
entry 1634000/5838681 (27.9858%)
entry 1635000/5838681 (28.0029%)
entry 1636000/5838681 (28.02%)
entry 1637000/5838681 (28.0372%)
entry 1638000/5838681 (28.0543%)
entry 1639000/5838681 (28.0714%)
entry 1640000/5838681 (28.0885%)
entry 1641000/5838681 (28.1057%)
entry 1642000/5838681 (28.1228%)
entry 1643000/5838681 (28.1399%)
entry 1647000/5838681 (28.2084%)
entry 1649000/5838681 (28.2427%)
entry 1650000/5838681 (28.2598%)
entry 1651000/5838681 (28.2769%)
entry 1652000/5838681 (28.2941%)
entry 1653000/5838681 (28.3112%)
entry 1655000/5838681 (28.3454%)
entry 1656000/5838681 (28.3626%)
entry 1657000/5838681 (28.3797%)
entry 1658000/5838681 (28.3968%)
entry 1659000/5838681 (28.414%)
entry 1660000/5838681 (28.4311%)
entry 1663000/5838681 (28.4825%)
entry 1664000/5838681 (28.4996%)
entry 1665000/5838681 (28.5167%)
entry 1666000/5838681 (28.5338%)
entry 1667000/5838681 (28.551%)
entry 1668000/5838681 (28.5681%)
entry 1669000/5838681 (28.5852%)
entry 1670000/5838681 (28.6023%)
entry 1672000/5838681 (28.6366%)
entry 1673000/5838681 (28.6537%)
entry 1674000/5838681 (28.6709%)
entry 1677000/5838681 (28.7222%)
entry 1678000/5838681 (28.7394%)
entry 1679000/5838681 (28.7565%)
entry 1680000/5838681 (28.7736%)
entry 1683000/5838681 (28.825%)
entry 1685000/5838681 (28.8593%)
entry 1686000/5838681 (28.8764%)
entry 1687000/5838681 (28.8935%)
entry 1688000/5838681 (28.9106%)
entry 1690000/5838681 (28.9449%)
entry 1691000/5838681 (28.962%)
entry 1693000/5838681 (28.9963%)
entry 1694000/5838681 (29.0134%)
entry 1695000/5838681 (29.0305%)
entry 1696000/5838681 (29.0477%)
entry 1698000/5838681 (29.0819%)
entry 1699000/5838681 (29.099%)
entry 1700000/5838681 (29.1162%)
entry 1702000/5838681 (29.1504%)
entry 1703000/5838681 (29.1675%)
entry 1704000/5838681 (29.1847%)
entry 1705000/5838681 (29.2018%)
entry 1707000/5838681 (29.2361%)
entry 1708000/5838681 (29.2532%)
entry 1709000/5838681 (29.2703%)
entry 1711000/5838681 (29.3046%)
entry 1713000/5838681 (29.3388%)
entry 1714000/5838681 (29.3559%)
entry 1715000/5838681 (29.3731%)
entry 1716000/5838681 (29.3902%)
entry 1717000/5838681 (29.4073%)
entry 1721000/5838681 (29.4758%)
entry 1722000/5838681 (29.493%)
entry 1723000/5838681 (29.5101%)
entry 1726000/5838681 (29.5615%)
entry 1727000/5838681 (29.5786%)
entry 1728000/5838681 (29.5957%)
entry 1730000/5838681 (29.63%)
entry 1731000/5838681 (29.6471%)
entry 1732000/5838681 (29.6642%)
entry 1734000/5838681 (29.6985%)
entry 1737000/5838681 (29.7499%)
entry 1738000/5838681 (29.767%)
entry 1739000/5838681 (29.7841%)
entry 1741000/5838681 (29.8184%)
entry 1742000/5838681 (29.8355%)
entry 1743000/5838681 (29.8526%)
entry 1744000/5838681 (29.8698%)
entry 1746000/5838681 (29.904%)
entry 1747000/5838681 (29.9211%)
entry 1748000/5838681 (29.9383%)
entry 1749000/5838681 (29.9554%)
entry 1750000/5838681 (29.9725%)
entry 1751000/5838681 (29.9897%)
entry 1752000/5838681 (30.0068%)
entry 1753000/5838681 (30.0239%)
entry 1754000/5838681 (30.041%)
entry 1757000/5838681 (30.0924%)
entry 1759000/5838681 (30.1267%)
entry 1761000/5838681 (30.1609%)
entry 1762000/5838681 (30.178%)
entry 1763000/5838681 (30.1952%)
entry 1764000/5838681 (30.2123%)
entry 1765000/5838681 (30.2294%)
entry 1767000/5838681 (30.2637%)
entry 1768000/5838681 (30.2808%)
entry 1769000/5838681 (30.2979%)
entry 1771000/5838681 (30.3322%)
entry 1772000/5838681 (30.3493%)
entry 1773000/5838681 (30.3664%)
entry 1774000/5838681 (30.3836%)
entry 1775000/5838681 (30.4007%)
entry 1776000/5838681 (30.4178%)
entry 1778000/5838681 (30.4521%)
entry 1779000/5838681 (30.4692%)
entry 1780000/5838681 (30.4863%)
entry 1781000/5838681 (30.5035%)
entry 1782000/5838681 (30.5206%)
entry 1784000/5838681 (30.5548%)
entry 1785000/5838681 (30.572%)
entry 1786000/5838681 (30.5891%)
entry 1787000/5838681 (30.6062%)
entry 1788000/5838681 (30.6234%)
entry 1792000/5838681 (30.6919%)
entry 1794000/5838681 (30.7261%)
entry 1795000/5838681 (30.7432%)
entry 1796000/5838681 (30.7604%)
entry 1797000/5838681 (30.7775%)
entry 1798000/5838681 (30.7946%)
entry 1799000/5838681 (30.8118%)
entry 1800000/5838681 (30.8289%)
entry 1801000/5838681 (30.846%)
entry 1803000/5838681 (30.8803%)
entry 1804000/5838681 (30.8974%)
entry 1805000/5838681 (30.9145%)
entry 1806000/5838681 (30.9316%)
entry 1807000/5838681 (30.9488%)
entry 1809000/5838681 (30.983%)
entry 1810000/5838681 (31.0002%)
entry 1812000/5838681 (31.0344%)
entry 1814000/5838681 (31.0687%)
entry 1815000/5838681 (31.0858%)
entry 1818000/5838681 (31.1372%)
entry 1819000/5838681 (31.1543%)
entry 1821000/5838681 (31.1886%)
entry 1822000/5838681 (31.2057%)
entry 1824000/5838681 (31.2399%)
entry 1825000/5838681 (31.2571%)
entry 1826000/5838681 (31.2742%)
entry 1827000/5838681 (31.2913%)
entry 1828000/5838681 (31.3084%)
entry 1829000/5838681 (31.3256%)
entry 1830000/5838681 (31.3427%)
entry 1831000/5838681 (31.3598%)
entry 1832000/5838681 (31.3769%)
entry 1833000/5838681 (31.3941%)
entry 1834000/5838681 (31.4112%)
entry 1835000/5838681 (31.4283%)
entry 1836000/5838681 (31.4455%)
entry 1837000/5838681 (31.4626%)
entry 1838000/5838681 (31.4797%)
entry 1839000/5838681 (31.4968%)
entry 1840000/5838681 (31.514%)
entry 1841000/5838681 (31.5311%)
entry 1842000/5838681 (31.5482%)
entry 1843000/5838681 (31.5653%)
entry 1848000/5838681 (31.651%)
entry 1849000/5838681 (31.6681%)
entry 1850000/5838681 (31.6852%)
entry 1851000/5838681 (31.7024%)
entry 1852000/5838681 (31.7195%)
entry 1853000/5838681 (31.7366%)
entry 1854000/5838681 (31.7537%)
entry 1855000/5838681 (31.7709%)
entry 1856000/5838681 (31.788%)
entry 1859000/5838681 (31.8394%)
entry 1861000/5838681 (31.8736%)
entry 1862000/5838681 (31.8908%)
entry 1864000/5838681 (31.925%)
entry 1865000/5838681 (31.9421%)
entry 1866000/5838681 (31.9593%)
entry 1868000/5838681 (31.9935%)
entry 1869000/5838681 (32.0107%)
entry 1870000/5838681 (32.0278%)
entry 1871000/5838681 (32.0449%)
entry 1872000/5838681 (32.062%)
entry 1873000/5838681 (32.0792%)
entry 1874000/5838681 (32.0963%)
entry 1875000/5838681 (32.1134%)
entry 1876000/5838681 (32.1305%)
entry 1877000/5838681 (32.1477%)
entry 1878000/5838681 (32.1648%)
entry 1879000/5838681 (32.1819%)
entry 1880000/5838681 (32.1991%)
entry 1881000/5838681 (32.2162%)
entry 1882000/5838681 (32.2333%)
entry 1883000/5838681 (32.2504%)
entry 1884000/5838681 (32.2676%)
entry 1886000/5838681 (32.3018%)
entry 1887000/5838681 (32.3189%)
entry 1888000/5838681 (32.3361%)
entry 1889000/5838681 (32.3532%)
entry 1891000/5838681 (32.3875%)
entry 1892000/5838681 (32.4046%)
entry 1893000/5838681 (32.4217%)
entry 1894000/5838681 (32.4388%)
entry 1895000/5838681 (32.456%)
entry 1896000/5838681 (32.4731%)
entry 1897000/5838681 (32.4902%)
entry 1898000/5838681 (32.5073%)
entry 1900000/5838681 (32.5416%)
entry 1902000/5838681 (32.5759%)
entry 1903000/5838681 (32.593%)
entry 1904000/5838681 (32.6101%)
entry 1906000/5838681 (32.6444%)
entry 1908000/5838681 (32.6786%)
entry 1909000/5838681 (32.6957%)
entry 1910000/5838681 (32.7129%)
entry 1911000/5838681 (32.73%)
entry 1913000/5838681 (32.7643%)
entry 1914000/5838681 (32.7814%)
entry 1915000/5838681 (32.7985%)
entry 1916000/5838681 (32.8156%)
entry 1917000/5838681 (32.8328%)
entry 1918000/5838681 (32.8499%)
entry 1919000/5838681 (32.867%)
entry 1922000/5838681 (32.9184%)
entry 1925000/5838681 (32.9698%)
entry 1926000/5838681 (32.9869%)
entry 1927000/5838681 (33.004%)
entry 1928000/5838681 (33.0212%)
entry 1929000/5838681 (33.0383%)
entry 1931000/5838681 (33.0725%)
entry 1932000/5838681 (33.0897%)
entry 1933000/5838681 (33.1068%)
entry 1934000/5838681 (33.1239%)
entry 1935000/5838681 (33.141%)
entry 1936000/5838681 (33.1582%)
entry 1938000/5838681 (33.1924%)
entry 1939000/5838681 (33.2096%)
entry 1940000/5838681 (33.2267%)
entry 1941000/5838681 (33.2438%)
entry 1942000/5838681 (33.2609%)
entry 1943000/5838681 (33.2781%)
entry 1944000/5838681 (33.2952%)
entry 1945000/5838681 (33.3123%)
entry 1946000/5838681 (33.3294%)
entry 1947000/5838681 (33.3466%)
entry 1948000/5838681 (33.3637%)
entry 1949000/5838681 (33.3808%)
entry 1950000/5838681 (33.398%)
entry 1953000/5838681 (33.4493%)
entry 1954000/5838681 (33.4665%)
entry 1955000/5838681 (33.4836%)
entry 1957000/5838681 (33.5178%)
entry 1958000/5838681 (33.535%)
entry 1959000/5838681 (33.5521%)
entry 1960000/5838681 (33.5692%)
entry 1961000/5838681 (33.5864%)
entry 1962000/5838681 (33.6035%)
entry 1964000/5838681 (33.6377%)
entry 1965000/5838681 (33.6549%)
entry 1966000/5838681 (33.672%)
entry 1967000/5838681 (33.6891%)
entry 1968000/5838681 (33.7062%)
entry 1969000/5838681 (33.7234%)
entry 1971000/5838681 (33.7576%)
entry 1972000/5838681 (33.7748%)
entry 1973000/5838681 (33.7919%)
entry 1974000/5838681 (33.809%)
entry 1976000/5838681 (33.8433%)
entry 1979000/5838681 (33.8946%)
entry 1980000/5838681 (33.9118%)
entry 1981000/5838681 (33.9289%)
entry 1982000/5838681 (33.946%)
entry 1984000/5838681 (33.9803%)
entry 1986000/5838681 (34.0145%)
entry 1988000/5838681 (34.0488%)
entry 1989000/5838681 (34.0659%)
entry 1991000/5838681 (34.1002%)
entry 1992000/5838681 (34.1173%)
entry 1993000/5838681 (34.1344%)
entry 1994000/5838681 (34.1515%)
entry 1995000/5838681 (34.1687%)
entry 1996000/5838681 (34.1858%)
entry 1997000/5838681 (34.2029%)
entry 1998000/5838681 (34.2201%)
entry 1999000/5838681 (34.2372%)
entry 2000000/5838681 (34.2543%)
entry 2001000/5838681 (34.2714%)
entry 2002000/5838681 (34.2886%)
entry 2005000/5838681 (34.3399%)
entry 2006000/5838681 (34.3571%)
entry 2007000/5838681 (34.3742%)
entry 2009000/5838681 (34.4085%)
entry 2011000/5838681 (34.4427%)
entry 2013000/5838681 (34.477%)
entry 2015000/5838681 (34.5112%)
entry 2016000/5838681 (34.5283%)
entry 2018000/5838681 (34.5626%)
entry 2020000/5838681 (34.5969%)
entry 2022000/5838681 (34.6311%)
entry 2023000/5838681 (34.6482%)
entry 2024000/5838681 (34.6654%)
entry 2025000/5838681 (34.6825%)
entry 2026000/5838681 (34.6996%)
entry 2027000/5838681 (34.7167%)
entry 2028000/5838681 (34.7339%)
entry 2029000/5838681 (34.751%)
entry 2031000/5838681 (34.7853%)
entry 2032000/5838681 (34.8024%)
entry 2033000/5838681 (34.8195%)
entry 2037000/5838681 (34.888%)
entry 2038000/5838681 (34.9051%)
entry 2039000/5838681 (34.9223%)
entry 2040000/5838681 (34.9394%)
entry 2041000/5838681 (34.9565%)
entry 2042000/5838681 (34.9737%)
entry 2044000/5838681 (35.0079%)
entry 2045000/5838681 (35.025%)
entry 2046000/5838681 (35.0422%)
entry 2047000/5838681 (35.0593%)
entry 2048000/5838681 (35.0764%)
entry 2049000/5838681 (35.0935%)
entry 2051000/5838681 (35.1278%)
entry 2052000/5838681 (35.1449%)
entry 2053000/5838681 (35.1621%)
entry 2054000/5838681 (35.1792%)
entry 2056000/5838681 (35.2134%)
entry 2057000/5838681 (35.2306%)
entry 2058000/5838681 (35.2477%)
entry 2059000/5838681 (35.2648%)
entry 2060000/5838681 (35.2819%)
entry 2061000/5838681 (35.2991%)
entry 2063000/5838681 (35.3333%)
entry 2064000/5838681 (35.3505%)
entry 2065000/5838681 (35.3676%)
entry 2067000/5838681 (35.4018%)
entry 2068000/5838681 (35.419%)
entry 2070000/5838681 (35.4532%)
entry 2071000/5838681 (35.4703%)
entry 2073000/5838681 (35.5046%)
entry 2074000/5838681 (35.5217%)
entry 2075000/5838681 (35.5388%)
entry 2076000/5838681 (35.556%)
entry 2077000/5838681 (35.5731%)
entry 2078000/5838681 (35.5902%)
entry 2082000/5838681 (35.6587%)
entry 2083000/5838681 (35.6759%)
entry 2084000/5838681 (35.693%)
entry 2086000/5838681 (35.7272%)
entry 2087000/5838681 (35.7444%)
entry 2088000/5838681 (35.7615%)
entry 2089000/5838681 (35.7786%)
entry 2090000/5838681 (35.7958%)
entry 2091000/5838681 (35.8129%)
entry 2092000/5838681 (35.83%)
entry 2096000/5838681 (35.8985%)
entry 2099000/5838681 (35.9499%)
entry 2100000/5838681 (35.967%)
entry 2101000/5838681 (35.9842%)
entry 2102000/5838681 (36.0013%)
entry 2104000/5838681 (36.0355%)
entry 2106000/5838681 (36.0698%)
entry 2107000/5838681 (36.0869%)
entry 2109000/5838681 (36.1212%)
entry 2110000/5838681 (36.1383%)
entry 2111000/5838681 (36.1554%)
entry 2112000/5838681 (36.1726%)
entry 2113000/5838681 (36.1897%)
entry 2114000/5838681 (36.2068%)
entry 2117000/5838681 (36.2582%)
entry 2119000/5838681 (36.2924%)
entry 2120000/5838681 (36.3096%)
entry 2121000/5838681 (36.3267%)
entry 2123000/5838681 (36.361%)
entry 2124000/5838681 (36.3781%)
entry 2125000/5838681 (36.3952%)
entry 2126000/5838681 (36.4123%)
entry 2127000/5838681 (36.4295%)
entry 2129000/5838681 (36.4637%)
entry 2130000/5838681 (36.4808%)
entry 2131000/5838681 (36.498%)
entry 2136000/5838681 (36.5836%)
entry 2137000/5838681 (36.6007%)
entry 2138000/5838681 (36.6179%)
entry 2140000/5838681 (36.6521%)
entry 2141000/5838681 (36.6692%)
entry 2142000/5838681 (36.6864%)
entry 2143000/5838681 (36.7035%)
entry 2144000/5838681 (36.7206%)
entry 2146000/5838681 (36.7549%)
entry 2147000/5838681 (36.772%)
entry 2148000/5838681 (36.7891%)
entry 2149000/5838681 (36.8063%)
entry 2150000/5838681 (36.8234%)
entry 2151000/5838681 (36.8405%)
entry 2152000/5838681 (36.8576%)
entry 2153000/5838681 (36.8748%)
entry 2154000/5838681 (36.8919%)
entry 2155000/5838681 (36.909%)
entry 2156000/5838681 (36.9261%)
entry 2157000/5838681 (36.9433%)
entry 2159000/5838681 (36.9775%)
entry 2160000/5838681 (36.9947%)
entry 2163000/5838681 (37.046%)
entry 2164000/5838681 (37.0632%)
entry 2165000/5838681 (37.0803%)
entry 2166000/5838681 (37.0974%)
entry 2167000/5838681 (37.1145%)
entry 2172000/5838681 (37.2002%)
entry 2173000/5838681 (37.2173%)
entry 2174000/5838681 (37.2344%)
entry 2176000/5838681 (37.2687%)
entry 2177000/5838681 (37.2858%)
entry 2179000/5838681 (37.3201%)
entry 2180000/5838681 (37.3372%)
entry 2181000/5838681 (37.3543%)
entry 2182000/5838681 (37.3715%)
entry 2183000/5838681 (37.3886%)
entry 2184000/5838681 (37.4057%)
entry 2185000/5838681 (37.4228%)
entry 2186000/5838681 (37.44%)
entry 2188000/5838681 (37.4742%)
entry 2189000/5838681 (37.4913%)
entry 2190000/5838681 (37.5085%)
entry 2191000/5838681 (37.5256%)
entry 2192000/5838681 (37.5427%)
entry 2193000/5838681 (37.5599%)
entry 2194000/5838681 (37.577%)
entry 2195000/5838681 (37.5941%)
entry 2196000/5838681 (37.6112%)
entry 2201000/5838681 (37.6969%)
entry 2205000/5838681 (37.7654%)
entry 2206000/5838681 (37.7825%)
entry 2207000/5838681 (37.7996%)
entry 2209000/5838681 (37.8339%)
entry 2210000/5838681 (37.851%)
entry 2215000/5838681 (37.9367%)
entry 2216000/5838681 (37.9538%)
entry 2217000/5838681 (37.9709%)
entry 2218000/5838681 (37.988%)
entry 2220000/5838681 (38.0223%)
entry 2221000/5838681 (38.0394%)
entry 2222000/5838681 (38.0565%)
entry 2224000/5838681 (38.0908%)
entry 2226000/5838681 (38.1251%)
entry 2227000/5838681 (38.1422%)
entry 2230000/5838681 (38.1936%)
entry 2231000/5838681 (38.2107%)
entry 2232000/5838681 (38.2278%)
entry 2233000/5838681 (38.2449%)
entry 2235000/5838681 (38.2792%)
entry 2237000/5838681 (38.3134%)
entry 2238000/5838681 (38.3306%)
entry 2239000/5838681 (38.3477%)
entry 2240000/5838681 (38.3648%)
entry 2242000/5838681 (38.3991%)
entry 2243000/5838681 (38.4162%)
entry 2245000/5838681 (38.4505%)
entry 2246000/5838681 (38.4676%)
entry 2248000/5838681 (38.5018%)
entry 2249000/5838681 (38.519%)
entry 2252000/5838681 (38.5704%)
entry 2254000/5838681 (38.6046%)
entry 2255000/5838681 (38.6217%)
entry 2257000/5838681 (38.656%)
entry 2258000/5838681 (38.6731%)
entry 2260000/5838681 (38.7074%)
entry 2262000/5838681 (38.7416%)
entry 2263000/5838681 (38.7588%)
entry 2267000/5838681 (38.8273%)
entry 2268000/5838681 (38.8444%)
entry 2269000/5838681 (38.8615%)
entry 2270000/5838681 (38.8786%)
entry 2271000/5838681 (38.8958%)
entry 2272000/5838681 (38.9129%)
entry 2274000/5838681 (38.9472%)
entry 2275000/5838681 (38.9643%)
entry 2277000/5838681 (38.9985%)
entry 2278000/5838681 (39.0157%)
entry 2279000/5838681 (39.0328%)
entry 2280000/5838681 (39.0499%)
entry 2284000/5838681 (39.1184%)
entry 2285000/5838681 (39.1356%)
entry 2286000/5838681 (39.1527%)
entry 2287000/5838681 (39.1698%)
entry 2288000/5838681 (39.1869%)
entry 2289000/5838681 (39.2041%)
entry 2291000/5838681 (39.2383%)
entry 2295000/5838681 (39.3068%)
entry 2296000/5838681 (39.3239%)
entry 2297000/5838681 (39.3411%)
entry 2298000/5838681 (39.3582%)
entry 2299000/5838681 (39.3753%)
entry 2302000/5838681 (39.4267%)
entry 2304000/5838681 (39.461%)
entry 2306000/5838681 (39.4952%)
entry 2307000/5838681 (39.5123%)
entry 2308000/5838681 (39.5295%)
entry 2312000/5838681 (39.598%)
entry 2313000/5838681 (39.6151%)
entry 2314000/5838681 (39.6322%)
entry 2315000/5838681 (39.6494%)
entry 2316000/5838681 (39.6665%)
entry 2318000/5838681 (39.7007%)
entry 2319000/5838681 (39.7179%)
entry 2320000/5838681 (39.735%)
entry 2321000/5838681 (39.7521%)
entry 2322000/5838681 (39.7693%)
entry 2323000/5838681 (39.7864%)
entry 2324000/5838681 (39.8035%)
entry 2325000/5838681 (39.8206%)
entry 2327000/5838681 (39.8549%)
entry 2328000/5838681 (39.872%)
entry 2329000/5838681 (39.8891%)
entry 2330000/5838681 (39.9063%)
entry 2331000/5838681 (39.9234%)
entry 2332000/5838681 (39.9405%)
entry 2333000/5838681 (39.9577%)
entry 2334000/5838681 (39.9748%)
entry 2335000/5838681 (39.9919%)
entry 2337000/5838681 (40.0262%)
entry 2338000/5838681 (40.0433%)
entry 2340000/5838681 (40.0775%)
entry 2341000/5838681 (40.0947%)
entry 2343000/5838681 (40.1289%)
entry 2344000/5838681 (40.1461%)
entry 2345000/5838681 (40.1632%)
entry 2346000/5838681 (40.1803%)
entry 2347000/5838681 (40.1974%)
entry 2348000/5838681 (40.2146%)
entry 2349000/5838681 (40.2317%)
entry 2350000/5838681 (40.2488%)
entry 2351000/5838681 (40.2659%)
entry 2352000/5838681 (40.2831%)
entry 2354000/5838681 (40.3173%)
entry 2355000/5838681 (40.3345%)
entry 2356000/5838681 (40.3516%)
entry 2357000/5838681 (40.3687%)
entry 2358000/5838681 (40.3858%)
entry 2359000/5838681 (40.403%)
entry 2361000/5838681 (40.4372%)
entry 2362000/5838681 (40.4543%)
entry 2363000/5838681 (40.4715%)
entry 2364000/5838681 (40.4886%)
entry 2365000/5838681 (40.5057%)
entry 2368000/5838681 (40.5571%)
entry 2369000/5838681 (40.5742%)
entry 2370000/5838681 (40.5914%)
entry 2371000/5838681 (40.6085%)
entry 2372000/5838681 (40.6256%)
entry 2373000/5838681 (40.6427%)
entry 2374000/5838681 (40.6599%)
entry 2375000/5838681 (40.677%)
entry 2376000/5838681 (40.6941%)
entry 2377000/5838681 (40.7113%)
entry 2378000/5838681 (40.7284%)
entry 2380000/5838681 (40.7626%)
entry 2381000/5838681 (40.7798%)
entry 2382000/5838681 (40.7969%)
entry 2383000/5838681 (40.814%)
entry 2384000/5838681 (40.8311%)
entry 2385000/5838681 (40.8483%)
entry 2386000/5838681 (40.8654%)
entry 2387000/5838681 (40.8825%)
entry 2388000/5838681 (40.8996%)
entry 2389000/5838681 (40.9168%)
entry 2390000/5838681 (40.9339%)
entry 2391000/5838681 (40.951%)
entry 2392000/5838681 (40.9682%)
entry 2393000/5838681 (40.9853%)
entry 2394000/5838681 (41.0024%)
entry 2395000/5838681 (41.0195%)
entry 2396000/5838681 (41.0367%)
entry 2397000/5838681 (41.0538%)
entry 2402000/5838681 (41.1394%)
entry 2403000/5838681 (41.1566%)
entry 2404000/5838681 (41.1737%)
entry 2405000/5838681 (41.1908%)
entry 2406000/5838681 (41.2079%)
entry 2407000/5838681 (41.2251%)
entry 2408000/5838681 (41.2422%)
entry 2409000/5838681 (41.2593%)
entry 2410000/5838681 (41.2764%)
entry 2412000/5838681 (41.3107%)
entry 2414000/5838681 (41.345%)
entry 2416000/5838681 (41.3792%)
entry 2417000/5838681 (41.3963%)
entry 2420000/5838681 (41.4477%)
entry 2421000/5838681 (41.4648%)
entry 2422000/5838681 (41.482%)
entry 2423000/5838681 (41.4991%)
entry 2424000/5838681 (41.5162%)
entry 2426000/5838681 (41.5505%)
entry 2427000/5838681 (41.5676%)
entry 2428000/5838681 (41.5847%)
entry 2429000/5838681 (41.6019%)
entry 2430000/5838681 (41.619%)
entry 2431000/5838681 (41.6361%)
entry 2432000/5838681 (41.6532%)
entry 2433000/5838681 (41.6704%)
entry 2434000/5838681 (41.6875%)
entry 2435000/5838681 (41.7046%)
entry 2436000/5838681 (41.7218%)
entry 2437000/5838681 (41.7389%)
entry 2438000/5838681 (41.756%)
entry 2439000/5838681 (41.7731%)
entry 2441000/5838681 (41.8074%)
entry 2443000/5838681 (41.8416%)
entry 2444000/5838681 (41.8588%)
entry 2447000/5838681 (41.9102%)
entry 2451000/5838681 (41.9787%)
entry 2452000/5838681 (41.9958%)
entry 2453000/5838681 (42.0129%)
entry 2455000/5838681 (42.0472%)
entry 2456000/5838681 (42.0643%)
entry 2457000/5838681 (42.0814%)
entry 2458000/5838681 (42.0985%)
entry 2460000/5838681 (42.1328%)
entry 2462000/5838681 (42.1671%)
entry 2463000/5838681 (42.1842%)
entry 2464000/5838681 (42.2013%)
entry 2467000/5838681 (42.2527%)
entry 2468000/5838681 (42.2698%)
entry 2469000/5838681 (42.2869%)
entry 2470000/5838681 (42.3041%)
entry 2471000/5838681 (42.3212%)
entry 2473000/5838681 (42.3555%)
entry 2474000/5838681 (42.3726%)
entry 2475000/5838681 (42.3897%)
entry 2476000/5838681 (42.4068%)
entry 2477000/5838681 (42.424%)
entry 2478000/5838681 (42.4411%)
entry 2479000/5838681 (42.4582%)
entry 2480000/5838681 (42.4753%)
entry 2481000/5838681 (42.4925%)
entry 2482000/5838681 (42.5096%)
entry 2484000/5838681 (42.5439%)
entry 2485000/5838681 (42.561%)
entry 2487000/5838681 (42.5952%)
entry 2488000/5838681 (42.6124%)
entry 2490000/5838681 (42.6466%)
entry 2491000/5838681 (42.6637%)
entry 2492000/5838681 (42.6809%)
entry 2493000/5838681 (42.698%)
entry 2494000/5838681 (42.7151%)
entry 2495000/5838681 (42.7323%)
entry 2496000/5838681 (42.7494%)
entry 2498000/5838681 (42.7836%)
entry 2500000/5838681 (42.8179%)
entry 2502000/5838681 (42.8521%)
entry 2504000/5838681 (42.8864%)
entry 2505000/5838681 (42.9035%)
entry 2506000/5838681 (42.9207%)
entry 2507000/5838681 (42.9378%)
entry 2508000/5838681 (42.9549%)
entry 2511000/5838681 (43.0063%)
entry 2512000/5838681 (43.0234%)
entry 2514000/5838681 (43.0577%)
entry 2516000/5838681 (43.0919%)
entry 2517000/5838681 (43.1091%)
entry 2520000/5838681 (43.1604%)
entry 2521000/5838681 (43.1776%)
entry 2523000/5838681 (43.2118%)
entry 2524000/5838681 (43.2289%)
entry 2525000/5838681 (43.2461%)
entry 2526000/5838681 (43.2632%)
entry 2527000/5838681 (43.2803%)
entry 2528000/5838681 (43.2974%)
entry 2530000/5838681 (43.3317%)
entry 2534000/5838681 (43.4002%)
entry 2536000/5838681 (43.4345%)
entry 2537000/5838681 (43.4516%)
entry 2538000/5838681 (43.4687%)
entry 2539000/5838681 (43.4859%)
entry 2540000/5838681 (43.503%)
entry 2541000/5838681 (43.5201%)
entry 2542000/5838681 (43.5372%)
entry 2543000/5838681 (43.5544%)
entry 2545000/5838681 (43.5886%)
entry 2546000/5838681 (43.6057%)
entry 2547000/5838681 (43.6229%)
entry 2548000/5838681 (43.64%)
entry 2551000/5838681 (43.6914%)
entry 2554000/5838681 (43.7428%)
entry 2555000/5838681 (43.7599%)
entry 2556000/5838681 (43.777%)
entry 2557000/5838681 (43.7941%)
entry 2558000/5838681 (43.8113%)
entry 2559000/5838681 (43.8284%)
entry 2560000/5838681 (43.8455%)
entry 2561000/5838681 (43.8626%)
entry 2562000/5838681 (43.8798%)
entry 2563000/5838681 (43.8969%)
entry 2564000/5838681 (43.914%)
entry 2566000/5838681 (43.9483%)
entry 2567000/5838681 (43.9654%)
entry 2568000/5838681 (43.9825%)
entry 2569000/5838681 (43.9997%)
entry 2570000/5838681 (44.0168%)
entry 2571000/5838681 (44.0339%)
entry 2572000/5838681 (44.051%)
entry 2573000/5838681 (44.0682%)
entry 2574000/5838681 (44.0853%)
entry 2577000/5838681 (44.1367%)
entry 2578000/5838681 (44.1538%)
entry 2580000/5838681 (44.1881%)
entry 2582000/5838681 (44.2223%)
entry 2583000/5838681 (44.2394%)
entry 2584000/5838681 (44.2566%)
entry 2585000/5838681 (44.2737%)
entry 2586000/5838681 (44.2908%)
entry 2587000/5838681 (44.308%)
entry 2590000/5838681 (44.3593%)
entry 2593000/5838681 (44.4107%)
entry 2594000/5838681 (44.4278%)
entry 2595000/5838681 (44.445%)
entry 2596000/5838681 (44.4621%)
entry 2599000/5838681 (44.5135%)
entry 2600000/5838681 (44.5306%)
entry 2601000/5838681 (44.5477%)
entry 2602000/5838681 (44.5649%)
entry 2603000/5838681 (44.582%)
entry 2604000/5838681 (44.5991%)
entry 2607000/5838681 (44.6505%)
entry 2608000/5838681 (44.6676%)
entry 2609000/5838681 (44.6847%)
entry 2612000/5838681 (44.7361%)
entry 2614000/5838681 (44.7704%)
entry 2616000/5838681 (44.8046%)
entry 2617000/5838681 (44.8218%)
entry 2618000/5838681 (44.8389%)
entry 2619000/5838681 (44.856%)
entry 2621000/5838681 (44.8903%)
entry 2622000/5838681 (44.9074%)
entry 2623000/5838681 (44.9245%)
entry 2624000/5838681 (44.9417%)
entry 2628000/5838681 (45.0102%)
entry 2629000/5838681 (45.0273%)
entry 2630000/5838681 (45.0444%)
entry 2631000/5838681 (45.0615%)
entry 2632000/5838681 (45.0787%)
entry 2635000/5838681 (45.1301%)
entry 2636000/5838681 (45.1472%)
entry 2640000/5838681 (45.2157%)
entry 2641000/5838681 (45.2328%)
entry 2642000/5838681 (45.2499%)
entry 2643000/5838681 (45.2671%)
entry 2644000/5838681 (45.2842%)
entry 2646000/5838681 (45.3185%)
entry 2647000/5838681 (45.3356%)
entry 2649000/5838681 (45.3698%)
entry 2652000/5838681 (45.4212%)
entry 2653000/5838681 (45.4383%)
entry 2654000/5838681 (45.4555%)
entry 2656000/5838681 (45.4897%)
entry 2657000/5838681 (45.5069%)
entry 2659000/5838681 (45.5411%)
entry 2660000/5838681 (45.5582%)
entry 2661000/5838681 (45.5754%)
entry 2662000/5838681 (45.5925%)
entry 2663000/5838681 (45.6096%)
entry 2664000/5838681 (45.6267%)
entry 2667000/5838681 (45.6781%)
entry 2669000/5838681 (45.7124%)
entry 2670000/5838681 (45.7295%)
entry 2671000/5838681 (45.7466%)
entry 2673000/5838681 (45.7809%)
entry 2674000/5838681 (45.798%)
entry 2675000/5838681 (45.8151%)
entry 2676000/5838681 (45.8323%)
entry 2677000/5838681 (45.8494%)
entry 2678000/5838681 (45.8665%)
entry 2679000/5838681 (45.8836%)
entry 2683000/5838681 (45.9522%)
entry 2684000/5838681 (45.9693%)
entry 2685000/5838681 (45.9864%)
entry 2686000/5838681 (46.0035%)
entry 2687000/5838681 (46.0207%)
entry 2689000/5838681 (46.0549%)
entry 2690000/5838681 (46.0721%)
entry 2692000/5838681 (46.1063%)
entry 2693000/5838681 (46.1234%)
entry 2695000/5838681 (46.1577%)
entry 2696000/5838681 (46.1748%)
entry 2697000/5838681 (46.1919%)
entry 2698000/5838681 (46.2091%)
entry 2699000/5838681 (46.2262%)
entry 2700000/5838681 (46.2433%)
entry 2702000/5838681 (46.2776%)
entry 2703000/5838681 (46.2947%)
entry 2705000/5838681 (46.329%)
entry 2707000/5838681 (46.3632%)
entry 2709000/5838681 (46.3975%)
entry 2710000/5838681 (46.4146%)
entry 2711000/5838681 (46.4317%)
entry 2712000/5838681 (46.4488%)
entry 2713000/5838681 (46.466%)
entry 2714000/5838681 (46.4831%)
entry 2715000/5838681 (46.5002%)
entry 2719000/5838681 (46.5687%)
entry 2720000/5838681 (46.5859%)
entry 2721000/5838681 (46.603%)
entry 2722000/5838681 (46.6201%)
entry 2723000/5838681 (46.6372%)
entry 2724000/5838681 (46.6544%)
entry 2725000/5838681 (46.6715%)
entry 2726000/5838681 (46.6886%)
entry 2727000/5838681 (46.7058%)
entry 2728000/5838681 (46.7229%)
entry 2729000/5838681 (46.74%)
entry 2730000/5838681 (46.7571%)
entry 2732000/5838681 (46.7914%)
entry 2733000/5838681 (46.8085%)
entry 2735000/5838681 (46.8428%)
entry 2736000/5838681 (46.8599%)
entry 2738000/5838681 (46.8942%)
entry 2739000/5838681 (46.9113%)
entry 2740000/5838681 (46.9284%)
entry 2741000/5838681 (46.9455%)
entry 2744000/5838681 (46.9969%)
entry 2746000/5838681 (47.0312%)
entry 2747000/5838681 (47.0483%)
entry 2748000/5838681 (47.0654%)
entry 2749000/5838681 (47.0826%)
entry 2750000/5838681 (47.0997%)
entry 2753000/5838681 (47.1511%)
entry 2754000/5838681 (47.1682%)
entry 2756000/5838681 (47.2024%)
entry 2757000/5838681 (47.2196%)
entry 2758000/5838681 (47.2367%)
entry 2759000/5838681 (47.2538%)
entry 2760000/5838681 (47.271%)
entry 2761000/5838681 (47.2881%)
entry 2762000/5838681 (47.3052%)
entry 2763000/5838681 (47.3223%)
entry 2764000/5838681 (47.3395%)
entry 2765000/5838681 (47.3566%)
entry 2766000/5838681 (47.3737%)
entry 2767000/5838681 (47.3908%)
entry 2769000/5838681 (47.4251%)
entry 2770000/5838681 (47.4422%)
entry 2771000/5838681 (47.4593%)
entry 2774000/5838681 (47.5107%)
entry 2775000/5838681 (47.5279%)
entry 2777000/5838681 (47.5621%)
entry 2778000/5838681 (47.5792%)
entry 2779000/5838681 (47.5964%)
entry 2780000/5838681 (47.6135%)
entry 2781000/5838681 (47.6306%)
entry 2782000/5838681 (47.6477%)
entry 2783000/5838681 (47.6649%)
entry 2785000/5838681 (47.6991%)
entry 2787000/5838681 (47.7334%)
entry 2788000/5838681 (47.7505%)
entry 2789000/5838681 (47.7676%)
entry 2790000/5838681 (47.7848%)
entry 2791000/5838681 (47.8019%)
entry 2792000/5838681 (47.819%)
entry 2794000/5838681 (47.8533%)
entry 2795000/5838681 (47.8704%)
entry 2796000/5838681 (47.8875%)
entry 2797000/5838681 (47.9047%)
entry 2798000/5838681 (47.9218%)
entry 2800000/5838681 (47.956%)
entry 2801000/5838681 (47.9732%)
entry 2802000/5838681 (47.9903%)
entry 2803000/5838681 (48.0074%)
entry 2804000/5838681 (48.0245%)
entry 2807000/5838681 (48.0759%)
entry 2810000/5838681 (48.1273%)
entry 2811000/5838681 (48.1444%)
entry 2813000/5838681 (48.1787%)
entry 2814000/5838681 (48.1958%)
entry 2815000/5838681 (48.2129%)
entry 2816000/5838681 (48.2301%)
entry 2817000/5838681 (48.2472%)
entry 2818000/5838681 (48.2643%)
entry 2821000/5838681 (48.3157%)
entry 2822000/5838681 (48.3328%)
entry 2823000/5838681 (48.35%)
entry 2826000/5838681 (48.4013%)
entry 2828000/5838681 (48.4356%)
entry 2829000/5838681 (48.4527%)
entry 2830000/5838681 (48.4699%)
entry 2832000/5838681 (48.5041%)
entry 2833000/5838681 (48.5212%)
entry 2835000/5838681 (48.5555%)
entry 2836000/5838681 (48.5726%)
entry 2837000/5838681 (48.5897%)
entry 2838000/5838681 (48.6069%)
entry 2840000/5838681 (48.6411%)
entry 2841000/5838681 (48.6582%)
entry 2842000/5838681 (48.6754%)
entry 2843000/5838681 (48.6925%)
entry 2845000/5838681 (48.7268%)
entry 2846000/5838681 (48.7439%)
entry 2847000/5838681 (48.761%)
entry 2850000/5838681 (48.8124%)
entry 2851000/5838681 (48.8295%)
entry 2852000/5838681 (48.8467%)
entry 2853000/5838681 (48.8638%)
entry 2854000/5838681 (48.8809%)
entry 2855000/5838681 (48.898%)
entry 2856000/5838681 (48.9152%)
entry 2857000/5838681 (48.9323%)
entry 2858000/5838681 (48.9494%)
entry 2859000/5838681 (48.9665%)
entry 2860000/5838681 (48.9837%)
entry 2861000/5838681 (49.0008%)
entry 2862000/5838681 (49.0179%)
entry 2863000/5838681 (49.035%)
entry 2864000/5838681 (49.0522%)
entry 2865000/5838681 (49.0693%)
entry 2866000/5838681 (49.0864%)
entry 2867000/5838681 (49.1036%)
entry 2868000/5838681 (49.1207%)
entry 2869000/5838681 (49.1378%)
entry 2870000/5838681 (49.1549%)
entry 2871000/5838681 (49.1721%)
entry 2872000/5838681 (49.1892%)
entry 2873000/5838681 (49.2063%)
entry 2874000/5838681 (49.2234%)
entry 2876000/5838681 (49.2577%)
entry 2880000/5838681 (49.3262%)
entry 2881000/5838681 (49.3433%)
entry 2882000/5838681 (49.3605%)
entry 2883000/5838681 (49.3776%)
entry 2884000/5838681 (49.3947%)
entry 2885000/5838681 (49.4118%)
entry 2886000/5838681 (49.429%)
entry 2887000/5838681 (49.4461%)
entry 2888000/5838681 (49.4632%)
entry 2890000/5838681 (49.4975%)
entry 2892000/5838681 (49.5317%)
entry 2894000/5838681 (49.566%)
entry 2895000/5838681 (49.5831%)
entry 2896000/5838681 (49.6002%)
entry 2897000/5838681 (49.6174%)
entry 2899000/5838681 (49.6516%)
entry 2900000/5838681 (49.6688%)
entry 2904000/5838681 (49.7373%)
entry 2905000/5838681 (49.7544%)
entry 2906000/5838681 (49.7715%)
entry 2907000/5838681 (49.7886%)
entry 2908000/5838681 (49.8058%)
entry 2909000/5838681 (49.8229%)
entry 2910000/5838681 (49.84%)
entry 2911000/5838681 (49.8572%)
entry 2912000/5838681 (49.8743%)
entry 2914000/5838681 (49.9085%)
entry 2915000/5838681 (49.9257%)
entry 2916000/5838681 (49.9428%)
entry 2917000/5838681 (49.9599%)
entry 2919000/5838681 (49.9942%)
entry 2920000/5838681 (50.0113%)
entry 2921000/5838681 (50.0284%)
entry 2922000/5838681 (50.0455%)
entry 2924000/5838681 (50.0798%)
entry 2925000/5838681 (50.0969%)
entry 2928000/5838681 (50.1483%)
entry 2929000/5838681 (50.1654%)
entry 2930000/5838681 (50.1826%)
entry 2931000/5838681 (50.1997%)
entry 2932000/5838681 (50.2168%)
entry 2933000/5838681 (50.2339%)
entry 2936000/5838681 (50.2853%)
entry 2937000/5838681 (50.3025%)
entry 2939000/5838681 (50.3367%)
entry 2940000/5838681 (50.3538%)
entry 2942000/5838681 (50.3881%)
entry 2944000/5838681 (50.4223%)
entry 2945000/5838681 (50.4395%)
entry 2946000/5838681 (50.4566%)
entry 2947000/5838681 (50.4737%)
entry 2949000/5838681 (50.508%)
entry 2951000/5838681 (50.5422%)
entry 2953000/5838681 (50.5765%)
entry 2954000/5838681 (50.5936%)
entry 2955000/5838681 (50.6107%)
entry 2956000/5838681 (50.6279%)
entry 2958000/5838681 (50.6621%)
entry 2962000/5838681 (50.7306%)
entry 2965000/5838681 (50.782%)
entry 2966000/5838681 (50.7991%)
entry 2967000/5838681 (50.8163%)
entry 2968000/5838681 (50.8334%)
entry 2969000/5838681 (50.8505%)
entry 2970000/5838681 (50.8677%)
entry 2971000/5838681 (50.8848%)
entry 2972000/5838681 (50.9019%)
entry 2973000/5838681 (50.919%)
entry 2974000/5838681 (50.9362%)
entry 2976000/5838681 (50.9704%)
entry 2978000/5838681 (51.0047%)
entry 2979000/5838681 (51.0218%)
entry 2980000/5838681 (51.0389%)
entry 2981000/5838681 (51.0561%)
entry 2982000/5838681 (51.0732%)
entry 2983000/5838681 (51.0903%)
entry 2987000/5838681 (51.1588%)
entry 2988000/5838681 (51.1759%)
entry 2990000/5838681 (51.2102%)
entry 2991000/5838681 (51.2273%)
entry 2992000/5838681 (51.2444%)
entry 2993000/5838681 (51.2616%)
entry 2994000/5838681 (51.2787%)
entry 2995000/5838681 (51.2958%)
entry 2996000/5838681 (51.313%)
entry 2997000/5838681 (51.3301%)
entry 2998000/5838681 (51.3472%)
entry 3000000/5838681 (51.3815%)
entry 3001000/5838681 (51.3986%)
entry 3002000/5838681 (51.4157%)
entry 3004000/5838681 (51.45%)
entry 3009000/5838681 (51.5356%)
entry 3010000/5838681 (51.5527%)
entry 3011000/5838681 (51.5699%)
entry 3013000/5838681 (51.6041%)
entry 3014000/5838681 (51.6212%)
entry 3015000/5838681 (51.6384%)
entry 3017000/5838681 (51.6726%)
entry 3018000/5838681 (51.6898%)
entry 3020000/5838681 (51.724%)
entry 3022000/5838681 (51.7583%)
entry 3023000/5838681 (51.7754%)
entry 3025000/5838681 (51.8096%)
entry 3026000/5838681 (51.8268%)
entry 3027000/5838681 (51.8439%)
entry 3028000/5838681 (51.861%)
entry 3029000/5838681 (51.8782%)
entry 3030000/5838681 (51.8953%)
entry 3031000/5838681 (51.9124%)
entry 3033000/5838681 (51.9467%)
entry 3036000/5838681 (51.998%)
entry 3037000/5838681 (52.0152%)
entry 3038000/5838681 (52.0323%)
entry 3040000/5838681 (52.0666%)
entry 3042000/5838681 (52.1008%)
entry 3044000/5838681 (52.1351%)
entry 3045000/5838681 (52.1522%)
entry 3047000/5838681 (52.1864%)
entry 3049000/5838681 (52.2207%)
entry 3050000/5838681 (52.2378%)
entry 3051000/5838681 (52.255%)
entry 3052000/5838681 (52.2721%)
entry 3053000/5838681 (52.2892%)
entry 3054000/5838681 (52.3063%)
entry 3055000/5838681 (52.3235%)
entry 3056000/5838681 (52.3406%)
entry 3057000/5838681 (52.3577%)
entry 3059000/5838681 (52.392%)
entry 3060000/5838681 (52.4091%)
entry 3061000/5838681 (52.4262%)
entry 3063000/5838681 (52.4605%)
entry 3064000/5838681 (52.4776%)
entry 3065000/5838681 (52.4947%)
entry 3066000/5838681 (52.5119%)
entry 3067000/5838681 (52.529%)
entry 3068000/5838681 (52.5461%)
entry 3069000/5838681 (52.5632%)
entry 3070000/5838681 (52.5804%)
entry 3073000/5838681 (52.6317%)
entry 3074000/5838681 (52.6489%)
entry 3075000/5838681 (52.666%)
entry 3077000/5838681 (52.7003%)
entry 3078000/5838681 (52.7174%)
entry 3079000/5838681 (52.7345%)
entry 3080000/5838681 (52.7516%)
entry 3082000/5838681 (52.7859%)
entry 3084000/5838681 (52.8201%)
entry 3085000/5838681 (52.8373%)
entry 3086000/5838681 (52.8544%)
entry 3088000/5838681 (52.8887%)
entry 3089000/5838681 (52.9058%)
entry 3090000/5838681 (52.9229%)
entry 3091000/5838681 (52.94%)
entry 3093000/5838681 (52.9743%)
entry 3094000/5838681 (52.9914%)
entry 3096000/5838681 (53.0257%)
entry 3098000/5838681 (53.0599%)
entry 3099000/5838681 (53.0771%)
entry 3100000/5838681 (53.0942%)
entry 3101000/5838681 (53.1113%)
entry 3102000/5838681 (53.1284%)
entry 3103000/5838681 (53.1456%)
entry 3104000/5838681 (53.1627%)
entry 3106000/5838681 (53.1969%)
entry 3107000/5838681 (53.2141%)
entry 3108000/5838681 (53.2312%)
entry 3110000/5838681 (53.2655%)
entry 3111000/5838681 (53.2826%)
entry 3112000/5838681 (53.2997%)
entry 3114000/5838681 (53.334%)
entry 3116000/5838681 (53.3682%)
entry 3117000/5838681 (53.3853%)
entry 3118000/5838681 (53.4025%)
entry 3119000/5838681 (53.4196%)
entry 3120000/5838681 (53.4367%)
entry 3121000/5838681 (53.4539%)
entry 3122000/5838681 (53.471%)
entry 3123000/5838681 (53.4881%)
entry 3124000/5838681 (53.5052%)
entry 3126000/5838681 (53.5395%)
entry 3128000/5838681 (53.5737%)
entry 3129000/5838681 (53.5909%)
entry 3130000/5838681 (53.608%)
entry 3131000/5838681 (53.6251%)
entry 3133000/5838681 (53.6594%)
entry 3134000/5838681 (53.6765%)
entry 3135000/5838681 (53.6936%)
entry 3136000/5838681 (53.7108%)
entry 3137000/5838681 (53.7279%)
entry 3138000/5838681 (53.745%)
entry 3140000/5838681 (53.7793%)
entry 3142000/5838681 (53.8135%)
entry 3143000/5838681 (53.8307%)
entry 3144000/5838681 (53.8478%)
entry 3145000/5838681 (53.8649%)
entry 3146000/5838681 (53.882%)
entry 3149000/5838681 (53.9334%)
entry 3150000/5838681 (53.9505%)
entry 3151000/5838681 (53.9677%)
entry 3152000/5838681 (53.9848%)
entry 3156000/5838681 (54.0533%)
entry 3159000/5838681 (54.1047%)
entry 3160000/5838681 (54.1218%)
entry 3162000/5838681 (54.1561%)
entry 3164000/5838681 (54.1903%)
entry 3165000/5838681 (54.2075%)
entry 3166000/5838681 (54.2246%)
entry 3167000/5838681 (54.2417%)
entry 3168000/5838681 (54.2588%)
entry 3170000/5838681 (54.2931%)
entry 3171000/5838681 (54.3102%)
entry 3172000/5838681 (54.3273%)
entry 3173000/5838681 (54.3445%)
entry 3175000/5838681 (54.3787%)
entry 3176000/5838681 (54.3958%)
entry 3177000/5838681 (54.413%)
entry 3179000/5838681 (54.4472%)
entry 3180000/5838681 (54.4644%)
entry 3181000/5838681 (54.4815%)
entry 3182000/5838681 (54.4986%)
entry 3183000/5838681 (54.5157%)
entry 3184000/5838681 (54.5329%)
entry 3185000/5838681 (54.55%)
entry 3186000/5838681 (54.5671%)
entry 3187000/5838681 (54.5842%)
entry 3188000/5838681 (54.6014%)
entry 3189000/5838681 (54.6185%)
entry 3190000/5838681 (54.6356%)
entry 3191000/5838681 (54.6528%)
entry 3195000/5838681 (54.7213%)
entry 3197000/5838681 (54.7555%)
entry 3198000/5838681 (54.7726%)
entry 3199000/5838681 (54.7898%)
entry 3200000/5838681 (54.8069%)
entry 3201000/5838681 (54.824%)
entry 3202000/5838681 (54.8412%)
entry 3203000/5838681 (54.8583%)
entry 3204000/5838681 (54.8754%)
entry 3205000/5838681 (54.8925%)
entry 3206000/5838681 (54.9097%)
entry 3207000/5838681 (54.9268%)
entry 3208000/5838681 (54.9439%)
entry 3209000/5838681 (54.961%)
entry 3211000/5838681 (54.9953%)
entry 3212000/5838681 (55.0124%)
entry 3213000/5838681 (55.0296%)
entry 3218000/5838681 (55.1152%)
entry 3219000/5838681 (55.1323%)
entry 3220000/5838681 (55.1494%)
entry 3221000/5838681 (55.1666%)
entry 3222000/5838681 (55.1837%)
entry 3223000/5838681 (55.2008%)
entry 3224000/5838681 (55.218%)
entry 3225000/5838681 (55.2351%)
entry 3226000/5838681 (55.2522%)
entry 3227000/5838681 (55.2693%)
entry 3228000/5838681 (55.2865%)
entry 3229000/5838681 (55.3036%)
entry 3230000/5838681 (55.3207%)
entry 3231000/5838681 (55.3378%)
entry 3235000/5838681 (55.4063%)
entry 3236000/5838681 (55.4235%)
entry 3237000/5838681 (55.4406%)
entry 3238000/5838681 (55.4577%)
entry 3239000/5838681 (55.4749%)
entry 3240000/5838681 (55.492%)
entry 3241000/5838681 (55.5091%)
entry 3243000/5838681 (55.5434%)
entry 3245000/5838681 (55.5776%)
entry 3246000/5838681 (55.5947%)
entry 3247000/5838681 (55.6119%)
entry 3248000/5838681 (55.629%)
entry 3249000/5838681 (55.6461%)
entry 3252000/5838681 (55.6975%)
entry 3253000/5838681 (55.7146%)
entry 3254000/5838681 (55.7318%)
entry 3255000/5838681 (55.7489%)
entry 3256000/5838681 (55.766%)
entry 3257000/5838681 (55.7831%)
entry 3258000/5838681 (55.8003%)
entry 3259000/5838681 (55.8174%)
entry 3260000/5838681 (55.8345%)
entry 3261000/5838681 (55.8517%)
entry 3262000/5838681 (55.8688%)
entry 3263000/5838681 (55.8859%)
entry 3264000/5838681 (55.903%)
entry 3265000/5838681 (55.9202%)
entry 3266000/5838681 (55.9373%)
entry 3267000/5838681 (55.9544%)
entry 3269000/5838681 (55.9887%)
entry 3270000/5838681 (56.0058%)
entry 3272000/5838681 (56.0401%)
entry 3273000/5838681 (56.0572%)
entry 3274000/5838681 (56.0743%)
entry 3275000/5838681 (56.0914%)
entry 3276000/5838681 (56.1086%)
entry 3277000/5838681 (56.1257%)
entry 3278000/5838681 (56.1428%)
entry 3279000/5838681 (56.1599%)
entry 3280000/5838681 (56.1771%)
entry 3282000/5838681 (56.2113%)
entry 3283000/5838681 (56.2285%)
entry 3284000/5838681 (56.2456%)
entry 3285000/5838681 (56.2627%)
entry 3289000/5838681 (56.3312%)
entry 3290000/5838681 (56.3483%)
entry 3291000/5838681 (56.3655%)
entry 3292000/5838681 (56.3826%)
entry 3293000/5838681 (56.3997%)
entry 3294000/5838681 (56.4169%)
entry 3295000/5838681 (56.434%)
entry 3296000/5838681 (56.4511%)
entry 3298000/5838681 (56.4854%)
entry 3299000/5838681 (56.5025%)
entry 3300000/5838681 (56.5196%)
entry 3301000/5838681 (56.5367%)
entry 3304000/5838681 (56.5881%)
entry 3306000/5838681 (56.6224%)
entry 3307000/5838681 (56.6395%)
entry 3308000/5838681 (56.6566%)
entry 3309000/5838681 (56.6738%)
entry 3311000/5838681 (56.708%)
entry 3312000/5838681 (56.7251%)
entry 3313000/5838681 (56.7423%)
entry 3314000/5838681 (56.7594%)
entry 3315000/5838681 (56.7765%)
entry 3316000/5838681 (56.7936%)
entry 3318000/5838681 (56.8279%)
entry 3319000/5838681 (56.845%)
entry 3320000/5838681 (56.8622%)
entry 3322000/5838681 (56.8964%)
entry 3323000/5838681 (56.9135%)
entry 3324000/5838681 (56.9307%)
entry 3328000/5838681 (56.9992%)
entry 3329000/5838681 (57.0163%)
entry 3330000/5838681 (57.0334%)
entry 3331000/5838681 (57.0506%)
entry 3332000/5838681 (57.0677%)
entry 3334000/5838681 (57.1019%)
entry 3335000/5838681 (57.1191%)
entry 3336000/5838681 (57.1362%)
entry 3337000/5838681 (57.1533%)
entry 3338000/5838681 (57.1704%)
entry 3339000/5838681 (57.1876%)
entry 3341000/5838681 (57.2218%)
entry 3342000/5838681 (57.239%)
entry 3343000/5838681 (57.2561%)
entry 3344000/5838681 (57.2732%)
entry 3345000/5838681 (57.2903%)
entry 3346000/5838681 (57.3075%)
entry 3350000/5838681 (57.376%)
entry 3352000/5838681 (57.4102%)
entry 3354000/5838681 (57.4445%)
entry 3355000/5838681 (57.4616%)
entry 3356000/5838681 (57.4787%)
entry 3357000/5838681 (57.4959%)
entry 3358000/5838681 (57.513%)
entry 3360000/5838681 (57.5472%)
entry 3361000/5838681 (57.5644%)
entry 3362000/5838681 (57.5815%)
entry 3363000/5838681 (57.5986%)
entry 3364000/5838681 (57.6158%)
entry 3365000/5838681 (57.6329%)
entry 3366000/5838681 (57.65%)
entry 3367000/5838681 (57.6671%)
entry 3369000/5838681 (57.7014%)
entry 3370000/5838681 (57.7185%)
entry 3371000/5838681 (57.7356%)
entry 3372000/5838681 (57.7528%)
entry 3373000/5838681 (57.7699%)
entry 3374000/5838681 (57.787%)
entry 3375000/5838681 (57.8041%)
entry 3378000/5838681 (57.8555%)
entry 3379000/5838681 (57.8727%)
entry 3382000/5838681 (57.924%)
entry 3383000/5838681 (57.9412%)
entry 3384000/5838681 (57.9583%)
entry 3386000/5838681 (57.9925%)
entry 3388000/5838681 (58.0268%)
entry 3389000/5838681 (58.0439%)
entry 3391000/5838681 (58.0782%)
entry 3392000/5838681 (58.0953%)
entry 3393000/5838681 (58.1124%)
entry 3396000/5838681 (58.1638%)
entry 3397000/5838681 (58.1809%)
entry 3398000/5838681 (58.1981%)
entry 3399000/5838681 (58.2152%)
entry 3400000/5838681 (58.2323%)
entry 3401000/5838681 (58.2495%)
entry 3403000/5838681 (58.2837%)
entry 3404000/5838681 (58.3008%)
entry 3406000/5838681 (58.3351%)
entry 3407000/5838681 (58.3522%)
entry 3408000/5838681 (58.3694%)
entry 3410000/5838681 (58.4036%)
entry 3411000/5838681 (58.4207%)
entry 3412000/5838681 (58.4379%)
entry 3413000/5838681 (58.455%)
entry 3414000/5838681 (58.4721%)
entry 3415000/5838681 (58.4892%)
entry 3416000/5838681 (58.5064%)
entry 3417000/5838681 (58.5235%)
entry 3418000/5838681 (58.5406%)
entry 3419000/5838681 (58.5577%)
entry 3420000/5838681 (58.5749%)
entry 3421000/5838681 (58.592%)
entry 3422000/5838681 (58.6091%)
entry 3423000/5838681 (58.6263%)
entry 3424000/5838681 (58.6434%)
entry 3425000/5838681 (58.6605%)
entry 3426000/5838681 (58.6776%)
entry 3428000/5838681 (58.7119%)
entry 3431000/5838681 (58.7633%)
entry 3432000/5838681 (58.7804%)
entry 3433000/5838681 (58.7975%)
entry 3434000/5838681 (58.8147%)
entry 3435000/5838681 (58.8318%)
entry 3436000/5838681 (58.8489%)
entry 3439000/5838681 (58.9003%)
entry 3440000/5838681 (58.9174%)
entry 3441000/5838681 (58.9345%)
entry 3442000/5838681 (58.9517%)
entry 3443000/5838681 (58.9688%)
entry 3446000/5838681 (59.0202%)
entry 3447000/5838681 (59.0373%)
entry 3448000/5838681 (59.0544%)
entry 3450000/5838681 (59.0887%)
entry 3453000/5838681 (59.1401%)
entry 3454000/5838681 (59.1572%)
entry 3455000/5838681 (59.1743%)
entry 3456000/5838681 (59.1915%)
entry 3457000/5838681 (59.2086%)
entry 3458000/5838681 (59.2257%)
entry 3460000/5838681 (59.26%)
entry 3461000/5838681 (59.2771%)
entry 3462000/5838681 (59.2942%)
entry 3463000/5838681 (59.3113%)
entry 3464000/5838681 (59.3285%)
entry 3465000/5838681 (59.3456%)
entry 3466000/5838681 (59.3627%)
entry 3468000/5838681 (59.397%)
entry 3469000/5838681 (59.4141%)
entry 3470000/5838681 (59.4312%)
entry 3471000/5838681 (59.4484%)
entry 3472000/5838681 (59.4655%)
entry 3473000/5838681 (59.4826%)
entry 3476000/5838681 (59.534%)
entry 3477000/5838681 (59.5511%)
entry 3478000/5838681 (59.5683%)
entry 3479000/5838681 (59.5854%)
entry 3480000/5838681 (59.6025%)
entry 3481000/5838681 (59.6196%)
entry 3482000/5838681 (59.6368%)
entry 3483000/5838681 (59.6539%)
entry 3484000/5838681 (59.671%)
entry 3485000/5838681 (59.6881%)
entry 3486000/5838681 (59.7053%)
entry 3487000/5838681 (59.7224%)
entry 3488000/5838681 (59.7395%)
entry 3489000/5838681 (59.7566%)
entry 3492000/5838681 (59.808%)
entry 3493000/5838681 (59.8252%)
entry 3494000/5838681 (59.8423%)
entry 3495000/5838681 (59.8594%)
entry 3496000/5838681 (59.8765%)
entry 3498000/5838681 (59.9108%)
entry 3499000/5838681 (59.9279%)
entry 3500000/5838681 (59.945%)
entry 3503000/5838681 (59.9964%)
entry 3504000/5838681 (60.0136%)
entry 3505000/5838681 (60.0307%)
entry 3507000/5838681 (60.0649%)
entry 3508000/5838681 (60.0821%)
entry 3509000/5838681 (60.0992%)
entry 3510000/5838681 (60.1163%)
entry 3511000/5838681 (60.1334%)
entry 3512000/5838681 (60.1506%)
entry 3513000/5838681 (60.1677%)
entry 3514000/5838681 (60.1848%)
entry 3516000/5838681 (60.2191%)
entry 3517000/5838681 (60.2362%)
entry 3518000/5838681 (60.2533%)
entry 3519000/5838681 (60.2705%)
entry 3520000/5838681 (60.2876%)
entry 3521000/5838681 (60.3047%)
entry 3522000/5838681 (60.3218%)
entry 3523000/5838681 (60.339%)
entry 3524000/5838681 (60.3561%)
entry 3525000/5838681 (60.3732%)
entry 3526000/5838681 (60.3904%)
entry 3529000/5838681 (60.4417%)
entry 3532000/5838681 (60.4931%)
entry 3533000/5838681 (60.5102%)
entry 3534000/5838681 (60.5274%)
entry 3535000/5838681 (60.5445%)
entry 3537000/5838681 (60.5788%)
entry 3539000/5838681 (60.613%)
entry 3540000/5838681 (60.6301%)
entry 3541000/5838681 (60.6473%)
entry 3543000/5838681 (60.6815%)
entry 3544000/5838681 (60.6986%)
entry 3546000/5838681 (60.7329%)
entry 3547000/5838681 (60.75%)
entry 3548000/5838681 (60.7671%)
entry 3549000/5838681 (60.7843%)
entry 3550000/5838681 (60.8014%)
entry 3551000/5838681 (60.8185%)
entry 3552000/5838681 (60.8357%)
entry 3553000/5838681 (60.8528%)
entry 3554000/5838681 (60.8699%)
entry 3555000/5838681 (60.887%)
entry 3559000/5838681 (60.9555%)
entry 3560000/5838681 (60.9727%)
entry 3562000/5838681 (61.0069%)
entry 3563000/5838681 (61.0241%)
entry 3564000/5838681 (61.0412%)
entry 3566000/5838681 (61.0754%)
entry 3567000/5838681 (61.0926%)
entry 3568000/5838681 (61.1097%)
entry 3569000/5838681 (61.1268%)
entry 3571000/5838681 (61.1611%)
entry 3573000/5838681 (61.1953%)
entry 3576000/5838681 (61.2467%)
entry 3578000/5838681 (61.281%)
entry 3579000/5838681 (61.2981%)
entry 3580000/5838681 (61.3152%)
entry 3581000/5838681 (61.3323%)
entry 3582000/5838681 (61.3495%)
entry 3584000/5838681 (61.3837%)
entry 3585000/5838681 (61.4009%)
entry 3586000/5838681 (61.418%)
entry 3588000/5838681 (61.4522%)
entry 3590000/5838681 (61.4865%)
entry 3591000/5838681 (61.5036%)
entry 3592000/5838681 (61.5207%)
entry 3596000/5838681 (61.5893%)
entry 3597000/5838681 (61.6064%)
entry 3598000/5838681 (61.6235%)
entry 3600000/5838681 (61.6578%)
entry 3602000/5838681 (61.692%)
entry 3603000/5838681 (61.7091%)
entry 3604000/5838681 (61.7263%)
entry 3605000/5838681 (61.7434%)
entry 3606000/5838681 (61.7605%)
entry 3607000/5838681 (61.7777%)
entry 3608000/5838681 (61.7948%)
entry 3609000/5838681 (61.8119%)
entry 3610000/5838681 (61.829%)
entry 3612000/5838681 (61.8633%)
entry 3615000/5838681 (61.9147%)
entry 3617000/5838681 (61.9489%)
entry 3618000/5838681 (61.966%)
entry 3619000/5838681 (61.9832%)
entry 3620000/5838681 (62.0003%)
entry 3621000/5838681 (62.0174%)
entry 3622000/5838681 (62.0346%)
entry 3623000/5838681 (62.0517%)
entry 3625000/5838681 (62.0859%)
entry 3627000/5838681 (62.1202%)
entry 3628000/5838681 (62.1373%)
entry 3630000/5838681 (62.1716%)
entry 3631000/5838681 (62.1887%)
entry 3633000/5838681 (62.223%)
entry 3634000/5838681 (62.2401%)
entry 3635000/5838681 (62.2572%)
entry 3636000/5838681 (62.2743%)
entry 3638000/5838681 (62.3086%)
entry 3640000/5838681 (62.3428%)
entry 3642000/5838681 (62.3771%)
entry 3643000/5838681 (62.3942%)
entry 3644000/5838681 (62.4114%)
entry 3646000/5838681 (62.4456%)
entry 3647000/5838681 (62.4627%)
entry 3648000/5838681 (62.4799%)
entry 3650000/5838681 (62.5141%)
entry 3651000/5838681 (62.5312%)
entry 3652000/5838681 (62.5484%)
entry 3653000/5838681 (62.5655%)
entry 3656000/5838681 (62.6169%)
entry 3658000/5838681 (62.6511%)
entry 3659000/5838681 (62.6683%)
entry 3661000/5838681 (62.7025%)
entry 3663000/5838681 (62.7368%)
entry 3664000/5838681 (62.7539%)
entry 3666000/5838681 (62.7882%)
entry 3667000/5838681 (62.8053%)
entry 3668000/5838681 (62.8224%)
entry 3669000/5838681 (62.8395%)
entry 3671000/5838681 (62.8738%)
entry 3672000/5838681 (62.8909%)
entry 3673000/5838681 (62.908%)
entry 3674000/5838681 (62.9252%)
entry 3675000/5838681 (62.9423%)
entry 3678000/5838681 (62.9937%)
entry 3679000/5838681 (63.0108%)
entry 3680000/5838681 (63.0279%)
entry 3681000/5838681 (63.0451%)
entry 3682000/5838681 (63.0622%)
entry 3685000/5838681 (63.1136%)
entry 3686000/5838681 (63.1307%)
entry 3687000/5838681 (63.1478%)
entry 3688000/5838681 (63.1649%)
entry 3689000/5838681 (63.1821%)
entry 3690000/5838681 (63.1992%)
entry 3691000/5838681 (63.2163%)
entry 3692000/5838681 (63.2335%)
entry 3693000/5838681 (63.2506%)
entry 3694000/5838681 (63.2677%)
entry 3696000/5838681 (63.302%)
entry 3702000/5838681 (63.4047%)
entry 3703000/5838681 (63.4219%)
entry 3705000/5838681 (63.4561%)
entry 3706000/5838681 (63.4732%)
entry 3707000/5838681 (63.4904%)
entry 3709000/5838681 (63.5246%)
entry 3710000/5838681 (63.5417%)
entry 3711000/5838681 (63.5589%)
entry 3713000/5838681 (63.5931%)
entry 3714000/5838681 (63.6103%)
entry 3716000/5838681 (63.6445%)
entry 3717000/5838681 (63.6616%)
entry 3718000/5838681 (63.6788%)
entry 3719000/5838681 (63.6959%)
entry 3720000/5838681 (63.713%)
entry 3721000/5838681 (63.7301%)
entry 3722000/5838681 (63.7473%)
entry 3723000/5838681 (63.7644%)
entry 3724000/5838681 (63.7815%)
entry 3725000/5838681 (63.7987%)
entry 3726000/5838681 (63.8158%)
entry 3728000/5838681 (63.85%)
entry 3729000/5838681 (63.8672%)
entry 3730000/5838681 (63.8843%)
entry 3731000/5838681 (63.9014%)
entry 3732000/5838681 (63.9185%)
entry 3734000/5838681 (63.9528%)
entry 3735000/5838681 (63.9699%)
entry 3736000/5838681 (63.9871%)
entry 3738000/5838681 (64.0213%)
entry 3739000/5838681 (64.0384%)
entry 3740000/5838681 (64.0556%)
entry 3743000/5838681 (64.1069%)
entry 3744000/5838681 (64.1241%)
entry 3745000/5838681 (64.1412%)
entry 3746000/5838681 (64.1583%)
entry 3747000/5838681 (64.1755%)
entry 3749000/5838681 (64.2097%)
entry 3750000/5838681 (64.2268%)
entry 3755000/5838681 (64.3125%)
entry 3756000/5838681 (64.3296%)
entry 3757000/5838681 (64.3467%)
entry 3758000/5838681 (64.3638%)
entry 3759000/5838681 (64.381%)
entry 3760000/5838681 (64.3981%)
entry 3761000/5838681 (64.4152%)
entry 3762000/5838681 (64.4324%)
entry 3763000/5838681 (64.4495%)
entry 3765000/5838681 (64.4837%)
entry 3766000/5838681 (64.5009%)
entry 3767000/5838681 (64.518%)
entry 3768000/5838681 (64.5351%)
entry 3771000/5838681 (64.5865%)
entry 3772000/5838681 (64.6036%)
entry 3776000/5838681 (64.6721%)
entry 3777000/5838681 (64.6893%)
entry 3779000/5838681 (64.7235%)
entry 3780000/5838681 (64.7407%)
entry 3781000/5838681 (64.7578%)
entry 3783000/5838681 (64.792%)
entry 3784000/5838681 (64.8092%)
entry 3785000/5838681 (64.8263%)
entry 3786000/5838681 (64.8434%)
entry 3788000/5838681 (64.8777%)
entry 3789000/5838681 (64.8948%)
entry 3791000/5838681 (64.9291%)
entry 3792000/5838681 (64.9462%)
entry 3793000/5838681 (64.9633%)
entry 3795000/5838681 (64.9976%)
entry 3796000/5838681 (65.0147%)
entry 3797000/5838681 (65.0318%)
entry 3798000/5838681 (65.0489%)
entry 3799000/5838681 (65.0661%)
entry 3800000/5838681 (65.0832%)
entry 3801000/5838681 (65.1003%)
entry 3802000/5838681 (65.1174%)
entry 3803000/5838681 (65.1346%)
entry 3804000/5838681 (65.1517%)
entry 3805000/5838681 (65.1688%)
entry 3807000/5838681 (65.2031%)
entry 3808000/5838681 (65.2202%)
entry 3809000/5838681 (65.2373%)
entry 3810000/5838681 (65.2545%)
entry 3813000/5838681 (65.3058%)
entry 3814000/5838681 (65.323%)
entry 3815000/5838681 (65.3401%)
entry 3816000/5838681 (65.3572%)
entry 3817000/5838681 (65.3744%)
entry 3818000/5838681 (65.3915%)
entry 3820000/5838681 (65.4257%)
entry 3821000/5838681 (65.4429%)
entry 3822000/5838681 (65.46%)
entry 3823000/5838681 (65.4771%)
entry 3825000/5838681 (65.5114%)
entry 3827000/5838681 (65.5456%)
entry 3828000/5838681 (65.5628%)
entry 3829000/5838681 (65.5799%)
entry 3830000/5838681 (65.597%)
entry 3831000/5838681 (65.6141%)
entry 3832000/5838681 (65.6313%)
entry 3833000/5838681 (65.6484%)
entry 3834000/5838681 (65.6655%)
entry 3835000/5838681 (65.6826%)
entry 3836000/5838681 (65.6998%)
entry 3837000/5838681 (65.7169%)
entry 3838000/5838681 (65.734%)
entry 3839000/5838681 (65.7512%)
entry 3841000/5838681 (65.7854%)
entry 3842000/5838681 (65.8025%)
entry 3845000/5838681 (65.8539%)
entry 3846000/5838681 (65.871%)
entry 3847000/5838681 (65.8882%)
entry 3849000/5838681 (65.9224%)
entry 3851000/5838681 (65.9567%)
entry 3852000/5838681 (65.9738%)
entry 3854000/5838681 (66.0081%)
entry 3855000/5838681 (66.0252%)
entry 3856000/5838681 (66.0423%)
entry 3857000/5838681 (66.0594%)
entry 3858000/5838681 (66.0766%)
entry 3859000/5838681 (66.0937%)
entry 3860000/5838681 (66.1108%)
entry 3861000/5838681 (66.1279%)
entry 3862000/5838681 (66.1451%)
entry 3863000/5838681 (66.1622%)
entry 3865000/5838681 (66.1965%)
entry 3867000/5838681 (66.2307%)
entry 3868000/5838681 (66.2478%)
entry 3870000/5838681 (66.2821%)
entry 3871000/5838681 (66.2992%)
entry 3875000/5838681 (66.3677%)
entry 3876000/5838681 (66.3849%)
entry 3877000/5838681 (66.402%)
entry 3880000/5838681 (66.4534%)
entry 3882000/5838681 (66.4876%)
entry 3883000/5838681 (66.5047%)
entry 3884000/5838681 (66.5219%)
entry 3885000/5838681 (66.539%)
entry 3886000/5838681 (66.5561%)
entry 3888000/5838681 (66.5904%)
entry 3890000/5838681 (66.6246%)
entry 3891000/5838681 (66.6418%)
entry 3892000/5838681 (66.6589%)
entry 3895000/5838681 (66.7103%)
entry 3896000/5838681 (66.7274%)
entry 3897000/5838681 (66.7445%)
entry 3899000/5838681 (66.7788%)
entry 3902000/5838681 (66.8302%)
entry 3904000/5838681 (66.8644%)
entry 3905000/5838681 (66.8815%)
entry 3906000/5838681 (66.8987%)
entry 3907000/5838681 (66.9158%)
entry 3909000/5838681 (66.9501%)
entry 3911000/5838681 (66.9843%)
entry 3912000/5838681 (67.0014%)
entry 3913000/5838681 (67.0186%)
entry 3915000/5838681 (67.0528%)
entry 3916000/5838681 (67.0699%)
entry 3917000/5838681 (67.0871%)
entry 3918000/5838681 (67.1042%)
entry 3919000/5838681 (67.1213%)
entry 3920000/5838681 (67.1385%)
entry 3921000/5838681 (67.1556%)
entry 3923000/5838681 (67.1898%)
entry 3924000/5838681 (67.207%)
entry 3925000/5838681 (67.2241%)
entry 3926000/5838681 (67.2412%)
entry 3927000/5838681 (67.2583%)
entry 3928000/5838681 (67.2755%)
entry 3929000/5838681 (67.2926%)
entry 3931000/5838681 (67.3268%)
entry 3932000/5838681 (67.344%)
entry 3934000/5838681 (67.3782%)
entry 3937000/5838681 (67.4296%)
entry 3938000/5838681 (67.4467%)
entry 3939000/5838681 (67.4639%)
entry 3941000/5838681 (67.4981%)
entry 3942000/5838681 (67.5152%)
entry 3943000/5838681 (67.5324%)
entry 3944000/5838681 (67.5495%)
entry 3946000/5838681 (67.5838%)
entry 3948000/5838681 (67.618%)
entry 3949000/5838681 (67.6351%)
entry 3954000/5838681 (67.7208%)
entry 3955000/5838681 (67.7379%)
entry 3956000/5838681 (67.755%)
entry 3957000/5838681 (67.7722%)
entry 3958000/5838681 (67.7893%)
entry 3961000/5838681 (67.8407%)
entry 3963000/5838681 (67.8749%)
entry 3965000/5838681 (67.9092%)
entry 3966000/5838681 (67.9263%)
entry 3967000/5838681 (67.9434%)
entry 3968000/5838681 (67.9606%)
entry 3970000/5838681 (67.9948%)
entry 3972000/5838681 (68.0291%)
entry 3973000/5838681 (68.0462%)
entry 3974000/5838681 (68.0633%)
entry 3976000/5838681 (68.0976%)
entry 3977000/5838681 (68.1147%)
entry 3978000/5838681 (68.1318%)
entry 3979000/5838681 (68.149%)
entry 3980000/5838681 (68.1661%)
entry 3982000/5838681 (68.2003%)
entry 3983000/5838681 (68.2175%)
entry 3985000/5838681 (68.2517%)
entry 3986000/5838681 (68.2688%)
entry 3987000/5838681 (68.286%)
entry 3988000/5838681 (68.3031%)
entry 3990000/5838681 (68.3374%)
entry 3991000/5838681 (68.3545%)
entry 3992000/5838681 (68.3716%)
entry 3993000/5838681 (68.3887%)
entry 3995000/5838681 (68.423%)
entry 3997000/5838681 (68.4572%)
entry 3998000/5838681 (68.4744%)
entry 3999000/5838681 (68.4915%)
entry 4000000/5838681 (68.5086%)
entry 4001000/5838681 (68.5257%)
entry 4002000/5838681 (68.5429%)
entry 4003000/5838681 (68.56%)
entry 4004000/5838681 (68.5771%)
entry 4005000/5838681 (68.5943%)
entry 4006000/5838681 (68.6114%)
entry 4009000/5838681 (68.6628%)
entry 4011000/5838681 (68.697%)
entry 4014000/5838681 (68.7484%)
entry 4015000/5838681 (68.7655%)
entry 4016000/5838681 (68.7827%)
entry 4018000/5838681 (68.8169%)
entry 4019000/5838681 (68.834%)
entry 4021000/5838681 (68.8683%)
entry 4023000/5838681 (68.9025%)
entry 4024000/5838681 (68.9197%)
entry 4025000/5838681 (68.9368%)
entry 4026000/5838681 (68.9539%)
entry 4027000/5838681 (68.9711%)
entry 4028000/5838681 (68.9882%)
entry 4030000/5838681 (69.0224%)
entry 4031000/5838681 (69.0396%)
entry 4034000/5838681 (69.0909%)
entry 4035000/5838681 (69.1081%)
entry 4036000/5838681 (69.1252%)
entry 4037000/5838681 (69.1423%)
entry 4038000/5838681 (69.1595%)
entry 4039000/5838681 (69.1766%)
entry 4041000/5838681 (69.2108%)
entry 4042000/5838681 (69.228%)
entry 4043000/5838681 (69.2451%)
entry 4044000/5838681 (69.2622%)
entry 4047000/5838681 (69.3136%)
entry 4048000/5838681 (69.3307%)
entry 4049000/5838681 (69.3479%)
entry 4050000/5838681 (69.365%)
entry 4051000/5838681 (69.3821%)
entry 4052000/5838681 (69.3992%)
entry 4054000/5838681 (69.4335%)
entry 4055000/5838681 (69.4506%)
entry 4056000/5838681 (69.4677%)
entry 4058000/5838681 (69.502%)
entry 4059000/5838681 (69.5191%)
entry 4060000/5838681 (69.5363%)
entry 4063000/5838681 (69.5876%)
entry 4064000/5838681 (69.6048%)
entry 4065000/5838681 (69.6219%)
entry 4067000/5838681 (69.6561%)
entry 4068000/5838681 (69.6733%)
entry 4069000/5838681 (69.6904%)
entry 4070000/5838681 (69.7075%)
entry 4072000/5838681 (69.7418%)
entry 4074000/5838681 (69.776%)
entry 4075000/5838681 (69.7932%)
entry 4076000/5838681 (69.8103%)
entry 4077000/5838681 (69.8274%)
entry 4078000/5838681 (69.8445%)
entry 4079000/5838681 (69.8617%)
entry 4080000/5838681 (69.8788%)
entry 4082000/5838681 (69.9131%)
entry 4083000/5838681 (69.9302%)
entry 4085000/5838681 (69.9644%)
entry 4086000/5838681 (69.9816%)
entry 4088000/5838681 (70.0158%)
entry 4090000/5838681 (70.0501%)
entry 4092000/5838681 (70.0843%)
entry 4093000/5838681 (70.1015%)
entry 4094000/5838681 (70.1186%)
entry 4096000/5838681 (70.1528%)
entry 4097000/5838681 (70.17%)
entry 4099000/5838681 (70.2042%)
entry 4100000/5838681 (70.2213%)
entry 4101000/5838681 (70.2385%)
entry 4102000/5838681 (70.2556%)
entry 4103000/5838681 (70.2727%)
entry 4104000/5838681 (70.2899%)
entry 4105000/5838681 (70.307%)
entry 4109000/5838681 (70.3755%)
entry 4113000/5838681 (70.444%)
entry 4114000/5838681 (70.4611%)
entry 4115000/5838681 (70.4782%)
entry 4116000/5838681 (70.4954%)
entry 4117000/5838681 (70.5125%)
entry 4118000/5838681 (70.5296%)
entry 4120000/5838681 (70.5639%)
entry 4123000/5838681 (70.6153%)
entry 4126000/5838681 (70.6666%)
entry 4127000/5838681 (70.6838%)
entry 4128000/5838681 (70.7009%)
entry 4131000/5838681 (70.7523%)
entry 4132000/5838681 (70.7694%)
entry 4133000/5838681 (70.7865%)
entry 4135000/5838681 (70.8208%)
entry 4136000/5838681 (70.8379%)
entry 4137000/5838681 (70.855%)
entry 4138000/5838681 (70.8722%)
entry 4139000/5838681 (70.8893%)
entry 4142000/5838681 (70.9407%)
entry 4143000/5838681 (70.9578%)
entry 4145000/5838681 (70.9921%)
entry 4146000/5838681 (71.0092%)
entry 4147000/5838681 (71.0263%)
entry 4149000/5838681 (71.0606%)
entry 4150000/5838681 (71.0777%)
entry 4151000/5838681 (71.0948%)
entry 4152000/5838681 (71.112%)
entry 4153000/5838681 (71.1291%)
entry 4155000/5838681 (71.1633%)
entry 4156000/5838681 (71.1805%)
entry 4157000/5838681 (71.1976%)
entry 4160000/5838681 (71.249%)
entry 4161000/5838681 (71.2661%)
entry 4162000/5838681 (71.2832%)
entry 4163000/5838681 (71.3004%)
entry 4164000/5838681 (71.3175%)
entry 4165000/5838681 (71.3346%)
entry 4166000/5838681 (71.3517%)
entry 4167000/5838681 (71.3689%)
entry 4168000/5838681 (71.386%)
entry 4169000/5838681 (71.4031%)
entry 4170000/5838681 (71.4202%)
entry 4171000/5838681 (71.4374%)
entry 4172000/5838681 (71.4545%)
entry 4173000/5838681 (71.4716%)
entry 4176000/5838681 (71.523%)
entry 4177000/5838681 (71.5401%)
entry 4178000/5838681 (71.5573%)
entry 4179000/5838681 (71.5744%)
entry 4180000/5838681 (71.5915%)
entry 4181000/5838681 (71.6086%)
entry 4183000/5838681 (71.6429%)
entry 4185000/5838681 (71.6771%)
entry 4186000/5838681 (71.6943%)
entry 4187000/5838681 (71.7114%)
entry 4188000/5838681 (71.7285%)
entry 4189000/5838681 (71.7457%)
entry 4190000/5838681 (71.7628%)
entry 4191000/5838681 (71.7799%)
entry 4192000/5838681 (71.797%)
entry 4194000/5838681 (71.8313%)
entry 4199000/5838681 (71.9169%)
entry 4200000/5838681 (71.9341%)
entry 4202000/5838681 (71.9683%)
entry 4203000/5838681 (71.9854%)
entry 4204000/5838681 (72.0026%)
entry 4208000/5838681 (72.0711%)
entry 4209000/5838681 (72.0882%)
entry 4210000/5838681 (72.1053%)
entry 4212000/5838681 (72.1396%)
entry 4213000/5838681 (72.1567%)
entry 4214000/5838681 (72.1738%)
entry 4215000/5838681 (72.191%)
entry 4216000/5838681 (72.2081%)
entry 4217000/5838681 (72.2252%)
entry 4218000/5838681 (72.2423%)
entry 4219000/5838681 (72.2595%)
entry 4220000/5838681 (72.2766%)
entry 4221000/5838681 (72.2937%)
entry 4222000/5838681 (72.3109%)
entry 4224000/5838681 (72.3451%)
entry 4225000/5838681 (72.3622%)
entry 4227000/5838681 (72.3965%)
entry 4228000/5838681 (72.4136%)
entry 4229000/5838681 (72.4307%)
entry 4232000/5838681 (72.4821%)
entry 4234000/5838681 (72.5164%)
entry 4235000/5838681 (72.5335%)
entry 4236000/5838681 (72.5506%)
entry 4237000/5838681 (72.5678%)
entry 4238000/5838681 (72.5849%)
entry 4239000/5838681 (72.602%)
entry 4240000/5838681 (72.6191%)
entry 4241000/5838681 (72.6363%)
entry 4242000/5838681 (72.6534%)
entry 4243000/5838681 (72.6705%)
entry 4245000/5838681 (72.7048%)
entry 4246000/5838681 (72.7219%)
entry 4247000/5838681 (72.739%)
entry 4249000/5838681 (72.7733%)
entry 4250000/5838681 (72.7904%)
entry 4251000/5838681 (72.8075%)
entry 4252000/5838681 (72.8247%)
entry 4253000/5838681 (72.8418%)
entry 4254000/5838681 (72.8589%)
entry 4255000/5838681 (72.876%)
entry 4256000/5838681 (72.8932%)
entry 4257000/5838681 (72.9103%)
entry 4258000/5838681 (72.9274%)
entry 4259000/5838681 (72.9446%)
entry 4260000/5838681 (72.9617%)
entry 4261000/5838681 (72.9788%)
entry 4262000/5838681 (72.9959%)
entry 4263000/5838681 (73.0131%)
entry 4265000/5838681 (73.0473%)
entry 4266000/5838681 (73.0644%)
entry 4267000/5838681 (73.0816%)
entry 4270000/5838681 (73.133%)
entry 4274000/5838681 (73.2015%)
entry 4275000/5838681 (73.2186%)
entry 4276000/5838681 (73.2357%)
entry 4277000/5838681 (73.2528%)
entry 4278000/5838681 (73.27%)
entry 4279000/5838681 (73.2871%)
entry 4280000/5838681 (73.3042%)
entry 4281000/5838681 (73.3214%)
entry 4282000/5838681 (73.3385%)
entry 4283000/5838681 (73.3556%)
entry 4284000/5838681 (73.3727%)
entry 4286000/5838681 (73.407%)
entry 4287000/5838681 (73.4241%)
entry 4288000/5838681 (73.4412%)
entry 4289000/5838681 (73.4584%)
entry 4291000/5838681 (73.4926%)
entry 4292000/5838681 (73.5098%)
entry 4293000/5838681 (73.5269%)
entry 4294000/5838681 (73.544%)
entry 4297000/5838681 (73.5954%)
entry 4301000/5838681 (73.6639%)
entry 4302000/5838681 (73.681%)
entry 4303000/5838681 (73.6982%)
entry 4304000/5838681 (73.7153%)
entry 4305000/5838681 (73.7324%)
entry 4306000/5838681 (73.7495%)
entry 4307000/5838681 (73.7667%)
entry 4309000/5838681 (73.8009%)
entry 4310000/5838681 (73.818%)
entry 4311000/5838681 (73.8352%)
entry 4313000/5838681 (73.8694%)
entry 4314000/5838681 (73.8865%)
entry 4315000/5838681 (73.9037%)
entry 4316000/5838681 (73.9208%)
entry 4317000/5838681 (73.9379%)
entry 4318000/5838681 (73.9551%)
entry 4319000/5838681 (73.9722%)
entry 4320000/5838681 (73.9893%)
entry 4321000/5838681 (74.0064%)
entry 4324000/5838681 (74.0578%)
entry 4325000/5838681 (74.0749%)
entry 4326000/5838681 (74.0921%)
entry 4327000/5838681 (74.1092%)
entry 4328000/5838681 (74.1263%)
entry 4329000/5838681 (74.1435%)
entry 4330000/5838681 (74.1606%)
entry 4332000/5838681 (74.1948%)
entry 4333000/5838681 (74.212%)
entry 4334000/5838681 (74.2291%)
entry 4335000/5838681 (74.2462%)
entry 4336000/5838681 (74.2633%)
entry 4337000/5838681 (74.2805%)
entry 4338000/5838681 (74.2976%)
entry 4340000/5838681 (74.3319%)
entry 4343000/5838681 (74.3832%)
entry 4344000/5838681 (74.4004%)
entry 4345000/5838681 (74.4175%)
entry 4347000/5838681 (74.4517%)
entry 4348000/5838681 (74.4689%)
entry 4350000/5838681 (74.5031%)
entry 4351000/5838681 (74.5203%)
entry 4352000/5838681 (74.5374%)
entry 4353000/5838681 (74.5545%)
entry 4354000/5838681 (74.5716%)
entry 4355000/5838681 (74.5888%)
entry 4357000/5838681 (74.623%)
entry 4358000/5838681 (74.6401%)
entry 4359000/5838681 (74.6573%)
entry 4360000/5838681 (74.6744%)
entry 4361000/5838681 (74.6915%)
entry 4362000/5838681 (74.7087%)
entry 4363000/5838681 (74.7258%)
entry 4364000/5838681 (74.7429%)
entry 4365000/5838681 (74.76%)
entry 4366000/5838681 (74.7772%)
entry 4367000/5838681 (74.7943%)
entry 4368000/5838681 (74.8114%)
entry 4369000/5838681 (74.8285%)
entry 4370000/5838681 (74.8457%)
entry 4371000/5838681 (74.8628%)
entry 4372000/5838681 (74.8799%)
entry 4373000/5838681 (74.8971%)
entry 4377000/5838681 (74.9656%)
entry 4379000/5838681 (74.9998%)
entry 4381000/5838681 (75.0341%)
entry 4382000/5838681 (75.0512%)
entry 4383000/5838681 (75.0683%)
entry 4384000/5838681 (75.0854%)
entry 4385000/5838681 (75.1026%)
entry 4386000/5838681 (75.1197%)
entry 4387000/5838681 (75.1368%)
entry 4388000/5838681 (75.154%)
entry 4389000/5838681 (75.1711%)
entry 4391000/5838681 (75.2053%)
entry 4392000/5838681 (75.2225%)
entry 4395000/5838681 (75.2738%)
entry 4396000/5838681 (75.291%)
entry 4399000/5838681 (75.3424%)
entry 4401000/5838681 (75.3766%)
entry 4402000/5838681 (75.3937%)
entry 4403000/5838681 (75.4109%)
entry 4404000/5838681 (75.428%)
entry 4405000/5838681 (75.4451%)
entry 4406000/5838681 (75.4623%)
entry 4407000/5838681 (75.4794%)
entry 4410000/5838681 (75.5308%)
entry 4411000/5838681 (75.5479%)
entry 4412000/5838681 (75.565%)
entry 4413000/5838681 (75.5821%)
entry 4414000/5838681 (75.5993%)
entry 4418000/5838681 (75.6678%)
entry 4419000/5838681 (75.6849%)
entry 4420000/5838681 (75.702%)
entry 4421000/5838681 (75.7192%)
entry 4422000/5838681 (75.7363%)
entry 4423000/5838681 (75.7534%)
entry 4424000/5838681 (75.7705%)
entry 4426000/5838681 (75.8048%)
entry 4427000/5838681 (75.8219%)
entry 4428000/5838681 (75.839%)
entry 4430000/5838681 (75.8733%)
entry 4432000/5838681 (75.9076%)
entry 4433000/5838681 (75.9247%)
entry 4434000/5838681 (75.9418%)
entry 4435000/5838681 (75.9589%)
entry 4436000/5838681 (75.9761%)
entry 4437000/5838681 (75.9932%)
entry 4438000/5838681 (76.0103%)
entry 4439000/5838681 (76.0274%)
entry 4442000/5838681 (76.0788%)
entry 4443000/5838681 (76.096%)
entry 4444000/5838681 (76.1131%)
entry 4445000/5838681 (76.1302%)
entry 4448000/5838681 (76.1816%)
entry 4450000/5838681 (76.2158%)
entry 4451000/5838681 (76.233%)
entry 4452000/5838681 (76.2501%)
entry 4453000/5838681 (76.2672%)
entry 4454000/5838681 (76.2844%)
entry 4455000/5838681 (76.3015%)
entry 4457000/5838681 (76.3357%)
entry 4458000/5838681 (76.3529%)
entry 4459000/5838681 (76.37%)
entry 4460000/5838681 (76.3871%)
entry 4461000/5838681 (76.4042%)
entry 4462000/5838681 (76.4214%)
entry 4463000/5838681 (76.4385%)
entry 4464000/5838681 (76.4556%)
entry 4466000/5838681 (76.4899%)
entry 4467000/5838681 (76.507%)
entry 4468000/5838681 (76.5241%)
entry 4469000/5838681 (76.5413%)
entry 4470000/5838681 (76.5584%)
entry 4471000/5838681 (76.5755%)
entry 4472000/5838681 (76.5926%)
entry 4473000/5838681 (76.6098%)
entry 4474000/5838681 (76.6269%)
entry 4475000/5838681 (76.644%)
entry 4476000/5838681 (76.6612%)
entry 4477000/5838681 (76.6783%)
entry 4478000/5838681 (76.6954%)
entry 4479000/5838681 (76.7125%)
entry 4480000/5838681 (76.7297%)
entry 4481000/5838681 (76.7468%)
entry 4482000/5838681 (76.7639%)
entry 4483000/5838681 (76.781%)
entry 4484000/5838681 (76.7982%)
entry 4485000/5838681 (76.8153%)
entry 4486000/5838681 (76.8324%)
entry 4487000/5838681 (76.8496%)
entry 4488000/5838681 (76.8667%)
entry 4492000/5838681 (76.9352%)
entry 4493000/5838681 (76.9523%)
entry 4494000/5838681 (76.9694%)
entry 4496000/5838681 (77.0037%)
entry 4498000/5838681 (77.0379%)
entry 4502000/5838681 (77.1065%)
entry 4504000/5838681 (77.1407%)
entry 4505000/5838681 (77.1578%)
entry 4506000/5838681 (77.175%)
entry 4507000/5838681 (77.1921%)
entry 4508000/5838681 (77.2092%)
entry 4509000/5838681 (77.2263%)
entry 4511000/5838681 (77.2606%)
entry 4512000/5838681 (77.2777%)
entry 4513000/5838681 (77.2949%)
entry 4514000/5838681 (77.312%)
entry 4516000/5838681 (77.3462%)
entry 4517000/5838681 (77.3634%)
entry 4518000/5838681 (77.3805%)
entry 4520000/5838681 (77.4147%)
entry 4521000/5838681 (77.4319%)
entry 4522000/5838681 (77.449%)
entry 4523000/5838681 (77.4661%)
entry 4526000/5838681 (77.5175%)
entry 4527000/5838681 (77.5346%)
entry 4528000/5838681 (77.5518%)
entry 4530000/5838681 (77.586%)
entry 4531000/5838681 (77.6031%)
entry 4533000/5838681 (77.6374%)
entry 4534000/5838681 (77.6545%)
entry 4535000/5838681 (77.6717%)
entry 4536000/5838681 (77.6888%)
entry 4537000/5838681 (77.7059%)
entry 4538000/5838681 (77.723%)
entry 4539000/5838681 (77.7402%)
entry 4541000/5838681 (77.7744%)
entry 4542000/5838681 (77.7915%)
entry 4544000/5838681 (77.8258%)
entry 4545000/5838681 (77.8429%)
entry 4546000/5838681 (77.8601%)
entry 4548000/5838681 (77.8943%)
entry 4549000/5838681 (77.9114%)
entry 4550000/5838681 (77.9286%)
entry 4551000/5838681 (77.9457%)
entry 4552000/5838681 (77.9628%)
entry 4553000/5838681 (77.9799%)
entry 4554000/5838681 (77.9971%)
entry 4555000/5838681 (78.0142%)
entry 4556000/5838681 (78.0313%)
entry 4557000/5838681 (78.0484%)
entry 4558000/5838681 (78.0656%)
entry 4559000/5838681 (78.0827%)
entry 4561000/5838681 (78.117%)
entry 4562000/5838681 (78.1341%)
entry 4563000/5838681 (78.1512%)
entry 4566000/5838681 (78.2026%)
entry 4567000/5838681 (78.2197%)
entry 4569000/5838681 (78.254%)
entry 4570000/5838681 (78.2711%)
entry 4572000/5838681 (78.3054%)
entry 4576000/5838681 (78.3739%)
entry 4578000/5838681 (78.4081%)
entry 4579000/5838681 (78.4252%)
entry 4580000/5838681 (78.4424%)
entry 4581000/5838681 (78.4595%)
entry 4582000/5838681 (78.4766%)
entry 4586000/5838681 (78.5451%)
entry 4587000/5838681 (78.5623%)
entry 4588000/5838681 (78.5794%)
entry 4589000/5838681 (78.5965%)
entry 4591000/5838681 (78.6308%)
entry 4592000/5838681 (78.6479%)
entry 4593000/5838681 (78.665%)
entry 4594000/5838681 (78.6822%)
entry 4595000/5838681 (78.6993%)
entry 4597000/5838681 (78.7335%)
entry 4599000/5838681 (78.7678%)
entry 4600000/5838681 (78.7849%)
entry 4601000/5838681 (78.802%)
entry 4602000/5838681 (78.8192%)
entry 4603000/5838681 (78.8363%)
entry 4604000/5838681 (78.8534%)
entry 4605000/5838681 (78.8706%)
entry 4607000/5838681 (78.9048%)
entry 4609000/5838681 (78.9391%)
entry 4611000/5838681 (78.9733%)
entry 4614000/5838681 (79.0247%)
entry 4615000/5838681 (79.0418%)
entry 4617000/5838681 (79.0761%)
entry 4618000/5838681 (79.0932%)
entry 4619000/5838681 (79.1103%)
entry 4620000/5838681 (79.1275%)
entry 4621000/5838681 (79.1446%)
entry 4622000/5838681 (79.1617%)
entry 4624000/5838681 (79.196%)
entry 4625000/5838681 (79.2131%)
entry 4627000/5838681 (79.2473%)
entry 4628000/5838681 (79.2645%)
entry 4630000/5838681 (79.2987%)
entry 4632000/5838681 (79.333%)
entry 4633000/5838681 (79.3501%)
entry 4634000/5838681 (79.3672%)
entry 4635000/5838681 (79.3844%)
entry 4636000/5838681 (79.4015%)
entry 4637000/5838681 (79.4186%)
entry 4638000/5838681 (79.4357%)
entry 4639000/5838681 (79.4529%)
entry 4641000/5838681 (79.4871%)
entry 4643000/5838681 (79.5214%)
entry 4644000/5838681 (79.5385%)
entry 4646000/5838681 (79.5728%)
entry 4647000/5838681 (79.5899%)
entry 4648000/5838681 (79.607%)
entry 4649000/5838681 (79.6241%)
entry 4650000/5838681 (79.6413%)
entry 4654000/5838681 (79.7098%)
entry 4655000/5838681 (79.7269%)
entry 4656000/5838681 (79.744%)
entry 4657000/5838681 (79.7612%)
entry 4658000/5838681 (79.7783%)
entry 4661000/5838681 (79.8297%)
entry 4662000/5838681 (79.8468%)
entry 4663000/5838681 (79.8639%)
entry 4664000/5838681 (79.8811%)
entry 4666000/5838681 (79.9153%)
entry 4667000/5838681 (79.9324%)
entry 4668000/5838681 (79.9496%)
entry 4669000/5838681 (79.9667%)
entry 4670000/5838681 (79.9838%)
entry 4671000/5838681 (80.0009%)
entry 4672000/5838681 (80.0181%)
entry 4673000/5838681 (80.0352%)
entry 4674000/5838681 (80.0523%)
entry 4675000/5838681 (80.0695%)
entry 4677000/5838681 (80.1037%)
entry 4678000/5838681 (80.1208%)
entry 4680000/5838681 (80.1551%)
entry 4681000/5838681 (80.1722%)
entry 4682000/5838681 (80.1893%)
entry 4683000/5838681 (80.2065%)
entry 4684000/5838681 (80.2236%)
entry 4686000/5838681 (80.2579%)
entry 4687000/5838681 (80.275%)
entry 4688000/5838681 (80.2921%)
entry 4690000/5838681 (80.3264%)
entry 4691000/5838681 (80.3435%)
entry 4692000/5838681 (80.3606%)
entry 4693000/5838681 (80.3777%)
entry 4694000/5838681 (80.3949%)
entry 4695000/5838681 (80.412%)
entry 4696000/5838681 (80.4291%)
entry 4697000/5838681 (80.4462%)
entry 4698000/5838681 (80.4634%)
entry 4700000/5838681 (80.4976%)
entry 4701000/5838681 (80.5148%)
entry 4702000/5838681 (80.5319%)
entry 4703000/5838681 (80.549%)
entry 4704000/5838681 (80.5661%)
entry 4705000/5838681 (80.5833%)
entry 4706000/5838681 (80.6004%)
entry 4707000/5838681 (80.6175%)
entry 4710000/5838681 (80.6689%)
entry 4711000/5838681 (80.686%)
entry 4712000/5838681 (80.7032%)
entry 4714000/5838681 (80.7374%)
entry 4717000/5838681 (80.7888%)
entry 4718000/5838681 (80.8059%)
entry 4719000/5838681 (80.823%)
entry 4720000/5838681 (80.8402%)
entry 4721000/5838681 (80.8573%)
entry 4724000/5838681 (80.9087%)
entry 4726000/5838681 (80.9429%)
entry 4727000/5838681 (80.9601%)
entry 4729000/5838681 (80.9943%)
entry 4731000/5838681 (81.0286%)
entry 4732000/5838681 (81.0457%)
entry 4733000/5838681 (81.0628%)
entry 4736000/5838681 (81.1142%)
entry 4737000/5838681 (81.1313%)
entry 4738000/5838681 (81.1485%)
entry 4739000/5838681 (81.1656%)
entry 4740000/5838681 (81.1827%)
entry 4741000/5838681 (81.1998%)
entry 4743000/5838681 (81.2341%)
entry 4744000/5838681 (81.2512%)
entry 4745000/5838681 (81.2684%)
entry 4746000/5838681 (81.2855%)
entry 4747000/5838681 (81.3026%)
entry 4748000/5838681 (81.3197%)
entry 4749000/5838681 (81.3369%)
entry 4750000/5838681 (81.354%)
entry 4751000/5838681 (81.3711%)
entry 4752000/5838681 (81.3882%)
entry 4754000/5838681 (81.4225%)
entry 4755000/5838681 (81.4396%)
entry 4758000/5838681 (81.491%)
entry 4759000/5838681 (81.5081%)
entry 4761000/5838681 (81.5424%)
entry 4763000/5838681 (81.5766%)
entry 4764000/5838681 (81.5938%)
entry 4765000/5838681 (81.6109%)
entry 4766000/5838681 (81.628%)
entry 4768000/5838681 (81.6623%)
entry 4769000/5838681 (81.6794%)
entry 4772000/5838681 (81.7308%)
entry 4773000/5838681 (81.7479%)
entry 4775000/5838681 (81.7822%)
entry 4776000/5838681 (81.7993%)
entry 4778000/5838681 (81.8336%)
entry 4780000/5838681 (81.8678%)
entry 4782000/5838681 (81.9021%)
entry 4783000/5838681 (81.9192%)
entry 4784000/5838681 (81.9363%)
entry 4786000/5838681 (81.9706%)
entry 4787000/5838681 (81.9877%)
entry 4788000/5838681 (82.0048%)
entry 4790000/5838681 (82.0391%)
entry 4791000/5838681 (82.0562%)
entry 4793000/5838681 (82.0905%)
entry 4794000/5838681 (82.1076%)
entry 4795000/5838681 (82.1247%)
entry 4796000/5838681 (82.1418%)
entry 4797000/5838681 (82.159%)
entry 4798000/5838681 (82.1761%)
entry 4799000/5838681 (82.1932%)
entry 4800000/5838681 (82.2104%)
entry 4801000/5838681 (82.2275%)
entry 4804000/5838681 (82.2789%)
entry 4807000/5838681 (82.3302%)
entry 4808000/5838681 (82.3474%)
entry 4809000/5838681 (82.3645%)
entry 4812000/5838681 (82.4159%)
entry 4814000/5838681 (82.4501%)
entry 4815000/5838681 (82.4673%)
entry 4816000/5838681 (82.4844%)
entry 4820000/5838681 (82.5529%)
entry 4822000/5838681 (82.5871%)
entry 4823000/5838681 (82.6043%)
entry 4824000/5838681 (82.6214%)
entry 4825000/5838681 (82.6385%)
entry 4827000/5838681 (82.6728%)
entry 4828000/5838681 (82.6899%)
entry 4829000/5838681 (82.707%)
entry 4830000/5838681 (82.7242%)
entry 4831000/5838681 (82.7413%)
entry 4832000/5838681 (82.7584%)
entry 4833000/5838681 (82.7755%)
entry 4834000/5838681 (82.7927%)
entry 4837000/5838681 (82.8441%)
entry 4838000/5838681 (82.8612%)
entry 4840000/5838681 (82.8954%)
entry 4841000/5838681 (82.9126%)
entry 4843000/5838681 (82.9468%)
entry 4845000/5838681 (82.9811%)
entry 4846000/5838681 (82.9982%)
entry 4848000/5838681 (83.0325%)
entry 4849000/5838681 (83.0496%)
entry 4850000/5838681 (83.0667%)
entry 4851000/5838681 (83.0838%)
entry 4852000/5838681 (83.101%)
entry 4854000/5838681 (83.1352%)
entry 4856000/5838681 (83.1695%)
entry 4857000/5838681 (83.1866%)
entry 4858000/5838681 (83.2037%)
entry 4859000/5838681 (83.2209%)
entry 4860000/5838681 (83.238%)
entry 4861000/5838681 (83.2551%)
entry 4863000/5838681 (83.2894%)
entry 4864000/5838681 (83.3065%)
entry 4865000/5838681 (83.3236%)
entry 4866000/5838681 (83.3407%)
entry 4867000/5838681 (83.3579%)
entry 4868000/5838681 (83.375%)
entry 4869000/5838681 (83.3921%)
entry 4871000/5838681 (83.4264%)
entry 4872000/5838681 (83.4435%)
entry 4876000/5838681 (83.512%)
entry 4877000/5838681 (83.5291%)
entry 4878000/5838681 (83.5463%)
entry 4879000/5838681 (83.5634%)
entry 4881000/5838681 (83.5976%)
entry 4882000/5838681 (83.6148%)
entry 4883000/5838681 (83.6319%)
entry 4885000/5838681 (83.6662%)
entry 4886000/5838681 (83.6833%)
entry 4887000/5838681 (83.7004%)
entry 4888000/5838681 (83.7175%)
entry 4890000/5838681 (83.7518%)
entry 4891000/5838681 (83.7689%)
entry 4892000/5838681 (83.786%)
entry 4893000/5838681 (83.8032%)
entry 4894000/5838681 (83.8203%)
entry 4895000/5838681 (83.8374%)
entry 4896000/5838681 (83.8546%)
entry 4897000/5838681 (83.8717%)
entry 4898000/5838681 (83.8888%)
entry 4899000/5838681 (83.9059%)
entry 4900000/5838681 (83.9231%)
entry 4901000/5838681 (83.9402%)
entry 4903000/5838681 (83.9744%)
entry 4904000/5838681 (83.9916%)
entry 4905000/5838681 (84.0087%)
entry 4906000/5838681 (84.0258%)
entry 4907000/5838681 (84.043%)
entry 4908000/5838681 (84.0601%)
entry 4910000/5838681 (84.0943%)
entry 4911000/5838681 (84.1115%)
entry 4913000/5838681 (84.1457%)
entry 4914000/5838681 (84.1628%)
entry 4915000/5838681 (84.18%)
entry 4916000/5838681 (84.1971%)
entry 4917000/5838681 (84.2142%)
entry 4920000/5838681 (84.2656%)
entry 4921000/5838681 (84.2827%)
entry 4923000/5838681 (84.317%)
entry 4926000/5838681 (84.3684%)
entry 4927000/5838681 (84.3855%)
entry 4928000/5838681 (84.4026%)
entry 4930000/5838681 (84.4369%)
entry 4931000/5838681 (84.454%)
entry 4932000/5838681 (84.4711%)
entry 4933000/5838681 (84.4883%)
entry 4934000/5838681 (84.5054%)
entry 4935000/5838681 (84.5225%)
entry 4936000/5838681 (84.5396%)
entry 4937000/5838681 (84.5568%)
entry 4939000/5838681 (84.591%)
entry 4941000/5838681 (84.6253%)
entry 4943000/5838681 (84.6595%)
entry 4945000/5838681 (84.6938%)
entry 4946000/5838681 (84.7109%)
entry 4947000/5838681 (84.728%)
entry 4949000/5838681 (84.7623%)
entry 4951000/5838681 (84.7965%)
entry 4952000/5838681 (84.8137%)
entry 4953000/5838681 (84.8308%)
entry 4954000/5838681 (84.8479%)
entry 4955000/5838681 (84.8651%)
entry 4956000/5838681 (84.8822%)
entry 4957000/5838681 (84.8993%)
entry 4958000/5838681 (84.9164%)
entry 4960000/5838681 (84.9507%)
entry 4961000/5838681 (84.9678%)
entry 4962000/5838681 (84.9849%)
entry 4963000/5838681 (85.0021%)
entry 4964000/5838681 (85.0192%)
entry 4966000/5838681 (85.0535%)
entry 4968000/5838681 (85.0877%)
entry 4969000/5838681 (85.1048%)
entry 4970000/5838681 (85.122%)
entry 4971000/5838681 (85.1391%)
entry 4972000/5838681 (85.1562%)
entry 4974000/5838681 (85.1905%)
entry 4975000/5838681 (85.2076%)
entry 4976000/5838681 (85.2247%)
entry 4977000/5838681 (85.2419%)
entry 4979000/5838681 (85.2761%)
entry 4980000/5838681 (85.2932%)
entry 4981000/5838681 (85.3104%)
entry 4982000/5838681 (85.3275%)
entry 4983000/5838681 (85.3446%)
entry 4985000/5838681 (85.3789%)
entry 4986000/5838681 (85.396%)
entry 4987000/5838681 (85.4131%)
entry 4988000/5838681 (85.4303%)
entry 4989000/5838681 (85.4474%)
entry 4991000/5838681 (85.4816%)
entry 4992000/5838681 (85.4988%)
entry 4993000/5838681 (85.5159%)
entry 4995000/5838681 (85.5501%)
entry 4996000/5838681 (85.5673%)
entry 4997000/5838681 (85.5844%)
entry 4998000/5838681 (85.6015%)
entry 4999000/5838681 (85.6187%)
entry 5000000/5838681 (85.6358%)
entry 5001000/5838681 (85.6529%)
entry 5002000/5838681 (85.67%)
entry 5003000/5838681 (85.6872%)
entry 5004000/5838681 (85.7043%)
entry 5005000/5838681 (85.7214%)
entry 5006000/5838681 (85.7385%)
entry 5007000/5838681 (85.7557%)
entry 5009000/5838681 (85.7899%)
entry 5011000/5838681 (85.8242%)
entry 5012000/5838681 (85.8413%)
entry 5013000/5838681 (85.8584%)
entry 5014000/5838681 (85.8756%)
entry 5016000/5838681 (85.9098%)
entry 5017000/5838681 (85.9269%)
entry 5018000/5838681 (85.9441%)
entry 5020000/5838681 (85.9783%)
entry 5021000/5838681 (85.9954%)
entry 5022000/5838681 (86.0126%)
entry 5023000/5838681 (86.0297%)
entry 5024000/5838681 (86.0468%)
entry 5029000/5838681 (86.1325%)
entry 5034000/5838681 (86.2181%)
entry 5035000/5838681 (86.2352%)
entry 5037000/5838681 (86.2695%)
entry 5038000/5838681 (86.2866%)
entry 5039000/5838681 (86.3037%)
entry 5040000/5838681 (86.3209%)
entry 5041000/5838681 (86.338%)
entry 5042000/5838681 (86.3551%)
entry 5043000/5838681 (86.3723%)
entry 5045000/5838681 (86.4065%)
entry 5046000/5838681 (86.4236%)
entry 5048000/5838681 (86.4579%)
entry 5049000/5838681 (86.475%)
entry 5050000/5838681 (86.4921%)
entry 5051000/5838681 (86.5093%)
entry 5053000/5838681 (86.5435%)
entry 5054000/5838681 (86.5606%)
entry 5057000/5838681 (86.612%)
entry 5058000/5838681 (86.6292%)
entry 5059000/5838681 (86.6463%)
entry 5060000/5838681 (86.6634%)
entry 5061000/5838681 (86.6805%)
entry 5062000/5838681 (86.6977%)
entry 5063000/5838681 (86.7148%)
entry 5064000/5838681 (86.7319%)
entry 5065000/5838681 (86.749%)
entry 5066000/5838681 (86.7662%)
entry 5068000/5838681 (86.8004%)
entry 5069000/5838681 (86.8176%)
entry 5070000/5838681 (86.8347%)
entry 5071000/5838681 (86.8518%)
entry 5072000/5838681 (86.8689%)
entry 5074000/5838681 (86.9032%)
entry 5075000/5838681 (86.9203%)
entry 5076000/5838681 (86.9374%)
entry 5077000/5838681 (86.9546%)
entry 5078000/5838681 (86.9717%)
entry 5079000/5838681 (86.9888%)
entry 5080000/5838681 (87.006%)
entry 5081000/5838681 (87.0231%)
entry 5084000/5838681 (87.0745%)
entry 5085000/5838681 (87.0916%)
entry 5086000/5838681 (87.1087%)
entry 5087000/5838681 (87.1258%)
entry 5088000/5838681 (87.143%)
entry 5091000/5838681 (87.1944%)
entry 5092000/5838681 (87.2115%)
entry 5093000/5838681 (87.2286%)
entry 5094000/5838681 (87.2457%)
entry 5095000/5838681 (87.2629%)
entry 5097000/5838681 (87.2971%)
entry 5098000/5838681 (87.3142%)
entry 5100000/5838681 (87.3485%)
entry 5103000/5838681 (87.3999%)
entry 5104000/5838681 (87.417%)
entry 5106000/5838681 (87.4513%)
entry 5107000/5838681 (87.4684%)
entry 5108000/5838681 (87.4855%)
entry 5109000/5838681 (87.5026%)
entry 5110000/5838681 (87.5198%)
entry 5111000/5838681 (87.5369%)
entry 5113000/5838681 (87.5712%)
entry 5115000/5838681 (87.6054%)
entry 5116000/5838681 (87.6225%)
entry 5118000/5838681 (87.6568%)
entry 5120000/5838681 (87.691%)
entry 5122000/5838681 (87.7253%)
entry 5123000/5838681 (87.7424%)
entry 5124000/5838681 (87.7595%)
entry 5125000/5838681 (87.7767%)
entry 5127000/5838681 (87.8109%)
entry 5128000/5838681 (87.8281%)
entry 5129000/5838681 (87.8452%)
entry 5130000/5838681 (87.8623%)
entry 5131000/5838681 (87.8794%)
entry 5132000/5838681 (87.8966%)
entry 5133000/5838681 (87.9137%)
entry 5134000/5838681 (87.9308%)
entry 5135000/5838681 (87.9479%)
entry 5136000/5838681 (87.9651%)
entry 5137000/5838681 (87.9822%)
entry 5139000/5838681 (88.0165%)
entry 5140000/5838681 (88.0336%)
entry 5142000/5838681 (88.0678%)
entry 5143000/5838681 (88.085%)
entry 5144000/5838681 (88.1021%)
entry 5146000/5838681 (88.1363%)
entry 5147000/5838681 (88.1535%)
entry 5149000/5838681 (88.1877%)
entry 5150000/5838681 (88.2049%)
entry 5151000/5838681 (88.222%)
entry 5152000/5838681 (88.2391%)
entry 5153000/5838681 (88.2562%)
entry 5157000/5838681 (88.3247%)
entry 5159000/5838681 (88.359%)
entry 5161000/5838681 (88.3933%)
entry 5162000/5838681 (88.4104%)
entry 5163000/5838681 (88.4275%)
entry 5164000/5838681 (88.4446%)
entry 5166000/5838681 (88.4789%)
entry 5167000/5838681 (88.496%)
entry 5169000/5838681 (88.5303%)
entry 5170000/5838681 (88.5474%)
entry 5171000/5838681 (88.5645%)
entry 5173000/5838681 (88.5988%)
entry 5174000/5838681 (88.6159%)
entry 5175000/5838681 (88.633%)
entry 5176000/5838681 (88.6502%)
entry 5177000/5838681 (88.6673%)
entry 5178000/5838681 (88.6844%)
entry 5179000/5838681 (88.7015%)
entry 5180000/5838681 (88.7187%)
entry 5181000/5838681 (88.7358%)
entry 5182000/5838681 (88.7529%)
entry 5184000/5838681 (88.7872%)
entry 5185000/5838681 (88.8043%)
entry 5186000/5838681 (88.8214%)
entry 5187000/5838681 (88.8386%)
entry 5188000/5838681 (88.8557%)
entry 5189000/5838681 (88.8728%)
entry 5190000/5838681 (88.8899%)
entry 5191000/5838681 (88.9071%)
entry 5192000/5838681 (88.9242%)
entry 5193000/5838681 (88.9413%)
entry 5194000/5838681 (88.9584%)
entry 5195000/5838681 (88.9756%)
entry 5196000/5838681 (88.9927%)
entry 5199000/5838681 (89.0441%)
entry 5200000/5838681 (89.0612%)
entry 5201000/5838681 (89.0783%)
entry 5202000/5838681 (89.0955%)
entry 5203000/5838681 (89.1126%)
entry 5204000/5838681 (89.1297%)
entry 5205000/5838681 (89.1468%)
entry 5206000/5838681 (89.164%)
entry 5207000/5838681 (89.1811%)
entry 5208000/5838681 (89.1982%)
entry 5209000/5838681 (89.2154%)
entry 5211000/5838681 (89.2496%)
entry 5213000/5838681 (89.2839%)
entry 5215000/5838681 (89.3181%)
entry 5217000/5838681 (89.3524%)
entry 5218000/5838681 (89.3695%)
entry 5219000/5838681 (89.3866%)
entry 5220000/5838681 (89.4038%)
entry 5221000/5838681 (89.4209%)
entry 5223000/5838681 (89.4551%)
entry 5224000/5838681 (89.4723%)
entry 5225000/5838681 (89.4894%)
entry 5226000/5838681 (89.5065%)
entry 5227000/5838681 (89.5236%)
entry 5229000/5838681 (89.5579%)
entry 5230000/5838681 (89.575%)
entry 5231000/5838681 (89.5922%)
entry 5232000/5838681 (89.6093%)
entry 5233000/5838681 (89.6264%)
entry 5234000/5838681 (89.6435%)
entry 5235000/5838681 (89.6607%)
entry 5236000/5838681 (89.6778%)
entry 5237000/5838681 (89.6949%)
entry 5239000/5838681 (89.7292%)
entry 5240000/5838681 (89.7463%)
entry 5241000/5838681 (89.7634%)
entry 5243000/5838681 (89.7977%)
entry 5244000/5838681 (89.8148%)
entry 5248000/5838681 (89.8833%)
entry 5249000/5838681 (89.9004%)
entry 5250000/5838681 (89.9176%)
entry 5251000/5838681 (89.9347%)
entry 5253000/5838681 (89.9689%)
entry 5254000/5838681 (89.9861%)
entry 5255000/5838681 (90.0032%)
entry 5256000/5838681 (90.0203%)
entry 5257000/5838681 (90.0375%)
entry 5258000/5838681 (90.0546%)
entry 5259000/5838681 (90.0717%)
entry 5260000/5838681 (90.0888%)
entry 5262000/5838681 (90.1231%)
entry 5263000/5838681 (90.1402%)
entry 5264000/5838681 (90.1573%)
entry 5265000/5838681 (90.1745%)
entry 5266000/5838681 (90.1916%)
entry 5267000/5838681 (90.2087%)
entry 5268000/5838681 (90.2259%)
entry 5270000/5838681 (90.2601%)
entry 5272000/5838681 (90.2944%)
entry 5273000/5838681 (90.3115%)
entry 5274000/5838681 (90.3286%)
entry 5275000/5838681 (90.3457%)
entry 5276000/5838681 (90.3629%)
entry 5278000/5838681 (90.3971%)
entry 5279000/5838681 (90.4143%)
entry 5280000/5838681 (90.4314%)
entry 5281000/5838681 (90.4485%)
entry 5283000/5838681 (90.4828%)
entry 5284000/5838681 (90.4999%)
entry 5286000/5838681 (90.5341%)
entry 5290000/5838681 (90.6027%)
entry 5291000/5838681 (90.6198%)
entry 5293000/5838681 (90.654%)
entry 5294000/5838681 (90.6712%)
entry 5295000/5838681 (90.6883%)
entry 5297000/5838681 (90.7225%)
entry 5298000/5838681 (90.7397%)
entry 5299000/5838681 (90.7568%)
entry 5301000/5838681 (90.7911%)
entry 5302000/5838681 (90.8082%)
entry 5304000/5838681 (90.8424%)
entry 5305000/5838681 (90.8596%)
entry 5306000/5838681 (90.8767%)
entry 5307000/5838681 (90.8938%)
entry 5308000/5838681 (90.9109%)
entry 5309000/5838681 (90.9281%)
entry 5310000/5838681 (90.9452%)
entry 5311000/5838681 (90.9623%)
entry 5312000/5838681 (90.9795%)
entry 5313000/5838681 (90.9966%)
entry 5314000/5838681 (91.0137%)
entry 5316000/5838681 (91.048%)
entry 5317000/5838681 (91.0651%)
entry 5318000/5838681 (91.0822%)
entry 5320000/5838681 (91.1165%)
entry 5321000/5838681 (91.1336%)
entry 5322000/5838681 (91.1507%)
entry 5323000/5838681 (91.1678%)
entry 5325000/5838681 (91.2021%)
entry 5326000/5838681 (91.2192%)
entry 5328000/5838681 (91.2535%)
entry 5329000/5838681 (91.2706%)
entry 5330000/5838681 (91.2877%)
entry 5332000/5838681 (91.322%)
entry 5333000/5838681 (91.3391%)
entry 5334000/5838681 (91.3562%)
entry 5336000/5838681 (91.3905%)
entry 5337000/5838681 (91.4076%)
entry 5338000/5838681 (91.4248%)
entry 5339000/5838681 (91.4419%)
entry 5340000/5838681 (91.459%)
entry 5342000/5838681 (91.4933%)
entry 5343000/5838681 (91.5104%)
entry 5344000/5838681 (91.5275%)
entry 5345000/5838681 (91.5446%)
entry 5346000/5838681 (91.5618%)
entry 5347000/5838681 (91.5789%)
entry 5348000/5838681 (91.596%)
entry 5349000/5838681 (91.6132%)
entry 5350000/5838681 (91.6303%)
entry 5352000/5838681 (91.6645%)
entry 5353000/5838681 (91.6817%)
entry 5355000/5838681 (91.7159%)
entry 5356000/5838681 (91.733%)
entry 5357000/5838681 (91.7502%)
entry 5359000/5838681 (91.7844%)
entry 5360000/5838681 (91.8016%)
entry 5361000/5838681 (91.8187%)
entry 5362000/5838681 (91.8358%)
entry 5363000/5838681 (91.8529%)
entry 5367000/5838681 (91.9214%)
entry 5368000/5838681 (91.9386%)
entry 5369000/5838681 (91.9557%)
entry 5370000/5838681 (91.9728%)
entry 5372000/5838681 (92.0071%)
entry 5373000/5838681 (92.0242%)
entry 5376000/5838681 (92.0756%)
entry 5380000/5838681 (92.1441%)
entry 5381000/5838681 (92.1612%)
entry 5382000/5838681 (92.1784%)
entry 5383000/5838681 (92.1955%)
entry 5385000/5838681 (92.2297%)
entry 5386000/5838681 (92.2469%)
entry 5390000/5838681 (92.3154%)
entry 5391000/5838681 (92.3325%)
entry 5392000/5838681 (92.3496%)
entry 5393000/5838681 (92.3667%)
entry 5394000/5838681 (92.3839%)
entry 5395000/5838681 (92.401%)
entry 5396000/5838681 (92.4181%)
entry 5397000/5838681 (92.4353%)
entry 5398000/5838681 (92.4524%)
entry 5399000/5838681 (92.4695%)
entry 5400000/5838681 (92.4866%)
entry 5401000/5838681 (92.5038%)
entry 5402000/5838681 (92.5209%)
entry 5403000/5838681 (92.538%)
entry 5404000/5838681 (92.5552%)
entry 5406000/5838681 (92.5894%)
entry 5408000/5838681 (92.6237%)
entry 5410000/5838681 (92.6579%)
entry 5411000/5838681 (92.675%)
entry 5412000/5838681 (92.6922%)
entry 5415000/5838681 (92.7436%)
entry 5417000/5838681 (92.7778%)
entry 5418000/5838681 (92.7949%)
entry 5421000/5838681 (92.8463%)
entry 5423000/5838681 (92.8806%)
entry 5424000/5838681 (92.8977%)
entry 5426000/5838681 (92.932%)
entry 5427000/5838681 (92.9491%)
entry 5428000/5838681 (92.9662%)
entry 5431000/5838681 (93.0176%)
entry 5432000/5838681 (93.0347%)
entry 5433000/5838681 (93.0518%)
entry 5435000/5838681 (93.0861%)
entry 5436000/5838681 (93.1032%)
entry 5437000/5838681 (93.1203%)
entry 5438000/5838681 (93.1375%)
entry 5439000/5838681 (93.1546%)
entry 5441000/5838681 (93.1889%)
entry 5443000/5838681 (93.2231%)
entry 5444000/5838681 (93.2402%)
entry 5445000/5838681 (93.2574%)
entry 5446000/5838681 (93.2745%)
entry 5447000/5838681 (93.2916%)
entry 5448000/5838681 (93.3087%)
entry 5450000/5838681 (93.343%)
entry 5451000/5838681 (93.3601%)
entry 5452000/5838681 (93.3773%)
entry 5453000/5838681 (93.3944%)
entry 5454000/5838681 (93.4115%)
entry 5459000/5838681 (93.4971%)
entry 5461000/5838681 (93.5314%)
entry 5462000/5838681 (93.5485%)
entry 5464000/5838681 (93.5828%)
entry 5465000/5838681 (93.5999%)
entry 5466000/5838681 (93.617%)
entry 5467000/5838681 (93.6342%)
entry 5469000/5838681 (93.6684%)
entry 5470000/5838681 (93.6855%)
entry 5471000/5838681 (93.7027%)
entry 5472000/5838681 (93.7198%)
entry 5473000/5838681 (93.7369%)
entry 5474000/5838681 (93.7541%)
entry 5476000/5838681 (93.7883%)
entry 5478000/5838681 (93.8226%)
entry 5479000/5838681 (93.8397%)
entry 5480000/5838681 (93.8568%)
entry 5481000/5838681 (93.8739%)
entry 5482000/5838681 (93.8911%)
entry 5483000/5838681 (93.9082%)
entry 5485000/5838681 (93.9425%)
entry 5486000/5838681 (93.9596%)
entry 5489000/5838681 (94.011%)
entry 5490000/5838681 (94.0281%)
entry 5491000/5838681 (94.0452%)
entry 5492000/5838681 (94.0623%)
entry 5493000/5838681 (94.0795%)
entry 5494000/5838681 (94.0966%)
entry 5495000/5838681 (94.1137%)
entry 5496000/5838681 (94.1308%)
entry 5498000/5838681 (94.1651%)
entry 5499000/5838681 (94.1822%)
entry 5500000/5838681 (94.1994%)
entry 5501000/5838681 (94.2165%)
entry 5502000/5838681 (94.2336%)
entry 5503000/5838681 (94.2507%)
entry 5504000/5838681 (94.2679%)
entry 5505000/5838681 (94.285%)
entry 5506000/5838681 (94.3021%)
entry 5511000/5838681 (94.3878%)
entry 5512000/5838681 (94.4049%)
entry 5513000/5838681 (94.422%)
entry 5514000/5838681 (94.4391%)
entry 5515000/5838681 (94.4563%)
entry 5516000/5838681 (94.4734%)
entry 5517000/5838681 (94.4905%)
entry 5518000/5838681 (94.5076%)
entry 5520000/5838681 (94.5419%)
entry 5521000/5838681 (94.559%)
entry 5523000/5838681 (94.5933%)
entry 5525000/5838681 (94.6275%)
entry 5526000/5838681 (94.6447%)
entry 5528000/5838681 (94.6789%)
entry 5530000/5838681 (94.7132%)
entry 5531000/5838681 (94.7303%)
entry 5532000/5838681 (94.7474%)
entry 5534000/5838681 (94.7817%)
entry 5535000/5838681 (94.7988%)
entry 5536000/5838681 (94.8159%)
entry 5537000/5838681 (94.8331%)
entry 5538000/5838681 (94.8502%)
entry 5539000/5838681 (94.8673%)
entry 5540000/5838681 (94.8844%)
entry 5543000/5838681 (94.9358%)
entry 5544000/5838681 (94.953%)
entry 5545000/5838681 (94.9701%)
entry 5547000/5838681 (95.0043%)
entry 5549000/5838681 (95.0386%)
entry 5552000/5838681 (95.09%)
entry 5553000/5838681 (95.1071%)
entry 5554000/5838681 (95.1242%)
entry 5557000/5838681 (95.1756%)
entry 5558000/5838681 (95.1927%)
entry 5560000/5838681 (95.227%)
entry 5561000/5838681 (95.2441%)
entry 5563000/5838681 (95.2784%)
entry 5564000/5838681 (95.2955%)
entry 5565000/5838681 (95.3126%)
entry 5566000/5838681 (95.3297%)
entry 5567000/5838681 (95.3469%)
entry 5570000/5838681 (95.3983%)
entry 5572000/5838681 (95.4325%)
entry 5573000/5838681 (95.4496%)
entry 5574000/5838681 (95.4668%)
entry 5575000/5838681 (95.4839%)
entry 5576000/5838681 (95.501%)
entry 5577000/5838681 (95.5181%)
entry 5578000/5838681 (95.5353%)
entry 5581000/5838681 (95.5867%)
entry 5582000/5838681 (95.6038%)
entry 5583000/5838681 (95.6209%)
entry 5584000/5838681 (95.638%)
entry 5586000/5838681 (95.6723%)
entry 5587000/5838681 (95.6894%)
entry 5588000/5838681 (95.7065%)
entry 5589000/5838681 (95.7237%)
entry 5590000/5838681 (95.7408%)
entry 5591000/5838681 (95.7579%)
entry 5592000/5838681 (95.7751%)
entry 5594000/5838681 (95.8093%)
entry 5595000/5838681 (95.8264%)
entry 5597000/5838681 (95.8607%)
entry 5598000/5838681 (95.8778%)
entry 5600000/5838681 (95.9121%)
entry 5601000/5838681 (95.9292%)
entry 5602000/5838681 (95.9463%)
entry 5603000/5838681 (95.9635%)
entry 5604000/5838681 (95.9806%)
entry 5608000/5838681 (96.0491%)
entry 5609000/5838681 (96.0662%)
entry 5611000/5838681 (96.1005%)
entry 5612000/5838681 (96.1176%)
entry 5613000/5838681 (96.1347%)
entry 5614000/5838681 (96.1519%)
entry 5615000/5838681 (96.169%)
entry 5617000/5838681 (96.2032%)
entry 5618000/5838681 (96.2204%)
entry 5619000/5838681 (96.2375%)
entry 5620000/5838681 (96.2546%)
entry 5621000/5838681 (96.2717%)
entry 5622000/5838681 (96.2889%)
entry 5623000/5838681 (96.306%)
entry 5627000/5838681 (96.3745%)
entry 5628000/5838681 (96.3916%)
entry 5630000/5838681 (96.4259%)
entry 5635000/5838681 (96.5115%)
entry 5636000/5838681 (96.5286%)
entry 5638000/5838681 (96.5629%)
entry 5639000/5838681 (96.58%)
entry 5640000/5838681 (96.5972%)
entry 5642000/5838681 (96.6314%)
entry 5644000/5838681 (96.6657%)
entry 5645000/5838681 (96.6828%)
entry 5646000/5838681 (96.6999%)
entry 5648000/5838681 (96.7342%)
entry 5649000/5838681 (96.7513%)
entry 5650000/5838681 (96.7684%)
entry 5651000/5838681 (96.7856%)
entry 5652000/5838681 (96.8027%)
entry 5653000/5838681 (96.8198%)
entry 5654000/5838681 (96.8369%)
entry 5655000/5838681 (96.8541%)
entry 5656000/5838681 (96.8712%)
entry 5657000/5838681 (96.8883%)
entry 5658000/5838681 (96.9054%)
entry 5659000/5838681 (96.9226%)
entry 5660000/5838681 (96.9397%)
entry 5661000/5838681 (96.9568%)
entry 5662000/5838681 (96.974%)
entry 5663000/5838681 (96.9911%)
entry 5664000/5838681 (97.0082%)
entry 5665000/5838681 (97.0253%)
entry 5669000/5838681 (97.0938%)
entry 5670000/5838681 (97.111%)
entry 5671000/5838681 (97.1281%)
entry 5672000/5838681 (97.1452%)
entry 5673000/5838681 (97.1624%)
entry 5674000/5838681 (97.1795%)
entry 5676000/5838681 (97.2137%)
entry 5678000/5838681 (97.248%)
entry 5679000/5838681 (97.2651%)
entry 5680000/5838681 (97.2822%)
entry 5681000/5838681 (97.2994%)
entry 5683000/5838681 (97.3336%)
entry 5684000/5838681 (97.3508%)
entry 5686000/5838681 (97.385%)
entry 5687000/5838681 (97.4021%)
entry 5688000/5838681 (97.4193%)
entry 5690000/5838681 (97.4535%)
entry 5691000/5838681 (97.4706%)
entry 5692000/5838681 (97.4878%)
entry 5693000/5838681 (97.5049%)
entry 5694000/5838681 (97.522%)
entry 5696000/5838681 (97.5563%)
entry 5697000/5838681 (97.5734%)
entry 5698000/5838681 (97.5905%)
entry 5700000/5838681 (97.6248%)
entry 5702000/5838681 (97.659%)
entry 5703000/5838681 (97.6762%)
entry 5704000/5838681 (97.6933%)
entry 5705000/5838681 (97.7104%)
entry 5706000/5838681 (97.7275%)
entry 5708000/5838681 (97.7618%)
entry 5711000/5838681 (97.8132%)
entry 5713000/5838681 (97.8474%)
entry 5714000/5838681 (97.8646%)
entry 5715000/5838681 (97.8817%)
entry 5719000/5838681 (97.9502%)
entry 5720000/5838681 (97.9673%)
entry 5721000/5838681 (97.9845%)
entry 5722000/5838681 (98.0016%)
entry 5724000/5838681 (98.0358%)
entry 5725000/5838681 (98.053%)
entry 5726000/5838681 (98.0701%)
entry 5728000/5838681 (98.1044%)
entry 5729000/5838681 (98.1215%)
entry 5730000/5838681 (98.1386%)
entry 5731000/5838681 (98.1557%)
entry 5732000/5838681 (98.1729%)
entry 5733000/5838681 (98.19%)
entry 5734000/5838681 (98.2071%)
entry 5735000/5838681 (98.2242%)
entry 5736000/5838681 (98.2414%)
entry 5739000/5838681 (98.2928%)
entry 5741000/5838681 (98.327%)
entry 5742000/5838681 (98.3441%)
entry 5744000/5838681 (98.3784%)
entry 5746000/5838681 (98.4126%)
entry 5749000/5838681 (98.464%)
entry 5750000/5838681 (98.4811%)
entry 5752000/5838681 (98.5154%)
entry 5754000/5838681 (98.5497%)
entry 5756000/5838681 (98.5839%)
entry 5758000/5838681 (98.6182%)
entry 5760000/5838681 (98.6524%)
entry 5761000/5838681 (98.6695%)
entry 5763000/5838681 (98.7038%)
entry 5764000/5838681 (98.7209%)
entry 5765000/5838681 (98.7381%)
entry 5767000/5838681 (98.7723%)
entry 5768000/5838681 (98.7894%)
entry 5769000/5838681 (98.8066%)
entry 5771000/5838681 (98.8408%)
entry 5772000/5838681 (98.8579%)
entry 5773000/5838681 (98.8751%)
entry 5775000/5838681 (98.9093%)
entry 5777000/5838681 (98.9436%)
entry 5778000/5838681 (98.9607%)
entry 5779000/5838681 (98.9778%)
entry 5781000/5838681 (99.0121%)
entry 5782000/5838681 (99.0292%)
entry 5783000/5838681 (99.0463%)
entry 5784000/5838681 (99.0635%)
entry 5786000/5838681 (99.0977%)
entry 5787000/5838681 (99.1149%)
entry 5788000/5838681 (99.132%)
entry 5791000/5838681 (99.1834%)
entry 5792000/5838681 (99.2005%)
entry 5794000/5838681 (99.2347%)
entry 5795000/5838681 (99.2519%)
entry 5797000/5838681 (99.2861%)
entry 5798000/5838681 (99.3033%)
entry 5799000/5838681 (99.3204%)
entry 5801000/5838681 (99.3546%)
entry 5802000/5838681 (99.3718%)
entry 5804000/5838681 (99.406%)
entry 5805000/5838681 (99.4231%)
entry 5806000/5838681 (99.4403%)
entry 5807000/5838681 (99.4574%)
entry 5808000/5838681 (99.4745%)
entry 5809000/5838681 (99.4916%)
entry 5810000/5838681 (99.5088%)
entry 5811000/5838681 (99.5259%)
entry 5812000/5838681 (99.543%)
entry 5813000/5838681 (99.5602%)
entry 5814000/5838681 (99.5773%)
entry 5815000/5838681 (99.5944%)
entry 5816000/5838681 (99.6115%)
entry 5818000/5838681 (99.6458%)
entry 5819000/5838681 (99.6629%)
entry 5820000/5838681 (99.68%)
entry 5821000/5838681 (99.6972%)
entry 5822000/5838681 (99.7143%)
entry 5823000/5838681 (99.7314%)
entry 5824000/5838681 (99.7486%)
entry 5828000/5838681 (99.8171%)
entry 5829000/5838681 (99.8342%)
entry 5830000/5838681 (99.8513%)
entry 5831000/5838681 (99.8684%)
entry 5832000/5838681 (99.8856%)
entry 5833000/5838681 (99.9027%)
entry 5834000/5838681 (99.9198%)
entry 5835000/5838681 (99.937%)
entry 5836000/5838681 (99.9541%)
entry 5838000/5838681 (99.9883%)
all done
script done
