sphnx1067.sdcc.bnl.gov
rsyncing from /gpfs/mnt/gpfs02/sphenix/user/samfred/run25/ppg11/histmaking
running: /gpfs/mnt/gpfs02/sphenix/user/samfred/run25/ppg11/histmaking/script_data.sh 52847
LD_LIBRARY_PATH now /sphenix/user/samfred/run25/install//lib:/cvmfs/sphenix.sdcc.bnl.gov/alma9.2-gcc-14.2.0/opt/sphenix/core/gcc/14.2.0-2f0a0/x86_64-el9/lib:/cvmfs/sphenix.sdcc.bnl.gov/alma9.2-gcc-14.2.0/opt/sphenix/core/gcc/14.2.0-2f0a0/x86_64-el9/lib64:/cvmfs/sphenix.sdcc.bnl.gov/alma9.2-gcc-14.2.0/opt/sphenix/core/binutils/2.40-acaab/x86_64-el9/lib:.:/cvmfs/sphenix.sdcc.bnl.gov/alma9.2-gcc-14.2.0/release/release_new/new.10/lib64:/cvmfs/sphenix.sdcc.bnl.gov/alma9.2-gcc-14.2.0/release/release_new/new.10/lib:/cvmfs/sphenix.sdcc.bnl.gov/alma9.2-gcc-14.2.0/opt/sphenix/utils/lib:/cvmfs/sphenix.sdcc.bnl.gov/alma9.2-gcc-14.2.0/opt/sphenix/core/lib:/cvmfs/sphenix.sdcc.bnl.gov/alma9.2-gcc-14.2.0/opt/sphenix/core/root-6.32.06/lib:/cvmfs/sphenix.sdcc.bnl.gov/alma9.2-gcc-14.2.0/opt/sphenix/core/geant4.10.07.p04/lib64:/cvmfs/sphenix.sdcc.bnl.gov/alma9.2-gcc-14.2.0/opt/sphenix/core/lhapdf-5.9.1/lib:/usr/local/lib64:/usr/lib64
PATH now /sphenix/user/samfred/run25/install//bin:/cvmfs/sphenix.sdcc.bnl.gov/alma9.2-gcc-14.2.0/opt/sphenix/core/gcc/14.2.0-2f0a0/x86_64-el9/bin:/cvmfs/sphenix.sdcc.bnl.gov/alma9.2-gcc-14.2.0/opt/sphenix/core/binutils/2.40-acaab/x86_64-el9/bin:.:/cvmfs/sphenix.sdcc.bnl.gov/alma9.2-gcc-14.2.0/release/release_new/new.10/bin:/cvmfs/sphenix.sdcc.bnl.gov/alma9.2-gcc-14.2.0/opt/sphenix/utils/bin:/cvmfs/sphenix.sdcc.bnl.gov/alma9.2-gcc-14.2.0/opt/sphenix/core/bin:/cvmfs/sphenix.sdcc.bnl.gov/alma9.2-gcc-14.2.0/opt/sphenix/core/root-6.32.06/bin:/cvmfs/sphenix.sdcc.bnl.gov/alma9.2-gcc-14.2.0/opt/sphenix/core/geant4.10.07.p04/bin:/usr/local/bin:/usr/bin:/usr/local/sbin:/usr/sbin
SINGULARITY_CACHEDIR=/home/condor/local/sphnx/execute/dir_751070
_CONDOR_CHIRP_CONFIG=/home/condor/local/sphnx/execute/dir_751070/.chirp.config
_CONDOR_JOB_IWD=/sphenix/user/samfred/run25/ppg11/histmaking
G4ENSDFSTATEDATA=/cvmfs/sphenix.sdcc.bnl.gov/alma9.2-gcc-14.2.0/opt/sphenix/core/geant4.10.07.p04/share/Geant4-10.7.4/data/G4ENSDFSTATE2.3
_CONDOR_MACHINE_AD=/home/condor/local/sphnx/execute/dir_751070/.machine.ad
ROOT_MAX_THREADS=1
NUMEXPR_NUM_THREADS=1
CUBACORES=1
_CHIRP_DELAYED_UPDATE_PREFIX=Chirp*
OMP_THREAD_LIMIT=1
G4PIIDATA=/cvmfs/sphenix.sdcc.bnl.gov/alma9.2-gcc-14.2.0/opt/sphenix/core/geant4.10.07.p04/share/Geant4-10.7.4/data/G4PII1.3
_CONDOR_ANCESTOR_342012=342047:1756523317:2574259781
NO_AT_BRIDGE=1
G4_MAIN=/cvmfs/sphenix.sdcc.bnl.gov/alma9.2-gcc-14.2.0/opt/sphenix/core/geant4.10.07.p04
COMPILER_PATH=/cvmfs/sphenix.sdcc.bnl.gov/alma9.2-gcc-14.2.0/opt/sphenix/core/gcc/14.2.0-2f0a0/x86_64-el9
_CONDOR_ANCESTOR_342047=751070:1759352743:3801840003
ROOT_INCLUDE_PATH=./:/sphenix/user/samfred/run25/install//include:/sphenix/user/samfred/run25/install//include/caloana:/sphenix/user/samfred/run25/install//include/qa_centrality:/sphenix/user/samfred/run25/install//include/mbdana:/sphenix/user/samfred/run25/install//include/centrality:/sphenix/user/samfred/run25/install//include/Event:/cvmfs/sphenix.sdcc.bnl.gov/alma9.2-gcc-14.2.0/release/release_new/new.10/include:/cvmfs/sphenix.sdcc.bnl.gov/alma9.2-gcc-14.2.0/release/release_new/new.10/include:/cvmfs/sphenix.sdcc.bnl.gov/alma9.2-gcc-14.2.0/release/release_new/new.10/include/g4mbd:/cvmfs/sphenix.sdcc.bnl.gov/alma9.2-gcc-14.2.0/release/release_new/new.10/include/fmt:/cvmfs/sphenix.sdcc.bnl.gov/alma9.2-gcc-14.2.0/release/release_new/new.10/include/ffarawobjects:/cvmfs/sphenix.sdcc.bnl.gov/alma9.2-gcc-14.2.0/release/release_new/new.10/include/JSON:/cvmfs/sphenix.sdcc.bnl.gov/alma9.2-gcc-14.2.0/release/release_new/new.10/include/calotreegen:/cvmfs/sphenix.sdcc.bnl.gov/alma9.2-gcc-14.2.0/release/release_new/new.10/include/torch:/cvmfs/sphenix.sdcc.bnl.gov/alma9.2-gcc-14.2.0/release/release_new/new.10/include/g4detectors:/cvmfs/sphenix.sdcc.bnl.gov/alma9.2-gcc-14.2.0/release/release_new/new.10/include/kineto:/cvmfs/sphenix.sdcc.bnl.gov/alma9.2-gcc-14.2.0/release/release_new/new.10/include/g4decayer:/cvmfs/sphenix.sdcc.bnl.gov/alma9.2-gcc-14.2.0/release/release_new/new.10/include/kfparticleqa:/cvmfs/sphenix.sdcc.bnl.gov/alma9.2-gcc-14.2.0/release/release_new/new.10/include/phfield:/cvmfs/sphenix.sdcc.bnl.gov/alma9.2-gcc-14.2.0/release/release_new/new.10/include/LHAPDF:/cvmfs/sphenix.sdcc.bnl.gov/alma9.2-gcc-14.2.0/release/release_new/new.10/include/readdigitalcurrents:/cvmfs/sphenix.sdcc.bnl.gov/alma9.2-gcc-14.2.0/release/release_new/new.10/include/c10:/cvmfs/sphenix.sdcc.bnl.gov/alma9.2-gcc-14.2.0/release/release_new/new.10/include/calovalid:/cvmfs/sphenix.sdcc.bnl.gov/alma9.2-gcc-14.2.0/release/release_new/new.10/include/oneapi:/cvmfs/sphenix.sdcc.bnl.gov/alma9.2-gcc-14.2.0/release/release_new/new.10/include/DDCond:/cvmfs/sphenix.sdcc.bnl.gov/alma9.2-gcc-14.2.0/release/release_new/new.10/include/g4tracking:/cvmfs/sphenix.sdcc.bnl.gov/alma9.2-gcc-14.2.0/release/release_new/new.10/include/litecaloeval:/cvmfs/sphenix.sdcc.bnl.gov/alma9.2-gcc-14.2.0/release/release_new/new.10/include/g4intt:/cvmfs/sphenix.sdcc.bnl.gov/alma9.2-gcc-14.2.0/release/release_new/new.10/include/phool:/cvmfs/sphenix.sdcc.bnl.gov/alma9.2-gcc-14.2.0/release/release_new/new.10/include/boost:/cvmfs/sphenix.sdcc.bnl.gov/alma9.2-gcc-14.2.0/release/release_new/new.10/include/Pythia8Plugins:/cvmfs/sphenix.sdcc.bnl.gov/alma9.2-gcc-14.2.0/release/release_new/new.10/include/calib_emc_pi0:/cvmfs/sphenix.sdcc.bnl.gov/alma9.2-gcc-14.2.0/release/release_new/new.10/include/hijingflipafterburner:/cvmfs/sphenix.sdcc.bnl.gov/alma9.2-gcc-14.2.0/release/release_new/new.10/include/ffaobjects:/cvmfs/sphenix.sdcc.bnl.gov/alma9.2-gcc-14.2.0/release/release_new/new.10/include/EvtGenBase:/cvmfs/sphenix.sdcc.bnl.gov/alma9.2-gcc-14.2.0/release/release_new/new.10/include/flowafterburner:/cvmfs/sphenix.sdcc.bnl.gov/alma9.2-gcc-14.2.0/release/release_new/new.10/include/google:/cvmfs/sphenix.sdcc.bnl.gov/alma9.2-gcc-14.2.0/release/release_new/new.10/include/g4tpc:/cvmfs/sphenix.sdcc.bnl.gov/alma9.2-gcc-14.2.0/release/release_new/new.10/include/caffe2:/cvmfs/sphenix.sdcc.bnl.gov/alma9.2-gcc-14.2.0/release/release_new/new.10/include/EvtGenExternal:/cvmfs/sphenix.sdcc.bnl.gov/alma9.2-gcc-14.2.0/release/release_new/new.10/include/fp16:/cvmfs/sphenix.sdcc.bnl.gov/alma9.2-gcc-14.2.0/release/release_new/new.10/include/ffamodules:/cvmfs/sphenix.sdcc.bnl.gov/alma9.2-gcc-14.2.0/release/release_new/new.10/include/uspin:/cvmfs/sphenix.sdcc.bnl.gov/alma9.2-gcc-14.2.0/release/release_new/new.10/include/Herwig:/cvmfs/sphenix.sdcc.bnl.gov/alma9.2-gcc-14.2.0/release/release_new/new.10/include/genfitexp:/cvmfs/sphenix.sdcc.bnl.gov/alma9.2-gcc-14.2.0/release/release_new/new.10/include/XML:/cvmfs/sphenix.sdcc.bnl.gov/alma9.2-gcc-14.2.0/release/release_new/new.10/include/fbgemm:/cvmfs/sphenix.sdcc.bnl.gov/alma9.2-gcc-14.2.0/release/release_new/new.10/include/DDAlign:/cvmfs/sphenix.sdcc.bnl.gov/alma9.2-gcc-14.2.0/release/release_new/new.10/include/g4mvtx:/cvmfs/sphenix.sdcc.bnl.gov/alma9.2-gcc-14.2.0/release/release_new/new.10/include/kfparticle_sphenix:/cvmfs/sphenix.sdcc.bnl.gov/alma9.2-gcc-14.2.0/release/release_new/new.10/include/fun4all:/cvmfs/sphenix.sdcc.bnl.gov/alma9.2-gcc-14.2.0/release/release_new/new.10/include/intt:/cvmfs/sphenix.sdcc.bnl.gov/alma9.2-gcc-14.2.0/release/release_new/new.10/include/eventdisplay:/cvmfs/sphenix.sdcc.bnl.gov/alma9.2-gcc-14.2.0/release/release_new/new.10/include/EvtGen:/cvmfs/sphenix.sdcc.bnl.gov/alma9.2-gcc-14.2.0/release/release_new/new.10/include/Evaluator:/cvmfs/sphenix.sdcc.bnl.gov/alma9.2-gcc-14.2.0/release/release_new/new.10/include/tpc:/cvmfs/sphenix.sdcc.bnl.gov/alma9.2-gcc-14.2.0/release/release_new/new.10/include/GenFit:/cvmfs/sphenix.sdcc.bnl.gov/alma9.2-gcc-14.2.0/release/release_new/new.10/include/prototype4:/cvmfs/sphenix.sdcc.bnl.gov/alma9.2-gcc-14.2.0/release/release_new/new.10/include/caloembedding:/cvmfs/sphenix.sdcc.bnl.gov/alma9.2-gcc-14.2.0/release/release_new/new.10/include/EvtGenModels:/cvmfs/sphenix.sdcc.bnl.gov/alma9.2-gcc-14.2.0/release/release_new/new.10/include/fastjet:/cvmfs/sphenix.sdcc.bnl.gov/alma9.2-gcc-14.2.0/release/release_new/new.10/include/DDG4:/cvmfs/sphenix.sdcc.bnl.gov/alma9.2-gcc-14.2.0/release/release_new/new.10/include/mbd:/cvmfs/sphenix.sdcc.bnl.gov/alma9.2-gcc-14.2.0/release/release_new/new.10/include/tbb:/cvmfs/sphenix.sdcc.bnl.gov/alma9.2-gcc-14.2.0/release/release_new/new.10/include/phgeom:/cvmfs/sphenix.sdcc.bnl.gov/alma9.2-gcc-14.2.0/release/release_new/new.10/include/g4epd:/cvmfs/sphenix.sdcc.bnl.gov/alma9.2-gcc-14.2.0/release/release_new/new.10/include/oncal:/cvmfs/sphenix.sdcc.bnl.gov/alma9.2-gcc-14.2.0/release/release_new/new.10/include/pybind11:/cvmfs/sphenix.sdcc.bnl.gov/alma9.2-gcc-14.2.0/release/release_new/new.10/include/tpcdistgenerator:/cvmfs/sphenix.sdcc.bnl.gov/alma9.2-gcc-14.2.0/release/release_new/new.10/include/cdbobjects:/cvmfs/sphenix.sdcc.bnl.gov/alma9.2-gcc-14.2.0/release/release_new/new.10/include/g4micromegas:/cvmfs/sphenix.sdcc.bnl.gov/alma9.2-gcc-14.2.0/release/release_new/new.10/include/g4eval:/cvmfs/sphenix.sdcc.bnl.gov/alma9.2-gcc-14.2.0/release/release_new/new.10/include/jetbackground:/cvmfs/sphenix.sdcc.bnl.gov/alma9.2-gcc-14.2.0/release/release_new/new.10/include/micromegas:/cvmfs/sphenix.sdcc.bnl.gov/alma9.2-gcc-14.2.0/release/release_new/new.10/include/hftrackefficiency:/cvmfs/sphenix.sdcc.bnl.gov/alma9.2-gcc-14.2.0/release/release_new/new.10/include/inttrawhitqa:/cvmfs/sphenix.sdcc.bnl.gov/alma9.2-gcc-14.2.0/release/release_new/new.10/include/centrality:/cvmfs/sphenix.sdcc.bnl.gov/alma9.2-gcc-14.2.0/release/release_new/new.10/include/epd:/cvmfs/sphenix.sdcc.bnl.gov/alma9.2-gcc-14.2.0/release/release_new/new.10/include/caloreco:/cvmfs/sphenix.sdcc.bnl.gov/alma9.2-gcc-14.2.0/release/release_new/new.10/include/HepMC:/cvmfs/sphenix.sdcc.bnl.gov/alma9.2-gcc-14.2.0/release/release_new/new.10/include/CLHEP:/cvmfs/sphenix.sdcc.bnl.gov/alma9.2-gcc-14.2.0/release/release_new/new.10/include/Acts:/cvmfs/sphenix.sdcc.bnl.gov/alma9.2-gcc-14.2.0/release/release_new/new.10/include/g4histos:/cvmfs/sphenix.sdcc.bnl.gov/alma9.2-gcc-14.2.0/release/release_new/new.10/include/eventplaneinfo:/cvmfs/sphenix.sdcc.bnl.gov/alma9.2-gcc-14.2.0/release/release_new/new.10/include/fillspacechargemaps:/cvmfs/sphenix.sdcc.bnl.gov/alma9.2-gcc-14.2.0/release/release_new/new.10/include/phhepmc:/cvmfs/sphenix.sdcc.bnl.gov/alma9.2-gcc-14.2.0/release/release_new/new.10/include/trackingqa:/cvmfs/sphenix.sdcc.bnl.gov/alma9.2-gcc-14.2.0/release/release_new/new.10/include/qautils:/cvmfs/sphenix.sdcc.bnl.gov/alma9.2-gcc-14.2.0/release/release_new/new.10/include/trackreco:/cvmfs/sphenix.sdcc.bnl.gov/alma9.2-gcc-14.2.0/release/release_new/new.10/include/g4ohcal:/cvmfs/sphenix.sdcc.bnl.gov/alma9.2-gcc-14.2.0/release/release_new/new.10/include/tpcdvcalib:/cvmfs/sphenix.sdcc.bnl.gov/alma9.2-gcc-14.2.0/release/release_new/new.10/include/zdcinfo:/cvmfs/sphenix.sdcc.bnl.gov/alma9.2-gcc-14.2.0/release/release_new/new.10/include/phpythia8:/cvmfs/sphenix.sdcc.bnl.gov/alma9.2-gcc-14.2.0/release/release_new/new.10/include/fun4allutils:/cvmfs/sphenix.sdcc.bnl.gov/alma9.2-gcc-14.2.0/release/release_new/new.10/include/tpcqa:/cvmfs/sphenix.sdcc.bnl.gov/alma9.2-gcc-14.2.0/release/release_new/new.10/include/Pythia8:/cvmfs/sphenix.sdcc.bnl.gov/alma9.2-gcc-14.2.0/release/release_new/new.10/include/DDRec:/cvmfs/sphenix.sdcc.bnl.gov/alma9.2-gcc-14.2.0/release/release_new/new.10/include/DDDigi:/cvmfs/sphenix.sdcc.bnl.gov/alma9.2-gcc-14.2.0/release/release_new/new.10/include/g4ihcal:/cvmfs/sphenix.sdcc.bnl.gov/alma9.2-gcc-14.2.0/release/release_new/new.10/include/frog:/cvmfs/sphenix.sdcc.bnl.gov/alma9.2-gcc-14.2.0/release/release_new/new.10/include/eigen3:/cvmfs/sphenix.sdcc.bnl.gov/alma9.2-gcc-14.2.0/release/release_new/new.10/include/tensorpipe:/cvmfs/sphenix.sdcc.bnl.gov/alma9.2-gcc-14.2.0/release/release_new/new.10/include/sphenixnpc:/cvmfs/sphenix.sdcc.bnl.gov/alma9.2-gcc-14.2.0/release/release_new/new.10/include/siscone:/cvmfs/sphenix.sdcc.bnl.gov/alma9.2-gcc-14.2.0/release/release_new/new.10/include/pmonitor:/cvmfs/sphenix.sdcc.bnl.gov/alma9.2-gcc-14.2.0/release/release_new/new.10/include/calobase:/cvmfs/sphenix.sdcc.bnl.gov/alma9.2-gcc-14.2.0/release/release_new/new.10/include/ActsExamples:/cvmfs/sphenix.sdcc.bnl.gov/alma9.2-gcc-14.2.0/release/release_new/new.10/include/g4gdml:/cvmfs/sphenix.sdcc.bnl.gov/alma9.2-gcc-14.2.0/release/release_new/new.10/include/mvtx_decoder:/cvmfs/sphenix.sdcc.bnl.gov/alma9.2-gcc-14.2.0/release/release_new/new.10/include/ROOT:/cvmfs/sphenix.sdcc.bnl.gov/alma9.2-gcc-14.2.0/release/release_new/new.10/include/phparameter:/cvmfs/sphenix.sdcc.bnl.gov/alma9.2-gcc-14.2.0/release/release_new/new.10/include/rsa:/cvmfs/sphenix.sdcc.bnl.gov/alma9.2-gcc-14.2.0/release/release_new/new.10/include/fun4allraw:/cvmfs/sphenix.sdcc.bnl.gov/alma9.2-gcc-14.2.0/release/release_new/new.10/include/trackbase_historic:/cvmfs/sphenix.sdcc.bnl.gov/alma9.2-gcc-14.2.0/release/release_new/new.10/include/g4jets:/cvmfs/sphenix.sdcc.bnl.gov/alma9.2-gcc-14.2.0/release/release_new/new.10/include/jetqa:/cvmfs/sphenix.sdcc.bnl.gov/alma9.2-gcc-14.2.0/release/release_new/new.10/include/phoolraw:/cvmfs/sphenix.sdcc.bnl.gov/alma9.2-gcc-14.2.0/release/release_new/new.10/include/g4calo:/cvmfs/sphenix.sdcc.bnl.gov/alma9.2-gcc-14.2.0/release/release_new/new.10/include/mvtxrawhitqa:/cvmfs/sphenix.sdcc.bnl.gov/alma9.2-gcc-14.2.0/release/release_new/new.10/include/HepMC3:/cvmfs/sphenix.sdcc.bnl.gov/alma9.2-gcc-14.2.0/release/release_new/new.10/include/calowaveformsim:/cvmfs/sphenix.sdcc.bnl.gov/alma9.2-gcc-14.2.0/release/release_new/new.10/include/g4caloprototype:/cvmfs/sphenix.sdcc.bnl.gov/alma9.2-gcc-14.2.0/release/release_new/new.10/include/pdbcalbase:/cvmfs/sphenix.sdcc.bnl.gov/alma9.2-gcc-14.2.0/release/release_new/new.10/include/gsl:/cvmfs/sphenix.sdcc.bnl.gov/alma9.2-gcc-14.2.0/release/release_new/new.10/include/nodedump:/cvmfs/sphenix.sdcc.bnl.gov/alma9.2-gcc-14.2.0/release/release_new/new.10/include/emcnoisytowerfinder:/cvmfs/sphenix.sdcc.bnl.gov/alma9.2-gcc-14.2.0/release/release_new/new.10/include/ActsFatras:/cvmfs/sphenix.sdcc.bnl.gov/alma9.2-gcc-14.2.0/release/release_new/new.10/include/ffarawmodules:/cvmfs/sphenix.sdcc.bnl.gov/alma9.2-gcc-14.2.0/release/release_new/new.10/include/Event:/cvmfs/sphenix.sdcc.bnl.gov/alma9.2-gcc-14.2.0/release/release_new/new.10/include/prototype3:/cvmfs/sphenix.sdcc.bnl.gov/alma9.2-gcc-14.2.0/release/release_new/new.10/include/fermimotionafterburner:/cvmfs/sphenix.sdcc.bnl.gov/alma9.2-gcc-14.2.0/release/release_new/new.10/include/Photos:/cvmfs/sphenix.sdcc.bnl.gov/alma9.2-gcc-14.2.0/release/release_new/new.10/include/xingshiftcal:/cvmfs/sphenix.sdcc.bnl.gov/alma9.2-gcc-14.2.0/release/release_new/new.10/include/trackbase:/cvmfs/sphenix.sdcc.bnl.gov/alma9.2-gcc-14.2.0/release/release_new/new.10/include/jetdstskimmer:/cvmfs/sphenix.sdcc.bnl.gov/alma9.2-gcc-14.2.0/release/release_new/new.10/include/clusteriso:/cvmfs/sphenix.sdcc.bnl.gov/alma9.2-gcc-14.2.0/release/release_new/new.10/include/asmjit:/cvmfs/sphenix.sdcc.bnl.gov/alma9.2-gcc-14.2.0/release/release_new/new.10/include/particleflowreco:/cvmfs/sphenix.sdcc.bnl.gov/alma9.2-gcc-14.2.0/release/release_new/new.10/include/tpchittrackdisplay:/cvmfs/sphenix.sdcc.bnl.gov/alma9.2-gcc-14.2.0/release/release_new/new.10/include/caloana:/cvmfs/sphenix.sdcc.bnl.gov/alma9.2-gcc-14.2.0/release/release_new/new.10/include/calotrigger:/cvmfs/sphenix.sdcc.bnl.gov/alma9.2-gcc-14.2.0/release/release_new/new.10/include/nopayloadclient:/cvmfs/sphenix.sdcc.bnl.gov/alma9.2-gcc-14.2.0/release/release_new/new.10/include/trackermillepedealignment:/cvmfs/sphenix.sdcc.bnl.gov/alma9.2-gcc-14.2.0/release/release_new/new.10/include/DD4hep:/cvmfs/sphenix.sdcc.bnl.gov/alma9.2-gcc-14.2.0/release/release_new/new.10/include/g4trackfastsim:/cvmfs/sphenix.sdcc.bnl.gov/alma9.2-gcc-14.2.0/release/release_new/new.10/include/prototype2:/cvmfs/sphenix.sdcc.bnl.gov/alma9.2-gcc-14.2.0/release/release_new/new.10/include/ATen:/cvmfs/sphenix.sdcc.bnl.gov/alma9.2-gcc-14.2.0/release/release_new/new.10/include/g4main:/cvmfs/sphenix.sdcc.bnl.gov/alma9.2-gcc-14.2.0/release/release_new/new.10/include/Tauola:/cvmfs/sphenix.sdcc.bnl.gov/alma9.2-gcc-14.2.0/release/release_new/new.10/include/inttcalib:/cvmfs/sphenix.sdcc.bnl.gov/alma9.2-gcc-14.2.0/release/release_new/new.10/include/reactionplaneafterburner:/cvmfs/sphenix.sdcc.bnl.gov/alma9.2-gcc-14.2.0/release/release_new/new.10/include/globalqa:/cvmfs/sphenix.sdcc.bnl.gov/alma9.2-gcc-14.2.0/release/release_new/new.10/include/tpccalib:/cvmfs/sphenix.sdcc.bnl.gov/alma9.2-gcc-14.2.0/release/release_new/new.10/include/DDSegmentation:/cvmfs/sphenix.sdcc.bnl.gov/alma9.2-gcc-14.2.0/release/release_new/new.10/include/decayfinder:/cvmfs/sphenix.sdcc.bnl.gov/alma9.2-gcc-14.2.0/release/release_new/new.10/include/compressclus:/cvmfs/sphenix.sdcc.bnl.gov/alma9.2-gcc-14.2.0/release/release_new/new.10/include/simqa_modules:/cvmfs/sphenix.sdcc.bnl.gov/alma9.2-gcc-14.2.0/release/release_new/new.10/include/resonancejettagging:/cvmfs/sphenix.sdcc.bnl.gov/alma9.2-gcc-14.2.0/release/release_new/new.10/include/g4centrality:/cvmfs/sphenix.sdcc.bnl.gov/alma9.2-gcc-14.2.0/release/release_new/new.10/include/mvtx:/cvmfs/sphenix.sdcc.bnl.gov/alma9.2-gcc-14.2.0/release/release_new/new.10/include/nlohmann:/cvmfs/sphenix.sdcc.bnl.gov/alma9.2-gcc-14.2.0/release/release_new/new.10/include/localpoloffmon:/cvmfs/sphenix.sdcc.bnl.gov/alma9.2-gcc-14.2.0/release/release_new/new.10/include/DDEve:/cvmfs/sphenix.sdcc.bnl.gov/alma9.2-gcc-14.2.0/release/release_new/new.10/include/Parsers:/cvmfs/sphenix.sdcc.bnl.gov/alma9.2-gcc-14.2.0/release/release_new/new.10/include/trackingdiagnostics:/cvmfs/sphenix.sdcc.bnl.gov/alma9.2-gcc-14.2.0/release/release_new/new.10/include/g4vertex:/cvmfs/sphenix.sdcc.bnl.gov/alma9.2-gcc-14.2.0/release/release_new/new.10/include/jetbase:/cvmfs/sphenix.sdcc.bnl.gov/alma9.2-gcc-14.2.0/release/release_new/new.10/include/globalvertex:/cvmfs/sphenix.sdcc.bnl.gov/alma9.2-gcc-14.2.0/release/release_new/new.10/include/phgenfit:/cvmfs/sphenix.sdcc.bnl.gov/alma9.2-gcc-14.2.0/release/release_new/new.10/include/rawbcolumi:/cvmfs/sphenix.sdcc.bnl.gov/alma9.2-gcc-14.2.0/release/release_new/new.10/include/eicsmear:/cvmfs/sphenix.sdcc.bnl.gov/alma9.2-gcc-14.2.0/release/release_new/new.10/include/mvtxcalib:/cvmfs/sphenix.sdcc.bnl.gov/alma9.2-gcc-14.2.0/release/release_new/new.10/include/tpclinelaserdiode:/cvmfs/sphenix.sdcc.bnl.gov/alma9.2-gcc-14.2.0/release/release_new/new.10/include/hepmcjettrigger:/cvmfs/sphenix.sdcc.bnl.gov/alma9.2-gcc-14.2.0/release/release_new/new.10/include/core:/cvmfs/sphenix.sdcc.bnl.gov/alma9.2-gcc-14.2.0/release/release_new/new.10/include/calo_cdb:/cvmfs/sphenix.sdcc.bnl.gov/alma9.2-gcc-14.2.0/release/release_new/new.10/include/mvtxclustershapesqa:/cvmfs/sphenix.sdcc.bnl.gov/alma9.2-gcc-14.2.0/release/release_new/new.10/include/calopacketskimmer:/cvmfs/sphenix.sdcc.bnl.gov/alma9.2-gcc-14.2.0/opt/sphenix/core/geant4.10.07.p04/include:/cvmfs/sphenix.sdcc.bnl.gov/alma9.2-gcc-14.2.0/release/release_new/new.10/rootmacros:/cvmfs/sphenix.sdcc.bnl.gov/alma9.2-gcc-14.2.0/opt/sphenix/core/include
GSEARCHPATH=.:PG:LUSTRE:RAWDATA
PWD=/gpfs/mnt/gpfs02/sphenix/user/samfred/run25/ppg11/histmaking
LOGNAME=samfred
_CONDOR_JOB_AD=/home/condor/local/sphnx/execute/dir_751070/.job.ad
MANPATH=/cvmfs/sphenix.sdcc.bnl.gov/alma9.2-gcc-14.2.0/opt/sphenix/core/gcc/14.2.0-2f0a0/x86_64-el9/share/man:/cvmfs/sphenix.sdcc.bnl.gov/alma9.2-gcc-14.2.0/opt/sphenix/core/binutils/2.40-acaab/x86_64-el9/share/man:/cvmfs/sphenix.sdcc.bnl.gov/alma9.2-gcc-14.2.0/release/release_new/new.10/share/man:/cvmfs/sphenix.sdcc.bnl.gov/alma9.2-gcc-14.2.0/opt/sphenix/utils/share/man:/cvmfs/sphenix.sdcc.bnl.gov/alma9.2-gcc-14.2.0/opt/sphenix/core/share/man:/cvmfs/sphenix.sdcc.bnl.gov/alma9.2-gcc-14.2.0/opt/sphenix/core/root-6.32.06/man:/usr/local/share/man:/usr/share/man
PYTHIA8=/cvmfs/sphenix.sdcc.bnl.gov/alma9.2-gcc-14.2.0/release/release_new/new.10/share/Pythia8
G4INCLDATA=/cvmfs/sphenix.sdcc.bnl.gov/alma9.2-gcc-14.2.0/opt/sphenix/core/geant4.10.07.p04/share/Geant4-10.7.4/data/G4INCL1.0
ORIG_PATH=/usr/local/bin:/usr/bin
CXX=/cvmfs/sphenix.sdcc.bnl.gov/alma9.2-gcc-14.2.0/opt/sphenix/core/gcc/14.2.0-2f0a0/x86_64-el9/bin/g++
G4LEDATA=/cvmfs/sphenix.sdcc.bnl.gov/alma9.2-gcc-14.2.0/opt/sphenix/core/geant4.10.07.p04/share/Geant4-10.7.4/data/G4EMLOW7.13
PYTHON_CPU_COUNT=1
OPENBLAS_NUM_THREADS=1
_CONDOR_BIN=/usr/bin
HOME=/sphenix/u/samfred
G4PARTICLEXSDATA=/cvmfs/sphenix.sdcc.bnl.gov/alma9.2-gcc-14.2.0/opt/sphenix/core/geant4.10.07.p04/share/Geant4-10.7.4/data/G4PARTICLEXS3.1.1
ONLINE_MAIN=/cvmfs/sphenix.sdcc.bnl.gov/alma9.2-gcc-14.2.0/release/release_new/new.10
CALIBRATIONROOT=/cvmfs/sphenix.sdcc.bnl.gov/alma9.2-gcc-14.2.0/release/release_new/new.10/share/calibrations
TMPDIR=/tmp
_CONDOR_SCRATCH_DIR=/home/condor/local/sphnx/execute/dir_751070
PGUSER=phnxrc
NOPAYLOADCLIENT_CONF=/cvmfs/sphenix.sdcc.bnl.gov/alma9.2-gcc-14.2.0/opt/sphenix/core/etc/sPHENIX_newcdb.json
XERCESCROOT=/cvmfs/sphenix.sdcc.bnl.gov/alma9.2-gcc-14.2.0/opt/sphenix/core/geant4.10.07.p04
LHAPATH=/cvmfs/sphenix.sdcc.bnl.gov/alma9.2-gcc-14.2.0/opt/sphenix/core/lhapdf-5.9.1/share/lhapdf/PDFsets
G4NEUTRONHPDATA=/cvmfs/sphenix.sdcc.bnl.gov/alma9.2-gcc-14.2.0/opt/sphenix/core/geant4.10.07.p04/share/Geant4-10.7.4/data/G4NDL4.6
PYTHONPATH=.:/cvmfs/sphenix.sdcc.bnl.gov/alma9.2-gcc-14.2.0/release/release_new/new.10/lib/python3.13/site-packages:/cvmfs/sphenix.sdcc.bnl.gov/alma9.2-gcc-14.2.0/opt/sphenix/core/lib/python3.13/site-packages:/cvmfs/sphenix.sdcc.bnl.gov/alma9.2-gcc-14.2.0/opt/sphenix/core/root-6.32.06/lib
USER=samfred
_CONDOR_JOB_PIDS=
TEMP=/tmp
GOMAXPROCS=1
OFFLINE_MAIN=/cvmfs/sphenix.sdcc.bnl.gov/alma9.2-gcc-14.2.0/release/release_new/new.10
SHLVL=1
TF_NUM_THREADS=1
G4SAIDXSDATA=/cvmfs/sphenix.sdcc.bnl.gov/alma9.2-gcc-14.2.0/opt/sphenix/core/geant4.10.07.p04/share/Geant4-10.7.4/data/G4SAIDDATA2.0
APPTAINER_CACHEDIR=/home/condor/local/sphnx/execute/dir_751070
ROOTSYS=/cvmfs/sphenix.sdcc.bnl.gov/alma9.2-gcc-14.2.0/opt/sphenix/core/root-6.32.06
BATCH_SYSTEM=HTCondor
_CONDOR_SLOT=slot1_74
LD_LIBRARY_PATH=/sphenix/user/samfred/run25/install//lib:/cvmfs/sphenix.sdcc.bnl.gov/alma9.2-gcc-14.2.0/opt/sphenix/core/gcc/14.2.0-2f0a0/x86_64-el9/lib:/cvmfs/sphenix.sdcc.bnl.gov/alma9.2-gcc-14.2.0/opt/sphenix/core/gcc/14.2.0-2f0a0/x86_64-el9/lib64:/cvmfs/sphenix.sdcc.bnl.gov/alma9.2-gcc-14.2.0/opt/sphenix/core/binutils/2.40-acaab/x86_64-el9/lib:.:/cvmfs/sphenix.sdcc.bnl.gov/alma9.2-gcc-14.2.0/release/release_new/new.10/lib64:/cvmfs/sphenix.sdcc.bnl.gov/alma9.2-gcc-14.2.0/release/release_new/new.10/lib:/cvmfs/sphenix.sdcc.bnl.gov/alma9.2-gcc-14.2.0/opt/sphenix/utils/lib:/cvmfs/sphenix.sdcc.bnl.gov/alma9.2-gcc-14.2.0/opt/sphenix/core/lib:/cvmfs/sphenix.sdcc.bnl.gov/alma9.2-gcc-14.2.0/opt/sphenix/core/root-6.32.06/lib:/cvmfs/sphenix.sdcc.bnl.gov/alma9.2-gcc-14.2.0/opt/sphenix/core/geant4.10.07.p04/lib64:/cvmfs/sphenix.sdcc.bnl.gov/alma9.2-gcc-14.2.0/opt/sphenix/core/lhapdf-5.9.1/lib:/usr/local/lib64:/usr/lib64
OPT_SPHENIX=/cvmfs/sphenix.sdcc.bnl.gov/alma9.2-gcc-14.2.0/opt/sphenix/core
TF_LOOP_PARALLEL_ITERATIONS=1
EVT_LIB=/cvmfs/sphenix.sdcc.bnl.gov/alma9.2-gcc-14.2.0/opt/sphenix/core/root-6.32.06/lib
PGHOST=sphnxdbmaster.sdcc.bnl.gov
_CONDOR_ANCESTOR_751070=751177:1759352743:3763146112
OMP_NUM_THREADS=1
G4REALSURFACEDATA=/cvmfs/sphenix.sdcc.bnl.gov/alma9.2-gcc-14.2.0/opt/sphenix/core/geant4.10.07.p04/share/Geant4-10.7.4/data/RealSurface2.2
FC=/cvmfs/sphenix.sdcc.bnl.gov/alma9.2-gcc-14.2.0/opt/sphenix/core/gcc/14.2.0-2f0a0/x86_64-el9/bin/gfortran
G4ABLADATA=/cvmfs/sphenix.sdcc.bnl.gov/alma9.2-gcc-14.2.0/opt/sphenix/core/geant4.10.07.p04/share/Geant4-10.7.4/data/G4ABLA3.1
PARASOFT=doesnotexist
TMP=/tmp
OPT_UTILS=/cvmfs/sphenix.sdcc.bnl.gov/alma9.2-gcc-14.2.0/opt/sphenix/utils
CONFIG_SITE=/cvmfs/sphenix.sdcc.bnl.gov/alma9.2-gcc-14.2.0/opt/sphenix/core/etc/config.site
PATH=/sphenix/user/samfred/run25/install//bin:/cvmfs/sphenix.sdcc.bnl.gov/alma9.2-gcc-14.2.0/opt/sphenix/core/gcc/14.2.0-2f0a0/x86_64-el9/bin:/cvmfs/sphenix.sdcc.bnl.gov/alma9.2-gcc-14.2.0/opt/sphenix/core/binutils/2.40-acaab/x86_64-el9/bin:.:/cvmfs/sphenix.sdcc.bnl.gov/alma9.2-gcc-14.2.0/release/release_new/new.10/bin:/cvmfs/sphenix.sdcc.bnl.gov/alma9.2-gcc-14.2.0/opt/sphenix/utils/bin:/cvmfs/sphenix.sdcc.bnl.gov/alma9.2-gcc-14.2.0/opt/sphenix/core/bin:/cvmfs/sphenix.sdcc.bnl.gov/alma9.2-gcc-14.2.0/opt/sphenix/core/root-6.32.06/bin:/cvmfs/sphenix.sdcc.bnl.gov/alma9.2-gcc-14.2.0/opt/sphenix/core/geant4.10.07.p04/bin:/usr/local/bin:/usr/bin:/usr/local/sbin:/usr/sbin
G4LEVELGAMMADATA=/cvmfs/sphenix.sdcc.bnl.gov/alma9.2-gcc-14.2.0/opt/sphenix/core/geant4.10.07.p04/share/Geant4-10.7.4/data/PhotonEvaporation5.7
CC=/cvmfs/sphenix.sdcc.bnl.gov/alma9.2-gcc-14.2.0/opt/sphenix/core/gcc/14.2.0-2f0a0/x86_64-el9/bin/gcc
G4RADIOACTIVEDATA=/cvmfs/sphenix.sdcc.bnl.gov/alma9.2-gcc-14.2.0/opt/sphenix/core/geant4.10.07.p04/share/Geant4-10.7.4/data/RadioactiveDecay5.6
JULIA_NUM_THREADS=1
MKL_NUM_THREADS=1
LHAPDF_DATA_PATH=/cvmfs/sphenix.sdcc.bnl.gov/alma9.2-gcc-14.2.0/release/release_new/new.10/share/LHAPDF
XPLOAD_CONFIG_DIR=/cvmfs/sphenix.sdcc.bnl.gov/alma9.2-gcc-14.2.0/opt/sphenix/core/etc
OLDPWD=/cvmfs/sphenix.sdcc.bnl.gov/alma9.2-gcc-14.2.0/release/release_new/new.10/geant4
_=/usr/bin/printenv
runnumber...
52847
trigger...

   ------------------------------------------------------------------
  | Welcome to ROOT 6.32.06                        https://root.cern |
  | (c) 1995-2024, The ROOT Team; conception: R. Brun, F. Rademakers |
  | Built for linuxx8664gcc on Dec 13 2024, 17:23:48                 |
  | From tags/6-32-06@6-32-06                                        |
  | With g++ (GCC) 14.2.0                                            |
  | Try '.help'/'.?', '.demo', '.license', '.credits', '.quit'/'.q'  |
   ------------------------------------------------------------------


Processing data_histmaker.C(52847)...
entry 1000/7467919 (0.0133906%)
entry 2000/7467919 (0.0267812%)
entry 5000/7467919 (0.0669531%)
entry 7000/7467919 (0.0937343%)
entry 9000/7467919 (0.120516%)
entry 11000/7467919 (0.147297%)
entry 12000/7467919 (0.160687%)
entry 13000/7467919 (0.174078%)
entry 19000/7467919 (0.254422%)
entry 20000/7467919 (0.267812%)
entry 22000/7467919 (0.294593%)
entry 24000/7467919 (0.321375%)
entry 25000/7467919 (0.334765%)
entry 26000/7467919 (0.348156%)
entry 28000/7467919 (0.374937%)
entry 30000/7467919 (0.401718%)
entry 31000/7467919 (0.415109%)
entry 32000/7467919 (0.4285%)
entry 33000/7467919 (0.44189%)
entry 35000/7467919 (0.468671%)
entry 36000/7467919 (0.482062%)
entry 37000/7467919 (0.495453%)
entry 38000/7467919 (0.508843%)
entry 39000/7467919 (0.522234%)
entry 40000/7467919 (0.535624%)
entry 41000/7467919 (0.549015%)
entry 43000/7467919 (0.575796%)
entry 44000/7467919 (0.589187%)
entry 45000/7467919 (0.602577%)
entry 46000/7467919 (0.615968%)
entry 47000/7467919 (0.629359%)
entry 48000/7467919 (0.642749%)
entry 49000/7467919 (0.65614%)
entry 50000/7467919 (0.669531%)
entry 52000/7467919 (0.696312%)
entry 53000/7467919 (0.709702%)
entry 54000/7467919 (0.723093%)
entry 55000/7467919 (0.736484%)
entry 56000/7467919 (0.749874%)
entry 57000/7467919 (0.763265%)
entry 58000/7467919 (0.776655%)
entry 59000/7467919 (0.790046%)
entry 64000/7467919 (0.856999%)
entry 65000/7467919 (0.87039%)
entry 66000/7467919 (0.88378%)
entry 67000/7467919 (0.897171%)
entry 69000/7467919 (0.923952%)
entry 71000/7467919 (0.950733%)
entry 72000/7467919 (0.964124%)
entry 73000/7467919 (0.977515%)
entry 75000/7467919 (1.0043%)
entry 76000/7467919 (1.01769%)
entry 77000/7467919 (1.03108%)
entry 78000/7467919 (1.04447%)
entry 81000/7467919 (1.08464%)
entry 82000/7467919 (1.09803%)
entry 83000/7467919 (1.11142%)
entry 84000/7467919 (1.12481%)
entry 85000/7467919 (1.1382%)
entry 88000/7467919 (1.17837%)
entry 89000/7467919 (1.19176%)
entry 90000/7467919 (1.20515%)
entry 92000/7467919 (1.23194%)
entry 94000/7467919 (1.25872%)
entry 95000/7467919 (1.27211%)
entry 96000/7467919 (1.2855%)
entry 97000/7467919 (1.29889%)
entry 99000/7467919 (1.32567%)
entry 100000/7467919 (1.33906%)
entry 101000/7467919 (1.35245%)
entry 102000/7467919 (1.36584%)
entry 103000/7467919 (1.37923%)
entry 104000/7467919 (1.39262%)
entry 105000/7467919 (1.40601%)
entry 108000/7467919 (1.44619%)
entry 110000/7467919 (1.47297%)
entry 112000/7467919 (1.49975%)
entry 113000/7467919 (1.51314%)
entry 115000/7467919 (1.53992%)
entry 116000/7467919 (1.55331%)
entry 117000/7467919 (1.5667%)
entry 118000/7467919 (1.58009%)
entry 119000/7467919 (1.59348%)
entry 120000/7467919 (1.60687%)
entry 121000/7467919 (1.62026%)
entry 122000/7467919 (1.63365%)
entry 123000/7467919 (1.64705%)
entry 125000/7467919 (1.67383%)
entry 127000/7467919 (1.70061%)
entry 129000/7467919 (1.72739%)
entry 130000/7467919 (1.74078%)
entry 132000/7467919 (1.76756%)
entry 134000/7467919 (1.79434%)
entry 135000/7467919 (1.80773%)
entry 136000/7467919 (1.82112%)
entry 138000/7467919 (1.8479%)
entry 139000/7467919 (1.86129%)
entry 141000/7467919 (1.88808%)
entry 142000/7467919 (1.90147%)
entry 143000/7467919 (1.91486%)
entry 144000/7467919 (1.92825%)
entry 145000/7467919 (1.94164%)
entry 146000/7467919 (1.95503%)
entry 147000/7467919 (1.96842%)
entry 150000/7467919 (2.00859%)
entry 153000/7467919 (2.04876%)
entry 154000/7467919 (2.06215%)
entry 155000/7467919 (2.07554%)
entry 156000/7467919 (2.08894%)
entry 157000/7467919 (2.10233%)
entry 158000/7467919 (2.11572%)
entry 159000/7467919 (2.12911%)
entry 160000/7467919 (2.1425%)
entry 162000/7467919 (2.16928%)
entry 163000/7467919 (2.18267%)
entry 166000/7467919 (2.22284%)
entry 169000/7467919 (2.26301%)
entry 170000/7467919 (2.2764%)
entry 171000/7467919 (2.28979%)
entry 173000/7467919 (2.31658%)
entry 175000/7467919 (2.34336%)
entry 176000/7467919 (2.35675%)
entry 177000/7467919 (2.37014%)
entry 178000/7467919 (2.38353%)
entry 181000/7467919 (2.4237%)
entry 182000/7467919 (2.43709%)
entry 183000/7467919 (2.45048%)
entry 184000/7467919 (2.46387%)
entry 185000/7467919 (2.47726%)
entry 186000/7467919 (2.49065%)
entry 188000/7467919 (2.51743%)
entry 189000/7467919 (2.53083%)
entry 191000/7467919 (2.55761%)
entry 194000/7467919 (2.59778%)
entry 195000/7467919 (2.61117%)
entry 196000/7467919 (2.62456%)
entry 197000/7467919 (2.63795%)
entry 198000/7467919 (2.65134%)
entry 203000/7467919 (2.71829%)
entry 205000/7467919 (2.74508%)
entry 206000/7467919 (2.75847%)
entry 207000/7467919 (2.77186%)
entry 208000/7467919 (2.78525%)
entry 209000/7467919 (2.79864%)
entry 210000/7467919 (2.81203%)
entry 211000/7467919 (2.82542%)
entry 212000/7467919 (2.83881%)
entry 214000/7467919 (2.86559%)
entry 216000/7467919 (2.89237%)
entry 218000/7467919 (2.91915%)
entry 219000/7467919 (2.93254%)
entry 220000/7467919 (2.94593%)
entry 221000/7467919 (2.95933%)
entry 222000/7467919 (2.97272%)
entry 223000/7467919 (2.98611%)
entry 224000/7467919 (2.9995%)
entry 225000/7467919 (3.01289%)
entry 226000/7467919 (3.02628%)
entry 228000/7467919 (3.05306%)
entry 229000/7467919 (3.06645%)
entry 230000/7467919 (3.07984%)
entry 231000/7467919 (3.09323%)
entry 233000/7467919 (3.12001%)
entry 234000/7467919 (3.1334%)
entry 235000/7467919 (3.14679%)
entry 236000/7467919 (3.16018%)
entry 237000/7467919 (3.17357%)
entry 240000/7467919 (3.21375%)
entry 241000/7467919 (3.22714%)
entry 242000/7467919 (3.24053%)
entry 243000/7467919 (3.25392%)
entry 245000/7467919 (3.2807%)
entry 246000/7467919 (3.29409%)
entry 247000/7467919 (3.30748%)
entry 248000/7467919 (3.32087%)
entry 249000/7467919 (3.33426%)
entry 251000/7467919 (3.36104%)
entry 252000/7467919 (3.37443%)
entry 253000/7467919 (3.38782%)
entry 254000/7467919 (3.40122%)
entry 255000/7467919 (3.41461%)
entry 256000/7467919 (3.428%)
entry 257000/7467919 (3.44139%)
entry 258000/7467919 (3.45478%)
entry 259000/7467919 (3.46817%)
entry 260000/7467919 (3.48156%)
entry 261000/7467919 (3.49495%)
entry 262000/7467919 (3.50834%)
entry 264000/7467919 (3.53512%)
entry 265000/7467919 (3.54851%)
entry 266000/7467919 (3.5619%)
entry 267000/7467919 (3.57529%)
entry 268000/7467919 (3.58868%)
entry 269000/7467919 (3.60207%)
entry 271000/7467919 (3.62886%)
entry 272000/7467919 (3.64225%)
entry 273000/7467919 (3.65564%)
entry 274000/7467919 (3.66903%)
entry 275000/7467919 (3.68242%)
entry 276000/7467919 (3.69581%)
entry 277000/7467919 (3.7092%)
entry 280000/7467919 (3.74937%)
entry 282000/7467919 (3.77615%)
entry 283000/7467919 (3.78954%)
entry 284000/7467919 (3.80293%)
entry 285000/7467919 (3.81632%)
entry 286000/7467919 (3.82971%)
entry 287000/7467919 (3.84311%)
entry 288000/7467919 (3.8565%)
entry 290000/7467919 (3.88328%)
entry 292000/7467919 (3.91006%)
entry 294000/7467919 (3.93684%)
entry 295000/7467919 (3.95023%)
entry 296000/7467919 (3.96362%)
entry 297000/7467919 (3.97701%)
entry 299000/7467919 (4.00379%)
entry 301000/7467919 (4.03057%)
entry 304000/7467919 (4.07075%)
entry 306000/7467919 (4.09753%)
entry 307000/7467919 (4.11092%)
entry 308000/7467919 (4.12431%)
entry 309000/7467919 (4.1377%)
entry 310000/7467919 (4.15109%)
entry 314000/7467919 (4.20465%)
entry 315000/7467919 (4.21804%)
entry 317000/7467919 (4.24482%)
entry 318000/7467919 (4.25821%)
entry 319000/7467919 (4.2716%)
entry 324000/7467919 (4.33856%)
entry 326000/7467919 (4.36534%)
entry 327000/7467919 (4.37873%)
entry 329000/7467919 (4.40551%)
entry 330000/7467919 (4.4189%)
entry 332000/7467919 (4.44568%)
entry 334000/7467919 (4.47246%)
entry 337000/7467919 (4.51264%)
entry 340000/7467919 (4.55281%)
entry 341000/7467919 (4.5662%)
entry 342000/7467919 (4.57959%)
entry 344000/7467919 (4.60637%)
entry 345000/7467919 (4.61976%)
entry 346000/7467919 (4.63315%)
entry 347000/7467919 (4.64654%)
entry 349000/7467919 (4.67332%)
entry 350000/7467919 (4.68671%)
entry 353000/7467919 (4.72689%)
entry 355000/7467919 (4.75367%)
entry 356000/7467919 (4.76706%)
entry 357000/7467919 (4.78045%)
entry 358000/7467919 (4.79384%)
entry 359000/7467919 (4.80723%)
entry 360000/7467919 (4.82062%)
entry 361000/7467919 (4.83401%)
entry 362000/7467919 (4.8474%)
entry 364000/7467919 (4.87418%)
entry 366000/7467919 (4.90096%)
entry 367000/7467919 (4.91435%)
entry 369000/7467919 (4.94114%)
entry 371000/7467919 (4.96792%)
entry 372000/7467919 (4.98131%)
entry 373000/7467919 (4.9947%)
entry 376000/7467919 (5.03487%)
entry 377000/7467919 (5.04826%)
entry 378000/7467919 (5.06165%)
entry 379000/7467919 (5.07504%)
entry 380000/7467919 (5.08843%)
entry 383000/7467919 (5.1286%)
entry 385000/7467919 (5.15539%)
entry 386000/7467919 (5.16878%)
entry 387000/7467919 (5.18217%)
entry 388000/7467919 (5.19556%)
entry 389000/7467919 (5.20895%)
entry 391000/7467919 (5.23573%)
entry 392000/7467919 (5.24912%)
entry 393000/7467919 (5.26251%)
entry 394000/7467919 (5.2759%)
entry 395000/7467919 (5.28929%)
entry 396000/7467919 (5.30268%)
entry 398000/7467919 (5.32946%)
entry 399000/7467919 (5.34285%)
entry 402000/7467919 (5.38303%)
entry 403000/7467919 (5.39642%)
entry 404000/7467919 (5.40981%)
entry 406000/7467919 (5.43659%)
entry 409000/7467919 (5.47676%)
entry 410000/7467919 (5.49015%)
entry 411000/7467919 (5.50354%)
entry 412000/7467919 (5.51693%)
entry 414000/7467919 (5.54371%)
entry 417000/7467919 (5.58388%)
entry 419000/7467919 (5.61067%)
entry 420000/7467919 (5.62406%)
entry 421000/7467919 (5.63745%)
entry 425000/7467919 (5.69101%)
entry 426000/7467919 (5.7044%)
entry 427000/7467919 (5.71779%)
entry 430000/7467919 (5.75796%)
entry 431000/7467919 (5.77135%)
entry 436000/7467919 (5.83831%)
entry 438000/7467919 (5.86509%)
entry 439000/7467919 (5.87848%)
entry 441000/7467919 (5.90526%)
entry 442000/7467919 (5.91865%)
entry 443000/7467919 (5.93204%)
entry 444000/7467919 (5.94543%)
entry 445000/7467919 (5.95882%)
entry 447000/7467919 (5.9856%)
entry 450000/7467919 (6.02578%)
entry 451000/7467919 (6.03917%)
entry 453000/7467919 (6.06595%)
entry 454000/7467919 (6.07934%)
entry 456000/7467919 (6.10612%)
entry 458000/7467919 (6.1329%)
entry 459000/7467919 (6.14629%)
entry 461000/7467919 (6.17307%)
entry 462000/7467919 (6.18646%)
entry 463000/7467919 (6.19985%)
entry 464000/7467919 (6.21324%)
entry 465000/7467919 (6.22663%)
entry 467000/7467919 (6.25342%)
entry 468000/7467919 (6.26681%)
entry 470000/7467919 (6.29359%)
entry 471000/7467919 (6.30698%)
entry 472000/7467919 (6.32037%)
entry 474000/7467919 (6.34715%)
entry 475000/7467919 (6.36054%)
entry 476000/7467919 (6.37393%)
entry 479000/7467919 (6.4141%)
entry 480000/7467919 (6.42749%)
entry 481000/7467919 (6.44088%)
entry 482000/7467919 (6.45427%)
entry 483000/7467919 (6.46766%)
entry 484000/7467919 (6.48106%)
entry 485000/7467919 (6.49445%)
entry 487000/7467919 (6.52123%)
entry 488000/7467919 (6.53462%)
entry 489000/7467919 (6.54801%)
entry 490000/7467919 (6.5614%)
entry 492000/7467919 (6.58818%)
entry 493000/7467919 (6.60157%)
entry 496000/7467919 (6.64174%)
entry 499000/7467919 (6.68192%)
entry 500000/7467919 (6.69531%)
entry 501000/7467919 (6.7087%)
entry 502000/7467919 (6.72209%)
entry 506000/7467919 (6.77565%)
entry 507000/7467919 (6.78904%)
entry 510000/7467919 (6.82921%)
entry 511000/7467919 (6.8426%)
entry 513000/7467919 (6.86938%)
entry 514000/7467919 (6.88277%)
entry 515000/7467919 (6.89617%)
entry 516000/7467919 (6.90956%)
entry 517000/7467919 (6.92295%)
entry 518000/7467919 (6.93634%)
entry 519000/7467919 (6.94973%)
entry 520000/7467919 (6.96312%)
entry 522000/7467919 (6.9899%)
entry 523000/7467919 (7.00329%)
entry 524000/7467919 (7.01668%)
entry 525000/7467919 (7.03007%)
entry 527000/7467919 (7.05685%)
entry 528000/7467919 (7.07024%)
entry 530000/7467919 (7.09702%)
entry 533000/7467919 (7.1372%)
entry 536000/7467919 (7.17737%)
entry 537000/7467919 (7.19076%)
entry 538000/7467919 (7.20415%)
entry 539000/7467919 (7.21754%)
entry 541000/7467919 (7.24432%)
entry 542000/7467919 (7.25771%)
entry 543000/7467919 (7.2711%)
entry 546000/7467919 (7.31127%)
entry 548000/7467919 (7.33806%)
entry 549000/7467919 (7.35145%)
entry 551000/7467919 (7.37823%)
entry 553000/7467919 (7.40501%)
entry 556000/7467919 (7.44518%)
entry 557000/7467919 (7.45857%)
entry 558000/7467919 (7.47196%)
entry 559000/7467919 (7.48535%)
entry 560000/7467919 (7.49874%)
entry 561000/7467919 (7.51213%)
entry 563000/7467919 (7.53891%)
entry 564000/7467919 (7.5523%)
entry 567000/7467919 (7.59248%)
entry 568000/7467919 (7.60587%)
entry 575000/7467919 (7.6996%)
entry 578000/7467919 (7.73977%)
entry 582000/7467919 (7.79334%)
entry 583000/7467919 (7.80673%)
entry 585000/7467919 (7.83351%)
entry 586000/7467919 (7.8469%)
entry 587000/7467919 (7.86029%)
entry 589000/7467919 (7.88707%)
entry 590000/7467919 (7.90046%)
entry 591000/7467919 (7.91385%)
entry 593000/7467919 (7.94063%)
entry 598000/7467919 (8.00759%)
entry 599000/7467919 (8.02098%)
entry 600000/7467919 (8.03437%)
entry 601000/7467919 (8.04776%)
entry 604000/7467919 (8.08793%)
entry 606000/7467919 (8.11471%)
entry 608000/7467919 (8.14149%)
entry 610000/7467919 (8.16827%)
entry 613000/7467919 (8.20844%)
entry 614000/7467919 (8.22184%)
entry 619000/7467919 (8.28879%)
entry 620000/7467919 (8.30218%)
entry 621000/7467919 (8.31557%)
entry 623000/7467919 (8.34235%)
entry 626000/7467919 (8.38252%)
entry 628000/7467919 (8.4093%)
entry 629000/7467919 (8.42269%)
entry 630000/7467919 (8.43609%)
entry 631000/7467919 (8.44948%)
entry 633000/7467919 (8.47626%)
entry 634000/7467919 (8.48965%)
entry 636000/7467919 (8.51643%)
entry 638000/7467919 (8.54321%)
entry 639000/7467919 (8.5566%)
entry 640000/7467919 (8.56999%)
entry 641000/7467919 (8.58338%)
entry 642000/7467919 (8.59677%)
entry 643000/7467919 (8.61016%)
entry 645000/7467919 (8.63694%)
entry 646000/7467919 (8.65033%)
entry 648000/7467919 (8.67712%)
entry 650000/7467919 (8.7039%)
entry 651000/7467919 (8.71729%)
entry 652000/7467919 (8.73068%)
entry 653000/7467919 (8.74407%)
entry 654000/7467919 (8.75746%)
entry 655000/7467919 (8.77085%)
entry 657000/7467919 (8.79763%)
entry 658000/7467919 (8.81102%)
entry 661000/7467919 (8.85119%)
entry 663000/7467919 (8.87798%)
entry 666000/7467919 (8.91815%)
entry 667000/7467919 (8.93154%)
entry 668000/7467919 (8.94493%)
entry 669000/7467919 (8.95832%)
entry 670000/7467919 (8.97171%)
entry 671000/7467919 (8.9851%)
entry 672000/7467919 (8.99849%)
entry 673000/7467919 (9.01188%)
entry 674000/7467919 (9.02527%)
entry 675000/7467919 (9.03866%)
entry 677000/7467919 (9.06544%)
entry 680000/7467919 (9.10562%)
entry 681000/7467919 (9.11901%)
entry 684000/7467919 (9.15918%)
entry 686000/7467919 (9.18596%)
entry 687000/7467919 (9.19935%)
entry 688000/7467919 (9.21274%)
entry 689000/7467919 (9.22613%)
entry 691000/7467919 (9.25291%)
entry 692000/7467919 (9.2663%)
entry 695000/7467919 (9.30647%)
entry 697000/7467919 (9.33326%)
entry 698000/7467919 (9.34665%)
entry 701000/7467919 (9.38682%)
entry 703000/7467919 (9.4136%)
entry 704000/7467919 (9.42699%)
entry 705000/7467919 (9.44038%)
entry 706000/7467919 (9.45377%)
entry 707000/7467919 (9.46716%)
entry 708000/7467919 (9.48055%)
entry 710000/7467919 (9.50733%)
entry 711000/7467919 (9.52072%)
entry 712000/7467919 (9.53412%)
entry 713000/7467919 (9.54751%)
entry 714000/7467919 (9.5609%)
entry 717000/7467919 (9.60107%)
entry 719000/7467919 (9.62785%)
entry 720000/7467919 (9.64124%)
entry 721000/7467919 (9.65463%)
entry 723000/7467919 (9.68141%)
entry 724000/7467919 (9.6948%)
entry 727000/7467919 (9.73497%)
entry 729000/7467919 (9.76176%)
entry 730000/7467919 (9.77515%)
entry 732000/7467919 (9.80193%)
entry 733000/7467919 (9.81532%)
entry 734000/7467919 (9.82871%)
entry 735000/7467919 (9.8421%)
entry 738000/7467919 (9.88227%)
entry 740000/7467919 (9.90905%)
entry 741000/7467919 (9.92244%)
entry 742000/7467919 (9.93583%)
entry 746000/7467919 (9.9894%)
entry 747000/7467919 (10.0028%)
entry 748000/7467919 (10.0162%)
entry 749000/7467919 (10.0296%)
entry 750000/7467919 (10.043%)
entry 751000/7467919 (10.0563%)
entry 752000/7467919 (10.0697%)
entry 754000/7467919 (10.0965%)
entry 755000/7467919 (10.1099%)
entry 756000/7467919 (10.1233%)
entry 757000/7467919 (10.1367%)
entry 760000/7467919 (10.1769%)
entry 761000/7467919 (10.1903%)
entry 762000/7467919 (10.2036%)
entry 764000/7467919 (10.2304%)
entry 765000/7467919 (10.2438%)
entry 768000/7467919 (10.284%)
entry 772000/7467919 (10.3376%)
entry 773000/7467919 (10.3509%)
entry 774000/7467919 (10.3643%)
entry 777000/7467919 (10.4045%)
entry 778000/7467919 (10.4179%)
entry 779000/7467919 (10.4313%)
entry 780000/7467919 (10.4447%)
entry 781000/7467919 (10.4581%)
entry 782000/7467919 (10.4715%)
entry 783000/7467919 (10.4848%)
entry 784000/7467919 (10.4982%)
entry 785000/7467919 (10.5116%)
entry 787000/7467919 (10.5384%)
entry 788000/7467919 (10.5518%)
entry 789000/7467919 (10.5652%)
entry 790000/7467919 (10.5786%)
entry 791000/7467919 (10.592%)
entry 793000/7467919 (10.6188%)
entry 796000/7467919 (10.6589%)
entry 800000/7467919 (10.7125%)
entry 802000/7467919 (10.7393%)
entry 803000/7467919 (10.7527%)
entry 804000/7467919 (10.7661%)
entry 807000/7467919 (10.8062%)
entry 810000/7467919 (10.8464%)
entry 811000/7467919 (10.8598%)
entry 812000/7467919 (10.8732%)
entry 813000/7467919 (10.8866%)
entry 814000/7467919 (10.9%)
entry 816000/7467919 (10.9267%)
entry 819000/7467919 (10.9669%)
entry 820000/7467919 (10.9803%)
entry 821000/7467919 (10.9937%)
entry 822000/7467919 (11.0071%)
entry 824000/7467919 (11.0339%)
entry 826000/7467919 (11.0606%)
entry 828000/7467919 (11.0874%)
entry 829000/7467919 (11.1008%)
entry 831000/7467919 (11.1276%)
entry 832000/7467919 (11.141%)
entry 833000/7467919 (11.1544%)
entry 834000/7467919 (11.1678%)
entry 835000/7467919 (11.1812%)
entry 836000/7467919 (11.1946%)
entry 837000/7467919 (11.2079%)
entry 838000/7467919 (11.2213%)
entry 839000/7467919 (11.2347%)
entry 841000/7467919 (11.2615%)
entry 842000/7467919 (11.2749%)
entry 843000/7467919 (11.2883%)
entry 844000/7467919 (11.3017%)
entry 845000/7467919 (11.3151%)
entry 846000/7467919 (11.3285%)
entry 847000/7467919 (11.3418%)
entry 848000/7467919 (11.3552%)
entry 850000/7467919 (11.382%)
entry 851000/7467919 (11.3954%)
entry 852000/7467919 (11.4088%)
entry 853000/7467919 (11.4222%)
entry 857000/7467919 (11.4758%)
entry 859000/7467919 (11.5025%)
entry 860000/7467919 (11.5159%)
entry 861000/7467919 (11.5293%)
entry 862000/7467919 (11.5427%)
entry 865000/7467919 (11.5829%)
entry 866000/7467919 (11.5963%)
entry 867000/7467919 (11.6097%)
entry 870000/7467919 (11.6498%)
entry 871000/7467919 (11.6632%)
entry 872000/7467919 (11.6766%)
entry 873000/7467919 (11.69%)
entry 875000/7467919 (11.7168%)
entry 879000/7467919 (11.7703%)
entry 880000/7467919 (11.7837%)
entry 881000/7467919 (11.7971%)
entry 882000/7467919 (11.8105%)
entry 883000/7467919 (11.8239%)
entry 886000/7467919 (11.8641%)
entry 887000/7467919 (11.8775%)
entry 889000/7467919 (11.9043%)
entry 890000/7467919 (11.9176%)
entry 891000/7467919 (11.931%)
entry 892000/7467919 (11.9444%)
entry 895000/7467919 (11.9846%)
entry 896000/7467919 (11.998%)
entry 897000/7467919 (12.0114%)
entry 898000/7467919 (12.0248%)
entry 902000/7467919 (12.0783%)
entry 904000/7467919 (12.1051%)
entry 906000/7467919 (12.1319%)
entry 907000/7467919 (12.1453%)
entry 909000/7467919 (12.1721%)
entry 910000/7467919 (12.1855%)
entry 911000/7467919 (12.1988%)
entry 912000/7467919 (12.2122%)
entry 914000/7467919 (12.239%)
entry 917000/7467919 (12.2792%)
entry 918000/7467919 (12.2926%)
entry 920000/7467919 (12.3194%)
entry 921000/7467919 (12.3328%)
entry 923000/7467919 (12.3595%)
entry 925000/7467919 (12.3863%)
entry 926000/7467919 (12.3997%)
entry 927000/7467919 (12.4131%)
entry 928000/7467919 (12.4265%)
entry 929000/7467919 (12.4399%)
entry 930000/7467919 (12.4533%)
entry 931000/7467919 (12.4667%)
entry 934000/7467919 (12.5068%)
entry 935000/7467919 (12.5202%)
entry 939000/7467919 (12.5738%)
entry 941000/7467919 (12.6006%)
entry 942000/7467919 (12.614%)
entry 944000/7467919 (12.6407%)
entry 946000/7467919 (12.6675%)
entry 948000/7467919 (12.6943%)
entry 949000/7467919 (12.7077%)
entry 951000/7467919 (12.7345%)
entry 952000/7467919 (12.7479%)
entry 953000/7467919 (12.7613%)
entry 957000/7467919 (12.8148%)
entry 958000/7467919 (12.8282%)
entry 960000/7467919 (12.855%)
entry 961000/7467919 (12.8684%)
entry 962000/7467919 (12.8818%)
entry 964000/7467919 (12.9085%)
entry 965000/7467919 (12.9219%)
entry 967000/7467919 (12.9487%)
entry 969000/7467919 (12.9755%)
entry 970000/7467919 (12.9889%)
entry 971000/7467919 (13.0023%)
entry 972000/7467919 (13.0157%)
entry 973000/7467919 (13.0291%)
entry 976000/7467919 (13.0692%)
entry 977000/7467919 (13.0826%)
entry 980000/7467919 (13.1228%)
entry 982000/7467919 (13.1496%)
entry 983000/7467919 (13.163%)
entry 984000/7467919 (13.1764%)
entry 986000/7467919 (13.2031%)
entry 989000/7467919 (13.2433%)
entry 990000/7467919 (13.2567%)
entry 991000/7467919 (13.2701%)
entry 992000/7467919 (13.2835%)
entry 993000/7467919 (13.2969%)
entry 994000/7467919 (13.3103%)
entry 995000/7467919 (13.3237%)
entry 997000/7467919 (13.3504%)
entry 1000000/7467919 (13.3906%)
entry 1001000/7467919 (13.404%)
entry 1002000/7467919 (13.4174%)
entry 1005000/7467919 (13.4576%)
entry 1006000/7467919 (13.471%)
entry 1007000/7467919 (13.4843%)
entry 1010000/7467919 (13.5245%)
entry 1011000/7467919 (13.5379%)
entry 1014000/7467919 (13.5781%)
entry 1015000/7467919 (13.5915%)
entry 1016000/7467919 (13.6049%)
entry 1017000/7467919 (13.6183%)
entry 1018000/7467919 (13.6316%)
entry 1019000/7467919 (13.645%)
entry 1020000/7467919 (13.6584%)
entry 1021000/7467919 (13.6718%)
entry 1022000/7467919 (13.6852%)
entry 1024000/7467919 (13.712%)
entry 1025000/7467919 (13.7254%)
entry 1026000/7467919 (13.7388%)
entry 1027000/7467919 (13.7522%)
entry 1028000/7467919 (13.7655%)
entry 1029000/7467919 (13.7789%)
entry 1032000/7467919 (13.8191%)
entry 1034000/7467919 (13.8459%)
entry 1035000/7467919 (13.8593%)
entry 1036000/7467919 (13.8727%)
entry 1037000/7467919 (13.8861%)
entry 1039000/7467919 (13.9128%)
entry 1043000/7467919 (13.9664%)
entry 1044000/7467919 (13.9798%)
entry 1048000/7467919 (14.0334%)
entry 1049000/7467919 (14.0468%)
entry 1051000/7467919 (14.0735%)
entry 1053000/7467919 (14.1003%)
entry 1054000/7467919 (14.1137%)
entry 1055000/7467919 (14.1271%)
entry 1056000/7467919 (14.1405%)
entry 1057000/7467919 (14.1539%)
entry 1058000/7467919 (14.1673%)
entry 1060000/7467919 (14.194%)
entry 1061000/7467919 (14.2074%)
entry 1062000/7467919 (14.2208%)
entry 1063000/7467919 (14.2342%)
entry 1064000/7467919 (14.2476%)
entry 1066000/7467919 (14.2744%)
entry 1067000/7467919 (14.2878%)
entry 1068000/7467919 (14.3012%)
entry 1069000/7467919 (14.3146%)
entry 1071000/7467919 (14.3413%)
entry 1072000/7467919 (14.3547%)
entry 1074000/7467919 (14.3815%)
entry 1075000/7467919 (14.3949%)
entry 1076000/7467919 (14.4083%)
entry 1084000/7467919 (14.5154%)
entry 1085000/7467919 (14.5288%)
entry 1087000/7467919 (14.5556%)
entry 1089000/7467919 (14.5824%)
entry 1093000/7467919 (14.6359%)
entry 1094000/7467919 (14.6493%)
entry 1095000/7467919 (14.6627%)
entry 1096000/7467919 (14.6761%)
entry 1098000/7467919 (14.7029%)
entry 1100000/7467919 (14.7297%)
entry 1101000/7467919 (14.7431%)
entry 1102000/7467919 (14.7565%)
entry 1104000/7467919 (14.7832%)
entry 1106000/7467919 (14.81%)
entry 1107000/7467919 (14.8234%)
entry 1108000/7467919 (14.8368%)
entry 1109000/7467919 (14.8502%)
entry 1111000/7467919 (14.877%)
entry 1115000/7467919 (14.9305%)
entry 1117000/7467919 (14.9573%)
entry 1118000/7467919 (14.9707%)
entry 1119000/7467919 (14.9841%)
entry 1120000/7467919 (14.9975%)
entry 1121000/7467919 (15.0109%)
entry 1122000/7467919 (15.0243%)
entry 1123000/7467919 (15.0377%)
entry 1124000/7467919 (15.051%)
entry 1125000/7467919 (15.0644%)
entry 1126000/7467919 (15.0778%)
entry 1127000/7467919 (15.0912%)
entry 1129000/7467919 (15.118%)
entry 1130000/7467919 (15.1314%)
entry 1131000/7467919 (15.1448%)
entry 1133000/7467919 (15.1716%)
entry 1134000/7467919 (15.185%)
entry 1135000/7467919 (15.1983%)
entry 1137000/7467919 (15.2251%)
entry 1138000/7467919 (15.2385%)
entry 1140000/7467919 (15.2653%)
entry 1141000/7467919 (15.2787%)
entry 1142000/7467919 (15.2921%)
entry 1143000/7467919 (15.3055%)
entry 1147000/7467919 (15.359%)
entry 1148000/7467919 (15.3724%)
entry 1149000/7467919 (15.3858%)
entry 1155000/7467919 (15.4662%)
entry 1156000/7467919 (15.4795%)
entry 1157000/7467919 (15.4929%)
entry 1159000/7467919 (15.5197%)
entry 1160000/7467919 (15.5331%)
entry 1163000/7467919 (15.5733%)
entry 1165000/7467919 (15.6001%)
entry 1166000/7467919 (15.6135%)
entry 1167000/7467919 (15.6268%)
entry 1168000/7467919 (15.6402%)
entry 1169000/7467919 (15.6536%)
entry 1170000/7467919 (15.667%)
entry 1172000/7467919 (15.6938%)
entry 1173000/7467919 (15.7072%)
entry 1174000/7467919 (15.7206%)
entry 1177000/7467919 (15.7607%)
entry 1180000/7467919 (15.8009%)
entry 1182000/7467919 (15.8277%)
entry 1186000/7467919 (15.8813%)
entry 1190000/7467919 (15.9348%)
entry 1194000/7467919 (15.9884%)
entry 1195000/7467919 (16.0018%)
entry 1196000/7467919 (16.0152%)
entry 1197000/7467919 (16.0286%)
entry 1199000/7467919 (16.0553%)
entry 1200000/7467919 (16.0687%)
entry 1201000/7467919 (16.0821%)
entry 1202000/7467919 (16.0955%)
entry 1205000/7467919 (16.1357%)
entry 1206000/7467919 (16.1491%)
entry 1208000/7467919 (16.1759%)
entry 1211000/7467919 (16.216%)
entry 1212000/7467919 (16.2294%)
entry 1214000/7467919 (16.2562%)
entry 1215000/7467919 (16.2696%)
entry 1216000/7467919 (16.283%)
entry 1217000/7467919 (16.2964%)
entry 1218000/7467919 (16.3098%)
entry 1220000/7467919 (16.3365%)
entry 1221000/7467919 (16.3499%)
entry 1222000/7467919 (16.3633%)
entry 1223000/7467919 (16.3767%)
entry 1225000/7467919 (16.4035%)
entry 1226000/7467919 (16.4169%)
entry 1227000/7467919 (16.4303%)
entry 1228000/7467919 (16.4437%)
entry 1231000/7467919 (16.4838%)
entry 1232000/7467919 (16.4972%)
entry 1234000/7467919 (16.524%)
entry 1236000/7467919 (16.5508%)
entry 1237000/7467919 (16.5642%)
entry 1238000/7467919 (16.5776%)
entry 1239000/7467919 (16.591%)
entry 1240000/7467919 (16.6044%)
entry 1241000/7467919 (16.6177%)
entry 1243000/7467919 (16.6445%)
entry 1244000/7467919 (16.6579%)
entry 1245000/7467919 (16.6713%)
entry 1247000/7467919 (16.6981%)
entry 1248000/7467919 (16.7115%)
entry 1250000/7467919 (16.7383%)
entry 1253000/7467919 (16.7784%)
entry 1254000/7467919 (16.7918%)
entry 1255000/7467919 (16.8052%)
entry 1256000/7467919 (16.8186%)
entry 1259000/7467919 (16.8588%)
entry 1260000/7467919 (16.8722%)
entry 1261000/7467919 (16.8856%)
entry 1262000/7467919 (16.899%)
entry 1263000/7467919 (16.9123%)
entry 1264000/7467919 (16.9257%)
entry 1265000/7467919 (16.9391%)
entry 1268000/7467919 (16.9793%)
entry 1269000/7467919 (16.9927%)
entry 1271000/7467919 (17.0195%)
entry 1273000/7467919 (17.0462%)
entry 1275000/7467919 (17.073%)
entry 1276000/7467919 (17.0864%)
entry 1277000/7467919 (17.0998%)
entry 1278000/7467919 (17.1132%)
entry 1279000/7467919 (17.1266%)
entry 1280000/7467919 (17.14%)
entry 1281000/7467919 (17.1534%)
entry 1282000/7467919 (17.1668%)
entry 1285000/7467919 (17.2069%)
entry 1286000/7467919 (17.2203%)
entry 1288000/7467919 (17.2471%)
entry 1289000/7467919 (17.2605%)
entry 1290000/7467919 (17.2739%)
entry 1292000/7467919 (17.3007%)
entry 1294000/7467919 (17.3275%)
entry 1295000/7467919 (17.3408%)
entry 1296000/7467919 (17.3542%)
entry 1298000/7467919 (17.381%)
entry 1299000/7467919 (17.3944%)
entry 1300000/7467919 (17.4078%)
entry 1301000/7467919 (17.4212%)
entry 1305000/7467919 (17.4747%)
entry 1307000/7467919 (17.5015%)
entry 1308000/7467919 (17.5149%)
entry 1309000/7467919 (17.5283%)
entry 1310000/7467919 (17.5417%)
entry 1311000/7467919 (17.5551%)
entry 1313000/7467919 (17.5819%)
entry 1315000/7467919 (17.6087%)
entry 1316000/7467919 (17.622%)
entry 1317000/7467919 (17.6354%)
entry 1321000/7467919 (17.689%)
entry 1322000/7467919 (17.7024%)
entry 1324000/7467919 (17.7292%)
entry 1326000/7467919 (17.756%)
entry 1328000/7467919 (17.7827%)
entry 1329000/7467919 (17.7961%)
entry 1330000/7467919 (17.8095%)
entry 1331000/7467919 (17.8229%)
entry 1333000/7467919 (17.8497%)
entry 1334000/7467919 (17.8631%)
entry 1335000/7467919 (17.8765%)
entry 1339000/7467919 (17.93%)
entry 1340000/7467919 (17.9434%)
entry 1341000/7467919 (17.9568%)
entry 1342000/7467919 (17.9702%)
entry 1343000/7467919 (17.9836%)
entry 1345000/7467919 (18.0104%)
entry 1347000/7467919 (18.0372%)
entry 1348000/7467919 (18.0505%)
entry 1350000/7467919 (18.0773%)
entry 1351000/7467919 (18.0907%)
entry 1352000/7467919 (18.1041%)
entry 1353000/7467919 (18.1175%)
entry 1354000/7467919 (18.1309%)
entry 1355000/7467919 (18.1443%)
entry 1357000/7467919 (18.1711%)
entry 1358000/7467919 (18.1845%)
entry 1359000/7467919 (18.1978%)
entry 1360000/7467919 (18.2112%)
entry 1362000/7467919 (18.238%)
entry 1363000/7467919 (18.2514%)
entry 1364000/7467919 (18.2648%)
entry 1365000/7467919 (18.2782%)
entry 1366000/7467919 (18.2916%)
entry 1368000/7467919 (18.3184%)
entry 1369000/7467919 (18.3317%)
entry 1371000/7467919 (18.3585%)
entry 1373000/7467919 (18.3853%)
entry 1374000/7467919 (18.3987%)
entry 1375000/7467919 (18.4121%)
entry 1377000/7467919 (18.4389%)
entry 1378000/7467919 (18.4523%)
entry 1381000/7467919 (18.4924%)
entry 1383000/7467919 (18.5192%)
entry 1384000/7467919 (18.5326%)
entry 1388000/7467919 (18.5862%)
entry 1389000/7467919 (18.5996%)
entry 1390000/7467919 (18.6129%)
entry 1391000/7467919 (18.6263%)
entry 1393000/7467919 (18.6531%)
entry 1395000/7467919 (18.6799%)
entry 1396000/7467919 (18.6933%)
entry 1398000/7467919 (18.7201%)
entry 1401000/7467919 (18.7602%)
entry 1403000/7467919 (18.787%)
entry 1404000/7467919 (18.8004%)
entry 1406000/7467919 (18.8272%)
entry 1407000/7467919 (18.8406%)
entry 1408000/7467919 (18.854%)
entry 1409000/7467919 (18.8674%)
entry 1410000/7467919 (18.8808%)
entry 1411000/7467919 (18.8942%)
entry 1412000/7467919 (18.9075%)
entry 1413000/7467919 (18.9209%)
entry 1414000/7467919 (18.9343%)
entry 1415000/7467919 (18.9477%)
entry 1417000/7467919 (18.9745%)
entry 1418000/7467919 (18.9879%)
entry 1419000/7467919 (19.0013%)
entry 1420000/7467919 (19.0147%)
entry 1421000/7467919 (19.0281%)
entry 1422000/7467919 (19.0414%)
entry 1423000/7467919 (19.0548%)
entry 1424000/7467919 (19.0682%)
entry 1426000/7467919 (19.095%)
entry 1427000/7467919 (19.1084%)
entry 1428000/7467919 (19.1218%)
entry 1429000/7467919 (19.1352%)
entry 1431000/7467919 (19.162%)
entry 1432000/7467919 (19.1754%)
entry 1435000/7467919 (19.2155%)
entry 1436000/7467919 (19.2289%)
entry 1437000/7467919 (19.2423%)
entry 1439000/7467919 (19.2691%)
entry 1441000/7467919 (19.2959%)
entry 1442000/7467919 (19.3093%)
entry 1444000/7467919 (19.336%)
entry 1445000/7467919 (19.3494%)
entry 1446000/7467919 (19.3628%)
entry 1449000/7467919 (19.403%)
entry 1450000/7467919 (19.4164%)
entry 1451000/7467919 (19.4298%)
entry 1453000/7467919 (19.4566%)
entry 1455000/7467919 (19.4833%)
entry 1456000/7467919 (19.4967%)
entry 1457000/7467919 (19.5101%)
entry 1460000/7467919 (19.5503%)
entry 1461000/7467919 (19.5637%)
entry 1462000/7467919 (19.5771%)
entry 1465000/7467919 (19.6172%)
entry 1466000/7467919 (19.6306%)
entry 1468000/7467919 (19.6574%)
entry 1471000/7467919 (19.6976%)
entry 1473000/7467919 (19.7244%)
entry 1474000/7467919 (19.7378%)
entry 1477000/7467919 (19.7779%)
entry 1478000/7467919 (19.7913%)
entry 1479000/7467919 (19.8047%)
entry 1480000/7467919 (19.8181%)
entry 1483000/7467919 (19.8583%)
entry 1484000/7467919 (19.8717%)
entry 1486000/7467919 (19.8984%)
entry 1487000/7467919 (19.9118%)
entry 1488000/7467919 (19.9252%)
entry 1489000/7467919 (19.9386%)
entry 1490000/7467919 (19.952%)
entry 1493000/7467919 (19.9922%)
entry 1494000/7467919 (20.0056%)
entry 1496000/7467919 (20.0324%)
entry 1497000/7467919 (20.0457%)
entry 1499000/7467919 (20.0725%)
entry 1501000/7467919 (20.0993%)
entry 1504000/7467919 (20.1395%)
entry 1505000/7467919 (20.1529%)
entry 1506000/7467919 (20.1663%)
entry 1507000/7467919 (20.1797%)
entry 1508000/7467919 (20.193%)
entry 1509000/7467919 (20.2064%)
entry 1510000/7467919 (20.2198%)
entry 1512000/7467919 (20.2466%)
entry 1513000/7467919 (20.26%)
entry 1515000/7467919 (20.2868%)
entry 1516000/7467919 (20.3002%)
entry 1517000/7467919 (20.3136%)
entry 1518000/7467919 (20.3269%)
entry 1519000/7467919 (20.3403%)
entry 1520000/7467919 (20.3537%)
entry 1521000/7467919 (20.3671%)
entry 1523000/7467919 (20.3939%)
entry 1524000/7467919 (20.4073%)
entry 1525000/7467919 (20.4207%)
entry 1528000/7467919 (20.4609%)
entry 1529000/7467919 (20.4742%)
entry 1530000/7467919 (20.4876%)
entry 1531000/7467919 (20.501%)
entry 1533000/7467919 (20.5278%)
entry 1534000/7467919 (20.5412%)
entry 1537000/7467919 (20.5814%)
entry 1538000/7467919 (20.5948%)
entry 1539000/7467919 (20.6082%)
entry 1542000/7467919 (20.6483%)
entry 1543000/7467919 (20.6617%)
entry 1544000/7467919 (20.6751%)
entry 1545000/7467919 (20.6885%)
entry 1547000/7467919 (20.7153%)
entry 1548000/7467919 (20.7287%)
entry 1549000/7467919 (20.7421%)
entry 1550000/7467919 (20.7554%)
entry 1552000/7467919 (20.7822%)
entry 1553000/7467919 (20.7956%)
entry 1554000/7467919 (20.809%)
entry 1556000/7467919 (20.8358%)
entry 1557000/7467919 (20.8492%)
entry 1558000/7467919 (20.8626%)
entry 1560000/7467919 (20.8894%)
entry 1561000/7467919 (20.9027%)
entry 1562000/7467919 (20.9161%)
entry 1564000/7467919 (20.9429%)
entry 1568000/7467919 (20.9965%)
entry 1569000/7467919 (21.0099%)
entry 1570000/7467919 (21.0233%)
entry 1571000/7467919 (21.0367%)
entry 1572000/7467919 (21.05%)
entry 1574000/7467919 (21.0768%)
entry 1577000/7467919 (21.117%)
entry 1578000/7467919 (21.1304%)
entry 1581000/7467919 (21.1706%)
entry 1582000/7467919 (21.1839%)
entry 1583000/7467919 (21.1973%)
entry 1584000/7467919 (21.2107%)
entry 1586000/7467919 (21.2375%)
entry 1588000/7467919 (21.2643%)
entry 1589000/7467919 (21.2777%)
entry 1590000/7467919 (21.2911%)
entry 1591000/7467919 (21.3045%)
entry 1593000/7467919 (21.3312%)
entry 1594000/7467919 (21.3446%)
entry 1595000/7467919 (21.358%)
entry 1600000/7467919 (21.425%)
entry 1601000/7467919 (21.4384%)
entry 1605000/7467919 (21.4919%)
entry 1607000/7467919 (21.5187%)
entry 1608000/7467919 (21.5321%)
entry 1609000/7467919 (21.5455%)
entry 1610000/7467919 (21.5589%)
entry 1611000/7467919 (21.5723%)
entry 1613000/7467919 (21.5991%)
entry 1614000/7467919 (21.6124%)
entry 1616000/7467919 (21.6392%)
entry 1617000/7467919 (21.6526%)
entry 1618000/7467919 (21.666%)
entry 1619000/7467919 (21.6794%)
entry 1621000/7467919 (21.7062%)
entry 1622000/7467919 (21.7196%)
entry 1623000/7467919 (21.733%)
entry 1625000/7467919 (21.7597%)
entry 1626000/7467919 (21.7731%)
entry 1627000/7467919 (21.7865%)
entry 1628000/7467919 (21.7999%)
entry 1629000/7467919 (21.8133%)
entry 1630000/7467919 (21.8267%)
entry 1631000/7467919 (21.8401%)
entry 1632000/7467919 (21.8535%)
entry 1634000/7467919 (21.8803%)
entry 1635000/7467919 (21.8936%)
entry 1638000/7467919 (21.9338%)
entry 1639000/7467919 (21.9472%)
entry 1641000/7467919 (21.974%)
entry 1644000/7467919 (22.0142%)
entry 1646000/7467919 (22.0409%)
entry 1647000/7467919 (22.0543%)
entry 1648000/7467919 (22.0677%)
entry 1649000/7467919 (22.0811%)
entry 1650000/7467919 (22.0945%)
entry 1651000/7467919 (22.1079%)
entry 1653000/7467919 (22.1347%)
entry 1655000/7467919 (22.1615%)
entry 1656000/7467919 (22.1749%)
entry 1657000/7467919 (22.1882%)
entry 1658000/7467919 (22.2016%)
entry 1662000/7467919 (22.2552%)
entry 1665000/7467919 (22.2954%)
entry 1668000/7467919 (22.3355%)
entry 1669000/7467919 (22.3489%)
entry 1670000/7467919 (22.3623%)
entry 1674000/7467919 (22.4159%)
entry 1679000/7467919 (22.4828%)
entry 1680000/7467919 (22.4962%)
entry 1681000/7467919 (22.5096%)
entry 1682000/7467919 (22.523%)
entry 1684000/7467919 (22.5498%)
entry 1686000/7467919 (22.5766%)
entry 1687000/7467919 (22.59%)
entry 1688000/7467919 (22.6034%)
entry 1689000/7467919 (22.6167%)
entry 1692000/7467919 (22.6569%)
entry 1694000/7467919 (22.6837%)
entry 1695000/7467919 (22.6971%)
entry 1698000/7467919 (22.7373%)
entry 1699000/7467919 (22.7506%)
entry 1700000/7467919 (22.764%)
entry 1701000/7467919 (22.7774%)
entry 1702000/7467919 (22.7908%)
entry 1703000/7467919 (22.8042%)
entry 1704000/7467919 (22.8176%)
entry 1705000/7467919 (22.831%)
entry 1706000/7467919 (22.8444%)
entry 1708000/7467919 (22.8712%)
entry 1712000/7467919 (22.9247%)
entry 1714000/7467919 (22.9515%)
entry 1715000/7467919 (22.9649%)
entry 1716000/7467919 (22.9783%)
entry 1720000/7467919 (23.0319%)
entry 1721000/7467919 (23.0452%)
entry 1722000/7467919 (23.0586%)
entry 1725000/7467919 (23.0988%)
entry 1726000/7467919 (23.1122%)
entry 1727000/7467919 (23.1256%)
entry 1728000/7467919 (23.139%)
entry 1729000/7467919 (23.1524%)
entry 1730000/7467919 (23.1658%)
entry 1732000/7467919 (23.1925%)
entry 1733000/7467919 (23.2059%)
entry 1735000/7467919 (23.2327%)
entry 1736000/7467919 (23.2461%)
entry 1738000/7467919 (23.2729%)
entry 1739000/7467919 (23.2863%)
entry 1740000/7467919 (23.2997%)
entry 1743000/7467919 (23.3398%)
entry 1744000/7467919 (23.3532%)
entry 1745000/7467919 (23.3666%)
entry 1746000/7467919 (23.38%)
entry 1747000/7467919 (23.3934%)
entry 1748000/7467919 (23.4068%)
entry 1749000/7467919 (23.4202%)
entry 1750000/7467919 (23.4336%)
entry 1752000/7467919 (23.4604%)
entry 1753000/7467919 (23.4737%)
entry 1754000/7467919 (23.4871%)
entry 1755000/7467919 (23.5005%)
entry 1758000/7467919 (23.5407%)
entry 1759000/7467919 (23.5541%)
entry 1760000/7467919 (23.5675%)
entry 1761000/7467919 (23.5809%)
entry 1762000/7467919 (23.5943%)
entry 1763000/7467919 (23.6076%)
entry 1765000/7467919 (23.6344%)
entry 1766000/7467919 (23.6478%)
entry 1767000/7467919 (23.6612%)
entry 1773000/7467919 (23.7416%)
entry 1775000/7467919 (23.7683%)
entry 1776000/7467919 (23.7817%)
entry 1779000/7467919 (23.8219%)
entry 1780000/7467919 (23.8353%)
entry 1781000/7467919 (23.8487%)
entry 1784000/7467919 (23.8889%)
entry 1785000/7467919 (23.9022%)
entry 1788000/7467919 (23.9424%)
entry 1789000/7467919 (23.9558%)
entry 1791000/7467919 (23.9826%)
entry 1793000/7467919 (24.0094%)
entry 1798000/7467919 (24.0763%)
entry 1801000/7467919 (24.1165%)
entry 1802000/7467919 (24.1299%)
entry 1804000/7467919 (24.1567%)
entry 1807000/7467919 (24.1968%)
entry 1808000/7467919 (24.2102%)
entry 1812000/7467919 (24.2638%)
entry 1813000/7467919 (24.2772%)
entry 1814000/7467919 (24.2906%)
entry 1815000/7467919 (24.304%)
entry 1816000/7467919 (24.3173%)
entry 1817000/7467919 (24.3307%)
entry 1819000/7467919 (24.3575%)
entry 1820000/7467919 (24.3709%)
entry 1823000/7467919 (24.4111%)
entry 1825000/7467919 (24.4379%)
entry 1826000/7467919 (24.4513%)
entry 1828000/7467919 (24.478%)
entry 1829000/7467919 (24.4914%)
entry 1830000/7467919 (24.5048%)
entry 1831000/7467919 (24.5182%)
entry 1833000/7467919 (24.545%)
entry 1834000/7467919 (24.5584%)
entry 1835000/7467919 (24.5718%)
entry 1836000/7467919 (24.5852%)
entry 1837000/7467919 (24.5986%)
entry 1838000/7467919 (24.6119%)
entry 1840000/7467919 (24.6387%)
entry 1841000/7467919 (24.6521%)
entry 1842000/7467919 (24.6655%)
entry 1843000/7467919 (24.6789%)
entry 1847000/7467919 (24.7325%)
entry 1848000/7467919 (24.7459%)
entry 1849000/7467919 (24.7592%)
entry 1850000/7467919 (24.7726%)
entry 1851000/7467919 (24.786%)
entry 1852000/7467919 (24.7994%)
entry 1853000/7467919 (24.8128%)
entry 1854000/7467919 (24.8262%)
entry 1855000/7467919 (24.8396%)
entry 1857000/7467919 (24.8664%)
entry 1859000/7467919 (24.8931%)
entry 1860000/7467919 (24.9065%)
entry 1861000/7467919 (24.9199%)
entry 1866000/7467919 (24.9869%)
entry 1868000/7467919 (25.0137%)
entry 1870000/7467919 (25.0404%)
entry 1872000/7467919 (25.0672%)
entry 1875000/7467919 (25.1074%)
entry 1876000/7467919 (25.1208%)
entry 1877000/7467919 (25.1342%)
entry 1878000/7467919 (25.1476%)
entry 1879000/7467919 (25.161%)
entry 1881000/7467919 (25.1877%)
entry 1882000/7467919 (25.2011%)
entry 1883000/7467919 (25.2145%)
entry 1885000/7467919 (25.2413%)
entry 1888000/7467919 (25.2815%)
entry 1889000/7467919 (25.2949%)
entry 1890000/7467919 (25.3083%)
entry 1891000/7467919 (25.3216%)
entry 1892000/7467919 (25.335%)
entry 1893000/7467919 (25.3484%)
entry 1894000/7467919 (25.3618%)
entry 1895000/7467919 (25.3752%)
entry 1896000/7467919 (25.3886%)
entry 1897000/7467919 (25.402%)
entry 1898000/7467919 (25.4154%)
entry 1900000/7467919 (25.4422%)
entry 1901000/7467919 (25.4556%)
entry 1902000/7467919 (25.4689%)
entry 1903000/7467919 (25.4823%)
entry 1905000/7467919 (25.5091%)
entry 1906000/7467919 (25.5225%)
entry 1907000/7467919 (25.5359%)
entry 1909000/7467919 (25.5627%)
entry 1913000/7467919 (25.6162%)
entry 1914000/7467919 (25.6296%)
entry 1915000/7467919 (25.643%)
entry 1917000/7467919 (25.6698%)
entry 1920000/7467919 (25.71%)
entry 1923000/7467919 (25.7501%)
entry 1924000/7467919 (25.7635%)
entry 1925000/7467919 (25.7769%)
entry 1926000/7467919 (25.7903%)
entry 1927000/7467919 (25.8037%)
entry 1930000/7467919 (25.8439%)
entry 1934000/7467919 (25.8974%)
entry 1935000/7467919 (25.9108%)
entry 1936000/7467919 (25.9242%)
entry 1937000/7467919 (25.9376%)
entry 1938000/7467919 (25.951%)
entry 1939000/7467919 (25.9644%)
entry 1940000/7467919 (25.9778%)
entry 1942000/7467919 (26.0046%)
entry 1943000/7467919 (26.018%)
entry 1944000/7467919 (26.0313%)
entry 1946000/7467919 (26.0581%)
entry 1947000/7467919 (26.0715%)
entry 1949000/7467919 (26.0983%)
entry 1953000/7467919 (26.1519%)
entry 1954000/7467919 (26.1653%)
entry 1955000/7467919 (26.1786%)
entry 1956000/7467919 (26.192%)
entry 1957000/7467919 (26.2054%)
entry 1959000/7467919 (26.2322%)
entry 1961000/7467919 (26.259%)
entry 1962000/7467919 (26.2724%)
entry 1964000/7467919 (26.2992%)
entry 1966000/7467919 (26.3259%)
entry 1967000/7467919 (26.3393%)
entry 1968000/7467919 (26.3527%)
entry 1970000/7467919 (26.3795%)
entry 1972000/7467919 (26.4063%)
entry 1973000/7467919 (26.4197%)
entry 1974000/7467919 (26.4331%)
entry 1976000/7467919 (26.4598%)
entry 1977000/7467919 (26.4732%)
entry 1978000/7467919 (26.4866%)
entry 1979000/7467919 (26.5%)
entry 1981000/7467919 (26.5268%)
entry 1982000/7467919 (26.5402%)
entry 1983000/7467919 (26.5536%)
entry 1986000/7467919 (26.5938%)
entry 1987000/7467919 (26.6071%)
entry 1989000/7467919 (26.6339%)
entry 1993000/7467919 (26.6875%)
entry 1994000/7467919 (26.7009%)
entry 1995000/7467919 (26.7143%)
entry 1996000/7467919 (26.7277%)
entry 1997000/7467919 (26.7411%)
entry 1998000/7467919 (26.7544%)
entry 1999000/7467919 (26.7678%)
entry 2000000/7467919 (26.7812%)
entry 2002000/7467919 (26.808%)
entry 2003000/7467919 (26.8214%)
entry 2004000/7467919 (26.8348%)
entry 2005000/7467919 (26.8482%)
entry 2007000/7467919 (26.875%)
entry 2008000/7467919 (26.8883%)
entry 2009000/7467919 (26.9017%)
entry 2010000/7467919 (26.9151%)
entry 2011000/7467919 (26.9285%)
entry 2015000/7467919 (26.9821%)
entry 2016000/7467919 (26.9955%)
entry 2018000/7467919 (27.0223%)
entry 2019000/7467919 (27.0356%)
entry 2020000/7467919 (27.049%)
entry 2021000/7467919 (27.0624%)
entry 2022000/7467919 (27.0758%)
entry 2024000/7467919 (27.1026%)
entry 2025000/7467919 (27.116%)
entry 2026000/7467919 (27.1294%)
entry 2028000/7467919 (27.1562%)
entry 2029000/7467919 (27.1695%)
entry 2030000/7467919 (27.1829%)
entry 2031000/7467919 (27.1963%)
entry 2033000/7467919 (27.2231%)
entry 2035000/7467919 (27.2499%)
entry 2036000/7467919 (27.2633%)
entry 2037000/7467919 (27.2767%)
entry 2038000/7467919 (27.2901%)
entry 2040000/7467919 (27.3168%)
entry 2042000/7467919 (27.3436%)
entry 2044000/7467919 (27.3704%)
entry 2045000/7467919 (27.3838%)
entry 2046000/7467919 (27.3972%)
entry 2047000/7467919 (27.4106%)
entry 2049000/7467919 (27.4374%)
entry 2050000/7467919 (27.4508%)
entry 2052000/7467919 (27.4775%)
entry 2054000/7467919 (27.5043%)
entry 2056000/7467919 (27.5311%)
entry 2059000/7467919 (27.5713%)
entry 2060000/7467919 (27.5847%)
entry 2061000/7467919 (27.5981%)
entry 2062000/7467919 (27.6114%)
entry 2063000/7467919 (27.6248%)
entry 2064000/7467919 (27.6382%)
entry 2066000/7467919 (27.665%)
entry 2067000/7467919 (27.6784%)
entry 2068000/7467919 (27.6918%)
entry 2069000/7467919 (27.7052%)
entry 2070000/7467919 (27.7186%)
entry 2073000/7467919 (27.7587%)
entry 2074000/7467919 (27.7721%)
entry 2075000/7467919 (27.7855%)
entry 2076000/7467919 (27.7989%)
entry 2077000/7467919 (27.8123%)
entry 2078000/7467919 (27.8257%)
entry 2079000/7467919 (27.8391%)
entry 2080000/7467919 (27.8525%)
entry 2082000/7467919 (27.8793%)
entry 2083000/7467919 (27.8926%)
entry 2085000/7467919 (27.9194%)
entry 2086000/7467919 (27.9328%)
entry 2087000/7467919 (27.9462%)
entry 2088000/7467919 (27.9596%)
entry 2089000/7467919 (27.973%)
entry 2090000/7467919 (27.9864%)
entry 2091000/7467919 (27.9998%)
entry 2093000/7467919 (28.0265%)
entry 2094000/7467919 (28.0399%)
entry 2096000/7467919 (28.0667%)
entry 2097000/7467919 (28.0801%)
entry 2099000/7467919 (28.1069%)
entry 2100000/7467919 (28.1203%)
entry 2101000/7467919 (28.1337%)
entry 2104000/7467919 (28.1738%)
entry 2105000/7467919 (28.1872%)
entry 2106000/7467919 (28.2006%)
entry 2107000/7467919 (28.214%)
entry 2108000/7467919 (28.2274%)
entry 2109000/7467919 (28.2408%)
entry 2112000/7467919 (28.281%)
entry 2113000/7467919 (28.2944%)
entry 2115000/7467919 (28.3211%)
entry 2118000/7467919 (28.3613%)
entry 2119000/7467919 (28.3747%)
entry 2123000/7467919 (28.4283%)
entry 2129000/7467919 (28.5086%)
entry 2130000/7467919 (28.522%)
entry 2131000/7467919 (28.5354%)
entry 2132000/7467919 (28.5488%)
entry 2133000/7467919 (28.5622%)
entry 2136000/7467919 (28.6023%)
entry 2137000/7467919 (28.6157%)
entry 2140000/7467919 (28.6559%)
entry 2141000/7467919 (28.6693%)
entry 2143000/7467919 (28.6961%)
entry 2144000/7467919 (28.7095%)
entry 2145000/7467919 (28.7229%)
entry 2146000/7467919 (28.7363%)
entry 2151000/7467919 (28.8032%)
entry 2152000/7467919 (28.8166%)
entry 2153000/7467919 (28.83%)
entry 2154000/7467919 (28.8434%)
entry 2155000/7467919 (28.8568%)
entry 2158000/7467919 (28.8969%)
entry 2160000/7467919 (28.9237%)
entry 2163000/7467919 (28.9639%)
entry 2167000/7467919 (29.0175%)
entry 2168000/7467919 (29.0308%)
entry 2171000/7467919 (29.071%)
entry 2172000/7467919 (29.0844%)
entry 2173000/7467919 (29.0978%)
entry 2174000/7467919 (29.1112%)
entry 2175000/7467919 (29.1246%)
entry 2176000/7467919 (29.138%)
entry 2177000/7467919 (29.1514%)
entry 2180000/7467919 (29.1915%)
entry 2181000/7467919 (29.2049%)
entry 2183000/7467919 (29.2317%)
entry 2184000/7467919 (29.2451%)
entry 2186000/7467919 (29.2719%)
entry 2187000/7467919 (29.2853%)
entry 2194000/7467919 (29.379%)
entry 2198000/7467919 (29.4326%)
entry 2200000/7467919 (29.4593%)
entry 2203000/7467919 (29.4995%)
entry 2204000/7467919 (29.5129%)
entry 2206000/7467919 (29.5397%)
entry 2207000/7467919 (29.5531%)
entry 2208000/7467919 (29.5665%)
entry 2209000/7467919 (29.5799%)
entry 2210000/7467919 (29.5933%)
entry 2212000/7467919 (29.62%)
entry 2213000/7467919 (29.6334%)
entry 2214000/7467919 (29.6468%)
entry 2216000/7467919 (29.6736%)
entry 2217000/7467919 (29.687%)
entry 2223000/7467919 (29.7673%)
entry 2224000/7467919 (29.7807%)
entry 2227000/7467919 (29.8209%)
entry 2228000/7467919 (29.8343%)
entry 2229000/7467919 (29.8477%)
entry 2230000/7467919 (29.8611%)
entry 2231000/7467919 (29.8745%)
entry 2237000/7467919 (29.9548%)
entry 2238000/7467919 (29.9682%)
entry 2239000/7467919 (29.9816%)
entry 2240000/7467919 (29.995%)
entry 2241000/7467919 (30.0084%)
entry 2243000/7467919 (30.0351%)
entry 2245000/7467919 (30.0619%)
entry 2246000/7467919 (30.0753%)
entry 2247000/7467919 (30.0887%)
entry 2250000/7467919 (30.1289%)
entry 2251000/7467919 (30.1423%)
entry 2255000/7467919 (30.1958%)
entry 2256000/7467919 (30.2092%)
entry 2257000/7467919 (30.2226%)
entry 2258000/7467919 (30.236%)
entry 2264000/7467919 (30.3163%)
entry 2265000/7467919 (30.3297%)
entry 2266000/7467919 (30.3431%)
entry 2267000/7467919 (30.3565%)
entry 2268000/7467919 (30.3699%)
entry 2269000/7467919 (30.3833%)
entry 2270000/7467919 (30.3967%)
entry 2272000/7467919 (30.4235%)
entry 2273000/7467919 (30.4369%)
entry 2274000/7467919 (30.4502%)
entry 2275000/7467919 (30.4636%)
entry 2276000/7467919 (30.477%)
entry 2277000/7467919 (30.4904%)
entry 2278000/7467919 (30.5038%)
entry 2279000/7467919 (30.5172%)
entry 2281000/7467919 (30.544%)
entry 2282000/7467919 (30.5574%)
entry 2283000/7467919 (30.5708%)
entry 2284000/7467919 (30.5842%)
entry 2285000/7467919 (30.5975%)
entry 2286000/7467919 (30.6109%)
entry 2287000/7467919 (30.6243%)
entry 2289000/7467919 (30.6511%)
entry 2290000/7467919 (30.6645%)
entry 2291000/7467919 (30.6779%)
entry 2292000/7467919 (30.6913%)
entry 2293000/7467919 (30.7047%)
entry 2294000/7467919 (30.7181%)
entry 2295000/7467919 (30.7315%)
entry 2299000/7467919 (30.785%)
entry 2300000/7467919 (30.7984%)
entry 2301000/7467919 (30.8118%)
entry 2302000/7467919 (30.8252%)
entry 2304000/7467919 (30.852%)
entry 2305000/7467919 (30.8654%)
entry 2306000/7467919 (30.8787%)
entry 2307000/7467919 (30.8921%)
entry 2308000/7467919 (30.9055%)
entry 2309000/7467919 (30.9189%)
entry 2313000/7467919 (30.9725%)
entry 2314000/7467919 (30.9859%)
entry 2315000/7467919 (30.9993%)
entry 2316000/7467919 (31.0127%)
entry 2317000/7467919 (31.026%)
entry 2322000/7467919 (31.093%)
entry 2324000/7467919 (31.1198%)
entry 2327000/7467919 (31.16%)
entry 2328000/7467919 (31.1733%)
entry 2329000/7467919 (31.1867%)
entry 2330000/7467919 (31.2001%)
entry 2331000/7467919 (31.2135%)
entry 2332000/7467919 (31.2269%)
entry 2335000/7467919 (31.2671%)
entry 2336000/7467919 (31.2805%)
entry 2338000/7467919 (31.3073%)
entry 2339000/7467919 (31.3206%)
entry 2341000/7467919 (31.3474%)
entry 2342000/7467919 (31.3608%)
entry 2343000/7467919 (31.3742%)
entry 2344000/7467919 (31.3876%)
entry 2346000/7467919 (31.4144%)
entry 2347000/7467919 (31.4278%)
entry 2349000/7467919 (31.4545%)
entry 2353000/7467919 (31.5081%)
entry 2355000/7467919 (31.5349%)
entry 2357000/7467919 (31.5617%)
entry 2361000/7467919 (31.6152%)
entry 2363000/7467919 (31.642%)
entry 2364000/7467919 (31.6554%)
entry 2366000/7467919 (31.6822%)
entry 2367000/7467919 (31.6956%)
entry 2368000/7467919 (31.709%)
entry 2369000/7467919 (31.7224%)
entry 2370000/7467919 (31.7357%)
entry 2372000/7467919 (31.7625%)
entry 2373000/7467919 (31.7759%)
entry 2374000/7467919 (31.7893%)
entry 2375000/7467919 (31.8027%)
entry 2376000/7467919 (31.8161%)
entry 2378000/7467919 (31.8429%)
entry 2379000/7467919 (31.8563%)
entry 2380000/7467919 (31.8697%)
entry 2381000/7467919 (31.883%)
entry 2386000/7467919 (31.95%)
entry 2388000/7467919 (31.9768%)
entry 2389000/7467919 (31.9902%)
entry 2390000/7467919 (32.0036%)
entry 2391000/7467919 (32.017%)
entry 2394000/7467919 (32.0571%)
entry 2398000/7467919 (32.1107%)
entry 2399000/7467919 (32.1241%)
entry 2403000/7467919 (32.1776%)
entry 2404000/7467919 (32.191%)
entry 2406000/7467919 (32.2178%)
entry 2407000/7467919 (32.2312%)
entry 2408000/7467919 (32.2446%)
entry 2409000/7467919 (32.258%)
entry 2410000/7467919 (32.2714%)
entry 2411000/7467919 (32.2848%)
entry 2412000/7467919 (32.2982%)
entry 2413000/7467919 (32.3115%)
entry 2414000/7467919 (32.3249%)
entry 2415000/7467919 (32.3383%)
entry 2416000/7467919 (32.3517%)
entry 2419000/7467919 (32.3919%)
entry 2420000/7467919 (32.4053%)
entry 2422000/7467919 (32.4321%)
entry 2426000/7467919 (32.4856%)
entry 2429000/7467919 (32.5258%)
entry 2431000/7467919 (32.5526%)
entry 2432000/7467919 (32.566%)
entry 2433000/7467919 (32.5794%)
entry 2437000/7467919 (32.6329%)
entry 2438000/7467919 (32.6463%)
entry 2439000/7467919 (32.6597%)
entry 2440000/7467919 (32.6731%)
entry 2441000/7467919 (32.6865%)
entry 2442000/7467919 (32.6999%)
entry 2443000/7467919 (32.7133%)
entry 2444000/7467919 (32.7267%)
entry 2446000/7467919 (32.7534%)
entry 2448000/7467919 (32.7802%)
entry 2451000/7467919 (32.8204%)
entry 2452000/7467919 (32.8338%)
entry 2453000/7467919 (32.8472%)
entry 2454000/7467919 (32.8606%)
entry 2455000/7467919 (32.8739%)
entry 2456000/7467919 (32.8873%)
entry 2457000/7467919 (32.9007%)
entry 2458000/7467919 (32.9141%)
entry 2459000/7467919 (32.9275%)
entry 2462000/7467919 (32.9677%)
entry 2463000/7467919 (32.9811%)
entry 2464000/7467919 (32.9945%)
entry 2465000/7467919 (33.0079%)
entry 2466000/7467919 (33.0212%)
entry 2468000/7467919 (33.048%)
entry 2470000/7467919 (33.0748%)
entry 2471000/7467919 (33.0882%)
entry 2472000/7467919 (33.1016%)
entry 2474000/7467919 (33.1284%)
entry 2476000/7467919 (33.1552%)
entry 2479000/7467919 (33.1953%)
entry 2480000/7467919 (33.2087%)
entry 2481000/7467919 (33.2221%)
entry 2482000/7467919 (33.2355%)
entry 2484000/7467919 (33.2623%)
entry 2487000/7467919 (33.3025%)
entry 2489000/7467919 (33.3292%)
entry 2490000/7467919 (33.3426%)
entry 2491000/7467919 (33.356%)
entry 2498000/7467919 (33.4497%)
entry 2499000/7467919 (33.4631%)
entry 2500000/7467919 (33.4765%)
entry 2501000/7467919 (33.4899%)
entry 2503000/7467919 (33.5167%)
entry 2504000/7467919 (33.5301%)
entry 2505000/7467919 (33.5435%)
entry 2507000/7467919 (33.5703%)
entry 2508000/7467919 (33.5837%)
entry 2510000/7467919 (33.6104%)
entry 2511000/7467919 (33.6238%)
entry 2512000/7467919 (33.6372%)
entry 2513000/7467919 (33.6506%)
entry 2514000/7467919 (33.664%)
entry 2515000/7467919 (33.6774%)
entry 2516000/7467919 (33.6908%)
entry 2517000/7467919 (33.7042%)
entry 2519000/7467919 (33.731%)
entry 2520000/7467919 (33.7443%)
entry 2522000/7467919 (33.7711%)
entry 2524000/7467919 (33.7979%)
entry 2525000/7467919 (33.8113%)
entry 2527000/7467919 (33.8381%)
entry 2529000/7467919 (33.8649%)
entry 2534000/7467919 (33.9318%)
entry 2535000/7467919 (33.9452%)
entry 2536000/7467919 (33.9586%)
entry 2539000/7467919 (33.9988%)
entry 2540000/7467919 (34.0122%)
entry 2541000/7467919 (34.0255%)
entry 2543000/7467919 (34.0523%)
entry 2544000/7467919 (34.0657%)
entry 2545000/7467919 (34.0791%)
entry 2547000/7467919 (34.1059%)
entry 2548000/7467919 (34.1193%)
entry 2549000/7467919 (34.1327%)
entry 2550000/7467919 (34.1461%)
entry 2551000/7467919 (34.1594%)
entry 2553000/7467919 (34.1862%)
entry 2555000/7467919 (34.213%)
entry 2556000/7467919 (34.2264%)
entry 2558000/7467919 (34.2532%)
entry 2559000/7467919 (34.2666%)
entry 2560000/7467919 (34.28%)
entry 2561000/7467919 (34.2934%)
entry 2562000/7467919 (34.3067%)
entry 2565000/7467919 (34.3469%)
entry 2571000/7467919 (34.4273%)
entry 2572000/7467919 (34.4407%)
entry 2573000/7467919 (34.454%)
entry 2574000/7467919 (34.4674%)
entry 2576000/7467919 (34.4942%)
entry 2577000/7467919 (34.5076%)
entry 2578000/7467919 (34.521%)
entry 2583000/7467919 (34.5879%)
entry 2584000/7467919 (34.6013%)
entry 2585000/7467919 (34.6147%)
entry 2586000/7467919 (34.6281%)
entry 2588000/7467919 (34.6549%)
entry 2590000/7467919 (34.6817%)
entry 2591000/7467919 (34.6951%)
entry 2592000/7467919 (34.7085%)
entry 2594000/7467919 (34.7352%)
entry 2595000/7467919 (34.7486%)
entry 2596000/7467919 (34.762%)
entry 2597000/7467919 (34.7754%)
entry 2598000/7467919 (34.7888%)
entry 2599000/7467919 (34.8022%)
entry 2600000/7467919 (34.8156%)
entry 2601000/7467919 (34.829%)
entry 2602000/7467919 (34.8424%)
entry 2603000/7467919 (34.8558%)
entry 2604000/7467919 (34.8692%)
entry 2606000/7467919 (34.8959%)
entry 2607000/7467919 (34.9093%)
entry 2610000/7467919 (34.9495%)
entry 2611000/7467919 (34.9629%)
entry 2612000/7467919 (34.9763%)
entry 2613000/7467919 (34.9897%)
entry 2614000/7467919 (35.0031%)
entry 2615000/7467919 (35.0164%)
entry 2616000/7467919 (35.0298%)
entry 2617000/7467919 (35.0432%)
entry 2620000/7467919 (35.0834%)
entry 2621000/7467919 (35.0968%)
entry 2622000/7467919 (35.1102%)
entry 2623000/7467919 (35.1236%)
entry 2624000/7467919 (35.137%)
entry 2625000/7467919 (35.1504%)
entry 2626000/7467919 (35.1637%)
entry 2627000/7467919 (35.1771%)
entry 2629000/7467919 (35.2039%)
entry 2630000/7467919 (35.2173%)
entry 2631000/7467919 (35.2307%)
entry 2632000/7467919 (35.2441%)
entry 2633000/7467919 (35.2575%)
entry 2634000/7467919 (35.2709%)
entry 2635000/7467919 (35.2843%)
entry 2637000/7467919 (35.311%)
entry 2643000/7467919 (35.3914%)
entry 2646000/7467919 (35.4316%)
entry 2647000/7467919 (35.4449%)
entry 2648000/7467919 (35.4583%)
entry 2649000/7467919 (35.4717%)
entry 2651000/7467919 (35.4985%)
entry 2652000/7467919 (35.5119%)
entry 2654000/7467919 (35.5387%)
entry 2655000/7467919 (35.5521%)
entry 2656000/7467919 (35.5655%)
entry 2657000/7467919 (35.5789%)
entry 2658000/7467919 (35.5922%)
entry 2661000/7467919 (35.6324%)
entry 2663000/7467919 (35.6592%)
entry 2664000/7467919 (35.6726%)
entry 2665000/7467919 (35.686%)
entry 2666000/7467919 (35.6994%)
entry 2667000/7467919 (35.7128%)
entry 2668000/7467919 (35.7262%)
entry 2670000/7467919 (35.7529%)
entry 2672000/7467919 (35.7797%)
entry 2673000/7467919 (35.7931%)
entry 2674000/7467919 (35.8065%)
entry 2676000/7467919 (35.8333%)
entry 2679000/7467919 (35.8734%)
entry 2680000/7467919 (35.8868%)
entry 2682000/7467919 (35.9136%)
entry 2683000/7467919 (35.927%)
entry 2684000/7467919 (35.9404%)
entry 2685000/7467919 (35.9538%)
entry 2687000/7467919 (35.9806%)
entry 2688000/7467919 (35.994%)
entry 2690000/7467919 (36.0207%)
entry 2693000/7467919 (36.0609%)
entry 2694000/7467919 (36.0743%)
entry 2695000/7467919 (36.0877%)
entry 2696000/7467919 (36.1011%)
entry 2697000/7467919 (36.1145%)
entry 2698000/7467919 (36.1279%)
entry 2699000/7467919 (36.1413%)
entry 2701000/7467919 (36.168%)
entry 2702000/7467919 (36.1814%)
entry 2704000/7467919 (36.2082%)
entry 2705000/7467919 (36.2216%)
entry 2708000/7467919 (36.2618%)
entry 2709000/7467919 (36.2752%)
entry 2711000/7467919 (36.3019%)
entry 2712000/7467919 (36.3153%)
entry 2713000/7467919 (36.3287%)
entry 2715000/7467919 (36.3555%)
entry 2716000/7467919 (36.3689%)
entry 2718000/7467919 (36.3957%)
entry 2719000/7467919 (36.4091%)
entry 2721000/7467919 (36.4359%)
entry 2722000/7467919 (36.4492%)
entry 2723000/7467919 (36.4626%)
entry 2724000/7467919 (36.476%)
entry 2725000/7467919 (36.4894%)
entry 2726000/7467919 (36.5028%)
entry 2729000/7467919 (36.543%)
entry 2731000/7467919 (36.5698%)
entry 2732000/7467919 (36.5831%)
entry 2733000/7467919 (36.5965%)
entry 2734000/7467919 (36.6099%)
entry 2735000/7467919 (36.6233%)
entry 2736000/7467919 (36.6367%)
entry 2740000/7467919 (36.6903%)
entry 2742000/7467919 (36.7171%)
entry 2743000/7467919 (36.7304%)
entry 2746000/7467919 (36.7706%)
entry 2747000/7467919 (36.784%)
entry 2748000/7467919 (36.7974%)
entry 2749000/7467919 (36.8108%)
entry 2751000/7467919 (36.8376%)
entry 2754000/7467919 (36.8777%)
entry 2755000/7467919 (36.8911%)
entry 2756000/7467919 (36.9045%)
entry 2757000/7467919 (36.9179%)
entry 2758000/7467919 (36.9313%)
entry 2759000/7467919 (36.9447%)
entry 2761000/7467919 (36.9715%)
entry 2762000/7467919 (36.9849%)
entry 2764000/7467919 (37.0117%)
entry 2765000/7467919 (37.025%)
entry 2766000/7467919 (37.0384%)
entry 2767000/7467919 (37.0518%)
entry 2768000/7467919 (37.0652%)
entry 2770000/7467919 (37.092%)
entry 2772000/7467919 (37.1188%)
entry 2773000/7467919 (37.1322%)
entry 2775000/7467919 (37.1589%)
entry 2777000/7467919 (37.1857%)
entry 2778000/7467919 (37.1991%)
entry 2779000/7467919 (37.2125%)
entry 2780000/7467919 (37.2259%)
entry 2782000/7467919 (37.2527%)
entry 2784000/7467919 (37.2795%)
entry 2786000/7467919 (37.3062%)
entry 2787000/7467919 (37.3196%)
entry 2789000/7467919 (37.3464%)
entry 2791000/7467919 (37.3732%)
entry 2794000/7467919 (37.4134%)
entry 2796000/7467919 (37.4401%)
entry 2797000/7467919 (37.4535%)
entry 2799000/7467919 (37.4803%)
entry 2800000/7467919 (37.4937%)
entry 2801000/7467919 (37.5071%)
entry 2802000/7467919 (37.5205%)
entry 2804000/7467919 (37.5473%)
entry 2805000/7467919 (37.5607%)
entry 2807000/7467919 (37.5874%)
entry 2810000/7467919 (37.6276%)
entry 2811000/7467919 (37.641%)
entry 2813000/7467919 (37.6678%)
entry 2814000/7467919 (37.6812%)
entry 2816000/7467919 (37.708%)
entry 2817000/7467919 (37.7214%)
entry 2818000/7467919 (37.7347%)
entry 2821000/7467919 (37.7749%)
entry 2822000/7467919 (37.7883%)
entry 2823000/7467919 (37.8017%)
entry 2825000/7467919 (37.8285%)
entry 2827000/7467919 (37.8553%)
entry 2829000/7467919 (37.882%)
entry 2830000/7467919 (37.8954%)
entry 2831000/7467919 (37.9088%)
entry 2835000/7467919 (37.9624%)
entry 2836000/7467919 (37.9758%)
entry 2838000/7467919 (38.0026%)
entry 2839000/7467919 (38.0159%)
entry 2841000/7467919 (38.0427%)
entry 2843000/7467919 (38.0695%)
entry 2844000/7467919 (38.0829%)
entry 2845000/7467919 (38.0963%)
entry 2847000/7467919 (38.1231%)
entry 2848000/7467919 (38.1365%)
entry 2849000/7467919 (38.1499%)
entry 2850000/7467919 (38.1632%)
entry 2851000/7467919 (38.1766%)
entry 2854000/7467919 (38.2168%)
entry 2855000/7467919 (38.2302%)
entry 2858000/7467919 (38.2704%)
entry 2860000/7467919 (38.2971%)
entry 2861000/7467919 (38.3105%)
entry 2862000/7467919 (38.3239%)
entry 2863000/7467919 (38.3373%)
entry 2864000/7467919 (38.3507%)
entry 2865000/7467919 (38.3641%)
entry 2868000/7467919 (38.4043%)
entry 2869000/7467919 (38.4177%)
entry 2870000/7467919 (38.4311%)
entry 2872000/7467919 (38.4578%)
entry 2873000/7467919 (38.4712%)
entry 2875000/7467919 (38.498%)
entry 2877000/7467919 (38.5248%)
entry 2878000/7467919 (38.5382%)
entry 2879000/7467919 (38.5516%)
entry 2882000/7467919 (38.5917%)
entry 2883000/7467919 (38.6051%)
entry 2885000/7467919 (38.6319%)
entry 2886000/7467919 (38.6453%)
entry 2888000/7467919 (38.6721%)
entry 2889000/7467919 (38.6855%)
entry 2890000/7467919 (38.6989%)
entry 2892000/7467919 (38.7256%)
entry 2893000/7467919 (38.739%)
entry 2894000/7467919 (38.7524%)
entry 2895000/7467919 (38.7658%)
entry 2896000/7467919 (38.7792%)
entry 2897000/7467919 (38.7926%)
entry 2900000/7467919 (38.8328%)
entry 2903000/7467919 (38.8729%)
entry 2906000/7467919 (38.9131%)
entry 2907000/7467919 (38.9265%)
entry 2908000/7467919 (38.9399%)
entry 2910000/7467919 (38.9667%)
entry 2911000/7467919 (38.9801%)
entry 2912000/7467919 (38.9935%)
entry 2913000/7467919 (39.0069%)
entry 2914000/7467919 (39.0202%)
entry 2917000/7467919 (39.0604%)
entry 2918000/7467919 (39.0738%)
entry 2919000/7467919 (39.0872%)
entry 2921000/7467919 (39.114%)
entry 2923000/7467919 (39.1408%)
entry 2924000/7467919 (39.1541%)
entry 2925000/7467919 (39.1675%)
entry 2931000/7467919 (39.2479%)
entry 2932000/7467919 (39.2613%)
entry 2934000/7467919 (39.2881%)
entry 2935000/7467919 (39.3014%)
entry 2938000/7467919 (39.3416%)
entry 2940000/7467919 (39.3684%)
entry 2944000/7467919 (39.422%)
entry 2945000/7467919 (39.4354%)
entry 2946000/7467919 (39.4487%)
entry 2949000/7467919 (39.4889%)
entry 2951000/7467919 (39.5157%)
entry 2952000/7467919 (39.5291%)
entry 2954000/7467919 (39.5559%)
entry 2957000/7467919 (39.596%)
entry 2959000/7467919 (39.6228%)
entry 2960000/7467919 (39.6362%)
entry 2962000/7467919 (39.663%)
entry 2965000/7467919 (39.7032%)
entry 2967000/7467919 (39.7299%)
entry 2968000/7467919 (39.7433%)
entry 2970000/7467919 (39.7701%)
entry 2971000/7467919 (39.7835%)
entry 2972000/7467919 (39.7969%)
entry 2977000/7467919 (39.8638%)
entry 2979000/7467919 (39.8906%)
entry 2981000/7467919 (39.9174%)
entry 2982000/7467919 (39.9308%)
entry 2984000/7467919 (39.9576%)
entry 2986000/7467919 (39.9844%)
entry 2987000/7467919 (39.9978%)
entry 2988000/7467919 (40.0111%)
entry 2990000/7467919 (40.0379%)
entry 2994000/7467919 (40.0915%)
entry 2995000/7467919 (40.1049%)
entry 2997000/7467919 (40.1317%)
entry 2998000/7467919 (40.1451%)
entry 2999000/7467919 (40.1584%)
entry 3000000/7467919 (40.1718%)
entry 3001000/7467919 (40.1852%)
entry 3002000/7467919 (40.1986%)
entry 3006000/7467919 (40.2522%)
entry 3008000/7467919 (40.279%)
entry 3009000/7467919 (40.2923%)
entry 3010000/7467919 (40.3057%)
entry 3012000/7467919 (40.3325%)
entry 3013000/7467919 (40.3459%)
entry 3014000/7467919 (40.3593%)
entry 3015000/7467919 (40.3727%)
entry 3017000/7467919 (40.3995%)
entry 3018000/7467919 (40.4129%)
entry 3020000/7467919 (40.4396%)
entry 3021000/7467919 (40.453%)
entry 3022000/7467919 (40.4664%)
entry 3024000/7467919 (40.4932%)
entry 3026000/7467919 (40.52%)
entry 3028000/7467919 (40.5468%)
entry 3029000/7467919 (40.5602%)
entry 3030000/7467919 (40.5736%)
entry 3032000/7467919 (40.6003%)
entry 3033000/7467919 (40.6137%)
entry 3034000/7467919 (40.6271%)
entry 3036000/7467919 (40.6539%)
entry 3038000/7467919 (40.6807%)
entry 3039000/7467919 (40.6941%)
entry 3040000/7467919 (40.7075%)
entry 3041000/7467919 (40.7209%)
entry 3042000/7467919 (40.7342%)
entry 3044000/7467919 (40.761%)
entry 3047000/7467919 (40.8012%)
entry 3048000/7467919 (40.8146%)
entry 3049000/7467919 (40.828%)
entry 3050000/7467919 (40.8414%)
entry 3051000/7467919 (40.8548%)
entry 3052000/7467919 (40.8681%)
entry 3053000/7467919 (40.8815%)
entry 3054000/7467919 (40.8949%)
entry 3058000/7467919 (40.9485%)
entry 3060000/7467919 (40.9753%)
entry 3061000/7467919 (40.9887%)
entry 3062000/7467919 (41.0021%)
entry 3063000/7467919 (41.0154%)
entry 3065000/7467919 (41.0422%)
entry 3066000/7467919 (41.0556%)
entry 3069000/7467919 (41.0958%)
entry 3070000/7467919 (41.1092%)
entry 3071000/7467919 (41.1226%)
entry 3072000/7467919 (41.136%)
entry 3076000/7467919 (41.1895%)
entry 3077000/7467919 (41.2029%)
entry 3078000/7467919 (41.2163%)
entry 3080000/7467919 (41.2431%)
entry 3082000/7467919 (41.2699%)
entry 3083000/7467919 (41.2833%)
entry 3084000/7467919 (41.2966%)
entry 3085000/7467919 (41.31%)
entry 3087000/7467919 (41.3368%)
entry 3093000/7467919 (41.4172%)
entry 3096000/7467919 (41.4573%)
entry 3097000/7467919 (41.4707%)
entry 3099000/7467919 (41.4975%)
entry 3100000/7467919 (41.5109%)
entry 3101000/7467919 (41.5243%)
entry 3103000/7467919 (41.5511%)
entry 3104000/7467919 (41.5645%)
entry 3105000/7467919 (41.5778%)
entry 3107000/7467919 (41.6046%)
entry 3109000/7467919 (41.6314%)
entry 3110000/7467919 (41.6448%)
entry 3111000/7467919 (41.6582%)
entry 3119000/7467919 (41.7653%)
entry 3121000/7467919 (41.7921%)
entry 3122000/7467919 (41.8055%)
entry 3123000/7467919 (41.8189%)
entry 3124000/7467919 (41.8323%)
entry 3126000/7467919 (41.8591%)
entry 3127000/7467919 (41.8724%)
entry 3129000/7467919 (41.8992%)
entry 3130000/7467919 (41.9126%)
entry 3131000/7467919 (41.926%)
entry 3133000/7467919 (41.9528%)
entry 3134000/7467919 (41.9662%)
entry 3135000/7467919 (41.9796%)
entry 3136000/7467919 (41.993%)
entry 3137000/7467919 (42.0063%)
entry 3138000/7467919 (42.0197%)
entry 3139000/7467919 (42.0331%)
entry 3140000/7467919 (42.0465%)
entry 3141000/7467919 (42.0599%)
entry 3142000/7467919 (42.0733%)
entry 3143000/7467919 (42.0867%)
entry 3146000/7467919 (42.1269%)
entry 3147000/7467919 (42.1403%)
entry 3148000/7467919 (42.1536%)
entry 3150000/7467919 (42.1804%)
entry 3153000/7467919 (42.2206%)
entry 3154000/7467919 (42.234%)
entry 3155000/7467919 (42.2474%)
entry 3156000/7467919 (42.2608%)
entry 3158000/7467919 (42.2875%)
entry 3161000/7467919 (42.3277%)
entry 3162000/7467919 (42.3411%)
entry 3164000/7467919 (42.3679%)
entry 3165000/7467919 (42.3813%)
entry 3166000/7467919 (42.3947%)
entry 3167000/7467919 (42.4081%)
entry 3168000/7467919 (42.4215%)
entry 3169000/7467919 (42.4348%)
entry 3170000/7467919 (42.4482%)
entry 3171000/7467919 (42.4616%)
entry 3172000/7467919 (42.475%)
entry 3175000/7467919 (42.5152%)
entry 3176000/7467919 (42.5286%)
entry 3179000/7467919 (42.5688%)
entry 3181000/7467919 (42.5955%)
entry 3184000/7467919 (42.6357%)
entry 3186000/7467919 (42.6625%)
entry 3188000/7467919 (42.6893%)
entry 3190000/7467919 (42.7161%)
entry 3194000/7467919 (42.7696%)
entry 3195000/7467919 (42.783%)
entry 3196000/7467919 (42.7964%)
entry 3197000/7467919 (42.8098%)
entry 3199000/7467919 (42.8366%)
entry 3200000/7467919 (42.85%)
entry 3201000/7467919 (42.8633%)
entry 3202000/7467919 (42.8767%)
entry 3203000/7467919 (42.8901%)
entry 3204000/7467919 (42.9035%)
entry 3205000/7467919 (42.9169%)
entry 3206000/7467919 (42.9303%)
entry 3207000/7467919 (42.9437%)
entry 3208000/7467919 (42.9571%)
entry 3212000/7467919 (43.0106%)
entry 3214000/7467919 (43.0374%)
entry 3215000/7467919 (43.0508%)
entry 3216000/7467919 (43.0642%)
entry 3217000/7467919 (43.0776%)
entry 3218000/7467919 (43.091%)
entry 3220000/7467919 (43.1178%)
entry 3222000/7467919 (43.1445%)
entry 3223000/7467919 (43.1579%)
entry 3226000/7467919 (43.1981%)
entry 3227000/7467919 (43.2115%)
entry 3228000/7467919 (43.2249%)
entry 3229000/7467919 (43.2383%)
entry 3232000/7467919 (43.2785%)
entry 3233000/7467919 (43.2918%)
entry 3234000/7467919 (43.3052%)
entry 3235000/7467919 (43.3186%)
entry 3236000/7467919 (43.332%)
entry 3237000/7467919 (43.3454%)
entry 3238000/7467919 (43.3588%)
entry 3240000/7467919 (43.3856%)
entry 3242000/7467919 (43.4124%)
entry 3243000/7467919 (43.4258%)
entry 3245000/7467919 (43.4525%)
entry 3246000/7467919 (43.4659%)
entry 3247000/7467919 (43.4793%)
entry 3248000/7467919 (43.4927%)
entry 3249000/7467919 (43.5061%)
entry 3251000/7467919 (43.5329%)
entry 3254000/7467919 (43.573%)
entry 3255000/7467919 (43.5864%)
entry 3256000/7467919 (43.5998%)
entry 3257000/7467919 (43.6132%)
entry 3260000/7467919 (43.6534%)
entry 3261000/7467919 (43.6668%)
entry 3265000/7467919 (43.7203%)
entry 3266000/7467919 (43.7337%)
entry 3267000/7467919 (43.7471%)
entry 3268000/7467919 (43.7605%)
entry 3269000/7467919 (43.7739%)
entry 3270000/7467919 (43.7873%)
entry 3271000/7467919 (43.8007%)
entry 3272000/7467919 (43.8141%)
entry 3273000/7467919 (43.8275%)
entry 3274000/7467919 (43.8409%)
entry 3275000/7467919 (43.8543%)
entry 3276000/7467919 (43.8676%)
entry 3277000/7467919 (43.881%)
entry 3278000/7467919 (43.8944%)
entry 3279000/7467919 (43.9078%)
entry 3280000/7467919 (43.9212%)
entry 3282000/7467919 (43.948%)
entry 3283000/7467919 (43.9614%)
entry 3284000/7467919 (43.9748%)
entry 3285000/7467919 (43.9882%)
entry 3288000/7467919 (44.0283%)
entry 3289000/7467919 (44.0417%)
entry 3290000/7467919 (44.0551%)
entry 3291000/7467919 (44.0685%)
entry 3293000/7467919 (44.0953%)
entry 3296000/7467919 (44.1355%)
entry 3297000/7467919 (44.1488%)
entry 3298000/7467919 (44.1622%)
entry 3299000/7467919 (44.1756%)
entry 3300000/7467919 (44.189%)
entry 3301000/7467919 (44.2024%)
entry 3302000/7467919 (44.2158%)
entry 3303000/7467919 (44.2292%)
entry 3304000/7467919 (44.2426%)
entry 3305000/7467919 (44.256%)
entry 3306000/7467919 (44.2694%)
entry 3307000/7467919 (44.2828%)
entry 3309000/7467919 (44.3095%)
entry 3310000/7467919 (44.3229%)
entry 3313000/7467919 (44.3631%)
entry 3314000/7467919 (44.3765%)
entry 3315000/7467919 (44.3899%)
entry 3316000/7467919 (44.4033%)
entry 3317000/7467919 (44.4167%)
entry 3319000/7467919 (44.4434%)
entry 3320000/7467919 (44.4568%)
entry 3321000/7467919 (44.4702%)
entry 3322000/7467919 (44.4836%)
entry 3323000/7467919 (44.497%)
entry 3324000/7467919 (44.5104%)
entry 3326000/7467919 (44.5372%)
entry 3328000/7467919 (44.564%)
entry 3330000/7467919 (44.5907%)
entry 3332000/7467919 (44.6175%)
entry 3333000/7467919 (44.6309%)
entry 3334000/7467919 (44.6443%)
entry 3336000/7467919 (44.6711%)
entry 3339000/7467919 (44.7113%)
entry 3340000/7467919 (44.7246%)
entry 3343000/7467919 (44.7648%)
entry 3344000/7467919 (44.7782%)
entry 3345000/7467919 (44.7916%)
entry 3346000/7467919 (44.805%)
entry 3350000/7467919 (44.8585%)
entry 3351000/7467919 (44.8719%)
entry 3352000/7467919 (44.8853%)
entry 3353000/7467919 (44.8987%)
entry 3354000/7467919 (44.9121%)
entry 3357000/7467919 (44.9523%)
entry 3358000/7467919 (44.9657%)
entry 3359000/7467919 (44.9791%)
entry 3360000/7467919 (44.9925%)
entry 3361000/7467919 (45.0058%)
entry 3362000/7467919 (45.0192%)
entry 3364000/7467919 (45.046%)
entry 3365000/7467919 (45.0594%)
entry 3366000/7467919 (45.0728%)
entry 3368000/7467919 (45.0996%)
entry 3369000/7467919 (45.113%)
entry 3370000/7467919 (45.1264%)
entry 3371000/7467919 (45.1398%)
entry 3372000/7467919 (45.1531%)
entry 3374000/7467919 (45.1799%)
entry 3375000/7467919 (45.1933%)
entry 3376000/7467919 (45.2067%)
entry 3379000/7467919 (45.2469%)
entry 3380000/7467919 (45.2603%)
entry 3381000/7467919 (45.2737%)
entry 3382000/7467919 (45.287%)
entry 3385000/7467919 (45.3272%)
entry 3387000/7467919 (45.354%)
entry 3391000/7467919 (45.4076%)
entry 3392000/7467919 (45.421%)
entry 3393000/7467919 (45.4343%)
entry 3394000/7467919 (45.4477%)
entry 3398000/7467919 (45.5013%)
entry 3399000/7467919 (45.5147%)
entry 3400000/7467919 (45.5281%)
entry 3401000/7467919 (45.5415%)
entry 3403000/7467919 (45.5682%)
entry 3404000/7467919 (45.5816%)
entry 3405000/7467919 (45.595%)
entry 3406000/7467919 (45.6084%)
entry 3408000/7467919 (45.6352%)
entry 3410000/7467919 (45.662%)
entry 3413000/7467919 (45.7022%)
entry 3414000/7467919 (45.7155%)
entry 3415000/7467919 (45.7289%)
entry 3417000/7467919 (45.7557%)
entry 3419000/7467919 (45.7825%)
entry 3420000/7467919 (45.7959%)
entry 3422000/7467919 (45.8227%)
entry 3423000/7467919 (45.8361%)
entry 3424000/7467919 (45.8495%)
entry 3425000/7467919 (45.8628%)
entry 3426000/7467919 (45.8762%)
entry 3427000/7467919 (45.8896%)
entry 3428000/7467919 (45.903%)
entry 3430000/7467919 (45.9298%)
entry 3431000/7467919 (45.9432%)
entry 3432000/7467919 (45.9566%)
entry 3435000/7467919 (45.9967%)
entry 3436000/7467919 (46.0101%)
entry 3438000/7467919 (46.0369%)
entry 3439000/7467919 (46.0503%)
entry 3440000/7467919 (46.0637%)
entry 3441000/7467919 (46.0771%)
entry 3444000/7467919 (46.1173%)
entry 3445000/7467919 (46.1307%)
entry 3447000/7467919 (46.1574%)
entry 3449000/7467919 (46.1842%)
entry 3450000/7467919 (46.1976%)
entry 3451000/7467919 (46.211%)
entry 3452000/7467919 (46.2244%)
entry 3453000/7467919 (46.2378%)
entry 3455000/7467919 (46.2646%)
entry 3456000/7467919 (46.278%)
entry 3459000/7467919 (46.3181%)
entry 3461000/7467919 (46.3449%)
entry 3462000/7467919 (46.3583%)
entry 3466000/7467919 (46.4119%)
entry 3467000/7467919 (46.4253%)
entry 3468000/7467919 (46.4386%)
entry 3471000/7467919 (46.4788%)
entry 3472000/7467919 (46.4922%)
entry 3474000/7467919 (46.519%)
entry 3475000/7467919 (46.5324%)
entry 3476000/7467919 (46.5458%)
entry 3477000/7467919 (46.5592%)
entry 3478000/7467919 (46.5725%)
entry 3479000/7467919 (46.5859%)
entry 3481000/7467919 (46.6127%)
entry 3482000/7467919 (46.6261%)
entry 3483000/7467919 (46.6395%)
entry 3484000/7467919 (46.6529%)
entry 3485000/7467919 (46.6663%)
entry 3486000/7467919 (46.6797%)
entry 3487000/7467919 (46.6931%)
entry 3488000/7467919 (46.7065%)
entry 3489000/7467919 (46.7198%)
entry 3490000/7467919 (46.7332%)
entry 3491000/7467919 (46.7466%)
entry 3492000/7467919 (46.76%)
entry 3494000/7467919 (46.7868%)
entry 3496000/7467919 (46.8136%)
entry 3497000/7467919 (46.827%)
entry 3498000/7467919 (46.8404%)
entry 3499000/7467919 (46.8537%)
entry 3501000/7467919 (46.8805%)
entry 3503000/7467919 (46.9073%)
entry 3504000/7467919 (46.9207%)
entry 3505000/7467919 (46.9341%)
entry 3506000/7467919 (46.9475%)
entry 3508000/7467919 (46.9743%)
entry 3509000/7467919 (46.9877%)
entry 3510000/7467919 (47.001%)
entry 3511000/7467919 (47.0144%)
entry 3514000/7467919 (47.0546%)
entry 3515000/7467919 (47.068%)
entry 3517000/7467919 (47.0948%)
entry 3520000/7467919 (47.135%)
entry 3521000/7467919 (47.1483%)
entry 3523000/7467919 (47.1751%)
entry 3524000/7467919 (47.1885%)
entry 3526000/7467919 (47.2153%)
entry 3528000/7467919 (47.2421%)
entry 3529000/7467919 (47.2555%)
entry 3530000/7467919 (47.2689%)
entry 3533000/7467919 (47.309%)
entry 3534000/7467919 (47.3224%)
entry 3535000/7467919 (47.3358%)
entry 3539000/7467919 (47.3894%)
entry 3540000/7467919 (47.4028%)
entry 3543000/7467919 (47.4429%)
entry 3545000/7467919 (47.4697%)
entry 3546000/7467919 (47.4831%)
entry 3547000/7467919 (47.4965%)
entry 3548000/7467919 (47.5099%)
entry 3551000/7467919 (47.5501%)
entry 3553000/7467919 (47.5768%)
entry 3554000/7467919 (47.5902%)
entry 3555000/7467919 (47.6036%)
entry 3558000/7467919 (47.6438%)
entry 3560000/7467919 (47.6706%)
entry 3561000/7467919 (47.684%)
entry 3562000/7467919 (47.6974%)
entry 3564000/7467919 (47.7241%)
entry 3565000/7467919 (47.7375%)
entry 3567000/7467919 (47.7643%)
entry 3568000/7467919 (47.7777%)
entry 3571000/7467919 (47.8179%)
entry 3572000/7467919 (47.8313%)
entry 3576000/7467919 (47.8848%)
entry 3577000/7467919 (47.8982%)
entry 3579000/7467919 (47.925%)
entry 3581000/7467919 (47.9518%)
entry 3583000/7467919 (47.9786%)
entry 3584000/7467919 (47.9919%)
entry 3585000/7467919 (48.0053%)
entry 3587000/7467919 (48.0321%)
entry 3588000/7467919 (48.0455%)
entry 3589000/7467919 (48.0589%)
entry 3590000/7467919 (48.0723%)
entry 3593000/7467919 (48.1125%)
entry 3595000/7467919 (48.1392%)
entry 3596000/7467919 (48.1526%)
entry 3598000/7467919 (48.1794%)
entry 3599000/7467919 (48.1928%)
entry 3600000/7467919 (48.2062%)
entry 3602000/7467919 (48.233%)
entry 3606000/7467919 (48.2865%)
entry 3607000/7467919 (48.2999%)
entry 3608000/7467919 (48.3133%)
entry 3610000/7467919 (48.3401%)
entry 3612000/7467919 (48.3669%)
entry 3615000/7467919 (48.4071%)
entry 3616000/7467919 (48.4205%)
entry 3617000/7467919 (48.4338%)
entry 3618000/7467919 (48.4472%)
entry 3621000/7467919 (48.4874%)
entry 3623000/7467919 (48.5142%)
entry 3625000/7467919 (48.541%)
entry 3626000/7467919 (48.5544%)
entry 3627000/7467919 (48.5677%)
entry 3629000/7467919 (48.5945%)
entry 3632000/7467919 (48.6347%)
entry 3633000/7467919 (48.6481%)
entry 3636000/7467919 (48.6883%)
entry 3637000/7467919 (48.7017%)
entry 3638000/7467919 (48.715%)
entry 3639000/7467919 (48.7284%)
entry 3641000/7467919 (48.7552%)
entry 3644000/7467919 (48.7954%)
entry 3645000/7467919 (48.8088%)
entry 3646000/7467919 (48.8222%)
entry 3647000/7467919 (48.8356%)
entry 3648000/7467919 (48.849%)
entry 3649000/7467919 (48.8623%)
entry 3650000/7467919 (48.8757%)
entry 3651000/7467919 (48.8891%)
entry 3652000/7467919 (48.9025%)
entry 3653000/7467919 (48.9159%)
entry 3654000/7467919 (48.9293%)
entry 3656000/7467919 (48.9561%)
entry 3657000/7467919 (48.9695%)
entry 3658000/7467919 (48.9829%)
entry 3660000/7467919 (49.0096%)
entry 3661000/7467919 (49.023%)
entry 3663000/7467919 (49.0498%)
entry 3664000/7467919 (49.0632%)
entry 3665000/7467919 (49.0766%)
entry 3667000/7467919 (49.1034%)
entry 3668000/7467919 (49.1168%)
entry 3670000/7467919 (49.1435%)
entry 3671000/7467919 (49.1569%)
entry 3672000/7467919 (49.1703%)
entry 3674000/7467919 (49.1971%)
entry 3675000/7467919 (49.2105%)
entry 3677000/7467919 (49.2373%)
entry 3678000/7467919 (49.2507%)
entry 3679000/7467919 (49.2641%)
entry 3680000/7467919 (49.2774%)
entry 3681000/7467919 (49.2908%)
entry 3682000/7467919 (49.3042%)
entry 3683000/7467919 (49.3176%)
entry 3684000/7467919 (49.331%)
entry 3685000/7467919 (49.3444%)
entry 3687000/7467919 (49.3712%)
entry 3689000/7467919 (49.398%)
entry 3690000/7467919 (49.4114%)
entry 3692000/7467919 (49.4381%)
entry 3693000/7467919 (49.4515%)
entry 3695000/7467919 (49.4783%)
entry 3698000/7467919 (49.5185%)
entry 3700000/7467919 (49.5453%)
entry 3701000/7467919 (49.5587%)
entry 3702000/7467919 (49.572%)
entry 3703000/7467919 (49.5854%)
entry 3704000/7467919 (49.5988%)
entry 3706000/7467919 (49.6256%)
entry 3707000/7467919 (49.639%)
entry 3708000/7467919 (49.6524%)
entry 3709000/7467919 (49.6658%)
entry 3710000/7467919 (49.6792%)
entry 3712000/7467919 (49.7059%)
entry 3714000/7467919 (49.7327%)
entry 3715000/7467919 (49.7461%)
entry 3717000/7467919 (49.7729%)
entry 3718000/7467919 (49.7863%)
entry 3719000/7467919 (49.7997%)
entry 3720000/7467919 (49.8131%)
entry 3722000/7467919 (49.8399%)
entry 3723000/7467919 (49.8532%)
entry 3724000/7467919 (49.8666%)
entry 3727000/7467919 (49.9068%)
entry 3731000/7467919 (49.9604%)
entry 3732000/7467919 (49.9738%)
entry 3733000/7467919 (49.9872%)
entry 3734000/7467919 (50.0005%)
entry 3735000/7467919 (50.0139%)
entry 3737000/7467919 (50.0407%)
entry 3738000/7467919 (50.0541%)
entry 3741000/7467919 (50.0943%)
entry 3743000/7467919 (50.1211%)
entry 3744000/7467919 (50.1345%)
entry 3745000/7467919 (50.1478%)
entry 3748000/7467919 (50.188%)
entry 3749000/7467919 (50.2014%)
entry 3750000/7467919 (50.2148%)
entry 3753000/7467919 (50.255%)
entry 3754000/7467919 (50.2684%)
entry 3755000/7467919 (50.2817%)
entry 3756000/7467919 (50.2951%)
entry 3757000/7467919 (50.3085%)
entry 3760000/7467919 (50.3487%)
entry 3761000/7467919 (50.3621%)
entry 3763000/7467919 (50.3889%)
entry 3765000/7467919 (50.4157%)
entry 3769000/7467919 (50.4692%)
entry 3770000/7467919 (50.4826%)
entry 3771000/7467919 (50.496%)
entry 3774000/7467919 (50.5362%)
entry 3775000/7467919 (50.5496%)
entry 3776000/7467919 (50.5629%)
entry 3778000/7467919 (50.5897%)
entry 3779000/7467919 (50.6031%)
entry 3781000/7467919 (50.6299%)
entry 3782000/7467919 (50.6433%)
entry 3783000/7467919 (50.6567%)
entry 3784000/7467919 (50.6701%)
entry 3785000/7467919 (50.6835%)
entry 3786000/7467919 (50.6969%)
entry 3788000/7467919 (50.7236%)
entry 3791000/7467919 (50.7638%)
entry 3793000/7467919 (50.7906%)
entry 3795000/7467919 (50.8174%)
entry 3797000/7467919 (50.8442%)
entry 3800000/7467919 (50.8843%)
entry 3801000/7467919 (50.8977%)
entry 3802000/7467919 (50.9111%)
entry 3803000/7467919 (50.9245%)
entry 3804000/7467919 (50.9379%)
entry 3805000/7467919 (50.9513%)
entry 3807000/7467919 (50.9781%)
entry 3809000/7467919 (51.0048%)
entry 3811000/7467919 (51.0316%)
entry 3813000/7467919 (51.0584%)
entry 3814000/7467919 (51.0718%)
entry 3816000/7467919 (51.0986%)
entry 3818000/7467919 (51.1254%)
entry 3819000/7467919 (51.1387%)
entry 3821000/7467919 (51.1655%)
entry 3822000/7467919 (51.1789%)
entry 3823000/7467919 (51.1923%)
entry 3824000/7467919 (51.2057%)
entry 3826000/7467919 (51.2325%)
entry 3828000/7467919 (51.2593%)
entry 3829000/7467919 (51.2726%)
entry 3830000/7467919 (51.286%)
entry 3831000/7467919 (51.2994%)
entry 3832000/7467919 (51.3128%)
entry 3833000/7467919 (51.3262%)
entry 3834000/7467919 (51.3396%)
entry 3835000/7467919 (51.353%)
entry 3836000/7467919 (51.3664%)
entry 3839000/7467919 (51.4066%)
entry 3840000/7467919 (51.4199%)
entry 3843000/7467919 (51.4601%)
entry 3844000/7467919 (51.4735%)
entry 3845000/7467919 (51.4869%)
entry 3846000/7467919 (51.5003%)
entry 3848000/7467919 (51.5271%)
entry 3849000/7467919 (51.5405%)
entry 3850000/7467919 (51.5539%)
entry 3851000/7467919 (51.5672%)
entry 3852000/7467919 (51.5806%)
entry 3853000/7467919 (51.594%)
entry 3854000/7467919 (51.6074%)
entry 3856000/7467919 (51.6342%)
entry 3858000/7467919 (51.661%)
entry 3859000/7467919 (51.6744%)
entry 3864000/7467919 (51.7413%)
entry 3865000/7467919 (51.7547%)
entry 3866000/7467919 (51.7681%)
entry 3868000/7467919 (51.7949%)
entry 3871000/7467919 (51.8351%)
entry 3872000/7467919 (51.8484%)
entry 3873000/7467919 (51.8618%)
entry 3874000/7467919 (51.8752%)
entry 3879000/7467919 (51.9422%)
entry 3880000/7467919 (51.9556%)
entry 3881000/7467919 (51.969%)
entry 3882000/7467919 (51.9824%)
entry 3884000/7467919 (52.0091%)
entry 3886000/7467919 (52.0359%)
entry 3889000/7467919 (52.0761%)
entry 3890000/7467919 (52.0895%)
entry 3892000/7467919 (52.1163%)
entry 3895000/7467919 (52.1564%)
entry 3896000/7467919 (52.1698%)
entry 3899000/7467919 (52.21%)
entry 3900000/7467919 (52.2234%)
entry 3903000/7467919 (52.2636%)
entry 3904000/7467919 (52.2769%)
entry 3906000/7467919 (52.3037%)
entry 3907000/7467919 (52.3171%)
entry 3908000/7467919 (52.3305%)
entry 3910000/7467919 (52.3573%)
entry 3911000/7467919 (52.3707%)
entry 3912000/7467919 (52.3841%)
entry 3914000/7467919 (52.4109%)
entry 3916000/7467919 (52.4376%)
entry 3917000/7467919 (52.451%)
entry 3919000/7467919 (52.4778%)
entry 3920000/7467919 (52.4912%)
entry 3925000/7467919 (52.5581%)
entry 3926000/7467919 (52.5715%)
entry 3927000/7467919 (52.5849%)
entry 3928000/7467919 (52.5983%)
entry 3929000/7467919 (52.6117%)
entry 3930000/7467919 (52.6251%)
entry 3931000/7467919 (52.6385%)
entry 3935000/7467919 (52.6921%)
entry 3936000/7467919 (52.7054%)
entry 3937000/7467919 (52.7188%)
entry 3938000/7467919 (52.7322%)
entry 3939000/7467919 (52.7456%)
entry 3940000/7467919 (52.759%)
entry 3941000/7467919 (52.7724%)
entry 3942000/7467919 (52.7858%)
entry 3944000/7467919 (52.8126%)
entry 3945000/7467919 (52.826%)
entry 3946000/7467919 (52.8394%)
entry 3947000/7467919 (52.8527%)
entry 3950000/7467919 (52.8929%)
entry 3951000/7467919 (52.9063%)
entry 3952000/7467919 (52.9197%)
entry 3954000/7467919 (52.9465%)
entry 3955000/7467919 (52.9599%)
entry 3958000/7467919 (53%)
entry 3962000/7467919 (53.0536%)
entry 3964000/7467919 (53.0804%)
entry 3965000/7467919 (53.0938%)
entry 3966000/7467919 (53.1072%)
entry 3968000/7467919 (53.1339%)
entry 3969000/7467919 (53.1473%)
entry 3970000/7467919 (53.1607%)
entry 3972000/7467919 (53.1875%)
entry 3975000/7467919 (53.2277%)
entry 3977000/7467919 (53.2545%)
entry 3978000/7467919 (53.2678%)
entry 3979000/7467919 (53.2812%)
entry 3980000/7467919 (53.2946%)
entry 3981000/7467919 (53.308%)
entry 3982000/7467919 (53.3214%)
entry 3983000/7467919 (53.3348%)
entry 3984000/7467919 (53.3482%)
entry 3987000/7467919 (53.3884%)
entry 3989000/7467919 (53.4151%)
entry 3990000/7467919 (53.4285%)
entry 3991000/7467919 (53.4419%)
entry 3993000/7467919 (53.4687%)
entry 3994000/7467919 (53.4821%)
entry 3995000/7467919 (53.4955%)
entry 3996000/7467919 (53.5089%)
entry 3997000/7467919 (53.5223%)
entry 3998000/7467919 (53.5357%)
entry 3999000/7467919 (53.5491%)
entry 4000000/7467919 (53.5624%)
entry 4001000/7467919 (53.5758%)
entry 4002000/7467919 (53.5892%)
entry 4003000/7467919 (53.6026%)
entry 4004000/7467919 (53.616%)
entry 4005000/7467919 (53.6294%)
entry 4006000/7467919 (53.6428%)
entry 4007000/7467919 (53.6562%)
entry 4008000/7467919 (53.6696%)
entry 4009000/7467919 (53.683%)
entry 4010000/7467919 (53.6964%)
entry 4011000/7467919 (53.7097%)
entry 4012000/7467919 (53.7231%)
entry 4013000/7467919 (53.7365%)
entry 4021000/7467919 (53.8436%)
entry 4022000/7467919 (53.857%)
entry 4023000/7467919 (53.8704%)
entry 4024000/7467919 (53.8838%)
entry 4027000/7467919 (53.924%)
entry 4028000/7467919 (53.9374%)
entry 4030000/7467919 (53.9642%)
entry 4032000/7467919 (53.9909%)
entry 4034000/7467919 (54.0177%)
entry 4035000/7467919 (54.0311%)
entry 4037000/7467919 (54.0579%)
entry 4038000/7467919 (54.0713%)
entry 4039000/7467919 (54.0847%)
entry 4041000/7467919 (54.1115%)
entry 4043000/7467919 (54.1382%)
entry 4044000/7467919 (54.1516%)
entry 4045000/7467919 (54.165%)
entry 4046000/7467919 (54.1784%)
entry 4047000/7467919 (54.1918%)
entry 4048000/7467919 (54.2052%)
entry 4049000/7467919 (54.2186%)
entry 4051000/7467919 (54.2454%)
entry 4054000/7467919 (54.2855%)
entry 4055000/7467919 (54.2989%)
entry 4056000/7467919 (54.3123%)
entry 4057000/7467919 (54.3257%)
entry 4059000/7467919 (54.3525%)
entry 4062000/7467919 (54.3927%)
entry 4065000/7467919 (54.4328%)
entry 4066000/7467919 (54.4462%)
entry 4069000/7467919 (54.4864%)
entry 4070000/7467919 (54.4998%)
entry 4071000/7467919 (54.5132%)
entry 4072000/7467919 (54.5266%)
entry 4073000/7467919 (54.54%)
entry 4075000/7467919 (54.5667%)
entry 4076000/7467919 (54.5801%)
entry 4079000/7467919 (54.6203%)
entry 4080000/7467919 (54.6337%)
entry 4081000/7467919 (54.6471%)
entry 4082000/7467919 (54.6605%)
entry 4083000/7467919 (54.6739%)
entry 4085000/7467919 (54.7006%)
entry 4086000/7467919 (54.714%)
entry 4087000/7467919 (54.7274%)
entry 4088000/7467919 (54.7408%)
entry 4089000/7467919 (54.7542%)
entry 4090000/7467919 (54.7676%)
entry 4092000/7467919 (54.7944%)
entry 4093000/7467919 (54.8078%)
entry 4094000/7467919 (54.8212%)
entry 4095000/7467919 (54.8346%)
entry 4096000/7467919 (54.8479%)
entry 4097000/7467919 (54.8613%)
entry 4100000/7467919 (54.9015%)
entry 4103000/7467919 (54.9417%)
entry 4104000/7467919 (54.9551%)
entry 4105000/7467919 (54.9685%)
entry 4106000/7467919 (54.9819%)
entry 4107000/7467919 (54.9952%)
entry 4108000/7467919 (55.0086%)
entry 4109000/7467919 (55.022%)
entry 4110000/7467919 (55.0354%)
entry 4112000/7467919 (55.0622%)
entry 4113000/7467919 (55.0756%)
entry 4115000/7467919 (55.1024%)
entry 4116000/7467919 (55.1158%)
entry 4118000/7467919 (55.1425%)
entry 4119000/7467919 (55.1559%)
entry 4120000/7467919 (55.1693%)
entry 4125000/7467919 (55.2363%)
entry 4127000/7467919 (55.2631%)
entry 4128000/7467919 (55.2764%)
entry 4129000/7467919 (55.2898%)
entry 4131000/7467919 (55.3166%)
entry 4133000/7467919 (55.3434%)
entry 4135000/7467919 (55.3702%)
entry 4137000/7467919 (55.397%)
entry 4138000/7467919 (55.4103%)
entry 4139000/7467919 (55.4237%)
entry 4142000/7467919 (55.4639%)
entry 4143000/7467919 (55.4773%)
entry 4145000/7467919 (55.5041%)
entry 4146000/7467919 (55.5175%)
entry 4147000/7467919 (55.5309%)
entry 4149000/7467919 (55.5576%)
entry 4150000/7467919 (55.571%)
entry 4151000/7467919 (55.5844%)
entry 4152000/7467919 (55.5978%)
entry 4153000/7467919 (55.6112%)
entry 4154000/7467919 (55.6246%)
entry 4155000/7467919 (55.638%)
entry 4156000/7467919 (55.6514%)
entry 4159000/7467919 (55.6916%)
entry 4160000/7467919 (55.7049%)
entry 4161000/7467919 (55.7183%)
entry 4163000/7467919 (55.7451%)
entry 4164000/7467919 (55.7585%)
entry 4165000/7467919 (55.7719%)
entry 4168000/7467919 (55.8121%)
entry 4171000/7467919 (55.8522%)
entry 4173000/7467919 (55.879%)
entry 4175000/7467919 (55.9058%)
entry 4176000/7467919 (55.9192%)
entry 4177000/7467919 (55.9326%)
entry 4178000/7467919 (55.946%)
entry 4179000/7467919 (55.9594%)
entry 4180000/7467919 (55.9728%)
entry 4181000/7467919 (55.9861%)
entry 4183000/7467919 (56.0129%)
entry 4184000/7467919 (56.0263%)
entry 4185000/7467919 (56.0397%)
entry 4186000/7467919 (56.0531%)
entry 4187000/7467919 (56.0665%)
entry 4189000/7467919 (56.0933%)
entry 4192000/7467919 (56.1334%)
entry 4194000/7467919 (56.1602%)
entry 4195000/7467919 (56.1736%)
entry 4198000/7467919 (56.2138%)
entry 4199000/7467919 (56.2272%)
entry 4200000/7467919 (56.2406%)
entry 4202000/7467919 (56.2674%)
entry 4205000/7467919 (56.3075%)
entry 4207000/7467919 (56.3343%)
entry 4208000/7467919 (56.3477%)
entry 4209000/7467919 (56.3611%)
entry 4213000/7467919 (56.4146%)
entry 4214000/7467919 (56.428%)
entry 4216000/7467919 (56.4548%)
entry 4218000/7467919 (56.4816%)
entry 4219000/7467919 (56.495%)
entry 4220000/7467919 (56.5084%)
entry 4221000/7467919 (56.5218%)
entry 4223000/7467919 (56.5486%)
entry 4226000/7467919 (56.5887%)
entry 4227000/7467919 (56.6021%)
entry 4228000/7467919 (56.6155%)
entry 4229000/7467919 (56.6289%)
entry 4230000/7467919 (56.6423%)
entry 4232000/7467919 (56.6691%)
entry 4233000/7467919 (56.6825%)
entry 4235000/7467919 (56.7092%)
entry 4239000/7467919 (56.7628%)
entry 4240000/7467919 (56.7762%)
entry 4241000/7467919 (56.7896%)
entry 4243000/7467919 (56.8164%)
entry 4245000/7467919 (56.8431%)
entry 4246000/7467919 (56.8565%)
entry 4247000/7467919 (56.8699%)
entry 4248000/7467919 (56.8833%)
entry 4249000/7467919 (56.8967%)
entry 4250000/7467919 (56.9101%)
entry 4251000/7467919 (56.9235%)
entry 4252000/7467919 (56.9369%)
entry 4253000/7467919 (56.9503%)
entry 4255000/7467919 (56.9771%)
entry 4258000/7467919 (57.0172%)
entry 4259000/7467919 (57.0306%)
entry 4261000/7467919 (57.0574%)
entry 4262000/7467919 (57.0708%)
entry 4263000/7467919 (57.0842%)
entry 4264000/7467919 (57.0976%)
entry 4265000/7467919 (57.111%)
entry 4266000/7467919 (57.1243%)
entry 4267000/7467919 (57.1377%)
entry 4268000/7467919 (57.1511%)
entry 4269000/7467919 (57.1645%)
entry 4271000/7467919 (57.1913%)
entry 4272000/7467919 (57.2047%)
entry 4273000/7467919 (57.2181%)
entry 4274000/7467919 (57.2315%)
entry 4275000/7467919 (57.2449%)
entry 4276000/7467919 (57.2583%)
entry 4277000/7467919 (57.2716%)
entry 4280000/7467919 (57.3118%)
entry 4281000/7467919 (57.3252%)
entry 4282000/7467919 (57.3386%)
entry 4283000/7467919 (57.352%)
entry 4284000/7467919 (57.3654%)
entry 4289000/7467919 (57.4323%)
entry 4292000/7467919 (57.4725%)
entry 4293000/7467919 (57.4859%)
entry 4295000/7467919 (57.5127%)
entry 4296000/7467919 (57.5261%)
entry 4298000/7467919 (57.5528%)
entry 4300000/7467919 (57.5796%)
entry 4302000/7467919 (57.6064%)
entry 4303000/7467919 (57.6198%)
entry 4306000/7467919 (57.66%)
entry 4307000/7467919 (57.6734%)
entry 4308000/7467919 (57.6868%)
entry 4309000/7467919 (57.7001%)
entry 4310000/7467919 (57.7135%)
entry 4311000/7467919 (57.7269%)
entry 4312000/7467919 (57.7403%)
entry 4313000/7467919 (57.7537%)
entry 4314000/7467919 (57.7671%)
entry 4315000/7467919 (57.7805%)
entry 4316000/7467919 (57.7939%)
entry 4320000/7467919 (57.8474%)
entry 4323000/7467919 (57.8876%)
entry 4324000/7467919 (57.901%)
entry 4325000/7467919 (57.9144%)
entry 4326000/7467919 (57.9278%)
entry 4328000/7467919 (57.9546%)
entry 4329000/7467919 (57.968%)
entry 4331000/7467919 (57.9947%)
entry 4334000/7467919 (58.0349%)
entry 4336000/7467919 (58.0617%)
entry 4337000/7467919 (58.0751%)
entry 4340000/7467919 (58.1152%)
entry 4341000/7467919 (58.1286%)
entry 4342000/7467919 (58.142%)
entry 4345000/7467919 (58.1822%)
entry 4346000/7467919 (58.1956%)
entry 4348000/7467919 (58.2224%)
entry 4349000/7467919 (58.2358%)
entry 4350000/7467919 (58.2492%)
entry 4351000/7467919 (58.2626%)
entry 4352000/7467919 (58.2759%)
entry 4353000/7467919 (58.2893%)
entry 4354000/7467919 (58.3027%)
entry 4355000/7467919 (58.3161%)
entry 4357000/7467919 (58.3429%)
entry 4358000/7467919 (58.3563%)
entry 4361000/7467919 (58.3965%)
entry 4362000/7467919 (58.4098%)
entry 4364000/7467919 (58.4366%)
entry 4365000/7467919 (58.45%)
entry 4366000/7467919 (58.4634%)
entry 4369000/7467919 (58.5036%)
entry 4370000/7467919 (58.517%)
entry 4371000/7467919 (58.5304%)
entry 4372000/7467919 (58.5438%)
entry 4373000/7467919 (58.5571%)
entry 4377000/7467919 (58.6107%)
entry 4378000/7467919 (58.6241%)
entry 4380000/7467919 (58.6509%)
entry 4382000/7467919 (58.6777%)
entry 4384000/7467919 (58.7044%)
entry 4386000/7467919 (58.7312%)
entry 4387000/7467919 (58.7446%)
entry 4389000/7467919 (58.7714%)
entry 4390000/7467919 (58.7848%)
entry 4391000/7467919 (58.7982%)
entry 4392000/7467919 (58.8116%)
entry 4393000/7467919 (58.825%)
entry 4394000/7467919 (58.8383%)
entry 4395000/7467919 (58.8517%)
entry 4396000/7467919 (58.8651%)
entry 4398000/7467919 (58.8919%)
entry 4399000/7467919 (58.9053%)
entry 4400000/7467919 (58.9187%)
entry 4401000/7467919 (58.9321%)
entry 4403000/7467919 (58.9589%)
entry 4404000/7467919 (58.9723%)
entry 4405000/7467919 (58.9856%)
entry 4406000/7467919 (58.999%)
entry 4409000/7467919 (59.0392%)
entry 4410000/7467919 (59.0526%)
entry 4412000/7467919 (59.0794%)
entry 4414000/7467919 (59.1062%)
entry 4416000/7467919 (59.1329%)
entry 4418000/7467919 (59.1597%)
entry 4420000/7467919 (59.1865%)
entry 4421000/7467919 (59.1999%)
entry 4422000/7467919 (59.2133%)
entry 4423000/7467919 (59.2267%)
entry 4424000/7467919 (59.2401%)
entry 4426000/7467919 (59.2668%)
entry 4427000/7467919 (59.2802%)
entry 4429000/7467919 (59.307%)
entry 4430000/7467919 (59.3204%)
entry 4432000/7467919 (59.3472%)
entry 4435000/7467919 (59.3874%)
entry 4437000/7467919 (59.4141%)
entry 4438000/7467919 (59.4275%)
entry 4439000/7467919 (59.4409%)
entry 4443000/7467919 (59.4945%)
entry 4444000/7467919 (59.5079%)
entry 4445000/7467919 (59.5213%)
entry 4448000/7467919 (59.5614%)
entry 4449000/7467919 (59.5748%)
entry 4450000/7467919 (59.5882%)
entry 4451000/7467919 (59.6016%)
entry 4452000/7467919 (59.615%)
entry 4453000/7467919 (59.6284%)
entry 4454000/7467919 (59.6418%)
entry 4455000/7467919 (59.6552%)
entry 4456000/7467919 (59.6686%)
entry 4457000/7467919 (59.682%)
entry 4458000/7467919 (59.6953%)
entry 4459000/7467919 (59.7087%)
entry 4460000/7467919 (59.7221%)
entry 4463000/7467919 (59.7623%)
entry 4464000/7467919 (59.7757%)
entry 4465000/7467919 (59.7891%)
entry 4466000/7467919 (59.8025%)
entry 4471000/7467919 (59.8694%)
entry 4472000/7467919 (59.8828%)
entry 4473000/7467919 (59.8962%)
entry 4474000/7467919 (59.9096%)
entry 4476000/7467919 (59.9364%)
entry 4479000/7467919 (59.9765%)
entry 4481000/7467919 (60.0033%)
entry 4482000/7467919 (60.0167%)
entry 4484000/7467919 (60.0435%)
entry 4486000/7467919 (60.0703%)
entry 4487000/7467919 (60.0837%)
entry 4488000/7467919 (60.0971%)
entry 4492000/7467919 (60.1506%)
entry 4493000/7467919 (60.164%)
entry 4494000/7467919 (60.1774%)
entry 4498000/7467919 (60.231%)
entry 4499000/7467919 (60.2444%)
entry 4501000/7467919 (60.2711%)
entry 4502000/7467919 (60.2845%)
entry 4504000/7467919 (60.3113%)
entry 4505000/7467919 (60.3247%)
entry 4506000/7467919 (60.3381%)
entry 4507000/7467919 (60.3515%)
entry 4508000/7467919 (60.3649%)
entry 4509000/7467919 (60.3783%)
entry 4511000/7467919 (60.405%)
entry 4512000/7467919 (60.4184%)
entry 4513000/7467919 (60.4318%)
entry 4514000/7467919 (60.4452%)
entry 4515000/7467919 (60.4586%)
entry 4517000/7467919 (60.4854%)
entry 4519000/7467919 (60.5122%)
entry 4520000/7467919 (60.5256%)
entry 4521000/7467919 (60.539%)
entry 4522000/7467919 (60.5523%)
entry 4524000/7467919 (60.5791%)
entry 4525000/7467919 (60.5925%)
entry 4527000/7467919 (60.6193%)
entry 4528000/7467919 (60.6327%)
entry 4530000/7467919 (60.6595%)
entry 4531000/7467919 (60.6729%)
entry 4532000/7467919 (60.6862%)
entry 4534000/7467919 (60.713%)
entry 4535000/7467919 (60.7264%)
entry 4536000/7467919 (60.7398%)
entry 4537000/7467919 (60.7532%)
entry 4539000/7467919 (60.78%)
entry 4540000/7467919 (60.7934%)
entry 4541000/7467919 (60.8068%)
entry 4542000/7467919 (60.8202%)
entry 4543000/7467919 (60.8335%)
entry 4544000/7467919 (60.8469%)
entry 4545000/7467919 (60.8603%)
entry 4546000/7467919 (60.8737%)
entry 4547000/7467919 (60.8871%)
entry 4549000/7467919 (60.9139%)
entry 4550000/7467919 (60.9273%)
entry 4552000/7467919 (60.9541%)
entry 4554000/7467919 (60.9808%)
entry 4555000/7467919 (60.9942%)
entry 4556000/7467919 (61.0076%)
entry 4557000/7467919 (61.021%)
entry 4558000/7467919 (61.0344%)
entry 4559000/7467919 (61.0478%)
entry 4561000/7467919 (61.0746%)
entry 4562000/7467919 (61.088%)
entry 4563000/7467919 (61.1014%)
entry 4564000/7467919 (61.1148%)
entry 4565000/7467919 (61.1281%)
entry 4567000/7467919 (61.1549%)
entry 4568000/7467919 (61.1683%)
entry 4570000/7467919 (61.1951%)
entry 4571000/7467919 (61.2085%)
entry 4573000/7467919 (61.2353%)
entry 4575000/7467919 (61.262%)
entry 4576000/7467919 (61.2754%)
entry 4577000/7467919 (61.2888%)
entry 4579000/7467919 (61.3156%)
entry 4580000/7467919 (61.329%)
entry 4583000/7467919 (61.3692%)
entry 4584000/7467919 (61.3826%)
entry 4585000/7467919 (61.396%)
entry 4586000/7467919 (61.4093%)
entry 4587000/7467919 (61.4227%)
entry 4588000/7467919 (61.4361%)
entry 4589000/7467919 (61.4495%)
entry 4591000/7467919 (61.4763%)
entry 4592000/7467919 (61.4897%)
entry 4595000/7467919 (61.5299%)
entry 4597000/7467919 (61.5566%)
entry 4598000/7467919 (61.57%)
entry 4599000/7467919 (61.5834%)
entry 4600000/7467919 (61.5968%)
entry 4601000/7467919 (61.6102%)
entry 4602000/7467919 (61.6236%)
entry 4604000/7467919 (61.6504%)
entry 4605000/7467919 (61.6638%)
entry 4606000/7467919 (61.6772%)
entry 4607000/7467919 (61.6905%)
entry 4609000/7467919 (61.7173%)
entry 4611000/7467919 (61.7441%)
entry 4612000/7467919 (61.7575%)
entry 4614000/7467919 (61.7843%)
entry 4615000/7467919 (61.7977%)
entry 4616000/7467919 (61.8111%)
entry 4617000/7467919 (61.8245%)
entry 4623000/7467919 (61.9048%)
entry 4624000/7467919 (61.9182%)
entry 4625000/7467919 (61.9316%)
entry 4628000/7467919 (61.9717%)
entry 4629000/7467919 (61.9851%)
entry 4631000/7467919 (62.0119%)
entry 4632000/7467919 (62.0253%)
entry 4633000/7467919 (62.0387%)
entry 4634000/7467919 (62.0521%)
entry 4635000/7467919 (62.0655%)
entry 4638000/7467919 (62.1057%)
entry 4639000/7467919 (62.119%)
entry 4640000/7467919 (62.1324%)
entry 4641000/7467919 (62.1458%)
entry 4642000/7467919 (62.1592%)
entry 4643000/7467919 (62.1726%)
entry 4644000/7467919 (62.186%)
entry 4646000/7467919 (62.2128%)
entry 4647000/7467919 (62.2262%)
entry 4649000/7467919 (62.253%)
entry 4652000/7467919 (62.2931%)
entry 4653000/7467919 (62.3065%)
entry 4656000/7467919 (62.3467%)
entry 4657000/7467919 (62.3601%)
entry 4658000/7467919 (62.3735%)
entry 4660000/7467919 (62.4002%)
entry 4661000/7467919 (62.4136%)
entry 4662000/7467919 (62.427%)
entry 4663000/7467919 (62.4404%)
entry 4664000/7467919 (62.4538%)
entry 4667000/7467919 (62.494%)
entry 4670000/7467919 (62.5342%)
entry 4674000/7467919 (62.5877%)
entry 4676000/7467919 (62.6145%)
entry 4677000/7467919 (62.6279%)
entry 4679000/7467919 (62.6547%)
entry 4680000/7467919 (62.6681%)
entry 4681000/7467919 (62.6814%)
entry 4682000/7467919 (62.6948%)
entry 4684000/7467919 (62.7216%)
entry 4685000/7467919 (62.735%)
entry 4687000/7467919 (62.7618%)
entry 4689000/7467919 (62.7886%)
entry 4690000/7467919 (62.802%)
entry 4691000/7467919 (62.8154%)
entry 4693000/7467919 (62.8421%)
entry 4694000/7467919 (62.8555%)
entry 4696000/7467919 (62.8823%)
entry 4697000/7467919 (62.8957%)
entry 4699000/7467919 (62.9225%)
entry 4701000/7467919 (62.9493%)
entry 4703000/7467919 (62.976%)
entry 4708000/7467919 (63.043%)
entry 4709000/7467919 (63.0564%)
entry 4710000/7467919 (63.0698%)
entry 4712000/7467919 (63.0966%)
entry 4713000/7467919 (63.11%)
entry 4714000/7467919 (63.1233%)
entry 4717000/7467919 (63.1635%)
entry 4718000/7467919 (63.1769%)
entry 4720000/7467919 (63.2037%)
entry 4725000/7467919 (63.2706%)
entry 4727000/7467919 (63.2974%)
entry 4731000/7467919 (63.351%)
entry 4732000/7467919 (63.3644%)
entry 4733000/7467919 (63.3778%)
entry 4734000/7467919 (63.3912%)
entry 4735000/7467919 (63.4045%)
entry 4738000/7467919 (63.4447%)
entry 4739000/7467919 (63.4581%)
entry 4742000/7467919 (63.4983%)
entry 4743000/7467919 (63.5117%)
entry 4747000/7467919 (63.5652%)
entry 4748000/7467919 (63.5786%)
entry 4749000/7467919 (63.592%)
entry 4750000/7467919 (63.6054%)
entry 4751000/7467919 (63.6188%)
entry 4752000/7467919 (63.6322%)
entry 4754000/7467919 (63.659%)
entry 4755000/7467919 (63.6724%)
entry 4756000/7467919 (63.6857%)
entry 4757000/7467919 (63.6991%)
entry 4758000/7467919 (63.7125%)
entry 4759000/7467919 (63.7259%)
entry 4760000/7467919 (63.7393%)
entry 4764000/7467919 (63.7929%)
entry 4766000/7467919 (63.8197%)
entry 4768000/7467919 (63.8464%)
entry 4769000/7467919 (63.8598%)
entry 4770000/7467919 (63.8732%)
entry 4772000/7467919 (63.9%)
entry 4773000/7467919 (63.9134%)
entry 4774000/7467919 (63.9268%)
entry 4776000/7467919 (63.9536%)
entry 4777000/7467919 (63.9669%)
entry 4778000/7467919 (63.9803%)
entry 4779000/7467919 (63.9937%)
entry 4780000/7467919 (64.0071%)
entry 4781000/7467919 (64.0205%)
entry 4783000/7467919 (64.0473%)
entry 4784000/7467919 (64.0607%)
entry 4786000/7467919 (64.0875%)
entry 4787000/7467919 (64.1009%)
entry 4788000/7467919 (64.1142%)
entry 4789000/7467919 (64.1276%)
entry 4791000/7467919 (64.1544%)
entry 4793000/7467919 (64.1812%)
entry 4794000/7467919 (64.1946%)
entry 4797000/7467919 (64.2348%)
entry 4798000/7467919 (64.2482%)
entry 4799000/7467919 (64.2615%)
entry 4800000/7467919 (64.2749%)
entry 4801000/7467919 (64.2883%)
entry 4803000/7467919 (64.3151%)
entry 4806000/7467919 (64.3553%)
entry 4807000/7467919 (64.3687%)
entry 4808000/7467919 (64.3821%)
entry 4809000/7467919 (64.3955%)
entry 4811000/7467919 (64.4222%)
entry 4812000/7467919 (64.4356%)
entry 4813000/7467919 (64.449%)
entry 4814000/7467919 (64.4624%)
entry 4815000/7467919 (64.4758%)
entry 4816000/7467919 (64.4892%)
entry 4817000/7467919 (64.5026%)
entry 4818000/7467919 (64.516%)
entry 4820000/7467919 (64.5427%)
entry 4822000/7467919 (64.5695%)
entry 4823000/7467919 (64.5829%)
entry 4824000/7467919 (64.5963%)
entry 4826000/7467919 (64.6231%)
entry 4827000/7467919 (64.6365%)
entry 4828000/7467919 (64.6499%)
entry 4829000/7467919 (64.6633%)
entry 4830000/7467919 (64.6767%)
entry 4832000/7467919 (64.7034%)
entry 4833000/7467919 (64.7168%)
entry 4834000/7467919 (64.7302%)
entry 4835000/7467919 (64.7436%)
entry 4836000/7467919 (64.757%)
entry 4838000/7467919 (64.7838%)
entry 4841000/7467919 (64.8239%)
entry 4843000/7467919 (64.8507%)
entry 4844000/7467919 (64.8641%)
entry 4848000/7467919 (64.9177%)
entry 4849000/7467919 (64.9311%)
entry 4852000/7467919 (64.9712%)
entry 4853000/7467919 (64.9846%)
entry 4854000/7467919 (64.998%)
entry 4855000/7467919 (65.0114%)
entry 4857000/7467919 (65.0382%)
entry 4858000/7467919 (65.0516%)
entry 4859000/7467919 (65.065%)
entry 4860000/7467919 (65.0784%)
entry 4861000/7467919 (65.0918%)
entry 4862000/7467919 (65.1052%)
entry 4864000/7467919 (65.1319%)
entry 4865000/7467919 (65.1453%)
entry 4866000/7467919 (65.1587%)
entry 4867000/7467919 (65.1721%)
entry 4868000/7467919 (65.1855%)
entry 4869000/7467919 (65.1989%)
entry 4870000/7467919 (65.2123%)
entry 4871000/7467919 (65.2257%)
entry 4872000/7467919 (65.2391%)
entry 4873000/7467919 (65.2524%)
entry 4874000/7467919 (65.2658%)
entry 4875000/7467919 (65.2792%)
entry 4877000/7467919 (65.306%)
entry 4879000/7467919 (65.3328%)
entry 4880000/7467919 (65.3462%)
entry 4881000/7467919 (65.3596%)
entry 4882000/7467919 (65.373%)
entry 4884000/7467919 (65.3997%)
entry 4885000/7467919 (65.4131%)
entry 4890000/7467919 (65.4801%)
entry 4891000/7467919 (65.4935%)
entry 4893000/7467919 (65.5203%)
entry 4894000/7467919 (65.5336%)
entry 4895000/7467919 (65.547%)
entry 4896000/7467919 (65.5604%)
entry 4897000/7467919 (65.5738%)
entry 4898000/7467919 (65.5872%)
entry 4904000/7467919 (65.6676%)
entry 4905000/7467919 (65.681%)
entry 4907000/7467919 (65.7077%)
entry 4908000/7467919 (65.7211%)
entry 4910000/7467919 (65.7479%)
entry 4911000/7467919 (65.7613%)
entry 4914000/7467919 (65.8015%)
entry 4915000/7467919 (65.8149%)
entry 4916000/7467919 (65.8282%)
entry 4917000/7467919 (65.8416%)
entry 4918000/7467919 (65.855%)
entry 4920000/7467919 (65.8818%)
entry 4921000/7467919 (65.8952%)
entry 4923000/7467919 (65.922%)
entry 4924000/7467919 (65.9354%)
entry 4925000/7467919 (65.9488%)
entry 4926000/7467919 (65.9622%)
entry 4927000/7467919 (65.9755%)
entry 4929000/7467919 (66.0023%)
entry 4930000/7467919 (66.0157%)
entry 4931000/7467919 (66.0291%)
entry 4932000/7467919 (66.0425%)
entry 4934000/7467919 (66.0693%)
entry 4936000/7467919 (66.0961%)
entry 4937000/7467919 (66.1094%)
entry 4939000/7467919 (66.1362%)
entry 4940000/7467919 (66.1496%)
entry 4941000/7467919 (66.163%)
entry 4943000/7467919 (66.1898%)
entry 4944000/7467919 (66.2032%)
entry 4946000/7467919 (66.23%)
entry 4947000/7467919 (66.2434%)
entry 4948000/7467919 (66.2567%)
entry 4949000/7467919 (66.2701%)
entry 4954000/7467919 (66.3371%)
entry 4956000/7467919 (66.3639%)
entry 4958000/7467919 (66.3907%)
entry 4959000/7467919 (66.404%)
entry 4960000/7467919 (66.4174%)
entry 4961000/7467919 (66.4308%)
entry 4963000/7467919 (66.4576%)
entry 4964000/7467919 (66.471%)
entry 4966000/7467919 (66.4978%)
entry 4967000/7467919 (66.5112%)
entry 4969000/7467919 (66.5379%)
entry 4970000/7467919 (66.5513%)
entry 4971000/7467919 (66.5647%)
entry 4972000/7467919 (66.5781%)
entry 4973000/7467919 (66.5915%)
entry 4974000/7467919 (66.6049%)
entry 4975000/7467919 (66.6183%)
entry 4977000/7467919 (66.6451%)
entry 4978000/7467919 (66.6585%)
entry 4980000/7467919 (66.6852%)
entry 4981000/7467919 (66.6986%)
entry 4983000/7467919 (66.7254%)
entry 4985000/7467919 (66.7522%)
entry 4986000/7467919 (66.7656%)
entry 4987000/7467919 (66.779%)
entry 4988000/7467919 (66.7924%)
entry 4989000/7467919 (66.8058%)
entry 4990000/7467919 (66.8191%)
entry 4991000/7467919 (66.8325%)
entry 4992000/7467919 (66.8459%)
entry 4993000/7467919 (66.8593%)
entry 4994000/7467919 (66.8727%)
entry 4995000/7467919 (66.8861%)
entry 4997000/7467919 (66.9129%)
entry 4999000/7467919 (66.9397%)
entry 5002000/7467919 (66.9798%)
entry 5003000/7467919 (66.9932%)
entry 5004000/7467919 (67.0066%)
entry 5005000/7467919 (67.02%)
entry 5006000/7467919 (67.0334%)
entry 5007000/7467919 (67.0468%)
entry 5008000/7467919 (67.0602%)
entry 5009000/7467919 (67.0736%)
entry 5011000/7467919 (67.1004%)
entry 5012000/7467919 (67.1137%)
entry 5013000/7467919 (67.1271%)
entry 5014000/7467919 (67.1405%)
entry 5015000/7467919 (67.1539%)
entry 5016000/7467919 (67.1673%)
entry 5019000/7467919 (67.2075%)
entry 5020000/7467919 (67.2209%)
entry 5022000/7467919 (67.2476%)
entry 5023000/7467919 (67.261%)
entry 5024000/7467919 (67.2744%)
entry 5025000/7467919 (67.2878%)
entry 5026000/7467919 (67.3012%)
entry 5027000/7467919 (67.3146%)
entry 5028000/7467919 (67.328%)
entry 5030000/7467919 (67.3548%)
entry 5031000/7467919 (67.3682%)
entry 5034000/7467919 (67.4083%)
entry 5035000/7467919 (67.4217%)
entry 5036000/7467919 (67.4351%)
entry 5038000/7467919 (67.4619%)
entry 5040000/7467919 (67.4887%)
entry 5046000/7467919 (67.569%)
entry 5047000/7467919 (67.5824%)
entry 5048000/7467919 (67.5958%)
entry 5049000/7467919 (67.6092%)
entry 5050000/7467919 (67.6226%)
entry 5052000/7467919 (67.6494%)
entry 5053000/7467919 (67.6628%)
entry 5054000/7467919 (67.6762%)
entry 5056000/7467919 (67.7029%)
entry 5057000/7467919 (67.7163%)
entry 5058000/7467919 (67.7297%)
entry 5059000/7467919 (67.7431%)
entry 5060000/7467919 (67.7565%)
entry 5061000/7467919 (67.7699%)
entry 5062000/7467919 (67.7833%)
entry 5065000/7467919 (67.8234%)
entry 5066000/7467919 (67.8368%)
entry 5067000/7467919 (67.8502%)
entry 5071000/7467919 (67.9038%)
entry 5073000/7467919 (67.9306%)
entry 5075000/7467919 (67.9574%)
entry 5077000/7467919 (67.9841%)
entry 5078000/7467919 (67.9975%)
entry 5080000/7467919 (68.0243%)
entry 5081000/7467919 (68.0377%)
entry 5082000/7467919 (68.0511%)
entry 5084000/7467919 (68.0779%)
entry 5085000/7467919 (68.0913%)
entry 5086000/7467919 (68.1046%)
entry 5087000/7467919 (68.118%)
entry 5089000/7467919 (68.1448%)
entry 5092000/7467919 (68.185%)
entry 5093000/7467919 (68.1984%)
entry 5094000/7467919 (68.2118%)
entry 5095000/7467919 (68.2252%)
entry 5096000/7467919 (68.2386%)
entry 5097000/7467919 (68.2519%)
entry 5098000/7467919 (68.2653%)
entry 5099000/7467919 (68.2787%)
entry 5102000/7467919 (68.3189%)
entry 5103000/7467919 (68.3323%)
entry 5104000/7467919 (68.3457%)
entry 5105000/7467919 (68.3591%)
entry 5106000/7467919 (68.3725%)
entry 5107000/7467919 (68.3859%)
entry 5108000/7467919 (68.3992%)
entry 5109000/7467919 (68.4126%)
entry 5110000/7467919 (68.426%)
entry 5111000/7467919 (68.4394%)
entry 5113000/7467919 (68.4662%)
entry 5114000/7467919 (68.4796%)
entry 5118000/7467919 (68.5331%)
entry 5119000/7467919 (68.5465%)
entry 5120000/7467919 (68.5599%)
entry 5121000/7467919 (68.5733%)
entry 5123000/7467919 (68.6001%)
entry 5125000/7467919 (68.6269%)
entry 5127000/7467919 (68.6537%)
entry 5128000/7467919 (68.6671%)
entry 5129000/7467919 (68.6804%)
entry 5130000/7467919 (68.6938%)
entry 5134000/7467919 (68.7474%)
entry 5135000/7467919 (68.7608%)
entry 5136000/7467919 (68.7742%)
entry 5137000/7467919 (68.7876%)
entry 5138000/7467919 (68.801%)
entry 5140000/7467919 (68.8277%)
entry 5141000/7467919 (68.8411%)
entry 5144000/7467919 (68.8813%)
entry 5146000/7467919 (68.9081%)
entry 5147000/7467919 (68.9215%)
entry 5148000/7467919 (68.9349%)
entry 5149000/7467919 (68.9483%)
entry 5151000/7467919 (68.975%)
entry 5152000/7467919 (68.9884%)
entry 5153000/7467919 (69.0018%)
entry 5154000/7467919 (69.0152%)
entry 5156000/7467919 (69.042%)
entry 5157000/7467919 (69.0554%)
entry 5158000/7467919 (69.0688%)
entry 5159000/7467919 (69.0822%)
entry 5160000/7467919 (69.0956%)
entry 5162000/7467919 (69.1223%)
entry 5165000/7467919 (69.1625%)
entry 5167000/7467919 (69.1893%)
entry 5168000/7467919 (69.2027%)
entry 5169000/7467919 (69.2161%)
entry 5176000/7467919 (69.3098%)
entry 5178000/7467919 (69.3366%)
entry 5179000/7467919 (69.35%)
entry 5180000/7467919 (69.3634%)
entry 5181000/7467919 (69.3768%)
entry 5182000/7467919 (69.3901%)
entry 5183000/7467919 (69.4035%)
entry 5185000/7467919 (69.4303%)
entry 5186000/7467919 (69.4437%)
entry 5187000/7467919 (69.4571%)
entry 5188000/7467919 (69.4705%)
entry 5189000/7467919 (69.4839%)
entry 5190000/7467919 (69.4973%)
entry 5191000/7467919 (69.5107%)
entry 5193000/7467919 (69.5374%)
entry 5195000/7467919 (69.5642%)
entry 5197000/7467919 (69.591%)
entry 5198000/7467919 (69.6044%)
entry 5200000/7467919 (69.6312%)
entry 5201000/7467919 (69.6446%)
entry 5203000/7467919 (69.6714%)
entry 5204000/7467919 (69.6847%)
entry 5206000/7467919 (69.7115%)
entry 5208000/7467919 (69.7383%)
entry 5210000/7467919 (69.7651%)
entry 5211000/7467919 (69.7785%)
entry 5213000/7467919 (69.8053%)
entry 5214000/7467919 (69.8186%)
entry 5215000/7467919 (69.832%)
entry 5216000/7467919 (69.8454%)
entry 5218000/7467919 (69.8722%)
entry 5219000/7467919 (69.8856%)
entry 5220000/7467919 (69.899%)
entry 5221000/7467919 (69.9124%)
entry 5224000/7467919 (69.9526%)
entry 5225000/7467919 (69.9659%)
entry 5227000/7467919 (69.9927%)
entry 5228000/7467919 (70.0061%)
entry 5229000/7467919 (70.0195%)
entry 5231000/7467919 (70.0463%)
entry 5232000/7467919 (70.0597%)
entry 5234000/7467919 (70.0865%)
entry 5236000/7467919 (70.1132%)
entry 5238000/7467919 (70.14%)
entry 5239000/7467919 (70.1534%)
entry 5240000/7467919 (70.1668%)
entry 5243000/7467919 (70.207%)
entry 5244000/7467919 (70.2204%)
entry 5246000/7467919 (70.2471%)
entry 5248000/7467919 (70.2739%)
entry 5249000/7467919 (70.2873%)
entry 5251000/7467919 (70.3141%)
entry 5252000/7467919 (70.3275%)
entry 5253000/7467919 (70.3409%)
entry 5254000/7467919 (70.3543%)
entry 5255000/7467919 (70.3677%)
entry 5256000/7467919 (70.3811%)
entry 5257000/7467919 (70.3944%)
entry 5261000/7467919 (70.448%)
entry 5264000/7467919 (70.4882%)
entry 5265000/7467919 (70.5016%)
entry 5270000/7467919 (70.5685%)
entry 5271000/7467919 (70.5819%)
entry 5272000/7467919 (70.5953%)
entry 5273000/7467919 (70.6087%)
entry 5277000/7467919 (70.6623%)
entry 5278000/7467919 (70.6756%)
entry 5279000/7467919 (70.689%)
entry 5280000/7467919 (70.7024%)
entry 5281000/7467919 (70.7158%)
entry 5282000/7467919 (70.7292%)
entry 5283000/7467919 (70.7426%)
entry 5284000/7467919 (70.756%)
entry 5287000/7467919 (70.7962%)
entry 5288000/7467919 (70.8096%)
entry 5289000/7467919 (70.8229%)
entry 5290000/7467919 (70.8363%)
entry 5291000/7467919 (70.8497%)
entry 5292000/7467919 (70.8631%)
entry 5293000/7467919 (70.8765%)
entry 5294000/7467919 (70.8899%)
entry 5295000/7467919 (70.9033%)
entry 5298000/7467919 (70.9435%)
entry 5299000/7467919 (70.9569%)
entry 5300000/7467919 (70.9702%)
entry 5301000/7467919 (70.9836%)
entry 5303000/7467919 (71.0104%)
entry 5304000/7467919 (71.0238%)
entry 5313000/7467919 (71.1443%)
entry 5314000/7467919 (71.1577%)
entry 5315000/7467919 (71.1711%)
entry 5316000/7467919 (71.1845%)
entry 5319000/7467919 (71.2247%)
entry 5321000/7467919 (71.2514%)
entry 5322000/7467919 (71.2648%)
entry 5324000/7467919 (71.2916%)
entry 5325000/7467919 (71.305%)
entry 5327000/7467919 (71.3318%)
entry 5328000/7467919 (71.3452%)
entry 5331000/7467919 (71.3853%)
entry 5333000/7467919 (71.4121%)
entry 5334000/7467919 (71.4255%)
entry 5337000/7467919 (71.4657%)
entry 5338000/7467919 (71.4791%)
entry 5342000/7467919 (71.5326%)
entry 5344000/7467919 (71.5594%)
entry 5345000/7467919 (71.5728%)
entry 5346000/7467919 (71.5862%)
entry 5348000/7467919 (71.613%)
entry 5350000/7467919 (71.6398%)
entry 5351000/7467919 (71.6532%)
entry 5353000/7467919 (71.6799%)
entry 5355000/7467919 (71.7067%)
entry 5356000/7467919 (71.7201%)
entry 5357000/7467919 (71.7335%)
entry 5358000/7467919 (71.7469%)
entry 5359000/7467919 (71.7603%)
entry 5360000/7467919 (71.7737%)
entry 5362000/7467919 (71.8005%)
entry 5363000/7467919 (71.8138%)
entry 5365000/7467919 (71.8406%)
entry 5368000/7467919 (71.8808%)
entry 5369000/7467919 (71.8942%)
entry 5370000/7467919 (71.9076%)
entry 5371000/7467919 (71.921%)
entry 5372000/7467919 (71.9344%)
entry 5376000/7467919 (71.9879%)
entry 5377000/7467919 (72.0013%)
entry 5378000/7467919 (72.0147%)
entry 5379000/7467919 (72.0281%)
entry 5380000/7467919 (72.0415%)
entry 5382000/7467919 (72.0683%)
entry 5384000/7467919 (72.095%)
entry 5390000/7467919 (72.1754%)
entry 5391000/7467919 (72.1888%)
entry 5392000/7467919 (72.2022%)
entry 5393000/7467919 (72.2156%)
entry 5394000/7467919 (72.229%)
entry 5395000/7467919 (72.2423%)
entry 5396000/7467919 (72.2557%)
entry 5397000/7467919 (72.2691%)
entry 5398000/7467919 (72.2825%)
entry 5399000/7467919 (72.2959%)
entry 5400000/7467919 (72.3093%)
entry 5401000/7467919 (72.3227%)
entry 5403000/7467919 (72.3495%)
entry 5404000/7467919 (72.3629%)
entry 5406000/7467919 (72.3896%)
entry 5407000/7467919 (72.403%)
entry 5408000/7467919 (72.4164%)
entry 5409000/7467919 (72.4298%)
entry 5410000/7467919 (72.4432%)
entry 5411000/7467919 (72.4566%)
entry 5412000/7467919 (72.47%)
entry 5413000/7467919 (72.4834%)
entry 5414000/7467919 (72.4968%)
entry 5415000/7467919 (72.5102%)
entry 5417000/7467919 (72.5369%)
entry 5418000/7467919 (72.5503%)
entry 5419000/7467919 (72.5637%)
entry 5420000/7467919 (72.5771%)
entry 5421000/7467919 (72.5905%)
entry 5422000/7467919 (72.6039%)
entry 5425000/7467919 (72.6441%)
entry 5426000/7467919 (72.6575%)
entry 5427000/7467919 (72.6708%)
entry 5428000/7467919 (72.6842%)
entry 5429000/7467919 (72.6976%)
entry 5430000/7467919 (72.711%)
entry 5432000/7467919 (72.7378%)
entry 5433000/7467919 (72.7512%)
entry 5434000/7467919 (72.7646%)
entry 5435000/7467919 (72.778%)
entry 5437000/7467919 (72.8048%)
entry 5439000/7467919 (72.8315%)
entry 5440000/7467919 (72.8449%)
entry 5441000/7467919 (72.8583%)
entry 5442000/7467919 (72.8717%)
entry 5443000/7467919 (72.8851%)
entry 5444000/7467919 (72.8985%)
entry 5445000/7467919 (72.9119%)
entry 5446000/7467919 (72.9253%)
entry 5447000/7467919 (72.9387%)
entry 5449000/7467919 (72.9654%)
entry 5452000/7467919 (73.0056%)
entry 5454000/7467919 (73.0324%)
entry 5455000/7467919 (73.0458%)
entry 5456000/7467919 (73.0592%)
entry 5457000/7467919 (73.0726%)
entry 5458000/7467919 (73.086%)
entry 5463000/7467919 (73.1529%)
entry 5464000/7467919 (73.1663%)
entry 5467000/7467919 (73.2065%)
entry 5472000/7467919 (73.2734%)
entry 5473000/7467919 (73.2868%)
entry 5474000/7467919 (73.3002%)
entry 5476000/7467919 (73.327%)
entry 5477000/7467919 (73.3404%)
entry 5478000/7467919 (73.3538%)
entry 5479000/7467919 (73.3672%)
entry 5485000/7467919 (73.4475%)
entry 5487000/7467919 (73.4743%)
entry 5489000/7467919 (73.5011%)
entry 5490000/7467919 (73.5145%)
entry 5491000/7467919 (73.5278%)
entry 5492000/7467919 (73.5412%)
entry 5493000/7467919 (73.5546%)
entry 5494000/7467919 (73.568%)
entry 5495000/7467919 (73.5814%)
entry 5497000/7467919 (73.6082%)
entry 5499000/7467919 (73.635%)
entry 5500000/7467919 (73.6484%)
entry 5501000/7467919 (73.6618%)
entry 5502000/7467919 (73.6751%)
entry 5503000/7467919 (73.6885%)
entry 5504000/7467919 (73.7019%)
entry 5507000/7467919 (73.7421%)
entry 5508000/7467919 (73.7555%)
entry 5509000/7467919 (73.7689%)
entry 5510000/7467919 (73.7823%)
entry 5512000/7467919 (73.8091%)
entry 5513000/7467919 (73.8224%)
entry 5514000/7467919 (73.8358%)
entry 5515000/7467919 (73.8492%)
entry 5518000/7467919 (73.8894%)
entry 5519000/7467919 (73.9028%)
entry 5520000/7467919 (73.9162%)
entry 5523000/7467919 (73.9563%)
entry 5524000/7467919 (73.9697%)
entry 5526000/7467919 (73.9965%)
entry 5527000/7467919 (74.0099%)
entry 5528000/7467919 (74.0233%)
entry 5529000/7467919 (74.0367%)
entry 5531000/7467919 (74.0635%)
entry 5534000/7467919 (74.1036%)
entry 5536000/7467919 (74.1304%)
entry 5537000/7467919 (74.1438%)
entry 5538000/7467919 (74.1572%)
entry 5539000/7467919 (74.1706%)
entry 5542000/7467919 (74.2108%)
entry 5543000/7467919 (74.2242%)
entry 5545000/7467919 (74.2509%)
entry 5546000/7467919 (74.2643%)
entry 5547000/7467919 (74.2777%)
entry 5549000/7467919 (74.3045%)
entry 5550000/7467919 (74.3179%)
entry 5551000/7467919 (74.3313%)
entry 5552000/7467919 (74.3447%)
entry 5554000/7467919 (74.3715%)
entry 5555000/7467919 (74.3848%)
entry 5557000/7467919 (74.4116%)
entry 5558000/7467919 (74.425%)
entry 5559000/7467919 (74.4384%)
entry 5561000/7467919 (74.4652%)
entry 5562000/7467919 (74.4786%)
entry 5563000/7467919 (74.492%)
entry 5564000/7467919 (74.5054%)
entry 5565000/7467919 (74.5188%)
entry 5566000/7467919 (74.5321%)
entry 5567000/7467919 (74.5455%)
entry 5570000/7467919 (74.5857%)
entry 5571000/7467919 (74.5991%)
entry 5572000/7467919 (74.6125%)
entry 5573000/7467919 (74.6259%)
entry 5574000/7467919 (74.6393%)
entry 5579000/7467919 (74.7062%)
entry 5580000/7467919 (74.7196%)
entry 5581000/7467919 (74.733%)
entry 5583000/7467919 (74.7598%)
entry 5585000/7467919 (74.7866%)
entry 5587000/7467919 (74.8133%)
entry 5591000/7467919 (74.8669%)
entry 5592000/7467919 (74.8803%)
entry 5594000/7467919 (74.9071%)
entry 5597000/7467919 (74.9472%)
entry 5598000/7467919 (74.9606%)
entry 5599000/7467919 (74.974%)
entry 5601000/7467919 (75.0008%)
entry 5602000/7467919 (75.0142%)
entry 5603000/7467919 (75.0276%)
entry 5604000/7467919 (75.041%)
entry 5606000/7467919 (75.0678%)
entry 5607000/7467919 (75.0812%)
entry 5608000/7467919 (75.0945%)
entry 5609000/7467919 (75.1079%)
entry 5611000/7467919 (75.1347%)
entry 5612000/7467919 (75.1481%)
entry 5613000/7467919 (75.1615%)
entry 5614000/7467919 (75.1749%)
entry 5615000/7467919 (75.1883%)
entry 5616000/7467919 (75.2017%)
entry 5617000/7467919 (75.2151%)
entry 5618000/7467919 (75.2285%)
entry 5619000/7467919 (75.2418%)
entry 5620000/7467919 (75.2552%)
entry 5622000/7467919 (75.282%)
entry 5623000/7467919 (75.2954%)
entry 5624000/7467919 (75.3088%)
entry 5625000/7467919 (75.3222%)
entry 5626000/7467919 (75.3356%)
entry 5629000/7467919 (75.3757%)
entry 5630000/7467919 (75.3891%)
entry 5631000/7467919 (75.4025%)
entry 5633000/7467919 (75.4293%)
entry 5635000/7467919 (75.4561%)
entry 5637000/7467919 (75.4829%)
entry 5638000/7467919 (75.4963%)
entry 5639000/7467919 (75.5097%)
entry 5642000/7467919 (75.5498%)
entry 5643000/7467919 (75.5632%)
entry 5644000/7467919 (75.5766%)
entry 5645000/7467919 (75.59%)
entry 5646000/7467919 (75.6034%)
entry 5647000/7467919 (75.6168%)
entry 5649000/7467919 (75.6436%)
entry 5650000/7467919 (75.657%)
entry 5652000/7467919 (75.6837%)
entry 5653000/7467919 (75.6971%)
entry 5654000/7467919 (75.7105%)
entry 5655000/7467919 (75.7239%)
entry 5656000/7467919 (75.7373%)
entry 5657000/7467919 (75.7507%)
entry 5658000/7467919 (75.7641%)
entry 5659000/7467919 (75.7775%)
entry 5660000/7467919 (75.7909%)
entry 5661000/7467919 (75.8043%)
entry 5662000/7467919 (75.8176%)
entry 5663000/7467919 (75.831%)
entry 5664000/7467919 (75.8444%)
entry 5665000/7467919 (75.8578%)
entry 5667000/7467919 (75.8846%)
entry 5669000/7467919 (75.9114%)
entry 5671000/7467919 (75.9382%)
entry 5672000/7467919 (75.9515%)
entry 5674000/7467919 (75.9783%)
entry 5675000/7467919 (75.9917%)
entry 5676000/7467919 (76.0051%)
entry 5678000/7467919 (76.0319%)
entry 5679000/7467919 (76.0453%)
entry 5680000/7467919 (76.0587%)
entry 5682000/7467919 (76.0855%)
entry 5684000/7467919 (76.1122%)
entry 5688000/7467919 (76.1658%)
entry 5689000/7467919 (76.1792%)
entry 5690000/7467919 (76.1926%)
entry 5692000/7467919 (76.2194%)
entry 5693000/7467919 (76.2327%)
entry 5694000/7467919 (76.2461%)
entry 5695000/7467919 (76.2595%)
entry 5696000/7467919 (76.2729%)
entry 5697000/7467919 (76.2863%)
entry 5698000/7467919 (76.2997%)
entry 5700000/7467919 (76.3265%)
entry 5702000/7467919 (76.3533%)
entry 5703000/7467919 (76.3667%)
entry 5704000/7467919 (76.38%)
entry 5707000/7467919 (76.4202%)
entry 5709000/7467919 (76.447%)
entry 5711000/7467919 (76.4738%)
entry 5713000/7467919 (76.5006%)
entry 5714000/7467919 (76.514%)
entry 5716000/7467919 (76.5407%)
entry 5717000/7467919 (76.5541%)
entry 5720000/7467919 (76.5943%)
entry 5722000/7467919 (76.6211%)
entry 5725000/7467919 (76.6612%)
entry 5726000/7467919 (76.6746%)
entry 5727000/7467919 (76.688%)
entry 5728000/7467919 (76.7014%)
entry 5730000/7467919 (76.7282%)
entry 5731000/7467919 (76.7416%)
entry 5732000/7467919 (76.755%)
entry 5734000/7467919 (76.7818%)
entry 5735000/7467919 (76.7952%)
entry 5736000/7467919 (76.8085%)
entry 5738000/7467919 (76.8353%)
entry 5739000/7467919 (76.8487%)
entry 5740000/7467919 (76.8621%)
entry 5741000/7467919 (76.8755%)
entry 5742000/7467919 (76.8889%)
entry 5744000/7467919 (76.9157%)
entry 5746000/7467919 (76.9424%)
entry 5747000/7467919 (76.9558%)
entry 5748000/7467919 (76.9692%)
entry 5750000/7467919 (76.996%)
entry 5751000/7467919 (77.0094%)
entry 5752000/7467919 (77.0228%)
entry 5754000/7467919 (77.0496%)
entry 5755000/7467919 (77.063%)
entry 5756000/7467919 (77.0764%)
entry 5757000/7467919 (77.0898%)
entry 5760000/7467919 (77.1299%)
entry 5761000/7467919 (77.1433%)
entry 5763000/7467919 (77.1701%)
entry 5765000/7467919 (77.1969%)
entry 5766000/7467919 (77.2103%)
entry 5770000/7467919 (77.2638%)
entry 5772000/7467919 (77.2906%)
entry 5773000/7467919 (77.304%)
entry 5774000/7467919 (77.3174%)
entry 5775000/7467919 (77.3308%)
entry 5777000/7467919 (77.3576%)
entry 5779000/7467919 (77.3843%)
entry 5780000/7467919 (77.3977%)
entry 5781000/7467919 (77.4111%)
entry 5783000/7467919 (77.4379%)
entry 5786000/7467919 (77.4781%)
entry 5787000/7467919 (77.4915%)
entry 5788000/7467919 (77.5049%)
entry 5791000/7467919 (77.545%)
entry 5792000/7467919 (77.5584%)
entry 5793000/7467919 (77.5718%)
entry 5794000/7467919 (77.5852%)
entry 5797000/7467919 (77.6254%)
entry 5798000/7467919 (77.6388%)
entry 5799000/7467919 (77.6522%)
entry 5800000/7467919 (77.6655%)
entry 5801000/7467919 (77.6789%)
entry 5802000/7467919 (77.6923%)
entry 5803000/7467919 (77.7057%)
entry 5804000/7467919 (77.7191%)
entry 5806000/7467919 (77.7459%)
entry 5807000/7467919 (77.7593%)
entry 5808000/7467919 (77.7727%)
entry 5809000/7467919 (77.7861%)
entry 5810000/7467919 (77.7995%)
entry 5811000/7467919 (77.8128%)
entry 5812000/7467919 (77.8262%)
entry 5813000/7467919 (77.8396%)
entry 5815000/7467919 (77.8664%)
entry 5816000/7467919 (77.8798%)
entry 5817000/7467919 (77.8932%)
entry 5819000/7467919 (77.92%)
entry 5821000/7467919 (77.9467%)
entry 5822000/7467919 (77.9601%)
entry 5824000/7467919 (77.9869%)
entry 5825000/7467919 (78.0003%)
entry 5829000/7467919 (78.0539%)
entry 5830000/7467919 (78.0673%)
entry 5832000/7467919 (78.094%)
entry 5833000/7467919 (78.1074%)
entry 5835000/7467919 (78.1342%)
entry 5838000/7467919 (78.1744%)
entry 5839000/7467919 (78.1878%)
entry 5841000/7467919 (78.2146%)
entry 5842000/7467919 (78.2279%)
entry 5845000/7467919 (78.2681%)
entry 5847000/7467919 (78.2949%)
entry 5848000/7467919 (78.3083%)
entry 5850000/7467919 (78.3351%)
entry 5852000/7467919 (78.3619%)
entry 5853000/7467919 (78.3753%)
entry 5855000/7467919 (78.402%)
entry 5856000/7467919 (78.4154%)
entry 5857000/7467919 (78.4288%)
entry 5860000/7467919 (78.469%)
entry 5861000/7467919 (78.4824%)
entry 5865000/7467919 (78.5359%)
entry 5868000/7467919 (78.5761%)
entry 5875000/7467919 (78.6698%)
entry 5877000/7467919 (78.6966%)
entry 5878000/7467919 (78.71%)
entry 5879000/7467919 (78.7234%)
entry 5880000/7467919 (78.7368%)
entry 5883000/7467919 (78.777%)
entry 5884000/7467919 (78.7904%)
entry 5885000/7467919 (78.8037%)
entry 5886000/7467919 (78.8171%)
entry 5887000/7467919 (78.8305%)
entry 5889000/7467919 (78.8573%)
entry 5891000/7467919 (78.8841%)
entry 5892000/7467919 (78.8975%)
entry 5893000/7467919 (78.9109%)
entry 5895000/7467919 (78.9377%)
entry 5897000/7467919 (78.9644%)
entry 5898000/7467919 (78.9778%)
entry 5899000/7467919 (78.9912%)
entry 5900000/7467919 (79.0046%)
entry 5901000/7467919 (79.018%)
entry 5902000/7467919 (79.0314%)
entry 5904000/7467919 (79.0582%)
entry 5905000/7467919 (79.0716%)
entry 5907000/7467919 (79.0983%)
entry 5908000/7467919 (79.1117%)
entry 5909000/7467919 (79.1251%)
entry 5910000/7467919 (79.1385%)
entry 5911000/7467919 (79.1519%)
entry 5912000/7467919 (79.1653%)
entry 5914000/7467919 (79.1921%)
entry 5915000/7467919 (79.2055%)
entry 5916000/7467919 (79.2189%)
entry 5918000/7467919 (79.2456%)
entry 5920000/7467919 (79.2724%)
entry 5922000/7467919 (79.2992%)
entry 5923000/7467919 (79.3126%)
entry 5924000/7467919 (79.326%)
entry 5925000/7467919 (79.3394%)
entry 5926000/7467919 (79.3528%)
entry 5928000/7467919 (79.3795%)
entry 5930000/7467919 (79.4063%)
entry 5931000/7467919 (79.4197%)
entry 5932000/7467919 (79.4331%)
entry 5934000/7467919 (79.4599%)
entry 5935000/7467919 (79.4733%)
entry 5936000/7467919 (79.4867%)
entry 5938000/7467919 (79.5134%)
entry 5939000/7467919 (79.5268%)
entry 5940000/7467919 (79.5402%)
entry 5942000/7467919 (79.567%)
entry 5943000/7467919 (79.5804%)
entry 5945000/7467919 (79.6072%)
entry 5946000/7467919 (79.6206%)
entry 5948000/7467919 (79.6474%)
entry 5950000/7467919 (79.6741%)
entry 5951000/7467919 (79.6875%)
entry 5952000/7467919 (79.7009%)
entry 5953000/7467919 (79.7143%)
entry 5954000/7467919 (79.7277%)
entry 5955000/7467919 (79.7411%)
entry 5956000/7467919 (79.7545%)
entry 5957000/7467919 (79.7679%)
entry 5960000/7467919 (79.808%)
entry 5961000/7467919 (79.8214%)
entry 5964000/7467919 (79.8616%)
entry 5965000/7467919 (79.875%)
entry 5966000/7467919 (79.8884%)
entry 5969000/7467919 (79.9286%)
entry 5970000/7467919 (79.9419%)
entry 5974000/7467919 (79.9955%)
entry 5975000/7467919 (80.0089%)
entry 5976000/7467919 (80.0223%)
entry 5978000/7467919 (80.0491%)
entry 5981000/7467919 (80.0892%)
entry 5982000/7467919 (80.1026%)
entry 5983000/7467919 (80.116%)
entry 5984000/7467919 (80.1294%)
entry 5986000/7467919 (80.1562%)
entry 5987000/7467919 (80.1696%)
entry 5988000/7467919 (80.183%)
entry 5989000/7467919 (80.1964%)
entry 5990000/7467919 (80.2098%)
entry 5991000/7467919 (80.2231%)
entry 5992000/7467919 (80.2365%)
entry 5993000/7467919 (80.2499%)
entry 5995000/7467919 (80.2767%)
entry 5996000/7467919 (80.2901%)
entry 5997000/7467919 (80.3035%)
entry 6002000/7467919 (80.3705%)
entry 6003000/7467919 (80.3838%)
entry 6004000/7467919 (80.3972%)
entry 6005000/7467919 (80.4106%)
entry 6007000/7467919 (80.4374%)
entry 6008000/7467919 (80.4508%)
entry 6010000/7467919 (80.4776%)
entry 6012000/7467919 (80.5044%)
entry 6013000/7467919 (80.5177%)
entry 6015000/7467919 (80.5445%)
entry 6017000/7467919 (80.5713%)
entry 6018000/7467919 (80.5847%)
entry 6019000/7467919 (80.5981%)
entry 6020000/7467919 (80.6115%)
entry 6022000/7467919 (80.6383%)
entry 6023000/7467919 (80.6517%)
entry 6024000/7467919 (80.665%)
entry 6026000/7467919 (80.6918%)
entry 6027000/7467919 (80.7052%)
entry 6030000/7467919 (80.7454%)
entry 6031000/7467919 (80.7588%)
entry 6036000/7467919 (80.8257%)
entry 6038000/7467919 (80.8525%)
entry 6040000/7467919 (80.8793%)
entry 6041000/7467919 (80.8927%)
entry 6044000/7467919 (80.9329%)
entry 6047000/7467919 (80.973%)
entry 6049000/7467919 (80.9998%)
entry 6050000/7467919 (81.0132%)
entry 6051000/7467919 (81.0266%)
entry 6053000/7467919 (81.0534%)
entry 6054000/7467919 (81.0668%)
entry 6055000/7467919 (81.0802%)
entry 6056000/7467919 (81.0935%)
entry 6057000/7467919 (81.1069%)
entry 6058000/7467919 (81.1203%)
entry 6059000/7467919 (81.1337%)
entry 6060000/7467919 (81.1471%)
entry 6061000/7467919 (81.1605%)
entry 6062000/7467919 (81.1739%)
entry 6063000/7467919 (81.1873%)
entry 6064000/7467919 (81.2007%)
entry 6065000/7467919 (81.2141%)
entry 6066000/7467919 (81.2274%)
entry 6068000/7467919 (81.2542%)
entry 6069000/7467919 (81.2676%)
entry 6071000/7467919 (81.2944%)
entry 6072000/7467919 (81.3078%)
entry 6074000/7467919 (81.3346%)
entry 6076000/7467919 (81.3614%)
entry 6077000/7467919 (81.3747%)
entry 6078000/7467919 (81.3881%)
entry 6079000/7467919 (81.4015%)
entry 6082000/7467919 (81.4417%)
entry 6083000/7467919 (81.4551%)
entry 6084000/7467919 (81.4685%)
entry 6088000/7467919 (81.522%)
entry 6091000/7467919 (81.5622%)
entry 6092000/7467919 (81.5756%)
entry 6093000/7467919 (81.589%)
entry 6094000/7467919 (81.6024%)
entry 6097000/7467919 (81.6426%)
entry 6098000/7467919 (81.6559%)
entry 6099000/7467919 (81.6693%)
entry 6100000/7467919 (81.6827%)
entry 6103000/7467919 (81.7229%)
entry 6105000/7467919 (81.7497%)
entry 6107000/7467919 (81.7765%)
entry 6108000/7467919 (81.7899%)
entry 6110000/7467919 (81.8166%)
entry 6111000/7467919 (81.83%)
entry 6112000/7467919 (81.8434%)
entry 6113000/7467919 (81.8568%)
entry 6115000/7467919 (81.8836%)
entry 6116000/7467919 (81.897%)
entry 6117000/7467919 (81.9104%)
entry 6123000/7467919 (81.9907%)
entry 6124000/7467919 (82.0041%)
entry 6125000/7467919 (82.0175%)
entry 6126000/7467919 (82.0309%)
entry 6129000/7467919 (82.0711%)
entry 6131000/7467919 (82.0978%)
entry 6133000/7467919 (82.1246%)
entry 6134000/7467919 (82.138%)
entry 6136000/7467919 (82.1648%)
entry 6138000/7467919 (82.1916%)
entry 6139000/7467919 (82.205%)
entry 6142000/7467919 (82.2451%)
entry 6145000/7467919 (82.2853%)
entry 6148000/7467919 (82.3255%)
entry 6151000/7467919 (82.3656%)
entry 6152000/7467919 (82.379%)
entry 6153000/7467919 (82.3924%)
entry 6156000/7467919 (82.4326%)
entry 6157000/7467919 (82.446%)
entry 6158000/7467919 (82.4594%)
entry 6159000/7467919 (82.4728%)
entry 6162000/7467919 (82.5129%)
entry 6163000/7467919 (82.5263%)
entry 6165000/7467919 (82.5531%)
entry 6166000/7467919 (82.5665%)
entry 6168000/7467919 (82.5933%)
entry 6169000/7467919 (82.6067%)
entry 6170000/7467919 (82.6201%)
entry 6171000/7467919 (82.6335%)
entry 6173000/7467919 (82.6602%)
entry 6175000/7467919 (82.687%)
entry 6176000/7467919 (82.7004%)
entry 6177000/7467919 (82.7138%)
entry 6178000/7467919 (82.7272%)
entry 6182000/7467919 (82.7808%)
entry 6183000/7467919 (82.7941%)
entry 6184000/7467919 (82.8075%)
entry 6187000/7467919 (82.8477%)
entry 6188000/7467919 (82.8611%)
entry 6189000/7467919 (82.8745%)
entry 6190000/7467919 (82.8879%)
entry 6194000/7467919 (82.9414%)
entry 6195000/7467919 (82.9548%)
entry 6197000/7467919 (82.9816%)
entry 6198000/7467919 (82.995%)
entry 6199000/7467919 (83.0084%)
entry 6201000/7467919 (83.0352%)
entry 6204000/7467919 (83.0754%)
entry 6206000/7467919 (83.1021%)
entry 6207000/7467919 (83.1155%)
entry 6208000/7467919 (83.1289%)
entry 6209000/7467919 (83.1423%)
entry 6210000/7467919 (83.1557%)
entry 6211000/7467919 (83.1691%)
entry 6214000/7467919 (83.2093%)
entry 6215000/7467919 (83.2227%)
entry 6216000/7467919 (83.236%)
entry 6217000/7467919 (83.2494%)
entry 6219000/7467919 (83.2762%)
entry 6220000/7467919 (83.2896%)
entry 6223000/7467919 (83.3298%)
entry 6224000/7467919 (83.3432%)
entry 6228000/7467919 (83.3967%)
entry 6229000/7467919 (83.4101%)
entry 6230000/7467919 (83.4235%)
entry 6232000/7467919 (83.4503%)
entry 6233000/7467919 (83.4637%)
entry 6234000/7467919 (83.4771%)
entry 6236000/7467919 (83.5039%)
entry 6237000/7467919 (83.5172%)
entry 6240000/7467919 (83.5574%)
entry 6242000/7467919 (83.5842%)
entry 6243000/7467919 (83.5976%)
entry 6244000/7467919 (83.611%)
entry 6245000/7467919 (83.6244%)
entry 6246000/7467919 (83.6378%)
entry 6248000/7467919 (83.6645%)
entry 6249000/7467919 (83.6779%)
entry 6250000/7467919 (83.6913%)
entry 6251000/7467919 (83.7047%)
entry 6252000/7467919 (83.7181%)
entry 6253000/7467919 (83.7315%)
entry 6255000/7467919 (83.7583%)
entry 6257000/7467919 (83.7851%)
entry 6259000/7467919 (83.8118%)
entry 6261000/7467919 (83.8386%)
entry 6262000/7467919 (83.852%)
entry 6263000/7467919 (83.8654%)
entry 6266000/7467919 (83.9056%)
entry 6267000/7467919 (83.919%)
entry 6270000/7467919 (83.9591%)
entry 6271000/7467919 (83.9725%)
entry 6273000/7467919 (83.9993%)
entry 6275000/7467919 (84.0261%)
entry 6276000/7467919 (84.0395%)
entry 6277000/7467919 (84.0529%)
entry 6278000/7467919 (84.0663%)
entry 6280000/7467919 (84.093%)
entry 6281000/7467919 (84.1064%)
entry 6282000/7467919 (84.1198%)
entry 6283000/7467919 (84.1332%)
entry 6285000/7467919 (84.16%)
entry 6287000/7467919 (84.1868%)
entry 6289000/7467919 (84.2136%)
entry 6290000/7467919 (84.2269%)
entry 6292000/7467919 (84.2537%)
entry 6293000/7467919 (84.2671%)
entry 6295000/7467919 (84.2939%)
entry 6296000/7467919 (84.3073%)
entry 6297000/7467919 (84.3207%)
entry 6298000/7467919 (84.3341%)
entry 6299000/7467919 (84.3475%)
entry 6300000/7467919 (84.3608%)
entry 6302000/7467919 (84.3876%)
entry 6306000/7467919 (84.4412%)
entry 6307000/7467919 (84.4546%)
entry 6308000/7467919 (84.468%)
entry 6310000/7467919 (84.4948%)
entry 6311000/7467919 (84.5081%)
entry 6312000/7467919 (84.5215%)
entry 6314000/7467919 (84.5483%)
entry 6315000/7467919 (84.5617%)
entry 6316000/7467919 (84.5751%)
entry 6318000/7467919 (84.6019%)
entry 6320000/7467919 (84.6287%)
entry 6321000/7467919 (84.6421%)
entry 6323000/7467919 (84.6688%)
entry 6324000/7467919 (84.6822%)
entry 6325000/7467919 (84.6956%)
entry 6326000/7467919 (84.709%)
entry 6327000/7467919 (84.7224%)
entry 6329000/7467919 (84.7492%)
entry 6330000/7467919 (84.7626%)
entry 6331000/7467919 (84.776%)
entry 6332000/7467919 (84.7893%)
entry 6335000/7467919 (84.8295%)
entry 6336000/7467919 (84.8429%)
entry 6339000/7467919 (84.8831%)
entry 6343000/7467919 (84.9366%)
entry 6345000/7467919 (84.9634%)
entry 6346000/7467919 (84.9768%)
entry 6347000/7467919 (84.9902%)
entry 6348000/7467919 (85.0036%)
entry 6350000/7467919 (85.0304%)
entry 6351000/7467919 (85.0438%)
entry 6352000/7467919 (85.0572%)
entry 6353000/7467919 (85.0706%)
entry 6356000/7467919 (85.1107%)
entry 6359000/7467919 (85.1509%)
entry 6360000/7467919 (85.1643%)
entry 6362000/7467919 (85.1911%)
entry 6363000/7467919 (85.2045%)
entry 6364000/7467919 (85.2179%)
entry 6366000/7467919 (85.2446%)
entry 6367000/7467919 (85.258%)
entry 6371000/7467919 (85.3116%)
entry 6373000/7467919 (85.3384%)
entry 6374000/7467919 (85.3518%)
entry 6376000/7467919 (85.3785%)
entry 6378000/7467919 (85.4053%)
entry 6379000/7467919 (85.4187%)
entry 6380000/7467919 (85.4321%)
entry 6381000/7467919 (85.4455%)
entry 6383000/7467919 (85.4723%)
entry 6384000/7467919 (85.4857%)
entry 6385000/7467919 (85.4991%)
entry 6386000/7467919 (85.5124%)
entry 6387000/7467919 (85.5258%)
entry 6388000/7467919 (85.5392%)
entry 6389000/7467919 (85.5526%)
entry 6390000/7467919 (85.566%)
entry 6391000/7467919 (85.5794%)
entry 6392000/7467919 (85.5928%)
entry 6393000/7467919 (85.6062%)
entry 6394000/7467919 (85.6196%)
entry 6395000/7467919 (85.633%)
entry 6396000/7467919 (85.6463%)
entry 6397000/7467919 (85.6597%)
entry 6398000/7467919 (85.6731%)
entry 6400000/7467919 (85.6999%)
entry 6404000/7467919 (85.7535%)
entry 6405000/7467919 (85.7669%)
entry 6406000/7467919 (85.7803%)
entry 6407000/7467919 (85.7936%)
entry 6408000/7467919 (85.807%)
entry 6409000/7467919 (85.8204%)
entry 6412000/7467919 (85.8606%)
entry 6413000/7467919 (85.874%)
entry 6415000/7467919 (85.9008%)
entry 6416000/7467919 (85.9142%)
entry 6417000/7467919 (85.9276%)
entry 6418000/7467919 (85.9409%)
entry 6419000/7467919 (85.9543%)
entry 6420000/7467919 (85.9677%)
entry 6421000/7467919 (85.9811%)
entry 6423000/7467919 (86.0079%)
entry 6424000/7467919 (86.0213%)
entry 6425000/7467919 (86.0347%)
entry 6428000/7467919 (86.0748%)
entry 6430000/7467919 (86.1016%)
entry 6431000/7467919 (86.115%)
entry 6432000/7467919 (86.1284%)
entry 6433000/7467919 (86.1418%)
entry 6434000/7467919 (86.1552%)
entry 6436000/7467919 (86.182%)
entry 6439000/7467919 (86.2221%)
entry 6441000/7467919 (86.2489%)
entry 6443000/7467919 (86.2757%)
entry 6444000/7467919 (86.2891%)
entry 6447000/7467919 (86.3293%)
entry 6448000/7467919 (86.3427%)
entry 6450000/7467919 (86.3694%)
entry 6452000/7467919 (86.3962%)
entry 6454000/7467919 (86.423%)
entry 6455000/7467919 (86.4364%)
entry 6457000/7467919 (86.4632%)
entry 6458000/7467919 (86.4766%)
entry 6460000/7467919 (86.5034%)
entry 6462000/7467919 (86.5301%)
entry 6463000/7467919 (86.5435%)
entry 6464000/7467919 (86.5569%)
entry 6465000/7467919 (86.5703%)
entry 6466000/7467919 (86.5837%)
entry 6468000/7467919 (86.6105%)
entry 6469000/7467919 (86.6239%)
entry 6472000/7467919 (86.664%)
entry 6474000/7467919 (86.6908%)
entry 6475000/7467919 (86.7042%)
entry 6477000/7467919 (86.731%)
entry 6479000/7467919 (86.7578%)
entry 6480000/7467919 (86.7712%)
entry 6481000/7467919 (86.7846%)
entry 6482000/7467919 (86.7979%)
entry 6483000/7467919 (86.8113%)
entry 6484000/7467919 (86.8247%)
entry 6486000/7467919 (86.8515%)
entry 6488000/7467919 (86.8783%)
entry 6490000/7467919 (86.9051%)
entry 6491000/7467919 (86.9185%)
entry 6492000/7467919 (86.9318%)
entry 6493000/7467919 (86.9452%)
entry 6498000/7467919 (87.0122%)
entry 6499000/7467919 (87.0256%)
entry 6500000/7467919 (87.039%)
entry 6501000/7467919 (87.0524%)
entry 6503000/7467919 (87.0791%)
entry 6504000/7467919 (87.0925%)
entry 6505000/7467919 (87.1059%)
entry 6506000/7467919 (87.1193%)
entry 6507000/7467919 (87.1327%)
entry 6508000/7467919 (87.1461%)
entry 6511000/7467919 (87.1863%)
entry 6512000/7467919 (87.1997%)
entry 6514000/7467919 (87.2264%)
entry 6515000/7467919 (87.2398%)
entry 6516000/7467919 (87.2532%)
entry 6518000/7467919 (87.28%)
entry 6522000/7467919 (87.3336%)
entry 6523000/7467919 (87.347%)
entry 6524000/7467919 (87.3603%)
entry 6528000/7467919 (87.4139%)
entry 6529000/7467919 (87.4273%)
entry 6530000/7467919 (87.4407%)
entry 6531000/7467919 (87.4541%)
entry 6533000/7467919 (87.4809%)
entry 6534000/7467919 (87.4943%)
entry 6535000/7467919 (87.5076%)
entry 6536000/7467919 (87.521%)
entry 6537000/7467919 (87.5344%)
entry 6538000/7467919 (87.5478%)
entry 6539000/7467919 (87.5612%)
entry 6541000/7467919 (87.588%)
entry 6542000/7467919 (87.6014%)
entry 6543000/7467919 (87.6148%)
entry 6545000/7467919 (87.6415%)
entry 6546000/7467919 (87.6549%)
entry 6547000/7467919 (87.6683%)
entry 6549000/7467919 (87.6951%)
entry 6550000/7467919 (87.7085%)
entry 6552000/7467919 (87.7353%)
entry 6553000/7467919 (87.7487%)
entry 6558000/7467919 (87.8156%)
entry 6560000/7467919 (87.8424%)
entry 6561000/7467919 (87.8558%)
entry 6563000/7467919 (87.8826%)
entry 6567000/7467919 (87.9361%)
entry 6568000/7467919 (87.9495%)
entry 6569000/7467919 (87.9629%)
entry 6571000/7467919 (87.9897%)
entry 6572000/7467919 (88.0031%)
entry 6573000/7467919 (88.0165%)
entry 6574000/7467919 (88.0299%)
entry 6575000/7467919 (88.0433%)
entry 6576000/7467919 (88.0567%)
entry 6577000/7467919 (88.0701%)
entry 6578000/7467919 (88.0834%)
entry 6579000/7467919 (88.0968%)
entry 6581000/7467919 (88.1236%)
entry 6582000/7467919 (88.137%)
entry 6583000/7467919 (88.1504%)
entry 6584000/7467919 (88.1638%)
entry 6585000/7467919 (88.1772%)
entry 6586000/7467919 (88.1906%)
entry 6587000/7467919 (88.204%)
entry 6588000/7467919 (88.2173%)
entry 6590000/7467919 (88.2441%)
entry 6591000/7467919 (88.2575%)
entry 6592000/7467919 (88.2709%)
entry 6593000/7467919 (88.2843%)
entry 6594000/7467919 (88.2977%)
entry 6598000/7467919 (88.3513%)
entry 6599000/7467919 (88.3646%)
entry 6600000/7467919 (88.378%)
entry 6602000/7467919 (88.4048%)
entry 6605000/7467919 (88.445%)
entry 6606000/7467919 (88.4584%)
entry 6608000/7467919 (88.4852%)
entry 6609000/7467919 (88.4986%)
entry 6611000/7467919 (88.5253%)
entry 6614000/7467919 (88.5655%)
entry 6615000/7467919 (88.5789%)
entry 6617000/7467919 (88.6057%)
entry 6618000/7467919 (88.6191%)
entry 6619000/7467919 (88.6325%)
entry 6620000/7467919 (88.6458%)
entry 6621000/7467919 (88.6592%)
entry 6623000/7467919 (88.686%)
entry 6624000/7467919 (88.6994%)
entry 6627000/7467919 (88.7396%)
entry 6628000/7467919 (88.753%)
entry 6630000/7467919 (88.7798%)
entry 6631000/7467919 (88.7931%)
entry 6632000/7467919 (88.8065%)
entry 6634000/7467919 (88.8333%)
entry 6635000/7467919 (88.8467%)
entry 6637000/7467919 (88.8735%)
entry 6638000/7467919 (88.8869%)
entry 6639000/7467919 (88.9003%)
entry 6640000/7467919 (88.9137%)
entry 6641000/7467919 (88.927%)
entry 6643000/7467919 (88.9538%)
entry 6644000/7467919 (88.9672%)
entry 6645000/7467919 (88.9806%)
entry 6648000/7467919 (89.0208%)
entry 6649000/7467919 (89.0342%)
entry 6650000/7467919 (89.0476%)
entry 6651000/7467919 (89.061%)
entry 6653000/7467919 (89.0877%)
entry 6656000/7467919 (89.1279%)
entry 6658000/7467919 (89.1547%)
entry 6661000/7467919 (89.1949%)
entry 6663000/7467919 (89.2216%)
entry 6664000/7467919 (89.235%)
entry 6665000/7467919 (89.2484%)
entry 6666000/7467919 (89.2618%)
entry 6667000/7467919 (89.2752%)
entry 6669000/7467919 (89.302%)
entry 6670000/7467919 (89.3154%)
entry 6672000/7467919 (89.3422%)
entry 6673000/7467919 (89.3555%)
entry 6674000/7467919 (89.3689%)
entry 6677000/7467919 (89.4091%)
entry 6678000/7467919 (89.4225%)
entry 6680000/7467919 (89.4493%)
entry 6681000/7467919 (89.4627%)
entry 6682000/7467919 (89.4761%)
entry 6683000/7467919 (89.4895%)
entry 6685000/7467919 (89.5162%)
entry 6686000/7467919 (89.5296%)
entry 6692000/7467919 (89.61%)
entry 6693000/7467919 (89.6234%)
entry 6696000/7467919 (89.6635%)
entry 6697000/7467919 (89.6769%)
entry 6699000/7467919 (89.7037%)
entry 6701000/7467919 (89.7305%)
entry 6703000/7467919 (89.7573%)
entry 6704000/7467919 (89.7707%)
entry 6705000/7467919 (89.784%)
entry 6706000/7467919 (89.7974%)
entry 6708000/7467919 (89.8242%)
entry 6709000/7467919 (89.8376%)
entry 6710000/7467919 (89.851%)
entry 6711000/7467919 (89.8644%)
entry 6713000/7467919 (89.8912%)
entry 6714000/7467919 (89.9046%)
entry 6716000/7467919 (89.9313%)
entry 6717000/7467919 (89.9447%)
entry 6718000/7467919 (89.9581%)
entry 6719000/7467919 (89.9715%)
entry 6720000/7467919 (89.9849%)
entry 6721000/7467919 (89.9983%)
entry 6722000/7467919 (90.0117%)
entry 6723000/7467919 (90.0251%)
entry 6728000/7467919 (90.092%)
entry 6729000/7467919 (90.1054%)
entry 6736000/7467919 (90.1992%)
entry 6737000/7467919 (90.2125%)
entry 6738000/7467919 (90.2259%)
entry 6739000/7467919 (90.2393%)
entry 6741000/7467919 (90.2661%)
entry 6743000/7467919 (90.2929%)
entry 6744000/7467919 (90.3063%)
entry 6745000/7467919 (90.3197%)
entry 6746000/7467919 (90.3331%)
entry 6748000/7467919 (90.3598%)
entry 6749000/7467919 (90.3732%)
entry 6753000/7467919 (90.4268%)
entry 6754000/7467919 (90.4402%)
entry 6756000/7467919 (90.467%)
entry 6757000/7467919 (90.4804%)
entry 6759000/7467919 (90.5071%)
entry 6760000/7467919 (90.5205%)
entry 6761000/7467919 (90.5339%)
entry 6763000/7467919 (90.5607%)
entry 6764000/7467919 (90.5741%)
entry 6765000/7467919 (90.5875%)
entry 6766000/7467919 (90.6009%)
entry 6767000/7467919 (90.6143%)
entry 6769000/7467919 (90.641%)
entry 6770000/7467919 (90.6544%)
entry 6771000/7467919 (90.6678%)
entry 6772000/7467919 (90.6812%)
entry 6774000/7467919 (90.708%)
entry 6775000/7467919 (90.7214%)
entry 6778000/7467919 (90.7616%)
entry 6779000/7467919 (90.775%)
entry 6781000/7467919 (90.8017%)
entry 6782000/7467919 (90.8151%)
entry 6783000/7467919 (90.8285%)
entry 6786000/7467919 (90.8687%)
entry 6787000/7467919 (90.8821%)
entry 6788000/7467919 (90.8955%)
entry 6790000/7467919 (90.9222%)
entry 6791000/7467919 (90.9356%)
entry 6794000/7467919 (90.9758%)
entry 6795000/7467919 (90.9892%)
entry 6798000/7467919 (91.0294%)
entry 6800000/7467919 (91.0562%)
entry 6801000/7467919 (91.0695%)
entry 6802000/7467919 (91.0829%)
entry 6803000/7467919 (91.0963%)
entry 6804000/7467919 (91.1097%)
entry 6805000/7467919 (91.1231%)
entry 6806000/7467919 (91.1365%)
entry 6809000/7467919 (91.1767%)
entry 6810000/7467919 (91.1901%)
entry 6811000/7467919 (91.2035%)
entry 6812000/7467919 (91.2168%)
entry 6813000/7467919 (91.2302%)
entry 6815000/7467919 (91.257%)
entry 6816000/7467919 (91.2704%)
entry 6818000/7467919 (91.2972%)
entry 6819000/7467919 (91.3106%)
entry 6821000/7467919 (91.3374%)
entry 6823000/7467919 (91.3641%)
entry 6824000/7467919 (91.3775%)
entry 6825000/7467919 (91.3909%)
entry 6826000/7467919 (91.4043%)
entry 6830000/7467919 (91.4579%)
entry 6831000/7467919 (91.4713%)
entry 6832000/7467919 (91.4847%)
entry 6833000/7467919 (91.498%)
entry 6834000/7467919 (91.5114%)
entry 6837000/7467919 (91.5516%)
entry 6838000/7467919 (91.565%)
entry 6841000/7467919 (91.6052%)
entry 6842000/7467919 (91.6186%)
entry 6844000/7467919 (91.6453%)
entry 6846000/7467919 (91.6721%)
entry 6847000/7467919 (91.6855%)
entry 6848000/7467919 (91.6989%)
entry 6849000/7467919 (91.7123%)
entry 6851000/7467919 (91.7391%)
entry 6852000/7467919 (91.7525%)
entry 6853000/7467919 (91.7659%)
entry 6854000/7467919 (91.7792%)
entry 6856000/7467919 (91.806%)
entry 6857000/7467919 (91.8194%)
entry 6859000/7467919 (91.8462%)
entry 6860000/7467919 (91.8596%)
entry 6861000/7467919 (91.873%)
entry 6862000/7467919 (91.8864%)
entry 6863000/7467919 (91.8998%)
entry 6864000/7467919 (91.9132%)
entry 6865000/7467919 (91.9265%)
entry 6868000/7467919 (91.9667%)
entry 6870000/7467919 (91.9935%)
entry 6872000/7467919 (92.0203%)
entry 6873000/7467919 (92.0337%)
entry 6874000/7467919 (92.0471%)
entry 6876000/7467919 (92.0738%)
entry 6877000/7467919 (92.0872%)
entry 6879000/7467919 (92.114%)
entry 6881000/7467919 (92.1408%)
entry 6882000/7467919 (92.1542%)
entry 6885000/7467919 (92.1944%)
entry 6886000/7467919 (92.2077%)
entry 6887000/7467919 (92.2211%)
entry 6888000/7467919 (92.2345%)
entry 6889000/7467919 (92.2479%)
entry 6891000/7467919 (92.2747%)
entry 6893000/7467919 (92.3015%)
entry 6894000/7467919 (92.3149%)
entry 6895000/7467919 (92.3283%)
entry 6896000/7467919 (92.3417%)
entry 6898000/7467919 (92.3684%)
entry 6901000/7467919 (92.4086%)
entry 6903000/7467919 (92.4354%)
entry 6904000/7467919 (92.4488%)
entry 6905000/7467919 (92.4622%)
entry 6907000/7467919 (92.489%)
entry 6910000/7467919 (92.5291%)
entry 6911000/7467919 (92.5425%)
entry 6912000/7467919 (92.5559%)
entry 6915000/7467919 (92.5961%)
entry 6916000/7467919 (92.6095%)
entry 6918000/7467919 (92.6362%)
entry 6921000/7467919 (92.6764%)
entry 6923000/7467919 (92.7032%)
entry 6926000/7467919 (92.7434%)
entry 6927000/7467919 (92.7568%)
entry 6928000/7467919 (92.7702%)
entry 6929000/7467919 (92.7835%)
entry 6933000/7467919 (92.8371%)
entry 6935000/7467919 (92.8639%)
entry 6937000/7467919 (92.8907%)
entry 6939000/7467919 (92.9175%)
entry 6941000/7467919 (92.9442%)
entry 6943000/7467919 (92.971%)
entry 6944000/7467919 (92.9844%)
entry 6945000/7467919 (92.9978%)
entry 6948000/7467919 (93.038%)
entry 6952000/7467919 (93.0915%)
entry 6954000/7467919 (93.1183%)
entry 6956000/7467919 (93.1451%)
entry 6957000/7467919 (93.1585%)
entry 6958000/7467919 (93.1719%)
entry 6959000/7467919 (93.1853%)
entry 6961000/7467919 (93.212%)
entry 6962000/7467919 (93.2254%)
entry 6963000/7467919 (93.2388%)
entry 6964000/7467919 (93.2522%)
entry 6965000/7467919 (93.2656%)
entry 6967000/7467919 (93.2924%)
entry 6968000/7467919 (93.3058%)
entry 6970000/7467919 (93.3326%)
entry 6972000/7467919 (93.3593%)
entry 6977000/7467919 (93.4263%)
entry 6979000/7467919 (93.4531%)
entry 6980000/7467919 (93.4665%)
entry 6981000/7467919 (93.4799%)
entry 6982000/7467919 (93.4932%)
entry 6985000/7467919 (93.5334%)
entry 6987000/7467919 (93.5602%)
entry 6988000/7467919 (93.5736%)
entry 6990000/7467919 (93.6004%)
entry 6991000/7467919 (93.6138%)
entry 6992000/7467919 (93.6272%)
entry 6993000/7467919 (93.6405%)
entry 6994000/7467919 (93.6539%)
entry 6995000/7467919 (93.6673%)
entry 6996000/7467919 (93.6807%)
entry 6997000/7467919 (93.6941%)
entry 6998000/7467919 (93.7075%)
entry 6999000/7467919 (93.7209%)
entry 7000000/7467919 (93.7343%)
entry 7001000/7467919 (93.7477%)
entry 7004000/7467919 (93.7878%)
entry 7005000/7467919 (93.8012%)
entry 7006000/7467919 (93.8146%)
entry 7007000/7467919 (93.828%)
entry 7008000/7467919 (93.8414%)
entry 7009000/7467919 (93.8548%)
entry 7010000/7467919 (93.8682%)
entry 7011000/7467919 (93.8816%)
entry 7012000/7467919 (93.895%)
entry 7013000/7467919 (93.9084%)
entry 7014000/7467919 (93.9217%)
entry 7016000/7467919 (93.9485%)
entry 7017000/7467919 (93.9619%)
entry 7019000/7467919 (93.9887%)
entry 7020000/7467919 (94.0021%)
entry 7021000/7467919 (94.0155%)
entry 7022000/7467919 (94.0289%)
entry 7023000/7467919 (94.0423%)
entry 7024000/7467919 (94.0557%)
entry 7025000/7467919 (94.069%)
entry 7026000/7467919 (94.0824%)
entry 7027000/7467919 (94.0958%)
entry 7028000/7467919 (94.1092%)
entry 7029000/7467919 (94.1226%)
entry 7030000/7467919 (94.136%)
entry 7031000/7467919 (94.1494%)
entry 7033000/7467919 (94.1762%)
entry 7034000/7467919 (94.1896%)
entry 7035000/7467919 (94.2029%)
entry 7036000/7467919 (94.2163%)
entry 7037000/7467919 (94.2297%)
entry 7040000/7467919 (94.2699%)
entry 7041000/7467919 (94.2833%)
entry 7042000/7467919 (94.2967%)
entry 7044000/7467919 (94.3235%)
entry 7045000/7467919 (94.3369%)
entry 7046000/7467919 (94.3502%)
entry 7047000/7467919 (94.3636%)
entry 7048000/7467919 (94.377%)
entry 7049000/7467919 (94.3904%)
entry 7050000/7467919 (94.4038%)
entry 7052000/7467919 (94.4306%)
entry 7053000/7467919 (94.444%)
entry 7055000/7467919 (94.4708%)
entry 7056000/7467919 (94.4842%)
entry 7057000/7467919 (94.4975%)
entry 7058000/7467919 (94.5109%)
entry 7059000/7467919 (94.5243%)
entry 7060000/7467919 (94.5377%)
entry 7062000/7467919 (94.5645%)
entry 7067000/7467919 (94.6315%)
entry 7068000/7467919 (94.6448%)
entry 7069000/7467919 (94.6582%)
entry 7070000/7467919 (94.6716%)
entry 7071000/7467919 (94.685%)
entry 7073000/7467919 (94.7118%)
entry 7076000/7467919 (94.752%)
entry 7077000/7467919 (94.7654%)
entry 7078000/7467919 (94.7787%)
entry 7080000/7467919 (94.8055%)
entry 7081000/7467919 (94.8189%)
entry 7084000/7467919 (94.8591%)
entry 7086000/7467919 (94.8859%)
entry 7087000/7467919 (94.8993%)
entry 7091000/7467919 (94.9528%)
entry 7094000/7467919 (94.993%)
entry 7096000/7467919 (95.0198%)
entry 7097000/7467919 (95.0332%)
entry 7098000/7467919 (95.0466%)
entry 7101000/7467919 (95.0867%)
entry 7103000/7467919 (95.1135%)
entry 7105000/7467919 (95.1403%)
entry 7106000/7467919 (95.1537%)
entry 7107000/7467919 (95.1671%)
entry 7110000/7467919 (95.2072%)
entry 7112000/7467919 (95.234%)
entry 7113000/7467919 (95.2474%)
entry 7114000/7467919 (95.2608%)
entry 7115000/7467919 (95.2742%)
entry 7116000/7467919 (95.2876%)
entry 7117000/7467919 (95.301%)
entry 7118000/7467919 (95.3144%)
entry 7119000/7467919 (95.3278%)
entry 7120000/7467919 (95.3412%)
entry 7121000/7467919 (95.3545%)
entry 7122000/7467919 (95.3679%)
entry 7123000/7467919 (95.3813%)
entry 7124000/7467919 (95.3947%)
entry 7126000/7467919 (95.4215%)
entry 7127000/7467919 (95.4349%)
entry 7129000/7467919 (95.4617%)
entry 7131000/7467919 (95.4884%)
entry 7135000/7467919 (95.542%)
entry 7136000/7467919 (95.5554%)
entry 7139000/7467919 (95.5956%)
entry 7140000/7467919 (95.609%)
entry 7141000/7467919 (95.6224%)
entry 7142000/7467919 (95.6357%)
entry 7144000/7467919 (95.6625%)
entry 7146000/7467919 (95.6893%)
entry 7147000/7467919 (95.7027%)
entry 7150000/7467919 (95.7429%)
entry 7151000/7467919 (95.7563%)
entry 7152000/7467919 (95.7696%)
entry 7153000/7467919 (95.783%)
entry 7154000/7467919 (95.7964%)
entry 7156000/7467919 (95.8232%)
entry 7157000/7467919 (95.8366%)
entry 7158000/7467919 (95.85%)
entry 7160000/7467919 (95.8768%)
entry 7162000/7467919 (95.9036%)
entry 7163000/7467919 (95.917%)
entry 7164000/7467919 (95.9303%)
entry 7165000/7467919 (95.9437%)
entry 7166000/7467919 (95.9571%)
entry 7170000/7467919 (96.0107%)
entry 7172000/7467919 (96.0375%)
entry 7173000/7467919 (96.0509%)
entry 7174000/7467919 (96.0642%)
entry 7175000/7467919 (96.0776%)
entry 7177000/7467919 (96.1044%)
entry 7178000/7467919 (96.1178%)
entry 7179000/7467919 (96.1312%)
entry 7180000/7467919 (96.1446%)
entry 7183000/7467919 (96.1848%)
entry 7184000/7467919 (96.1982%)
entry 7187000/7467919 (96.2383%)
entry 7189000/7467919 (96.2651%)
entry 7190000/7467919 (96.2785%)
entry 7191000/7467919 (96.2919%)
entry 7193000/7467919 (96.3187%)
entry 7195000/7467919 (96.3454%)
entry 7196000/7467919 (96.3588%)
entry 7199000/7467919 (96.399%)
entry 7201000/7467919 (96.4258%)
entry 7202000/7467919 (96.4392%)
entry 7203000/7467919 (96.4526%)
entry 7204000/7467919 (96.466%)
entry 7205000/7467919 (96.4794%)
entry 7206000/7467919 (96.4927%)
entry 7207000/7467919 (96.5061%)
entry 7208000/7467919 (96.5195%)
entry 7211000/7467919 (96.5597%)
entry 7212000/7467919 (96.5731%)
entry 7214000/7467919 (96.5999%)
entry 7215000/7467919 (96.6133%)
entry 7217000/7467919 (96.64%)
entry 7220000/7467919 (96.6802%)
entry 7221000/7467919 (96.6936%)
entry 7223000/7467919 (96.7204%)
entry 7224000/7467919 (96.7338%)
entry 7225000/7467919 (96.7472%)
entry 7226000/7467919 (96.7606%)
entry 7227000/7467919 (96.7739%)
entry 7228000/7467919 (96.7873%)
entry 7229000/7467919 (96.8007%)
entry 7230000/7467919 (96.8141%)
entry 7236000/7467919 (96.8945%)
entry 7237000/7467919 (96.9079%)
entry 7238000/7467919 (96.9212%)
entry 7240000/7467919 (96.948%)
entry 7241000/7467919 (96.9614%)
entry 7245000/7467919 (97.015%)
entry 7247000/7467919 (97.0418%)
entry 7249000/7467919 (97.0685%)
entry 7251000/7467919 (97.0953%)
entry 7253000/7467919 (97.1221%)
entry 7254000/7467919 (97.1355%)
entry 7256000/7467919 (97.1623%)
entry 7260000/7467919 (97.2158%)
entry 7261000/7467919 (97.2292%)
entry 7264000/7467919 (97.2694%)
entry 7265000/7467919 (97.2828%)
entry 7266000/7467919 (97.2962%)
entry 7267000/7467919 (97.3096%)
entry 7268000/7467919 (97.323%)
entry 7269000/7467919 (97.3364%)
entry 7270000/7467919 (97.3497%)
entry 7271000/7467919 (97.3631%)
entry 7273000/7467919 (97.3899%)
entry 7274000/7467919 (97.4033%)
entry 7275000/7467919 (97.4167%)
entry 7278000/7467919 (97.4569%)
entry 7279000/7467919 (97.4703%)
entry 7282000/7467919 (97.5104%)
entry 7285000/7467919 (97.5506%)
entry 7286000/7467919 (97.564%)
entry 7287000/7467919 (97.5774%)
entry 7290000/7467919 (97.6176%)
entry 7291000/7467919 (97.6309%)
entry 7292000/7467919 (97.6443%)
entry 7293000/7467919 (97.6577%)
entry 7295000/7467919 (97.6845%)
entry 7296000/7467919 (97.6979%)
entry 7297000/7467919 (97.7113%)
entry 7299000/7467919 (97.7381%)
entry 7300000/7467919 (97.7515%)
entry 7303000/7467919 (97.7916%)
entry 7304000/7467919 (97.805%)
entry 7305000/7467919 (97.8184%)
entry 7306000/7467919 (97.8318%)
entry 7308000/7467919 (97.8586%)
entry 7310000/7467919 (97.8854%)
entry 7311000/7467919 (97.8988%)
entry 7312000/7467919 (97.9122%)
entry 7315000/7467919 (97.9523%)
entry 7316000/7467919 (97.9657%)
entry 7319000/7467919 (98.0059%)
entry 7321000/7467919 (98.0327%)
entry 7323000/7467919 (98.0594%)
entry 7324000/7467919 (98.0728%)
entry 7325000/7467919 (98.0862%)
entry 7327000/7467919 (98.113%)
entry 7328000/7467919 (98.1264%)
entry 7331000/7467919 (98.1666%)
entry 7332000/7467919 (98.18%)
entry 7333000/7467919 (98.1934%)
entry 7335000/7467919 (98.2201%)
entry 7336000/7467919 (98.2335%)
entry 7337000/7467919 (98.2469%)
entry 7338000/7467919 (98.2603%)
entry 7339000/7467919 (98.2737%)
entry 7340000/7467919 (98.2871%)
entry 7341000/7467919 (98.3005%)
entry 7343000/7467919 (98.3273%)
entry 7344000/7467919 (98.3406%)
entry 7346000/7467919 (98.3674%)
entry 7347000/7467919 (98.3808%)
entry 7348000/7467919 (98.3942%)
entry 7349000/7467919 (98.4076%)
entry 7350000/7467919 (98.421%)
entry 7351000/7467919 (98.4344%)
entry 7352000/7467919 (98.4478%)
entry 7354000/7467919 (98.4746%)
entry 7355000/7467919 (98.4879%)
entry 7357000/7467919 (98.5147%)
entry 7358000/7467919 (98.5281%)
entry 7359000/7467919 (98.5415%)
entry 7360000/7467919 (98.5549%)
entry 7361000/7467919 (98.5683%)
entry 7362000/7467919 (98.5817%)
entry 7366000/7467919 (98.6352%)
entry 7367000/7467919 (98.6486%)
entry 7368000/7467919 (98.662%)
entry 7369000/7467919 (98.6754%)
entry 7372000/7467919 (98.7156%)
entry 7376000/7467919 (98.7691%)
entry 7379000/7467919 (98.8093%)
entry 7380000/7467919 (98.8227%)
entry 7382000/7467919 (98.8495%)
entry 7385000/7467919 (98.8897%)
entry 7386000/7467919 (98.9031%)
entry 7387000/7467919 (98.9164%)
entry 7390000/7467919 (98.9566%)
entry 7391000/7467919 (98.97%)
entry 7392000/7467919 (98.9834%)
entry 7393000/7467919 (98.9968%)
entry 7395000/7467919 (99.0236%)
entry 7397000/7467919 (99.0503%)
entry 7398000/7467919 (99.0637%)
entry 7399000/7467919 (99.0771%)
entry 7403000/7467919 (99.1307%)
entry 7405000/7467919 (99.1575%)
entry 7408000/7467919 (99.1976%)
entry 7409000/7467919 (99.211%)
entry 7411000/7467919 (99.2378%)
entry 7412000/7467919 (99.2512%)
entry 7413000/7467919 (99.2646%)
entry 7415000/7467919 (99.2914%)
entry 7416000/7467919 (99.3048%)
entry 7417000/7467919 (99.3182%)
entry 7418000/7467919 (99.3316%)
entry 7420000/7467919 (99.3583%)
entry 7422000/7467919 (99.3851%)
entry 7425000/7467919 (99.4253%)
entry 7426000/7467919 (99.4387%)
entry 7427000/7467919 (99.4521%)
entry 7429000/7467919 (99.4789%)
entry 7431000/7467919 (99.5056%)
entry 7432000/7467919 (99.519%)
entry 7433000/7467919 (99.5324%)
entry 7435000/7467919 (99.5592%)
entry 7436000/7467919 (99.5726%)
entry 7437000/7467919 (99.586%)
entry 7438000/7467919 (99.5994%)
entry 7439000/7467919 (99.6128%)
entry 7440000/7467919 (99.6261%)
entry 7441000/7467919 (99.6395%)
entry 7442000/7467919 (99.6529%)
entry 7444000/7467919 (99.6797%)
entry 7445000/7467919 (99.6931%)
entry 7446000/7467919 (99.7065%)
entry 7448000/7467919 (99.7333%)
entry 7450000/7467919 (99.7601%)
entry 7453000/7467919 (99.8002%)
entry 7455000/7467919 (99.827%)
entry 7456000/7467919 (99.8404%)
entry 7457000/7467919 (99.8538%)
entry 7458000/7467919 (99.8672%)
entry 7459000/7467919 (99.8806%)
entry 7460000/7467919 (99.894%)
entry 7462000/7467919 (99.9207%)
entry 7463000/7467919 (99.9341%)
entry 7465000/7467919 (99.9609%)
entry 7466000/7467919 (99.9743%)
entry 7467000/7467919 (99.9877%)
all done
script done
