sphnx1077.sdcc.bnl.gov
rsyncing from /gpfs/mnt/gpfs02/sphenix/user/samfred/run25/ppg11/histmaking
running: /gpfs/mnt/gpfs02/sphenix/user/samfred/run25/ppg11/histmaking/script_data.sh 52887
LD_LIBRARY_PATH now /sphenix/user/samfred/run25/install//lib:/cvmfs/sphenix.sdcc.bnl.gov/alma9.2-gcc-14.2.0/opt/sphenix/core/gcc/14.2.0-2f0a0/x86_64-el9/lib:/cvmfs/sphenix.sdcc.bnl.gov/alma9.2-gcc-14.2.0/opt/sphenix/core/gcc/14.2.0-2f0a0/x86_64-el9/lib64:/cvmfs/sphenix.sdcc.bnl.gov/alma9.2-gcc-14.2.0/opt/sphenix/core/binutils/2.40-acaab/x86_64-el9/lib:.:/cvmfs/sphenix.sdcc.bnl.gov/alma9.2-gcc-14.2.0/release/release_new/new.10/lib64:/cvmfs/sphenix.sdcc.bnl.gov/alma9.2-gcc-14.2.0/release/release_new/new.10/lib:/cvmfs/sphenix.sdcc.bnl.gov/alma9.2-gcc-14.2.0/opt/sphenix/utils/lib:/cvmfs/sphenix.sdcc.bnl.gov/alma9.2-gcc-14.2.0/opt/sphenix/core/lib:/cvmfs/sphenix.sdcc.bnl.gov/alma9.2-gcc-14.2.0/opt/sphenix/core/root-6.32.06/lib:/cvmfs/sphenix.sdcc.bnl.gov/alma9.2-gcc-14.2.0/opt/sphenix/core/geant4.10.07.p04/lib64:/cvmfs/sphenix.sdcc.bnl.gov/alma9.2-gcc-14.2.0/opt/sphenix/core/lhapdf-5.9.1/lib:/usr/local/lib64:/usr/lib64
PATH now /sphenix/user/samfred/run25/install//bin:/cvmfs/sphenix.sdcc.bnl.gov/alma9.2-gcc-14.2.0/opt/sphenix/core/gcc/14.2.0-2f0a0/x86_64-el9/bin:/cvmfs/sphenix.sdcc.bnl.gov/alma9.2-gcc-14.2.0/opt/sphenix/core/binutils/2.40-acaab/x86_64-el9/bin:.:/cvmfs/sphenix.sdcc.bnl.gov/alma9.2-gcc-14.2.0/release/release_new/new.10/bin:/cvmfs/sphenix.sdcc.bnl.gov/alma9.2-gcc-14.2.0/opt/sphenix/utils/bin:/cvmfs/sphenix.sdcc.bnl.gov/alma9.2-gcc-14.2.0/opt/sphenix/core/bin:/cvmfs/sphenix.sdcc.bnl.gov/alma9.2-gcc-14.2.0/opt/sphenix/core/root-6.32.06/bin:/cvmfs/sphenix.sdcc.bnl.gov/alma9.2-gcc-14.2.0/opt/sphenix/core/geant4.10.07.p04/bin:/usr/local/bin:/usr/bin:/usr/local/sbin:/usr/sbin
SINGULARITY_CACHEDIR=/home/condor/local/sphnx/execute/dir_1946326
_CONDOR_CHIRP_CONFIG=/home/condor/local/sphnx/execute/dir_1946326/.chirp.config
_CONDOR_JOB_IWD=/sphenix/user/samfred/run25/ppg11/histmaking
G4ENSDFSTATEDATA=/cvmfs/sphenix.sdcc.bnl.gov/alma9.2-gcc-14.2.0/opt/sphenix/core/geant4.10.07.p04/share/Geant4-10.7.4/data/G4ENSDFSTATE2.3
_CONDOR_MACHINE_AD=/home/condor/local/sphnx/execute/dir_1946326/.machine.ad
ROOT_MAX_THREADS=1
NUMEXPR_NUM_THREADS=1
CUBACORES=1
_CONDOR_ANCESTOR_1946326=1948769:1759352743:603887192
_CHIRP_DELAYED_UPDATE_PREFIX=Chirp*
OMP_THREAD_LIMIT=1
G4PIIDATA=/cvmfs/sphenix.sdcc.bnl.gov/alma9.2-gcc-14.2.0/opt/sphenix/core/geant4.10.07.p04/share/Geant4-10.7.4/data/G4PII1.3
NO_AT_BRIDGE=1
G4_MAIN=/cvmfs/sphenix.sdcc.bnl.gov/alma9.2-gcc-14.2.0/opt/sphenix/core/geant4.10.07.p04
COMPILER_PATH=/cvmfs/sphenix.sdcc.bnl.gov/alma9.2-gcc-14.2.0/opt/sphenix/core/gcc/14.2.0-2f0a0/x86_64-el9
ROOT_INCLUDE_PATH=./:/sphenix/user/samfred/run25/install//include:/sphenix/user/samfred/run25/install//include/caloana:/sphenix/user/samfred/run25/install//include/qa_centrality:/sphenix/user/samfred/run25/install//include/mbdana:/sphenix/user/samfred/run25/install//include/centrality:/sphenix/user/samfred/run25/install//include/Event:/cvmfs/sphenix.sdcc.bnl.gov/alma9.2-gcc-14.2.0/release/release_new/new.10/include:/cvmfs/sphenix.sdcc.bnl.gov/alma9.2-gcc-14.2.0/release/release_new/new.10/include:/cvmfs/sphenix.sdcc.bnl.gov/alma9.2-gcc-14.2.0/release/release_new/new.10/include/g4mbd:/cvmfs/sphenix.sdcc.bnl.gov/alma9.2-gcc-14.2.0/release/release_new/new.10/include/fmt:/cvmfs/sphenix.sdcc.bnl.gov/alma9.2-gcc-14.2.0/release/release_new/new.10/include/ffarawobjects:/cvmfs/sphenix.sdcc.bnl.gov/alma9.2-gcc-14.2.0/release/release_new/new.10/include/JSON:/cvmfs/sphenix.sdcc.bnl.gov/alma9.2-gcc-14.2.0/release/release_new/new.10/include/calotreegen:/cvmfs/sphenix.sdcc.bnl.gov/alma9.2-gcc-14.2.0/release/release_new/new.10/include/torch:/cvmfs/sphenix.sdcc.bnl.gov/alma9.2-gcc-14.2.0/release/release_new/new.10/include/g4detectors:/cvmfs/sphenix.sdcc.bnl.gov/alma9.2-gcc-14.2.0/release/release_new/new.10/include/kineto:/cvmfs/sphenix.sdcc.bnl.gov/alma9.2-gcc-14.2.0/release/release_new/new.10/include/g4decayer:/cvmfs/sphenix.sdcc.bnl.gov/alma9.2-gcc-14.2.0/release/release_new/new.10/include/kfparticleqa:/cvmfs/sphenix.sdcc.bnl.gov/alma9.2-gcc-14.2.0/release/release_new/new.10/include/phfield:/cvmfs/sphenix.sdcc.bnl.gov/alma9.2-gcc-14.2.0/release/release_new/new.10/include/LHAPDF:/cvmfs/sphenix.sdcc.bnl.gov/alma9.2-gcc-14.2.0/release/release_new/new.10/include/readdigitalcurrents:/cvmfs/sphenix.sdcc.bnl.gov/alma9.2-gcc-14.2.0/release/release_new/new.10/include/c10:/cvmfs/sphenix.sdcc.bnl.gov/alma9.2-gcc-14.2.0/release/release_new/new.10/include/calovalid:/cvmfs/sphenix.sdcc.bnl.gov/alma9.2-gcc-14.2.0/release/release_new/new.10/include/oneapi:/cvmfs/sphenix.sdcc.bnl.gov/alma9.2-gcc-14.2.0/release/release_new/new.10/include/DDCond:/cvmfs/sphenix.sdcc.bnl.gov/alma9.2-gcc-14.2.0/release/release_new/new.10/include/g4tracking:/cvmfs/sphenix.sdcc.bnl.gov/alma9.2-gcc-14.2.0/release/release_new/new.10/include/litecaloeval:/cvmfs/sphenix.sdcc.bnl.gov/alma9.2-gcc-14.2.0/release/release_new/new.10/include/g4intt:/cvmfs/sphenix.sdcc.bnl.gov/alma9.2-gcc-14.2.0/release/release_new/new.10/include/phool:/cvmfs/sphenix.sdcc.bnl.gov/alma9.2-gcc-14.2.0/release/release_new/new.10/include/boost:/cvmfs/sphenix.sdcc.bnl.gov/alma9.2-gcc-14.2.0/release/release_new/new.10/include/Pythia8Plugins:/cvmfs/sphenix.sdcc.bnl.gov/alma9.2-gcc-14.2.0/release/release_new/new.10/include/calib_emc_pi0:/cvmfs/sphenix.sdcc.bnl.gov/alma9.2-gcc-14.2.0/release/release_new/new.10/include/hijingflipafterburner:/cvmfs/sphenix.sdcc.bnl.gov/alma9.2-gcc-14.2.0/release/release_new/new.10/include/ffaobjects:/cvmfs/sphenix.sdcc.bnl.gov/alma9.2-gcc-14.2.0/release/release_new/new.10/include/EvtGenBase:/cvmfs/sphenix.sdcc.bnl.gov/alma9.2-gcc-14.2.0/release/release_new/new.10/include/flowafterburner:/cvmfs/sphenix.sdcc.bnl.gov/alma9.2-gcc-14.2.0/release/release_new/new.10/include/google:/cvmfs/sphenix.sdcc.bnl.gov/alma9.2-gcc-14.2.0/release/release_new/new.10/include/g4tpc:/cvmfs/sphenix.sdcc.bnl.gov/alma9.2-gcc-14.2.0/release/release_new/new.10/include/caffe2:/cvmfs/sphenix.sdcc.bnl.gov/alma9.2-gcc-14.2.0/release/release_new/new.10/include/EvtGenExternal:/cvmfs/sphenix.sdcc.bnl.gov/alma9.2-gcc-14.2.0/release/release_new/new.10/include/fp16:/cvmfs/sphenix.sdcc.bnl.gov/alma9.2-gcc-14.2.0/release/release_new/new.10/include/ffamodules:/cvmfs/sphenix.sdcc.bnl.gov/alma9.2-gcc-14.2.0/release/release_new/new.10/include/uspin:/cvmfs/sphenix.sdcc.bnl.gov/alma9.2-gcc-14.2.0/release/release_new/new.10/include/Herwig:/cvmfs/sphenix.sdcc.bnl.gov/alma9.2-gcc-14.2.0/release/release_new/new.10/include/genfitexp:/cvmfs/sphenix.sdcc.bnl.gov/alma9.2-gcc-14.2.0/release/release_new/new.10/include/XML:/cvmfs/sphenix.sdcc.bnl.gov/alma9.2-gcc-14.2.0/release/release_new/new.10/include/fbgemm:/cvmfs/sphenix.sdcc.bnl.gov/alma9.2-gcc-14.2.0/release/release_new/new.10/include/DDAlign:/cvmfs/sphenix.sdcc.bnl.gov/alma9.2-gcc-14.2.0/release/release_new/new.10/include/g4mvtx:/cvmfs/sphenix.sdcc.bnl.gov/alma9.2-gcc-14.2.0/release/release_new/new.10/include/kfparticle_sphenix:/cvmfs/sphenix.sdcc.bnl.gov/alma9.2-gcc-14.2.0/release/release_new/new.10/include/fun4all:/cvmfs/sphenix.sdcc.bnl.gov/alma9.2-gcc-14.2.0/release/release_new/new.10/include/intt:/cvmfs/sphenix.sdcc.bnl.gov/alma9.2-gcc-14.2.0/release/release_new/new.10/include/eventdisplay:/cvmfs/sphenix.sdcc.bnl.gov/alma9.2-gcc-14.2.0/release/release_new/new.10/include/EvtGen:/cvmfs/sphenix.sdcc.bnl.gov/alma9.2-gcc-14.2.0/release/release_new/new.10/include/Evaluator:/cvmfs/sphenix.sdcc.bnl.gov/alma9.2-gcc-14.2.0/release/release_new/new.10/include/tpc:/cvmfs/sphenix.sdcc.bnl.gov/alma9.2-gcc-14.2.0/release/release_new/new.10/include/GenFit:/cvmfs/sphenix.sdcc.bnl.gov/alma9.2-gcc-14.2.0/release/release_new/new.10/include/prototype4:/cvmfs/sphenix.sdcc.bnl.gov/alma9.2-gcc-14.2.0/release/release_new/new.10/include/caloembedding:/cvmfs/sphenix.sdcc.bnl.gov/alma9.2-gcc-14.2.0/release/release_new/new.10/include/EvtGenModels:/cvmfs/sphenix.sdcc.bnl.gov/alma9.2-gcc-14.2.0/release/release_new/new.10/include/fastjet:/cvmfs/sphenix.sdcc.bnl.gov/alma9.2-gcc-14.2.0/release/release_new/new.10/include/DDG4:/cvmfs/sphenix.sdcc.bnl.gov/alma9.2-gcc-14.2.0/release/release_new/new.10/include/mbd:/cvmfs/sphenix.sdcc.bnl.gov/alma9.2-gcc-14.2.0/release/release_new/new.10/include/tbb:/cvmfs/sphenix.sdcc.bnl.gov/alma9.2-gcc-14.2.0/release/release_new/new.10/include/phgeom:/cvmfs/sphenix.sdcc.bnl.gov/alma9.2-gcc-14.2.0/release/release_new/new.10/include/g4epd:/cvmfs/sphenix.sdcc.bnl.gov/alma9.2-gcc-14.2.0/release/release_new/new.10/include/oncal:/cvmfs/sphenix.sdcc.bnl.gov/alma9.2-gcc-14.2.0/release/release_new/new.10/include/pybind11:/cvmfs/sphenix.sdcc.bnl.gov/alma9.2-gcc-14.2.0/release/release_new/new.10/include/tpcdistgenerator:/cvmfs/sphenix.sdcc.bnl.gov/alma9.2-gcc-14.2.0/release/release_new/new.10/include/cdbobjects:/cvmfs/sphenix.sdcc.bnl.gov/alma9.2-gcc-14.2.0/release/release_new/new.10/include/g4micromegas:/cvmfs/sphenix.sdcc.bnl.gov/alma9.2-gcc-14.2.0/release/release_new/new.10/include/g4eval:/cvmfs/sphenix.sdcc.bnl.gov/alma9.2-gcc-14.2.0/release/release_new/new.10/include/jetbackground:/cvmfs/sphenix.sdcc.bnl.gov/alma9.2-gcc-14.2.0/release/release_new/new.10/include/micromegas:/cvmfs/sphenix.sdcc.bnl.gov/alma9.2-gcc-14.2.0/release/release_new/new.10/include/hftrackefficiency:/cvmfs/sphenix.sdcc.bnl.gov/alma9.2-gcc-14.2.0/release/release_new/new.10/include/inttrawhitqa:/cvmfs/sphenix.sdcc.bnl.gov/alma9.2-gcc-14.2.0/release/release_new/new.10/include/centrality:/cvmfs/sphenix.sdcc.bnl.gov/alma9.2-gcc-14.2.0/release/release_new/new.10/include/epd:/cvmfs/sphenix.sdcc.bnl.gov/alma9.2-gcc-14.2.0/release/release_new/new.10/include/caloreco:/cvmfs/sphenix.sdcc.bnl.gov/alma9.2-gcc-14.2.0/release/release_new/new.10/include/HepMC:/cvmfs/sphenix.sdcc.bnl.gov/alma9.2-gcc-14.2.0/release/release_new/new.10/include/CLHEP:/cvmfs/sphenix.sdcc.bnl.gov/alma9.2-gcc-14.2.0/release/release_new/new.10/include/Acts:/cvmfs/sphenix.sdcc.bnl.gov/alma9.2-gcc-14.2.0/release/release_new/new.10/include/g4histos:/cvmfs/sphenix.sdcc.bnl.gov/alma9.2-gcc-14.2.0/release/release_new/new.10/include/eventplaneinfo:/cvmfs/sphenix.sdcc.bnl.gov/alma9.2-gcc-14.2.0/release/release_new/new.10/include/fillspacechargemaps:/cvmfs/sphenix.sdcc.bnl.gov/alma9.2-gcc-14.2.0/release/release_new/new.10/include/phhepmc:/cvmfs/sphenix.sdcc.bnl.gov/alma9.2-gcc-14.2.0/release/release_new/new.10/include/trackingqa:/cvmfs/sphenix.sdcc.bnl.gov/alma9.2-gcc-14.2.0/release/release_new/new.10/include/qautils:/cvmfs/sphenix.sdcc.bnl.gov/alma9.2-gcc-14.2.0/release/release_new/new.10/include/trackreco:/cvmfs/sphenix.sdcc.bnl.gov/alma9.2-gcc-14.2.0/release/release_new/new.10/include/g4ohcal:/cvmfs/sphenix.sdcc.bnl.gov/alma9.2-gcc-14.2.0/release/release_new/new.10/include/tpcdvcalib:/cvmfs/sphenix.sdcc.bnl.gov/alma9.2-gcc-14.2.0/release/release_new/new.10/include/zdcinfo:/cvmfs/sphenix.sdcc.bnl.gov/alma9.2-gcc-14.2.0/release/release_new/new.10/include/phpythia8:/cvmfs/sphenix.sdcc.bnl.gov/alma9.2-gcc-14.2.0/release/release_new/new.10/include/fun4allutils:/cvmfs/sphenix.sdcc.bnl.gov/alma9.2-gcc-14.2.0/release/release_new/new.10/include/tpcqa:/cvmfs/sphenix.sdcc.bnl.gov/alma9.2-gcc-14.2.0/release/release_new/new.10/include/Pythia8:/cvmfs/sphenix.sdcc.bnl.gov/alma9.2-gcc-14.2.0/release/release_new/new.10/include/DDRec:/cvmfs/sphenix.sdcc.bnl.gov/alma9.2-gcc-14.2.0/release/release_new/new.10/include/DDDigi:/cvmfs/sphenix.sdcc.bnl.gov/alma9.2-gcc-14.2.0/release/release_new/new.10/include/g4ihcal:/cvmfs/sphenix.sdcc.bnl.gov/alma9.2-gcc-14.2.0/release/release_new/new.10/include/frog:/cvmfs/sphenix.sdcc.bnl.gov/alma9.2-gcc-14.2.0/release/release_new/new.10/include/eigen3:/cvmfs/sphenix.sdcc.bnl.gov/alma9.2-gcc-14.2.0/release/release_new/new.10/include/tensorpipe:/cvmfs/sphenix.sdcc.bnl.gov/alma9.2-gcc-14.2.0/release/release_new/new.10/include/sphenixnpc:/cvmfs/sphenix.sdcc.bnl.gov/alma9.2-gcc-14.2.0/release/release_new/new.10/include/siscone:/cvmfs/sphenix.sdcc.bnl.gov/alma9.2-gcc-14.2.0/release/release_new/new.10/include/pmonitor:/cvmfs/sphenix.sdcc.bnl.gov/alma9.2-gcc-14.2.0/release/release_new/new.10/include/calobase:/cvmfs/sphenix.sdcc.bnl.gov/alma9.2-gcc-14.2.0/release/release_new/new.10/include/ActsExamples:/cvmfs/sphenix.sdcc.bnl.gov/alma9.2-gcc-14.2.0/release/release_new/new.10/include/g4gdml:/cvmfs/sphenix.sdcc.bnl.gov/alma9.2-gcc-14.2.0/release/release_new/new.10/include/mvtx_decoder:/cvmfs/sphenix.sdcc.bnl.gov/alma9.2-gcc-14.2.0/release/release_new/new.10/include/ROOT:/cvmfs/sphenix.sdcc.bnl.gov/alma9.2-gcc-14.2.0/release/release_new/new.10/include/phparameter:/cvmfs/sphenix.sdcc.bnl.gov/alma9.2-gcc-14.2.0/release/release_new/new.10/include/rsa:/cvmfs/sphenix.sdcc.bnl.gov/alma9.2-gcc-14.2.0/release/release_new/new.10/include/fun4allraw:/cvmfs/sphenix.sdcc.bnl.gov/alma9.2-gcc-14.2.0/release/release_new/new.10/include/trackbase_historic:/cvmfs/sphenix.sdcc.bnl.gov/alma9.2-gcc-14.2.0/release/release_new/new.10/include/g4jets:/cvmfs/sphenix.sdcc.bnl.gov/alma9.2-gcc-14.2.0/release/release_new/new.10/include/jetqa:/cvmfs/sphenix.sdcc.bnl.gov/alma9.2-gcc-14.2.0/release/release_new/new.10/include/phoolraw:/cvmfs/sphenix.sdcc.bnl.gov/alma9.2-gcc-14.2.0/release/release_new/new.10/include/g4calo:/cvmfs/sphenix.sdcc.bnl.gov/alma9.2-gcc-14.2.0/release/release_new/new.10/include/mvtxrawhitqa:/cvmfs/sphenix.sdcc.bnl.gov/alma9.2-gcc-14.2.0/release/release_new/new.10/include/HepMC3:/cvmfs/sphenix.sdcc.bnl.gov/alma9.2-gcc-14.2.0/release/release_new/new.10/include/calowaveformsim:/cvmfs/sphenix.sdcc.bnl.gov/alma9.2-gcc-14.2.0/release/release_new/new.10/include/g4caloprototype:/cvmfs/sphenix.sdcc.bnl.gov/alma9.2-gcc-14.2.0/release/release_new/new.10/include/pdbcalbase:/cvmfs/sphenix.sdcc.bnl.gov/alma9.2-gcc-14.2.0/release/release_new/new.10/include/gsl:/cvmfs/sphenix.sdcc.bnl.gov/alma9.2-gcc-14.2.0/release/release_new/new.10/include/nodedump:/cvmfs/sphenix.sdcc.bnl.gov/alma9.2-gcc-14.2.0/release/release_new/new.10/include/emcnoisytowerfinder:/cvmfs/sphenix.sdcc.bnl.gov/alma9.2-gcc-14.2.0/release/release_new/new.10/include/ActsFatras:/cvmfs/sphenix.sdcc.bnl.gov/alma9.2-gcc-14.2.0/release/release_new/new.10/include/ffarawmodules:/cvmfs/sphenix.sdcc.bnl.gov/alma9.2-gcc-14.2.0/release/release_new/new.10/include/Event:/cvmfs/sphenix.sdcc.bnl.gov/alma9.2-gcc-14.2.0/release/release_new/new.10/include/prototype3:/cvmfs/sphenix.sdcc.bnl.gov/alma9.2-gcc-14.2.0/release/release_new/new.10/include/fermimotionafterburner:/cvmfs/sphenix.sdcc.bnl.gov/alma9.2-gcc-14.2.0/release/release_new/new.10/include/Photos:/cvmfs/sphenix.sdcc.bnl.gov/alma9.2-gcc-14.2.0/release/release_new/new.10/include/xingshiftcal:/cvmfs/sphenix.sdcc.bnl.gov/alma9.2-gcc-14.2.0/release/release_new/new.10/include/trackbase:/cvmfs/sphenix.sdcc.bnl.gov/alma9.2-gcc-14.2.0/release/release_new/new.10/include/jetdstskimmer:/cvmfs/sphenix.sdcc.bnl.gov/alma9.2-gcc-14.2.0/release/release_new/new.10/include/clusteriso:/cvmfs/sphenix.sdcc.bnl.gov/alma9.2-gcc-14.2.0/release/release_new/new.10/include/asmjit:/cvmfs/sphenix.sdcc.bnl.gov/alma9.2-gcc-14.2.0/release/release_new/new.10/include/particleflowreco:/cvmfs/sphenix.sdcc.bnl.gov/alma9.2-gcc-14.2.0/release/release_new/new.10/include/tpchittrackdisplay:/cvmfs/sphenix.sdcc.bnl.gov/alma9.2-gcc-14.2.0/release/release_new/new.10/include/caloana:/cvmfs/sphenix.sdcc.bnl.gov/alma9.2-gcc-14.2.0/release/release_new/new.10/include/calotrigger:/cvmfs/sphenix.sdcc.bnl.gov/alma9.2-gcc-14.2.0/release/release_new/new.10/include/nopayloadclient:/cvmfs/sphenix.sdcc.bnl.gov/alma9.2-gcc-14.2.0/release/release_new/new.10/include/trackermillepedealignment:/cvmfs/sphenix.sdcc.bnl.gov/alma9.2-gcc-14.2.0/release/release_new/new.10/include/DD4hep:/cvmfs/sphenix.sdcc.bnl.gov/alma9.2-gcc-14.2.0/release/release_new/new.10/include/g4trackfastsim:/cvmfs/sphenix.sdcc.bnl.gov/alma9.2-gcc-14.2.0/release/release_new/new.10/include/prototype2:/cvmfs/sphenix.sdcc.bnl.gov/alma9.2-gcc-14.2.0/release/release_new/new.10/include/ATen:/cvmfs/sphenix.sdcc.bnl.gov/alma9.2-gcc-14.2.0/release/release_new/new.10/include/g4main:/cvmfs/sphenix.sdcc.bnl.gov/alma9.2-gcc-14.2.0/release/release_new/new.10/include/Tauola:/cvmfs/sphenix.sdcc.bnl.gov/alma9.2-gcc-14.2.0/release/release_new/new.10/include/inttcalib:/cvmfs/sphenix.sdcc.bnl.gov/alma9.2-gcc-14.2.0/release/release_new/new.10/include/reactionplaneafterburner:/cvmfs/sphenix.sdcc.bnl.gov/alma9.2-gcc-14.2.0/release/release_new/new.10/include/globalqa:/cvmfs/sphenix.sdcc.bnl.gov/alma9.2-gcc-14.2.0/release/release_new/new.10/include/tpccalib:/cvmfs/sphenix.sdcc.bnl.gov/alma9.2-gcc-14.2.0/release/release_new/new.10/include/DDSegmentation:/cvmfs/sphenix.sdcc.bnl.gov/alma9.2-gcc-14.2.0/release/release_new/new.10/include/decayfinder:/cvmfs/sphenix.sdcc.bnl.gov/alma9.2-gcc-14.2.0/release/release_new/new.10/include/compressclus:/cvmfs/sphenix.sdcc.bnl.gov/alma9.2-gcc-14.2.0/release/release_new/new.10/include/simqa_modules:/cvmfs/sphenix.sdcc.bnl.gov/alma9.2-gcc-14.2.0/release/release_new/new.10/include/resonancejettagging:/cvmfs/sphenix.sdcc.bnl.gov/alma9.2-gcc-14.2.0/release/release_new/new.10/include/g4centrality:/cvmfs/sphenix.sdcc.bnl.gov/alma9.2-gcc-14.2.0/release/release_new/new.10/include/mvtx:/cvmfs/sphenix.sdcc.bnl.gov/alma9.2-gcc-14.2.0/release/release_new/new.10/include/nlohmann:/cvmfs/sphenix.sdcc.bnl.gov/alma9.2-gcc-14.2.0/release/release_new/new.10/include/localpoloffmon:/cvmfs/sphenix.sdcc.bnl.gov/alma9.2-gcc-14.2.0/release/release_new/new.10/include/DDEve:/cvmfs/sphenix.sdcc.bnl.gov/alma9.2-gcc-14.2.0/release/release_new/new.10/include/Parsers:/cvmfs/sphenix.sdcc.bnl.gov/alma9.2-gcc-14.2.0/release/release_new/new.10/include/trackingdiagnostics:/cvmfs/sphenix.sdcc.bnl.gov/alma9.2-gcc-14.2.0/release/release_new/new.10/include/g4vertex:/cvmfs/sphenix.sdcc.bnl.gov/alma9.2-gcc-14.2.0/release/release_new/new.10/include/jetbase:/cvmfs/sphenix.sdcc.bnl.gov/alma9.2-gcc-14.2.0/release/release_new/new.10/include/globalvertex:/cvmfs/sphenix.sdcc.bnl.gov/alma9.2-gcc-14.2.0/release/release_new/new.10/include/phgenfit:/cvmfs/sphenix.sdcc.bnl.gov/alma9.2-gcc-14.2.0/release/release_new/new.10/include/rawbcolumi:/cvmfs/sphenix.sdcc.bnl.gov/alma9.2-gcc-14.2.0/release/release_new/new.10/include/eicsmear:/cvmfs/sphenix.sdcc.bnl.gov/alma9.2-gcc-14.2.0/release/release_new/new.10/include/mvtxcalib:/cvmfs/sphenix.sdcc.bnl.gov/alma9.2-gcc-14.2.0/release/release_new/new.10/include/tpclinelaserdiode:/cvmfs/sphenix.sdcc.bnl.gov/alma9.2-gcc-14.2.0/release/release_new/new.10/include/hepmcjettrigger:/cvmfs/sphenix.sdcc.bnl.gov/alma9.2-gcc-14.2.0/release/release_new/new.10/include/core:/cvmfs/sphenix.sdcc.bnl.gov/alma9.2-gcc-14.2.0/release/release_new/new.10/include/calo_cdb:/cvmfs/sphenix.sdcc.bnl.gov/alma9.2-gcc-14.2.0/release/release_new/new.10/include/mvtxclustershapesqa:/cvmfs/sphenix.sdcc.bnl.gov/alma9.2-gcc-14.2.0/release/release_new/new.10/include/calopacketskimmer:/cvmfs/sphenix.sdcc.bnl.gov/alma9.2-gcc-14.2.0/opt/sphenix/core/geant4.10.07.p04/include:/cvmfs/sphenix.sdcc.bnl.gov/alma9.2-gcc-14.2.0/release/release_new/new.10/rootmacros:/cvmfs/sphenix.sdcc.bnl.gov/alma9.2-gcc-14.2.0/opt/sphenix/core/include
GSEARCHPATH=.:PG:LUSTRE:RAWDATA
PWD=/gpfs/mnt/gpfs02/sphenix/user/samfred/run25/ppg11/histmaking
LOGNAME=samfred
_CONDOR_JOB_AD=/home/condor/local/sphnx/execute/dir_1946326/.job.ad
MANPATH=/cvmfs/sphenix.sdcc.bnl.gov/alma9.2-gcc-14.2.0/opt/sphenix/core/gcc/14.2.0-2f0a0/x86_64-el9/share/man:/cvmfs/sphenix.sdcc.bnl.gov/alma9.2-gcc-14.2.0/opt/sphenix/core/binutils/2.40-acaab/x86_64-el9/share/man:/cvmfs/sphenix.sdcc.bnl.gov/alma9.2-gcc-14.2.0/release/release_new/new.10/share/man:/cvmfs/sphenix.sdcc.bnl.gov/alma9.2-gcc-14.2.0/opt/sphenix/utils/share/man:/cvmfs/sphenix.sdcc.bnl.gov/alma9.2-gcc-14.2.0/opt/sphenix/core/share/man:/cvmfs/sphenix.sdcc.bnl.gov/alma9.2-gcc-14.2.0/opt/sphenix/core/root-6.32.06/man:/usr/local/share/man:/usr/share/man
PYTHIA8=/cvmfs/sphenix.sdcc.bnl.gov/alma9.2-gcc-14.2.0/release/release_new/new.10/share/Pythia8
G4INCLDATA=/cvmfs/sphenix.sdcc.bnl.gov/alma9.2-gcc-14.2.0/opt/sphenix/core/geant4.10.07.p04/share/Geant4-10.7.4/data/G4INCL1.0
ORIG_PATH=/usr/local/bin:/usr/bin
CXX=/cvmfs/sphenix.sdcc.bnl.gov/alma9.2-gcc-14.2.0/opt/sphenix/core/gcc/14.2.0-2f0a0/x86_64-el9/bin/g++
G4LEDATA=/cvmfs/sphenix.sdcc.bnl.gov/alma9.2-gcc-14.2.0/opt/sphenix/core/geant4.10.07.p04/share/Geant4-10.7.4/data/G4EMLOW7.13
PYTHON_CPU_COUNT=1
OPENBLAS_NUM_THREADS=1
_CONDOR_BIN=/usr/bin
HOME=/sphenix/u/samfred
G4PARTICLEXSDATA=/cvmfs/sphenix.sdcc.bnl.gov/alma9.2-gcc-14.2.0/opt/sphenix/core/geant4.10.07.p04/share/Geant4-10.7.4/data/G4PARTICLEXS3.1.1
_CONDOR_ANCESTOR_299904=1946326:1759352743:472867782
ONLINE_MAIN=/cvmfs/sphenix.sdcc.bnl.gov/alma9.2-gcc-14.2.0/release/release_new/new.10
CALIBRATIONROOT=/cvmfs/sphenix.sdcc.bnl.gov/alma9.2-gcc-14.2.0/release/release_new/new.10/share/calibrations
TMPDIR=/tmp
_CONDOR_SCRATCH_DIR=/home/condor/local/sphnx/execute/dir_1946326
PGUSER=phnxrc
NOPAYLOADCLIENT_CONF=/cvmfs/sphenix.sdcc.bnl.gov/alma9.2-gcc-14.2.0/opt/sphenix/core/etc/sPHENIX_newcdb.json
XERCESCROOT=/cvmfs/sphenix.sdcc.bnl.gov/alma9.2-gcc-14.2.0/opt/sphenix/core/geant4.10.07.p04
LHAPATH=/cvmfs/sphenix.sdcc.bnl.gov/alma9.2-gcc-14.2.0/opt/sphenix/core/lhapdf-5.9.1/share/lhapdf/PDFsets
G4NEUTRONHPDATA=/cvmfs/sphenix.sdcc.bnl.gov/alma9.2-gcc-14.2.0/opt/sphenix/core/geant4.10.07.p04/share/Geant4-10.7.4/data/G4NDL4.6
PYTHONPATH=.:/cvmfs/sphenix.sdcc.bnl.gov/alma9.2-gcc-14.2.0/release/release_new/new.10/lib/python3.13/site-packages:/cvmfs/sphenix.sdcc.bnl.gov/alma9.2-gcc-14.2.0/opt/sphenix/core/lib/python3.13/site-packages:/cvmfs/sphenix.sdcc.bnl.gov/alma9.2-gcc-14.2.0/opt/sphenix/core/root-6.32.06/lib
USER=samfred
_CONDOR_JOB_PIDS=
TEMP=/tmp
GOMAXPROCS=1
OFFLINE_MAIN=/cvmfs/sphenix.sdcc.bnl.gov/alma9.2-gcc-14.2.0/release/release_new/new.10
SHLVL=1
TF_NUM_THREADS=1
G4SAIDXSDATA=/cvmfs/sphenix.sdcc.bnl.gov/alma9.2-gcc-14.2.0/opt/sphenix/core/geant4.10.07.p04/share/Geant4-10.7.4/data/G4SAIDDATA2.0
APPTAINER_CACHEDIR=/home/condor/local/sphnx/execute/dir_1946326
ROOTSYS=/cvmfs/sphenix.sdcc.bnl.gov/alma9.2-gcc-14.2.0/opt/sphenix/core/root-6.32.06
BATCH_SYSTEM=HTCondor
_CONDOR_SLOT=slot1_60
LD_LIBRARY_PATH=/sphenix/user/samfred/run25/install//lib:/cvmfs/sphenix.sdcc.bnl.gov/alma9.2-gcc-14.2.0/opt/sphenix/core/gcc/14.2.0-2f0a0/x86_64-el9/lib:/cvmfs/sphenix.sdcc.bnl.gov/alma9.2-gcc-14.2.0/opt/sphenix/core/gcc/14.2.0-2f0a0/x86_64-el9/lib64:/cvmfs/sphenix.sdcc.bnl.gov/alma9.2-gcc-14.2.0/opt/sphenix/core/binutils/2.40-acaab/x86_64-el9/lib:.:/cvmfs/sphenix.sdcc.bnl.gov/alma9.2-gcc-14.2.0/release/release_new/new.10/lib64:/cvmfs/sphenix.sdcc.bnl.gov/alma9.2-gcc-14.2.0/release/release_new/new.10/lib:/cvmfs/sphenix.sdcc.bnl.gov/alma9.2-gcc-14.2.0/opt/sphenix/utils/lib:/cvmfs/sphenix.sdcc.bnl.gov/alma9.2-gcc-14.2.0/opt/sphenix/core/lib:/cvmfs/sphenix.sdcc.bnl.gov/alma9.2-gcc-14.2.0/opt/sphenix/core/root-6.32.06/lib:/cvmfs/sphenix.sdcc.bnl.gov/alma9.2-gcc-14.2.0/opt/sphenix/core/geant4.10.07.p04/lib64:/cvmfs/sphenix.sdcc.bnl.gov/alma9.2-gcc-14.2.0/opt/sphenix/core/lhapdf-5.9.1/lib:/usr/local/lib64:/usr/lib64
_CONDOR_ANCESTOR_299869=299904:1756523318:984826014
OPT_SPHENIX=/cvmfs/sphenix.sdcc.bnl.gov/alma9.2-gcc-14.2.0/opt/sphenix/core
TF_LOOP_PARALLEL_ITERATIONS=1
EVT_LIB=/cvmfs/sphenix.sdcc.bnl.gov/alma9.2-gcc-14.2.0/opt/sphenix/core/root-6.32.06/lib
PGHOST=sphnxdbmaster.sdcc.bnl.gov
OMP_NUM_THREADS=1
G4REALSURFACEDATA=/cvmfs/sphenix.sdcc.bnl.gov/alma9.2-gcc-14.2.0/opt/sphenix/core/geant4.10.07.p04/share/Geant4-10.7.4/data/RealSurface2.2
FC=/cvmfs/sphenix.sdcc.bnl.gov/alma9.2-gcc-14.2.0/opt/sphenix/core/gcc/14.2.0-2f0a0/x86_64-el9/bin/gfortran
G4ABLADATA=/cvmfs/sphenix.sdcc.bnl.gov/alma9.2-gcc-14.2.0/opt/sphenix/core/geant4.10.07.p04/share/Geant4-10.7.4/data/G4ABLA3.1
PARASOFT=doesnotexist
TMP=/tmp
OPT_UTILS=/cvmfs/sphenix.sdcc.bnl.gov/alma9.2-gcc-14.2.0/opt/sphenix/utils
CONFIG_SITE=/cvmfs/sphenix.sdcc.bnl.gov/alma9.2-gcc-14.2.0/opt/sphenix/core/etc/config.site
PATH=/sphenix/user/samfred/run25/install//bin:/cvmfs/sphenix.sdcc.bnl.gov/alma9.2-gcc-14.2.0/opt/sphenix/core/gcc/14.2.0-2f0a0/x86_64-el9/bin:/cvmfs/sphenix.sdcc.bnl.gov/alma9.2-gcc-14.2.0/opt/sphenix/core/binutils/2.40-acaab/x86_64-el9/bin:.:/cvmfs/sphenix.sdcc.bnl.gov/alma9.2-gcc-14.2.0/release/release_new/new.10/bin:/cvmfs/sphenix.sdcc.bnl.gov/alma9.2-gcc-14.2.0/opt/sphenix/utils/bin:/cvmfs/sphenix.sdcc.bnl.gov/alma9.2-gcc-14.2.0/opt/sphenix/core/bin:/cvmfs/sphenix.sdcc.bnl.gov/alma9.2-gcc-14.2.0/opt/sphenix/core/root-6.32.06/bin:/cvmfs/sphenix.sdcc.bnl.gov/alma9.2-gcc-14.2.0/opt/sphenix/core/geant4.10.07.p04/bin:/usr/local/bin:/usr/bin:/usr/local/sbin:/usr/sbin
G4LEVELGAMMADATA=/cvmfs/sphenix.sdcc.bnl.gov/alma9.2-gcc-14.2.0/opt/sphenix/core/geant4.10.07.p04/share/Geant4-10.7.4/data/PhotonEvaporation5.7
CC=/cvmfs/sphenix.sdcc.bnl.gov/alma9.2-gcc-14.2.0/opt/sphenix/core/gcc/14.2.0-2f0a0/x86_64-el9/bin/gcc
G4RADIOACTIVEDATA=/cvmfs/sphenix.sdcc.bnl.gov/alma9.2-gcc-14.2.0/opt/sphenix/core/geant4.10.07.p04/share/Geant4-10.7.4/data/RadioactiveDecay5.6
JULIA_NUM_THREADS=1
MKL_NUM_THREADS=1
LHAPDF_DATA_PATH=/cvmfs/sphenix.sdcc.bnl.gov/alma9.2-gcc-14.2.0/release/release_new/new.10/share/LHAPDF
XPLOAD_CONFIG_DIR=/cvmfs/sphenix.sdcc.bnl.gov/alma9.2-gcc-14.2.0/opt/sphenix/core/etc
OLDPWD=/cvmfs/sphenix.sdcc.bnl.gov/alma9.2-gcc-14.2.0/release/release_new/new.10/geant4
_=/usr/bin/printenv
runnumber...
52887
trigger...

   ------------------------------------------------------------------
  | Welcome to ROOT 6.32.06                        https://root.cern |
  | (c) 1995-2024, The ROOT Team; conception: R. Brun, F. Rademakers |
  | Built for linuxx8664gcc on Dec 13 2024, 17:23:48                 |
  | From tags/6-32-06@6-32-06                                        |
  | With g++ (GCC) 14.2.0                                            |
  | Try '.help'/'.?', '.demo', '.license', '.credits', '.quit'/'.q'  |
   ------------------------------------------------------------------


Processing data_histmaker.C(52887)...
entry 0/5195505 (0%)
entry 2000/5195505 (0.0384948%)
entry 3000/5195505 (0.0577422%)
entry 4000/5195505 (0.0769896%)
entry 6000/5195505 (0.115484%)
entry 7000/5195505 (0.134732%)
entry 8000/5195505 (0.153979%)
entry 9000/5195505 (0.173227%)
entry 10000/5195505 (0.192474%)
entry 11000/5195505 (0.211721%)
entry 14000/5195505 (0.269464%)
entry 15000/5195505 (0.288711%)
entry 17000/5195505 (0.327206%)
entry 18000/5195505 (0.346453%)
entry 19000/5195505 (0.365701%)
entry 20000/5195505 (0.384948%)
entry 21000/5195505 (0.404196%)
entry 22000/5195505 (0.423443%)
entry 23000/5195505 (0.44269%)
entry 24000/5195505 (0.461938%)
entry 25000/5195505 (0.481185%)
entry 26000/5195505 (0.500433%)
entry 27000/5195505 (0.51968%)
entry 28000/5195505 (0.538927%)
entry 29000/5195505 (0.558175%)
entry 30000/5195505 (0.577422%)
entry 31000/5195505 (0.59667%)
entry 32000/5195505 (0.615917%)
entry 33000/5195505 (0.635164%)
entry 34000/5195505 (0.654412%)
entry 35000/5195505 (0.673659%)
entry 36000/5195505 (0.692907%)
entry 37000/5195505 (0.712154%)
entry 38000/5195505 (0.731401%)
entry 39000/5195505 (0.750649%)
entry 40000/5195505 (0.769896%)
entry 42000/5195505 (0.808391%)
entry 45000/5195505 (0.866133%)
entry 46000/5195505 (0.885381%)
entry 47000/5195505 (0.904628%)
entry 48000/5195505 (0.923876%)
entry 50000/5195505 (0.96237%)
entry 52000/5195505 (1.00087%)
entry 55000/5195505 (1.05861%)
entry 56000/5195505 (1.07785%)
entry 57000/5195505 (1.0971%)
entry 58000/5195505 (1.11635%)
entry 59000/5195505 (1.1356%)
entry 60000/5195505 (1.15484%)
entry 61000/5195505 (1.17409%)
entry 62000/5195505 (1.19334%)
entry 63000/5195505 (1.21259%)
entry 64000/5195505 (1.23183%)
entry 66000/5195505 (1.27033%)
entry 67000/5195505 (1.28958%)
entry 68000/5195505 (1.30882%)
entry 69000/5195505 (1.32807%)
entry 70000/5195505 (1.34732%)
entry 71000/5195505 (1.36657%)
entry 73000/5195505 (1.40506%)
entry 74000/5195505 (1.42431%)
entry 76000/5195505 (1.4628%)
entry 77000/5195505 (1.48205%)
entry 78000/5195505 (1.5013%)
entry 79000/5195505 (1.52055%)
entry 80000/5195505 (1.53979%)
entry 82000/5195505 (1.57829%)
entry 84000/5195505 (1.61678%)
entry 85000/5195505 (1.63603%)
entry 88000/5195505 (1.69377%)
entry 89000/5195505 (1.71302%)
entry 90000/5195505 (1.73227%)
entry 91000/5195505 (1.75151%)
entry 92000/5195505 (1.77076%)
entry 93000/5195505 (1.79001%)
entry 94000/5195505 (1.80926%)
entry 98000/5195505 (1.88625%)
entry 99000/5195505 (1.90549%)
entry 100000/5195505 (1.92474%)
entry 103000/5195505 (1.98248%)
entry 104000/5195505 (2.00173%)
entry 105000/5195505 (2.02098%)
entry 107000/5195505 (2.05947%)
entry 108000/5195505 (2.07872%)
entry 109000/5195505 (2.09797%)
entry 111000/5195505 (2.13646%)
entry 112000/5195505 (2.15571%)
entry 113000/5195505 (2.17496%)
entry 114000/5195505 (2.1942%)
entry 115000/5195505 (2.21345%)
entry 116000/5195505 (2.2327%)
entry 117000/5195505 (2.25195%)
entry 119000/5195505 (2.29044%)
entry 120000/5195505 (2.30969%)
entry 121000/5195505 (2.32894%)
entry 122000/5195505 (2.34818%)
entry 124000/5195505 (2.38668%)
entry 126000/5195505 (2.42517%)
entry 127000/5195505 (2.44442%)
entry 128000/5195505 (2.46367%)
entry 132000/5195505 (2.54066%)
entry 135000/5195505 (2.5984%)
entry 136000/5195505 (2.61765%)
entry 138000/5195505 (2.65614%)
entry 139000/5195505 (2.67539%)
entry 140000/5195505 (2.69464%)
entry 141000/5195505 (2.71388%)
entry 143000/5195505 (2.75238%)
entry 144000/5195505 (2.77163%)
entry 145000/5195505 (2.79087%)
entry 146000/5195505 (2.81012%)
entry 147000/5195505 (2.82937%)
entry 149000/5195505 (2.86786%)
entry 150000/5195505 (2.88711%)
entry 151000/5195505 (2.90636%)
entry 152000/5195505 (2.92561%)
entry 153000/5195505 (2.94485%)
entry 157000/5195505 (3.02184%)
entry 158000/5195505 (3.04109%)
entry 160000/5195505 (3.07959%)
entry 161000/5195505 (3.09883%)
entry 162000/5195505 (3.11808%)
entry 163000/5195505 (3.13733%)
entry 164000/5195505 (3.15657%)
entry 165000/5195505 (3.17582%)
entry 166000/5195505 (3.19507%)
entry 167000/5195505 (3.21432%)
entry 168000/5195505 (3.23356%)
entry 169000/5195505 (3.25281%)
entry 170000/5195505 (3.27206%)
entry 171000/5195505 (3.29131%)
entry 173000/5195505 (3.3298%)
entry 174000/5195505 (3.34905%)
entry 175000/5195505 (3.3683%)
entry 176000/5195505 (3.38754%)
entry 177000/5195505 (3.40679%)
entry 178000/5195505 (3.42604%)
entry 179000/5195505 (3.44529%)
entry 180000/5195505 (3.46453%)
entry 181000/5195505 (3.48378%)
entry 182000/5195505 (3.50303%)
entry 183000/5195505 (3.52228%)
entry 187000/5195505 (3.59927%)
entry 188000/5195505 (3.61851%)
entry 189000/5195505 (3.63776%)
entry 190000/5195505 (3.65701%)
entry 191000/5195505 (3.67625%)
entry 192000/5195505 (3.6955%)
entry 193000/5195505 (3.71475%)
entry 194000/5195505 (3.734%)
entry 195000/5195505 (3.75324%)
entry 196000/5195505 (3.77249%)
entry 197000/5195505 (3.79174%)
entry 198000/5195505 (3.81099%)
entry 199000/5195505 (3.83023%)
entry 200000/5195505 (3.84948%)
entry 201000/5195505 (3.86873%)
entry 202000/5195505 (3.88798%)
entry 204000/5195505 (3.92647%)
entry 206000/5195505 (3.96497%)
entry 207000/5195505 (3.98421%)
entry 208000/5195505 (4.00346%)
entry 209000/5195505 (4.02271%)
entry 211000/5195505 (4.0612%)
entry 212000/5195505 (4.08045%)
entry 213000/5195505 (4.0997%)
entry 216000/5195505 (4.15744%)
entry 217000/5195505 (4.17669%)
entry 218000/5195505 (4.19593%)
entry 219000/5195505 (4.21518%)
entry 220000/5195505 (4.23443%)
entry 221000/5195505 (4.25368%)
entry 222000/5195505 (4.27292%)
entry 223000/5195505 (4.29217%)
entry 225000/5195505 (4.33067%)
entry 227000/5195505 (4.36916%)
entry 229000/5195505 (4.40766%)
entry 230000/5195505 (4.4269%)
entry 231000/5195505 (4.44615%)
entry 233000/5195505 (4.48465%)
entry 235000/5195505 (4.52314%)
entry 236000/5195505 (4.54239%)
entry 237000/5195505 (4.56164%)
entry 239000/5195505 (4.60013%)
entry 240000/5195505 (4.61938%)
entry 241000/5195505 (4.63862%)
entry 242000/5195505 (4.65787%)
entry 243000/5195505 (4.67712%)
entry 244000/5195505 (4.69637%)
entry 245000/5195505 (4.71561%)
entry 247000/5195505 (4.75411%)
entry 248000/5195505 (4.77336%)
entry 249000/5195505 (4.7926%)
entry 250000/5195505 (4.81185%)
entry 251000/5195505 (4.8311%)
entry 252000/5195505 (4.85035%)
entry 253000/5195505 (4.86959%)
entry 254000/5195505 (4.88884%)
entry 255000/5195505 (4.90809%)
entry 256000/5195505 (4.92734%)
entry 258000/5195505 (4.96583%)
entry 259000/5195505 (4.98508%)
entry 261000/5195505 (5.02357%)
entry 262000/5195505 (5.04282%)
entry 263000/5195505 (5.06207%)
entry 264000/5195505 (5.08132%)
entry 265000/5195505 (5.10056%)
entry 266000/5195505 (5.11981%)
entry 268000/5195505 (5.15831%)
entry 269000/5195505 (5.17755%)
entry 270000/5195505 (5.1968%)
entry 271000/5195505 (5.21605%)
entry 272000/5195505 (5.23529%)
entry 273000/5195505 (5.25454%)
entry 274000/5195505 (5.27379%)
entry 275000/5195505 (5.29304%)
entry 276000/5195505 (5.31228%)
entry 277000/5195505 (5.33153%)
entry 278000/5195505 (5.35078%)
entry 279000/5195505 (5.37003%)
entry 280000/5195505 (5.38927%)
entry 281000/5195505 (5.40852%)
entry 283000/5195505 (5.44702%)
entry 284000/5195505 (5.46626%)
entry 286000/5195505 (5.50476%)
entry 287000/5195505 (5.52401%)
entry 289000/5195505 (5.5625%)
entry 291000/5195505 (5.601%)
entry 292000/5195505 (5.62024%)
entry 294000/5195505 (5.65874%)
entry 297000/5195505 (5.71648%)
entry 298000/5195505 (5.73573%)
entry 300000/5195505 (5.77422%)
entry 302000/5195505 (5.81272%)
entry 303000/5195505 (5.83196%)
entry 304000/5195505 (5.85121%)
entry 305000/5195505 (5.87046%)
entry 306000/5195505 (5.88971%)
entry 307000/5195505 (5.90895%)
entry 308000/5195505 (5.9282%)
entry 309000/5195505 (5.94745%)
entry 310000/5195505 (5.9667%)
entry 311000/5195505 (5.98594%)
entry 312000/5195505 (6.00519%)
entry 313000/5195505 (6.02444%)
entry 314000/5195505 (6.04369%)
entry 315000/5195505 (6.06293%)
entry 316000/5195505 (6.08218%)
entry 317000/5195505 (6.10143%)
entry 318000/5195505 (6.12068%)
entry 319000/5195505 (6.13992%)
entry 320000/5195505 (6.15917%)
entry 323000/5195505 (6.21691%)
entry 324000/5195505 (6.23616%)
entry 326000/5195505 (6.27465%)
entry 327000/5195505 (6.2939%)
entry 328000/5195505 (6.31315%)
entry 329000/5195505 (6.3324%)
entry 330000/5195505 (6.35164%)
entry 331000/5195505 (6.37089%)
entry 332000/5195505 (6.39014%)
entry 334000/5195505 (6.42863%)
entry 335000/5195505 (6.44788%)
entry 336000/5195505 (6.46713%)
entry 337000/5195505 (6.48638%)
entry 338000/5195505 (6.50562%)
entry 339000/5195505 (6.52487%)
entry 340000/5195505 (6.54412%)
entry 341000/5195505 (6.56337%)
entry 342000/5195505 (6.58261%)
entry 344000/5195505 (6.62111%)
entry 345000/5195505 (6.64036%)
entry 347000/5195505 (6.67885%)
entry 348000/5195505 (6.6981%)
entry 349000/5195505 (6.71735%)
entry 350000/5195505 (6.73659%)
entry 351000/5195505 (6.75584%)
entry 352000/5195505 (6.77509%)
entry 353000/5195505 (6.79433%)
entry 354000/5195505 (6.81358%)
entry 355000/5195505 (6.83283%)
entry 356000/5195505 (6.85208%)
entry 357000/5195505 (6.87132%)
entry 358000/5195505 (6.89057%)
entry 360000/5195505 (6.92907%)
entry 361000/5195505 (6.94831%)
entry 362000/5195505 (6.96756%)
entry 363000/5195505 (6.98681%)
entry 364000/5195505 (7.00606%)
entry 365000/5195505 (7.0253%)
entry 367000/5195505 (7.0638%)
entry 371000/5195505 (7.14079%)
entry 373000/5195505 (7.17928%)
entry 374000/5195505 (7.19853%)
entry 375000/5195505 (7.21778%)
entry 376000/5195505 (7.23703%)
entry 378000/5195505 (7.27552%)
entry 379000/5195505 (7.29477%)
entry 381000/5195505 (7.33326%)
entry 382000/5195505 (7.35251%)
entry 383000/5195505 (7.37176%)
entry 385000/5195505 (7.41025%)
entry 388000/5195505 (7.46799%)
entry 390000/5195505 (7.50649%)
entry 395000/5195505 (7.60273%)
entry 396000/5195505 (7.62197%)
entry 397000/5195505 (7.64122%)
entry 398000/5195505 (7.66047%)
entry 400000/5195505 (7.69896%)
entry 401000/5195505 (7.71821%)
entry 403000/5195505 (7.7567%)
entry 406000/5195505 (7.81445%)
entry 407000/5195505 (7.83369%)
entry 411000/5195505 (7.91068%)
entry 412000/5195505 (7.92993%)
entry 413000/5195505 (7.94918%)
entry 414000/5195505 (7.96843%)
entry 416000/5195505 (8.00692%)
entry 418000/5195505 (8.04542%)
entry 419000/5195505 (8.06466%)
entry 421000/5195505 (8.10316%)
entry 422000/5195505 (8.12241%)
entry 423000/5195505 (8.14165%)
entry 424000/5195505 (8.1609%)
entry 425000/5195505 (8.18015%)
entry 426000/5195505 (8.1994%)
entry 427000/5195505 (8.21864%)
entry 428000/5195505 (8.23789%)
entry 429000/5195505 (8.25714%)
entry 430000/5195505 (8.27639%)
entry 431000/5195505 (8.29563%)
entry 432000/5195505 (8.31488%)
entry 433000/5195505 (8.33413%)
entry 434000/5195505 (8.35337%)
entry 435000/5195505 (8.37262%)
entry 437000/5195505 (8.41112%)
entry 438000/5195505 (8.43036%)
entry 439000/5195505 (8.44961%)
entry 440000/5195505 (8.46886%)
entry 441000/5195505 (8.48811%)
entry 442000/5195505 (8.50735%)
entry 444000/5195505 (8.54585%)
entry 445000/5195505 (8.5651%)
entry 446000/5195505 (8.58434%)
entry 447000/5195505 (8.60359%)
entry 448000/5195505 (8.62284%)
entry 449000/5195505 (8.64209%)
entry 451000/5195505 (8.68058%)
entry 452000/5195505 (8.69983%)
entry 453000/5195505 (8.71908%)
entry 454000/5195505 (8.73832%)
entry 458000/5195505 (8.81531%)
entry 461000/5195505 (8.87305%)
entry 462000/5195505 (8.8923%)
entry 465000/5195505 (8.95004%)
entry 466000/5195505 (8.96929%)
entry 467000/5195505 (8.98854%)
entry 468000/5195505 (9.00779%)
entry 471000/5195505 (9.06553%)
entry 472000/5195505 (9.08478%)
entry 473000/5195505 (9.10402%)
entry 474000/5195505 (9.12327%)
entry 475000/5195505 (9.14252%)
entry 476000/5195505 (9.16177%)
entry 477000/5195505 (9.18101%)
entry 479000/5195505 (9.21951%)
entry 480000/5195505 (9.23876%)
entry 481000/5195505 (9.258%)
entry 483000/5195505 (9.2965%)
entry 484000/5195505 (9.31574%)
entry 485000/5195505 (9.33499%)
entry 486000/5195505 (9.35424%)
entry 487000/5195505 (9.37349%)
entry 489000/5195505 (9.41198%)
entry 490000/5195505 (9.43123%)
entry 491000/5195505 (9.45048%)
entry 493000/5195505 (9.48897%)
entry 495000/5195505 (9.52747%)
entry 497000/5195505 (9.56596%)
entry 498000/5195505 (9.58521%)
entry 499000/5195505 (9.60446%)
entry 500000/5195505 (9.6237%)
entry 501000/5195505 (9.64295%)
entry 502000/5195505 (9.6622%)
entry 507000/5195505 (9.75844%)
entry 508000/5195505 (9.77768%)
entry 509000/5195505 (9.79693%)
entry 510000/5195505 (9.81618%)
entry 512000/5195505 (9.85467%)
entry 514000/5195505 (9.89317%)
entry 517000/5195505 (9.95091%)
entry 518000/5195505 (9.97016%)
entry 520000/5195505 (10.0087%)
entry 521000/5195505 (10.0279%)
entry 522000/5195505 (10.0471%)
entry 523000/5195505 (10.0664%)
entry 524000/5195505 (10.0856%)
entry 526000/5195505 (10.1241%)
entry 527000/5195505 (10.1434%)
entry 528000/5195505 (10.1626%)
entry 530000/5195505 (10.2011%)
entry 531000/5195505 (10.2204%)
entry 532000/5195505 (10.2396%)
entry 534000/5195505 (10.2781%)
entry 535000/5195505 (10.2974%)
entry 536000/5195505 (10.3166%)
entry 537000/5195505 (10.3359%)
entry 538000/5195505 (10.3551%)
entry 539000/5195505 (10.3744%)
entry 541000/5195505 (10.4128%)
entry 542000/5195505 (10.4321%)
entry 543000/5195505 (10.4513%)
entry 545000/5195505 (10.4898%)
entry 546000/5195505 (10.5091%)
entry 549000/5195505 (10.5668%)
entry 551000/5195505 (10.6053%)
entry 552000/5195505 (10.6246%)
entry 553000/5195505 (10.6438%)
entry 554000/5195505 (10.6631%)
entry 555000/5195505 (10.6823%)
entry 557000/5195505 (10.7208%)
entry 558000/5195505 (10.7401%)
entry 559000/5195505 (10.7593%)
entry 560000/5195505 (10.7785%)
entry 561000/5195505 (10.7978%)
entry 562000/5195505 (10.817%)
entry 563000/5195505 (10.8363%)
entry 564000/5195505 (10.8555%)
entry 566000/5195505 (10.894%)
entry 567000/5195505 (10.9133%)
entry 568000/5195505 (10.9325%)
entry 569000/5195505 (10.9518%)
entry 571000/5195505 (10.9903%)
entry 572000/5195505 (11.0095%)
entry 573000/5195505 (11.0288%)
entry 576000/5195505 (11.0865%)
entry 578000/5195505 (11.125%)
entry 579000/5195505 (11.1442%)
entry 580000/5195505 (11.1635%)
entry 581000/5195505 (11.1827%)
entry 582000/5195505 (11.202%)
entry 583000/5195505 (11.2212%)
entry 584000/5195505 (11.2405%)
entry 585000/5195505 (11.2597%)
entry 587000/5195505 (11.2982%)
entry 588000/5195505 (11.3175%)
entry 589000/5195505 (11.3367%)
entry 590000/5195505 (11.356%)
entry 591000/5195505 (11.3752%)
entry 592000/5195505 (11.3945%)
entry 593000/5195505 (11.4137%)
entry 596000/5195505 (11.4715%)
entry 598000/5195505 (11.5099%)
entry 602000/5195505 (11.5869%)
entry 605000/5195505 (11.6447%)
entry 606000/5195505 (11.6639%)
entry 607000/5195505 (11.6832%)
entry 608000/5195505 (11.7024%)
entry 609000/5195505 (11.7217%)
entry 610000/5195505 (11.7409%)
entry 611000/5195505 (11.7602%)
entry 612000/5195505 (11.7794%)
entry 613000/5195505 (11.7987%)
entry 614000/5195505 (11.8179%)
entry 615000/5195505 (11.8372%)
entry 616000/5195505 (11.8564%)
entry 617000/5195505 (11.8757%)
entry 618000/5195505 (11.8949%)
entry 621000/5195505 (11.9526%)
entry 622000/5195505 (11.9719%)
entry 623000/5195505 (11.9911%)
entry 624000/5195505 (12.0104%)
entry 625000/5195505 (12.0296%)
entry 626000/5195505 (12.0489%)
entry 627000/5195505 (12.0681%)
entry 629000/5195505 (12.1066%)
entry 630000/5195505 (12.1259%)
entry 631000/5195505 (12.1451%)
entry 632000/5195505 (12.1644%)
entry 633000/5195505 (12.1836%)
entry 636000/5195505 (12.2414%)
entry 638000/5195505 (12.2798%)
entry 640000/5195505 (12.3183%)
entry 641000/5195505 (12.3376%)
entry 642000/5195505 (12.3568%)
entry 643000/5195505 (12.3761%)
entry 645000/5195505 (12.4146%)
entry 646000/5195505 (12.4338%)
entry 647000/5195505 (12.4531%)
entry 648000/5195505 (12.4723%)
entry 649000/5195505 (12.4916%)
entry 650000/5195505 (12.5108%)
entry 653000/5195505 (12.5686%)
entry 654000/5195505 (12.5878%)
entry 656000/5195505 (12.6263%)
entry 657000/5195505 (12.6455%)
entry 658000/5195505 (12.6648%)
entry 659000/5195505 (12.684%)
entry 660000/5195505 (12.7033%)
entry 661000/5195505 (12.7225%)
entry 662000/5195505 (12.7418%)
entry 663000/5195505 (12.761%)
entry 665000/5195505 (12.7995%)
entry 666000/5195505 (12.8188%)
entry 667000/5195505 (12.838%)
entry 668000/5195505 (12.8573%)
entry 669000/5195505 (12.8765%)
entry 671000/5195505 (12.915%)
entry 672000/5195505 (12.9343%)
entry 673000/5195505 (12.9535%)
entry 676000/5195505 (13.0112%)
entry 678000/5195505 (13.0497%)
entry 681000/5195505 (13.1075%)
entry 682000/5195505 (13.1267%)
entry 683000/5195505 (13.146%)
entry 684000/5195505 (13.1652%)
entry 685000/5195505 (13.1845%)
entry 686000/5195505 (13.2037%)
entry 687000/5195505 (13.223%)
entry 690000/5195505 (13.2807%)
entry 691000/5195505 (13.3%)
entry 692000/5195505 (13.3192%)
entry 693000/5195505 (13.3385%)
entry 694000/5195505 (13.3577%)
entry 695000/5195505 (13.3769%)
entry 696000/5195505 (13.3962%)
entry 697000/5195505 (13.4154%)
entry 698000/5195505 (13.4347%)
entry 699000/5195505 (13.4539%)
entry 700000/5195505 (13.4732%)
entry 701000/5195505 (13.4924%)
entry 703000/5195505 (13.5309%)
entry 704000/5195505 (13.5502%)
entry 705000/5195505 (13.5694%)
entry 706000/5195505 (13.5887%)
entry 707000/5195505 (13.6079%)
entry 709000/5195505 (13.6464%)
entry 710000/5195505 (13.6657%)
entry 711000/5195505 (13.6849%)
entry 712000/5195505 (13.7042%)
entry 715000/5195505 (13.7619%)
entry 716000/5195505 (13.7811%)
entry 717000/5195505 (13.8004%)
entry 718000/5195505 (13.8196%)
entry 719000/5195505 (13.8389%)
entry 720000/5195505 (13.8581%)
entry 721000/5195505 (13.8774%)
entry 722000/5195505 (13.8966%)
entry 723000/5195505 (13.9159%)
entry 724000/5195505 (13.9351%)
entry 725000/5195505 (13.9544%)
entry 726000/5195505 (13.9736%)
entry 727000/5195505 (13.9929%)
entry 728000/5195505 (14.0121%)
entry 730000/5195505 (14.0506%)
entry 731000/5195505 (14.0699%)
entry 732000/5195505 (14.0891%)
entry 735000/5195505 (14.1468%)
entry 738000/5195505 (14.2046%)
entry 739000/5195505 (14.2238%)
entry 740000/5195505 (14.2431%)
entry 741000/5195505 (14.2623%)
entry 742000/5195505 (14.2816%)
entry 744000/5195505 (14.3201%)
entry 745000/5195505 (14.3393%)
entry 747000/5195505 (14.3778%)
entry 748000/5195505 (14.3971%)
entry 749000/5195505 (14.4163%)
entry 751000/5195505 (14.4548%)
entry 753000/5195505 (14.4933%)
entry 754000/5195505 (14.5125%)
entry 755000/5195505 (14.5318%)
entry 756000/5195505 (14.551%)
entry 757000/5195505 (14.5703%)
entry 759000/5195505 (14.6088%)
entry 761000/5195505 (14.6473%)
entry 762000/5195505 (14.6665%)
entry 763000/5195505 (14.6858%)
entry 765000/5195505 (14.7243%)
entry 767000/5195505 (14.7628%)
entry 768000/5195505 (14.782%)
entry 770000/5195505 (14.8205%)
entry 774000/5195505 (14.8975%)
entry 775000/5195505 (14.9167%)
entry 776000/5195505 (14.936%)
entry 777000/5195505 (14.9552%)
entry 778000/5195505 (14.9745%)
entry 779000/5195505 (14.9937%)
entry 780000/5195505 (15.013%)
entry 781000/5195505 (15.0322%)
entry 784000/5195505 (15.09%)
entry 786000/5195505 (15.1285%)
entry 787000/5195505 (15.1477%)
entry 788000/5195505 (15.167%)
entry 789000/5195505 (15.1862%)
entry 792000/5195505 (15.2439%)
entry 794000/5195505 (15.2824%)
entry 795000/5195505 (15.3017%)
entry 797000/5195505 (15.3402%)
entry 798000/5195505 (15.3594%)
entry 799000/5195505 (15.3787%)
entry 800000/5195505 (15.3979%)
entry 802000/5195505 (15.4364%)
entry 803000/5195505 (15.4557%)
entry 804000/5195505 (15.4749%)
entry 805000/5195505 (15.4942%)
entry 806000/5195505 (15.5134%)
entry 807000/5195505 (15.5327%)
entry 808000/5195505 (15.5519%)
entry 810000/5195505 (15.5904%)
entry 811000/5195505 (15.6096%)
entry 812000/5195505 (15.6289%)
entry 813000/5195505 (15.6481%)
entry 814000/5195505 (15.6674%)
entry 815000/5195505 (15.6866%)
entry 817000/5195505 (15.7251%)
entry 818000/5195505 (15.7444%)
entry 819000/5195505 (15.7636%)
entry 820000/5195505 (15.7829%)
entry 821000/5195505 (15.8021%)
entry 822000/5195505 (15.8214%)
entry 824000/5195505 (15.8599%)
entry 825000/5195505 (15.8791%)
entry 826000/5195505 (15.8984%)
entry 827000/5195505 (15.9176%)
entry 828000/5195505 (15.9369%)
entry 830000/5195505 (15.9753%)
entry 834000/5195505 (16.0523%)
entry 838000/5195505 (16.1293%)
entry 839000/5195505 (16.1486%)
entry 840000/5195505 (16.1678%)
entry 843000/5195505 (16.2256%)
entry 844000/5195505 (16.2448%)
entry 845000/5195505 (16.2641%)
entry 846000/5195505 (16.2833%)
entry 847000/5195505 (16.3026%)
entry 848000/5195505 (16.3218%)
entry 849000/5195505 (16.341%)
entry 850000/5195505 (16.3603%)
entry 851000/5195505 (16.3795%)
entry 852000/5195505 (16.3988%)
entry 853000/5195505 (16.418%)
entry 856000/5195505 (16.4758%)
entry 857000/5195505 (16.495%)
entry 858000/5195505 (16.5143%)
entry 859000/5195505 (16.5335%)
entry 860000/5195505 (16.5528%)
entry 861000/5195505 (16.572%)
entry 863000/5195505 (16.6105%)
entry 864000/5195505 (16.6298%)
entry 866000/5195505 (16.6683%)
entry 867000/5195505 (16.6875%)
entry 868000/5195505 (16.7067%)
entry 869000/5195505 (16.726%)
entry 870000/5195505 (16.7452%)
entry 873000/5195505 (16.803%)
entry 874000/5195505 (16.8222%)
entry 877000/5195505 (16.88%)
entry 880000/5195505 (16.9377%)
entry 882000/5195505 (16.9762%)
entry 883000/5195505 (16.9955%)
entry 884000/5195505 (17.0147%)
entry 885000/5195505 (17.034%)
entry 886000/5195505 (17.0532%)
entry 887000/5195505 (17.0724%)
entry 888000/5195505 (17.0917%)
entry 890000/5195505 (17.1302%)
entry 891000/5195505 (17.1494%)
entry 892000/5195505 (17.1687%)
entry 893000/5195505 (17.1879%)
entry 894000/5195505 (17.2072%)
entry 895000/5195505 (17.2264%)
entry 896000/5195505 (17.2457%)
entry 899000/5195505 (17.3034%)
entry 900000/5195505 (17.3227%)
entry 901000/5195505 (17.3419%)
entry 902000/5195505 (17.3612%)
entry 903000/5195505 (17.3804%)
entry 904000/5195505 (17.3997%)
entry 905000/5195505 (17.4189%)
entry 906000/5195505 (17.4382%)
entry 907000/5195505 (17.4574%)
entry 909000/5195505 (17.4959%)
entry 910000/5195505 (17.5151%)
entry 911000/5195505 (17.5344%)
entry 913000/5195505 (17.5729%)
entry 914000/5195505 (17.5921%)
entry 915000/5195505 (17.6114%)
entry 917000/5195505 (17.6499%)
entry 918000/5195505 (17.6691%)
entry 919000/5195505 (17.6884%)
entry 920000/5195505 (17.7076%)
entry 923000/5195505 (17.7654%)
entry 924000/5195505 (17.7846%)
entry 925000/5195505 (17.8039%)
entry 926000/5195505 (17.8231%)
entry 927000/5195505 (17.8423%)
entry 928000/5195505 (17.8616%)
entry 930000/5195505 (17.9001%)
entry 931000/5195505 (17.9193%)
entry 932000/5195505 (17.9386%)
entry 933000/5195505 (17.9578%)
entry 935000/5195505 (17.9963%)
entry 937000/5195505 (18.0348%)
entry 938000/5195505 (18.0541%)
entry 939000/5195505 (18.0733%)
entry 942000/5195505 (18.1311%)
entry 943000/5195505 (18.1503%)
entry 945000/5195505 (18.1888%)
entry 946000/5195505 (18.208%)
entry 947000/5195505 (18.2273%)
entry 950000/5195505 (18.285%)
entry 951000/5195505 (18.3043%)
entry 952000/5195505 (18.3235%)
entry 953000/5195505 (18.3428%)
entry 954000/5195505 (18.362%)
entry 956000/5195505 (18.4005%)
entry 957000/5195505 (18.4198%)
entry 958000/5195505 (18.439%)
entry 960000/5195505 (18.4775%)
entry 961000/5195505 (18.4968%)
entry 962000/5195505 (18.516%)
entry 963000/5195505 (18.5353%)
entry 964000/5195505 (18.5545%)
entry 965000/5195505 (18.5737%)
entry 966000/5195505 (18.593%)
entry 967000/5195505 (18.6122%)
entry 968000/5195505 (18.6315%)
entry 969000/5195505 (18.6507%)
entry 970000/5195505 (18.67%)
entry 971000/5195505 (18.6892%)
entry 973000/5195505 (18.7277%)
entry 975000/5195505 (18.7662%)
entry 976000/5195505 (18.7855%)
entry 977000/5195505 (18.8047%)
entry 978000/5195505 (18.824%)
entry 979000/5195505 (18.8432%)
entry 980000/5195505 (18.8625%)
entry 981000/5195505 (18.8817%)
entry 982000/5195505 (18.901%)
entry 983000/5195505 (18.9202%)
entry 984000/5195505 (18.9394%)
entry 985000/5195505 (18.9587%)
entry 986000/5195505 (18.9779%)
entry 987000/5195505 (18.9972%)
entry 988000/5195505 (19.0164%)
entry 989000/5195505 (19.0357%)
entry 990000/5195505 (19.0549%)
entry 993000/5195505 (19.1127%)
entry 994000/5195505 (19.1319%)
entry 995000/5195505 (19.1512%)
entry 996000/5195505 (19.1704%)
entry 999000/5195505 (19.2282%)
entry 1000000/5195505 (19.2474%)
entry 1001000/5195505 (19.2667%)
entry 1002000/5195505 (19.2859%)
entry 1003000/5195505 (19.3051%)
entry 1004000/5195505 (19.3244%)
entry 1006000/5195505 (19.3629%)
entry 1007000/5195505 (19.3821%)
entry 1008000/5195505 (19.4014%)
entry 1010000/5195505 (19.4399%)
entry 1012000/5195505 (19.4784%)
entry 1013000/5195505 (19.4976%)
entry 1014000/5195505 (19.5169%)
entry 1016000/5195505 (19.5554%)
entry 1017000/5195505 (19.5746%)
entry 1018000/5195505 (19.5939%)
entry 1020000/5195505 (19.6324%)
entry 1022000/5195505 (19.6709%)
entry 1023000/5195505 (19.6901%)
entry 1024000/5195505 (19.7093%)
entry 1025000/5195505 (19.7286%)
entry 1026000/5195505 (19.7478%)
entry 1027000/5195505 (19.7671%)
entry 1030000/5195505 (19.8248%)
entry 1031000/5195505 (19.8441%)
entry 1032000/5195505 (19.8633%)
entry 1033000/5195505 (19.8826%)
entry 1034000/5195505 (19.9018%)
entry 1035000/5195505 (19.9211%)
entry 1038000/5195505 (19.9788%)
entry 1039000/5195505 (19.9981%)
entry 1041000/5195505 (20.0366%)
entry 1043000/5195505 (20.075%)
entry 1045000/5195505 (20.1135%)
entry 1047000/5195505 (20.152%)
entry 1049000/5195505 (20.1905%)
entry 1051000/5195505 (20.229%)
entry 1052000/5195505 (20.2483%)
entry 1053000/5195505 (20.2675%)
entry 1055000/5195505 (20.306%)
entry 1056000/5195505 (20.3253%)
entry 1057000/5195505 (20.3445%)
entry 1060000/5195505 (20.4023%)
entry 1061000/5195505 (20.4215%)
entry 1062000/5195505 (20.4407%)
entry 1063000/5195505 (20.46%)
entry 1065000/5195505 (20.4985%)
entry 1066000/5195505 (20.5177%)
entry 1068000/5195505 (20.5562%)
entry 1070000/5195505 (20.5947%)
entry 1071000/5195505 (20.614%)
entry 1072000/5195505 (20.6332%)
entry 1073000/5195505 (20.6525%)
entry 1075000/5195505 (20.691%)
entry 1079000/5195505 (20.768%)
entry 1080000/5195505 (20.7872%)
entry 1081000/5195505 (20.8064%)
entry 1083000/5195505 (20.8449%)
entry 1084000/5195505 (20.8642%)
entry 1088000/5195505 (20.9412%)
entry 1089000/5195505 (20.9604%)
entry 1090000/5195505 (20.9797%)
entry 1092000/5195505 (21.0182%)
entry 1093000/5195505 (21.0374%)
entry 1094000/5195505 (21.0567%)
entry 1095000/5195505 (21.0759%)
entry 1096000/5195505 (21.0952%)
entry 1098000/5195505 (21.1337%)
entry 1099000/5195505 (21.1529%)
entry 1101000/5195505 (21.1914%)
entry 1103000/5195505 (21.2299%)
entry 1105000/5195505 (21.2684%)
entry 1107000/5195505 (21.3069%)
entry 1109000/5195505 (21.3454%)
entry 1112000/5195505 (21.4031%)
entry 1113000/5195505 (21.4224%)
entry 1114000/5195505 (21.4416%)
entry 1116000/5195505 (21.4801%)
entry 1118000/5195505 (21.5186%)
entry 1119000/5195505 (21.5378%)
entry 1120000/5195505 (21.5571%)
entry 1121000/5195505 (21.5763%)
entry 1122000/5195505 (21.5956%)
entry 1123000/5195505 (21.6148%)
entry 1124000/5195505 (21.6341%)
entry 1125000/5195505 (21.6533%)
entry 1126000/5195505 (21.6726%)
entry 1127000/5195505 (21.6918%)
entry 1128000/5195505 (21.7111%)
entry 1129000/5195505 (21.7303%)
entry 1130000/5195505 (21.7496%)
entry 1132000/5195505 (21.7881%)
entry 1134000/5195505 (21.8266%)
entry 1135000/5195505 (21.8458%)
entry 1136000/5195505 (21.8651%)
entry 1137000/5195505 (21.8843%)
entry 1138000/5195505 (21.9035%)
entry 1139000/5195505 (21.9228%)
entry 1142000/5195505 (21.9805%)
entry 1143000/5195505 (21.9998%)
entry 1144000/5195505 (22.019%)
entry 1146000/5195505 (22.0575%)
entry 1147000/5195505 (22.0768%)
entry 1148000/5195505 (22.096%)
entry 1149000/5195505 (22.1153%)
entry 1150000/5195505 (22.1345%)
entry 1151000/5195505 (22.1538%)
entry 1152000/5195505 (22.173%)
entry 1155000/5195505 (22.2308%)
entry 1156000/5195505 (22.25%)
entry 1157000/5195505 (22.2693%)
entry 1158000/5195505 (22.2885%)
entry 1159000/5195505 (22.3077%)
entry 1161000/5195505 (22.3462%)
entry 1164000/5195505 (22.404%)
entry 1165000/5195505 (22.4232%)
entry 1166000/5195505 (22.4425%)
entry 1167000/5195505 (22.4617%)
entry 1168000/5195505 (22.481%)
entry 1169000/5195505 (22.5002%)
entry 1170000/5195505 (22.5195%)
entry 1171000/5195505 (22.5387%)
entry 1172000/5195505 (22.558%)
entry 1175000/5195505 (22.6157%)
entry 1176000/5195505 (22.635%)
entry 1178000/5195505 (22.6734%)
entry 1179000/5195505 (22.6927%)
entry 1180000/5195505 (22.7119%)
entry 1184000/5195505 (22.7889%)
entry 1185000/5195505 (22.8082%)
entry 1188000/5195505 (22.8659%)
entry 1189000/5195505 (22.8852%)
entry 1192000/5195505 (22.9429%)
entry 1193000/5195505 (22.9622%)
entry 1194000/5195505 (22.9814%)
entry 1195000/5195505 (23.0007%)
entry 1197000/5195505 (23.0391%)
entry 1198000/5195505 (23.0584%)
entry 1200000/5195505 (23.0969%)
entry 1202000/5195505 (23.1354%)
entry 1204000/5195505 (23.1739%)
entry 1205000/5195505 (23.1931%)
entry 1206000/5195505 (23.2124%)
entry 1209000/5195505 (23.2701%)
entry 1210000/5195505 (23.2894%)
entry 1212000/5195505 (23.3279%)
entry 1213000/5195505 (23.3471%)
entry 1214000/5195505 (23.3664%)
entry 1215000/5195505 (23.3856%)
entry 1216000/5195505 (23.4048%)
entry 1217000/5195505 (23.4241%)
entry 1218000/5195505 (23.4433%)
entry 1221000/5195505 (23.5011%)
entry 1222000/5195505 (23.5203%)
entry 1223000/5195505 (23.5396%)
entry 1224000/5195505 (23.5588%)
entry 1227000/5195505 (23.6166%)
entry 1228000/5195505 (23.6358%)
entry 1229000/5195505 (23.6551%)
entry 1230000/5195505 (23.6743%)
entry 1231000/5195505 (23.6936%)
entry 1232000/5195505 (23.7128%)
entry 1233000/5195505 (23.7321%)
entry 1237000/5195505 (23.809%)
entry 1239000/5195505 (23.8475%)
entry 1241000/5195505 (23.886%)
entry 1242000/5195505 (23.9053%)
entry 1243000/5195505 (23.9245%)
entry 1244000/5195505 (23.9438%)
entry 1245000/5195505 (23.963%)
entry 1247000/5195505 (24.0015%)
entry 1248000/5195505 (24.0208%)
entry 1249000/5195505 (24.04%)
entry 1250000/5195505 (24.0593%)
entry 1251000/5195505 (24.0785%)
entry 1253000/5195505 (24.117%)
entry 1254000/5195505 (24.1362%)
entry 1255000/5195505 (24.1555%)
entry 1256000/5195505 (24.1747%)
entry 1257000/5195505 (24.194%)
entry 1258000/5195505 (24.2132%)
entry 1259000/5195505 (24.2325%)
entry 1260000/5195505 (24.2517%)
entry 1261000/5195505 (24.271%)
entry 1262000/5195505 (24.2902%)
entry 1263000/5195505 (24.3095%)
entry 1264000/5195505 (24.3287%)
entry 1265000/5195505 (24.348%)
entry 1266000/5195505 (24.3672%)
entry 1267000/5195505 (24.3865%)
entry 1268000/5195505 (24.4057%)
entry 1269000/5195505 (24.425%)
entry 1270000/5195505 (24.4442%)
entry 1272000/5195505 (24.4827%)
entry 1273000/5195505 (24.5019%)
entry 1275000/5195505 (24.5404%)
entry 1279000/5195505 (24.6174%)
entry 1281000/5195505 (24.6559%)
entry 1282000/5195505 (24.6752%)
entry 1284000/5195505 (24.7137%)
entry 1285000/5195505 (24.7329%)
entry 1287000/5195505 (24.7714%)
entry 1288000/5195505 (24.7907%)
entry 1289000/5195505 (24.8099%)
entry 1292000/5195505 (24.8676%)
entry 1293000/5195505 (24.8869%)
entry 1295000/5195505 (24.9254%)
entry 1297000/5195505 (24.9639%)
entry 1298000/5195505 (24.9831%)
entry 1299000/5195505 (25.0024%)
entry 1300000/5195505 (25.0216%)
entry 1302000/5195505 (25.0601%)
entry 1303000/5195505 (25.0794%)
entry 1304000/5195505 (25.0986%)
entry 1305000/5195505 (25.1179%)
entry 1307000/5195505 (25.1564%)
entry 1308000/5195505 (25.1756%)
entry 1309000/5195505 (25.1949%)
entry 1310000/5195505 (25.2141%)
entry 1311000/5195505 (25.2334%)
entry 1312000/5195505 (25.2526%)
entry 1313000/5195505 (25.2718%)
entry 1314000/5195505 (25.2911%)
entry 1315000/5195505 (25.3103%)
entry 1316000/5195505 (25.3296%)
entry 1318000/5195505 (25.3681%)
entry 1319000/5195505 (25.3873%)
entry 1320000/5195505 (25.4066%)
entry 1321000/5195505 (25.4258%)
entry 1322000/5195505 (25.4451%)
entry 1323000/5195505 (25.4643%)
entry 1324000/5195505 (25.4836%)
entry 1325000/5195505 (25.5028%)
entry 1326000/5195505 (25.5221%)
entry 1327000/5195505 (25.5413%)
entry 1328000/5195505 (25.5606%)
entry 1329000/5195505 (25.5798%)
entry 1333000/5195505 (25.6568%)
entry 1334000/5195505 (25.676%)
entry 1335000/5195505 (25.6953%)
entry 1337000/5195505 (25.7338%)
entry 1339000/5195505 (25.7723%)
entry 1340000/5195505 (25.7915%)
entry 1341000/5195505 (25.8108%)
entry 1342000/5195505 (25.83%)
entry 1343000/5195505 (25.8493%)
entry 1344000/5195505 (25.8685%)
entry 1345000/5195505 (25.8878%)
entry 1346000/5195505 (25.907%)
entry 1348000/5195505 (25.9455%)
entry 1349000/5195505 (25.9648%)
entry 1353000/5195505 (26.0417%)
entry 1354000/5195505 (26.061%)
entry 1355000/5195505 (26.0802%)
entry 1357000/5195505 (26.1187%)
entry 1358000/5195505 (26.138%)
entry 1360000/5195505 (26.1765%)
entry 1361000/5195505 (26.1957%)
entry 1363000/5195505 (26.2342%)
entry 1364000/5195505 (26.2535%)
entry 1365000/5195505 (26.2727%)
entry 1366000/5195505 (26.292%)
entry 1367000/5195505 (26.3112%)
entry 1369000/5195505 (26.3497%)
entry 1370000/5195505 (26.3689%)
entry 1371000/5195505 (26.3882%)
entry 1372000/5195505 (26.4074%)
entry 1373000/5195505 (26.4267%)
entry 1374000/5195505 (26.4459%)
entry 1375000/5195505 (26.4652%)
entry 1376000/5195505 (26.4844%)
entry 1377000/5195505 (26.5037%)
entry 1378000/5195505 (26.5229%)
entry 1381000/5195505 (26.5807%)
entry 1383000/5195505 (26.6192%)
entry 1388000/5195505 (26.7154%)
entry 1390000/5195505 (26.7539%)
entry 1391000/5195505 (26.7731%)
entry 1393000/5195505 (26.8116%)
entry 1394000/5195505 (26.8309%)
entry 1395000/5195505 (26.8501%)
entry 1396000/5195505 (26.8694%)
entry 1397000/5195505 (26.8886%)
entry 1399000/5195505 (26.9271%)
entry 1400000/5195505 (26.9464%)
entry 1401000/5195505 (26.9656%)
entry 1403000/5195505 (27.0041%)
entry 1404000/5195505 (27.0234%)
entry 1405000/5195505 (27.0426%)
entry 1407000/5195505 (27.0811%)
entry 1408000/5195505 (27.1003%)
entry 1409000/5195505 (27.1196%)
entry 1410000/5195505 (27.1388%)
entry 1411000/5195505 (27.1581%)
entry 1412000/5195505 (27.1773%)
entry 1413000/5195505 (27.1966%)
entry 1414000/5195505 (27.2158%)
entry 1416000/5195505 (27.2543%)
entry 1417000/5195505 (27.2736%)
entry 1420000/5195505 (27.3313%)
entry 1421000/5195505 (27.3506%)
entry 1424000/5195505 (27.4083%)
entry 1425000/5195505 (27.4276%)
entry 1426000/5195505 (27.4468%)
entry 1427000/5195505 (27.466%)
entry 1430000/5195505 (27.5238%)
entry 1431000/5195505 (27.543%)
entry 1432000/5195505 (27.5623%)
entry 1433000/5195505 (27.5815%)
entry 1437000/5195505 (27.6585%)
entry 1438000/5195505 (27.6778%)
entry 1441000/5195505 (27.7355%)
entry 1442000/5195505 (27.7548%)
entry 1443000/5195505 (27.774%)
entry 1444000/5195505 (27.7933%)
entry 1445000/5195505 (27.8125%)
entry 1447000/5195505 (27.851%)
entry 1449000/5195505 (27.8895%)
entry 1450000/5195505 (27.9087%)
entry 1451000/5195505 (27.928%)
entry 1453000/5195505 (27.9665%)
entry 1454000/5195505 (27.9857%)
entry 1455000/5195505 (28.005%)
entry 1456000/5195505 (28.0242%)
entry 1458000/5195505 (28.0627%)
entry 1459000/5195505 (28.082%)
entry 1460000/5195505 (28.1012%)
entry 1461000/5195505 (28.1205%)
entry 1462000/5195505 (28.1397%)
entry 1463000/5195505 (28.159%)
entry 1465000/5195505 (28.1975%)
entry 1466000/5195505 (28.2167%)
entry 1468000/5195505 (28.2552%)
entry 1469000/5195505 (28.2744%)
entry 1470000/5195505 (28.2937%)
entry 1471000/5195505 (28.3129%)
entry 1472000/5195505 (28.3322%)
entry 1475000/5195505 (28.3899%)
entry 1476000/5195505 (28.4092%)
entry 1477000/5195505 (28.4284%)
entry 1479000/5195505 (28.4669%)
entry 1480000/5195505 (28.4862%)
entry 1481000/5195505 (28.5054%)
entry 1482000/5195505 (28.5247%)
entry 1483000/5195505 (28.5439%)
entry 1484000/5195505 (28.5632%)
entry 1485000/5195505 (28.5824%)
entry 1487000/5195505 (28.6209%)
entry 1488000/5195505 (28.6401%)
entry 1489000/5195505 (28.6594%)
entry 1491000/5195505 (28.6979%)
entry 1492000/5195505 (28.7171%)
entry 1493000/5195505 (28.7364%)
entry 1495000/5195505 (28.7749%)
entry 1496000/5195505 (28.7941%)
entry 1499000/5195505 (28.8519%)
entry 1502000/5195505 (28.9096%)
entry 1504000/5195505 (28.9481%)
entry 1505000/5195505 (28.9673%)
entry 1509000/5195505 (29.0443%)
entry 1510000/5195505 (29.0636%)
entry 1511000/5195505 (29.0828%)
entry 1512000/5195505 (29.1021%)
entry 1513000/5195505 (29.1213%)
entry 1514000/5195505 (29.1406%)
entry 1515000/5195505 (29.1598%)
entry 1517000/5195505 (29.1983%)
entry 1518000/5195505 (29.2176%)
entry 1519000/5195505 (29.2368%)
entry 1520000/5195505 (29.2561%)
entry 1521000/5195505 (29.2753%)
entry 1522000/5195505 (29.2946%)
entry 1523000/5195505 (29.3138%)
entry 1524000/5195505 (29.333%)
entry 1526000/5195505 (29.3715%)
entry 1527000/5195505 (29.3908%)
entry 1528000/5195505 (29.41%)
entry 1529000/5195505 (29.4293%)
entry 1530000/5195505 (29.4485%)
entry 1531000/5195505 (29.4678%)
entry 1532000/5195505 (29.487%)
entry 1534000/5195505 (29.5255%)
entry 1535000/5195505 (29.5448%)
entry 1536000/5195505 (29.564%)
entry 1537000/5195505 (29.5833%)
entry 1538000/5195505 (29.6025%)
entry 1539000/5195505 (29.6218%)
entry 1540000/5195505 (29.641%)
entry 1541000/5195505 (29.6603%)
entry 1548000/5195505 (29.795%)
entry 1550000/5195505 (29.8335%)
entry 1551000/5195505 (29.8527%)
entry 1552000/5195505 (29.872%)
entry 1555000/5195505 (29.9297%)
entry 1557000/5195505 (29.9682%)
entry 1558000/5195505 (29.9875%)
entry 1559000/5195505 (30.0067%)
entry 1560000/5195505 (30.026%)
entry 1561000/5195505 (30.0452%)
entry 1562000/5195505 (30.0644%)
entry 1563000/5195505 (30.0837%)
entry 1564000/5195505 (30.1029%)
entry 1565000/5195505 (30.1222%)
entry 1567000/5195505 (30.1607%)
entry 1568000/5195505 (30.1799%)
entry 1569000/5195505 (30.1992%)
entry 1570000/5195505 (30.2184%)
entry 1571000/5195505 (30.2377%)
entry 1573000/5195505 (30.2762%)
entry 1576000/5195505 (30.3339%)
entry 1578000/5195505 (30.3724%)
entry 1579000/5195505 (30.3917%)
entry 1580000/5195505 (30.4109%)
entry 1583000/5195505 (30.4686%)
entry 1584000/5195505 (30.4879%)
entry 1587000/5195505 (30.5456%)
entry 1588000/5195505 (30.5649%)
entry 1589000/5195505 (30.5841%)
entry 1590000/5195505 (30.6034%)
entry 1591000/5195505 (30.6226%)
entry 1592000/5195505 (30.6419%)
entry 1593000/5195505 (30.6611%)
entry 1595000/5195505 (30.6996%)
entry 1599000/5195505 (30.7766%)
entry 1600000/5195505 (30.7959%)
entry 1601000/5195505 (30.8151%)
entry 1602000/5195505 (30.8343%)
entry 1604000/5195505 (30.8728%)
entry 1606000/5195505 (30.9113%)
entry 1608000/5195505 (30.9498%)
entry 1611000/5195505 (31.0076%)
entry 1612000/5195505 (31.0268%)
entry 1615000/5195505 (31.0846%)
entry 1616000/5195505 (31.1038%)
entry 1618000/5195505 (31.1423%)
entry 1619000/5195505 (31.1616%)
entry 1620000/5195505 (31.1808%)
entry 1621000/5195505 (31.2%)
entry 1622000/5195505 (31.2193%)
entry 1623000/5195505 (31.2385%)
entry 1624000/5195505 (31.2578%)
entry 1625000/5195505 (31.277%)
entry 1628000/5195505 (31.3348%)
entry 1630000/5195505 (31.3733%)
entry 1631000/5195505 (31.3925%)
entry 1632000/5195505 (31.4118%)
entry 1633000/5195505 (31.431%)
entry 1634000/5195505 (31.4503%)
entry 1635000/5195505 (31.4695%)
entry 1638000/5195505 (31.5273%)
entry 1639000/5195505 (31.5465%)
entry 1640000/5195505 (31.5657%)
entry 1642000/5195505 (31.6042%)
entry 1643000/5195505 (31.6235%)
entry 1644000/5195505 (31.6427%)
entry 1645000/5195505 (31.662%)
entry 1648000/5195505 (31.7197%)
entry 1649000/5195505 (31.739%)
entry 1650000/5195505 (31.7582%)
entry 1651000/5195505 (31.7775%)
entry 1653000/5195505 (31.816%)
entry 1654000/5195505 (31.8352%)
entry 1655000/5195505 (31.8545%)
entry 1656000/5195505 (31.8737%)
entry 1657000/5195505 (31.893%)
entry 1658000/5195505 (31.9122%)
entry 1659000/5195505 (31.9314%)
entry 1660000/5195505 (31.9507%)
entry 1661000/5195505 (31.9699%)
entry 1662000/5195505 (31.9892%)
entry 1665000/5195505 (32.0469%)
entry 1666000/5195505 (32.0662%)
entry 1668000/5195505 (32.1047%)
entry 1669000/5195505 (32.1239%)
entry 1670000/5195505 (32.1432%)
entry 1672000/5195505 (32.1817%)
entry 1674000/5195505 (32.2202%)
entry 1675000/5195505 (32.2394%)
entry 1676000/5195505 (32.2587%)
entry 1677000/5195505 (32.2779%)
entry 1678000/5195505 (32.2971%)
entry 1679000/5195505 (32.3164%)
entry 1681000/5195505 (32.3549%)
entry 1682000/5195505 (32.3741%)
entry 1683000/5195505 (32.3934%)
entry 1684000/5195505 (32.4126%)
entry 1685000/5195505 (32.4319%)
entry 1686000/5195505 (32.4511%)
entry 1687000/5195505 (32.4704%)
entry 1688000/5195505 (32.4896%)
entry 1689000/5195505 (32.5089%)
entry 1690000/5195505 (32.5281%)
entry 1692000/5195505 (32.5666%)
entry 1694000/5195505 (32.6051%)
entry 1696000/5195505 (32.6436%)
entry 1697000/5195505 (32.6629%)
entry 1698000/5195505 (32.6821%)
entry 1699000/5195505 (32.7013%)
entry 1701000/5195505 (32.7398%)
entry 1703000/5195505 (32.7783%)
entry 1705000/5195505 (32.8168%)
entry 1706000/5195505 (32.8361%)
entry 1707000/5195505 (32.8553%)
entry 1711000/5195505 (32.9323%)
entry 1712000/5195505 (32.9516%)
entry 1713000/5195505 (32.9708%)
entry 1714000/5195505 (32.9901%)
entry 1715000/5195505 (33.0093%)
entry 1716000/5195505 (33.0286%)
entry 1717000/5195505 (33.0478%)
entry 1719000/5195505 (33.0863%)
entry 1720000/5195505 (33.1055%)
entry 1722000/5195505 (33.144%)
entry 1723000/5195505 (33.1633%)
entry 1725000/5195505 (33.2018%)
entry 1726000/5195505 (33.221%)
entry 1727000/5195505 (33.2403%)
entry 1728000/5195505 (33.2595%)
entry 1729000/5195505 (33.2788%)
entry 1730000/5195505 (33.298%)
entry 1731000/5195505 (33.3173%)
entry 1732000/5195505 (33.3365%)
entry 1734000/5195505 (33.375%)
entry 1735000/5195505 (33.3943%)
entry 1736000/5195505 (33.4135%)
entry 1737000/5195505 (33.4327%)
entry 1738000/5195505 (33.452%)
entry 1739000/5195505 (33.4712%)
entry 1743000/5195505 (33.5482%)
entry 1744000/5195505 (33.5675%)
entry 1745000/5195505 (33.5867%)
entry 1746000/5195505 (33.606%)
entry 1747000/5195505 (33.6252%)
entry 1748000/5195505 (33.6445%)
entry 1749000/5195505 (33.6637%)
entry 1751000/5195505 (33.7022%)
entry 1753000/5195505 (33.7407%)
entry 1755000/5195505 (33.7792%)
entry 1757000/5195505 (33.8177%)
entry 1759000/5195505 (33.8562%)
entry 1760000/5195505 (33.8754%)
entry 1761000/5195505 (33.8947%)
entry 1765000/5195505 (33.9717%)
entry 1767000/5195505 (34.0102%)
entry 1769000/5195505 (34.0487%)
entry 1770000/5195505 (34.0679%)
entry 1772000/5195505 (34.1064%)
entry 1773000/5195505 (34.1257%)
entry 1774000/5195505 (34.1449%)
entry 1776000/5195505 (34.1834%)
entry 1777000/5195505 (34.2026%)
entry 1778000/5195505 (34.2219%)
entry 1779000/5195505 (34.2411%)
entry 1780000/5195505 (34.2604%)
entry 1781000/5195505 (34.2796%)
entry 1782000/5195505 (34.2989%)
entry 1783000/5195505 (34.3181%)
entry 1784000/5195505 (34.3374%)
entry 1785000/5195505 (34.3566%)
entry 1786000/5195505 (34.3759%)
entry 1787000/5195505 (34.3951%)
entry 1788000/5195505 (34.4144%)
entry 1789000/5195505 (34.4336%)
entry 1790000/5195505 (34.4529%)
entry 1791000/5195505 (34.4721%)
entry 1792000/5195505 (34.4914%)
entry 1793000/5195505 (34.5106%)
entry 1794000/5195505 (34.5298%)
entry 1798000/5195505 (34.6068%)
entry 1800000/5195505 (34.6453%)
entry 1801000/5195505 (34.6646%)
entry 1805000/5195505 (34.7416%)
entry 1806000/5195505 (34.7608%)
entry 1807000/5195505 (34.7801%)
entry 1808000/5195505 (34.7993%)
entry 1809000/5195505 (34.8186%)
entry 1811000/5195505 (34.8571%)
entry 1812000/5195505 (34.8763%)
entry 1814000/5195505 (34.9148%)
entry 1816000/5195505 (34.9533%)
entry 1817000/5195505 (34.9725%)
entry 1818000/5195505 (34.9918%)
entry 1819000/5195505 (35.011%)
entry 1820000/5195505 (35.0303%)
entry 1822000/5195505 (35.0688%)
entry 1823000/5195505 (35.088%)
entry 1824000/5195505 (35.1073%)
entry 1826000/5195505 (35.1458%)
entry 1828000/5195505 (35.1843%)
entry 1829000/5195505 (35.2035%)
entry 1831000/5195505 (35.242%)
entry 1832000/5195505 (35.2612%)
entry 1833000/5195505 (35.2805%)
entry 1834000/5195505 (35.2997%)
entry 1835000/5195505 (35.319%)
entry 1836000/5195505 (35.3382%)
entry 1838000/5195505 (35.3767%)
entry 1844000/5195505 (35.4922%)
entry 1845000/5195505 (35.5115%)
entry 1846000/5195505 (35.5307%)
entry 1847000/5195505 (35.55%)
entry 1848000/5195505 (35.5692%)
entry 1849000/5195505 (35.5885%)
entry 1850000/5195505 (35.6077%)
entry 1851000/5195505 (35.627%)
entry 1852000/5195505 (35.6462%)
entry 1853000/5195505 (35.6654%)
entry 1854000/5195505 (35.6847%)
entry 1857000/5195505 (35.7424%)
entry 1859000/5195505 (35.7809%)
entry 1860000/5195505 (35.8002%)
entry 1862000/5195505 (35.8387%)
entry 1863000/5195505 (35.8579%)
entry 1865000/5195505 (35.8964%)
entry 1866000/5195505 (35.9157%)
entry 1867000/5195505 (35.9349%)
entry 1868000/5195505 (35.9542%)
entry 1869000/5195505 (35.9734%)
entry 1870000/5195505 (35.9927%)
entry 1872000/5195505 (36.0311%)
entry 1873000/5195505 (36.0504%)
entry 1874000/5195505 (36.0696%)
entry 1876000/5195505 (36.1081%)
entry 1877000/5195505 (36.1274%)
entry 1878000/5195505 (36.1466%)
entry 1879000/5195505 (36.1659%)
entry 1880000/5195505 (36.1851%)
entry 1882000/5195505 (36.2236%)
entry 1883000/5195505 (36.2429%)
entry 1884000/5195505 (36.2621%)
entry 1886000/5195505 (36.3006%)
entry 1887000/5195505 (36.3199%)
entry 1888000/5195505 (36.3391%)
entry 1890000/5195505 (36.3776%)
entry 1891000/5195505 (36.3968%)
entry 1892000/5195505 (36.4161%)
entry 1893000/5195505 (36.4353%)
entry 1894000/5195505 (36.4546%)
entry 1895000/5195505 (36.4738%)
entry 1896000/5195505 (36.4931%)
entry 1897000/5195505 (36.5123%)
entry 1898000/5195505 (36.5316%)
entry 1899000/5195505 (36.5508%)
entry 1900000/5195505 (36.5701%)
entry 1902000/5195505 (36.6086%)
entry 1906000/5195505 (36.6856%)
entry 1907000/5195505 (36.7048%)
entry 1909000/5195505 (36.7433%)
entry 1911000/5195505 (36.7818%)
entry 1912000/5195505 (36.801%)
entry 1914000/5195505 (36.8395%)
entry 1915000/5195505 (36.8588%)
entry 1916000/5195505 (36.878%)
entry 1917000/5195505 (36.8973%)
entry 1918000/5195505 (36.9165%)
entry 1919000/5195505 (36.9358%)
entry 1920000/5195505 (36.955%)
entry 1921000/5195505 (36.9743%)
entry 1922000/5195505 (36.9935%)
entry 1924000/5195505 (37.032%)
entry 1926000/5195505 (37.0705%)
entry 1927000/5195505 (37.0898%)
entry 1928000/5195505 (37.109%)
entry 1929000/5195505 (37.1282%)
entry 1930000/5195505 (37.1475%)
entry 1931000/5195505 (37.1667%)
entry 1933000/5195505 (37.2052%)
entry 1934000/5195505 (37.2245%)
entry 1935000/5195505 (37.2437%)
entry 1938000/5195505 (37.3015%)
entry 1939000/5195505 (37.3207%)
entry 1941000/5195505 (37.3592%)
entry 1942000/5195505 (37.3785%)
entry 1943000/5195505 (37.3977%)
entry 1944000/5195505 (37.417%)
entry 1946000/5195505 (37.4555%)
entry 1948000/5195505 (37.494%)
entry 1950000/5195505 (37.5324%)
entry 1951000/5195505 (37.5517%)
entry 1954000/5195505 (37.6094%)
entry 1955000/5195505 (37.6287%)
entry 1956000/5195505 (37.6479%)
entry 1958000/5195505 (37.6864%)
entry 1960000/5195505 (37.7249%)
entry 1961000/5195505 (37.7442%)
entry 1965000/5195505 (37.8212%)
entry 1967000/5195505 (37.8596%)
entry 1968000/5195505 (37.8789%)
entry 1969000/5195505 (37.8981%)
entry 1970000/5195505 (37.9174%)
entry 1971000/5195505 (37.9366%)
entry 1972000/5195505 (37.9559%)
entry 1975000/5195505 (38.0136%)
entry 1976000/5195505 (38.0329%)
entry 1982000/5195505 (38.1484%)
entry 1983000/5195505 (38.1676%)
entry 1987000/5195505 (38.2446%)
entry 1988000/5195505 (38.2638%)
entry 1989000/5195505 (38.2831%)
entry 1992000/5195505 (38.3408%)
entry 1994000/5195505 (38.3793%)
entry 1995000/5195505 (38.3986%)
entry 1997000/5195505 (38.4371%)
entry 1998000/5195505 (38.4563%)
entry 1999000/5195505 (38.4756%)
entry 2000000/5195505 (38.4948%)
entry 2001000/5195505 (38.5141%)
entry 2002000/5195505 (38.5333%)
entry 2003000/5195505 (38.5526%)
entry 2005000/5195505 (38.5911%)
entry 2006000/5195505 (38.6103%)
entry 2010000/5195505 (38.6873%)
entry 2011000/5195505 (38.7065%)
entry 2012000/5195505 (38.7258%)
entry 2013000/5195505 (38.745%)
entry 2014000/5195505 (38.7643%)
entry 2016000/5195505 (38.8028%)
entry 2017000/5195505 (38.822%)
entry 2020000/5195505 (38.8798%)
entry 2021000/5195505 (38.899%)
entry 2022000/5195505 (38.9183%)
entry 2023000/5195505 (38.9375%)
entry 2024000/5195505 (38.9568%)
entry 2025000/5195505 (38.976%)
entry 2026000/5195505 (38.9952%)
entry 2027000/5195505 (39.0145%)
entry 2028000/5195505 (39.0337%)
entry 2029000/5195505 (39.053%)
entry 2031000/5195505 (39.0915%)
entry 2032000/5195505 (39.1107%)
entry 2034000/5195505 (39.1492%)
entry 2035000/5195505 (39.1685%)
entry 2036000/5195505 (39.1877%)
entry 2037000/5195505 (39.207%)
entry 2040000/5195505 (39.2647%)
entry 2043000/5195505 (39.3225%)
entry 2045000/5195505 (39.3609%)
entry 2046000/5195505 (39.3802%)
entry 2047000/5195505 (39.3994%)
entry 2051000/5195505 (39.4764%)
entry 2052000/5195505 (39.4957%)
entry 2053000/5195505 (39.5149%)
entry 2054000/5195505 (39.5342%)
entry 2055000/5195505 (39.5534%)
entry 2056000/5195505 (39.5727%)
entry 2058000/5195505 (39.6112%)
entry 2059000/5195505 (39.6304%)
entry 2060000/5195505 (39.6497%)
entry 2061000/5195505 (39.6689%)
entry 2062000/5195505 (39.6882%)
entry 2063000/5195505 (39.7074%)
entry 2064000/5195505 (39.7266%)
entry 2066000/5195505 (39.7651%)
entry 2068000/5195505 (39.8036%)
entry 2069000/5195505 (39.8229%)
entry 2070000/5195505 (39.8421%)
entry 2072000/5195505 (39.8806%)
entry 2073000/5195505 (39.8999%)
entry 2074000/5195505 (39.9191%)
entry 2075000/5195505 (39.9384%)
entry 2076000/5195505 (39.9576%)
entry 2079000/5195505 (40.0154%)
entry 2080000/5195505 (40.0346%)
entry 2081000/5195505 (40.0539%)
entry 2082000/5195505 (40.0731%)
entry 2083000/5195505 (40.0923%)
entry 2084000/5195505 (40.1116%)
entry 2086000/5195505 (40.1501%)
entry 2087000/5195505 (40.1693%)
entry 2089000/5195505 (40.2078%)
entry 2090000/5195505 (40.2271%)
entry 2093000/5195505 (40.2848%)
entry 2096000/5195505 (40.3426%)
entry 2097000/5195505 (40.3618%)
entry 2098000/5195505 (40.3811%)
entry 2099000/5195505 (40.4003%)
entry 2100000/5195505 (40.4196%)
entry 2101000/5195505 (40.4388%)
entry 2102000/5195505 (40.4581%)
entry 2104000/5195505 (40.4965%)
entry 2105000/5195505 (40.5158%)
entry 2106000/5195505 (40.535%)
entry 2108000/5195505 (40.5735%)
entry 2109000/5195505 (40.5928%)
entry 2111000/5195505 (40.6313%)
entry 2112000/5195505 (40.6505%)
entry 2113000/5195505 (40.6698%)
entry 2114000/5195505 (40.689%)
entry 2115000/5195505 (40.7083%)
entry 2116000/5195505 (40.7275%)
entry 2117000/5195505 (40.7468%)
entry 2118000/5195505 (40.766%)
entry 2119000/5195505 (40.7853%)
entry 2120000/5195505 (40.8045%)
entry 2121000/5195505 (40.8238%)
entry 2122000/5195505 (40.843%)
entry 2123000/5195505 (40.8622%)
entry 2124000/5195505 (40.8815%)
entry 2125000/5195505 (40.9007%)
entry 2126000/5195505 (40.92%)
entry 2129000/5195505 (40.9777%)
entry 2131000/5195505 (41.0162%)
entry 2133000/5195505 (41.0547%)
entry 2134000/5195505 (41.074%)
entry 2135000/5195505 (41.0932%)
entry 2136000/5195505 (41.1125%)
entry 2139000/5195505 (41.1702%)
entry 2140000/5195505 (41.1895%)
entry 2141000/5195505 (41.2087%)
entry 2142000/5195505 (41.2279%)
entry 2144000/5195505 (41.2664%)
entry 2145000/5195505 (41.2857%)
entry 2146000/5195505 (41.3049%)
entry 2148000/5195505 (41.3434%)
entry 2149000/5195505 (41.3627%)
entry 2150000/5195505 (41.3819%)
entry 2151000/5195505 (41.4012%)
entry 2152000/5195505 (41.4204%)
entry 2153000/5195505 (41.4397%)
entry 2154000/5195505 (41.4589%)
entry 2155000/5195505 (41.4782%)
entry 2156000/5195505 (41.4974%)
entry 2159000/5195505 (41.5552%)
entry 2165000/5195505 (41.6706%)
entry 2166000/5195505 (41.6899%)
entry 2168000/5195505 (41.7284%)
entry 2172000/5195505 (41.8054%)
entry 2173000/5195505 (41.8246%)
entry 2174000/5195505 (41.8439%)
entry 2175000/5195505 (41.8631%)
entry 2176000/5195505 (41.8824%)
entry 2177000/5195505 (41.9016%)
entry 2178000/5195505 (41.9209%)
entry 2179000/5195505 (41.9401%)
entry 2180000/5195505 (41.9593%)
entry 2184000/5195505 (42.0363%)
entry 2186000/5195505 (42.0748%)
entry 2187000/5195505 (42.0941%)
entry 2188000/5195505 (42.1133%)
entry 2189000/5195505 (42.1326%)
entry 2190000/5195505 (42.1518%)
entry 2191000/5195505 (42.1711%)
entry 2192000/5195505 (42.1903%)
entry 2193000/5195505 (42.2096%)
entry 2194000/5195505 (42.2288%)
entry 2195000/5195505 (42.2481%)
entry 2196000/5195505 (42.2673%)
entry 2197000/5195505 (42.2866%)
entry 2200000/5195505 (42.3443%)
entry 2201000/5195505 (42.3635%)
entry 2202000/5195505 (42.3828%)
entry 2204000/5195505 (42.4213%)
entry 2205000/5195505 (42.4405%)
entry 2206000/5195505 (42.4598%)
entry 2207000/5195505 (42.479%)
entry 2208000/5195505 (42.4983%)
entry 2209000/5195505 (42.5175%)
entry 2210000/5195505 (42.5368%)
entry 2211000/5195505 (42.556%)
entry 2214000/5195505 (42.6138%)
entry 2216000/5195505 (42.6523%)
entry 2218000/5195505 (42.6907%)
entry 2221000/5195505 (42.7485%)
entry 2223000/5195505 (42.787%)
entry 2224000/5195505 (42.8062%)
entry 2225000/5195505 (42.8255%)
entry 2226000/5195505 (42.8447%)
entry 2227000/5195505 (42.864%)
entry 2228000/5195505 (42.8832%)
entry 2229000/5195505 (42.9025%)
entry 2231000/5195505 (42.941%)
entry 2232000/5195505 (42.9602%)
entry 2233000/5195505 (42.9795%)
entry 2237000/5195505 (43.0564%)
entry 2238000/5195505 (43.0757%)
entry 2239000/5195505 (43.0949%)
entry 2240000/5195505 (43.1142%)
entry 2241000/5195505 (43.1334%)
entry 2242000/5195505 (43.1527%)
entry 2243000/5195505 (43.1719%)
entry 2245000/5195505 (43.2104%)
entry 2247000/5195505 (43.2489%)
entry 2248000/5195505 (43.2682%)
entry 2249000/5195505 (43.2874%)
entry 2250000/5195505 (43.3067%)
entry 2251000/5195505 (43.3259%)
entry 2252000/5195505 (43.3452%)
entry 2253000/5195505 (43.3644%)
entry 2254000/5195505 (43.3837%)
entry 2255000/5195505 (43.4029%)
entry 2256000/5195505 (43.4222%)
entry 2257000/5195505 (43.4414%)
entry 2258000/5195505 (43.4606%)
entry 2259000/5195505 (43.4799%)
entry 2260000/5195505 (43.4991%)
entry 2261000/5195505 (43.5184%)
entry 2262000/5195505 (43.5376%)
entry 2263000/5195505 (43.5569%)
entry 2264000/5195505 (43.5761%)
entry 2266000/5195505 (43.6146%)
entry 2267000/5195505 (43.6339%)
entry 2268000/5195505 (43.6531%)
entry 2269000/5195505 (43.6724%)
entry 2271000/5195505 (43.7109%)
entry 2272000/5195505 (43.7301%)
entry 2273000/5195505 (43.7494%)
entry 2274000/5195505 (43.7686%)
entry 2275000/5195505 (43.7879%)
entry 2276000/5195505 (43.8071%)
entry 2278000/5195505 (43.8456%)
entry 2279000/5195505 (43.8648%)
entry 2280000/5195505 (43.8841%)
entry 2281000/5195505 (43.9033%)
entry 2283000/5195505 (43.9418%)
entry 2287000/5195505 (44.0188%)
entry 2288000/5195505 (44.0381%)
entry 2289000/5195505 (44.0573%)
entry 2292000/5195505 (44.1151%)
entry 2293000/5195505 (44.1343%)
entry 2294000/5195505 (44.1536%)
entry 2297000/5195505 (44.2113%)
entry 2299000/5195505 (44.2498%)
entry 2300000/5195505 (44.269%)
entry 2301000/5195505 (44.2883%)
entry 2304000/5195505 (44.346%)
entry 2306000/5195505 (44.3845%)
entry 2307000/5195505 (44.4038%)
entry 2309000/5195505 (44.4423%)
entry 2311000/5195505 (44.4808%)
entry 2315000/5195505 (44.5577%)
entry 2318000/5195505 (44.6155%)
entry 2319000/5195505 (44.6347%)
entry 2320000/5195505 (44.654%)
entry 2321000/5195505 (44.6732%)
entry 2323000/5195505 (44.7117%)
entry 2324000/5195505 (44.731%)
entry 2325000/5195505 (44.7502%)
entry 2328000/5195505 (44.808%)
entry 2329000/5195505 (44.8272%)
entry 2330000/5195505 (44.8465%)
entry 2331000/5195505 (44.8657%)
entry 2332000/5195505 (44.885%)
entry 2334000/5195505 (44.9234%)
entry 2335000/5195505 (44.9427%)
entry 2336000/5195505 (44.9619%)
entry 2337000/5195505 (44.9812%)
entry 2338000/5195505 (45.0004%)
entry 2339000/5195505 (45.0197%)
entry 2340000/5195505 (45.0389%)
entry 2341000/5195505 (45.0582%)
entry 2342000/5195505 (45.0774%)
entry 2343000/5195505 (45.0967%)
entry 2344000/5195505 (45.1159%)
entry 2345000/5195505 (45.1352%)
entry 2346000/5195505 (45.1544%)
entry 2347000/5195505 (45.1737%)
entry 2348000/5195505 (45.1929%)
entry 2349000/5195505 (45.2122%)
entry 2350000/5195505 (45.2314%)
entry 2351000/5195505 (45.2507%)
entry 2352000/5195505 (45.2699%)
entry 2353000/5195505 (45.2891%)
entry 2355000/5195505 (45.3276%)
entry 2356000/5195505 (45.3469%)
entry 2357000/5195505 (45.3661%)
entry 2364000/5195505 (45.5009%)
entry 2366000/5195505 (45.5394%)
entry 2367000/5195505 (45.5586%)
entry 2368000/5195505 (45.5779%)
entry 2369000/5195505 (45.5971%)
entry 2370000/5195505 (45.6164%)
entry 2371000/5195505 (45.6356%)
entry 2373000/5195505 (45.6741%)
entry 2374000/5195505 (45.6933%)
entry 2375000/5195505 (45.7126%)
entry 2376000/5195505 (45.7318%)
entry 2377000/5195505 (45.7511%)
entry 2380000/5195505 (45.8088%)
entry 2383000/5195505 (45.8666%)
entry 2385000/5195505 (45.9051%)
entry 2386000/5195505 (45.9243%)
entry 2387000/5195505 (45.9436%)
entry 2388000/5195505 (45.9628%)
entry 2389000/5195505 (45.9821%)
entry 2391000/5195505 (46.0205%)
entry 2392000/5195505 (46.0398%)
entry 2393000/5195505 (46.059%)
entry 2394000/5195505 (46.0783%)
entry 2395000/5195505 (46.0975%)
entry 2396000/5195505 (46.1168%)
entry 2397000/5195505 (46.136%)
entry 2399000/5195505 (46.1745%)
entry 2401000/5195505 (46.213%)
entry 2402000/5195505 (46.2323%)
entry 2403000/5195505 (46.2515%)
entry 2406000/5195505 (46.3093%)
entry 2408000/5195505 (46.3478%)
entry 2409000/5195505 (46.367%)
entry 2410000/5195505 (46.3863%)
entry 2411000/5195505 (46.4055%)
entry 2412000/5195505 (46.4247%)
entry 2413000/5195505 (46.444%)
entry 2414000/5195505 (46.4632%)
entry 2416000/5195505 (46.5017%)
entry 2417000/5195505 (46.521%)
entry 2419000/5195505 (46.5595%)
entry 2420000/5195505 (46.5787%)
entry 2422000/5195505 (46.6172%)
entry 2424000/5195505 (46.6557%)
entry 2425000/5195505 (46.675%)
entry 2426000/5195505 (46.6942%)
entry 2427000/5195505 (46.7135%)
entry 2428000/5195505 (46.7327%)
entry 2429000/5195505 (46.752%)
entry 2430000/5195505 (46.7712%)
entry 2432000/5195505 (46.8097%)
entry 2433000/5195505 (46.8289%)
entry 2434000/5195505 (46.8482%)
entry 2435000/5195505 (46.8674%)
entry 2436000/5195505 (46.8867%)
entry 2437000/5195505 (46.9059%)
entry 2438000/5195505 (46.9252%)
entry 2439000/5195505 (46.9444%)
entry 2440000/5195505 (46.9637%)
entry 2443000/5195505 (47.0214%)
entry 2444000/5195505 (47.0407%)
entry 2446000/5195505 (47.0792%)
entry 2447000/5195505 (47.0984%)
entry 2448000/5195505 (47.1177%)
entry 2449000/5195505 (47.1369%)
entry 2450000/5195505 (47.1561%)
entry 2451000/5195505 (47.1754%)
entry 2452000/5195505 (47.1946%)
entry 2453000/5195505 (47.2139%)
entry 2454000/5195505 (47.2331%)
entry 2456000/5195505 (47.2716%)
entry 2458000/5195505 (47.3101%)
entry 2460000/5195505 (47.3486%)
entry 2462000/5195505 (47.3871%)
entry 2463000/5195505 (47.4064%)
entry 2464000/5195505 (47.4256%)
entry 2465000/5195505 (47.4449%)
entry 2466000/5195505 (47.4641%)
entry 2468000/5195505 (47.5026%)
entry 2470000/5195505 (47.5411%)
entry 2471000/5195505 (47.5603%)
entry 2477000/5195505 (47.6758%)
entry 2478000/5195505 (47.6951%)
entry 2479000/5195505 (47.7143%)
entry 2480000/5195505 (47.7336%)
entry 2482000/5195505 (47.7721%)
entry 2483000/5195505 (47.7913%)
entry 2484000/5195505 (47.8106%)
entry 2485000/5195505 (47.8298%)
entry 2487000/5195505 (47.8683%)
entry 2488000/5195505 (47.8875%)
entry 2489000/5195505 (47.9068%)
entry 2490000/5195505 (47.926%)
entry 2491000/5195505 (47.9453%)
entry 2492000/5195505 (47.9645%)
entry 2493000/5195505 (47.9838%)
entry 2494000/5195505 (48.003%)
entry 2495000/5195505 (48.0223%)
entry 2496000/5195505 (48.0415%)
entry 2497000/5195505 (48.0608%)
entry 2498000/5195505 (48.08%)
entry 2502000/5195505 (48.157%)
entry 2504000/5195505 (48.1955%)
entry 2505000/5195505 (48.2148%)
entry 2506000/5195505 (48.234%)
entry 2507000/5195505 (48.2533%)
entry 2509000/5195505 (48.2917%)
entry 2510000/5195505 (48.311%)
entry 2512000/5195505 (48.3495%)
entry 2515000/5195505 (48.4072%)
entry 2517000/5195505 (48.4457%)
entry 2518000/5195505 (48.465%)
entry 2519000/5195505 (48.4842%)
entry 2520000/5195505 (48.5035%)
entry 2524000/5195505 (48.5805%)
entry 2528000/5195505 (48.6574%)
entry 2529000/5195505 (48.6767%)
entry 2530000/5195505 (48.6959%)
entry 2531000/5195505 (48.7152%)
entry 2532000/5195505 (48.7344%)
entry 2533000/5195505 (48.7537%)
entry 2534000/5195505 (48.7729%)
entry 2536000/5195505 (48.8114%)
entry 2537000/5195505 (48.8307%)
entry 2539000/5195505 (48.8692%)
entry 2540000/5195505 (48.8884%)
entry 2541000/5195505 (48.9077%)
entry 2542000/5195505 (48.9269%)
entry 2543000/5195505 (48.9462%)
entry 2547000/5195505 (49.0231%)
entry 2548000/5195505 (49.0424%)
entry 2549000/5195505 (49.0616%)
entry 2550000/5195505 (49.0809%)
entry 2551000/5195505 (49.1001%)
entry 2552000/5195505 (49.1194%)
entry 2553000/5195505 (49.1386%)
entry 2555000/5195505 (49.1771%)
entry 2556000/5195505 (49.1964%)
entry 2558000/5195505 (49.2349%)
entry 2559000/5195505 (49.2541%)
entry 2560000/5195505 (49.2734%)
entry 2561000/5195505 (49.2926%)
entry 2562000/5195505 (49.3119%)
entry 2563000/5195505 (49.3311%)
entry 2564000/5195505 (49.3504%)
entry 2565000/5195505 (49.3696%)
entry 2566000/5195505 (49.3888%)
entry 2567000/5195505 (49.4081%)
entry 2568000/5195505 (49.4273%)
entry 2569000/5195505 (49.4466%)
entry 2570000/5195505 (49.4658%)
entry 2573000/5195505 (49.5236%)
entry 2575000/5195505 (49.5621%)
entry 2577000/5195505 (49.6006%)
entry 2578000/5195505 (49.6198%)
entry 2580000/5195505 (49.6583%)
entry 2581000/5195505 (49.6776%)
entry 2582000/5195505 (49.6968%)
entry 2583000/5195505 (49.7161%)
entry 2584000/5195505 (49.7353%)
entry 2585000/5195505 (49.7545%)
entry 2586000/5195505 (49.7738%)
entry 2587000/5195505 (49.793%)
entry 2590000/5195505 (49.8508%)
entry 2593000/5195505 (49.9085%)
entry 2594000/5195505 (49.9278%)
entry 2595000/5195505 (49.947%)
entry 2596000/5195505 (49.9663%)
entry 2597000/5195505 (49.9855%)
entry 2598000/5195505 (50.0048%)
entry 2599000/5195505 (50.024%)
entry 2600000/5195505 (50.0433%)
entry 2601000/5195505 (50.0625%)
entry 2602000/5195505 (50.0818%)
entry 2603000/5195505 (50.101%)
entry 2606000/5195505 (50.1587%)
entry 2607000/5195505 (50.178%)
entry 2609000/5195505 (50.2165%)
entry 2610000/5195505 (50.2357%)
entry 2612000/5195505 (50.2742%)
entry 2613000/5195505 (50.2935%)
entry 2614000/5195505 (50.3127%)
entry 2615000/5195505 (50.332%)
entry 2616000/5195505 (50.3512%)
entry 2617000/5195505 (50.3705%)
entry 2619000/5195505 (50.409%)
entry 2620000/5195505 (50.4282%)
entry 2621000/5195505 (50.4475%)
entry 2622000/5195505 (50.4667%)
entry 2623000/5195505 (50.486%)
entry 2624000/5195505 (50.5052%)
entry 2625000/5195505 (50.5244%)
entry 2626000/5195505 (50.5437%)
entry 2627000/5195505 (50.5629%)
entry 2628000/5195505 (50.5822%)
entry 2629000/5195505 (50.6014%)
entry 2630000/5195505 (50.6207%)
entry 2632000/5195505 (50.6592%)
entry 2633000/5195505 (50.6784%)
entry 2634000/5195505 (50.6977%)
entry 2635000/5195505 (50.7169%)
entry 2636000/5195505 (50.7362%)
entry 2637000/5195505 (50.7554%)
entry 2639000/5195505 (50.7939%)
entry 2641000/5195505 (50.8324%)
entry 2643000/5195505 (50.8709%)
entry 2647000/5195505 (50.9479%)
entry 2648000/5195505 (50.9671%)
entry 2649000/5195505 (50.9864%)
entry 2650000/5195505 (51.0056%)
entry 2651000/5195505 (51.0249%)
entry 2654000/5195505 (51.0826%)
entry 2656000/5195505 (51.1211%)
entry 2658000/5195505 (51.1596%)
entry 2659000/5195505 (51.1789%)
entry 2660000/5195505 (51.1981%)
entry 2661000/5195505 (51.2174%)
entry 2662000/5195505 (51.2366%)
entry 2664000/5195505 (51.2751%)
entry 2665000/5195505 (51.2943%)
entry 2667000/5195505 (51.3328%)
entry 2669000/5195505 (51.3713%)
entry 2672000/5195505 (51.4291%)
entry 2673000/5195505 (51.4483%)
entry 2675000/5195505 (51.4868%)
entry 2676000/5195505 (51.5061%)
entry 2678000/5195505 (51.5446%)
entry 2680000/5195505 (51.5831%)
entry 2682000/5195505 (51.6215%)
entry 2683000/5195505 (51.6408%)
entry 2685000/5195505 (51.6793%)
entry 2686000/5195505 (51.6985%)
entry 2687000/5195505 (51.7178%)
entry 2688000/5195505 (51.737%)
entry 2690000/5195505 (51.7755%)
entry 2692000/5195505 (51.814%)
entry 2693000/5195505 (51.8333%)
entry 2695000/5195505 (51.8718%)
entry 2697000/5195505 (51.9103%)
entry 2698000/5195505 (51.9295%)
entry 2700000/5195505 (51.968%)
entry 2701000/5195505 (51.9872%)
entry 2703000/5195505 (52.0257%)
entry 2704000/5195505 (52.045%)
entry 2705000/5195505 (52.0642%)
entry 2707000/5195505 (52.1027%)
entry 2710000/5195505 (52.1605%)
entry 2712000/5195505 (52.199%)
entry 2715000/5195505 (52.2567%)
entry 2717000/5195505 (52.2952%)
entry 2719000/5195505 (52.3337%)
entry 2720000/5195505 (52.3529%)
entry 2721000/5195505 (52.3722%)
entry 2723000/5195505 (52.4107%)
entry 2724000/5195505 (52.4299%)
entry 2725000/5195505 (52.4492%)
entry 2726000/5195505 (52.4684%)
entry 2728000/5195505 (52.5069%)
entry 2729000/5195505 (52.5262%)
entry 2731000/5195505 (52.5647%)
entry 2732000/5195505 (52.5839%)
entry 2733000/5195505 (52.6032%)
entry 2735000/5195505 (52.6417%)
entry 2736000/5195505 (52.6609%)
entry 2741000/5195505 (52.7571%)
entry 2742000/5195505 (52.7764%)
entry 2744000/5195505 (52.8149%)
entry 2745000/5195505 (52.8341%)
entry 2746000/5195505 (52.8534%)
entry 2747000/5195505 (52.8726%)
entry 2749000/5195505 (52.9111%)
entry 2751000/5195505 (52.9496%)
entry 2752000/5195505 (52.9689%)
entry 2753000/5195505 (52.9881%)
entry 2754000/5195505 (53.0074%)
entry 2755000/5195505 (53.0266%)
entry 2756000/5195505 (53.0459%)
entry 2759000/5195505 (53.1036%)
entry 2760000/5195505 (53.1228%)
entry 2762000/5195505 (53.1613%)
entry 2763000/5195505 (53.1806%)
entry 2764000/5195505 (53.1998%)
entry 2765000/5195505 (53.2191%)
entry 2767000/5195505 (53.2576%)
entry 2768000/5195505 (53.2768%)
entry 2769000/5195505 (53.2961%)
entry 2770000/5195505 (53.3153%)
entry 2772000/5195505 (53.3538%)
entry 2774000/5195505 (53.3923%)
entry 2775000/5195505 (53.4116%)
entry 2776000/5195505 (53.4308%)
entry 2777000/5195505 (53.45%)
entry 2778000/5195505 (53.4693%)
entry 2779000/5195505 (53.4885%)
entry 2782000/5195505 (53.5463%)
entry 2783000/5195505 (53.5655%)
entry 2784000/5195505 (53.5848%)
entry 2785000/5195505 (53.604%)
entry 2786000/5195505 (53.6233%)
entry 2788000/5195505 (53.6618%)
entry 2789000/5195505 (53.681%)
entry 2792000/5195505 (53.7388%)
entry 2794000/5195505 (53.7773%)
entry 2795000/5195505 (53.7965%)
entry 2796000/5195505 (53.8158%)
entry 2797000/5195505 (53.835%)
entry 2798000/5195505 (53.8542%)
entry 2799000/5195505 (53.8735%)
entry 2800000/5195505 (53.8927%)
entry 2801000/5195505 (53.912%)
entry 2802000/5195505 (53.9312%)
entry 2803000/5195505 (53.9505%)
entry 2804000/5195505 (53.9697%)
entry 2805000/5195505 (53.989%)
entry 2806000/5195505 (54.0082%)
entry 2807000/5195505 (54.0275%)
entry 2809000/5195505 (54.066%)
entry 2810000/5195505 (54.0852%)
entry 2811000/5195505 (54.1045%)
entry 2812000/5195505 (54.1237%)
entry 2813000/5195505 (54.143%)
entry 2814000/5195505 (54.1622%)
entry 2815000/5195505 (54.1815%)
entry 2818000/5195505 (54.2392%)
entry 2819000/5195505 (54.2584%)
entry 2821000/5195505 (54.2969%)
entry 2822000/5195505 (54.3162%)
entry 2825000/5195505 (54.3739%)
entry 2826000/5195505 (54.3932%)
entry 2829000/5195505 (54.4509%)
entry 2831000/5195505 (54.4894%)
entry 2833000/5195505 (54.5279%)
entry 2836000/5195505 (54.5856%)
entry 2837000/5195505 (54.6049%)
entry 2838000/5195505 (54.6241%)
entry 2839000/5195505 (54.6434%)
entry 2840000/5195505 (54.6626%)
entry 2842000/5195505 (54.7011%)
entry 2843000/5195505 (54.7204%)
entry 2844000/5195505 (54.7396%)
entry 2845000/5195505 (54.7589%)
entry 2846000/5195505 (54.7781%)
entry 2847000/5195505 (54.7974%)
entry 2849000/5195505 (54.8359%)
entry 2851000/5195505 (54.8744%)
entry 2852000/5195505 (54.8936%)
entry 2853000/5195505 (54.9129%)
entry 2854000/5195505 (54.9321%)
entry 2855000/5195505 (54.9513%)
entry 2856000/5195505 (54.9706%)
entry 2857000/5195505 (54.9898%)
entry 2859000/5195505 (55.0283%)
entry 2860000/5195505 (55.0476%)
entry 2861000/5195505 (55.0668%)
entry 2862000/5195505 (55.0861%)
entry 2863000/5195505 (55.1053%)
entry 2866000/5195505 (55.1631%)
entry 2867000/5195505 (55.1823%)
entry 2868000/5195505 (55.2016%)
entry 2871000/5195505 (55.2593%)
entry 2873000/5195505 (55.2978%)
entry 2874000/5195505 (55.3171%)
entry 2877000/5195505 (55.3748%)
entry 2881000/5195505 (55.4518%)
entry 2882000/5195505 (55.471%)
entry 2884000/5195505 (55.5095%)
entry 2885000/5195505 (55.5288%)
entry 2887000/5195505 (55.5673%)
entry 2888000/5195505 (55.5865%)
entry 2889000/5195505 (55.6058%)
entry 2891000/5195505 (55.6443%)
entry 2892000/5195505 (55.6635%)
entry 2894000/5195505 (55.702%)
entry 2895000/5195505 (55.7212%)
entry 2896000/5195505 (55.7405%)
entry 2897000/5195505 (55.7597%)
entry 2898000/5195505 (55.779%)
entry 2899000/5195505 (55.7982%)
entry 2900000/5195505 (55.8175%)
entry 2901000/5195505 (55.8367%)
entry 2902000/5195505 (55.856%)
entry 2903000/5195505 (55.8752%)
entry 2904000/5195505 (55.8945%)
entry 2905000/5195505 (55.9137%)
entry 2906000/5195505 (55.933%)
entry 2907000/5195505 (55.9522%)
entry 2908000/5195505 (55.9715%)
entry 2909000/5195505 (55.9907%)
entry 2910000/5195505 (56.01%)
entry 2914000/5195505 (56.0869%)
entry 2917000/5195505 (56.1447%)
entry 2918000/5195505 (56.1639%)
entry 2919000/5195505 (56.1832%)
entry 2920000/5195505 (56.2024%)
entry 2921000/5195505 (56.2217%)
entry 2922000/5195505 (56.2409%)
entry 2923000/5195505 (56.2602%)
entry 2924000/5195505 (56.2794%)
entry 2926000/5195505 (56.3179%)
entry 2928000/5195505 (56.3564%)
entry 2930000/5195505 (56.3949%)
entry 2931000/5195505 (56.4142%)
entry 2932000/5195505 (56.4334%)
entry 2937000/5195505 (56.5296%)
entry 2938000/5195505 (56.5489%)
entry 2940000/5195505 (56.5874%)
entry 2942000/5195505 (56.6259%)
entry 2944000/5195505 (56.6644%)
entry 2945000/5195505 (56.6836%)
entry 2947000/5195505 (56.7221%)
entry 2949000/5195505 (56.7606%)
entry 2950000/5195505 (56.7798%)
entry 2951000/5195505 (56.7991%)
entry 2953000/5195505 (56.8376%)
entry 2954000/5195505 (56.8568%)
entry 2955000/5195505 (56.8761%)
entry 2956000/5195505 (56.8953%)
entry 2960000/5195505 (56.9723%)
entry 2961000/5195505 (56.9916%)
entry 2963000/5195505 (57.0301%)
entry 2964000/5195505 (57.0493%)
entry 2965000/5195505 (57.0686%)
entry 2966000/5195505 (57.0878%)
entry 2967000/5195505 (57.1071%)
entry 2968000/5195505 (57.1263%)
entry 2972000/5195505 (57.2033%)
entry 2973000/5195505 (57.2225%)
entry 2974000/5195505 (57.2418%)
entry 2975000/5195505 (57.261%)
entry 2976000/5195505 (57.2803%)
entry 2977000/5195505 (57.2995%)
entry 2978000/5195505 (57.3188%)
entry 2981000/5195505 (57.3765%)
entry 2982000/5195505 (57.3958%)
entry 2985000/5195505 (57.4535%)
entry 2987000/5195505 (57.492%)
entry 2988000/5195505 (57.5113%)
entry 2989000/5195505 (57.5305%)
entry 2990000/5195505 (57.5497%)
entry 2991000/5195505 (57.569%)
entry 2992000/5195505 (57.5882%)
entry 2993000/5195505 (57.6075%)
entry 2994000/5195505 (57.6267%)
entry 2995000/5195505 (57.646%)
entry 2996000/5195505 (57.6652%)
entry 2998000/5195505 (57.7037%)
entry 2999000/5195505 (57.723%)
entry 3001000/5195505 (57.7615%)
entry 3002000/5195505 (57.7807%)
entry 3003000/5195505 (57.8%)
entry 3006000/5195505 (57.8577%)
entry 3008000/5195505 (57.8962%)
entry 3009000/5195505 (57.9154%)
entry 3010000/5195505 (57.9347%)
entry 3012000/5195505 (57.9732%)
entry 3013000/5195505 (57.9924%)
entry 3014000/5195505 (58.0117%)
entry 3016000/5195505 (58.0502%)
entry 3017000/5195505 (58.0694%)
entry 3018000/5195505 (58.0887%)
entry 3019000/5195505 (58.1079%)
entry 3021000/5195505 (58.1464%)
entry 3023000/5195505 (58.1849%)
entry 3025000/5195505 (58.2234%)
entry 3027000/5195505 (58.2619%)
entry 3029000/5195505 (58.3004%)
entry 3030000/5195505 (58.3196%)
entry 3031000/5195505 (58.3389%)
entry 3032000/5195505 (58.3581%)
entry 3033000/5195505 (58.3774%)
entry 3034000/5195505 (58.3966%)
entry 3035000/5195505 (58.4159%)
entry 3037000/5195505 (58.4544%)
entry 3038000/5195505 (58.4736%)
entry 3039000/5195505 (58.4929%)
entry 3041000/5195505 (58.5314%)
entry 3042000/5195505 (58.5506%)
entry 3044000/5195505 (58.5891%)
entry 3045000/5195505 (58.6084%)
entry 3046000/5195505 (58.6276%)
entry 3047000/5195505 (58.6469%)
entry 3050000/5195505 (58.7046%)
entry 3051000/5195505 (58.7238%)
entry 3055000/5195505 (58.8008%)
entry 3056000/5195505 (58.8201%)
entry 3057000/5195505 (58.8393%)
entry 3059000/5195505 (58.8778%)
entry 3060000/5195505 (58.8971%)
entry 3061000/5195505 (58.9163%)
entry 3062000/5195505 (58.9356%)
entry 3063000/5195505 (58.9548%)
entry 3065000/5195505 (58.9933%)
entry 3067000/5195505 (59.0318%)
entry 3068000/5195505 (59.051%)
entry 3069000/5195505 (59.0703%)
entry 3070000/5195505 (59.0895%)
entry 3071000/5195505 (59.1088%)
entry 3073000/5195505 (59.1473%)
entry 3074000/5195505 (59.1665%)
entry 3075000/5195505 (59.1858%)
entry 3076000/5195505 (59.205%)
entry 3077000/5195505 (59.2243%)
entry 3078000/5195505 (59.2435%)
entry 3079000/5195505 (59.2628%)
entry 3080000/5195505 (59.282%)
entry 3081000/5195505 (59.3013%)
entry 3082000/5195505 (59.3205%)
entry 3083000/5195505 (59.3398%)
entry 3084000/5195505 (59.359%)
entry 3086000/5195505 (59.3975%)
entry 3088000/5195505 (59.436%)
entry 3089000/5195505 (59.4552%)
entry 3090000/5195505 (59.4745%)
entry 3092000/5195505 (59.513%)
entry 3093000/5195505 (59.5322%)
entry 3095000/5195505 (59.5707%)
entry 3096000/5195505 (59.59%)
entry 3097000/5195505 (59.6092%)
entry 3098000/5195505 (59.6285%)
entry 3099000/5195505 (59.6477%)
entry 3102000/5195505 (59.7055%)
entry 3103000/5195505 (59.7247%)
entry 3104000/5195505 (59.744%)
entry 3105000/5195505 (59.7632%)
entry 3106000/5195505 (59.7824%)
entry 3107000/5195505 (59.8017%)
entry 3108000/5195505 (59.8209%)
entry 3110000/5195505 (59.8594%)
entry 3112000/5195505 (59.8979%)
entry 3113000/5195505 (59.9172%)
entry 3115000/5195505 (59.9557%)
entry 3117000/5195505 (59.9942%)
entry 3118000/5195505 (60.0134%)
entry 3119000/5195505 (60.0327%)
entry 3120000/5195505 (60.0519%)
entry 3122000/5195505 (60.0904%)
entry 3123000/5195505 (60.1097%)
entry 3124000/5195505 (60.1289%)
entry 3125000/5195505 (60.1481%)
entry 3126000/5195505 (60.1674%)
entry 3128000/5195505 (60.2059%)
entry 3129000/5195505 (60.2251%)
entry 3130000/5195505 (60.2444%)
entry 3131000/5195505 (60.2636%)
entry 3132000/5195505 (60.2829%)
entry 3134000/5195505 (60.3214%)
entry 3135000/5195505 (60.3406%)
entry 3138000/5195505 (60.3984%)
entry 3139000/5195505 (60.4176%)
entry 3140000/5195505 (60.4369%)
entry 3141000/5195505 (60.4561%)
entry 3142000/5195505 (60.4754%)
entry 3143000/5195505 (60.4946%)
entry 3144000/5195505 (60.5138%)
entry 3146000/5195505 (60.5523%)
entry 3147000/5195505 (60.5716%)
entry 3148000/5195505 (60.5908%)
entry 3150000/5195505 (60.6293%)
entry 3151000/5195505 (60.6486%)
entry 3153000/5195505 (60.6871%)
entry 3154000/5195505 (60.7063%)
entry 3155000/5195505 (60.7256%)
entry 3156000/5195505 (60.7448%)
entry 3157000/5195505 (60.7641%)
entry 3158000/5195505 (60.7833%)
entry 3160000/5195505 (60.8218%)
entry 3161000/5195505 (60.8411%)
entry 3162000/5195505 (60.8603%)
entry 3164000/5195505 (60.8988%)
entry 3165000/5195505 (60.918%)
entry 3166000/5195505 (60.9373%)
entry 3167000/5195505 (60.9565%)
entry 3168000/5195505 (60.9758%)
entry 3169000/5195505 (60.995%)
entry 3171000/5195505 (61.0335%)
entry 3173000/5195505 (61.072%)
entry 3174000/5195505 (61.0913%)
entry 3175000/5195505 (61.1105%)
entry 3176000/5195505 (61.1298%)
entry 3177000/5195505 (61.149%)
entry 3178000/5195505 (61.1683%)
entry 3179000/5195505 (61.1875%)
entry 3180000/5195505 (61.2068%)
entry 3181000/5195505 (61.226%)
entry 3183000/5195505 (61.2645%)
entry 3184000/5195505 (61.2837%)
entry 3185000/5195505 (61.303%)
entry 3186000/5195505 (61.3222%)
entry 3187000/5195505 (61.3415%)
entry 3189000/5195505 (61.38%)
entry 3190000/5195505 (61.3992%)
entry 3191000/5195505 (61.4185%)
entry 3192000/5195505 (61.4377%)
entry 3193000/5195505 (61.457%)
entry 3194000/5195505 (61.4762%)
entry 3195000/5195505 (61.4955%)
entry 3196000/5195505 (61.5147%)
entry 3198000/5195505 (61.5532%)
entry 3199000/5195505 (61.5725%)
entry 3201000/5195505 (61.6109%)
entry 3203000/5195505 (61.6494%)
entry 3204000/5195505 (61.6687%)
entry 3205000/5195505 (61.6879%)
entry 3206000/5195505 (61.7072%)
entry 3208000/5195505 (61.7457%)
entry 3210000/5195505 (61.7842%)
entry 3211000/5195505 (61.8034%)
entry 3215000/5195505 (61.8804%)
entry 3216000/5195505 (61.8997%)
entry 3217000/5195505 (61.9189%)
entry 3218000/5195505 (61.9382%)
entry 3220000/5195505 (61.9767%)
entry 3222000/5195505 (62.0151%)
entry 3223000/5195505 (62.0344%)
entry 3224000/5195505 (62.0536%)
entry 3225000/5195505 (62.0729%)
entry 3227000/5195505 (62.1114%)
entry 3228000/5195505 (62.1306%)
entry 3229000/5195505 (62.1499%)
entry 3230000/5195505 (62.1691%)
entry 3232000/5195505 (62.2076%)
entry 3233000/5195505 (62.2269%)
entry 3234000/5195505 (62.2461%)
entry 3235000/5195505 (62.2654%)
entry 3237000/5195505 (62.3039%)
entry 3238000/5195505 (62.3231%)
entry 3239000/5195505 (62.3424%)
entry 3240000/5195505 (62.3616%)
entry 3243000/5195505 (62.4193%)
entry 3244000/5195505 (62.4386%)
entry 3245000/5195505 (62.4578%)
entry 3246000/5195505 (62.4771%)
entry 3247000/5195505 (62.4963%)
entry 3249000/5195505 (62.5348%)
entry 3251000/5195505 (62.5733%)
entry 3252000/5195505 (62.5926%)
entry 3253000/5195505 (62.6118%)
entry 3255000/5195505 (62.6503%)
entry 3259000/5195505 (62.7273%)
entry 3260000/5195505 (62.7465%)
entry 3261000/5195505 (62.7658%)
entry 3263000/5195505 (62.8043%)
entry 3265000/5195505 (62.8428%)
entry 3266000/5195505 (62.862%)
entry 3267000/5195505 (62.8813%)
entry 3268000/5195505 (62.9005%)
entry 3270000/5195505 (62.939%)
entry 3271000/5195505 (62.9583%)
entry 3272000/5195505 (62.9775%)
entry 3273000/5195505 (62.9968%)
entry 3275000/5195505 (63.0353%)
entry 3276000/5195505 (63.0545%)
entry 3278000/5195505 (63.093%)
entry 3280000/5195505 (63.1315%)
entry 3282000/5195505 (63.17%)
entry 3283000/5195505 (63.1892%)
entry 3284000/5195505 (63.2085%)
entry 3285000/5195505 (63.2277%)
entry 3287000/5195505 (63.2662%)
entry 3288000/5195505 (63.2855%)
entry 3289000/5195505 (63.3047%)
entry 3291000/5195505 (63.3432%)
entry 3292000/5195505 (63.3625%)
entry 3293000/5195505 (63.3817%)
entry 3294000/5195505 (63.401%)
entry 3296000/5195505 (63.4395%)
entry 3297000/5195505 (63.4587%)
entry 3298000/5195505 (63.478%)
entry 3299000/5195505 (63.4972%)
entry 3300000/5195505 (63.5164%)
entry 3302000/5195505 (63.5549%)
entry 3303000/5195505 (63.5742%)
entry 3304000/5195505 (63.5934%)
entry 3305000/5195505 (63.6127%)
entry 3306000/5195505 (63.6319%)
entry 3307000/5195505 (63.6512%)
entry 3308000/5195505 (63.6704%)
entry 3309000/5195505 (63.6897%)
entry 3310000/5195505 (63.7089%)
entry 3314000/5195505 (63.7859%)
entry 3315000/5195505 (63.8052%)
entry 3316000/5195505 (63.8244%)
entry 3320000/5195505 (63.9014%)
entry 3321000/5195505 (63.9206%)
entry 3322000/5195505 (63.9399%)
entry 3323000/5195505 (63.9591%)
entry 3324000/5195505 (63.9784%)
entry 3325000/5195505 (63.9976%)
entry 3326000/5195505 (64.0169%)
entry 3328000/5195505 (64.0554%)
entry 3332000/5195505 (64.1324%)
entry 3333000/5195505 (64.1516%)
entry 3335000/5195505 (64.1901%)
entry 3336000/5195505 (64.2093%)
entry 3338000/5195505 (64.2478%)
entry 3339000/5195505 (64.2671%)
entry 3343000/5195505 (64.3441%)
entry 3346000/5195505 (64.4018%)
entry 3347000/5195505 (64.4211%)
entry 3348000/5195505 (64.4403%)
entry 3349000/5195505 (64.4596%)
entry 3350000/5195505 (64.4788%)
entry 3351000/5195505 (64.4981%)
entry 3352000/5195505 (64.5173%)
entry 3353000/5195505 (64.5366%)
entry 3355000/5195505 (64.5751%)
entry 3359000/5195505 (64.652%)
entry 3361000/5195505 (64.6905%)
entry 3362000/5195505 (64.7098%)
entry 3365000/5195505 (64.7675%)
entry 3367000/5195505 (64.806%)
entry 3368000/5195505 (64.8253%)
entry 3369000/5195505 (64.8445%)
entry 3371000/5195505 (64.883%)
entry 3372000/5195505 (64.9023%)
entry 3373000/5195505 (64.9215%)
entry 3374000/5195505 (64.9408%)
entry 3375000/5195505 (64.96%)
entry 3376000/5195505 (64.9792%)
entry 3377000/5195505 (64.9985%)
entry 3378000/5195505 (65.0177%)
entry 3379000/5195505 (65.037%)
entry 3380000/5195505 (65.0562%)
entry 3381000/5195505 (65.0755%)
entry 3384000/5195505 (65.1332%)
entry 3385000/5195505 (65.1525%)
entry 3386000/5195505 (65.1717%)
entry 3387000/5195505 (65.191%)
entry 3388000/5195505 (65.2102%)
entry 3390000/5195505 (65.2487%)
entry 3391000/5195505 (65.268%)
entry 3393000/5195505 (65.3065%)
entry 3395000/5195505 (65.3449%)
entry 3396000/5195505 (65.3642%)
entry 3397000/5195505 (65.3834%)
entry 3398000/5195505 (65.4027%)
entry 3399000/5195505 (65.4219%)
entry 3400000/5195505 (65.4412%)
entry 3401000/5195505 (65.4604%)
entry 3402000/5195505 (65.4797%)
entry 3404000/5195505 (65.5182%)
entry 3405000/5195505 (65.5374%)
entry 3406000/5195505 (65.5567%)
entry 3407000/5195505 (65.5759%)
entry 3408000/5195505 (65.5952%)
entry 3409000/5195505 (65.6144%)
entry 3410000/5195505 (65.6337%)
entry 3411000/5195505 (65.6529%)
entry 3412000/5195505 (65.6722%)
entry 3413000/5195505 (65.6914%)
entry 3415000/5195505 (65.7299%)
entry 3416000/5195505 (65.7491%)
entry 3417000/5195505 (65.7684%)
entry 3419000/5195505 (65.8069%)
entry 3421000/5195505 (65.8454%)
entry 3423000/5195505 (65.8839%)
entry 3425000/5195505 (65.9224%)
entry 3426000/5195505 (65.9416%)
entry 3427000/5195505 (65.9609%)
entry 3429000/5195505 (65.9994%)
entry 3432000/5195505 (66.0571%)
entry 3433000/5195505 (66.0764%)
entry 3434000/5195505 (66.0956%)
entry 3435000/5195505 (66.1148%)
entry 3436000/5195505 (66.1341%)
entry 3437000/5195505 (66.1533%)
entry 3438000/5195505 (66.1726%)
entry 3439000/5195505 (66.1918%)
entry 3440000/5195505 (66.2111%)
entry 3444000/5195505 (66.2881%)
entry 3445000/5195505 (66.3073%)
entry 3447000/5195505 (66.3458%)
entry 3448000/5195505 (66.3651%)
entry 3450000/5195505 (66.4036%)
entry 3451000/5195505 (66.4228%)
entry 3452000/5195505 (66.442%)
entry 3454000/5195505 (66.4805%)
entry 3455000/5195505 (66.4998%)
entry 3456000/5195505 (66.519%)
entry 3458000/5195505 (66.5575%)
entry 3459000/5195505 (66.5768%)
entry 3462000/5195505 (66.6345%)
entry 3463000/5195505 (66.6538%)
entry 3464000/5195505 (66.673%)
entry 3465000/5195505 (66.6923%)
entry 3467000/5195505 (66.7308%)
entry 3469000/5195505 (66.7693%)
entry 3470000/5195505 (66.7885%)
entry 3472000/5195505 (66.827%)
entry 3473000/5195505 (66.8462%)
entry 3475000/5195505 (66.8847%)
entry 3476000/5195505 (66.904%)
entry 3477000/5195505 (66.9232%)
entry 3478000/5195505 (66.9425%)
entry 3479000/5195505 (66.9617%)
entry 3480000/5195505 (66.981%)
entry 3482000/5195505 (67.0195%)
entry 3483000/5195505 (67.0387%)
entry 3484000/5195505 (67.058%)
entry 3485000/5195505 (67.0772%)
entry 3486000/5195505 (67.0965%)
entry 3487000/5195505 (67.1157%)
entry 3488000/5195505 (67.135%)
entry 3489000/5195505 (67.1542%)
entry 3491000/5195505 (67.1927%)
entry 3492000/5195505 (67.2119%)
entry 3495000/5195505 (67.2697%)
entry 3499000/5195505 (67.3467%)
entry 3501000/5195505 (67.3852%)
entry 3505000/5195505 (67.4622%)
entry 3507000/5195505 (67.5007%)
entry 3508000/5195505 (67.5199%)
entry 3509000/5195505 (67.5391%)
entry 3510000/5195505 (67.5584%)
entry 3512000/5195505 (67.5969%)
entry 3514000/5195505 (67.6354%)
entry 3515000/5195505 (67.6546%)
entry 3516000/5195505 (67.6739%)
entry 3519000/5195505 (67.7316%)
entry 3521000/5195505 (67.7701%)
entry 3522000/5195505 (67.7894%)
entry 3523000/5195505 (67.8086%)
entry 3526000/5195505 (67.8664%)
entry 3531000/5195505 (67.9626%)
entry 3533000/5195505 (68.0011%)
entry 3535000/5195505 (68.0396%)
entry 3537000/5195505 (68.0781%)
entry 3539000/5195505 (68.1166%)
entry 3541000/5195505 (68.1551%)
entry 3543000/5195505 (68.1936%)
entry 3544000/5195505 (68.2128%)
entry 3545000/5195505 (68.2321%)
entry 3546000/5195505 (68.2513%)
entry 3547000/5195505 (68.2706%)
entry 3548000/5195505 (68.2898%)
entry 3550000/5195505 (68.3283%)
entry 3551000/5195505 (68.3475%)
entry 3552000/5195505 (68.3668%)
entry 3553000/5195505 (68.386%)
entry 3554000/5195505 (68.4053%)
entry 3555000/5195505 (68.4245%)
entry 3557000/5195505 (68.463%)
entry 3559000/5195505 (68.5015%)
entry 3561000/5195505 (68.54%)
entry 3562000/5195505 (68.5593%)
entry 3564000/5195505 (68.5978%)
entry 3565000/5195505 (68.617%)
entry 3566000/5195505 (68.6363%)
entry 3568000/5195505 (68.6747%)
entry 3570000/5195505 (68.7132%)
entry 3571000/5195505 (68.7325%)
entry 3572000/5195505 (68.7517%)
entry 3575000/5195505 (68.8095%)
entry 3576000/5195505 (68.8287%)
entry 3577000/5195505 (68.848%)
entry 3579000/5195505 (68.8865%)
entry 3580000/5195505 (68.9057%)
entry 3581000/5195505 (68.925%)
entry 3582000/5195505 (68.9442%)
entry 3584000/5195505 (68.9827%)
entry 3586000/5195505 (69.0212%)
entry 3590000/5195505 (69.0982%)
entry 3591000/5195505 (69.1174%)
entry 3593000/5195505 (69.1559%)
entry 3594000/5195505 (69.1752%)
entry 3595000/5195505 (69.1944%)
entry 3596000/5195505 (69.2137%)
entry 3599000/5195505 (69.2714%)
entry 3600000/5195505 (69.2907%)
entry 3601000/5195505 (69.3099%)
entry 3602000/5195505 (69.3292%)
entry 3603000/5195505 (69.3484%)
entry 3604000/5195505 (69.3677%)
entry 3605000/5195505 (69.3869%)
entry 3607000/5195505 (69.4254%)
entry 3609000/5195505 (69.4639%)
entry 3610000/5195505 (69.4831%)
entry 3613000/5195505 (69.5409%)
entry 3615000/5195505 (69.5794%)
entry 3616000/5195505 (69.5986%)
entry 3617000/5195505 (69.6179%)
entry 3618000/5195505 (69.6371%)
entry 3619000/5195505 (69.6564%)
entry 3620000/5195505 (69.6756%)
entry 3621000/5195505 (69.6949%)
entry 3622000/5195505 (69.7141%)
entry 3623000/5195505 (69.7334%)
entry 3624000/5195505 (69.7526%)
entry 3625000/5195505 (69.7719%)
entry 3626000/5195505 (69.7911%)
entry 3627000/5195505 (69.8103%)
entry 3628000/5195505 (69.8296%)
entry 3629000/5195505 (69.8488%)
entry 3631000/5195505 (69.8873%)
entry 3632000/5195505 (69.9066%)
entry 3633000/5195505 (69.9258%)
entry 3635000/5195505 (69.9643%)
entry 3637000/5195505 (70.0028%)
entry 3638000/5195505 (70.0221%)
entry 3640000/5195505 (70.0606%)
entry 3641000/5195505 (70.0798%)
entry 3642000/5195505 (70.0991%)
entry 3643000/5195505 (70.1183%)
entry 3644000/5195505 (70.1376%)
entry 3646000/5195505 (70.176%)
entry 3647000/5195505 (70.1953%)
entry 3648000/5195505 (70.2145%)
entry 3649000/5195505 (70.2338%)
entry 3651000/5195505 (70.2723%)
entry 3652000/5195505 (70.2915%)
entry 3653000/5195505 (70.3108%)
entry 3654000/5195505 (70.33%)
entry 3656000/5195505 (70.3685%)
entry 3657000/5195505 (70.3878%)
entry 3658000/5195505 (70.407%)
entry 3660000/5195505 (70.4455%)
entry 3661000/5195505 (70.4648%)
entry 3662000/5195505 (70.484%)
entry 3665000/5195505 (70.5417%)
entry 3666000/5195505 (70.561%)
entry 3667000/5195505 (70.5802%)
entry 3668000/5195505 (70.5995%)
entry 3669000/5195505 (70.6187%)
entry 3670000/5195505 (70.638%)
entry 3671000/5195505 (70.6572%)
entry 3673000/5195505 (70.6957%)
entry 3674000/5195505 (70.715%)
entry 3677000/5195505 (70.7727%)
entry 3678000/5195505 (70.792%)
entry 3679000/5195505 (70.8112%)
entry 3680000/5195505 (70.8305%)
entry 3681000/5195505 (70.8497%)
entry 3682000/5195505 (70.869%)
entry 3684000/5195505 (70.9074%)
entry 3685000/5195505 (70.9267%)
entry 3688000/5195505 (70.9844%)
entry 3689000/5195505 (71.0037%)
entry 3690000/5195505 (71.0229%)
entry 3691000/5195505 (71.0422%)
entry 3692000/5195505 (71.0614%)
entry 3693000/5195505 (71.0807%)
entry 3694000/5195505 (71.0999%)
entry 3697000/5195505 (71.1577%)
entry 3698000/5195505 (71.1769%)
entry 3699000/5195505 (71.1962%)
entry 3700000/5195505 (71.2154%)
entry 3701000/5195505 (71.2347%)
entry 3702000/5195505 (71.2539%)
entry 3704000/5195505 (71.2924%)
entry 3705000/5195505 (71.3116%)
entry 3706000/5195505 (71.3309%)
entry 3708000/5195505 (71.3694%)
entry 3711000/5195505 (71.4271%)
entry 3715000/5195505 (71.5041%)
entry 3716000/5195505 (71.5234%)
entry 3719000/5195505 (71.5811%)
entry 3720000/5195505 (71.6004%)
entry 3721000/5195505 (71.6196%)
entry 3722000/5195505 (71.6388%)
entry 3723000/5195505 (71.6581%)
entry 3724000/5195505 (71.6773%)
entry 3725000/5195505 (71.6966%)
entry 3726000/5195505 (71.7158%)
entry 3728000/5195505 (71.7543%)
entry 3729000/5195505 (71.7736%)
entry 3730000/5195505 (71.7928%)
entry 3732000/5195505 (71.8313%)
entry 3734000/5195505 (71.8698%)
entry 3735000/5195505 (71.8891%)
entry 3736000/5195505 (71.9083%)
entry 3738000/5195505 (71.9468%)
entry 3739000/5195505 (71.9661%)
entry 3740000/5195505 (71.9853%)
entry 3742000/5195505 (72.0238%)
entry 3743000/5195505 (72.043%)
entry 3744000/5195505 (72.0623%)
entry 3745000/5195505 (72.0815%)
entry 3746000/5195505 (72.1008%)
entry 3747000/5195505 (72.12%)
entry 3748000/5195505 (72.1393%)
entry 3749000/5195505 (72.1585%)
entry 3755000/5195505 (72.274%)
entry 3756000/5195505 (72.2933%)
entry 3757000/5195505 (72.3125%)
entry 3758000/5195505 (72.3318%)
entry 3759000/5195505 (72.351%)
entry 3760000/5195505 (72.3702%)
entry 3761000/5195505 (72.3895%)
entry 3763000/5195505 (72.428%)
entry 3764000/5195505 (72.4472%)
entry 3765000/5195505 (72.4665%)
entry 3766000/5195505 (72.4857%)
entry 3768000/5195505 (72.5242%)
entry 3769000/5195505 (72.5435%)
entry 3770000/5195505 (72.5627%)
entry 3771000/5195505 (72.582%)
entry 3773000/5195505 (72.6205%)
entry 3775000/5195505 (72.659%)
entry 3776000/5195505 (72.6782%)
entry 3778000/5195505 (72.7167%)
entry 3779000/5195505 (72.736%)
entry 3782000/5195505 (72.7937%)
entry 3783000/5195505 (72.8129%)
entry 3784000/5195505 (72.8322%)
entry 3786000/5195505 (72.8707%)
entry 3787000/5195505 (72.8899%)
entry 3788000/5195505 (72.9092%)
entry 3789000/5195505 (72.9284%)
entry 3790000/5195505 (72.9477%)
entry 3792000/5195505 (72.9862%)
entry 3793000/5195505 (73.0054%)
entry 3795000/5195505 (73.0439%)
entry 3796000/5195505 (73.0632%)
entry 3797000/5195505 (73.0824%)
entry 3799000/5195505 (73.1209%)
entry 3800000/5195505 (73.1401%)
entry 3801000/5195505 (73.1594%)
entry 3802000/5195505 (73.1786%)
entry 3803000/5195505 (73.1979%)
entry 3804000/5195505 (73.2171%)
entry 3805000/5195505 (73.2364%)
entry 3806000/5195505 (73.2556%)
entry 3808000/5195505 (73.2941%)
entry 3809000/5195505 (73.3134%)
entry 3813000/5195505 (73.3904%)
entry 3815000/5195505 (73.4289%)
entry 3816000/5195505 (73.4481%)
entry 3817000/5195505 (73.4674%)
entry 3818000/5195505 (73.4866%)
entry 3819000/5195505 (73.5058%)
entry 3821000/5195505 (73.5443%)
entry 3822000/5195505 (73.5636%)
entry 3824000/5195505 (73.6021%)
entry 3826000/5195505 (73.6406%)
entry 3828000/5195505 (73.6791%)
entry 3829000/5195505 (73.6983%)
entry 3830000/5195505 (73.7176%)
entry 3831000/5195505 (73.7368%)
entry 3832000/5195505 (73.7561%)
entry 3833000/5195505 (73.7753%)
entry 3835000/5195505 (73.8138%)
entry 3836000/5195505 (73.8331%)
entry 3837000/5195505 (73.8523%)
entry 3838000/5195505 (73.8715%)
entry 3840000/5195505 (73.91%)
entry 3842000/5195505 (73.9485%)
entry 3843000/5195505 (73.9678%)
entry 3844000/5195505 (73.987%)
entry 3845000/5195505 (74.0063%)
entry 3846000/5195505 (74.0255%)
entry 3847000/5195505 (74.0448%)
entry 3850000/5195505 (74.1025%)
entry 3851000/5195505 (74.1218%)
entry 3852000/5195505 (74.141%)
entry 3853000/5195505 (74.1603%)
entry 3854000/5195505 (74.1795%)
entry 3855000/5195505 (74.1988%)
entry 3856000/5195505 (74.218%)
entry 3857000/5195505 (74.2373%)
entry 3858000/5195505 (74.2565%)
entry 3859000/5195505 (74.2757%)
entry 3861000/5195505 (74.3142%)
entry 3862000/5195505 (74.3335%)
entry 3863000/5195505 (74.3527%)
entry 3865000/5195505 (74.3912%)
entry 3867000/5195505 (74.4297%)
entry 3868000/5195505 (74.449%)
entry 3870000/5195505 (74.4875%)
entry 3871000/5195505 (74.5067%)
entry 3873000/5195505 (74.5452%)
entry 3874000/5195505 (74.5645%)
entry 3875000/5195505 (74.5837%)
entry 3876000/5195505 (74.6029%)
entry 3878000/5195505 (74.6414%)
entry 3879000/5195505 (74.6607%)
entry 3880000/5195505 (74.6799%)
entry 3882000/5195505 (74.7184%)
entry 3883000/5195505 (74.7377%)
entry 3885000/5195505 (74.7762%)
entry 3886000/5195505 (74.7954%)
entry 3887000/5195505 (74.8147%)
entry 3888000/5195505 (74.8339%)
entry 3890000/5195505 (74.8724%)
entry 3891000/5195505 (74.8917%)
entry 3893000/5195505 (74.9302%)
entry 3894000/5195505 (74.9494%)
entry 3895000/5195505 (74.9686%)
entry 3898000/5195505 (75.0264%)
entry 3899000/5195505 (75.0456%)
entry 3900000/5195505 (75.0649%)
entry 3901000/5195505 (75.0841%)
entry 3903000/5195505 (75.1226%)
entry 3904000/5195505 (75.1419%)
entry 3905000/5195505 (75.1611%)
entry 3906000/5195505 (75.1804%)
entry 3907000/5195505 (75.1996%)
entry 3908000/5195505 (75.2189%)
entry 3910000/5195505 (75.2574%)
entry 3913000/5195505 (75.3151%)
entry 3914000/5195505 (75.3344%)
entry 3915000/5195505 (75.3536%)
entry 3916000/5195505 (75.3728%)
entry 3917000/5195505 (75.3921%)
entry 3919000/5195505 (75.4306%)
entry 3921000/5195505 (75.4691%)
entry 3923000/5195505 (75.5076%)
entry 3925000/5195505 (75.5461%)
entry 3926000/5195505 (75.5653%)
entry 3927000/5195505 (75.5846%)
entry 3928000/5195505 (75.6038%)
entry 3929000/5195505 (75.6231%)
entry 3930000/5195505 (75.6423%)
entry 3931000/5195505 (75.6616%)
entry 3933000/5195505 (75.7001%)
entry 3936000/5195505 (75.7578%)
entry 3937000/5195505 (75.777%)
entry 3938000/5195505 (75.7963%)
entry 3940000/5195505 (75.8348%)
entry 3941000/5195505 (75.854%)
entry 3942000/5195505 (75.8733%)
entry 3943000/5195505 (75.8925%)
entry 3944000/5195505 (75.9118%)
entry 3945000/5195505 (75.931%)
entry 3946000/5195505 (75.9503%)
entry 3949000/5195505 (76.008%)
entry 3950000/5195505 (76.0273%)
entry 3951000/5195505 (76.0465%)
entry 3952000/5195505 (76.0658%)
entry 3953000/5195505 (76.085%)
entry 3956000/5195505 (76.1427%)
entry 3958000/5195505 (76.1812%)
entry 3959000/5195505 (76.2005%)
entry 3960000/5195505 (76.2197%)
entry 3961000/5195505 (76.239%)
entry 3962000/5195505 (76.2582%)
entry 3963000/5195505 (76.2775%)
entry 3964000/5195505 (76.2967%)
entry 3965000/5195505 (76.316%)
entry 3966000/5195505 (76.3352%)
entry 3967000/5195505 (76.3545%)
entry 3968000/5195505 (76.3737%)
entry 3969000/5195505 (76.393%)
entry 3971000/5195505 (76.4315%)
entry 3973000/5195505 (76.4699%)
entry 3975000/5195505 (76.5084%)
entry 3977000/5195505 (76.5469%)
entry 3978000/5195505 (76.5662%)
entry 3979000/5195505 (76.5854%)
entry 3983000/5195505 (76.6624%)
entry 3984000/5195505 (76.6817%)
entry 3985000/5195505 (76.7009%)
entry 3986000/5195505 (76.7202%)
entry 3987000/5195505 (76.7394%)
entry 3988000/5195505 (76.7587%)
entry 3989000/5195505 (76.7779%)
entry 3991000/5195505 (76.8164%)
entry 3992000/5195505 (76.8357%)
entry 3993000/5195505 (76.8549%)
entry 3994000/5195505 (76.8741%)
entry 3995000/5195505 (76.8934%)
entry 3996000/5195505 (76.9126%)
entry 3997000/5195505 (76.9319%)
entry 4000000/5195505 (76.9896%)
entry 4002000/5195505 (77.0281%)
entry 4003000/5195505 (77.0474%)
entry 4004000/5195505 (77.0666%)
entry 4005000/5195505 (77.0859%)
entry 4009000/5195505 (77.1629%)
entry 4010000/5195505 (77.1821%)
entry 4011000/5195505 (77.2013%)
entry 4012000/5195505 (77.2206%)
entry 4013000/5195505 (77.2398%)
entry 4015000/5195505 (77.2783%)
entry 4016000/5195505 (77.2976%)
entry 4017000/5195505 (77.3168%)
entry 4018000/5195505 (77.3361%)
entry 4019000/5195505 (77.3553%)
entry 4020000/5195505 (77.3746%)
entry 4021000/5195505 (77.3938%)
entry 4022000/5195505 (77.4131%)
entry 4023000/5195505 (77.4323%)
entry 4024000/5195505 (77.4516%)
entry 4025000/5195505 (77.4708%)
entry 4027000/5195505 (77.5093%)
entry 4028000/5195505 (77.5286%)
entry 4029000/5195505 (77.5478%)
entry 4033000/5195505 (77.6248%)
entry 4034000/5195505 (77.644%)
entry 4035000/5195505 (77.6633%)
entry 4036000/5195505 (77.6825%)
entry 4037000/5195505 (77.7018%)
entry 4039000/5195505 (77.7403%)
entry 4040000/5195505 (77.7595%)
entry 4042000/5195505 (77.798%)
entry 4043000/5195505 (77.8173%)
entry 4044000/5195505 (77.8365%)
entry 4047000/5195505 (77.8943%)
entry 4048000/5195505 (77.9135%)
entry 4049000/5195505 (77.9328%)
entry 4050000/5195505 (77.952%)
entry 4052000/5195505 (77.9905%)
entry 4053000/5195505 (78.0097%)
entry 4054000/5195505 (78.029%)
entry 4058000/5195505 (78.106%)
entry 4061000/5195505 (78.1637%)
entry 4062000/5195505 (78.183%)
entry 4063000/5195505 (78.2022%)
entry 4067000/5195505 (78.2792%)
entry 4068000/5195505 (78.2984%)
entry 4069000/5195505 (78.3177%)
entry 4070000/5195505 (78.3369%)
entry 4071000/5195505 (78.3562%)
entry 4073000/5195505 (78.3947%)
entry 4074000/5195505 (78.4139%)
entry 4075000/5195505 (78.4332%)
entry 4076000/5195505 (78.4524%)
entry 4078000/5195505 (78.4909%)
entry 4079000/5195505 (78.5102%)
entry 4082000/5195505 (78.5679%)
entry 4083000/5195505 (78.5872%)
entry 4084000/5195505 (78.6064%)
entry 4086000/5195505 (78.6449%)
entry 4088000/5195505 (78.6834%)
entry 4090000/5195505 (78.7219%)
entry 4093000/5195505 (78.7796%)
entry 4095000/5195505 (78.8181%)
entry 4097000/5195505 (78.8566%)
entry 4098000/5195505 (78.8759%)
entry 4099000/5195505 (78.8951%)
entry 4100000/5195505 (78.9144%)
entry 4101000/5195505 (78.9336%)
entry 4105000/5195505 (79.0106%)
entry 4106000/5195505 (79.0299%)
entry 4107000/5195505 (79.0491%)
entry 4108000/5195505 (79.0684%)
entry 4111000/5195505 (79.1261%)
entry 4112000/5195505 (79.1453%)
entry 4113000/5195505 (79.1646%)
entry 4116000/5195505 (79.2223%)
entry 4117000/5195505 (79.2416%)
entry 4118000/5195505 (79.2608%)
entry 4119000/5195505 (79.2801%)
entry 4120000/5195505 (79.2993%)
entry 4122000/5195505 (79.3378%)
entry 4124000/5195505 (79.3763%)
entry 4125000/5195505 (79.3956%)
entry 4126000/5195505 (79.4148%)
entry 4127000/5195505 (79.434%)
entry 4128000/5195505 (79.4533%)
entry 4129000/5195505 (79.4725%)
entry 4131000/5195505 (79.511%)
entry 4132000/5195505 (79.5303%)
entry 4133000/5195505 (79.5495%)
entry 4134000/5195505 (79.5688%)
entry 4135000/5195505 (79.588%)
entry 4136000/5195505 (79.6073%)
entry 4137000/5195505 (79.6265%)
entry 4138000/5195505 (79.6458%)
entry 4139000/5195505 (79.665%)
entry 4140000/5195505 (79.6843%)
entry 4142000/5195505 (79.7228%)
entry 4145000/5195505 (79.7805%)
entry 4147000/5195505 (79.819%)
entry 4148000/5195505 (79.8382%)
entry 4149000/5195505 (79.8575%)
entry 4150000/5195505 (79.8767%)
entry 4152000/5195505 (79.9152%)
entry 4153000/5195505 (79.9345%)
entry 4154000/5195505 (79.9537%)
entry 4155000/5195505 (79.973%)
entry 4156000/5195505 (79.9922%)
entry 4158000/5195505 (80.0307%)
entry 4159000/5195505 (80.05%)
entry 4161000/5195505 (80.0885%)
entry 4162000/5195505 (80.1077%)
entry 4163000/5195505 (80.127%)
entry 4164000/5195505 (80.1462%)
entry 4165000/5195505 (80.1655%)
entry 4166000/5195505 (80.1847%)
entry 4169000/5195505 (80.2424%)
entry 4171000/5195505 (80.2809%)
entry 4172000/5195505 (80.3002%)
entry 4175000/5195505 (80.3579%)
entry 4176000/5195505 (80.3772%)
entry 4177000/5195505 (80.3964%)
entry 4178000/5195505 (80.4157%)
entry 4179000/5195505 (80.4349%)
entry 4180000/5195505 (80.4542%)
entry 4181000/5195505 (80.4734%)
entry 4182000/5195505 (80.4927%)
entry 4184000/5195505 (80.5312%)
entry 4185000/5195505 (80.5504%)
entry 4186000/5195505 (80.5696%)
entry 4187000/5195505 (80.5889%)
entry 4189000/5195505 (80.6274%)
entry 4190000/5195505 (80.6466%)
entry 4192000/5195505 (80.6851%)
entry 4194000/5195505 (80.7236%)
entry 4195000/5195505 (80.7429%)
entry 4196000/5195505 (80.7621%)
entry 4197000/5195505 (80.7814%)
entry 4200000/5195505 (80.8391%)
entry 4202000/5195505 (80.8776%)
entry 4204000/5195505 (80.9161%)
entry 4207000/5195505 (80.9738%)
entry 4209000/5195505 (81.0123%)
entry 4210000/5195505 (81.0316%)
entry 4212000/5195505 (81.0701%)
entry 4213000/5195505 (81.0893%)
entry 4214000/5195505 (81.1086%)
entry 4215000/5195505 (81.1278%)
entry 4216000/5195505 (81.1471%)
entry 4217000/5195505 (81.1663%)
entry 4218000/5195505 (81.1856%)
entry 4220000/5195505 (81.2241%)
entry 4221000/5195505 (81.2433%)
entry 4222000/5195505 (81.2626%)
entry 4223000/5195505 (81.2818%)
entry 4224000/5195505 (81.301%)
entry 4225000/5195505 (81.3203%)
entry 4226000/5195505 (81.3395%)
entry 4227000/5195505 (81.3588%)
entry 4228000/5195505 (81.378%)
entry 4231000/5195505 (81.4358%)
entry 4232000/5195505 (81.455%)
entry 4233000/5195505 (81.4743%)
entry 4234000/5195505 (81.4935%)
entry 4235000/5195505 (81.5128%)
entry 4237000/5195505 (81.5513%)
entry 4238000/5195505 (81.5705%)
entry 4239000/5195505 (81.5898%)
entry 4240000/5195505 (81.609%)
entry 4241000/5195505 (81.6283%)
entry 4242000/5195505 (81.6475%)
entry 4244000/5195505 (81.686%)
entry 4245000/5195505 (81.7052%)
entry 4247000/5195505 (81.7437%)
entry 4249000/5195505 (81.7822%)
entry 4250000/5195505 (81.8015%)
entry 4251000/5195505 (81.8207%)
entry 4252000/5195505 (81.84%)
entry 4253000/5195505 (81.8592%)
entry 4254000/5195505 (81.8785%)
entry 4255000/5195505 (81.8977%)
entry 4256000/5195505 (81.917%)
entry 4258000/5195505 (81.9555%)
entry 4260000/5195505 (81.994%)
entry 4261000/5195505 (82.0132%)
entry 4262000/5195505 (82.0324%)
entry 4263000/5195505 (82.0517%)
entry 4265000/5195505 (82.0902%)
entry 4266000/5195505 (82.1094%)
entry 4267000/5195505 (82.1287%)
entry 4269000/5195505 (82.1672%)
entry 4270000/5195505 (82.1864%)
entry 4271000/5195505 (82.2057%)
entry 4272000/5195505 (82.2249%)
entry 4273000/5195505 (82.2442%)
entry 4274000/5195505 (82.2634%)
entry 4279000/5195505 (82.3597%)
entry 4280000/5195505 (82.3789%)
entry 4281000/5195505 (82.3982%)
entry 4283000/5195505 (82.4366%)
entry 4284000/5195505 (82.4559%)
entry 4286000/5195505 (82.4944%)
entry 4287000/5195505 (82.5136%)
entry 4288000/5195505 (82.5329%)
entry 4289000/5195505 (82.5521%)
entry 4290000/5195505 (82.5714%)
entry 4291000/5195505 (82.5906%)
entry 4292000/5195505 (82.6099%)
entry 4293000/5195505 (82.6291%)
entry 4295000/5195505 (82.6676%)
entry 4296000/5195505 (82.6869%)
entry 4297000/5195505 (82.7061%)
entry 4298000/5195505 (82.7254%)
entry 4299000/5195505 (82.7446%)
entry 4300000/5195505 (82.7639%)
entry 4301000/5195505 (82.7831%)
entry 4302000/5195505 (82.8023%)
entry 4303000/5195505 (82.8216%)
entry 4306000/5195505 (82.8793%)
entry 4307000/5195505 (82.8986%)
entry 4308000/5195505 (82.9178%)
entry 4309000/5195505 (82.9371%)
entry 4310000/5195505 (82.9563%)
entry 4311000/5195505 (82.9756%)
entry 4312000/5195505 (82.9948%)
entry 4313000/5195505 (83.0141%)
entry 4314000/5195505 (83.0333%)
entry 4315000/5195505 (83.0526%)
entry 4316000/5195505 (83.0718%)
entry 4317000/5195505 (83.0911%)
entry 4318000/5195505 (83.1103%)
entry 4319000/5195505 (83.1295%)
entry 4320000/5195505 (83.1488%)
entry 4322000/5195505 (83.1873%)
entry 4324000/5195505 (83.2258%)
entry 4325000/5195505 (83.245%)
entry 4326000/5195505 (83.2643%)
entry 4327000/5195505 (83.2835%)
entry 4328000/5195505 (83.3028%)
entry 4329000/5195505 (83.322%)
entry 4330000/5195505 (83.3413%)
entry 4331000/5195505 (83.3605%)
entry 4332000/5195505 (83.3798%)
entry 4335000/5195505 (83.4375%)
entry 4336000/5195505 (83.4568%)
entry 4337000/5195505 (83.476%)
entry 4338000/5195505 (83.4953%)
entry 4340000/5195505 (83.5337%)
entry 4341000/5195505 (83.553%)
entry 4342000/5195505 (83.5722%)
entry 4344000/5195505 (83.6107%)
entry 4346000/5195505 (83.6492%)
entry 4347000/5195505 (83.6685%)
entry 4348000/5195505 (83.6877%)
entry 4351000/5195505 (83.7455%)
entry 4352000/5195505 (83.7647%)
entry 4353000/5195505 (83.784%)
entry 4356000/5195505 (83.8417%)
entry 4357000/5195505 (83.861%)
entry 4358000/5195505 (83.8802%)
entry 4359000/5195505 (83.8995%)
entry 4362000/5195505 (83.9572%)
entry 4363000/5195505 (83.9764%)
entry 4365000/5195505 (84.0149%)
entry 4366000/5195505 (84.0342%)
entry 4371000/5195505 (84.1304%)
entry 4372000/5195505 (84.1497%)
entry 4375000/5195505 (84.2074%)
entry 4376000/5195505 (84.2267%)
entry 4377000/5195505 (84.2459%)
entry 4378000/5195505 (84.2651%)
entry 4379000/5195505 (84.2844%)
entry 4380000/5195505 (84.3036%)
entry 4381000/5195505 (84.3229%)
entry 4382000/5195505 (84.3421%)
entry 4383000/5195505 (84.3614%)
entry 4385000/5195505 (84.3999%)
entry 4386000/5195505 (84.4191%)
entry 4387000/5195505 (84.4384%)
entry 4388000/5195505 (84.4576%)
entry 4390000/5195505 (84.4961%)
entry 4391000/5195505 (84.5154%)
entry 4392000/5195505 (84.5346%)
entry 4393000/5195505 (84.5539%)
entry 4394000/5195505 (84.5731%)
entry 4395000/5195505 (84.5924%)
entry 4397000/5195505 (84.6308%)
entry 4399000/5195505 (84.6693%)
entry 4400000/5195505 (84.6886%)
entry 4402000/5195505 (84.7271%)
entry 4404000/5195505 (84.7656%)
entry 4405000/5195505 (84.7848%)
entry 4406000/5195505 (84.8041%)
entry 4407000/5195505 (84.8233%)
entry 4408000/5195505 (84.8426%)
entry 4409000/5195505 (84.8618%)
entry 4410000/5195505 (84.8811%)
entry 4411000/5195505 (84.9003%)
entry 4412000/5195505 (84.9196%)
entry 4413000/5195505 (84.9388%)
entry 4414000/5195505 (84.9581%)
entry 4416000/5195505 (84.9966%)
entry 4418000/5195505 (85.035%)
entry 4419000/5195505 (85.0543%)
entry 4420000/5195505 (85.0735%)
entry 4423000/5195505 (85.1313%)
entry 4425000/5195505 (85.1698%)
entry 4426000/5195505 (85.189%)
entry 4428000/5195505 (85.2275%)
entry 4429000/5195505 (85.2468%)
entry 4430000/5195505 (85.266%)
entry 4431000/5195505 (85.2853%)
entry 4432000/5195505 (85.3045%)
entry 4433000/5195505 (85.3238%)
entry 4435000/5195505 (85.3622%)
entry 4436000/5195505 (85.3815%)
entry 4437000/5195505 (85.4007%)
entry 4438000/5195505 (85.42%)
entry 4439000/5195505 (85.4392%)
entry 4440000/5195505 (85.4585%)
entry 4442000/5195505 (85.497%)
entry 4444000/5195505 (85.5355%)
entry 4445000/5195505 (85.5547%)
entry 4446000/5195505 (85.574%)
entry 4448000/5195505 (85.6125%)
entry 4449000/5195505 (85.6317%)
entry 4450000/5195505 (85.651%)
entry 4451000/5195505 (85.6702%)
entry 4452000/5195505 (85.6895%)
entry 4453000/5195505 (85.7087%)
entry 4454000/5195505 (85.728%)
entry 4455000/5195505 (85.7472%)
entry 4456000/5195505 (85.7664%)
entry 4457000/5195505 (85.7857%)
entry 4458000/5195505 (85.8049%)
entry 4459000/5195505 (85.8242%)
entry 4460000/5195505 (85.8434%)
entry 4461000/5195505 (85.8627%)
entry 4462000/5195505 (85.8819%)
entry 4463000/5195505 (85.9012%)
entry 4467000/5195505 (85.9782%)
entry 4468000/5195505 (85.9974%)
entry 4469000/5195505 (86.0167%)
entry 4472000/5195505 (86.0744%)
entry 4473000/5195505 (86.0937%)
entry 4474000/5195505 (86.1129%)
entry 4475000/5195505 (86.1321%)
entry 4478000/5195505 (86.1899%)
entry 4479000/5195505 (86.2091%)
entry 4480000/5195505 (86.2284%)
entry 4481000/5195505 (86.2476%)
entry 4483000/5195505 (86.2861%)
entry 4484000/5195505 (86.3054%)
entry 4485000/5195505 (86.3246%)
entry 4486000/5195505 (86.3439%)
entry 4488000/5195505 (86.3824%)
entry 4489000/5195505 (86.4016%)
entry 4490000/5195505 (86.4209%)
entry 4491000/5195505 (86.4401%)
entry 4492000/5195505 (86.4594%)
entry 4493000/5195505 (86.4786%)
entry 4495000/5195505 (86.5171%)
entry 4496000/5195505 (86.5363%)
entry 4497000/5195505 (86.5556%)
entry 4498000/5195505 (86.5748%)
entry 4500000/5195505 (86.6133%)
entry 4502000/5195505 (86.6518%)
entry 4504000/5195505 (86.6903%)
entry 4506000/5195505 (86.7288%)
entry 4507000/5195505 (86.7481%)
entry 4508000/5195505 (86.7673%)
entry 4511000/5195505 (86.8251%)
entry 4512000/5195505 (86.8443%)
entry 4515000/5195505 (86.902%)
entry 4516000/5195505 (86.9213%)
entry 4517000/5195505 (86.9405%)
entry 4518000/5195505 (86.9598%)
entry 4519000/5195505 (86.979%)
entry 4520000/5195505 (86.9983%)
entry 4521000/5195505 (87.0175%)
entry 4522000/5195505 (87.0368%)
entry 4523000/5195505 (87.056%)
entry 4524000/5195505 (87.0753%)
entry 4526000/5195505 (87.1138%)
entry 4527000/5195505 (87.133%)
entry 4529000/5195505 (87.1715%)
entry 4530000/5195505 (87.1908%)
entry 4531000/5195505 (87.21%)
entry 4532000/5195505 (87.2293%)
entry 4533000/5195505 (87.2485%)
entry 4534000/5195505 (87.2677%)
entry 4535000/5195505 (87.287%)
entry 4537000/5195505 (87.3255%)
entry 4538000/5195505 (87.3447%)
entry 4539000/5195505 (87.364%)
entry 4540000/5195505 (87.3832%)
entry 4541000/5195505 (87.4025%)
entry 4543000/5195505 (87.441%)
entry 4544000/5195505 (87.4602%)
entry 4545000/5195505 (87.4795%)
entry 4546000/5195505 (87.4987%)
entry 4547000/5195505 (87.518%)
entry 4550000/5195505 (87.5757%)
entry 4553000/5195505 (87.6334%)
entry 4554000/5195505 (87.6527%)
entry 4556000/5195505 (87.6912%)
entry 4557000/5195505 (87.7104%)
entry 4558000/5195505 (87.7297%)
entry 4559000/5195505 (87.7489%)
entry 4560000/5195505 (87.7682%)
entry 4562000/5195505 (87.8067%)
entry 4563000/5195505 (87.8259%)
entry 4564000/5195505 (87.8452%)
entry 4565000/5195505 (87.8644%)
entry 4567000/5195505 (87.9029%)
entry 4569000/5195505 (87.9414%)
entry 4570000/5195505 (87.9606%)
entry 4571000/5195505 (87.9799%)
entry 4572000/5195505 (87.9991%)
entry 4573000/5195505 (88.0184%)
entry 4574000/5195505 (88.0376%)
entry 4575000/5195505 (88.0569%)
entry 4576000/5195505 (88.0761%)
entry 4577000/5195505 (88.0954%)
entry 4578000/5195505 (88.1146%)
entry 4580000/5195505 (88.1531%)
entry 4582000/5195505 (88.1916%)
entry 4583000/5195505 (88.2109%)
entry 4585000/5195505 (88.2494%)
entry 4586000/5195505 (88.2686%)
entry 4588000/5195505 (88.3071%)
entry 4589000/5195505 (88.3264%)
entry 4590000/5195505 (88.3456%)
entry 4591000/5195505 (88.3648%)
entry 4593000/5195505 (88.4033%)
entry 4595000/5195505 (88.4418%)
entry 4596000/5195505 (88.4611%)
entry 4597000/5195505 (88.4803%)
entry 4598000/5195505 (88.4996%)
entry 4599000/5195505 (88.5188%)
entry 4601000/5195505 (88.5573%)
entry 4605000/5195505 (88.6343%)
entry 4607000/5195505 (88.6728%)
entry 4608000/5195505 (88.6921%)
entry 4609000/5195505 (88.7113%)
entry 4611000/5195505 (88.7498%)
entry 4612000/5195505 (88.769%)
entry 4613000/5195505 (88.7883%)
entry 4614000/5195505 (88.8075%)
entry 4615000/5195505 (88.8268%)
entry 4618000/5195505 (88.8845%)
entry 4619000/5195505 (88.9038%)
entry 4620000/5195505 (88.923%)
entry 4621000/5195505 (88.9423%)
entry 4622000/5195505 (88.9615%)
entry 4623000/5195505 (88.9808%)
entry 4624000/5195505 (89%)
entry 4626000/5195505 (89.0385%)
entry 4629000/5195505 (89.0962%)
entry 4632000/5195505 (89.154%)
entry 4633000/5195505 (89.1732%)
entry 4634000/5195505 (89.1925%)
entry 4635000/5195505 (89.2117%)
entry 4636000/5195505 (89.231%)
entry 4637000/5195505 (89.2502%)
entry 4638000/5195505 (89.2695%)
entry 4639000/5195505 (89.2887%)
entry 4640000/5195505 (89.308%)
entry 4641000/5195505 (89.3272%)
entry 4642000/5195505 (89.3465%)
entry 4646000/5195505 (89.4235%)
entry 4648000/5195505 (89.4619%)
entry 4649000/5195505 (89.4812%)
entry 4651000/5195505 (89.5197%)
entry 4655000/5195505 (89.5967%)
entry 4656000/5195505 (89.6159%)
entry 4657000/5195505 (89.6352%)
entry 4658000/5195505 (89.6544%)
entry 4660000/5195505 (89.6929%)
entry 4662000/5195505 (89.7314%)
entry 4663000/5195505 (89.7507%)
entry 4665000/5195505 (89.7892%)
entry 4666000/5195505 (89.8084%)
entry 4667000/5195505 (89.8277%)
entry 4670000/5195505 (89.8854%)
entry 4671000/5195505 (89.9046%)
entry 4672000/5195505 (89.9239%)
entry 4673000/5195505 (89.9431%)
entry 4674000/5195505 (89.9624%)
entry 4675000/5195505 (89.9816%)
entry 4677000/5195505 (90.0201%)
entry 4678000/5195505 (90.0394%)
entry 4679000/5195505 (90.0586%)
entry 4682000/5195505 (90.1164%)
entry 4686000/5195505 (90.1933%)
entry 4688000/5195505 (90.2318%)
entry 4689000/5195505 (90.2511%)
entry 4690000/5195505 (90.2703%)
entry 4691000/5195505 (90.2896%)
entry 4693000/5195505 (90.3281%)
entry 4695000/5195505 (90.3666%)
entry 4697000/5195505 (90.4051%)
entry 4701000/5195505 (90.4821%)
entry 4702000/5195505 (90.5013%)
entry 4704000/5195505 (90.5398%)
entry 4705000/5195505 (90.5591%)
entry 4706000/5195505 (90.5783%)
entry 4707000/5195505 (90.5975%)
entry 4708000/5195505 (90.6168%)
entry 4710000/5195505 (90.6553%)
entry 4712000/5195505 (90.6938%)
entry 4714000/5195505 (90.7323%)
entry 4715000/5195505 (90.7515%)
entry 4716000/5195505 (90.7708%)
entry 4717000/5195505 (90.79%)
entry 4718000/5195505 (90.8093%)
entry 4719000/5195505 (90.8285%)
entry 4721000/5195505 (90.867%)
entry 4722000/5195505 (90.8863%)
entry 4724000/5195505 (90.9248%)
entry 4725000/5195505 (90.944%)
entry 4727000/5195505 (90.9825%)
entry 4729000/5195505 (91.021%)
entry 4730000/5195505 (91.0402%)
entry 4731000/5195505 (91.0595%)
entry 4735000/5195505 (91.1365%)
entry 4736000/5195505 (91.1557%)
entry 4738000/5195505 (91.1942%)
entry 4739000/5195505 (91.2135%)
entry 4741000/5195505 (91.252%)
entry 4743000/5195505 (91.2905%)
entry 4744000/5195505 (91.3097%)
entry 4745000/5195505 (91.3289%)
entry 4746000/5195505 (91.3482%)
entry 4747000/5195505 (91.3674%)
entry 4748000/5195505 (91.3867%)
entry 4749000/5195505 (91.4059%)
entry 4750000/5195505 (91.4252%)
entry 4753000/5195505 (91.4829%)
entry 4754000/5195505 (91.5022%)
entry 4755000/5195505 (91.5214%)
entry 4757000/5195505 (91.5599%)
entry 4758000/5195505 (91.5792%)
entry 4759000/5195505 (91.5984%)
entry 4760000/5195505 (91.6177%)
entry 4763000/5195505 (91.6754%)
entry 4764000/5195505 (91.6946%)
entry 4765000/5195505 (91.7139%)
entry 4766000/5195505 (91.7331%)
entry 4767000/5195505 (91.7524%)
entry 4769000/5195505 (91.7909%)
entry 4770000/5195505 (91.8101%)
entry 4771000/5195505 (91.8294%)
entry 4772000/5195505 (91.8486%)
entry 4775000/5195505 (91.9064%)
entry 4777000/5195505 (91.9449%)
entry 4779000/5195505 (91.9834%)
entry 4780000/5195505 (92.0026%)
entry 4782000/5195505 (92.0411%)
entry 4784000/5195505 (92.0796%)
entry 4785000/5195505 (92.0988%)
entry 4788000/5195505 (92.1566%)
entry 4789000/5195505 (92.1758%)
entry 4790000/5195505 (92.1951%)
entry 4791000/5195505 (92.2143%)
entry 4793000/5195505 (92.2528%)
entry 4795000/5195505 (92.2913%)
entry 4796000/5195505 (92.3106%)
entry 4797000/5195505 (92.3298%)
entry 4800000/5195505 (92.3876%)
entry 4802000/5195505 (92.426%)
entry 4803000/5195505 (92.4453%)
entry 4804000/5195505 (92.4645%)
entry 4806000/5195505 (92.503%)
entry 4807000/5195505 (92.5223%)
entry 4808000/5195505 (92.5415%)
entry 4809000/5195505 (92.5608%)
entry 4811000/5195505 (92.5993%)
entry 4812000/5195505 (92.6185%)
entry 4814000/5195505 (92.657%)
entry 4815000/5195505 (92.6763%)
entry 4816000/5195505 (92.6955%)
entry 4817000/5195505 (92.7148%)
entry 4821000/5195505 (92.7917%)
entry 4823000/5195505 (92.8302%)
entry 4824000/5195505 (92.8495%)
entry 4825000/5195505 (92.8687%)
entry 4826000/5195505 (92.888%)
entry 4827000/5195505 (92.9072%)
entry 4828000/5195505 (92.9265%)
entry 4830000/5195505 (92.965%)
entry 4831000/5195505 (92.9842%)
entry 4832000/5195505 (93.0035%)
entry 4834000/5195505 (93.042%)
entry 4835000/5195505 (93.0612%)
entry 4836000/5195505 (93.0805%)
entry 4838000/5195505 (93.119%)
entry 4839000/5195505 (93.1382%)
entry 4840000/5195505 (93.1575%)
entry 4841000/5195505 (93.1767%)
entry 4842000/5195505 (93.1959%)
entry 4843000/5195505 (93.2152%)
entry 4844000/5195505 (93.2344%)
entry 4846000/5195505 (93.2729%)
entry 4848000/5195505 (93.3114%)
entry 4849000/5195505 (93.3307%)
entry 4851000/5195505 (93.3692%)
entry 4853000/5195505 (93.4077%)
entry 4854000/5195505 (93.4269%)
entry 4855000/5195505 (93.4462%)
entry 4856000/5195505 (93.4654%)
entry 4857000/5195505 (93.4847%)
entry 4858000/5195505 (93.5039%)
entry 4860000/5195505 (93.5424%)
entry 4863000/5195505 (93.6001%)
entry 4864000/5195505 (93.6194%)
entry 4865000/5195505 (93.6386%)
entry 4866000/5195505 (93.6579%)
entry 4868000/5195505 (93.6964%)
entry 4871000/5195505 (93.7541%)
entry 4872000/5195505 (93.7734%)
entry 4874000/5195505 (93.8119%)
entry 4875000/5195505 (93.8311%)
entry 4876000/5195505 (93.8504%)
entry 4877000/5195505 (93.8696%)
entry 4878000/5195505 (93.8888%)
entry 4880000/5195505 (93.9273%)
entry 4881000/5195505 (93.9466%)
entry 4882000/5195505 (93.9658%)
entry 4886000/5195505 (94.0428%)
entry 4887000/5195505 (94.0621%)
entry 4889000/5195505 (94.1006%)
entry 4890000/5195505 (94.1198%)
entry 4891000/5195505 (94.1391%)
entry 4892000/5195505 (94.1583%)
entry 4893000/5195505 (94.1776%)
entry 4894000/5195505 (94.1968%)
entry 4895000/5195505 (94.2161%)
entry 4896000/5195505 (94.2353%)
entry 4897000/5195505 (94.2546%)
entry 4898000/5195505 (94.2738%)
entry 4899000/5195505 (94.293%)
entry 4901000/5195505 (94.3315%)
entry 4902000/5195505 (94.3508%)
entry 4905000/5195505 (94.4085%)
entry 4906000/5195505 (94.4278%)
entry 4908000/5195505 (94.4663%)
entry 4909000/5195505 (94.4855%)
entry 4910000/5195505 (94.5048%)
entry 4911000/5195505 (94.524%)
entry 4912000/5195505 (94.5433%)
entry 4913000/5195505 (94.5625%)
entry 4914000/5195505 (94.5818%)
entry 4915000/5195505 (94.601%)
entry 4917000/5195505 (94.6395%)
entry 4918000/5195505 (94.6588%)
entry 4919000/5195505 (94.678%)
entry 4921000/5195505 (94.7165%)
entry 4922000/5195505 (94.7357%)
entry 4923000/5195505 (94.755%)
entry 4924000/5195505 (94.7742%)
entry 4925000/5195505 (94.7935%)
entry 4926000/5195505 (94.8127%)
entry 4927000/5195505 (94.832%)
entry 4930000/5195505 (94.8897%)
entry 4931000/5195505 (94.909%)
entry 4932000/5195505 (94.9282%)
entry 4933000/5195505 (94.9475%)
entry 4936000/5195505 (95.0052%)
entry 4937000/5195505 (95.0244%)
entry 4938000/5195505 (95.0437%)
entry 4939000/5195505 (95.0629%)
entry 4940000/5195505 (95.0822%)
entry 4942000/5195505 (95.1207%)
entry 4943000/5195505 (95.1399%)
entry 4945000/5195505 (95.1784%)
entry 4946000/5195505 (95.1977%)
entry 4948000/5195505 (95.2362%)
entry 4949000/5195505 (95.2554%)
entry 4951000/5195505 (95.2939%)
entry 4952000/5195505 (95.3132%)
entry 4953000/5195505 (95.3324%)
entry 4954000/5195505 (95.3517%)
entry 4958000/5195505 (95.4286%)
entry 4959000/5195505 (95.4479%)
entry 4961000/5195505 (95.4864%)
entry 4963000/5195505 (95.5249%)
entry 4964000/5195505 (95.5441%)
entry 4965000/5195505 (95.5634%)
entry 4966000/5195505 (95.5826%)
entry 4967000/5195505 (95.6019%)
entry 4969000/5195505 (95.6404%)
entry 4970000/5195505 (95.6596%)
entry 4971000/5195505 (95.6789%)
entry 4972000/5195505 (95.6981%)
entry 4977000/5195505 (95.7943%)
entry 4978000/5195505 (95.8136%)
entry 4979000/5195505 (95.8328%)
entry 4980000/5195505 (95.8521%)
entry 4982000/5195505 (95.8906%)
entry 4983000/5195505 (95.9098%)
entry 4984000/5195505 (95.9291%)
entry 4985000/5195505 (95.9483%)
entry 4986000/5195505 (95.9676%)
entry 4987000/5195505 (95.9868%)
entry 4988000/5195505 (96.0061%)
entry 4990000/5195505 (96.0446%)
entry 4991000/5195505 (96.0638%)
entry 4992000/5195505 (96.0831%)
entry 4993000/5195505 (96.1023%)
entry 4995000/5195505 (96.1408%)
entry 4996000/5195505 (96.16%)
entry 4997000/5195505 (96.1793%)
entry 4998000/5195505 (96.1985%)
entry 4999000/5195505 (96.2178%)
entry 5000000/5195505 (96.237%)
entry 5001000/5195505 (96.2563%)
entry 5002000/5195505 (96.2755%)
entry 5004000/5195505 (96.314%)
entry 5006000/5195505 (96.3525%)
entry 5007000/5195505 (96.3718%)
entry 5009000/5195505 (96.4103%)
entry 5010000/5195505 (96.4295%)
entry 5011000/5195505 (96.4488%)
entry 5012000/5195505 (96.468%)
entry 5013000/5195505 (96.4873%)
entry 5014000/5195505 (96.5065%)
entry 5015000/5195505 (96.5257%)
entry 5016000/5195505 (96.545%)
entry 5017000/5195505 (96.5642%)
entry 5018000/5195505 (96.5835%)
entry 5020000/5195505 (96.622%)
entry 5021000/5195505 (96.6412%)
entry 5022000/5195505 (96.6605%)
entry 5023000/5195505 (96.6797%)
entry 5024000/5195505 (96.699%)
entry 5025000/5195505 (96.7182%)
entry 5027000/5195505 (96.7567%)
entry 5029000/5195505 (96.7952%)
entry 5031000/5195505 (96.8337%)
entry 5032000/5195505 (96.853%)
entry 5033000/5195505 (96.8722%)
entry 5034000/5195505 (96.8914%)
entry 5035000/5195505 (96.9107%)
entry 5036000/5195505 (96.9299%)
entry 5038000/5195505 (96.9684%)
entry 5040000/5195505 (97.0069%)
entry 5041000/5195505 (97.0262%)
entry 5044000/5195505 (97.0839%)
entry 5045000/5195505 (97.1032%)
entry 5046000/5195505 (97.1224%)
entry 5047000/5195505 (97.1417%)
entry 5048000/5195505 (97.1609%)
entry 5049000/5195505 (97.1802%)
entry 5050000/5195505 (97.1994%)
entry 5051000/5195505 (97.2187%)
entry 5052000/5195505 (97.2379%)
entry 5053000/5195505 (97.2571%)
entry 5054000/5195505 (97.2764%)
entry 5055000/5195505 (97.2956%)
entry 5060000/5195505 (97.3919%)
entry 5063000/5195505 (97.4496%)
entry 5066000/5195505 (97.5074%)
entry 5067000/5195505 (97.5266%)
entry 5068000/5195505 (97.5459%)
entry 5070000/5195505 (97.5844%)
entry 5071000/5195505 (97.6036%)
entry 5072000/5195505 (97.6228%)
entry 5074000/5195505 (97.6613%)
entry 5075000/5195505 (97.6806%)
entry 5076000/5195505 (97.6998%)
entry 5080000/5195505 (97.7768%)
entry 5082000/5195505 (97.8153%)
entry 5083000/5195505 (97.8346%)
entry 5084000/5195505 (97.8538%)
entry 5085000/5195505 (97.8731%)
entry 5088000/5195505 (97.9308%)
entry 5089000/5195505 (97.9501%)
entry 5090000/5195505 (97.9693%)
entry 5091000/5195505 (97.9886%)
entry 5092000/5195505 (98.0078%)
entry 5096000/5195505 (98.0848%)
entry 5097000/5195505 (98.104%)
entry 5099000/5195505 (98.1425%)
entry 5101000/5195505 (98.181%)
entry 5102000/5195505 (98.2003%)
entry 5103000/5195505 (98.2195%)
entry 5105000/5195505 (98.258%)
entry 5106000/5195505 (98.2773%)
entry 5107000/5195505 (98.2965%)
entry 5108000/5195505 (98.3158%)
entry 5109000/5195505 (98.335%)
entry 5110000/5195505 (98.3543%)
entry 5112000/5195505 (98.3927%)
entry 5114000/5195505 (98.4312%)
entry 5117000/5195505 (98.489%)
entry 5118000/5195505 (98.5082%)
entry 5119000/5195505 (98.5275%)
entry 5120000/5195505 (98.5467%)
entry 5121000/5195505 (98.566%)
entry 5122000/5195505 (98.5852%)
entry 5123000/5195505 (98.6045%)
entry 5124000/5195505 (98.6237%)
entry 5125000/5195505 (98.643%)
entry 5126000/5195505 (98.6622%)
entry 5130000/5195505 (98.7392%)
entry 5133000/5195505 (98.7969%)
entry 5134000/5195505 (98.8162%)
entry 5135000/5195505 (98.8354%)
entry 5137000/5195505 (98.8739%)
entry 5139000/5195505 (98.9124%)
entry 5140000/5195505 (98.9317%)
entry 5141000/5195505 (98.9509%)
entry 5147000/5195505 (99.0664%)
entry 5149000/5195505 (99.1049%)
entry 5151000/5195505 (99.1434%)
entry 5153000/5195505 (99.1819%)
entry 5154000/5195505 (99.2011%)
entry 5156000/5195505 (99.2396%)
entry 5157000/5195505 (99.2589%)
entry 5159000/5195505 (99.2974%)
entry 5160000/5195505 (99.3166%)
entry 5161000/5195505 (99.3359%)
entry 5163000/5195505 (99.3744%)
entry 5167000/5195505 (99.4514%)
entry 5169000/5195505 (99.4898%)
entry 5170000/5195505 (99.5091%)
entry 5171000/5195505 (99.5283%)
entry 5172000/5195505 (99.5476%)
entry 5174000/5195505 (99.5861%)
entry 5175000/5195505 (99.6053%)
entry 5176000/5195505 (99.6246%)
entry 5177000/5195505 (99.6438%)
entry 5178000/5195505 (99.6631%)
entry 5180000/5195505 (99.7016%)
entry 5181000/5195505 (99.7208%)
entry 5182000/5195505 (99.7401%)
entry 5183000/5195505 (99.7593%)
entry 5184000/5195505 (99.7786%)
entry 5190000/5195505 (99.894%)
entry 5191000/5195505 (99.9133%)
entry 5192000/5195505 (99.9325%)
entry 5194000/5195505 (99.971%)
all done
script done
