sphnx1023.sdcc.bnl.gov
rsyncing from /gpfs/mnt/gpfs02/sphenix/user/samfred/run25/ppg11/histmaking
running: /gpfs/mnt/gpfs02/sphenix/user/samfred/run25/ppg11/histmaking/script_data.sh 52881
LD_LIBRARY_PATH now /sphenix/user/samfred/run25/install//lib:/cvmfs/sphenix.sdcc.bnl.gov/alma9.2-gcc-14.2.0/opt/sphenix/core/gcc/14.2.0-2f0a0/x86_64-el9/lib:/cvmfs/sphenix.sdcc.bnl.gov/alma9.2-gcc-14.2.0/opt/sphenix/core/gcc/14.2.0-2f0a0/x86_64-el9/lib64:/cvmfs/sphenix.sdcc.bnl.gov/alma9.2-gcc-14.2.0/opt/sphenix/core/binutils/2.40-acaab/x86_64-el9/lib:.:/cvmfs/sphenix.sdcc.bnl.gov/alma9.2-gcc-14.2.0/release/release_new/new.10/lib64:/cvmfs/sphenix.sdcc.bnl.gov/alma9.2-gcc-14.2.0/release/release_new/new.10/lib:/cvmfs/sphenix.sdcc.bnl.gov/alma9.2-gcc-14.2.0/opt/sphenix/utils/lib:/cvmfs/sphenix.sdcc.bnl.gov/alma9.2-gcc-14.2.0/opt/sphenix/core/lib:/cvmfs/sphenix.sdcc.bnl.gov/alma9.2-gcc-14.2.0/opt/sphenix/core/root-6.32.06/lib:/cvmfs/sphenix.sdcc.bnl.gov/alma9.2-gcc-14.2.0/opt/sphenix/core/geant4.10.07.p04/lib64:/cvmfs/sphenix.sdcc.bnl.gov/alma9.2-gcc-14.2.0/opt/sphenix/core/lhapdf-5.9.1/lib:/usr/local/lib64:/usr/lib64
PATH now /sphenix/user/samfred/run25/install//bin:/cvmfs/sphenix.sdcc.bnl.gov/alma9.2-gcc-14.2.0/opt/sphenix/core/gcc/14.2.0-2f0a0/x86_64-el9/bin:/cvmfs/sphenix.sdcc.bnl.gov/alma9.2-gcc-14.2.0/opt/sphenix/core/binutils/2.40-acaab/x86_64-el9/bin:.:/cvmfs/sphenix.sdcc.bnl.gov/alma9.2-gcc-14.2.0/release/release_new/new.10/bin:/cvmfs/sphenix.sdcc.bnl.gov/alma9.2-gcc-14.2.0/opt/sphenix/utils/bin:/cvmfs/sphenix.sdcc.bnl.gov/alma9.2-gcc-14.2.0/opt/sphenix/core/bin:/cvmfs/sphenix.sdcc.bnl.gov/alma9.2-gcc-14.2.0/opt/sphenix/core/root-6.32.06/bin:/cvmfs/sphenix.sdcc.bnl.gov/alma9.2-gcc-14.2.0/opt/sphenix/core/geant4.10.07.p04/bin:/usr/local/bin:/usr/bin:/usr/local/sbin:/usr/sbin
SINGULARITY_CACHEDIR=/home/condor/local/sphnx/execute/dir_3385480
_CONDOR_CHIRP_CONFIG=/home/condor/local/sphnx/execute/dir_3385480/.chirp.config
_CONDOR_JOB_IWD=/sphenix/user/samfred/run25/ppg11/histmaking
G4ENSDFSTATEDATA=/cvmfs/sphenix.sdcc.bnl.gov/alma9.2-gcc-14.2.0/opt/sphenix/core/geant4.10.07.p04/share/Geant4-10.7.4/data/G4ENSDFSTATE2.3
_CONDOR_MACHINE_AD=/home/condor/local/sphnx/execute/dir_3385480/.machine.ad
ROOT_MAX_THREADS=1
NUMEXPR_NUM_THREADS=1
CUBACORES=1
_CHIRP_DELAYED_UPDATE_PREFIX=Chirp*
_CONDOR_ANCESTOR_3385480=3389089:1759352743:3941235922
OMP_THREAD_LIMIT=1
G4PIIDATA=/cvmfs/sphenix.sdcc.bnl.gov/alma9.2-gcc-14.2.0/opt/sphenix/core/geant4.10.07.p04/share/Geant4-10.7.4/data/G4PII1.3
NO_AT_BRIDGE=1
G4_MAIN=/cvmfs/sphenix.sdcc.bnl.gov/alma9.2-gcc-14.2.0/opt/sphenix/core/geant4.10.07.p04
COMPILER_PATH=/cvmfs/sphenix.sdcc.bnl.gov/alma9.2-gcc-14.2.0/opt/sphenix/core/gcc/14.2.0-2f0a0/x86_64-el9
ROOT_INCLUDE_PATH=./:/sphenix/user/samfred/run25/install//include:/sphenix/user/samfred/run25/install//include/caloana:/sphenix/user/samfred/run25/install//include/qa_centrality:/sphenix/user/samfred/run25/install//include/mbdana:/sphenix/user/samfred/run25/install//include/centrality:/sphenix/user/samfred/run25/install//include/Event:/cvmfs/sphenix.sdcc.bnl.gov/alma9.2-gcc-14.2.0/release/release_new/new.10/include:/cvmfs/sphenix.sdcc.bnl.gov/alma9.2-gcc-14.2.0/release/release_new/new.10/include:/cvmfs/sphenix.sdcc.bnl.gov/alma9.2-gcc-14.2.0/release/release_new/new.10/include/g4mbd:/cvmfs/sphenix.sdcc.bnl.gov/alma9.2-gcc-14.2.0/release/release_new/new.10/include/fmt:/cvmfs/sphenix.sdcc.bnl.gov/alma9.2-gcc-14.2.0/release/release_new/new.10/include/ffarawobjects:/cvmfs/sphenix.sdcc.bnl.gov/alma9.2-gcc-14.2.0/release/release_new/new.10/include/JSON:/cvmfs/sphenix.sdcc.bnl.gov/alma9.2-gcc-14.2.0/release/release_new/new.10/include/calotreegen:/cvmfs/sphenix.sdcc.bnl.gov/alma9.2-gcc-14.2.0/release/release_new/new.10/include/torch:/cvmfs/sphenix.sdcc.bnl.gov/alma9.2-gcc-14.2.0/release/release_new/new.10/include/g4detectors:/cvmfs/sphenix.sdcc.bnl.gov/alma9.2-gcc-14.2.0/release/release_new/new.10/include/kineto:/cvmfs/sphenix.sdcc.bnl.gov/alma9.2-gcc-14.2.0/release/release_new/new.10/include/g4decayer:/cvmfs/sphenix.sdcc.bnl.gov/alma9.2-gcc-14.2.0/release/release_new/new.10/include/kfparticleqa:/cvmfs/sphenix.sdcc.bnl.gov/alma9.2-gcc-14.2.0/release/release_new/new.10/include/phfield:/cvmfs/sphenix.sdcc.bnl.gov/alma9.2-gcc-14.2.0/release/release_new/new.10/include/LHAPDF:/cvmfs/sphenix.sdcc.bnl.gov/alma9.2-gcc-14.2.0/release/release_new/new.10/include/readdigitalcurrents:/cvmfs/sphenix.sdcc.bnl.gov/alma9.2-gcc-14.2.0/release/release_new/new.10/include/c10:/cvmfs/sphenix.sdcc.bnl.gov/alma9.2-gcc-14.2.0/release/release_new/new.10/include/calovalid:/cvmfs/sphenix.sdcc.bnl.gov/alma9.2-gcc-14.2.0/release/release_new/new.10/include/oneapi:/cvmfs/sphenix.sdcc.bnl.gov/alma9.2-gcc-14.2.0/release/release_new/new.10/include/DDCond:/cvmfs/sphenix.sdcc.bnl.gov/alma9.2-gcc-14.2.0/release/release_new/new.10/include/g4tracking:/cvmfs/sphenix.sdcc.bnl.gov/alma9.2-gcc-14.2.0/release/release_new/new.10/include/litecaloeval:/cvmfs/sphenix.sdcc.bnl.gov/alma9.2-gcc-14.2.0/release/release_new/new.10/include/g4intt:/cvmfs/sphenix.sdcc.bnl.gov/alma9.2-gcc-14.2.0/release/release_new/new.10/include/phool:/cvmfs/sphenix.sdcc.bnl.gov/alma9.2-gcc-14.2.0/release/release_new/new.10/include/boost:/cvmfs/sphenix.sdcc.bnl.gov/alma9.2-gcc-14.2.0/release/release_new/new.10/include/Pythia8Plugins:/cvmfs/sphenix.sdcc.bnl.gov/alma9.2-gcc-14.2.0/release/release_new/new.10/include/calib_emc_pi0:/cvmfs/sphenix.sdcc.bnl.gov/alma9.2-gcc-14.2.0/release/release_new/new.10/include/hijingflipafterburner:/cvmfs/sphenix.sdcc.bnl.gov/alma9.2-gcc-14.2.0/release/release_new/new.10/include/ffaobjects:/cvmfs/sphenix.sdcc.bnl.gov/alma9.2-gcc-14.2.0/release/release_new/new.10/include/EvtGenBase:/cvmfs/sphenix.sdcc.bnl.gov/alma9.2-gcc-14.2.0/release/release_new/new.10/include/flowafterburner:/cvmfs/sphenix.sdcc.bnl.gov/alma9.2-gcc-14.2.0/release/release_new/new.10/include/google:/cvmfs/sphenix.sdcc.bnl.gov/alma9.2-gcc-14.2.0/release/release_new/new.10/include/g4tpc:/cvmfs/sphenix.sdcc.bnl.gov/alma9.2-gcc-14.2.0/release/release_new/new.10/include/caffe2:/cvmfs/sphenix.sdcc.bnl.gov/alma9.2-gcc-14.2.0/release/release_new/new.10/include/EvtGenExternal:/cvmfs/sphenix.sdcc.bnl.gov/alma9.2-gcc-14.2.0/release/release_new/new.10/include/fp16:/cvmfs/sphenix.sdcc.bnl.gov/alma9.2-gcc-14.2.0/release/release_new/new.10/include/ffamodules:/cvmfs/sphenix.sdcc.bnl.gov/alma9.2-gcc-14.2.0/release/release_new/new.10/include/uspin:/cvmfs/sphenix.sdcc.bnl.gov/alma9.2-gcc-14.2.0/release/release_new/new.10/include/Herwig:/cvmfs/sphenix.sdcc.bnl.gov/alma9.2-gcc-14.2.0/release/release_new/new.10/include/genfitexp:/cvmfs/sphenix.sdcc.bnl.gov/alma9.2-gcc-14.2.0/release/release_new/new.10/include/XML:/cvmfs/sphenix.sdcc.bnl.gov/alma9.2-gcc-14.2.0/release/release_new/new.10/include/fbgemm:/cvmfs/sphenix.sdcc.bnl.gov/alma9.2-gcc-14.2.0/release/release_new/new.10/include/DDAlign:/cvmfs/sphenix.sdcc.bnl.gov/alma9.2-gcc-14.2.0/release/release_new/new.10/include/g4mvtx:/cvmfs/sphenix.sdcc.bnl.gov/alma9.2-gcc-14.2.0/release/release_new/new.10/include/kfparticle_sphenix:/cvmfs/sphenix.sdcc.bnl.gov/alma9.2-gcc-14.2.0/release/release_new/new.10/include/fun4all:/cvmfs/sphenix.sdcc.bnl.gov/alma9.2-gcc-14.2.0/release/release_new/new.10/include/intt:/cvmfs/sphenix.sdcc.bnl.gov/alma9.2-gcc-14.2.0/release/release_new/new.10/include/eventdisplay:/cvmfs/sphenix.sdcc.bnl.gov/alma9.2-gcc-14.2.0/release/release_new/new.10/include/EvtGen:/cvmfs/sphenix.sdcc.bnl.gov/alma9.2-gcc-14.2.0/release/release_new/new.10/include/Evaluator:/cvmfs/sphenix.sdcc.bnl.gov/alma9.2-gcc-14.2.0/release/release_new/new.10/include/tpc:/cvmfs/sphenix.sdcc.bnl.gov/alma9.2-gcc-14.2.0/release/release_new/new.10/include/GenFit:/cvmfs/sphenix.sdcc.bnl.gov/alma9.2-gcc-14.2.0/release/release_new/new.10/include/prototype4:/cvmfs/sphenix.sdcc.bnl.gov/alma9.2-gcc-14.2.0/release/release_new/new.10/include/caloembedding:/cvmfs/sphenix.sdcc.bnl.gov/alma9.2-gcc-14.2.0/release/release_new/new.10/include/EvtGenModels:/cvmfs/sphenix.sdcc.bnl.gov/alma9.2-gcc-14.2.0/release/release_new/new.10/include/fastjet:/cvmfs/sphenix.sdcc.bnl.gov/alma9.2-gcc-14.2.0/release/release_new/new.10/include/DDG4:/cvmfs/sphenix.sdcc.bnl.gov/alma9.2-gcc-14.2.0/release/release_new/new.10/include/mbd:/cvmfs/sphenix.sdcc.bnl.gov/alma9.2-gcc-14.2.0/release/release_new/new.10/include/tbb:/cvmfs/sphenix.sdcc.bnl.gov/alma9.2-gcc-14.2.0/release/release_new/new.10/include/phgeom:/cvmfs/sphenix.sdcc.bnl.gov/alma9.2-gcc-14.2.0/release/release_new/new.10/include/g4epd:/cvmfs/sphenix.sdcc.bnl.gov/alma9.2-gcc-14.2.0/release/release_new/new.10/include/oncal:/cvmfs/sphenix.sdcc.bnl.gov/alma9.2-gcc-14.2.0/release/release_new/new.10/include/pybind11:/cvmfs/sphenix.sdcc.bnl.gov/alma9.2-gcc-14.2.0/release/release_new/new.10/include/tpcdistgenerator:/cvmfs/sphenix.sdcc.bnl.gov/alma9.2-gcc-14.2.0/release/release_new/new.10/include/cdbobjects:/cvmfs/sphenix.sdcc.bnl.gov/alma9.2-gcc-14.2.0/release/release_new/new.10/include/g4micromegas:/cvmfs/sphenix.sdcc.bnl.gov/alma9.2-gcc-14.2.0/release/release_new/new.10/include/g4eval:/cvmfs/sphenix.sdcc.bnl.gov/alma9.2-gcc-14.2.0/release/release_new/new.10/include/jetbackground:/cvmfs/sphenix.sdcc.bnl.gov/alma9.2-gcc-14.2.0/release/release_new/new.10/include/micromegas:/cvmfs/sphenix.sdcc.bnl.gov/alma9.2-gcc-14.2.0/release/release_new/new.10/include/hftrackefficiency:/cvmfs/sphenix.sdcc.bnl.gov/alma9.2-gcc-14.2.0/release/release_new/new.10/include/inttrawhitqa:/cvmfs/sphenix.sdcc.bnl.gov/alma9.2-gcc-14.2.0/release/release_new/new.10/include/centrality:/cvmfs/sphenix.sdcc.bnl.gov/alma9.2-gcc-14.2.0/release/release_new/new.10/include/epd:/cvmfs/sphenix.sdcc.bnl.gov/alma9.2-gcc-14.2.0/release/release_new/new.10/include/caloreco:/cvmfs/sphenix.sdcc.bnl.gov/alma9.2-gcc-14.2.0/release/release_new/new.10/include/HepMC:/cvmfs/sphenix.sdcc.bnl.gov/alma9.2-gcc-14.2.0/release/release_new/new.10/include/CLHEP:/cvmfs/sphenix.sdcc.bnl.gov/alma9.2-gcc-14.2.0/release/release_new/new.10/include/Acts:/cvmfs/sphenix.sdcc.bnl.gov/alma9.2-gcc-14.2.0/release/release_new/new.10/include/g4histos:/cvmfs/sphenix.sdcc.bnl.gov/alma9.2-gcc-14.2.0/release/release_new/new.10/include/eventplaneinfo:/cvmfs/sphenix.sdcc.bnl.gov/alma9.2-gcc-14.2.0/release/release_new/new.10/include/fillspacechargemaps:/cvmfs/sphenix.sdcc.bnl.gov/alma9.2-gcc-14.2.0/release/release_new/new.10/include/phhepmc:/cvmfs/sphenix.sdcc.bnl.gov/alma9.2-gcc-14.2.0/release/release_new/new.10/include/trackingqa:/cvmfs/sphenix.sdcc.bnl.gov/alma9.2-gcc-14.2.0/release/release_new/new.10/include/qautils:/cvmfs/sphenix.sdcc.bnl.gov/alma9.2-gcc-14.2.0/release/release_new/new.10/include/trackreco:/cvmfs/sphenix.sdcc.bnl.gov/alma9.2-gcc-14.2.0/release/release_new/new.10/include/g4ohcal:/cvmfs/sphenix.sdcc.bnl.gov/alma9.2-gcc-14.2.0/release/release_new/new.10/include/tpcdvcalib:/cvmfs/sphenix.sdcc.bnl.gov/alma9.2-gcc-14.2.0/release/release_new/new.10/include/zdcinfo:/cvmfs/sphenix.sdcc.bnl.gov/alma9.2-gcc-14.2.0/release/release_new/new.10/include/phpythia8:/cvmfs/sphenix.sdcc.bnl.gov/alma9.2-gcc-14.2.0/release/release_new/new.10/include/fun4allutils:/cvmfs/sphenix.sdcc.bnl.gov/alma9.2-gcc-14.2.0/release/release_new/new.10/include/tpcqa:/cvmfs/sphenix.sdcc.bnl.gov/alma9.2-gcc-14.2.0/release/release_new/new.10/include/Pythia8:/cvmfs/sphenix.sdcc.bnl.gov/alma9.2-gcc-14.2.0/release/release_new/new.10/include/DDRec:/cvmfs/sphenix.sdcc.bnl.gov/alma9.2-gcc-14.2.0/release/release_new/new.10/include/DDDigi:/cvmfs/sphenix.sdcc.bnl.gov/alma9.2-gcc-14.2.0/release/release_new/new.10/include/g4ihcal:/cvmfs/sphenix.sdcc.bnl.gov/alma9.2-gcc-14.2.0/release/release_new/new.10/include/frog:/cvmfs/sphenix.sdcc.bnl.gov/alma9.2-gcc-14.2.0/release/release_new/new.10/include/eigen3:/cvmfs/sphenix.sdcc.bnl.gov/alma9.2-gcc-14.2.0/release/release_new/new.10/include/tensorpipe:/cvmfs/sphenix.sdcc.bnl.gov/alma9.2-gcc-14.2.0/release/release_new/new.10/include/sphenixnpc:/cvmfs/sphenix.sdcc.bnl.gov/alma9.2-gcc-14.2.0/release/release_new/new.10/include/siscone:/cvmfs/sphenix.sdcc.bnl.gov/alma9.2-gcc-14.2.0/release/release_new/new.10/include/pmonitor:/cvmfs/sphenix.sdcc.bnl.gov/alma9.2-gcc-14.2.0/release/release_new/new.10/include/calobase:/cvmfs/sphenix.sdcc.bnl.gov/alma9.2-gcc-14.2.0/release/release_new/new.10/include/ActsExamples:/cvmfs/sphenix.sdcc.bnl.gov/alma9.2-gcc-14.2.0/release/release_new/new.10/include/g4gdml:/cvmfs/sphenix.sdcc.bnl.gov/alma9.2-gcc-14.2.0/release/release_new/new.10/include/mvtx_decoder:/cvmfs/sphenix.sdcc.bnl.gov/alma9.2-gcc-14.2.0/release/release_new/new.10/include/ROOT:/cvmfs/sphenix.sdcc.bnl.gov/alma9.2-gcc-14.2.0/release/release_new/new.10/include/phparameter:/cvmfs/sphenix.sdcc.bnl.gov/alma9.2-gcc-14.2.0/release/release_new/new.10/include/rsa:/cvmfs/sphenix.sdcc.bnl.gov/alma9.2-gcc-14.2.0/release/release_new/new.10/include/fun4allraw:/cvmfs/sphenix.sdcc.bnl.gov/alma9.2-gcc-14.2.0/release/release_new/new.10/include/trackbase_historic:/cvmfs/sphenix.sdcc.bnl.gov/alma9.2-gcc-14.2.0/release/release_new/new.10/include/g4jets:/cvmfs/sphenix.sdcc.bnl.gov/alma9.2-gcc-14.2.0/release/release_new/new.10/include/jetqa:/cvmfs/sphenix.sdcc.bnl.gov/alma9.2-gcc-14.2.0/release/release_new/new.10/include/phoolraw:/cvmfs/sphenix.sdcc.bnl.gov/alma9.2-gcc-14.2.0/release/release_new/new.10/include/g4calo:/cvmfs/sphenix.sdcc.bnl.gov/alma9.2-gcc-14.2.0/release/release_new/new.10/include/mvtxrawhitqa:/cvmfs/sphenix.sdcc.bnl.gov/alma9.2-gcc-14.2.0/release/release_new/new.10/include/HepMC3:/cvmfs/sphenix.sdcc.bnl.gov/alma9.2-gcc-14.2.0/release/release_new/new.10/include/calowaveformsim:/cvmfs/sphenix.sdcc.bnl.gov/alma9.2-gcc-14.2.0/release/release_new/new.10/include/g4caloprototype:/cvmfs/sphenix.sdcc.bnl.gov/alma9.2-gcc-14.2.0/release/release_new/new.10/include/pdbcalbase:/cvmfs/sphenix.sdcc.bnl.gov/alma9.2-gcc-14.2.0/release/release_new/new.10/include/gsl:/cvmfs/sphenix.sdcc.bnl.gov/alma9.2-gcc-14.2.0/release/release_new/new.10/include/nodedump:/cvmfs/sphenix.sdcc.bnl.gov/alma9.2-gcc-14.2.0/release/release_new/new.10/include/emcnoisytowerfinder:/cvmfs/sphenix.sdcc.bnl.gov/alma9.2-gcc-14.2.0/release/release_new/new.10/include/ActsFatras:/cvmfs/sphenix.sdcc.bnl.gov/alma9.2-gcc-14.2.0/release/release_new/new.10/include/ffarawmodules:/cvmfs/sphenix.sdcc.bnl.gov/alma9.2-gcc-14.2.0/release/release_new/new.10/include/Event:/cvmfs/sphenix.sdcc.bnl.gov/alma9.2-gcc-14.2.0/release/release_new/new.10/include/prototype3:/cvmfs/sphenix.sdcc.bnl.gov/alma9.2-gcc-14.2.0/release/release_new/new.10/include/fermimotionafterburner:/cvmfs/sphenix.sdcc.bnl.gov/alma9.2-gcc-14.2.0/release/release_new/new.10/include/Photos:/cvmfs/sphenix.sdcc.bnl.gov/alma9.2-gcc-14.2.0/release/release_new/new.10/include/xingshiftcal:/cvmfs/sphenix.sdcc.bnl.gov/alma9.2-gcc-14.2.0/release/release_new/new.10/include/trackbase:/cvmfs/sphenix.sdcc.bnl.gov/alma9.2-gcc-14.2.0/release/release_new/new.10/include/jetdstskimmer:/cvmfs/sphenix.sdcc.bnl.gov/alma9.2-gcc-14.2.0/release/release_new/new.10/include/clusteriso:/cvmfs/sphenix.sdcc.bnl.gov/alma9.2-gcc-14.2.0/release/release_new/new.10/include/asmjit:/cvmfs/sphenix.sdcc.bnl.gov/alma9.2-gcc-14.2.0/release/release_new/new.10/include/particleflowreco:/cvmfs/sphenix.sdcc.bnl.gov/alma9.2-gcc-14.2.0/release/release_new/new.10/include/tpchittrackdisplay:/cvmfs/sphenix.sdcc.bnl.gov/alma9.2-gcc-14.2.0/release/release_new/new.10/include/caloana:/cvmfs/sphenix.sdcc.bnl.gov/alma9.2-gcc-14.2.0/release/release_new/new.10/include/calotrigger:/cvmfs/sphenix.sdcc.bnl.gov/alma9.2-gcc-14.2.0/release/release_new/new.10/include/nopayloadclient:/cvmfs/sphenix.sdcc.bnl.gov/alma9.2-gcc-14.2.0/release/release_new/new.10/include/trackermillepedealignment:/cvmfs/sphenix.sdcc.bnl.gov/alma9.2-gcc-14.2.0/release/release_new/new.10/include/DD4hep:/cvmfs/sphenix.sdcc.bnl.gov/alma9.2-gcc-14.2.0/release/release_new/new.10/include/g4trackfastsim:/cvmfs/sphenix.sdcc.bnl.gov/alma9.2-gcc-14.2.0/release/release_new/new.10/include/prototype2:/cvmfs/sphenix.sdcc.bnl.gov/alma9.2-gcc-14.2.0/release/release_new/new.10/include/ATen:/cvmfs/sphenix.sdcc.bnl.gov/alma9.2-gcc-14.2.0/release/release_new/new.10/include/g4main:/cvmfs/sphenix.sdcc.bnl.gov/alma9.2-gcc-14.2.0/release/release_new/new.10/include/Tauola:/cvmfs/sphenix.sdcc.bnl.gov/alma9.2-gcc-14.2.0/release/release_new/new.10/include/inttcalib:/cvmfs/sphenix.sdcc.bnl.gov/alma9.2-gcc-14.2.0/release/release_new/new.10/include/reactionplaneafterburner:/cvmfs/sphenix.sdcc.bnl.gov/alma9.2-gcc-14.2.0/release/release_new/new.10/include/globalqa:/cvmfs/sphenix.sdcc.bnl.gov/alma9.2-gcc-14.2.0/release/release_new/new.10/include/tpccalib:/cvmfs/sphenix.sdcc.bnl.gov/alma9.2-gcc-14.2.0/release/release_new/new.10/include/DDSegmentation:/cvmfs/sphenix.sdcc.bnl.gov/alma9.2-gcc-14.2.0/release/release_new/new.10/include/decayfinder:/cvmfs/sphenix.sdcc.bnl.gov/alma9.2-gcc-14.2.0/release/release_new/new.10/include/compressclus:/cvmfs/sphenix.sdcc.bnl.gov/alma9.2-gcc-14.2.0/release/release_new/new.10/include/simqa_modules:/cvmfs/sphenix.sdcc.bnl.gov/alma9.2-gcc-14.2.0/release/release_new/new.10/include/resonancejettagging:/cvmfs/sphenix.sdcc.bnl.gov/alma9.2-gcc-14.2.0/release/release_new/new.10/include/g4centrality:/cvmfs/sphenix.sdcc.bnl.gov/alma9.2-gcc-14.2.0/release/release_new/new.10/include/mvtx:/cvmfs/sphenix.sdcc.bnl.gov/alma9.2-gcc-14.2.0/release/release_new/new.10/include/nlohmann:/cvmfs/sphenix.sdcc.bnl.gov/alma9.2-gcc-14.2.0/release/release_new/new.10/include/localpoloffmon:/cvmfs/sphenix.sdcc.bnl.gov/alma9.2-gcc-14.2.0/release/release_new/new.10/include/DDEve:/cvmfs/sphenix.sdcc.bnl.gov/alma9.2-gcc-14.2.0/release/release_new/new.10/include/Parsers:/cvmfs/sphenix.sdcc.bnl.gov/alma9.2-gcc-14.2.0/release/release_new/new.10/include/trackingdiagnostics:/cvmfs/sphenix.sdcc.bnl.gov/alma9.2-gcc-14.2.0/release/release_new/new.10/include/g4vertex:/cvmfs/sphenix.sdcc.bnl.gov/alma9.2-gcc-14.2.0/release/release_new/new.10/include/jetbase:/cvmfs/sphenix.sdcc.bnl.gov/alma9.2-gcc-14.2.0/release/release_new/new.10/include/globalvertex:/cvmfs/sphenix.sdcc.bnl.gov/alma9.2-gcc-14.2.0/release/release_new/new.10/include/phgenfit:/cvmfs/sphenix.sdcc.bnl.gov/alma9.2-gcc-14.2.0/release/release_new/new.10/include/rawbcolumi:/cvmfs/sphenix.sdcc.bnl.gov/alma9.2-gcc-14.2.0/release/release_new/new.10/include/eicsmear:/cvmfs/sphenix.sdcc.bnl.gov/alma9.2-gcc-14.2.0/release/release_new/new.10/include/mvtxcalib:/cvmfs/sphenix.sdcc.bnl.gov/alma9.2-gcc-14.2.0/release/release_new/new.10/include/tpclinelaserdiode:/cvmfs/sphenix.sdcc.bnl.gov/alma9.2-gcc-14.2.0/release/release_new/new.10/include/hepmcjettrigger:/cvmfs/sphenix.sdcc.bnl.gov/alma9.2-gcc-14.2.0/release/release_new/new.10/include/core:/cvmfs/sphenix.sdcc.bnl.gov/alma9.2-gcc-14.2.0/release/release_new/new.10/include/calo_cdb:/cvmfs/sphenix.sdcc.bnl.gov/alma9.2-gcc-14.2.0/release/release_new/new.10/include/mvtxclustershapesqa:/cvmfs/sphenix.sdcc.bnl.gov/alma9.2-gcc-14.2.0/release/release_new/new.10/include/calopacketskimmer:/cvmfs/sphenix.sdcc.bnl.gov/alma9.2-gcc-14.2.0/opt/sphenix/core/geant4.10.07.p04/include:/cvmfs/sphenix.sdcc.bnl.gov/alma9.2-gcc-14.2.0/release/release_new/new.10/rootmacros:/cvmfs/sphenix.sdcc.bnl.gov/alma9.2-gcc-14.2.0/opt/sphenix/core/include
GSEARCHPATH=.:PG:LUSTRE:RAWDATA
PWD=/gpfs/mnt/gpfs02/sphenix/user/samfred/run25/ppg11/histmaking
LOGNAME=samfred
_CONDOR_JOB_AD=/home/condor/local/sphnx/execute/dir_3385480/.job.ad
MANPATH=/cvmfs/sphenix.sdcc.bnl.gov/alma9.2-gcc-14.2.0/opt/sphenix/core/gcc/14.2.0-2f0a0/x86_64-el9/share/man:/cvmfs/sphenix.sdcc.bnl.gov/alma9.2-gcc-14.2.0/opt/sphenix/core/binutils/2.40-acaab/x86_64-el9/share/man:/cvmfs/sphenix.sdcc.bnl.gov/alma9.2-gcc-14.2.0/release/release_new/new.10/share/man:/cvmfs/sphenix.sdcc.bnl.gov/alma9.2-gcc-14.2.0/opt/sphenix/utils/share/man:/cvmfs/sphenix.sdcc.bnl.gov/alma9.2-gcc-14.2.0/opt/sphenix/core/share/man:/cvmfs/sphenix.sdcc.bnl.gov/alma9.2-gcc-14.2.0/opt/sphenix/core/root-6.32.06/man:/usr/local/share/man:/usr/share/man
PYTHIA8=/cvmfs/sphenix.sdcc.bnl.gov/alma9.2-gcc-14.2.0/release/release_new/new.10/share/Pythia8
G4INCLDATA=/cvmfs/sphenix.sdcc.bnl.gov/alma9.2-gcc-14.2.0/opt/sphenix/core/geant4.10.07.p04/share/Geant4-10.7.4/data/G4INCL1.0
ORIG_PATH=/usr/local/bin:/usr/bin
CXX=/cvmfs/sphenix.sdcc.bnl.gov/alma9.2-gcc-14.2.0/opt/sphenix/core/gcc/14.2.0-2f0a0/x86_64-el9/bin/g++
G4LEDATA=/cvmfs/sphenix.sdcc.bnl.gov/alma9.2-gcc-14.2.0/opt/sphenix/core/geant4.10.07.p04/share/Geant4-10.7.4/data/G4EMLOW7.13
PYTHON_CPU_COUNT=1
OPENBLAS_NUM_THREADS=1
_CONDOR_BIN=/usr/bin
HOME=/sphenix/u/samfred
G4PARTICLEXSDATA=/cvmfs/sphenix.sdcc.bnl.gov/alma9.2-gcc-14.2.0/opt/sphenix/core/geant4.10.07.p04/share/Geant4-10.7.4/data/G4PARTICLEXS3.1.1
ONLINE_MAIN=/cvmfs/sphenix.sdcc.bnl.gov/alma9.2-gcc-14.2.0/release/release_new/new.10
CALIBRATIONROOT=/cvmfs/sphenix.sdcc.bnl.gov/alma9.2-gcc-14.2.0/release/release_new/new.10/share/calibrations
TMPDIR=/tmp
_CONDOR_SCRATCH_DIR=/home/condor/local/sphnx/execute/dir_3385480
PGUSER=phnxrc
NOPAYLOADCLIENT_CONF=/cvmfs/sphenix.sdcc.bnl.gov/alma9.2-gcc-14.2.0/opt/sphenix/core/etc/sPHENIX_newcdb.json
XERCESCROOT=/cvmfs/sphenix.sdcc.bnl.gov/alma9.2-gcc-14.2.0/opt/sphenix/core/geant4.10.07.p04
LHAPATH=/cvmfs/sphenix.sdcc.bnl.gov/alma9.2-gcc-14.2.0/opt/sphenix/core/lhapdf-5.9.1/share/lhapdf/PDFsets
G4NEUTRONHPDATA=/cvmfs/sphenix.sdcc.bnl.gov/alma9.2-gcc-14.2.0/opt/sphenix/core/geant4.10.07.p04/share/Geant4-10.7.4/data/G4NDL4.6
PYTHONPATH=.:/cvmfs/sphenix.sdcc.bnl.gov/alma9.2-gcc-14.2.0/release/release_new/new.10/lib/python3.13/site-packages:/cvmfs/sphenix.sdcc.bnl.gov/alma9.2-gcc-14.2.0/opt/sphenix/core/lib/python3.13/site-packages:/cvmfs/sphenix.sdcc.bnl.gov/alma9.2-gcc-14.2.0/opt/sphenix/core/root-6.32.06/lib
USER=samfred
_CONDOR_JOB_PIDS=
TEMP=/tmp
GOMAXPROCS=1
OFFLINE_MAIN=/cvmfs/sphenix.sdcc.bnl.gov/alma9.2-gcc-14.2.0/release/release_new/new.10
SHLVL=1
TF_NUM_THREADS=1
G4SAIDXSDATA=/cvmfs/sphenix.sdcc.bnl.gov/alma9.2-gcc-14.2.0/opt/sphenix/core/geant4.10.07.p04/share/Geant4-10.7.4/data/G4SAIDDATA2.0
APPTAINER_CACHEDIR=/home/condor/local/sphnx/execute/dir_3385480
ROOTSYS=/cvmfs/sphenix.sdcc.bnl.gov/alma9.2-gcc-14.2.0/opt/sphenix/core/root-6.32.06
BATCH_SYSTEM=HTCondor
_CONDOR_SLOT=slot1_62
LD_LIBRARY_PATH=/sphenix/user/samfred/run25/install//lib:/cvmfs/sphenix.sdcc.bnl.gov/alma9.2-gcc-14.2.0/opt/sphenix/core/gcc/14.2.0-2f0a0/x86_64-el9/lib:/cvmfs/sphenix.sdcc.bnl.gov/alma9.2-gcc-14.2.0/opt/sphenix/core/gcc/14.2.0-2f0a0/x86_64-el9/lib64:/cvmfs/sphenix.sdcc.bnl.gov/alma9.2-gcc-14.2.0/opt/sphenix/core/binutils/2.40-acaab/x86_64-el9/lib:.:/cvmfs/sphenix.sdcc.bnl.gov/alma9.2-gcc-14.2.0/release/release_new/new.10/lib64:/cvmfs/sphenix.sdcc.bnl.gov/alma9.2-gcc-14.2.0/release/release_new/new.10/lib:/cvmfs/sphenix.sdcc.bnl.gov/alma9.2-gcc-14.2.0/opt/sphenix/utils/lib:/cvmfs/sphenix.sdcc.bnl.gov/alma9.2-gcc-14.2.0/opt/sphenix/core/lib:/cvmfs/sphenix.sdcc.bnl.gov/alma9.2-gcc-14.2.0/opt/sphenix/core/root-6.32.06/lib:/cvmfs/sphenix.sdcc.bnl.gov/alma9.2-gcc-14.2.0/opt/sphenix/core/geant4.10.07.p04/lib64:/cvmfs/sphenix.sdcc.bnl.gov/alma9.2-gcc-14.2.0/opt/sphenix/core/lhapdf-5.9.1/lib:/usr/local/lib64:/usr/lib64
_CONDOR_ANCESTOR_294639=3385480:1759352743:2389275485
OPT_SPHENIX=/cvmfs/sphenix.sdcc.bnl.gov/alma9.2-gcc-14.2.0/opt/sphenix/core
TF_LOOP_PARALLEL_ITERATIONS=1
EVT_LIB=/cvmfs/sphenix.sdcc.bnl.gov/alma9.2-gcc-14.2.0/opt/sphenix/core/root-6.32.06/lib
PGHOST=sphnxdbmaster.sdcc.bnl.gov
OMP_NUM_THREADS=1
G4REALSURFACEDATA=/cvmfs/sphenix.sdcc.bnl.gov/alma9.2-gcc-14.2.0/opt/sphenix/core/geant4.10.07.p04/share/Geant4-10.7.4/data/RealSurface2.2
FC=/cvmfs/sphenix.sdcc.bnl.gov/alma9.2-gcc-14.2.0/opt/sphenix/core/gcc/14.2.0-2f0a0/x86_64-el9/bin/gfortran
G4ABLADATA=/cvmfs/sphenix.sdcc.bnl.gov/alma9.2-gcc-14.2.0/opt/sphenix/core/geant4.10.07.p04/share/Geant4-10.7.4/data/G4ABLA3.1
PARASOFT=doesnotexist
TMP=/tmp
OPT_UTILS=/cvmfs/sphenix.sdcc.bnl.gov/alma9.2-gcc-14.2.0/opt/sphenix/utils
CONFIG_SITE=/cvmfs/sphenix.sdcc.bnl.gov/alma9.2-gcc-14.2.0/opt/sphenix/core/etc/config.site
PATH=/sphenix/user/samfred/run25/install//bin:/cvmfs/sphenix.sdcc.bnl.gov/alma9.2-gcc-14.2.0/opt/sphenix/core/gcc/14.2.0-2f0a0/x86_64-el9/bin:/cvmfs/sphenix.sdcc.bnl.gov/alma9.2-gcc-14.2.0/opt/sphenix/core/binutils/2.40-acaab/x86_64-el9/bin:.:/cvmfs/sphenix.sdcc.bnl.gov/alma9.2-gcc-14.2.0/release/release_new/new.10/bin:/cvmfs/sphenix.sdcc.bnl.gov/alma9.2-gcc-14.2.0/opt/sphenix/utils/bin:/cvmfs/sphenix.sdcc.bnl.gov/alma9.2-gcc-14.2.0/opt/sphenix/core/bin:/cvmfs/sphenix.sdcc.bnl.gov/alma9.2-gcc-14.2.0/opt/sphenix/core/root-6.32.06/bin:/cvmfs/sphenix.sdcc.bnl.gov/alma9.2-gcc-14.2.0/opt/sphenix/core/geant4.10.07.p04/bin:/usr/local/bin:/usr/bin:/usr/local/sbin:/usr/sbin
G4LEVELGAMMADATA=/cvmfs/sphenix.sdcc.bnl.gov/alma9.2-gcc-14.2.0/opt/sphenix/core/geant4.10.07.p04/share/Geant4-10.7.4/data/PhotonEvaporation5.7
CC=/cvmfs/sphenix.sdcc.bnl.gov/alma9.2-gcc-14.2.0/opt/sphenix/core/gcc/14.2.0-2f0a0/x86_64-el9/bin/gcc
G4RADIOACTIVEDATA=/cvmfs/sphenix.sdcc.bnl.gov/alma9.2-gcc-14.2.0/opt/sphenix/core/geant4.10.07.p04/share/Geant4-10.7.4/data/RadioactiveDecay5.6
JULIA_NUM_THREADS=1
MKL_NUM_THREADS=1
LHAPDF_DATA_PATH=/cvmfs/sphenix.sdcc.bnl.gov/alma9.2-gcc-14.2.0/release/release_new/new.10/share/LHAPDF
XPLOAD_CONFIG_DIR=/cvmfs/sphenix.sdcc.bnl.gov/alma9.2-gcc-14.2.0/opt/sphenix/core/etc
_CONDOR_ANCESTOR_294604=294639:1756523314:4121904789
OLDPWD=/cvmfs/sphenix.sdcc.bnl.gov/alma9.2-gcc-14.2.0/release/release_new/new.10/geant4
_=/usr/bin/printenv
runnumber...
52881
trigger...

   ------------------------------------------------------------------
  | Welcome to ROOT 6.32.06                        https://root.cern |
  | (c) 1995-2024, The ROOT Team; conception: R. Brun, F. Rademakers |
  | Built for linuxx8664gcc on Dec 13 2024, 17:23:48                 |
  | From tags/6-32-06@6-32-06                                        |
  | With g++ (GCC) 14.2.0                                            |
  | Try '.help'/'.?', '.demo', '.license', '.credits', '.quit'/'.q'  |
   ------------------------------------------------------------------


Processing data_histmaker.C(52881)...
entry 1000/4285633 (0.0233338%)
entry 4000/4285633 (0.0933351%)
entry 6000/4285633 (0.140003%)
entry 7000/4285633 (0.163336%)
entry 8000/4285633 (0.18667%)
entry 10000/4285633 (0.233338%)
entry 11000/4285633 (0.256672%)
entry 12000/4285633 (0.280005%)
entry 14000/4285633 (0.326673%)
entry 15000/4285633 (0.350007%)
entry 18000/4285633 (0.420008%)
entry 20000/4285633 (0.466675%)
entry 24000/4285633 (0.560011%)
entry 25000/4285633 (0.583344%)
entry 26000/4285633 (0.606678%)
entry 27000/4285633 (0.630012%)
entry 28000/4285633 (0.653346%)
entry 29000/4285633 (0.67668%)
entry 30000/4285633 (0.700013%)
entry 31000/4285633 (0.723347%)
entry 32000/4285633 (0.746681%)
entry 34000/4285633 (0.793348%)
entry 35000/4285633 (0.816682%)
entry 36000/4285633 (0.840016%)
entry 38000/4285633 (0.886683%)
entry 41000/4285633 (0.956685%)
entry 42000/4285633 (0.980019%)
entry 43000/4285633 (1.00335%)
entry 44000/4285633 (1.02669%)
entry 45000/4285633 (1.05002%)
entry 48000/4285633 (1.12002%)
entry 49000/4285633 (1.14336%)
entry 50000/4285633 (1.16669%)
entry 52000/4285633 (1.21336%)
entry 53000/4285633 (1.23669%)
entry 56000/4285633 (1.30669%)
entry 57000/4285633 (1.33003%)
entry 58000/4285633 (1.35336%)
entry 61000/4285633 (1.42336%)
entry 62000/4285633 (1.44669%)
entry 64000/4285633 (1.49336%)
entry 65000/4285633 (1.5167%)
entry 66000/4285633 (1.54003%)
entry 67000/4285633 (1.56336%)
entry 68000/4285633 (1.5867%)
entry 71000/4285633 (1.6567%)
entry 73000/4285633 (1.70337%)
entry 76000/4285633 (1.77337%)
entry 77000/4285633 (1.7967%)
entry 78000/4285633 (1.82003%)
entry 79000/4285633 (1.84337%)
entry 80000/4285633 (1.8667%)
entry 81000/4285633 (1.89004%)
entry 82000/4285633 (1.91337%)
entry 83000/4285633 (1.9367%)
entry 89000/4285633 (2.07671%)
entry 90000/4285633 (2.10004%)
entry 91000/4285633 (2.12337%)
entry 92000/4285633 (2.14671%)
entry 95000/4285633 (2.21671%)
entry 96000/4285633 (2.24004%)
entry 97000/4285633 (2.26338%)
entry 99000/4285633 (2.31004%)
entry 100000/4285633 (2.33338%)
entry 103000/4285633 (2.40338%)
entry 104000/4285633 (2.42671%)
entry 105000/4285633 (2.45005%)
entry 106000/4285633 (2.47338%)
entry 107000/4285633 (2.49671%)
entry 108000/4285633 (2.52005%)
entry 109000/4285633 (2.54338%)
entry 110000/4285633 (2.56672%)
entry 113000/4285633 (2.63672%)
entry 114000/4285633 (2.66005%)
entry 115000/4285633 (2.68338%)
entry 116000/4285633 (2.70672%)
entry 120000/4285633 (2.80005%)
entry 121000/4285633 (2.82339%)
entry 122000/4285633 (2.84672%)
entry 123000/4285633 (2.87005%)
entry 125000/4285633 (2.91672%)
entry 126000/4285633 (2.94006%)
entry 131000/4285633 (3.05672%)
entry 135000/4285633 (3.15006%)
entry 136000/4285633 (3.17339%)
entry 139000/4285633 (3.24339%)
entry 140000/4285633 (3.26673%)
entry 142000/4285633 (3.3134%)
entry 144000/4285633 (3.36006%)
entry 145000/4285633 (3.3834%)
entry 146000/4285633 (3.40673%)
entry 147000/4285633 (3.43007%)
entry 148000/4285633 (3.4534%)
entry 151000/4285633 (3.5234%)
entry 152000/4285633 (3.54673%)
entry 154000/4285633 (3.5934%)
entry 157000/4285633 (3.6634%)
entry 158000/4285633 (3.68674%)
entry 159000/4285633 (3.71007%)
entry 160000/4285633 (3.7334%)
entry 161000/4285633 (3.75674%)
entry 162000/4285633 (3.78007%)
entry 163000/4285633 (3.80341%)
entry 164000/4285633 (3.82674%)
entry 166000/4285633 (3.87341%)
entry 167000/4285633 (3.89674%)
entry 170000/4285633 (3.96674%)
entry 171000/4285633 (3.99008%)
entry 172000/4285633 (4.01341%)
entry 174000/4285633 (4.06008%)
entry 175000/4285633 (4.08341%)
entry 177000/4285633 (4.13008%)
entry 178000/4285633 (4.15341%)
entry 179000/4285633 (4.17675%)
entry 181000/4285633 (4.22341%)
entry 182000/4285633 (4.24675%)
entry 183000/4285633 (4.27008%)
entry 184000/4285633 (4.29341%)
entry 186000/4285633 (4.34008%)
entry 188000/4285633 (4.38675%)
entry 189000/4285633 (4.41008%)
entry 191000/4285633 (4.45675%)
entry 192000/4285633 (4.48009%)
entry 195000/4285633 (4.55009%)
entry 196000/4285633 (4.57342%)
entry 197000/4285633 (4.59675%)
entry 198000/4285633 (4.62009%)
entry 200000/4285633 (4.66676%)
entry 201000/4285633 (4.69009%)
entry 202000/4285633 (4.71342%)
entry 203000/4285633 (4.73676%)
entry 205000/4285633 (4.78342%)
entry 207000/4285633 (4.83009%)
entry 210000/4285633 (4.90009%)
entry 211000/4285633 (4.92343%)
entry 212000/4285633 (4.94676%)
entry 213000/4285633 (4.97009%)
entry 215000/4285633 (5.01676%)
entry 217000/4285633 (5.06343%)
entry 219000/4285633 (5.1101%)
entry 220000/4285633 (5.13343%)
entry 225000/4285633 (5.2501%)
entry 227000/4285633 (5.29677%)
entry 229000/4285633 (5.34343%)
entry 230000/4285633 (5.36677%)
entry 231000/4285633 (5.3901%)
entry 232000/4285633 (5.41344%)
entry 234000/4285633 (5.4601%)
entry 235000/4285633 (5.48344%)
entry 236000/4285633 (5.50677%)
entry 237000/4285633 (5.5301%)
entry 239000/4285633 (5.57677%)
entry 241000/4285633 (5.62344%)
entry 246000/4285633 (5.74011%)
entry 252000/4285633 (5.88011%)
entry 253000/4285633 (5.90345%)
entry 255000/4285633 (5.95011%)
entry 256000/4285633 (5.97345%)
entry 258000/4285633 (6.02011%)
entry 259000/4285633 (6.04345%)
entry 260000/4285633 (6.06678%)
entry 263000/4285633 (6.13678%)
entry 264000/4285633 (6.16012%)
entry 265000/4285633 (6.18345%)
entry 266000/4285633 (6.20678%)
entry 267000/4285633 (6.23012%)
entry 269000/4285633 (6.27679%)
entry 270000/4285633 (6.30012%)
entry 271000/4285633 (6.32345%)
entry 272000/4285633 (6.34679%)
entry 273000/4285633 (6.37012%)
entry 274000/4285633 (6.39345%)
entry 275000/4285633 (6.41679%)
entry 276000/4285633 (6.44012%)
entry 277000/4285633 (6.46346%)
entry 279000/4285633 (6.51012%)
entry 282000/4285633 (6.58012%)
entry 283000/4285633 (6.60346%)
entry 285000/4285633 (6.65013%)
entry 287000/4285633 (6.69679%)
entry 288000/4285633 (6.72013%)
entry 290000/4285633 (6.7668%)
entry 291000/4285633 (6.79013%)
entry 297000/4285633 (6.93013%)
entry 299000/4285633 (6.9768%)
entry 301000/4285633 (7.02347%)
entry 302000/4285633 (7.0468%)
entry 303000/4285633 (7.07013%)
entry 304000/4285633 (7.09347%)
entry 305000/4285633 (7.1168%)
entry 306000/4285633 (7.14014%)
entry 307000/4285633 (7.16347%)
entry 309000/4285633 (7.21014%)
entry 310000/4285633 (7.23347%)
entry 311000/4285633 (7.2568%)
entry 313000/4285633 (7.30347%)
entry 314000/4285633 (7.32681%)
entry 315000/4285633 (7.35014%)
entry 318000/4285633 (7.42014%)
entry 320000/4285633 (7.46681%)
entry 322000/4285633 (7.51348%)
entry 323000/4285633 (7.53681%)
entry 324000/4285633 (7.56014%)
entry 325000/4285633 (7.58348%)
entry 327000/4285633 (7.63014%)
entry 328000/4285633 (7.65348%)
entry 329000/4285633 (7.67681%)
entry 331000/4285633 (7.72348%)
entry 332000/4285633 (7.74681%)
entry 334000/4285633 (7.79348%)
entry 337000/4285633 (7.86348%)
entry 339000/4285633 (7.91015%)
entry 340000/4285633 (7.93348%)
entry 341000/4285633 (7.95682%)
entry 342000/4285633 (7.98015%)
entry 343000/4285633 (8.00349%)
entry 344000/4285633 (8.02682%)
entry 346000/4285633 (8.07349%)
entry 348000/4285633 (8.12015%)
entry 349000/4285633 (8.14349%)
entry 350000/4285633 (8.16682%)
entry 352000/4285633 (8.21349%)
entry 353000/4285633 (8.23682%)
entry 354000/4285633 (8.26016%)
entry 356000/4285633 (8.30682%)
entry 357000/4285633 (8.33016%)
entry 358000/4285633 (8.35349%)
entry 360000/4285633 (8.40016%)
entry 362000/4285633 (8.44683%)
entry 364000/4285633 (8.49349%)
entry 367000/4285633 (8.5635%)
entry 368000/4285633 (8.58683%)
entry 369000/4285633 (8.61016%)
entry 371000/4285633 (8.65683%)
entry 372000/4285633 (8.68016%)
entry 374000/4285633 (8.72683%)
entry 377000/4285633 (8.79683%)
entry 378000/4285633 (8.82017%)
entry 379000/4285633 (8.8435%)
entry 381000/4285633 (8.89017%)
entry 382000/4285633 (8.9135%)
entry 383000/4285633 (8.93684%)
entry 384000/4285633 (8.96017%)
entry 387000/4285633 (9.03017%)
entry 392000/4285633 (9.14684%)
entry 393000/4285633 (9.17017%)
entry 398000/4285633 (9.28684%)
entry 399000/4285633 (9.31018%)
entry 403000/4285633 (9.40351%)
entry 404000/4285633 (9.42685%)
entry 405000/4285633 (9.45018%)
entry 406000/4285633 (9.47351%)
entry 407000/4285633 (9.49685%)
entry 409000/4285633 (9.54351%)
entry 410000/4285633 (9.56685%)
entry 411000/4285633 (9.59018%)
entry 414000/4285633 (9.66018%)
entry 415000/4285633 (9.68352%)
entry 419000/4285633 (9.77685%)
entry 420000/4285633 (9.80019%)
entry 422000/4285633 (9.84685%)
entry 423000/4285633 (9.87019%)
entry 424000/4285633 (9.89352%)
entry 425000/4285633 (9.91685%)
entry 426000/4285633 (9.94019%)
entry 428000/4285633 (9.98686%)
entry 431000/4285633 (10.0569%)
entry 433000/4285633 (10.1035%)
entry 434000/4285633 (10.1269%)
entry 436000/4285633 (10.1735%)
entry 438000/4285633 (10.2202%)
entry 441000/4285633 (10.2902%)
entry 443000/4285633 (10.3369%)
entry 444000/4285633 (10.3602%)
entry 445000/4285633 (10.3835%)
entry 446000/4285633 (10.4069%)
entry 448000/4285633 (10.4535%)
entry 450000/4285633 (10.5002%)
entry 451000/4285633 (10.5235%)
entry 452000/4285633 (10.5469%)
entry 455000/4285633 (10.6169%)
entry 457000/4285633 (10.6635%)
entry 458000/4285633 (10.6869%)
entry 459000/4285633 (10.7102%)
entry 463000/4285633 (10.8035%)
entry 464000/4285633 (10.8269%)
entry 465000/4285633 (10.8502%)
entry 468000/4285633 (10.9202%)
entry 469000/4285633 (10.9435%)
entry 473000/4285633 (11.0369%)
entry 475000/4285633 (11.0835%)
entry 476000/4285633 (11.1069%)
entry 477000/4285633 (11.1302%)
entry 481000/4285633 (11.2235%)
entry 482000/4285633 (11.2469%)
entry 486000/4285633 (11.3402%)
entry 487000/4285633 (11.3635%)
entry 488000/4285633 (11.3869%)
entry 489000/4285633 (11.4102%)
entry 490000/4285633 (11.4335%)
entry 491000/4285633 (11.4569%)
entry 495000/4285633 (11.5502%)
entry 498000/4285633 (11.6202%)
entry 499000/4285633 (11.6436%)
entry 500000/4285633 (11.6669%)
entry 502000/4285633 (11.7136%)
entry 503000/4285633 (11.7369%)
entry 504000/4285633 (11.7602%)
entry 505000/4285633 (11.7836%)
entry 506000/4285633 (11.8069%)
entry 507000/4285633 (11.8302%)
entry 508000/4285633 (11.8536%)
entry 511000/4285633 (11.9236%)
entry 512000/4285633 (11.9469%)
entry 513000/4285633 (11.9702%)
entry 514000/4285633 (11.9936%)
entry 515000/4285633 (12.0169%)
entry 516000/4285633 (12.0402%)
entry 517000/4285633 (12.0636%)
entry 518000/4285633 (12.0869%)
entry 519000/4285633 (12.1102%)
entry 523000/4285633 (12.2036%)
entry 524000/4285633 (12.2269%)
entry 525000/4285633 (12.2502%)
entry 526000/4285633 (12.2736%)
entry 527000/4285633 (12.2969%)
entry 528000/4285633 (12.3202%)
entry 529000/4285633 (12.3436%)
entry 530000/4285633 (12.3669%)
entry 531000/4285633 (12.3902%)
entry 533000/4285633 (12.4369%)
entry 535000/4285633 (12.4836%)
entry 536000/4285633 (12.5069%)
entry 537000/4285633 (12.5302%)
entry 540000/4285633 (12.6002%)
entry 541000/4285633 (12.6236%)
entry 543000/4285633 (12.6702%)
entry 544000/4285633 (12.6936%)
entry 545000/4285633 (12.7169%)
entry 546000/4285633 (12.7402%)
entry 549000/4285633 (12.8102%)
entry 550000/4285633 (12.8336%)
entry 551000/4285633 (12.8569%)
entry 552000/4285633 (12.8802%)
entry 553000/4285633 (12.9036%)
entry 555000/4285633 (12.9502%)
entry 557000/4285633 (12.9969%)
entry 558000/4285633 (13.0202%)
entry 559000/4285633 (13.0436%)
entry 561000/4285633 (13.0902%)
entry 562000/4285633 (13.1136%)
entry 563000/4285633 (13.1369%)
entry 564000/4285633 (13.1602%)
entry 567000/4285633 (13.2303%)
entry 568000/4285633 (13.2536%)
entry 569000/4285633 (13.2769%)
entry 570000/4285633 (13.3003%)
entry 571000/4285633 (13.3236%)
entry 573000/4285633 (13.3703%)
entry 574000/4285633 (13.3936%)
entry 575000/4285633 (13.4169%)
entry 576000/4285633 (13.4403%)
entry 577000/4285633 (13.4636%)
entry 579000/4285633 (13.5103%)
entry 580000/4285633 (13.5336%)
entry 581000/4285633 (13.5569%)
entry 582000/4285633 (13.5803%)
entry 583000/4285633 (13.6036%)
entry 585000/4285633 (13.6503%)
entry 586000/4285633 (13.6736%)
entry 588000/4285633 (13.7203%)
entry 590000/4285633 (13.7669%)
entry 591000/4285633 (13.7903%)
entry 592000/4285633 (13.8136%)
entry 593000/4285633 (13.8369%)
entry 595000/4285633 (13.8836%)
entry 596000/4285633 (13.9069%)
entry 598000/4285633 (13.9536%)
entry 599000/4285633 (13.9769%)
entry 604000/4285633 (14.0936%)
entry 606000/4285633 (14.1403%)
entry 607000/4285633 (14.1636%)
entry 608000/4285633 (14.1869%)
entry 610000/4285633 (14.2336%)
entry 611000/4285633 (14.2569%)
entry 613000/4285633 (14.3036%)
entry 614000/4285633 (14.3269%)
entry 615000/4285633 (14.3503%)
entry 616000/4285633 (14.3736%)
entry 618000/4285633 (14.4203%)
entry 619000/4285633 (14.4436%)
entry 620000/4285633 (14.4669%)
entry 622000/4285633 (14.5136%)
entry 623000/4285633 (14.5369%)
entry 625000/4285633 (14.5836%)
entry 626000/4285633 (14.6069%)
entry 627000/4285633 (14.6303%)
entry 628000/4285633 (14.6536%)
entry 629000/4285633 (14.6769%)
entry 630000/4285633 (14.7003%)
entry 633000/4285633 (14.7703%)
entry 637000/4285633 (14.8636%)
entry 638000/4285633 (14.8869%)
entry 639000/4285633 (14.9103%)
entry 640000/4285633 (14.9336%)
entry 642000/4285633 (14.9803%)
entry 645000/4285633 (15.0503%)
entry 646000/4285633 (15.0736%)
entry 649000/4285633 (15.1436%)
entry 650000/4285633 (15.167%)
entry 652000/4285633 (15.2136%)
entry 653000/4285633 (15.237%)
entry 654000/4285633 (15.2603%)
entry 655000/4285633 (15.2836%)
entry 657000/4285633 (15.3303%)
entry 658000/4285633 (15.3536%)
entry 659000/4285633 (15.377%)
entry 661000/4285633 (15.4236%)
entry 662000/4285633 (15.447%)
entry 664000/4285633 (15.4936%)
entry 666000/4285633 (15.5403%)
entry 669000/4285633 (15.6103%)
entry 670000/4285633 (15.6336%)
entry 672000/4285633 (15.6803%)
entry 673000/4285633 (15.7036%)
entry 674000/4285633 (15.727%)
entry 676000/4285633 (15.7736%)
entry 680000/4285633 (15.867%)
entry 682000/4285633 (15.9136%)
entry 683000/4285633 (15.937%)
entry 685000/4285633 (15.9836%)
entry 686000/4285633 (16.007%)
entry 687000/4285633 (16.0303%)
entry 688000/4285633 (16.0536%)
entry 690000/4285633 (16.1003%)
entry 692000/4285633 (16.147%)
entry 693000/4285633 (16.1703%)
entry 694000/4285633 (16.1936%)
entry 696000/4285633 (16.2403%)
entry 698000/4285633 (16.287%)
entry 701000/4285633 (16.357%)
entry 702000/4285633 (16.3803%)
entry 704000/4285633 (16.427%)
entry 705000/4285633 (16.4503%)
entry 706000/4285633 (16.4736%)
entry 707000/4285633 (16.497%)
entry 708000/4285633 (16.5203%)
entry 709000/4285633 (16.5436%)
entry 710000/4285633 (16.567%)
entry 711000/4285633 (16.5903%)
entry 713000/4285633 (16.637%)
entry 714000/4285633 (16.6603%)
entry 716000/4285633 (16.707%)
entry 717000/4285633 (16.7303%)
entry 718000/4285633 (16.7537%)
entry 719000/4285633 (16.777%)
entry 720000/4285633 (16.8003%)
entry 722000/4285633 (16.847%)
entry 723000/4285633 (16.8703%)
entry 724000/4285633 (16.8937%)
entry 725000/4285633 (16.917%)
entry 726000/4285633 (16.9403%)
entry 728000/4285633 (16.987%)
entry 731000/4285633 (17.057%)
entry 734000/4285633 (17.127%)
entry 735000/4285633 (17.1503%)
entry 737000/4285633 (17.197%)
entry 739000/4285633 (17.2437%)
entry 740000/4285633 (17.267%)
entry 741000/4285633 (17.2903%)
entry 743000/4285633 (17.337%)
entry 749000/4285633 (17.477%)
entry 751000/4285633 (17.5237%)
entry 752000/4285633 (17.547%)
entry 754000/4285633 (17.5937%)
entry 755000/4285633 (17.617%)
entry 756000/4285633 (17.6403%)
entry 757000/4285633 (17.6637%)
entry 759000/4285633 (17.7103%)
entry 760000/4285633 (17.7337%)
entry 761000/4285633 (17.757%)
entry 763000/4285633 (17.8037%)
entry 764000/4285633 (17.827%)
entry 765000/4285633 (17.8503%)
entry 766000/4285633 (17.8737%)
entry 767000/4285633 (17.897%)
entry 768000/4285633 (17.9203%)
entry 771000/4285633 (17.9903%)
entry 772000/4285633 (18.0137%)
entry 773000/4285633 (18.037%)
entry 774000/4285633 (18.0603%)
entry 775000/4285633 (18.0837%)
entry 776000/4285633 (18.107%)
entry 778000/4285633 (18.1537%)
entry 780000/4285633 (18.2003%)
entry 781000/4285633 (18.2237%)
entry 782000/4285633 (18.247%)
entry 783000/4285633 (18.2703%)
entry 784000/4285633 (18.2937%)
entry 786000/4285633 (18.3403%)
entry 787000/4285633 (18.3637%)
entry 788000/4285633 (18.387%)
entry 789000/4285633 (18.4103%)
entry 790000/4285633 (18.4337%)
entry 791000/4285633 (18.457%)
entry 794000/4285633 (18.527%)
entry 795000/4285633 (18.5504%)
entry 796000/4285633 (18.5737%)
entry 798000/4285633 (18.6204%)
entry 799000/4285633 (18.6437%)
entry 800000/4285633 (18.667%)
entry 801000/4285633 (18.6904%)
entry 803000/4285633 (18.737%)
entry 804000/4285633 (18.7604%)
entry 806000/4285633 (18.807%)
entry 807000/4285633 (18.8304%)
entry 808000/4285633 (18.8537%)
entry 809000/4285633 (18.877%)
entry 813000/4285633 (18.9704%)
entry 817000/4285633 (19.0637%)
entry 818000/4285633 (19.087%)
entry 819000/4285633 (19.1104%)
entry 820000/4285633 (19.1337%)
entry 822000/4285633 (19.1804%)
entry 824000/4285633 (19.227%)
entry 826000/4285633 (19.2737%)
entry 827000/4285633 (19.297%)
entry 828000/4285633 (19.3204%)
entry 829000/4285633 (19.3437%)
entry 831000/4285633 (19.3904%)
entry 832000/4285633 (19.4137%)
entry 833000/4285633 (19.437%)
entry 834000/4285633 (19.4604%)
entry 838000/4285633 (19.5537%)
entry 840000/4285633 (19.6004%)
entry 841000/4285633 (19.6237%)
entry 843000/4285633 (19.6704%)
entry 845000/4285633 (19.717%)
entry 846000/4285633 (19.7404%)
entry 847000/4285633 (19.7637%)
entry 849000/4285633 (19.8104%)
entry 850000/4285633 (19.8337%)
entry 851000/4285633 (19.857%)
entry 853000/4285633 (19.9037%)
entry 854000/4285633 (19.927%)
entry 855000/4285633 (19.9504%)
entry 856000/4285633 (19.9737%)
entry 859000/4285633 (20.0437%)
entry 862000/4285633 (20.1137%)
entry 863000/4285633 (20.137%)
entry 864000/4285633 (20.1604%)
entry 867000/4285633 (20.2304%)
entry 873000/4285633 (20.3704%)
entry 874000/4285633 (20.3937%)
entry 875000/4285633 (20.4171%)
entry 876000/4285633 (20.4404%)
entry 878000/4285633 (20.4871%)
entry 880000/4285633 (20.5337%)
entry 881000/4285633 (20.5571%)
entry 882000/4285633 (20.5804%)
entry 884000/4285633 (20.6271%)
entry 885000/4285633 (20.6504%)
entry 886000/4285633 (20.6737%)
entry 888000/4285633 (20.7204%)
entry 889000/4285633 (20.7437%)
entry 890000/4285633 (20.7671%)
entry 892000/4285633 (20.8137%)
entry 893000/4285633 (20.8371%)
entry 894000/4285633 (20.8604%)
entry 896000/4285633 (20.9071%)
entry 898000/4285633 (20.9537%)
entry 901000/4285633 (21.0237%)
entry 902000/4285633 (21.0471%)
entry 904000/4285633 (21.0937%)
entry 905000/4285633 (21.1171%)
entry 906000/4285633 (21.1404%)
entry 909000/4285633 (21.2104%)
entry 911000/4285633 (21.2571%)
entry 912000/4285633 (21.2804%)
entry 913000/4285633 (21.3037%)
entry 919000/4285633 (21.4437%)
entry 920000/4285633 (21.4671%)
entry 921000/4285633 (21.4904%)
entry 922000/4285633 (21.5137%)
entry 924000/4285633 (21.5604%)
entry 925000/4285633 (21.5837%)
entry 932000/4285633 (21.7471%)
entry 934000/4285633 (21.7937%)
entry 935000/4285633 (21.8171%)
entry 936000/4285633 (21.8404%)
entry 937000/4285633 (21.8637%)
entry 938000/4285633 (21.8871%)
entry 941000/4285633 (21.9571%)
entry 944000/4285633 (22.0271%)
entry 945000/4285633 (22.0504%)
entry 947000/4285633 (22.0971%)
entry 948000/4285633 (22.1204%)
entry 949000/4285633 (22.1438%)
entry 950000/4285633 (22.1671%)
entry 951000/4285633 (22.1904%)
entry 953000/4285633 (22.2371%)
entry 954000/4285633 (22.2604%)
entry 955000/4285633 (22.2838%)
entry 956000/4285633 (22.3071%)
entry 959000/4285633 (22.3771%)
entry 964000/4285633 (22.4938%)
entry 965000/4285633 (22.5171%)
entry 967000/4285633 (22.5638%)
entry 969000/4285633 (22.6104%)
entry 970000/4285633 (22.6338%)
entry 971000/4285633 (22.6571%)
entry 972000/4285633 (22.6804%)
entry 976000/4285633 (22.7738%)
entry 980000/4285633 (22.8671%)
entry 981000/4285633 (22.8904%)
entry 984000/4285633 (22.9604%)
entry 986000/4285633 (23.0071%)
entry 991000/4285633 (23.1238%)
entry 992000/4285633 (23.1471%)
entry 993000/4285633 (23.1704%)
entry 995000/4285633 (23.2171%)
entry 996000/4285633 (23.2404%)
entry 997000/4285633 (23.2638%)
entry 999000/4285633 (23.3104%)
entry 1004000/4285633 (23.4271%)
entry 1005000/4285633 (23.4504%)
entry 1007000/4285633 (23.4971%)
entry 1008000/4285633 (23.5204%)
entry 1009000/4285633 (23.5438%)
entry 1010000/4285633 (23.5671%)
entry 1011000/4285633 (23.5904%)
entry 1012000/4285633 (23.6138%)
entry 1013000/4285633 (23.6371%)
entry 1014000/4285633 (23.6604%)
entry 1015000/4285633 (23.6838%)
entry 1017000/4285633 (23.7304%)
entry 1020000/4285633 (23.8005%)
entry 1022000/4285633 (23.8471%)
entry 1024000/4285633 (23.8938%)
entry 1026000/4285633 (23.9405%)
entry 1027000/4285633 (23.9638%)
entry 1028000/4285633 (23.9871%)
entry 1030000/4285633 (24.0338%)
entry 1031000/4285633 (24.0571%)
entry 1032000/4285633 (24.0805%)
entry 1033000/4285633 (24.1038%)
entry 1037000/4285633 (24.1971%)
entry 1038000/4285633 (24.2205%)
entry 1040000/4285633 (24.2671%)
entry 1041000/4285633 (24.2905%)
entry 1042000/4285633 (24.3138%)
entry 1044000/4285633 (24.3605%)
entry 1045000/4285633 (24.3838%)
entry 1047000/4285633 (24.4305%)
entry 1048000/4285633 (24.4538%)
entry 1049000/4285633 (24.4771%)
entry 1050000/4285633 (24.5005%)
entry 1051000/4285633 (24.5238%)
entry 1053000/4285633 (24.5705%)
entry 1054000/4285633 (24.5938%)
entry 1055000/4285633 (24.6171%)
entry 1057000/4285633 (24.6638%)
entry 1058000/4285633 (24.6871%)
entry 1060000/4285633 (24.7338%)
entry 1061000/4285633 (24.7571%)
entry 1062000/4285633 (24.7805%)
entry 1064000/4285633 (24.8271%)
entry 1065000/4285633 (24.8505%)
entry 1066000/4285633 (24.8738%)
entry 1068000/4285633 (24.9205%)
entry 1069000/4285633 (24.9438%)
entry 1070000/4285633 (24.9671%)
entry 1072000/4285633 (25.0138%)
entry 1073000/4285633 (25.0371%)
entry 1074000/4285633 (25.0605%)
entry 1075000/4285633 (25.0838%)
entry 1076000/4285633 (25.1071%)
entry 1078000/4285633 (25.1538%)
entry 1079000/4285633 (25.1771%)
entry 1080000/4285633 (25.2005%)
entry 1081000/4285633 (25.2238%)
entry 1082000/4285633 (25.2471%)
entry 1087000/4285633 (25.3638%)
entry 1090000/4285633 (25.4338%)
entry 1091000/4285633 (25.4571%)
entry 1092000/4285633 (25.4805%)
entry 1093000/4285633 (25.5038%)
entry 1096000/4285633 (25.5738%)
entry 1097000/4285633 (25.5972%)
entry 1098000/4285633 (25.6205%)
entry 1099000/4285633 (25.6438%)
entry 1100000/4285633 (25.6672%)
entry 1101000/4285633 (25.6905%)
entry 1103000/4285633 (25.7372%)
entry 1105000/4285633 (25.7838%)
entry 1106000/4285633 (25.8072%)
entry 1109000/4285633 (25.8772%)
entry 1111000/4285633 (25.9238%)
entry 1112000/4285633 (25.9472%)
entry 1113000/4285633 (25.9705%)
entry 1115000/4285633 (26.0172%)
entry 1117000/4285633 (26.0638%)
entry 1119000/4285633 (26.1105%)
entry 1120000/4285633 (26.1338%)
entry 1122000/4285633 (26.1805%)
entry 1123000/4285633 (26.2038%)
entry 1125000/4285633 (26.2505%)
entry 1127000/4285633 (26.2972%)
entry 1130000/4285633 (26.3672%)
entry 1133000/4285633 (26.4372%)
entry 1134000/4285633 (26.4605%)
entry 1136000/4285633 (26.5072%)
entry 1138000/4285633 (26.5538%)
entry 1140000/4285633 (26.6005%)
entry 1141000/4285633 (26.6238%)
entry 1142000/4285633 (26.6472%)
entry 1145000/4285633 (26.7172%)
entry 1146000/4285633 (26.7405%)
entry 1147000/4285633 (26.7638%)
entry 1149000/4285633 (26.8105%)
entry 1151000/4285633 (26.8572%)
entry 1152000/4285633 (26.8805%)
entry 1154000/4285633 (26.9272%)
entry 1155000/4285633 (26.9505%)
entry 1156000/4285633 (26.9738%)
entry 1158000/4285633 (27.0205%)
entry 1162000/4285633 (27.1138%)
entry 1163000/4285633 (27.1372%)
entry 1164000/4285633 (27.1605%)
entry 1165000/4285633 (27.1838%)
entry 1166000/4285633 (27.2072%)
entry 1168000/4285633 (27.2539%)
entry 1169000/4285633 (27.2772%)
entry 1171000/4285633 (27.3239%)
entry 1173000/4285633 (27.3705%)
entry 1174000/4285633 (27.3939%)
entry 1176000/4285633 (27.4405%)
entry 1179000/4285633 (27.5105%)
entry 1180000/4285633 (27.5339%)
entry 1181000/4285633 (27.5572%)
entry 1183000/4285633 (27.6039%)
entry 1184000/4285633 (27.6272%)
entry 1185000/4285633 (27.6505%)
entry 1187000/4285633 (27.6972%)
entry 1190000/4285633 (27.7672%)
entry 1191000/4285633 (27.7905%)
entry 1194000/4285633 (27.8605%)
entry 1195000/4285633 (27.8839%)
entry 1196000/4285633 (27.9072%)
entry 1197000/4285633 (27.9305%)
entry 1199000/4285633 (27.9772%)
entry 1203000/4285633 (28.0705%)
entry 1206000/4285633 (28.1405%)
entry 1209000/4285633 (28.2105%)
entry 1210000/4285633 (28.2339%)
entry 1212000/4285633 (28.2805%)
entry 1215000/4285633 (28.3505%)
entry 1216000/4285633 (28.3739%)
entry 1217000/4285633 (28.3972%)
entry 1220000/4285633 (28.4672%)
entry 1222000/4285633 (28.5139%)
entry 1223000/4285633 (28.5372%)
entry 1224000/4285633 (28.5605%)
entry 1225000/4285633 (28.5839%)
entry 1226000/4285633 (28.6072%)
entry 1230000/4285633 (28.7005%)
entry 1232000/4285633 (28.7472%)
entry 1234000/4285633 (28.7939%)
entry 1236000/4285633 (28.8405%)
entry 1238000/4285633 (28.8872%)
entry 1239000/4285633 (28.9105%)
entry 1241000/4285633 (28.9572%)
entry 1243000/4285633 (29.0039%)
entry 1246000/4285633 (29.0739%)
entry 1248000/4285633 (29.1206%)
entry 1251000/4285633 (29.1906%)
entry 1253000/4285633 (29.2372%)
entry 1254000/4285633 (29.2606%)
entry 1256000/4285633 (29.3072%)
entry 1258000/4285633 (29.3539%)
entry 1259000/4285633 (29.3772%)
entry 1260000/4285633 (29.4006%)
entry 1261000/4285633 (29.4239%)
entry 1263000/4285633 (29.4706%)
entry 1265000/4285633 (29.5172%)
entry 1266000/4285633 (29.5406%)
entry 1267000/4285633 (29.5639%)
entry 1268000/4285633 (29.5872%)
entry 1269000/4285633 (29.6106%)
entry 1272000/4285633 (29.6806%)
entry 1273000/4285633 (29.7039%)
entry 1274000/4285633 (29.7272%)
entry 1275000/4285633 (29.7506%)
entry 1277000/4285633 (29.7972%)
entry 1278000/4285633 (29.8206%)
entry 1281000/4285633 (29.8906%)
entry 1282000/4285633 (29.9139%)
entry 1283000/4285633 (29.9372%)
entry 1284000/4285633 (29.9606%)
entry 1286000/4285633 (30.0072%)
entry 1288000/4285633 (30.0539%)
entry 1290000/4285633 (30.1006%)
entry 1291000/4285633 (30.1239%)
entry 1293000/4285633 (30.1706%)
entry 1294000/4285633 (30.1939%)
entry 1295000/4285633 (30.2172%)
entry 1296000/4285633 (30.2406%)
entry 1298000/4285633 (30.2872%)
entry 1299000/4285633 (30.3106%)
entry 1300000/4285633 (30.3339%)
entry 1301000/4285633 (30.3572%)
entry 1304000/4285633 (30.4272%)
entry 1305000/4285633 (30.4506%)
entry 1307000/4285633 (30.4972%)
entry 1309000/4285633 (30.5439%)
entry 1312000/4285633 (30.6139%)
entry 1313000/4285633 (30.6372%)
entry 1316000/4285633 (30.7072%)
entry 1317000/4285633 (30.7306%)
entry 1319000/4285633 (30.7773%)
entry 1320000/4285633 (30.8006%)
entry 1321000/4285633 (30.8239%)
entry 1322000/4285633 (30.8473%)
entry 1323000/4285633 (30.8706%)
entry 1324000/4285633 (30.8939%)
entry 1325000/4285633 (30.9173%)
entry 1326000/4285633 (30.9406%)
entry 1327000/4285633 (30.9639%)
entry 1328000/4285633 (30.9873%)
entry 1329000/4285633 (31.0106%)
entry 1330000/4285633 (31.0339%)
entry 1331000/4285633 (31.0573%)
entry 1334000/4285633 (31.1273%)
entry 1335000/4285633 (31.1506%)
entry 1336000/4285633 (31.1739%)
entry 1339000/4285633 (31.2439%)
entry 1340000/4285633 (31.2673%)
entry 1343000/4285633 (31.3373%)
entry 1345000/4285633 (31.3839%)
entry 1346000/4285633 (31.4073%)
entry 1348000/4285633 (31.4539%)
entry 1350000/4285633 (31.5006%)
entry 1353000/4285633 (31.5706%)
entry 1354000/4285633 (31.5939%)
entry 1355000/4285633 (31.6173%)
entry 1357000/4285633 (31.6639%)
entry 1360000/4285633 (31.7339%)
entry 1362000/4285633 (31.7806%)
entry 1363000/4285633 (31.8039%)
entry 1364000/4285633 (31.8273%)
entry 1366000/4285633 (31.8739%)
entry 1367000/4285633 (31.8973%)
entry 1372000/4285633 (32.0139%)
entry 1375000/4285633 (32.0839%)
entry 1377000/4285633 (32.1306%)
entry 1378000/4285633 (32.1539%)
entry 1380000/4285633 (32.2006%)
entry 1381000/4285633 (32.2239%)
entry 1383000/4285633 (32.2706%)
entry 1384000/4285633 (32.2939%)
entry 1385000/4285633 (32.3173%)
entry 1388000/4285633 (32.3873%)
entry 1389000/4285633 (32.4106%)
entry 1392000/4285633 (32.4806%)
entry 1394000/4285633 (32.5273%)
entry 1395000/4285633 (32.5506%)
entry 1396000/4285633 (32.574%)
entry 1401000/4285633 (32.6906%)
entry 1402000/4285633 (32.714%)
entry 1403000/4285633 (32.7373%)
entry 1405000/4285633 (32.784%)
entry 1406000/4285633 (32.8073%)
entry 1407000/4285633 (32.8306%)
entry 1409000/4285633 (32.8773%)
entry 1415000/4285633 (33.0173%)
entry 1416000/4285633 (33.0406%)
entry 1419000/4285633 (33.1106%)
entry 1421000/4285633 (33.1573%)
entry 1422000/4285633 (33.1806%)
entry 1423000/4285633 (33.204%)
entry 1425000/4285633 (33.2506%)
entry 1428000/4285633 (33.3206%)
entry 1429000/4285633 (33.344%)
entry 1430000/4285633 (33.3673%)
entry 1431000/4285633 (33.3906%)
entry 1432000/4285633 (33.414%)
entry 1433000/4285633 (33.4373%)
entry 1434000/4285633 (33.4606%)
entry 1437000/4285633 (33.5306%)
entry 1439000/4285633 (33.5773%)
entry 1440000/4285633 (33.6006%)
entry 1441000/4285633 (33.624%)
entry 1442000/4285633 (33.6473%)
entry 1443000/4285633 (33.6706%)
entry 1444000/4285633 (33.694%)
entry 1447000/4285633 (33.764%)
entry 1448000/4285633 (33.7873%)
entry 1449000/4285633 (33.8106%)
entry 1451000/4285633 (33.8573%)
entry 1452000/4285633 (33.8806%)
entry 1453000/4285633 (33.904%)
entry 1455000/4285633 (33.9506%)
entry 1456000/4285633 (33.974%)
entry 1457000/4285633 (33.9973%)
entry 1460000/4285633 (34.0673%)
entry 1461000/4285633 (34.0906%)
entry 1462000/4285633 (34.114%)
entry 1464000/4285633 (34.1606%)
entry 1466000/4285633 (34.2073%)
entry 1467000/4285633 (34.2306%)
entry 1469000/4285633 (34.2773%)
entry 1470000/4285633 (34.3006%)
entry 1472000/4285633 (34.3473%)
entry 1473000/4285633 (34.3707%)
entry 1475000/4285633 (34.4173%)
entry 1476000/4285633 (34.4407%)
entry 1479000/4285633 (34.5107%)
entry 1481000/4285633 (34.5573%)
entry 1483000/4285633 (34.604%)
entry 1484000/4285633 (34.6273%)
entry 1486000/4285633 (34.674%)
entry 1489000/4285633 (34.744%)
entry 1494000/4285633 (34.8607%)
entry 1495000/4285633 (34.884%)
entry 1496000/4285633 (34.9073%)
entry 1498000/4285633 (34.954%)
entry 1503000/4285633 (35.0707%)
entry 1504000/4285633 (35.094%)
entry 1505000/4285633 (35.1173%)
entry 1506000/4285633 (35.1407%)
entry 1508000/4285633 (35.1873%)
entry 1509000/4285633 (35.2107%)
entry 1510000/4285633 (35.234%)
entry 1511000/4285633 (35.2573%)
entry 1512000/4285633 (35.2807%)
entry 1517000/4285633 (35.3973%)
entry 1518000/4285633 (35.4207%)
entry 1519000/4285633 (35.444%)
entry 1520000/4285633 (35.4673%)
entry 1521000/4285633 (35.4907%)
entry 1522000/4285633 (35.514%)
entry 1524000/4285633 (35.5607%)
entry 1526000/4285633 (35.6073%)
entry 1527000/4285633 (35.6307%)
entry 1528000/4285633 (35.654%)
entry 1529000/4285633 (35.6773%)
entry 1531000/4285633 (35.724%)
entry 1533000/4285633 (35.7707%)
entry 1536000/4285633 (35.8407%)
entry 1537000/4285633 (35.864%)
entry 1539000/4285633 (35.9107%)
entry 1540000/4285633 (35.934%)
entry 1542000/4285633 (35.9807%)
entry 1544000/4285633 (36.0274%)
entry 1545000/4285633 (36.0507%)
entry 1546000/4285633 (36.074%)
entry 1547000/4285633 (36.0974%)
entry 1548000/4285633 (36.1207%)
entry 1549000/4285633 (36.144%)
entry 1552000/4285633 (36.214%)
entry 1554000/4285633 (36.2607%)
entry 1555000/4285633 (36.284%)
entry 1556000/4285633 (36.3074%)
entry 1557000/4285633 (36.3307%)
entry 1559000/4285633 (36.3774%)
entry 1561000/4285633 (36.424%)
entry 1562000/4285633 (36.4474%)
entry 1563000/4285633 (36.4707%)
entry 1564000/4285633 (36.494%)
entry 1568000/4285633 (36.5874%)
entry 1569000/4285633 (36.6107%)
entry 1570000/4285633 (36.634%)
entry 1571000/4285633 (36.6574%)
entry 1573000/4285633 (36.704%)
entry 1574000/4285633 (36.7274%)
entry 1575000/4285633 (36.7507%)
entry 1576000/4285633 (36.774%)
entry 1577000/4285633 (36.7974%)
entry 1578000/4285633 (36.8207%)
entry 1579000/4285633 (36.844%)
entry 1580000/4285633 (36.8674%)
entry 1582000/4285633 (36.914%)
entry 1584000/4285633 (36.9607%)
entry 1585000/4285633 (36.984%)
entry 1587000/4285633 (37.0307%)
entry 1588000/4285633 (37.054%)
entry 1590000/4285633 (37.1007%)
entry 1592000/4285633 (37.1474%)
entry 1593000/4285633 (37.1707%)
entry 1594000/4285633 (37.194%)
entry 1595000/4285633 (37.2174%)
entry 1596000/4285633 (37.2407%)
entry 1597000/4285633 (37.264%)
entry 1598000/4285633 (37.2874%)
entry 1602000/4285633 (37.3807%)
entry 1604000/4285633 (37.4274%)
entry 1605000/4285633 (37.4507%)
entry 1606000/4285633 (37.474%)
entry 1607000/4285633 (37.4974%)
entry 1608000/4285633 (37.5207%)
entry 1609000/4285633 (37.544%)
entry 1611000/4285633 (37.5907%)
entry 1612000/4285633 (37.614%)
entry 1613000/4285633 (37.6374%)
entry 1614000/4285633 (37.6607%)
entry 1615000/4285633 (37.684%)
entry 1616000/4285633 (37.7074%)
entry 1617000/4285633 (37.7307%)
entry 1618000/4285633 (37.754%)
entry 1619000/4285633 (37.7774%)
entry 1623000/4285633 (37.8707%)
entry 1628000/4285633 (37.9874%)
entry 1629000/4285633 (38.0107%)
entry 1632000/4285633 (38.0807%)
entry 1636000/4285633 (38.1741%)
entry 1637000/4285633 (38.1974%)
entry 1638000/4285633 (38.2207%)
entry 1639000/4285633 (38.2441%)
entry 1640000/4285633 (38.2674%)
entry 1641000/4285633 (38.2907%)
entry 1643000/4285633 (38.3374%)
entry 1644000/4285633 (38.3607%)
entry 1646000/4285633 (38.4074%)
entry 1647000/4285633 (38.4307%)
entry 1648000/4285633 (38.4541%)
entry 1650000/4285633 (38.5007%)
entry 1651000/4285633 (38.5241%)
entry 1652000/4285633 (38.5474%)
entry 1653000/4285633 (38.5707%)
entry 1657000/4285633 (38.6641%)
entry 1658000/4285633 (38.6874%)
entry 1659000/4285633 (38.7107%)
entry 1660000/4285633 (38.7341%)
entry 1661000/4285633 (38.7574%)
entry 1662000/4285633 (38.7807%)
entry 1663000/4285633 (38.8041%)
entry 1665000/4285633 (38.8507%)
entry 1666000/4285633 (38.8741%)
entry 1668000/4285633 (38.9207%)
entry 1669000/4285633 (38.9441%)
entry 1672000/4285633 (39.0141%)
entry 1674000/4285633 (39.0607%)
entry 1676000/4285633 (39.1074%)
entry 1677000/4285633 (39.1307%)
entry 1680000/4285633 (39.2007%)
entry 1683000/4285633 (39.2707%)
entry 1684000/4285633 (39.2941%)
entry 1686000/4285633 (39.3407%)
entry 1687000/4285633 (39.3641%)
entry 1688000/4285633 (39.3874%)
entry 1690000/4285633 (39.4341%)
entry 1691000/4285633 (39.4574%)
entry 1694000/4285633 (39.5274%)
entry 1695000/4285633 (39.5508%)
entry 1696000/4285633 (39.5741%)
entry 1697000/4285633 (39.5974%)
entry 1698000/4285633 (39.6208%)
entry 1699000/4285633 (39.6441%)
entry 1700000/4285633 (39.6674%)
entry 1702000/4285633 (39.7141%)
entry 1703000/4285633 (39.7374%)
entry 1704000/4285633 (39.7608%)
entry 1707000/4285633 (39.8308%)
entry 1712000/4285633 (39.9474%)
entry 1714000/4285633 (39.9941%)
entry 1716000/4285633 (40.0408%)
entry 1717000/4285633 (40.0641%)
entry 1721000/4285633 (40.1574%)
entry 1722000/4285633 (40.1808%)
entry 1723000/4285633 (40.2041%)
entry 1724000/4285633 (40.2274%)
entry 1725000/4285633 (40.2508%)
entry 1728000/4285633 (40.3208%)
entry 1729000/4285633 (40.3441%)
entry 1734000/4285633 (40.4608%)
entry 1736000/4285633 (40.5074%)
entry 1737000/4285633 (40.5308%)
entry 1738000/4285633 (40.5541%)
entry 1739000/4285633 (40.5774%)
entry 1742000/4285633 (40.6474%)
entry 1743000/4285633 (40.6708%)
entry 1744000/4285633 (40.6941%)
entry 1745000/4285633 (40.7174%)
entry 1746000/4285633 (40.7408%)
entry 1750000/4285633 (40.8341%)
entry 1751000/4285633 (40.8574%)
entry 1752000/4285633 (40.8808%)
entry 1753000/4285633 (40.9041%)
entry 1754000/4285633 (40.9274%)
entry 1755000/4285633 (40.9508%)
entry 1757000/4285633 (40.9974%)
entry 1758000/4285633 (41.0208%)
entry 1760000/4285633 (41.0674%)
entry 1762000/4285633 (41.1141%)
entry 1763000/4285633 (41.1374%)
entry 1764000/4285633 (41.1608%)
entry 1766000/4285633 (41.2074%)
entry 1767000/4285633 (41.2308%)
entry 1769000/4285633 (41.2775%)
entry 1770000/4285633 (41.3008%)
entry 1772000/4285633 (41.3475%)
entry 1773000/4285633 (41.3708%)
entry 1777000/4285633 (41.4641%)
entry 1781000/4285633 (41.5575%)
entry 1783000/4285633 (41.6041%)
entry 1784000/4285633 (41.6275%)
entry 1785000/4285633 (41.6508%)
entry 1786000/4285633 (41.6741%)
entry 1787000/4285633 (41.6975%)
entry 1789000/4285633 (41.7441%)
entry 1790000/4285633 (41.7675%)
entry 1791000/4285633 (41.7908%)
entry 1793000/4285633 (41.8375%)
entry 1794000/4285633 (41.8608%)
entry 1795000/4285633 (41.8841%)
entry 1796000/4285633 (41.9075%)
entry 1797000/4285633 (41.9308%)
entry 1798000/4285633 (41.9541%)
entry 1799000/4285633 (41.9775%)
entry 1803000/4285633 (42.0708%)
entry 1804000/4285633 (42.0941%)
entry 1805000/4285633 (42.1175%)
entry 1807000/4285633 (42.1641%)
entry 1808000/4285633 (42.1875%)
entry 1809000/4285633 (42.2108%)
entry 1810000/4285633 (42.2341%)
entry 1812000/4285633 (42.2808%)
entry 1813000/4285633 (42.3041%)
entry 1814000/4285633 (42.3275%)
entry 1816000/4285633 (42.3741%)
entry 1819000/4285633 (42.4441%)
entry 1820000/4285633 (42.4675%)
entry 1821000/4285633 (42.4908%)
entry 1822000/4285633 (42.5141%)
entry 1823000/4285633 (42.5375%)
entry 1824000/4285633 (42.5608%)
entry 1826000/4285633 (42.6075%)
entry 1827000/4285633 (42.6308%)
entry 1828000/4285633 (42.6541%)
entry 1829000/4285633 (42.6775%)
entry 1830000/4285633 (42.7008%)
entry 1832000/4285633 (42.7475%)
entry 1833000/4285633 (42.7708%)
entry 1835000/4285633 (42.8175%)
entry 1836000/4285633 (42.8408%)
entry 1839000/4285633 (42.9108%)
entry 1840000/4285633 (42.9341%)
entry 1841000/4285633 (42.9575%)
entry 1842000/4285633 (42.9808%)
entry 1843000/4285633 (43.0041%)
entry 1844000/4285633 (43.0275%)
entry 1846000/4285633 (43.0741%)
entry 1847000/4285633 (43.0975%)
entry 1848000/4285633 (43.1208%)
entry 1849000/4285633 (43.1442%)
entry 1852000/4285633 (43.2142%)
entry 1853000/4285633 (43.2375%)
entry 1855000/4285633 (43.2842%)
entry 1856000/4285633 (43.3075%)
entry 1858000/4285633 (43.3542%)
entry 1860000/4285633 (43.4008%)
entry 1861000/4285633 (43.4242%)
entry 1864000/4285633 (43.4942%)
entry 1865000/4285633 (43.5175%)
entry 1867000/4285633 (43.5642%)
entry 1870000/4285633 (43.6342%)
entry 1871000/4285633 (43.6575%)
entry 1872000/4285633 (43.6808%)
entry 1874000/4285633 (43.7275%)
entry 1875000/4285633 (43.7508%)
entry 1876000/4285633 (43.7742%)
entry 1877000/4285633 (43.7975%)
entry 1878000/4285633 (43.8208%)
entry 1879000/4285633 (43.8442%)
entry 1881000/4285633 (43.8908%)
entry 1882000/4285633 (43.9142%)
entry 1883000/4285633 (43.9375%)
entry 1884000/4285633 (43.9608%)
entry 1885000/4285633 (43.9842%)
entry 1886000/4285633 (44.0075%)
entry 1887000/4285633 (44.0308%)
entry 1888000/4285633 (44.0542%)
entry 1890000/4285633 (44.1008%)
entry 1893000/4285633 (44.1708%)
entry 1894000/4285633 (44.1942%)
entry 1895000/4285633 (44.2175%)
entry 1896000/4285633 (44.2408%)
entry 1897000/4285633 (44.2642%)
entry 1899000/4285633 (44.3108%)
entry 1900000/4285633 (44.3342%)
entry 1902000/4285633 (44.3808%)
entry 1906000/4285633 (44.4742%)
entry 1909000/4285633 (44.5442%)
entry 1910000/4285633 (44.5675%)
entry 1911000/4285633 (44.5908%)
entry 1913000/4285633 (44.6375%)
entry 1919000/4285633 (44.7775%)
entry 1920000/4285633 (44.8009%)
entry 1921000/4285633 (44.8242%)
entry 1922000/4285633 (44.8475%)
entry 1923000/4285633 (44.8709%)
entry 1924000/4285633 (44.8942%)
entry 1925000/4285633 (44.9175%)
entry 1926000/4285633 (44.9409%)
entry 1928000/4285633 (44.9875%)
entry 1930000/4285633 (45.0342%)
entry 1931000/4285633 (45.0575%)
entry 1932000/4285633 (45.0809%)
entry 1934000/4285633 (45.1275%)
entry 1938000/4285633 (45.2209%)
entry 1940000/4285633 (45.2675%)
entry 1941000/4285633 (45.2909%)
entry 1943000/4285633 (45.3375%)
entry 1944000/4285633 (45.3609%)
entry 1945000/4285633 (45.3842%)
entry 1946000/4285633 (45.4075%)
entry 1947000/4285633 (45.4309%)
entry 1948000/4285633 (45.4542%)
entry 1949000/4285633 (45.4775%)
entry 1950000/4285633 (45.5009%)
entry 1952000/4285633 (45.5475%)
entry 1953000/4285633 (45.5709%)
entry 1955000/4285633 (45.6175%)
entry 1956000/4285633 (45.6409%)
entry 1960000/4285633 (45.7342%)
entry 1962000/4285633 (45.7809%)
entry 1965000/4285633 (45.8509%)
entry 1966000/4285633 (45.8742%)
entry 1967000/4285633 (45.8975%)
entry 1968000/4285633 (45.9209%)
entry 1971000/4285633 (45.9909%)
entry 1972000/4285633 (46.0142%)
entry 1975000/4285633 (46.0842%)
entry 1977000/4285633 (46.1309%)
entry 1978000/4285633 (46.1542%)
entry 1979000/4285633 (46.1775%)
entry 1981000/4285633 (46.2242%)
entry 1982000/4285633 (46.2475%)
entry 1983000/4285633 (46.2709%)
entry 1984000/4285633 (46.2942%)
entry 1985000/4285633 (46.3175%)
entry 1986000/4285633 (46.3409%)
entry 1991000/4285633 (46.4575%)
entry 1996000/4285633 (46.5742%)
entry 1997000/4285633 (46.5975%)
entry 1998000/4285633 (46.6209%)
entry 1999000/4285633 (46.6442%)
entry 2002000/4285633 (46.7142%)
entry 2003000/4285633 (46.7376%)
entry 2004000/4285633 (46.7609%)
entry 2006000/4285633 (46.8076%)
entry 2007000/4285633 (46.8309%)
entry 2008000/4285633 (46.8542%)
entry 2011000/4285633 (46.9242%)
entry 2015000/4285633 (47.0176%)
entry 2018000/4285633 (47.0876%)
entry 2019000/4285633 (47.1109%)
entry 2021000/4285633 (47.1576%)
entry 2022000/4285633 (47.1809%)
entry 2024000/4285633 (47.2276%)
entry 2025000/4285633 (47.2509%)
entry 2026000/4285633 (47.2742%)
entry 2028000/4285633 (47.3209%)
entry 2029000/4285633 (47.3442%)
entry 2031000/4285633 (47.3909%)
entry 2032000/4285633 (47.4142%)
entry 2035000/4285633 (47.4842%)
entry 2036000/4285633 (47.5076%)
entry 2037000/4285633 (47.5309%)
entry 2040000/4285633 (47.6009%)
entry 2042000/4285633 (47.6476%)
entry 2043000/4285633 (47.6709%)
entry 2045000/4285633 (47.7176%)
entry 2046000/4285633 (47.7409%)
entry 2049000/4285633 (47.8109%)
entry 2050000/4285633 (47.8342%)
entry 2051000/4285633 (47.8576%)
entry 2052000/4285633 (47.8809%)
entry 2053000/4285633 (47.9042%)
entry 2054000/4285633 (47.9276%)
entry 2055000/4285633 (47.9509%)
entry 2057000/4285633 (47.9976%)
entry 2058000/4285633 (48.0209%)
entry 2059000/4285633 (48.0442%)
entry 2061000/4285633 (48.0909%)
entry 2062000/4285633 (48.1142%)
entry 2064000/4285633 (48.1609%)
entry 2065000/4285633 (48.1842%)
entry 2066000/4285633 (48.2076%)
entry 2067000/4285633 (48.2309%)
entry 2068000/4285633 (48.2542%)
entry 2069000/4285633 (48.2776%)
entry 2071000/4285633 (48.3243%)
entry 2072000/4285633 (48.3476%)
entry 2073000/4285633 (48.3709%)
entry 2074000/4285633 (48.3943%)
entry 2076000/4285633 (48.4409%)
entry 2077000/4285633 (48.4643%)
entry 2078000/4285633 (48.4876%)
entry 2081000/4285633 (48.5576%)
entry 2082000/4285633 (48.5809%)
entry 2083000/4285633 (48.6043%)
entry 2085000/4285633 (48.6509%)
entry 2088000/4285633 (48.7209%)
entry 2089000/4285633 (48.7443%)
entry 2090000/4285633 (48.7676%)
entry 2092000/4285633 (48.8143%)
entry 2093000/4285633 (48.8376%)
entry 2094000/4285633 (48.8609%)
entry 2096000/4285633 (48.9076%)
entry 2097000/4285633 (48.9309%)
entry 2098000/4285633 (48.9543%)
entry 2100000/4285633 (49.0009%)
entry 2102000/4285633 (49.0476%)
entry 2104000/4285633 (49.0943%)
entry 2106000/4285633 (49.1409%)
entry 2107000/4285633 (49.1643%)
entry 2108000/4285633 (49.1876%)
entry 2109000/4285633 (49.2109%)
entry 2110000/4285633 (49.2343%)
entry 2113000/4285633 (49.3043%)
entry 2116000/4285633 (49.3743%)
entry 2117000/4285633 (49.3976%)
entry 2118000/4285633 (49.4209%)
entry 2121000/4285633 (49.4909%)
entry 2123000/4285633 (49.5376%)
entry 2124000/4285633 (49.5609%)
entry 2125000/4285633 (49.5843%)
entry 2126000/4285633 (49.6076%)
entry 2127000/4285633 (49.6309%)
entry 2129000/4285633 (49.6776%)
entry 2130000/4285633 (49.7009%)
entry 2131000/4285633 (49.7243%)
entry 2132000/4285633 (49.7476%)
entry 2134000/4285633 (49.7943%)
entry 2135000/4285633 (49.8176%)
entry 2136000/4285633 (49.8409%)
entry 2138000/4285633 (49.8876%)
entry 2143000/4285633 (50.0043%)
entry 2144000/4285633 (50.0276%)
entry 2145000/4285633 (50.051%)
entry 2146000/4285633 (50.0743%)
entry 2147000/4285633 (50.0976%)
entry 2148000/4285633 (50.1209%)
entry 2149000/4285633 (50.1443%)
entry 2150000/4285633 (50.1676%)
entry 2151000/4285633 (50.1909%)
entry 2152000/4285633 (50.2143%)
entry 2153000/4285633 (50.2376%)
entry 2154000/4285633 (50.261%)
entry 2157000/4285633 (50.331%)
entry 2161000/4285633 (50.4243%)
entry 2162000/4285633 (50.4476%)
entry 2163000/4285633 (50.471%)
entry 2165000/4285633 (50.5176%)
entry 2166000/4285633 (50.541%)
entry 2167000/4285633 (50.5643%)
entry 2168000/4285633 (50.5876%)
entry 2169000/4285633 (50.611%)
entry 2171000/4285633 (50.6576%)
entry 2172000/4285633 (50.681%)
entry 2174000/4285633 (50.7276%)
entry 2175000/4285633 (50.751%)
entry 2176000/4285633 (50.7743%)
entry 2178000/4285633 (50.821%)
entry 2179000/4285633 (50.8443%)
entry 2180000/4285633 (50.8676%)
entry 2181000/4285633 (50.891%)
entry 2183000/4285633 (50.9376%)
entry 2185000/4285633 (50.9843%)
entry 2186000/4285633 (51.0076%)
entry 2187000/4285633 (51.031%)
entry 2188000/4285633 (51.0543%)
entry 2193000/4285633 (51.171%)
entry 2194000/4285633 (51.1943%)
entry 2195000/4285633 (51.2176%)
entry 2198000/4285633 (51.2876%)
entry 2201000/4285633 (51.3576%)
entry 2203000/4285633 (51.4043%)
entry 2205000/4285633 (51.451%)
entry 2207000/4285633 (51.4976%)
entry 2208000/4285633 (51.521%)
entry 2209000/4285633 (51.5443%)
entry 2211000/4285633 (51.591%)
entry 2212000/4285633 (51.6143%)
entry 2214000/4285633 (51.661%)
entry 2215000/4285633 (51.6843%)
entry 2219000/4285633 (51.7776%)
entry 2220000/4285633 (51.801%)
entry 2222000/4285633 (51.8476%)
entry 2224000/4285633 (51.8943%)
entry 2226000/4285633 (51.941%)
entry 2227000/4285633 (51.9643%)
entry 2229000/4285633 (52.011%)
entry 2230000/4285633 (52.0343%)
entry 2231000/4285633 (52.0577%)
entry 2232000/4285633 (52.081%)
entry 2233000/4285633 (52.1043%)
entry 2234000/4285633 (52.1277%)
entry 2235000/4285633 (52.151%)
entry 2237000/4285633 (52.1977%)
entry 2243000/4285633 (52.3377%)
entry 2245000/4285633 (52.3843%)
entry 2246000/4285633 (52.4077%)
entry 2247000/4285633 (52.431%)
entry 2248000/4285633 (52.4543%)
entry 2250000/4285633 (52.501%)
entry 2252000/4285633 (52.5477%)
entry 2253000/4285633 (52.571%)
entry 2256000/4285633 (52.641%)
entry 2258000/4285633 (52.6877%)
entry 2259000/4285633 (52.711%)
entry 2260000/4285633 (52.7343%)
entry 2262000/4285633 (52.781%)
entry 2263000/4285633 (52.8043%)
entry 2264000/4285633 (52.8277%)
entry 2266000/4285633 (52.8743%)
entry 2267000/4285633 (52.8977%)
entry 2268000/4285633 (52.921%)
entry 2269000/4285633 (52.9443%)
entry 2271000/4285633 (52.991%)
entry 2272000/4285633 (53.0143%)
entry 2273000/4285633 (53.0377%)
entry 2275000/4285633 (53.0843%)
entry 2276000/4285633 (53.1077%)
entry 2278000/4285633 (53.1543%)
entry 2279000/4285633 (53.1777%)
entry 2282000/4285633 (53.2477%)
entry 2283000/4285633 (53.271%)
entry 2284000/4285633 (53.2943%)
entry 2286000/4285633 (53.341%)
entry 2287000/4285633 (53.3643%)
entry 2288000/4285633 (53.3877%)
entry 2289000/4285633 (53.411%)
entry 2290000/4285633 (53.4343%)
entry 2291000/4285633 (53.4577%)
entry 2292000/4285633 (53.481%)
entry 2293000/4285633 (53.5043%)
entry 2295000/4285633 (53.551%)
entry 2296000/4285633 (53.5743%)
entry 2297000/4285633 (53.5977%)
entry 2299000/4285633 (53.6444%)
entry 2301000/4285633 (53.691%)
entry 2303000/4285633 (53.7377%)
entry 2304000/4285633 (53.761%)
entry 2305000/4285633 (53.7844%)
entry 2306000/4285633 (53.8077%)
entry 2307000/4285633 (53.831%)
entry 2308000/4285633 (53.8544%)
entry 2309000/4285633 (53.8777%)
entry 2310000/4285633 (53.901%)
entry 2311000/4285633 (53.9244%)
entry 2312000/4285633 (53.9477%)
entry 2313000/4285633 (53.971%)
entry 2315000/4285633 (54.0177%)
entry 2316000/4285633 (54.041%)
entry 2317000/4285633 (54.0644%)
entry 2318000/4285633 (54.0877%)
entry 2319000/4285633 (54.111%)
entry 2320000/4285633 (54.1344%)
entry 2323000/4285633 (54.2044%)
entry 2324000/4285633 (54.2277%)
entry 2325000/4285633 (54.251%)
entry 2327000/4285633 (54.2977%)
entry 2328000/4285633 (54.321%)
entry 2331000/4285633 (54.391%)
entry 2332000/4285633 (54.4144%)
entry 2333000/4285633 (54.4377%)
entry 2336000/4285633 (54.5077%)
entry 2337000/4285633 (54.531%)
entry 2338000/4285633 (54.5544%)
entry 2339000/4285633 (54.5777%)
entry 2340000/4285633 (54.601%)
entry 2342000/4285633 (54.6477%)
entry 2344000/4285633 (54.6944%)
entry 2345000/4285633 (54.7177%)
entry 2346000/4285633 (54.741%)
entry 2347000/4285633 (54.7644%)
entry 2349000/4285633 (54.811%)
entry 2350000/4285633 (54.8344%)
entry 2351000/4285633 (54.8577%)
entry 2353000/4285633 (54.9044%)
entry 2355000/4285633 (54.951%)
entry 2358000/4285633 (55.021%)
entry 2359000/4285633 (55.0444%)
entry 2360000/4285633 (55.0677%)
entry 2361000/4285633 (55.091%)
entry 2362000/4285633 (55.1144%)
entry 2363000/4285633 (55.1377%)
entry 2365000/4285633 (55.1844%)
entry 2367000/4285633 (55.231%)
entry 2368000/4285633 (55.2544%)
entry 2369000/4285633 (55.2777%)
entry 2370000/4285633 (55.301%)
entry 2374000/4285633 (55.3944%)
entry 2377000/4285633 (55.4644%)
entry 2378000/4285633 (55.4877%)
entry 2381000/4285633 (55.5577%)
entry 2383000/4285633 (55.6044%)
entry 2384000/4285633 (55.6277%)
entry 2387000/4285633 (55.6977%)
entry 2389000/4285633 (55.7444%)
entry 2390000/4285633 (55.7677%)
entry 2392000/4285633 (55.8144%)
entry 2397000/4285633 (55.9311%)
entry 2400000/4285633 (56.0011%)
entry 2401000/4285633 (56.0244%)
entry 2402000/4285633 (56.0477%)
entry 2403000/4285633 (56.0711%)
entry 2404000/4285633 (56.0944%)
entry 2405000/4285633 (56.1177%)
entry 2406000/4285633 (56.1411%)
entry 2409000/4285633 (56.2111%)
entry 2410000/4285633 (56.2344%)
entry 2411000/4285633 (56.2577%)
entry 2416000/4285633 (56.3744%)
entry 2417000/4285633 (56.3977%)
entry 2418000/4285633 (56.4211%)
entry 2419000/4285633 (56.4444%)
entry 2421000/4285633 (56.4911%)
entry 2422000/4285633 (56.5144%)
entry 2425000/4285633 (56.5844%)
entry 2426000/4285633 (56.6077%)
entry 2429000/4285633 (56.6777%)
entry 2430000/4285633 (56.7011%)
entry 2431000/4285633 (56.7244%)
entry 2432000/4285633 (56.7477%)
entry 2435000/4285633 (56.8177%)
entry 2437000/4285633 (56.8644%)
entry 2439000/4285633 (56.9111%)
entry 2441000/4285633 (56.9577%)
entry 2448000/4285633 (57.1211%)
entry 2450000/4285633 (57.1678%)
entry 2452000/4285633 (57.2144%)
entry 2454000/4285633 (57.2611%)
entry 2456000/4285633 (57.3078%)
entry 2458000/4285633 (57.3544%)
entry 2459000/4285633 (57.3778%)
entry 2460000/4285633 (57.4011%)
entry 2461000/4285633 (57.4244%)
entry 2462000/4285633 (57.4478%)
entry 2465000/4285633 (57.5178%)
entry 2466000/4285633 (57.5411%)
entry 2467000/4285633 (57.5644%)
entry 2468000/4285633 (57.5878%)
entry 2469000/4285633 (57.6111%)
entry 2470000/4285633 (57.6344%)
entry 2471000/4285633 (57.6578%)
entry 2472000/4285633 (57.6811%)
entry 2473000/4285633 (57.7044%)
entry 2474000/4285633 (57.7278%)
entry 2476000/4285633 (57.7744%)
entry 2477000/4285633 (57.7978%)
entry 2481000/4285633 (57.8911%)
entry 2484000/4285633 (57.9611%)
entry 2486000/4285633 (58.0078%)
entry 2487000/4285633 (58.0311%)
entry 2489000/4285633 (58.0778%)
entry 2490000/4285633 (58.1011%)
entry 2492000/4285633 (58.1478%)
entry 2494000/4285633 (58.1944%)
entry 2495000/4285633 (58.2178%)
entry 2496000/4285633 (58.2411%)
entry 2497000/4285633 (58.2644%)
entry 2498000/4285633 (58.2878%)
entry 2500000/4285633 (58.3344%)
entry 2501000/4285633 (58.3578%)
entry 2502000/4285633 (58.3811%)
entry 2503000/4285633 (58.4044%)
entry 2504000/4285633 (58.4278%)
entry 2505000/4285633 (58.4511%)
entry 2506000/4285633 (58.4744%)
entry 2510000/4285633 (58.5678%)
entry 2511000/4285633 (58.5911%)
entry 2512000/4285633 (58.6144%)
entry 2513000/4285633 (58.6378%)
entry 2515000/4285633 (58.6844%)
entry 2516000/4285633 (58.7078%)
entry 2518000/4285633 (58.7545%)
entry 2519000/4285633 (58.7778%)
entry 2522000/4285633 (58.8478%)
entry 2524000/4285633 (58.8944%)
entry 2525000/4285633 (58.9178%)
entry 2527000/4285633 (58.9644%)
entry 2532000/4285633 (59.0811%)
entry 2533000/4285633 (59.1045%)
entry 2535000/4285633 (59.1511%)
entry 2537000/4285633 (59.1978%)
entry 2540000/4285633 (59.2678%)
entry 2541000/4285633 (59.2911%)
entry 2543000/4285633 (59.3378%)
entry 2546000/4285633 (59.4078%)
entry 2548000/4285633 (59.4545%)
entry 2549000/4285633 (59.4778%)
entry 2550000/4285633 (59.5011%)
entry 2551000/4285633 (59.5245%)
entry 2552000/4285633 (59.5478%)
entry 2558000/4285633 (59.6878%)
entry 2559000/4285633 (59.7111%)
entry 2560000/4285633 (59.7345%)
entry 2563000/4285633 (59.8045%)
entry 2566000/4285633 (59.8745%)
entry 2567000/4285633 (59.8978%)
entry 2569000/4285633 (59.9445%)
entry 2571000/4285633 (59.9911%)
entry 2573000/4285633 (60.0378%)
entry 2574000/4285633 (60.0611%)
entry 2575000/4285633 (60.0845%)
entry 2576000/4285633 (60.1078%)
entry 2577000/4285633 (60.1311%)
entry 2578000/4285633 (60.1545%)
entry 2579000/4285633 (60.1778%)
entry 2580000/4285633 (60.2011%)
entry 2581000/4285633 (60.2245%)
entry 2583000/4285633 (60.2711%)
entry 2584000/4285633 (60.2945%)
entry 2585000/4285633 (60.3178%)
entry 2587000/4285633 (60.3645%)
entry 2590000/4285633 (60.4345%)
entry 2591000/4285633 (60.4578%)
entry 2592000/4285633 (60.4811%)
entry 2595000/4285633 (60.5511%)
entry 2597000/4285633 (60.5978%)
entry 2598000/4285633 (60.6211%)
entry 2599000/4285633 (60.6445%)
entry 2601000/4285633 (60.6912%)
entry 2602000/4285633 (60.7145%)
entry 2603000/4285633 (60.7378%)
entry 2604000/4285633 (60.7612%)
entry 2606000/4285633 (60.8078%)
entry 2607000/4285633 (60.8312%)
entry 2609000/4285633 (60.8778%)
entry 2610000/4285633 (60.9012%)
entry 2612000/4285633 (60.9478%)
entry 2614000/4285633 (60.9945%)
entry 2615000/4285633 (61.0178%)
entry 2618000/4285633 (61.0878%)
entry 2621000/4285633 (61.1578%)
entry 2623000/4285633 (61.2045%)
entry 2625000/4285633 (61.2512%)
entry 2626000/4285633 (61.2745%)
entry 2629000/4285633 (61.3445%)
entry 2630000/4285633 (61.3678%)
entry 2632000/4285633 (61.4145%)
entry 2633000/4285633 (61.4378%)
entry 2635000/4285633 (61.4845%)
entry 2637000/4285633 (61.5312%)
entry 2639000/4285633 (61.5778%)
entry 2640000/4285633 (61.6012%)
entry 2641000/4285633 (61.6245%)
entry 2642000/4285633 (61.6478%)
entry 2644000/4285633 (61.6945%)
entry 2645000/4285633 (61.7178%)
entry 2650000/4285633 (61.8345%)
entry 2651000/4285633 (61.8578%)
entry 2654000/4285633 (61.9278%)
entry 2657000/4285633 (61.9978%)
entry 2658000/4285633 (62.0212%)
entry 2659000/4285633 (62.0445%)
entry 2660000/4285633 (62.0678%)
entry 2663000/4285633 (62.1378%)
entry 2667000/4285633 (62.2312%)
entry 2669000/4285633 (62.2778%)
entry 2670000/4285633 (62.3012%)
entry 2673000/4285633 (62.3712%)
entry 2674000/4285633 (62.3945%)
entry 2675000/4285633 (62.4179%)
entry 2676000/4285633 (62.4412%)
entry 2678000/4285633 (62.4879%)
entry 2679000/4285633 (62.5112%)
entry 2681000/4285633 (62.5579%)
entry 2683000/4285633 (62.6045%)
entry 2688000/4285633 (62.7212%)
entry 2689000/4285633 (62.7445%)
entry 2692000/4285633 (62.8145%)
entry 2693000/4285633 (62.8379%)
entry 2695000/4285633 (62.8845%)
entry 2696000/4285633 (62.9079%)
entry 2697000/4285633 (62.9312%)
entry 2698000/4285633 (62.9545%)
entry 2699000/4285633 (62.9779%)
entry 2702000/4285633 (63.0479%)
entry 2703000/4285633 (63.0712%)
entry 2705000/4285633 (63.1179%)
entry 2706000/4285633 (63.1412%)
entry 2707000/4285633 (63.1645%)
entry 2709000/4285633 (63.2112%)
entry 2713000/4285633 (63.3045%)
entry 2714000/4285633 (63.3279%)
entry 2715000/4285633 (63.3512%)
entry 2716000/4285633 (63.3745%)
entry 2718000/4285633 (63.4212%)
entry 2720000/4285633 (63.4679%)
entry 2723000/4285633 (63.5379%)
entry 2726000/4285633 (63.6079%)
entry 2727000/4285633 (63.6312%)
entry 2733000/4285633 (63.7712%)
entry 2734000/4285633 (63.7945%)
entry 2735000/4285633 (63.8179%)
entry 2740000/4285633 (63.9345%)
entry 2741000/4285633 (63.9579%)
entry 2742000/4285633 (63.9812%)
entry 2743000/4285633 (64.0045%)
entry 2744000/4285633 (64.0279%)
entry 2745000/4285633 (64.0512%)
entry 2746000/4285633 (64.0745%)
entry 2747000/4285633 (64.0979%)
entry 2748000/4285633 (64.1212%)
entry 2750000/4285633 (64.1679%)
entry 2751000/4285633 (64.1912%)
entry 2752000/4285633 (64.2146%)
entry 2753000/4285633 (64.2379%)
entry 2754000/4285633 (64.2612%)
entry 2755000/4285633 (64.2846%)
entry 2758000/4285633 (64.3546%)
entry 2759000/4285633 (64.3779%)
entry 2760000/4285633 (64.4012%)
entry 2762000/4285633 (64.4479%)
entry 2765000/4285633 (64.5179%)
entry 2770000/4285633 (64.6346%)
entry 2773000/4285633 (64.7046%)
entry 2774000/4285633 (64.7279%)
entry 2776000/4285633 (64.7746%)
entry 2777000/4285633 (64.7979%)
entry 2778000/4285633 (64.8212%)
entry 2779000/4285633 (64.8446%)
entry 2780000/4285633 (64.8679%)
entry 2783000/4285633 (64.9379%)
entry 2786000/4285633 (65.0079%)
entry 2788000/4285633 (65.0546%)
entry 2789000/4285633 (65.0779%)
entry 2791000/4285633 (65.1246%)
entry 2793000/4285633 (65.1712%)
entry 2795000/4285633 (65.2179%)
entry 2797000/4285633 (65.2646%)
entry 2799000/4285633 (65.3112%)
entry 2800000/4285633 (65.3346%)
entry 2801000/4285633 (65.3579%)
entry 2802000/4285633 (65.3812%)
entry 2804000/4285633 (65.4279%)
entry 2805000/4285633 (65.4512%)
entry 2806000/4285633 (65.4746%)
entry 2809000/4285633 (65.5446%)
entry 2810000/4285633 (65.5679%)
entry 2811000/4285633 (65.5912%)
entry 2813000/4285633 (65.6379%)
entry 2814000/4285633 (65.6612%)
entry 2817000/4285633 (65.7312%)
entry 2818000/4285633 (65.7546%)
entry 2819000/4285633 (65.7779%)
entry 2821000/4285633 (65.8246%)
entry 2823000/4285633 (65.8713%)
entry 2824000/4285633 (65.8946%)
entry 2825000/4285633 (65.9179%)
entry 2829000/4285633 (66.0113%)
entry 2831000/4285633 (66.0579%)
entry 2838000/4285633 (66.2213%)
entry 2839000/4285633 (66.2446%)
entry 2843000/4285633 (66.3379%)
entry 2846000/4285633 (66.4079%)
entry 2847000/4285633 (66.4313%)
entry 2848000/4285633 (66.4546%)
entry 2849000/4285633 (66.4779%)
entry 2850000/4285633 (66.5013%)
entry 2851000/4285633 (66.5246%)
entry 2852000/4285633 (66.5479%)
entry 2857000/4285633 (66.6646%)
entry 2858000/4285633 (66.6879%)
entry 2859000/4285633 (66.7113%)
entry 2861000/4285633 (66.7579%)
entry 2862000/4285633 (66.7813%)
entry 2863000/4285633 (66.8046%)
entry 2865000/4285633 (66.8513%)
entry 2867000/4285633 (66.8979%)
entry 2871000/4285633 (66.9913%)
entry 2872000/4285633 (67.0146%)
entry 2873000/4285633 (67.0379%)
entry 2875000/4285633 (67.0846%)
entry 2879000/4285633 (67.1779%)
entry 2880000/4285633 (67.2013%)
entry 2881000/4285633 (67.2246%)
entry 2882000/4285633 (67.2479%)
entry 2883000/4285633 (67.2713%)
entry 2885000/4285633 (67.3179%)
entry 2886000/4285633 (67.3413%)
entry 2887000/4285633 (67.3646%)
entry 2888000/4285633 (67.3879%)
entry 2890000/4285633 (67.4346%)
entry 2891000/4285633 (67.4579%)
entry 2892000/4285633 (67.4813%)
entry 2895000/4285633 (67.5513%)
entry 2896000/4285633 (67.5746%)
entry 2897000/4285633 (67.5979%)
entry 2899000/4285633 (67.6446%)
entry 2900000/4285633 (67.6679%)
entry 2902000/4285633 (67.7146%)
entry 2904000/4285633 (67.7613%)
entry 2905000/4285633 (67.7846%)
entry 2906000/4285633 (67.808%)
entry 2907000/4285633 (67.8313%)
entry 2909000/4285633 (67.878%)
entry 2911000/4285633 (67.9246%)
entry 2912000/4285633 (67.948%)
entry 2913000/4285633 (67.9713%)
entry 2914000/4285633 (67.9946%)
entry 2916000/4285633 (68.0413%)
entry 2917000/4285633 (68.0646%)
entry 2918000/4285633 (68.088%)
entry 2920000/4285633 (68.1346%)
entry 2921000/4285633 (68.158%)
entry 2922000/4285633 (68.1813%)
entry 2924000/4285633 (68.228%)
entry 2925000/4285633 (68.2513%)
entry 2929000/4285633 (68.3446%)
entry 2931000/4285633 (68.3913%)
entry 2934000/4285633 (68.4613%)
entry 2935000/4285633 (68.4846%)
entry 2936000/4285633 (68.508%)
entry 2939000/4285633 (68.578%)
entry 2941000/4285633 (68.6246%)
entry 2944000/4285633 (68.6946%)
entry 2945000/4285633 (68.718%)
entry 2946000/4285633 (68.7413%)
entry 2947000/4285633 (68.7646%)
entry 2949000/4285633 (68.8113%)
entry 2951000/4285633 (68.858%)
entry 2952000/4285633 (68.8813%)
entry 2953000/4285633 (68.9046%)
entry 2957000/4285633 (68.998%)
entry 2960000/4285633 (69.068%)
entry 2961000/4285633 (69.0913%)
entry 2963000/4285633 (69.138%)
entry 2964000/4285633 (69.1613%)
entry 2965000/4285633 (69.1846%)
entry 2966000/4285633 (69.208%)
entry 2967000/4285633 (69.2313%)
entry 2969000/4285633 (69.278%)
entry 2970000/4285633 (69.3013%)
entry 2971000/4285633 (69.3246%)
entry 2973000/4285633 (69.3713%)
entry 2975000/4285633 (69.418%)
entry 2976000/4285633 (69.4413%)
entry 2977000/4285633 (69.4647%)
entry 2978000/4285633 (69.488%)
entry 2980000/4285633 (69.5347%)
entry 2982000/4285633 (69.5813%)
entry 2983000/4285633 (69.6047%)
entry 2984000/4285633 (69.628%)
entry 2987000/4285633 (69.698%)
entry 2989000/4285633 (69.7447%)
entry 2990000/4285633 (69.768%)
entry 2992000/4285633 (69.8147%)
entry 2993000/4285633 (69.838%)
entry 2994000/4285633 (69.8613%)
entry 2995000/4285633 (69.8847%)
entry 2997000/4285633 (69.9313%)
entry 3000000/4285633 (70.0013%)
entry 3001000/4285633 (70.0247%)
entry 3002000/4285633 (70.048%)
entry 3004000/4285633 (70.0947%)
entry 3005000/4285633 (70.118%)
entry 3008000/4285633 (70.188%)
entry 3009000/4285633 (70.2113%)
entry 3010000/4285633 (70.2347%)
entry 3011000/4285633 (70.258%)
entry 3015000/4285633 (70.3513%)
entry 3016000/4285633 (70.3747%)
entry 3017000/4285633 (70.398%)
entry 3018000/4285633 (70.4213%)
entry 3020000/4285633 (70.468%)
entry 3022000/4285633 (70.5147%)
entry 3024000/4285633 (70.5613%)
entry 3027000/4285633 (70.6313%)
entry 3030000/4285633 (70.7013%)
entry 3031000/4285633 (70.7247%)
entry 3032000/4285633 (70.748%)
entry 3033000/4285633 (70.7713%)
entry 3034000/4285633 (70.7947%)
entry 3036000/4285633 (70.8413%)
entry 3037000/4285633 (70.8647%)
entry 3038000/4285633 (70.888%)
entry 3041000/4285633 (70.958%)
entry 3042000/4285633 (70.9813%)
entry 3043000/4285633 (71.0047%)
entry 3044000/4285633 (71.028%)
entry 3045000/4285633 (71.0513%)
entry 3047000/4285633 (71.098%)
entry 3048000/4285633 (71.1213%)
entry 3049000/4285633 (71.1447%)
entry 3051000/4285633 (71.1914%)
entry 3052000/4285633 (71.2147%)
entry 3054000/4285633 (71.2614%)
entry 3055000/4285633 (71.2847%)
entry 3056000/4285633 (71.308%)
entry 3058000/4285633 (71.3547%)
entry 3060000/4285633 (71.4014%)
entry 3063000/4285633 (71.4714%)
entry 3064000/4285633 (71.4947%)
entry 3066000/4285633 (71.5414%)
entry 3067000/4285633 (71.5647%)
entry 3071000/4285633 (71.658%)
entry 3072000/4285633 (71.6814%)
entry 3074000/4285633 (71.728%)
entry 3075000/4285633 (71.7514%)
entry 3076000/4285633 (71.7747%)
entry 3077000/4285633 (71.798%)
entry 3078000/4285633 (71.8214%)
entry 3080000/4285633 (71.868%)
entry 3081000/4285633 (71.8914%)
entry 3082000/4285633 (71.9147%)
entry 3085000/4285633 (71.9847%)
entry 3086000/4285633 (72.008%)
entry 3087000/4285633 (72.0314%)
entry 3088000/4285633 (72.0547%)
entry 3090000/4285633 (72.1014%)
entry 3091000/4285633 (72.1247%)
entry 3092000/4285633 (72.148%)
entry 3094000/4285633 (72.1947%)
entry 3095000/4285633 (72.218%)
entry 3096000/4285633 (72.2414%)
entry 3097000/4285633 (72.2647%)
entry 3098000/4285633 (72.288%)
entry 3100000/4285633 (72.3347%)
entry 3101000/4285633 (72.358%)
entry 3103000/4285633 (72.4047%)
entry 3104000/4285633 (72.428%)
entry 3105000/4285633 (72.4514%)
entry 3107000/4285633 (72.498%)
entry 3108000/4285633 (72.5214%)
entry 3109000/4285633 (72.5447%)
entry 3112000/4285633 (72.6147%)
entry 3113000/4285633 (72.638%)
entry 3114000/4285633 (72.6614%)
entry 3115000/4285633 (72.6847%)
entry 3116000/4285633 (72.708%)
entry 3121000/4285633 (72.8247%)
entry 3123000/4285633 (72.8714%)
entry 3124000/4285633 (72.8947%)
entry 3125000/4285633 (72.9181%)
entry 3126000/4285633 (72.9414%)
entry 3129000/4285633 (73.0114%)
entry 3130000/4285633 (73.0347%)
entry 3132000/4285633 (73.0814%)
entry 3133000/4285633 (73.1047%)
entry 3135000/4285633 (73.1514%)
entry 3136000/4285633 (73.1747%)
entry 3137000/4285633 (73.1981%)
entry 3140000/4285633 (73.2681%)
entry 3143000/4285633 (73.3381%)
entry 3144000/4285633 (73.3614%)
entry 3145000/4285633 (73.3847%)
entry 3147000/4285633 (73.4314%)
entry 3148000/4285633 (73.4547%)
entry 3149000/4285633 (73.4781%)
entry 3150000/4285633 (73.5014%)
entry 3151000/4285633 (73.5247%)
entry 3152000/4285633 (73.5481%)
entry 3153000/4285633 (73.5714%)
entry 3155000/4285633 (73.6181%)
entry 3157000/4285633 (73.6647%)
entry 3158000/4285633 (73.6881%)
entry 3159000/4285633 (73.7114%)
entry 3160000/4285633 (73.7347%)
entry 3163000/4285633 (73.8047%)
entry 3164000/4285633 (73.8281%)
entry 3165000/4285633 (73.8514%)
entry 3167000/4285633 (73.8981%)
entry 3169000/4285633 (73.9447%)
entry 3171000/4285633 (73.9914%)
entry 3172000/4285633 (74.0147%)
entry 3173000/4285633 (74.0381%)
entry 3174000/4285633 (74.0614%)
entry 3175000/4285633 (74.0847%)
entry 3176000/4285633 (74.1081%)
entry 3177000/4285633 (74.1314%)
entry 3178000/4285633 (74.1547%)
entry 3181000/4285633 (74.2247%)
entry 3182000/4285633 (74.2481%)
entry 3183000/4285633 (74.2714%)
entry 3184000/4285633 (74.2947%)
entry 3185000/4285633 (74.3181%)
entry 3188000/4285633 (74.3881%)
entry 3189000/4285633 (74.4114%)
entry 3190000/4285633 (74.4347%)
entry 3192000/4285633 (74.4814%)
entry 3195000/4285633 (74.5514%)
entry 3196000/4285633 (74.5748%)
entry 3197000/4285633 (74.5981%)
entry 3200000/4285633 (74.6681%)
entry 3204000/4285633 (74.7614%)
entry 3205000/4285633 (74.7847%)
entry 3206000/4285633 (74.8081%)
entry 3207000/4285633 (74.8314%)
entry 3208000/4285633 (74.8548%)
entry 3210000/4285633 (74.9014%)
entry 3211000/4285633 (74.9248%)
entry 3212000/4285633 (74.9481%)
entry 3213000/4285633 (74.9714%)
entry 3216000/4285633 (75.0414%)
entry 3217000/4285633 (75.0648%)
entry 3218000/4285633 (75.0881%)
entry 3219000/4285633 (75.1114%)
entry 3220000/4285633 (75.1348%)
entry 3221000/4285633 (75.1581%)
entry 3222000/4285633 (75.1814%)
entry 3225000/4285633 (75.2514%)
entry 3227000/4285633 (75.2981%)
entry 3228000/4285633 (75.3214%)
entry 3229000/4285633 (75.3448%)
entry 3230000/4285633 (75.3681%)
entry 3237000/4285633 (75.5314%)
entry 3238000/4285633 (75.5548%)
entry 3241000/4285633 (75.6248%)
entry 3242000/4285633 (75.6481%)
entry 3246000/4285633 (75.7414%)
entry 3248000/4285633 (75.7881%)
entry 3249000/4285633 (75.8114%)
entry 3251000/4285633 (75.8581%)
entry 3254000/4285633 (75.9281%)
entry 3257000/4285633 (75.9981%)
entry 3258000/4285633 (76.0214%)
entry 3259000/4285633 (76.0448%)
entry 3262000/4285633 (76.1148%)
entry 3264000/4285633 (76.1614%)
entry 3265000/4285633 (76.1848%)
entry 3270000/4285633 (76.3014%)
entry 3272000/4285633 (76.3481%)
entry 3273000/4285633 (76.3714%)
entry 3274000/4285633 (76.3948%)
entry 3275000/4285633 (76.4181%)
entry 3276000/4285633 (76.4414%)
entry 3279000/4285633 (76.5114%)
entry 3280000/4285633 (76.5348%)
entry 3281000/4285633 (76.5581%)
entry 3282000/4285633 (76.5815%)
entry 3284000/4285633 (76.6281%)
entry 3285000/4285633 (76.6515%)
entry 3289000/4285633 (76.7448%)
entry 3292000/4285633 (76.8148%)
entry 3293000/4285633 (76.8381%)
entry 3294000/4285633 (76.8615%)
entry 3295000/4285633 (76.8848%)
entry 3296000/4285633 (76.9081%)
entry 3298000/4285633 (76.9548%)
entry 3299000/4285633 (76.9781%)
entry 3300000/4285633 (77.0015%)
entry 3301000/4285633 (77.0248%)
entry 3302000/4285633 (77.0481%)
entry 3304000/4285633 (77.0948%)
entry 3306000/4285633 (77.1415%)
entry 3307000/4285633 (77.1648%)
entry 3308000/4285633 (77.1881%)
entry 3310000/4285633 (77.2348%)
entry 3311000/4285633 (77.2581%)
entry 3312000/4285633 (77.2815%)
entry 3313000/4285633 (77.3048%)
entry 3314000/4285633 (77.3281%)
entry 3315000/4285633 (77.3515%)
entry 3316000/4285633 (77.3748%)
entry 3318000/4285633 (77.4215%)
entry 3319000/4285633 (77.4448%)
entry 3320000/4285633 (77.4681%)
entry 3321000/4285633 (77.4915%)
entry 3322000/4285633 (77.5148%)
entry 3324000/4285633 (77.5615%)
entry 3325000/4285633 (77.5848%)
entry 3326000/4285633 (77.6081%)
entry 3327000/4285633 (77.6315%)
entry 3328000/4285633 (77.6548%)
entry 3329000/4285633 (77.6781%)
entry 3333000/4285633 (77.7715%)
entry 3334000/4285633 (77.7948%)
entry 3335000/4285633 (77.8181%)
entry 3336000/4285633 (77.8415%)
entry 3337000/4285633 (77.8648%)
entry 3339000/4285633 (77.9115%)
entry 3340000/4285633 (77.9348%)
entry 3343000/4285633 (78.0048%)
entry 3344000/4285633 (78.0281%)
entry 3345000/4285633 (78.0515%)
entry 3346000/4285633 (78.0748%)
entry 3347000/4285633 (78.0981%)
entry 3349000/4285633 (78.1448%)
entry 3351000/4285633 (78.1915%)
entry 3352000/4285633 (78.2148%)
entry 3354000/4285633 (78.2615%)
entry 3355000/4285633 (78.2848%)
entry 3356000/4285633 (78.3082%)
entry 3357000/4285633 (78.3315%)
entry 3359000/4285633 (78.3782%)
entry 3360000/4285633 (78.4015%)
entry 3362000/4285633 (78.4482%)
entry 3363000/4285633 (78.4715%)
entry 3365000/4285633 (78.5182%)
entry 3369000/4285633 (78.6115%)
entry 3370000/4285633 (78.6348%)
entry 3372000/4285633 (78.6815%)
entry 3373000/4285633 (78.7048%)
entry 3374000/4285633 (78.7282%)
entry 3375000/4285633 (78.7515%)
entry 3377000/4285633 (78.7982%)
entry 3378000/4285633 (78.8215%)
entry 3380000/4285633 (78.8682%)
entry 3382000/4285633 (78.9148%)
entry 3383000/4285633 (78.9382%)
entry 3385000/4285633 (78.9848%)
entry 3386000/4285633 (79.0082%)
entry 3387000/4285633 (79.0315%)
entry 3389000/4285633 (79.0782%)
entry 3390000/4285633 (79.1015%)
entry 3391000/4285633 (79.1248%)
entry 3392000/4285633 (79.1482%)
entry 3395000/4285633 (79.2182%)
entry 3396000/4285633 (79.2415%)
entry 3397000/4285633 (79.2648%)
entry 3399000/4285633 (79.3115%)
entry 3400000/4285633 (79.3348%)
entry 3401000/4285633 (79.3582%)
entry 3402000/4285633 (79.3815%)
entry 3404000/4285633 (79.4282%)
entry 3407000/4285633 (79.4982%)
entry 3408000/4285633 (79.5215%)
entry 3410000/4285633 (79.5682%)
entry 3412000/4285633 (79.6148%)
entry 3413000/4285633 (79.6382%)
entry 3416000/4285633 (79.7082%)
entry 3418000/4285633 (79.7548%)
entry 3420000/4285633 (79.8015%)
entry 3422000/4285633 (79.8482%)
entry 3423000/4285633 (79.8715%)
entry 3424000/4285633 (79.8948%)
entry 3426000/4285633 (79.9415%)
entry 3427000/4285633 (79.9649%)
entry 3430000/4285633 (80.0349%)
entry 3431000/4285633 (80.0582%)
entry 3432000/4285633 (80.0815%)
entry 3433000/4285633 (80.1049%)
entry 3434000/4285633 (80.1282%)
entry 3435000/4285633 (80.1515%)
entry 3436000/4285633 (80.1749%)
entry 3437000/4285633 (80.1982%)
entry 3438000/4285633 (80.2215%)
entry 3440000/4285633 (80.2682%)
entry 3441000/4285633 (80.2915%)
entry 3442000/4285633 (80.3149%)
entry 3443000/4285633 (80.3382%)
entry 3447000/4285633 (80.4315%)
entry 3448000/4285633 (80.4549%)
entry 3450000/4285633 (80.5015%)
entry 3451000/4285633 (80.5249%)
entry 3452000/4285633 (80.5482%)
entry 3453000/4285633 (80.5715%)
entry 3454000/4285633 (80.5949%)
entry 3457000/4285633 (80.6649%)
entry 3458000/4285633 (80.6882%)
entry 3459000/4285633 (80.7115%)
entry 3460000/4285633 (80.7349%)
entry 3465000/4285633 (80.8515%)
entry 3466000/4285633 (80.8749%)
entry 3468000/4285633 (80.9215%)
entry 3469000/4285633 (80.9449%)
entry 3472000/4285633 (81.0149%)
entry 3473000/4285633 (81.0382%)
entry 3475000/4285633 (81.0849%)
entry 3476000/4285633 (81.1082%)
entry 3477000/4285633 (81.1315%)
entry 3479000/4285633 (81.1782%)
entry 3480000/4285633 (81.2015%)
entry 3483000/4285633 (81.2715%)
entry 3484000/4285633 (81.2949%)
entry 3486000/4285633 (81.3415%)
entry 3487000/4285633 (81.3649%)
entry 3488000/4285633 (81.3882%)
entry 3491000/4285633 (81.4582%)
entry 3493000/4285633 (81.5049%)
entry 3494000/4285633 (81.5282%)
entry 3495000/4285633 (81.5515%)
entry 3496000/4285633 (81.5749%)
entry 3497000/4285633 (81.5982%)
entry 3498000/4285633 (81.6215%)
entry 3499000/4285633 (81.6449%)
entry 3500000/4285633 (81.6682%)
entry 3501000/4285633 (81.6916%)
entry 3502000/4285633 (81.7149%)
entry 3503000/4285633 (81.7382%)
entry 3504000/4285633 (81.7616%)
entry 3505000/4285633 (81.7849%)
entry 3506000/4285633 (81.8082%)
entry 3507000/4285633 (81.8316%)
entry 3508000/4285633 (81.8549%)
entry 3509000/4285633 (81.8782%)
entry 3510000/4285633 (81.9016%)
entry 3511000/4285633 (81.9249%)
entry 3512000/4285633 (81.9482%)
entry 3513000/4285633 (81.9716%)
entry 3514000/4285633 (81.9949%)
entry 3519000/4285633 (82.1116%)
entry 3521000/4285633 (82.1582%)
entry 3522000/4285633 (82.1816%)
entry 3523000/4285633 (82.2049%)
entry 3526000/4285633 (82.2749%)
entry 3530000/4285633 (82.3682%)
entry 3531000/4285633 (82.3916%)
entry 3532000/4285633 (82.4149%)
entry 3534000/4285633 (82.4616%)
entry 3535000/4285633 (82.4849%)
entry 3536000/4285633 (82.5082%)
entry 3539000/4285633 (82.5782%)
entry 3541000/4285633 (82.6249%)
entry 3542000/4285633 (82.6482%)
entry 3543000/4285633 (82.6716%)
entry 3544000/4285633 (82.6949%)
entry 3545000/4285633 (82.7182%)
entry 3546000/4285633 (82.7416%)
entry 3548000/4285633 (82.7882%)
entry 3549000/4285633 (82.8116%)
entry 3551000/4285633 (82.8582%)
entry 3552000/4285633 (82.8816%)
entry 3553000/4285633 (82.9049%)
entry 3555000/4285633 (82.9516%)
entry 3558000/4285633 (83.0216%)
entry 3559000/4285633 (83.0449%)
entry 3560000/4285633 (83.0682%)
entry 3562000/4285633 (83.1149%)
entry 3564000/4285633 (83.1616%)
entry 3565000/4285633 (83.1849%)
entry 3566000/4285633 (83.2082%)
entry 3568000/4285633 (83.2549%)
entry 3569000/4285633 (83.2782%)
entry 3570000/4285633 (83.3016%)
entry 3572000/4285633 (83.3483%)
entry 3575000/4285633 (83.4183%)
entry 3576000/4285633 (83.4416%)
entry 3577000/4285633 (83.4649%)
entry 3578000/4285633 (83.4882%)
entry 3579000/4285633 (83.5116%)
entry 3581000/4285633 (83.5582%)
entry 3584000/4285633 (83.6283%)
entry 3585000/4285633 (83.6516%)
entry 3586000/4285633 (83.6749%)
entry 3587000/4285633 (83.6983%)
entry 3588000/4285633 (83.7216%)
entry 3589000/4285633 (83.7449%)
entry 3590000/4285633 (83.7683%)
entry 3591000/4285633 (83.7916%)
entry 3593000/4285633 (83.8383%)
entry 3597000/4285633 (83.9316%)
entry 3598000/4285633 (83.9549%)
entry 3599000/4285633 (83.9783%)
entry 3603000/4285633 (84.0716%)
entry 3604000/4285633 (84.0949%)
entry 3606000/4285633 (84.1416%)
entry 3608000/4285633 (84.1883%)
entry 3610000/4285633 (84.2349%)
entry 3612000/4285633 (84.2816%)
entry 3614000/4285633 (84.3283%)
entry 3619000/4285633 (84.4449%)
entry 3620000/4285633 (84.4683%)
entry 3625000/4285633 (84.5849%)
entry 3630000/4285633 (84.7016%)
entry 3631000/4285633 (84.7249%)
entry 3632000/4285633 (84.7483%)
entry 3633000/4285633 (84.7716%)
entry 3637000/4285633 (84.8649%)
entry 3638000/4285633 (84.8883%)
entry 3639000/4285633 (84.9116%)
entry 3640000/4285633 (84.9349%)
entry 3641000/4285633 (84.9583%)
entry 3642000/4285633 (84.9816%)
entry 3643000/4285633 (85.0049%)
entry 3644000/4285633 (85.0283%)
entry 3645000/4285633 (85.0516%)
entry 3647000/4285633 (85.0983%)
entry 3649000/4285633 (85.1449%)
entry 3650000/4285633 (85.1683%)
entry 3651000/4285633 (85.1916%)
entry 3653000/4285633 (85.2383%)
entry 3655000/4285633 (85.2849%)
entry 3656000/4285633 (85.3083%)
entry 3657000/4285633 (85.3316%)
entry 3658000/4285633 (85.355%)
entry 3659000/4285633 (85.3783%)
entry 3661000/4285633 (85.425%)
entry 3662000/4285633 (85.4483%)
entry 3665000/4285633 (85.5183%)
entry 3666000/4285633 (85.5416%)
entry 3668000/4285633 (85.5883%)
entry 3669000/4285633 (85.6116%)
entry 3672000/4285633 (85.6816%)
entry 3673000/4285633 (85.705%)
entry 3674000/4285633 (85.7283%)
entry 3677000/4285633 (85.7983%)
entry 3678000/4285633 (85.8216%)
entry 3679000/4285633 (85.845%)
entry 3680000/4285633 (85.8683%)
entry 3682000/4285633 (85.915%)
entry 3683000/4285633 (85.9383%)
entry 3684000/4285633 (85.9616%)
entry 3685000/4285633 (85.985%)
entry 3686000/4285633 (86.0083%)
entry 3687000/4285633 (86.0316%)
entry 3688000/4285633 (86.055%)
entry 3690000/4285633 (86.1016%)
entry 3691000/4285633 (86.125%)
entry 3692000/4285633 (86.1483%)
entry 3698000/4285633 (86.2883%)
entry 3702000/4285633 (86.3816%)
entry 3708000/4285633 (86.5216%)
entry 3709000/4285633 (86.545%)
entry 3710000/4285633 (86.5683%)
entry 3711000/4285633 (86.5916%)
entry 3713000/4285633 (86.6383%)
entry 3715000/4285633 (86.685%)
entry 3716000/4285633 (86.7083%)
entry 3719000/4285633 (86.7783%)
entry 3720000/4285633 (86.8016%)
entry 3721000/4285633 (86.825%)
entry 3722000/4285633 (86.8483%)
entry 3723000/4285633 (86.8716%)
entry 3724000/4285633 (86.895%)
entry 3725000/4285633 (86.9183%)
entry 3727000/4285633 (86.965%)
entry 3728000/4285633 (86.9883%)
entry 3730000/4285633 (87.035%)
entry 3734000/4285633 (87.1283%)
entry 3737000/4285633 (87.1983%)
entry 3738000/4285633 (87.2217%)
entry 3740000/4285633 (87.2683%)
entry 3741000/4285633 (87.2917%)
entry 3742000/4285633 (87.315%)
entry 3744000/4285633 (87.3617%)
entry 3745000/4285633 (87.385%)
entry 3746000/4285633 (87.4083%)
entry 3747000/4285633 (87.4317%)
entry 3748000/4285633 (87.455%)
entry 3749000/4285633 (87.4783%)
entry 3750000/4285633 (87.5017%)
entry 3751000/4285633 (87.525%)
entry 3752000/4285633 (87.5483%)
entry 3755000/4285633 (87.6183%)
entry 3757000/4285633 (87.665%)
entry 3759000/4285633 (87.7117%)
entry 3760000/4285633 (87.735%)
entry 3761000/4285633 (87.7583%)
entry 3762000/4285633 (87.7817%)
entry 3763000/4285633 (87.805%)
entry 3764000/4285633 (87.8283%)
entry 3765000/4285633 (87.8517%)
entry 3768000/4285633 (87.9217%)
entry 3769000/4285633 (87.945%)
entry 3771000/4285633 (87.9917%)
entry 3772000/4285633 (88.015%)
entry 3775000/4285633 (88.085%)
entry 3777000/4285633 (88.1317%)
entry 3780000/4285633 (88.2017%)
entry 3781000/4285633 (88.225%)
entry 3782000/4285633 (88.2483%)
entry 3783000/4285633 (88.2717%)
entry 3784000/4285633 (88.295%)
entry 3786000/4285633 (88.3417%)
entry 3788000/4285633 (88.3883%)
entry 3790000/4285633 (88.435%)
entry 3791000/4285633 (88.4583%)
entry 3792000/4285633 (88.4817%)
entry 3793000/4285633 (88.505%)
entry 3794000/4285633 (88.5283%)
entry 3796000/4285633 (88.575%)
entry 3797000/4285633 (88.5983%)
entry 3798000/4285633 (88.6217%)
entry 3799000/4285633 (88.645%)
entry 3800000/4285633 (88.6683%)
entry 3801000/4285633 (88.6917%)
entry 3802000/4285633 (88.715%)
entry 3806000/4285633 (88.8084%)
entry 3808000/4285633 (88.855%)
entry 3809000/4285633 (88.8784%)
entry 3811000/4285633 (88.925%)
entry 3812000/4285633 (88.9484%)
entry 3813000/4285633 (88.9717%)
entry 3814000/4285633 (88.995%)
entry 3815000/4285633 (89.0184%)
entry 3816000/4285633 (89.0417%)
entry 3817000/4285633 (89.065%)
entry 3818000/4285633 (89.0884%)
entry 3820000/4285633 (89.135%)
entry 3822000/4285633 (89.1817%)
entry 3824000/4285633 (89.2284%)
entry 3825000/4285633 (89.2517%)
entry 3827000/4285633 (89.2984%)
entry 3830000/4285633 (89.3684%)
entry 3832000/4285633 (89.415%)
entry 3833000/4285633 (89.4384%)
entry 3835000/4285633 (89.485%)
entry 3836000/4285633 (89.5084%)
entry 3837000/4285633 (89.5317%)
entry 3838000/4285633 (89.555%)
entry 3839000/4285633 (89.5784%)
entry 3840000/4285633 (89.6017%)
entry 3842000/4285633 (89.6484%)
entry 3844000/4285633 (89.695%)
entry 3845000/4285633 (89.7184%)
entry 3847000/4285633 (89.765%)
entry 3848000/4285633 (89.7884%)
entry 3849000/4285633 (89.8117%)
entry 3851000/4285633 (89.8584%)
entry 3853000/4285633 (89.905%)
entry 3854000/4285633 (89.9284%)
entry 3855000/4285633 (89.9517%)
entry 3856000/4285633 (89.975%)
entry 3857000/4285633 (89.9984%)
entry 3859000/4285633 (90.045%)
entry 3861000/4285633 (90.0917%)
entry 3863000/4285633 (90.1384%)
entry 3864000/4285633 (90.1617%)
entry 3865000/4285633 (90.185%)
entry 3866000/4285633 (90.2084%)
entry 3870000/4285633 (90.3017%)
entry 3873000/4285633 (90.3717%)
entry 3874000/4285633 (90.395%)
entry 3875000/4285633 (90.4184%)
entry 3876000/4285633 (90.4417%)
entry 3879000/4285633 (90.5117%)
entry 3880000/4285633 (90.5351%)
entry 3881000/4285633 (90.5584%)
entry 3884000/4285633 (90.6284%)
entry 3885000/4285633 (90.6517%)
entry 3886000/4285633 (90.6751%)
entry 3889000/4285633 (90.7451%)
entry 3891000/4285633 (90.7917%)
entry 3893000/4285633 (90.8384%)
entry 3897000/4285633 (90.9317%)
entry 3898000/4285633 (90.9551%)
entry 3899000/4285633 (90.9784%)
entry 3900000/4285633 (91.0017%)
entry 3901000/4285633 (91.0251%)
entry 3903000/4285633 (91.0717%)
entry 3904000/4285633 (91.0951%)
entry 3906000/4285633 (91.1417%)
entry 3907000/4285633 (91.1651%)
entry 3911000/4285633 (91.2584%)
entry 3912000/4285633 (91.2817%)
entry 3913000/4285633 (91.3051%)
entry 3915000/4285633 (91.3517%)
entry 3916000/4285633 (91.3751%)
entry 3917000/4285633 (91.3984%)
entry 3918000/4285633 (91.4217%)
entry 3920000/4285633 (91.4684%)
entry 3923000/4285633 (91.5384%)
entry 3927000/4285633 (91.6317%)
entry 3928000/4285633 (91.6551%)
entry 3929000/4285633 (91.6784%)
entry 3930000/4285633 (91.7017%)
entry 3931000/4285633 (91.7251%)
entry 3932000/4285633 (91.7484%)
entry 3934000/4285633 (91.7951%)
entry 3935000/4285633 (91.8184%)
entry 3936000/4285633 (91.8417%)
entry 3938000/4285633 (91.8884%)
entry 3939000/4285633 (91.9117%)
entry 3940000/4285633 (91.9351%)
entry 3943000/4285633 (92.0051%)
entry 3946000/4285633 (92.0751%)
entry 3947000/4285633 (92.0984%)
entry 3949000/4285633 (92.1451%)
entry 3951000/4285633 (92.1917%)
entry 3952000/4285633 (92.2151%)
entry 3955000/4285633 (92.2851%)
entry 3956000/4285633 (92.3084%)
entry 3957000/4285633 (92.3317%)
entry 3959000/4285633 (92.3784%)
entry 3960000/4285633 (92.4018%)
entry 3961000/4285633 (92.4251%)
entry 3963000/4285633 (92.4718%)
entry 3967000/4285633 (92.5651%)
entry 3968000/4285633 (92.5884%)
entry 3969000/4285633 (92.6118%)
entry 3971000/4285633 (92.6584%)
entry 3972000/4285633 (92.6818%)
entry 3974000/4285633 (92.7284%)
entry 3979000/4285633 (92.8451%)
entry 3980000/4285633 (92.8684%)
entry 3982000/4285633 (92.9151%)
entry 3984000/4285633 (92.9618%)
entry 3988000/4285633 (93.0551%)
entry 3989000/4285633 (93.0784%)
entry 3990000/4285633 (93.1018%)
entry 3992000/4285633 (93.1484%)
entry 3993000/4285633 (93.1718%)
entry 3994000/4285633 (93.1951%)
entry 3995000/4285633 (93.2184%)
entry 3996000/4285633 (93.2418%)
entry 3998000/4285633 (93.2884%)
entry 3999000/4285633 (93.3118%)
entry 4000000/4285633 (93.3351%)
entry 4001000/4285633 (93.3584%)
entry 4004000/4285633 (93.4284%)
entry 4009000/4285633 (93.5451%)
entry 4011000/4285633 (93.5918%)
entry 4012000/4285633 (93.6151%)
entry 4013000/4285633 (93.6384%)
entry 4018000/4285633 (93.7551%)
entry 4020000/4285633 (93.8018%)
entry 4021000/4285633 (93.8251%)
entry 4022000/4285633 (93.8484%)
entry 4023000/4285633 (93.8718%)
entry 4024000/4285633 (93.8951%)
entry 4026000/4285633 (93.9418%)
entry 4028000/4285633 (93.9884%)
entry 4029000/4285633 (94.0118%)
entry 4030000/4285633 (94.0351%)
entry 4031000/4285633 (94.0584%)
entry 4032000/4285633 (94.0818%)
entry 4033000/4285633 (94.1051%)
entry 4034000/4285633 (94.1285%)
entry 4036000/4285633 (94.1751%)
entry 4038000/4285633 (94.2218%)
entry 4041000/4285633 (94.2918%)
entry 4048000/4285633 (94.4551%)
entry 4049000/4285633 (94.4785%)
entry 4050000/4285633 (94.5018%)
entry 4051000/4285633 (94.5251%)
entry 4052000/4285633 (94.5485%)
entry 4053000/4285633 (94.5718%)
entry 4054000/4285633 (94.5951%)
entry 4056000/4285633 (94.6418%)
entry 4058000/4285633 (94.6885%)
entry 4059000/4285633 (94.7118%)
entry 4060000/4285633 (94.7351%)
entry 4061000/4285633 (94.7585%)
entry 4064000/4285633 (94.8285%)
entry 4065000/4285633 (94.8518%)
entry 4068000/4285633 (94.9218%)
entry 4069000/4285633 (94.9451%)
entry 4070000/4285633 (94.9685%)
entry 4073000/4285633 (95.0385%)
entry 4074000/4285633 (95.0618%)
entry 4076000/4285633 (95.1085%)
entry 4077000/4285633 (95.1318%)
entry 4079000/4285633 (95.1785%)
entry 4081000/4285633 (95.2251%)
entry 4083000/4285633 (95.2718%)
entry 4086000/4285633 (95.3418%)
entry 4088000/4285633 (95.3885%)
entry 4090000/4285633 (95.4351%)
entry 4091000/4285633 (95.4585%)
entry 4093000/4285633 (95.5051%)
entry 4096000/4285633 (95.5751%)
entry 4097000/4285633 (95.5985%)
entry 4098000/4285633 (95.6218%)
entry 4099000/4285633 (95.6451%)
entry 4100000/4285633 (95.6685%)
entry 4101000/4285633 (95.6918%)
entry 4102000/4285633 (95.7151%)
entry 4103000/4285633 (95.7385%)
entry 4104000/4285633 (95.7618%)
entry 4107000/4285633 (95.8318%)
entry 4108000/4285633 (95.8552%)
entry 4109000/4285633 (95.8785%)
entry 4110000/4285633 (95.9018%)
entry 4111000/4285633 (95.9252%)
entry 4112000/4285633 (95.9485%)
entry 4113000/4285633 (95.9718%)
entry 4114000/4285633 (95.9952%)
entry 4116000/4285633 (96.0418%)
entry 4117000/4285633 (96.0652%)
entry 4119000/4285633 (96.1118%)
entry 4120000/4285633 (96.1352%)
entry 4121000/4285633 (96.1585%)
entry 4123000/4285633 (96.2052%)
entry 4126000/4285633 (96.2752%)
entry 4128000/4285633 (96.3218%)
entry 4129000/4285633 (96.3452%)
entry 4130000/4285633 (96.3685%)
entry 4131000/4285633 (96.3918%)
entry 4133000/4285633 (96.4385%)
entry 4138000/4285633 (96.5552%)
entry 4139000/4285633 (96.5785%)
entry 4140000/4285633 (96.6018%)
entry 4142000/4285633 (96.6485%)
entry 4143000/4285633 (96.6718%)
entry 4144000/4285633 (96.6952%)
entry 4145000/4285633 (96.7185%)
entry 4146000/4285633 (96.7418%)
entry 4149000/4285633 (96.8118%)
entry 4152000/4285633 (96.8818%)
entry 4153000/4285633 (96.9052%)
entry 4154000/4285633 (96.9285%)
entry 4155000/4285633 (96.9518%)
entry 4160000/4285633 (97.0685%)
entry 4161000/4285633 (97.0918%)
entry 4163000/4285633 (97.1385%)
entry 4166000/4285633 (97.2085%)
entry 4168000/4285633 (97.2552%)
entry 4170000/4285633 (97.3018%)
entry 4171000/4285633 (97.3252%)
entry 4172000/4285633 (97.3485%)
entry 4174000/4285633 (97.3952%)
entry 4175000/4285633 (97.4185%)
entry 4178000/4285633 (97.4885%)
entry 4179000/4285633 (97.5119%)
entry 4180000/4285633 (97.5352%)
entry 4181000/4285633 (97.5585%)
entry 4182000/4285633 (97.5819%)
entry 4183000/4285633 (97.6052%)
entry 4184000/4285633 (97.6285%)
entry 4185000/4285633 (97.6519%)
entry 4186000/4285633 (97.6752%)
entry 4188000/4285633 (97.7219%)
entry 4189000/4285633 (97.7452%)
entry 4190000/4285633 (97.7685%)
entry 4193000/4285633 (97.8385%)
entry 4194000/4285633 (97.8619%)
entry 4195000/4285633 (97.8852%)
entry 4196000/4285633 (97.9085%)
entry 4197000/4285633 (97.9319%)
entry 4200000/4285633 (98.0019%)
entry 4201000/4285633 (98.0252%)
entry 4202000/4285633 (98.0485%)
entry 4205000/4285633 (98.1185%)
entry 4208000/4285633 (98.1885%)
entry 4210000/4285633 (98.2352%)
entry 4211000/4285633 (98.2585%)
entry 4212000/4285633 (98.2819%)
entry 4213000/4285633 (98.3052%)
entry 4214000/4285633 (98.3285%)
entry 4215000/4285633 (98.3519%)
entry 4217000/4285633 (98.3985%)
entry 4218000/4285633 (98.4219%)
entry 4219000/4285633 (98.4452%)
entry 4220000/4285633 (98.4685%)
entry 4221000/4285633 (98.4919%)
entry 4222000/4285633 (98.5152%)
entry 4223000/4285633 (98.5385%)
entry 4224000/4285633 (98.5619%)
entry 4225000/4285633 (98.5852%)
entry 4227000/4285633 (98.6319%)
entry 4228000/4285633 (98.6552%)
entry 4229000/4285633 (98.6785%)
entry 4230000/4285633 (98.7019%)
entry 4231000/4285633 (98.7252%)
entry 4236000/4285633 (98.8419%)
entry 4238000/4285633 (98.8885%)
entry 4240000/4285633 (98.9352%)
entry 4242000/4285633 (98.9819%)
entry 4243000/4285633 (99.0052%)
entry 4245000/4285633 (99.0519%)
entry 4248000/4285633 (99.1219%)
entry 4250000/4285633 (99.1685%)
entry 4251000/4285633 (99.1919%)
entry 4253000/4285633 (99.2386%)
entry 4254000/4285633 (99.2619%)
entry 4255000/4285633 (99.2852%)
entry 4256000/4285633 (99.3086%)
entry 4257000/4285633 (99.3319%)
entry 4260000/4285633 (99.4019%)
entry 4262000/4285633 (99.4486%)
entry 4263000/4285633 (99.4719%)
entry 4264000/4285633 (99.4952%)
entry 4265000/4285633 (99.5186%)
entry 4267000/4285633 (99.5652%)
entry 4268000/4285633 (99.5886%)
entry 4269000/4285633 (99.6119%)
entry 4272000/4285633 (99.6819%)
entry 4273000/4285633 (99.7052%)
entry 4274000/4285633 (99.7286%)
entry 4277000/4285633 (99.7986%)
entry 4279000/4285633 (99.8452%)
entry 4280000/4285633 (99.8686%)
entry 4282000/4285633 (99.9152%)
entry 4283000/4285633 (99.9386%)
entry 4284000/4285633 (99.9619%)
all done
script done
