sphnx1155.sdcc.bnl.gov
rsyncing from /gpfs/mnt/gpfs02/sphenix/user/samfred/run25/ppg11/histmaking
running: /gpfs/mnt/gpfs02/sphenix/user/samfred/run25/ppg11/histmaking/script_data.sh 53216
LD_LIBRARY_PATH now /sphenix/user/samfred/run25/install//lib:/cvmfs/sphenix.sdcc.bnl.gov/alma9.2-gcc-14.2.0/opt/sphenix/core/gcc/14.2.0-2f0a0/x86_64-el9/lib:/cvmfs/sphenix.sdcc.bnl.gov/alma9.2-gcc-14.2.0/opt/sphenix/core/gcc/14.2.0-2f0a0/x86_64-el9/lib64:/cvmfs/sphenix.sdcc.bnl.gov/alma9.2-gcc-14.2.0/opt/sphenix/core/binutils/2.40-acaab/x86_64-el9/lib:.:/cvmfs/sphenix.sdcc.bnl.gov/alma9.2-gcc-14.2.0/release/release_new/new.10/lib64:/cvmfs/sphenix.sdcc.bnl.gov/alma9.2-gcc-14.2.0/release/release_new/new.10/lib:/cvmfs/sphenix.sdcc.bnl.gov/alma9.2-gcc-14.2.0/opt/sphenix/utils/lib:/cvmfs/sphenix.sdcc.bnl.gov/alma9.2-gcc-14.2.0/opt/sphenix/core/lib:/cvmfs/sphenix.sdcc.bnl.gov/alma9.2-gcc-14.2.0/opt/sphenix/core/root-6.32.06/lib:/cvmfs/sphenix.sdcc.bnl.gov/alma9.2-gcc-14.2.0/opt/sphenix/core/geant4.10.07.p04/lib64:/cvmfs/sphenix.sdcc.bnl.gov/alma9.2-gcc-14.2.0/opt/sphenix/core/lhapdf-5.9.1/lib:/usr/local/lib64:/usr/lib64
PATH now /sphenix/user/samfred/run25/install//bin:/cvmfs/sphenix.sdcc.bnl.gov/alma9.2-gcc-14.2.0/opt/sphenix/core/gcc/14.2.0-2f0a0/x86_64-el9/bin:/cvmfs/sphenix.sdcc.bnl.gov/alma9.2-gcc-14.2.0/opt/sphenix/core/binutils/2.40-acaab/x86_64-el9/bin:.:/cvmfs/sphenix.sdcc.bnl.gov/alma9.2-gcc-14.2.0/release/release_new/new.10/bin:/cvmfs/sphenix.sdcc.bnl.gov/alma9.2-gcc-14.2.0/opt/sphenix/utils/bin:/cvmfs/sphenix.sdcc.bnl.gov/alma9.2-gcc-14.2.0/opt/sphenix/core/bin:/cvmfs/sphenix.sdcc.bnl.gov/alma9.2-gcc-14.2.0/opt/sphenix/core/root-6.32.06/bin:/cvmfs/sphenix.sdcc.bnl.gov/alma9.2-gcc-14.2.0/opt/sphenix/core/geant4.10.07.p04/bin:/usr/local/bin:/usr/bin:/usr/local/sbin:/usr/sbin
SINGULARITY_CACHEDIR=/home/condor/local/sphnx/execute/dir_3148592
_CONDOR_CHIRP_CONFIG=/home/condor/local/sphnx/execute/dir_3148592/.chirp.config
_CONDOR_JOB_IWD=/sphenix/user/samfred/run25/ppg11/histmaking
G4ENSDFSTATEDATA=/cvmfs/sphenix.sdcc.bnl.gov/alma9.2-gcc-14.2.0/opt/sphenix/core/geant4.10.07.p04/share/Geant4-10.7.4/data/G4ENSDFSTATE2.3
_CONDOR_MACHINE_AD=/home/condor/local/sphnx/execute/dir_3148592/.machine.ad
ROOT_MAX_THREADS=1
NUMEXPR_NUM_THREADS=1
CUBACORES=1
_CHIRP_DELAYED_UPDATE_PREFIX=Chirp*
OMP_THREAD_LIMIT=1
G4PIIDATA=/cvmfs/sphenix.sdcc.bnl.gov/alma9.2-gcc-14.2.0/opt/sphenix/core/geant4.10.07.p04/share/Geant4-10.7.4/data/G4PII1.3
NO_AT_BRIDGE=1
G4_MAIN=/cvmfs/sphenix.sdcc.bnl.gov/alma9.2-gcc-14.2.0/opt/sphenix/core/geant4.10.07.p04
COMPILER_PATH=/cvmfs/sphenix.sdcc.bnl.gov/alma9.2-gcc-14.2.0/opt/sphenix/core/gcc/14.2.0-2f0a0/x86_64-el9
ROOT_INCLUDE_PATH=./:/sphenix/user/samfred/run25/install//include:/sphenix/user/samfred/run25/install//include/caloana:/sphenix/user/samfred/run25/install//include/qa_centrality:/sphenix/user/samfred/run25/install//include/mbdana:/sphenix/user/samfred/run25/install//include/centrality:/sphenix/user/samfred/run25/install//include/Event:/cvmfs/sphenix.sdcc.bnl.gov/alma9.2-gcc-14.2.0/release/release_new/new.10/include:/cvmfs/sphenix.sdcc.bnl.gov/alma9.2-gcc-14.2.0/release/release_new/new.10/include:/cvmfs/sphenix.sdcc.bnl.gov/alma9.2-gcc-14.2.0/release/release_new/new.10/include/g4mbd:/cvmfs/sphenix.sdcc.bnl.gov/alma9.2-gcc-14.2.0/release/release_new/new.10/include/fmt:/cvmfs/sphenix.sdcc.bnl.gov/alma9.2-gcc-14.2.0/release/release_new/new.10/include/ffarawobjects:/cvmfs/sphenix.sdcc.bnl.gov/alma9.2-gcc-14.2.0/release/release_new/new.10/include/JSON:/cvmfs/sphenix.sdcc.bnl.gov/alma9.2-gcc-14.2.0/release/release_new/new.10/include/calotreegen:/cvmfs/sphenix.sdcc.bnl.gov/alma9.2-gcc-14.2.0/release/release_new/new.10/include/torch:/cvmfs/sphenix.sdcc.bnl.gov/alma9.2-gcc-14.2.0/release/release_new/new.10/include/g4detectors:/cvmfs/sphenix.sdcc.bnl.gov/alma9.2-gcc-14.2.0/release/release_new/new.10/include/kineto:/cvmfs/sphenix.sdcc.bnl.gov/alma9.2-gcc-14.2.0/release/release_new/new.10/include/g4decayer:/cvmfs/sphenix.sdcc.bnl.gov/alma9.2-gcc-14.2.0/release/release_new/new.10/include/kfparticleqa:/cvmfs/sphenix.sdcc.bnl.gov/alma9.2-gcc-14.2.0/release/release_new/new.10/include/phfield:/cvmfs/sphenix.sdcc.bnl.gov/alma9.2-gcc-14.2.0/release/release_new/new.10/include/LHAPDF:/cvmfs/sphenix.sdcc.bnl.gov/alma9.2-gcc-14.2.0/release/release_new/new.10/include/readdigitalcurrents:/cvmfs/sphenix.sdcc.bnl.gov/alma9.2-gcc-14.2.0/release/release_new/new.10/include/c10:/cvmfs/sphenix.sdcc.bnl.gov/alma9.2-gcc-14.2.0/release/release_new/new.10/include/calovalid:/cvmfs/sphenix.sdcc.bnl.gov/alma9.2-gcc-14.2.0/release/release_new/new.10/include/oneapi:/cvmfs/sphenix.sdcc.bnl.gov/alma9.2-gcc-14.2.0/release/release_new/new.10/include/DDCond:/cvmfs/sphenix.sdcc.bnl.gov/alma9.2-gcc-14.2.0/release/release_new/new.10/include/g4tracking:/cvmfs/sphenix.sdcc.bnl.gov/alma9.2-gcc-14.2.0/release/release_new/new.10/include/litecaloeval:/cvmfs/sphenix.sdcc.bnl.gov/alma9.2-gcc-14.2.0/release/release_new/new.10/include/g4intt:/cvmfs/sphenix.sdcc.bnl.gov/alma9.2-gcc-14.2.0/release/release_new/new.10/include/phool:/cvmfs/sphenix.sdcc.bnl.gov/alma9.2-gcc-14.2.0/release/release_new/new.10/include/boost:/cvmfs/sphenix.sdcc.bnl.gov/alma9.2-gcc-14.2.0/release/release_new/new.10/include/Pythia8Plugins:/cvmfs/sphenix.sdcc.bnl.gov/alma9.2-gcc-14.2.0/release/release_new/new.10/include/calib_emc_pi0:/cvmfs/sphenix.sdcc.bnl.gov/alma9.2-gcc-14.2.0/release/release_new/new.10/include/hijingflipafterburner:/cvmfs/sphenix.sdcc.bnl.gov/alma9.2-gcc-14.2.0/release/release_new/new.10/include/ffaobjects:/cvmfs/sphenix.sdcc.bnl.gov/alma9.2-gcc-14.2.0/release/release_new/new.10/include/EvtGenBase:/cvmfs/sphenix.sdcc.bnl.gov/alma9.2-gcc-14.2.0/release/release_new/new.10/include/flowafterburner:/cvmfs/sphenix.sdcc.bnl.gov/alma9.2-gcc-14.2.0/release/release_new/new.10/include/google:/cvmfs/sphenix.sdcc.bnl.gov/alma9.2-gcc-14.2.0/release/release_new/new.10/include/g4tpc:/cvmfs/sphenix.sdcc.bnl.gov/alma9.2-gcc-14.2.0/release/release_new/new.10/include/caffe2:/cvmfs/sphenix.sdcc.bnl.gov/alma9.2-gcc-14.2.0/release/release_new/new.10/include/EvtGenExternal:/cvmfs/sphenix.sdcc.bnl.gov/alma9.2-gcc-14.2.0/release/release_new/new.10/include/fp16:/cvmfs/sphenix.sdcc.bnl.gov/alma9.2-gcc-14.2.0/release/release_new/new.10/include/ffamodules:/cvmfs/sphenix.sdcc.bnl.gov/alma9.2-gcc-14.2.0/release/release_new/new.10/include/uspin:/cvmfs/sphenix.sdcc.bnl.gov/alma9.2-gcc-14.2.0/release/release_new/new.10/include/Herwig:/cvmfs/sphenix.sdcc.bnl.gov/alma9.2-gcc-14.2.0/release/release_new/new.10/include/genfitexp:/cvmfs/sphenix.sdcc.bnl.gov/alma9.2-gcc-14.2.0/release/release_new/new.10/include/XML:/cvmfs/sphenix.sdcc.bnl.gov/alma9.2-gcc-14.2.0/release/release_new/new.10/include/fbgemm:/cvmfs/sphenix.sdcc.bnl.gov/alma9.2-gcc-14.2.0/release/release_new/new.10/include/DDAlign:/cvmfs/sphenix.sdcc.bnl.gov/alma9.2-gcc-14.2.0/release/release_new/new.10/include/g4mvtx:/cvmfs/sphenix.sdcc.bnl.gov/alma9.2-gcc-14.2.0/release/release_new/new.10/include/kfparticle_sphenix:/cvmfs/sphenix.sdcc.bnl.gov/alma9.2-gcc-14.2.0/release/release_new/new.10/include/fun4all:/cvmfs/sphenix.sdcc.bnl.gov/alma9.2-gcc-14.2.0/release/release_new/new.10/include/intt:/cvmfs/sphenix.sdcc.bnl.gov/alma9.2-gcc-14.2.0/release/release_new/new.10/include/eventdisplay:/cvmfs/sphenix.sdcc.bnl.gov/alma9.2-gcc-14.2.0/release/release_new/new.10/include/EvtGen:/cvmfs/sphenix.sdcc.bnl.gov/alma9.2-gcc-14.2.0/release/release_new/new.10/include/Evaluator:/cvmfs/sphenix.sdcc.bnl.gov/alma9.2-gcc-14.2.0/release/release_new/new.10/include/tpc:/cvmfs/sphenix.sdcc.bnl.gov/alma9.2-gcc-14.2.0/release/release_new/new.10/include/GenFit:/cvmfs/sphenix.sdcc.bnl.gov/alma9.2-gcc-14.2.0/release/release_new/new.10/include/prototype4:/cvmfs/sphenix.sdcc.bnl.gov/alma9.2-gcc-14.2.0/release/release_new/new.10/include/caloembedding:/cvmfs/sphenix.sdcc.bnl.gov/alma9.2-gcc-14.2.0/release/release_new/new.10/include/EvtGenModels:/cvmfs/sphenix.sdcc.bnl.gov/alma9.2-gcc-14.2.0/release/release_new/new.10/include/fastjet:/cvmfs/sphenix.sdcc.bnl.gov/alma9.2-gcc-14.2.0/release/release_new/new.10/include/DDG4:/cvmfs/sphenix.sdcc.bnl.gov/alma9.2-gcc-14.2.0/release/release_new/new.10/include/mbd:/cvmfs/sphenix.sdcc.bnl.gov/alma9.2-gcc-14.2.0/release/release_new/new.10/include/tbb:/cvmfs/sphenix.sdcc.bnl.gov/alma9.2-gcc-14.2.0/release/release_new/new.10/include/phgeom:/cvmfs/sphenix.sdcc.bnl.gov/alma9.2-gcc-14.2.0/release/release_new/new.10/include/g4epd:/cvmfs/sphenix.sdcc.bnl.gov/alma9.2-gcc-14.2.0/release/release_new/new.10/include/oncal:/cvmfs/sphenix.sdcc.bnl.gov/alma9.2-gcc-14.2.0/release/release_new/new.10/include/pybind11:/cvmfs/sphenix.sdcc.bnl.gov/alma9.2-gcc-14.2.0/release/release_new/new.10/include/tpcdistgenerator:/cvmfs/sphenix.sdcc.bnl.gov/alma9.2-gcc-14.2.0/release/release_new/new.10/include/cdbobjects:/cvmfs/sphenix.sdcc.bnl.gov/alma9.2-gcc-14.2.0/release/release_new/new.10/include/g4micromegas:/cvmfs/sphenix.sdcc.bnl.gov/alma9.2-gcc-14.2.0/release/release_new/new.10/include/g4eval:/cvmfs/sphenix.sdcc.bnl.gov/alma9.2-gcc-14.2.0/release/release_new/new.10/include/jetbackground:/cvmfs/sphenix.sdcc.bnl.gov/alma9.2-gcc-14.2.0/release/release_new/new.10/include/micromegas:/cvmfs/sphenix.sdcc.bnl.gov/alma9.2-gcc-14.2.0/release/release_new/new.10/include/hftrackefficiency:/cvmfs/sphenix.sdcc.bnl.gov/alma9.2-gcc-14.2.0/release/release_new/new.10/include/inttrawhitqa:/cvmfs/sphenix.sdcc.bnl.gov/alma9.2-gcc-14.2.0/release/release_new/new.10/include/centrality:/cvmfs/sphenix.sdcc.bnl.gov/alma9.2-gcc-14.2.0/release/release_new/new.10/include/epd:/cvmfs/sphenix.sdcc.bnl.gov/alma9.2-gcc-14.2.0/release/release_new/new.10/include/caloreco:/cvmfs/sphenix.sdcc.bnl.gov/alma9.2-gcc-14.2.0/release/release_new/new.10/include/HepMC:/cvmfs/sphenix.sdcc.bnl.gov/alma9.2-gcc-14.2.0/release/release_new/new.10/include/CLHEP:/cvmfs/sphenix.sdcc.bnl.gov/alma9.2-gcc-14.2.0/release/release_new/new.10/include/Acts:/cvmfs/sphenix.sdcc.bnl.gov/alma9.2-gcc-14.2.0/release/release_new/new.10/include/g4histos:/cvmfs/sphenix.sdcc.bnl.gov/alma9.2-gcc-14.2.0/release/release_new/new.10/include/eventplaneinfo:/cvmfs/sphenix.sdcc.bnl.gov/alma9.2-gcc-14.2.0/release/release_new/new.10/include/fillspacechargemaps:/cvmfs/sphenix.sdcc.bnl.gov/alma9.2-gcc-14.2.0/release/release_new/new.10/include/phhepmc:/cvmfs/sphenix.sdcc.bnl.gov/alma9.2-gcc-14.2.0/release/release_new/new.10/include/trackingqa:/cvmfs/sphenix.sdcc.bnl.gov/alma9.2-gcc-14.2.0/release/release_new/new.10/include/qautils:/cvmfs/sphenix.sdcc.bnl.gov/alma9.2-gcc-14.2.0/release/release_new/new.10/include/trackreco:/cvmfs/sphenix.sdcc.bnl.gov/alma9.2-gcc-14.2.0/release/release_new/new.10/include/g4ohcal:/cvmfs/sphenix.sdcc.bnl.gov/alma9.2-gcc-14.2.0/release/release_new/new.10/include/tpcdvcalib:/cvmfs/sphenix.sdcc.bnl.gov/alma9.2-gcc-14.2.0/release/release_new/new.10/include/zdcinfo:/cvmfs/sphenix.sdcc.bnl.gov/alma9.2-gcc-14.2.0/release/release_new/new.10/include/phpythia8:/cvmfs/sphenix.sdcc.bnl.gov/alma9.2-gcc-14.2.0/release/release_new/new.10/include/fun4allutils:/cvmfs/sphenix.sdcc.bnl.gov/alma9.2-gcc-14.2.0/release/release_new/new.10/include/tpcqa:/cvmfs/sphenix.sdcc.bnl.gov/alma9.2-gcc-14.2.0/release/release_new/new.10/include/Pythia8:/cvmfs/sphenix.sdcc.bnl.gov/alma9.2-gcc-14.2.0/release/release_new/new.10/include/DDRec:/cvmfs/sphenix.sdcc.bnl.gov/alma9.2-gcc-14.2.0/release/release_new/new.10/include/DDDigi:/cvmfs/sphenix.sdcc.bnl.gov/alma9.2-gcc-14.2.0/release/release_new/new.10/include/g4ihcal:/cvmfs/sphenix.sdcc.bnl.gov/alma9.2-gcc-14.2.0/release/release_new/new.10/include/frog:/cvmfs/sphenix.sdcc.bnl.gov/alma9.2-gcc-14.2.0/release/release_new/new.10/include/eigen3:/cvmfs/sphenix.sdcc.bnl.gov/alma9.2-gcc-14.2.0/release/release_new/new.10/include/tensorpipe:/cvmfs/sphenix.sdcc.bnl.gov/alma9.2-gcc-14.2.0/release/release_new/new.10/include/sphenixnpc:/cvmfs/sphenix.sdcc.bnl.gov/alma9.2-gcc-14.2.0/release/release_new/new.10/include/siscone:/cvmfs/sphenix.sdcc.bnl.gov/alma9.2-gcc-14.2.0/release/release_new/new.10/include/pmonitor:/cvmfs/sphenix.sdcc.bnl.gov/alma9.2-gcc-14.2.0/release/release_new/new.10/include/calobase:/cvmfs/sphenix.sdcc.bnl.gov/alma9.2-gcc-14.2.0/release/release_new/new.10/include/ActsExamples:/cvmfs/sphenix.sdcc.bnl.gov/alma9.2-gcc-14.2.0/release/release_new/new.10/include/g4gdml:/cvmfs/sphenix.sdcc.bnl.gov/alma9.2-gcc-14.2.0/release/release_new/new.10/include/mvtx_decoder:/cvmfs/sphenix.sdcc.bnl.gov/alma9.2-gcc-14.2.0/release/release_new/new.10/include/ROOT:/cvmfs/sphenix.sdcc.bnl.gov/alma9.2-gcc-14.2.0/release/release_new/new.10/include/phparameter:/cvmfs/sphenix.sdcc.bnl.gov/alma9.2-gcc-14.2.0/release/release_new/new.10/include/rsa:/cvmfs/sphenix.sdcc.bnl.gov/alma9.2-gcc-14.2.0/release/release_new/new.10/include/fun4allraw:/cvmfs/sphenix.sdcc.bnl.gov/alma9.2-gcc-14.2.0/release/release_new/new.10/include/trackbase_historic:/cvmfs/sphenix.sdcc.bnl.gov/alma9.2-gcc-14.2.0/release/release_new/new.10/include/g4jets:/cvmfs/sphenix.sdcc.bnl.gov/alma9.2-gcc-14.2.0/release/release_new/new.10/include/jetqa:/cvmfs/sphenix.sdcc.bnl.gov/alma9.2-gcc-14.2.0/release/release_new/new.10/include/phoolraw:/cvmfs/sphenix.sdcc.bnl.gov/alma9.2-gcc-14.2.0/release/release_new/new.10/include/g4calo:/cvmfs/sphenix.sdcc.bnl.gov/alma9.2-gcc-14.2.0/release/release_new/new.10/include/mvtxrawhitqa:/cvmfs/sphenix.sdcc.bnl.gov/alma9.2-gcc-14.2.0/release/release_new/new.10/include/HepMC3:/cvmfs/sphenix.sdcc.bnl.gov/alma9.2-gcc-14.2.0/release/release_new/new.10/include/calowaveformsim:/cvmfs/sphenix.sdcc.bnl.gov/alma9.2-gcc-14.2.0/release/release_new/new.10/include/g4caloprototype:/cvmfs/sphenix.sdcc.bnl.gov/alma9.2-gcc-14.2.0/release/release_new/new.10/include/pdbcalbase:/cvmfs/sphenix.sdcc.bnl.gov/alma9.2-gcc-14.2.0/release/release_new/new.10/include/gsl:/cvmfs/sphenix.sdcc.bnl.gov/alma9.2-gcc-14.2.0/release/release_new/new.10/include/nodedump:/cvmfs/sphenix.sdcc.bnl.gov/alma9.2-gcc-14.2.0/release/release_new/new.10/include/emcnoisytowerfinder:/cvmfs/sphenix.sdcc.bnl.gov/alma9.2-gcc-14.2.0/release/release_new/new.10/include/ActsFatras:/cvmfs/sphenix.sdcc.bnl.gov/alma9.2-gcc-14.2.0/release/release_new/new.10/include/ffarawmodules:/cvmfs/sphenix.sdcc.bnl.gov/alma9.2-gcc-14.2.0/release/release_new/new.10/include/Event:/cvmfs/sphenix.sdcc.bnl.gov/alma9.2-gcc-14.2.0/release/release_new/new.10/include/prototype3:/cvmfs/sphenix.sdcc.bnl.gov/alma9.2-gcc-14.2.0/release/release_new/new.10/include/fermimotionafterburner:/cvmfs/sphenix.sdcc.bnl.gov/alma9.2-gcc-14.2.0/release/release_new/new.10/include/Photos:/cvmfs/sphenix.sdcc.bnl.gov/alma9.2-gcc-14.2.0/release/release_new/new.10/include/xingshiftcal:/cvmfs/sphenix.sdcc.bnl.gov/alma9.2-gcc-14.2.0/release/release_new/new.10/include/trackbase:/cvmfs/sphenix.sdcc.bnl.gov/alma9.2-gcc-14.2.0/release/release_new/new.10/include/jetdstskimmer:/cvmfs/sphenix.sdcc.bnl.gov/alma9.2-gcc-14.2.0/release/release_new/new.10/include/clusteriso:/cvmfs/sphenix.sdcc.bnl.gov/alma9.2-gcc-14.2.0/release/release_new/new.10/include/asmjit:/cvmfs/sphenix.sdcc.bnl.gov/alma9.2-gcc-14.2.0/release/release_new/new.10/include/particleflowreco:/cvmfs/sphenix.sdcc.bnl.gov/alma9.2-gcc-14.2.0/release/release_new/new.10/include/tpchittrackdisplay:/cvmfs/sphenix.sdcc.bnl.gov/alma9.2-gcc-14.2.0/release/release_new/new.10/include/caloana:/cvmfs/sphenix.sdcc.bnl.gov/alma9.2-gcc-14.2.0/release/release_new/new.10/include/calotrigger:/cvmfs/sphenix.sdcc.bnl.gov/alma9.2-gcc-14.2.0/release/release_new/new.10/include/nopayloadclient:/cvmfs/sphenix.sdcc.bnl.gov/alma9.2-gcc-14.2.0/release/release_new/new.10/include/trackermillepedealignment:/cvmfs/sphenix.sdcc.bnl.gov/alma9.2-gcc-14.2.0/release/release_new/new.10/include/DD4hep:/cvmfs/sphenix.sdcc.bnl.gov/alma9.2-gcc-14.2.0/release/release_new/new.10/include/g4trackfastsim:/cvmfs/sphenix.sdcc.bnl.gov/alma9.2-gcc-14.2.0/release/release_new/new.10/include/prototype2:/cvmfs/sphenix.sdcc.bnl.gov/alma9.2-gcc-14.2.0/release/release_new/new.10/include/ATen:/cvmfs/sphenix.sdcc.bnl.gov/alma9.2-gcc-14.2.0/release/release_new/new.10/include/g4main:/cvmfs/sphenix.sdcc.bnl.gov/alma9.2-gcc-14.2.0/release/release_new/new.10/include/Tauola:/cvmfs/sphenix.sdcc.bnl.gov/alma9.2-gcc-14.2.0/release/release_new/new.10/include/inttcalib:/cvmfs/sphenix.sdcc.bnl.gov/alma9.2-gcc-14.2.0/release/release_new/new.10/include/reactionplaneafterburner:/cvmfs/sphenix.sdcc.bnl.gov/alma9.2-gcc-14.2.0/release/release_new/new.10/include/globalqa:/cvmfs/sphenix.sdcc.bnl.gov/alma9.2-gcc-14.2.0/release/release_new/new.10/include/tpccalib:/cvmfs/sphenix.sdcc.bnl.gov/alma9.2-gcc-14.2.0/release/release_new/new.10/include/DDSegmentation:/cvmfs/sphenix.sdcc.bnl.gov/alma9.2-gcc-14.2.0/release/release_new/new.10/include/decayfinder:/cvmfs/sphenix.sdcc.bnl.gov/alma9.2-gcc-14.2.0/release/release_new/new.10/include/compressclus:/cvmfs/sphenix.sdcc.bnl.gov/alma9.2-gcc-14.2.0/release/release_new/new.10/include/simqa_modules:/cvmfs/sphenix.sdcc.bnl.gov/alma9.2-gcc-14.2.0/release/release_new/new.10/include/resonancejettagging:/cvmfs/sphenix.sdcc.bnl.gov/alma9.2-gcc-14.2.0/release/release_new/new.10/include/g4centrality:/cvmfs/sphenix.sdcc.bnl.gov/alma9.2-gcc-14.2.0/release/release_new/new.10/include/mvtx:/cvmfs/sphenix.sdcc.bnl.gov/alma9.2-gcc-14.2.0/release/release_new/new.10/include/nlohmann:/cvmfs/sphenix.sdcc.bnl.gov/alma9.2-gcc-14.2.0/release/release_new/new.10/include/localpoloffmon:/cvmfs/sphenix.sdcc.bnl.gov/alma9.2-gcc-14.2.0/release/release_new/new.10/include/DDEve:/cvmfs/sphenix.sdcc.bnl.gov/alma9.2-gcc-14.2.0/release/release_new/new.10/include/Parsers:/cvmfs/sphenix.sdcc.bnl.gov/alma9.2-gcc-14.2.0/release/release_new/new.10/include/trackingdiagnostics:/cvmfs/sphenix.sdcc.bnl.gov/alma9.2-gcc-14.2.0/release/release_new/new.10/include/g4vertex:/cvmfs/sphenix.sdcc.bnl.gov/alma9.2-gcc-14.2.0/release/release_new/new.10/include/jetbase:/cvmfs/sphenix.sdcc.bnl.gov/alma9.2-gcc-14.2.0/release/release_new/new.10/include/globalvertex:/cvmfs/sphenix.sdcc.bnl.gov/alma9.2-gcc-14.2.0/release/release_new/new.10/include/phgenfit:/cvmfs/sphenix.sdcc.bnl.gov/alma9.2-gcc-14.2.0/release/release_new/new.10/include/rawbcolumi:/cvmfs/sphenix.sdcc.bnl.gov/alma9.2-gcc-14.2.0/release/release_new/new.10/include/eicsmear:/cvmfs/sphenix.sdcc.bnl.gov/alma9.2-gcc-14.2.0/release/release_new/new.10/include/mvtxcalib:/cvmfs/sphenix.sdcc.bnl.gov/alma9.2-gcc-14.2.0/release/release_new/new.10/include/tpclinelaserdiode:/cvmfs/sphenix.sdcc.bnl.gov/alma9.2-gcc-14.2.0/release/release_new/new.10/include/hepmcjettrigger:/cvmfs/sphenix.sdcc.bnl.gov/alma9.2-gcc-14.2.0/release/release_new/new.10/include/core:/cvmfs/sphenix.sdcc.bnl.gov/alma9.2-gcc-14.2.0/release/release_new/new.10/include/calo_cdb:/cvmfs/sphenix.sdcc.bnl.gov/alma9.2-gcc-14.2.0/release/release_new/new.10/include/mvtxclustershapesqa:/cvmfs/sphenix.sdcc.bnl.gov/alma9.2-gcc-14.2.0/release/release_new/new.10/include/calopacketskimmer:/cvmfs/sphenix.sdcc.bnl.gov/alma9.2-gcc-14.2.0/opt/sphenix/core/geant4.10.07.p04/include:/cvmfs/sphenix.sdcc.bnl.gov/alma9.2-gcc-14.2.0/release/release_new/new.10/rootmacros:/cvmfs/sphenix.sdcc.bnl.gov/alma9.2-gcc-14.2.0/opt/sphenix/core/include
GSEARCHPATH=.:PG:LUSTRE:RAWDATA
PWD=/gpfs/mnt/gpfs02/sphenix/user/samfred/run25/ppg11/histmaking
LOGNAME=samfred
_CONDOR_JOB_AD=/home/condor/local/sphnx/execute/dir_3148592/.job.ad
MANPATH=/cvmfs/sphenix.sdcc.bnl.gov/alma9.2-gcc-14.2.0/opt/sphenix/core/gcc/14.2.0-2f0a0/x86_64-el9/share/man:/cvmfs/sphenix.sdcc.bnl.gov/alma9.2-gcc-14.2.0/opt/sphenix/core/binutils/2.40-acaab/x86_64-el9/share/man:/cvmfs/sphenix.sdcc.bnl.gov/alma9.2-gcc-14.2.0/release/release_new/new.10/share/man:/cvmfs/sphenix.sdcc.bnl.gov/alma9.2-gcc-14.2.0/opt/sphenix/utils/share/man:/cvmfs/sphenix.sdcc.bnl.gov/alma9.2-gcc-14.2.0/opt/sphenix/core/share/man:/cvmfs/sphenix.sdcc.bnl.gov/alma9.2-gcc-14.2.0/opt/sphenix/core/root-6.32.06/man:/usr/local/share/man:/usr/share/man
PYTHIA8=/cvmfs/sphenix.sdcc.bnl.gov/alma9.2-gcc-14.2.0/release/release_new/new.10/share/Pythia8
G4INCLDATA=/cvmfs/sphenix.sdcc.bnl.gov/alma9.2-gcc-14.2.0/opt/sphenix/core/geant4.10.07.p04/share/Geant4-10.7.4/data/G4INCL1.0
ORIG_PATH=/usr/local/bin:/usr/bin
CXX=/cvmfs/sphenix.sdcc.bnl.gov/alma9.2-gcc-14.2.0/opt/sphenix/core/gcc/14.2.0-2f0a0/x86_64-el9/bin/g++
_CONDOR_ANCESTOR_3148592=3149846:1759352748:3013751322
G4LEDATA=/cvmfs/sphenix.sdcc.bnl.gov/alma9.2-gcc-14.2.0/opt/sphenix/core/geant4.10.07.p04/share/Geant4-10.7.4/data/G4EMLOW7.13
PYTHON_CPU_COUNT=1
OPENBLAS_NUM_THREADS=1
_CONDOR_BIN=/usr/bin
HOME=/sphenix/u/samfred
G4PARTICLEXSDATA=/cvmfs/sphenix.sdcc.bnl.gov/alma9.2-gcc-14.2.0/opt/sphenix/core/geant4.10.07.p04/share/Geant4-10.7.4/data/G4PARTICLEXS3.1.1
ONLINE_MAIN=/cvmfs/sphenix.sdcc.bnl.gov/alma9.2-gcc-14.2.0/release/release_new/new.10
CALIBRATIONROOT=/cvmfs/sphenix.sdcc.bnl.gov/alma9.2-gcc-14.2.0/release/release_new/new.10/share/calibrations
TMPDIR=/tmp
_CONDOR_SCRATCH_DIR=/home/condor/local/sphnx/execute/dir_3148592
PGUSER=phnxrc
NOPAYLOADCLIENT_CONF=/cvmfs/sphenix.sdcc.bnl.gov/alma9.2-gcc-14.2.0/opt/sphenix/core/etc/sPHENIX_newcdb.json
XERCESCROOT=/cvmfs/sphenix.sdcc.bnl.gov/alma9.2-gcc-14.2.0/opt/sphenix/core/geant4.10.07.p04
LHAPATH=/cvmfs/sphenix.sdcc.bnl.gov/alma9.2-gcc-14.2.0/opt/sphenix/core/lhapdf-5.9.1/share/lhapdf/PDFsets
_CONDOR_ANCESTOR_310978=311013:1756523324:1156866779
G4NEUTRONHPDATA=/cvmfs/sphenix.sdcc.bnl.gov/alma9.2-gcc-14.2.0/opt/sphenix/core/geant4.10.07.p04/share/Geant4-10.7.4/data/G4NDL4.6
PYTHONPATH=.:/cvmfs/sphenix.sdcc.bnl.gov/alma9.2-gcc-14.2.0/release/release_new/new.10/lib/python3.13/site-packages:/cvmfs/sphenix.sdcc.bnl.gov/alma9.2-gcc-14.2.0/opt/sphenix/core/lib/python3.13/site-packages:/cvmfs/sphenix.sdcc.bnl.gov/alma9.2-gcc-14.2.0/opt/sphenix/core/root-6.32.06/lib
USER=samfred
_CONDOR_JOB_PIDS=
TEMP=/tmp
GOMAXPROCS=1
OFFLINE_MAIN=/cvmfs/sphenix.sdcc.bnl.gov/alma9.2-gcc-14.2.0/release/release_new/new.10
SHLVL=1
TF_NUM_THREADS=1
G4SAIDXSDATA=/cvmfs/sphenix.sdcc.bnl.gov/alma9.2-gcc-14.2.0/opt/sphenix/core/geant4.10.07.p04/share/Geant4-10.7.4/data/G4SAIDDATA2.0
APPTAINER_CACHEDIR=/home/condor/local/sphnx/execute/dir_3148592
ROOTSYS=/cvmfs/sphenix.sdcc.bnl.gov/alma9.2-gcc-14.2.0/opt/sphenix/core/root-6.32.06
BATCH_SYSTEM=HTCondor
_CONDOR_SLOT=slot1_50
LD_LIBRARY_PATH=/sphenix/user/samfred/run25/install//lib:/cvmfs/sphenix.sdcc.bnl.gov/alma9.2-gcc-14.2.0/opt/sphenix/core/gcc/14.2.0-2f0a0/x86_64-el9/lib:/cvmfs/sphenix.sdcc.bnl.gov/alma9.2-gcc-14.2.0/opt/sphenix/core/gcc/14.2.0-2f0a0/x86_64-el9/lib64:/cvmfs/sphenix.sdcc.bnl.gov/alma9.2-gcc-14.2.0/opt/sphenix/core/binutils/2.40-acaab/x86_64-el9/lib:.:/cvmfs/sphenix.sdcc.bnl.gov/alma9.2-gcc-14.2.0/release/release_new/new.10/lib64:/cvmfs/sphenix.sdcc.bnl.gov/alma9.2-gcc-14.2.0/release/release_new/new.10/lib:/cvmfs/sphenix.sdcc.bnl.gov/alma9.2-gcc-14.2.0/opt/sphenix/utils/lib:/cvmfs/sphenix.sdcc.bnl.gov/alma9.2-gcc-14.2.0/opt/sphenix/core/lib:/cvmfs/sphenix.sdcc.bnl.gov/alma9.2-gcc-14.2.0/opt/sphenix/core/root-6.32.06/lib:/cvmfs/sphenix.sdcc.bnl.gov/alma9.2-gcc-14.2.0/opt/sphenix/core/geant4.10.07.p04/lib64:/cvmfs/sphenix.sdcc.bnl.gov/alma9.2-gcc-14.2.0/opt/sphenix/core/lhapdf-5.9.1/lib:/usr/local/lib64:/usr/lib64
OPT_SPHENIX=/cvmfs/sphenix.sdcc.bnl.gov/alma9.2-gcc-14.2.0/opt/sphenix/core
TF_LOOP_PARALLEL_ITERATIONS=1
EVT_LIB=/cvmfs/sphenix.sdcc.bnl.gov/alma9.2-gcc-14.2.0/opt/sphenix/core/root-6.32.06/lib
PGHOST=sphnxdbmaster.sdcc.bnl.gov
OMP_NUM_THREADS=1
G4REALSURFACEDATA=/cvmfs/sphenix.sdcc.bnl.gov/alma9.2-gcc-14.2.0/opt/sphenix/core/geant4.10.07.p04/share/Geant4-10.7.4/data/RealSurface2.2
FC=/cvmfs/sphenix.sdcc.bnl.gov/alma9.2-gcc-14.2.0/opt/sphenix/core/gcc/14.2.0-2f0a0/x86_64-el9/bin/gfortran
G4ABLADATA=/cvmfs/sphenix.sdcc.bnl.gov/alma9.2-gcc-14.2.0/opt/sphenix/core/geant4.10.07.p04/share/Geant4-10.7.4/data/G4ABLA3.1
PARASOFT=doesnotexist
TMP=/tmp
OPT_UTILS=/cvmfs/sphenix.sdcc.bnl.gov/alma9.2-gcc-14.2.0/opt/sphenix/utils
CONFIG_SITE=/cvmfs/sphenix.sdcc.bnl.gov/alma9.2-gcc-14.2.0/opt/sphenix/core/etc/config.site
PATH=/sphenix/user/samfred/run25/install//bin:/cvmfs/sphenix.sdcc.bnl.gov/alma9.2-gcc-14.2.0/opt/sphenix/core/gcc/14.2.0-2f0a0/x86_64-el9/bin:/cvmfs/sphenix.sdcc.bnl.gov/alma9.2-gcc-14.2.0/opt/sphenix/core/binutils/2.40-acaab/x86_64-el9/bin:.:/cvmfs/sphenix.sdcc.bnl.gov/alma9.2-gcc-14.2.0/release/release_new/new.10/bin:/cvmfs/sphenix.sdcc.bnl.gov/alma9.2-gcc-14.2.0/opt/sphenix/utils/bin:/cvmfs/sphenix.sdcc.bnl.gov/alma9.2-gcc-14.2.0/opt/sphenix/core/bin:/cvmfs/sphenix.sdcc.bnl.gov/alma9.2-gcc-14.2.0/opt/sphenix/core/root-6.32.06/bin:/cvmfs/sphenix.sdcc.bnl.gov/alma9.2-gcc-14.2.0/opt/sphenix/core/geant4.10.07.p04/bin:/usr/local/bin:/usr/bin:/usr/local/sbin:/usr/sbin
G4LEVELGAMMADATA=/cvmfs/sphenix.sdcc.bnl.gov/alma9.2-gcc-14.2.0/opt/sphenix/core/geant4.10.07.p04/share/Geant4-10.7.4/data/PhotonEvaporation5.7
CC=/cvmfs/sphenix.sdcc.bnl.gov/alma9.2-gcc-14.2.0/opt/sphenix/core/gcc/14.2.0-2f0a0/x86_64-el9/bin/gcc
G4RADIOACTIVEDATA=/cvmfs/sphenix.sdcc.bnl.gov/alma9.2-gcc-14.2.0/opt/sphenix/core/geant4.10.07.p04/share/Geant4-10.7.4/data/RadioactiveDecay5.6
JULIA_NUM_THREADS=1
MKL_NUM_THREADS=1
_CONDOR_ANCESTOR_311013=3148592:1759352748:2535251434
LHAPDF_DATA_PATH=/cvmfs/sphenix.sdcc.bnl.gov/alma9.2-gcc-14.2.0/release/release_new/new.10/share/LHAPDF
XPLOAD_CONFIG_DIR=/cvmfs/sphenix.sdcc.bnl.gov/alma9.2-gcc-14.2.0/opt/sphenix/core/etc
OLDPWD=/cvmfs/sphenix.sdcc.bnl.gov/alma9.2-gcc-14.2.0/release/release_new/new.10/geant4
_=/usr/bin/printenv
runnumber...
53216
trigger...

   ------------------------------------------------------------------
  | Welcome to ROOT 6.32.06                        https://root.cern |
  | (c) 1995-2024, The ROOT Team; conception: R. Brun, F. Rademakers |
  | Built for linuxx8664gcc on Dec 13 2024, 17:23:48                 |
  | From tags/6-32-06@6-32-06                                        |
  | With g++ (GCC) 14.2.0                                            |
  | Try '.help'/'.?', '.demo', '.license', '.credits', '.quit'/'.q'  |
   ------------------------------------------------------------------


Processing data_histmaker.C(53216)...
entry 1000/3658821 (0.0273312%)
entry 2000/3658821 (0.0546624%)
entry 4000/3658821 (0.109325%)
entry 9000/3658821 (0.245981%)
entry 11000/3658821 (0.300643%)
entry 12000/3658821 (0.327975%)
entry 13000/3658821 (0.355306%)
entry 14000/3658821 (0.382637%)
entry 15000/3658821 (0.409968%)
entry 17000/3658821 (0.464631%)
entry 19000/3658821 (0.519293%)
entry 21000/3658821 (0.573955%)
entry 22000/3658821 (0.601287%)
entry 25000/3658821 (0.68328%)
entry 26000/3658821 (0.710611%)
entry 27000/3658821 (0.737943%)
entry 28000/3658821 (0.765274%)
entry 29000/3658821 (0.792605%)
entry 32000/3658821 (0.874599%)
entry 33000/3658821 (0.90193%)
entry 35000/3658821 (0.956592%)
entry 41000/3658821 (1.12058%)
entry 42000/3658821 (1.14791%)
entry 43000/3658821 (1.17524%)
entry 44000/3658821 (1.20257%)
entry 45000/3658821 (1.2299%)
entry 46000/3658821 (1.25724%)
entry 47000/3658821 (1.28457%)
entry 48000/3658821 (1.3119%)
entry 50000/3658821 (1.36656%)
entry 55000/3658821 (1.50322%)
entry 56000/3658821 (1.53055%)
entry 57000/3658821 (1.55788%)
entry 58000/3658821 (1.58521%)
entry 60000/3658821 (1.63987%)
entry 61000/3658821 (1.6672%)
entry 62000/3658821 (1.69453%)
entry 63000/3658821 (1.72187%)
entry 65000/3658821 (1.77653%)
entry 66000/3658821 (1.80386%)
entry 67000/3658821 (1.83119%)
entry 69000/3658821 (1.88585%)
entry 70000/3658821 (1.91318%)
entry 72000/3658821 (1.96785%)
entry 74000/3658821 (2.02251%)
entry 75000/3658821 (2.04984%)
entry 77000/3658821 (2.1045%)
entry 78000/3658821 (2.13183%)
entry 79000/3658821 (2.15917%)
entry 81000/3658821 (2.21383%)
entry 82000/3658821 (2.24116%)
entry 83000/3658821 (2.26849%)
entry 85000/3658821 (2.32315%)
entry 87000/3658821 (2.37782%)
entry 88000/3658821 (2.40515%)
entry 89000/3658821 (2.43248%)
entry 90000/3658821 (2.45981%)
entry 91000/3658821 (2.48714%)
entry 92000/3658821 (2.51447%)
entry 94000/3658821 (2.56913%)
entry 96000/3658821 (2.6238%)
entry 97000/3658821 (2.65113%)
entry 99000/3658821 (2.70579%)
entry 100000/3658821 (2.73312%)
entry 101000/3658821 (2.76045%)
entry 102000/3658821 (2.78778%)
entry 103000/3658821 (2.81511%)
entry 104000/3658821 (2.84245%)
entry 105000/3658821 (2.86978%)
entry 106000/3658821 (2.89711%)
entry 107000/3658821 (2.92444%)
entry 108000/3658821 (2.95177%)
entry 110000/3658821 (3.00643%)
entry 111000/3658821 (3.03376%)
entry 112000/3658821 (3.0611%)
entry 115000/3658821 (3.14309%)
entry 116000/3658821 (3.17042%)
entry 118000/3658821 (3.22508%)
entry 119000/3658821 (3.25241%)
entry 122000/3658821 (3.33441%)
entry 123000/3658821 (3.36174%)
entry 124000/3658821 (3.38907%)
entry 125000/3658821 (3.4164%)
entry 126000/3658821 (3.44373%)
entry 127000/3658821 (3.47106%)
entry 129000/3658821 (3.52573%)
entry 130000/3658821 (3.55306%)
entry 132000/3658821 (3.60772%)
entry 135000/3658821 (3.68971%)
entry 137000/3658821 (3.74438%)
entry 139000/3658821 (3.79904%)
entry 140000/3658821 (3.82637%)
entry 142000/3658821 (3.88103%)
entry 147000/3658821 (4.01769%)
entry 148000/3658821 (4.04502%)
entry 152000/3658821 (4.15434%)
entry 156000/3658821 (4.26367%)
entry 159000/3658821 (4.34566%)
entry 160000/3658821 (4.37299%)
entry 164000/3658821 (4.48232%)
entry 166000/3658821 (4.53698%)
entry 167000/3658821 (4.56431%)
entry 168000/3658821 (4.59164%)
entry 169000/3658821 (4.61897%)
entry 170000/3658821 (4.64631%)
entry 171000/3658821 (4.67364%)
entry 172000/3658821 (4.70097%)
entry 173000/3658821 (4.7283%)
entry 176000/3658821 (4.81029%)
entry 177000/3658821 (4.83762%)
entry 178000/3658821 (4.86495%)
entry 179000/3658821 (4.89229%)
entry 182000/3658821 (4.97428%)
entry 183000/3658821 (5.00161%)
entry 185000/3658821 (5.05627%)
entry 189000/3658821 (5.1656%)
entry 190000/3658821 (5.19293%)
entry 192000/3658821 (5.24759%)
entry 193000/3658821 (5.27492%)
entry 194000/3658821 (5.30225%)
entry 196000/3658821 (5.35692%)
entry 197000/3658821 (5.38425%)
entry 199000/3658821 (5.43891%)
entry 200000/3658821 (5.46624%)
entry 201000/3658821 (5.49357%)
entry 203000/3658821 (5.54824%)
entry 204000/3658821 (5.57557%)
entry 206000/3658821 (5.63023%)
entry 208000/3658821 (5.68489%)
entry 209000/3658821 (5.71222%)
entry 212000/3658821 (5.79422%)
entry 213000/3658821 (5.82155%)
entry 214000/3658821 (5.84888%)
entry 215000/3658821 (5.87621%)
entry 220000/3658821 (6.01287%)
entry 221000/3658821 (6.0402%)
entry 222000/3658821 (6.06753%)
entry 224000/3658821 (6.12219%)
entry 225000/3658821 (6.14952%)
entry 230000/3658821 (6.28618%)
entry 232000/3658821 (6.34084%)
entry 234000/3658821 (6.3955%)
entry 235000/3658821 (6.42283%)
entry 236000/3658821 (6.45017%)
entry 237000/3658821 (6.4775%)
entry 238000/3658821 (6.50483%)
entry 240000/3658821 (6.55949%)
entry 244000/3658821 (6.66882%)
entry 245000/3658821 (6.69615%)
entry 246000/3658821 (6.72348%)
entry 248000/3658821 (6.77814%)
entry 249000/3658821 (6.80547%)
entry 251000/3658821 (6.86013%)
entry 252000/3658821 (6.88746%)
entry 254000/3658821 (6.94213%)
entry 255000/3658821 (6.96946%)
entry 256000/3658821 (6.99679%)
entry 257000/3658821 (7.02412%)
entry 258000/3658821 (7.05145%)
entry 259000/3658821 (7.07878%)
entry 260000/3658821 (7.10611%)
entry 262000/3658821 (7.16078%)
entry 263000/3658821 (7.18811%)
entry 266000/3658821 (7.2701%)
entry 268000/3658821 (7.32476%)
entry 270000/3658821 (7.37943%)
entry 271000/3658821 (7.40676%)
entry 272000/3658821 (7.43409%)
entry 274000/3658821 (7.48875%)
entry 277000/3658821 (7.57075%)
entry 280000/3658821 (7.65274%)
entry 281000/3658821 (7.68007%)
entry 282000/3658821 (7.7074%)
entry 283000/3658821 (7.73473%)
entry 284000/3658821 (7.76206%)
entry 285000/3658821 (7.78939%)
entry 291000/3658821 (7.95338%)
entry 292000/3658821 (7.98071%)
entry 294000/3658821 (8.03538%)
entry 297000/3658821 (8.11737%)
entry 298000/3658821 (8.1447%)
entry 299000/3658821 (8.17203%)
entry 300000/3658821 (8.19936%)
entry 301000/3658821 (8.22669%)
entry 302000/3658821 (8.25403%)
entry 304000/3658821 (8.30869%)
entry 309000/3658821 (8.44534%)
entry 310000/3658821 (8.47267%)
entry 311000/3658821 (8.50001%)
entry 312000/3658821 (8.52734%)
entry 313000/3658821 (8.55467%)
entry 314000/3658821 (8.582%)
entry 316000/3658821 (8.63666%)
entry 318000/3658821 (8.69132%)
entry 320000/3658821 (8.74599%)
entry 321000/3658821 (8.77332%)
entry 322000/3658821 (8.80065%)
entry 323000/3658821 (8.82798%)
entry 325000/3658821 (8.88264%)
entry 328000/3658821 (8.96464%)
entry 329000/3658821 (8.99197%)
entry 330000/3658821 (9.0193%)
entry 331000/3658821 (9.04663%)
entry 332000/3658821 (9.07396%)
entry 333000/3658821 (9.10129%)
entry 334000/3658821 (9.12862%)
entry 335000/3658821 (9.15596%)
entry 336000/3658821 (9.18329%)
entry 337000/3658821 (9.21062%)
entry 339000/3658821 (9.26528%)
entry 340000/3658821 (9.29261%)
entry 341000/3658821 (9.31994%)
entry 347000/3658821 (9.48393%)
entry 349000/3658821 (9.53859%)
entry 350000/3658821 (9.56592%)
entry 351000/3658821 (9.59325%)
entry 352000/3658821 (9.62059%)
entry 353000/3658821 (9.64792%)
entry 354000/3658821 (9.67525%)
entry 355000/3658821 (9.70258%)
entry 356000/3658821 (9.72991%)
entry 358000/3658821 (9.78457%)
entry 360000/3658821 (9.83924%)
entry 362000/3658821 (9.8939%)
entry 363000/3658821 (9.92123%)
entry 364000/3658821 (9.94856%)
entry 365000/3658821 (9.97589%)
entry 366000/3658821 (10.0032%)
entry 368000/3658821 (10.0579%)
entry 369000/3658821 (10.0852%)
entry 371000/3658821 (10.1399%)
entry 372000/3658821 (10.1672%)
entry 377000/3658821 (10.3039%)
entry 378000/3658821 (10.3312%)
entry 379000/3658821 (10.3585%)
entry 380000/3658821 (10.3859%)
entry 382000/3658821 (10.4405%)
entry 385000/3658821 (10.5225%)
entry 386000/3658821 (10.5498%)
entry 387000/3658821 (10.5772%)
entry 389000/3658821 (10.6318%)
entry 390000/3658821 (10.6592%)
entry 391000/3658821 (10.6865%)
entry 392000/3658821 (10.7138%)
entry 393000/3658821 (10.7412%)
entry 394000/3658821 (10.7685%)
entry 396000/3658821 (10.8232%)
entry 397000/3658821 (10.8505%)
entry 398000/3658821 (10.8778%)
entry 402000/3658821 (10.9871%)
entry 403000/3658821 (11.0145%)
entry 406000/3658821 (11.0965%)
entry 407000/3658821 (11.1238%)
entry 410000/3658821 (11.2058%)
entry 411000/3658821 (11.2331%)
entry 412000/3658821 (11.2605%)
entry 413000/3658821 (11.2878%)
entry 414000/3658821 (11.3151%)
entry 415000/3658821 (11.3425%)
entry 417000/3658821 (11.3971%)
entry 419000/3658821 (11.4518%)
entry 420000/3658821 (11.4791%)
entry 424000/3658821 (11.5884%)
entry 425000/3658821 (11.6158%)
entry 428000/3658821 (11.6978%)
entry 431000/3658821 (11.7798%)
entry 434000/3658821 (11.8617%)
entry 435000/3658821 (11.8891%)
entry 438000/3658821 (11.9711%)
entry 440000/3658821 (12.0257%)
entry 441000/3658821 (12.0531%)
entry 443000/3658821 (12.1077%)
entry 444000/3658821 (12.1351%)
entry 445000/3658821 (12.1624%)
entry 448000/3658821 (12.2444%)
entry 449000/3658821 (12.2717%)
entry 451000/3658821 (12.3264%)
entry 453000/3658821 (12.381%)
entry 455000/3658821 (12.4357%)
entry 456000/3658821 (12.463%)
entry 458000/3658821 (12.5177%)
entry 459000/3658821 (12.545%)
entry 463000/3658821 (12.6543%)
entry 464000/3658821 (12.6817%)
entry 465000/3658821 (12.709%)
entry 466000/3658821 (12.7363%)
entry 471000/3658821 (12.873%)
entry 474000/3658821 (12.955%)
entry 476000/3658821 (13.0097%)
entry 482000/3658821 (13.1736%)
entry 485000/3658821 (13.2556%)
entry 486000/3658821 (13.283%)
entry 487000/3658821 (13.3103%)
entry 488000/3658821 (13.3376%)
entry 490000/3658821 (13.3923%)
entry 491000/3658821 (13.4196%)
entry 493000/3658821 (13.4743%)
entry 494000/3658821 (13.5016%)
entry 497000/3658821 (13.5836%)
entry 498000/3658821 (13.6109%)
entry 501000/3658821 (13.6929%)
entry 504000/3658821 (13.7749%)
entry 506000/3658821 (13.8296%)
entry 507000/3658821 (13.8569%)
entry 509000/3658821 (13.9116%)
entry 510000/3658821 (13.9389%)
entry 511000/3658821 (13.9662%)
entry 512000/3658821 (13.9936%)
entry 514000/3658821 (14.0482%)
entry 515000/3658821 (14.0756%)
entry 516000/3658821 (14.1029%)
entry 517000/3658821 (14.1302%)
entry 520000/3658821 (14.2122%)
entry 521000/3658821 (14.2396%)
entry 523000/3658821 (14.2942%)
entry 526000/3658821 (14.3762%)
entry 528000/3658821 (14.4309%)
entry 529000/3658821 (14.4582%)
entry 533000/3658821 (14.5675%)
entry 535000/3658821 (14.6222%)
entry 536000/3658821 (14.6495%)
entry 537000/3658821 (14.6769%)
entry 540000/3658821 (14.7589%)
entry 542000/3658821 (14.8135%)
entry 543000/3658821 (14.8408%)
entry 544000/3658821 (14.8682%)
entry 545000/3658821 (14.8955%)
entry 546000/3658821 (14.9228%)
entry 550000/3658821 (15.0322%)
entry 553000/3658821 (15.1142%)
entry 554000/3658821 (15.1415%)
entry 555000/3658821 (15.1688%)
entry 556000/3658821 (15.1962%)
entry 557000/3658821 (15.2235%)
entry 564000/3658821 (15.4148%)
entry 565000/3658821 (15.4421%)
entry 568000/3658821 (15.5241%)
entry 569000/3658821 (15.5515%)
entry 570000/3658821 (15.5788%)
entry 572000/3658821 (15.6335%)
entry 576000/3658821 (15.7428%)
entry 577000/3658821 (15.7701%)
entry 578000/3658821 (15.7974%)
entry 580000/3658821 (15.8521%)
entry 581000/3658821 (15.8794%)
entry 582000/3658821 (15.9068%)
entry 584000/3658821 (15.9614%)
entry 585000/3658821 (15.9888%)
entry 586000/3658821 (16.0161%)
entry 588000/3658821 (16.0708%)
entry 589000/3658821 (16.0981%)
entry 590000/3658821 (16.1254%)
entry 593000/3658821 (16.2074%)
entry 594000/3658821 (16.2347%)
entry 595000/3658821 (16.2621%)
entry 598000/3658821 (16.3441%)
entry 599000/3658821 (16.3714%)
entry 600000/3658821 (16.3987%)
entry 601000/3658821 (16.4261%)
entry 602000/3658821 (16.4534%)
entry 603000/3658821 (16.4807%)
entry 604000/3658821 (16.5081%)
entry 605000/3658821 (16.5354%)
entry 606000/3658821 (16.5627%)
entry 609000/3658821 (16.6447%)
entry 611000/3658821 (16.6994%)
entry 613000/3658821 (16.754%)
entry 616000/3658821 (16.836%)
entry 617000/3658821 (16.8634%)
entry 618000/3658821 (16.8907%)
entry 619000/3658821 (16.918%)
entry 620000/3658821 (16.9453%)
entry 621000/3658821 (16.9727%)
entry 625000/3658821 (17.082%)
entry 626000/3658821 (17.1093%)
entry 627000/3658821 (17.1367%)
entry 628000/3658821 (17.164%)
entry 629000/3658821 (17.1913%)
entry 630000/3658821 (17.2187%)
entry 631000/3658821 (17.246%)
entry 636000/3658821 (17.3826%)
entry 637000/3658821 (17.41%)
entry 638000/3658821 (17.4373%)
entry 639000/3658821 (17.4646%)
entry 640000/3658821 (17.492%)
entry 642000/3658821 (17.5466%)
entry 643000/3658821 (17.574%)
entry 644000/3658821 (17.6013%)
entry 645000/3658821 (17.6286%)
entry 647000/3658821 (17.6833%)
entry 649000/3658821 (17.738%)
entry 652000/3658821 (17.8199%)
entry 653000/3658821 (17.8473%)
entry 655000/3658821 (17.9019%)
entry 656000/3658821 (17.9293%)
entry 657000/3658821 (17.9566%)
entry 658000/3658821 (17.9839%)
entry 659000/3658821 (18.0113%)
entry 662000/3658821 (18.0933%)
entry 664000/3658821 (18.1479%)
entry 666000/3658821 (18.2026%)
entry 668000/3658821 (18.2572%)
entry 669000/3658821 (18.2846%)
entry 671000/3658821 (18.3392%)
entry 672000/3658821 (18.3666%)
entry 673000/3658821 (18.3939%)
entry 674000/3658821 (18.4212%)
entry 675000/3658821 (18.4486%)
entry 678000/3658821 (18.5306%)
entry 681000/3658821 (18.6126%)
entry 682000/3658821 (18.6399%)
entry 685000/3658821 (18.7219%)
entry 687000/3658821 (18.7765%)
entry 688000/3658821 (18.8039%)
entry 697000/3658821 (19.0499%)
entry 698000/3658821 (19.0772%)
entry 701000/3658821 (19.1592%)
entry 702000/3658821 (19.1865%)
entry 704000/3658821 (19.2412%)
entry 706000/3658821 (19.2958%)
entry 707000/3658821 (19.3232%)
entry 708000/3658821 (19.3505%)
entry 709000/3658821 (19.3778%)
entry 711000/3658821 (19.4325%)
entry 715000/3658821 (19.5418%)
entry 716000/3658821 (19.5691%)
entry 717000/3658821 (19.5965%)
entry 718000/3658821 (19.6238%)
entry 719000/3658821 (19.6511%)
entry 721000/3658821 (19.7058%)
entry 724000/3658821 (19.7878%)
entry 730000/3658821 (19.9518%)
entry 731000/3658821 (19.9791%)
entry 736000/3658821 (20.1158%)
entry 737000/3658821 (20.1431%)
entry 739000/3658821 (20.1978%)
entry 740000/3658821 (20.2251%)
entry 742000/3658821 (20.2798%)
entry 743000/3658821 (20.3071%)
entry 744000/3658821 (20.3344%)
entry 746000/3658821 (20.3891%)
entry 748000/3658821 (20.4437%)
entry 751000/3658821 (20.5257%)
entry 754000/3658821 (20.6077%)
entry 756000/3658821 (20.6624%)
entry 757000/3658821 (20.6897%)
entry 760000/3658821 (20.7717%)
entry 762000/3658821 (20.8264%)
entry 763000/3658821 (20.8537%)
entry 764000/3658821 (20.881%)
entry 765000/3658821 (20.9084%)
entry 766000/3658821 (20.9357%)
entry 769000/3658821 (21.0177%)
entry 770000/3658821 (21.045%)
entry 771000/3658821 (21.0724%)
entry 772000/3658821 (21.0997%)
entry 775000/3658821 (21.1817%)
entry 778000/3658821 (21.2637%)
entry 779000/3658821 (21.291%)
entry 780000/3658821 (21.3183%)
entry 781000/3658821 (21.3457%)
entry 783000/3658821 (21.4003%)
entry 784000/3658821 (21.4277%)
entry 786000/3658821 (21.4823%)
entry 790000/3658821 (21.5917%)
entry 793000/3658821 (21.6736%)
entry 794000/3658821 (21.701%)
entry 799000/3658821 (21.8376%)
entry 800000/3658821 (21.865%)
entry 801000/3658821 (21.8923%)
entry 803000/3658821 (21.947%)
entry 804000/3658821 (21.9743%)
entry 807000/3658821 (22.0563%)
entry 810000/3658821 (22.1383%)
entry 811000/3658821 (22.1656%)
entry 812000/3658821 (22.1929%)
entry 814000/3658821 (22.2476%)
entry 816000/3658821 (22.3023%)
entry 817000/3658821 (22.3296%)
entry 818000/3658821 (22.3569%)
entry 819000/3658821 (22.3843%)
entry 820000/3658821 (22.4116%)
entry 821000/3658821 (22.4389%)
entry 822000/3658821 (22.4663%)
entry 823000/3658821 (22.4936%)
entry 824000/3658821 (22.5209%)
entry 825000/3658821 (22.5482%)
entry 828000/3658821 (22.6302%)
entry 830000/3658821 (22.6849%)
entry 831000/3658821 (22.7122%)
entry 832000/3658821 (22.7396%)
entry 833000/3658821 (22.7669%)
entry 834000/3658821 (22.7942%)
entry 837000/3658821 (22.8762%)
entry 838000/3658821 (22.9036%)
entry 840000/3658821 (22.9582%)
entry 841000/3658821 (22.9855%)
entry 843000/3658821 (23.0402%)
entry 844000/3658821 (23.0675%)
entry 845000/3658821 (23.0949%)
entry 846000/3658821 (23.1222%)
entry 849000/3658821 (23.2042%)
entry 850000/3658821 (23.2315%)
entry 852000/3658821 (23.2862%)
entry 853000/3658821 (23.3135%)
entry 855000/3658821 (23.3682%)
entry 857000/3658821 (23.4228%)
entry 858000/3658821 (23.4502%)
entry 859000/3658821 (23.4775%)
entry 860000/3658821 (23.5048%)
entry 863000/3658821 (23.5868%)
entry 865000/3658821 (23.6415%)
entry 866000/3658821 (23.6688%)
entry 867000/3658821 (23.6962%)
entry 868000/3658821 (23.7235%)
entry 869000/3658821 (23.7508%)
entry 871000/3658821 (23.8055%)
entry 873000/3658821 (23.8601%)
entry 874000/3658821 (23.8875%)
entry 875000/3658821 (23.9148%)
entry 876000/3658821 (23.9421%)
entry 878000/3658821 (23.9968%)
entry 880000/3658821 (24.0515%)
entry 881000/3658821 (24.0788%)
entry 882000/3658821 (24.1061%)
entry 883000/3658821 (24.1335%)
entry 884000/3658821 (24.1608%)
entry 889000/3658821 (24.2974%)
entry 890000/3658821 (24.3248%)
entry 891000/3658821 (24.3521%)
entry 892000/3658821 (24.3794%)
entry 893000/3658821 (24.4068%)
entry 895000/3658821 (24.4614%)
entry 897000/3658821 (24.5161%)
entry 898000/3658821 (24.5434%)
entry 900000/3658821 (24.5981%)
entry 904000/3658821 (24.7074%)
entry 906000/3658821 (24.7621%)
entry 907000/3658821 (24.7894%)
entry 908000/3658821 (24.8167%)
entry 910000/3658821 (24.8714%)
entry 911000/3658821 (24.8987%)
entry 913000/3658821 (24.9534%)
entry 914000/3658821 (24.9807%)
entry 915000/3658821 (25.0081%)
entry 918000/3658821 (25.0901%)
entry 919000/3658821 (25.1174%)
entry 920000/3658821 (25.1447%)
entry 921000/3658821 (25.172%)
entry 923000/3658821 (25.2267%)
entry 925000/3658821 (25.2814%)
entry 926000/3658821 (25.3087%)
entry 928000/3658821 (25.3634%)
entry 929000/3658821 (25.3907%)
entry 931000/3658821 (25.4454%)
entry 932000/3658821 (25.4727%)
entry 934000/3658821 (25.5273%)
entry 935000/3658821 (25.5547%)
entry 937000/3658821 (25.6093%)
entry 939000/3658821 (25.664%)
entry 940000/3658821 (25.6913%)
entry 941000/3658821 (25.7187%)
entry 944000/3658821 (25.8007%)
entry 947000/3658821 (25.8827%)
entry 949000/3658821 (25.9373%)
entry 952000/3658821 (26.0193%)
entry 954000/3658821 (26.074%)
entry 955000/3658821 (26.1013%)
entry 956000/3658821 (26.1286%)
entry 957000/3658821 (26.156%)
entry 962000/3658821 (26.2926%)
entry 963000/3658821 (26.32%)
entry 964000/3658821 (26.3473%)
entry 965000/3658821 (26.3746%)
entry 966000/3658821 (26.4019%)
entry 969000/3658821 (26.4839%)
entry 973000/3658821 (26.5933%)
entry 976000/3658821 (26.6753%)
entry 977000/3658821 (26.7026%)
entry 978000/3658821 (26.7299%)
entry 979000/3658821 (26.7573%)
entry 981000/3658821 (26.8119%)
entry 983000/3658821 (26.8666%)
entry 985000/3658821 (26.9212%)
entry 986000/3658821 (26.9486%)
entry 989000/3658821 (27.0306%)
entry 990000/3658821 (27.0579%)
entry 992000/3658821 (27.1126%)
entry 993000/3658821 (27.1399%)
entry 996000/3658821 (27.2219%)
entry 997000/3658821 (27.2492%)
entry 999000/3658821 (27.3039%)
entry 1001000/3658821 (27.3585%)
entry 1002000/3658821 (27.3859%)
entry 1003000/3658821 (27.4132%)
entry 1004000/3658821 (27.4405%)
entry 1005000/3658821 (27.4679%)
entry 1007000/3658821 (27.5225%)
entry 1009000/3658821 (27.5772%)
entry 1010000/3658821 (27.6045%)
entry 1011000/3658821 (27.6319%)
entry 1014000/3658821 (27.7138%)
entry 1015000/3658821 (27.7412%)
entry 1016000/3658821 (27.7685%)
entry 1017000/3658821 (27.7958%)
entry 1018000/3658821 (27.8232%)
entry 1020000/3658821 (27.8778%)
entry 1021000/3658821 (27.9052%)
entry 1025000/3658821 (28.0145%)
entry 1026000/3658821 (28.0418%)
entry 1027000/3658821 (28.0692%)
entry 1028000/3658821 (28.0965%)
entry 1030000/3658821 (28.1511%)
entry 1032000/3658821 (28.2058%)
entry 1033000/3658821 (28.2331%)
entry 1035000/3658821 (28.2878%)
entry 1036000/3658821 (28.3151%)
entry 1037000/3658821 (28.3425%)
entry 1038000/3658821 (28.3698%)
entry 1040000/3658821 (28.4245%)
entry 1041000/3658821 (28.4518%)
entry 1042000/3658821 (28.4791%)
entry 1045000/3658821 (28.5611%)
entry 1046000/3658821 (28.5884%)
entry 1048000/3658821 (28.6431%)
entry 1049000/3658821 (28.6704%)
entry 1050000/3658821 (28.6978%)
entry 1056000/3658821 (28.8618%)
entry 1057000/3658821 (28.8891%)
entry 1060000/3658821 (28.9711%)
entry 1062000/3658821 (29.0257%)
entry 1063000/3658821 (29.0531%)
entry 1065000/3658821 (29.1077%)
entry 1066000/3658821 (29.1351%)
entry 1068000/3658821 (29.1897%)
entry 1071000/3658821 (29.2717%)
entry 1074000/3658821 (29.3537%)
entry 1075000/3658821 (29.381%)
entry 1076000/3658821 (29.4084%)
entry 1077000/3658821 (29.4357%)
entry 1081000/3658821 (29.545%)
entry 1082000/3658821 (29.5724%)
entry 1083000/3658821 (29.5997%)
entry 1084000/3658821 (29.627%)
entry 1085000/3658821 (29.6544%)
entry 1086000/3658821 (29.6817%)
entry 1087000/3658821 (29.709%)
entry 1089000/3658821 (29.7637%)
entry 1090000/3658821 (29.791%)
entry 1092000/3658821 (29.8457%)
entry 1094000/3658821 (29.9003%)
entry 1096000/3658821 (29.955%)
entry 1097000/3658821 (29.9823%)
entry 1098000/3658821 (30.0097%)
entry 1100000/3658821 (30.0643%)
entry 1101000/3658821 (30.0917%)
entry 1103000/3658821 (30.1463%)
entry 1105000/3658821 (30.201%)
entry 1108000/3658821 (30.283%)
entry 1109000/3658821 (30.3103%)
entry 1110000/3658821 (30.3376%)
entry 1111000/3658821 (30.365%)
entry 1112000/3658821 (30.3923%)
entry 1113000/3658821 (30.4196%)
entry 1114000/3658821 (30.447%)
entry 1115000/3658821 (30.4743%)
entry 1116000/3658821 (30.5016%)
entry 1119000/3658821 (30.5836%)
entry 1120000/3658821 (30.611%)
entry 1123000/3658821 (30.6929%)
entry 1125000/3658821 (30.7476%)
entry 1126000/3658821 (30.7749%)
entry 1127000/3658821 (30.8023%)
entry 1129000/3658821 (30.8569%)
entry 1130000/3658821 (30.8843%)
entry 1131000/3658821 (30.9116%)
entry 1132000/3658821 (30.9389%)
entry 1137000/3658821 (31.0756%)
entry 1139000/3658821 (31.1302%)
entry 1140000/3658821 (31.1576%)
entry 1141000/3658821 (31.1849%)
entry 1143000/3658821 (31.2396%)
entry 1144000/3658821 (31.2669%)
entry 1147000/3658821 (31.3489%)
entry 1148000/3658821 (31.3762%)
entry 1149000/3658821 (31.4036%)
entry 1150000/3658821 (31.4309%)
entry 1151000/3658821 (31.4582%)
entry 1152000/3658821 (31.4856%)
entry 1153000/3658821 (31.5129%)
entry 1155000/3658821 (31.5675%)
entry 1156000/3658821 (31.5949%)
entry 1157000/3658821 (31.6222%)
entry 1158000/3658821 (31.6495%)
entry 1159000/3658821 (31.6769%)
entry 1160000/3658821 (31.7042%)
entry 1162000/3658821 (31.7589%)
entry 1166000/3658821 (31.8682%)
entry 1167000/3658821 (31.8955%)
entry 1168000/3658821 (31.9229%)
entry 1171000/3658821 (32.0048%)
entry 1175000/3658821 (32.1142%)
entry 1179000/3658821 (32.2235%)
entry 1180000/3658821 (32.2508%)
entry 1181000/3658821 (32.2782%)
entry 1182000/3658821 (32.3055%)
entry 1183000/3658821 (32.3328%)
entry 1185000/3658821 (32.3875%)
entry 1186000/3658821 (32.4148%)
entry 1187000/3658821 (32.4421%)
entry 1189000/3658821 (32.4968%)
entry 1192000/3658821 (32.5788%)
entry 1193000/3658821 (32.6061%)
entry 1195000/3658821 (32.6608%)
entry 1196000/3658821 (32.6881%)
entry 1198000/3658821 (32.7428%)
entry 1199000/3658821 (32.7701%)
entry 1200000/3658821 (32.7974%)
entry 1201000/3658821 (32.8248%)
entry 1202000/3658821 (32.8521%)
entry 1204000/3658821 (32.9068%)
entry 1205000/3658821 (32.9341%)
entry 1208000/3658821 (33.0161%)
entry 1209000/3658821 (33.0434%)
entry 1212000/3658821 (33.1254%)
entry 1213000/3658821 (33.1528%)
entry 1214000/3658821 (33.1801%)
entry 1215000/3658821 (33.2074%)
entry 1216000/3658821 (33.2347%)
entry 1217000/3658821 (33.2621%)
entry 1218000/3658821 (33.2894%)
entry 1219000/3658821 (33.3167%)
entry 1220000/3658821 (33.3441%)
entry 1221000/3658821 (33.3714%)
entry 1223000/3658821 (33.4261%)
entry 1224000/3658821 (33.4534%)
entry 1226000/3658821 (33.5081%)
entry 1228000/3658821 (33.5627%)
entry 1229000/3658821 (33.5901%)
entry 1230000/3658821 (33.6174%)
entry 1234000/3658821 (33.7267%)
entry 1237000/3658821 (33.8087%)
entry 1238000/3658821 (33.836%)
entry 1239000/3658821 (33.8634%)
entry 1240000/3658821 (33.8907%)
entry 1242000/3658821 (33.9454%)
entry 1243000/3658821 (33.9727%)
entry 1245000/3658821 (34.0274%)
entry 1246000/3658821 (34.0547%)
entry 1248000/3658821 (34.1093%)
entry 1249000/3658821 (34.1367%)
entry 1250000/3658821 (34.164%)
entry 1251000/3658821 (34.1913%)
entry 1252000/3658821 (34.2187%)
entry 1253000/3658821 (34.246%)
entry 1254000/3658821 (34.2733%)
entry 1257000/3658821 (34.3553%)
entry 1258000/3658821 (34.3827%)
entry 1261000/3658821 (34.4647%)
entry 1262000/3658821 (34.492%)
entry 1263000/3658821 (34.5193%)
entry 1264000/3658821 (34.5466%)
entry 1265000/3658821 (34.574%)
entry 1266000/3658821 (34.6013%)
entry 1267000/3658821 (34.6286%)
entry 1268000/3658821 (34.656%)
entry 1270000/3658821 (34.7106%)
entry 1271000/3658821 (34.738%)
entry 1274000/3658821 (34.82%)
entry 1276000/3658821 (34.8746%)
entry 1277000/3658821 (34.902%)
entry 1278000/3658821 (34.9293%)
entry 1279000/3658821 (34.9566%)
entry 1281000/3658821 (35.0113%)
entry 1282000/3658821 (35.0386%)
entry 1284000/3658821 (35.0933%)
entry 1286000/3658821 (35.1479%)
entry 1288000/3658821 (35.2026%)
entry 1290000/3658821 (35.2573%)
entry 1292000/3658821 (35.3119%)
entry 1293000/3658821 (35.3393%)
entry 1294000/3658821 (35.3666%)
entry 1297000/3658821 (35.4486%)
entry 1298000/3658821 (35.4759%)
entry 1299000/3658821 (35.5032%)
entry 1300000/3658821 (35.5306%)
entry 1303000/3658821 (35.6126%)
entry 1306000/3658821 (35.6946%)
entry 1307000/3658821 (35.7219%)
entry 1308000/3658821 (35.7492%)
entry 1310000/3658821 (35.8039%)
entry 1311000/3658821 (35.8312%)
entry 1315000/3658821 (35.9405%)
entry 1316000/3658821 (35.9679%)
entry 1317000/3658821 (35.9952%)
entry 1318000/3658821 (36.0225%)
entry 1319000/3658821 (36.0499%)
entry 1321000/3658821 (36.1045%)
entry 1323000/3658821 (36.1592%)
entry 1324000/3658821 (36.1865%)
entry 1325000/3658821 (36.2139%)
entry 1326000/3658821 (36.2412%)
entry 1327000/3658821 (36.2685%)
entry 1329000/3658821 (36.3232%)
entry 1331000/3658821 (36.3778%)
entry 1332000/3658821 (36.4052%)
entry 1334000/3658821 (36.4598%)
entry 1335000/3658821 (36.4872%)
entry 1336000/3658821 (36.5145%)
entry 1337000/3658821 (36.5418%)
entry 1338000/3658821 (36.5692%)
entry 1339000/3658821 (36.5965%)
entry 1341000/3658821 (36.6511%)
entry 1342000/3658821 (36.6785%)
entry 1346000/3658821 (36.7878%)
entry 1347000/3658821 (36.8151%)
entry 1348000/3658821 (36.8425%)
entry 1349000/3658821 (36.8698%)
entry 1350000/3658821 (36.8971%)
entry 1351000/3658821 (36.9245%)
entry 1352000/3658821 (36.9518%)
entry 1353000/3658821 (36.9791%)
entry 1355000/3658821 (37.0338%)
entry 1356000/3658821 (37.0611%)
entry 1357000/3658821 (37.0885%)
entry 1359000/3658821 (37.1431%)
entry 1360000/3658821 (37.1704%)
entry 1362000/3658821 (37.2251%)
entry 1363000/3658821 (37.2524%)
entry 1364000/3658821 (37.2798%)
entry 1366000/3658821 (37.3344%)
entry 1368000/3658821 (37.3891%)
entry 1370000/3658821 (37.4438%)
entry 1372000/3658821 (37.4984%)
entry 1373000/3658821 (37.5257%)
entry 1374000/3658821 (37.5531%)
entry 1375000/3658821 (37.5804%)
entry 1376000/3658821 (37.6077%)
entry 1378000/3658821 (37.6624%)
entry 1379000/3658821 (37.6897%)
entry 1380000/3658821 (37.7171%)
entry 1381000/3658821 (37.7444%)
entry 1383000/3658821 (37.7991%)
entry 1384000/3658821 (37.8264%)
entry 1385000/3658821 (37.8537%)
entry 1387000/3658821 (37.9084%)
entry 1388000/3658821 (37.9357%)
entry 1390000/3658821 (37.9904%)
entry 1391000/3658821 (38.0177%)
entry 1392000/3658821 (38.045%)
entry 1393000/3658821 (38.0724%)
entry 1394000/3658821 (38.0997%)
entry 1395000/3658821 (38.127%)
entry 1396000/3658821 (38.1544%)
entry 1397000/3658821 (38.1817%)
entry 1399000/3658821 (38.2364%)
entry 1401000/3658821 (38.291%)
entry 1402000/3658821 (38.3184%)
entry 1403000/3658821 (38.3457%)
entry 1406000/3658821 (38.4277%)
entry 1407000/3658821 (38.455%)
entry 1409000/3658821 (38.5097%)
entry 1410000/3658821 (38.537%)
entry 1411000/3658821 (38.5643%)
entry 1412000/3658821 (38.5917%)
entry 1413000/3658821 (38.619%)
entry 1416000/3658821 (38.701%)
entry 1417000/3658821 (38.7283%)
entry 1419000/3658821 (38.783%)
entry 1420000/3658821 (38.8103%)
entry 1422000/3658821 (38.865%)
entry 1424000/3658821 (38.9196%)
entry 1425000/3658821 (38.947%)
entry 1426000/3658821 (38.9743%)
entry 1428000/3658821 (39.029%)
entry 1430000/3658821 (39.0836%)
entry 1431000/3658821 (39.111%)
entry 1432000/3658821 (39.1383%)
entry 1434000/3658821 (39.193%)
entry 1435000/3658821 (39.2203%)
entry 1436000/3658821 (39.2476%)
entry 1437000/3658821 (39.2749%)
entry 1439000/3658821 (39.3296%)
entry 1440000/3658821 (39.3569%)
entry 1442000/3658821 (39.4116%)
entry 1443000/3658821 (39.4389%)
entry 1444000/3658821 (39.4663%)
entry 1445000/3658821 (39.4936%)
entry 1446000/3658821 (39.5209%)
entry 1448000/3658821 (39.5756%)
entry 1449000/3658821 (39.6029%)
entry 1450000/3658821 (39.6303%)
entry 1452000/3658821 (39.6849%)
entry 1454000/3658821 (39.7396%)
entry 1455000/3658821 (39.7669%)
entry 1456000/3658821 (39.7942%)
entry 1457000/3658821 (39.8216%)
entry 1459000/3658821 (39.8762%)
entry 1460000/3658821 (39.9036%)
entry 1461000/3658821 (39.9309%)
entry 1462000/3658821 (39.9582%)
entry 1463000/3658821 (39.9856%)
entry 1464000/3658821 (40.0129%)
entry 1467000/3658821 (40.0949%)
entry 1468000/3658821 (40.1222%)
entry 1469000/3658821 (40.1495%)
entry 1470000/3658821 (40.1769%)
entry 1472000/3658821 (40.2315%)
entry 1475000/3658821 (40.3135%)
entry 1476000/3658821 (40.3409%)
entry 1477000/3658821 (40.3682%)
entry 1478000/3658821 (40.3955%)
entry 1479000/3658821 (40.4229%)
entry 1480000/3658821 (40.4502%)
entry 1481000/3658821 (40.4775%)
entry 1485000/3658821 (40.5868%)
entry 1487000/3658821 (40.6415%)
entry 1489000/3658821 (40.6962%)
entry 1491000/3658821 (40.7508%)
entry 1493000/3658821 (40.8055%)
entry 1494000/3658821 (40.8328%)
entry 1495000/3658821 (40.8602%)
entry 1497000/3658821 (40.9148%)
entry 1498000/3658821 (40.9422%)
entry 1499000/3658821 (40.9695%)
entry 1501000/3658821 (41.0241%)
entry 1504000/3658821 (41.1061%)
entry 1505000/3658821 (41.1335%)
entry 1506000/3658821 (41.1608%)
entry 1509000/3658821 (41.2428%)
entry 1510000/3658821 (41.2701%)
entry 1512000/3658821 (41.3248%)
entry 1515000/3658821 (41.4068%)
entry 1516000/3658821 (41.4341%)
entry 1517000/3658821 (41.4614%)
entry 1518000/3658821 (41.4888%)
entry 1520000/3658821 (41.5434%)
entry 1523000/3658821 (41.6254%)
entry 1530000/3658821 (41.8168%)
entry 1531000/3658821 (41.8441%)
entry 1532000/3658821 (41.8714%)
entry 1533000/3658821 (41.8987%)
entry 1535000/3658821 (41.9534%)
entry 1538000/3658821 (42.0354%)
entry 1540000/3658821 (42.0901%)
entry 1541000/3658821 (42.1174%)
entry 1542000/3658821 (42.1447%)
entry 1543000/3658821 (42.1721%)
entry 1545000/3658821 (42.2267%)
entry 1546000/3658821 (42.254%)
entry 1547000/3658821 (42.2814%)
entry 1548000/3658821 (42.3087%)
entry 1550000/3658821 (42.3634%)
entry 1552000/3658821 (42.418%)
entry 1553000/3658821 (42.4454%)
entry 1554000/3658821 (42.4727%)
entry 1555000/3658821 (42.5%)
entry 1556000/3658821 (42.5274%)
entry 1557000/3658821 (42.5547%)
entry 1558000/3658821 (42.582%)
entry 1560000/3658821 (42.6367%)
entry 1562000/3658821 (42.6913%)
entry 1563000/3658821 (42.7187%)
entry 1564000/3658821 (42.746%)
entry 1566000/3658821 (42.8007%)
entry 1567000/3658821 (42.828%)
entry 1568000/3658821 (42.8553%)
entry 1571000/3658821 (42.9373%)
entry 1572000/3658821 (42.9647%)
entry 1573000/3658821 (42.992%)
entry 1574000/3658821 (43.0193%)
entry 1575000/3658821 (43.0467%)
entry 1576000/3658821 (43.074%)
entry 1578000/3658821 (43.1286%)
entry 1579000/3658821 (43.156%)
entry 1580000/3658821 (43.1833%)
entry 1581000/3658821 (43.2106%)
entry 1583000/3658821 (43.2653%)
entry 1586000/3658821 (43.3473%)
entry 1587000/3658821 (43.3746%)
entry 1588000/3658821 (43.402%)
entry 1589000/3658821 (43.4293%)
entry 1591000/3658821 (43.484%)
entry 1592000/3658821 (43.5113%)
entry 1593000/3658821 (43.5386%)
entry 1594000/3658821 (43.5659%)
entry 1595000/3658821 (43.5933%)
entry 1596000/3658821 (43.6206%)
entry 1598000/3658821 (43.6753%)
entry 1599000/3658821 (43.7026%)
entry 1600000/3658821 (43.7299%)
entry 1601000/3658821 (43.7573%)
entry 1602000/3658821 (43.7846%)
entry 1604000/3658821 (43.8393%)
entry 1605000/3658821 (43.8666%)
entry 1607000/3658821 (43.9213%)
entry 1608000/3658821 (43.9486%)
entry 1611000/3658821 (44.0306%)
entry 1613000/3658821 (44.0852%)
entry 1614000/3658821 (44.1126%)
entry 1616000/3658821 (44.1672%)
entry 1617000/3658821 (44.1946%)
entry 1618000/3658821 (44.2219%)
entry 1619000/3658821 (44.2492%)
entry 1621000/3658821 (44.3039%)
entry 1622000/3658821 (44.3312%)
entry 1623000/3658821 (44.3586%)
entry 1625000/3658821 (44.4132%)
entry 1626000/3658821 (44.4405%)
entry 1627000/3658821 (44.4679%)
entry 1628000/3658821 (44.4952%)
entry 1629000/3658821 (44.5225%)
entry 1630000/3658821 (44.5499%)
entry 1631000/3658821 (44.5772%)
entry 1632000/3658821 (44.6045%)
entry 1634000/3658821 (44.6592%)
entry 1637000/3658821 (44.7412%)
entry 1638000/3658821 (44.7685%)
entry 1639000/3658821 (44.7958%)
entry 1640000/3658821 (44.8232%)
entry 1644000/3658821 (44.9325%)
entry 1645000/3658821 (44.9598%)
entry 1647000/3658821 (45.0145%)
entry 1648000/3658821 (45.0418%)
entry 1650000/3658821 (45.0965%)
entry 1651000/3658821 (45.1238%)
entry 1652000/3658821 (45.1512%)
entry 1654000/3658821 (45.2058%)
entry 1655000/3658821 (45.2332%)
entry 1658000/3658821 (45.3151%)
entry 1660000/3658821 (45.3698%)
entry 1661000/3658821 (45.3971%)
entry 1672000/3658821 (45.6978%)
entry 1673000/3658821 (45.7251%)
entry 1674000/3658821 (45.7524%)
entry 1676000/3658821 (45.8071%)
entry 1679000/3658821 (45.8891%)
entry 1681000/3658821 (45.9438%)
entry 1683000/3658821 (45.9984%)
entry 1684000/3658821 (46.0258%)
entry 1685000/3658821 (46.0531%)
entry 1686000/3658821 (46.0804%)
entry 1687000/3658821 (46.1077%)
entry 1689000/3658821 (46.1624%)
entry 1691000/3658821 (46.2171%)
entry 1692000/3658821 (46.2444%)
entry 1694000/3658821 (46.2991%)
entry 1695000/3658821 (46.3264%)
entry 1696000/3658821 (46.3537%)
entry 1697000/3658821 (46.3811%)
entry 1698000/3658821 (46.4084%)
entry 1701000/3658821 (46.4904%)
entry 1702000/3658821 (46.5177%)
entry 1703000/3658821 (46.545%)
entry 1704000/3658821 (46.5724%)
entry 1707000/3658821 (46.6544%)
entry 1709000/3658821 (46.709%)
entry 1711000/3658821 (46.7637%)
entry 1712000/3658821 (46.791%)
entry 1713000/3658821 (46.8184%)
entry 1716000/3658821 (46.9004%)
entry 1717000/3658821 (46.9277%)
entry 1718000/3658821 (46.955%)
entry 1720000/3658821 (47.0097%)
entry 1721000/3658821 (47.037%)
entry 1723000/3658821 (47.0917%)
entry 1724000/3658821 (47.119%)
entry 1725000/3658821 (47.1463%)
entry 1726000/3658821 (47.1737%)
entry 1727000/3658821 (47.201%)
entry 1728000/3658821 (47.2283%)
entry 1730000/3658821 (47.283%)
entry 1731000/3658821 (47.3103%)
entry 1732000/3658821 (47.3377%)
entry 1734000/3658821 (47.3923%)
entry 1735000/3658821 (47.4196%)
entry 1737000/3658821 (47.4743%)
entry 1738000/3658821 (47.5016%)
entry 1740000/3658821 (47.5563%)
entry 1741000/3658821 (47.5836%)
entry 1742000/3658821 (47.611%)
entry 1745000/3658821 (47.693%)
entry 1747000/3658821 (47.7476%)
entry 1748000/3658821 (47.775%)
entry 1749000/3658821 (47.8023%)
entry 1750000/3658821 (47.8296%)
entry 1752000/3658821 (47.8843%)
entry 1753000/3658821 (47.9116%)
entry 1754000/3658821 (47.9389%)
entry 1755000/3658821 (47.9663%)
entry 1756000/3658821 (47.9936%)
entry 1757000/3658821 (48.0209%)
entry 1758000/3658821 (48.0483%)
entry 1760000/3658821 (48.1029%)
entry 1761000/3658821 (48.1303%)
entry 1762000/3658821 (48.1576%)
entry 1765000/3658821 (48.2396%)
entry 1767000/3658821 (48.2942%)
entry 1769000/3658821 (48.3489%)
entry 1770000/3658821 (48.3762%)
entry 1772000/3658821 (48.4309%)
entry 1773000/3658821 (48.4582%)
entry 1774000/3658821 (48.4856%)
entry 1775000/3658821 (48.5129%)
entry 1779000/3658821 (48.6222%)
entry 1781000/3658821 (48.6769%)
entry 1784000/3658821 (48.7589%)
entry 1786000/3658821 (48.8135%)
entry 1790000/3658821 (48.9229%)
entry 1791000/3658821 (48.9502%)
entry 1792000/3658821 (48.9775%)
entry 1794000/3658821 (49.0322%)
entry 1797000/3658821 (49.1142%)
entry 1798000/3658821 (49.1415%)
entry 1799000/3658821 (49.1688%)
entry 1802000/3658821 (49.2508%)
entry 1804000/3658821 (49.3055%)
entry 1805000/3658821 (49.3328%)
entry 1806000/3658821 (49.3602%)
entry 1808000/3658821 (49.4148%)
entry 1810000/3658821 (49.4695%)
entry 1811000/3658821 (49.4968%)
entry 1814000/3658821 (49.5788%)
entry 1815000/3658821 (49.6061%)
entry 1816000/3658821 (49.6335%)
entry 1817000/3658821 (49.6608%)
entry 1818000/3658821 (49.6881%)
entry 1819000/3658821 (49.7155%)
entry 1823000/3658821 (49.8248%)
entry 1824000/3658821 (49.8521%)
entry 1825000/3658821 (49.8795%)
entry 1827000/3658821 (49.9341%)
entry 1828000/3658821 (49.9615%)
entry 1829000/3658821 (49.9888%)
entry 1830000/3658821 (50.0161%)
entry 1835000/3658821 (50.1528%)
entry 1836000/3658821 (50.1801%)
entry 1838000/3658821 (50.2348%)
entry 1839000/3658821 (50.2621%)
entry 1840000/3658821 (50.2894%)
entry 1841000/3658821 (50.3168%)
entry 1842000/3658821 (50.3441%)
entry 1844000/3658821 (50.3987%)
entry 1846000/3658821 (50.4534%)
entry 1847000/3658821 (50.4807%)
entry 1848000/3658821 (50.5081%)
entry 1849000/3658821 (50.5354%)
entry 1850000/3658821 (50.5627%)
entry 1851000/3658821 (50.5901%)
entry 1856000/3658821 (50.7267%)
entry 1858000/3658821 (50.7814%)
entry 1859000/3658821 (50.8087%)
entry 1861000/3658821 (50.8634%)
entry 1862000/3658821 (50.8907%)
entry 1864000/3658821 (50.9454%)
entry 1865000/3658821 (50.9727%)
entry 1866000/3658821 (51%)
entry 1867000/3658821 (51.0274%)
entry 1871000/3658821 (51.1367%)
entry 1873000/3658821 (51.1914%)
entry 1876000/3658821 (51.2733%)
entry 1880000/3658821 (51.3827%)
entry 1881000/3658821 (51.41%)
entry 1882000/3658821 (51.4373%)
entry 1884000/3658821 (51.492%)
entry 1885000/3658821 (51.5193%)
entry 1886000/3658821 (51.5467%)
entry 1888000/3658821 (51.6013%)
entry 1892000/3658821 (51.7106%)
entry 1893000/3658821 (51.738%)
entry 1894000/3658821 (51.7653%)
entry 1895000/3658821 (51.7926%)
entry 1898000/3658821 (51.8746%)
entry 1899000/3658821 (51.902%)
entry 1901000/3658821 (51.9566%)
entry 1907000/3658821 (52.1206%)
entry 1908000/3658821 (52.1479%)
entry 1909000/3658821 (52.1753%)
entry 1910000/3658821 (52.2026%)
entry 1911000/3658821 (52.2299%)
entry 1913000/3658821 (52.2846%)
entry 1914000/3658821 (52.3119%)
entry 1915000/3658821 (52.3393%)
entry 1916000/3658821 (52.3666%)
entry 1917000/3658821 (52.3939%)
entry 1918000/3658821 (52.4213%)
entry 1919000/3658821 (52.4486%)
entry 1920000/3658821 (52.4759%)
entry 1924000/3658821 (52.5852%)
entry 1925000/3658821 (52.6126%)
entry 1926000/3658821 (52.6399%)
entry 1928000/3658821 (52.6946%)
entry 1929000/3658821 (52.7219%)
entry 1930000/3658821 (52.7492%)
entry 1931000/3658821 (52.7766%)
entry 1932000/3658821 (52.8039%)
entry 1934000/3658821 (52.8586%)
entry 1935000/3658821 (52.8859%)
entry 1936000/3658821 (52.9132%)
entry 1939000/3658821 (52.9952%)
entry 1940000/3658821 (53.0225%)
entry 1941000/3658821 (53.0499%)
entry 1942000/3658821 (53.0772%)
entry 1944000/3658821 (53.1319%)
entry 1945000/3658821 (53.1592%)
entry 1946000/3658821 (53.1865%)
entry 1947000/3658821 (53.2139%)
entry 1948000/3658821 (53.2412%)
entry 1949000/3658821 (53.2685%)
entry 1950000/3658821 (53.2959%)
entry 1951000/3658821 (53.3232%)
entry 1952000/3658821 (53.3505%)
entry 1955000/3658821 (53.4325%)
entry 1956000/3658821 (53.4598%)
entry 1957000/3658821 (53.4872%)
entry 1958000/3658821 (53.5145%)
entry 1959000/3658821 (53.5418%)
entry 1960000/3658821 (53.5692%)
entry 1962000/3658821 (53.6238%)
entry 1963000/3658821 (53.6512%)
entry 1964000/3658821 (53.6785%)
entry 1965000/3658821 (53.7058%)
entry 1967000/3658821 (53.7605%)
entry 1968000/3658821 (53.7878%)
entry 1969000/3658821 (53.8152%)
entry 1971000/3658821 (53.8698%)
entry 1972000/3658821 (53.8971%)
entry 1975000/3658821 (53.9791%)
entry 1976000/3658821 (54.0065%)
entry 1977000/3658821 (54.0338%)
entry 1978000/3658821 (54.0611%)
entry 1980000/3658821 (54.1158%)
entry 1981000/3658821 (54.1431%)
entry 1982000/3658821 (54.1705%)
entry 1983000/3658821 (54.1978%)
entry 1989000/3658821 (54.3618%)
entry 1991000/3658821 (54.4164%)
entry 1992000/3658821 (54.4438%)
entry 1993000/3658821 (54.4711%)
entry 1994000/3658821 (54.4984%)
entry 1995000/3658821 (54.5258%)
entry 1996000/3658821 (54.5531%)
entry 1997000/3658821 (54.5804%)
entry 1998000/3658821 (54.6078%)
entry 2000000/3658821 (54.6624%)
entry 2001000/3658821 (54.6897%)
entry 2002000/3658821 (54.7171%)
entry 2003000/3658821 (54.7444%)
entry 2005000/3658821 (54.7991%)
entry 2006000/3658821 (54.8264%)
entry 2007000/3658821 (54.8537%)
entry 2008000/3658821 (54.8811%)
entry 2009000/3658821 (54.9084%)
entry 2011000/3658821 (54.9631%)
entry 2013000/3658821 (55.0177%)
entry 2014000/3658821 (55.0451%)
entry 2017000/3658821 (55.127%)
entry 2018000/3658821 (55.1544%)
entry 2020000/3658821 (55.209%)
entry 2022000/3658821 (55.2637%)
entry 2023000/3658821 (55.291%)
entry 2027000/3658821 (55.4004%)
entry 2028000/3658821 (55.4277%)
entry 2029000/3658821 (55.455%)
entry 2031000/3658821 (55.5097%)
entry 2033000/3658821 (55.5643%)
entry 2035000/3658821 (55.619%)
entry 2036000/3658821 (55.6463%)
entry 2037000/3658821 (55.6737%)
entry 2039000/3658821 (55.7283%)
entry 2040000/3658821 (55.7557%)
entry 2041000/3658821 (55.783%)
entry 2042000/3658821 (55.8103%)
entry 2043000/3658821 (55.8377%)
entry 2045000/3658821 (55.8923%)
entry 2046000/3658821 (55.9197%)
entry 2049000/3658821 (56.0016%)
entry 2050000/3658821 (56.029%)
entry 2051000/3658821 (56.0563%)
entry 2052000/3658821 (56.0836%)
entry 2053000/3658821 (56.111%)
entry 2054000/3658821 (56.1383%)
entry 2055000/3658821 (56.1656%)
entry 2056000/3658821 (56.193%)
entry 2057000/3658821 (56.2203%)
entry 2058000/3658821 (56.2476%)
entry 2060000/3658821 (56.3023%)
entry 2061000/3658821 (56.3296%)
entry 2062000/3658821 (56.357%)
entry 2065000/3658821 (56.4389%)
entry 2066000/3658821 (56.4663%)
entry 2068000/3658821 (56.5209%)
entry 2070000/3658821 (56.5756%)
entry 2071000/3658821 (56.6029%)
entry 2073000/3658821 (56.6576%)
entry 2074000/3658821 (56.6849%)
entry 2075000/3658821 (56.7123%)
entry 2076000/3658821 (56.7396%)
entry 2078000/3658821 (56.7943%)
entry 2079000/3658821 (56.8216%)
entry 2080000/3658821 (56.8489%)
entry 2081000/3658821 (56.8762%)
entry 2084000/3658821 (56.9582%)
entry 2086000/3658821 (57.0129%)
entry 2087000/3658821 (57.0402%)
entry 2090000/3658821 (57.1222%)
entry 2091000/3658821 (57.1496%)
entry 2093000/3658821 (57.2042%)
entry 2097000/3658821 (57.3135%)
entry 2098000/3658821 (57.3409%)
entry 2100000/3658821 (57.3955%)
entry 2103000/3658821 (57.4775%)
entry 2104000/3658821 (57.5049%)
entry 2107000/3658821 (57.5869%)
entry 2108000/3658821 (57.6142%)
entry 2112000/3658821 (57.7235%)
entry 2113000/3658821 (57.7508%)
entry 2114000/3658821 (57.7782%)
entry 2116000/3658821 (57.8328%)
entry 2119000/3658821 (57.9148%)
entry 2122000/3658821 (57.9968%)
entry 2123000/3658821 (58.0242%)
entry 2124000/3658821 (58.0515%)
entry 2125000/3658821 (58.0788%)
entry 2127000/3658821 (58.1335%)
entry 2130000/3658821 (58.2155%)
entry 2131000/3658821 (58.2428%)
entry 2133000/3658821 (58.2975%)
entry 2135000/3658821 (58.3521%)
entry 2138000/3658821 (58.4341%)
entry 2139000/3658821 (58.4615%)
entry 2140000/3658821 (58.4888%)
entry 2142000/3658821 (58.5434%)
entry 2143000/3658821 (58.5708%)
entry 2145000/3658821 (58.6254%)
entry 2146000/3658821 (58.6528%)
entry 2149000/3658821 (58.7348%)
entry 2150000/3658821 (58.7621%)
entry 2153000/3658821 (58.8441%)
entry 2154000/3658821 (58.8714%)
entry 2156000/3658821 (58.9261%)
entry 2157000/3658821 (58.9534%)
entry 2158000/3658821 (58.9808%)
entry 2159000/3658821 (59.0081%)
entry 2160000/3658821 (59.0354%)
entry 2162000/3658821 (59.0901%)
entry 2164000/3658821 (59.1447%)
entry 2165000/3658821 (59.1721%)
entry 2168000/3658821 (59.2541%)
entry 2169000/3658821 (59.2814%)
entry 2172000/3658821 (59.3634%)
entry 2173000/3658821 (59.3907%)
entry 2177000/3658821 (59.5%)
entry 2181000/3658821 (59.6094%)
entry 2182000/3658821 (59.6367%)
entry 2184000/3658821 (59.6914%)
entry 2187000/3658821 (59.7734%)
entry 2189000/3658821 (59.828%)
entry 2190000/3658821 (59.8553%)
entry 2191000/3658821 (59.8827%)
entry 2193000/3658821 (59.9373%)
entry 2194000/3658821 (59.9647%)
entry 2195000/3658821 (59.992%)
entry 2196000/3658821 (60.0193%)
entry 2198000/3658821 (60.074%)
entry 2199000/3658821 (60.1013%)
entry 2200000/3658821 (60.1287%)
entry 2202000/3658821 (60.1833%)
entry 2204000/3658821 (60.238%)
entry 2205000/3658821 (60.2653%)
entry 2206000/3658821 (60.2926%)
entry 2207000/3658821 (60.32%)
entry 2208000/3658821 (60.3473%)
entry 2210000/3658821 (60.402%)
entry 2211000/3658821 (60.4293%)
entry 2213000/3658821 (60.484%)
entry 2214000/3658821 (60.5113%)
entry 2215000/3658821 (60.5386%)
entry 2216000/3658821 (60.566%)
entry 2217000/3658821 (60.5933%)
entry 2219000/3658821 (60.648%)
entry 2221000/3658821 (60.7026%)
entry 2222000/3658821 (60.7299%)
entry 2224000/3658821 (60.7846%)
entry 2226000/3658821 (60.8393%)
entry 2227000/3658821 (60.8666%)
entry 2228000/3658821 (60.8939%)
entry 2229000/3658821 (60.9213%)
entry 2230000/3658821 (60.9486%)
entry 2231000/3658821 (60.9759%)
entry 2232000/3658821 (61.0033%)
entry 2233000/3658821 (61.0306%)
entry 2238000/3658821 (61.1672%)
entry 2239000/3658821 (61.1946%)
entry 2240000/3658821 (61.2219%)
entry 2245000/3658821 (61.3586%)
entry 2246000/3658821 (61.3859%)
entry 2248000/3658821 (61.4406%)
entry 2249000/3658821 (61.4679%)
entry 2251000/3658821 (61.5225%)
entry 2253000/3658821 (61.5772%)
entry 2254000/3658821 (61.6045%)
entry 2258000/3658821 (61.7139%)
entry 2259000/3658821 (61.7412%)
entry 2260000/3658821 (61.7685%)
entry 2261000/3658821 (61.7959%)
entry 2262000/3658821 (61.8232%)
entry 2263000/3658821 (61.8505%)
entry 2266000/3658821 (61.9325%)
entry 2267000/3658821 (61.9599%)
entry 2269000/3658821 (62.0145%)
entry 2271000/3658821 (62.0692%)
entry 2272000/3658821 (62.0965%)
entry 2273000/3658821 (62.1238%)
entry 2276000/3658821 (62.2058%)
entry 2277000/3658821 (62.2332%)
entry 2278000/3658821 (62.2605%)
entry 2279000/3658821 (62.2878%)
entry 2280000/3658821 (62.3152%)
entry 2281000/3658821 (62.3425%)
entry 2282000/3658821 (62.3698%)
entry 2284000/3658821 (62.4245%)
entry 2286000/3658821 (62.4791%)
entry 2289000/3658821 (62.5611%)
entry 2292000/3658821 (62.6431%)
entry 2294000/3658821 (62.6978%)
entry 2296000/3658821 (62.7525%)
entry 2297000/3658821 (62.7798%)
entry 2301000/3658821 (62.8891%)
entry 2302000/3658821 (62.9164%)
entry 2303000/3658821 (62.9438%)
entry 2304000/3658821 (62.9711%)
entry 2305000/3658821 (62.9984%)
entry 2307000/3658821 (63.0531%)
entry 2310000/3658821 (63.1351%)
entry 2311000/3658821 (63.1624%)
entry 2312000/3658821 (63.1898%)
entry 2315000/3658821 (63.2717%)
entry 2316000/3658821 (63.2991%)
entry 2318000/3658821 (63.3537%)
entry 2320000/3658821 (63.4084%)
entry 2321000/3658821 (63.4357%)
entry 2322000/3658821 (63.4631%)
entry 2323000/3658821 (63.4904%)
entry 2324000/3658821 (63.5177%)
entry 2325000/3658821 (63.5451%)
entry 2326000/3658821 (63.5724%)
entry 2327000/3658821 (63.5997%)
entry 2328000/3658821 (63.6271%)
entry 2329000/3658821 (63.6544%)
entry 2330000/3658821 (63.6817%)
entry 2331000/3658821 (63.709%)
entry 2333000/3658821 (63.7637%)
entry 2334000/3658821 (63.791%)
entry 2336000/3658821 (63.8457%)
entry 2338000/3658821 (63.9004%)
entry 2340000/3658821 (63.955%)
entry 2343000/3658821 (64.037%)
entry 2345000/3658821 (64.0917%)
entry 2351000/3658821 (64.2557%)
entry 2353000/3658821 (64.3103%)
entry 2356000/3658821 (64.3923%)
entry 2358000/3658821 (64.447%)
entry 2359000/3658821 (64.4743%)
entry 2360000/3658821 (64.5017%)
entry 2362000/3658821 (64.5563%)
entry 2366000/3658821 (64.6656%)
entry 2367000/3658821 (64.693%)
entry 2369000/3658821 (64.7476%)
entry 2370000/3658821 (64.775%)
entry 2371000/3658821 (64.8023%)
entry 2372000/3658821 (64.8296%)
entry 2374000/3658821 (64.8843%)
entry 2376000/3658821 (64.939%)
entry 2379000/3658821 (65.0209%)
entry 2380000/3658821 (65.0483%)
entry 2383000/3658821 (65.1303%)
entry 2384000/3658821 (65.1576%)
entry 2385000/3658821 (65.1849%)
entry 2387000/3658821 (65.2396%)
entry 2389000/3658821 (65.2943%)
entry 2390000/3658821 (65.3216%)
entry 2391000/3658821 (65.3489%)
entry 2393000/3658821 (65.4036%)
entry 2394000/3658821 (65.4309%)
entry 2395000/3658821 (65.4582%)
entry 2397000/3658821 (65.5129%)
entry 2398000/3658821 (65.5402%)
entry 2403000/3658821 (65.6769%)
entry 2404000/3658821 (65.7042%)
entry 2407000/3658821 (65.7862%)
entry 2408000/3658821 (65.8135%)
entry 2409000/3658821 (65.8409%)
entry 2413000/3658821 (65.9502%)
entry 2414000/3658821 (65.9775%)
entry 2415000/3658821 (66.0049%)
entry 2421000/3658821 (66.1689%)
entry 2422000/3658821 (66.1962%)
entry 2423000/3658821 (66.2235%)
entry 2424000/3658821 (66.2508%)
entry 2425000/3658821 (66.2782%)
entry 2426000/3658821 (66.3055%)
entry 2427000/3658821 (66.3328%)
entry 2428000/3658821 (66.3602%)
entry 2429000/3658821 (66.3875%)
entry 2430000/3658821 (66.4148%)
entry 2431000/3658821 (66.4422%)
entry 2433000/3658821 (66.4968%)
entry 2434000/3658821 (66.5242%)
entry 2435000/3658821 (66.5515%)
entry 2436000/3658821 (66.5788%)
entry 2437000/3658821 (66.6062%)
entry 2438000/3658821 (66.6335%)
entry 2441000/3658821 (66.7155%)
entry 2442000/3658821 (66.7428%)
entry 2443000/3658821 (66.7701%)
entry 2444000/3658821 (66.7975%)
entry 2445000/3658821 (66.8248%)
entry 2446000/3658821 (66.8521%)
entry 2449000/3658821 (66.9341%)
entry 2450000/3658821 (66.9615%)
entry 2451000/3658821 (66.9888%)
entry 2453000/3658821 (67.0435%)
entry 2455000/3658821 (67.0981%)
entry 2456000/3658821 (67.1254%)
entry 2457000/3658821 (67.1528%)
entry 2458000/3658821 (67.1801%)
entry 2461000/3658821 (67.2621%)
entry 2468000/3658821 (67.4534%)
entry 2470000/3658821 (67.5081%)
entry 2472000/3658821 (67.5627%)
entry 2474000/3658821 (67.6174%)
entry 2475000/3658821 (67.6447%)
entry 2476000/3658821 (67.6721%)
entry 2477000/3658821 (67.6994%)
entry 2478000/3658821 (67.7267%)
entry 2479000/3658821 (67.7541%)
entry 2480000/3658821 (67.7814%)
entry 2481000/3658821 (67.8087%)
entry 2482000/3658821 (67.8361%)
entry 2484000/3658821 (67.8907%)
entry 2487000/3658821 (67.9727%)
entry 2488000/3658821 (68%)
entry 2491000/3658821 (68.082%)
entry 2493000/3658821 (68.1367%)
entry 2494000/3658821 (68.164%)
entry 2499000/3658821 (68.3007%)
entry 2500000/3658821 (68.328%)
entry 2503000/3658821 (68.41%)
entry 2504000/3658821 (68.4373%)
entry 2506000/3658821 (68.492%)
entry 2507000/3658821 (68.5193%)
entry 2509000/3658821 (68.574%)
entry 2510000/3658821 (68.6013%)
entry 2513000/3658821 (68.6833%)
entry 2514000/3658821 (68.7107%)
entry 2515000/3658821 (68.738%)
entry 2516000/3658821 (68.7653%)
entry 2517000/3658821 (68.7927%)
entry 2518000/3658821 (68.82%)
entry 2520000/3658821 (68.8746%)
entry 2521000/3658821 (68.902%)
entry 2523000/3658821 (68.9566%)
entry 2524000/3658821 (68.984%)
entry 2525000/3658821 (69.0113%)
entry 2527000/3658821 (69.066%)
entry 2528000/3658821 (69.0933%)
entry 2529000/3658821 (69.1206%)
entry 2531000/3658821 (69.1753%)
entry 2534000/3658821 (69.2573%)
entry 2535000/3658821 (69.2846%)
entry 2536000/3658821 (69.3119%)
entry 2539000/3658821 (69.3939%)
entry 2540000/3658821 (69.4213%)
entry 2541000/3658821 (69.4486%)
entry 2544000/3658821 (69.5306%)
entry 2546000/3658821 (69.5853%)
entry 2547000/3658821 (69.6126%)
entry 2548000/3658821 (69.6399%)
entry 2550000/3658821 (69.6946%)
entry 2551000/3658821 (69.7219%)
entry 2552000/3658821 (69.7492%)
entry 2555000/3658821 (69.8312%)
entry 2556000/3658821 (69.8586%)
entry 2559000/3658821 (69.9406%)
entry 2560000/3658821 (69.9679%)
entry 2562000/3658821 (70.0226%)
entry 2563000/3658821 (70.0499%)
entry 2564000/3658821 (70.0772%)
entry 2567000/3658821 (70.1592%)
entry 2568000/3658821 (70.1865%)
entry 2569000/3658821 (70.2139%)
entry 2570000/3658821 (70.2412%)
entry 2571000/3658821 (70.2685%)
entry 2573000/3658821 (70.3232%)
entry 2574000/3658821 (70.3505%)
entry 2577000/3658821 (70.4325%)
entry 2578000/3658821 (70.4599%)
entry 2580000/3658821 (70.5145%)
entry 2581000/3658821 (70.5418%)
entry 2583000/3658821 (70.5965%)
entry 2585000/3658821 (70.6512%)
entry 2586000/3658821 (70.6785%)
entry 2589000/3658821 (70.7605%)
entry 2591000/3658821 (70.8152%)
entry 2592000/3658821 (70.8425%)
entry 2593000/3658821 (70.8698%)
entry 2594000/3658821 (70.8972%)
entry 2595000/3658821 (70.9245%)
entry 2596000/3658821 (70.9518%)
entry 2598000/3658821 (71.0065%)
entry 2599000/3658821 (71.0338%)
entry 2600000/3658821 (71.0611%)
entry 2601000/3658821 (71.0885%)
entry 2602000/3658821 (71.1158%)
entry 2603000/3658821 (71.1431%)
entry 2608000/3658821 (71.2798%)
entry 2609000/3658821 (71.3071%)
entry 2610000/3658821 (71.3345%)
entry 2613000/3658821 (71.4164%)
entry 2617000/3658821 (71.5258%)
entry 2618000/3658821 (71.5531%)
entry 2621000/3658821 (71.6351%)
entry 2622000/3658821 (71.6624%)
entry 2623000/3658821 (71.6898%)
entry 2625000/3658821 (71.7444%)
entry 2626000/3658821 (71.7718%)
entry 2628000/3658821 (71.8264%)
entry 2629000/3658821 (71.8537%)
entry 2630000/3658821 (71.8811%)
entry 2632000/3658821 (71.9357%)
entry 2634000/3658821 (71.9904%)
entry 2635000/3658821 (72.0177%)
entry 2637000/3658821 (72.0724%)
entry 2638000/3658821 (72.0997%)
entry 2639000/3658821 (72.1271%)
entry 2640000/3658821 (72.1544%)
entry 2641000/3658821 (72.1817%)
entry 2643000/3658821 (72.2364%)
entry 2644000/3658821 (72.2637%)
entry 2645000/3658821 (72.291%)
entry 2646000/3658821 (72.3184%)
entry 2647000/3658821 (72.3457%)
entry 2648000/3658821 (72.373%)
entry 2649000/3658821 (72.4004%)
entry 2652000/3658821 (72.4824%)
entry 2653000/3658821 (72.5097%)
entry 2654000/3658821 (72.537%)
entry 2655000/3658821 (72.5644%)
entry 2656000/3658821 (72.5917%)
entry 2657000/3658821 (72.619%)
entry 2658000/3658821 (72.6463%)
entry 2659000/3658821 (72.6737%)
entry 2660000/3658821 (72.701%)
entry 2661000/3658821 (72.7283%)
entry 2662000/3658821 (72.7557%)
entry 2664000/3658821 (72.8103%)
entry 2665000/3658821 (72.8377%)
entry 2666000/3658821 (72.865%)
entry 2668000/3658821 (72.9197%)
entry 2670000/3658821 (72.9743%)
entry 2671000/3658821 (73.0017%)
entry 2672000/3658821 (73.029%)
entry 2673000/3658821 (73.0563%)
entry 2674000/3658821 (73.0837%)
entry 2675000/3658821 (73.111%)
entry 2676000/3658821 (73.1383%)
entry 2679000/3658821 (73.2203%)
entry 2680000/3658821 (73.2476%)
entry 2681000/3658821 (73.275%)
entry 2684000/3658821 (73.357%)
entry 2685000/3658821 (73.3843%)
entry 2686000/3658821 (73.4116%)
entry 2687000/3658821 (73.439%)
entry 2690000/3658821 (73.521%)
entry 2692000/3658821 (73.5756%)
entry 2693000/3658821 (73.6029%)
entry 2695000/3658821 (73.6576%)
entry 2696000/3658821 (73.6849%)
entry 2698000/3658821 (73.7396%)
entry 2700000/3658821 (73.7943%)
entry 2701000/3658821 (73.8216%)
entry 2703000/3658821 (73.8763%)
entry 2705000/3658821 (73.9309%)
entry 2706000/3658821 (73.9582%)
entry 2707000/3658821 (73.9856%)
entry 2708000/3658821 (74.0129%)
entry 2709000/3658821 (74.0402%)
entry 2710000/3658821 (74.0676%)
entry 2714000/3658821 (74.1769%)
entry 2715000/3658821 (74.2042%)
entry 2716000/3658821 (74.2316%)
entry 2719000/3658821 (74.3136%)
entry 2720000/3658821 (74.3409%)
entry 2721000/3658821 (74.3682%)
entry 2725000/3658821 (74.4775%)
entry 2730000/3658821 (74.6142%)
entry 2731000/3658821 (74.6415%)
entry 2732000/3658821 (74.6689%)
entry 2733000/3658821 (74.6962%)
entry 2734000/3658821 (74.7235%)
entry 2735000/3658821 (74.7509%)
entry 2740000/3658821 (74.8875%)
entry 2743000/3658821 (74.9695%)
entry 2745000/3658821 (75.0242%)
entry 2746000/3658821 (75.0515%)
entry 2748000/3658821 (75.1062%)
entry 2750000/3658821 (75.1608%)
entry 2752000/3658821 (75.2155%)
entry 2754000/3658821 (75.2701%)
entry 2756000/3658821 (75.3248%)
entry 2757000/3658821 (75.3521%)
entry 2758000/3658821 (75.3795%)
entry 2761000/3658821 (75.4615%)
entry 2762000/3658821 (75.4888%)
entry 2763000/3658821 (75.5161%)
entry 2765000/3658821 (75.5708%)
entry 2766000/3658821 (75.5981%)
entry 2767000/3658821 (75.6255%)
entry 2768000/3658821 (75.6528%)
entry 2770000/3658821 (75.7074%)
entry 2771000/3658821 (75.7348%)
entry 2772000/3658821 (75.7621%)
entry 2773000/3658821 (75.7894%)
entry 2774000/3658821 (75.8168%)
entry 2776000/3658821 (75.8714%)
entry 2778000/3658821 (75.9261%)
entry 2781000/3658821 (76.0081%)
entry 2782000/3658821 (76.0354%)
entry 2787000/3658821 (76.1721%)
entry 2792000/3658821 (76.3087%)
entry 2797000/3658821 (76.4454%)
entry 2798000/3658821 (76.4727%)
entry 2804000/3658821 (76.6367%)
entry 2805000/3658821 (76.664%)
entry 2807000/3658821 (76.7187%)
entry 2809000/3658821 (76.7734%)
entry 2811000/3658821 (76.828%)
entry 2812000/3658821 (76.8554%)
entry 2813000/3658821 (76.8827%)
entry 2815000/3658821 (76.9374%)
entry 2816000/3658821 (76.9647%)
entry 2819000/3658821 (77.0467%)
entry 2820000/3658821 (77.074%)
entry 2822000/3658821 (77.1287%)
entry 2823000/3658821 (77.156%)
entry 2824000/3658821 (77.1833%)
entry 2825000/3658821 (77.2107%)
entry 2826000/3658821 (77.238%)
entry 2827000/3658821 (77.2653%)
entry 2828000/3658821 (77.2927%)
entry 2829000/3658821 (77.32%)
entry 2830000/3658821 (77.3473%)
entry 2831000/3658821 (77.3746%)
entry 2832000/3658821 (77.402%)
entry 2833000/3658821 (77.4293%)
entry 2834000/3658821 (77.4566%)
entry 2837000/3658821 (77.5386%)
entry 2838000/3658821 (77.566%)
entry 2839000/3658821 (77.5933%)
entry 2840000/3658821 (77.6206%)
entry 2841000/3658821 (77.648%)
entry 2843000/3658821 (77.7026%)
entry 2845000/3658821 (77.7573%)
entry 2847000/3658821 (77.812%)
entry 2848000/3658821 (77.8393%)
entry 2849000/3658821 (77.8666%)
entry 2850000/3658821 (77.8939%)
entry 2851000/3658821 (77.9213%)
entry 2852000/3658821 (77.9486%)
entry 2853000/3658821 (77.9759%)
entry 2854000/3658821 (78.0033%)
entry 2855000/3658821 (78.0306%)
entry 2856000/3658821 (78.0579%)
entry 2859000/3658821 (78.1399%)
entry 2861000/3658821 (78.1946%)
entry 2863000/3658821 (78.2493%)
entry 2864000/3658821 (78.2766%)
entry 2866000/3658821 (78.3312%)
entry 2867000/3658821 (78.3586%)
entry 2868000/3658821 (78.3859%)
entry 2869000/3658821 (78.4132%)
entry 2870000/3658821 (78.4406%)
entry 2872000/3658821 (78.4952%)
entry 2873000/3658821 (78.5226%)
entry 2874000/3658821 (78.5499%)
entry 2875000/3658821 (78.5772%)
entry 2876000/3658821 (78.6046%)
entry 2877000/3658821 (78.6319%)
entry 2878000/3658821 (78.6592%)
entry 2879000/3658821 (78.6865%)
entry 2881000/3658821 (78.7412%)
entry 2882000/3658821 (78.7685%)
entry 2883000/3658821 (78.7959%)
entry 2884000/3658821 (78.8232%)
entry 2886000/3658821 (78.8779%)
entry 2888000/3658821 (78.9325%)
entry 2889000/3658821 (78.9599%)
entry 2890000/3658821 (78.9872%)
entry 2892000/3658821 (79.0419%)
entry 2894000/3658821 (79.0965%)
entry 2895000/3658821 (79.1238%)
entry 2898000/3658821 (79.2058%)
entry 2899000/3658821 (79.2332%)
entry 2900000/3658821 (79.2605%)
entry 2903000/3658821 (79.3425%)
entry 2905000/3658821 (79.3972%)
entry 2908000/3658821 (79.4792%)
entry 2911000/3658821 (79.5612%)
entry 2912000/3658821 (79.5885%)
entry 2913000/3658821 (79.6158%)
entry 2917000/3658821 (79.7251%)
entry 2919000/3658821 (79.7798%)
entry 2920000/3658821 (79.8071%)
entry 2921000/3658821 (79.8345%)
entry 2922000/3658821 (79.8618%)
entry 2923000/3658821 (79.8891%)
entry 2925000/3658821 (79.9438%)
entry 2926000/3658821 (79.9711%)
entry 2928000/3658821 (80.0258%)
entry 2930000/3658821 (80.0804%)
entry 2931000/3658821 (80.1078%)
entry 2932000/3658821 (80.1351%)
entry 2933000/3658821 (80.1624%)
entry 2935000/3658821 (80.2171%)
entry 2938000/3658821 (80.2991%)
entry 2939000/3658821 (80.3264%)
entry 2942000/3658821 (80.4084%)
entry 2943000/3658821 (80.4357%)
entry 2945000/3658821 (80.4904%)
entry 2946000/3658821 (80.5177%)
entry 2952000/3658821 (80.6817%)
entry 2953000/3658821 (80.7091%)
entry 2955000/3658821 (80.7637%)
entry 2956000/3658821 (80.7911%)
entry 2958000/3658821 (80.8457%)
entry 2959000/3658821 (80.873%)
entry 2960000/3658821 (80.9004%)
entry 2962000/3658821 (80.955%)
entry 2963000/3658821 (80.9824%)
entry 2964000/3658821 (81.0097%)
entry 2965000/3658821 (81.037%)
entry 2966000/3658821 (81.0644%)
entry 2969000/3658821 (81.1464%)
entry 2970000/3658821 (81.1737%)
entry 2971000/3658821 (81.201%)
entry 2973000/3658821 (81.2557%)
entry 2974000/3658821 (81.283%)
entry 2975000/3658821 (81.3103%)
entry 2976000/3658821 (81.3377%)
entry 2979000/3658821 (81.4197%)
entry 2980000/3658821 (81.447%)
entry 2981000/3658821 (81.4743%)
entry 2982000/3658821 (81.5017%)
entry 2983000/3658821 (81.529%)
entry 2989000/3658821 (81.693%)
entry 2990000/3658821 (81.7203%)
entry 2992000/3658821 (81.775%)
entry 2995000/3658821 (81.857%)
entry 2996000/3658821 (81.8843%)
entry 2998000/3658821 (81.939%)
entry 2999000/3658821 (81.9663%)
entry 3000000/3658821 (81.9936%)
entry 3001000/3658821 (82.021%)
entry 3002000/3658821 (82.0483%)
entry 3003000/3658821 (82.0756%)
entry 3004000/3658821 (82.1029%)
entry 3005000/3658821 (82.1303%)
entry 3006000/3658821 (82.1576%)
entry 3007000/3658821 (82.1849%)
entry 3008000/3658821 (82.2123%)
entry 3011000/3658821 (82.2943%)
entry 3012000/3658821 (82.3216%)
entry 3013000/3658821 (82.3489%)
entry 3014000/3658821 (82.3763%)
entry 3015000/3658821 (82.4036%)
entry 3016000/3658821 (82.4309%)
entry 3017000/3658821 (82.4583%)
entry 3018000/3658821 (82.4856%)
entry 3020000/3658821 (82.5402%)
entry 3021000/3658821 (82.5676%)
entry 3024000/3658821 (82.6496%)
entry 3025000/3658821 (82.6769%)
entry 3026000/3658821 (82.7042%)
entry 3028000/3658821 (82.7589%)
entry 3029000/3658821 (82.7862%)
entry 3033000/3658821 (82.8956%)
entry 3034000/3658821 (82.9229%)
entry 3035000/3658821 (82.9502%)
entry 3036000/3658821 (82.9776%)
entry 3039000/3658821 (83.0595%)
entry 3040000/3658821 (83.0869%)
entry 3041000/3658821 (83.1142%)
entry 3045000/3658821 (83.2235%)
entry 3046000/3658821 (83.2509%)
entry 3047000/3658821 (83.2782%)
entry 3050000/3658821 (83.3602%)
entry 3052000/3658821 (83.4148%)
entry 3054000/3658821 (83.4695%)
entry 3056000/3658821 (83.5242%)
entry 3057000/3658821 (83.5515%)
entry 3060000/3658821 (83.6335%)
entry 3061000/3658821 (83.6608%)
entry 3062000/3658821 (83.6882%)
entry 3063000/3658821 (83.7155%)
entry 3064000/3658821 (83.7428%)
entry 3066000/3658821 (83.7975%)
entry 3067000/3658821 (83.8248%)
entry 3068000/3658821 (83.8521%)
entry 3069000/3658821 (83.8795%)
entry 3070000/3658821 (83.9068%)
entry 3071000/3658821 (83.9341%)
entry 3072000/3658821 (83.9615%)
entry 3073000/3658821 (83.9888%)
entry 3074000/3658821 (84.0161%)
entry 3075000/3658821 (84.0435%)
entry 3079000/3658821 (84.1528%)
entry 3081000/3658821 (84.2075%)
entry 3083000/3658821 (84.2621%)
entry 3086000/3658821 (84.3441%)
entry 3089000/3658821 (84.4261%)
entry 3092000/3658821 (84.5081%)
entry 3093000/3658821 (84.5354%)
entry 3096000/3658821 (84.6174%)
entry 3097000/3658821 (84.6448%)
entry 3098000/3658821 (84.6721%)
entry 3105000/3658821 (84.8634%)
entry 3109000/3658821 (84.9727%)
entry 3114000/3658821 (85.1094%)
entry 3115000/3658821 (85.1367%)
entry 3116000/3658821 (85.164%)
entry 3117000/3658821 (85.1914%)
entry 3118000/3658821 (85.2187%)
entry 3123000/3658821 (85.3554%)
entry 3124000/3658821 (85.3827%)
entry 3125000/3658821 (85.41%)
entry 3126000/3658821 (85.4374%)
entry 3127000/3658821 (85.4647%)
entry 3130000/3658821 (85.5467%)
entry 3131000/3658821 (85.574%)
entry 3132000/3658821 (85.6013%)
entry 3133000/3658821 (85.6287%)
entry 3136000/3658821 (85.7107%)
entry 3137000/3658821 (85.738%)
entry 3138000/3658821 (85.7653%)
entry 3139000/3658821 (85.7927%)
entry 3140000/3658821 (85.82%)
entry 3142000/3658821 (85.8747%)
entry 3143000/3658821 (85.902%)
entry 3144000/3658821 (85.9293%)
entry 3145000/3658821 (85.9567%)
entry 3146000/3658821 (85.984%)
entry 3148000/3658821 (86.0386%)
entry 3149000/3658821 (86.066%)
entry 3150000/3658821 (86.0933%)
entry 3151000/3658821 (86.1206%)
entry 3152000/3658821 (86.148%)
entry 3153000/3658821 (86.1753%)
entry 3155000/3658821 (86.23%)
entry 3157000/3658821 (86.2846%)
entry 3159000/3658821 (86.3393%)
entry 3162000/3658821 (86.4213%)
entry 3163000/3658821 (86.4486%)
entry 3165000/3658821 (86.5033%)
entry 3168000/3658821 (86.5853%)
entry 3169000/3658821 (86.6126%)
entry 3170000/3658821 (86.6399%)
entry 3171000/3658821 (86.6673%)
entry 3172000/3658821 (86.6946%)
entry 3175000/3658821 (86.7766%)
entry 3179000/3658821 (86.8859%)
entry 3180000/3658821 (86.9132%)
entry 3183000/3658821 (86.9952%)
entry 3185000/3658821 (87.0499%)
entry 3187000/3658821 (87.1046%)
entry 3188000/3658821 (87.1319%)
entry 3189000/3658821 (87.1592%)
entry 3190000/3658821 (87.1866%)
entry 3191000/3658821 (87.2139%)
entry 3193000/3658821 (87.2685%)
entry 3196000/3658821 (87.3505%)
entry 3199000/3658821 (87.4325%)
entry 3200000/3658821 (87.4599%)
entry 3201000/3658821 (87.4872%)
entry 3203000/3658821 (87.5419%)
entry 3205000/3658821 (87.5965%)
entry 3206000/3658821 (87.6239%)
entry 3207000/3658821 (87.6512%)
entry 3208000/3658821 (87.6785%)
entry 3209000/3658821 (87.7059%)
entry 3210000/3658821 (87.7332%)
entry 3212000/3658821 (87.7878%)
entry 3215000/3658821 (87.8698%)
entry 3217000/3658821 (87.9245%)
entry 3218000/3658821 (87.9518%)
entry 3219000/3658821 (87.9792%)
entry 3221000/3658821 (88.0338%)
entry 3225000/3658821 (88.1431%)
entry 3228000/3658821 (88.2251%)
entry 3229000/3658821 (88.2525%)
entry 3231000/3658821 (88.3071%)
entry 3232000/3658821 (88.3345%)
entry 3233000/3658821 (88.3618%)
entry 3234000/3658821 (88.3891%)
entry 3235000/3658821 (88.4165%)
entry 3236000/3658821 (88.4438%)
entry 3239000/3658821 (88.5258%)
entry 3240000/3658821 (88.5531%)
entry 3241000/3658821 (88.5804%)
entry 3242000/3658821 (88.6078%)
entry 3243000/3658821 (88.6351%)
entry 3244000/3658821 (88.6624%)
entry 3248000/3658821 (88.7718%)
entry 3249000/3658821 (88.7991%)
entry 3250000/3658821 (88.8264%)
entry 3251000/3658821 (88.8538%)
entry 3253000/3658821 (88.9084%)
entry 3254000/3658821 (88.9358%)
entry 3255000/3658821 (88.9631%)
entry 3256000/3658821 (88.9904%)
entry 3257000/3658821 (89.0177%)
entry 3258000/3658821 (89.0451%)
entry 3260000/3658821 (89.0997%)
entry 3261000/3658821 (89.1271%)
entry 3262000/3658821 (89.1544%)
entry 3265000/3658821 (89.2364%)
entry 3266000/3658821 (89.2637%)
entry 3267000/3658821 (89.2911%)
entry 3270000/3658821 (89.3731%)
entry 3271000/3658821 (89.4004%)
entry 3273000/3658821 (89.455%)
entry 3274000/3658821 (89.4824%)
entry 3276000/3658821 (89.537%)
entry 3277000/3658821 (89.5644%)
entry 3278000/3658821 (89.5917%)
entry 3281000/3658821 (89.6737%)
entry 3282000/3658821 (89.701%)
entry 3285000/3658821 (89.783%)
entry 3286000/3658821 (89.8104%)
entry 3287000/3658821 (89.8377%)
entry 3289000/3658821 (89.8923%)
entry 3290000/3658821 (89.9197%)
entry 3291000/3658821 (89.947%)
entry 3292000/3658821 (89.9743%)
entry 3293000/3658821 (90.0017%)
entry 3294000/3658821 (90.029%)
entry 3296000/3658821 (90.0837%)
entry 3298000/3658821 (90.1383%)
entry 3299000/3658821 (90.1657%)
entry 3300000/3658821 (90.193%)
entry 3303000/3658821 (90.275%)
entry 3305000/3658821 (90.3296%)
entry 3306000/3658821 (90.357%)
entry 3307000/3658821 (90.3843%)
entry 3309000/3658821 (90.439%)
entry 3311000/3658821 (90.4936%)
entry 3312000/3658821 (90.521%)
entry 3313000/3658821 (90.5483%)
entry 3315000/3658821 (90.603%)
entry 3318000/3658821 (90.685%)
entry 3320000/3658821 (90.7396%)
entry 3323000/3658821 (90.8216%)
entry 3324000/3658821 (90.8489%)
entry 3327000/3658821 (90.9309%)
entry 3332000/3658821 (91.0676%)
entry 3333000/3658821 (91.0949%)
entry 3334000/3658821 (91.1223%)
entry 3335000/3658821 (91.1496%)
entry 3337000/3658821 (91.2042%)
entry 3340000/3658821 (91.2862%)
entry 3343000/3658821 (91.3682%)
entry 3347000/3658821 (91.4776%)
entry 3348000/3658821 (91.5049%)
entry 3352000/3658821 (91.6142%)
entry 3354000/3658821 (91.6689%)
entry 3356000/3658821 (91.7235%)
entry 3358000/3658821 (91.7782%)
entry 3359000/3658821 (91.8055%)
entry 3360000/3658821 (91.8329%)
entry 3361000/3658821 (91.8602%)
entry 3363000/3658821 (91.9149%)
entry 3364000/3658821 (91.9422%)
entry 3367000/3658821 (92.0242%)
entry 3368000/3658821 (92.0515%)
entry 3370000/3658821 (92.1062%)
entry 3372000/3658821 (92.1608%)
entry 3373000/3658821 (92.1882%)
entry 3374000/3658821 (92.2155%)
entry 3375000/3658821 (92.2428%)
entry 3377000/3658821 (92.2975%)
entry 3378000/3658821 (92.3248%)
entry 3379000/3658821 (92.3522%)
entry 3380000/3658821 (92.3795%)
entry 3381000/3658821 (92.4068%)
entry 3382000/3658821 (92.4341%)
entry 3385000/3658821 (92.5161%)
entry 3386000/3658821 (92.5435%)
entry 3388000/3658821 (92.5981%)
entry 3392000/3658821 (92.7075%)
entry 3395000/3658821 (92.7895%)
entry 3396000/3658821 (92.8168%)
entry 3401000/3658821 (92.9534%)
entry 3402000/3658821 (92.9808%)
entry 3403000/3658821 (93.0081%)
entry 3404000/3658821 (93.0354%)
entry 3411000/3658821 (93.2268%)
entry 3412000/3658821 (93.2541%)
entry 3413000/3658821 (93.2814%)
entry 3414000/3658821 (93.3087%)
entry 3415000/3658821 (93.3361%)
entry 3416000/3658821 (93.3634%)
entry 3419000/3658821 (93.4454%)
entry 3420000/3658821 (93.4727%)
entry 3421000/3658821 (93.5001%)
entry 3423000/3658821 (93.5547%)
entry 3424000/3658821 (93.5821%)
entry 3425000/3658821 (93.6094%)
entry 3426000/3658821 (93.6367%)
entry 3429000/3658821 (93.7187%)
entry 3430000/3658821 (93.746%)
entry 3431000/3658821 (93.7734%)
entry 3432000/3658821 (93.8007%)
entry 3433000/3658821 (93.828%)
entry 3435000/3658821 (93.8827%)
entry 3436000/3658821 (93.91%)
entry 3437000/3658821 (93.9374%)
entry 3440000/3658821 (94.0194%)
entry 3441000/3658821 (94.0467%)
entry 3442000/3658821 (94.074%)
entry 3443000/3658821 (94.1014%)
entry 3445000/3658821 (94.156%)
entry 3446000/3658821 (94.1833%)
entry 3447000/3658821 (94.2107%)
entry 3448000/3658821 (94.238%)
entry 3452000/3658821 (94.3473%)
entry 3453000/3658821 (94.3747%)
entry 3456000/3658821 (94.4567%)
entry 3461000/3658821 (94.5933%)
entry 3463000/3658821 (94.648%)
entry 3464000/3658821 (94.6753%)
entry 3465000/3658821 (94.7026%)
entry 3466000/3658821 (94.73%)
entry 3468000/3658821 (94.7846%)
entry 3469000/3658821 (94.812%)
entry 3470000/3658821 (94.8393%)
entry 3471000/3658821 (94.8666%)
entry 3472000/3658821 (94.894%)
entry 3473000/3658821 (94.9213%)
entry 3474000/3658821 (94.9486%)
entry 3475000/3658821 (94.9759%)
entry 3476000/3658821 (95.0033%)
entry 3477000/3658821 (95.0306%)
entry 3478000/3658821 (95.0579%)
entry 3482000/3658821 (95.1673%)
entry 3484000/3658821 (95.2219%)
entry 3486000/3658821 (95.2766%)
entry 3487000/3658821 (95.3039%)
entry 3488000/3658821 (95.3313%)
entry 3489000/3658821 (95.3586%)
entry 3490000/3658821 (95.3859%)
entry 3492000/3658821 (95.4406%)
entry 3493000/3658821 (95.4679%)
entry 3494000/3658821 (95.4952%)
entry 3495000/3658821 (95.5226%)
entry 3498000/3658821 (95.6046%)
entry 3499000/3658821 (95.6319%)
entry 3500000/3658821 (95.6592%)
entry 3501000/3658821 (95.6866%)
entry 3502000/3658821 (95.7139%)
entry 3505000/3658821 (95.7959%)
entry 3507000/3658821 (95.8506%)
entry 3509000/3658821 (95.9052%)
entry 3510000/3658821 (95.9325%)
entry 3512000/3658821 (95.9872%)
entry 3513000/3658821 (96.0145%)
entry 3517000/3658821 (96.1239%)
entry 3520000/3658821 (96.2059%)
entry 3521000/3658821 (96.2332%)
entry 3522000/3658821 (96.2605%)
entry 3525000/3658821 (96.3425%)
entry 3526000/3658821 (96.3698%)
entry 3527000/3658821 (96.3972%)
entry 3528000/3658821 (96.4245%)
entry 3531000/3658821 (96.5065%)
entry 3532000/3658821 (96.5338%)
entry 3533000/3658821 (96.5612%)
entry 3534000/3658821 (96.5885%)
entry 3536000/3658821 (96.6432%)
entry 3538000/3658821 (96.6978%)
entry 3539000/3658821 (96.7251%)
entry 3540000/3658821 (96.7525%)
entry 3541000/3658821 (96.7798%)
entry 3544000/3658821 (96.8618%)
entry 3547000/3658821 (96.9438%)
entry 3548000/3658821 (96.9711%)
entry 3550000/3658821 (97.0258%)
entry 3551000/3658821 (97.0531%)
entry 3552000/3658821 (97.0805%)
entry 3553000/3658821 (97.1078%)
entry 3554000/3658821 (97.1351%)
entry 3556000/3658821 (97.1898%)
entry 3558000/3658821 (97.2444%)
entry 3560000/3658821 (97.2991%)
entry 3561000/3658821 (97.3264%)
entry 3562000/3658821 (97.3538%)
entry 3565000/3658821 (97.4358%)
entry 3566000/3658821 (97.4631%)
entry 3567000/3658821 (97.4904%)
entry 3569000/3658821 (97.5451%)
entry 3570000/3658821 (97.5724%)
entry 3571000/3658821 (97.5997%)
entry 3573000/3658821 (97.6544%)
entry 3575000/3658821 (97.7091%)
entry 3576000/3658821 (97.7364%)
entry 3577000/3658821 (97.7637%)
entry 3578000/3658821 (97.7911%)
entry 3579000/3658821 (97.8184%)
entry 3580000/3658821 (97.8457%)
entry 3582000/3658821 (97.9004%)
entry 3583000/3658821 (97.9277%)
entry 3584000/3658821 (97.9551%)
entry 3586000/3658821 (98.0097%)
entry 3587000/3658821 (98.037%)
entry 3588000/3658821 (98.0644%)
entry 3589000/3658821 (98.0917%)
entry 3592000/3658821 (98.1737%)
entry 3595000/3658821 (98.2557%)
entry 3596000/3658821 (98.283%)
entry 3598000/3658821 (98.3377%)
entry 3599000/3658821 (98.365%)
entry 3600000/3658821 (98.3923%)
entry 3601000/3658821 (98.4197%)
entry 3602000/3658821 (98.447%)
entry 3604000/3658821 (98.5017%)
entry 3605000/3658821 (98.529%)
entry 3607000/3658821 (98.5837%)
entry 3608000/3658821 (98.611%)
entry 3611000/3658821 (98.693%)
entry 3613000/3658821 (98.7477%)
entry 3614000/3658821 (98.775%)
entry 3615000/3658821 (98.8023%)
entry 3616000/3658821 (98.8297%)
entry 3618000/3658821 (98.8843%)
entry 3619000/3658821 (98.9116%)
entry 3620000/3658821 (98.939%)
entry 3623000/3658821 (99.021%)
entry 3624000/3658821 (99.0483%)
entry 3625000/3658821 (99.0756%)
entry 3628000/3658821 (99.1576%)
entry 3630000/3658821 (99.2123%)
entry 3631000/3658821 (99.2396%)
entry 3632000/3658821 (99.267%)
entry 3633000/3658821 (99.2943%)
entry 3634000/3658821 (99.3216%)
entry 3635000/3658821 (99.3489%)
entry 3636000/3658821 (99.3763%)
entry 3637000/3658821 (99.4036%)
entry 3640000/3658821 (99.4856%)
entry 3641000/3658821 (99.5129%)
entry 3642000/3658821 (99.5403%)
entry 3644000/3658821 (99.5949%)
entry 3646000/3658821 (99.6496%)
entry 3647000/3658821 (99.6769%)
entry 3648000/3658821 (99.7042%)
entry 3649000/3658821 (99.7316%)
entry 3650000/3658821 (99.7589%)
entry 3653000/3658821 (99.8409%)
entry 3654000/3658821 (99.8682%)
entry 3656000/3658821 (99.9229%)
entry 3657000/3658821 (99.9502%)
entry 3658000/3658821 (99.9776%)
all done
script done
