sphnx1028.sdcc.bnl.gov
rsyncing from /gpfs/mnt/gpfs02/sphenix/user/samfred/run25/ppg11/histmaking
running: /gpfs/mnt/gpfs02/sphenix/user/samfred/run25/ppg11/histmaking/script_data.sh 53365
LD_LIBRARY_PATH now /sphenix/user/samfred/run25/install//lib:/cvmfs/sphenix.sdcc.bnl.gov/alma9.2-gcc-14.2.0/opt/sphenix/core/gcc/14.2.0-2f0a0/x86_64-el9/lib:/cvmfs/sphenix.sdcc.bnl.gov/alma9.2-gcc-14.2.0/opt/sphenix/core/gcc/14.2.0-2f0a0/x86_64-el9/lib64:/cvmfs/sphenix.sdcc.bnl.gov/alma9.2-gcc-14.2.0/opt/sphenix/core/binutils/2.40-acaab/x86_64-el9/lib:.:/cvmfs/sphenix.sdcc.bnl.gov/alma9.2-gcc-14.2.0/release/release_new/new.10/lib64:/cvmfs/sphenix.sdcc.bnl.gov/alma9.2-gcc-14.2.0/release/release_new/new.10/lib:/cvmfs/sphenix.sdcc.bnl.gov/alma9.2-gcc-14.2.0/opt/sphenix/utils/lib:/cvmfs/sphenix.sdcc.bnl.gov/alma9.2-gcc-14.2.0/opt/sphenix/core/lib:/cvmfs/sphenix.sdcc.bnl.gov/alma9.2-gcc-14.2.0/opt/sphenix/core/root-6.32.06/lib:/cvmfs/sphenix.sdcc.bnl.gov/alma9.2-gcc-14.2.0/opt/sphenix/core/geant4.10.07.p04/lib64:/cvmfs/sphenix.sdcc.bnl.gov/alma9.2-gcc-14.2.0/opt/sphenix/core/lhapdf-5.9.1/lib:/usr/local/lib64:/usr/lib64
PATH now /sphenix/user/samfred/run25/install//bin:/cvmfs/sphenix.sdcc.bnl.gov/alma9.2-gcc-14.2.0/opt/sphenix/core/gcc/14.2.0-2f0a0/x86_64-el9/bin:/cvmfs/sphenix.sdcc.bnl.gov/alma9.2-gcc-14.2.0/opt/sphenix/core/binutils/2.40-acaab/x86_64-el9/bin:.:/cvmfs/sphenix.sdcc.bnl.gov/alma9.2-gcc-14.2.0/release/release_new/new.10/bin:/cvmfs/sphenix.sdcc.bnl.gov/alma9.2-gcc-14.2.0/opt/sphenix/utils/bin:/cvmfs/sphenix.sdcc.bnl.gov/alma9.2-gcc-14.2.0/opt/sphenix/core/bin:/cvmfs/sphenix.sdcc.bnl.gov/alma9.2-gcc-14.2.0/opt/sphenix/core/root-6.32.06/bin:/cvmfs/sphenix.sdcc.bnl.gov/alma9.2-gcc-14.2.0/opt/sphenix/core/geant4.10.07.p04/bin:/usr/local/bin:/usr/bin:/usr/local/sbin:/usr/sbin
SINGULARITY_CACHEDIR=/home/condor/local/sphnx/execute/dir_2452490
_CONDOR_ANCESTOR_317652=317699:1756523315:1303912541
_CONDOR_CHIRP_CONFIG=/home/condor/local/sphnx/execute/dir_2452490/.chirp.config
_CONDOR_JOB_IWD=/sphenix/user/samfred/run25/ppg11/histmaking
G4ENSDFSTATEDATA=/cvmfs/sphenix.sdcc.bnl.gov/alma9.2-gcc-14.2.0/opt/sphenix/core/geant4.10.07.p04/share/Geant4-10.7.4/data/G4ENSDFSTATE2.3
_CONDOR_MACHINE_AD=/home/condor/local/sphnx/execute/dir_2452490/.machine.ad
ROOT_MAX_THREADS=1
NUMEXPR_NUM_THREADS=1
CUBACORES=1
_CHIRP_DELAYED_UPDATE_PREFIX=Chirp*
OMP_THREAD_LIMIT=1
G4PIIDATA=/cvmfs/sphenix.sdcc.bnl.gov/alma9.2-gcc-14.2.0/opt/sphenix/core/geant4.10.07.p04/share/Geant4-10.7.4/data/G4PII1.3
NO_AT_BRIDGE=1
G4_MAIN=/cvmfs/sphenix.sdcc.bnl.gov/alma9.2-gcc-14.2.0/opt/sphenix/core/geant4.10.07.p04
COMPILER_PATH=/cvmfs/sphenix.sdcc.bnl.gov/alma9.2-gcc-14.2.0/opt/sphenix/core/gcc/14.2.0-2f0a0/x86_64-el9
ROOT_INCLUDE_PATH=./:/sphenix/user/samfred/run25/install//include:/sphenix/user/samfred/run25/install//include/caloana:/sphenix/user/samfred/run25/install//include/qa_centrality:/sphenix/user/samfred/run25/install//include/mbdana:/sphenix/user/samfred/run25/install//include/centrality:/sphenix/user/samfred/run25/install//include/Event:/cvmfs/sphenix.sdcc.bnl.gov/alma9.2-gcc-14.2.0/release/release_new/new.10/include:/cvmfs/sphenix.sdcc.bnl.gov/alma9.2-gcc-14.2.0/release/release_new/new.10/include:/cvmfs/sphenix.sdcc.bnl.gov/alma9.2-gcc-14.2.0/release/release_new/new.10/include/g4mbd:/cvmfs/sphenix.sdcc.bnl.gov/alma9.2-gcc-14.2.0/release/release_new/new.10/include/fmt:/cvmfs/sphenix.sdcc.bnl.gov/alma9.2-gcc-14.2.0/release/release_new/new.10/include/ffarawobjects:/cvmfs/sphenix.sdcc.bnl.gov/alma9.2-gcc-14.2.0/release/release_new/new.10/include/JSON:/cvmfs/sphenix.sdcc.bnl.gov/alma9.2-gcc-14.2.0/release/release_new/new.10/include/calotreegen:/cvmfs/sphenix.sdcc.bnl.gov/alma9.2-gcc-14.2.0/release/release_new/new.10/include/torch:/cvmfs/sphenix.sdcc.bnl.gov/alma9.2-gcc-14.2.0/release/release_new/new.10/include/g4detectors:/cvmfs/sphenix.sdcc.bnl.gov/alma9.2-gcc-14.2.0/release/release_new/new.10/include/kineto:/cvmfs/sphenix.sdcc.bnl.gov/alma9.2-gcc-14.2.0/release/release_new/new.10/include/g4decayer:/cvmfs/sphenix.sdcc.bnl.gov/alma9.2-gcc-14.2.0/release/release_new/new.10/include/kfparticleqa:/cvmfs/sphenix.sdcc.bnl.gov/alma9.2-gcc-14.2.0/release/release_new/new.10/include/phfield:/cvmfs/sphenix.sdcc.bnl.gov/alma9.2-gcc-14.2.0/release/release_new/new.10/include/LHAPDF:/cvmfs/sphenix.sdcc.bnl.gov/alma9.2-gcc-14.2.0/release/release_new/new.10/include/readdigitalcurrents:/cvmfs/sphenix.sdcc.bnl.gov/alma9.2-gcc-14.2.0/release/release_new/new.10/include/c10:/cvmfs/sphenix.sdcc.bnl.gov/alma9.2-gcc-14.2.0/release/release_new/new.10/include/calovalid:/cvmfs/sphenix.sdcc.bnl.gov/alma9.2-gcc-14.2.0/release/release_new/new.10/include/oneapi:/cvmfs/sphenix.sdcc.bnl.gov/alma9.2-gcc-14.2.0/release/release_new/new.10/include/DDCond:/cvmfs/sphenix.sdcc.bnl.gov/alma9.2-gcc-14.2.0/release/release_new/new.10/include/g4tracking:/cvmfs/sphenix.sdcc.bnl.gov/alma9.2-gcc-14.2.0/release/release_new/new.10/include/litecaloeval:/cvmfs/sphenix.sdcc.bnl.gov/alma9.2-gcc-14.2.0/release/release_new/new.10/include/g4intt:/cvmfs/sphenix.sdcc.bnl.gov/alma9.2-gcc-14.2.0/release/release_new/new.10/include/phool:/cvmfs/sphenix.sdcc.bnl.gov/alma9.2-gcc-14.2.0/release/release_new/new.10/include/boost:/cvmfs/sphenix.sdcc.bnl.gov/alma9.2-gcc-14.2.0/release/release_new/new.10/include/Pythia8Plugins:/cvmfs/sphenix.sdcc.bnl.gov/alma9.2-gcc-14.2.0/release/release_new/new.10/include/calib_emc_pi0:/cvmfs/sphenix.sdcc.bnl.gov/alma9.2-gcc-14.2.0/release/release_new/new.10/include/hijingflipafterburner:/cvmfs/sphenix.sdcc.bnl.gov/alma9.2-gcc-14.2.0/release/release_new/new.10/include/ffaobjects:/cvmfs/sphenix.sdcc.bnl.gov/alma9.2-gcc-14.2.0/release/release_new/new.10/include/EvtGenBase:/cvmfs/sphenix.sdcc.bnl.gov/alma9.2-gcc-14.2.0/release/release_new/new.10/include/flowafterburner:/cvmfs/sphenix.sdcc.bnl.gov/alma9.2-gcc-14.2.0/release/release_new/new.10/include/google:/cvmfs/sphenix.sdcc.bnl.gov/alma9.2-gcc-14.2.0/release/release_new/new.10/include/g4tpc:/cvmfs/sphenix.sdcc.bnl.gov/alma9.2-gcc-14.2.0/release/release_new/new.10/include/caffe2:/cvmfs/sphenix.sdcc.bnl.gov/alma9.2-gcc-14.2.0/release/release_new/new.10/include/EvtGenExternal:/cvmfs/sphenix.sdcc.bnl.gov/alma9.2-gcc-14.2.0/release/release_new/new.10/include/fp16:/cvmfs/sphenix.sdcc.bnl.gov/alma9.2-gcc-14.2.0/release/release_new/new.10/include/ffamodules:/cvmfs/sphenix.sdcc.bnl.gov/alma9.2-gcc-14.2.0/release/release_new/new.10/include/uspin:/cvmfs/sphenix.sdcc.bnl.gov/alma9.2-gcc-14.2.0/release/release_new/new.10/include/Herwig:/cvmfs/sphenix.sdcc.bnl.gov/alma9.2-gcc-14.2.0/release/release_new/new.10/include/genfitexp:/cvmfs/sphenix.sdcc.bnl.gov/alma9.2-gcc-14.2.0/release/release_new/new.10/include/XML:/cvmfs/sphenix.sdcc.bnl.gov/alma9.2-gcc-14.2.0/release/release_new/new.10/include/fbgemm:/cvmfs/sphenix.sdcc.bnl.gov/alma9.2-gcc-14.2.0/release/release_new/new.10/include/DDAlign:/cvmfs/sphenix.sdcc.bnl.gov/alma9.2-gcc-14.2.0/release/release_new/new.10/include/g4mvtx:/cvmfs/sphenix.sdcc.bnl.gov/alma9.2-gcc-14.2.0/release/release_new/new.10/include/kfparticle_sphenix:/cvmfs/sphenix.sdcc.bnl.gov/alma9.2-gcc-14.2.0/release/release_new/new.10/include/fun4all:/cvmfs/sphenix.sdcc.bnl.gov/alma9.2-gcc-14.2.0/release/release_new/new.10/include/intt:/cvmfs/sphenix.sdcc.bnl.gov/alma9.2-gcc-14.2.0/release/release_new/new.10/include/eventdisplay:/cvmfs/sphenix.sdcc.bnl.gov/alma9.2-gcc-14.2.0/release/release_new/new.10/include/EvtGen:/cvmfs/sphenix.sdcc.bnl.gov/alma9.2-gcc-14.2.0/release/release_new/new.10/include/Evaluator:/cvmfs/sphenix.sdcc.bnl.gov/alma9.2-gcc-14.2.0/release/release_new/new.10/include/tpc:/cvmfs/sphenix.sdcc.bnl.gov/alma9.2-gcc-14.2.0/release/release_new/new.10/include/GenFit:/cvmfs/sphenix.sdcc.bnl.gov/alma9.2-gcc-14.2.0/release/release_new/new.10/include/prototype4:/cvmfs/sphenix.sdcc.bnl.gov/alma9.2-gcc-14.2.0/release/release_new/new.10/include/caloembedding:/cvmfs/sphenix.sdcc.bnl.gov/alma9.2-gcc-14.2.0/release/release_new/new.10/include/EvtGenModels:/cvmfs/sphenix.sdcc.bnl.gov/alma9.2-gcc-14.2.0/release/release_new/new.10/include/fastjet:/cvmfs/sphenix.sdcc.bnl.gov/alma9.2-gcc-14.2.0/release/release_new/new.10/include/DDG4:/cvmfs/sphenix.sdcc.bnl.gov/alma9.2-gcc-14.2.0/release/release_new/new.10/include/mbd:/cvmfs/sphenix.sdcc.bnl.gov/alma9.2-gcc-14.2.0/release/release_new/new.10/include/tbb:/cvmfs/sphenix.sdcc.bnl.gov/alma9.2-gcc-14.2.0/release/release_new/new.10/include/phgeom:/cvmfs/sphenix.sdcc.bnl.gov/alma9.2-gcc-14.2.0/release/release_new/new.10/include/g4epd:/cvmfs/sphenix.sdcc.bnl.gov/alma9.2-gcc-14.2.0/release/release_new/new.10/include/oncal:/cvmfs/sphenix.sdcc.bnl.gov/alma9.2-gcc-14.2.0/release/release_new/new.10/include/pybind11:/cvmfs/sphenix.sdcc.bnl.gov/alma9.2-gcc-14.2.0/release/release_new/new.10/include/tpcdistgenerator:/cvmfs/sphenix.sdcc.bnl.gov/alma9.2-gcc-14.2.0/release/release_new/new.10/include/cdbobjects:/cvmfs/sphenix.sdcc.bnl.gov/alma9.2-gcc-14.2.0/release/release_new/new.10/include/g4micromegas:/cvmfs/sphenix.sdcc.bnl.gov/alma9.2-gcc-14.2.0/release/release_new/new.10/include/g4eval:/cvmfs/sphenix.sdcc.bnl.gov/alma9.2-gcc-14.2.0/release/release_new/new.10/include/jetbackground:/cvmfs/sphenix.sdcc.bnl.gov/alma9.2-gcc-14.2.0/release/release_new/new.10/include/micromegas:/cvmfs/sphenix.sdcc.bnl.gov/alma9.2-gcc-14.2.0/release/release_new/new.10/include/hftrackefficiency:/cvmfs/sphenix.sdcc.bnl.gov/alma9.2-gcc-14.2.0/release/release_new/new.10/include/inttrawhitqa:/cvmfs/sphenix.sdcc.bnl.gov/alma9.2-gcc-14.2.0/release/release_new/new.10/include/centrality:/cvmfs/sphenix.sdcc.bnl.gov/alma9.2-gcc-14.2.0/release/release_new/new.10/include/epd:/cvmfs/sphenix.sdcc.bnl.gov/alma9.2-gcc-14.2.0/release/release_new/new.10/include/caloreco:/cvmfs/sphenix.sdcc.bnl.gov/alma9.2-gcc-14.2.0/release/release_new/new.10/include/HepMC:/cvmfs/sphenix.sdcc.bnl.gov/alma9.2-gcc-14.2.0/release/release_new/new.10/include/CLHEP:/cvmfs/sphenix.sdcc.bnl.gov/alma9.2-gcc-14.2.0/release/release_new/new.10/include/Acts:/cvmfs/sphenix.sdcc.bnl.gov/alma9.2-gcc-14.2.0/release/release_new/new.10/include/g4histos:/cvmfs/sphenix.sdcc.bnl.gov/alma9.2-gcc-14.2.0/release/release_new/new.10/include/eventplaneinfo:/cvmfs/sphenix.sdcc.bnl.gov/alma9.2-gcc-14.2.0/release/release_new/new.10/include/fillspacechargemaps:/cvmfs/sphenix.sdcc.bnl.gov/alma9.2-gcc-14.2.0/release/release_new/new.10/include/phhepmc:/cvmfs/sphenix.sdcc.bnl.gov/alma9.2-gcc-14.2.0/release/release_new/new.10/include/trackingqa:/cvmfs/sphenix.sdcc.bnl.gov/alma9.2-gcc-14.2.0/release/release_new/new.10/include/qautils:/cvmfs/sphenix.sdcc.bnl.gov/alma9.2-gcc-14.2.0/release/release_new/new.10/include/trackreco:/cvmfs/sphenix.sdcc.bnl.gov/alma9.2-gcc-14.2.0/release/release_new/new.10/include/g4ohcal:/cvmfs/sphenix.sdcc.bnl.gov/alma9.2-gcc-14.2.0/release/release_new/new.10/include/tpcdvcalib:/cvmfs/sphenix.sdcc.bnl.gov/alma9.2-gcc-14.2.0/release/release_new/new.10/include/zdcinfo:/cvmfs/sphenix.sdcc.bnl.gov/alma9.2-gcc-14.2.0/release/release_new/new.10/include/phpythia8:/cvmfs/sphenix.sdcc.bnl.gov/alma9.2-gcc-14.2.0/release/release_new/new.10/include/fun4allutils:/cvmfs/sphenix.sdcc.bnl.gov/alma9.2-gcc-14.2.0/release/release_new/new.10/include/tpcqa:/cvmfs/sphenix.sdcc.bnl.gov/alma9.2-gcc-14.2.0/release/release_new/new.10/include/Pythia8:/cvmfs/sphenix.sdcc.bnl.gov/alma9.2-gcc-14.2.0/release/release_new/new.10/include/DDRec:/cvmfs/sphenix.sdcc.bnl.gov/alma9.2-gcc-14.2.0/release/release_new/new.10/include/DDDigi:/cvmfs/sphenix.sdcc.bnl.gov/alma9.2-gcc-14.2.0/release/release_new/new.10/include/g4ihcal:/cvmfs/sphenix.sdcc.bnl.gov/alma9.2-gcc-14.2.0/release/release_new/new.10/include/frog:/cvmfs/sphenix.sdcc.bnl.gov/alma9.2-gcc-14.2.0/release/release_new/new.10/include/eigen3:/cvmfs/sphenix.sdcc.bnl.gov/alma9.2-gcc-14.2.0/release/release_new/new.10/include/tensorpipe:/cvmfs/sphenix.sdcc.bnl.gov/alma9.2-gcc-14.2.0/release/release_new/new.10/include/sphenixnpc:/cvmfs/sphenix.sdcc.bnl.gov/alma9.2-gcc-14.2.0/release/release_new/new.10/include/siscone:/cvmfs/sphenix.sdcc.bnl.gov/alma9.2-gcc-14.2.0/release/release_new/new.10/include/pmonitor:/cvmfs/sphenix.sdcc.bnl.gov/alma9.2-gcc-14.2.0/release/release_new/new.10/include/calobase:/cvmfs/sphenix.sdcc.bnl.gov/alma9.2-gcc-14.2.0/release/release_new/new.10/include/ActsExamples:/cvmfs/sphenix.sdcc.bnl.gov/alma9.2-gcc-14.2.0/release/release_new/new.10/include/g4gdml:/cvmfs/sphenix.sdcc.bnl.gov/alma9.2-gcc-14.2.0/release/release_new/new.10/include/mvtx_decoder:/cvmfs/sphenix.sdcc.bnl.gov/alma9.2-gcc-14.2.0/release/release_new/new.10/include/ROOT:/cvmfs/sphenix.sdcc.bnl.gov/alma9.2-gcc-14.2.0/release/release_new/new.10/include/phparameter:/cvmfs/sphenix.sdcc.bnl.gov/alma9.2-gcc-14.2.0/release/release_new/new.10/include/rsa:/cvmfs/sphenix.sdcc.bnl.gov/alma9.2-gcc-14.2.0/release/release_new/new.10/include/fun4allraw:/cvmfs/sphenix.sdcc.bnl.gov/alma9.2-gcc-14.2.0/release/release_new/new.10/include/trackbase_historic:/cvmfs/sphenix.sdcc.bnl.gov/alma9.2-gcc-14.2.0/release/release_new/new.10/include/g4jets:/cvmfs/sphenix.sdcc.bnl.gov/alma9.2-gcc-14.2.0/release/release_new/new.10/include/jetqa:/cvmfs/sphenix.sdcc.bnl.gov/alma9.2-gcc-14.2.0/release/release_new/new.10/include/phoolraw:/cvmfs/sphenix.sdcc.bnl.gov/alma9.2-gcc-14.2.0/release/release_new/new.10/include/g4calo:/cvmfs/sphenix.sdcc.bnl.gov/alma9.2-gcc-14.2.0/release/release_new/new.10/include/mvtxrawhitqa:/cvmfs/sphenix.sdcc.bnl.gov/alma9.2-gcc-14.2.0/release/release_new/new.10/include/HepMC3:/cvmfs/sphenix.sdcc.bnl.gov/alma9.2-gcc-14.2.0/release/release_new/new.10/include/calowaveformsim:/cvmfs/sphenix.sdcc.bnl.gov/alma9.2-gcc-14.2.0/release/release_new/new.10/include/g4caloprototype:/cvmfs/sphenix.sdcc.bnl.gov/alma9.2-gcc-14.2.0/release/release_new/new.10/include/pdbcalbase:/cvmfs/sphenix.sdcc.bnl.gov/alma9.2-gcc-14.2.0/release/release_new/new.10/include/gsl:/cvmfs/sphenix.sdcc.bnl.gov/alma9.2-gcc-14.2.0/release/release_new/new.10/include/nodedump:/cvmfs/sphenix.sdcc.bnl.gov/alma9.2-gcc-14.2.0/release/release_new/new.10/include/emcnoisytowerfinder:/cvmfs/sphenix.sdcc.bnl.gov/alma9.2-gcc-14.2.0/release/release_new/new.10/include/ActsFatras:/cvmfs/sphenix.sdcc.bnl.gov/alma9.2-gcc-14.2.0/release/release_new/new.10/include/ffarawmodules:/cvmfs/sphenix.sdcc.bnl.gov/alma9.2-gcc-14.2.0/release/release_new/new.10/include/Event:/cvmfs/sphenix.sdcc.bnl.gov/alma9.2-gcc-14.2.0/release/release_new/new.10/include/prototype3:/cvmfs/sphenix.sdcc.bnl.gov/alma9.2-gcc-14.2.0/release/release_new/new.10/include/fermimotionafterburner:/cvmfs/sphenix.sdcc.bnl.gov/alma9.2-gcc-14.2.0/release/release_new/new.10/include/Photos:/cvmfs/sphenix.sdcc.bnl.gov/alma9.2-gcc-14.2.0/release/release_new/new.10/include/xingshiftcal:/cvmfs/sphenix.sdcc.bnl.gov/alma9.2-gcc-14.2.0/release/release_new/new.10/include/trackbase:/cvmfs/sphenix.sdcc.bnl.gov/alma9.2-gcc-14.2.0/release/release_new/new.10/include/jetdstskimmer:/cvmfs/sphenix.sdcc.bnl.gov/alma9.2-gcc-14.2.0/release/release_new/new.10/include/clusteriso:/cvmfs/sphenix.sdcc.bnl.gov/alma9.2-gcc-14.2.0/release/release_new/new.10/include/asmjit:/cvmfs/sphenix.sdcc.bnl.gov/alma9.2-gcc-14.2.0/release/release_new/new.10/include/particleflowreco:/cvmfs/sphenix.sdcc.bnl.gov/alma9.2-gcc-14.2.0/release/release_new/new.10/include/tpchittrackdisplay:/cvmfs/sphenix.sdcc.bnl.gov/alma9.2-gcc-14.2.0/release/release_new/new.10/include/caloana:/cvmfs/sphenix.sdcc.bnl.gov/alma9.2-gcc-14.2.0/release/release_new/new.10/include/calotrigger:/cvmfs/sphenix.sdcc.bnl.gov/alma9.2-gcc-14.2.0/release/release_new/new.10/include/nopayloadclient:/cvmfs/sphenix.sdcc.bnl.gov/alma9.2-gcc-14.2.0/release/release_new/new.10/include/trackermillepedealignment:/cvmfs/sphenix.sdcc.bnl.gov/alma9.2-gcc-14.2.0/release/release_new/new.10/include/DD4hep:/cvmfs/sphenix.sdcc.bnl.gov/alma9.2-gcc-14.2.0/release/release_new/new.10/include/g4trackfastsim:/cvmfs/sphenix.sdcc.bnl.gov/alma9.2-gcc-14.2.0/release/release_new/new.10/include/prototype2:/cvmfs/sphenix.sdcc.bnl.gov/alma9.2-gcc-14.2.0/release/release_new/new.10/include/ATen:/cvmfs/sphenix.sdcc.bnl.gov/alma9.2-gcc-14.2.0/release/release_new/new.10/include/g4main:/cvmfs/sphenix.sdcc.bnl.gov/alma9.2-gcc-14.2.0/release/release_new/new.10/include/Tauola:/cvmfs/sphenix.sdcc.bnl.gov/alma9.2-gcc-14.2.0/release/release_new/new.10/include/inttcalib:/cvmfs/sphenix.sdcc.bnl.gov/alma9.2-gcc-14.2.0/release/release_new/new.10/include/reactionplaneafterburner:/cvmfs/sphenix.sdcc.bnl.gov/alma9.2-gcc-14.2.0/release/release_new/new.10/include/globalqa:/cvmfs/sphenix.sdcc.bnl.gov/alma9.2-gcc-14.2.0/release/release_new/new.10/include/tpccalib:/cvmfs/sphenix.sdcc.bnl.gov/alma9.2-gcc-14.2.0/release/release_new/new.10/include/DDSegmentation:/cvmfs/sphenix.sdcc.bnl.gov/alma9.2-gcc-14.2.0/release/release_new/new.10/include/decayfinder:/cvmfs/sphenix.sdcc.bnl.gov/alma9.2-gcc-14.2.0/release/release_new/new.10/include/compressclus:/cvmfs/sphenix.sdcc.bnl.gov/alma9.2-gcc-14.2.0/release/release_new/new.10/include/simqa_modules:/cvmfs/sphenix.sdcc.bnl.gov/alma9.2-gcc-14.2.0/release/release_new/new.10/include/resonancejettagging:/cvmfs/sphenix.sdcc.bnl.gov/alma9.2-gcc-14.2.0/release/release_new/new.10/include/g4centrality:/cvmfs/sphenix.sdcc.bnl.gov/alma9.2-gcc-14.2.0/release/release_new/new.10/include/mvtx:/cvmfs/sphenix.sdcc.bnl.gov/alma9.2-gcc-14.2.0/release/release_new/new.10/include/nlohmann:/cvmfs/sphenix.sdcc.bnl.gov/alma9.2-gcc-14.2.0/release/release_new/new.10/include/localpoloffmon:/cvmfs/sphenix.sdcc.bnl.gov/alma9.2-gcc-14.2.0/release/release_new/new.10/include/DDEve:/cvmfs/sphenix.sdcc.bnl.gov/alma9.2-gcc-14.2.0/release/release_new/new.10/include/Parsers:/cvmfs/sphenix.sdcc.bnl.gov/alma9.2-gcc-14.2.0/release/release_new/new.10/include/trackingdiagnostics:/cvmfs/sphenix.sdcc.bnl.gov/alma9.2-gcc-14.2.0/release/release_new/new.10/include/g4vertex:/cvmfs/sphenix.sdcc.bnl.gov/alma9.2-gcc-14.2.0/release/release_new/new.10/include/jetbase:/cvmfs/sphenix.sdcc.bnl.gov/alma9.2-gcc-14.2.0/release/release_new/new.10/include/globalvertex:/cvmfs/sphenix.sdcc.bnl.gov/alma9.2-gcc-14.2.0/release/release_new/new.10/include/phgenfit:/cvmfs/sphenix.sdcc.bnl.gov/alma9.2-gcc-14.2.0/release/release_new/new.10/include/rawbcolumi:/cvmfs/sphenix.sdcc.bnl.gov/alma9.2-gcc-14.2.0/release/release_new/new.10/include/eicsmear:/cvmfs/sphenix.sdcc.bnl.gov/alma9.2-gcc-14.2.0/release/release_new/new.10/include/mvtxcalib:/cvmfs/sphenix.sdcc.bnl.gov/alma9.2-gcc-14.2.0/release/release_new/new.10/include/tpclinelaserdiode:/cvmfs/sphenix.sdcc.bnl.gov/alma9.2-gcc-14.2.0/release/release_new/new.10/include/hepmcjettrigger:/cvmfs/sphenix.sdcc.bnl.gov/alma9.2-gcc-14.2.0/release/release_new/new.10/include/core:/cvmfs/sphenix.sdcc.bnl.gov/alma9.2-gcc-14.2.0/release/release_new/new.10/include/calo_cdb:/cvmfs/sphenix.sdcc.bnl.gov/alma9.2-gcc-14.2.0/release/release_new/new.10/include/mvtxclustershapesqa:/cvmfs/sphenix.sdcc.bnl.gov/alma9.2-gcc-14.2.0/release/release_new/new.10/include/calopacketskimmer:/cvmfs/sphenix.sdcc.bnl.gov/alma9.2-gcc-14.2.0/opt/sphenix/core/geant4.10.07.p04/include:/cvmfs/sphenix.sdcc.bnl.gov/alma9.2-gcc-14.2.0/release/release_new/new.10/rootmacros:/cvmfs/sphenix.sdcc.bnl.gov/alma9.2-gcc-14.2.0/opt/sphenix/core/include
GSEARCHPATH=.:PG:LUSTRE:RAWDATA
PWD=/gpfs/mnt/gpfs02/sphenix/user/samfred/run25/ppg11/histmaking
LOGNAME=samfred
_CONDOR_JOB_AD=/home/condor/local/sphnx/execute/dir_2452490/.job.ad
MANPATH=/cvmfs/sphenix.sdcc.bnl.gov/alma9.2-gcc-14.2.0/opt/sphenix/core/gcc/14.2.0-2f0a0/x86_64-el9/share/man:/cvmfs/sphenix.sdcc.bnl.gov/alma9.2-gcc-14.2.0/opt/sphenix/core/binutils/2.40-acaab/x86_64-el9/share/man:/cvmfs/sphenix.sdcc.bnl.gov/alma9.2-gcc-14.2.0/release/release_new/new.10/share/man:/cvmfs/sphenix.sdcc.bnl.gov/alma9.2-gcc-14.2.0/opt/sphenix/utils/share/man:/cvmfs/sphenix.sdcc.bnl.gov/alma9.2-gcc-14.2.0/opt/sphenix/core/share/man:/cvmfs/sphenix.sdcc.bnl.gov/alma9.2-gcc-14.2.0/opt/sphenix/core/root-6.32.06/man:/usr/local/share/man:/usr/share/man
PYTHIA8=/cvmfs/sphenix.sdcc.bnl.gov/alma9.2-gcc-14.2.0/release/release_new/new.10/share/Pythia8
G4INCLDATA=/cvmfs/sphenix.sdcc.bnl.gov/alma9.2-gcc-14.2.0/opt/sphenix/core/geant4.10.07.p04/share/Geant4-10.7.4/data/G4INCL1.0
ORIG_PATH=/usr/local/bin:/usr/bin
CXX=/cvmfs/sphenix.sdcc.bnl.gov/alma9.2-gcc-14.2.0/opt/sphenix/core/gcc/14.2.0-2f0a0/x86_64-el9/bin/g++
G4LEDATA=/cvmfs/sphenix.sdcc.bnl.gov/alma9.2-gcc-14.2.0/opt/sphenix/core/geant4.10.07.p04/share/Geant4-10.7.4/data/G4EMLOW7.13
PYTHON_CPU_COUNT=1
OPENBLAS_NUM_THREADS=1
_CONDOR_BIN=/usr/bin
HOME=/sphenix/u/samfred
G4PARTICLEXSDATA=/cvmfs/sphenix.sdcc.bnl.gov/alma9.2-gcc-14.2.0/opt/sphenix/core/geant4.10.07.p04/share/Geant4-10.7.4/data/G4PARTICLEXS3.1.1
ONLINE_MAIN=/cvmfs/sphenix.sdcc.bnl.gov/alma9.2-gcc-14.2.0/release/release_new/new.10
CALIBRATIONROOT=/cvmfs/sphenix.sdcc.bnl.gov/alma9.2-gcc-14.2.0/release/release_new/new.10/share/calibrations
_CONDOR_ANCESTOR_2452490=2453723:1759352752:3406264412
TMPDIR=/tmp
_CONDOR_SCRATCH_DIR=/home/condor/local/sphnx/execute/dir_2452490
PGUSER=phnxrc
NOPAYLOADCLIENT_CONF=/cvmfs/sphenix.sdcc.bnl.gov/alma9.2-gcc-14.2.0/opt/sphenix/core/etc/sPHENIX_newcdb.json
XERCESCROOT=/cvmfs/sphenix.sdcc.bnl.gov/alma9.2-gcc-14.2.0/opt/sphenix/core/geant4.10.07.p04
LHAPATH=/cvmfs/sphenix.sdcc.bnl.gov/alma9.2-gcc-14.2.0/opt/sphenix/core/lhapdf-5.9.1/share/lhapdf/PDFsets
G4NEUTRONHPDATA=/cvmfs/sphenix.sdcc.bnl.gov/alma9.2-gcc-14.2.0/opt/sphenix/core/geant4.10.07.p04/share/Geant4-10.7.4/data/G4NDL4.6
PYTHONPATH=.:/cvmfs/sphenix.sdcc.bnl.gov/alma9.2-gcc-14.2.0/release/release_new/new.10/lib/python3.13/site-packages:/cvmfs/sphenix.sdcc.bnl.gov/alma9.2-gcc-14.2.0/opt/sphenix/core/lib/python3.13/site-packages:/cvmfs/sphenix.sdcc.bnl.gov/alma9.2-gcc-14.2.0/opt/sphenix/core/root-6.32.06/lib
USER=samfred
_CONDOR_JOB_PIDS=
TEMP=/tmp
GOMAXPROCS=1
OFFLINE_MAIN=/cvmfs/sphenix.sdcc.bnl.gov/alma9.2-gcc-14.2.0/release/release_new/new.10
SHLVL=1
TF_NUM_THREADS=1
G4SAIDXSDATA=/cvmfs/sphenix.sdcc.bnl.gov/alma9.2-gcc-14.2.0/opt/sphenix/core/geant4.10.07.p04/share/Geant4-10.7.4/data/G4SAIDDATA2.0
APPTAINER_CACHEDIR=/home/condor/local/sphnx/execute/dir_2452490
ROOTSYS=/cvmfs/sphenix.sdcc.bnl.gov/alma9.2-gcc-14.2.0/opt/sphenix/core/root-6.32.06
BATCH_SYSTEM=HTCondor
_CONDOR_SLOT=slot1_69
LD_LIBRARY_PATH=/sphenix/user/samfred/run25/install//lib:/cvmfs/sphenix.sdcc.bnl.gov/alma9.2-gcc-14.2.0/opt/sphenix/core/gcc/14.2.0-2f0a0/x86_64-el9/lib:/cvmfs/sphenix.sdcc.bnl.gov/alma9.2-gcc-14.2.0/opt/sphenix/core/gcc/14.2.0-2f0a0/x86_64-el9/lib64:/cvmfs/sphenix.sdcc.bnl.gov/alma9.2-gcc-14.2.0/opt/sphenix/core/binutils/2.40-acaab/x86_64-el9/lib:.:/cvmfs/sphenix.sdcc.bnl.gov/alma9.2-gcc-14.2.0/release/release_new/new.10/lib64:/cvmfs/sphenix.sdcc.bnl.gov/alma9.2-gcc-14.2.0/release/release_new/new.10/lib:/cvmfs/sphenix.sdcc.bnl.gov/alma9.2-gcc-14.2.0/opt/sphenix/utils/lib:/cvmfs/sphenix.sdcc.bnl.gov/alma9.2-gcc-14.2.0/opt/sphenix/core/lib:/cvmfs/sphenix.sdcc.bnl.gov/alma9.2-gcc-14.2.0/opt/sphenix/core/root-6.32.06/lib:/cvmfs/sphenix.sdcc.bnl.gov/alma9.2-gcc-14.2.0/opt/sphenix/core/geant4.10.07.p04/lib64:/cvmfs/sphenix.sdcc.bnl.gov/alma9.2-gcc-14.2.0/opt/sphenix/core/lhapdf-5.9.1/lib:/usr/local/lib64:/usr/lib64
OPT_SPHENIX=/cvmfs/sphenix.sdcc.bnl.gov/alma9.2-gcc-14.2.0/opt/sphenix/core
TF_LOOP_PARALLEL_ITERATIONS=1
_CONDOR_ANCESTOR_317699=2452490:1759352752:2446911822
EVT_LIB=/cvmfs/sphenix.sdcc.bnl.gov/alma9.2-gcc-14.2.0/opt/sphenix/core/root-6.32.06/lib
PGHOST=sphnxdbmaster.sdcc.bnl.gov
OMP_NUM_THREADS=1
G4REALSURFACEDATA=/cvmfs/sphenix.sdcc.bnl.gov/alma9.2-gcc-14.2.0/opt/sphenix/core/geant4.10.07.p04/share/Geant4-10.7.4/data/RealSurface2.2
FC=/cvmfs/sphenix.sdcc.bnl.gov/alma9.2-gcc-14.2.0/opt/sphenix/core/gcc/14.2.0-2f0a0/x86_64-el9/bin/gfortran
G4ABLADATA=/cvmfs/sphenix.sdcc.bnl.gov/alma9.2-gcc-14.2.0/opt/sphenix/core/geant4.10.07.p04/share/Geant4-10.7.4/data/G4ABLA3.1
PARASOFT=doesnotexist
TMP=/tmp
OPT_UTILS=/cvmfs/sphenix.sdcc.bnl.gov/alma9.2-gcc-14.2.0/opt/sphenix/utils
CONFIG_SITE=/cvmfs/sphenix.sdcc.bnl.gov/alma9.2-gcc-14.2.0/opt/sphenix/core/etc/config.site
PATH=/sphenix/user/samfred/run25/install//bin:/cvmfs/sphenix.sdcc.bnl.gov/alma9.2-gcc-14.2.0/opt/sphenix/core/gcc/14.2.0-2f0a0/x86_64-el9/bin:/cvmfs/sphenix.sdcc.bnl.gov/alma9.2-gcc-14.2.0/opt/sphenix/core/binutils/2.40-acaab/x86_64-el9/bin:.:/cvmfs/sphenix.sdcc.bnl.gov/alma9.2-gcc-14.2.0/release/release_new/new.10/bin:/cvmfs/sphenix.sdcc.bnl.gov/alma9.2-gcc-14.2.0/opt/sphenix/utils/bin:/cvmfs/sphenix.sdcc.bnl.gov/alma9.2-gcc-14.2.0/opt/sphenix/core/bin:/cvmfs/sphenix.sdcc.bnl.gov/alma9.2-gcc-14.2.0/opt/sphenix/core/root-6.32.06/bin:/cvmfs/sphenix.sdcc.bnl.gov/alma9.2-gcc-14.2.0/opt/sphenix/core/geant4.10.07.p04/bin:/usr/local/bin:/usr/bin:/usr/local/sbin:/usr/sbin
G4LEVELGAMMADATA=/cvmfs/sphenix.sdcc.bnl.gov/alma9.2-gcc-14.2.0/opt/sphenix/core/geant4.10.07.p04/share/Geant4-10.7.4/data/PhotonEvaporation5.7
CC=/cvmfs/sphenix.sdcc.bnl.gov/alma9.2-gcc-14.2.0/opt/sphenix/core/gcc/14.2.0-2f0a0/x86_64-el9/bin/gcc
G4RADIOACTIVEDATA=/cvmfs/sphenix.sdcc.bnl.gov/alma9.2-gcc-14.2.0/opt/sphenix/core/geant4.10.07.p04/share/Geant4-10.7.4/data/RadioactiveDecay5.6
JULIA_NUM_THREADS=1
MKL_NUM_THREADS=1
LHAPDF_DATA_PATH=/cvmfs/sphenix.sdcc.bnl.gov/alma9.2-gcc-14.2.0/release/release_new/new.10/share/LHAPDF
XPLOAD_CONFIG_DIR=/cvmfs/sphenix.sdcc.bnl.gov/alma9.2-gcc-14.2.0/opt/sphenix/core/etc
OLDPWD=/cvmfs/sphenix.sdcc.bnl.gov/alma9.2-gcc-14.2.0/release/release_new/new.10/geant4
_=/usr/bin/printenv
runnumber...
53365
trigger...

   ------------------------------------------------------------------
  | Welcome to ROOT 6.32.06                        https://root.cern |
  | (c) 1995-2024, The ROOT Team; conception: R. Brun, F. Rademakers |
  | Built for linuxx8664gcc on Dec 13 2024, 17:23:48                 |
  | From tags/6-32-06@6-32-06                                        |
  | With g++ (GCC) 14.2.0                                            |
  | Try '.help'/'.?', '.demo', '.license', '.credits', '.quit'/'.q'  |
   ------------------------------------------------------------------


Processing data_histmaker.C(53365)...
entry 3000/10373340 (0.0289203%)
entry 4000/10373340 (0.0385604%)
entry 7000/10373340 (0.0674807%)
entry 8000/10373340 (0.0771208%)
entry 9000/10373340 (0.0867609%)
entry 11000/10373340 (0.106041%)
entry 12000/10373340 (0.115681%)
entry 14000/10373340 (0.134961%)
entry 15000/10373340 (0.144601%)
entry 17000/10373340 (0.163882%)
entry 20000/10373340 (0.192802%)
entry 21000/10373340 (0.202442%)
entry 22000/10373340 (0.212082%)
entry 25000/10373340 (0.241002%)
entry 27000/10373340 (0.260283%)
entry 28000/10373340 (0.269923%)
entry 30000/10373340 (0.289203%)
entry 31000/10373340 (0.298843%)
entry 32000/10373340 (0.308483%)
entry 33000/10373340 (0.318123%)
entry 37000/10373340 (0.356684%)
entry 38000/10373340 (0.366324%)
entry 39000/10373340 (0.375964%)
entry 40000/10373340 (0.385604%)
entry 41000/10373340 (0.395244%)
entry 42000/10373340 (0.404884%)
entry 46000/10373340 (0.443444%)
entry 47000/10373340 (0.453085%)
entry 48000/10373340 (0.462725%)
entry 49000/10373340 (0.472365%)
entry 50000/10373340 (0.482005%)
entry 51000/10373340 (0.491645%)
entry 52000/10373340 (0.501285%)
entry 53000/10373340 (0.510925%)
entry 55000/10373340 (0.530205%)
entry 56000/10373340 (0.539845%)
entry 57000/10373340 (0.549485%)
entry 58000/10373340 (0.559126%)
entry 59000/10373340 (0.568766%)
entry 62000/10373340 (0.597686%)
entry 64000/10373340 (0.616966%)
entry 65000/10373340 (0.626606%)
entry 66000/10373340 (0.636246%)
entry 70000/10373340 (0.674807%)
entry 71000/10373340 (0.684447%)
entry 72000/10373340 (0.694087%)
entry 73000/10373340 (0.703727%)
entry 74000/10373340 (0.713367%)
entry 78000/10373340 (0.751928%)
entry 79000/10373340 (0.761568%)
entry 82000/10373340 (0.790488%)
entry 83000/10373340 (0.800128%)
entry 86000/10373340 (0.829048%)
entry 88000/10373340 (0.848329%)
entry 89000/10373340 (0.857969%)
entry 90000/10373340 (0.867609%)
entry 91000/10373340 (0.877249%)
entry 92000/10373340 (0.886889%)
entry 93000/10373340 (0.896529%)
entry 94000/10373340 (0.906169%)
entry 95000/10373340 (0.915809%)
entry 96000/10373340 (0.925449%)
entry 101000/10373340 (0.97365%)
entry 105000/10373340 (1.01221%)
entry 107000/10373340 (1.03149%)
entry 109000/10373340 (1.05077%)
entry 113000/10373340 (1.08933%)
entry 114000/10373340 (1.09897%)
entry 115000/10373340 (1.10861%)
entry 117000/10373340 (1.12789%)
entry 119000/10373340 (1.14717%)
entry 120000/10373340 (1.15681%)
entry 121000/10373340 (1.16645%)
entry 123000/10373340 (1.18573%)
entry 128000/10373340 (1.23393%)
entry 132000/10373340 (1.27249%)
entry 134000/10373340 (1.29177%)
entry 136000/10373340 (1.31105%)
entry 138000/10373340 (1.33033%)
entry 139000/10373340 (1.33997%)
entry 141000/10373340 (1.35925%)
entry 142000/10373340 (1.36889%)
entry 143000/10373340 (1.37853%)
entry 144000/10373340 (1.38817%)
entry 145000/10373340 (1.39781%)
entry 146000/10373340 (1.40745%)
entry 147000/10373340 (1.41709%)
entry 148000/10373340 (1.42673%)
entry 153000/10373340 (1.47493%)
entry 154000/10373340 (1.48457%)
entry 155000/10373340 (1.49421%)
entry 156000/10373340 (1.50386%)
entry 157000/10373340 (1.5135%)
entry 160000/10373340 (1.54242%)
entry 162000/10373340 (1.5617%)
entry 167000/10373340 (1.6099%)
entry 168000/10373340 (1.61954%)
entry 169000/10373340 (1.62918%)
entry 170000/10373340 (1.63882%)
entry 171000/10373340 (1.64846%)
entry 172000/10373340 (1.6581%)
entry 173000/10373340 (1.66774%)
entry 176000/10373340 (1.69666%)
entry 178000/10373340 (1.71594%)
entry 181000/10373340 (1.74486%)
entry 182000/10373340 (1.7545%)
entry 183000/10373340 (1.76414%)
entry 185000/10373340 (1.78342%)
entry 187000/10373340 (1.8027%)
entry 188000/10373340 (1.81234%)
entry 191000/10373340 (1.84126%)
entry 192000/10373340 (1.8509%)
entry 193000/10373340 (1.86054%)
entry 194000/10373340 (1.87018%)
entry 197000/10373340 (1.8991%)
entry 199000/10373340 (1.91838%)
entry 201000/10373340 (1.93766%)
entry 204000/10373340 (1.96658%)
entry 206000/10373340 (1.98586%)
entry 207000/10373340 (1.9955%)
entry 210000/10373340 (2.02442%)
entry 211000/10373340 (2.03406%)
entry 212000/10373340 (2.0437%)
entry 214000/10373340 (2.06298%)
entry 216000/10373340 (2.08226%)
entry 217000/10373340 (2.0919%)
entry 218000/10373340 (2.10154%)
entry 219000/10373340 (2.11118%)
entry 222000/10373340 (2.1401%)
entry 223000/10373340 (2.14974%)
entry 224000/10373340 (2.15938%)
entry 226000/10373340 (2.17866%)
entry 227000/10373340 (2.1883%)
entry 229000/10373340 (2.20758%)
entry 234000/10373340 (2.25578%)
entry 236000/10373340 (2.27506%)
entry 238000/10373340 (2.29434%)
entry 240000/10373340 (2.31362%)
entry 242000/10373340 (2.3329%)
entry 244000/10373340 (2.35218%)
entry 245000/10373340 (2.36182%)
entry 246000/10373340 (2.37146%)
entry 247000/10373340 (2.3811%)
entry 248000/10373340 (2.39074%)
entry 249000/10373340 (2.40038%)
entry 250000/10373340 (2.41002%)
entry 252000/10373340 (2.4293%)
entry 256000/10373340 (2.46786%)
entry 262000/10373340 (2.52571%)
entry 263000/10373340 (2.53535%)
entry 265000/10373340 (2.55463%)
entry 266000/10373340 (2.56427%)
entry 268000/10373340 (2.58355%)
entry 269000/10373340 (2.59319%)
entry 273000/10373340 (2.63175%)
entry 275000/10373340 (2.65103%)
entry 276000/10373340 (2.66067%)
entry 277000/10373340 (2.67031%)
entry 278000/10373340 (2.67995%)
entry 279000/10373340 (2.68959%)
entry 280000/10373340 (2.69923%)
entry 281000/10373340 (2.70887%)
entry 283000/10373340 (2.72815%)
entry 284000/10373340 (2.73779%)
entry 285000/10373340 (2.74743%)
entry 286000/10373340 (2.75707%)
entry 289000/10373340 (2.78599%)
entry 290000/10373340 (2.79563%)
entry 295000/10373340 (2.84383%)
entry 296000/10373340 (2.85347%)
entry 298000/10373340 (2.87275%)
entry 300000/10373340 (2.89203%)
entry 302000/10373340 (2.91131%)
entry 304000/10373340 (2.93059%)
entry 305000/10373340 (2.94023%)
entry 306000/10373340 (2.94987%)
entry 308000/10373340 (2.96915%)
entry 309000/10373340 (2.97879%)
entry 311000/10373340 (2.99807%)
entry 315000/10373340 (3.03663%)
entry 316000/10373340 (3.04627%)
entry 317000/10373340 (3.05591%)
entry 319000/10373340 (3.07519%)
entry 322000/10373340 (3.10411%)
entry 323000/10373340 (3.11375%)
entry 324000/10373340 (3.12339%)
entry 325000/10373340 (3.13303%)
entry 327000/10373340 (3.15231%)
entry 328000/10373340 (3.16195%)
entry 329000/10373340 (3.17159%)
entry 332000/10373340 (3.20051%)
entry 333000/10373340 (3.21015%)
entry 335000/10373340 (3.22943%)
entry 338000/10373340 (3.25835%)
entry 339000/10373340 (3.26799%)
entry 340000/10373340 (3.27763%)
entry 342000/10373340 (3.29691%)
entry 343000/10373340 (3.30655%)
entry 344000/10373340 (3.31619%)
entry 346000/10373340 (3.33547%)
entry 347000/10373340 (3.34511%)
entry 348000/10373340 (3.35475%)
entry 351000/10373340 (3.38367%)
entry 356000/10373340 (3.43187%)
entry 358000/10373340 (3.45115%)
entry 359000/10373340 (3.46079%)
entry 360000/10373340 (3.47043%)
entry 362000/10373340 (3.48971%)
entry 367000/10373340 (3.53792%)
entry 369000/10373340 (3.5572%)
entry 370000/10373340 (3.56684%)
entry 372000/10373340 (3.58612%)
entry 373000/10373340 (3.59576%)
entry 374000/10373340 (3.6054%)
entry 375000/10373340 (3.61504%)
entry 376000/10373340 (3.62468%)
entry 377000/10373340 (3.63432%)
entry 378000/10373340 (3.64396%)
entry 380000/10373340 (3.66324%)
entry 381000/10373340 (3.67288%)
entry 383000/10373340 (3.69216%)
entry 384000/10373340 (3.7018%)
entry 386000/10373340 (3.72108%)
entry 389000/10373340 (3.75%)
entry 390000/10373340 (3.75964%)
entry 391000/10373340 (3.76928%)
entry 392000/10373340 (3.77892%)
entry 394000/10373340 (3.7982%)
entry 396000/10373340 (3.81748%)
entry 397000/10373340 (3.82712%)
entry 398000/10373340 (3.83676%)
entry 401000/10373340 (3.86568%)
entry 402000/10373340 (3.87532%)
entry 403000/10373340 (3.88496%)
entry 404000/10373340 (3.8946%)
entry 408000/10373340 (3.93316%)
entry 410000/10373340 (3.95244%)
entry 411000/10373340 (3.96208%)
entry 412000/10373340 (3.97172%)
entry 414000/10373340 (3.991%)
entry 416000/10373340 (4.01028%)
entry 417000/10373340 (4.01992%)
entry 418000/10373340 (4.02956%)
entry 419000/10373340 (4.0392%)
entry 420000/10373340 (4.04884%)
entry 421000/10373340 (4.05848%)
entry 422000/10373340 (4.06812%)
entry 424000/10373340 (4.0874%)
entry 426000/10373340 (4.10668%)
entry 428000/10373340 (4.12596%)
entry 429000/10373340 (4.1356%)
entry 430000/10373340 (4.14524%)
entry 431000/10373340 (4.15488%)
entry 432000/10373340 (4.16452%)
entry 434000/10373340 (4.1838%)
entry 435000/10373340 (4.19344%)
entry 437000/10373340 (4.21272%)
entry 439000/10373340 (4.232%)
entry 441000/10373340 (4.25128%)
entry 442000/10373340 (4.26092%)
entry 444000/10373340 (4.2802%)
entry 446000/10373340 (4.29948%)
entry 449000/10373340 (4.3284%)
entry 450000/10373340 (4.33804%)
entry 452000/10373340 (4.35732%)
entry 454000/10373340 (4.3766%)
entry 456000/10373340 (4.39588%)
entry 457000/10373340 (4.40552%)
entry 458000/10373340 (4.41516%)
entry 459000/10373340 (4.4248%)
entry 460000/10373340 (4.43444%)
entry 462000/10373340 (4.45372%)
entry 465000/10373340 (4.48264%)
entry 466000/10373340 (4.49229%)
entry 467000/10373340 (4.50193%)
entry 468000/10373340 (4.51157%)
entry 469000/10373340 (4.52121%)
entry 470000/10373340 (4.53085%)
entry 471000/10373340 (4.54049%)
entry 473000/10373340 (4.55977%)
entry 475000/10373340 (4.57905%)
entry 476000/10373340 (4.58869%)
entry 479000/10373340 (4.61761%)
entry 480000/10373340 (4.62725%)
entry 482000/10373340 (4.64653%)
entry 484000/10373340 (4.66581%)
entry 485000/10373340 (4.67545%)
entry 487000/10373340 (4.69473%)
entry 488000/10373340 (4.70437%)
entry 489000/10373340 (4.71401%)
entry 490000/10373340 (4.72365%)
entry 491000/10373340 (4.73329%)
entry 493000/10373340 (4.75257%)
entry 494000/10373340 (4.76221%)
entry 495000/10373340 (4.77185%)
entry 496000/10373340 (4.78149%)
entry 497000/10373340 (4.79113%)
entry 500000/10373340 (4.82005%)
entry 501000/10373340 (4.82969%)
entry 502000/10373340 (4.83933%)
entry 503000/10373340 (4.84897%)
entry 505000/10373340 (4.86825%)
entry 507000/10373340 (4.88753%)
entry 508000/10373340 (4.89717%)
entry 509000/10373340 (4.90681%)
entry 510000/10373340 (4.91645%)
entry 511000/10373340 (4.92609%)
entry 516000/10373340 (4.97429%)
entry 517000/10373340 (4.98393%)
entry 518000/10373340 (4.99357%)
entry 519000/10373340 (5.00321%)
entry 524000/10373340 (5.05141%)
entry 526000/10373340 (5.07069%)
entry 530000/10373340 (5.10925%)
entry 531000/10373340 (5.11889%)
entry 532000/10373340 (5.12853%)
entry 534000/10373340 (5.14781%)
entry 535000/10373340 (5.15745%)
entry 537000/10373340 (5.17673%)
entry 539000/10373340 (5.19601%)
entry 540000/10373340 (5.20565%)
entry 541000/10373340 (5.21529%)
entry 543000/10373340 (5.23457%)
entry 544000/10373340 (5.24421%)
entry 546000/10373340 (5.26349%)
entry 547000/10373340 (5.27313%)
entry 548000/10373340 (5.28277%)
entry 549000/10373340 (5.29241%)
entry 550000/10373340 (5.30205%)
entry 556000/10373340 (5.35989%)
entry 557000/10373340 (5.36953%)
entry 558000/10373340 (5.37917%)
entry 559000/10373340 (5.38881%)
entry 560000/10373340 (5.39845%)
entry 562000/10373340 (5.41773%)
entry 564000/10373340 (5.43701%)
entry 565000/10373340 (5.44665%)
entry 566000/10373340 (5.45629%)
entry 567000/10373340 (5.46593%)
entry 568000/10373340 (5.47557%)
entry 572000/10373340 (5.51414%)
entry 573000/10373340 (5.52378%)
entry 574000/10373340 (5.53342%)
entry 575000/10373340 (5.54306%)
entry 576000/10373340 (5.5527%)
entry 577000/10373340 (5.56234%)
entry 578000/10373340 (5.57198%)
entry 582000/10373340 (5.61054%)
entry 583000/10373340 (5.62018%)
entry 586000/10373340 (5.6491%)
entry 587000/10373340 (5.65874%)
entry 589000/10373340 (5.67802%)
entry 590000/10373340 (5.68766%)
entry 591000/10373340 (5.6973%)
entry 593000/10373340 (5.71658%)
entry 598000/10373340 (5.76478%)
entry 600000/10373340 (5.78406%)
entry 601000/10373340 (5.7937%)
entry 602000/10373340 (5.80334%)
entry 603000/10373340 (5.81298%)
entry 604000/10373340 (5.82262%)
entry 605000/10373340 (5.83226%)
entry 607000/10373340 (5.85154%)
entry 609000/10373340 (5.87082%)
entry 610000/10373340 (5.88046%)
entry 611000/10373340 (5.8901%)
entry 613000/10373340 (5.90938%)
entry 614000/10373340 (5.91902%)
entry 615000/10373340 (5.92866%)
entry 617000/10373340 (5.94794%)
entry 620000/10373340 (5.97686%)
entry 621000/10373340 (5.9865%)
entry 622000/10373340 (5.99614%)
entry 623000/10373340 (6.00578%)
entry 626000/10373340 (6.0347%)
entry 627000/10373340 (6.04434%)
entry 628000/10373340 (6.05398%)
entry 632000/10373340 (6.09254%)
entry 633000/10373340 (6.10218%)
entry 634000/10373340 (6.11182%)
entry 635000/10373340 (6.12146%)
entry 637000/10373340 (6.14074%)
entry 639000/10373340 (6.16002%)
entry 640000/10373340 (6.16966%)
entry 641000/10373340 (6.1793%)
entry 643000/10373340 (6.19858%)
entry 644000/10373340 (6.20822%)
entry 646000/10373340 (6.2275%)
entry 648000/10373340 (6.24678%)
entry 649000/10373340 (6.25642%)
entry 650000/10373340 (6.26606%)
entry 651000/10373340 (6.2757%)
entry 656000/10373340 (6.3239%)
entry 657000/10373340 (6.33354%)
entry 659000/10373340 (6.35282%)
entry 660000/10373340 (6.36246%)
entry 661000/10373340 (6.3721%)
entry 662000/10373340 (6.38174%)
entry 663000/10373340 (6.39138%)
entry 665000/10373340 (6.41066%)
entry 666000/10373340 (6.4203%)
entry 668000/10373340 (6.43958%)
entry 669000/10373340 (6.44922%)
entry 670000/10373340 (6.45887%)
entry 671000/10373340 (6.4685%)
entry 672000/10373340 (6.47814%)
entry 673000/10373340 (6.48779%)
entry 674000/10373340 (6.49742%)
entry 675000/10373340 (6.50707%)
entry 676000/10373340 (6.51671%)
entry 677000/10373340 (6.52635%)
entry 678000/10373340 (6.53599%)
entry 682000/10373340 (6.57455%)
entry 683000/10373340 (6.58419%)
entry 685000/10373340 (6.60347%)
entry 686000/10373340 (6.61311%)
entry 687000/10373340 (6.62275%)
entry 690000/10373340 (6.65167%)
entry 691000/10373340 (6.66131%)
entry 693000/10373340 (6.68059%)
entry 695000/10373340 (6.69987%)
entry 696000/10373340 (6.70951%)
entry 697000/10373340 (6.71915%)
entry 698000/10373340 (6.72879%)
entry 699000/10373340 (6.73843%)
entry 702000/10373340 (6.76735%)
entry 705000/10373340 (6.79627%)
entry 706000/10373340 (6.80591%)
entry 708000/10373340 (6.82519%)
entry 712000/10373340 (6.86375%)
entry 713000/10373340 (6.87339%)
entry 714000/10373340 (6.88303%)
entry 717000/10373340 (6.91195%)
entry 718000/10373340 (6.92159%)
entry 719000/10373340 (6.93123%)
entry 720000/10373340 (6.94087%)
entry 725000/10373340 (6.98907%)
entry 727000/10373340 (7.00835%)
entry 728000/10373340 (7.01799%)
entry 730000/10373340 (7.03727%)
entry 731000/10373340 (7.04691%)
entry 733000/10373340 (7.06619%)
entry 734000/10373340 (7.07583%)
entry 737000/10373340 (7.10475%)
entry 739000/10373340 (7.12403%)
entry 740000/10373340 (7.13367%)
entry 741000/10373340 (7.14331%)
entry 743000/10373340 (7.16259%)
entry 745000/10373340 (7.18187%)
entry 746000/10373340 (7.19151%)
entry 748000/10373340 (7.21079%)
entry 749000/10373340 (7.22043%)
entry 751000/10373340 (7.23971%)
entry 753000/10373340 (7.25899%)
entry 754000/10373340 (7.26863%)
entry 755000/10373340 (7.27827%)
entry 756000/10373340 (7.28791%)
entry 757000/10373340 (7.29755%)
entry 758000/10373340 (7.30719%)
entry 760000/10373340 (7.32647%)
entry 765000/10373340 (7.37467%)
entry 766000/10373340 (7.38431%)
entry 767000/10373340 (7.39395%)
entry 768000/10373340 (7.40359%)
entry 770000/10373340 (7.42287%)
entry 773000/10373340 (7.4518%)
entry 774000/10373340 (7.46143%)
entry 776000/10373340 (7.48072%)
entry 777000/10373340 (7.49035%)
entry 778000/10373340 (7.5%)
entry 779000/10373340 (7.50964%)
entry 780000/10373340 (7.51928%)
entry 781000/10373340 (7.52892%)
entry 784000/10373340 (7.55784%)
entry 786000/10373340 (7.57712%)
entry 791000/10373340 (7.62532%)
entry 792000/10373340 (7.63496%)
entry 793000/10373340 (7.6446%)
entry 794000/10373340 (7.65424%)
entry 795000/10373340 (7.66388%)
entry 797000/10373340 (7.68316%)
entry 798000/10373340 (7.6928%)
entry 799000/10373340 (7.70244%)
entry 802000/10373340 (7.73136%)
entry 803000/10373340 (7.741%)
entry 804000/10373340 (7.75064%)
entry 806000/10373340 (7.76992%)
entry 807000/10373340 (7.77956%)
entry 810000/10373340 (7.80848%)
entry 812000/10373340 (7.82776%)
entry 814000/10373340 (7.84704%)
entry 817000/10373340 (7.87596%)
entry 819000/10373340 (7.89524%)
entry 820000/10373340 (7.90488%)
entry 823000/10373340 (7.9338%)
entry 824000/10373340 (7.94344%)
entry 826000/10373340 (7.96272%)
entry 828000/10373340 (7.982%)
entry 829000/10373340 (7.99164%)
entry 830000/10373340 (8.00128%)
entry 831000/10373340 (8.01092%)
entry 832000/10373340 (8.02056%)
entry 833000/10373340 (8.0302%)
entry 834000/10373340 (8.03984%)
entry 836000/10373340 (8.05912%)
entry 838000/10373340 (8.0784%)
entry 839000/10373340 (8.08804%)
entry 840000/10373340 (8.09768%)
entry 841000/10373340 (8.10732%)
entry 842000/10373340 (8.11696%)
entry 845000/10373340 (8.14588%)
entry 847000/10373340 (8.16516%)
entry 849000/10373340 (8.18444%)
entry 850000/10373340 (8.19408%)
entry 851000/10373340 (8.20372%)
entry 852000/10373340 (8.21336%)
entry 853000/10373340 (8.223%)
entry 854000/10373340 (8.23264%)
entry 855000/10373340 (8.24228%)
entry 856000/10373340 (8.25192%)
entry 857000/10373340 (8.26156%)
entry 858000/10373340 (8.2712%)
entry 864000/10373340 (8.32904%)
entry 865000/10373340 (8.33868%)
entry 866000/10373340 (8.34832%)
entry 868000/10373340 (8.3676%)
entry 870000/10373340 (8.38688%)
entry 871000/10373340 (8.39652%)
entry 873000/10373340 (8.4158%)
entry 876000/10373340 (8.44472%)
entry 877000/10373340 (8.45436%)
entry 878000/10373340 (8.464%)
entry 880000/10373340 (8.48328%)
entry 881000/10373340 (8.49293%)
entry 884000/10373340 (8.52185%)
entry 885000/10373340 (8.53149%)
entry 889000/10373340 (8.57005%)
entry 891000/10373340 (8.58933%)
entry 892000/10373340 (8.59897%)
entry 894000/10373340 (8.61825%)
entry 895000/10373340 (8.62789%)
entry 896000/10373340 (8.63753%)
entry 897000/10373340 (8.64717%)
entry 898000/10373340 (8.65681%)
entry 900000/10373340 (8.67609%)
entry 901000/10373340 (8.68573%)
entry 903000/10373340 (8.70501%)
entry 905000/10373340 (8.72429%)
entry 906000/10373340 (8.73393%)
entry 909000/10373340 (8.76285%)
entry 910000/10373340 (8.77249%)
entry 911000/10373340 (8.78213%)
entry 913000/10373340 (8.80141%)
entry 915000/10373340 (8.82069%)
entry 916000/10373340 (8.83033%)
entry 917000/10373340 (8.83997%)
entry 919000/10373340 (8.85925%)
entry 923000/10373340 (8.89781%)
entry 927000/10373340 (8.93637%)
entry 929000/10373340 (8.95565%)
entry 931000/10373340 (8.97493%)
entry 932000/10373340 (8.98457%)
entry 934000/10373340 (9.00385%)
entry 936000/10373340 (9.02313%)
entry 942000/10373340 (9.08097%)
entry 946000/10373340 (9.11953%)
entry 948000/10373340 (9.13881%)
entry 949000/10373340 (9.14845%)
entry 952000/10373340 (9.17737%)
entry 954000/10373340 (9.19665%)
entry 955000/10373340 (9.20629%)
entry 957000/10373340 (9.22557%)
entry 958000/10373340 (9.23521%)
entry 960000/10373340 (9.25449%)
entry 961000/10373340 (9.26413%)
entry 962000/10373340 (9.27377%)
entry 965000/10373340 (9.30269%)
entry 967000/10373340 (9.32197%)
entry 968000/10373340 (9.33161%)
entry 969000/10373340 (9.34125%)
entry 970000/10373340 (9.35089%)
entry 971000/10373340 (9.36053%)
entry 972000/10373340 (9.37017%)
entry 973000/10373340 (9.37981%)
entry 977000/10373340 (9.41837%)
entry 978000/10373340 (9.42801%)
entry 980000/10373340 (9.44729%)
entry 981000/10373340 (9.45693%)
entry 983000/10373340 (9.47621%)
entry 984000/10373340 (9.48585%)
entry 985000/10373340 (9.4955%)
entry 987000/10373340 (9.51478%)
entry 988000/10373340 (9.52442%)
entry 989000/10373340 (9.53406%)
entry 991000/10373340 (9.55334%)
entry 992000/10373340 (9.56298%)
entry 993000/10373340 (9.57262%)
entry 997000/10373340 (9.61118%)
entry 998000/10373340 (9.62082%)
entry 999000/10373340 (9.63046%)
entry 1001000/10373340 (9.64974%)
entry 1002000/10373340 (9.65938%)
entry 1003000/10373340 (9.66902%)
entry 1005000/10373340 (9.6883%)
entry 1007000/10373340 (9.70758%)
entry 1009000/10373340 (9.72686%)
entry 1010000/10373340 (9.7365%)
entry 1011000/10373340 (9.74614%)
entry 1012000/10373340 (9.75578%)
entry 1013000/10373340 (9.76542%)
entry 1015000/10373340 (9.7847%)
entry 1016000/10373340 (9.79434%)
entry 1017000/10373340 (9.80398%)
entry 1018000/10373340 (9.81362%)
entry 1022000/10373340 (9.85218%)
entry 1023000/10373340 (9.86182%)
entry 1026000/10373340 (9.89074%)
entry 1027000/10373340 (9.90038%)
entry 1031000/10373340 (9.93894%)
entry 1032000/10373340 (9.94858%)
entry 1033000/10373340 (9.95822%)
entry 1035000/10373340 (9.9775%)
entry 1037000/10373340 (9.99678%)
entry 1041000/10373340 (10.0353%)
entry 1044000/10373340 (10.0643%)
entry 1045000/10373340 (10.0739%)
entry 1046000/10373340 (10.0835%)
entry 1048000/10373340 (10.1028%)
entry 1049000/10373340 (10.1125%)
entry 1050000/10373340 (10.1221%)
entry 1051000/10373340 (10.1317%)
entry 1052000/10373340 (10.1414%)
entry 1053000/10373340 (10.151%)
entry 1055000/10373340 (10.1703%)
entry 1057000/10373340 (10.1896%)
entry 1059000/10373340 (10.2089%)
entry 1061000/10373340 (10.2281%)
entry 1063000/10373340 (10.2474%)
entry 1065000/10373340 (10.2667%)
entry 1066000/10373340 (10.2763%)
entry 1067000/10373340 (10.286%)
entry 1068000/10373340 (10.2956%)
entry 1073000/10373340 (10.3438%)
entry 1074000/10373340 (10.3535%)
entry 1076000/10373340 (10.3727%)
entry 1077000/10373340 (10.3824%)
entry 1079000/10373340 (10.4017%)
entry 1084000/10373340 (10.4499%)
entry 1085000/10373340 (10.4595%)
entry 1086000/10373340 (10.4691%)
entry 1089000/10373340 (10.4981%)
entry 1090000/10373340 (10.5077%)
entry 1091000/10373340 (10.5173%)
entry 1094000/10373340 (10.5463%)
entry 1096000/10373340 (10.5655%)
entry 1098000/10373340 (10.5848%)
entry 1099000/10373340 (10.5945%)
entry 1102000/10373340 (10.6234%)
entry 1103000/10373340 (10.633%)
entry 1104000/10373340 (10.6427%)
entry 1106000/10373340 (10.6619%)
entry 1107000/10373340 (10.6716%)
entry 1108000/10373340 (10.6812%)
entry 1111000/10373340 (10.7101%)
entry 1113000/10373340 (10.7294%)
entry 1115000/10373340 (10.7487%)
entry 1116000/10373340 (10.7583%)
entry 1117000/10373340 (10.768%)
entry 1119000/10373340 (10.7873%)
entry 1120000/10373340 (10.7969%)
entry 1121000/10373340 (10.8065%)
entry 1122000/10373340 (10.8162%)
entry 1123000/10373340 (10.8258%)
entry 1127000/10373340 (10.8644%)
entry 1128000/10373340 (10.874%)
entry 1130000/10373340 (10.8933%)
entry 1131000/10373340 (10.9029%)
entry 1132000/10373340 (10.9126%)
entry 1134000/10373340 (10.9319%)
entry 1135000/10373340 (10.9415%)
entry 1136000/10373340 (10.9511%)
entry 1137000/10373340 (10.9608%)
entry 1138000/10373340 (10.9704%)
entry 1139000/10373340 (10.9801%)
entry 1141000/10373340 (10.9994%)
entry 1143000/10373340 (11.0186%)
entry 1145000/10373340 (11.0379%)
entry 1146000/10373340 (11.0476%)
entry 1148000/10373340 (11.0668%)
entry 1149000/10373340 (11.0765%)
entry 1150000/10373340 (11.0861%)
entry 1151000/10373340 (11.0958%)
entry 1155000/10373340 (11.1343%)
entry 1156000/10373340 (11.144%)
entry 1158000/10373340 (11.1632%)
entry 1160000/10373340 (11.1825%)
entry 1163000/10373340 (11.2114%)
entry 1164000/10373340 (11.2211%)
entry 1166000/10373340 (11.2404%)
entry 1167000/10373340 (11.25%)
entry 1168000/10373340 (11.2596%)
entry 1169000/10373340 (11.2693%)
entry 1170000/10373340 (11.2789%)
entry 1172000/10373340 (11.2982%)
entry 1175000/10373340 (11.3271%)
entry 1177000/10373340 (11.3464%)
entry 1178000/10373340 (11.356%)
entry 1181000/10373340 (11.385%)
entry 1183000/10373340 (11.4042%)
entry 1186000/10373340 (11.4332%)
entry 1187000/10373340 (11.4428%)
entry 1189000/10373340 (11.4621%)
entry 1190000/10373340 (11.4717%)
entry 1192000/10373340 (11.491%)
entry 1197000/10373340 (11.5392%)
entry 1198000/10373340 (11.5488%)
entry 1199000/10373340 (11.5585%)
entry 1200000/10373340 (11.5681%)
entry 1203000/10373340 (11.597%)
entry 1204000/10373340 (11.6067%)
entry 1205000/10373340 (11.6163%)
entry 1206000/10373340 (11.626%)
entry 1207000/10373340 (11.6356%)
entry 1210000/10373340 (11.6645%)
entry 1211000/10373340 (11.6742%)
entry 1213000/10373340 (11.6934%)
entry 1215000/10373340 (11.7127%)
entry 1216000/10373340 (11.7224%)
entry 1217000/10373340 (11.732%)
entry 1219000/10373340 (11.7513%)
entry 1220000/10373340 (11.7609%)
entry 1222000/10373340 (11.7802%)
entry 1224000/10373340 (11.7995%)
entry 1225000/10373340 (11.8091%)
entry 1226000/10373340 (11.8188%)
entry 1227000/10373340 (11.8284%)
entry 1232000/10373340 (11.8766%)
entry 1233000/10373340 (11.8862%)
entry 1234000/10373340 (11.8959%)
entry 1235000/10373340 (11.9055%)
entry 1236000/10373340 (11.9152%)
entry 1237000/10373340 (11.9248%)
entry 1238000/10373340 (11.9344%)
entry 1239000/10373340 (11.9441%)
entry 1241000/10373340 (11.9634%)
entry 1242000/10373340 (11.973%)
entry 1245000/10373340 (12.0019%)
entry 1246000/10373340 (12.0116%)
entry 1249000/10373340 (12.0405%)
entry 1250000/10373340 (12.0501%)
entry 1252000/10373340 (12.0694%)
entry 1253000/10373340 (12.079%)
entry 1254000/10373340 (12.0887%)
entry 1255000/10373340 (12.0983%)
entry 1256000/10373340 (12.108%)
entry 1259000/10373340 (12.1369%)
entry 1260000/10373340 (12.1465%)
entry 1261000/10373340 (12.1562%)
entry 1262000/10373340 (12.1658%)
entry 1268000/10373340 (12.2236%)
entry 1269000/10373340 (12.2333%)
entry 1270000/10373340 (12.2429%)
entry 1271000/10373340 (12.2526%)
entry 1272000/10373340 (12.2622%)
entry 1275000/10373340 (12.2911%)
entry 1276000/10373340 (12.3008%)
entry 1277000/10373340 (12.3104%)
entry 1278000/10373340 (12.32%)
entry 1279000/10373340 (12.3297%)
entry 1280000/10373340 (12.3393%)
entry 1281000/10373340 (12.349%)
entry 1283000/10373340 (12.3682%)
entry 1284000/10373340 (12.3779%)
entry 1285000/10373340 (12.3875%)
entry 1287000/10373340 (12.4068%)
entry 1289000/10373340 (12.4261%)
entry 1291000/10373340 (12.4454%)
entry 1292000/10373340 (12.455%)
entry 1295000/10373340 (12.4839%)
entry 1296000/10373340 (12.4936%)
entry 1297000/10373340 (12.5032%)
entry 1302000/10373340 (12.5514%)
entry 1303000/10373340 (12.561%)
entry 1304000/10373340 (12.5707%)
entry 1305000/10373340 (12.5803%)
entry 1306000/10373340 (12.59%)
entry 1309000/10373340 (12.6189%)
entry 1310000/10373340 (12.6285%)
entry 1313000/10373340 (12.6574%)
entry 1314000/10373340 (12.6671%)
entry 1318000/10373340 (12.7056%)
entry 1319000/10373340 (12.7153%)
entry 1320000/10373340 (12.7249%)
entry 1321000/10373340 (12.7346%)
entry 1323000/10373340 (12.7538%)
entry 1324000/10373340 (12.7635%)
entry 1326000/10373340 (12.7828%)
entry 1329000/10373340 (12.8117%)
entry 1331000/10373340 (12.831%)
entry 1332000/10373340 (12.8406%)
entry 1333000/10373340 (12.8502%)
entry 1335000/10373340 (12.8695%)
entry 1336000/10373340 (12.8792%)
entry 1337000/10373340 (12.8888%)
entry 1338000/10373340 (12.8984%)
entry 1339000/10373340 (12.9081%)
entry 1341000/10373340 (12.9274%)
entry 1343000/10373340 (12.9467%)
entry 1346000/10373340 (12.9756%)
entry 1347000/10373340 (12.9852%)
entry 1348000/10373340 (12.9948%)
entry 1351000/10373340 (13.0238%)
entry 1352000/10373340 (13.0334%)
entry 1353000/10373340 (13.0431%)
entry 1354000/10373340 (13.0527%)
entry 1355000/10373340 (13.0623%)
entry 1356000/10373340 (13.072%)
entry 1357000/10373340 (13.0816%)
entry 1358000/10373340 (13.0913%)
entry 1361000/10373340 (13.1202%)
entry 1363000/10373340 (13.1395%)
entry 1368000/10373340 (13.1877%)
entry 1369000/10373340 (13.1973%)
entry 1373000/10373340 (13.2359%)
entry 1374000/10373340 (13.2455%)
entry 1376000/10373340 (13.2648%)
entry 1378000/10373340 (13.2841%)
entry 1379000/10373340 (13.2937%)
entry 1381000/10373340 (13.313%)
entry 1382000/10373340 (13.3226%)
entry 1384000/10373340 (13.3419%)
entry 1387000/10373340 (13.3708%)
entry 1392000/10373340 (13.419%)
entry 1394000/10373340 (13.4383%)
entry 1397000/10373340 (13.4672%)
entry 1399000/10373340 (13.4865%)
entry 1401000/10373340 (13.5058%)
entry 1404000/10373340 (13.5347%)
entry 1407000/10373340 (13.5636%)
entry 1409000/10373340 (13.5829%)
entry 1410000/10373340 (13.5925%)
entry 1412000/10373340 (13.6118%)
entry 1413000/10373340 (13.6215%)
entry 1415000/10373340 (13.6407%)
entry 1416000/10373340 (13.6504%)
entry 1417000/10373340 (13.66%)
entry 1419000/10373340 (13.6793%)
entry 1420000/10373340 (13.6889%)
entry 1424000/10373340 (13.7275%)
entry 1427000/10373340 (13.7564%)
entry 1428000/10373340 (13.7661%)
entry 1429000/10373340 (13.7757%)
entry 1430000/10373340 (13.7853%)
entry 1432000/10373340 (13.8046%)
entry 1433000/10373340 (13.8143%)
entry 1435000/10373340 (13.8335%)
entry 1436000/10373340 (13.8432%)
entry 1437000/10373340 (13.8528%)
entry 1438000/10373340 (13.8625%)
entry 1439000/10373340 (13.8721%)
entry 1440000/10373340 (13.8817%)
entry 1441000/10373340 (13.8914%)
entry 1442000/10373340 (13.901%)
entry 1443000/10373340 (13.9107%)
entry 1445000/10373340 (13.9299%)
entry 1446000/10373340 (13.9396%)
entry 1448000/10373340 (13.9589%)
entry 1449000/10373340 (13.9685%)
entry 1450000/10373340 (13.9781%)
entry 1451000/10373340 (13.9878%)
entry 1453000/10373340 (14.0071%)
entry 1454000/10373340 (14.0167%)
entry 1457000/10373340 (14.0456%)
entry 1458000/10373340 (14.0553%)
entry 1460000/10373340 (14.0745%)
entry 1461000/10373340 (14.0842%)
entry 1462000/10373340 (14.0938%)
entry 1463000/10373340 (14.1035%)
entry 1464000/10373340 (14.1131%)
entry 1466000/10373340 (14.1324%)
entry 1468000/10373340 (14.1517%)
entry 1469000/10373340 (14.1613%)
entry 1473000/10373340 (14.1999%)
entry 1475000/10373340 (14.2191%)
entry 1478000/10373340 (14.2481%)
entry 1479000/10373340 (14.2577%)
entry 1481000/10373340 (14.277%)
entry 1483000/10373340 (14.2963%)
entry 1484000/10373340 (14.3059%)
entry 1485000/10373340 (14.3155%)
entry 1486000/10373340 (14.3252%)
entry 1487000/10373340 (14.3348%)
entry 1488000/10373340 (14.3445%)
entry 1489000/10373340 (14.3541%)
entry 1491000/10373340 (14.3734%)
entry 1493000/10373340 (14.3927%)
entry 1497000/10373340 (14.4312%)
entry 1498000/10373340 (14.4409%)
entry 1499000/10373340 (14.4505%)
entry 1502000/10373340 (14.4794%)
entry 1503000/10373340 (14.4891%)
entry 1505000/10373340 (14.5083%)
entry 1508000/10373340 (14.5373%)
entry 1509000/10373340 (14.5469%)
entry 1511000/10373340 (14.5662%)
entry 1513000/10373340 (14.5855%)
entry 1515000/10373340 (14.6047%)
entry 1518000/10373340 (14.6337%)
entry 1520000/10373340 (14.6529%)
entry 1521000/10373340 (14.6626%)
entry 1522000/10373340 (14.6722%)
entry 1526000/10373340 (14.7108%)
entry 1528000/10373340 (14.7301%)
entry 1530000/10373340 (14.7493%)
entry 1531000/10373340 (14.759%)
entry 1533000/10373340 (14.7783%)
entry 1535000/10373340 (14.7975%)
entry 1536000/10373340 (14.8072%)
entry 1537000/10373340 (14.8168%)
entry 1539000/10373340 (14.8361%)
entry 1540000/10373340 (14.8457%)
entry 1541000/10373340 (14.8554%)
entry 1543000/10373340 (14.8747%)
entry 1544000/10373340 (14.8843%)
entry 1545000/10373340 (14.8939%)
entry 1547000/10373340 (14.9132%)
entry 1551000/10373340 (14.9518%)
entry 1552000/10373340 (14.9614%)
entry 1553000/10373340 (14.9711%)
entry 1556000/10373340 (15%)
entry 1557000/10373340 (15.0096%)
entry 1562000/10373340 (15.0578%)
entry 1563000/10373340 (15.0675%)
entry 1565000/10373340 (15.0868%)
entry 1566000/10373340 (15.0964%)
entry 1568000/10373340 (15.1157%)
entry 1569000/10373340 (15.1253%)
entry 1573000/10373340 (15.1639%)
entry 1574000/10373340 (15.1735%)
entry 1576000/10373340 (15.1928%)
entry 1578000/10373340 (15.2121%)
entry 1580000/10373340 (15.2314%)
entry 1582000/10373340 (15.2506%)
entry 1586000/10373340 (15.2892%)
entry 1589000/10373340 (15.3181%)
entry 1590000/10373340 (15.3278%)
entry 1592000/10373340 (15.347%)
entry 1594000/10373340 (15.3663%)
entry 1596000/10373340 (15.3856%)
entry 1598000/10373340 (15.4049%)
entry 1599000/10373340 (15.4145%)
entry 1601000/10373340 (15.4338%)
entry 1602000/10373340 (15.4434%)
entry 1603000/10373340 (15.4531%)
entry 1607000/10373340 (15.4916%)
entry 1610000/10373340 (15.5206%)
entry 1611000/10373340 (15.5302%)
entry 1612000/10373340 (15.5398%)
entry 1613000/10373340 (15.5495%)
entry 1614000/10373340 (15.5591%)
entry 1615000/10373340 (15.5688%)
entry 1616000/10373340 (15.5784%)
entry 1618000/10373340 (15.5977%)
entry 1621000/10373340 (15.6266%)
entry 1622000/10373340 (15.6362%)
entry 1623000/10373340 (15.6459%)
entry 1624000/10373340 (15.6555%)
entry 1625000/10373340 (15.6652%)
entry 1629000/10373340 (15.7037%)
entry 1630000/10373340 (15.7134%)
entry 1631000/10373340 (15.723%)
entry 1633000/10373340 (15.7423%)
entry 1634000/10373340 (15.7519%)
entry 1635000/10373340 (15.7616%)
entry 1636000/10373340 (15.7712%)
entry 1637000/10373340 (15.7808%)
entry 1638000/10373340 (15.7905%)
entry 1639000/10373340 (15.8001%)
entry 1640000/10373340 (15.8098%)
entry 1643000/10373340 (15.8387%)
entry 1644000/10373340 (15.8483%)
entry 1646000/10373340 (15.8676%)
entry 1647000/10373340 (15.8772%)
entry 1649000/10373340 (15.8965%)
entry 1653000/10373340 (15.9351%)
entry 1655000/10373340 (15.9544%)
entry 1657000/10373340 (15.9736%)
entry 1658000/10373340 (15.9833%)
entry 1659000/10373340 (15.9929%)
entry 1660000/10373340 (16.0026%)
entry 1661000/10373340 (16.0122%)
entry 1662000/10373340 (16.0218%)
entry 1664000/10373340 (16.0411%)
entry 1665000/10373340 (16.0508%)
entry 1666000/10373340 (16.0604%)
entry 1668000/10373340 (16.0797%)
entry 1670000/10373340 (16.099%)
entry 1671000/10373340 (16.1086%)
entry 1672000/10373340 (16.1182%)
entry 1673000/10373340 (16.1279%)
entry 1674000/10373340 (16.1375%)
entry 1675000/10373340 (16.1472%)
entry 1678000/10373340 (16.1761%)
entry 1679000/10373340 (16.1857%)
entry 1680000/10373340 (16.1954%)
entry 1682000/10373340 (16.2146%)
entry 1683000/10373340 (16.2243%)
entry 1684000/10373340 (16.2339%)
entry 1685000/10373340 (16.2436%)
entry 1686000/10373340 (16.2532%)
entry 1691000/10373340 (16.3014%)
entry 1692000/10373340 (16.311%)
entry 1694000/10373340 (16.3303%)
entry 1699000/10373340 (16.3785%)
entry 1701000/10373340 (16.3978%)
entry 1702000/10373340 (16.4074%)
entry 1703000/10373340 (16.4171%)
entry 1704000/10373340 (16.4267%)
entry 1705000/10373340 (16.4364%)
entry 1707000/10373340 (16.4556%)
entry 1710000/10373340 (16.4846%)
entry 1711000/10373340 (16.4942%)
entry 1712000/10373340 (16.5038%)
entry 1713000/10373340 (16.5135%)
entry 1714000/10373340 (16.5231%)
entry 1715000/10373340 (16.5328%)
entry 1718000/10373340 (16.5617%)
entry 1719000/10373340 (16.5713%)
entry 1722000/10373340 (16.6002%)
entry 1723000/10373340 (16.6099%)
entry 1724000/10373340 (16.6195%)
entry 1725000/10373340 (16.6292%)
entry 1726000/10373340 (16.6388%)
entry 1729000/10373340 (16.6677%)
entry 1730000/10373340 (16.6774%)
entry 1732000/10373340 (16.6966%)
entry 1733000/10373340 (16.7063%)
entry 1734000/10373340 (16.7159%)
entry 1735000/10373340 (16.7256%)
entry 1736000/10373340 (16.7352%)
entry 1738000/10373340 (16.7545%)
entry 1740000/10373340 (16.7738%)
entry 1742000/10373340 (16.793%)
entry 1743000/10373340 (16.8027%)
entry 1744000/10373340 (16.8123%)
entry 1748000/10373340 (16.8509%)
entry 1749000/10373340 (16.8605%)
entry 1750000/10373340 (16.8702%)
entry 1751000/10373340 (16.8798%)
entry 1752000/10373340 (16.8894%)
entry 1753000/10373340 (16.8991%)
entry 1754000/10373340 (16.9087%)
entry 1755000/10373340 (16.9184%)
entry 1756000/10373340 (16.928%)
entry 1759000/10373340 (16.9569%)
entry 1761000/10373340 (16.9762%)
entry 1762000/10373340 (16.9859%)
entry 1763000/10373340 (16.9955%)
entry 1764000/10373340 (17.0051%)
entry 1766000/10373340 (17.0244%)
entry 1768000/10373340 (17.0437%)
entry 1770000/10373340 (17.063%)
entry 1771000/10373340 (17.0726%)
entry 1775000/10373340 (17.1112%)
entry 1776000/10373340 (17.1208%)
entry 1780000/10373340 (17.1594%)
entry 1781000/10373340 (17.169%)
entry 1782000/10373340 (17.1787%)
entry 1784000/10373340 (17.1979%)
entry 1785000/10373340 (17.2076%)
entry 1786000/10373340 (17.2172%)
entry 1787000/10373340 (17.2269%)
entry 1788000/10373340 (17.2365%)
entry 1789000/10373340 (17.2461%)
entry 1790000/10373340 (17.2558%)
entry 1791000/10373340 (17.2654%)
entry 1792000/10373340 (17.2751%)
entry 1793000/10373340 (17.2847%)
entry 1796000/10373340 (17.3136%)
entry 1799000/10373340 (17.3425%)
entry 1804000/10373340 (17.3907%)
entry 1805000/10373340 (17.4004%)
entry 1806000/10373340 (17.41%)
entry 1807000/10373340 (17.4197%)
entry 1810000/10373340 (17.4486%)
entry 1812000/10373340 (17.4679%)
entry 1813000/10373340 (17.4775%)
entry 1814000/10373340 (17.4871%)
entry 1815000/10373340 (17.4968%)
entry 1816000/10373340 (17.5064%)
entry 1817000/10373340 (17.5161%)
entry 1818000/10373340 (17.5257%)
entry 1819000/10373340 (17.5353%)
entry 1820000/10373340 (17.545%)
entry 1821000/10373340 (17.5546%)
entry 1825000/10373340 (17.5932%)
entry 1829000/10373340 (17.6317%)
entry 1831000/10373340 (17.651%)
entry 1832000/10373340 (17.6607%)
entry 1833000/10373340 (17.6703%)
entry 1834000/10373340 (17.6799%)
entry 1835000/10373340 (17.6896%)
entry 1836000/10373340 (17.6992%)
entry 1837000/10373340 (17.7089%)
entry 1838000/10373340 (17.7185%)
entry 1840000/10373340 (17.7378%)
entry 1841000/10373340 (17.7474%)
entry 1842000/10373340 (17.7571%)
entry 1844000/10373340 (17.7763%)
entry 1845000/10373340 (17.786%)
entry 1847000/10373340 (17.8053%)
entry 1848000/10373340 (17.8149%)
entry 1849000/10373340 (17.8245%)
entry 1851000/10373340 (17.8438%)
entry 1856000/10373340 (17.892%)
entry 1857000/10373340 (17.9017%)
entry 1858000/10373340 (17.9113%)
entry 1860000/10373340 (17.9306%)
entry 1861000/10373340 (17.9402%)
entry 1862000/10373340 (17.9499%)
entry 1863000/10373340 (17.9595%)
entry 1864000/10373340 (17.9691%)
entry 1866000/10373340 (17.9884%)
entry 1867000/10373340 (17.9981%)
entry 1868000/10373340 (18.0077%)
entry 1871000/10373340 (18.0366%)
entry 1872000/10373340 (18.0463%)
entry 1874000/10373340 (18.0655%)
entry 1876000/10373340 (18.0848%)
entry 1880000/10373340 (18.1234%)
entry 1881000/10373340 (18.133%)
entry 1882000/10373340 (18.1427%)
entry 1883000/10373340 (18.1523%)
entry 1885000/10373340 (18.1716%)
entry 1888000/10373340 (18.2005%)
entry 1889000/10373340 (18.2101%)
entry 1891000/10373340 (18.2294%)
entry 1896000/10373340 (18.2776%)
entry 1898000/10373340 (18.2969%)
entry 1899000/10373340 (18.3065%)
entry 1902000/10373340 (18.3355%)
entry 1905000/10373340 (18.3644%)
entry 1908000/10373340 (18.3933%)
entry 1910000/10373340 (18.4126%)
entry 1912000/10373340 (18.4319%)
entry 1915000/10373340 (18.4608%)
entry 1917000/10373340 (18.4801%)
entry 1919000/10373340 (18.4993%)
entry 1920000/10373340 (18.509%)
entry 1921000/10373340 (18.5186%)
entry 1922000/10373340 (18.5283%)
entry 1924000/10373340 (18.5475%)
entry 1927000/10373340 (18.5765%)
entry 1928000/10373340 (18.5861%)
entry 1929000/10373340 (18.5957%)
entry 1931000/10373340 (18.615%)
entry 1932000/10373340 (18.6247%)
entry 1933000/10373340 (18.6343%)
entry 1934000/10373340 (18.6439%)
entry 1935000/10373340 (18.6536%)
entry 1936000/10373340 (18.6632%)
entry 1937000/10373340 (18.6729%)
entry 1938000/10373340 (18.6825%)
entry 1940000/10373340 (18.7018%)
entry 1941000/10373340 (18.7114%)
entry 1944000/10373340 (18.7403%)
entry 1946000/10373340 (18.7596%)
entry 1948000/10373340 (18.7789%)
entry 1950000/10373340 (18.7982%)
entry 1954000/10373340 (18.8367%)
entry 1958000/10373340 (18.8753%)
entry 1959000/10373340 (18.8849%)
entry 1960000/10373340 (18.8946%)
entry 1963000/10373340 (18.9235%)
entry 1965000/10373340 (18.9428%)
entry 1966000/10373340 (18.9524%)
entry 1968000/10373340 (18.9717%)
entry 1969000/10373340 (18.9814%)
entry 1970000/10373340 (18.991%)
entry 1973000/10373340 (19.0199%)
entry 1974000/10373340 (19.0296%)
entry 1976000/10373340 (19.0488%)
entry 1977000/10373340 (19.0585%)
entry 1980000/10373340 (19.0874%)
entry 1982000/10373340 (19.1067%)
entry 1983000/10373340 (19.1163%)
entry 1985000/10373340 (19.1356%)
entry 1986000/10373340 (19.1452%)
entry 1987000/10373340 (19.1549%)
entry 1988000/10373340 (19.1645%)
entry 1989000/10373340 (19.1742%)
entry 1990000/10373340 (19.1838%)
entry 1991000/10373340 (19.1934%)
entry 1992000/10373340 (19.2031%)
entry 1993000/10373340 (19.2127%)
entry 1994000/10373340 (19.2224%)
entry 1995000/10373340 (19.232%)
entry 1998000/10373340 (19.2609%)
entry 2001000/10373340 (19.2898%)
entry 2002000/10373340 (19.2995%)
entry 2003000/10373340 (19.3091%)
entry 2005000/10373340 (19.3284%)
entry 2006000/10373340 (19.338%)
entry 2008000/10373340 (19.3573%)
entry 2011000/10373340 (19.3862%)
entry 2012000/10373340 (19.3959%)
entry 2014000/10373340 (19.4152%)
entry 2016000/10373340 (19.4344%)
entry 2018000/10373340 (19.4537%)
entry 2019000/10373340 (19.4634%)
entry 2020000/10373340 (19.473%)
entry 2021000/10373340 (19.4826%)
entry 2022000/10373340 (19.4923%)
entry 2023000/10373340 (19.5019%)
entry 2024000/10373340 (19.5116%)
entry 2025000/10373340 (19.5212%)
entry 2026000/10373340 (19.5308%)
entry 2027000/10373340 (19.5405%)
entry 2028000/10373340 (19.5501%)
entry 2031000/10373340 (19.579%)
entry 2032000/10373340 (19.5887%)
entry 2033000/10373340 (19.5983%)
entry 2035000/10373340 (19.6176%)
entry 2036000/10373340 (19.6272%)
entry 2039000/10373340 (19.6562%)
entry 2040000/10373340 (19.6658%)
entry 2042000/10373340 (19.6851%)
entry 2046000/10373340 (19.7236%)
entry 2050000/10373340 (19.7622%)
entry 2051000/10373340 (19.7718%)
entry 2053000/10373340 (19.7911%)
entry 2054000/10373340 (19.8008%)
entry 2056000/10373340 (19.82%)
entry 2058000/10373340 (19.8393%)
entry 2059000/10373340 (19.849%)
entry 2061000/10373340 (19.8682%)
entry 2062000/10373340 (19.8779%)
entry 2063000/10373340 (19.8875%)
entry 2064000/10373340 (19.8972%)
entry 2067000/10373340 (19.9261%)
entry 2068000/10373340 (19.9357%)
entry 2071000/10373340 (19.9646%)
entry 2072000/10373340 (19.9743%)
entry 2073000/10373340 (19.9839%)
entry 2075000/10373340 (20.0032%)
entry 2076000/10373340 (20.0128%)
entry 2077000/10373340 (20.0225%)
entry 2078000/10373340 (20.0321%)
entry 2079000/10373340 (20.0418%)
entry 2080000/10373340 (20.0514%)
entry 2081000/10373340 (20.061%)
entry 2082000/10373340 (20.0707%)
entry 2083000/10373340 (20.0803%)
entry 2084000/10373340 (20.09%)
entry 2085000/10373340 (20.0996%)
entry 2086000/10373340 (20.1092%)
entry 2087000/10373340 (20.1189%)
entry 2088000/10373340 (20.1285%)
entry 2089000/10373340 (20.1382%)
entry 2091000/10373340 (20.1574%)
entry 2094000/10373340 (20.1864%)
entry 2095000/10373340 (20.196%)
entry 2096000/10373340 (20.2056%)
entry 2097000/10373340 (20.2153%)
entry 2098000/10373340 (20.2249%)
entry 2099000/10373340 (20.2346%)
entry 2100000/10373340 (20.2442%)
entry 2101000/10373340 (20.2538%)
entry 2102000/10373340 (20.2635%)
entry 2104000/10373340 (20.2828%)
entry 2107000/10373340 (20.3117%)
entry 2109000/10373340 (20.331%)
entry 2110000/10373340 (20.3406%)
entry 2111000/10373340 (20.3502%)
entry 2112000/10373340 (20.3599%)
entry 2113000/10373340 (20.3695%)
entry 2116000/10373340 (20.3984%)
entry 2117000/10373340 (20.4081%)
entry 2119000/10373340 (20.4274%)
entry 2120000/10373340 (20.437%)
entry 2121000/10373340 (20.4466%)
entry 2122000/10373340 (20.4563%)
entry 2124000/10373340 (20.4756%)
entry 2125000/10373340 (20.4852%)
entry 2126000/10373340 (20.4948%)
entry 2128000/10373340 (20.5141%)
entry 2129000/10373340 (20.5238%)
entry 2131000/10373340 (20.543%)
entry 2132000/10373340 (20.5527%)
entry 2133000/10373340 (20.5623%)
entry 2134000/10373340 (20.572%)
entry 2135000/10373340 (20.5816%)
entry 2139000/10373340 (20.6202%)
entry 2141000/10373340 (20.6394%)
entry 2142000/10373340 (20.6491%)
entry 2143000/10373340 (20.6587%)
entry 2144000/10373340 (20.6684%)
entry 2147000/10373340 (20.6973%)
entry 2149000/10373340 (20.7166%)
entry 2151000/10373340 (20.7358%)
entry 2154000/10373340 (20.7648%)
entry 2155000/10373340 (20.7744%)
entry 2156000/10373340 (20.784%)
entry 2157000/10373340 (20.7937%)
entry 2158000/10373340 (20.8033%)
entry 2159000/10373340 (20.813%)
entry 2160000/10373340 (20.8226%)
entry 2164000/10373340 (20.8612%)
entry 2166000/10373340 (20.8804%)
entry 2167000/10373340 (20.8901%)
entry 2168000/10373340 (20.8997%)
entry 2169000/10373340 (20.9094%)
entry 2172000/10373340 (20.9383%)
entry 2173000/10373340 (20.9479%)
entry 2176000/10373340 (20.9769%)
entry 2177000/10373340 (20.9865%)
entry 2181000/10373340 (21.0251%)
entry 2183000/10373340 (21.0443%)
entry 2185000/10373340 (21.0636%)
entry 2186000/10373340 (21.0733%)
entry 2189000/10373340 (21.1022%)
entry 2190000/10373340 (21.1118%)
entry 2192000/10373340 (21.1311%)
entry 2193000/10373340 (21.1407%)
entry 2194000/10373340 (21.1504%)
entry 2195000/10373340 (21.16%)
entry 2197000/10373340 (21.1793%)
entry 2198000/10373340 (21.1889%)
entry 2199000/10373340 (21.1986%)
entry 2202000/10373340 (21.2275%)
entry 2204000/10373340 (21.2468%)
entry 2205000/10373340 (21.2564%)
entry 2206000/10373340 (21.2661%)
entry 2207000/10373340 (21.2757%)
entry 2208000/10373340 (21.2853%)
entry 2210000/10373340 (21.3046%)
entry 2212000/10373340 (21.3239%)
entry 2215000/10373340 (21.3528%)
entry 2218000/10373340 (21.3817%)
entry 2219000/10373340 (21.3914%)
entry 2221000/10373340 (21.4107%)
entry 2223000/10373340 (21.4299%)
entry 2224000/10373340 (21.4396%)
entry 2225000/10373340 (21.4492%)
entry 2226000/10373340 (21.4589%)
entry 2227000/10373340 (21.4685%)
entry 2228000/10373340 (21.4781%)
entry 2230000/10373340 (21.4974%)
entry 2231000/10373340 (21.5071%)
entry 2233000/10373340 (21.5263%)
entry 2234000/10373340 (21.536%)
entry 2238000/10373340 (21.5745%)
entry 2239000/10373340 (21.5842%)
entry 2240000/10373340 (21.5938%)
entry 2243000/10373340 (21.6227%)
entry 2245000/10373340 (21.642%)
entry 2247000/10373340 (21.6613%)
entry 2249000/10373340 (21.6806%)
entry 2250000/10373340 (21.6902%)
entry 2251000/10373340 (21.6999%)
entry 2256000/10373340 (21.7481%)
entry 2257000/10373340 (21.7577%)
entry 2259000/10373340 (21.777%)
entry 2260000/10373340 (21.7866%)
entry 2262000/10373340 (21.8059%)
entry 2265000/10373340 (21.8348%)
entry 2266000/10373340 (21.8445%)
entry 2268000/10373340 (21.8637%)
entry 2269000/10373340 (21.8734%)
entry 2271000/10373340 (21.8927%)
entry 2272000/10373340 (21.9023%)
entry 2273000/10373340 (21.9119%)
entry 2274000/10373340 (21.9216%)
entry 2275000/10373340 (21.9312%)
entry 2276000/10373340 (21.9409%)
entry 2277000/10373340 (21.9505%)
entry 2280000/10373340 (21.9794%)
entry 2281000/10373340 (21.9891%)
entry 2282000/10373340 (21.9987%)
entry 2284000/10373340 (22.018%)
entry 2285000/10373340 (22.0276%)
entry 2287000/10373340 (22.0469%)
entry 2288000/10373340 (22.0565%)
entry 2289000/10373340 (22.0662%)
entry 2290000/10373340 (22.0758%)
entry 2291000/10373340 (22.0855%)
entry 2293000/10373340 (22.1047%)
entry 2295000/10373340 (22.124%)
entry 2296000/10373340 (22.1337%)
entry 2299000/10373340 (22.1626%)
entry 2301000/10373340 (22.1819%)
entry 2302000/10373340 (22.1915%)
entry 2303000/10373340 (22.2011%)
entry 2304000/10373340 (22.2108%)
entry 2306000/10373340 (22.2301%)
entry 2307000/10373340 (22.2397%)
entry 2308000/10373340 (22.2493%)
entry 2310000/10373340 (22.2686%)
entry 2312000/10373340 (22.2879%)
entry 2314000/10373340 (22.3072%)
entry 2315000/10373340 (22.3168%)
entry 2316000/10373340 (22.3265%)
entry 2319000/10373340 (22.3554%)
entry 2321000/10373340 (22.3747%)
entry 2322000/10373340 (22.3843%)
entry 2325000/10373340 (22.4132%)
entry 2326000/10373340 (22.4229%)
entry 2328000/10373340 (22.4421%)
entry 2330000/10373340 (22.4614%)
entry 2331000/10373340 (22.4711%)
entry 2332000/10373340 (22.4807%)
entry 2333000/10373340 (22.4903%)
entry 2335000/10373340 (22.5096%)
entry 2336000/10373340 (22.5193%)
entry 2337000/10373340 (22.5289%)
entry 2338000/10373340 (22.5385%)
entry 2339000/10373340 (22.5482%)
entry 2341000/10373340 (22.5675%)
entry 2343000/10373340 (22.5867%)
entry 2347000/10373340 (22.6253%)
entry 2348000/10373340 (22.6349%)
entry 2349000/10373340 (22.6446%)
entry 2351000/10373340 (22.6639%)
entry 2352000/10373340 (22.6735%)
entry 2355000/10373340 (22.7024%)
entry 2356000/10373340 (22.7121%)
entry 2357000/10373340 (22.7217%)
entry 2358000/10373340 (22.7313%)
entry 2359000/10373340 (22.741%)
entry 2362000/10373340 (22.7699%)
entry 2363000/10373340 (22.7795%)
entry 2369000/10373340 (22.8374%)
entry 2372000/10373340 (22.8663%)
entry 2373000/10373340 (22.8759%)
entry 2374000/10373340 (22.8856%)
entry 2375000/10373340 (22.8952%)
entry 2376000/10373340 (22.9049%)
entry 2377000/10373340 (22.9145%)
entry 2379000/10373340 (22.9338%)
entry 2380000/10373340 (22.9434%)
entry 2381000/10373340 (22.9531%)
entry 2384000/10373340 (22.982%)
entry 2386000/10373340 (23.0013%)
entry 2389000/10373340 (23.0302%)
entry 2390000/10373340 (23.0398%)
entry 2391000/10373340 (23.0495%)
entry 2392000/10373340 (23.0591%)
entry 2393000/10373340 (23.0688%)
entry 2397000/10373340 (23.1073%)
entry 2398000/10373340 (23.117%)
entry 2400000/10373340 (23.1362%)
entry 2402000/10373340 (23.1555%)
entry 2404000/10373340 (23.1748%)
entry 2408000/10373340 (23.2134%)
entry 2409000/10373340 (23.223%)
entry 2410000/10373340 (23.2326%)
entry 2411000/10373340 (23.2423%)
entry 2413000/10373340 (23.2616%)
entry 2415000/10373340 (23.2808%)
entry 2416000/10373340 (23.2905%)
entry 2417000/10373340 (23.3001%)
entry 2418000/10373340 (23.3098%)
entry 2420000/10373340 (23.329%)
entry 2421000/10373340 (23.3387%)
entry 2425000/10373340 (23.3772%)
entry 2426000/10373340 (23.3869%)
entry 2427000/10373340 (23.3965%)
entry 2428000/10373340 (23.4062%)
entry 2430000/10373340 (23.4254%)
entry 2432000/10373340 (23.4447%)
entry 2433000/10373340 (23.4544%)
entry 2434000/10373340 (23.464%)
entry 2435000/10373340 (23.4736%)
entry 2436000/10373340 (23.4833%)
entry 2437000/10373340 (23.4929%)
entry 2438000/10373340 (23.5026%)
entry 2440000/10373340 (23.5218%)
entry 2441000/10373340 (23.5315%)
entry 2443000/10373340 (23.5508%)
entry 2445000/10373340 (23.57%)
entry 2446000/10373340 (23.5797%)
entry 2449000/10373340 (23.6086%)
entry 2450000/10373340 (23.6182%)
entry 2451000/10373340 (23.6279%)
entry 2452000/10373340 (23.6375%)
entry 2453000/10373340 (23.6472%)
entry 2456000/10373340 (23.6761%)
entry 2460000/10373340 (23.7146%)
entry 2461000/10373340 (23.7243%)
entry 2462000/10373340 (23.7339%)
entry 2464000/10373340 (23.7532%)
entry 2467000/10373340 (23.7821%)
entry 2468000/10373340 (23.7918%)
entry 2469000/10373340 (23.8014%)
entry 2472000/10373340 (23.8303%)
entry 2473000/10373340 (23.84%)
entry 2474000/10373340 (23.8496%)
entry 2477000/10373340 (23.8785%)
entry 2478000/10373340 (23.8882%)
entry 2479000/10373340 (23.8978%)
entry 2481000/10373340 (23.9171%)
entry 2483000/10373340 (23.9364%)
entry 2485000/10373340 (23.9556%)
entry 2486000/10373340 (23.9653%)
entry 2489000/10373340 (23.9942%)
entry 2490000/10373340 (24.0038%)
entry 2491000/10373340 (24.0135%)
entry 2492000/10373340 (24.0231%)
entry 2493000/10373340 (24.0328%)
entry 2496000/10373340 (24.0617%)
entry 2497000/10373340 (24.0713%)
entry 2499000/10373340 (24.0906%)
entry 2500000/10373340 (24.1002%)
entry 2501000/10373340 (24.1099%)
entry 2502000/10373340 (24.1195%)
entry 2506000/10373340 (24.1581%)
entry 2507000/10373340 (24.1677%)
entry 2508000/10373340 (24.1774%)
entry 2509000/10373340 (24.187%)
entry 2510000/10373340 (24.1966%)
entry 2513000/10373340 (24.2256%)
entry 2514000/10373340 (24.2352%)
entry 2515000/10373340 (24.2448%)
entry 2517000/10373340 (24.2641%)
entry 2520000/10373340 (24.293%)
entry 2521000/10373340 (24.3027%)
entry 2523000/10373340 (24.322%)
entry 2524000/10373340 (24.3316%)
entry 2525000/10373340 (24.3412%)
entry 2526000/10373340 (24.3509%)
entry 2527000/10373340 (24.3605%)
entry 2528000/10373340 (24.3702%)
entry 2529000/10373340 (24.3798%)
entry 2531000/10373340 (24.3991%)
entry 2533000/10373340 (24.4184%)
entry 2534000/10373340 (24.428%)
entry 2535000/10373340 (24.4376%)
entry 2536000/10373340 (24.4473%)
entry 2537000/10373340 (24.4569%)
entry 2538000/10373340 (24.4666%)
entry 2540000/10373340 (24.4858%)
entry 2541000/10373340 (24.4955%)
entry 2543000/10373340 (24.5148%)
entry 2544000/10373340 (24.5244%)
entry 2545000/10373340 (24.534%)
entry 2548000/10373340 (24.563%)
entry 2550000/10373340 (24.5822%)
entry 2551000/10373340 (24.5919%)
entry 2553000/10373340 (24.6112%)
entry 2559000/10373340 (24.669%)
entry 2560000/10373340 (24.6786%)
entry 2561000/10373340 (24.6883%)
entry 2562000/10373340 (24.6979%)
entry 2563000/10373340 (24.7076%)
entry 2564000/10373340 (24.7172%)
entry 2566000/10373340 (24.7365%)
entry 2567000/10373340 (24.7461%)
entry 2568000/10373340 (24.7558%)
entry 2570000/10373340 (24.775%)
entry 2574000/10373340 (24.8136%)
entry 2575000/10373340 (24.8232%)
entry 2576000/10373340 (24.8329%)
entry 2580000/10373340 (24.8714%)
entry 2581000/10373340 (24.8811%)
entry 2583000/10373340 (24.9004%)
entry 2584000/10373340 (24.91%)
entry 2585000/10373340 (24.9196%)
entry 2586000/10373340 (24.9293%)
entry 2587000/10373340 (24.9389%)
entry 2590000/10373340 (24.9679%)
entry 2592000/10373340 (24.9871%)
entry 2595000/10373340 (25.0161%)
entry 2598000/10373340 (25.045%)
entry 2599000/10373340 (25.0546%)
entry 2600000/10373340 (25.0643%)
entry 2601000/10373340 (25.0739%)
entry 2602000/10373340 (25.0835%)
entry 2603000/10373340 (25.0932%)
entry 2604000/10373340 (25.1028%)
entry 2606000/10373340 (25.1221%)
entry 2607000/10373340 (25.1317%)
entry 2608000/10373340 (25.1414%)
entry 2609000/10373340 (25.151%)
entry 2613000/10373340 (25.1896%)
entry 2614000/10373340 (25.1992%)
entry 2615000/10373340 (25.2089%)
entry 2616000/10373340 (25.2185%)
entry 2618000/10373340 (25.2378%)
entry 2619000/10373340 (25.2474%)
entry 2620000/10373340 (25.2571%)
entry 2621000/10373340 (25.2667%)
entry 2623000/10373340 (25.286%)
entry 2624000/10373340 (25.2956%)
entry 2625000/10373340 (25.3053%)
entry 2626000/10373340 (25.3149%)
entry 2629000/10373340 (25.3438%)
entry 2631000/10373340 (25.3631%)
entry 2632000/10373340 (25.3727%)
entry 2634000/10373340 (25.392%)
entry 2635000/10373340 (25.4017%)
entry 2637000/10373340 (25.4209%)
entry 2638000/10373340 (25.4306%)
entry 2639000/10373340 (25.4402%)
entry 2640000/10373340 (25.4499%)
entry 2641000/10373340 (25.4595%)
entry 2642000/10373340 (25.4691%)
entry 2643000/10373340 (25.4788%)
entry 2644000/10373340 (25.4884%)
entry 2646000/10373340 (25.5077%)
entry 2648000/10373340 (25.527%)
entry 2650000/10373340 (25.5463%)
entry 2651000/10373340 (25.5559%)
entry 2652000/10373340 (25.5655%)
entry 2655000/10373340 (25.5945%)
entry 2657000/10373340 (25.6137%)
entry 2658000/10373340 (25.6234%)
entry 2659000/10373340 (25.633%)
entry 2660000/10373340 (25.6427%)
entry 2661000/10373340 (25.6523%)
entry 2663000/10373340 (25.6716%)
entry 2664000/10373340 (25.6812%)
entry 2667000/10373340 (25.7101%)
entry 2668000/10373340 (25.7198%)
entry 2669000/10373340 (25.7294%)
entry 2671000/10373340 (25.7487%)
entry 2672000/10373340 (25.7583%)
entry 2673000/10373340 (25.768%)
entry 2674000/10373340 (25.7776%)
entry 2675000/10373340 (25.7873%)
entry 2676000/10373340 (25.7969%)
entry 2677000/10373340 (25.8065%)
entry 2679000/10373340 (25.8258%)
entry 2680000/10373340 (25.8355%)
entry 2681000/10373340 (25.8451%)
entry 2682000/10373340 (25.8547%)
entry 2683000/10373340 (25.8644%)
entry 2686000/10373340 (25.8933%)
entry 2688000/10373340 (25.9126%)
entry 2689000/10373340 (25.9222%)
entry 2690000/10373340 (25.9319%)
entry 2691000/10373340 (25.9415%)
entry 2692000/10373340 (25.9511%)
entry 2693000/10373340 (25.9608%)
entry 2694000/10373340 (25.9704%)
entry 2697000/10373340 (25.9993%)
entry 2699000/10373340 (26.0186%)
entry 2700000/10373340 (26.0283%)
entry 2701000/10373340 (26.0379%)
entry 2702000/10373340 (26.0475%)
entry 2703000/10373340 (26.0572%)
entry 2704000/10373340 (26.0668%)
entry 2705000/10373340 (26.0765%)
entry 2706000/10373340 (26.0861%)
entry 2707000/10373340 (26.0957%)
entry 2708000/10373340 (26.1054%)
entry 2713000/10373340 (26.1536%)
entry 2714000/10373340 (26.1632%)
entry 2716000/10373340 (26.1825%)
entry 2718000/10373340 (26.2018%)
entry 2719000/10373340 (26.2114%)
entry 2720000/10373340 (26.2211%)
entry 2728000/10373340 (26.2982%)
entry 2730000/10373340 (26.3175%)
entry 2733000/10373340 (26.3464%)
entry 2736000/10373340 (26.3753%)
entry 2737000/10373340 (26.3849%)
entry 2739000/10373340 (26.4042%)
entry 2740000/10373340 (26.4139%)
entry 2742000/10373340 (26.4331%)
entry 2744000/10373340 (26.4524%)
entry 2745000/10373340 (26.4621%)
entry 2746000/10373340 (26.4717%)
entry 2750000/10373340 (26.5103%)
entry 2753000/10373340 (26.5392%)
entry 2755000/10373340 (26.5585%)
entry 2759000/10373340 (26.597%)
entry 2761000/10373340 (26.6163%)
entry 2762000/10373340 (26.6259%)
entry 2763000/10373340 (26.6356%)
entry 2766000/10373340 (26.6645%)
entry 2768000/10373340 (26.6838%)
entry 2769000/10373340 (26.6934%)
entry 2770000/10373340 (26.7031%)
entry 2772000/10373340 (26.7223%)
entry 2775000/10373340 (26.7513%)
entry 2778000/10373340 (26.7802%)
entry 2779000/10373340 (26.7898%)
entry 2781000/10373340 (26.8091%)
entry 2783000/10373340 (26.8284%)
entry 2784000/10373340 (26.838%)
entry 2785000/10373340 (26.8477%)
entry 2786000/10373340 (26.8573%)
entry 2788000/10373340 (26.8766%)
entry 2789000/10373340 (26.8862%)
entry 2790000/10373340 (26.8959%)
entry 2791000/10373340 (26.9055%)
entry 2793000/10373340 (26.9248%)
entry 2794000/10373340 (26.9344%)
entry 2796000/10373340 (26.9537%)
entry 2797000/10373340 (26.9634%)
entry 2798000/10373340 (26.973%)
entry 2799000/10373340 (26.9826%)
entry 2800000/10373340 (26.9923%)
entry 2801000/10373340 (27.0019%)
entry 2802000/10373340 (27.0115%)
entry 2803000/10373340 (27.0212%)
entry 2804000/10373340 (27.0308%)
entry 2807000/10373340 (27.0598%)
entry 2808000/10373340 (27.0694%)
entry 2810000/10373340 (27.0887%)
entry 2811000/10373340 (27.0983%)
entry 2819000/10373340 (27.1754%)
entry 2820000/10373340 (27.1851%)
entry 2821000/10373340 (27.1947%)
entry 2824000/10373340 (27.2236%)
entry 2825000/10373340 (27.2333%)
entry 2832000/10373340 (27.3008%)
entry 2833000/10373340 (27.3104%)
entry 2834000/10373340 (27.32%)
entry 2836000/10373340 (27.3393%)
entry 2838000/10373340 (27.3586%)
entry 2840000/10373340 (27.3779%)
entry 2841000/10373340 (27.3875%)
entry 2843000/10373340 (27.4068%)
entry 2844000/10373340 (27.4164%)
entry 2847000/10373340 (27.4454%)
entry 2848000/10373340 (27.455%)
entry 2849000/10373340 (27.4646%)
entry 2850000/10373340 (27.4743%)
entry 2851000/10373340 (27.4839%)
entry 2852000/10373340 (27.4936%)
entry 2854000/10373340 (27.5128%)
entry 2855000/10373340 (27.5225%)
entry 2856000/10373340 (27.5321%)
entry 2857000/10373340 (27.5418%)
entry 2858000/10373340 (27.5514%)
entry 2859000/10373340 (27.561%)
entry 2860000/10373340 (27.5707%)
entry 2861000/10373340 (27.5803%)
entry 2862000/10373340 (27.59%)
entry 2863000/10373340 (27.5996%)
entry 2864000/10373340 (27.6092%)
entry 2867000/10373340 (27.6382%)
entry 2870000/10373340 (27.6671%)
entry 2873000/10373340 (27.696%)
entry 2874000/10373340 (27.7056%)
entry 2875000/10373340 (27.7153%)
entry 2876000/10373340 (27.7249%)
entry 2881000/10373340 (27.7731%)
entry 2884000/10373340 (27.802%)
entry 2885000/10373340 (27.8117%)
entry 2886000/10373340 (27.8213%)
entry 2887000/10373340 (27.831%)
entry 2888000/10373340 (27.8406%)
entry 2890000/10373340 (27.8599%)
entry 2891000/10373340 (27.8695%)
entry 2893000/10373340 (27.8888%)
entry 2895000/10373340 (27.9081%)
entry 2897000/10373340 (27.9274%)
entry 2898000/10373340 (27.937%)
entry 2902000/10373340 (27.9756%)
entry 2903000/10373340 (27.9852%)
entry 2904000/10373340 (27.9948%)
entry 2905000/10373340 (28.0045%)
entry 2908000/10373340 (28.0334%)
entry 2909000/10373340 (28.043%)
entry 2910000/10373340 (28.0527%)
entry 2911000/10373340 (28.0623%)
entry 2914000/10373340 (28.0912%)
entry 2915000/10373340 (28.1009%)
entry 2916000/10373340 (28.1105%)
entry 2917000/10373340 (28.1202%)
entry 2918000/10373340 (28.1298%)
entry 2919000/10373340 (28.1394%)
entry 2922000/10373340 (28.1684%)
entry 2923000/10373340 (28.178%)
entry 2925000/10373340 (28.1973%)
entry 2926000/10373340 (28.2069%)
entry 2927000/10373340 (28.2166%)
entry 2928000/10373340 (28.2262%)
entry 2929000/10373340 (28.2358%)
entry 2930000/10373340 (28.2455%)
entry 2932000/10373340 (28.2648%)
entry 2934000/10373340 (28.284%)
entry 2935000/10373340 (28.2937%)
entry 2937000/10373340 (28.313%)
entry 2938000/10373340 (28.3226%)
entry 2940000/10373340 (28.3419%)
entry 2941000/10373340 (28.3515%)
entry 2942000/10373340 (28.3612%)
entry 2943000/10373340 (28.3708%)
entry 2945000/10373340 (28.3901%)
entry 2946000/10373340 (28.3997%)
entry 2948000/10373340 (28.419%)
entry 2951000/10373340 (28.4479%)
entry 2954000/10373340 (28.4768%)
entry 2955000/10373340 (28.4865%)
entry 2958000/10373340 (28.5154%)
entry 2960000/10373340 (28.5347%)
entry 2961000/10373340 (28.5443%)
entry 2962000/10373340 (28.554%)
entry 2963000/10373340 (28.5636%)
entry 2964000/10373340 (28.5732%)
entry 2965000/10373340 (28.5829%)
entry 2967000/10373340 (28.6022%)
entry 2969000/10373340 (28.6214%)
entry 2972000/10373340 (28.6504%)
entry 2974000/10373340 (28.6696%)
entry 2975000/10373340 (28.6793%)
entry 2980000/10373340 (28.7275%)
entry 2986000/10373340 (28.7853%)
entry 2989000/10373340 (28.8143%)
entry 2990000/10373340 (28.8239%)
entry 2992000/10373340 (28.8432%)
entry 2993000/10373340 (28.8528%)
entry 2994000/10373340 (28.8624%)
entry 2995000/10373340 (28.8721%)
entry 2996000/10373340 (28.8817%)
entry 2998000/10373340 (28.901%)
entry 3000000/10373340 (28.9203%)
entry 3003000/10373340 (28.9492%)
entry 3004000/10373340 (28.9589%)
entry 3005000/10373340 (28.9685%)
entry 3009000/10373340 (29.0071%)
entry 3010000/10373340 (29.0167%)
entry 3011000/10373340 (29.0263%)
entry 3013000/10373340 (29.0456%)
entry 3014000/10373340 (29.0553%)
entry 3017000/10373340 (29.0842%)
entry 3019000/10373340 (29.1035%)
entry 3021000/10373340 (29.1227%)
entry 3022000/10373340 (29.1324%)
entry 3023000/10373340 (29.142%)
entry 3025000/10373340 (29.1613%)
entry 3026000/10373340 (29.1709%)
entry 3027000/10373340 (29.1806%)
entry 3029000/10373340 (29.1999%)
entry 3031000/10373340 (29.2191%)
entry 3032000/10373340 (29.2288%)
entry 3036000/10373340 (29.2673%)
entry 3037000/10373340 (29.277%)
entry 3038000/10373340 (29.2866%)
entry 3039000/10373340 (29.2963%)
entry 3040000/10373340 (29.3059%)
entry 3042000/10373340 (29.3252%)
entry 3043000/10373340 (29.3348%)
entry 3044000/10373340 (29.3445%)
entry 3045000/10373340 (29.3541%)
entry 3046000/10373340 (29.3637%)
entry 3047000/10373340 (29.3734%)
entry 3048000/10373340 (29.383%)
entry 3049000/10373340 (29.3927%)
entry 3050000/10373340 (29.4023%)
entry 3053000/10373340 (29.4312%)
entry 3054000/10373340 (29.4409%)
entry 3056000/10373340 (29.4601%)
entry 3058000/10373340 (29.4794%)
entry 3059000/10373340 (29.4891%)
entry 3060000/10373340 (29.4987%)
entry 3061000/10373340 (29.5083%)
entry 3062000/10373340 (29.518%)
entry 3063000/10373340 (29.5276%)
entry 3065000/10373340 (29.5469%)
entry 3067000/10373340 (29.5662%)
entry 3071000/10373340 (29.6047%)
entry 3072000/10373340 (29.6144%)
entry 3075000/10373340 (29.6433%)
entry 3077000/10373340 (29.6626%)
entry 3080000/10373340 (29.6915%)
entry 3081000/10373340 (29.7011%)
entry 3083000/10373340 (29.7204%)
entry 3084000/10373340 (29.7301%)
entry 3086000/10373340 (29.7493%)
entry 3087000/10373340 (29.759%)
entry 3088000/10373340 (29.7686%)
entry 3089000/10373340 (29.7783%)
entry 3091000/10373340 (29.7975%)
entry 3092000/10373340 (29.8072%)
entry 3093000/10373340 (29.8168%)
entry 3094000/10373340 (29.8265%)
entry 3097000/10373340 (29.8554%)
entry 3098000/10373340 (29.865%)
entry 3099000/10373340 (29.8747%)
entry 3102000/10373340 (29.9036%)
entry 3103000/10373340 (29.9132%)
entry 3104000/10373340 (29.9229%)
entry 3109000/10373340 (29.9711%)
entry 3110000/10373340 (29.9807%)
entry 3113000/10373340 (30.0096%)
entry 3116000/10373340 (30.0385%)
entry 3117000/10373340 (30.0482%)
entry 3118000/10373340 (30.0578%)
entry 3120000/10373340 (30.0771%)
entry 3121000/10373340 (30.0867%)
entry 3123000/10373340 (30.106%)
entry 3124000/10373340 (30.1157%)
entry 3126000/10373340 (30.1349%)
entry 3127000/10373340 (30.1446%)
entry 3129000/10373340 (30.1639%)
entry 3131000/10373340 (30.1831%)
entry 3133000/10373340 (30.2024%)
entry 3134000/10373340 (30.2121%)
entry 3136000/10373340 (30.2313%)
entry 3137000/10373340 (30.241%)
entry 3139000/10373340 (30.2603%)
entry 3140000/10373340 (30.2699%)
entry 3141000/10373340 (30.2795%)
entry 3143000/10373340 (30.2988%)
entry 3146000/10373340 (30.3277%)
entry 3148000/10373340 (30.347%)
entry 3151000/10373340 (30.3759%)
entry 3152000/10373340 (30.3856%)
entry 3154000/10373340 (30.4049%)
entry 3156000/10373340 (30.4241%)
entry 3157000/10373340 (30.4338%)
entry 3158000/10373340 (30.4434%)
entry 3159000/10373340 (30.4531%)
entry 3160000/10373340 (30.4627%)
entry 3162000/10373340 (30.482%)
entry 3163000/10373340 (30.4916%)
entry 3164000/10373340 (30.5013%)
entry 3166000/10373340 (30.5205%)
entry 3167000/10373340 (30.5302%)
entry 3168000/10373340 (30.5398%)
entry 3170000/10373340 (30.5591%)
entry 3171000/10373340 (30.5687%)
entry 3172000/10373340 (30.5784%)
entry 3177000/10373340 (30.6266%)
entry 3181000/10373340 (30.6651%)
entry 3183000/10373340 (30.6844%)
entry 3184000/10373340 (30.6941%)
entry 3185000/10373340 (30.7037%)
entry 3186000/10373340 (30.7133%)
entry 3187000/10373340 (30.723%)
entry 3190000/10373340 (30.7519%)
entry 3191000/10373340 (30.7615%)
entry 3192000/10373340 (30.7712%)
entry 3193000/10373340 (30.7808%)
entry 3194000/10373340 (30.7905%)
entry 3195000/10373340 (30.8001%)
entry 3196000/10373340 (30.8097%)
entry 3197000/10373340 (30.8194%)
entry 3198000/10373340 (30.829%)
entry 3199000/10373340 (30.8387%)
entry 3200000/10373340 (30.8483%)
entry 3201000/10373340 (30.858%)
entry 3202000/10373340 (30.8676%)
entry 3203000/10373340 (30.8772%)
entry 3204000/10373340 (30.8869%)
entry 3205000/10373340 (30.8965%)
entry 3207000/10373340 (30.9158%)
entry 3212000/10373340 (30.964%)
entry 3213000/10373340 (30.9736%)
entry 3215000/10373340 (30.9929%)
entry 3216000/10373340 (31.0026%)
entry 3217000/10373340 (31.0122%)
entry 3219000/10373340 (31.0315%)
entry 3221000/10373340 (31.0508%)
entry 3222000/10373340 (31.0604%)
entry 3224000/10373340 (31.0797%)
entry 3227000/10373340 (31.1086%)
entry 3228000/10373340 (31.1182%)
entry 3231000/10373340 (31.1472%)
entry 3232000/10373340 (31.1568%)
entry 3233000/10373340 (31.1664%)
entry 3235000/10373340 (31.1857%)
entry 3236000/10373340 (31.1954%)
entry 3241000/10373340 (31.2436%)
entry 3242000/10373340 (31.2532%)
entry 3243000/10373340 (31.2628%)
entry 3244000/10373340 (31.2725%)
entry 3245000/10373340 (31.2821%)
entry 3246000/10373340 (31.2918%)
entry 3247000/10373340 (31.3014%)
entry 3248000/10373340 (31.311%)
entry 3249000/10373340 (31.3207%)
entry 3250000/10373340 (31.3303%)
entry 3253000/10373340 (31.3592%)
entry 3255000/10373340 (31.3785%)
entry 3256000/10373340 (31.3882%)
entry 3257000/10373340 (31.3978%)
entry 3259000/10373340 (31.4171%)
entry 3260000/10373340 (31.4267%)
entry 3262000/10373340 (31.446%)
entry 3263000/10373340 (31.4556%)
entry 3264000/10373340 (31.4653%)
entry 3265000/10373340 (31.4749%)
entry 3266000/10373340 (31.4846%)
entry 3267000/10373340 (31.4942%)
entry 3268000/10373340 (31.5038%)
entry 3269000/10373340 (31.5135%)
entry 3270000/10373340 (31.5231%)
entry 3271000/10373340 (31.5328%)
entry 3272000/10373340 (31.5424%)
entry 3273000/10373340 (31.552%)
entry 3274000/10373340 (31.5617%)
entry 3275000/10373340 (31.5713%)
entry 3276000/10373340 (31.581%)
entry 3277000/10373340 (31.5906%)
entry 3279000/10373340 (31.6099%)
entry 3280000/10373340 (31.6195%)
entry 3281000/10373340 (31.6292%)
entry 3282000/10373340 (31.6388%)
entry 3283000/10373340 (31.6484%)
entry 3286000/10373340 (31.6774%)
entry 3287000/10373340 (31.687%)
entry 3289000/10373340 (31.7063%)
entry 3290000/10373340 (31.7159%)
entry 3293000/10373340 (31.7448%)
entry 3294000/10373340 (31.7545%)
entry 3295000/10373340 (31.7641%)
entry 3297000/10373340 (31.7834%)
entry 3298000/10373340 (31.793%)
entry 3300000/10373340 (31.8123%)
entry 3301000/10373340 (31.822%)
entry 3302000/10373340 (31.8316%)
entry 3307000/10373340 (31.8798%)
entry 3310000/10373340 (31.9087%)
entry 3314000/10373340 (31.9473%)
entry 3316000/10373340 (31.9666%)
entry 3318000/10373340 (31.9858%)
entry 3320000/10373340 (32.0051%)
entry 3321000/10373340 (32.0148%)
entry 3323000/10373340 (32.034%)
entry 3325000/10373340 (32.0533%)
entry 3326000/10373340 (32.063%)
entry 3327000/10373340 (32.0726%)
entry 3328000/10373340 (32.0822%)
entry 3329000/10373340 (32.0919%)
entry 3330000/10373340 (32.1015%)
entry 3332000/10373340 (32.1208%)
entry 3333000/10373340 (32.1304%)
entry 3334000/10373340 (32.1401%)
entry 3335000/10373340 (32.1497%)
entry 3336000/10373340 (32.1594%)
entry 3339000/10373340 (32.1883%)
entry 3341000/10373340 (32.2076%)
entry 3342000/10373340 (32.2172%)
entry 3344000/10373340 (32.2365%)
entry 3345000/10373340 (32.2461%)
entry 3346000/10373340 (32.2558%)
entry 3347000/10373340 (32.2654%)
entry 3348000/10373340 (32.275%)
entry 3349000/10373340 (32.2847%)
entry 3351000/10373340 (32.304%)
entry 3352000/10373340 (32.3136%)
entry 3355000/10373340 (32.3425%)
entry 3356000/10373340 (32.3522%)
entry 3358000/10373340 (32.3714%)
entry 3359000/10373340 (32.3811%)
entry 3362000/10373340 (32.41%)
entry 3363000/10373340 (32.4196%)
entry 3364000/10373340 (32.4293%)
entry 3365000/10373340 (32.4389%)
entry 3366000/10373340 (32.4486%)
entry 3367000/10373340 (32.4582%)
entry 3368000/10373340 (32.4678%)
entry 3371000/10373340 (32.4968%)
entry 3372000/10373340 (32.5064%)
entry 3373000/10373340 (32.516%)
entry 3374000/10373340 (32.5257%)
entry 3375000/10373340 (32.5353%)
entry 3376000/10373340 (32.545%)
entry 3377000/10373340 (32.5546%)
entry 3378000/10373340 (32.5642%)
entry 3379000/10373340 (32.5739%)
entry 3380000/10373340 (32.5835%)
entry 3383000/10373340 (32.6124%)
entry 3384000/10373340 (32.6221%)
entry 3385000/10373340 (32.6317%)
entry 3387000/10373340 (32.651%)
entry 3389000/10373340 (32.6703%)
entry 3390000/10373340 (32.6799%)
entry 3393000/10373340 (32.7088%)
entry 3395000/10373340 (32.7281%)
entry 3397000/10373340 (32.7474%)
entry 3398000/10373340 (32.757%)
entry 3399000/10373340 (32.7667%)
entry 3400000/10373340 (32.7763%)
entry 3401000/10373340 (32.786%)
entry 3402000/10373340 (32.7956%)
entry 3404000/10373340 (32.8149%)
entry 3405000/10373340 (32.8245%)
entry 3406000/10373340 (32.8342%)
entry 3408000/10373340 (32.8534%)
entry 3409000/10373340 (32.8631%)
entry 3410000/10373340 (32.8727%)
entry 3413000/10373340 (32.9017%)
entry 3414000/10373340 (32.9113%)
entry 3415000/10373340 (32.9209%)
entry 3416000/10373340 (32.9306%)
entry 3417000/10373340 (32.9402%)
entry 3418000/10373340 (32.9498%)
entry 3421000/10373340 (32.9788%)
entry 3423000/10373340 (32.9981%)
entry 3424000/10373340 (33.0077%)
entry 3426000/10373340 (33.027%)
entry 3427000/10373340 (33.0366%)
entry 3428000/10373340 (33.0463%)
entry 3429000/10373340 (33.0559%)
entry 3430000/10373340 (33.0655%)
entry 3432000/10373340 (33.0848%)
entry 3433000/10373340 (33.0945%)
entry 3435000/10373340 (33.1137%)
entry 3438000/10373340 (33.1427%)
entry 3439000/10373340 (33.1523%)
entry 3440000/10373340 (33.1619%)
entry 3442000/10373340 (33.1812%)
entry 3443000/10373340 (33.1909%)
entry 3444000/10373340 (33.2005%)
entry 3446000/10373340 (33.2198%)
entry 3447000/10373340 (33.2294%)
entry 3448000/10373340 (33.2391%)
entry 3449000/10373340 (33.2487%)
entry 3451000/10373340 (33.268%)
entry 3452000/10373340 (33.2776%)
entry 3453000/10373340 (33.2873%)
entry 3455000/10373340 (33.3065%)
entry 3456000/10373340 (33.3162%)
entry 3458000/10373340 (33.3355%)
entry 3459000/10373340 (33.3451%)
entry 3461000/10373340 (33.3644%)
entry 3462000/10373340 (33.374%)
entry 3463000/10373340 (33.3837%)
entry 3465000/10373340 (33.4029%)
entry 3468000/10373340 (33.4319%)
entry 3470000/10373340 (33.4511%)
entry 3472000/10373340 (33.4704%)
entry 3479000/10373340 (33.5379%)
entry 3480000/10373340 (33.5475%)
entry 3481000/10373340 (33.5572%)
entry 3482000/10373340 (33.5668%)
entry 3483000/10373340 (33.5765%)
entry 3484000/10373340 (33.5861%)
entry 3486000/10373340 (33.6054%)
entry 3488000/10373340 (33.6247%)
entry 3489000/10373340 (33.6343%)
entry 3490000/10373340 (33.6439%)
entry 3492000/10373340 (33.6632%)
entry 3495000/10373340 (33.6921%)
entry 3496000/10373340 (33.7018%)
entry 3497000/10373340 (33.7114%)
entry 3502000/10373340 (33.7596%)
entry 3503000/10373340 (33.7693%)
entry 3504000/10373340 (33.7789%)
entry 3507000/10373340 (33.8078%)
entry 3508000/10373340 (33.8175%)
entry 3510000/10373340 (33.8367%)
entry 3511000/10373340 (33.8464%)
entry 3512000/10373340 (33.856%)
entry 3513000/10373340 (33.8657%)
entry 3514000/10373340 (33.8753%)
entry 3515000/10373340 (33.8849%)
entry 3517000/10373340 (33.9042%)
entry 3520000/10373340 (33.9331%)
entry 3521000/10373340 (33.9428%)
entry 3522000/10373340 (33.9524%)
entry 3523000/10373340 (33.9621%)
entry 3527000/10373340 (34.0006%)
entry 3528000/10373340 (34.0103%)
entry 3529000/10373340 (34.0199%)
entry 3532000/10373340 (34.0488%)
entry 3533000/10373340 (34.0585%)
entry 3536000/10373340 (34.0874%)
entry 3538000/10373340 (34.1067%)
entry 3539000/10373340 (34.1163%)
entry 3540000/10373340 (34.1259%)
entry 3541000/10373340 (34.1356%)
entry 3542000/10373340 (34.1452%)
entry 3546000/10373340 (34.1838%)
entry 3548000/10373340 (34.2031%)
entry 3550000/10373340 (34.2223%)
entry 3551000/10373340 (34.232%)
entry 3555000/10373340 (34.2705%)
entry 3556000/10373340 (34.2802%)
entry 3559000/10373340 (34.3091%)
entry 3560000/10373340 (34.3187%)
entry 3562000/10373340 (34.338%)
entry 3564000/10373340 (34.3573%)
entry 3565000/10373340 (34.3669%)
entry 3567000/10373340 (34.3862%)
entry 3569000/10373340 (34.4055%)
entry 3570000/10373340 (34.4151%)
entry 3572000/10373340 (34.4344%)
entry 3573000/10373340 (34.4441%)
entry 3574000/10373340 (34.4537%)
entry 3575000/10373340 (34.4633%)
entry 3577000/10373340 (34.4826%)
entry 3578000/10373340 (34.4923%)
entry 3579000/10373340 (34.5019%)
entry 3580000/10373340 (34.5115%)
entry 3582000/10373340 (34.5308%)
entry 3585000/10373340 (34.5597%)
entry 3586000/10373340 (34.5694%)
entry 3587000/10373340 (34.579%)
entry 3588000/10373340 (34.5887%)
entry 3589000/10373340 (34.5983%)
entry 3591000/10373340 (34.6176%)
entry 3593000/10373340 (34.6369%)
entry 3594000/10373340 (34.6465%)
entry 3595000/10373340 (34.6561%)
entry 3596000/10373340 (34.6658%)
entry 3598000/10373340 (34.6851%)
entry 3600000/10373340 (34.7043%)
entry 3601000/10373340 (34.714%)
entry 3603000/10373340 (34.7333%)
entry 3608000/10373340 (34.7815%)
entry 3609000/10373340 (34.7911%)
entry 3611000/10373340 (34.8104%)
entry 3612000/10373340 (34.82%)
entry 3614000/10373340 (34.8393%)
entry 3615000/10373340 (34.8489%)
entry 3616000/10373340 (34.8586%)
entry 3618000/10373340 (34.8779%)
entry 3619000/10373340 (34.8875%)
entry 3620000/10373340 (34.8971%)
entry 3622000/10373340 (34.9164%)
entry 3623000/10373340 (34.9261%)
entry 3624000/10373340 (34.9357%)
entry 3625000/10373340 (34.9454%)
entry 3627000/10373340 (34.9646%)
entry 3628000/10373340 (34.9743%)
entry 3630000/10373340 (34.9936%)
entry 3631000/10373340 (35.0032%)
entry 3632000/10373340 (35.0128%)
entry 3634000/10373340 (35.0321%)
entry 3635000/10373340 (35.0418%)
entry 3639000/10373340 (35.0803%)
entry 3640000/10373340 (35.09%)
entry 3641000/10373340 (35.0996%)
entry 3642000/10373340 (35.1092%)
entry 3643000/10373340 (35.1189%)
entry 3645000/10373340 (35.1382%)
entry 3646000/10373340 (35.1478%)
entry 3647000/10373340 (35.1574%)
entry 3648000/10373340 (35.1671%)
entry 3649000/10373340 (35.1767%)
entry 3650000/10373340 (35.1864%)
entry 3651000/10373340 (35.196%)
entry 3652000/10373340 (35.2056%)
entry 3653000/10373340 (35.2153%)
entry 3654000/10373340 (35.2249%)
entry 3655000/10373340 (35.2346%)
entry 3656000/10373340 (35.2442%)
entry 3658000/10373340 (35.2635%)
entry 3664000/10373340 (35.3213%)
entry 3666000/10373340 (35.3406%)
entry 3669000/10373340 (35.3695%)
entry 3670000/10373340 (35.3792%)
entry 3671000/10373340 (35.3888%)
entry 3672000/10373340 (35.3984%)
entry 3673000/10373340 (35.4081%)
entry 3674000/10373340 (35.4177%)
entry 3676000/10373340 (35.437%)
entry 3678000/10373340 (35.4563%)
entry 3679000/10373340 (35.4659%)
entry 3681000/10373340 (35.4852%)
entry 3682000/10373340 (35.4948%)
entry 3684000/10373340 (35.5141%)
entry 3685000/10373340 (35.5238%)
entry 3691000/10373340 (35.5816%)
entry 3692000/10373340 (35.5912%)
entry 3693000/10373340 (35.6009%)
entry 3695000/10373340 (35.6202%)
entry 3696000/10373340 (35.6298%)
entry 3697000/10373340 (35.6394%)
entry 3699000/10373340 (35.6587%)
entry 3700000/10373340 (35.6684%)
entry 3701000/10373340 (35.678%)
entry 3702000/10373340 (35.6876%)
entry 3703000/10373340 (35.6973%)
entry 3704000/10373340 (35.7069%)
entry 3706000/10373340 (35.7262%)
entry 3707000/10373340 (35.7358%)
entry 3711000/10373340 (35.7744%)
entry 3713000/10373340 (35.7937%)
entry 3716000/10373340 (35.8226%)
entry 3717000/10373340 (35.8322%)
entry 3718000/10373340 (35.8419%)
entry 3720000/10373340 (35.8612%)
entry 3721000/10373340 (35.8708%)
entry 3722000/10373340 (35.8804%)
entry 3724000/10373340 (35.8997%)
entry 3727000/10373340 (35.9286%)
entry 3728000/10373340 (35.9383%)
entry 3729000/10373340 (35.9479%)
entry 3730000/10373340 (35.9576%)
entry 3733000/10373340 (35.9865%)
entry 3734000/10373340 (35.9961%)
entry 3735000/10373340 (36.0058%)
entry 3738000/10373340 (36.0347%)
entry 3739000/10373340 (36.0443%)
entry 3742000/10373340 (36.0732%)
entry 3745000/10373340 (36.1022%)
entry 3746000/10373340 (36.1118%)
entry 3750000/10373340 (36.1504%)
entry 3751000/10373340 (36.16%)
entry 3752000/10373340 (36.1696%)
entry 3753000/10373340 (36.1793%)
entry 3754000/10373340 (36.1889%)
entry 3755000/10373340 (36.1986%)
entry 3757000/10373340 (36.2178%)
entry 3758000/10373340 (36.2275%)
entry 3759000/10373340 (36.2371%)
entry 3762000/10373340 (36.266%)
entry 3763000/10373340 (36.2757%)
entry 3764000/10373340 (36.2853%)
entry 3766000/10373340 (36.3046%)
entry 3767000/10373340 (36.3142%)
entry 3768000/10373340 (36.3239%)
entry 3769000/10373340 (36.3335%)
entry 3770000/10373340 (36.3432%)
entry 3771000/10373340 (36.3528%)
entry 3773000/10373340 (36.3721%)
entry 3775000/10373340 (36.3914%)
entry 3776000/10373340 (36.401%)
entry 3777000/10373340 (36.4106%)
entry 3778000/10373340 (36.4203%)
entry 3780000/10373340 (36.4396%)
entry 3781000/10373340 (36.4492%)
entry 3782000/10373340 (36.4588%)
entry 3783000/10373340 (36.4685%)
entry 3784000/10373340 (36.4781%)
entry 3786000/10373340 (36.4974%)
entry 3787000/10373340 (36.507%)
entry 3788000/10373340 (36.5167%)
entry 3789000/10373340 (36.5263%)
entry 3792000/10373340 (36.5552%)
entry 3793000/10373340 (36.5649%)
entry 3794000/10373340 (36.5745%)
entry 3796000/10373340 (36.5938%)
entry 3797000/10373340 (36.6034%)
entry 3800000/10373340 (36.6324%)
entry 3802000/10373340 (36.6516%)
entry 3803000/10373340 (36.6613%)
entry 3806000/10373340 (36.6902%)
entry 3807000/10373340 (36.6998%)
entry 3810000/10373340 (36.7288%)
entry 3811000/10373340 (36.7384%)
entry 3812000/10373340 (36.748%)
entry 3814000/10373340 (36.7673%)
entry 3815000/10373340 (36.777%)
entry 3816000/10373340 (36.7866%)
entry 3818000/10373340 (36.8059%)
entry 3819000/10373340 (36.8155%)
entry 3820000/10373340 (36.8252%)
entry 3822000/10373340 (36.8445%)
entry 3824000/10373340 (36.8637%)
entry 3825000/10373340 (36.8734%)
entry 3829000/10373340 (36.9119%)
entry 3830000/10373340 (36.9216%)
entry 3835000/10373340 (36.9698%)
entry 3837000/10373340 (36.9891%)
entry 3839000/10373340 (37.0083%)
entry 3841000/10373340 (37.0276%)
entry 3843000/10373340 (37.0469%)
entry 3844000/10373340 (37.0565%)
entry 3846000/10373340 (37.0758%)
entry 3851000/10373340 (37.124%)
entry 3852000/10373340 (37.1337%)
entry 3853000/10373340 (37.1433%)
entry 3856000/10373340 (37.1722%)
entry 3861000/10373340 (37.2204%)
entry 3864000/10373340 (37.2493%)
entry 3865000/10373340 (37.259%)
entry 3867000/10373340 (37.2783%)
entry 3868000/10373340 (37.2879%)
entry 3869000/10373340 (37.2975%)
entry 3871000/10373340 (37.3168%)
entry 3872000/10373340 (37.3265%)
entry 3873000/10373340 (37.3361%)
entry 3874000/10373340 (37.3457%)
entry 3875000/10373340 (37.3554%)
entry 3876000/10373340 (37.365%)
entry 3877000/10373340 (37.3747%)
entry 3879000/10373340 (37.3939%)
entry 3880000/10373340 (37.4036%)
entry 3881000/10373340 (37.4132%)
entry 3882000/10373340 (37.4229%)
entry 3883000/10373340 (37.4325%)
entry 3884000/10373340 (37.4421%)
entry 3885000/10373340 (37.4518%)
entry 3888000/10373340 (37.4807%)
entry 3889000/10373340 (37.4903%)
entry 3892000/10373340 (37.5193%)
entry 3895000/10373340 (37.5482%)
entry 3898000/10373340 (37.5771%)
entry 3900000/10373340 (37.5964%)
entry 3901000/10373340 (37.606%)
entry 3902000/10373340 (37.6157%)
entry 3904000/10373340 (37.6349%)
entry 3907000/10373340 (37.6639%)
entry 3909000/10373340 (37.6831%)
entry 3910000/10373340 (37.6928%)
entry 3912000/10373340 (37.7121%)
entry 3913000/10373340 (37.7217%)
entry 3914000/10373340 (37.7313%)
entry 3915000/10373340 (37.741%)
entry 3916000/10373340 (37.7506%)
entry 3919000/10373340 (37.7795%)
entry 3920000/10373340 (37.7892%)
entry 3921000/10373340 (37.7988%)
entry 3922000/10373340 (37.8085%)
entry 3923000/10373340 (37.8181%)
entry 3924000/10373340 (37.8277%)
entry 3925000/10373340 (37.8374%)
entry 3927000/10373340 (37.8567%)
entry 3930000/10373340 (37.8856%)
entry 3932000/10373340 (37.9049%)
entry 3933000/10373340 (37.9145%)
entry 3934000/10373340 (37.9241%)
entry 3935000/10373340 (37.9338%)
entry 3936000/10373340 (37.9434%)
entry 3937000/10373340 (37.9531%)
entry 3940000/10373340 (37.982%)
entry 3941000/10373340 (37.9916%)
entry 3942000/10373340 (38.0013%)
entry 3944000/10373340 (38.0205%)
entry 3945000/10373340 (38.0302%)
entry 3946000/10373340 (38.0398%)
entry 3947000/10373340 (38.0495%)
entry 3950000/10373340 (38.0784%)
entry 3951000/10373340 (38.088%)
entry 3955000/10373340 (38.1266%)
entry 3956000/10373340 (38.1362%)
entry 3957000/10373340 (38.1459%)
entry 3958000/10373340 (38.1555%)
entry 3959000/10373340 (38.1651%)
entry 3961000/10373340 (38.1844%)
entry 3962000/10373340 (38.1941%)
entry 3963000/10373340 (38.2037%)
entry 3964000/10373340 (38.2133%)
entry 3968000/10373340 (38.2519%)
entry 3969000/10373340 (38.2615%)
entry 3970000/10373340 (38.2712%)
entry 3971000/10373340 (38.2808%)
entry 3972000/10373340 (38.2905%)
entry 3974000/10373340 (38.3097%)
entry 3975000/10373340 (38.3194%)
entry 3976000/10373340 (38.329%)
entry 3977000/10373340 (38.3387%)
entry 3979000/10373340 (38.3579%)
entry 3980000/10373340 (38.3676%)
entry 3982000/10373340 (38.3869%)
entry 3983000/10373340 (38.3965%)
entry 3984000/10373340 (38.4061%)
entry 3986000/10373340 (38.4254%)
entry 3990000/10373340 (38.464%)
entry 3991000/10373340 (38.4736%)
entry 3992000/10373340 (38.4833%)
entry 3993000/10373340 (38.4929%)
entry 3997000/10373340 (38.5315%)
entry 4002000/10373340 (38.5797%)
entry 4004000/10373340 (38.5989%)
entry 4006000/10373340 (38.6182%)
entry 4008000/10373340 (38.6375%)
entry 4009000/10373340 (38.6471%)
entry 4011000/10373340 (38.6664%)
entry 4013000/10373340 (38.6857%)
entry 4014000/10373340 (38.6953%)
entry 4015000/10373340 (38.705%)
entry 4017000/10373340 (38.7243%)
entry 4018000/10373340 (38.7339%)
entry 4019000/10373340 (38.7435%)
entry 4020000/10373340 (38.7532%)
entry 4021000/10373340 (38.7628%)
entry 4022000/10373340 (38.7725%)
entry 4023000/10373340 (38.7821%)
entry 4024000/10373340 (38.7917%)
entry 4025000/10373340 (38.8014%)
entry 4026000/10373340 (38.811%)
entry 4027000/10373340 (38.8207%)
entry 4030000/10373340 (38.8496%)
entry 4031000/10373340 (38.8592%)
entry 4032000/10373340 (38.8689%)
entry 4034000/10373340 (38.8882%)
entry 4036000/10373340 (38.9074%)
entry 4039000/10373340 (38.9363%)
entry 4042000/10373340 (38.9653%)
entry 4043000/10373340 (38.9749%)
entry 4044000/10373340 (38.9846%)
entry 4045000/10373340 (38.9942%)
entry 4046000/10373340 (39.0038%)
entry 4047000/10373340 (39.0135%)
entry 4048000/10373340 (39.0231%)
entry 4049000/10373340 (39.0328%)
entry 4051000/10373340 (39.052%)
entry 4052000/10373340 (39.0617%)
entry 4053000/10373340 (39.0713%)
entry 4054000/10373340 (39.081%)
entry 4055000/10373340 (39.0906%)
entry 4058000/10373340 (39.1195%)
entry 4059000/10373340 (39.1292%)
entry 4060000/10373340 (39.1388%)
entry 4061000/10373340 (39.1484%)
entry 4063000/10373340 (39.1677%)
entry 4064000/10373340 (39.1774%)
entry 4065000/10373340 (39.187%)
entry 4066000/10373340 (39.1966%)
entry 4067000/10373340 (39.2063%)
entry 4068000/10373340 (39.2159%)
entry 4069000/10373340 (39.2256%)
entry 4070000/10373340 (39.2352%)
entry 4071000/10373340 (39.2448%)
entry 4074000/10373340 (39.2738%)
entry 4078000/10373340 (39.3123%)
entry 4079000/10373340 (39.322%)
entry 4080000/10373340 (39.3316%)
entry 4083000/10373340 (39.3605%)
entry 4084000/10373340 (39.3702%)
entry 4086000/10373340 (39.3894%)
entry 4087000/10373340 (39.3991%)
entry 4089000/10373340 (39.4184%)
entry 4090000/10373340 (39.428%)
entry 4092000/10373340 (39.4473%)
entry 4093000/10373340 (39.4569%)
entry 4094000/10373340 (39.4666%)
entry 4095000/10373340 (39.4762%)
entry 4096000/10373340 (39.4858%)
entry 4097000/10373340 (39.4955%)
entry 4098000/10373340 (39.5051%)
entry 4099000/10373340 (39.5148%)
entry 4100000/10373340 (39.5244%)
entry 4101000/10373340 (39.534%)
entry 4103000/10373340 (39.5533%)
entry 4104000/10373340 (39.563%)
entry 4106000/10373340 (39.5822%)
entry 4107000/10373340 (39.5919%)
entry 4108000/10373340 (39.6015%)
entry 4109000/10373340 (39.6112%)
entry 4110000/10373340 (39.6208%)
entry 4111000/10373340 (39.6304%)
entry 4112000/10373340 (39.6401%)
entry 4113000/10373340 (39.6497%)
entry 4115000/10373340 (39.669%)
entry 4116000/10373340 (39.6786%)
entry 4117000/10373340 (39.6883%)
entry 4119000/10373340 (39.7076%)
entry 4121000/10373340 (39.7268%)
entry 4122000/10373340 (39.7365%)
entry 4125000/10373340 (39.7654%)
entry 4126000/10373340 (39.775%)
entry 4128000/10373340 (39.7943%)
entry 4133000/10373340 (39.8425%)
entry 4134000/10373340 (39.8522%)
entry 4138000/10373340 (39.8907%)
entry 4140000/10373340 (39.91%)
entry 4141000/10373340 (39.9196%)
entry 4143000/10373340 (39.9389%)
entry 4144000/10373340 (39.9486%)
entry 4145000/10373340 (39.9582%)
entry 4149000/10373340 (39.9968%)
entry 4150000/10373340 (40.0064%)
entry 4154000/10373340 (40.045%)
entry 4155000/10373340 (40.0546%)
entry 4156000/10373340 (40.0642%)
entry 4158000/10373340 (40.0835%)
entry 4162000/10373340 (40.1221%)
entry 4164000/10373340 (40.1414%)
entry 4165000/10373340 (40.151%)
entry 4166000/10373340 (40.1606%)
entry 4167000/10373340 (40.1703%)
entry 4169000/10373340 (40.1896%)
entry 4173000/10373340 (40.2281%)
entry 4176000/10373340 (40.257%)
entry 4177000/10373340 (40.2667%)
entry 4178000/10373340 (40.2763%)
entry 4180000/10373340 (40.2956%)
entry 4182000/10373340 (40.3149%)
entry 4184000/10373340 (40.3342%)
entry 4185000/10373340 (40.3438%)
entry 4190000/10373340 (40.392%)
entry 4192000/10373340 (40.4113%)
entry 4193000/10373340 (40.4209%)
entry 4194000/10373340 (40.4306%)
entry 4196000/10373340 (40.4498%)
entry 4197000/10373340 (40.4595%)
entry 4198000/10373340 (40.4691%)
entry 4199000/10373340 (40.4788%)
entry 4200000/10373340 (40.4884%)
entry 4201000/10373340 (40.498%)
entry 4202000/10373340 (40.5077%)
entry 4203000/10373340 (40.5173%)
entry 4205000/10373340 (40.5366%)
entry 4206000/10373340 (40.5462%)
entry 4210000/10373340 (40.5848%)
entry 4212000/10373340 (40.6041%)
entry 4213000/10373340 (40.6137%)
entry 4214000/10373340 (40.6234%)
entry 4216000/10373340 (40.6426%)
entry 4217000/10373340 (40.6523%)
entry 4218000/10373340 (40.6619%)
entry 4221000/10373340 (40.6908%)
entry 4225000/10373340 (40.7294%)
entry 4226000/10373340 (40.739%)
entry 4227000/10373340 (40.7487%)
entry 4228000/10373340 (40.7583%)
entry 4229000/10373340 (40.768%)
entry 4230000/10373340 (40.7776%)
entry 4234000/10373340 (40.8162%)
entry 4235000/10373340 (40.8258%)
entry 4236000/10373340 (40.8354%)
entry 4237000/10373340 (40.8451%)
entry 4238000/10373340 (40.8547%)
entry 4239000/10373340 (40.8644%)
entry 4240000/10373340 (40.874%)
entry 4243000/10373340 (40.9029%)
entry 4244000/10373340 (40.9126%)
entry 4245000/10373340 (40.9222%)
entry 4246000/10373340 (40.9319%)
entry 4247000/10373340 (40.9415%)
entry 4248000/10373340 (40.9511%)
entry 4250000/10373340 (40.9704%)
entry 4253000/10373340 (40.9993%)
entry 4256000/10373340 (41.0283%)
entry 4257000/10373340 (41.0379%)
entry 4259000/10373340 (41.0572%)
entry 4262000/10373340 (41.0861%)
entry 4265000/10373340 (41.115%)
entry 4266000/10373340 (41.1247%)
entry 4267000/10373340 (41.1343%)
entry 4268000/10373340 (41.1439%)
entry 4269000/10373340 (41.1536%)
entry 4270000/10373340 (41.1632%)
entry 4271000/10373340 (41.1729%)
entry 4274000/10373340 (41.2018%)
entry 4275000/10373340 (41.2114%)
entry 4276000/10373340 (41.2211%)
entry 4277000/10373340 (41.2307%)
entry 4279000/10373340 (41.25%)
entry 4282000/10373340 (41.2789%)
entry 4283000/10373340 (41.2885%)
entry 4286000/10373340 (41.3175%)
entry 4287000/10373340 (41.3271%)
entry 4288000/10373340 (41.3367%)
entry 4289000/10373340 (41.3464%)
entry 4290000/10373340 (41.356%)
entry 4291000/10373340 (41.3657%)
entry 4292000/10373340 (41.3753%)
entry 4293000/10373340 (41.3849%)
entry 4297000/10373340 (41.4235%)
entry 4299000/10373340 (41.4428%)
entry 4302000/10373340 (41.4717%)
entry 4304000/10373340 (41.491%)
entry 4306000/10373340 (41.5103%)
entry 4307000/10373340 (41.5199%)
entry 4313000/10373340 (41.5777%)
entry 4314000/10373340 (41.5874%)
entry 4315000/10373340 (41.597%)
entry 4318000/10373340 (41.6259%)
entry 4319000/10373340 (41.6356%)
entry 4320000/10373340 (41.6452%)
entry 4321000/10373340 (41.6549%)
entry 4322000/10373340 (41.6645%)
entry 4324000/10373340 (41.6838%)
entry 4325000/10373340 (41.6934%)
entry 4327000/10373340 (41.7127%)
entry 4328000/10373340 (41.7223%)
entry 4330000/10373340 (41.7416%)
entry 4331000/10373340 (41.7513%)
entry 4332000/10373340 (41.7609%)
entry 4336000/10373340 (41.7995%)
entry 4338000/10373340 (41.8187%)
entry 4339000/10373340 (41.8284%)
entry 4341000/10373340 (41.8477%)
entry 4342000/10373340 (41.8573%)
entry 4343000/10373340 (41.8669%)
entry 4344000/10373340 (41.8766%)
entry 4345000/10373340 (41.8862%)
entry 4346000/10373340 (41.8959%)
entry 4349000/10373340 (41.9248%)
entry 4351000/10373340 (41.9441%)
entry 4352000/10373340 (41.9537%)
entry 4353000/10373340 (41.9633%)
entry 4354000/10373340 (41.973%)
entry 4355000/10373340 (41.9826%)
entry 4357000/10373340 (42.0019%)
entry 4359000/10373340 (42.0212%)
entry 4360000/10373340 (42.0308%)
entry 4362000/10373340 (42.0501%)
entry 4367000/10373340 (42.0983%)
entry 4368000/10373340 (42.1079%)
entry 4370000/10373340 (42.1272%)
entry 4371000/10373340 (42.1369%)
entry 4372000/10373340 (42.1465%)
entry 4373000/10373340 (42.1561%)
entry 4375000/10373340 (42.1754%)
entry 4376000/10373340 (42.1851%)
entry 4377000/10373340 (42.1947%)
entry 4380000/10373340 (42.2236%)
entry 4381000/10373340 (42.2333%)
entry 4383000/10373340 (42.2525%)
entry 4384000/10373340 (42.2622%)
entry 4385000/10373340 (42.2718%)
entry 4386000/10373340 (42.2815%)
entry 4387000/10373340 (42.2911%)
entry 4388000/10373340 (42.3007%)
entry 4390000/10373340 (42.32%)
entry 4391000/10373340 (42.3297%)
entry 4393000/10373340 (42.3489%)
entry 4394000/10373340 (42.3586%)
entry 4395000/10373340 (42.3682%)
entry 4396000/10373340 (42.3779%)
entry 4397000/10373340 (42.3875%)
entry 4398000/10373340 (42.3971%)
entry 4399000/10373340 (42.4068%)
entry 4402000/10373340 (42.4357%)
entry 4403000/10373340 (42.4453%)
entry 4406000/10373340 (42.4743%)
entry 4408000/10373340 (42.4935%)
entry 4409000/10373340 (42.5032%)
entry 4410000/10373340 (42.5128%)
entry 4414000/10373340 (42.5514%)
entry 4415000/10373340 (42.561%)
entry 4416000/10373340 (42.5707%)
entry 4417000/10373340 (42.5803%)
entry 4419000/10373340 (42.5996%)
entry 4420000/10373340 (42.6092%)
entry 4423000/10373340 (42.6381%)
entry 4424000/10373340 (42.6478%)
entry 4425000/10373340 (42.6574%)
entry 4427000/10373340 (42.6767%)
entry 4428000/10373340 (42.6863%)
entry 4429000/10373340 (42.696%)
entry 4430000/10373340 (42.7056%)
entry 4432000/10373340 (42.7249%)
entry 4433000/10373340 (42.7345%)
entry 4435000/10373340 (42.7538%)
entry 4437000/10373340 (42.7731%)
entry 4438000/10373340 (42.7827%)
entry 4440000/10373340 (42.802%)
entry 4445000/10373340 (42.8502%)
entry 4446000/10373340 (42.8599%)
entry 4447000/10373340 (42.8695%)
entry 4448000/10373340 (42.8791%)
entry 4449000/10373340 (42.8888%)
entry 4450000/10373340 (42.8984%)
entry 4451000/10373340 (42.9081%)
entry 4452000/10373340 (42.9177%)
entry 4455000/10373340 (42.9466%)
entry 4457000/10373340 (42.9659%)
entry 4459000/10373340 (42.9852%)
entry 4461000/10373340 (43.0045%)
entry 4462000/10373340 (43.0141%)
entry 4463000/10373340 (43.0238%)
entry 4465000/10373340 (43.043%)
entry 4467000/10373340 (43.0623%)
entry 4468000/10373340 (43.072%)
entry 4469000/10373340 (43.0816%)
entry 4470000/10373340 (43.0912%)
entry 4472000/10373340 (43.1105%)
entry 4473000/10373340 (43.1202%)
entry 4475000/10373340 (43.1394%)
entry 4477000/10373340 (43.1587%)
entry 4479000/10373340 (43.178%)
entry 4480000/10373340 (43.1876%)
entry 4482000/10373340 (43.2069%)
entry 4484000/10373340 (43.2262%)
entry 4486000/10373340 (43.2455%)
entry 4492000/10373340 (43.3033%)
entry 4493000/10373340 (43.313%)
entry 4495000/10373340 (43.3322%)
entry 4497000/10373340 (43.3515%)
entry 4498000/10373340 (43.3612%)
entry 4499000/10373340 (43.3708%)
entry 4500000/10373340 (43.3804%)
entry 4501000/10373340 (43.3901%)
entry 4502000/10373340 (43.3997%)
entry 4504000/10373340 (43.419%)
entry 4505000/10373340 (43.4286%)
entry 4506000/10373340 (43.4383%)
entry 4507000/10373340 (43.4479%)
entry 4508000/10373340 (43.4576%)
entry 4509000/10373340 (43.4672%)
entry 4510000/10373340 (43.4768%)
entry 4511000/10373340 (43.4865%)
entry 4512000/10373340 (43.4961%)
entry 4513000/10373340 (43.5058%)
entry 4514000/10373340 (43.5154%)
entry 4515000/10373340 (43.525%)
entry 4517000/10373340 (43.5443%)
entry 4519000/10373340 (43.5636%)
entry 4520000/10373340 (43.5732%)
entry 4521000/10373340 (43.5829%)
entry 4522000/10373340 (43.5925%)
entry 4523000/10373340 (43.6022%)
entry 4524000/10373340 (43.6118%)
entry 4525000/10373340 (43.6214%)
entry 4526000/10373340 (43.6311%)
entry 4527000/10373340 (43.6407%)
entry 4528000/10373340 (43.6504%)
entry 4530000/10373340 (43.6696%)
entry 4531000/10373340 (43.6793%)
entry 4532000/10373340 (43.6889%)
entry 4534000/10373340 (43.7082%)
entry 4537000/10373340 (43.7371%)
entry 4539000/10373340 (43.7564%)
entry 4542000/10373340 (43.7853%)
entry 4543000/10373340 (43.795%)
entry 4545000/10373340 (43.8142%)
entry 4546000/10373340 (43.8239%)
entry 4547000/10373340 (43.8335%)
entry 4548000/10373340 (43.8432%)
entry 4550000/10373340 (43.8624%)
entry 4551000/10373340 (43.8721%)
entry 4553000/10373340 (43.8914%)
entry 4554000/10373340 (43.901%)
entry 4555000/10373340 (43.9106%)
entry 4558000/10373340 (43.9396%)
entry 4560000/10373340 (43.9588%)
entry 4561000/10373340 (43.9685%)
entry 4562000/10373340 (43.9781%)
entry 4565000/10373340 (44.007%)
entry 4566000/10373340 (44.0167%)
entry 4567000/10373340 (44.0263%)
entry 4569000/10373340 (44.0456%)
entry 4570000/10373340 (44.0552%)
entry 4572000/10373340 (44.0745%)
entry 4573000/10373340 (44.0842%)
entry 4575000/10373340 (44.1034%)
entry 4576000/10373340 (44.1131%)
entry 4580000/10373340 (44.1516%)
entry 4583000/10373340 (44.1806%)
entry 4584000/10373340 (44.1902%)
entry 4585000/10373340 (44.1998%)
entry 4586000/10373340 (44.2095%)
entry 4587000/10373340 (44.2191%)
entry 4592000/10373340 (44.2673%)
entry 4593000/10373340 (44.277%)
entry 4596000/10373340 (44.3059%)
entry 4597000/10373340 (44.3155%)
entry 4598000/10373340 (44.3252%)
entry 4599000/10373340 (44.3348%)
entry 4602000/10373340 (44.3637%)
entry 4603000/10373340 (44.3734%)
entry 4604000/10373340 (44.383%)
entry 4607000/10373340 (44.4119%)
entry 4609000/10373340 (44.4312%)
entry 4610000/10373340 (44.4408%)
entry 4611000/10373340 (44.4505%)
entry 4612000/10373340 (44.4601%)
entry 4613000/10373340 (44.4698%)
entry 4614000/10373340 (44.4794%)
entry 4615000/10373340 (44.489%)
entry 4617000/10373340 (44.5083%)
entry 4618000/10373340 (44.518%)
entry 4619000/10373340 (44.5276%)
entry 4620000/10373340 (44.5372%)
entry 4621000/10373340 (44.5469%)
entry 4622000/10373340 (44.5565%)
entry 4623000/10373340 (44.5662%)
entry 4624000/10373340 (44.5758%)
entry 4626000/10373340 (44.5951%)
entry 4628000/10373340 (44.6144%)
entry 4629000/10373340 (44.624%)
entry 4630000/10373340 (44.6336%)
entry 4631000/10373340 (44.6433%)
entry 4633000/10373340 (44.6626%)
entry 4636000/10373340 (44.6915%)
entry 4637000/10373340 (44.7011%)
entry 4638000/10373340 (44.7108%)
entry 4640000/10373340 (44.73%)
entry 4641000/10373340 (44.7397%)
entry 4642000/10373340 (44.7493%)
entry 4643000/10373340 (44.759%)
entry 4645000/10373340 (44.7782%)
entry 4646000/10373340 (44.7879%)
entry 4649000/10373340 (44.8168%)
entry 4650000/10373340 (44.8264%)
entry 4651000/10373340 (44.8361%)
entry 4652000/10373340 (44.8457%)
entry 4653000/10373340 (44.8554%)
entry 4654000/10373340 (44.865%)
entry 4655000/10373340 (44.8747%)
entry 4656000/10373340 (44.8843%)
entry 4660000/10373340 (44.9228%)
entry 4664000/10373340 (44.9614%)
entry 4667000/10373340 (44.9903%)
entry 4668000/10373340 (45%)
entry 4669000/10373340 (45.0096%)
entry 4671000/10373340 (45.0289%)
entry 4675000/10373340 (45.0675%)
entry 4676000/10373340 (45.0771%)
entry 4678000/10373340 (45.0964%)
entry 4680000/10373340 (45.1157%)
entry 4681000/10373340 (45.1253%)
entry 4682000/10373340 (45.1349%)
entry 4683000/10373340 (45.1446%)
entry 4684000/10373340 (45.1542%)
entry 4685000/10373340 (45.1639%)
entry 4687000/10373340 (45.1831%)
entry 4688000/10373340 (45.1928%)
entry 4689000/10373340 (45.2024%)
entry 4692000/10373340 (45.2313%)
entry 4695000/10373340 (45.2603%)
entry 4697000/10373340 (45.2795%)
entry 4699000/10373340 (45.2988%)
entry 4700000/10373340 (45.3085%)
entry 4701000/10373340 (45.3181%)
entry 4703000/10373340 (45.3374%)
entry 4704000/10373340 (45.347%)
entry 4705000/10373340 (45.3567%)
entry 4707000/10373340 (45.3759%)
entry 4708000/10373340 (45.3856%)
entry 4709000/10373340 (45.3952%)
entry 4710000/10373340 (45.4049%)
entry 4712000/10373340 (45.4241%)
entry 4714000/10373340 (45.4434%)
entry 4716000/10373340 (45.4627%)
entry 4717000/10373340 (45.4723%)
entry 4718000/10373340 (45.482%)
entry 4719000/10373340 (45.4916%)
entry 4720000/10373340 (45.5013%)
entry 4721000/10373340 (45.5109%)
entry 4722000/10373340 (45.5205%)
entry 4724000/10373340 (45.5398%)
entry 4725000/10373340 (45.5495%)
entry 4726000/10373340 (45.5591%)
entry 4728000/10373340 (45.5784%)
entry 4730000/10373340 (45.5977%)
entry 4735000/10373340 (45.6459%)
entry 4739000/10373340 (45.6844%)
entry 4740000/10373340 (45.6941%)
entry 4744000/10373340 (45.7326%)
entry 4746000/10373340 (45.7519%)
entry 4748000/10373340 (45.7712%)
entry 4749000/10373340 (45.7808%)
entry 4750000/10373340 (45.7905%)
entry 4751000/10373340 (45.8001%)
entry 4754000/10373340 (45.829%)
entry 4755000/10373340 (45.8387%)
entry 4756000/10373340 (45.8483%)
entry 4758000/10373340 (45.8676%)
entry 4760000/10373340 (45.8869%)
entry 4761000/10373340 (45.8965%)
entry 4762000/10373340 (45.9061%)
entry 4763000/10373340 (45.9158%)
entry 4765000/10373340 (45.9351%)
entry 4767000/10373340 (45.9543%)
entry 4768000/10373340 (45.964%)
entry 4769000/10373340 (45.9736%)
entry 4770000/10373340 (45.9833%)
entry 4771000/10373340 (45.9929%)
entry 4772000/10373340 (46.0025%)
entry 4774000/10373340 (46.0218%)
entry 4775000/10373340 (46.0315%)
entry 4776000/10373340 (46.0411%)
entry 4777000/10373340 (46.0507%)
entry 4778000/10373340 (46.0604%)
entry 4780000/10373340 (46.0797%)
entry 4781000/10373340 (46.0893%)
entry 4782000/10373340 (46.0989%)
entry 4783000/10373340 (46.1086%)
entry 4786000/10373340 (46.1375%)
entry 4790000/10373340 (46.1761%)
entry 4791000/10373340 (46.1857%)
entry 4792000/10373340 (46.1953%)
entry 4793000/10373340 (46.205%)
entry 4794000/10373340 (46.2146%)
entry 4795000/10373340 (46.2243%)
entry 4796000/10373340 (46.2339%)
entry 4798000/10373340 (46.2532%)
entry 4799000/10373340 (46.2628%)
entry 4800000/10373340 (46.2725%)
entry 4801000/10373340 (46.2821%)
entry 4802000/10373340 (46.2917%)
entry 4804000/10373340 (46.311%)
entry 4805000/10373340 (46.3207%)
entry 4806000/10373340 (46.3303%)
entry 4807000/10373340 (46.3399%)
entry 4808000/10373340 (46.3496%)
entry 4810000/10373340 (46.3689%)
entry 4812000/10373340 (46.3881%)
entry 4813000/10373340 (46.3978%)
entry 4815000/10373340 (46.4171%)
entry 4816000/10373340 (46.4267%)
entry 4818000/10373340 (46.446%)
entry 4819000/10373340 (46.4556%)
entry 4820000/10373340 (46.4653%)
entry 4821000/10373340 (46.4749%)
entry 4823000/10373340 (46.4942%)
entry 4825000/10373340 (46.5135%)
entry 4826000/10373340 (46.5231%)
entry 4827000/10373340 (46.5327%)
entry 4828000/10373340 (46.5424%)
entry 4829000/10373340 (46.552%)
entry 4833000/10373340 (46.5906%)
entry 4834000/10373340 (46.6002%)
entry 4835000/10373340 (46.6099%)
entry 4836000/10373340 (46.6195%)
entry 4838000/10373340 (46.6388%)
entry 4840000/10373340 (46.6581%)
entry 4841000/10373340 (46.6677%)
entry 4842000/10373340 (46.6773%)
entry 4843000/10373340 (46.687%)
entry 4844000/10373340 (46.6966%)
entry 4846000/10373340 (46.7159%)
entry 4847000/10373340 (46.7255%)
entry 4850000/10373340 (46.7545%)
entry 4851000/10373340 (46.7641%)
entry 4852000/10373340 (46.7737%)
entry 4856000/10373340 (46.8123%)
entry 4858000/10373340 (46.8316%)
entry 4859000/10373340 (46.8412%)
entry 4860000/10373340 (46.8509%)
entry 4862000/10373340 (46.8702%)
entry 4864000/10373340 (46.8894%)
entry 4865000/10373340 (46.8991%)
entry 4867000/10373340 (46.9184%)
entry 4868000/10373340 (46.928%)
entry 4869000/10373340 (46.9376%)
entry 4871000/10373340 (46.9569%)
entry 4872000/10373340 (46.9665%)
entry 4873000/10373340 (46.9762%)
entry 4875000/10373340 (46.9955%)
entry 4876000/10373340 (47.0051%)
entry 4878000/10373340 (47.0244%)
entry 4879000/10373340 (47.034%)
entry 4880000/10373340 (47.0437%)
entry 4884000/10373340 (47.0822%)
entry 4887000/10373340 (47.1112%)
entry 4888000/10373340 (47.1208%)
entry 4889000/10373340 (47.1304%)
entry 4890000/10373340 (47.1401%)
entry 4891000/10373340 (47.1497%)
entry 4892000/10373340 (47.1594%)
entry 4894000/10373340 (47.1786%)
entry 4895000/10373340 (47.1883%)
entry 4896000/10373340 (47.1979%)
entry 4900000/10373340 (47.2365%)
entry 4901000/10373340 (47.2461%)
entry 4902000/10373340 (47.2558%)
entry 4903000/10373340 (47.2654%)
entry 4904000/10373340 (47.275%)
entry 4905000/10373340 (47.2847%)
entry 4906000/10373340 (47.2943%)
entry 4910000/10373340 (47.3329%)
entry 4912000/10373340 (47.3522%)
entry 4913000/10373340 (47.3618%)
entry 4915000/10373340 (47.3811%)
entry 4916000/10373340 (47.3907%)
entry 4917000/10373340 (47.4004%)
entry 4919000/10373340 (47.4196%)
entry 4920000/10373340 (47.4293%)
entry 4921000/10373340 (47.4389%)
entry 4922000/10373340 (47.4486%)
entry 4923000/10373340 (47.4582%)
entry 4924000/10373340 (47.4678%)
entry 4925000/10373340 (47.4775%)
entry 4928000/10373340 (47.5064%)
entry 4929000/10373340 (47.516%)
entry 4931000/10373340 (47.5353%)
entry 4932000/10373340 (47.545%)
entry 4933000/10373340 (47.5546%)
entry 4936000/10373340 (47.5835%)
entry 4937000/10373340 (47.5932%)
entry 4939000/10373340 (47.6124%)
entry 4940000/10373340 (47.6221%)
entry 4943000/10373340 (47.651%)
entry 4944000/10373340 (47.6606%)
entry 4947000/10373340 (47.6896%)
entry 4948000/10373340 (47.6992%)
entry 4950000/10373340 (47.7185%)
entry 4954000/10373340 (47.757%)
entry 4955000/10373340 (47.7667%)
entry 4956000/10373340 (47.7763%)
entry 4957000/10373340 (47.786%)
entry 4958000/10373340 (47.7956%)
entry 4959000/10373340 (47.8052%)
entry 4960000/10373340 (47.8149%)
entry 4961000/10373340 (47.8245%)
entry 4962000/10373340 (47.8342%)
entry 4964000/10373340 (47.8534%)
entry 4965000/10373340 (47.8631%)
entry 4966000/10373340 (47.8727%)
entry 4967000/10373340 (47.8824%)
entry 4968000/10373340 (47.892%)
entry 4969000/10373340 (47.9016%)
entry 4970000/10373340 (47.9113%)
entry 4973000/10373340 (47.9402%)
entry 4974000/10373340 (47.9498%)
entry 4975000/10373340 (47.9595%)
entry 4976000/10373340 (47.9691%)
entry 4977000/10373340 (47.9788%)
entry 4979000/10373340 (47.998%)
entry 4980000/10373340 (48.0077%)
entry 4981000/10373340 (48.0173%)
entry 4982000/10373340 (48.027%)
entry 4983000/10373340 (48.0366%)
entry 4984000/10373340 (48.0462%)
entry 4985000/10373340 (48.0559%)
entry 4986000/10373340 (48.0655%)
entry 4987000/10373340 (48.0752%)
entry 4988000/10373340 (48.0848%)
entry 4990000/10373340 (48.1041%)
entry 4992000/10373340 (48.1234%)
entry 4993000/10373340 (48.133%)
entry 4994000/10373340 (48.1426%)
entry 4995000/10373340 (48.1523%)
entry 4996000/10373340 (48.1619%)
entry 4999000/10373340 (48.1908%)
entry 5000000/10373340 (48.2005%)
entry 5003000/10373340 (48.2294%)
entry 5004000/10373340 (48.239%)
entry 5005000/10373340 (48.2487%)
entry 5006000/10373340 (48.2583%)
entry 5009000/10373340 (48.2872%)
entry 5010000/10373340 (48.2969%)
entry 5012000/10373340 (48.3162%)
entry 5014000/10373340 (48.3354%)
entry 5015000/10373340 (48.3451%)
entry 5016000/10373340 (48.3547%)
entry 5017000/10373340 (48.3644%)
entry 5018000/10373340 (48.374%)
entry 5020000/10373340 (48.3933%)
entry 5021000/10373340 (48.4029%)
entry 5023000/10373340 (48.4222%)
entry 5024000/10373340 (48.4318%)
entry 5026000/10373340 (48.4511%)
entry 5027000/10373340 (48.4608%)
entry 5028000/10373340 (48.4704%)
entry 5030000/10373340 (48.4897%)
entry 5031000/10373340 (48.4993%)
entry 5033000/10373340 (48.5186%)
entry 5034000/10373340 (48.5282%)
entry 5037000/10373340 (48.5572%)
entry 5039000/10373340 (48.5764%)
entry 5040000/10373340 (48.5861%)
entry 5041000/10373340 (48.5957%)
entry 5042000/10373340 (48.6054%)
entry 5046000/10373340 (48.6439%)
entry 5047000/10373340 (48.6536%)
entry 5049000/10373340 (48.6728%)
entry 5051000/10373340 (48.6921%)
entry 5054000/10373340 (48.721%)
entry 5055000/10373340 (48.7307%)
entry 5058000/10373340 (48.7596%)
entry 5059000/10373340 (48.7692%)
entry 5060000/10373340 (48.7789%)
entry 5061000/10373340 (48.7885%)
entry 5064000/10373340 (48.8174%)
entry 5065000/10373340 (48.8271%)
entry 5066000/10373340 (48.8367%)
entry 5067000/10373340 (48.8464%)
entry 5069000/10373340 (48.8656%)
entry 5070000/10373340 (48.8753%)
entry 5071000/10373340 (48.8849%)
entry 5072000/10373340 (48.8946%)
entry 5074000/10373340 (48.9139%)
entry 5076000/10373340 (48.9331%)
entry 5078000/10373340 (48.9524%)
entry 5079000/10373340 (48.9621%)
entry 5081000/10373340 (48.9813%)
entry 5082000/10373340 (48.991%)
entry 5084000/10373340 (49.0102%)
entry 5086000/10373340 (49.0295%)
entry 5087000/10373340 (49.0392%)
entry 5091000/10373340 (49.0777%)
entry 5092000/10373340 (49.0874%)
entry 5093000/10373340 (49.097%)
entry 5097000/10373340 (49.1356%)
entry 5098000/10373340 (49.1452%)
entry 5100000/10373340 (49.1645%)
entry 5104000/10373340 (49.2031%)
entry 5105000/10373340 (49.2127%)
entry 5107000/10373340 (49.232%)
entry 5109000/10373340 (49.2513%)
entry 5110000/10373340 (49.2609%)
entry 5111000/10373340 (49.2705%)
entry 5113000/10373340 (49.2898%)
entry 5114000/10373340 (49.2995%)
entry 5118000/10373340 (49.338%)
entry 5119000/10373340 (49.3477%)
entry 5120000/10373340 (49.3573%)
entry 5122000/10373340 (49.3766%)
entry 5123000/10373340 (49.3862%)
entry 5124000/10373340 (49.3959%)
entry 5125000/10373340 (49.4055%)
entry 5126000/10373340 (49.4151%)
entry 5128000/10373340 (49.4344%)
entry 5129000/10373340 (49.4441%)
entry 5131000/10373340 (49.4633%)
entry 5133000/10373340 (49.4826%)
entry 5134000/10373340 (49.4923%)
entry 5135000/10373340 (49.5019%)
entry 5136000/10373340 (49.5115%)
entry 5137000/10373340 (49.5212%)
entry 5139000/10373340 (49.5405%)
entry 5144000/10373340 (49.5887%)
entry 5146000/10373340 (49.6079%)
entry 5148000/10373340 (49.6272%)
entry 5152000/10373340 (49.6658%)
entry 5153000/10373340 (49.6754%)
entry 5154000/10373340 (49.6851%)
entry 5155000/10373340 (49.6947%)
entry 5156000/10373340 (49.7043%)
entry 5158000/10373340 (49.7236%)
entry 5161000/10373340 (49.7525%)
entry 5162000/10373340 (49.7622%)
entry 5166000/10373340 (49.8007%)
entry 5168000/10373340 (49.82%)
entry 5169000/10373340 (49.8297%)
entry 5170000/10373340 (49.8393%)
entry 5172000/10373340 (49.8586%)
entry 5173000/10373340 (49.8682%)
entry 5175000/10373340 (49.8875%)
entry 5176000/10373340 (49.8971%)
entry 5178000/10373340 (49.9164%)
entry 5179000/10373340 (49.9261%)
entry 5181000/10373340 (49.9453%)
entry 5182000/10373340 (49.955%)
entry 5183000/10373340 (49.9646%)
entry 5184000/10373340 (49.9743%)
entry 5185000/10373340 (49.9839%)
entry 5186000/10373340 (49.9935%)
entry 5187000/10373340 (50.0032%)
entry 5188000/10373340 (50.0128%)
entry 5189000/10373340 (50.0225%)
entry 5190000/10373340 (50.0321%)
entry 5192000/10373340 (50.0514%)
entry 5198000/10373340 (50.1092%)
entry 5199000/10373340 (50.1189%)
entry 5200000/10373340 (50.1285%)
entry 5201000/10373340 (50.1381%)
entry 5202000/10373340 (50.1478%)
entry 5207000/10373340 (50.196%)
entry 5208000/10373340 (50.2056%)
entry 5209000/10373340 (50.2153%)
entry 5211000/10373340 (50.2345%)
entry 5212000/10373340 (50.2442%)
entry 5213000/10373340 (50.2538%)
entry 5214000/10373340 (50.2635%)
entry 5217000/10373340 (50.2924%)
entry 5220000/10373340 (50.3213%)
entry 5221000/10373340 (50.3309%)
entry 5222000/10373340 (50.3406%)
entry 5223000/10373340 (50.3502%)
entry 5224000/10373340 (50.3599%)
entry 5225000/10373340 (50.3695%)
entry 5227000/10373340 (50.3888%)
entry 5229000/10373340 (50.4081%)
entry 5230000/10373340 (50.4177%)
entry 5231000/10373340 (50.4273%)
entry 5233000/10373340 (50.4466%)
entry 5234000/10373340 (50.4563%)
entry 5235000/10373340 (50.4659%)
entry 5236000/10373340 (50.4755%)
entry 5238000/10373340 (50.4948%)
entry 5240000/10373340 (50.5141%)
entry 5242000/10373340 (50.5334%)
entry 5246000/10373340 (50.5719%)
entry 5249000/10373340 (50.6009%)
entry 5253000/10373340 (50.6394%)
entry 5255000/10373340 (50.6587%)
entry 5256000/10373340 (50.6683%)
entry 5259000/10373340 (50.6973%)
entry 5260000/10373340 (50.7069%)
entry 5262000/10373340 (50.7262%)
entry 5263000/10373340 (50.7358%)
entry 5264000/10373340 (50.7455%)
entry 5266000/10373340 (50.7648%)
entry 5270000/10373340 (50.8033%)
entry 5272000/10373340 (50.8226%)
entry 5273000/10373340 (50.8322%)
entry 5274000/10373340 (50.8419%)
entry 5275000/10373340 (50.8515%)
entry 5277000/10373340 (50.8708%)
entry 5280000/10373340 (50.8997%)
entry 5281000/10373340 (50.9094%)
entry 5282000/10373340 (50.919%)
entry 5286000/10373340 (50.9575%)
entry 5292000/10373340 (51.0154%)
entry 5294000/10373340 (51.0347%)
entry 5296000/10373340 (51.054%)
entry 5299000/10373340 (51.0829%)
entry 5301000/10373340 (51.1021%)
entry 5302000/10373340 (51.1118%)
entry 5304000/10373340 (51.1311%)
entry 5307000/10373340 (51.16%)
entry 5308000/10373340 (51.1696%)
entry 5309000/10373340 (51.1793%)
entry 5310000/10373340 (51.1889%)
entry 5313000/10373340 (51.2178%)
entry 5319000/10373340 (51.2757%)
entry 5322000/10373340 (51.3046%)
entry 5323000/10373340 (51.3142%)
entry 5324000/10373340 (51.3239%)
entry 5325000/10373340 (51.3335%)
entry 5328000/10373340 (51.3624%)
entry 5329000/10373340 (51.3721%)
entry 5331000/10373340 (51.3914%)
entry 5333000/10373340 (51.4106%)
entry 5334000/10373340 (51.4203%)
entry 5335000/10373340 (51.4299%)
entry 5336000/10373340 (51.4396%)
entry 5337000/10373340 (51.4492%)
entry 5338000/10373340 (51.4588%)
entry 5340000/10373340 (51.4781%)
entry 5341000/10373340 (51.4878%)
entry 5342000/10373340 (51.4974%)
entry 5343000/10373340 (51.507%)
entry 5344000/10373340 (51.5167%)
entry 5349000/10373340 (51.5649%)
entry 5351000/10373340 (51.5842%)
entry 5352000/10373340 (51.5938%)
entry 5353000/10373340 (51.6034%)
entry 5354000/10373340 (51.6131%)
entry 5355000/10373340 (51.6227%)
entry 5357000/10373340 (51.642%)
entry 5360000/10373340 (51.6709%)
entry 5361000/10373340 (51.6806%)
entry 5362000/10373340 (51.6902%)
entry 5363000/10373340 (51.6998%)
entry 5364000/10373340 (51.7095%)
entry 5365000/10373340 (51.7191%)
entry 5367000/10373340 (51.7384%)
entry 5369000/10373340 (51.7577%)
entry 5371000/10373340 (51.777%)
entry 5372000/10373340 (51.7866%)
entry 5374000/10373340 (51.8059%)
entry 5377000/10373340 (51.8348%)
entry 5378000/10373340 (51.8444%)
entry 5381000/10373340 (51.8734%)
entry 5382000/10373340 (51.883%)
entry 5383000/10373340 (51.8926%)
entry 5386000/10373340 (51.9216%)
entry 5387000/10373340 (51.9312%)
entry 5388000/10373340 (51.9408%)
entry 5389000/10373340 (51.9505%)
entry 5393000/10373340 (51.989%)
entry 5395000/10373340 (52.0083%)
entry 5396000/10373340 (52.018%)
entry 5397000/10373340 (52.0276%)
entry 5398000/10373340 (52.0372%)
entry 5399000/10373340 (52.0469%)
entry 5403000/10373340 (52.0854%)
entry 5406000/10373340 (52.1144%)
entry 5410000/10373340 (52.1529%)
entry 5412000/10373340 (52.1722%)
entry 5413000/10373340 (52.1818%)
entry 5415000/10373340 (52.2011%)
entry 5416000/10373340 (52.2108%)
entry 5417000/10373340 (52.2204%)
entry 5420000/10373340 (52.2493%)
entry 5421000/10373340 (52.259%)
entry 5423000/10373340 (52.2782%)
entry 5425000/10373340 (52.2975%)
entry 5427000/10373340 (52.3168%)
entry 5428000/10373340 (52.3264%)
entry 5430000/10373340 (52.3457%)
entry 5431000/10373340 (52.3554%)
entry 5432000/10373340 (52.365%)
entry 5433000/10373340 (52.3746%)
entry 5434000/10373340 (52.3843%)
entry 5435000/10373340 (52.3939%)
entry 5437000/10373340 (52.4132%)
entry 5438000/10373340 (52.4228%)
entry 5439000/10373340 (52.4325%)
entry 5441000/10373340 (52.4518%)
entry 5442000/10373340 (52.4614%)
entry 5443000/10373340 (52.471%)
entry 5444000/10373340 (52.4807%)
entry 5445000/10373340 (52.4903%)
entry 5448000/10373340 (52.5192%)
entry 5449000/10373340 (52.5289%)
entry 5450000/10373340 (52.5385%)
entry 5451000/10373340 (52.5482%)
entry 5452000/10373340 (52.5578%)
entry 5453000/10373340 (52.5674%)
entry 5455000/10373340 (52.5867%)
entry 5456000/10373340 (52.5964%)
entry 5458000/10373340 (52.6156%)
entry 5460000/10373340 (52.6349%)
entry 5461000/10373340 (52.6446%)
entry 5463000/10373340 (52.6639%)
entry 5466000/10373340 (52.6928%)
entry 5467000/10373340 (52.7024%)
entry 5469000/10373340 (52.7217%)
entry 5471000/10373340 (52.741%)
entry 5472000/10373340 (52.7506%)
entry 5476000/10373340 (52.7892%)
entry 5478000/10373340 (52.8085%)
entry 5481000/10373340 (52.8374%)
entry 5483000/10373340 (52.8566%)
entry 5484000/10373340 (52.8663%)
entry 5485000/10373340 (52.8759%)
entry 5486000/10373340 (52.8856%)
entry 5487000/10373340 (52.8952%)
entry 5488000/10373340 (52.9049%)
entry 5489000/10373340 (52.9145%)
entry 5490000/10373340 (52.9241%)
entry 5491000/10373340 (52.9338%)
entry 5494000/10373340 (52.9627%)
entry 5495000/10373340 (52.9723%)
entry 5496000/10373340 (52.982%)
entry 5498000/10373340 (53.0012%)
entry 5502000/10373340 (53.0398%)
entry 5503000/10373340 (53.0495%)
entry 5504000/10373340 (53.0591%)
entry 5505000/10373340 (53.0687%)
entry 5507000/10373340 (53.088%)
entry 5511000/10373340 (53.1266%)
entry 5512000/10373340 (53.1362%)
entry 5513000/10373340 (53.1459%)
entry 5514000/10373340 (53.1555%)
entry 5515000/10373340 (53.1651%)
entry 5517000/10373340 (53.1844%)
entry 5519000/10373340 (53.2037%)
entry 5520000/10373340 (53.2133%)
entry 5521000/10373340 (53.223%)
entry 5522000/10373340 (53.2326%)
entry 5523000/10373340 (53.2423%)
entry 5524000/10373340 (53.2519%)
entry 5525000/10373340 (53.2615%)
entry 5529000/10373340 (53.3001%)
entry 5531000/10373340 (53.3194%)
entry 5532000/10373340 (53.329%)
entry 5534000/10373340 (53.3483%)
entry 5535000/10373340 (53.3579%)
entry 5536000/10373340 (53.3676%)
entry 5537000/10373340 (53.3772%)
entry 5539000/10373340 (53.3965%)
entry 5541000/10373340 (53.4158%)
entry 5542000/10373340 (53.4254%)
entry 5544000/10373340 (53.4447%)
entry 5546000/10373340 (53.464%)
entry 5548000/10373340 (53.4833%)
entry 5549000/10373340 (53.4929%)
entry 5551000/10373340 (53.5122%)
entry 5552000/10373340 (53.5218%)
entry 5554000/10373340 (53.5411%)
entry 5556000/10373340 (53.5604%)
entry 5557000/10373340 (53.57%)
entry 5559000/10373340 (53.5893%)
entry 5561000/10373340 (53.6086%)
entry 5562000/10373340 (53.6182%)
entry 5564000/10373340 (53.6375%)
entry 5565000/10373340 (53.6471%)
entry 5566000/10373340 (53.6568%)
entry 5568000/10373340 (53.6761%)
entry 5569000/10373340 (53.6857%)
entry 5570000/10373340 (53.6953%)
entry 5571000/10373340 (53.705%)
entry 5572000/10373340 (53.7146%)
entry 5573000/10373340 (53.7243%)
entry 5577000/10373340 (53.7628%)
entry 5579000/10373340 (53.7821%)
entry 5580000/10373340 (53.7917%)
entry 5582000/10373340 (53.811%)
entry 5583000/10373340 (53.8207%)
entry 5585000/10373340 (53.8399%)
entry 5587000/10373340 (53.8592%)
entry 5588000/10373340 (53.8689%)
entry 5589000/10373340 (53.8785%)
entry 5591000/10373340 (53.8978%)
entry 5595000/10373340 (53.9363%)
entry 5596000/10373340 (53.946%)
entry 5597000/10373340 (53.9556%)
entry 5598000/10373340 (53.9653%)
entry 5599000/10373340 (53.9749%)
entry 5601000/10373340 (53.9942%)
entry 5602000/10373340 (54.0038%)
entry 5603000/10373340 (54.0135%)
entry 5604000/10373340 (54.0231%)
entry 5605000/10373340 (54.0327%)
entry 5606000/10373340 (54.0424%)
entry 5607000/10373340 (54.052%)
entry 5608000/10373340 (54.0617%)
entry 5609000/10373340 (54.0713%)
entry 5610000/10373340 (54.0809%)
entry 5611000/10373340 (54.0906%)
entry 5613000/10373340 (54.1099%)
entry 5616000/10373340 (54.1388%)
entry 5618000/10373340 (54.1581%)
entry 5619000/10373340 (54.1677%)
entry 5620000/10373340 (54.1773%)
entry 5621000/10373340 (54.187%)
entry 5625000/10373340 (54.2255%)
entry 5627000/10373340 (54.2448%)
entry 5628000/10373340 (54.2545%)
entry 5630000/10373340 (54.2737%)
entry 5631000/10373340 (54.2834%)
entry 5633000/10373340 (54.3027%)
entry 5634000/10373340 (54.3123%)
entry 5635000/10373340 (54.3219%)
entry 5637000/10373340 (54.3412%)
entry 5639000/10373340 (54.3605%)
entry 5641000/10373340 (54.3798%)
entry 5643000/10373340 (54.3991%)
entry 5644000/10373340 (54.4087%)
entry 5645000/10373340 (54.4183%)
entry 5648000/10373340 (54.4473%)
entry 5650000/10373340 (54.4665%)
entry 5651000/10373340 (54.4762%)
entry 5652000/10373340 (54.4858%)
entry 5653000/10373340 (54.4955%)
entry 5654000/10373340 (54.5051%)
entry 5655000/10373340 (54.5147%)
entry 5657000/10373340 (54.534%)
entry 5658000/10373340 (54.5437%)
entry 5660000/10373340 (54.5629%)
entry 5662000/10373340 (54.5822%)
entry 5663000/10373340 (54.5919%)
entry 5664000/10373340 (54.6015%)
entry 5665000/10373340 (54.6111%)
entry 5668000/10373340 (54.6401%)
entry 5669000/10373340 (54.6497%)
entry 5672000/10373340 (54.6786%)
entry 5674000/10373340 (54.6979%)
entry 5675000/10373340 (54.7076%)
entry 5676000/10373340 (54.7172%)
entry 5678000/10373340 (54.7365%)
entry 5679000/10373340 (54.7461%)
entry 5684000/10373340 (54.7943%)
entry 5685000/10373340 (54.8039%)
entry 5687000/10373340 (54.8232%)
entry 5689000/10373340 (54.8425%)
entry 5691000/10373340 (54.8618%)
entry 5693000/10373340 (54.8811%)
entry 5694000/10373340 (54.8907%)
entry 5695000/10373340 (54.9003%)
entry 5696000/10373340 (54.91%)
entry 5698000/10373340 (54.9293%)
entry 5700000/10373340 (54.9486%)
entry 5701000/10373340 (54.9582%)
entry 5703000/10373340 (54.9775%)
entry 5705000/10373340 (54.9968%)
entry 5707000/10373340 (55.016%)
entry 5708000/10373340 (55.0257%)
entry 5709000/10373340 (55.0353%)
entry 5710000/10373340 (55.0449%)
entry 5711000/10373340 (55.0546%)
entry 5712000/10373340 (55.0642%)
entry 5715000/10373340 (55.0932%)
entry 5716000/10373340 (55.1028%)
entry 5717000/10373340 (55.1124%)
entry 5718000/10373340 (55.1221%)
entry 5719000/10373340 (55.1317%)
entry 5720000/10373340 (55.1414%)
entry 5721000/10373340 (55.151%)
entry 5722000/10373340 (55.1606%)
entry 5723000/10373340 (55.1703%)
entry 5724000/10373340 (55.1799%)
entry 5725000/10373340 (55.1896%)
entry 5727000/10373340 (55.2088%)
entry 5728000/10373340 (55.2185%)
entry 5729000/10373340 (55.2281%)
entry 5730000/10373340 (55.2378%)
entry 5736000/10373340 (55.2956%)
entry 5739000/10373340 (55.3245%)
entry 5740000/10373340 (55.3342%)
entry 5741000/10373340 (55.3438%)
entry 5743000/10373340 (55.3631%)
entry 5746000/10373340 (55.392%)
entry 5753000/10373340 (55.4595%)
entry 5754000/10373340 (55.4691%)
entry 5755000/10373340 (55.4788%)
entry 5756000/10373340 (55.4884%)
entry 5757000/10373340 (55.498%)
entry 5758000/10373340 (55.5077%)
entry 5759000/10373340 (55.5173%)
entry 5760000/10373340 (55.527%)
entry 5762000/10373340 (55.5462%)
entry 5764000/10373340 (55.5655%)
entry 5767000/10373340 (55.5944%)
entry 5768000/10373340 (55.6041%)
entry 5773000/10373340 (55.6523%)
entry 5775000/10373340 (55.6716%)
entry 5776000/10373340 (55.6812%)
entry 5778000/10373340 (55.7005%)
entry 5779000/10373340 (55.7101%)
entry 5780000/10373340 (55.7198%)
entry 5781000/10373340 (55.7294%)
entry 5783000/10373340 (55.7487%)
entry 5784000/10373340 (55.7583%)
entry 5787000/10373340 (55.7872%)
entry 5788000/10373340 (55.7969%)
entry 5790000/10373340 (55.8162%)
entry 5791000/10373340 (55.8258%)
entry 5792000/10373340 (55.8354%)
entry 5793000/10373340 (55.8451%)
entry 5794000/10373340 (55.8547%)
entry 5795000/10373340 (55.8644%)
entry 5796000/10373340 (55.874%)
entry 5797000/10373340 (55.8836%)
entry 5798000/10373340 (55.8933%)
entry 5799000/10373340 (55.9029%)
entry 5801000/10373340 (55.9222%)
entry 5803000/10373340 (55.9415%)
entry 5805000/10373340 (55.9608%)
entry 5806000/10373340 (55.9704%)
entry 5807000/10373340 (55.98%)
entry 5808000/10373340 (55.9897%)
entry 5809000/10373340 (55.9993%)
entry 5812000/10373340 (56.0282%)
entry 5814000/10373340 (56.0475%)
entry 5818000/10373340 (56.0861%)
entry 5821000/10373340 (56.115%)
entry 5826000/10373340 (56.1632%)
entry 5828000/10373340 (56.1825%)
entry 5829000/10373340 (56.1921%)
entry 5830000/10373340 (56.2018%)
entry 5833000/10373340 (56.2307%)
entry 5834000/10373340 (56.2403%)
entry 5835000/10373340 (56.25%)
entry 5837000/10373340 (56.2692%)
entry 5839000/10373340 (56.2885%)
entry 5842000/10373340 (56.3174%)
entry 5844000/10373340 (56.3367%)
entry 5849000/10373340 (56.3849%)
entry 5850000/10373340 (56.3946%)
entry 5851000/10373340 (56.4042%)
entry 5854000/10373340 (56.4331%)
entry 5855000/10373340 (56.4428%)
entry 5859000/10373340 (56.4813%)
entry 5862000/10373340 (56.5102%)
entry 5865000/10373340 (56.5392%)
entry 5866000/10373340 (56.5488%)
entry 5867000/10373340 (56.5584%)
entry 5868000/10373340 (56.5681%)
entry 5869000/10373340 (56.5777%)
entry 5870000/10373340 (56.5874%)
entry 5871000/10373340 (56.597%)
entry 5872000/10373340 (56.6067%)
entry 5873000/10373340 (56.6163%)
entry 5875000/10373340 (56.6356%)
entry 5876000/10373340 (56.6452%)
entry 5878000/10373340 (56.6645%)
entry 5879000/10373340 (56.6741%)
entry 5880000/10373340 (56.6838%)
entry 5881000/10373340 (56.6934%)
entry 5884000/10373340 (56.7223%)
entry 5888000/10373340 (56.7609%)
entry 5890000/10373340 (56.7802%)
entry 5892000/10373340 (56.7994%)
entry 5893000/10373340 (56.8091%)
entry 5895000/10373340 (56.8284%)
entry 5898000/10373340 (56.8573%)
entry 5899000/10373340 (56.8669%)
entry 5902000/10373340 (56.8959%)
entry 5903000/10373340 (56.9055%)
entry 5904000/10373340 (56.9151%)
entry 5905000/10373340 (56.9248%)
entry 5906000/10373340 (56.9344%)
entry 5907000/10373340 (56.944%)
entry 5908000/10373340 (56.9537%)
entry 5909000/10373340 (56.9633%)
entry 5910000/10373340 (56.973%)
entry 5911000/10373340 (56.9826%)
entry 5912000/10373340 (56.9923%)
entry 5913000/10373340 (57.0019%)
entry 5914000/10373340 (57.0115%)
entry 5915000/10373340 (57.0212%)
entry 5916000/10373340 (57.0308%)
entry 5917000/10373340 (57.0405%)
entry 5918000/10373340 (57.0501%)
entry 5919000/10373340 (57.0597%)
entry 5920000/10373340 (57.0694%)
entry 5922000/10373340 (57.0887%)
entry 5923000/10373340 (57.0983%)
entry 5924000/10373340 (57.1079%)
entry 5926000/10373340 (57.1272%)
entry 5931000/10373340 (57.1754%)
entry 5932000/10373340 (57.1851%)
entry 5933000/10373340 (57.1947%)
entry 5937000/10373340 (57.2333%)
entry 5938000/10373340 (57.2429%)
entry 5942000/10373340 (57.2815%)
entry 5944000/10373340 (57.3007%)
entry 5945000/10373340 (57.3104%)
entry 5946000/10373340 (57.32%)
entry 5947000/10373340 (57.3297%)
entry 5948000/10373340 (57.3393%)
entry 5949000/10373340 (57.3489%)
entry 5952000/10373340 (57.3779%)
entry 5953000/10373340 (57.3875%)
entry 5954000/10373340 (57.3971%)
entry 5955000/10373340 (57.4068%)
entry 5956000/10373340 (57.4164%)
entry 5957000/10373340 (57.4261%)
entry 5959000/10373340 (57.4453%)
entry 5960000/10373340 (57.455%)
entry 5963000/10373340 (57.4839%)
entry 5964000/10373340 (57.4935%)
entry 5965000/10373340 (57.5032%)
entry 5966000/10373340 (57.5128%)
entry 5967000/10373340 (57.5225%)
entry 5968000/10373340 (57.5321%)
entry 5970000/10373340 (57.5514%)
entry 5973000/10373340 (57.5803%)
entry 5974000/10373340 (57.5899%)
entry 5975000/10373340 (57.5996%)
entry 5977000/10373340 (57.6189%)
entry 5979000/10373340 (57.6381%)
entry 5981000/10373340 (57.6574%)
entry 5982000/10373340 (57.6671%)
entry 5983000/10373340 (57.6767%)
entry 5985000/10373340 (57.696%)
entry 5986000/10373340 (57.7056%)
entry 5991000/10373340 (57.7538%)
entry 5992000/10373340 (57.7635%)
entry 5993000/10373340 (57.7731%)
entry 5994000/10373340 (57.7827%)
entry 5996000/10373340 (57.802%)
entry 5998000/10373340 (57.8213%)
entry 5999000/10373340 (57.8309%)
entry 6000000/10373340 (57.8406%)
entry 6001000/10373340 (57.8502%)
entry 6002000/10373340 (57.8599%)
entry 6003000/10373340 (57.8695%)
entry 6004000/10373340 (57.8791%)
entry 6005000/10373340 (57.8888%)
entry 6006000/10373340 (57.8984%)
entry 6007000/10373340 (57.9081%)
entry 6008000/10373340 (57.9177%)
entry 6010000/10373340 (57.937%)
entry 6011000/10373340 (57.9466%)
entry 6013000/10373340 (57.9659%)
entry 6016000/10373340 (57.9948%)
entry 6018000/10373340 (58.0141%)
entry 6022000/10373340 (58.0527%)
entry 6023000/10373340 (58.0623%)
entry 6026000/10373340 (58.0912%)
entry 6027000/10373340 (58.1009%)
entry 6028000/10373340 (58.1105%)
entry 6030000/10373340 (58.1298%)
entry 6031000/10373340 (58.1394%)
entry 6032000/10373340 (58.1491%)
entry 6033000/10373340 (58.1587%)
entry 6034000/10373340 (58.1683%)
entry 6035000/10373340 (58.178%)
entry 6037000/10373340 (58.1973%)
entry 6038000/10373340 (58.2069%)
entry 6040000/10373340 (58.2262%)
entry 6041000/10373340 (58.2358%)
entry 6042000/10373340 (58.2455%)
entry 6043000/10373340 (58.2551%)
entry 6044000/10373340 (58.2647%)
entry 6045000/10373340 (58.2744%)
entry 6047000/10373340 (58.2937%)
entry 6048000/10373340 (58.3033%)
entry 6050000/10373340 (58.3226%)
entry 6051000/10373340 (58.3322%)
entry 6052000/10373340 (58.3419%)
entry 6053000/10373340 (58.3515%)
entry 6054000/10373340 (58.3611%)
entry 6055000/10373340 (58.3708%)
entry 6056000/10373340 (58.3804%)
entry 6057000/10373340 (58.3901%)
entry 6058000/10373340 (58.3997%)
entry 6060000/10373340 (58.419%)
entry 6061000/10373340 (58.4286%)
entry 6064000/10373340 (58.4575%)
entry 6065000/10373340 (58.4672%)
entry 6066000/10373340 (58.4768%)
entry 6068000/10373340 (58.4961%)
entry 6069000/10373340 (58.5057%)
entry 6071000/10373340 (58.525%)
entry 6073000/10373340 (58.5443%)
entry 6075000/10373340 (58.5636%)
entry 6079000/10373340 (58.6021%)
entry 6081000/10373340 (58.6214%)
entry 6082000/10373340 (58.6311%)
entry 6083000/10373340 (58.6407%)
entry 6084000/10373340 (58.6504%)
entry 6085000/10373340 (58.66%)
entry 6088000/10373340 (58.6889%)
entry 6090000/10373340 (58.7082%)
entry 6091000/10373340 (58.7178%)
entry 6092000/10373340 (58.7275%)
entry 6093000/10373340 (58.7371%)
entry 6094000/10373340 (58.7467%)
entry 6097000/10373340 (58.7757%)
entry 6098000/10373340 (58.7853%)
entry 6099000/10373340 (58.795%)
entry 6100000/10373340 (58.8046%)
entry 6104000/10373340 (58.8431%)
entry 6105000/10373340 (58.8528%)
entry 6106000/10373340 (58.8624%)
entry 6107000/10373340 (58.8721%)
entry 6108000/10373340 (58.8817%)
entry 6110000/10373340 (58.901%)
entry 6113000/10373340 (58.9299%)
entry 6114000/10373340 (58.9396%)
entry 6115000/10373340 (58.9492%)
entry 6116000/10373340 (58.9588%)
entry 6117000/10373340 (58.9685%)
entry 6118000/10373340 (58.9781%)
entry 6119000/10373340 (58.9877%)
entry 6120000/10373340 (58.9974%)
entry 6121000/10373340 (59.007%)
entry 6122000/10373340 (59.0167%)
entry 6123000/10373340 (59.0263%)
entry 6128000/10373340 (59.0745%)
entry 6129000/10373340 (59.0842%)
entry 6131000/10373340 (59.1034%)
entry 6132000/10373340 (59.1131%)
entry 6134000/10373340 (59.1324%)
entry 6135000/10373340 (59.142%)
entry 6136000/10373340 (59.1516%)
entry 6137000/10373340 (59.1613%)
entry 6138000/10373340 (59.1709%)
entry 6139000/10373340 (59.1806%)
entry 6140000/10373340 (59.1902%)
entry 6141000/10373340 (59.1998%)
entry 6143000/10373340 (59.2191%)
entry 6144000/10373340 (59.2288%)
entry 6146000/10373340 (59.248%)
entry 6147000/10373340 (59.2577%)
entry 6148000/10373340 (59.2673%)
entry 6149000/10373340 (59.277%)
entry 6150000/10373340 (59.2866%)
entry 6153000/10373340 (59.3155%)
entry 6154000/10373340 (59.3252%)
entry 6155000/10373340 (59.3348%)
entry 6157000/10373340 (59.3541%)
entry 6158000/10373340 (59.3637%)
entry 6159000/10373340 (59.3734%)
entry 6160000/10373340 (59.383%)
entry 6161000/10373340 (59.3926%)
entry 6163000/10373340 (59.4119%)
entry 6166000/10373340 (59.4408%)
entry 6167000/10373340 (59.4505%)
entry 6168000/10373340 (59.4601%)
entry 6169000/10373340 (59.4698%)
entry 6171000/10373340 (59.489%)
entry 6173000/10373340 (59.5083%)
entry 6174000/10373340 (59.518%)
entry 6176000/10373340 (59.5372%)
entry 6177000/10373340 (59.5469%)
entry 6178000/10373340 (59.5565%)
entry 6179000/10373340 (59.5662%)
entry 6180000/10373340 (59.5758%)
entry 6182000/10373340 (59.5951%)
entry 6184000/10373340 (59.6144%)
entry 6185000/10373340 (59.624%)
entry 6186000/10373340 (59.6336%)
entry 6187000/10373340 (59.6433%)
entry 6188000/10373340 (59.6529%)
entry 6189000/10373340 (59.6626%)
entry 6191000/10373340 (59.6818%)
entry 6192000/10373340 (59.6915%)
entry 6193000/10373340 (59.7011%)
entry 6196000/10373340 (59.73%)
entry 6197000/10373340 (59.7397%)
entry 6198000/10373340 (59.7493%)
entry 6199000/10373340 (59.759%)
entry 6200000/10373340 (59.7686%)
entry 6202000/10373340 (59.7879%)
entry 6203000/10373340 (59.7975%)
entry 6205000/10373340 (59.8168%)
entry 6206000/10373340 (59.8264%)
entry 6207000/10373340 (59.8361%)
entry 6210000/10373340 (59.865%)
entry 6211000/10373340 (59.8746%)
entry 6213000/10373340 (59.8939%)
entry 6216000/10373340 (59.9228%)
entry 6217000/10373340 (59.9325%)
entry 6218000/10373340 (59.9421%)
entry 6219000/10373340 (59.9518%)
entry 6220000/10373340 (59.9614%)
entry 6222000/10373340 (59.9807%)
entry 6223000/10373340 (59.9903%)
entry 6225000/10373340 (60.0096%)
entry 6226000/10373340 (60.0192%)
entry 6227000/10373340 (60.0289%)
entry 6228000/10373340 (60.0385%)
entry 6229000/10373340 (60.0482%)
entry 6230000/10373340 (60.0578%)
entry 6231000/10373340 (60.0674%)
entry 6232000/10373340 (60.0771%)
entry 6235000/10373340 (60.106%)
entry 6236000/10373340 (60.1156%)
entry 6238000/10373340 (60.1349%)
entry 6239000/10373340 (60.1446%)
entry 6245000/10373340 (60.2024%)
entry 6247000/10373340 (60.2217%)
entry 6248000/10373340 (60.2313%)
entry 6249000/10373340 (60.241%)
entry 6250000/10373340 (60.2506%)
entry 6251000/10373340 (60.2602%)
entry 6252000/10373340 (60.2699%)
entry 6254000/10373340 (60.2892%)
entry 6255000/10373340 (60.2988%)
entry 6256000/10373340 (60.3084%)
entry 6257000/10373340 (60.3181%)
entry 6258000/10373340 (60.3277%)
entry 6259000/10373340 (60.3374%)
entry 6260000/10373340 (60.347%)
entry 6261000/10373340 (60.3566%)
entry 6262000/10373340 (60.3663%)
entry 6264000/10373340 (60.3856%)
entry 6265000/10373340 (60.3952%)
entry 6266000/10373340 (60.4048%)
entry 6267000/10373340 (60.4145%)
entry 6270000/10373340 (60.4434%)
entry 6271000/10373340 (60.453%)
entry 6272000/10373340 (60.4627%)
entry 6274000/10373340 (60.482%)
entry 6275000/10373340 (60.4916%)
entry 6278000/10373340 (60.5205%)
entry 6280000/10373340 (60.5398%)
entry 6281000/10373340 (60.5494%)
entry 6283000/10373340 (60.5687%)
entry 6289000/10373340 (60.6266%)
entry 6290000/10373340 (60.6362%)
entry 6292000/10373340 (60.6555%)
entry 6293000/10373340 (60.6651%)
entry 6294000/10373340 (60.6748%)
entry 6295000/10373340 (60.6844%)
entry 6296000/10373340 (60.6941%)
entry 6297000/10373340 (60.7037%)
entry 6299000/10373340 (60.723%)
entry 6304000/10373340 (60.7712%)
entry 6306000/10373340 (60.7904%)
entry 6308000/10373340 (60.8097%)
entry 6309000/10373340 (60.8194%)
entry 6310000/10373340 (60.829%)
entry 6311000/10373340 (60.8387%)
entry 6315000/10373340 (60.8772%)
entry 6316000/10373340 (60.8868%)
entry 6318000/10373340 (60.9061%)
entry 6320000/10373340 (60.9254%)
entry 6321000/10373340 (60.9351%)
entry 6322000/10373340 (60.9447%)
entry 6323000/10373340 (60.9543%)
entry 6324000/10373340 (60.964%)
entry 6326000/10373340 (60.9833%)
entry 6327000/10373340 (60.9929%)
entry 6331000/10373340 (61.0314%)
entry 6332000/10373340 (61.0411%)
entry 6334000/10373340 (61.0604%)
entry 6335000/10373340 (61.07%)
entry 6336000/10373340 (61.0797%)
entry 6337000/10373340 (61.0893%)
entry 6339000/10373340 (61.1086%)
entry 6340000/10373340 (61.1182%)
entry 6341000/10373340 (61.1279%)
entry 6342000/10373340 (61.1375%)
entry 6343000/10373340 (61.1471%)
entry 6349000/10373340 (61.205%)
entry 6351000/10373340 (61.2243%)
entry 6352000/10373340 (61.2339%)
entry 6353000/10373340 (61.2435%)
entry 6354000/10373340 (61.2532%)
entry 6355000/10373340 (61.2628%)
entry 6356000/10373340 (61.2725%)
entry 6357000/10373340 (61.2821%)
entry 6358000/10373340 (61.2917%)
entry 6359000/10373340 (61.3014%)
entry 6360000/10373340 (61.311%)
entry 6363000/10373340 (61.3399%)
entry 6364000/10373340 (61.3496%)
entry 6365000/10373340 (61.3592%)
entry 6366000/10373340 (61.3689%)
entry 6367000/10373340 (61.3785%)
entry 6369000/10373340 (61.3978%)
entry 6371000/10373340 (61.4171%)
entry 6374000/10373340 (61.446%)
entry 6376000/10373340 (61.4653%)
entry 6377000/10373340 (61.4749%)
entry 6378000/10373340 (61.4845%)
entry 6381000/10373340 (61.5135%)
entry 6382000/10373340 (61.5231%)
entry 6383000/10373340 (61.5327%)
entry 6384000/10373340 (61.5424%)
entry 6385000/10373340 (61.552%)
entry 6387000/10373340 (61.5713%)
entry 6390000/10373340 (61.6002%)
entry 6391000/10373340 (61.6099%)
entry 6392000/10373340 (61.6195%)
entry 6393000/10373340 (61.6291%)
entry 6396000/10373340 (61.6581%)
entry 6397000/10373340 (61.6677%)
entry 6398000/10373340 (61.6773%)
entry 6400000/10373340 (61.6966%)
entry 6401000/10373340 (61.7063%)
entry 6402000/10373340 (61.7159%)
entry 6406000/10373340 (61.7545%)
entry 6407000/10373340 (61.7641%)
entry 6408000/10373340 (61.7737%)
entry 6413000/10373340 (61.8219%)
entry 6414000/10373340 (61.8316%)
entry 6415000/10373340 (61.8412%)
entry 6419000/10373340 (61.8798%)
entry 6420000/10373340 (61.8894%)
entry 6423000/10373340 (61.9183%)
entry 6424000/10373340 (61.928%)
entry 6425000/10373340 (61.9376%)
entry 6426000/10373340 (61.9473%)
entry 6428000/10373340 (61.9665%)
entry 6429000/10373340 (61.9762%)
entry 6431000/10373340 (61.9955%)
entry 6432000/10373340 (62.0051%)
entry 6433000/10373340 (62.0147%)
entry 6439000/10373340 (62.0726%)
entry 6441000/10373340 (62.0919%)
entry 6443000/10373340 (62.1111%)
entry 6445000/10373340 (62.1304%)
entry 6446000/10373340 (62.1401%)
entry 6448000/10373340 (62.1593%)
entry 6450000/10373340 (62.1786%)
entry 6453000/10373340 (62.2075%)
entry 6454000/10373340 (62.2172%)
entry 6456000/10373340 (62.2365%)
entry 6457000/10373340 (62.2461%)
entry 6459000/10373340 (62.2654%)
entry 6460000/10373340 (62.275%)
entry 6462000/10373340 (62.2943%)
entry 6463000/10373340 (62.3039%)
entry 6464000/10373340 (62.3136%)
entry 6465000/10373340 (62.3232%)
entry 6466000/10373340 (62.3329%)
entry 6469000/10373340 (62.3618%)
entry 6470000/10373340 (62.3714%)
entry 6472000/10373340 (62.3907%)
entry 6477000/10373340 (62.4389%)
entry 6478000/10373340 (62.4485%)
entry 6481000/10373340 (62.4775%)
entry 6483000/10373340 (62.4967%)
entry 6484000/10373340 (62.5064%)
entry 6485000/10373340 (62.516%)
entry 6486000/10373340 (62.5257%)
entry 6488000/10373340 (62.5449%)
entry 6489000/10373340 (62.5546%)
entry 6491000/10373340 (62.5739%)
entry 6492000/10373340 (62.5835%)
entry 6493000/10373340 (62.5932%)
entry 6494000/10373340 (62.6028%)
entry 6496000/10373340 (62.6221%)
entry 6497000/10373340 (62.6317%)
entry 6499000/10373340 (62.651%)
entry 6500000/10373340 (62.6606%)
entry 6501000/10373340 (62.6703%)
entry 6502000/10373340 (62.6799%)
entry 6503000/10373340 (62.6895%)
entry 6504000/10373340 (62.6992%)
entry 6505000/10373340 (62.7088%)
entry 6506000/10373340 (62.7185%)
entry 6508000/10373340 (62.7378%)
entry 6510000/10373340 (62.757%)
entry 6511000/10373340 (62.7667%)
entry 6512000/10373340 (62.7763%)
entry 6513000/10373340 (62.7859%)
entry 6515000/10373340 (62.8052%)
entry 6516000/10373340 (62.8149%)
entry 6517000/10373340 (62.8245%)
entry 6521000/10373340 (62.8631%)
entry 6523000/10373340 (62.8824%)
entry 6524000/10373340 (62.892%)
entry 6526000/10373340 (62.9113%)
entry 6527000/10373340 (62.9209%)
entry 6530000/10373340 (62.9498%)
entry 6531000/10373340 (62.9595%)
entry 6532000/10373340 (62.9691%)
entry 6534000/10373340 (62.9884%)
entry 6535000/10373340 (62.998%)
entry 6536000/10373340 (63.0077%)
entry 6537000/10373340 (63.0173%)
entry 6539000/10373340 (63.0366%)
entry 6540000/10373340 (63.0462%)
entry 6541000/10373340 (63.0559%)
entry 6542000/10373340 (63.0655%)
entry 6543000/10373340 (63.0752%)
entry 6547000/10373340 (63.1137%)
entry 6549000/10373340 (63.133%)
entry 6550000/10373340 (63.1426%)
entry 6551000/10373340 (63.1523%)
entry 6552000/10373340 (63.1619%)
entry 6553000/10373340 (63.1716%)
entry 6554000/10373340 (63.1812%)
entry 6555000/10373340 (63.1908%)
entry 6556000/10373340 (63.2005%)
entry 6557000/10373340 (63.2101%)
entry 6559000/10373340 (63.2294%)
entry 6560000/10373340 (63.239%)
entry 6561000/10373340 (63.2487%)
entry 6562000/10373340 (63.2583%)
entry 6563000/10373340 (63.268%)
entry 6564000/10373340 (63.2776%)
entry 6567000/10373340 (63.3065%)
entry 6569000/10373340 (63.3258%)
entry 6570000/10373340 (63.3354%)
entry 6571000/10373340 (63.3451%)
entry 6573000/10373340 (63.3644%)
entry 6575000/10373340 (63.3836%)
entry 6576000/10373340 (63.3933%)
entry 6577000/10373340 (63.4029%)
entry 6578000/10373340 (63.4126%)
entry 6579000/10373340 (63.4222%)
entry 6580000/10373340 (63.4318%)
entry 6581000/10373340 (63.4415%)
entry 6582000/10373340 (63.4511%)
entry 6583000/10373340 (63.4608%)
entry 6584000/10373340 (63.4704%)
entry 6585000/10373340 (63.48%)
entry 6586000/10373340 (63.4897%)
entry 6587000/10373340 (63.4993%)
entry 6588000/10373340 (63.509%)
entry 6589000/10373340 (63.5186%)
entry 6590000/10373340 (63.5282%)
entry 6591000/10373340 (63.5379%)
entry 6593000/10373340 (63.5572%)
entry 6596000/10373340 (63.5861%)
entry 6598000/10373340 (63.6054%)
entry 6600000/10373340 (63.6246%)
entry 6602000/10373340 (63.6439%)
entry 6606000/10373340 (63.6825%)
entry 6608000/10373340 (63.7018%)
entry 6609000/10373340 (63.7114%)
entry 6613000/10373340 (63.75%)
entry 6615000/10373340 (63.7692%)
entry 6616000/10373340 (63.7789%)
entry 6617000/10373340 (63.7885%)
entry 6618000/10373340 (63.7982%)
entry 6619000/10373340 (63.8078%)
entry 6622000/10373340 (63.8367%)
entry 6623000/10373340 (63.8464%)
entry 6624000/10373340 (63.856%)
entry 6625000/10373340 (63.8656%)
entry 6626000/10373340 (63.8753%)
entry 6627000/10373340 (63.8849%)
entry 6628000/10373340 (63.8946%)
entry 6630000/10373340 (63.9138%)
entry 6631000/10373340 (63.9235%)
entry 6633000/10373340 (63.9428%)
entry 6634000/10373340 (63.9524%)
entry 6635000/10373340 (63.962%)
entry 6640000/10373340 (64.0102%)
entry 6643000/10373340 (64.0392%)
entry 6644000/10373340 (64.0488%)
entry 6645000/10373340 (64.0584%)
entry 6647000/10373340 (64.0777%)
entry 6649000/10373340 (64.097%)
entry 6650000/10373340 (64.1066%)
entry 6651000/10373340 (64.1163%)
entry 6652000/10373340 (64.1259%)
entry 6653000/10373340 (64.1356%)
entry 6654000/10373340 (64.1452%)
entry 6661000/10373340 (64.2127%)
entry 6666000/10373340 (64.2609%)
entry 6667000/10373340 (64.2705%)
entry 6669000/10373340 (64.2898%)
entry 6670000/10373340 (64.2994%)
entry 6671000/10373340 (64.3091%)
entry 6672000/10373340 (64.3187%)
entry 6674000/10373340 (64.338%)
entry 6675000/10373340 (64.3476%)
entry 6676000/10373340 (64.3573%)
entry 6678000/10373340 (64.3766%)
entry 6679000/10373340 (64.3862%)
entry 6680000/10373340 (64.3958%)
entry 6684000/10373340 (64.4344%)
entry 6687000/10373340 (64.4633%)
entry 6688000/10373340 (64.473%)
entry 6691000/10373340 (64.5019%)
entry 6692000/10373340 (64.5115%)
entry 6694000/10373340 (64.5308%)
entry 6695000/10373340 (64.5404%)
entry 6696000/10373340 (64.5501%)
entry 6697000/10373340 (64.5597%)
entry 6698000/10373340 (64.5694%)
entry 6699000/10373340 (64.579%)
entry 6700000/10373340 (64.5886%)
entry 6703000/10373340 (64.6176%)
entry 6704000/10373340 (64.6272%)
entry 6706000/10373340 (64.6465%)
entry 6707000/10373340 (64.6561%)
entry 6708000/10373340 (64.6658%)
entry 6709000/10373340 (64.6754%)
entry 6711000/10373340 (64.6947%)
entry 6712000/10373340 (64.7043%)
entry 6717000/10373340 (64.7525%)
entry 6719000/10373340 (64.7718%)
entry 6720000/10373340 (64.7815%)
entry 6722000/10373340 (64.8007%)
entry 6723000/10373340 (64.8104%)
entry 6724000/10373340 (64.82%)
entry 6725000/10373340 (64.8296%)
entry 6727000/10373340 (64.8489%)
entry 6728000/10373340 (64.8586%)
entry 6731000/10373340 (64.8875%)
entry 6734000/10373340 (64.9164%)
entry 6735000/10373340 (64.9261%)
entry 6737000/10373340 (64.9453%)
entry 6738000/10373340 (64.955%)
entry 6739000/10373340 (64.9646%)
entry 6740000/10373340 (64.9742%)
entry 6742000/10373340 (64.9935%)
entry 6743000/10373340 (65.0032%)
entry 6745000/10373340 (65.0225%)
entry 6746000/10373340 (65.0321%)
entry 6747000/10373340 (65.0417%)
entry 6748000/10373340 (65.0514%)
entry 6751000/10373340 (65.0803%)
entry 6752000/10373340 (65.0899%)
entry 6753000/10373340 (65.0996%)
entry 6754000/10373340 (65.1092%)
entry 6757000/10373340 (65.1381%)
entry 6758000/10373340 (65.1478%)
entry 6760000/10373340 (65.1671%)
entry 6763000/10373340 (65.196%)
entry 6764000/10373340 (65.2056%)
entry 6765000/10373340 (65.2153%)
entry 6766000/10373340 (65.2249%)
entry 6767000/10373340 (65.2345%)
entry 6769000/10373340 (65.2538%)
entry 6770000/10373340 (65.2635%)
entry 6771000/10373340 (65.2731%)
entry 6772000/10373340 (65.2827%)
entry 6773000/10373340 (65.2924%)
entry 6776000/10373340 (65.3213%)
entry 6777000/10373340 (65.3309%)
entry 6781000/10373340 (65.3695%)
entry 6782000/10373340 (65.3791%)
entry 6783000/10373340 (65.3888%)
entry 6785000/10373340 (65.4081%)
entry 6789000/10373340 (65.4466%)
entry 6790000/10373340 (65.4563%)
entry 6791000/10373340 (65.4659%)
entry 6792000/10373340 (65.4755%)
entry 6795000/10373340 (65.5045%)
entry 6797000/10373340 (65.5237%)
entry 6799000/10373340 (65.543%)
entry 6802000/10373340 (65.5719%)
entry 6803000/10373340 (65.5816%)
entry 6806000/10373340 (65.6105%)
entry 6807000/10373340 (65.6201%)
entry 6809000/10373340 (65.6394%)
entry 6810000/10373340 (65.6491%)
entry 6812000/10373340 (65.6683%)
entry 6813000/10373340 (65.678%)
entry 6816000/10373340 (65.7069%)
entry 6818000/10373340 (65.7262%)
entry 6819000/10373340 (65.7358%)
entry 6822000/10373340 (65.7647%)
entry 6823000/10373340 (65.7744%)
entry 6824000/10373340 (65.784%)
entry 6826000/10373340 (65.8033%)
entry 6827000/10373340 (65.8129%)
entry 6828000/10373340 (65.8226%)
entry 6829000/10373340 (65.8322%)
entry 6830000/10373340 (65.8419%)
entry 6832000/10373340 (65.8611%)
entry 6833000/10373340 (65.8708%)
entry 6834000/10373340 (65.8804%)
entry 6835000/10373340 (65.8901%)
entry 6837000/10373340 (65.9093%)
entry 6838000/10373340 (65.919%)
entry 6839000/10373340 (65.9286%)
entry 6840000/10373340 (65.9383%)
entry 6842000/10373340 (65.9575%)
entry 6844000/10373340 (65.9768%)
entry 6845000/10373340 (65.9865%)
entry 6846000/10373340 (65.9961%)
entry 6847000/10373340 (66.0057%)
entry 6848000/10373340 (66.0154%)
entry 6849000/10373340 (66.025%)
entry 6850000/10373340 (66.0347%)
entry 6851000/10373340 (66.0443%)
entry 6852000/10373340 (66.0539%)
entry 6854000/10373340 (66.0732%)
entry 6855000/10373340 (66.0829%)
entry 6857000/10373340 (66.1021%)
entry 6858000/10373340 (66.1118%)
entry 6861000/10373340 (66.1407%)
entry 6862000/10373340 (66.1503%)
entry 6863000/10373340 (66.16%)
entry 6864000/10373340 (66.1696%)
entry 6865000/10373340 (66.1793%)
entry 6866000/10373340 (66.1889%)
entry 6867000/10373340 (66.1985%)
entry 6868000/10373340 (66.2082%)
entry 6869000/10373340 (66.2178%)
entry 6870000/10373340 (66.2275%)
entry 6871000/10373340 (66.2371%)
entry 6874000/10373340 (66.266%)
entry 6875000/10373340 (66.2757%)
entry 6877000/10373340 (66.2949%)
entry 6879000/10373340 (66.3142%)
entry 6883000/10373340 (66.3528%)
entry 6884000/10373340 (66.3624%)
entry 6885000/10373340 (66.3721%)
entry 6886000/10373340 (66.3817%)
entry 6889000/10373340 (66.4106%)
entry 6890000/10373340 (66.4203%)
entry 6891000/10373340 (66.4299%)
entry 6893000/10373340 (66.4492%)
entry 6895000/10373340 (66.4685%)
entry 6898000/10373340 (66.4974%)
entry 6900000/10373340 (66.5167%)
entry 6903000/10373340 (66.5456%)
entry 6905000/10373340 (66.5649%)
entry 6906000/10373340 (66.5745%)
entry 6907000/10373340 (66.5841%)
entry 6908000/10373340 (66.5938%)
entry 6910000/10373340 (66.6131%)
entry 6911000/10373340 (66.6227%)
entry 6913000/10373340 (66.642%)
entry 6914000/10373340 (66.6516%)
entry 6915000/10373340 (66.6613%)
entry 6917000/10373340 (66.6806%)
entry 6918000/10373340 (66.6902%)
entry 6919000/10373340 (66.6998%)
entry 6920000/10373340 (66.7095%)
entry 6921000/10373340 (66.7191%)
entry 6922000/10373340 (66.7287%)
entry 6923000/10373340 (66.7384%)
entry 6925000/10373340 (66.7577%)
entry 6926000/10373340 (66.7673%)
entry 6928000/10373340 (66.7866%)
entry 6930000/10373340 (66.8059%)
entry 6932000/10373340 (66.8252%)
entry 6933000/10373340 (66.8348%)
entry 6934000/10373340 (66.8444%)
entry 6935000/10373340 (66.8541%)
entry 6937000/10373340 (66.8733%)
entry 6939000/10373340 (66.8926%)
entry 6941000/10373340 (66.9119%)
entry 6942000/10373340 (66.9216%)
entry 6943000/10373340 (66.9312%)
entry 6945000/10373340 (66.9505%)
entry 6946000/10373340 (66.9601%)
entry 6948000/10373340 (66.9794%)
entry 6949000/10373340 (66.989%)
entry 6950000/10373340 (66.9987%)
entry 6952000/10373340 (67.018%)
entry 6953000/10373340 (67.0276%)
entry 6956000/10373340 (67.0565%)
entry 6957000/10373340 (67.0662%)
entry 6958000/10373340 (67.0758%)
entry 6959000/10373340 (67.0854%)
entry 6960000/10373340 (67.0951%)
entry 6961000/10373340 (67.1047%)
entry 6963000/10373340 (67.124%)
entry 6966000/10373340 (67.1529%)
entry 6968000/10373340 (67.1722%)
entry 6971000/10373340 (67.2011%)
entry 6975000/10373340 (67.2397%)
entry 6981000/10373340 (67.2975%)
entry 6985000/10373340 (67.3361%)
entry 6986000/10373340 (67.3457%)
entry 6988000/10373340 (67.365%)
entry 6990000/10373340 (67.3843%)
entry 6991000/10373340 (67.3939%)
entry 6993000/10373340 (67.4132%)
entry 6994000/10373340 (67.4228%)
entry 6995000/10373340 (67.4325%)
entry 6997000/10373340 (67.4518%)
entry 6998000/10373340 (67.4614%)
entry 7000000/10373340 (67.4807%)
entry 7001000/10373340 (67.4903%)
entry 7002000/10373340 (67.5%)
entry 7004000/10373340 (67.5192%)
entry 7006000/10373340 (67.5385%)
entry 7008000/10373340 (67.5578%)
entry 7009000/10373340 (67.5674%)
entry 7011000/10373340 (67.5867%)
entry 7012000/10373340 (67.5964%)
entry 7013000/10373340 (67.606%)
entry 7014000/10373340 (67.6156%)
entry 7016000/10373340 (67.6349%)
entry 7017000/10373340 (67.6446%)
entry 7020000/10373340 (67.6735%)
entry 7026000/10373340 (67.7313%)
entry 7027000/10373340 (67.741%)
entry 7028000/10373340 (67.7506%)
entry 7030000/10373340 (67.7699%)
entry 7031000/10373340 (67.7795%)
entry 7033000/10373340 (67.7988%)
entry 7034000/10373340 (67.8084%)
entry 7035000/10373340 (67.8181%)
entry 7037000/10373340 (67.8374%)
entry 7038000/10373340 (67.847%)
entry 7039000/10373340 (67.8566%)
entry 7042000/10373340 (67.8856%)
entry 7043000/10373340 (67.8952%)
entry 7044000/10373340 (67.9048%)
entry 7045000/10373340 (67.9145%)
entry 7046000/10373340 (67.9241%)
entry 7047000/10373340 (67.9338%)
entry 7048000/10373340 (67.9434%)
entry 7050000/10373340 (67.9627%)
entry 7051000/10373340 (67.9723%)
entry 7053000/10373340 (67.9916%)
entry 7054000/10373340 (68.0012%)
entry 7055000/10373340 (68.0109%)
entry 7058000/10373340 (68.0398%)
entry 7059000/10373340 (68.0494%)
entry 7062000/10373340 (68.0784%)
entry 7064000/10373340 (68.0976%)
entry 7065000/10373340 (68.1073%)
entry 7066000/10373340 (68.1169%)
entry 7067000/10373340 (68.1266%)
entry 7068000/10373340 (68.1362%)
entry 7070000/10373340 (68.1555%)
entry 7071000/10373340 (68.1651%)
entry 7072000/10373340 (68.1748%)
entry 7074000/10373340 (68.194%)
entry 7076000/10373340 (68.2133%)
entry 7077000/10373340 (68.223%)
entry 7078000/10373340 (68.2326%)
entry 7081000/10373340 (68.2615%)
entry 7082000/10373340 (68.2712%)
entry 7083000/10373340 (68.2808%)
entry 7085000/10373340 (68.3001%)
entry 7086000/10373340 (68.3097%)
entry 7087000/10373340 (68.3194%)
entry 7088000/10373340 (68.329%)
entry 7089000/10373340 (68.3386%)
entry 7090000/10373340 (68.3483%)
entry 7091000/10373340 (68.3579%)
entry 7092000/10373340 (68.3676%)
entry 7093000/10373340 (68.3772%)
entry 7095000/10373340 (68.3965%)
entry 7096000/10373340 (68.4061%)
entry 7097000/10373340 (68.4158%)
entry 7098000/10373340 (68.4254%)
entry 7099000/10373340 (68.435%)
entry 7100000/10373340 (68.4447%)
entry 7101000/10373340 (68.4543%)
entry 7102000/10373340 (68.464%)
entry 7104000/10373340 (68.4832%)
entry 7107000/10373340 (68.5122%)
entry 7108000/10373340 (68.5218%)
entry 7109000/10373340 (68.5314%)
entry 7111000/10373340 (68.5507%)
entry 7113000/10373340 (68.57%)
entry 7119000/10373340 (68.6278%)
entry 7120000/10373340 (68.6375%)
entry 7121000/10373340 (68.6471%)
entry 7122000/10373340 (68.6568%)
entry 7125000/10373340 (68.6857%)
entry 7126000/10373340 (68.6953%)
entry 7127000/10373340 (68.705%)
entry 7128000/10373340 (68.7146%)
entry 7135000/10373340 (68.7821%)
entry 7136000/10373340 (68.7917%)
entry 7137000/10373340 (68.8014%)
entry 7138000/10373340 (68.811%)
entry 7139000/10373340 (68.8206%)
entry 7142000/10373340 (68.8496%)
entry 7143000/10373340 (68.8592%)
entry 7144000/10373340 (68.8689%)
entry 7145000/10373340 (68.8785%)
entry 7146000/10373340 (68.8881%)
entry 7148000/10373340 (68.9074%)
entry 7149000/10373340 (68.917%)
entry 7150000/10373340 (68.9267%)
entry 7151000/10373340 (68.9363%)
entry 7152000/10373340 (68.946%)
entry 7153000/10373340 (68.9556%)
entry 7154000/10373340 (68.9653%)
entry 7156000/10373340 (68.9845%)
entry 7157000/10373340 (68.9942%)
entry 7159000/10373340 (69.0135%)
entry 7160000/10373340 (69.0231%)
entry 7161000/10373340 (69.0327%)
entry 7163000/10373340 (69.052%)
entry 7164000/10373340 (69.0617%)
entry 7166000/10373340 (69.0809%)
entry 7167000/10373340 (69.0906%)
entry 7169000/10373340 (69.1099%)
entry 7170000/10373340 (69.1195%)
entry 7171000/10373340 (69.1291%)
entry 7172000/10373340 (69.1388%)
entry 7173000/10373340 (69.1484%)
entry 7174000/10373340 (69.1581%)
entry 7175000/10373340 (69.1677%)
entry 7177000/10373340 (69.187%)
entry 7178000/10373340 (69.1966%)
entry 7179000/10373340 (69.2063%)
entry 7180000/10373340 (69.2159%)
entry 7181000/10373340 (69.2255%)
entry 7182000/10373340 (69.2352%)
entry 7184000/10373340 (69.2545%)
entry 7185000/10373340 (69.2641%)
entry 7186000/10373340 (69.2737%)
entry 7188000/10373340 (69.293%)
entry 7189000/10373340 (69.3027%)
entry 7191000/10373340 (69.3219%)
entry 7194000/10373340 (69.3509%)
entry 7195000/10373340 (69.3605%)
entry 7197000/10373340 (69.3798%)
entry 7198000/10373340 (69.3894%)
entry 7200000/10373340 (69.4087%)
entry 7201000/10373340 (69.4183%)
entry 7202000/10373340 (69.428%)
entry 7204000/10373340 (69.4473%)
entry 7205000/10373340 (69.4569%)
entry 7206000/10373340 (69.4665%)
entry 7207000/10373340 (69.4762%)
entry 7208000/10373340 (69.4858%)
entry 7212000/10373340 (69.5244%)
entry 7213000/10373340 (69.534%)
entry 7216000/10373340 (69.5629%)
entry 7217000/10373340 (69.5726%)
entry 7218000/10373340 (69.5822%)
entry 7221000/10373340 (69.6111%)
entry 7222000/10373340 (69.6208%)
entry 7223000/10373340 (69.6304%)
entry 7225000/10373340 (69.6497%)
entry 7226000/10373340 (69.6593%)
entry 7227000/10373340 (69.669%)
entry 7228000/10373340 (69.6786%)
entry 7229000/10373340 (69.6883%)
entry 7230000/10373340 (69.6979%)
entry 7231000/10373340 (69.7075%)
entry 7232000/10373340 (69.7172%)
entry 7233000/10373340 (69.7268%)
entry 7234000/10373340 (69.7365%)
entry 7236000/10373340 (69.7557%)
entry 7237000/10373340 (69.7654%)
entry 7238000/10373340 (69.775%)
entry 7239000/10373340 (69.7847%)
entry 7240000/10373340 (69.7943%)
entry 7241000/10373340 (69.8039%)
entry 7242000/10373340 (69.8136%)
entry 7246000/10373340 (69.8521%)
entry 7247000/10373340 (69.8618%)
entry 7249000/10373340 (69.8811%)
entry 7250000/10373340 (69.8907%)
entry 7251000/10373340 (69.9003%)
entry 7252000/10373340 (69.91%)
entry 7253000/10373340 (69.9196%)
entry 7256000/10373340 (69.9485%)
entry 7258000/10373340 (69.9678%)
entry 7260000/10373340 (69.9871%)
entry 7262000/10373340 (70.0064%)
entry 7263000/10373340 (70.016%)
entry 7264000/10373340 (70.0257%)
entry 7265000/10373340 (70.0353%)
entry 7271000/10373340 (70.0931%)
entry 7272000/10373340 (70.1028%)
entry 7274000/10373340 (70.1221%)
entry 7278000/10373340 (70.1606%)
entry 7280000/10373340 (70.1799%)
entry 7281000/10373340 (70.1895%)
entry 7282000/10373340 (70.1992%)
entry 7283000/10373340 (70.2088%)
entry 7284000/10373340 (70.2185%)
entry 7285000/10373340 (70.2281%)
entry 7286000/10373340 (70.2377%)
entry 7287000/10373340 (70.2474%)
entry 7290000/10373340 (70.2763%)
entry 7291000/10373340 (70.2859%)
entry 7292000/10373340 (70.2956%)
entry 7294000/10373340 (70.3149%)
entry 7295000/10373340 (70.3245%)
entry 7297000/10373340 (70.3438%)
entry 7298000/10373340 (70.3534%)
entry 7300000/10373340 (70.3727%)
entry 7302000/10373340 (70.392%)
entry 7303000/10373340 (70.4016%)
entry 7305000/10373340 (70.4209%)
entry 7306000/10373340 (70.4305%)
entry 7307000/10373340 (70.4402%)
entry 7308000/10373340 (70.4498%)
entry 7309000/10373340 (70.4595%)
entry 7311000/10373340 (70.4787%)
entry 7313000/10373340 (70.498%)
entry 7315000/10373340 (70.5173%)
entry 7317000/10373340 (70.5366%)
entry 7318000/10373340 (70.5462%)
entry 7319000/10373340 (70.5559%)
entry 7320000/10373340 (70.5655%)
entry 7321000/10373340 (70.5751%)
entry 7322000/10373340 (70.5848%)
entry 7324000/10373340 (70.6041%)
entry 7325000/10373340 (70.6137%)
entry 7326000/10373340 (70.6234%)
entry 7327000/10373340 (70.633%)
entry 7328000/10373340 (70.6426%)
entry 7329000/10373340 (70.6523%)
entry 7333000/10373340 (70.6908%)
entry 7335000/10373340 (70.7101%)
entry 7337000/10373340 (70.7294%)
entry 7338000/10373340 (70.739%)
entry 7339000/10373340 (70.7487%)
entry 7342000/10373340 (70.7776%)
entry 7343000/10373340 (70.7872%)
entry 7345000/10373340 (70.8065%)
entry 7348000/10373340 (70.8354%)
entry 7349000/10373340 (70.8451%)
entry 7350000/10373340 (70.8547%)
entry 7351000/10373340 (70.8643%)
entry 7352000/10373340 (70.874%)
entry 7353000/10373340 (70.8836%)
entry 7354000/10373340 (70.8933%)
entry 7355000/10373340 (70.9029%)
entry 7356000/10373340 (70.9126%)
entry 7357000/10373340 (70.9222%)
entry 7358000/10373340 (70.9318%)
entry 7359000/10373340 (70.9415%)
entry 7360000/10373340 (70.9511%)
entry 7361000/10373340 (70.9608%)
entry 7364000/10373340 (70.9897%)
entry 7365000/10373340 (70.9993%)
entry 7366000/10373340 (71.009%)
entry 7367000/10373340 (71.0186%)
entry 7369000/10373340 (71.0379%)
entry 7370000/10373340 (71.0475%)
entry 7372000/10373340 (71.0668%)
entry 7373000/10373340 (71.0764%)
entry 7377000/10373340 (71.115%)
entry 7379000/10373340 (71.1343%)
entry 7381000/10373340 (71.1536%)
entry 7382000/10373340 (71.1632%)
entry 7383000/10373340 (71.1728%)
entry 7384000/10373340 (71.1825%)
entry 7385000/10373340 (71.1921%)
entry 7386000/10373340 (71.2018%)
entry 7387000/10373340 (71.2114%)
entry 7390000/10373340 (71.2403%)
entry 7391000/10373340 (71.25%)
entry 7392000/10373340 (71.2596%)
entry 7394000/10373340 (71.2789%)
entry 7395000/10373340 (71.2885%)
entry 7397000/10373340 (71.3078%)
entry 7398000/10373340 (71.3174%)
entry 7399000/10373340 (71.3271%)
entry 7402000/10373340 (71.356%)
entry 7404000/10373340 (71.3753%)
entry 7405000/10373340 (71.3849%)
entry 7408000/10373340 (71.4138%)
entry 7410000/10373340 (71.4331%)
entry 7412000/10373340 (71.4524%)
entry 7413000/10373340 (71.462%)
entry 7414000/10373340 (71.4717%)
entry 7415000/10373340 (71.4813%)
entry 7416000/10373340 (71.491%)
entry 7417000/10373340 (71.5006%)
entry 7419000/10373340 (71.5199%)
entry 7420000/10373340 (71.5295%)
entry 7421000/10373340 (71.5392%)
entry 7422000/10373340 (71.5488%)
entry 7423000/10373340 (71.5584%)
entry 7424000/10373340 (71.5681%)
entry 7426000/10373340 (71.5874%)
entry 7427000/10373340 (71.597%)
entry 7429000/10373340 (71.6163%)
entry 7430000/10373340 (71.6259%)
entry 7432000/10373340 (71.6452%)
entry 7436000/10373340 (71.6838%)
entry 7437000/10373340 (71.6934%)
entry 7438000/10373340 (71.703%)
entry 7439000/10373340 (71.7127%)
entry 7443000/10373340 (71.7512%)
entry 7449000/10373340 (71.8091%)
entry 7451000/10373340 (71.8284%)
entry 7456000/10373340 (71.8766%)
entry 7459000/10373340 (71.9055%)
entry 7460000/10373340 (71.9151%)
entry 7461000/10373340 (71.9248%)
entry 7463000/10373340 (71.944%)
entry 7464000/10373340 (71.9537%)
entry 7465000/10373340 (71.9633%)
entry 7466000/10373340 (71.973%)
entry 7467000/10373340 (71.9826%)
entry 7470000/10373340 (72.0115%)
entry 7472000/10373340 (72.0308%)
entry 7473000/10373340 (72.0404%)
entry 7474000/10373340 (72.0501%)
entry 7475000/10373340 (72.0597%)
entry 7476000/10373340 (72.0694%)
entry 7479000/10373340 (72.0983%)
entry 7480000/10373340 (72.1079%)
entry 7481000/10373340 (72.1176%)
entry 7482000/10373340 (72.1272%)
entry 7486000/10373340 (72.1658%)
entry 7487000/10373340 (72.1754%)
entry 7488000/10373340 (72.185%)
entry 7489000/10373340 (72.1947%)
entry 7490000/10373340 (72.2043%)
entry 7491000/10373340 (72.214%)
entry 7493000/10373340 (72.2332%)
entry 7494000/10373340 (72.2429%)
entry 7495000/10373340 (72.2525%)
entry 7497000/10373340 (72.2718%)
entry 7500000/10373340 (72.3007%)
entry 7501000/10373340 (72.3104%)
entry 7502000/10373340 (72.32%)
entry 7503000/10373340 (72.3296%)
entry 7506000/10373340 (72.3586%)
entry 7507000/10373340 (72.3682%)
entry 7509000/10373340 (72.3875%)
entry 7510000/10373340 (72.3971%)
entry 7511000/10373340 (72.4068%)
entry 7512000/10373340 (72.4164%)
entry 7513000/10373340 (72.426%)
entry 7514000/10373340 (72.4357%)
entry 7515000/10373340 (72.4453%)
entry 7517000/10373340 (72.4646%)
entry 7518000/10373340 (72.4742%)
entry 7522000/10373340 (72.5128%)
entry 7524000/10373340 (72.5321%)
entry 7525000/10373340 (72.5417%)
entry 7526000/10373340 (72.5514%)
entry 7531000/10373340 (72.5996%)
entry 7532000/10373340 (72.6092%)
entry 7533000/10373340 (72.6188%)
entry 7534000/10373340 (72.6285%)
entry 7535000/10373340 (72.6381%)
entry 7536000/10373340 (72.6478%)
entry 7537000/10373340 (72.6574%)
entry 7540000/10373340 (72.6863%)
entry 7541000/10373340 (72.696%)
entry 7542000/10373340 (72.7056%)
entry 7543000/10373340 (72.7152%)
entry 7548000/10373340 (72.7634%)
entry 7550000/10373340 (72.7827%)
entry 7551000/10373340 (72.7924%)
entry 7552000/10373340 (72.802%)
entry 7553000/10373340 (72.8117%)
entry 7554000/10373340 (72.8213%)
entry 7555000/10373340 (72.8309%)
entry 7556000/10373340 (72.8406%)
entry 7557000/10373340 (72.8502%)
entry 7558000/10373340 (72.8598%)
entry 7561000/10373340 (72.8888%)
entry 7563000/10373340 (72.908%)
entry 7564000/10373340 (72.9177%)
entry 7567000/10373340 (72.9466%)
entry 7568000/10373340 (72.9563%)
entry 7570000/10373340 (72.9755%)
entry 7571000/10373340 (72.9852%)
entry 7572000/10373340 (72.9948%)
entry 7574000/10373340 (73.0141%)
entry 7576000/10373340 (73.0334%)
entry 7579000/10373340 (73.0623%)
entry 7581000/10373340 (73.0816%)
entry 7582000/10373340 (73.0912%)
entry 7583000/10373340 (73.1009%)
entry 7585000/10373340 (73.1201%)
entry 7586000/10373340 (73.1298%)
entry 7587000/10373340 (73.1394%)
entry 7588000/10373340 (73.1491%)
entry 7590000/10373340 (73.1683%)
entry 7591000/10373340 (73.178%)
entry 7592000/10373340 (73.1876%)
entry 7593000/10373340 (73.1973%)
entry 7594000/10373340 (73.2069%)
entry 7596000/10373340 (73.2262%)
entry 7597000/10373340 (73.2358%)
entry 7599000/10373340 (73.2551%)
entry 7600000/10373340 (73.2647%)
entry 7602000/10373340 (73.284%)
entry 7607000/10373340 (73.3322%)
entry 7610000/10373340 (73.3611%)
entry 7611000/10373340 (73.3708%)
entry 7612000/10373340 (73.3804%)
entry 7613000/10373340 (73.3901%)
entry 7615000/10373340 (73.4093%)
entry 7616000/10373340 (73.419%)
entry 7617000/10373340 (73.4286%)
entry 7618000/10373340 (73.4383%)
entry 7622000/10373340 (73.4768%)
entry 7623000/10373340 (73.4865%)
entry 7624000/10373340 (73.4961%)
entry 7628000/10373340 (73.5347%)
entry 7630000/10373340 (73.5539%)
entry 7634000/10373340 (73.5925%)
entry 7635000/10373340 (73.6021%)
entry 7636000/10373340 (73.6118%)
entry 7639000/10373340 (73.6407%)
entry 7640000/10373340 (73.6503%)
entry 7641000/10373340 (73.66%)
entry 7642000/10373340 (73.6696%)
entry 7644000/10373340 (73.6889%)
entry 7645000/10373340 (73.6985%)
entry 7647000/10373340 (73.7178%)
entry 7648000/10373340 (73.7275%)
entry 7649000/10373340 (73.7371%)
entry 7650000/10373340 (73.7467%)
entry 7651000/10373340 (73.7564%)
entry 7652000/10373340 (73.766%)
entry 7655000/10373340 (73.7949%)
entry 7660000/10373340 (73.8431%)
entry 7662000/10373340 (73.8624%)
entry 7663000/10373340 (73.8721%)
entry 7664000/10373340 (73.8817%)
entry 7667000/10373340 (73.9106%)
entry 7668000/10373340 (73.9203%)
entry 7669000/10373340 (73.9299%)
entry 7671000/10373340 (73.9492%)
entry 7672000/10373340 (73.9588%)
entry 7673000/10373340 (73.9685%)
entry 7677000/10373340 (74.007%)
entry 7682000/10373340 (74.0552%)
entry 7683000/10373340 (74.0649%)
entry 7685000/10373340 (74.0841%)
entry 7686000/10373340 (74.0938%)
entry 7687000/10373340 (74.1034%)
entry 7689000/10373340 (74.1227%)
entry 7691000/10373340 (74.142%)
entry 7692000/10373340 (74.1516%)
entry 7694000/10373340 (74.1709%)
entry 7695000/10373340 (74.1805%)
entry 7698000/10373340 (74.2095%)
entry 7699000/10373340 (74.2191%)
entry 7701000/10373340 (74.2384%)
entry 7702000/10373340 (74.248%)
entry 7704000/10373340 (74.2673%)
entry 7705000/10373340 (74.2769%)
entry 7706000/10373340 (74.2866%)
entry 7707000/10373340 (74.2962%)
entry 7708000/10373340 (74.3059%)
entry 7709000/10373340 (74.3155%)
entry 7710000/10373340 (74.3251%)
entry 7714000/10373340 (74.3637%)
entry 7715000/10373340 (74.3733%)
entry 7716000/10373340 (74.383%)
entry 7717000/10373340 (74.3926%)
entry 7718000/10373340 (74.4023%)
entry 7719000/10373340 (74.4119%)
entry 7720000/10373340 (74.4215%)
entry 7721000/10373340 (74.4312%)
entry 7723000/10373340 (74.4505%)
entry 7728000/10373340 (74.4987%)
entry 7729000/10373340 (74.5083%)
entry 7730000/10373340 (74.5179%)
entry 7731000/10373340 (74.5276%)
entry 7732000/10373340 (74.5372%)
entry 7734000/10373340 (74.5565%)
entry 7735000/10373340 (74.5661%)
entry 7736000/10373340 (74.5758%)
entry 7739000/10373340 (74.6047%)
entry 7740000/10373340 (74.6143%)
entry 7742000/10373340 (74.6336%)
entry 7743000/10373340 (74.6433%)
entry 7744000/10373340 (74.6529%)
entry 7745000/10373340 (74.6625%)
entry 7746000/10373340 (74.6722%)
entry 7747000/10373340 (74.6818%)
entry 7749000/10373340 (74.7011%)
entry 7751000/10373340 (74.7204%)
entry 7752000/10373340 (74.73%)
entry 7753000/10373340 (74.7397%)
entry 7756000/10373340 (74.7686%)
entry 7757000/10373340 (74.7782%)
entry 7758000/10373340 (74.7879%)
entry 7760000/10373340 (74.8071%)
entry 7761000/10373340 (74.8168%)
entry 7762000/10373340 (74.8264%)
entry 7763000/10373340 (74.8361%)
entry 7766000/10373340 (74.865%)
entry 7770000/10373340 (74.9036%)
entry 7771000/10373340 (74.9132%)
entry 7772000/10373340 (74.9228%)
entry 7774000/10373340 (74.9421%)
entry 7776000/10373340 (74.9614%)
entry 7777000/10373340 (74.971%)
entry 7779000/10373340 (74.9903%)
entry 7780000/10373340 (75%)
entry 7781000/10373340 (75.0096%)
entry 7782000/10373340 (75.0192%)
entry 7784000/10373340 (75.0385%)
entry 7786000/10373340 (75.0578%)
entry 7787000/10373340 (75.0674%)
entry 7789000/10373340 (75.0867%)
entry 7790000/10373340 (75.0964%)
entry 7793000/10373340 (75.1253%)
entry 7794000/10373340 (75.1349%)
entry 7795000/10373340 (75.1446%)
entry 7796000/10373340 (75.1542%)
entry 7799000/10373340 (75.1831%)
entry 7802000/10373340 (75.212%)
entry 7805000/10373340 (75.241%)
entry 7806000/10373340 (75.2506%)
entry 7808000/10373340 (75.2699%)
entry 7811000/10373340 (75.2988%)
entry 7812000/10373340 (75.3084%)
entry 7814000/10373340 (75.3277%)
entry 7815000/10373340 (75.3374%)
entry 7819000/10373340 (75.3759%)
entry 7822000/10373340 (75.4048%)
entry 7823000/10373340 (75.4145%)
entry 7826000/10373340 (75.4434%)
entry 7828000/10373340 (75.4627%)
entry 7829000/10373340 (75.4723%)
entry 7830000/10373340 (75.482%)
entry 7831000/10373340 (75.4916%)
entry 7833000/10373340 (75.5109%)
entry 7834000/10373340 (75.5205%)
entry 7835000/10373340 (75.5302%)
entry 7836000/10373340 (75.5398%)
entry 7837000/10373340 (75.5494%)
entry 7839000/10373340 (75.5687%)
entry 7840000/10373340 (75.5784%)
entry 7841000/10373340 (75.588%)
entry 7842000/10373340 (75.5976%)
entry 7843000/10373340 (75.6073%)
entry 7846000/10373340 (75.6362%)
entry 7847000/10373340 (75.6458%)
entry 7848000/10373340 (75.6555%)
entry 7849000/10373340 (75.6651%)
entry 7850000/10373340 (75.6748%)
entry 7851000/10373340 (75.6844%)
entry 7852000/10373340 (75.694%)
entry 7853000/10373340 (75.7037%)
entry 7854000/10373340 (75.7133%)
entry 7856000/10373340 (75.7326%)
entry 7859000/10373340 (75.7615%)
entry 7862000/10373340 (75.7904%)
entry 7863000/10373340 (75.8001%)
entry 7864000/10373340 (75.8097%)
entry 7866000/10373340 (75.829%)
entry 7867000/10373340 (75.8386%)
entry 7868000/10373340 (75.8483%)
entry 7871000/10373340 (75.8772%)
entry 7872000/10373340 (75.8868%)
entry 7873000/10373340 (75.8965%)
entry 7875000/10373340 (75.9158%)
entry 7876000/10373340 (75.9254%)
entry 7877000/10373340 (75.935%)
entry 7878000/10373340 (75.9447%)
entry 7879000/10373340 (75.9543%)
entry 7882000/10373340 (75.9832%)
entry 7884000/10373340 (76.0025%)
entry 7885000/10373340 (76.0122%)
entry 7886000/10373340 (76.0218%)
entry 7889000/10373340 (76.0507%)
entry 7890000/10373340 (76.0604%)
entry 7893000/10373340 (76.0893%)
entry 7895000/10373340 (76.1086%)
entry 7896000/10373340 (76.1182%)
entry 7897000/10373340 (76.1278%)
entry 7898000/10373340 (76.1375%)
entry 7899000/10373340 (76.1471%)
entry 7901000/10373340 (76.1664%)
entry 7902000/10373340 (76.176%)
entry 7905000/10373340 (76.205%)
entry 7906000/10373340 (76.2146%)
entry 7907000/10373340 (76.2242%)
entry 7908000/10373340 (76.2339%)
entry 7909000/10373340 (76.2435%)
entry 7912000/10373340 (76.2724%)
entry 7913000/10373340 (76.2821%)
entry 7915000/10373340 (76.3014%)
entry 7917000/10373340 (76.3206%)
entry 7918000/10373340 (76.3303%)
entry 7919000/10373340 (76.3399%)
entry 7920000/10373340 (76.3496%)
entry 7922000/10373340 (76.3688%)
entry 7923000/10373340 (76.3785%)
entry 7924000/10373340 (76.3881%)
entry 7925000/10373340 (76.3978%)
entry 7927000/10373340 (76.417%)
entry 7928000/10373340 (76.4267%)
entry 7929000/10373340 (76.4363%)
entry 7930000/10373340 (76.446%)
entry 7934000/10373340 (76.4845%)
entry 7938000/10373340 (76.5231%)
entry 7940000/10373340 (76.5424%)
entry 7943000/10373340 (76.5713%)
entry 7944000/10373340 (76.5809%)
entry 7945000/10373340 (76.5906%)
entry 7949000/10373340 (76.6291%)
entry 7950000/10373340 (76.6388%)
entry 7952000/10373340 (76.658%)
entry 7953000/10373340 (76.6677%)
entry 7954000/10373340 (76.6773%)
entry 7955000/10373340 (76.687%)
entry 7956000/10373340 (76.6966%)
entry 7959000/10373340 (76.7255%)
entry 7961000/10373340 (76.7448%)
entry 7965000/10373340 (76.7834%)
entry 7967000/10373340 (76.8026%)
entry 7968000/10373340 (76.8123%)
entry 7969000/10373340 (76.8219%)
entry 7971000/10373340 (76.8412%)
entry 7972000/10373340 (76.8508%)
entry 7973000/10373340 (76.8605%)
entry 7975000/10373340 (76.8798%)
entry 7976000/10373340 (76.8894%)
entry 7977000/10373340 (76.8991%)
entry 7978000/10373340 (76.9087%)
entry 7981000/10373340 (76.9376%)
entry 7984000/10373340 (76.9665%)
entry 7986000/10373340 (76.9858%)
entry 7987000/10373340 (76.9955%)
entry 7989000/10373340 (77.0147%)
entry 7990000/10373340 (77.0244%)
entry 7992000/10373340 (77.0437%)
entry 7993000/10373340 (77.0533%)
entry 7994000/10373340 (77.0629%)
entry 7996000/10373340 (77.0822%)
entry 7999000/10373340 (77.1111%)
entry 8002000/10373340 (77.1401%)
entry 8003000/10373340 (77.1497%)
entry 8004000/10373340 (77.1593%)
entry 8008000/10373340 (77.1979%)
entry 8009000/10373340 (77.2075%)
entry 8010000/10373340 (77.2172%)
entry 8013000/10373340 (77.2461%)
entry 8014000/10373340 (77.2557%)
entry 8015000/10373340 (77.2654%)
entry 8016000/10373340 (77.275%)
entry 8018000/10373340 (77.2943%)
entry 8019000/10373340 (77.3039%)
entry 8020000/10373340 (77.3136%)
entry 8021000/10373340 (77.3232%)
entry 8023000/10373340 (77.3425%)
entry 8024000/10373340 (77.3521%)
entry 8026000/10373340 (77.3714%)
entry 8027000/10373340 (77.3811%)
entry 8029000/10373340 (77.4003%)
entry 8030000/10373340 (77.41%)
entry 8031000/10373340 (77.4196%)
entry 8034000/10373340 (77.4485%)
entry 8035000/10373340 (77.4582%)
entry 8037000/10373340 (77.4775%)
entry 8039000/10373340 (77.4967%)
entry 8040000/10373340 (77.5064%)
entry 8041000/10373340 (77.516%)
entry 8042000/10373340 (77.5257%)
entry 8045000/10373340 (77.5546%)
entry 8049000/10373340 (77.5931%)
entry 8050000/10373340 (77.6028%)
entry 8052000/10373340 (77.6221%)
entry 8055000/10373340 (77.651%)
entry 8056000/10373340 (77.6606%)
entry 8057000/10373340 (77.6703%)
entry 8060000/10373340 (77.6992%)
entry 8063000/10373340 (77.7281%)
entry 8064000/10373340 (77.7377%)
entry 8065000/10373340 (77.7474%)
entry 8066000/10373340 (77.757%)
entry 8067000/10373340 (77.7667%)
entry 8068000/10373340 (77.7763%)
entry 8069000/10373340 (77.7859%)
entry 8070000/10373340 (77.7956%)
entry 8071000/10373340 (77.8052%)
entry 8072000/10373340 (77.8149%)
entry 8073000/10373340 (77.8245%)
entry 8074000/10373340 (77.8341%)
entry 8075000/10373340 (77.8438%)
entry 8076000/10373340 (77.8534%)
entry 8079000/10373340 (77.8823%)
entry 8080000/10373340 (77.892%)
entry 8081000/10373340 (77.9016%)
entry 8083000/10373340 (77.9209%)
entry 8084000/10373340 (77.9305%)
entry 8085000/10373340 (77.9402%)
entry 8087000/10373340 (77.9595%)
entry 8090000/10373340 (77.9884%)
entry 8092000/10373340 (78.0077%)
entry 8094000/10373340 (78.0269%)
entry 8095000/10373340 (78.0366%)
entry 8096000/10373340 (78.0462%)
entry 8097000/10373340 (78.0559%)
entry 8099000/10373340 (78.0751%)
entry 8100000/10373340 (78.0848%)
entry 8101000/10373340 (78.0944%)
entry 8102000/10373340 (78.1041%)
entry 8105000/10373340 (78.133%)
entry 8106000/10373340 (78.1426%)
entry 8107000/10373340 (78.1523%)
entry 8109000/10373340 (78.1715%)
entry 8110000/10373340 (78.1812%)
entry 8111000/10373340 (78.1908%)
entry 8112000/10373340 (78.2005%)
entry 8113000/10373340 (78.2101%)
entry 8116000/10373340 (78.239%)
entry 8117000/10373340 (78.2487%)
entry 8118000/10373340 (78.2583%)
entry 8119000/10373340 (78.2679%)
entry 8121000/10373340 (78.2872%)
entry 8124000/10373340 (78.3161%)
entry 8126000/10373340 (78.3354%)
entry 8127000/10373340 (78.3451%)
entry 8129000/10373340 (78.3643%)
entry 8131000/10373340 (78.3836%)
entry 8133000/10373340 (78.4029%)
entry 8134000/10373340 (78.4125%)
entry 8135000/10373340 (78.4222%)
entry 8136000/10373340 (78.4318%)
entry 8137000/10373340 (78.4415%)
entry 8138000/10373340 (78.4511%)
entry 8139000/10373340 (78.4607%)
entry 8140000/10373340 (78.4704%)
entry 8141000/10373340 (78.48%)
entry 8142000/10373340 (78.4897%)
entry 8143000/10373340 (78.4993%)
entry 8144000/10373340 (78.5089%)
entry 8145000/10373340 (78.5186%)
entry 8147000/10373340 (78.5379%)
entry 8150000/10373340 (78.5668%)
entry 8151000/10373340 (78.5764%)
entry 8152000/10373340 (78.5861%)
entry 8153000/10373340 (78.5957%)
entry 8154000/10373340 (78.6053%)
entry 8155000/10373340 (78.615%)
entry 8156000/10373340 (78.6246%)
entry 8158000/10373340 (78.6439%)
entry 8159000/10373340 (78.6536%)
entry 8160000/10373340 (78.6632%)
entry 8161000/10373340 (78.6728%)
entry 8166000/10373340 (78.721%)
entry 8169000/10373340 (78.7499%)
entry 8170000/10373340 (78.7596%)
entry 8171000/10373340 (78.7692%)
entry 8172000/10373340 (78.7789%)
entry 8175000/10373340 (78.8078%)
entry 8176000/10373340 (78.8174%)
entry 8178000/10373340 (78.8367%)
entry 8181000/10373340 (78.8656%)
entry 8182000/10373340 (78.8753%)
entry 8183000/10373340 (78.8849%)
entry 8185000/10373340 (78.9042%)
entry 8186000/10373340 (78.9138%)
entry 8187000/10373340 (78.9235%)
entry 8189000/10373340 (78.9428%)
entry 8190000/10373340 (78.9524%)
entry 8192000/10373340 (78.9717%)
entry 8193000/10373340 (78.9813%)
entry 8195000/10373340 (79.0006%)
entry 8196000/10373340 (79.0102%)
entry 8197000/10373340 (79.0199%)
entry 8199000/10373340 (79.0392%)
entry 8200000/10373340 (79.0488%)
entry 8203000/10373340 (79.0777%)
entry 8204000/10373340 (79.0874%)
entry 8207000/10373340 (79.1163%)
entry 8208000/10373340 (79.1259%)
entry 8210000/10373340 (79.1452%)
entry 8212000/10373340 (79.1645%)
entry 8213000/10373340 (79.1741%)
entry 8214000/10373340 (79.1838%)
entry 8216000/10373340 (79.203%)
entry 8218000/10373340 (79.2223%)
entry 8219000/10373340 (79.232%)
entry 8220000/10373340 (79.2416%)
entry 8222000/10373340 (79.2609%)
entry 8223000/10373340 (79.2705%)
entry 8224000/10373340 (79.2802%)
entry 8229000/10373340 (79.3284%)
entry 8232000/10373340 (79.3573%)
entry 8233000/10373340 (79.3669%)
entry 8235000/10373340 (79.3862%)
entry 8236000/10373340 (79.3958%)
entry 8237000/10373340 (79.4055%)
entry 8238000/10373340 (79.4151%)
entry 8243000/10373340 (79.4633%)
entry 8245000/10373340 (79.4826%)
entry 8246000/10373340 (79.4922%)
entry 8247000/10373340 (79.5019%)
entry 8249000/10373340 (79.5212%)
entry 8250000/10373340 (79.5308%)
entry 8254000/10373340 (79.5694%)
entry 8255000/10373340 (79.579%)
entry 8258000/10373340 (79.6079%)
entry 8259000/10373340 (79.6176%)
entry 8261000/10373340 (79.6368%)
entry 8262000/10373340 (79.6465%)
entry 8263000/10373340 (79.6561%)
entry 8264000/10373340 (79.6658%)
entry 8269000/10373340 (79.714%)
entry 8270000/10373340 (79.7236%)
entry 8271000/10373340 (79.7332%)
entry 8272000/10373340 (79.7429%)
entry 8273000/10373340 (79.7525%)
entry 8274000/10373340 (79.7622%)
entry 8275000/10373340 (79.7718%)
entry 8276000/10373340 (79.7814%)
entry 8277000/10373340 (79.7911%)
entry 8278000/10373340 (79.8007%)
entry 8279000/10373340 (79.8104%)
entry 8282000/10373340 (79.8393%)
entry 8283000/10373340 (79.8489%)
entry 8286000/10373340 (79.8778%)
entry 8287000/10373340 (79.8875%)
entry 8289000/10373340 (79.9068%)
entry 8290000/10373340 (79.9164%)
entry 8292000/10373340 (79.9357%)
entry 8293000/10373340 (79.9453%)
entry 8294000/10373340 (79.955%)
entry 8295000/10373340 (79.9646%)
entry 8296000/10373340 (79.9742%)
entry 8297000/10373340 (79.9839%)
entry 8298000/10373340 (79.9935%)
entry 8299000/10373340 (80.0032%)
entry 8300000/10373340 (80.0128%)
entry 8301000/10373340 (80.0224%)
entry 8304000/10373340 (80.0514%)
entry 8305000/10373340 (80.061%)
entry 8306000/10373340 (80.0706%)
entry 8308000/10373340 (80.0899%)
entry 8309000/10373340 (80.0996%)
entry 8310000/10373340 (80.1092%)
entry 8311000/10373340 (80.1188%)
entry 8312000/10373340 (80.1285%)
entry 8314000/10373340 (80.1478%)
entry 8316000/10373340 (80.167%)
entry 8318000/10373340 (80.1863%)
entry 8320000/10373340 (80.2056%)
entry 8321000/10373340 (80.2152%)
entry 8323000/10373340 (80.2345%)
entry 8324000/10373340 (80.2442%)
entry 8327000/10373340 (80.2731%)
entry 8330000/10373340 (80.302%)
entry 8331000/10373340 (80.3116%)
entry 8332000/10373340 (80.3213%)
entry 8335000/10373340 (80.3502%)
entry 8336000/10373340 (80.3598%)
entry 8337000/10373340 (80.3695%)
entry 8338000/10373340 (80.3791%)
entry 8339000/10373340 (80.3888%)
entry 8340000/10373340 (80.3984%)
entry 8341000/10373340 (80.408%)
entry 8343000/10373340 (80.4273%)
entry 8344000/10373340 (80.437%)
entry 8347000/10373340 (80.4659%)
entry 8348000/10373340 (80.4755%)
entry 8349000/10373340 (80.4852%)
entry 8351000/10373340 (80.5044%)
entry 8352000/10373340 (80.5141%)
entry 8353000/10373340 (80.5237%)
entry 8354000/10373340 (80.5334%)
entry 8355000/10373340 (80.543%)
entry 8359000/10373340 (80.5816%)
entry 8360000/10373340 (80.5912%)
entry 8361000/10373340 (80.6008%)
entry 8362000/10373340 (80.6105%)
entry 8365000/10373340 (80.6394%)
entry 8366000/10373340 (80.649%)
entry 8367000/10373340 (80.6587%)
entry 8368000/10373340 (80.6683%)
entry 8369000/10373340 (80.678%)
entry 8370000/10373340 (80.6876%)
entry 8372000/10373340 (80.7069%)
entry 8374000/10373340 (80.7262%)
entry 8376000/10373340 (80.7454%)
entry 8377000/10373340 (80.7551%)
entry 8378000/10373340 (80.7647%)
entry 8379000/10373340 (80.7744%)
entry 8380000/10373340 (80.784%)
entry 8381000/10373340 (80.7936%)
entry 8382000/10373340 (80.8033%)
entry 8383000/10373340 (80.8129%)
entry 8384000/10373340 (80.8226%)
entry 8386000/10373340 (80.8419%)
entry 8389000/10373340 (80.8708%)
entry 8390000/10373340 (80.8804%)
entry 8391000/10373340 (80.8901%)
entry 8395000/10373340 (80.9286%)
entry 8396000/10373340 (80.9382%)
entry 8398000/10373340 (80.9575%)
entry 8399000/10373340 (80.9672%)
entry 8400000/10373340 (80.9768%)
entry 8402000/10373340 (80.9961%)
entry 8403000/10373340 (81.0057%)
entry 8404000/10373340 (81.0154%)
entry 8408000/10373340 (81.0539%)
entry 8409000/10373340 (81.0636%)
entry 8411000/10373340 (81.0829%)
entry 8413000/10373340 (81.1021%)
entry 8414000/10373340 (81.1118%)
entry 8415000/10373340 (81.1214%)
entry 8417000/10373340 (81.1407%)
entry 8419000/10373340 (81.16%)
entry 8421000/10373340 (81.1793%)
entry 8422000/10373340 (81.1889%)
entry 8424000/10373340 (81.2082%)
entry 8428000/10373340 (81.2467%)
entry 8429000/10373340 (81.2564%)
entry 8431000/10373340 (81.2757%)
entry 8433000/10373340 (81.2949%)
entry 8434000/10373340 (81.3046%)
entry 8435000/10373340 (81.3142%)
entry 8436000/10373340 (81.3239%)
entry 8438000/10373340 (81.3431%)
entry 8439000/10373340 (81.3528%)
entry 8440000/10373340 (81.3624%)
entry 8443000/10373340 (81.3913%)
entry 8446000/10373340 (81.4203%)
entry 8448000/10373340 (81.4395%)
entry 8449000/10373340 (81.4492%)
entry 8450000/10373340 (81.4588%)
entry 8454000/10373340 (81.4974%)
entry 8455000/10373340 (81.507%)
entry 8457000/10373340 (81.5263%)
entry 8458000/10373340 (81.5359%)
entry 8459000/10373340 (81.5456%)
entry 8461000/10373340 (81.5649%)
entry 8464000/10373340 (81.5938%)
entry 8466000/10373340 (81.6131%)
entry 8467000/10373340 (81.6227%)
entry 8468000/10373340 (81.6323%)
entry 8471000/10373340 (81.6613%)
entry 8472000/10373340 (81.6709%)
entry 8473000/10373340 (81.6805%)
entry 8474000/10373340 (81.6902%)
entry 8475000/10373340 (81.6998%)
entry 8477000/10373340 (81.7191%)
entry 8478000/10373340 (81.7287%)
entry 8479000/10373340 (81.7384%)
entry 8483000/10373340 (81.7769%)
entry 8488000/10373340 (81.8251%)
entry 8489000/10373340 (81.8348%)
entry 8491000/10373340 (81.8541%)
entry 8494000/10373340 (81.883%)
entry 8495000/10373340 (81.8926%)
entry 8496000/10373340 (81.9023%)
entry 8497000/10373340 (81.9119%)
entry 8499000/10373340 (81.9312%)
entry 8500000/10373340 (81.9408%)
entry 8501000/10373340 (81.9505%)
entry 8505000/10373340 (81.989%)
entry 8508000/10373340 (82.0179%)
entry 8511000/10373340 (82.0469%)
entry 8512000/10373340 (82.0565%)
entry 8513000/10373340 (82.0661%)
entry 8515000/10373340 (82.0854%)
entry 8521000/10373340 (82.1433%)
entry 8525000/10373340 (82.1818%)
entry 8527000/10373340 (82.2011%)
entry 8528000/10373340 (82.2107%)
entry 8529000/10373340 (82.2204%)
entry 8530000/10373340 (82.23%)
entry 8531000/10373340 (82.2397%)
entry 8534000/10373340 (82.2686%)
entry 8536000/10373340 (82.2879%)
entry 8537000/10373340 (82.2975%)
entry 8541000/10373340 (82.3361%)
entry 8542000/10373340 (82.3457%)
entry 8544000/10373340 (82.365%)
entry 8545000/10373340 (82.3746%)
entry 8548000/10373340 (82.4035%)
entry 8551000/10373340 (82.4325%)
entry 8552000/10373340 (82.4421%)
entry 8555000/10373340 (82.471%)
entry 8556000/10373340 (82.4807%)
entry 8557000/10373340 (82.4903%)
entry 8558000/10373340 (82.4999%)
entry 8559000/10373340 (82.5096%)
entry 8560000/10373340 (82.5192%)
entry 8561000/10373340 (82.5289%)
entry 8562000/10373340 (82.5385%)
entry 8563000/10373340 (82.5481%)
entry 8564000/10373340 (82.5578%)
entry 8565000/10373340 (82.5674%)
entry 8567000/10373340 (82.5867%)
entry 8568000/10373340 (82.5963%)
entry 8569000/10373340 (82.606%)
entry 8570000/10373340 (82.6156%)
entry 8571000/10373340 (82.6253%)
entry 8574000/10373340 (82.6542%)
entry 8577000/10373340 (82.6831%)
entry 8578000/10373340 (82.6927%)
entry 8579000/10373340 (82.7024%)
entry 8580000/10373340 (82.712%)
entry 8581000/10373340 (82.7217%)
entry 8583000/10373340 (82.741%)
entry 8584000/10373340 (82.7506%)
entry 8585000/10373340 (82.7602%)
entry 8587000/10373340 (82.7795%)
entry 8589000/10373340 (82.7988%)
entry 8590000/10373340 (82.8084%)
entry 8591000/10373340 (82.8181%)
entry 8592000/10373340 (82.8277%)
entry 8594000/10373340 (82.847%)
entry 8595000/10373340 (82.8566%)
entry 8596000/10373340 (82.8663%)
entry 8598000/10373340 (82.8856%)
entry 8599000/10373340 (82.8952%)
entry 8600000/10373340 (82.9048%)
entry 8602000/10373340 (82.9241%)
entry 8603000/10373340 (82.9338%)
entry 8604000/10373340 (82.9434%)
entry 8605000/10373340 (82.953%)
entry 8606000/10373340 (82.9627%)
entry 8608000/10373340 (82.982%)
entry 8610000/10373340 (83.0012%)
entry 8611000/10373340 (83.0109%)
entry 8612000/10373340 (83.0205%)
entry 8614000/10373340 (83.0398%)
entry 8616000/10373340 (83.0591%)
entry 8617000/10373340 (83.0687%)
entry 8622000/10373340 (83.1169%)
entry 8623000/10373340 (83.1266%)
entry 8626000/10373340 (83.1555%)
entry 8628000/10373340 (83.1748%)
entry 8630000/10373340 (83.194%)
entry 8631000/10373340 (83.2037%)
entry 8632000/10373340 (83.2133%)
entry 8633000/10373340 (83.223%)
entry 8638000/10373340 (83.2712%)
entry 8642000/10373340 (83.3097%)
entry 8643000/10373340 (83.3194%)
entry 8645000/10373340 (83.3386%)
entry 8646000/10373340 (83.3483%)
entry 8647000/10373340 (83.3579%)
entry 8648000/10373340 (83.3676%)
entry 8649000/10373340 (83.3772%)
entry 8650000/10373340 (83.3868%)
entry 8651000/10373340 (83.3965%)
entry 8652000/10373340 (83.4061%)
entry 8654000/10373340 (83.4254%)
entry 8655000/10373340 (83.435%)
entry 8656000/10373340 (83.4447%)
entry 8657000/10373340 (83.4543%)
entry 8658000/10373340 (83.464%)
entry 8659000/10373340 (83.4736%)
entry 8660000/10373340 (83.4832%)
entry 8661000/10373340 (83.4929%)
entry 8665000/10373340 (83.5314%)
entry 8666000/10373340 (83.5411%)
entry 8667000/10373340 (83.5507%)
entry 8668000/10373340 (83.5604%)
entry 8669000/10373340 (83.57%)
entry 8674000/10373340 (83.6182%)
entry 8675000/10373340 (83.6278%)
entry 8676000/10373340 (83.6375%)
entry 8677000/10373340 (83.6471%)
entry 8679000/10373340 (83.6664%)
entry 8681000/10373340 (83.6857%)
entry 8682000/10373340 (83.6953%)
entry 8684000/10373340 (83.7146%)
entry 8685000/10373340 (83.7242%)
entry 8686000/10373340 (83.7339%)
entry 8687000/10373340 (83.7435%)
entry 8688000/10373340 (83.7532%)
entry 8689000/10373340 (83.7628%)
entry 8692000/10373340 (83.7917%)
entry 8693000/10373340 (83.8014%)
entry 8694000/10373340 (83.811%)
entry 8695000/10373340 (83.8206%)
entry 8696000/10373340 (83.8303%)
entry 8699000/10373340 (83.8592%)
entry 8701000/10373340 (83.8785%)
entry 8702000/10373340 (83.8881%)
entry 8703000/10373340 (83.8978%)
entry 8704000/10373340 (83.9074%)
entry 8706000/10373340 (83.9267%)
entry 8707000/10373340 (83.9363%)
entry 8708000/10373340 (83.946%)
entry 8709000/10373340 (83.9556%)
entry 8710000/10373340 (83.9652%)
entry 8711000/10373340 (83.9749%)
entry 8715000/10373340 (84.0134%)
entry 8716000/10373340 (84.0231%)
entry 8717000/10373340 (84.0327%)
entry 8718000/10373340 (84.0424%)
entry 8719000/10373340 (84.052%)
entry 8720000/10373340 (84.0616%)
entry 8721000/10373340 (84.0713%)
entry 8722000/10373340 (84.0809%)
entry 8723000/10373340 (84.0906%)
entry 8724000/10373340 (84.1002%)
entry 8725000/10373340 (84.1098%)
entry 8726000/10373340 (84.1195%)
entry 8728000/10373340 (84.1388%)
entry 8730000/10373340 (84.158%)
entry 8731000/10373340 (84.1677%)
entry 8732000/10373340 (84.1773%)
entry 8734000/10373340 (84.1966%)
entry 8735000/10373340 (84.2062%)
entry 8736000/10373340 (84.2159%)
entry 8737000/10373340 (84.2255%)
entry 8738000/10373340 (84.2352%)
entry 8739000/10373340 (84.2448%)
entry 8740000/10373340 (84.2544%)
entry 8741000/10373340 (84.2641%)
entry 8742000/10373340 (84.2737%)
entry 8744000/10373340 (84.293%)
entry 8745000/10373340 (84.3026%)
entry 8746000/10373340 (84.3123%)
entry 8747000/10373340 (84.3219%)
entry 8749000/10373340 (84.3412%)
entry 8753000/10373340 (84.3798%)
entry 8756000/10373340 (84.4087%)
entry 8757000/10373340 (84.4183%)
entry 8758000/10373340 (84.428%)
entry 8759000/10373340 (84.4376%)
entry 8760000/10373340 (84.4472%)
entry 8762000/10373340 (84.4665%)
entry 8763000/10373340 (84.4762%)
entry 8766000/10373340 (84.5051%)
entry 8769000/10373340 (84.534%)
entry 8770000/10373340 (84.5436%)
entry 8771000/10373340 (84.5533%)
entry 8773000/10373340 (84.5726%)
entry 8774000/10373340 (84.5822%)
entry 8775000/10373340 (84.5918%)
entry 8776000/10373340 (84.6015%)
entry 8777000/10373340 (84.6111%)
entry 8778000/10373340 (84.6208%)
entry 8779000/10373340 (84.6304%)
entry 8780000/10373340 (84.64%)
entry 8781000/10373340 (84.6497%)
entry 8784000/10373340 (84.6786%)
entry 8786000/10373340 (84.6979%)
entry 8788000/10373340 (84.7172%)
entry 8789000/10373340 (84.7268%)
entry 8792000/10373340 (84.7557%)
entry 8793000/10373340 (84.7654%)
entry 8795000/10373340 (84.7847%)
entry 8797000/10373340 (84.8039%)
entry 8799000/10373340 (84.8232%)
entry 8800000/10373340 (84.8329%)
entry 8801000/10373340 (84.8425%)
entry 8803000/10373340 (84.8618%)
entry 8805000/10373340 (84.881%)
entry 8806000/10373340 (84.8907%)
entry 8807000/10373340 (84.9003%)
entry 8808000/10373340 (84.91%)
entry 8809000/10373340 (84.9196%)
entry 8810000/10373340 (84.9293%)
entry 8812000/10373340 (84.9485%)
entry 8814000/10373340 (84.9678%)
entry 8815000/10373340 (84.9775%)
entry 8817000/10373340 (84.9967%)
entry 8820000/10373340 (85.0257%)
entry 8821000/10373340 (85.0353%)
entry 8822000/10373340 (85.0449%)
entry 8826000/10373340 (85.0835%)
entry 8827000/10373340 (85.0931%)
entry 8828000/10373340 (85.1028%)
entry 8830000/10373340 (85.1221%)
entry 8831000/10373340 (85.1317%)
entry 8833000/10373340 (85.151%)
entry 8836000/10373340 (85.1799%)
entry 8837000/10373340 (85.1895%)
entry 8838000/10373340 (85.1992%)
entry 8839000/10373340 (85.2088%)
entry 8840000/10373340 (85.2185%)
entry 8842000/10373340 (85.2377%)
entry 8843000/10373340 (85.2474%)
entry 8844000/10373340 (85.257%)
entry 8846000/10373340 (85.2763%)
entry 8848000/10373340 (85.2956%)
entry 8849000/10373340 (85.3052%)
entry 8850000/10373340 (85.3149%)
entry 8851000/10373340 (85.3245%)
entry 8852000/10373340 (85.3341%)
entry 8857000/10373340 (85.3823%)
entry 8858000/10373340 (85.392%)
entry 8859000/10373340 (85.4016%)
entry 8860000/10373340 (85.4113%)
entry 8862000/10373340 (85.4305%)
entry 8863000/10373340 (85.4402%)
entry 8866000/10373340 (85.4691%)
entry 8867000/10373340 (85.4787%)
entry 8868000/10373340 (85.4884%)
entry 8870000/10373340 (85.5077%)
entry 8871000/10373340 (85.5173%)
entry 8872000/10373340 (85.5269%)
entry 8873000/10373340 (85.5366%)
entry 8875000/10373340 (85.5559%)
entry 8876000/10373340 (85.5655%)
entry 8877000/10373340 (85.5751%)
entry 8878000/10373340 (85.5848%)
entry 8880000/10373340 (85.6041%)
entry 8882000/10373340 (85.6233%)
entry 8884000/10373340 (85.6426%)
entry 8886000/10373340 (85.6619%)
entry 8888000/10373340 (85.6812%)
entry 8889000/10373340 (85.6908%)
entry 8891000/10373340 (85.7101%)
entry 8892000/10373340 (85.7197%)
entry 8893000/10373340 (85.7294%)
entry 8894000/10373340 (85.739%)
entry 8895000/10373340 (85.7487%)
entry 8897000/10373340 (85.7679%)
entry 8899000/10373340 (85.7872%)
entry 8900000/10373340 (85.7969%)
entry 8901000/10373340 (85.8065%)
entry 8902000/10373340 (85.8161%)
entry 8903000/10373340 (85.8258%)
entry 8904000/10373340 (85.8354%)
entry 8907000/10373340 (85.8643%)
entry 8908000/10373340 (85.874%)
entry 8909000/10373340 (85.8836%)
entry 8910000/10373340 (85.8933%)
entry 8913000/10373340 (85.9222%)
entry 8914000/10373340 (85.9318%)
entry 8916000/10373340 (85.9511%)
entry 8917000/10373340 (85.9607%)
entry 8919000/10373340 (85.98%)
entry 8920000/10373340 (85.9897%)
entry 8922000/10373340 (86.0089%)
entry 8928000/10373340 (86.0668%)
entry 8929000/10373340 (86.0764%)
entry 8933000/10373340 (86.115%)
entry 8934000/10373340 (86.1246%)
entry 8936000/10373340 (86.1439%)
entry 8937000/10373340 (86.1535%)
entry 8938000/10373340 (86.1632%)
entry 8939000/10373340 (86.1728%)
entry 8940000/10373340 (86.1825%)
entry 8943000/10373340 (86.2114%)
entry 8944000/10373340 (86.221%)
entry 8949000/10373340 (86.2692%)
entry 8950000/10373340 (86.2789%)
entry 8951000/10373340 (86.2885%)
entry 8952000/10373340 (86.2981%)
entry 8953000/10373340 (86.3078%)
entry 8955000/10373340 (86.3271%)
entry 8957000/10373340 (86.3463%)
entry 8958000/10373340 (86.356%)
entry 8959000/10373340 (86.3656%)
entry 8960000/10373340 (86.3753%)
entry 8961000/10373340 (86.3849%)
entry 8964000/10373340 (86.4138%)
entry 8965000/10373340 (86.4235%)
entry 8968000/10373340 (86.4524%)
entry 8969000/10373340 (86.462%)
entry 8970000/10373340 (86.4717%)
entry 8971000/10373340 (86.4813%)
entry 8973000/10373340 (86.5006%)
entry 8974000/10373340 (86.5102%)
entry 8976000/10373340 (86.5295%)
entry 8977000/10373340 (86.5391%)
entry 8978000/10373340 (86.5488%)
entry 8979000/10373340 (86.5584%)
entry 8980000/10373340 (86.5681%)
entry 8981000/10373340 (86.5777%)
entry 8982000/10373340 (86.5873%)
entry 8983000/10373340 (86.597%)
entry 8986000/10373340 (86.6259%)
entry 8987000/10373340 (86.6355%)
entry 8989000/10373340 (86.6548%)
entry 8990000/10373340 (86.6645%)
entry 8991000/10373340 (86.6741%)
entry 8992000/10373340 (86.6838%)
entry 8994000/10373340 (86.703%)
entry 8996000/10373340 (86.7223%)
entry 8997000/10373340 (86.7319%)
entry 8998000/10373340 (86.7416%)
entry 8999000/10373340 (86.7512%)
entry 9000000/10373340 (86.7609%)
entry 9001000/10373340 (86.7705%)
entry 9006000/10373340 (86.8187%)
entry 9009000/10373340 (86.8476%)
entry 9010000/10373340 (86.8573%)
entry 9011000/10373340 (86.8669%)
entry 9014000/10373340 (86.8958%)
entry 9015000/10373340 (86.9055%)
entry 9016000/10373340 (86.9151%)
entry 9017000/10373340 (86.9247%)
entry 9019000/10373340 (86.944%)
entry 9021000/10373340 (86.9633%)
entry 9024000/10373340 (86.9922%)
entry 9025000/10373340 (87.0019%)
entry 9026000/10373340 (87.0115%)
entry 9027000/10373340 (87.0212%)
entry 9029000/10373340 (87.0404%)
entry 9030000/10373340 (87.0501%)
entry 9031000/10373340 (87.0597%)
entry 9032000/10373340 (87.0694%)
entry 9033000/10373340 (87.079%)
entry 9035000/10373340 (87.0983%)
entry 9038000/10373340 (87.1272%)
entry 9039000/10373340 (87.1368%)
entry 9040000/10373340 (87.1465%)
entry 9041000/10373340 (87.1561%)
entry 9043000/10373340 (87.1754%)
entry 9044000/10373340 (87.185%)
entry 9046000/10373340 (87.2043%)
entry 9047000/10373340 (87.214%)
entry 9048000/10373340 (87.2236%)
entry 9051000/10373340 (87.2525%)
entry 9052000/10373340 (87.2622%)
entry 9053000/10373340 (87.2718%)
entry 9054000/10373340 (87.2814%)
entry 9055000/10373340 (87.2911%)
entry 9057000/10373340 (87.3104%)
entry 9059000/10373340 (87.3296%)
entry 9062000/10373340 (87.3586%)
entry 9063000/10373340 (87.3682%)
entry 9064000/10373340 (87.3778%)
entry 9065000/10373340 (87.3875%)
entry 9066000/10373340 (87.3971%)
entry 9068000/10373340 (87.4164%)
entry 9070000/10373340 (87.4357%)
entry 9071000/10373340 (87.4453%)
entry 9073000/10373340 (87.4646%)
entry 9079000/10373340 (87.5224%)
entry 9080000/10373340 (87.5321%)
entry 9084000/10373340 (87.5706%)
entry 9085000/10373340 (87.5803%)
entry 9087000/10373340 (87.5996%)
entry 9089000/10373340 (87.6188%)
entry 9091000/10373340 (87.6381%)
entry 9093000/10373340 (87.6574%)
entry 9096000/10373340 (87.6863%)
entry 9098000/10373340 (87.7056%)
entry 9099000/10373340 (87.7152%)
entry 9100000/10373340 (87.7249%)
entry 9101000/10373340 (87.7345%)
entry 9103000/10373340 (87.7538%)
entry 9105000/10373340 (87.7731%)
entry 9107000/10373340 (87.7924%)
entry 9108000/10373340 (87.802%)
entry 9109000/10373340 (87.8116%)
entry 9111000/10373340 (87.8309%)
entry 9112000/10373340 (87.8406%)
entry 9113000/10373340 (87.8502%)
entry 9115000/10373340 (87.8695%)
entry 9116000/10373340 (87.8791%)
entry 9118000/10373340 (87.8984%)
entry 9120000/10373340 (87.9177%)
entry 9121000/10373340 (87.9273%)
entry 9122000/10373340 (87.937%)
entry 9123000/10373340 (87.9466%)
entry 9125000/10373340 (87.9659%)
entry 9126000/10373340 (87.9755%)
entry 9127000/10373340 (87.9852%)
entry 9129000/10373340 (88.0044%)
entry 9130000/10373340 (88.0141%)
entry 9131000/10373340 (88.0237%)
entry 9132000/10373340 (88.0334%)
entry 9133000/10373340 (88.043%)
entry 9135000/10373340 (88.0623%)
entry 9136000/10373340 (88.0719%)
entry 9137000/10373340 (88.0816%)
entry 9138000/10373340 (88.0912%)
entry 9139000/10373340 (88.1008%)
entry 9140000/10373340 (88.1105%)
entry 9141000/10373340 (88.1201%)
entry 9142000/10373340 (88.1298%)
entry 9143000/10373340 (88.1394%)
entry 9144000/10373340 (88.149%)
entry 9145000/10373340 (88.1587%)
entry 9146000/10373340 (88.1683%)
entry 9147000/10373340 (88.178%)
entry 9148000/10373340 (88.1876%)
entry 9149000/10373340 (88.1972%)
entry 9151000/10373340 (88.2165%)
entry 9152000/10373340 (88.2262%)
entry 9155000/10373340 (88.2551%)
entry 9156000/10373340 (88.2647%)
entry 9157000/10373340 (88.2744%)
entry 9158000/10373340 (88.284%)
entry 9159000/10373340 (88.2936%)
entry 9162000/10373340 (88.3226%)
entry 9167000/10373340 (88.3708%)
entry 9168000/10373340 (88.3804%)
entry 9169000/10373340 (88.39%)
entry 9170000/10373340 (88.3997%)
entry 9171000/10373340 (88.4093%)
entry 9172000/10373340 (88.419%)
entry 9174000/10373340 (88.4382%)
entry 9175000/10373340 (88.4479%)
entry 9177000/10373340 (88.4672%)
entry 9178000/10373340 (88.4768%)
entry 9179000/10373340 (88.4864%)
entry 9183000/10373340 (88.525%)
entry 9184000/10373340 (88.5346%)
entry 9188000/10373340 (88.5732%)
entry 9189000/10373340 (88.5828%)
entry 9190000/10373340 (88.5925%)
entry 9192000/10373340 (88.6118%)
entry 9193000/10373340 (88.6214%)
entry 9195000/10373340 (88.6407%)
entry 9198000/10373340 (88.6696%)
entry 9199000/10373340 (88.6792%)
entry 9203000/10373340 (88.7178%)
entry 9204000/10373340 (88.7275%)
entry 9205000/10373340 (88.7371%)
entry 9207000/10373340 (88.7564%)
entry 9208000/10373340 (88.766%)
entry 9210000/10373340 (88.7853%)
entry 9211000/10373340 (88.7949%)
entry 9212000/10373340 (88.8046%)
entry 9213000/10373340 (88.8142%)
entry 9217000/10373340 (88.8528%)
entry 9218000/10373340 (88.8624%)
entry 9219000/10373340 (88.8721%)
entry 9220000/10373340 (88.8817%)
entry 9221000/10373340 (88.8913%)
entry 9222000/10373340 (88.901%)
entry 9224000/10373340 (88.9203%)
entry 9225000/10373340 (88.9299%)
entry 9226000/10373340 (88.9395%)
entry 9227000/10373340 (88.9492%)
entry 9228000/10373340 (88.9588%)
entry 9230000/10373340 (88.9781%)
entry 9231000/10373340 (88.9877%)
entry 9232000/10373340 (88.9974%)
entry 9234000/10373340 (89.0167%)
entry 9236000/10373340 (89.0359%)
entry 9238000/10373340 (89.0552%)
entry 9239000/10373340 (89.0649%)
entry 9240000/10373340 (89.0745%)
entry 9241000/10373340 (89.0841%)
entry 9245000/10373340 (89.1227%)
entry 9246000/10373340 (89.1323%)
entry 9250000/10373340 (89.1709%)
entry 9252000/10373340 (89.1902%)
entry 9254000/10373340 (89.2095%)
entry 9257000/10373340 (89.2384%)
entry 9258000/10373340 (89.248%)
entry 9260000/10373340 (89.2673%)
entry 9261000/10373340 (89.2769%)
entry 9262000/10373340 (89.2866%)
entry 9263000/10373340 (89.2962%)
entry 9264000/10373340 (89.3059%)
entry 9265000/10373340 (89.3155%)
entry 9267000/10373340 (89.3348%)
entry 9268000/10373340 (89.3444%)
entry 9269000/10373340 (89.3541%)
entry 9270000/10373340 (89.3637%)
entry 9271000/10373340 (89.3733%)
entry 9272000/10373340 (89.383%)
entry 9273000/10373340 (89.3926%)
entry 9275000/10373340 (89.4119%)
entry 9276000/10373340 (89.4215%)
entry 9277000/10373340 (89.4312%)
entry 9280000/10373340 (89.4601%)
entry 9284000/10373340 (89.4987%)
entry 9285000/10373340 (89.5083%)
entry 9286000/10373340 (89.5179%)
entry 9287000/10373340 (89.5276%)
entry 9288000/10373340 (89.5372%)
entry 9289000/10373340 (89.5469%)
entry 9292000/10373340 (89.5758%)
entry 9295000/10373340 (89.6047%)
entry 9296000/10373340 (89.6143%)
entry 9298000/10373340 (89.6336%)
entry 9299000/10373340 (89.6433%)
entry 9301000/10373340 (89.6625%)
entry 9303000/10373340 (89.6818%)
entry 9304000/10373340 (89.6915%)
entry 9305000/10373340 (89.7011%)
entry 9306000/10373340 (89.7107%)
entry 9307000/10373340 (89.7204%)
entry 9308000/10373340 (89.73%)
entry 9309000/10373340 (89.7397%)
entry 9310000/10373340 (89.7493%)
entry 9311000/10373340 (89.7589%)
entry 9312000/10373340 (89.7686%)
entry 9313000/10373340 (89.7782%)
entry 9314000/10373340 (89.7879%)
entry 9315000/10373340 (89.7975%)
entry 9316000/10373340 (89.8071%)
entry 9318000/10373340 (89.8264%)
entry 9319000/10373340 (89.8361%)
entry 9320000/10373340 (89.8457%)
entry 9324000/10373340 (89.8843%)
entry 9327000/10373340 (89.9132%)
entry 9328000/10373340 (89.9228%)
entry 9330000/10373340 (89.9421%)
entry 9331000/10373340 (89.9517%)
entry 9332000/10373340 (89.9614%)
entry 9333000/10373340 (89.971%)
entry 9339000/10373340 (90.0289%)
entry 9341000/10373340 (90.0481%)
entry 9342000/10373340 (90.0578%)
entry 9344000/10373340 (90.0771%)
entry 9346000/10373340 (90.0963%)
entry 9347000/10373340 (90.106%)
entry 9349000/10373340 (90.1253%)
entry 9350000/10373340 (90.1349%)
entry 9353000/10373340 (90.1638%)
entry 9354000/10373340 (90.1735%)
entry 9357000/10373340 (90.2024%)
entry 9358000/10373340 (90.212%)
entry 9359000/10373340 (90.2217%)
entry 9361000/10373340 (90.2409%)
entry 9362000/10373340 (90.2506%)
entry 9364000/10373340 (90.2699%)
entry 9365000/10373340 (90.2795%)
entry 9366000/10373340 (90.2891%)
entry 9370000/10373340 (90.3277%)
entry 9371000/10373340 (90.3373%)
entry 9372000/10373340 (90.347%)
entry 9373000/10373340 (90.3566%)
entry 9377000/10373340 (90.3952%)
entry 9378000/10373340 (90.4048%)
entry 9380000/10373340 (90.4241%)
entry 9381000/10373340 (90.4337%)
entry 9384000/10373340 (90.4627%)
entry 9386000/10373340 (90.4819%)
entry 9388000/10373340 (90.5012%)
entry 9389000/10373340 (90.5109%)
entry 9392000/10373340 (90.5398%)
entry 9394000/10373340 (90.5591%)
entry 9397000/10373340 (90.588%)
entry 9398000/10373340 (90.5976%)
entry 9399000/10373340 (90.6073%)
entry 9403000/10373340 (90.6458%)
entry 9405000/10373340 (90.6651%)
entry 9409000/10373340 (90.7037%)
entry 9410000/10373340 (90.7133%)
entry 9411000/10373340 (90.7229%)
entry 9412000/10373340 (90.7326%)
entry 9413000/10373340 (90.7422%)
entry 9414000/10373340 (90.7519%)
entry 9415000/10373340 (90.7615%)
entry 9416000/10373340 (90.7712%)
entry 9418000/10373340 (90.7904%)
entry 9421000/10373340 (90.8194%)
entry 9422000/10373340 (90.829%)
entry 9424000/10373340 (90.8483%)
entry 9426000/10373340 (90.8675%)
entry 9428000/10373340 (90.8868%)
entry 9429000/10373340 (90.8965%)
entry 9430000/10373340 (90.9061%)
entry 9431000/10373340 (90.9158%)
entry 9432000/10373340 (90.9254%)
entry 9436000/10373340 (90.964%)
entry 9437000/10373340 (90.9736%)
entry 9438000/10373340 (90.9832%)
entry 9439000/10373340 (90.9929%)
entry 9440000/10373340 (91.0025%)
entry 9441000/10373340 (91.0122%)
entry 9443000/10373340 (91.0314%)
entry 9445000/10373340 (91.0507%)
entry 9447000/10373340 (91.07%)
entry 9448000/10373340 (91.0796%)
entry 9449000/10373340 (91.0893%)
entry 9450000/10373340 (91.0989%)
entry 9452000/10373340 (91.1182%)
entry 9454000/10373340 (91.1375%)
entry 9455000/10373340 (91.1471%)
entry 9457000/10373340 (91.1664%)
entry 9459000/10373340 (91.1857%)
entry 9461000/10373340 (91.205%)
entry 9462000/10373340 (91.2146%)
entry 9463000/10373340 (91.2242%)
entry 9464000/10373340 (91.2339%)
entry 9465000/10373340 (91.2435%)
entry 9466000/10373340 (91.2532%)
entry 9469000/10373340 (91.2821%)
entry 9470000/10373340 (91.2917%)
entry 9471000/10373340 (91.3014%)
entry 9474000/10373340 (91.3303%)
entry 9475000/10373340 (91.3399%)
entry 9476000/10373340 (91.3496%)
entry 9477000/10373340 (91.3592%)
entry 9479000/10373340 (91.3785%)
entry 9482000/10373340 (91.4074%)
entry 9483000/10373340 (91.417%)
entry 9484000/10373340 (91.4267%)
entry 9485000/10373340 (91.4363%)
entry 9488000/10373340 (91.4652%)
entry 9489000/10373340 (91.4749%)
entry 9490000/10373340 (91.4845%)
entry 9491000/10373340 (91.4942%)
entry 9497000/10373340 (91.552%)
entry 9502000/10373340 (91.6002%)
entry 9503000/10373340 (91.6098%)
entry 9504000/10373340 (91.6195%)
entry 9505000/10373340 (91.6291%)
entry 9506000/10373340 (91.6388%)
entry 9508000/10373340 (91.658%)
entry 9512000/10373340 (91.6966%)
entry 9513000/10373340 (91.7062%)
entry 9514000/10373340 (91.7159%)
entry 9516000/10373340 (91.7352%)
entry 9517000/10373340 (91.7448%)
entry 9520000/10373340 (91.7737%)
entry 9521000/10373340 (91.7834%)
entry 9523000/10373340 (91.8026%)
entry 9524000/10373340 (91.8123%)
entry 9525000/10373340 (91.8219%)
entry 9526000/10373340 (91.8316%)
entry 9527000/10373340 (91.8412%)
entry 9528000/10373340 (91.8508%)
entry 9529000/10373340 (91.8605%)
entry 9530000/10373340 (91.8701%)
entry 9535000/10373340 (91.9183%)
entry 9536000/10373340 (91.928%)
entry 9537000/10373340 (91.9376%)
entry 9539000/10373340 (91.9569%)
entry 9542000/10373340 (91.9858%)
entry 9545000/10373340 (92.0147%)
entry 9546000/10373340 (92.0244%)
entry 9547000/10373340 (92.034%)
entry 9549000/10373340 (92.0533%)
entry 9552000/10373340 (92.0822%)
entry 9553000/10373340 (92.0918%)
entry 9554000/10373340 (92.1015%)
entry 9559000/10373340 (92.1497%)
entry 9560000/10373340 (92.1593%)
entry 9561000/10373340 (92.169%)
entry 9563000/10373340 (92.1882%)
entry 9564000/10373340 (92.1979%)
entry 9567000/10373340 (92.2268%)
entry 9570000/10373340 (92.2557%)
entry 9571000/10373340 (92.2654%)
entry 9572000/10373340 (92.275%)
entry 9573000/10373340 (92.2846%)
entry 9575000/10373340 (92.3039%)
entry 9577000/10373340 (92.3232%)
entry 9579000/10373340 (92.3425%)
entry 9580000/10373340 (92.3521%)
entry 9581000/10373340 (92.3618%)
entry 9584000/10373340 (92.3907%)
entry 9585000/10373340 (92.4003%)
entry 9586000/10373340 (92.41%)
entry 9587000/10373340 (92.4196%)
entry 9588000/10373340 (92.4292%)
entry 9589000/10373340 (92.4389%)
entry 9590000/10373340 (92.4485%)
entry 9592000/10373340 (92.4678%)
entry 9594000/10373340 (92.4871%)
entry 9595000/10373340 (92.4967%)
entry 9596000/10373340 (92.5064%)
entry 9597000/10373340 (92.516%)
entry 9599000/10373340 (92.5353%)
entry 9600000/10373340 (92.5449%)
entry 9601000/10373340 (92.5546%)
entry 9602000/10373340 (92.5642%)
entry 9603000/10373340 (92.5738%)
entry 9607000/10373340 (92.6124%)
entry 9609000/10373340 (92.6317%)
entry 9612000/10373340 (92.6606%)
entry 9617000/10373340 (92.7088%)
entry 9618000/10373340 (92.7185%)
entry 9620000/10373340 (92.7377%)
entry 9623000/10373340 (92.7666%)
entry 9626000/10373340 (92.7956%)
entry 9628000/10373340 (92.8149%)
entry 9629000/10373340 (92.8245%)
entry 9630000/10373340 (92.8341%)
entry 9632000/10373340 (92.8534%)
entry 9633000/10373340 (92.8631%)
entry 9634000/10373340 (92.8727%)
entry 9638000/10373340 (92.9112%)
entry 9641000/10373340 (92.9402%)
entry 9642000/10373340 (92.9498%)
entry 9643000/10373340 (92.9595%)
entry 9644000/10373340 (92.9691%)
entry 9645000/10373340 (92.9787%)
entry 9647000/10373340 (92.998%)
entry 9648000/10373340 (93.0077%)
entry 9649000/10373340 (93.0173%)
entry 9650000/10373340 (93.0269%)
entry 9651000/10373340 (93.0366%)
entry 9652000/10373340 (93.0462%)
entry 9653000/10373340 (93.0559%)
entry 9654000/10373340 (93.0655%)
entry 9655000/10373340 (93.0751%)
entry 9656000/10373340 (93.0848%)
entry 9657000/10373340 (93.0944%)
entry 9664000/10373340 (93.1619%)
entry 9665000/10373340 (93.1715%)
entry 9668000/10373340 (93.2005%)
entry 9669000/10373340 (93.2101%)
entry 9671000/10373340 (93.2294%)
entry 9674000/10373340 (93.2583%)
entry 9677000/10373340 (93.2872%)
entry 9679000/10373340 (93.3065%)
entry 9681000/10373340 (93.3258%)
entry 9683000/10373340 (93.3451%)
entry 9684000/10373340 (93.3547%)
entry 9685000/10373340 (93.3643%)
entry 9688000/10373340 (93.3933%)
entry 9689000/10373340 (93.4029%)
entry 9690000/10373340 (93.4125%)
entry 9691000/10373340 (93.4222%)
entry 9692000/10373340 (93.4318%)
entry 9694000/10373340 (93.4511%)
entry 9695000/10373340 (93.4607%)
entry 9696000/10373340 (93.4704%)
entry 9697000/10373340 (93.48%)
entry 9698000/10373340 (93.4897%)
entry 9699000/10373340 (93.4993%)
entry 9700000/10373340 (93.5089%)
entry 9701000/10373340 (93.5186%)
entry 9703000/10373340 (93.5379%)
entry 9706000/10373340 (93.5668%)
entry 9709000/10373340 (93.5957%)
entry 9710000/10373340 (93.6053%)
entry 9712000/10373340 (93.6246%)
entry 9715000/10373340 (93.6535%)
entry 9718000/10373340 (93.6825%)
entry 9719000/10373340 (93.6921%)
entry 9720000/10373340 (93.7017%)
entry 9721000/10373340 (93.7114%)
entry 9723000/10373340 (93.7307%)
entry 9724000/10373340 (93.7403%)
entry 9726000/10373340 (93.7596%)
entry 9727000/10373340 (93.7692%)
entry 9728000/10373340 (93.7789%)
entry 9731000/10373340 (93.8078%)
entry 9733000/10373340 (93.8271%)
entry 9734000/10373340 (93.8367%)
entry 9737000/10373340 (93.8656%)
entry 9738000/10373340 (93.8753%)
entry 9739000/10373340 (93.8849%)
entry 9740000/10373340 (93.8945%)
entry 9741000/10373340 (93.9042%)
entry 9743000/10373340 (93.9235%)
entry 9744000/10373340 (93.9331%)
entry 9745000/10373340 (93.9427%)
entry 9748000/10373340 (93.9717%)
entry 9749000/10373340 (93.9813%)
entry 9751000/10373340 (94.0006%)
entry 9753000/10373340 (94.0199%)
entry 9754000/10373340 (94.0295%)
entry 9755000/10373340 (94.0391%)
entry 9757000/10373340 (94.0584%)
entry 9758000/10373340 (94.0681%)
entry 9759000/10373340 (94.0777%)
entry 9761000/10373340 (94.097%)
entry 9762000/10373340 (94.1066%)
entry 9763000/10373340 (94.1163%)
entry 9767000/10373340 (94.1548%)
entry 9768000/10373340 (94.1645%)
entry 9770000/10373340 (94.1837%)
entry 9772000/10373340 (94.203%)
entry 9773000/10373340 (94.2127%)
entry 9776000/10373340 (94.2416%)
entry 9780000/10373340 (94.2801%)
entry 9781000/10373340 (94.2898%)
entry 9782000/10373340 (94.2994%)
entry 9783000/10373340 (94.3091%)
entry 9784000/10373340 (94.3187%)
entry 9785000/10373340 (94.3283%)
entry 9786000/10373340 (94.338%)
entry 9787000/10373340 (94.3476%)
entry 9788000/10373340 (94.3573%)
entry 9790000/10373340 (94.3765%)
entry 9792000/10373340 (94.3958%)
entry 9793000/10373340 (94.4055%)
entry 9797000/10373340 (94.444%)
entry 9800000/10373340 (94.4729%)
entry 9801000/10373340 (94.4826%)
entry 9804000/10373340 (94.5115%)
entry 9806000/10373340 (94.5308%)
entry 9808000/10373340 (94.5501%)
entry 9810000/10373340 (94.5693%)
entry 9811000/10373340 (94.579%)
entry 9812000/10373340 (94.5886%)
entry 9813000/10373340 (94.5983%)
entry 9816000/10373340 (94.6272%)
entry 9818000/10373340 (94.6465%)
entry 9820000/10373340 (94.6657%)
entry 9821000/10373340 (94.6754%)
entry 9822000/10373340 (94.685%)
entry 9826000/10373340 (94.7236%)
entry 9827000/10373340 (94.7332%)
entry 9828000/10373340 (94.7429%)
entry 9829000/10373340 (94.7525%)
entry 9830000/10373340 (94.7622%)
entry 9831000/10373340 (94.7718%)
entry 9832000/10373340 (94.7814%)
entry 9833000/10373340 (94.7911%)
entry 9836000/10373340 (94.82%)
entry 9838000/10373340 (94.8393%)
entry 9840000/10373340 (94.8586%)
entry 9842000/10373340 (94.8778%)
entry 9845000/10373340 (94.9068%)
entry 9846000/10373340 (94.9164%)
entry 9847000/10373340 (94.926%)
entry 9848000/10373340 (94.9357%)
entry 9852000/10373340 (94.9742%)
entry 9855000/10373340 (95.0032%)
entry 9856000/10373340 (95.0128%)
entry 9857000/10373340 (95.0224%)
entry 9859000/10373340 (95.0417%)
entry 9860000/10373340 (95.0514%)
entry 9861000/10373340 (95.061%)
entry 9862000/10373340 (95.0706%)
entry 9863000/10373340 (95.0803%)
entry 9864000/10373340 (95.0899%)
entry 9866000/10373340 (95.1092%)
entry 9868000/10373340 (95.1285%)
entry 9869000/10373340 (95.1381%)
entry 9870000/10373340 (95.1478%)
entry 9871000/10373340 (95.1574%)
entry 9873000/10373340 (95.1767%)
entry 9876000/10373340 (95.2056%)
entry 9877000/10373340 (95.2152%)
entry 9879000/10373340 (95.2345%)
entry 9880000/10373340 (95.2442%)
entry 9882000/10373340 (95.2634%)
entry 9883000/10373340 (95.2731%)
entry 9885000/10373340 (95.2924%)
entry 9886000/10373340 (95.302%)
entry 9887000/10373340 (95.3116%)
entry 9888000/10373340 (95.3213%)
entry 9890000/10373340 (95.3406%)
entry 9891000/10373340 (95.3502%)
entry 9892000/10373340 (95.3598%)
entry 9893000/10373340 (95.3695%)
entry 9894000/10373340 (95.3791%)
entry 9897000/10373340 (95.408%)
entry 9898000/10373340 (95.4177%)
entry 9899000/10373340 (95.4273%)
entry 9900000/10373340 (95.437%)
entry 9903000/10373340 (95.4659%)
entry 9904000/10373340 (95.4755%)
entry 9906000/10373340 (95.4948%)
entry 9907000/10373340 (95.5044%)
entry 9908000/10373340 (95.5141%)
entry 9909000/10373340 (95.5237%)
entry 9911000/10373340 (95.543%)
entry 9912000/10373340 (95.5526%)
entry 9914000/10373340 (95.5719%)
entry 9916000/10373340 (95.5912%)
entry 9917000/10373340 (95.6008%)
entry 9918000/10373340 (95.6105%)
entry 9920000/10373340 (95.6298%)
entry 9921000/10373340 (95.6394%)
entry 9922000/10373340 (95.649%)
entry 9923000/10373340 (95.6587%)
entry 9924000/10373340 (95.6683%)
entry 9925000/10373340 (95.678%)
entry 9927000/10373340 (95.6972%)
entry 9928000/10373340 (95.7069%)
entry 9929000/10373340 (95.7165%)
entry 9930000/10373340 (95.7262%)
entry 9932000/10373340 (95.7454%)
entry 9933000/10373340 (95.7551%)
entry 9935000/10373340 (95.7744%)
entry 9936000/10373340 (95.784%)
entry 9937000/10373340 (95.7936%)
entry 9938000/10373340 (95.8033%)
entry 9939000/10373340 (95.8129%)
entry 9940000/10373340 (95.8226%)
entry 9942000/10373340 (95.8418%)
entry 9944000/10373340 (95.8611%)
entry 9945000/10373340 (95.8708%)
entry 9946000/10373340 (95.8804%)
entry 9947000/10373340 (95.89%)
entry 9948000/10373340 (95.8997%)
entry 9951000/10373340 (95.9286%)
entry 9952000/10373340 (95.9382%)
entry 9954000/10373340 (95.9575%)
entry 9956000/10373340 (95.9768%)
entry 9957000/10373340 (95.9864%)
entry 9958000/10373340 (95.9961%)
entry 9959000/10373340 (96.0057%)
entry 9960000/10373340 (96.0154%)
entry 9961000/10373340 (96.025%)
entry 9962000/10373340 (96.0346%)
entry 9963000/10373340 (96.0443%)
entry 9964000/10373340 (96.0539%)
entry 9965000/10373340 (96.0636%)
entry 9967000/10373340 (96.0828%)
entry 9968000/10373340 (96.0925%)
entry 9971000/10373340 (96.1214%)
entry 9972000/10373340 (96.131%)
entry 9973000/10373340 (96.1407%)
entry 9975000/10373340 (96.16%)
entry 9976000/10373340 (96.1696%)
entry 9978000/10373340 (96.1889%)
entry 9979000/10373340 (96.1985%)
entry 9982000/10373340 (96.2274%)
entry 9983000/10373340 (96.2371%)
entry 9985000/10373340 (96.2564%)
entry 9986000/10373340 (96.266%)
entry 9987000/10373340 (96.2756%)
entry 9989000/10373340 (96.2949%)
entry 9990000/10373340 (96.3046%)
entry 9991000/10373340 (96.3142%)
entry 9992000/10373340 (96.3238%)
entry 9995000/10373340 (96.3528%)
entry 9998000/10373340 (96.3817%)
entry 9999000/10373340 (96.3913%)
entry 10000000/10373340 (96.401%)
entry 10001000/10373340 (96.4106%)
entry 10004000/10373340 (96.4395%)
entry 10005000/10373340 (96.4492%)
entry 10007000/10373340 (96.4684%)
entry 10008000/10373340 (96.4781%)
entry 10011000/10373340 (96.507%)
entry 10012000/10373340 (96.5166%)
entry 10014000/10373340 (96.5359%)
entry 10015000/10373340 (96.5456%)
entry 10017000/10373340 (96.5648%)
entry 10019000/10373340 (96.5841%)
entry 10020000/10373340 (96.5938%)
entry 10021000/10373340 (96.6034%)
entry 10024000/10373340 (96.6323%)
entry 10025000/10373340 (96.642%)
entry 10028000/10373340 (96.6709%)
entry 10029000/10373340 (96.6805%)
entry 10031000/10373340 (96.6998%)
entry 10032000/10373340 (96.7094%)
entry 10034000/10373340 (96.7287%)
entry 10035000/10373340 (96.7384%)
entry 10036000/10373340 (96.748%)
entry 10037000/10373340 (96.7577%)
entry 10038000/10373340 (96.7673%)
entry 10041000/10373340 (96.7962%)
entry 10042000/10373340 (96.8059%)
entry 10043000/10373340 (96.8155%)
entry 10044000/10373340 (96.8251%)
entry 10045000/10373340 (96.8348%)
entry 10046000/10373340 (96.8444%)
entry 10047000/10373340 (96.854%)
entry 10048000/10373340 (96.8637%)
entry 10049000/10373340 (96.8733%)
entry 10052000/10373340 (96.9023%)
entry 10054000/10373340 (96.9215%)
entry 10058000/10373340 (96.9601%)
entry 10061000/10373340 (96.989%)
entry 10063000/10373340 (97.0083%)
entry 10064000/10373340 (97.0179%)
entry 10066000/10373340 (97.0372%)
entry 10067000/10373340 (97.0469%)
entry 10069000/10373340 (97.0661%)
entry 10070000/10373340 (97.0758%)
entry 10071000/10373340 (97.0854%)
entry 10074000/10373340 (97.1143%)
entry 10076000/10373340 (97.1336%)
entry 10077000/10373340 (97.1433%)
entry 10078000/10373340 (97.1529%)
entry 10081000/10373340 (97.1818%)
entry 10085000/10373340 (97.2204%)
entry 10086000/10373340 (97.23%)
entry 10087000/10373340 (97.2397%)
entry 10088000/10373340 (97.2493%)
entry 10091000/10373340 (97.2782%)
entry 10092000/10373340 (97.2879%)
entry 10093000/10373340 (97.2975%)
entry 10096000/10373340 (97.3264%)
entry 10097000/10373340 (97.3361%)
entry 10098000/10373340 (97.3457%)
entry 10101000/10373340 (97.3746%)
entry 10105000/10373340 (97.4132%)
entry 10106000/10373340 (97.4228%)
entry 10107000/10373340 (97.4325%)
entry 10109000/10373340 (97.4517%)
entry 10110000/10373340 (97.4614%)
entry 10112000/10373340 (97.4807%)
entry 10113000/10373340 (97.4903%)
entry 10114000/10373340 (97.4999%)
entry 10115000/10373340 (97.5096%)
entry 10117000/10373340 (97.5289%)
entry 10118000/10373340 (97.5385%)
entry 10119000/10373340 (97.5481%)
entry 10121000/10373340 (97.5674%)
entry 10122000/10373340 (97.5771%)
entry 10123000/10373340 (97.5867%)
entry 10125000/10373340 (97.606%)
entry 10126000/10373340 (97.6156%)
entry 10127000/10373340 (97.6253%)
entry 10128000/10373340 (97.6349%)
entry 10129000/10373340 (97.6445%)
entry 10131000/10373340 (97.6638%)
entry 10132000/10373340 (97.6735%)
entry 10133000/10373340 (97.6831%)
entry 10135000/10373340 (97.7024%)
entry 10137000/10373340 (97.7217%)
entry 10138000/10373340 (97.7313%)
entry 10139000/10373340 (97.7409%)
entry 10140000/10373340 (97.7506%)
entry 10143000/10373340 (97.7795%)
entry 10144000/10373340 (97.7891%)
entry 10145000/10373340 (97.7988%)
entry 10148000/10373340 (97.8277%)
entry 10149000/10373340 (97.8373%)
entry 10150000/10373340 (97.847%)
entry 10151000/10373340 (97.8566%)
entry 10152000/10373340 (97.8663%)
entry 10153000/10373340 (97.8759%)
entry 10157000/10373340 (97.9145%)
entry 10158000/10373340 (97.9241%)
entry 10159000/10373340 (97.9337%)
entry 10160000/10373340 (97.9434%)
entry 10162000/10373340 (97.9627%)
entry 10163000/10373340 (97.9723%)
entry 10166000/10373340 (98.0012%)
entry 10170000/10373340 (98.0398%)
entry 10171000/10373340 (98.0494%)
entry 10172000/10373340 (98.0591%)
entry 10174000/10373340 (98.0783%)
entry 10176000/10373340 (98.0976%)
entry 10179000/10373340 (98.1265%)
entry 10180000/10373340 (98.1362%)
entry 10181000/10373340 (98.1458%)
entry 10185000/10373340 (98.1844%)
entry 10187000/10373340 (98.2037%)
entry 10188000/10373340 (98.2133%)
entry 10190000/10373340 (98.2326%)
entry 10192000/10373340 (98.2519%)
entry 10194000/10373340 (98.2711%)
entry 10195000/10373340 (98.2808%)
entry 10198000/10373340 (98.3097%)
entry 10200000/10373340 (98.329%)
entry 10201000/10373340 (98.3386%)
entry 10203000/10373340 (98.3579%)
entry 10204000/10373340 (98.3675%)
entry 10206000/10373340 (98.3868%)
entry 10207000/10373340 (98.3965%)
entry 10208000/10373340 (98.4061%)
entry 10209000/10373340 (98.4157%)
entry 10210000/10373340 (98.4254%)
entry 10211000/10373340 (98.435%)
entry 10212000/10373340 (98.4447%)
entry 10215000/10373340 (98.4736%)
entry 10216000/10373340 (98.4832%)
entry 10217000/10373340 (98.4929%)
entry 10218000/10373340 (98.5025%)
entry 10219000/10373340 (98.5121%)
entry 10220000/10373340 (98.5218%)
entry 10221000/10373340 (98.5314%)
entry 10222000/10373340 (98.5411%)
entry 10223000/10373340 (98.5507%)
entry 10224000/10373340 (98.5603%)
entry 10227000/10373340 (98.5893%)
entry 10228000/10373340 (98.5989%)
entry 10229000/10373340 (98.6085%)
entry 10230000/10373340 (98.6182%)
entry 10231000/10373340 (98.6278%)
entry 10232000/10373340 (98.6375%)
entry 10235000/10373340 (98.6664%)
entry 10236000/10373340 (98.676%)
entry 10238000/10373340 (98.6953%)
entry 10240000/10373340 (98.7146%)
entry 10241000/10373340 (98.7242%)
entry 10242000/10373340 (98.7339%)
entry 10243000/10373340 (98.7435%)
entry 10244000/10373340 (98.7531%)
entry 10245000/10373340 (98.7628%)
entry 10247000/10373340 (98.7821%)
entry 10249000/10373340 (98.8014%)
entry 10251000/10373340 (98.8206%)
entry 10253000/10373340 (98.8399%)
entry 10255000/10373340 (98.8592%)
entry 10256000/10373340 (98.8688%)
entry 10258000/10373340 (98.8881%)
entry 10262000/10373340 (98.9267%)
entry 10266000/10373340 (98.9652%)
entry 10268000/10373340 (98.9845%)
entry 10270000/10373340 (99.0038%)
entry 10271000/10373340 (99.0134%)
entry 10272000/10373340 (99.0231%)
entry 10273000/10373340 (99.0327%)
entry 10274000/10373340 (99.0424%)
entry 10275000/10373340 (99.052%)
entry 10276000/10373340 (99.0616%)
entry 10277000/10373340 (99.0713%)
entry 10278000/10373340 (99.0809%)
entry 10280000/10373340 (99.1002%)
entry 10282000/10373340 (99.1195%)
entry 10284000/10373340 (99.1388%)
entry 10286000/10373340 (99.158%)
entry 10287000/10373340 (99.1677%)
entry 10288000/10373340 (99.1773%)
entry 10290000/10373340 (99.1966%)
entry 10291000/10373340 (99.2062%)
entry 10292000/10373340 (99.2159%)
entry 10293000/10373340 (99.2255%)
entry 10295000/10373340 (99.2448%)
entry 10298000/10373340 (99.2737%)
entry 10299000/10373340 (99.2834%)
entry 10300000/10373340 (99.293%)
entry 10301000/10373340 (99.3026%)
entry 10302000/10373340 (99.3123%)
entry 10303000/10373340 (99.3219%)
entry 10304000/10373340 (99.3316%)
entry 10307000/10373340 (99.3605%)
entry 10309000/10373340 (99.3798%)
entry 10310000/10373340 (99.3894%)
entry 10313000/10373340 (99.4183%)
entry 10317000/10373340 (99.4569%)
entry 10318000/10373340 (99.4665%)
entry 10320000/10373340 (99.4858%)
entry 10328000/10373340 (99.5629%)
entry 10329000/10373340 (99.5726%)
entry 10330000/10373340 (99.5822%)
entry 10331000/10373340 (99.5918%)
entry 10334000/10373340 (99.6208%)
entry 10337000/10373340 (99.6497%)
entry 10340000/10373340 (99.6786%)
entry 10341000/10373340 (99.6882%)
entry 10343000/10373340 (99.7075%)
entry 10345000/10373340 (99.7268%)
entry 10346000/10373340 (99.7364%)
entry 10347000/10373340 (99.7461%)
entry 10348000/10373340 (99.7557%)
entry 10349000/10373340 (99.7654%)
entry 10350000/10373340 (99.775%)
entry 10351000/10373340 (99.7846%)
entry 10352000/10373340 (99.7943%)
entry 10353000/10373340 (99.8039%)
entry 10355000/10373340 (99.8232%)
entry 10356000/10373340 (99.8328%)
entry 10357000/10373340 (99.8425%)
entry 10358000/10373340 (99.8521%)
entry 10360000/10373340 (99.8714%)
entry 10361000/10373340 (99.881%)
entry 10362000/10373340 (99.8907%)
entry 10363000/10373340 (99.9003%)
entry 10364000/10373340 (99.91%)
entry 10367000/10373340 (99.9389%)
entry 10368000/10373340 (99.9485%)
entry 10369000/10373340 (99.9582%)
entry 10371000/10373340 (99.9774%)
entry 10373000/10373340 (99.9967%)
all done
script done
