sphnx1039.sdcc.bnl.gov
rsyncing from /gpfs/mnt/gpfs02/sphenix/user/samfred/run25/ppg11/histmaking
running: /gpfs/mnt/gpfs02/sphenix/user/samfred/run25/ppg11/histmaking/script_data.sh 53539
LD_LIBRARY_PATH now /sphenix/user/samfred/run25/install//lib:/cvmfs/sphenix.sdcc.bnl.gov/alma9.2-gcc-14.2.0/opt/sphenix/core/gcc/14.2.0-2f0a0/x86_64-el9/lib:/cvmfs/sphenix.sdcc.bnl.gov/alma9.2-gcc-14.2.0/opt/sphenix/core/gcc/14.2.0-2f0a0/x86_64-el9/lib64:/cvmfs/sphenix.sdcc.bnl.gov/alma9.2-gcc-14.2.0/opt/sphenix/core/binutils/2.40-acaab/x86_64-el9/lib:.:/cvmfs/sphenix.sdcc.bnl.gov/alma9.2-gcc-14.2.0/release/release_new/new.10/lib64:/cvmfs/sphenix.sdcc.bnl.gov/alma9.2-gcc-14.2.0/release/release_new/new.10/lib:/cvmfs/sphenix.sdcc.bnl.gov/alma9.2-gcc-14.2.0/opt/sphenix/utils/lib:/cvmfs/sphenix.sdcc.bnl.gov/alma9.2-gcc-14.2.0/opt/sphenix/core/lib:/cvmfs/sphenix.sdcc.bnl.gov/alma9.2-gcc-14.2.0/opt/sphenix/core/root-6.32.06/lib:/cvmfs/sphenix.sdcc.bnl.gov/alma9.2-gcc-14.2.0/opt/sphenix/core/geant4.10.07.p04/lib64:/cvmfs/sphenix.sdcc.bnl.gov/alma9.2-gcc-14.2.0/opt/sphenix/core/lhapdf-5.9.1/lib:/usr/local/lib64:/usr/lib64
PATH now /sphenix/user/samfred/run25/install//bin:/cvmfs/sphenix.sdcc.bnl.gov/alma9.2-gcc-14.2.0/opt/sphenix/core/gcc/14.2.0-2f0a0/x86_64-el9/bin:/cvmfs/sphenix.sdcc.bnl.gov/alma9.2-gcc-14.2.0/opt/sphenix/core/binutils/2.40-acaab/x86_64-el9/bin:.:/cvmfs/sphenix.sdcc.bnl.gov/alma9.2-gcc-14.2.0/release/release_new/new.10/bin:/cvmfs/sphenix.sdcc.bnl.gov/alma9.2-gcc-14.2.0/opt/sphenix/utils/bin:/cvmfs/sphenix.sdcc.bnl.gov/alma9.2-gcc-14.2.0/opt/sphenix/core/bin:/cvmfs/sphenix.sdcc.bnl.gov/alma9.2-gcc-14.2.0/opt/sphenix/core/root-6.32.06/bin:/cvmfs/sphenix.sdcc.bnl.gov/alma9.2-gcc-14.2.0/opt/sphenix/core/geant4.10.07.p04/bin:/usr/local/bin:/usr/bin:/usr/local/sbin:/usr/sbin
SINGULARITY_CACHEDIR=/home/condor/local/sphnx/execute/dir_314955
_CONDOR_CHIRP_CONFIG=/home/condor/local/sphnx/execute/dir_314955/.chirp.config
_CONDOR_JOB_IWD=/sphenix/user/samfred/run25/ppg11/histmaking
G4ENSDFSTATEDATA=/cvmfs/sphenix.sdcc.bnl.gov/alma9.2-gcc-14.2.0/opt/sphenix/core/geant4.10.07.p04/share/Geant4-10.7.4/data/G4ENSDFSTATE2.3
_CONDOR_MACHINE_AD=/home/condor/local/sphnx/execute/dir_314955/.machine.ad
ROOT_MAX_THREADS=1
NUMEXPR_NUM_THREADS=1
CUBACORES=1
_CHIRP_DELAYED_UPDATE_PREFIX=Chirp*
_CONDOR_ANCESTOR_336000=336035:1756523315:3403244201
OMP_THREAD_LIMIT=1
G4PIIDATA=/cvmfs/sphenix.sdcc.bnl.gov/alma9.2-gcc-14.2.0/opt/sphenix/core/geant4.10.07.p04/share/Geant4-10.7.4/data/G4PII1.3
NO_AT_BRIDGE=1
G4_MAIN=/cvmfs/sphenix.sdcc.bnl.gov/alma9.2-gcc-14.2.0/opt/sphenix/core/geant4.10.07.p04
COMPILER_PATH=/cvmfs/sphenix.sdcc.bnl.gov/alma9.2-gcc-14.2.0/opt/sphenix/core/gcc/14.2.0-2f0a0/x86_64-el9
ROOT_INCLUDE_PATH=./:/sphenix/user/samfred/run25/install//include:/sphenix/user/samfred/run25/install//include/caloana:/sphenix/user/samfred/run25/install//include/qa_centrality:/sphenix/user/samfred/run25/install//include/mbdana:/sphenix/user/samfred/run25/install//include/centrality:/sphenix/user/samfred/run25/install//include/Event:/cvmfs/sphenix.sdcc.bnl.gov/alma9.2-gcc-14.2.0/release/release_new/new.10/include:/cvmfs/sphenix.sdcc.bnl.gov/alma9.2-gcc-14.2.0/release/release_new/new.10/include:/cvmfs/sphenix.sdcc.bnl.gov/alma9.2-gcc-14.2.0/release/release_new/new.10/include/g4mbd:/cvmfs/sphenix.sdcc.bnl.gov/alma9.2-gcc-14.2.0/release/release_new/new.10/include/fmt:/cvmfs/sphenix.sdcc.bnl.gov/alma9.2-gcc-14.2.0/release/release_new/new.10/include/ffarawobjects:/cvmfs/sphenix.sdcc.bnl.gov/alma9.2-gcc-14.2.0/release/release_new/new.10/include/JSON:/cvmfs/sphenix.sdcc.bnl.gov/alma9.2-gcc-14.2.0/release/release_new/new.10/include/calotreegen:/cvmfs/sphenix.sdcc.bnl.gov/alma9.2-gcc-14.2.0/release/release_new/new.10/include/torch:/cvmfs/sphenix.sdcc.bnl.gov/alma9.2-gcc-14.2.0/release/release_new/new.10/include/g4detectors:/cvmfs/sphenix.sdcc.bnl.gov/alma9.2-gcc-14.2.0/release/release_new/new.10/include/kineto:/cvmfs/sphenix.sdcc.bnl.gov/alma9.2-gcc-14.2.0/release/release_new/new.10/include/g4decayer:/cvmfs/sphenix.sdcc.bnl.gov/alma9.2-gcc-14.2.0/release/release_new/new.10/include/kfparticleqa:/cvmfs/sphenix.sdcc.bnl.gov/alma9.2-gcc-14.2.0/release/release_new/new.10/include/phfield:/cvmfs/sphenix.sdcc.bnl.gov/alma9.2-gcc-14.2.0/release/release_new/new.10/include/LHAPDF:/cvmfs/sphenix.sdcc.bnl.gov/alma9.2-gcc-14.2.0/release/release_new/new.10/include/readdigitalcurrents:/cvmfs/sphenix.sdcc.bnl.gov/alma9.2-gcc-14.2.0/release/release_new/new.10/include/c10:/cvmfs/sphenix.sdcc.bnl.gov/alma9.2-gcc-14.2.0/release/release_new/new.10/include/calovalid:/cvmfs/sphenix.sdcc.bnl.gov/alma9.2-gcc-14.2.0/release/release_new/new.10/include/oneapi:/cvmfs/sphenix.sdcc.bnl.gov/alma9.2-gcc-14.2.0/release/release_new/new.10/include/DDCond:/cvmfs/sphenix.sdcc.bnl.gov/alma9.2-gcc-14.2.0/release/release_new/new.10/include/g4tracking:/cvmfs/sphenix.sdcc.bnl.gov/alma9.2-gcc-14.2.0/release/release_new/new.10/include/litecaloeval:/cvmfs/sphenix.sdcc.bnl.gov/alma9.2-gcc-14.2.0/release/release_new/new.10/include/g4intt:/cvmfs/sphenix.sdcc.bnl.gov/alma9.2-gcc-14.2.0/release/release_new/new.10/include/phool:/cvmfs/sphenix.sdcc.bnl.gov/alma9.2-gcc-14.2.0/release/release_new/new.10/include/boost:/cvmfs/sphenix.sdcc.bnl.gov/alma9.2-gcc-14.2.0/release/release_new/new.10/include/Pythia8Plugins:/cvmfs/sphenix.sdcc.bnl.gov/alma9.2-gcc-14.2.0/release/release_new/new.10/include/calib_emc_pi0:/cvmfs/sphenix.sdcc.bnl.gov/alma9.2-gcc-14.2.0/release/release_new/new.10/include/hijingflipafterburner:/cvmfs/sphenix.sdcc.bnl.gov/alma9.2-gcc-14.2.0/release/release_new/new.10/include/ffaobjects:/cvmfs/sphenix.sdcc.bnl.gov/alma9.2-gcc-14.2.0/release/release_new/new.10/include/EvtGenBase:/cvmfs/sphenix.sdcc.bnl.gov/alma9.2-gcc-14.2.0/release/release_new/new.10/include/flowafterburner:/cvmfs/sphenix.sdcc.bnl.gov/alma9.2-gcc-14.2.0/release/release_new/new.10/include/google:/cvmfs/sphenix.sdcc.bnl.gov/alma9.2-gcc-14.2.0/release/release_new/new.10/include/g4tpc:/cvmfs/sphenix.sdcc.bnl.gov/alma9.2-gcc-14.2.0/release/release_new/new.10/include/caffe2:/cvmfs/sphenix.sdcc.bnl.gov/alma9.2-gcc-14.2.0/release/release_new/new.10/include/EvtGenExternal:/cvmfs/sphenix.sdcc.bnl.gov/alma9.2-gcc-14.2.0/release/release_new/new.10/include/fp16:/cvmfs/sphenix.sdcc.bnl.gov/alma9.2-gcc-14.2.0/release/release_new/new.10/include/ffamodules:/cvmfs/sphenix.sdcc.bnl.gov/alma9.2-gcc-14.2.0/release/release_new/new.10/include/uspin:/cvmfs/sphenix.sdcc.bnl.gov/alma9.2-gcc-14.2.0/release/release_new/new.10/include/Herwig:/cvmfs/sphenix.sdcc.bnl.gov/alma9.2-gcc-14.2.0/release/release_new/new.10/include/genfitexp:/cvmfs/sphenix.sdcc.bnl.gov/alma9.2-gcc-14.2.0/release/release_new/new.10/include/XML:/cvmfs/sphenix.sdcc.bnl.gov/alma9.2-gcc-14.2.0/release/release_new/new.10/include/fbgemm:/cvmfs/sphenix.sdcc.bnl.gov/alma9.2-gcc-14.2.0/release/release_new/new.10/include/DDAlign:/cvmfs/sphenix.sdcc.bnl.gov/alma9.2-gcc-14.2.0/release/release_new/new.10/include/g4mvtx:/cvmfs/sphenix.sdcc.bnl.gov/alma9.2-gcc-14.2.0/release/release_new/new.10/include/kfparticle_sphenix:/cvmfs/sphenix.sdcc.bnl.gov/alma9.2-gcc-14.2.0/release/release_new/new.10/include/fun4all:/cvmfs/sphenix.sdcc.bnl.gov/alma9.2-gcc-14.2.0/release/release_new/new.10/include/intt:/cvmfs/sphenix.sdcc.bnl.gov/alma9.2-gcc-14.2.0/release/release_new/new.10/include/eventdisplay:/cvmfs/sphenix.sdcc.bnl.gov/alma9.2-gcc-14.2.0/release/release_new/new.10/include/EvtGen:/cvmfs/sphenix.sdcc.bnl.gov/alma9.2-gcc-14.2.0/release/release_new/new.10/include/Evaluator:/cvmfs/sphenix.sdcc.bnl.gov/alma9.2-gcc-14.2.0/release/release_new/new.10/include/tpc:/cvmfs/sphenix.sdcc.bnl.gov/alma9.2-gcc-14.2.0/release/release_new/new.10/include/GenFit:/cvmfs/sphenix.sdcc.bnl.gov/alma9.2-gcc-14.2.0/release/release_new/new.10/include/prototype4:/cvmfs/sphenix.sdcc.bnl.gov/alma9.2-gcc-14.2.0/release/release_new/new.10/include/caloembedding:/cvmfs/sphenix.sdcc.bnl.gov/alma9.2-gcc-14.2.0/release/release_new/new.10/include/EvtGenModels:/cvmfs/sphenix.sdcc.bnl.gov/alma9.2-gcc-14.2.0/release/release_new/new.10/include/fastjet:/cvmfs/sphenix.sdcc.bnl.gov/alma9.2-gcc-14.2.0/release/release_new/new.10/include/DDG4:/cvmfs/sphenix.sdcc.bnl.gov/alma9.2-gcc-14.2.0/release/release_new/new.10/include/mbd:/cvmfs/sphenix.sdcc.bnl.gov/alma9.2-gcc-14.2.0/release/release_new/new.10/include/tbb:/cvmfs/sphenix.sdcc.bnl.gov/alma9.2-gcc-14.2.0/release/release_new/new.10/include/phgeom:/cvmfs/sphenix.sdcc.bnl.gov/alma9.2-gcc-14.2.0/release/release_new/new.10/include/g4epd:/cvmfs/sphenix.sdcc.bnl.gov/alma9.2-gcc-14.2.0/release/release_new/new.10/include/oncal:/cvmfs/sphenix.sdcc.bnl.gov/alma9.2-gcc-14.2.0/release/release_new/new.10/include/pybind11:/cvmfs/sphenix.sdcc.bnl.gov/alma9.2-gcc-14.2.0/release/release_new/new.10/include/tpcdistgenerator:/cvmfs/sphenix.sdcc.bnl.gov/alma9.2-gcc-14.2.0/release/release_new/new.10/include/cdbobjects:/cvmfs/sphenix.sdcc.bnl.gov/alma9.2-gcc-14.2.0/release/release_new/new.10/include/g4micromegas:/cvmfs/sphenix.sdcc.bnl.gov/alma9.2-gcc-14.2.0/release/release_new/new.10/include/g4eval:/cvmfs/sphenix.sdcc.bnl.gov/alma9.2-gcc-14.2.0/release/release_new/new.10/include/jetbackground:/cvmfs/sphenix.sdcc.bnl.gov/alma9.2-gcc-14.2.0/release/release_new/new.10/include/micromegas:/cvmfs/sphenix.sdcc.bnl.gov/alma9.2-gcc-14.2.0/release/release_new/new.10/include/hftrackefficiency:/cvmfs/sphenix.sdcc.bnl.gov/alma9.2-gcc-14.2.0/release/release_new/new.10/include/inttrawhitqa:/cvmfs/sphenix.sdcc.bnl.gov/alma9.2-gcc-14.2.0/release/release_new/new.10/include/centrality:/cvmfs/sphenix.sdcc.bnl.gov/alma9.2-gcc-14.2.0/release/release_new/new.10/include/epd:/cvmfs/sphenix.sdcc.bnl.gov/alma9.2-gcc-14.2.0/release/release_new/new.10/include/caloreco:/cvmfs/sphenix.sdcc.bnl.gov/alma9.2-gcc-14.2.0/release/release_new/new.10/include/HepMC:/cvmfs/sphenix.sdcc.bnl.gov/alma9.2-gcc-14.2.0/release/release_new/new.10/include/CLHEP:/cvmfs/sphenix.sdcc.bnl.gov/alma9.2-gcc-14.2.0/release/release_new/new.10/include/Acts:/cvmfs/sphenix.sdcc.bnl.gov/alma9.2-gcc-14.2.0/release/release_new/new.10/include/g4histos:/cvmfs/sphenix.sdcc.bnl.gov/alma9.2-gcc-14.2.0/release/release_new/new.10/include/eventplaneinfo:/cvmfs/sphenix.sdcc.bnl.gov/alma9.2-gcc-14.2.0/release/release_new/new.10/include/fillspacechargemaps:/cvmfs/sphenix.sdcc.bnl.gov/alma9.2-gcc-14.2.0/release/release_new/new.10/include/phhepmc:/cvmfs/sphenix.sdcc.bnl.gov/alma9.2-gcc-14.2.0/release/release_new/new.10/include/trackingqa:/cvmfs/sphenix.sdcc.bnl.gov/alma9.2-gcc-14.2.0/release/release_new/new.10/include/qautils:/cvmfs/sphenix.sdcc.bnl.gov/alma9.2-gcc-14.2.0/release/release_new/new.10/include/trackreco:/cvmfs/sphenix.sdcc.bnl.gov/alma9.2-gcc-14.2.0/release/release_new/new.10/include/g4ohcal:/cvmfs/sphenix.sdcc.bnl.gov/alma9.2-gcc-14.2.0/release/release_new/new.10/include/tpcdvcalib:/cvmfs/sphenix.sdcc.bnl.gov/alma9.2-gcc-14.2.0/release/release_new/new.10/include/zdcinfo:/cvmfs/sphenix.sdcc.bnl.gov/alma9.2-gcc-14.2.0/release/release_new/new.10/include/phpythia8:/cvmfs/sphenix.sdcc.bnl.gov/alma9.2-gcc-14.2.0/release/release_new/new.10/include/fun4allutils:/cvmfs/sphenix.sdcc.bnl.gov/alma9.2-gcc-14.2.0/release/release_new/new.10/include/tpcqa:/cvmfs/sphenix.sdcc.bnl.gov/alma9.2-gcc-14.2.0/release/release_new/new.10/include/Pythia8:/cvmfs/sphenix.sdcc.bnl.gov/alma9.2-gcc-14.2.0/release/release_new/new.10/include/DDRec:/cvmfs/sphenix.sdcc.bnl.gov/alma9.2-gcc-14.2.0/release/release_new/new.10/include/DDDigi:/cvmfs/sphenix.sdcc.bnl.gov/alma9.2-gcc-14.2.0/release/release_new/new.10/include/g4ihcal:/cvmfs/sphenix.sdcc.bnl.gov/alma9.2-gcc-14.2.0/release/release_new/new.10/include/frog:/cvmfs/sphenix.sdcc.bnl.gov/alma9.2-gcc-14.2.0/release/release_new/new.10/include/eigen3:/cvmfs/sphenix.sdcc.bnl.gov/alma9.2-gcc-14.2.0/release/release_new/new.10/include/tensorpipe:/cvmfs/sphenix.sdcc.bnl.gov/alma9.2-gcc-14.2.0/release/release_new/new.10/include/sphenixnpc:/cvmfs/sphenix.sdcc.bnl.gov/alma9.2-gcc-14.2.0/release/release_new/new.10/include/siscone:/cvmfs/sphenix.sdcc.bnl.gov/alma9.2-gcc-14.2.0/release/release_new/new.10/include/pmonitor:/cvmfs/sphenix.sdcc.bnl.gov/alma9.2-gcc-14.2.0/release/release_new/new.10/include/calobase:/cvmfs/sphenix.sdcc.bnl.gov/alma9.2-gcc-14.2.0/release/release_new/new.10/include/ActsExamples:/cvmfs/sphenix.sdcc.bnl.gov/alma9.2-gcc-14.2.0/release/release_new/new.10/include/g4gdml:/cvmfs/sphenix.sdcc.bnl.gov/alma9.2-gcc-14.2.0/release/release_new/new.10/include/mvtx_decoder:/cvmfs/sphenix.sdcc.bnl.gov/alma9.2-gcc-14.2.0/release/release_new/new.10/include/ROOT:/cvmfs/sphenix.sdcc.bnl.gov/alma9.2-gcc-14.2.0/release/release_new/new.10/include/phparameter:/cvmfs/sphenix.sdcc.bnl.gov/alma9.2-gcc-14.2.0/release/release_new/new.10/include/rsa:/cvmfs/sphenix.sdcc.bnl.gov/alma9.2-gcc-14.2.0/release/release_new/new.10/include/fun4allraw:/cvmfs/sphenix.sdcc.bnl.gov/alma9.2-gcc-14.2.0/release/release_new/new.10/include/trackbase_historic:/cvmfs/sphenix.sdcc.bnl.gov/alma9.2-gcc-14.2.0/release/release_new/new.10/include/g4jets:/cvmfs/sphenix.sdcc.bnl.gov/alma9.2-gcc-14.2.0/release/release_new/new.10/include/jetqa:/cvmfs/sphenix.sdcc.bnl.gov/alma9.2-gcc-14.2.0/release/release_new/new.10/include/phoolraw:/cvmfs/sphenix.sdcc.bnl.gov/alma9.2-gcc-14.2.0/release/release_new/new.10/include/g4calo:/cvmfs/sphenix.sdcc.bnl.gov/alma9.2-gcc-14.2.0/release/release_new/new.10/include/mvtxrawhitqa:/cvmfs/sphenix.sdcc.bnl.gov/alma9.2-gcc-14.2.0/release/release_new/new.10/include/HepMC3:/cvmfs/sphenix.sdcc.bnl.gov/alma9.2-gcc-14.2.0/release/release_new/new.10/include/calowaveformsim:/cvmfs/sphenix.sdcc.bnl.gov/alma9.2-gcc-14.2.0/release/release_new/new.10/include/g4caloprototype:/cvmfs/sphenix.sdcc.bnl.gov/alma9.2-gcc-14.2.0/release/release_new/new.10/include/pdbcalbase:/cvmfs/sphenix.sdcc.bnl.gov/alma9.2-gcc-14.2.0/release/release_new/new.10/include/gsl:/cvmfs/sphenix.sdcc.bnl.gov/alma9.2-gcc-14.2.0/release/release_new/new.10/include/nodedump:/cvmfs/sphenix.sdcc.bnl.gov/alma9.2-gcc-14.2.0/release/release_new/new.10/include/emcnoisytowerfinder:/cvmfs/sphenix.sdcc.bnl.gov/alma9.2-gcc-14.2.0/release/release_new/new.10/include/ActsFatras:/cvmfs/sphenix.sdcc.bnl.gov/alma9.2-gcc-14.2.0/release/release_new/new.10/include/ffarawmodules:/cvmfs/sphenix.sdcc.bnl.gov/alma9.2-gcc-14.2.0/release/release_new/new.10/include/Event:/cvmfs/sphenix.sdcc.bnl.gov/alma9.2-gcc-14.2.0/release/release_new/new.10/include/prototype3:/cvmfs/sphenix.sdcc.bnl.gov/alma9.2-gcc-14.2.0/release/release_new/new.10/include/fermimotionafterburner:/cvmfs/sphenix.sdcc.bnl.gov/alma9.2-gcc-14.2.0/release/release_new/new.10/include/Photos:/cvmfs/sphenix.sdcc.bnl.gov/alma9.2-gcc-14.2.0/release/release_new/new.10/include/xingshiftcal:/cvmfs/sphenix.sdcc.bnl.gov/alma9.2-gcc-14.2.0/release/release_new/new.10/include/trackbase:/cvmfs/sphenix.sdcc.bnl.gov/alma9.2-gcc-14.2.0/release/release_new/new.10/include/jetdstskimmer:/cvmfs/sphenix.sdcc.bnl.gov/alma9.2-gcc-14.2.0/release/release_new/new.10/include/clusteriso:/cvmfs/sphenix.sdcc.bnl.gov/alma9.2-gcc-14.2.0/release/release_new/new.10/include/asmjit:/cvmfs/sphenix.sdcc.bnl.gov/alma9.2-gcc-14.2.0/release/release_new/new.10/include/particleflowreco:/cvmfs/sphenix.sdcc.bnl.gov/alma9.2-gcc-14.2.0/release/release_new/new.10/include/tpchittrackdisplay:/cvmfs/sphenix.sdcc.bnl.gov/alma9.2-gcc-14.2.0/release/release_new/new.10/include/caloana:/cvmfs/sphenix.sdcc.bnl.gov/alma9.2-gcc-14.2.0/release/release_new/new.10/include/calotrigger:/cvmfs/sphenix.sdcc.bnl.gov/alma9.2-gcc-14.2.0/release/release_new/new.10/include/nopayloadclient:/cvmfs/sphenix.sdcc.bnl.gov/alma9.2-gcc-14.2.0/release/release_new/new.10/include/trackermillepedealignment:/cvmfs/sphenix.sdcc.bnl.gov/alma9.2-gcc-14.2.0/release/release_new/new.10/include/DD4hep:/cvmfs/sphenix.sdcc.bnl.gov/alma9.2-gcc-14.2.0/release/release_new/new.10/include/g4trackfastsim:/cvmfs/sphenix.sdcc.bnl.gov/alma9.2-gcc-14.2.0/release/release_new/new.10/include/prototype2:/cvmfs/sphenix.sdcc.bnl.gov/alma9.2-gcc-14.2.0/release/release_new/new.10/include/ATen:/cvmfs/sphenix.sdcc.bnl.gov/alma9.2-gcc-14.2.0/release/release_new/new.10/include/g4main:/cvmfs/sphenix.sdcc.bnl.gov/alma9.2-gcc-14.2.0/release/release_new/new.10/include/Tauola:/cvmfs/sphenix.sdcc.bnl.gov/alma9.2-gcc-14.2.0/release/release_new/new.10/include/inttcalib:/cvmfs/sphenix.sdcc.bnl.gov/alma9.2-gcc-14.2.0/release/release_new/new.10/include/reactionplaneafterburner:/cvmfs/sphenix.sdcc.bnl.gov/alma9.2-gcc-14.2.0/release/release_new/new.10/include/globalqa:/cvmfs/sphenix.sdcc.bnl.gov/alma9.2-gcc-14.2.0/release/release_new/new.10/include/tpccalib:/cvmfs/sphenix.sdcc.bnl.gov/alma9.2-gcc-14.2.0/release/release_new/new.10/include/DDSegmentation:/cvmfs/sphenix.sdcc.bnl.gov/alma9.2-gcc-14.2.0/release/release_new/new.10/include/decayfinder:/cvmfs/sphenix.sdcc.bnl.gov/alma9.2-gcc-14.2.0/release/release_new/new.10/include/compressclus:/cvmfs/sphenix.sdcc.bnl.gov/alma9.2-gcc-14.2.0/release/release_new/new.10/include/simqa_modules:/cvmfs/sphenix.sdcc.bnl.gov/alma9.2-gcc-14.2.0/release/release_new/new.10/include/resonancejettagging:/cvmfs/sphenix.sdcc.bnl.gov/alma9.2-gcc-14.2.0/release/release_new/new.10/include/g4centrality:/cvmfs/sphenix.sdcc.bnl.gov/alma9.2-gcc-14.2.0/release/release_new/new.10/include/mvtx:/cvmfs/sphenix.sdcc.bnl.gov/alma9.2-gcc-14.2.0/release/release_new/new.10/include/nlohmann:/cvmfs/sphenix.sdcc.bnl.gov/alma9.2-gcc-14.2.0/release/release_new/new.10/include/localpoloffmon:/cvmfs/sphenix.sdcc.bnl.gov/alma9.2-gcc-14.2.0/release/release_new/new.10/include/DDEve:/cvmfs/sphenix.sdcc.bnl.gov/alma9.2-gcc-14.2.0/release/release_new/new.10/include/Parsers:/cvmfs/sphenix.sdcc.bnl.gov/alma9.2-gcc-14.2.0/release/release_new/new.10/include/trackingdiagnostics:/cvmfs/sphenix.sdcc.bnl.gov/alma9.2-gcc-14.2.0/release/release_new/new.10/include/g4vertex:/cvmfs/sphenix.sdcc.bnl.gov/alma9.2-gcc-14.2.0/release/release_new/new.10/include/jetbase:/cvmfs/sphenix.sdcc.bnl.gov/alma9.2-gcc-14.2.0/release/release_new/new.10/include/globalvertex:/cvmfs/sphenix.sdcc.bnl.gov/alma9.2-gcc-14.2.0/release/release_new/new.10/include/phgenfit:/cvmfs/sphenix.sdcc.bnl.gov/alma9.2-gcc-14.2.0/release/release_new/new.10/include/rawbcolumi:/cvmfs/sphenix.sdcc.bnl.gov/alma9.2-gcc-14.2.0/release/release_new/new.10/include/eicsmear:/cvmfs/sphenix.sdcc.bnl.gov/alma9.2-gcc-14.2.0/release/release_new/new.10/include/mvtxcalib:/cvmfs/sphenix.sdcc.bnl.gov/alma9.2-gcc-14.2.0/release/release_new/new.10/include/tpclinelaserdiode:/cvmfs/sphenix.sdcc.bnl.gov/alma9.2-gcc-14.2.0/release/release_new/new.10/include/hepmcjettrigger:/cvmfs/sphenix.sdcc.bnl.gov/alma9.2-gcc-14.2.0/release/release_new/new.10/include/core:/cvmfs/sphenix.sdcc.bnl.gov/alma9.2-gcc-14.2.0/release/release_new/new.10/include/calo_cdb:/cvmfs/sphenix.sdcc.bnl.gov/alma9.2-gcc-14.2.0/release/release_new/new.10/include/mvtxclustershapesqa:/cvmfs/sphenix.sdcc.bnl.gov/alma9.2-gcc-14.2.0/release/release_new/new.10/include/calopacketskimmer:/cvmfs/sphenix.sdcc.bnl.gov/alma9.2-gcc-14.2.0/opt/sphenix/core/geant4.10.07.p04/include:/cvmfs/sphenix.sdcc.bnl.gov/alma9.2-gcc-14.2.0/release/release_new/new.10/rootmacros:/cvmfs/sphenix.sdcc.bnl.gov/alma9.2-gcc-14.2.0/opt/sphenix/core/include
GSEARCHPATH=.:PG:LUSTRE:RAWDATA
PWD=/gpfs/mnt/gpfs02/sphenix/user/samfred/run25/ppg11/histmaking
LOGNAME=samfred
_CONDOR_ANCESTOR_314955=315056:1759352756:2176907425
_CONDOR_JOB_AD=/home/condor/local/sphnx/execute/dir_314955/.job.ad
MANPATH=/cvmfs/sphenix.sdcc.bnl.gov/alma9.2-gcc-14.2.0/opt/sphenix/core/gcc/14.2.0-2f0a0/x86_64-el9/share/man:/cvmfs/sphenix.sdcc.bnl.gov/alma9.2-gcc-14.2.0/opt/sphenix/core/binutils/2.40-acaab/x86_64-el9/share/man:/cvmfs/sphenix.sdcc.bnl.gov/alma9.2-gcc-14.2.0/release/release_new/new.10/share/man:/cvmfs/sphenix.sdcc.bnl.gov/alma9.2-gcc-14.2.0/opt/sphenix/utils/share/man:/cvmfs/sphenix.sdcc.bnl.gov/alma9.2-gcc-14.2.0/opt/sphenix/core/share/man:/cvmfs/sphenix.sdcc.bnl.gov/alma9.2-gcc-14.2.0/opt/sphenix/core/root-6.32.06/man:/usr/local/share/man:/usr/share/man
PYTHIA8=/cvmfs/sphenix.sdcc.bnl.gov/alma9.2-gcc-14.2.0/release/release_new/new.10/share/Pythia8
G4INCLDATA=/cvmfs/sphenix.sdcc.bnl.gov/alma9.2-gcc-14.2.0/opt/sphenix/core/geant4.10.07.p04/share/Geant4-10.7.4/data/G4INCL1.0
ORIG_PATH=/usr/local/bin:/usr/bin
CXX=/cvmfs/sphenix.sdcc.bnl.gov/alma9.2-gcc-14.2.0/opt/sphenix/core/gcc/14.2.0-2f0a0/x86_64-el9/bin/g++
G4LEDATA=/cvmfs/sphenix.sdcc.bnl.gov/alma9.2-gcc-14.2.0/opt/sphenix/core/geant4.10.07.p04/share/Geant4-10.7.4/data/G4EMLOW7.13
PYTHON_CPU_COUNT=1
OPENBLAS_NUM_THREADS=1
_CONDOR_ANCESTOR_336035=314955:1759352756:961005374
_CONDOR_BIN=/usr/bin
HOME=/sphenix/u/samfred
G4PARTICLEXSDATA=/cvmfs/sphenix.sdcc.bnl.gov/alma9.2-gcc-14.2.0/opt/sphenix/core/geant4.10.07.p04/share/Geant4-10.7.4/data/G4PARTICLEXS3.1.1
ONLINE_MAIN=/cvmfs/sphenix.sdcc.bnl.gov/alma9.2-gcc-14.2.0/release/release_new/new.10
CALIBRATIONROOT=/cvmfs/sphenix.sdcc.bnl.gov/alma9.2-gcc-14.2.0/release/release_new/new.10/share/calibrations
TMPDIR=/tmp
_CONDOR_SCRATCH_DIR=/home/condor/local/sphnx/execute/dir_314955
PGUSER=phnxrc
NOPAYLOADCLIENT_CONF=/cvmfs/sphenix.sdcc.bnl.gov/alma9.2-gcc-14.2.0/opt/sphenix/core/etc/sPHENIX_newcdb.json
XERCESCROOT=/cvmfs/sphenix.sdcc.bnl.gov/alma9.2-gcc-14.2.0/opt/sphenix/core/geant4.10.07.p04
LHAPATH=/cvmfs/sphenix.sdcc.bnl.gov/alma9.2-gcc-14.2.0/opt/sphenix/core/lhapdf-5.9.1/share/lhapdf/PDFsets
G4NEUTRONHPDATA=/cvmfs/sphenix.sdcc.bnl.gov/alma9.2-gcc-14.2.0/opt/sphenix/core/geant4.10.07.p04/share/Geant4-10.7.4/data/G4NDL4.6
PYTHONPATH=.:/cvmfs/sphenix.sdcc.bnl.gov/alma9.2-gcc-14.2.0/release/release_new/new.10/lib/python3.13/site-packages:/cvmfs/sphenix.sdcc.bnl.gov/alma9.2-gcc-14.2.0/opt/sphenix/core/lib/python3.13/site-packages:/cvmfs/sphenix.sdcc.bnl.gov/alma9.2-gcc-14.2.0/opt/sphenix/core/root-6.32.06/lib
USER=samfred
_CONDOR_JOB_PIDS=
TEMP=/tmp
GOMAXPROCS=1
OFFLINE_MAIN=/cvmfs/sphenix.sdcc.bnl.gov/alma9.2-gcc-14.2.0/release/release_new/new.10
SHLVL=1
TF_NUM_THREADS=1
G4SAIDXSDATA=/cvmfs/sphenix.sdcc.bnl.gov/alma9.2-gcc-14.2.0/opt/sphenix/core/geant4.10.07.p04/share/Geant4-10.7.4/data/G4SAIDDATA2.0
APPTAINER_CACHEDIR=/home/condor/local/sphnx/execute/dir_314955
ROOTSYS=/cvmfs/sphenix.sdcc.bnl.gov/alma9.2-gcc-14.2.0/opt/sphenix/core/root-6.32.06
BATCH_SYSTEM=HTCondor
_CONDOR_SLOT=slot1_72
LD_LIBRARY_PATH=/sphenix/user/samfred/run25/install//lib:/cvmfs/sphenix.sdcc.bnl.gov/alma9.2-gcc-14.2.0/opt/sphenix/core/gcc/14.2.0-2f0a0/x86_64-el9/lib:/cvmfs/sphenix.sdcc.bnl.gov/alma9.2-gcc-14.2.0/opt/sphenix/core/gcc/14.2.0-2f0a0/x86_64-el9/lib64:/cvmfs/sphenix.sdcc.bnl.gov/alma9.2-gcc-14.2.0/opt/sphenix/core/binutils/2.40-acaab/x86_64-el9/lib:.:/cvmfs/sphenix.sdcc.bnl.gov/alma9.2-gcc-14.2.0/release/release_new/new.10/lib64:/cvmfs/sphenix.sdcc.bnl.gov/alma9.2-gcc-14.2.0/release/release_new/new.10/lib:/cvmfs/sphenix.sdcc.bnl.gov/alma9.2-gcc-14.2.0/opt/sphenix/utils/lib:/cvmfs/sphenix.sdcc.bnl.gov/alma9.2-gcc-14.2.0/opt/sphenix/core/lib:/cvmfs/sphenix.sdcc.bnl.gov/alma9.2-gcc-14.2.0/opt/sphenix/core/root-6.32.06/lib:/cvmfs/sphenix.sdcc.bnl.gov/alma9.2-gcc-14.2.0/opt/sphenix/core/geant4.10.07.p04/lib64:/cvmfs/sphenix.sdcc.bnl.gov/alma9.2-gcc-14.2.0/opt/sphenix/core/lhapdf-5.9.1/lib:/usr/local/lib64:/usr/lib64
OPT_SPHENIX=/cvmfs/sphenix.sdcc.bnl.gov/alma9.2-gcc-14.2.0/opt/sphenix/core
TF_LOOP_PARALLEL_ITERATIONS=1
EVT_LIB=/cvmfs/sphenix.sdcc.bnl.gov/alma9.2-gcc-14.2.0/opt/sphenix/core/root-6.32.06/lib
PGHOST=sphnxdbmaster.sdcc.bnl.gov
OMP_NUM_THREADS=1
G4REALSURFACEDATA=/cvmfs/sphenix.sdcc.bnl.gov/alma9.2-gcc-14.2.0/opt/sphenix/core/geant4.10.07.p04/share/Geant4-10.7.4/data/RealSurface2.2
FC=/cvmfs/sphenix.sdcc.bnl.gov/alma9.2-gcc-14.2.0/opt/sphenix/core/gcc/14.2.0-2f0a0/x86_64-el9/bin/gfortran
G4ABLADATA=/cvmfs/sphenix.sdcc.bnl.gov/alma9.2-gcc-14.2.0/opt/sphenix/core/geant4.10.07.p04/share/Geant4-10.7.4/data/G4ABLA3.1
PARASOFT=doesnotexist
TMP=/tmp
OPT_UTILS=/cvmfs/sphenix.sdcc.bnl.gov/alma9.2-gcc-14.2.0/opt/sphenix/utils
CONFIG_SITE=/cvmfs/sphenix.sdcc.bnl.gov/alma9.2-gcc-14.2.0/opt/sphenix/core/etc/config.site
PATH=/sphenix/user/samfred/run25/install//bin:/cvmfs/sphenix.sdcc.bnl.gov/alma9.2-gcc-14.2.0/opt/sphenix/core/gcc/14.2.0-2f0a0/x86_64-el9/bin:/cvmfs/sphenix.sdcc.bnl.gov/alma9.2-gcc-14.2.0/opt/sphenix/core/binutils/2.40-acaab/x86_64-el9/bin:.:/cvmfs/sphenix.sdcc.bnl.gov/alma9.2-gcc-14.2.0/release/release_new/new.10/bin:/cvmfs/sphenix.sdcc.bnl.gov/alma9.2-gcc-14.2.0/opt/sphenix/utils/bin:/cvmfs/sphenix.sdcc.bnl.gov/alma9.2-gcc-14.2.0/opt/sphenix/core/bin:/cvmfs/sphenix.sdcc.bnl.gov/alma9.2-gcc-14.2.0/opt/sphenix/core/root-6.32.06/bin:/cvmfs/sphenix.sdcc.bnl.gov/alma9.2-gcc-14.2.0/opt/sphenix/core/geant4.10.07.p04/bin:/usr/local/bin:/usr/bin:/usr/local/sbin:/usr/sbin
G4LEVELGAMMADATA=/cvmfs/sphenix.sdcc.bnl.gov/alma9.2-gcc-14.2.0/opt/sphenix/core/geant4.10.07.p04/share/Geant4-10.7.4/data/PhotonEvaporation5.7
CC=/cvmfs/sphenix.sdcc.bnl.gov/alma9.2-gcc-14.2.0/opt/sphenix/core/gcc/14.2.0-2f0a0/x86_64-el9/bin/gcc
G4RADIOACTIVEDATA=/cvmfs/sphenix.sdcc.bnl.gov/alma9.2-gcc-14.2.0/opt/sphenix/core/geant4.10.07.p04/share/Geant4-10.7.4/data/RadioactiveDecay5.6
JULIA_NUM_THREADS=1
MKL_NUM_THREADS=1
LHAPDF_DATA_PATH=/cvmfs/sphenix.sdcc.bnl.gov/alma9.2-gcc-14.2.0/release/release_new/new.10/share/LHAPDF
XPLOAD_CONFIG_DIR=/cvmfs/sphenix.sdcc.bnl.gov/alma9.2-gcc-14.2.0/opt/sphenix/core/etc
OLDPWD=/cvmfs/sphenix.sdcc.bnl.gov/alma9.2-gcc-14.2.0/release/release_new/new.10/geant4
_=/usr/bin/printenv
runnumber...
53539
trigger...

   ------------------------------------------------------------------
  | Welcome to ROOT 6.32.06                        https://root.cern |
  | (c) 1995-2024, The ROOT Team; conception: R. Brun, F. Rademakers |
  | Built for linuxx8664gcc on Dec 13 2024, 17:23:48                 |
  | From tags/6-32-06@6-32-06                                        |
  | With g++ (GCC) 14.2.0                                            |
  | Try '.help'/'.?', '.demo', '.license', '.credits', '.quit'/'.q'  |
   ------------------------------------------------------------------


Processing data_histmaker.C(53539)...
entry 1000/5681175 (0.017602%)
entry 3000/5681175 (0.052806%)
entry 4000/5681175 (0.070408%)
entry 5000/5681175 (0.08801%)
entry 6000/5681175 (0.105612%)
entry 8000/5681175 (0.140816%)
entry 9000/5681175 (0.158418%)
entry 10000/5681175 (0.17602%)
entry 11000/5681175 (0.193622%)
entry 13000/5681175 (0.228826%)
entry 17000/5681175 (0.299234%)
entry 19000/5681175 (0.334438%)
entry 21000/5681175 (0.369642%)
entry 22000/5681175 (0.387244%)
entry 23000/5681175 (0.404846%)
entry 25000/5681175 (0.44005%)
entry 28000/5681175 (0.492856%)
entry 30000/5681175 (0.52806%)
entry 32000/5681175 (0.563264%)
entry 33000/5681175 (0.580866%)
entry 35000/5681175 (0.61607%)
entry 36000/5681175 (0.633672%)
entry 37000/5681175 (0.651274%)
entry 39000/5681175 (0.686478%)
entry 40000/5681175 (0.70408%)
entry 41000/5681175 (0.721682%)
entry 42000/5681175 (0.739284%)
entry 43000/5681175 (0.756886%)
entry 44000/5681175 (0.774488%)
entry 45000/5681175 (0.79209%)
entry 49000/5681175 (0.862498%)
entry 50000/5681175 (0.8801%)
entry 52000/5681175 (0.915304%)
entry 53000/5681175 (0.932906%)
entry 54000/5681175 (0.950508%)
entry 55000/5681175 (0.96811%)
entry 57000/5681175 (1.00331%)
entry 58000/5681175 (1.02092%)
entry 59000/5681175 (1.03852%)
entry 60000/5681175 (1.05612%)
entry 64000/5681175 (1.12653%)
entry 67000/5681175 (1.17933%)
entry 69000/5681175 (1.21454%)
entry 71000/5681175 (1.24974%)
entry 73000/5681175 (1.28495%)
entry 74000/5681175 (1.30255%)
entry 76000/5681175 (1.33775%)
entry 78000/5681175 (1.37296%)
entry 84000/5681175 (1.47857%)
entry 85000/5681175 (1.49617%)
entry 87000/5681175 (1.53137%)
entry 89000/5681175 (1.56658%)
entry 90000/5681175 (1.58418%)
entry 91000/5681175 (1.60178%)
entry 93000/5681175 (1.63699%)
entry 95000/5681175 (1.67219%)
entry 96000/5681175 (1.68979%)
entry 97000/5681175 (1.70739%)
entry 99000/5681175 (1.7426%)
entry 100000/5681175 (1.7602%)
entry 102000/5681175 (1.7954%)
entry 104000/5681175 (1.83061%)
entry 105000/5681175 (1.84821%)
entry 107000/5681175 (1.88341%)
entry 108000/5681175 (1.90102%)
entry 109000/5681175 (1.91862%)
entry 110000/5681175 (1.93622%)
entry 111000/5681175 (1.95382%)
entry 115000/5681175 (2.02423%)
entry 118000/5681175 (2.07704%)
entry 119000/5681175 (2.09464%)
entry 120000/5681175 (2.11224%)
entry 122000/5681175 (2.14744%)
entry 123000/5681175 (2.16505%)
entry 124000/5681175 (2.18265%)
entry 125000/5681175 (2.20025%)
entry 126000/5681175 (2.21785%)
entry 128000/5681175 (2.25306%)
entry 129000/5681175 (2.27066%)
entry 130000/5681175 (2.28826%)
entry 134000/5681175 (2.35867%)
entry 137000/5681175 (2.41147%)
entry 138000/5681175 (2.42907%)
entry 140000/5681175 (2.46428%)
entry 141000/5681175 (2.48188%)
entry 145000/5681175 (2.55229%)
entry 148000/5681175 (2.60509%)
entry 151000/5681175 (2.6579%)
entry 154000/5681175 (2.71071%)
entry 155000/5681175 (2.72831%)
entry 157000/5681175 (2.76351%)
entry 158000/5681175 (2.78111%)
entry 165000/5681175 (2.90433%)
entry 167000/5681175 (2.93953%)
entry 169000/5681175 (2.97474%)
entry 170000/5681175 (2.99234%)
entry 171000/5681175 (3.00994%)
entry 173000/5681175 (3.04514%)
entry 174000/5681175 (3.06275%)
entry 175000/5681175 (3.08035%)
entry 177000/5681175 (3.11555%)
entry 178000/5681175 (3.13315%)
entry 180000/5681175 (3.16836%)
entry 181000/5681175 (3.18596%)
entry 182000/5681175 (3.20356%)
entry 187000/5681175 (3.29157%)
entry 188000/5681175 (3.30917%)
entry 190000/5681175 (3.34438%)
entry 191000/5681175 (3.36198%)
entry 193000/5681175 (3.39718%)
entry 194000/5681175 (3.41479%)
entry 195000/5681175 (3.43239%)
entry 200000/5681175 (3.5204%)
entry 201000/5681175 (3.538%)
entry 202000/5681175 (3.5556%)
entry 205000/5681175 (3.60841%)
entry 208000/5681175 (3.66121%)
entry 209000/5681175 (3.67882%)
entry 211000/5681175 (3.71402%)
entry 212000/5681175 (3.73162%)
entry 213000/5681175 (3.74922%)
entry 214000/5681175 (3.76683%)
entry 215000/5681175 (3.78443%)
entry 216000/5681175 (3.80203%)
entry 218000/5681175 (3.83723%)
entry 219000/5681175 (3.85484%)
entry 220000/5681175 (3.87244%)
entry 221000/5681175 (3.89004%)
entry 222000/5681175 (3.90764%)
entry 223000/5681175 (3.92524%)
entry 224000/5681175 (3.94285%)
entry 228000/5681175 (4.01325%)
entry 229000/5681175 (4.03086%)
entry 230000/5681175 (4.04846%)
entry 231000/5681175 (4.06606%)
entry 233000/5681175 (4.10126%)
entry 234000/5681175 (4.11887%)
entry 235000/5681175 (4.13647%)
entry 236000/5681175 (4.15407%)
entry 237000/5681175 (4.17167%)
entry 238000/5681175 (4.18927%)
entry 239000/5681175 (4.20688%)
entry 240000/5681175 (4.22448%)
entry 242000/5681175 (4.25968%)
entry 245000/5681175 (4.31249%)
entry 246000/5681175 (4.33009%)
entry 248000/5681175 (4.36529%)
entry 251000/5681175 (4.4181%)
entry 253000/5681175 (4.4533%)
entry 254000/5681175 (4.47091%)
entry 256000/5681175 (4.50611%)
entry 257000/5681175 (4.52371%)
entry 259000/5681175 (4.55892%)
entry 262000/5681175 (4.61172%)
entry 264000/5681175 (4.64693%)
entry 265000/5681175 (4.66453%)
entry 266000/5681175 (4.68213%)
entry 267000/5681175 (4.69973%)
entry 272000/5681175 (4.78774%)
entry 273000/5681175 (4.80534%)
entry 274000/5681175 (4.82295%)
entry 275000/5681175 (4.84055%)
entry 276000/5681175 (4.85815%)
entry 278000/5681175 (4.89335%)
entry 279000/5681175 (4.91096%)
entry 280000/5681175 (4.92856%)
entry 281000/5681175 (4.94616%)
entry 286000/5681175 (5.03417%)
entry 289000/5681175 (5.08698%)
entry 290000/5681175 (5.10458%)
entry 291000/5681175 (5.12218%)
entry 292000/5681175 (5.13978%)
entry 294000/5681175 (5.17499%)
entry 295000/5681175 (5.19259%)
entry 296000/5681175 (5.21019%)
entry 298000/5681175 (5.24539%)
entry 299000/5681175 (5.263%)
entry 300000/5681175 (5.2806%)
entry 302000/5681175 (5.3158%)
entry 303000/5681175 (5.3334%)
entry 304000/5681175 (5.35101%)
entry 306000/5681175 (5.38621%)
entry 307000/5681175 (5.40381%)
entry 310000/5681175 (5.45662%)
entry 311000/5681175 (5.47422%)
entry 312000/5681175 (5.49182%)
entry 314000/5681175 (5.52703%)
entry 315000/5681175 (5.54463%)
entry 317000/5681175 (5.57983%)
entry 321000/5681175 (5.65024%)
entry 322000/5681175 (5.66784%)
entry 325000/5681175 (5.72065%)
entry 328000/5681175 (5.77345%)
entry 329000/5681175 (5.79106%)
entry 330000/5681175 (5.80866%)
entry 332000/5681175 (5.84386%)
entry 335000/5681175 (5.89667%)
entry 336000/5681175 (5.91427%)
entry 337000/5681175 (5.93187%)
entry 339000/5681175 (5.96708%)
entry 340000/5681175 (5.98468%)
entry 341000/5681175 (6.00228%)
entry 343000/5681175 (6.03748%)
entry 344000/5681175 (6.05509%)
entry 345000/5681175 (6.07269%)
entry 346000/5681175 (6.09029%)
entry 350000/5681175 (6.1607%)
entry 351000/5681175 (6.1783%)
entry 353000/5681175 (6.2135%)
entry 356000/5681175 (6.26631%)
entry 358000/5681175 (6.30151%)
entry 360000/5681175 (6.33672%)
entry 361000/5681175 (6.35432%)
entry 362000/5681175 (6.37192%)
entry 364000/5681175 (6.40713%)
entry 365000/5681175 (6.42473%)
entry 366000/5681175 (6.44233%)
entry 367000/5681175 (6.45993%)
entry 370000/5681175 (6.51274%)
entry 372000/5681175 (6.54794%)
entry 374000/5681175 (6.58315%)
entry 375000/5681175 (6.60075%)
entry 376000/5681175 (6.61835%)
entry 378000/5681175 (6.65355%)
entry 379000/5681175 (6.67116%)
entry 380000/5681175 (6.68876%)
entry 381000/5681175 (6.70636%)
entry 382000/5681175 (6.72396%)
entry 383000/5681175 (6.74156%)
entry 384000/5681175 (6.75917%)
entry 385000/5681175 (6.77677%)
entry 386000/5681175 (6.79437%)
entry 388000/5681175 (6.82957%)
entry 391000/5681175 (6.88238%)
entry 392000/5681175 (6.89998%)
entry 393000/5681175 (6.91758%)
entry 395000/5681175 (6.95279%)
entry 396000/5681175 (6.97039%)
entry 397000/5681175 (6.98799%)
entry 399000/5681175 (7.0232%)
entry 400000/5681175 (7.0408%)
entry 402000/5681175 (7.076%)
entry 403000/5681175 (7.0936%)
entry 404000/5681175 (7.11121%)
entry 406000/5681175 (7.14641%)
entry 407000/5681175 (7.16401%)
entry 409000/5681175 (7.19922%)
entry 410000/5681175 (7.21682%)
entry 411000/5681175 (7.23442%)
entry 412000/5681175 (7.25202%)
entry 413000/5681175 (7.26962%)
entry 415000/5681175 (7.30483%)
entry 416000/5681175 (7.32243%)
entry 421000/5681175 (7.41044%)
entry 424000/5681175 (7.46325%)
entry 425000/5681175 (7.48085%)
entry 426000/5681175 (7.49845%)
entry 427000/5681175 (7.51605%)
entry 428000/5681175 (7.53365%)
entry 431000/5681175 (7.58646%)
entry 432000/5681175 (7.60406%)
entry 433000/5681175 (7.62166%)
entry 435000/5681175 (7.65687%)
entry 436000/5681175 (7.67447%)
entry 439000/5681175 (7.72728%)
entry 440000/5681175 (7.74488%)
entry 441000/5681175 (7.76248%)
entry 446000/5681175 (7.85049%)
entry 447000/5681175 (7.86809%)
entry 448000/5681175 (7.88569%)
entry 450000/5681175 (7.9209%)
entry 453000/5681175 (7.9737%)
entry 454000/5681175 (7.9913%)
entry 455000/5681175 (8.00891%)
entry 457000/5681175 (8.04411%)
entry 462000/5681175 (8.13212%)
entry 463000/5681175 (8.14972%)
entry 464000/5681175 (8.16732%)
entry 466000/5681175 (8.20253%)
entry 470000/5681175 (8.27294%)
entry 471000/5681175 (8.29054%)
entry 473000/5681175 (8.32574%)
entry 475000/5681175 (8.36095%)
entry 481000/5681175 (8.46656%)
entry 482000/5681175 (8.48416%)
entry 483000/5681175 (8.50176%)
entry 485000/5681175 (8.53697%)
entry 488000/5681175 (8.58977%)
entry 489000/5681175 (8.60737%)
entry 491000/5681175 (8.64258%)
entry 492000/5681175 (8.66018%)
entry 493000/5681175 (8.67778%)
entry 495000/5681175 (8.71299%)
entry 496000/5681175 (8.73059%)
entry 499000/5681175 (8.78339%)
entry 500000/5681175 (8.801%)
entry 501000/5681175 (8.8186%)
entry 502000/5681175 (8.8362%)
entry 505000/5681175 (8.88901%)
entry 506000/5681175 (8.90661%)
entry 508000/5681175 (8.94181%)
entry 509000/5681175 (8.95941%)
entry 511000/5681175 (8.99462%)
entry 512000/5681175 (9.01222%)
entry 513000/5681175 (9.02982%)
entry 518000/5681175 (9.11783%)
entry 519000/5681175 (9.13543%)
entry 521000/5681175 (9.17064%)
entry 523000/5681175 (9.20584%)
entry 524000/5681175 (9.22344%)
entry 527000/5681175 (9.27625%)
entry 530000/5681175 (9.32906%)
entry 533000/5681175 (9.38186%)
entry 534000/5681175 (9.39946%)
entry 535000/5681175 (9.41707%)
entry 538000/5681175 (9.46987%)
entry 539000/5681175 (9.48747%)
entry 540000/5681175 (9.50508%)
entry 541000/5681175 (9.52268%)
entry 542000/5681175 (9.54028%)
entry 547000/5681175 (9.62829%)
entry 550000/5681175 (9.6811%)
entry 551000/5681175 (9.6987%)
entry 552000/5681175 (9.7163%)
entry 553000/5681175 (9.7339%)
entry 554000/5681175 (9.7515%)
entry 556000/5681175 (9.78671%)
entry 557000/5681175 (9.80431%)
entry 560000/5681175 (9.85712%)
entry 562000/5681175 (9.89232%)
entry 565000/5681175 (9.94513%)
entry 570000/5681175 (10.0331%)
entry 572000/5681175 (10.0683%)
entry 576000/5681175 (10.1387%)
entry 577000/5681175 (10.1563%)
entry 579000/5681175 (10.1916%)
entry 580000/5681175 (10.2092%)
entry 581000/5681175 (10.2268%)
entry 582000/5681175 (10.2444%)
entry 583000/5681175 (10.262%)
entry 584000/5681175 (10.2796%)
entry 586000/5681175 (10.3148%)
entry 587000/5681175 (10.3324%)
entry 588000/5681175 (10.35%)
entry 589000/5681175 (10.3676%)
entry 590000/5681175 (10.3852%)
entry 591000/5681175 (10.4028%)
entry 593000/5681175 (10.438%)
entry 596000/5681175 (10.4908%)
entry 599000/5681175 (10.5436%)
entry 601000/5681175 (10.5788%)
entry 605000/5681175 (10.6492%)
entry 606000/5681175 (10.6668%)
entry 607000/5681175 (10.6844%)
entry 609000/5681175 (10.7196%)
entry 611000/5681175 (10.7548%)
entry 612000/5681175 (10.7724%)
entry 613000/5681175 (10.79%)
entry 614000/5681175 (10.8076%)
entry 615000/5681175 (10.8252%)
entry 616000/5681175 (10.8428%)
entry 617000/5681175 (10.8604%)
entry 618000/5681175 (10.878%)
entry 621000/5681175 (10.9308%)
entry 623000/5681175 (10.966%)
entry 625000/5681175 (11.0012%)
entry 627000/5681175 (11.0364%)
entry 628000/5681175 (11.0541%)
entry 629000/5681175 (11.0717%)
entry 630000/5681175 (11.0893%)
entry 632000/5681175 (11.1245%)
entry 633000/5681175 (11.1421%)
entry 634000/5681175 (11.1597%)
entry 635000/5681175 (11.1773%)
entry 636000/5681175 (11.1949%)
entry 638000/5681175 (11.2301%)
entry 639000/5681175 (11.2477%)
entry 640000/5681175 (11.2653%)
entry 641000/5681175 (11.2829%)
entry 642000/5681175 (11.3005%)
entry 643000/5681175 (11.3181%)
entry 645000/5681175 (11.3533%)
entry 646000/5681175 (11.3709%)
entry 650000/5681175 (11.4413%)
entry 651000/5681175 (11.4589%)
entry 652000/5681175 (11.4765%)
entry 654000/5681175 (11.5117%)
entry 655000/5681175 (11.5293%)
entry 656000/5681175 (11.5469%)
entry 658000/5681175 (11.5821%)
entry 659000/5681175 (11.5997%)
entry 664000/5681175 (11.6877%)
entry 666000/5681175 (11.7229%)
entry 667000/5681175 (11.7405%)
entry 669000/5681175 (11.7757%)
entry 670000/5681175 (11.7933%)
entry 671000/5681175 (11.8109%)
entry 672000/5681175 (11.8285%)
entry 673000/5681175 (11.8461%)
entry 675000/5681175 (11.8813%)
entry 676000/5681175 (11.8989%)
entry 677000/5681175 (11.9165%)
entry 678000/5681175 (11.9342%)
entry 679000/5681175 (11.9518%)
entry 680000/5681175 (11.9694%)
entry 681000/5681175 (11.987%)
entry 683000/5681175 (12.0222%)
entry 685000/5681175 (12.0574%)
entry 687000/5681175 (12.0926%)
entry 690000/5681175 (12.1454%)
entry 692000/5681175 (12.1806%)
entry 694000/5681175 (12.2158%)
entry 695000/5681175 (12.2334%)
entry 698000/5681175 (12.2862%)
entry 699000/5681175 (12.3038%)
entry 700000/5681175 (12.3214%)
entry 701000/5681175 (12.339%)
entry 702000/5681175 (12.3566%)
entry 705000/5681175 (12.4094%)
entry 707000/5681175 (12.4446%)
entry 708000/5681175 (12.4622%)
entry 709000/5681175 (12.4798%)
entry 711000/5681175 (12.515%)
entry 714000/5681175 (12.5678%)
entry 715000/5681175 (12.5854%)
entry 718000/5681175 (12.6382%)
entry 720000/5681175 (12.6734%)
entry 721000/5681175 (12.691%)
entry 722000/5681175 (12.7086%)
entry 723000/5681175 (12.7262%)
entry 724000/5681175 (12.7438%)
entry 725000/5681175 (12.7614%)
entry 726000/5681175 (12.779%)
entry 727000/5681175 (12.7966%)
entry 728000/5681175 (12.8143%)
entry 729000/5681175 (12.8319%)
entry 732000/5681175 (12.8847%)
entry 733000/5681175 (12.9023%)
entry 734000/5681175 (12.9199%)
entry 735000/5681175 (12.9375%)
entry 736000/5681175 (12.9551%)
entry 740000/5681175 (13.0255%)
entry 743000/5681175 (13.0783%)
entry 746000/5681175 (13.1311%)
entry 748000/5681175 (13.1663%)
entry 749000/5681175 (13.1839%)
entry 752000/5681175 (13.2367%)
entry 753000/5681175 (13.2543%)
entry 754000/5681175 (13.2719%)
entry 755000/5681175 (13.2895%)
entry 756000/5681175 (13.3071%)
entry 758000/5681175 (13.3423%)
entry 760000/5681175 (13.3775%)
entry 761000/5681175 (13.3951%)
entry 762000/5681175 (13.4127%)
entry 764000/5681175 (13.4479%)
entry 768000/5681175 (13.5183%)
entry 772000/5681175 (13.5887%)
entry 773000/5681175 (13.6063%)
entry 774000/5681175 (13.6239%)
entry 775000/5681175 (13.6415%)
entry 776000/5681175 (13.6591%)
entry 778000/5681175 (13.6944%)
entry 779000/5681175 (13.712%)
entry 780000/5681175 (13.7296%)
entry 782000/5681175 (13.7648%)
entry 784000/5681175 (13.8%)
entry 787000/5681175 (13.8528%)
entry 788000/5681175 (13.8704%)
entry 790000/5681175 (13.9056%)
entry 793000/5681175 (13.9584%)
entry 795000/5681175 (13.9936%)
entry 798000/5681175 (14.0464%)
entry 799000/5681175 (14.064%)
entry 800000/5681175 (14.0816%)
entry 801000/5681175 (14.0992%)
entry 802000/5681175 (14.1168%)
entry 803000/5681175 (14.1344%)
entry 806000/5681175 (14.1872%)
entry 807000/5681175 (14.2048%)
entry 810000/5681175 (14.2576%)
entry 811000/5681175 (14.2752%)
entry 814000/5681175 (14.328%)
entry 815000/5681175 (14.3456%)
entry 816000/5681175 (14.3632%)
entry 819000/5681175 (14.416%)
entry 820000/5681175 (14.4336%)
entry 821000/5681175 (14.4512%)
entry 822000/5681175 (14.4688%)
entry 823000/5681175 (14.4864%)
entry 824000/5681175 (14.504%)
entry 825000/5681175 (14.5216%)
entry 826000/5681175 (14.5392%)
entry 827000/5681175 (14.5568%)
entry 828000/5681175 (14.5745%)
entry 831000/5681175 (14.6273%)
entry 833000/5681175 (14.6625%)
entry 834000/5681175 (14.6801%)
entry 835000/5681175 (14.6977%)
entry 839000/5681175 (14.7681%)
entry 840000/5681175 (14.7857%)
entry 841000/5681175 (14.8033%)
entry 843000/5681175 (14.8385%)
entry 845000/5681175 (14.8737%)
entry 847000/5681175 (14.9089%)
entry 849000/5681175 (14.9441%)
entry 850000/5681175 (14.9617%)
entry 852000/5681175 (14.9969%)
entry 854000/5681175 (15.0321%)
entry 858000/5681175 (15.1025%)
entry 860000/5681175 (15.1377%)
entry 862000/5681175 (15.1729%)
entry 863000/5681175 (15.1905%)
entry 865000/5681175 (15.2257%)
entry 867000/5681175 (15.2609%)
entry 868000/5681175 (15.2785%)
entry 869000/5681175 (15.2961%)
entry 871000/5681175 (15.3313%)
entry 873000/5681175 (15.3665%)
entry 874000/5681175 (15.3841%)
entry 875000/5681175 (15.4017%)
entry 876000/5681175 (15.4193%)
entry 877000/5681175 (15.4369%)
entry 878000/5681175 (15.4546%)
entry 879000/5681175 (15.4722%)
entry 882000/5681175 (15.525%)
entry 884000/5681175 (15.5602%)
entry 887000/5681175 (15.613%)
entry 889000/5681175 (15.6482%)
entry 892000/5681175 (15.701%)
entry 893000/5681175 (15.7186%)
entry 894000/5681175 (15.7362%)
entry 896000/5681175 (15.7714%)
entry 897000/5681175 (15.789%)
entry 898000/5681175 (15.8066%)
entry 899000/5681175 (15.8242%)
entry 900000/5681175 (15.8418%)
entry 901000/5681175 (15.8594%)
entry 902000/5681175 (15.877%)
entry 904000/5681175 (15.9122%)
entry 905000/5681175 (15.9298%)
entry 907000/5681175 (15.965%)
entry 908000/5681175 (15.9826%)
entry 910000/5681175 (16.0178%)
entry 912000/5681175 (16.053%)
entry 913000/5681175 (16.0706%)
entry 914000/5681175 (16.0882%)
entry 915000/5681175 (16.1058%)
entry 917000/5681175 (16.141%)
entry 920000/5681175 (16.1938%)
entry 921000/5681175 (16.2114%)
entry 922000/5681175 (16.229%)
entry 923000/5681175 (16.2466%)
entry 924000/5681175 (16.2642%)
entry 925000/5681175 (16.2818%)
entry 926000/5681175 (16.2994%)
entry 928000/5681175 (16.3346%)
entry 929000/5681175 (16.3523%)
entry 930000/5681175 (16.3699%)
entry 931000/5681175 (16.3875%)
entry 932000/5681175 (16.4051%)
entry 934000/5681175 (16.4403%)
entry 937000/5681175 (16.4931%)
entry 938000/5681175 (16.5107%)
entry 939000/5681175 (16.5283%)
entry 940000/5681175 (16.5459%)
entry 941000/5681175 (16.5635%)
entry 942000/5681175 (16.5811%)
entry 943000/5681175 (16.5987%)
entry 944000/5681175 (16.6163%)
entry 945000/5681175 (16.6339%)
entry 946000/5681175 (16.6515%)
entry 948000/5681175 (16.6867%)
entry 951000/5681175 (16.7395%)
entry 952000/5681175 (16.7571%)
entry 955000/5681175 (16.8099%)
entry 956000/5681175 (16.8275%)
entry 957000/5681175 (16.8451%)
entry 958000/5681175 (16.8627%)
entry 959000/5681175 (16.8803%)
entry 960000/5681175 (16.8979%)
entry 961000/5681175 (16.9155%)
entry 962000/5681175 (16.9331%)
entry 963000/5681175 (16.9507%)
entry 964000/5681175 (16.9683%)
entry 966000/5681175 (17.0035%)
entry 967000/5681175 (17.0211%)
entry 969000/5681175 (17.0563%)
entry 970000/5681175 (17.0739%)
entry 971000/5681175 (17.0915%)
entry 973000/5681175 (17.1267%)
entry 974000/5681175 (17.1443%)
entry 977000/5681175 (17.1971%)
entry 979000/5681175 (17.2324%)
entry 980000/5681175 (17.25%)
entry 985000/5681175 (17.338%)
entry 987000/5681175 (17.3732%)
entry 988000/5681175 (17.3908%)
entry 990000/5681175 (17.426%)
entry 991000/5681175 (17.4436%)
entry 992000/5681175 (17.4612%)
entry 993000/5681175 (17.4788%)
entry 995000/5681175 (17.514%)
entry 996000/5681175 (17.5316%)
entry 997000/5681175 (17.5492%)
entry 999000/5681175 (17.5844%)
entry 1001000/5681175 (17.6196%)
entry 1004000/5681175 (17.6724%)
entry 1007000/5681175 (17.7252%)
entry 1008000/5681175 (17.7428%)
entry 1009000/5681175 (17.7604%)
entry 1010000/5681175 (17.778%)
entry 1011000/5681175 (17.7956%)
entry 1012000/5681175 (17.8132%)
entry 1013000/5681175 (17.8308%)
entry 1015000/5681175 (17.866%)
entry 1016000/5681175 (17.8836%)
entry 1018000/5681175 (17.9188%)
entry 1019000/5681175 (17.9364%)
entry 1022000/5681175 (17.9892%)
entry 1023000/5681175 (18.0068%)
entry 1024000/5681175 (18.0244%)
entry 1026000/5681175 (18.0596%)
entry 1030000/5681175 (18.1301%)
entry 1031000/5681175 (18.1477%)
entry 1032000/5681175 (18.1653%)
entry 1033000/5681175 (18.1829%)
entry 1034000/5681175 (18.2005%)
entry 1036000/5681175 (18.2357%)
entry 1037000/5681175 (18.2533%)
entry 1038000/5681175 (18.2709%)
entry 1040000/5681175 (18.3061%)
entry 1042000/5681175 (18.3413%)
entry 1043000/5681175 (18.3589%)
entry 1044000/5681175 (18.3765%)
entry 1045000/5681175 (18.3941%)
entry 1047000/5681175 (18.4293%)
entry 1048000/5681175 (18.4469%)
entry 1049000/5681175 (18.4645%)
entry 1053000/5681175 (18.5349%)
entry 1055000/5681175 (18.5701%)
entry 1057000/5681175 (18.6053%)
entry 1059000/5681175 (18.6405%)
entry 1060000/5681175 (18.6581%)
entry 1061000/5681175 (18.6757%)
entry 1062000/5681175 (18.6933%)
entry 1064000/5681175 (18.7285%)
entry 1065000/5681175 (18.7461%)
entry 1066000/5681175 (18.7637%)
entry 1067000/5681175 (18.7813%)
entry 1070000/5681175 (18.8341%)
entry 1073000/5681175 (18.8869%)
entry 1075000/5681175 (18.9221%)
entry 1076000/5681175 (18.9397%)
entry 1077000/5681175 (18.9573%)
entry 1078000/5681175 (18.9749%)
entry 1079000/5681175 (18.9926%)
entry 1080000/5681175 (19.0102%)
entry 1082000/5681175 (19.0454%)
entry 1085000/5681175 (19.0982%)
entry 1087000/5681175 (19.1334%)
entry 1088000/5681175 (19.151%)
entry 1090000/5681175 (19.1862%)
entry 1093000/5681175 (19.239%)
entry 1094000/5681175 (19.2566%)
entry 1095000/5681175 (19.2742%)
entry 1097000/5681175 (19.3094%)
entry 1098000/5681175 (19.327%)
entry 1100000/5681175 (19.3622%)
entry 1101000/5681175 (19.3798%)
entry 1103000/5681175 (19.415%)
entry 1104000/5681175 (19.4326%)
entry 1105000/5681175 (19.4502%)
entry 1106000/5681175 (19.4678%)
entry 1107000/5681175 (19.4854%)
entry 1108000/5681175 (19.503%)
entry 1109000/5681175 (19.5206%)
entry 1110000/5681175 (19.5382%)
entry 1111000/5681175 (19.5558%)
entry 1112000/5681175 (19.5734%)
entry 1113000/5681175 (19.591%)
entry 1118000/5681175 (19.679%)
entry 1120000/5681175 (19.7142%)
entry 1121000/5681175 (19.7318%)
entry 1122000/5681175 (19.7494%)
entry 1123000/5681175 (19.767%)
entry 1125000/5681175 (19.8022%)
entry 1128000/5681175 (19.855%)
entry 1129000/5681175 (19.8726%)
entry 1131000/5681175 (19.9079%)
entry 1132000/5681175 (19.9255%)
entry 1134000/5681175 (19.9607%)
entry 1135000/5681175 (19.9783%)
entry 1137000/5681175 (20.0135%)
entry 1138000/5681175 (20.0311%)
entry 1140000/5681175 (20.0663%)
entry 1141000/5681175 (20.0839%)
entry 1142000/5681175 (20.1015%)
entry 1143000/5681175 (20.1191%)
entry 1144000/5681175 (20.1367%)
entry 1145000/5681175 (20.1543%)
entry 1146000/5681175 (20.1719%)
entry 1147000/5681175 (20.1895%)
entry 1148000/5681175 (20.2071%)
entry 1149000/5681175 (20.2247%)
entry 1150000/5681175 (20.2423%)
entry 1151000/5681175 (20.2599%)
entry 1152000/5681175 (20.2775%)
entry 1154000/5681175 (20.3127%)
entry 1158000/5681175 (20.3831%)
entry 1161000/5681175 (20.4359%)
entry 1163000/5681175 (20.4711%)
entry 1164000/5681175 (20.4887%)
entry 1166000/5681175 (20.5239%)
entry 1168000/5681175 (20.5591%)
entry 1174000/5681175 (20.6647%)
entry 1176000/5681175 (20.6999%)
entry 1178000/5681175 (20.7351%)
entry 1183000/5681175 (20.8232%)
entry 1185000/5681175 (20.8584%)
entry 1186000/5681175 (20.876%)
entry 1187000/5681175 (20.8936%)
entry 1190000/5681175 (20.9464%)
entry 1192000/5681175 (20.9816%)
entry 1196000/5681175 (21.052%)
entry 1197000/5681175 (21.0696%)
entry 1201000/5681175 (21.14%)
entry 1202000/5681175 (21.1576%)
entry 1204000/5681175 (21.1928%)
entry 1205000/5681175 (21.2104%)
entry 1206000/5681175 (21.228%)
entry 1208000/5681175 (21.2632%)
entry 1209000/5681175 (21.2808%)
entry 1210000/5681175 (21.2984%)
entry 1211000/5681175 (21.316%)
entry 1212000/5681175 (21.3336%)
entry 1214000/5681175 (21.3688%)
entry 1215000/5681175 (21.3864%)
entry 1218000/5681175 (21.4392%)
entry 1220000/5681175 (21.4744%)
entry 1221000/5681175 (21.492%)
entry 1223000/5681175 (21.5272%)
entry 1224000/5681175 (21.5448%)
entry 1226000/5681175 (21.58%)
entry 1229000/5681175 (21.6328%)
entry 1230000/5681175 (21.6505%)
entry 1231000/5681175 (21.6681%)
entry 1234000/5681175 (21.7209%)
entry 1235000/5681175 (21.7385%)
entry 1236000/5681175 (21.7561%)
entry 1238000/5681175 (21.7913%)
entry 1239000/5681175 (21.8089%)
entry 1241000/5681175 (21.8441%)
entry 1242000/5681175 (21.8617%)
entry 1244000/5681175 (21.8969%)
entry 1245000/5681175 (21.9145%)
entry 1246000/5681175 (21.9321%)
entry 1247000/5681175 (21.9497%)
entry 1248000/5681175 (21.9673%)
entry 1249000/5681175 (21.9849%)
entry 1250000/5681175 (22.0025%)
entry 1251000/5681175 (22.0201%)
entry 1253000/5681175 (22.0553%)
entry 1255000/5681175 (22.0905%)
entry 1257000/5681175 (22.1257%)
entry 1261000/5681175 (22.1961%)
entry 1262000/5681175 (22.2137%)
entry 1263000/5681175 (22.2313%)
entry 1264000/5681175 (22.2489%)
entry 1265000/5681175 (22.2665%)
entry 1267000/5681175 (22.3017%)
entry 1268000/5681175 (22.3193%)
entry 1270000/5681175 (22.3545%)
entry 1271000/5681175 (22.3721%)
entry 1272000/5681175 (22.3897%)
entry 1273000/5681175 (22.4073%)
entry 1275000/5681175 (22.4425%)
entry 1278000/5681175 (22.4953%)
entry 1281000/5681175 (22.5482%)
entry 1282000/5681175 (22.5658%)
entry 1283000/5681175 (22.5834%)
entry 1284000/5681175 (22.601%)
entry 1285000/5681175 (22.6186%)
entry 1289000/5681175 (22.689%)
entry 1290000/5681175 (22.7066%)
entry 1291000/5681175 (22.7242%)
entry 1294000/5681175 (22.777%)
entry 1295000/5681175 (22.7946%)
entry 1296000/5681175 (22.8122%)
entry 1298000/5681175 (22.8474%)
entry 1300000/5681175 (22.8826%)
entry 1301000/5681175 (22.9002%)
entry 1302000/5681175 (22.9178%)
entry 1306000/5681175 (22.9882%)
entry 1308000/5681175 (23.0234%)
entry 1311000/5681175 (23.0762%)
entry 1312000/5681175 (23.0938%)
entry 1314000/5681175 (23.129%)
entry 1318000/5681175 (23.1994%)
entry 1320000/5681175 (23.2346%)
entry 1323000/5681175 (23.2874%)
entry 1324000/5681175 (23.305%)
entry 1327000/5681175 (23.3578%)
entry 1328000/5681175 (23.3754%)
entry 1330000/5681175 (23.4106%)
entry 1331000/5681175 (23.4283%)
entry 1333000/5681175 (23.4635%)
entry 1334000/5681175 (23.4811%)
entry 1335000/5681175 (23.4987%)
entry 1337000/5681175 (23.5339%)
entry 1338000/5681175 (23.5515%)
entry 1341000/5681175 (23.6043%)
entry 1342000/5681175 (23.6219%)
entry 1343000/5681175 (23.6395%)
entry 1344000/5681175 (23.6571%)
entry 1346000/5681175 (23.6923%)
entry 1348000/5681175 (23.7275%)
entry 1350000/5681175 (23.7627%)
entry 1354000/5681175 (23.8331%)
entry 1355000/5681175 (23.8507%)
entry 1356000/5681175 (23.8683%)
entry 1357000/5681175 (23.8859%)
entry 1359000/5681175 (23.9211%)
entry 1360000/5681175 (23.9387%)
entry 1361000/5681175 (23.9563%)
entry 1362000/5681175 (23.9739%)
entry 1365000/5681175 (24.0267%)
entry 1366000/5681175 (24.0443%)
entry 1367000/5681175 (24.0619%)
entry 1369000/5681175 (24.0971%)
entry 1371000/5681175 (24.1323%)
entry 1372000/5681175 (24.1499%)
entry 1373000/5681175 (24.1675%)
entry 1374000/5681175 (24.1851%)
entry 1375000/5681175 (24.2027%)
entry 1377000/5681175 (24.2379%)
entry 1378000/5681175 (24.2555%)
entry 1379000/5681175 (24.2731%)
entry 1380000/5681175 (24.2907%)
entry 1381000/5681175 (24.3084%)
entry 1387000/5681175 (24.414%)
entry 1388000/5681175 (24.4316%)
entry 1390000/5681175 (24.4668%)
entry 1394000/5681175 (24.5372%)
entry 1395000/5681175 (24.5548%)
entry 1396000/5681175 (24.5724%)
entry 1397000/5681175 (24.59%)
entry 1399000/5681175 (24.6252%)
entry 1400000/5681175 (24.6428%)
entry 1404000/5681175 (24.7132%)
entry 1405000/5681175 (24.7308%)
entry 1406000/5681175 (24.7484%)
entry 1408000/5681175 (24.7836%)
entry 1409000/5681175 (24.8012%)
entry 1411000/5681175 (24.8364%)
entry 1414000/5681175 (24.8892%)
entry 1416000/5681175 (24.9244%)
entry 1417000/5681175 (24.942%)
entry 1418000/5681175 (24.9596%)
entry 1421000/5681175 (25.0124%)
entry 1423000/5681175 (25.0476%)
entry 1424000/5681175 (25.0652%)
entry 1425000/5681175 (25.0828%)
entry 1426000/5681175 (25.1004%)
entry 1428000/5681175 (25.1356%)
entry 1429000/5681175 (25.1532%)
entry 1431000/5681175 (25.1885%)
entry 1433000/5681175 (25.2237%)
entry 1435000/5681175 (25.2589%)
entry 1436000/5681175 (25.2765%)
entry 1438000/5681175 (25.3117%)
entry 1441000/5681175 (25.3645%)
entry 1442000/5681175 (25.3821%)
entry 1444000/5681175 (25.4173%)
entry 1445000/5681175 (25.4349%)
entry 1446000/5681175 (25.4525%)
entry 1448000/5681175 (25.4877%)
entry 1449000/5681175 (25.5053%)
entry 1450000/5681175 (25.5229%)
entry 1452000/5681175 (25.5581%)
entry 1453000/5681175 (25.5757%)
entry 1455000/5681175 (25.6109%)
entry 1457000/5681175 (25.6461%)
entry 1458000/5681175 (25.6637%)
entry 1459000/5681175 (25.6813%)
entry 1460000/5681175 (25.6989%)
entry 1461000/5681175 (25.7165%)
entry 1463000/5681175 (25.7517%)
entry 1464000/5681175 (25.7693%)
entry 1465000/5681175 (25.7869%)
entry 1467000/5681175 (25.8221%)
entry 1469000/5681175 (25.8573%)
entry 1470000/5681175 (25.8749%)
entry 1471000/5681175 (25.8925%)
entry 1472000/5681175 (25.9101%)
entry 1477000/5681175 (25.9981%)
entry 1480000/5681175 (26.0509%)
entry 1482000/5681175 (26.0862%)
entry 1483000/5681175 (26.1038%)
entry 1487000/5681175 (26.1742%)
entry 1489000/5681175 (26.2094%)
entry 1490000/5681175 (26.227%)
entry 1493000/5681175 (26.2798%)
entry 1494000/5681175 (26.2974%)
entry 1495000/5681175 (26.315%)
entry 1496000/5681175 (26.3326%)
entry 1497000/5681175 (26.3502%)
entry 1498000/5681175 (26.3678%)
entry 1500000/5681175 (26.403%)
entry 1502000/5681175 (26.4382%)
entry 1503000/5681175 (26.4558%)
entry 1504000/5681175 (26.4734%)
entry 1505000/5681175 (26.491%)
entry 1506000/5681175 (26.5086%)
entry 1507000/5681175 (26.5262%)
entry 1508000/5681175 (26.5438%)
entry 1509000/5681175 (26.5614%)
entry 1510000/5681175 (26.579%)
entry 1511000/5681175 (26.5966%)
entry 1514000/5681175 (26.6494%)
entry 1515000/5681175 (26.667%)
entry 1516000/5681175 (26.6846%)
entry 1517000/5681175 (26.7022%)
entry 1518000/5681175 (26.7198%)
entry 1519000/5681175 (26.7374%)
entry 1524000/5681175 (26.8254%)
entry 1527000/5681175 (26.8782%)
entry 1529000/5681175 (26.9134%)
entry 1532000/5681175 (26.9663%)
entry 1533000/5681175 (26.9839%)
entry 1534000/5681175 (27.0015%)
entry 1535000/5681175 (27.0191%)
entry 1536000/5681175 (27.0367%)
entry 1538000/5681175 (27.0719%)
entry 1539000/5681175 (27.0895%)
entry 1544000/5681175 (27.1775%)
entry 1545000/5681175 (27.1951%)
entry 1547000/5681175 (27.2303%)
entry 1552000/5681175 (27.3183%)
entry 1555000/5681175 (27.3711%)
entry 1556000/5681175 (27.3887%)
entry 1557000/5681175 (27.4063%)
entry 1559000/5681175 (27.4415%)
entry 1560000/5681175 (27.4591%)
entry 1562000/5681175 (27.4943%)
entry 1563000/5681175 (27.5119%)
entry 1566000/5681175 (27.5647%)
entry 1567000/5681175 (27.5823%)
entry 1571000/5681175 (27.6527%)
entry 1574000/5681175 (27.7055%)
entry 1577000/5681175 (27.7583%)
entry 1579000/5681175 (27.7935%)
entry 1580000/5681175 (27.8111%)
entry 1581000/5681175 (27.8288%)
entry 1584000/5681175 (27.8816%)
entry 1586000/5681175 (27.9168%)
entry 1587000/5681175 (27.9344%)
entry 1589000/5681175 (27.9696%)
entry 1590000/5681175 (27.9872%)
entry 1591000/5681175 (28.0048%)
entry 1593000/5681175 (28.04%)
entry 1595000/5681175 (28.0752%)
entry 1596000/5681175 (28.0928%)
entry 1597000/5681175 (28.1104%)
entry 1599000/5681175 (28.1456%)
entry 1600000/5681175 (28.1632%)
entry 1601000/5681175 (28.1808%)
entry 1602000/5681175 (28.1984%)
entry 1605000/5681175 (28.2512%)
entry 1606000/5681175 (28.2688%)
entry 1607000/5681175 (28.2864%)
entry 1612000/5681175 (28.3744%)
entry 1613000/5681175 (28.392%)
entry 1614000/5681175 (28.4096%)
entry 1617000/5681175 (28.4624%)
entry 1618000/5681175 (28.48%)
entry 1619000/5681175 (28.4976%)
entry 1620000/5681175 (28.5152%)
entry 1623000/5681175 (28.568%)
entry 1624000/5681175 (28.5856%)
entry 1625000/5681175 (28.6032%)
entry 1628000/5681175 (28.656%)
entry 1631000/5681175 (28.7088%)
entry 1633000/5681175 (28.7441%)
entry 1635000/5681175 (28.7793%)
entry 1637000/5681175 (28.8145%)
entry 1638000/5681175 (28.8321%)
entry 1639000/5681175 (28.8497%)
entry 1640000/5681175 (28.8673%)
entry 1643000/5681175 (28.9201%)
entry 1646000/5681175 (28.9729%)
entry 1647000/5681175 (28.9905%)
entry 1650000/5681175 (29.0433%)
entry 1652000/5681175 (29.0785%)
entry 1653000/5681175 (29.0961%)
entry 1656000/5681175 (29.1489%)
entry 1659000/5681175 (29.2017%)
entry 1661000/5681175 (29.2369%)
entry 1664000/5681175 (29.2897%)
entry 1665000/5681175 (29.3073%)
entry 1666000/5681175 (29.3249%)
entry 1667000/5681175 (29.3425%)
entry 1669000/5681175 (29.3777%)
entry 1670000/5681175 (29.3953%)
entry 1671000/5681175 (29.4129%)
entry 1674000/5681175 (29.4657%)
entry 1675000/5681175 (29.4833%)
entry 1676000/5681175 (29.5009%)
entry 1677000/5681175 (29.5185%)
entry 1680000/5681175 (29.5713%)
entry 1681000/5681175 (29.5889%)
entry 1682000/5681175 (29.6066%)
entry 1684000/5681175 (29.6418%)
entry 1685000/5681175 (29.6594%)
entry 1687000/5681175 (29.6946%)
entry 1688000/5681175 (29.7122%)
entry 1690000/5681175 (29.7474%)
entry 1692000/5681175 (29.7826%)
entry 1694000/5681175 (29.8178%)
entry 1695000/5681175 (29.8354%)
entry 1698000/5681175 (29.8882%)
entry 1699000/5681175 (29.9058%)
entry 1700000/5681175 (29.9234%)
entry 1701000/5681175 (29.941%)
entry 1703000/5681175 (29.9762%)
entry 1704000/5681175 (29.9938%)
entry 1705000/5681175 (30.0114%)
entry 1707000/5681175 (30.0466%)
entry 1710000/5681175 (30.0994%)
entry 1711000/5681175 (30.117%)
entry 1713000/5681175 (30.1522%)
entry 1714000/5681175 (30.1698%)
entry 1720000/5681175 (30.2754%)
entry 1722000/5681175 (30.3106%)
entry 1724000/5681175 (30.3458%)
entry 1726000/5681175 (30.381%)
entry 1729000/5681175 (30.4338%)
entry 1730000/5681175 (30.4514%)
entry 1731000/5681175 (30.469%)
entry 1732000/5681175 (30.4867%)
entry 1733000/5681175 (30.5043%)
entry 1734000/5681175 (30.5219%)
entry 1736000/5681175 (30.5571%)
entry 1737000/5681175 (30.5747%)
entry 1738000/5681175 (30.5923%)
entry 1739000/5681175 (30.6099%)
entry 1741000/5681175 (30.6451%)
entry 1743000/5681175 (30.6803%)
entry 1744000/5681175 (30.6979%)
entry 1745000/5681175 (30.7155%)
entry 1747000/5681175 (30.7507%)
entry 1750000/5681175 (30.8035%)
entry 1751000/5681175 (30.8211%)
entry 1752000/5681175 (30.8387%)
entry 1753000/5681175 (30.8563%)
entry 1754000/5681175 (30.8739%)
entry 1759000/5681175 (30.9619%)
entry 1761000/5681175 (30.9971%)
entry 1763000/5681175 (31.0323%)
entry 1765000/5681175 (31.0675%)
entry 1767000/5681175 (31.1027%)
entry 1768000/5681175 (31.1203%)
entry 1769000/5681175 (31.1379%)
entry 1770000/5681175 (31.1555%)
entry 1771000/5681175 (31.1731%)
entry 1776000/5681175 (31.2611%)
entry 1777000/5681175 (31.2787%)
entry 1778000/5681175 (31.2963%)
entry 1779000/5681175 (31.3139%)
entry 1780000/5681175 (31.3315%)
entry 1781000/5681175 (31.3491%)
entry 1782000/5681175 (31.3668%)
entry 1783000/5681175 (31.3844%)
entry 1784000/5681175 (31.402%)
entry 1786000/5681175 (31.4372%)
entry 1787000/5681175 (31.4548%)
entry 1788000/5681175 (31.4724%)
entry 1789000/5681175 (31.49%)
entry 1793000/5681175 (31.5604%)
entry 1795000/5681175 (31.5956%)
entry 1796000/5681175 (31.6132%)
entry 1797000/5681175 (31.6308%)
entry 1798000/5681175 (31.6484%)
entry 1800000/5681175 (31.6836%)
entry 1802000/5681175 (31.7188%)
entry 1803000/5681175 (31.7364%)
entry 1805000/5681175 (31.7716%)
entry 1806000/5681175 (31.7892%)
entry 1807000/5681175 (31.8068%)
entry 1814000/5681175 (31.93%)
entry 1815000/5681175 (31.9476%)
entry 1816000/5681175 (31.9652%)
entry 1822000/5681175 (32.0708%)
entry 1823000/5681175 (32.0884%)
entry 1825000/5681175 (32.1236%)
entry 1827000/5681175 (32.1588%)
entry 1829000/5681175 (32.194%)
entry 1830000/5681175 (32.2116%)
entry 1831000/5681175 (32.2292%)
entry 1832000/5681175 (32.2468%)
entry 1833000/5681175 (32.2645%)
entry 1835000/5681175 (32.2997%)
entry 1836000/5681175 (32.3173%)
entry 1838000/5681175 (32.3525%)
entry 1842000/5681175 (32.4229%)
entry 1843000/5681175 (32.4405%)
entry 1846000/5681175 (32.4933%)
entry 1847000/5681175 (32.5109%)
entry 1848000/5681175 (32.5285%)
entry 1849000/5681175 (32.5461%)
entry 1851000/5681175 (32.5813%)
entry 1854000/5681175 (32.6341%)
entry 1856000/5681175 (32.6693%)
entry 1857000/5681175 (32.6869%)
entry 1858000/5681175 (32.7045%)
entry 1859000/5681175 (32.7221%)
entry 1862000/5681175 (32.7749%)
entry 1863000/5681175 (32.7925%)
entry 1865000/5681175 (32.8277%)
entry 1867000/5681175 (32.8629%)
entry 1868000/5681175 (32.8805%)
entry 1869000/5681175 (32.8981%)
entry 1870000/5681175 (32.9157%)
entry 1872000/5681175 (32.9509%)
entry 1874000/5681175 (32.9861%)
entry 1875000/5681175 (33.0037%)
entry 1876000/5681175 (33.0213%)
entry 1877000/5681175 (33.0389%)
entry 1878000/5681175 (33.0565%)
entry 1880000/5681175 (33.0917%)
entry 1881000/5681175 (33.1093%)
entry 1882000/5681175 (33.127%)
entry 1884000/5681175 (33.1622%)
entry 1886000/5681175 (33.1974%)
entry 1887000/5681175 (33.215%)
entry 1889000/5681175 (33.2502%)
entry 1890000/5681175 (33.2678%)
entry 1893000/5681175 (33.3206%)
entry 1894000/5681175 (33.3382%)
entry 1896000/5681175 (33.3734%)
entry 1898000/5681175 (33.4086%)
entry 1899000/5681175 (33.4262%)
entry 1900000/5681175 (33.4438%)
entry 1902000/5681175 (33.479%)
entry 1903000/5681175 (33.4966%)
entry 1904000/5681175 (33.5142%)
entry 1906000/5681175 (33.5494%)
entry 1908000/5681175 (33.5846%)
entry 1910000/5681175 (33.6198%)
entry 1912000/5681175 (33.655%)
entry 1915000/5681175 (33.7078%)
entry 1916000/5681175 (33.7254%)
entry 1917000/5681175 (33.743%)
entry 1918000/5681175 (33.7606%)
entry 1921000/5681175 (33.8134%)
entry 1922000/5681175 (33.831%)
entry 1923000/5681175 (33.8486%)
entry 1924000/5681175 (33.8662%)
entry 1927000/5681175 (33.919%)
entry 1929000/5681175 (33.9542%)
entry 1932000/5681175 (34.007%)
entry 1933000/5681175 (34.0247%)
entry 1934000/5681175 (34.0423%)
entry 1939000/5681175 (34.1303%)
entry 1940000/5681175 (34.1479%)
entry 1941000/5681175 (34.1655%)
entry 1942000/5681175 (34.1831%)
entry 1943000/5681175 (34.2007%)
entry 1944000/5681175 (34.2183%)
entry 1945000/5681175 (34.2359%)
entry 1946000/5681175 (34.2535%)
entry 1948000/5681175 (34.2887%)
entry 1949000/5681175 (34.3063%)
entry 1951000/5681175 (34.3415%)
entry 1952000/5681175 (34.3591%)
entry 1953000/5681175 (34.3767%)
entry 1954000/5681175 (34.3943%)
entry 1958000/5681175 (34.4647%)
entry 1959000/5681175 (34.4823%)
entry 1960000/5681175 (34.4999%)
entry 1961000/5681175 (34.5175%)
entry 1962000/5681175 (34.5351%)
entry 1964000/5681175 (34.5703%)
entry 1965000/5681175 (34.5879%)
entry 1966000/5681175 (34.6055%)
entry 1969000/5681175 (34.6583%)
entry 1970000/5681175 (34.6759%)
entry 1973000/5681175 (34.7287%)
entry 1974000/5681175 (34.7463%)
entry 1977000/5681175 (34.7991%)
entry 1979000/5681175 (34.8343%)
entry 1981000/5681175 (34.8695%)
entry 1982000/5681175 (34.8871%)
entry 1984000/5681175 (34.9224%)
entry 1985000/5681175 (34.94%)
entry 1986000/5681175 (34.9576%)
entry 1987000/5681175 (34.9752%)
entry 1988000/5681175 (34.9928%)
entry 1989000/5681175 (35.0104%)
entry 1991000/5681175 (35.0456%)
entry 1994000/5681175 (35.0984%)
entry 1995000/5681175 (35.116%)
entry 2001000/5681175 (35.2216%)
entry 2002000/5681175 (35.2392%)
entry 2004000/5681175 (35.2744%)
entry 2005000/5681175 (35.292%)
entry 2006000/5681175 (35.3096%)
entry 2008000/5681175 (35.3448%)
entry 2009000/5681175 (35.3624%)
entry 2010000/5681175 (35.38%)
entry 2011000/5681175 (35.3976%)
entry 2012000/5681175 (35.4152%)
entry 2013000/5681175 (35.4328%)
entry 2014000/5681175 (35.4504%)
entry 2015000/5681175 (35.468%)
entry 2016000/5681175 (35.4856%)
entry 2017000/5681175 (35.5032%)
entry 2018000/5681175 (35.5208%)
entry 2020000/5681175 (35.556%)
entry 2021000/5681175 (35.5736%)
entry 2023000/5681175 (35.6088%)
entry 2025000/5681175 (35.644%)
entry 2026000/5681175 (35.6616%)
entry 2029000/5681175 (35.7144%)
entry 2031000/5681175 (35.7496%)
entry 2032000/5681175 (35.7672%)
entry 2035000/5681175 (35.8201%)
entry 2039000/5681175 (35.8905%)
entry 2040000/5681175 (35.9081%)
entry 2041000/5681175 (35.9257%)
entry 2043000/5681175 (35.9609%)
entry 2044000/5681175 (35.9785%)
entry 2045000/5681175 (35.9961%)
entry 2046000/5681175 (36.0137%)
entry 2047000/5681175 (36.0313%)
entry 2048000/5681175 (36.0489%)
entry 2050000/5681175 (36.0841%)
entry 2051000/5681175 (36.1017%)
entry 2053000/5681175 (36.1369%)
entry 2055000/5681175 (36.1721%)
entry 2056000/5681175 (36.1897%)
entry 2058000/5681175 (36.2249%)
entry 2059000/5681175 (36.2425%)
entry 2061000/5681175 (36.2777%)
entry 2063000/5681175 (36.3129%)
entry 2064000/5681175 (36.3305%)
entry 2067000/5681175 (36.3833%)
entry 2069000/5681175 (36.4185%)
entry 2071000/5681175 (36.4537%)
entry 2072000/5681175 (36.4713%)
entry 2073000/5681175 (36.4889%)
entry 2074000/5681175 (36.5065%)
entry 2075000/5681175 (36.5241%)
entry 2076000/5681175 (36.5417%)
entry 2077000/5681175 (36.5593%)
entry 2079000/5681175 (36.5945%)
entry 2080000/5681175 (36.6121%)
entry 2082000/5681175 (36.6473%)
entry 2084000/5681175 (36.6826%)
entry 2086000/5681175 (36.7178%)
entry 2087000/5681175 (36.7354%)
entry 2088000/5681175 (36.753%)
entry 2089000/5681175 (36.7706%)
entry 2090000/5681175 (36.7882%)
entry 2095000/5681175 (36.8762%)
entry 2096000/5681175 (36.8938%)
entry 2099000/5681175 (36.9466%)
entry 2101000/5681175 (36.9818%)
entry 2102000/5681175 (36.9994%)
entry 2103000/5681175 (37.017%)
entry 2104000/5681175 (37.0346%)
entry 2105000/5681175 (37.0522%)
entry 2107000/5681175 (37.0874%)
entry 2108000/5681175 (37.105%)
entry 2109000/5681175 (37.1226%)
entry 2110000/5681175 (37.1402%)
entry 2111000/5681175 (37.1578%)
entry 2113000/5681175 (37.193%)
entry 2117000/5681175 (37.2634%)
entry 2118000/5681175 (37.281%)
entry 2119000/5681175 (37.2986%)
entry 2120000/5681175 (37.3162%)
entry 2121000/5681175 (37.3338%)
entry 2122000/5681175 (37.3514%)
entry 2123000/5681175 (37.369%)
entry 2128000/5681175 (37.457%)
entry 2134000/5681175 (37.5627%)
entry 2135000/5681175 (37.5803%)
entry 2137000/5681175 (37.6155%)
entry 2141000/5681175 (37.6859%)
entry 2142000/5681175 (37.7035%)
entry 2143000/5681175 (37.7211%)
entry 2145000/5681175 (37.7563%)
entry 2147000/5681175 (37.7915%)
entry 2148000/5681175 (37.8091%)
entry 2149000/5681175 (37.8267%)
entry 2150000/5681175 (37.8443%)
entry 2156000/5681175 (37.9499%)
entry 2157000/5681175 (37.9675%)
entry 2158000/5681175 (37.9851%)
entry 2160000/5681175 (38.0203%)
entry 2161000/5681175 (38.0379%)
entry 2163000/5681175 (38.0731%)
entry 2164000/5681175 (38.0907%)
entry 2165000/5681175 (38.1083%)
entry 2168000/5681175 (38.1611%)
entry 2169000/5681175 (38.1787%)
entry 2171000/5681175 (38.2139%)
entry 2172000/5681175 (38.2315%)
entry 2173000/5681175 (38.2491%)
entry 2176000/5681175 (38.3019%)
entry 2177000/5681175 (38.3195%)
entry 2180000/5681175 (38.3723%)
entry 2183000/5681175 (38.4252%)
entry 2185000/5681175 (38.4604%)
entry 2186000/5681175 (38.478%)
entry 2188000/5681175 (38.5132%)
entry 2189000/5681175 (38.5308%)
entry 2190000/5681175 (38.5484%)
entry 2191000/5681175 (38.566%)
entry 2193000/5681175 (38.6012%)
entry 2194000/5681175 (38.6188%)
entry 2196000/5681175 (38.654%)
entry 2197000/5681175 (38.6716%)
entry 2198000/5681175 (38.6892%)
entry 2200000/5681175 (38.7244%)
entry 2201000/5681175 (38.742%)
entry 2203000/5681175 (38.7772%)
entry 2204000/5681175 (38.7948%)
entry 2206000/5681175 (38.83%)
entry 2207000/5681175 (38.8476%)
entry 2209000/5681175 (38.8828%)
entry 2210000/5681175 (38.9004%)
entry 2211000/5681175 (38.918%)
entry 2213000/5681175 (38.9532%)
entry 2216000/5681175 (39.006%)
entry 2217000/5681175 (39.0236%)
entry 2218000/5681175 (39.0412%)
entry 2220000/5681175 (39.0764%)
entry 2223000/5681175 (39.1292%)
entry 2224000/5681175 (39.1468%)
entry 2225000/5681175 (39.1644%)
entry 2228000/5681175 (39.2172%)
entry 2229000/5681175 (39.2348%)
entry 2230000/5681175 (39.2524%)
entry 2232000/5681175 (39.2876%)
entry 2233000/5681175 (39.3052%)
entry 2235000/5681175 (39.3405%)
entry 2236000/5681175 (39.3581%)
entry 2237000/5681175 (39.3757%)
entry 2239000/5681175 (39.4109%)
entry 2240000/5681175 (39.4285%)
entry 2241000/5681175 (39.4461%)
entry 2243000/5681175 (39.4813%)
entry 2244000/5681175 (39.4989%)
entry 2245000/5681175 (39.5165%)
entry 2246000/5681175 (39.5341%)
entry 2248000/5681175 (39.5693%)
entry 2249000/5681175 (39.5869%)
entry 2250000/5681175 (39.6045%)
entry 2253000/5681175 (39.6573%)
entry 2254000/5681175 (39.6749%)
entry 2255000/5681175 (39.6925%)
entry 2258000/5681175 (39.7453%)
entry 2260000/5681175 (39.7805%)
entry 2263000/5681175 (39.8333%)
entry 2265000/5681175 (39.8685%)
entry 2269000/5681175 (39.9389%)
entry 2271000/5681175 (39.9741%)
entry 2272000/5681175 (39.9917%)
entry 2274000/5681175 (40.0269%)
entry 2275000/5681175 (40.0445%)
entry 2278000/5681175 (40.0973%)
entry 2280000/5681175 (40.1325%)
entry 2281000/5681175 (40.1501%)
entry 2282000/5681175 (40.1677%)
entry 2283000/5681175 (40.1854%)
entry 2285000/5681175 (40.2206%)
entry 2287000/5681175 (40.2558%)
entry 2289000/5681175 (40.291%)
entry 2290000/5681175 (40.3086%)
entry 2291000/5681175 (40.3262%)
entry 2293000/5681175 (40.3614%)
entry 2294000/5681175 (40.379%)
entry 2296000/5681175 (40.4142%)
entry 2299000/5681175 (40.467%)
entry 2301000/5681175 (40.5022%)
entry 2305000/5681175 (40.5726%)
entry 2306000/5681175 (40.5902%)
entry 2307000/5681175 (40.6078%)
entry 2308000/5681175 (40.6254%)
entry 2309000/5681175 (40.643%)
entry 2310000/5681175 (40.6606%)
entry 2311000/5681175 (40.6782%)
entry 2312000/5681175 (40.6958%)
entry 2314000/5681175 (40.731%)
entry 2315000/5681175 (40.7486%)
entry 2317000/5681175 (40.7838%)
entry 2318000/5681175 (40.8014%)
entry 2321000/5681175 (40.8542%)
entry 2324000/5681175 (40.907%)
entry 2328000/5681175 (40.9774%)
entry 2329000/5681175 (40.995%)
entry 2330000/5681175 (41.0126%)
entry 2331000/5681175 (41.0302%)
entry 2333000/5681175 (41.0654%)
entry 2334000/5681175 (41.083%)
entry 2335000/5681175 (41.1007%)
entry 2338000/5681175 (41.1535%)
entry 2339000/5681175 (41.1711%)
entry 2341000/5681175 (41.2063%)
entry 2343000/5681175 (41.2415%)
entry 2344000/5681175 (41.2591%)
entry 2345000/5681175 (41.2767%)
entry 2346000/5681175 (41.2943%)
entry 2348000/5681175 (41.3295%)
entry 2349000/5681175 (41.3471%)
entry 2352000/5681175 (41.3999%)
entry 2358000/5681175 (41.5055%)
entry 2360000/5681175 (41.5407%)
entry 2362000/5681175 (41.5759%)
entry 2363000/5681175 (41.5935%)
entry 2364000/5681175 (41.6111%)
entry 2366000/5681175 (41.6463%)
entry 2370000/5681175 (41.7167%)
entry 2371000/5681175 (41.7343%)
entry 2376000/5681175 (41.8223%)
entry 2378000/5681175 (41.8575%)
entry 2379000/5681175 (41.8751%)
entry 2380000/5681175 (41.8927%)
entry 2387000/5681175 (42.016%)
entry 2390000/5681175 (42.0688%)
entry 2391000/5681175 (42.0864%)
entry 2393000/5681175 (42.1216%)
entry 2397000/5681175 (42.192%)
entry 2398000/5681175 (42.2096%)
entry 2399000/5681175 (42.2272%)
entry 2401000/5681175 (42.2624%)
entry 2402000/5681175 (42.28%)
entry 2404000/5681175 (42.3152%)
entry 2405000/5681175 (42.3328%)
entry 2406000/5681175 (42.3504%)
entry 2409000/5681175 (42.4032%)
entry 2410000/5681175 (42.4208%)
entry 2412000/5681175 (42.456%)
entry 2414000/5681175 (42.4912%)
entry 2415000/5681175 (42.5088%)
entry 2418000/5681175 (42.5616%)
entry 2421000/5681175 (42.6144%)
entry 2425000/5681175 (42.6848%)
entry 2426000/5681175 (42.7024%)
entry 2428000/5681175 (42.7376%)
entry 2429000/5681175 (42.7552%)
entry 2432000/5681175 (42.808%)
entry 2433000/5681175 (42.8256%)
entry 2434000/5681175 (42.8432%)
entry 2436000/5681175 (42.8785%)
entry 2437000/5681175 (42.8961%)
entry 2439000/5681175 (42.9313%)
entry 2440000/5681175 (42.9489%)
entry 2444000/5681175 (43.0193%)
entry 2447000/5681175 (43.0721%)
entry 2448000/5681175 (43.0897%)
entry 2449000/5681175 (43.1073%)
entry 2450000/5681175 (43.1249%)
entry 2451000/5681175 (43.1425%)
entry 2455000/5681175 (43.2129%)
entry 2459000/5681175 (43.2833%)
entry 2460000/5681175 (43.3009%)
entry 2461000/5681175 (43.3185%)
entry 2464000/5681175 (43.3713%)
entry 2465000/5681175 (43.3889%)
entry 2466000/5681175 (43.4065%)
entry 2467000/5681175 (43.4241%)
entry 2469000/5681175 (43.4593%)
entry 2470000/5681175 (43.4769%)
entry 2471000/5681175 (43.4945%)
entry 2473000/5681175 (43.5297%)
entry 2474000/5681175 (43.5473%)
entry 2475000/5681175 (43.5649%)
entry 2478000/5681175 (43.6177%)
entry 2481000/5681175 (43.6705%)
entry 2484000/5681175 (43.7234%)
entry 2486000/5681175 (43.7586%)
entry 2488000/5681175 (43.7938%)
entry 2492000/5681175 (43.8642%)
entry 2494000/5681175 (43.8994%)
entry 2496000/5681175 (43.9346%)
entry 2497000/5681175 (43.9522%)
entry 2498000/5681175 (43.9698%)
entry 2502000/5681175 (44.0402%)
entry 2503000/5681175 (44.0578%)
entry 2504000/5681175 (44.0754%)
entry 2505000/5681175 (44.093%)
entry 2506000/5681175 (44.1106%)
entry 2507000/5681175 (44.1282%)
entry 2510000/5681175 (44.181%)
entry 2512000/5681175 (44.2162%)
entry 2514000/5681175 (44.2514%)
entry 2515000/5681175 (44.269%)
entry 2517000/5681175 (44.3042%)
entry 2518000/5681175 (44.3218%)
entry 2520000/5681175 (44.357%)
entry 2521000/5681175 (44.3746%)
entry 2522000/5681175 (44.3922%)
entry 2523000/5681175 (44.4098%)
entry 2524000/5681175 (44.4274%)
entry 2527000/5681175 (44.4802%)
entry 2528000/5681175 (44.4978%)
entry 2530000/5681175 (44.533%)
entry 2532000/5681175 (44.5682%)
entry 2533000/5681175 (44.5858%)
entry 2534000/5681175 (44.6034%)
entry 2536000/5681175 (44.6387%)
entry 2539000/5681175 (44.6915%)
entry 2540000/5681175 (44.7091%)
entry 2542000/5681175 (44.7443%)
entry 2546000/5681175 (44.8147%)
entry 2547000/5681175 (44.8323%)
entry 2549000/5681175 (44.8675%)
entry 2550000/5681175 (44.8851%)
entry 2551000/5681175 (44.9027%)
entry 2553000/5681175 (44.9379%)
entry 2554000/5681175 (44.9555%)
entry 2556000/5681175 (44.9907%)
entry 2557000/5681175 (45.0083%)
entry 2558000/5681175 (45.0259%)
entry 2559000/5681175 (45.0435%)
entry 2560000/5681175 (45.0611%)
entry 2561000/5681175 (45.0787%)
entry 2562000/5681175 (45.0963%)
entry 2563000/5681175 (45.1139%)
entry 2565000/5681175 (45.1491%)
entry 2566000/5681175 (45.1667%)
entry 2569000/5681175 (45.2195%)
entry 2571000/5681175 (45.2547%)
entry 2572000/5681175 (45.2723%)
entry 2574000/5681175 (45.3075%)
entry 2575000/5681175 (45.3251%)
entry 2577000/5681175 (45.3603%)
entry 2578000/5681175 (45.3779%)
entry 2579000/5681175 (45.3955%)
entry 2580000/5681175 (45.4131%)
entry 2581000/5681175 (45.4307%)
entry 2583000/5681175 (45.4659%)
entry 2584000/5681175 (45.4835%)
entry 2585000/5681175 (45.5012%)
entry 2587000/5681175 (45.5364%)
entry 2590000/5681175 (45.5892%)
entry 2591000/5681175 (45.6068%)
entry 2592000/5681175 (45.6244%)
entry 2593000/5681175 (45.642%)
entry 2595000/5681175 (45.6772%)
entry 2596000/5681175 (45.6948%)
entry 2597000/5681175 (45.7124%)
entry 2598000/5681175 (45.73%)
entry 2602000/5681175 (45.8004%)
entry 2606000/5681175 (45.8708%)
entry 2607000/5681175 (45.8884%)
entry 2609000/5681175 (45.9236%)
entry 2610000/5681175 (45.9412%)
entry 2612000/5681175 (45.9764%)
entry 2613000/5681175 (45.994%)
entry 2618000/5681175 (46.082%)
entry 2622000/5681175 (46.1524%)
entry 2623000/5681175 (46.17%)
entry 2624000/5681175 (46.1876%)
entry 2626000/5681175 (46.2228%)
entry 2629000/5681175 (46.2756%)
entry 2630000/5681175 (46.2932%)
entry 2633000/5681175 (46.346%)
entry 2636000/5681175 (46.3989%)
entry 2638000/5681175 (46.4341%)
entry 2639000/5681175 (46.4517%)
entry 2641000/5681175 (46.4869%)
entry 2643000/5681175 (46.5221%)
entry 2646000/5681175 (46.5749%)
entry 2647000/5681175 (46.5925%)
entry 2649000/5681175 (46.6277%)
entry 2652000/5681175 (46.6805%)
entry 2654000/5681175 (46.7157%)
entry 2656000/5681175 (46.7509%)
entry 2658000/5681175 (46.7861%)
entry 2660000/5681175 (46.8213%)
entry 2661000/5681175 (46.8389%)
entry 2663000/5681175 (46.8741%)
entry 2665000/5681175 (46.9093%)
entry 2666000/5681175 (46.9269%)
entry 2667000/5681175 (46.9445%)
entry 2668000/5681175 (46.9621%)
entry 2669000/5681175 (46.9797%)
entry 2670000/5681175 (46.9973%)
entry 2671000/5681175 (47.0149%)
entry 2672000/5681175 (47.0325%)
entry 2673000/5681175 (47.0501%)
entry 2674000/5681175 (47.0677%)
entry 2675000/5681175 (47.0853%)
entry 2676000/5681175 (47.1029%)
entry 2677000/5681175 (47.1205%)
entry 2679000/5681175 (47.1557%)
entry 2685000/5681175 (47.2614%)
entry 2687000/5681175 (47.2966%)
entry 2688000/5681175 (47.3142%)
entry 2689000/5681175 (47.3318%)
entry 2690000/5681175 (47.3494%)
entry 2697000/5681175 (47.4726%)
entry 2698000/5681175 (47.4902%)
entry 2699000/5681175 (47.5078%)
entry 2700000/5681175 (47.5254%)
entry 2703000/5681175 (47.5782%)
entry 2704000/5681175 (47.5958%)
entry 2706000/5681175 (47.631%)
entry 2708000/5681175 (47.6662%)
entry 2709000/5681175 (47.6838%)
entry 2712000/5681175 (47.7366%)
entry 2713000/5681175 (47.7542%)
entry 2714000/5681175 (47.7718%)
entry 2716000/5681175 (47.807%)
entry 2717000/5681175 (47.8246%)
entry 2719000/5681175 (47.8598%)
entry 2721000/5681175 (47.895%)
entry 2723000/5681175 (47.9302%)
entry 2724000/5681175 (47.9478%)
entry 2725000/5681175 (47.9654%)
entry 2726000/5681175 (47.983%)
entry 2727000/5681175 (48.0006%)
entry 2729000/5681175 (48.0358%)
entry 2730000/5681175 (48.0534%)
entry 2731000/5681175 (48.071%)
entry 2732000/5681175 (48.0886%)
entry 2733000/5681175 (48.1062%)
entry 2736000/5681175 (48.1591%)
entry 2737000/5681175 (48.1767%)
entry 2738000/5681175 (48.1943%)
entry 2741000/5681175 (48.2471%)
entry 2742000/5681175 (48.2647%)
entry 2743000/5681175 (48.2823%)
entry 2744000/5681175 (48.2999%)
entry 2745000/5681175 (48.3175%)
entry 2746000/5681175 (48.3351%)
entry 2747000/5681175 (48.3527%)
entry 2748000/5681175 (48.3703%)
entry 2749000/5681175 (48.3879%)
entry 2751000/5681175 (48.4231%)
entry 2752000/5681175 (48.4407%)
entry 2753000/5681175 (48.4583%)
entry 2754000/5681175 (48.4759%)
entry 2755000/5681175 (48.4935%)
entry 2758000/5681175 (48.5463%)
entry 2759000/5681175 (48.5639%)
entry 2760000/5681175 (48.5815%)
entry 2762000/5681175 (48.6167%)
entry 2763000/5681175 (48.6343%)
entry 2764000/5681175 (48.6519%)
entry 2765000/5681175 (48.6695%)
entry 2766000/5681175 (48.6871%)
entry 2768000/5681175 (48.7223%)
entry 2769000/5681175 (48.7399%)
entry 2771000/5681175 (48.7751%)
entry 2772000/5681175 (48.7927%)
entry 2774000/5681175 (48.8279%)
entry 2775000/5681175 (48.8455%)
entry 2777000/5681175 (48.8807%)
entry 2781000/5681175 (48.9511%)
entry 2782000/5681175 (48.9687%)
entry 2783000/5681175 (48.9863%)
entry 2784000/5681175 (49.0039%)
entry 2785000/5681175 (49.0215%)
entry 2786000/5681175 (49.0392%)
entry 2787000/5681175 (49.0568%)
entry 2792000/5681175 (49.1448%)
entry 2794000/5681175 (49.18%)
entry 2796000/5681175 (49.2152%)
entry 2798000/5681175 (49.2504%)
entry 2799000/5681175 (49.268%)
entry 2800000/5681175 (49.2856%)
entry 2801000/5681175 (49.3032%)
entry 2802000/5681175 (49.3208%)
entry 2804000/5681175 (49.356%)
entry 2807000/5681175 (49.4088%)
entry 2808000/5681175 (49.4264%)
entry 2809000/5681175 (49.444%)
entry 2810000/5681175 (49.4616%)
entry 2811000/5681175 (49.4792%)
entry 2813000/5681175 (49.5144%)
entry 2814000/5681175 (49.532%)
entry 2816000/5681175 (49.5672%)
entry 2817000/5681175 (49.5848%)
entry 2820000/5681175 (49.6376%)
entry 2822000/5681175 (49.6728%)
entry 2823000/5681175 (49.6904%)
entry 2824000/5681175 (49.708%)
entry 2825000/5681175 (49.7256%)
entry 2827000/5681175 (49.7608%)
entry 2828000/5681175 (49.7784%)
entry 2831000/5681175 (49.8312%)
entry 2832000/5681175 (49.8488%)
entry 2834000/5681175 (49.884%)
entry 2835000/5681175 (49.9016%)
entry 2836000/5681175 (49.9193%)
entry 2837000/5681175 (49.9369%)
entry 2838000/5681175 (49.9545%)
entry 2839000/5681175 (49.9721%)
entry 2840000/5681175 (49.9897%)
entry 2842000/5681175 (50.0249%)
entry 2843000/5681175 (50.0425%)
entry 2844000/5681175 (50.0601%)
entry 2845000/5681175 (50.0777%)
entry 2846000/5681175 (50.0953%)
entry 2847000/5681175 (50.1129%)
entry 2851000/5681175 (50.1833%)
entry 2852000/5681175 (50.2009%)
entry 2855000/5681175 (50.2537%)
entry 2857000/5681175 (50.2889%)
entry 2859000/5681175 (50.3241%)
entry 2861000/5681175 (50.3593%)
entry 2863000/5681175 (50.3945%)
entry 2864000/5681175 (50.4121%)
entry 2865000/5681175 (50.4297%)
entry 2868000/5681175 (50.4825%)
entry 2869000/5681175 (50.5001%)
entry 2871000/5681175 (50.5353%)
entry 2872000/5681175 (50.5529%)
entry 2874000/5681175 (50.5881%)
entry 2878000/5681175 (50.6585%)
entry 2880000/5681175 (50.6937%)
entry 2884000/5681175 (50.7641%)
entry 2885000/5681175 (50.7818%)
entry 2886000/5681175 (50.7994%)
entry 2887000/5681175 (50.817%)
entry 2888000/5681175 (50.8346%)
entry 2889000/5681175 (50.8522%)
entry 2890000/5681175 (50.8698%)
entry 2891000/5681175 (50.8874%)
entry 2893000/5681175 (50.9226%)
entry 2894000/5681175 (50.9402%)
entry 2895000/5681175 (50.9578%)
entry 2896000/5681175 (50.9754%)
entry 2897000/5681175 (50.993%)
entry 2898000/5681175 (51.0106%)
entry 2899000/5681175 (51.0282%)
entry 2900000/5681175 (51.0458%)
entry 2901000/5681175 (51.0634%)
entry 2902000/5681175 (51.081%)
entry 2903000/5681175 (51.0986%)
entry 2906000/5681175 (51.1514%)
entry 2907000/5681175 (51.169%)
entry 2908000/5681175 (51.1866%)
entry 2909000/5681175 (51.2042%)
entry 2910000/5681175 (51.2218%)
entry 2911000/5681175 (51.2394%)
entry 2913000/5681175 (51.2746%)
entry 2914000/5681175 (51.2922%)
entry 2915000/5681175 (51.3098%)
entry 2917000/5681175 (51.345%)
entry 2918000/5681175 (51.3626%)
entry 2919000/5681175 (51.3802%)
entry 2920000/5681175 (51.3978%)
entry 2922000/5681175 (51.433%)
entry 2923000/5681175 (51.4506%)
entry 2928000/5681175 (51.5386%)
entry 2930000/5681175 (51.5738%)
entry 2931000/5681175 (51.5914%)
entry 2935000/5681175 (51.6618%)
entry 2936000/5681175 (51.6795%)
entry 2938000/5681175 (51.7147%)
entry 2940000/5681175 (51.7499%)
entry 2942000/5681175 (51.7851%)
entry 2944000/5681175 (51.8203%)
entry 2945000/5681175 (51.8379%)
entry 2946000/5681175 (51.8555%)
entry 2947000/5681175 (51.8731%)
entry 2948000/5681175 (51.8907%)
entry 2952000/5681175 (51.9611%)
entry 2954000/5681175 (51.9963%)
entry 2956000/5681175 (52.0315%)
entry 2957000/5681175 (52.0491%)
entry 2958000/5681175 (52.0667%)
entry 2959000/5681175 (52.0843%)
entry 2960000/5681175 (52.1019%)
entry 2961000/5681175 (52.1195%)
entry 2962000/5681175 (52.1371%)
entry 2963000/5681175 (52.1547%)
entry 2964000/5681175 (52.1723%)
entry 2965000/5681175 (52.1899%)
entry 2967000/5681175 (52.2251%)
entry 2971000/5681175 (52.2955%)
entry 2972000/5681175 (52.3131%)
entry 2973000/5681175 (52.3307%)
entry 2974000/5681175 (52.3483%)
entry 2975000/5681175 (52.3659%)
entry 2978000/5681175 (52.4187%)
entry 2979000/5681175 (52.4363%)
entry 2980000/5681175 (52.4539%)
entry 2982000/5681175 (52.4891%)
entry 2985000/5681175 (52.5419%)
entry 2988000/5681175 (52.5948%)
entry 2989000/5681175 (52.6124%)
entry 2990000/5681175 (52.63%)
entry 2992000/5681175 (52.6652%)
entry 2994000/5681175 (52.7004%)
entry 2996000/5681175 (52.7356%)
entry 2997000/5681175 (52.7532%)
entry 2998000/5681175 (52.7708%)
entry 2999000/5681175 (52.7884%)
entry 3001000/5681175 (52.8236%)
entry 3002000/5681175 (52.8412%)
entry 3004000/5681175 (52.8764%)
entry 3005000/5681175 (52.894%)
entry 3006000/5681175 (52.9116%)
entry 3009000/5681175 (52.9644%)
entry 3010000/5681175 (52.982%)
entry 3011000/5681175 (52.9996%)
entry 3013000/5681175 (53.0348%)
entry 3015000/5681175 (53.07%)
entry 3018000/5681175 (53.1228%)
entry 3019000/5681175 (53.1404%)
entry 3020000/5681175 (53.158%)
entry 3022000/5681175 (53.1932%)
entry 3025000/5681175 (53.246%)
entry 3026000/5681175 (53.2636%)
entry 3029000/5681175 (53.3164%)
entry 3030000/5681175 (53.334%)
entry 3031000/5681175 (53.3516%)
entry 3033000/5681175 (53.3868%)
entry 3035000/5681175 (53.422%)
entry 3042000/5681175 (53.5453%)
entry 3043000/5681175 (53.5629%)
entry 3044000/5681175 (53.5805%)
entry 3045000/5681175 (53.5981%)
entry 3046000/5681175 (53.6157%)
entry 3047000/5681175 (53.6333%)
entry 3048000/5681175 (53.6509%)
entry 3049000/5681175 (53.6685%)
entry 3053000/5681175 (53.7389%)
entry 3054000/5681175 (53.7565%)
entry 3055000/5681175 (53.7741%)
entry 3057000/5681175 (53.8093%)
entry 3060000/5681175 (53.8621%)
entry 3061000/5681175 (53.8797%)
entry 3063000/5681175 (53.9149%)
entry 3065000/5681175 (53.9501%)
entry 3066000/5681175 (53.9677%)
entry 3067000/5681175 (53.9853%)
entry 3070000/5681175 (54.0381%)
entry 3071000/5681175 (54.0557%)
entry 3073000/5681175 (54.0909%)
entry 3074000/5681175 (54.1085%)
entry 3075000/5681175 (54.1261%)
entry 3076000/5681175 (54.1437%)
entry 3077000/5681175 (54.1613%)
entry 3080000/5681175 (54.2141%)
entry 3082000/5681175 (54.2493%)
entry 3088000/5681175 (54.355%)
entry 3089000/5681175 (54.3726%)
entry 3091000/5681175 (54.4078%)
entry 3093000/5681175 (54.443%)
entry 3095000/5681175 (54.4782%)
entry 3100000/5681175 (54.5662%)
entry 3102000/5681175 (54.6014%)
entry 3103000/5681175 (54.619%)
entry 3104000/5681175 (54.6366%)
entry 3105000/5681175 (54.6542%)
entry 3108000/5681175 (54.707%)
entry 3109000/5681175 (54.7246%)
entry 3110000/5681175 (54.7422%)
entry 3111000/5681175 (54.7598%)
entry 3112000/5681175 (54.7774%)
entry 3113000/5681175 (54.795%)
entry 3114000/5681175 (54.8126%)
entry 3117000/5681175 (54.8654%)
entry 3118000/5681175 (54.883%)
entry 3119000/5681175 (54.9006%)
entry 3120000/5681175 (54.9182%)
entry 3121000/5681175 (54.9358%)
entry 3122000/5681175 (54.9534%)
entry 3123000/5681175 (54.971%)
entry 3125000/5681175 (55.0062%)
entry 3126000/5681175 (55.0238%)
entry 3128000/5681175 (55.059%)
entry 3129000/5681175 (55.0766%)
entry 3130000/5681175 (55.0942%)
entry 3132000/5681175 (55.1294%)
entry 3133000/5681175 (55.147%)
entry 3135000/5681175 (55.1822%)
entry 3136000/5681175 (55.1998%)
entry 3137000/5681175 (55.2175%)
entry 3138000/5681175 (55.2351%)
entry 3139000/5681175 (55.2527%)
entry 3140000/5681175 (55.2703%)
entry 3141000/5681175 (55.2879%)
entry 3143000/5681175 (55.3231%)
entry 3146000/5681175 (55.3759%)
entry 3147000/5681175 (55.3935%)
entry 3149000/5681175 (55.4287%)
entry 3150000/5681175 (55.4463%)
entry 3151000/5681175 (55.4639%)
entry 3152000/5681175 (55.4815%)
entry 3153000/5681175 (55.4991%)
entry 3154000/5681175 (55.5167%)
entry 3155000/5681175 (55.5343%)
entry 3156000/5681175 (55.5519%)
entry 3157000/5681175 (55.5695%)
entry 3162000/5681175 (55.6575%)
entry 3163000/5681175 (55.6751%)
entry 3164000/5681175 (55.6927%)
entry 3165000/5681175 (55.7103%)
entry 3166000/5681175 (55.7279%)
entry 3168000/5681175 (55.7631%)
entry 3170000/5681175 (55.7983%)
entry 3172000/5681175 (55.8335%)
entry 3173000/5681175 (55.8511%)
entry 3174000/5681175 (55.8687%)
entry 3175000/5681175 (55.8863%)
entry 3177000/5681175 (55.9215%)
entry 3178000/5681175 (55.9391%)
entry 3180000/5681175 (55.9743%)
entry 3181000/5681175 (55.9919%)
entry 3182000/5681175 (56.0095%)
entry 3184000/5681175 (56.0447%)
entry 3187000/5681175 (56.0975%)
entry 3190000/5681175 (56.1504%)
entry 3191000/5681175 (56.168%)
entry 3192000/5681175 (56.1856%)
entry 3195000/5681175 (56.2384%)
entry 3196000/5681175 (56.256%)
entry 3199000/5681175 (56.3088%)
entry 3202000/5681175 (56.3616%)
entry 3203000/5681175 (56.3792%)
entry 3206000/5681175 (56.432%)
entry 3207000/5681175 (56.4496%)
entry 3211000/5681175 (56.52%)
entry 3212000/5681175 (56.5376%)
entry 3213000/5681175 (56.5552%)
entry 3215000/5681175 (56.5904%)
entry 3216000/5681175 (56.608%)
entry 3217000/5681175 (56.6256%)
entry 3218000/5681175 (56.6432%)
entry 3219000/5681175 (56.6608%)
entry 3220000/5681175 (56.6784%)
entry 3222000/5681175 (56.7136%)
entry 3223000/5681175 (56.7312%)
entry 3225000/5681175 (56.7664%)
entry 3226000/5681175 (56.784%)
entry 3227000/5681175 (56.8016%)
entry 3228000/5681175 (56.8192%)
entry 3232000/5681175 (56.8896%)
entry 3234000/5681175 (56.9248%)
entry 3235000/5681175 (56.9424%)
entry 3236000/5681175 (56.96%)
entry 3237000/5681175 (56.9776%)
entry 3239000/5681175 (57.0129%)
entry 3240000/5681175 (57.0305%)
entry 3241000/5681175 (57.0481%)
entry 3242000/5681175 (57.0657%)
entry 3243000/5681175 (57.0833%)
entry 3248000/5681175 (57.1713%)
entry 3249000/5681175 (57.1889%)
entry 3253000/5681175 (57.2593%)
entry 3254000/5681175 (57.2769%)
entry 3256000/5681175 (57.3121%)
entry 3257000/5681175 (57.3297%)
entry 3260000/5681175 (57.3825%)
entry 3261000/5681175 (57.4001%)
entry 3262000/5681175 (57.4177%)
entry 3264000/5681175 (57.4529%)
entry 3266000/5681175 (57.4881%)
entry 3267000/5681175 (57.5057%)
entry 3268000/5681175 (57.5233%)
entry 3269000/5681175 (57.5409%)
entry 3270000/5681175 (57.5585%)
entry 3274000/5681175 (57.6289%)
entry 3276000/5681175 (57.6641%)
entry 3277000/5681175 (57.6817%)
entry 3281000/5681175 (57.7521%)
entry 3283000/5681175 (57.7873%)
entry 3284000/5681175 (57.8049%)
entry 3285000/5681175 (57.8225%)
entry 3286000/5681175 (57.8401%)
entry 3287000/5681175 (57.8578%)
entry 3290000/5681175 (57.9106%)
entry 3291000/5681175 (57.9282%)
entry 3292000/5681175 (57.9458%)
entry 3293000/5681175 (57.9634%)
entry 3295000/5681175 (57.9986%)
entry 3296000/5681175 (58.0162%)
entry 3297000/5681175 (58.0338%)
entry 3298000/5681175 (58.0514%)
entry 3299000/5681175 (58.069%)
entry 3301000/5681175 (58.1042%)
entry 3304000/5681175 (58.157%)
entry 3305000/5681175 (58.1746%)
entry 3308000/5681175 (58.2274%)
entry 3310000/5681175 (58.2626%)
entry 3312000/5681175 (58.2978%)
entry 3314000/5681175 (58.333%)
entry 3315000/5681175 (58.3506%)
entry 3320000/5681175 (58.4386%)
entry 3322000/5681175 (58.4738%)
entry 3326000/5681175 (58.5442%)
entry 3327000/5681175 (58.5618%)
entry 3332000/5681175 (58.6498%)
entry 3333000/5681175 (58.6674%)
entry 3336000/5681175 (58.7202%)
entry 3337000/5681175 (58.7379%)
entry 3340000/5681175 (58.7907%)
entry 3342000/5681175 (58.8259%)
entry 3343000/5681175 (58.8435%)
entry 3344000/5681175 (58.8611%)
entry 3348000/5681175 (58.9315%)
entry 3349000/5681175 (58.9491%)
entry 3351000/5681175 (58.9843%)
entry 3352000/5681175 (59.0019%)
entry 3354000/5681175 (59.0371%)
entry 3355000/5681175 (59.0547%)
entry 3357000/5681175 (59.0899%)
entry 3358000/5681175 (59.1075%)
entry 3359000/5681175 (59.1251%)
entry 3367000/5681175 (59.2659%)
entry 3368000/5681175 (59.2835%)
entry 3370000/5681175 (59.3187%)
entry 3371000/5681175 (59.3363%)
entry 3372000/5681175 (59.3539%)
entry 3374000/5681175 (59.3891%)
entry 3375000/5681175 (59.4067%)
entry 3376000/5681175 (59.4243%)
entry 3378000/5681175 (59.4595%)
entry 3381000/5681175 (59.5123%)
entry 3383000/5681175 (59.5475%)
entry 3384000/5681175 (59.5651%)
entry 3385000/5681175 (59.5827%)
entry 3386000/5681175 (59.6003%)
entry 3387000/5681175 (59.6179%)
entry 3388000/5681175 (59.6355%)
entry 3389000/5681175 (59.6532%)
entry 3391000/5681175 (59.6884%)
entry 3392000/5681175 (59.706%)
entry 3393000/5681175 (59.7236%)
entry 3394000/5681175 (59.7412%)
entry 3395000/5681175 (59.7588%)
entry 3397000/5681175 (59.794%)
entry 3399000/5681175 (59.8292%)
entry 3400000/5681175 (59.8468%)
entry 3402000/5681175 (59.882%)
entry 3405000/5681175 (59.9348%)
entry 3408000/5681175 (59.9876%)
entry 3409000/5681175 (60.0052%)
entry 3410000/5681175 (60.0228%)
entry 3411000/5681175 (60.0404%)
entry 3412000/5681175 (60.058%)
entry 3413000/5681175 (60.0756%)
entry 3415000/5681175 (60.1108%)
entry 3416000/5681175 (60.1284%)
entry 3417000/5681175 (60.146%)
entry 3419000/5681175 (60.1812%)
entry 3420000/5681175 (60.1988%)
entry 3422000/5681175 (60.234%)
entry 3423000/5681175 (60.2516%)
entry 3424000/5681175 (60.2692%)
entry 3426000/5681175 (60.3044%)
entry 3427000/5681175 (60.322%)
entry 3428000/5681175 (60.3396%)
entry 3429000/5681175 (60.3572%)
entry 3430000/5681175 (60.3748%)
entry 3431000/5681175 (60.3924%)
entry 3432000/5681175 (60.41%)
entry 3433000/5681175 (60.4276%)
entry 3435000/5681175 (60.4628%)
entry 3438000/5681175 (60.5156%)
entry 3439000/5681175 (60.5333%)
entry 3440000/5681175 (60.5509%)
entry 3442000/5681175 (60.5861%)
entry 3443000/5681175 (60.6037%)
entry 3444000/5681175 (60.6213%)
entry 3445000/5681175 (60.6389%)
entry 3446000/5681175 (60.6565%)
entry 3447000/5681175 (60.6741%)
entry 3448000/5681175 (60.6917%)
entry 3449000/5681175 (60.7093%)
entry 3452000/5681175 (60.7621%)
entry 3453000/5681175 (60.7797%)
entry 3454000/5681175 (60.7973%)
entry 3455000/5681175 (60.8149%)
entry 3456000/5681175 (60.8325%)
entry 3458000/5681175 (60.8677%)
entry 3459000/5681175 (60.8853%)
entry 3461000/5681175 (60.9205%)
entry 3462000/5681175 (60.9381%)
entry 3463000/5681175 (60.9557%)
entry 3465000/5681175 (60.9909%)
entry 3467000/5681175 (61.0261%)
entry 3468000/5681175 (61.0437%)
entry 3470000/5681175 (61.0789%)
entry 3471000/5681175 (61.0965%)
entry 3473000/5681175 (61.1317%)
entry 3474000/5681175 (61.1493%)
entry 3475000/5681175 (61.1669%)
entry 3477000/5681175 (61.2021%)
entry 3479000/5681175 (61.2373%)
entry 3480000/5681175 (61.2549%)
entry 3481000/5681175 (61.2725%)
entry 3482000/5681175 (61.2901%)
entry 3483000/5681175 (61.3077%)
entry 3485000/5681175 (61.3429%)
entry 3486000/5681175 (61.3605%)
entry 3487000/5681175 (61.3781%)
entry 3488000/5681175 (61.3958%)
entry 3489000/5681175 (61.4134%)
entry 3491000/5681175 (61.4486%)
entry 3493000/5681175 (61.4838%)
entry 3495000/5681175 (61.519%)
entry 3497000/5681175 (61.5542%)
entry 3498000/5681175 (61.5718%)
entry 3499000/5681175 (61.5894%)
entry 3500000/5681175 (61.607%)
entry 3501000/5681175 (61.6246%)
entry 3503000/5681175 (61.6598%)
entry 3506000/5681175 (61.7126%)
entry 3507000/5681175 (61.7302%)
entry 3509000/5681175 (61.7654%)
entry 3511000/5681175 (61.8006%)
entry 3512000/5681175 (61.8182%)
entry 3514000/5681175 (61.8534%)
entry 3515000/5681175 (61.871%)
entry 3516000/5681175 (61.8886%)
entry 3518000/5681175 (61.9238%)
entry 3520000/5681175 (61.959%)
entry 3523000/5681175 (62.0118%)
entry 3527000/5681175 (62.0822%)
entry 3528000/5681175 (62.0998%)
entry 3530000/5681175 (62.135%)
entry 3531000/5681175 (62.1526%)
entry 3533000/5681175 (62.1878%)
entry 3534000/5681175 (62.2054%)
entry 3535000/5681175 (62.223%)
entry 3538000/5681175 (62.2759%)
entry 3539000/5681175 (62.2935%)
entry 3540000/5681175 (62.3111%)
entry 3541000/5681175 (62.3287%)
entry 3545000/5681175 (62.3991%)
entry 3546000/5681175 (62.4167%)
entry 3548000/5681175 (62.4519%)
entry 3549000/5681175 (62.4695%)
entry 3551000/5681175 (62.5047%)
entry 3553000/5681175 (62.5399%)
entry 3555000/5681175 (62.5751%)
entry 3557000/5681175 (62.6103%)
entry 3558000/5681175 (62.6279%)
entry 3559000/5681175 (62.6455%)
entry 3561000/5681175 (62.6807%)
entry 3562000/5681175 (62.6983%)
entry 3563000/5681175 (62.7159%)
entry 3564000/5681175 (62.7335%)
entry 3567000/5681175 (62.7863%)
entry 3568000/5681175 (62.8039%)
entry 3571000/5681175 (62.8567%)
entry 3573000/5681175 (62.8919%)
entry 3578000/5681175 (62.9799%)
entry 3581000/5681175 (63.0327%)
entry 3584000/5681175 (63.0855%)
entry 3585000/5681175 (63.1031%)
entry 3588000/5681175 (63.1559%)
entry 3589000/5681175 (63.1736%)
entry 3590000/5681175 (63.1912%)
entry 3591000/5681175 (63.2088%)
entry 3592000/5681175 (63.2264%)
entry 3594000/5681175 (63.2616%)
entry 3595000/5681175 (63.2792%)
entry 3596000/5681175 (63.2968%)
entry 3601000/5681175 (63.3848%)
entry 3602000/5681175 (63.4024%)
entry 3603000/5681175 (63.42%)
entry 3604000/5681175 (63.4376%)
entry 3605000/5681175 (63.4552%)
entry 3606000/5681175 (63.4728%)
entry 3607000/5681175 (63.4904%)
entry 3609000/5681175 (63.5256%)
entry 3612000/5681175 (63.5784%)
entry 3613000/5681175 (63.596%)
entry 3614000/5681175 (63.6136%)
entry 3617000/5681175 (63.6664%)
entry 3619000/5681175 (63.7016%)
entry 3620000/5681175 (63.7192%)
entry 3623000/5681175 (63.772%)
entry 3624000/5681175 (63.7896%)
entry 3627000/5681175 (63.8424%)
entry 3628000/5681175 (63.86%)
entry 3629000/5681175 (63.8776%)
entry 3631000/5681175 (63.9128%)
entry 3633000/5681175 (63.948%)
entry 3635000/5681175 (63.9832%)
entry 3636000/5681175 (64.0008%)
entry 3637000/5681175 (64.0184%)
entry 3638000/5681175 (64.036%)
entry 3640000/5681175 (64.0712%)
entry 3641000/5681175 (64.0889%)
entry 3642000/5681175 (64.1065%)
entry 3643000/5681175 (64.1241%)
entry 3645000/5681175 (64.1593%)
entry 3646000/5681175 (64.1769%)
entry 3648000/5681175 (64.2121%)
entry 3652000/5681175 (64.2825%)
entry 3654000/5681175 (64.3177%)
entry 3655000/5681175 (64.3353%)
entry 3658000/5681175 (64.3881%)
entry 3659000/5681175 (64.4057%)
entry 3662000/5681175 (64.4585%)
entry 3665000/5681175 (64.5113%)
entry 3666000/5681175 (64.5289%)
entry 3669000/5681175 (64.5817%)
entry 3670000/5681175 (64.5993%)
entry 3673000/5681175 (64.6521%)
entry 3675000/5681175 (64.6873%)
entry 3679000/5681175 (64.7577%)
entry 3681000/5681175 (64.7929%)
entry 3682000/5681175 (64.8105%)
entry 3683000/5681175 (64.8281%)
entry 3684000/5681175 (64.8457%)
entry 3685000/5681175 (64.8633%)
entry 3686000/5681175 (64.8809%)
entry 3687000/5681175 (64.8985%)
entry 3688000/5681175 (64.9161%)
entry 3689000/5681175 (64.9338%)
entry 3691000/5681175 (64.969%)
entry 3695000/5681175 (65.0394%)
entry 3697000/5681175 (65.0746%)
entry 3698000/5681175 (65.0922%)
entry 3699000/5681175 (65.1098%)
entry 3701000/5681175 (65.145%)
entry 3702000/5681175 (65.1626%)
entry 3703000/5681175 (65.1802%)
entry 3704000/5681175 (65.1978%)
entry 3708000/5681175 (65.2682%)
entry 3710000/5681175 (65.3034%)
entry 3714000/5681175 (65.3738%)
entry 3715000/5681175 (65.3914%)
entry 3716000/5681175 (65.409%)
entry 3717000/5681175 (65.4266%)
entry 3718000/5681175 (65.4442%)
entry 3720000/5681175 (65.4794%)
entry 3721000/5681175 (65.497%)
entry 3722000/5681175 (65.5146%)
entry 3723000/5681175 (65.5322%)
entry 3725000/5681175 (65.5674%)
entry 3726000/5681175 (65.585%)
entry 3727000/5681175 (65.6026%)
entry 3729000/5681175 (65.6378%)
entry 3731000/5681175 (65.673%)
entry 3733000/5681175 (65.7082%)
entry 3734000/5681175 (65.7258%)
entry 3736000/5681175 (65.761%)
entry 3737000/5681175 (65.7786%)
entry 3739000/5681175 (65.8139%)
entry 3740000/5681175 (65.8315%)
entry 3741000/5681175 (65.8491%)
entry 3743000/5681175 (65.8843%)
entry 3745000/5681175 (65.9195%)
entry 3747000/5681175 (65.9547%)
entry 3748000/5681175 (65.9723%)
entry 3750000/5681175 (66.0075%)
entry 3752000/5681175 (66.0427%)
entry 3753000/5681175 (66.0603%)
entry 3755000/5681175 (66.0955%)
entry 3756000/5681175 (66.1131%)
entry 3757000/5681175 (66.1307%)
entry 3758000/5681175 (66.1483%)
entry 3759000/5681175 (66.1659%)
entry 3760000/5681175 (66.1835%)
entry 3761000/5681175 (66.2011%)
entry 3762000/5681175 (66.2187%)
entry 3763000/5681175 (66.2363%)
entry 3764000/5681175 (66.2539%)
entry 3765000/5681175 (66.2715%)
entry 3768000/5681175 (66.3243%)
entry 3769000/5681175 (66.3419%)
entry 3770000/5681175 (66.3595%)
entry 3773000/5681175 (66.4123%)
entry 3774000/5681175 (66.4299%)
entry 3776000/5681175 (66.4651%)
entry 3777000/5681175 (66.4827%)
entry 3778000/5681175 (66.5003%)
entry 3779000/5681175 (66.5179%)
entry 3780000/5681175 (66.5355%)
entry 3781000/5681175 (66.5531%)
entry 3782000/5681175 (66.5707%)
entry 3784000/5681175 (66.6059%)
entry 3785000/5681175 (66.6235%)
entry 3793000/5681175 (66.7644%)
entry 3795000/5681175 (66.7996%)
entry 3796000/5681175 (66.8172%)
entry 3797000/5681175 (66.8348%)
entry 3800000/5681175 (66.8876%)
entry 3802000/5681175 (66.9228%)
entry 3804000/5681175 (66.958%)
entry 3806000/5681175 (66.9932%)
entry 3807000/5681175 (67.0108%)
entry 3808000/5681175 (67.0284%)
entry 3812000/5681175 (67.0988%)
entry 3813000/5681175 (67.1164%)
entry 3815000/5681175 (67.1516%)
entry 3817000/5681175 (67.1868%)
entry 3820000/5681175 (67.2396%)
entry 3824000/5681175 (67.31%)
entry 3826000/5681175 (67.3452%)
entry 3828000/5681175 (67.3804%)
entry 3829000/5681175 (67.398%)
entry 3831000/5681175 (67.4332%)
entry 3832000/5681175 (67.4508%)
entry 3834000/5681175 (67.486%)
entry 3835000/5681175 (67.5036%)
entry 3837000/5681175 (67.5388%)
entry 3838000/5681175 (67.5564%)
entry 3841000/5681175 (67.6093%)
entry 3844000/5681175 (67.6621%)
entry 3845000/5681175 (67.6797%)
entry 3846000/5681175 (67.6973%)
entry 3847000/5681175 (67.7149%)
entry 3849000/5681175 (67.7501%)
entry 3850000/5681175 (67.7677%)
entry 3852000/5681175 (67.8029%)
entry 3853000/5681175 (67.8205%)
entry 3855000/5681175 (67.8557%)
entry 3857000/5681175 (67.8909%)
entry 3858000/5681175 (67.9085%)
entry 3861000/5681175 (67.9613%)
entry 3863000/5681175 (67.9965%)
entry 3864000/5681175 (68.0141%)
entry 3865000/5681175 (68.0317%)
entry 3867000/5681175 (68.0669%)
entry 3868000/5681175 (68.0845%)
entry 3869000/5681175 (68.1021%)
entry 3870000/5681175 (68.1197%)
entry 3872000/5681175 (68.1549%)
entry 3874000/5681175 (68.1901%)
entry 3877000/5681175 (68.2429%)
entry 3878000/5681175 (68.2605%)
entry 3881000/5681175 (68.3133%)
entry 3882000/5681175 (68.3309%)
entry 3884000/5681175 (68.3661%)
entry 3885000/5681175 (68.3837%)
entry 3888000/5681175 (68.4365%)
entry 3889000/5681175 (68.4541%)
entry 3890000/5681175 (68.4718%)
entry 3891000/5681175 (68.4894%)
entry 3892000/5681175 (68.507%)
entry 3893000/5681175 (68.5246%)
entry 3894000/5681175 (68.5422%)
entry 3896000/5681175 (68.5774%)
entry 3898000/5681175 (68.6126%)
entry 3899000/5681175 (68.6302%)
entry 3901000/5681175 (68.6654%)
entry 3905000/5681175 (68.7358%)
entry 3906000/5681175 (68.7534%)
entry 3908000/5681175 (68.7886%)
entry 3909000/5681175 (68.8062%)
entry 3911000/5681175 (68.8414%)
entry 3915000/5681175 (68.9118%)
entry 3916000/5681175 (68.9294%)
entry 3921000/5681175 (69.0174%)
entry 3922000/5681175 (69.035%)
entry 3923000/5681175 (69.0526%)
entry 3924000/5681175 (69.0702%)
entry 3926000/5681175 (69.1054%)
entry 3927000/5681175 (69.123%)
entry 3930000/5681175 (69.1758%)
entry 3932000/5681175 (69.211%)
entry 3933000/5681175 (69.2286%)
entry 3936000/5681175 (69.2814%)
entry 3937000/5681175 (69.299%)
entry 3938000/5681175 (69.3166%)
entry 3940000/5681175 (69.3519%)
entry 3942000/5681175 (69.3871%)
entry 3943000/5681175 (69.4047%)
entry 3947000/5681175 (69.4751%)
entry 3948000/5681175 (69.4927%)
entry 3949000/5681175 (69.5103%)
entry 3950000/5681175 (69.5279%)
entry 3951000/5681175 (69.5455%)
entry 3952000/5681175 (69.5631%)
entry 3955000/5681175 (69.6159%)
entry 3956000/5681175 (69.6335%)
entry 3957000/5681175 (69.6511%)
entry 3960000/5681175 (69.7039%)
entry 3963000/5681175 (69.7567%)
entry 3964000/5681175 (69.7743%)
entry 3965000/5681175 (69.7919%)
entry 3966000/5681175 (69.8095%)
entry 3969000/5681175 (69.8623%)
entry 3971000/5681175 (69.8975%)
entry 3975000/5681175 (69.9679%)
entry 3977000/5681175 (70.0031%)
entry 3978000/5681175 (70.0207%)
entry 3984000/5681175 (70.1263%)
entry 3985000/5681175 (70.1439%)
entry 3986000/5681175 (70.1615%)
entry 3987000/5681175 (70.1791%)
entry 3988000/5681175 (70.1967%)
entry 3989000/5681175 (70.2143%)
entry 3990000/5681175 (70.232%)
entry 3992000/5681175 (70.2672%)
entry 3993000/5681175 (70.2848%)
entry 3994000/5681175 (70.3024%)
entry 3995000/5681175 (70.32%)
entry 3996000/5681175 (70.3376%)
entry 3997000/5681175 (70.3552%)
entry 3999000/5681175 (70.3904%)
entry 4002000/5681175 (70.4432%)
entry 4003000/5681175 (70.4608%)
entry 4004000/5681175 (70.4784%)
entry 4005000/5681175 (70.496%)
entry 4008000/5681175 (70.5488%)
entry 4009000/5681175 (70.5664%)
entry 4010000/5681175 (70.584%)
entry 4011000/5681175 (70.6016%)
entry 4012000/5681175 (70.6192%)
entry 4013000/5681175 (70.6368%)
entry 4016000/5681175 (70.6896%)
entry 4018000/5681175 (70.7248%)
entry 4020000/5681175 (70.76%)
entry 4023000/5681175 (70.8128%)
entry 4029000/5681175 (70.9184%)
entry 4031000/5681175 (70.9536%)
entry 4034000/5681175 (71.0064%)
entry 4035000/5681175 (71.024%)
entry 4036000/5681175 (71.0416%)
entry 4037000/5681175 (71.0592%)
entry 4039000/5681175 (71.0944%)
entry 4041000/5681175 (71.1296%)
entry 4042000/5681175 (71.1473%)
entry 4043000/5681175 (71.1649%)
entry 4044000/5681175 (71.1825%)
entry 4045000/5681175 (71.2001%)
entry 4046000/5681175 (71.2177%)
entry 4047000/5681175 (71.2353%)
entry 4048000/5681175 (71.2529%)
entry 4050000/5681175 (71.2881%)
entry 4052000/5681175 (71.3233%)
entry 4053000/5681175 (71.3409%)
entry 4055000/5681175 (71.3761%)
entry 4056000/5681175 (71.3937%)
entry 4060000/5681175 (71.4641%)
entry 4062000/5681175 (71.4993%)
entry 4063000/5681175 (71.5169%)
entry 4064000/5681175 (71.5345%)
entry 4065000/5681175 (71.5521%)
entry 4066000/5681175 (71.5697%)
entry 4067000/5681175 (71.5873%)
entry 4069000/5681175 (71.6225%)
entry 4070000/5681175 (71.6401%)
entry 4071000/5681175 (71.6577%)
entry 4073000/5681175 (71.6929%)
entry 4074000/5681175 (71.7105%)
entry 4077000/5681175 (71.7633%)
entry 4078000/5681175 (71.7809%)
entry 4079000/5681175 (71.7985%)
entry 4080000/5681175 (71.8161%)
entry 4083000/5681175 (71.8689%)
entry 4084000/5681175 (71.8865%)
entry 4085000/5681175 (71.9041%)
entry 4086000/5681175 (71.9217%)
entry 4087000/5681175 (71.9393%)
entry 4088000/5681175 (71.9569%)
entry 4089000/5681175 (71.9745%)
entry 4090000/5681175 (71.9921%)
entry 4091000/5681175 (72.0098%)
entry 4094000/5681175 (72.0626%)
entry 4095000/5681175 (72.0802%)
entry 4100000/5681175 (72.1682%)
entry 4103000/5681175 (72.221%)
entry 4104000/5681175 (72.2386%)
entry 4105000/5681175 (72.2562%)
entry 4106000/5681175 (72.2738%)
entry 4108000/5681175 (72.309%)
entry 4109000/5681175 (72.3266%)
entry 4111000/5681175 (72.3618%)
entry 4115000/5681175 (72.4322%)
entry 4116000/5681175 (72.4498%)
entry 4117000/5681175 (72.4674%)
entry 4118000/5681175 (72.485%)
entry 4122000/5681175 (72.5554%)
entry 4123000/5681175 (72.573%)
entry 4124000/5681175 (72.5906%)
entry 4125000/5681175 (72.6082%)
entry 4126000/5681175 (72.6258%)
entry 4129000/5681175 (72.6786%)
entry 4132000/5681175 (72.7314%)
entry 4134000/5681175 (72.7666%)
entry 4138000/5681175 (72.837%)
entry 4139000/5681175 (72.8547%)
entry 4140000/5681175 (72.8723%)
entry 4142000/5681175 (72.9075%)
entry 4144000/5681175 (72.9427%)
entry 4145000/5681175 (72.9603%)
entry 4147000/5681175 (72.9955%)
entry 4148000/5681175 (73.0131%)
entry 4149000/5681175 (73.0307%)
entry 4150000/5681175 (73.0483%)
entry 4154000/5681175 (73.1187%)
entry 4155000/5681175 (73.1363%)
entry 4157000/5681175 (73.1715%)
entry 4158000/5681175 (73.1891%)
entry 4159000/5681175 (73.2067%)
entry 4160000/5681175 (73.2243%)
entry 4161000/5681175 (73.2419%)
entry 4162000/5681175 (73.2595%)
entry 4163000/5681175 (73.2771%)
entry 4168000/5681175 (73.3651%)
entry 4169000/5681175 (73.3827%)
entry 4170000/5681175 (73.4003%)
entry 4171000/5681175 (73.4179%)
entry 4173000/5681175 (73.4531%)
entry 4174000/5681175 (73.4707%)
entry 4176000/5681175 (73.5059%)
entry 4180000/5681175 (73.5763%)
entry 4184000/5681175 (73.6467%)
entry 4189000/5681175 (73.7347%)
entry 4191000/5681175 (73.77%)
entry 4192000/5681175 (73.7876%)
entry 4193000/5681175 (73.8052%)
entry 4194000/5681175 (73.8228%)
entry 4196000/5681175 (73.858%)
entry 4200000/5681175 (73.9284%)
entry 4201000/5681175 (73.946%)
entry 4204000/5681175 (73.9988%)
entry 4207000/5681175 (74.0516%)
entry 4208000/5681175 (74.0692%)
entry 4209000/5681175 (74.0868%)
entry 4211000/5681175 (74.122%)
entry 4212000/5681175 (74.1396%)
entry 4215000/5681175 (74.1924%)
entry 4216000/5681175 (74.21%)
entry 4218000/5681175 (74.2452%)
entry 4219000/5681175 (74.2628%)
entry 4220000/5681175 (74.2804%)
entry 4221000/5681175 (74.298%)
entry 4228000/5681175 (74.4212%)
entry 4229000/5681175 (74.4388%)
entry 4230000/5681175 (74.4564%)
entry 4231000/5681175 (74.474%)
entry 4232000/5681175 (74.4916%)
entry 4234000/5681175 (74.5268%)
entry 4236000/5681175 (74.562%)
entry 4238000/5681175 (74.5972%)
entry 4239000/5681175 (74.6148%)
entry 4241000/5681175 (74.65%)
entry 4242000/5681175 (74.6677%)
entry 4245000/5681175 (74.7205%)
entry 4247000/5681175 (74.7557%)
entry 4248000/5681175 (74.7733%)
entry 4249000/5681175 (74.7909%)
entry 4252000/5681175 (74.8437%)
entry 4253000/5681175 (74.8613%)
entry 4254000/5681175 (74.8789%)
entry 4255000/5681175 (74.8965%)
entry 4256000/5681175 (74.9141%)
entry 4257000/5681175 (74.9317%)
entry 4259000/5681175 (74.9669%)
entry 4260000/5681175 (74.9845%)
entry 4263000/5681175 (75.0373%)
entry 4267000/5681175 (75.1077%)
entry 4268000/5681175 (75.1253%)
entry 4272000/5681175 (75.1957%)
entry 4274000/5681175 (75.2309%)
entry 4275000/5681175 (75.2485%)
entry 4276000/5681175 (75.2661%)
entry 4277000/5681175 (75.2837%)
entry 4280000/5681175 (75.3365%)
entry 4281000/5681175 (75.3541%)
entry 4283000/5681175 (75.3893%)
entry 4285000/5681175 (75.4245%)
entry 4290000/5681175 (75.5125%)
entry 4291000/5681175 (75.5301%)
entry 4292000/5681175 (75.5478%)
entry 4295000/5681175 (75.6006%)
entry 4296000/5681175 (75.6182%)
entry 4297000/5681175 (75.6358%)
entry 4298000/5681175 (75.6534%)
entry 4299000/5681175 (75.671%)
entry 4301000/5681175 (75.7062%)
entry 4303000/5681175 (75.7414%)
entry 4305000/5681175 (75.7766%)
entry 4306000/5681175 (75.7942%)
entry 4307000/5681175 (75.8118%)
entry 4308000/5681175 (75.8294%)
entry 4309000/5681175 (75.847%)
entry 4310000/5681175 (75.8646%)
entry 4313000/5681175 (75.9174%)
entry 4315000/5681175 (75.9526%)
entry 4318000/5681175 (76.0054%)
entry 4319000/5681175 (76.023%)
entry 4320000/5681175 (76.0406%)
entry 4321000/5681175 (76.0582%)
entry 4323000/5681175 (76.0934%)
entry 4324000/5681175 (76.111%)
entry 4325000/5681175 (76.1286%)
entry 4326000/5681175 (76.1462%)
entry 4330000/5681175 (76.2166%)
entry 4332000/5681175 (76.2518%)
entry 4333000/5681175 (76.2694%)
entry 4334000/5681175 (76.287%)
entry 4336000/5681175 (76.3222%)
entry 4337000/5681175 (76.3398%)
entry 4339000/5681175 (76.375%)
entry 4340000/5681175 (76.3927%)
entry 4341000/5681175 (76.4103%)
entry 4342000/5681175 (76.4279%)
entry 4346000/5681175 (76.4983%)
entry 4347000/5681175 (76.5159%)
entry 4348000/5681175 (76.5335%)
entry 4350000/5681175 (76.5687%)
entry 4351000/5681175 (76.5863%)
entry 4352000/5681175 (76.6039%)
entry 4353000/5681175 (76.6215%)
entry 4354000/5681175 (76.6391%)
entry 4356000/5681175 (76.6743%)
entry 4357000/5681175 (76.6919%)
entry 4358000/5681175 (76.7095%)
entry 4361000/5681175 (76.7623%)
entry 4363000/5681175 (76.7975%)
entry 4364000/5681175 (76.8151%)
entry 4365000/5681175 (76.8327%)
entry 4366000/5681175 (76.8503%)
entry 4367000/5681175 (76.8679%)
entry 4368000/5681175 (76.8855%)
entry 4370000/5681175 (76.9207%)
entry 4372000/5681175 (76.9559%)
entry 4374000/5681175 (76.9911%)
entry 4375000/5681175 (77.0087%)
entry 4376000/5681175 (77.0263%)
entry 4377000/5681175 (77.0439%)
entry 4380000/5681175 (77.0967%)
entry 4383000/5681175 (77.1495%)
entry 4384000/5681175 (77.1671%)
entry 4385000/5681175 (77.1847%)
entry 4386000/5681175 (77.2023%)
entry 4387000/5681175 (77.2199%)
entry 4388000/5681175 (77.2375%)
entry 4389000/5681175 (77.2551%)
entry 4390000/5681175 (77.2727%)
entry 4393000/5681175 (77.3256%)
entry 4394000/5681175 (77.3432%)
entry 4395000/5681175 (77.3608%)
entry 4396000/5681175 (77.3784%)
entry 4397000/5681175 (77.396%)
entry 4398000/5681175 (77.4136%)
entry 4399000/5681175 (77.4312%)
entry 4400000/5681175 (77.4488%)
entry 4401000/5681175 (77.4664%)
entry 4403000/5681175 (77.5016%)
entry 4404000/5681175 (77.5192%)
entry 4405000/5681175 (77.5368%)
entry 4406000/5681175 (77.5544%)
entry 4408000/5681175 (77.5896%)
entry 4410000/5681175 (77.6248%)
entry 4411000/5681175 (77.6424%)
entry 4412000/5681175 (77.66%)
entry 4414000/5681175 (77.6952%)
entry 4417000/5681175 (77.748%)
entry 4418000/5681175 (77.7656%)
entry 4420000/5681175 (77.8008%)
entry 4421000/5681175 (77.8184%)
entry 4422000/5681175 (77.836%)
entry 4423000/5681175 (77.8536%)
entry 4424000/5681175 (77.8712%)
entry 4426000/5681175 (77.9064%)
entry 4428000/5681175 (77.9416%)
entry 4430000/5681175 (77.9768%)
entry 4431000/5681175 (77.9944%)
entry 4432000/5681175 (78.012%)
entry 4433000/5681175 (78.0296%)
entry 4436000/5681175 (78.0824%)
entry 4438000/5681175 (78.1176%)
entry 4439000/5681175 (78.1352%)
entry 4441000/5681175 (78.1704%)
entry 4442000/5681175 (78.188%)
entry 4443000/5681175 (78.2057%)
entry 4446000/5681175 (78.2585%)
entry 4447000/5681175 (78.2761%)
entry 4452000/5681175 (78.3641%)
entry 4457000/5681175 (78.4521%)
entry 4459000/5681175 (78.4873%)
entry 4462000/5681175 (78.5401%)
entry 4463000/5681175 (78.5577%)
entry 4465000/5681175 (78.5929%)
entry 4466000/5681175 (78.6105%)
entry 4467000/5681175 (78.6281%)
entry 4468000/5681175 (78.6457%)
entry 4469000/5681175 (78.6633%)
entry 4471000/5681175 (78.6985%)
entry 4473000/5681175 (78.7337%)
entry 4474000/5681175 (78.7513%)
entry 4475000/5681175 (78.7689%)
entry 4476000/5681175 (78.7865%)
entry 4477000/5681175 (78.8041%)
entry 4478000/5681175 (78.8217%)
entry 4480000/5681175 (78.8569%)
entry 4482000/5681175 (78.8921%)
entry 4483000/5681175 (78.9097%)
entry 4484000/5681175 (78.9273%)
entry 4486000/5681175 (78.9625%)
entry 4488000/5681175 (78.9977%)
entry 4489000/5681175 (79.0153%)
entry 4490000/5681175 (79.0329%)
entry 4491000/5681175 (79.0505%)
entry 4492000/5681175 (79.0681%)
entry 4493000/5681175 (79.0858%)
entry 4495000/5681175 (79.121%)
entry 4496000/5681175 (79.1386%)
entry 4498000/5681175 (79.1738%)
entry 4499000/5681175 (79.1914%)
entry 4500000/5681175 (79.209%)
entry 4502000/5681175 (79.2442%)
entry 4503000/5681175 (79.2618%)
entry 4508000/5681175 (79.3498%)
entry 4509000/5681175 (79.3674%)
entry 4511000/5681175 (79.4026%)
entry 4513000/5681175 (79.4378%)
entry 4514000/5681175 (79.4554%)
entry 4515000/5681175 (79.473%)
entry 4516000/5681175 (79.4906%)
entry 4518000/5681175 (79.5258%)
entry 4519000/5681175 (79.5434%)
entry 4521000/5681175 (79.5786%)
entry 4524000/5681175 (79.6314%)
entry 4525000/5681175 (79.649%)
entry 4526000/5681175 (79.6666%)
entry 4529000/5681175 (79.7194%)
entry 4534000/5681175 (79.8074%)
entry 4535000/5681175 (79.825%)
entry 4536000/5681175 (79.8426%)
entry 4537000/5681175 (79.8602%)
entry 4538000/5681175 (79.8778%)
entry 4541000/5681175 (79.9306%)
entry 4542000/5681175 (79.9483%)
entry 4543000/5681175 (79.9659%)
entry 4545000/5681175 (80.0011%)
entry 4546000/5681175 (80.0187%)
entry 4548000/5681175 (80.0539%)
entry 4549000/5681175 (80.0715%)
entry 4550000/5681175 (80.0891%)
entry 4551000/5681175 (80.1067%)
entry 4552000/5681175 (80.1243%)
entry 4554000/5681175 (80.1595%)
entry 4555000/5681175 (80.1771%)
entry 4556000/5681175 (80.1947%)
entry 4557000/5681175 (80.2123%)
entry 4558000/5681175 (80.2299%)
entry 4559000/5681175 (80.2475%)
entry 4560000/5681175 (80.2651%)
entry 4561000/5681175 (80.2827%)
entry 4562000/5681175 (80.3003%)
entry 4563000/5681175 (80.3179%)
entry 4564000/5681175 (80.3355%)
entry 4566000/5681175 (80.3707%)
entry 4568000/5681175 (80.4059%)
entry 4570000/5681175 (80.4411%)
entry 4571000/5681175 (80.4587%)
entry 4572000/5681175 (80.4763%)
entry 4574000/5681175 (80.5115%)
entry 4575000/5681175 (80.5291%)
entry 4576000/5681175 (80.5467%)
entry 4579000/5681175 (80.5995%)
entry 4580000/5681175 (80.6171%)
entry 4582000/5681175 (80.6523%)
entry 4583000/5681175 (80.6699%)
entry 4584000/5681175 (80.6875%)
entry 4585000/5681175 (80.7051%)
entry 4586000/5681175 (80.7227%)
entry 4588000/5681175 (80.7579%)
entry 4590000/5681175 (80.7931%)
entry 4591000/5681175 (80.8107%)
entry 4593000/5681175 (80.846%)
entry 4595000/5681175 (80.8812%)
entry 4598000/5681175 (80.934%)
entry 4599000/5681175 (80.9516%)
entry 4601000/5681175 (80.9868%)
entry 4602000/5681175 (81.0044%)
entry 4604000/5681175 (81.0396%)
entry 4605000/5681175 (81.0572%)
entry 4606000/5681175 (81.0748%)
entry 4607000/5681175 (81.0924%)
entry 4609000/5681175 (81.1276%)
entry 4610000/5681175 (81.1452%)
entry 4611000/5681175 (81.1628%)
entry 4612000/5681175 (81.1804%)
entry 4614000/5681175 (81.2156%)
entry 4615000/5681175 (81.2332%)
entry 4616000/5681175 (81.2508%)
entry 4617000/5681175 (81.2684%)
entry 4618000/5681175 (81.286%)
entry 4619000/5681175 (81.3036%)
entry 4622000/5681175 (81.3564%)
entry 4623000/5681175 (81.374%)
entry 4625000/5681175 (81.4092%)
entry 4627000/5681175 (81.4444%)
entry 4629000/5681175 (81.4796%)
entry 4632000/5681175 (81.5324%)
entry 4634000/5681175 (81.5676%)
entry 4635000/5681175 (81.5852%)
entry 4637000/5681175 (81.6204%)
entry 4639000/5681175 (81.6556%)
entry 4640000/5681175 (81.6732%)
entry 4642000/5681175 (81.7084%)
entry 4643000/5681175 (81.7261%)
entry 4644000/5681175 (81.7437%)
entry 4645000/5681175 (81.7613%)
entry 4649000/5681175 (81.8317%)
entry 4650000/5681175 (81.8493%)
entry 4651000/5681175 (81.8669%)
entry 4652000/5681175 (81.8845%)
entry 4654000/5681175 (81.9197%)
entry 4655000/5681175 (81.9373%)
entry 4656000/5681175 (81.9549%)
entry 4657000/5681175 (81.9725%)
entry 4659000/5681175 (82.0077%)
entry 4660000/5681175 (82.0253%)
entry 4661000/5681175 (82.0429%)
entry 4662000/5681175 (82.0605%)
entry 4663000/5681175 (82.0781%)
entry 4665000/5681175 (82.1133%)
entry 4666000/5681175 (82.1309%)
entry 4667000/5681175 (82.1485%)
entry 4669000/5681175 (82.1837%)
entry 4672000/5681175 (82.2365%)
entry 4673000/5681175 (82.2541%)
entry 4675000/5681175 (82.2893%)
entry 4676000/5681175 (82.3069%)
entry 4680000/5681175 (82.3773%)
entry 4681000/5681175 (82.3949%)
entry 4683000/5681175 (82.4301%)
entry 4684000/5681175 (82.4477%)
entry 4685000/5681175 (82.4653%)
entry 4686000/5681175 (82.4829%)
entry 4688000/5681175 (82.5181%)
entry 4690000/5681175 (82.5533%)
entry 4691000/5681175 (82.5709%)
entry 4692000/5681175 (82.5885%)
entry 4693000/5681175 (82.6061%)
entry 4694000/5681175 (82.6238%)
entry 4696000/5681175 (82.659%)
entry 4699000/5681175 (82.7118%)
entry 4701000/5681175 (82.747%)
entry 4703000/5681175 (82.7822%)
entry 4705000/5681175 (82.8174%)
entry 4706000/5681175 (82.835%)
entry 4707000/5681175 (82.8526%)
entry 4709000/5681175 (82.8878%)
entry 4710000/5681175 (82.9054%)
entry 4712000/5681175 (82.9406%)
entry 4715000/5681175 (82.9934%)
entry 4716000/5681175 (83.011%)
entry 4717000/5681175 (83.0286%)
entry 4722000/5681175 (83.1166%)
entry 4723000/5681175 (83.1342%)
entry 4725000/5681175 (83.1694%)
entry 4726000/5681175 (83.187%)
entry 4727000/5681175 (83.2046%)
entry 4728000/5681175 (83.2222%)
entry 4729000/5681175 (83.2398%)
entry 4730000/5681175 (83.2574%)
entry 4732000/5681175 (83.2926%)
entry 4733000/5681175 (83.3102%)
entry 4735000/5681175 (83.3454%)
entry 4736000/5681175 (83.363%)
entry 4737000/5681175 (83.3806%)
entry 4738000/5681175 (83.3982%)
entry 4740000/5681175 (83.4334%)
entry 4741000/5681175 (83.451%)
entry 4742000/5681175 (83.4686%)
entry 4743000/5681175 (83.4863%)
entry 4744000/5681175 (83.5039%)
entry 4745000/5681175 (83.5215%)
entry 4747000/5681175 (83.5567%)
entry 4748000/5681175 (83.5743%)
entry 4750000/5681175 (83.6095%)
entry 4752000/5681175 (83.6447%)
entry 4753000/5681175 (83.6623%)
entry 4755000/5681175 (83.6975%)
entry 4757000/5681175 (83.7327%)
entry 4758000/5681175 (83.7503%)
entry 4761000/5681175 (83.8031%)
entry 4763000/5681175 (83.8383%)
entry 4766000/5681175 (83.8911%)
entry 4767000/5681175 (83.9087%)
entry 4768000/5681175 (83.9263%)
entry 4769000/5681175 (83.9439%)
entry 4770000/5681175 (83.9615%)
entry 4771000/5681175 (83.9791%)
entry 4772000/5681175 (83.9967%)
entry 4774000/5681175 (84.0319%)
entry 4775000/5681175 (84.0495%)
entry 4777000/5681175 (84.0847%)
entry 4779000/5681175 (84.1199%)
entry 4780000/5681175 (84.1375%)
entry 4783000/5681175 (84.1903%)
entry 4784000/5681175 (84.2079%)
entry 4786000/5681175 (84.2431%)
entry 4787000/5681175 (84.2607%)
entry 4788000/5681175 (84.2783%)
entry 4789000/5681175 (84.2959%)
entry 4790000/5681175 (84.3135%)
entry 4791000/5681175 (84.3311%)
entry 4792000/5681175 (84.3488%)
entry 4795000/5681175 (84.4016%)
entry 4796000/5681175 (84.4192%)
entry 4797000/5681175 (84.4368%)
entry 4798000/5681175 (84.4544%)
entry 4801000/5681175 (84.5072%)
entry 4805000/5681175 (84.5776%)
entry 4806000/5681175 (84.5952%)
entry 4807000/5681175 (84.6128%)
entry 4808000/5681175 (84.6304%)
entry 4813000/5681175 (84.7184%)
entry 4814000/5681175 (84.736%)
entry 4815000/5681175 (84.7536%)
entry 4817000/5681175 (84.7888%)
entry 4820000/5681175 (84.8416%)
entry 4822000/5681175 (84.8768%)
entry 4823000/5681175 (84.8944%)
entry 4827000/5681175 (84.9648%)
entry 4829000/5681175 (85%)
entry 4830000/5681175 (85.0176%)
entry 4832000/5681175 (85.0528%)
entry 4834000/5681175 (85.088%)
entry 4835000/5681175 (85.1056%)
entry 4838000/5681175 (85.1584%)
entry 4839000/5681175 (85.176%)
entry 4840000/5681175 (85.1936%)
entry 4842000/5681175 (85.2288%)
entry 4843000/5681175 (85.2464%)
entry 4846000/5681175 (85.2993%)
entry 4848000/5681175 (85.3345%)
entry 4853000/5681175 (85.4225%)
entry 4856000/5681175 (85.4753%)
entry 4857000/5681175 (85.4929%)
entry 4858000/5681175 (85.5105%)
entry 4860000/5681175 (85.5457%)
entry 4861000/5681175 (85.5633%)
entry 4863000/5681175 (85.5985%)
entry 4864000/5681175 (85.6161%)
entry 4865000/5681175 (85.6337%)
entry 4866000/5681175 (85.6513%)
entry 4867000/5681175 (85.6689%)
entry 4868000/5681175 (85.6865%)
entry 4869000/5681175 (85.7041%)
entry 4870000/5681175 (85.7217%)
entry 4872000/5681175 (85.7569%)
entry 4873000/5681175 (85.7745%)
entry 4875000/5681175 (85.8097%)
entry 4877000/5681175 (85.8449%)
entry 4880000/5681175 (85.8977%)
entry 4882000/5681175 (85.9329%)
entry 4885000/5681175 (85.9857%)
entry 4888000/5681175 (86.0385%)
entry 4889000/5681175 (86.0561%)
entry 4890000/5681175 (86.0737%)
entry 4891000/5681175 (86.0913%)
entry 4896000/5681175 (86.1794%)
entry 4899000/5681175 (86.2322%)
entry 4901000/5681175 (86.2674%)
entry 4903000/5681175 (86.3026%)
entry 4904000/5681175 (86.3202%)
entry 4906000/5681175 (86.3554%)
entry 4907000/5681175 (86.373%)
entry 4909000/5681175 (86.4082%)
entry 4910000/5681175 (86.4258%)
entry 4911000/5681175 (86.4434%)
entry 4913000/5681175 (86.4786%)
entry 4914000/5681175 (86.4962%)
entry 4915000/5681175 (86.5138%)
entry 4916000/5681175 (86.5314%)
entry 4917000/5681175 (86.549%)
entry 4918000/5681175 (86.5666%)
entry 4919000/5681175 (86.5842%)
entry 4920000/5681175 (86.6018%)
entry 4921000/5681175 (86.6194%)
entry 4925000/5681175 (86.6898%)
entry 4928000/5681175 (86.7426%)
entry 4930000/5681175 (86.7778%)
entry 4931000/5681175 (86.7954%)
entry 4932000/5681175 (86.813%)
entry 4933000/5681175 (86.8306%)
entry 4934000/5681175 (86.8482%)
entry 4935000/5681175 (86.8658%)
entry 4939000/5681175 (86.9362%)
entry 4940000/5681175 (86.9538%)
entry 4942000/5681175 (86.989%)
entry 4944000/5681175 (87.0243%)
entry 4946000/5681175 (87.0595%)
entry 4947000/5681175 (87.0771%)
entry 4950000/5681175 (87.1299%)
entry 4952000/5681175 (87.1651%)
entry 4956000/5681175 (87.2355%)
entry 4957000/5681175 (87.2531%)
entry 4959000/5681175 (87.2883%)
entry 4960000/5681175 (87.3059%)
entry 4961000/5681175 (87.3235%)
entry 4962000/5681175 (87.3411%)
entry 4966000/5681175 (87.4115%)
entry 4967000/5681175 (87.4291%)
entry 4968000/5681175 (87.4467%)
entry 4969000/5681175 (87.4643%)
entry 4972000/5681175 (87.5171%)
entry 4974000/5681175 (87.5523%)
entry 4975000/5681175 (87.5699%)
entry 4976000/5681175 (87.5875%)
entry 4979000/5681175 (87.6403%)
entry 4980000/5681175 (87.6579%)
entry 4981000/5681175 (87.6755%)
entry 4984000/5681175 (87.7283%)
entry 4985000/5681175 (87.7459%)
entry 4986000/5681175 (87.7635%)
entry 4987000/5681175 (87.7811%)
entry 4989000/5681175 (87.8163%)
entry 4990000/5681175 (87.8339%)
entry 4992000/5681175 (87.8691%)
entry 4995000/5681175 (87.922%)
entry 4997000/5681175 (87.9572%)
entry 4999000/5681175 (87.9924%)
entry 5000000/5681175 (88.01%)
entry 5002000/5681175 (88.0452%)
entry 5003000/5681175 (88.0628%)
entry 5005000/5681175 (88.098%)
entry 5006000/5681175 (88.1156%)
entry 5007000/5681175 (88.1332%)
entry 5008000/5681175 (88.1508%)
entry 5013000/5681175 (88.2388%)
entry 5014000/5681175 (88.2564%)
entry 5015000/5681175 (88.274%)
entry 5016000/5681175 (88.2916%)
entry 5017000/5681175 (88.3092%)
entry 5019000/5681175 (88.3444%)
entry 5021000/5681175 (88.3796%)
entry 5023000/5681175 (88.4148%)
entry 5024000/5681175 (88.4324%)
entry 5025000/5681175 (88.45%)
entry 5026000/5681175 (88.4676%)
entry 5027000/5681175 (88.4852%)
entry 5028000/5681175 (88.5028%)
entry 5029000/5681175 (88.5204%)
entry 5032000/5681175 (88.5732%)
entry 5033000/5681175 (88.5908%)
entry 5034000/5681175 (88.6084%)
entry 5035000/5681175 (88.626%)
entry 5036000/5681175 (88.6436%)
entry 5037000/5681175 (88.6612%)
entry 5038000/5681175 (88.6788%)
entry 5039000/5681175 (88.6964%)
entry 5040000/5681175 (88.714%)
entry 5043000/5681175 (88.7668%)
entry 5044000/5681175 (88.7845%)
entry 5047000/5681175 (88.8373%)
entry 5048000/5681175 (88.8549%)
entry 5049000/5681175 (88.8725%)
entry 5050000/5681175 (88.8901%)
entry 5052000/5681175 (88.9253%)
entry 5054000/5681175 (88.9605%)
entry 5059000/5681175 (89.0485%)
entry 5060000/5681175 (89.0661%)
entry 5061000/5681175 (89.0837%)
entry 5063000/5681175 (89.1189%)
entry 5064000/5681175 (89.1365%)
entry 5065000/5681175 (89.1541%)
entry 5068000/5681175 (89.2069%)
entry 5071000/5681175 (89.2597%)
entry 5074000/5681175 (89.3125%)
entry 5076000/5681175 (89.3477%)
entry 5077000/5681175 (89.3653%)
entry 5078000/5681175 (89.3829%)
entry 5079000/5681175 (89.4005%)
entry 5080000/5681175 (89.4181%)
entry 5083000/5681175 (89.4709%)
entry 5084000/5681175 (89.4885%)
entry 5085000/5681175 (89.5061%)
entry 5086000/5681175 (89.5237%)
entry 5087000/5681175 (89.5413%)
entry 5088000/5681175 (89.5589%)
entry 5090000/5681175 (89.5941%)
entry 5095000/5681175 (89.6821%)
entry 5097000/5681175 (89.7174%)
entry 5098000/5681175 (89.735%)
entry 5099000/5681175 (89.7526%)
entry 5100000/5681175 (89.7702%)
entry 5102000/5681175 (89.8054%)
entry 5103000/5681175 (89.823%)
entry 5105000/5681175 (89.8582%)
entry 5106000/5681175 (89.8758%)
entry 5107000/5681175 (89.8934%)
entry 5108000/5681175 (89.911%)
entry 5109000/5681175 (89.9286%)
entry 5110000/5681175 (89.9462%)
entry 5114000/5681175 (90.0166%)
entry 5115000/5681175 (90.0342%)
entry 5116000/5681175 (90.0518%)
entry 5117000/5681175 (90.0694%)
entry 5118000/5681175 (90.087%)
entry 5119000/5681175 (90.1046%)
entry 5121000/5681175 (90.1398%)
entry 5125000/5681175 (90.2102%)
entry 5126000/5681175 (90.2278%)
entry 5129000/5681175 (90.2806%)
entry 5132000/5681175 (90.3334%)
entry 5133000/5681175 (90.351%)
entry 5136000/5681175 (90.4038%)
entry 5141000/5681175 (90.4918%)
entry 5142000/5681175 (90.5094%)
entry 5143000/5681175 (90.527%)
entry 5144000/5681175 (90.5446%)
entry 5146000/5681175 (90.5799%)
entry 5148000/5681175 (90.6151%)
entry 5151000/5681175 (90.6679%)
entry 5155000/5681175 (90.7383%)
entry 5157000/5681175 (90.7735%)
entry 5159000/5681175 (90.8087%)
entry 5160000/5681175 (90.8263%)
entry 5161000/5681175 (90.8439%)
entry 5163000/5681175 (90.8791%)
entry 5168000/5681175 (90.9671%)
entry 5169000/5681175 (90.9847%)
entry 5171000/5681175 (91.0199%)
entry 5172000/5681175 (91.0375%)
entry 5174000/5681175 (91.0727%)
entry 5175000/5681175 (91.0903%)
entry 5176000/5681175 (91.1079%)
entry 5180000/5681175 (91.1783%)
entry 5182000/5681175 (91.2135%)
entry 5183000/5681175 (91.2311%)
entry 5185000/5681175 (91.2663%)
entry 5186000/5681175 (91.2839%)
entry 5187000/5681175 (91.3015%)
entry 5191000/5681175 (91.3719%)
entry 5192000/5681175 (91.3895%)
entry 5193000/5681175 (91.4072%)
entry 5197000/5681175 (91.4776%)
entry 5198000/5681175 (91.4952%)
entry 5201000/5681175 (91.548%)
entry 5202000/5681175 (91.5656%)
entry 5203000/5681175 (91.5832%)
entry 5204000/5681175 (91.6008%)
entry 5207000/5681175 (91.6536%)
entry 5208000/5681175 (91.6712%)
entry 5209000/5681175 (91.6888%)
entry 5211000/5681175 (91.724%)
entry 5212000/5681175 (91.7416%)
entry 5213000/5681175 (91.7592%)
entry 5215000/5681175 (91.7944%)
entry 5220000/5681175 (91.8824%)
entry 5222000/5681175 (91.9176%)
entry 5224000/5681175 (91.9528%)
entry 5225000/5681175 (91.9704%)
entry 5226000/5681175 (91.988%)
entry 5228000/5681175 (92.0232%)
entry 5229000/5681175 (92.0408%)
entry 5230000/5681175 (92.0584%)
entry 5231000/5681175 (92.076%)
entry 5232000/5681175 (92.0936%)
entry 5233000/5681175 (92.1112%)
entry 5234000/5681175 (92.1288%)
entry 5235000/5681175 (92.1464%)
entry 5238000/5681175 (92.1992%)
entry 5240000/5681175 (92.2344%)
entry 5242000/5681175 (92.2696%)
entry 5244000/5681175 (92.3048%)
entry 5245000/5681175 (92.3225%)
entry 5246000/5681175 (92.3401%)
entry 5247000/5681175 (92.3577%)
entry 5248000/5681175 (92.3753%)
entry 5250000/5681175 (92.4105%)
entry 5252000/5681175 (92.4457%)
entry 5253000/5681175 (92.4633%)
entry 5254000/5681175 (92.4809%)
entry 5256000/5681175 (92.5161%)
entry 5258000/5681175 (92.5513%)
entry 5262000/5681175 (92.6217%)
entry 5264000/5681175 (92.6569%)
entry 5265000/5681175 (92.6745%)
entry 5266000/5681175 (92.6921%)
entry 5267000/5681175 (92.7097%)
entry 5268000/5681175 (92.7273%)
entry 5272000/5681175 (92.7977%)
entry 5273000/5681175 (92.8153%)
entry 5274000/5681175 (92.8329%)
entry 5275000/5681175 (92.8505%)
entry 5276000/5681175 (92.8681%)
entry 5278000/5681175 (92.9033%)
entry 5279000/5681175 (92.9209%)
entry 5281000/5681175 (92.9561%)
entry 5285000/5681175 (93.0265%)
entry 5286000/5681175 (93.0441%)
entry 5287000/5681175 (93.0617%)
entry 5292000/5681175 (93.1497%)
entry 5293000/5681175 (93.1673%)
entry 5294000/5681175 (93.1849%)
entry 5296000/5681175 (93.2202%)
entry 5298000/5681175 (93.2554%)
entry 5299000/5681175 (93.273%)
entry 5300000/5681175 (93.2906%)
entry 5302000/5681175 (93.3258%)
entry 5304000/5681175 (93.361%)
entry 5305000/5681175 (93.3786%)
entry 5306000/5681175 (93.3962%)
entry 5307000/5681175 (93.4138%)
entry 5308000/5681175 (93.4314%)
entry 5309000/5681175 (93.449%)
entry 5313000/5681175 (93.5194%)
entry 5315000/5681175 (93.5546%)
entry 5316000/5681175 (93.5722%)
entry 5319000/5681175 (93.625%)
entry 5320000/5681175 (93.6426%)
entry 5323000/5681175 (93.6954%)
entry 5325000/5681175 (93.7306%)
entry 5326000/5681175 (93.7482%)
entry 5330000/5681175 (93.8186%)
entry 5331000/5681175 (93.8362%)
entry 5332000/5681175 (93.8538%)
entry 5333000/5681175 (93.8714%)
entry 5336000/5681175 (93.9242%)
entry 5337000/5681175 (93.9418%)
entry 5338000/5681175 (93.9594%)
entry 5340000/5681175 (93.9946%)
entry 5342000/5681175 (94.0298%)
entry 5343000/5681175 (94.0474%)
entry 5347000/5681175 (94.1179%)
entry 5348000/5681175 (94.1355%)
entry 5349000/5681175 (94.1531%)
entry 5351000/5681175 (94.1883%)
entry 5353000/5681175 (94.2235%)
entry 5355000/5681175 (94.2587%)
entry 5356000/5681175 (94.2763%)
entry 5358000/5681175 (94.3115%)
entry 5360000/5681175 (94.3467%)
entry 5361000/5681175 (94.3643%)
entry 5364000/5681175 (94.4171%)
entry 5367000/5681175 (94.4699%)
entry 5368000/5681175 (94.4875%)
entry 5371000/5681175 (94.5403%)
entry 5375000/5681175 (94.6107%)
entry 5376000/5681175 (94.6283%)
entry 5378000/5681175 (94.6635%)
entry 5379000/5681175 (94.6811%)
entry 5381000/5681175 (94.7163%)
entry 5383000/5681175 (94.7515%)
entry 5384000/5681175 (94.7691%)
entry 5390000/5681175 (94.8747%)
entry 5391000/5681175 (94.8923%)
entry 5392000/5681175 (94.9099%)
entry 5395000/5681175 (94.9628%)
entry 5399000/5681175 (95.0332%)
entry 5400000/5681175 (95.0508%)
entry 5401000/5681175 (95.0684%)
entry 5402000/5681175 (95.086%)
entry 5403000/5681175 (95.1036%)
entry 5404000/5681175 (95.1212%)
entry 5405000/5681175 (95.1388%)
entry 5406000/5681175 (95.1564%)
entry 5408000/5681175 (95.1916%)
entry 5412000/5681175 (95.262%)
entry 5414000/5681175 (95.2972%)
entry 5415000/5681175 (95.3148%)
entry 5416000/5681175 (95.3324%)
entry 5419000/5681175 (95.3852%)
entry 5420000/5681175 (95.4028%)
entry 5421000/5681175 (95.4204%)
entry 5422000/5681175 (95.438%)
entry 5423000/5681175 (95.4556%)
entry 5424000/5681175 (95.4732%)
entry 5425000/5681175 (95.4908%)
entry 5426000/5681175 (95.5084%)
entry 5429000/5681175 (95.5612%)
entry 5430000/5681175 (95.5788%)
entry 5431000/5681175 (95.5964%)
entry 5434000/5681175 (95.6492%)
entry 5437000/5681175 (95.702%)
entry 5438000/5681175 (95.7196%)
entry 5441000/5681175 (95.7724%)
entry 5442000/5681175 (95.79%)
entry 5443000/5681175 (95.8076%)
entry 5444000/5681175 (95.8252%)
entry 5446000/5681175 (95.8605%)
entry 5451000/5681175 (95.9485%)
entry 5452000/5681175 (95.9661%)
entry 5454000/5681175 (96.0013%)
entry 5457000/5681175 (96.0541%)
entry 5459000/5681175 (96.0893%)
entry 5460000/5681175 (96.1069%)
entry 5461000/5681175 (96.1245%)
entry 5464000/5681175 (96.1773%)
entry 5466000/5681175 (96.2125%)
entry 5467000/5681175 (96.2301%)
entry 5469000/5681175 (96.2653%)
entry 5470000/5681175 (96.2829%)
entry 5471000/5681175 (96.3005%)
entry 5473000/5681175 (96.3357%)
entry 5474000/5681175 (96.3533%)
entry 5477000/5681175 (96.4061%)
entry 5478000/5681175 (96.4237%)
entry 5479000/5681175 (96.4413%)
entry 5481000/5681175 (96.4765%)
entry 5482000/5681175 (96.4941%)
entry 5484000/5681175 (96.5293%)
entry 5485000/5681175 (96.5469%)
entry 5487000/5681175 (96.5821%)
entry 5488000/5681175 (96.5997%)
entry 5492000/5681175 (96.6701%)
entry 5493000/5681175 (96.6877%)
entry 5494000/5681175 (96.7053%)
entry 5496000/5681175 (96.7405%)
entry 5497000/5681175 (96.7582%)
entry 5498000/5681175 (96.7758%)
entry 5499000/5681175 (96.7934%)
entry 5500000/5681175 (96.811%)
entry 5502000/5681175 (96.8462%)
entry 5504000/5681175 (96.8814%)
entry 5505000/5681175 (96.899%)
entry 5507000/5681175 (96.9342%)
entry 5508000/5681175 (96.9518%)
entry 5510000/5681175 (96.987%)
entry 5511000/5681175 (97.0046%)
entry 5513000/5681175 (97.0398%)
entry 5515000/5681175 (97.075%)
entry 5517000/5681175 (97.1102%)
entry 5518000/5681175 (97.1278%)
entry 5519000/5681175 (97.1454%)
entry 5520000/5681175 (97.163%)
entry 5521000/5681175 (97.1806%)
entry 5522000/5681175 (97.1982%)
entry 5523000/5681175 (97.2158%)
entry 5524000/5681175 (97.2334%)
entry 5526000/5681175 (97.2686%)
entry 5529000/5681175 (97.3214%)
entry 5531000/5681175 (97.3566%)
entry 5533000/5681175 (97.3918%)
entry 5535000/5681175 (97.427%)
entry 5539000/5681175 (97.4974%)
entry 5541000/5681175 (97.5326%)
entry 5542000/5681175 (97.5502%)
entry 5543000/5681175 (97.5678%)
entry 5544000/5681175 (97.5854%)
entry 5545000/5681175 (97.603%)
entry 5546000/5681175 (97.6206%)
entry 5547000/5681175 (97.6383%)
entry 5548000/5681175 (97.6559%)
entry 5550000/5681175 (97.6911%)
entry 5551000/5681175 (97.7087%)
entry 5552000/5681175 (97.7263%)
entry 5553000/5681175 (97.7439%)
entry 5554000/5681175 (97.7615%)
entry 5555000/5681175 (97.7791%)
entry 5556000/5681175 (97.7967%)
entry 5557000/5681175 (97.8143%)
entry 5558000/5681175 (97.8319%)
entry 5561000/5681175 (97.8847%)
entry 5564000/5681175 (97.9375%)
entry 5565000/5681175 (97.9551%)
entry 5566000/5681175 (97.9727%)
entry 5567000/5681175 (97.9903%)
entry 5568000/5681175 (98.0079%)
entry 5569000/5681175 (98.0255%)
entry 5572000/5681175 (98.0783%)
entry 5573000/5681175 (98.0959%)
entry 5574000/5681175 (98.1135%)
entry 5576000/5681175 (98.1487%)
entry 5577000/5681175 (98.1663%)
entry 5578000/5681175 (98.1839%)
entry 5579000/5681175 (98.2015%)
entry 5582000/5681175 (98.2543%)
entry 5585000/5681175 (98.3071%)
entry 5586000/5681175 (98.3247%)
entry 5587000/5681175 (98.3423%)
entry 5588000/5681175 (98.3599%)
entry 5590000/5681175 (98.3951%)
entry 5593000/5681175 (98.4479%)
entry 5594000/5681175 (98.4655%)
entry 5596000/5681175 (98.5008%)
entry 5600000/5681175 (98.5712%)
entry 5601000/5681175 (98.5888%)
entry 5602000/5681175 (98.6064%)
entry 5603000/5681175 (98.624%)
entry 5604000/5681175 (98.6416%)
entry 5606000/5681175 (98.6768%)
entry 5607000/5681175 (98.6944%)
entry 5609000/5681175 (98.7296%)
entry 5610000/5681175 (98.7472%)
entry 5612000/5681175 (98.7824%)
entry 5613000/5681175 (98.8%)
entry 5615000/5681175 (98.8352%)
entry 5616000/5681175 (98.8528%)
entry 5617000/5681175 (98.8704%)
entry 5618000/5681175 (98.888%)
entry 5619000/5681175 (98.9056%)
entry 5621000/5681175 (98.9408%)
entry 5625000/5681175 (99.0112%)
entry 5626000/5681175 (99.0288%)
entry 5629000/5681175 (99.0816%)
entry 5633000/5681175 (99.152%)
entry 5634000/5681175 (99.1696%)
entry 5635000/5681175 (99.1872%)
entry 5642000/5681175 (99.3104%)
entry 5643000/5681175 (99.328%)
entry 5644000/5681175 (99.3456%)
entry 5647000/5681175 (99.3985%)
entry 5648000/5681175 (99.4161%)
entry 5650000/5681175 (99.4513%)
entry 5651000/5681175 (99.4689%)
entry 5653000/5681175 (99.5041%)
entry 5656000/5681175 (99.5569%)
entry 5658000/5681175 (99.5921%)
entry 5661000/5681175 (99.6449%)
entry 5662000/5681175 (99.6625%)
entry 5664000/5681175 (99.6977%)
entry 5667000/5681175 (99.7505%)
entry 5670000/5681175 (99.8033%)
entry 5671000/5681175 (99.8209%)
entry 5673000/5681175 (99.8561%)
entry 5674000/5681175 (99.8737%)
entry 5676000/5681175 (99.9089%)
entry 5679000/5681175 (99.9617%)
entry 5681000/5681175 (99.9969%)
all done
script done
