sphnx1034.sdcc.bnl.gov
rsyncing from /gpfs/mnt/gpfs02/sphenix/user/samfred/run25/ppg11/histmaking
running: /gpfs/mnt/gpfs02/sphenix/user/samfred/run25/ppg11/histmaking/script_data.sh 53878
LD_LIBRARY_PATH now /sphenix/user/samfred/run25/install//lib:/cvmfs/sphenix.sdcc.bnl.gov/alma9.2-gcc-14.2.0/opt/sphenix/core/gcc/14.2.0-2f0a0/x86_64-el9/lib:/cvmfs/sphenix.sdcc.bnl.gov/alma9.2-gcc-14.2.0/opt/sphenix/core/gcc/14.2.0-2f0a0/x86_64-el9/lib64:/cvmfs/sphenix.sdcc.bnl.gov/alma9.2-gcc-14.2.0/opt/sphenix/core/binutils/2.40-acaab/x86_64-el9/lib:.:/cvmfs/sphenix.sdcc.bnl.gov/alma9.2-gcc-14.2.0/release/release_new/new.10/lib64:/cvmfs/sphenix.sdcc.bnl.gov/alma9.2-gcc-14.2.0/release/release_new/new.10/lib:/cvmfs/sphenix.sdcc.bnl.gov/alma9.2-gcc-14.2.0/opt/sphenix/utils/lib:/cvmfs/sphenix.sdcc.bnl.gov/alma9.2-gcc-14.2.0/opt/sphenix/core/lib:/cvmfs/sphenix.sdcc.bnl.gov/alma9.2-gcc-14.2.0/opt/sphenix/core/root-6.32.06/lib:/cvmfs/sphenix.sdcc.bnl.gov/alma9.2-gcc-14.2.0/opt/sphenix/core/geant4.10.07.p04/lib64:/cvmfs/sphenix.sdcc.bnl.gov/alma9.2-gcc-14.2.0/opt/sphenix/core/lhapdf-5.9.1/lib:/usr/local/lib64:/usr/lib64
PATH now /sphenix/user/samfred/run25/install//bin:/cvmfs/sphenix.sdcc.bnl.gov/alma9.2-gcc-14.2.0/opt/sphenix/core/gcc/14.2.0-2f0a0/x86_64-el9/bin:/cvmfs/sphenix.sdcc.bnl.gov/alma9.2-gcc-14.2.0/opt/sphenix/core/binutils/2.40-acaab/x86_64-el9/bin:.:/cvmfs/sphenix.sdcc.bnl.gov/alma9.2-gcc-14.2.0/release/release_new/new.10/bin:/cvmfs/sphenix.sdcc.bnl.gov/alma9.2-gcc-14.2.0/opt/sphenix/utils/bin:/cvmfs/sphenix.sdcc.bnl.gov/alma9.2-gcc-14.2.0/opt/sphenix/core/bin:/cvmfs/sphenix.sdcc.bnl.gov/alma9.2-gcc-14.2.0/opt/sphenix/core/root-6.32.06/bin:/cvmfs/sphenix.sdcc.bnl.gov/alma9.2-gcc-14.2.0/opt/sphenix/core/geant4.10.07.p04/bin:/usr/local/bin:/usr/bin:/usr/local/sbin:/usr/sbin
SINGULARITY_CACHEDIR=/home/condor/local/sphnx/execute/dir_1683005
_CONDOR_CHIRP_CONFIG=/home/condor/local/sphnx/execute/dir_1683005/.chirp.config
_CONDOR_JOB_IWD=/sphenix/user/samfred/run25/ppg11/histmaking
G4ENSDFSTATEDATA=/cvmfs/sphenix.sdcc.bnl.gov/alma9.2-gcc-14.2.0/opt/sphenix/core/geant4.10.07.p04/share/Geant4-10.7.4/data/G4ENSDFSTATE2.3
_CONDOR_MACHINE_AD=/home/condor/local/sphnx/execute/dir_1683005/.machine.ad
ROOT_MAX_THREADS=1
NUMEXPR_NUM_THREADS=1
CUBACORES=1
_CHIRP_DELAYED_UPDATE_PREFIX=Chirp*
OMP_THREAD_LIMIT=1
G4PIIDATA=/cvmfs/sphenix.sdcc.bnl.gov/alma9.2-gcc-14.2.0/opt/sphenix/core/geant4.10.07.p04/share/Geant4-10.7.4/data/G4PII1.3
NO_AT_BRIDGE=1
_CONDOR_ANCESTOR_1683005=1685552:1759352766:3450778203
G4_MAIN=/cvmfs/sphenix.sdcc.bnl.gov/alma9.2-gcc-14.2.0/opt/sphenix/core/geant4.10.07.p04
COMPILER_PATH=/cvmfs/sphenix.sdcc.bnl.gov/alma9.2-gcc-14.2.0/opt/sphenix/core/gcc/14.2.0-2f0a0/x86_64-el9
ROOT_INCLUDE_PATH=./:/sphenix/user/samfred/run25/install//include:/sphenix/user/samfred/run25/install//include/caloana:/sphenix/user/samfred/run25/install//include/qa_centrality:/sphenix/user/samfred/run25/install//include/mbdana:/sphenix/user/samfred/run25/install//include/centrality:/sphenix/user/samfred/run25/install//include/Event:/cvmfs/sphenix.sdcc.bnl.gov/alma9.2-gcc-14.2.0/release/release_new/new.10/include:/cvmfs/sphenix.sdcc.bnl.gov/alma9.2-gcc-14.2.0/release/release_new/new.10/include:/cvmfs/sphenix.sdcc.bnl.gov/alma9.2-gcc-14.2.0/release/release_new/new.10/include/g4mbd:/cvmfs/sphenix.sdcc.bnl.gov/alma9.2-gcc-14.2.0/release/release_new/new.10/include/fmt:/cvmfs/sphenix.sdcc.bnl.gov/alma9.2-gcc-14.2.0/release/release_new/new.10/include/ffarawobjects:/cvmfs/sphenix.sdcc.bnl.gov/alma9.2-gcc-14.2.0/release/release_new/new.10/include/JSON:/cvmfs/sphenix.sdcc.bnl.gov/alma9.2-gcc-14.2.0/release/release_new/new.10/include/calotreegen:/cvmfs/sphenix.sdcc.bnl.gov/alma9.2-gcc-14.2.0/release/release_new/new.10/include/torch:/cvmfs/sphenix.sdcc.bnl.gov/alma9.2-gcc-14.2.0/release/release_new/new.10/include/g4detectors:/cvmfs/sphenix.sdcc.bnl.gov/alma9.2-gcc-14.2.0/release/release_new/new.10/include/kineto:/cvmfs/sphenix.sdcc.bnl.gov/alma9.2-gcc-14.2.0/release/release_new/new.10/include/g4decayer:/cvmfs/sphenix.sdcc.bnl.gov/alma9.2-gcc-14.2.0/release/release_new/new.10/include/kfparticleqa:/cvmfs/sphenix.sdcc.bnl.gov/alma9.2-gcc-14.2.0/release/release_new/new.10/include/phfield:/cvmfs/sphenix.sdcc.bnl.gov/alma9.2-gcc-14.2.0/release/release_new/new.10/include/LHAPDF:/cvmfs/sphenix.sdcc.bnl.gov/alma9.2-gcc-14.2.0/release/release_new/new.10/include/readdigitalcurrents:/cvmfs/sphenix.sdcc.bnl.gov/alma9.2-gcc-14.2.0/release/release_new/new.10/include/c10:/cvmfs/sphenix.sdcc.bnl.gov/alma9.2-gcc-14.2.0/release/release_new/new.10/include/calovalid:/cvmfs/sphenix.sdcc.bnl.gov/alma9.2-gcc-14.2.0/release/release_new/new.10/include/oneapi:/cvmfs/sphenix.sdcc.bnl.gov/alma9.2-gcc-14.2.0/release/release_new/new.10/include/DDCond:/cvmfs/sphenix.sdcc.bnl.gov/alma9.2-gcc-14.2.0/release/release_new/new.10/include/g4tracking:/cvmfs/sphenix.sdcc.bnl.gov/alma9.2-gcc-14.2.0/release/release_new/new.10/include/litecaloeval:/cvmfs/sphenix.sdcc.bnl.gov/alma9.2-gcc-14.2.0/release/release_new/new.10/include/g4intt:/cvmfs/sphenix.sdcc.bnl.gov/alma9.2-gcc-14.2.0/release/release_new/new.10/include/phool:/cvmfs/sphenix.sdcc.bnl.gov/alma9.2-gcc-14.2.0/release/release_new/new.10/include/boost:/cvmfs/sphenix.sdcc.bnl.gov/alma9.2-gcc-14.2.0/release/release_new/new.10/include/Pythia8Plugins:/cvmfs/sphenix.sdcc.bnl.gov/alma9.2-gcc-14.2.0/release/release_new/new.10/include/calib_emc_pi0:/cvmfs/sphenix.sdcc.bnl.gov/alma9.2-gcc-14.2.0/release/release_new/new.10/include/hijingflipafterburner:/cvmfs/sphenix.sdcc.bnl.gov/alma9.2-gcc-14.2.0/release/release_new/new.10/include/ffaobjects:/cvmfs/sphenix.sdcc.bnl.gov/alma9.2-gcc-14.2.0/release/release_new/new.10/include/EvtGenBase:/cvmfs/sphenix.sdcc.bnl.gov/alma9.2-gcc-14.2.0/release/release_new/new.10/include/flowafterburner:/cvmfs/sphenix.sdcc.bnl.gov/alma9.2-gcc-14.2.0/release/release_new/new.10/include/google:/cvmfs/sphenix.sdcc.bnl.gov/alma9.2-gcc-14.2.0/release/release_new/new.10/include/g4tpc:/cvmfs/sphenix.sdcc.bnl.gov/alma9.2-gcc-14.2.0/release/release_new/new.10/include/caffe2:/cvmfs/sphenix.sdcc.bnl.gov/alma9.2-gcc-14.2.0/release/release_new/new.10/include/EvtGenExternal:/cvmfs/sphenix.sdcc.bnl.gov/alma9.2-gcc-14.2.0/release/release_new/new.10/include/fp16:/cvmfs/sphenix.sdcc.bnl.gov/alma9.2-gcc-14.2.0/release/release_new/new.10/include/ffamodules:/cvmfs/sphenix.sdcc.bnl.gov/alma9.2-gcc-14.2.0/release/release_new/new.10/include/uspin:/cvmfs/sphenix.sdcc.bnl.gov/alma9.2-gcc-14.2.0/release/release_new/new.10/include/Herwig:/cvmfs/sphenix.sdcc.bnl.gov/alma9.2-gcc-14.2.0/release/release_new/new.10/include/genfitexp:/cvmfs/sphenix.sdcc.bnl.gov/alma9.2-gcc-14.2.0/release/release_new/new.10/include/XML:/cvmfs/sphenix.sdcc.bnl.gov/alma9.2-gcc-14.2.0/release/release_new/new.10/include/fbgemm:/cvmfs/sphenix.sdcc.bnl.gov/alma9.2-gcc-14.2.0/release/release_new/new.10/include/DDAlign:/cvmfs/sphenix.sdcc.bnl.gov/alma9.2-gcc-14.2.0/release/release_new/new.10/include/g4mvtx:/cvmfs/sphenix.sdcc.bnl.gov/alma9.2-gcc-14.2.0/release/release_new/new.10/include/kfparticle_sphenix:/cvmfs/sphenix.sdcc.bnl.gov/alma9.2-gcc-14.2.0/release/release_new/new.10/include/fun4all:/cvmfs/sphenix.sdcc.bnl.gov/alma9.2-gcc-14.2.0/release/release_new/new.10/include/intt:/cvmfs/sphenix.sdcc.bnl.gov/alma9.2-gcc-14.2.0/release/release_new/new.10/include/eventdisplay:/cvmfs/sphenix.sdcc.bnl.gov/alma9.2-gcc-14.2.0/release/release_new/new.10/include/EvtGen:/cvmfs/sphenix.sdcc.bnl.gov/alma9.2-gcc-14.2.0/release/release_new/new.10/include/Evaluator:/cvmfs/sphenix.sdcc.bnl.gov/alma9.2-gcc-14.2.0/release/release_new/new.10/include/tpc:/cvmfs/sphenix.sdcc.bnl.gov/alma9.2-gcc-14.2.0/release/release_new/new.10/include/GenFit:/cvmfs/sphenix.sdcc.bnl.gov/alma9.2-gcc-14.2.0/release/release_new/new.10/include/prototype4:/cvmfs/sphenix.sdcc.bnl.gov/alma9.2-gcc-14.2.0/release/release_new/new.10/include/caloembedding:/cvmfs/sphenix.sdcc.bnl.gov/alma9.2-gcc-14.2.0/release/release_new/new.10/include/EvtGenModels:/cvmfs/sphenix.sdcc.bnl.gov/alma9.2-gcc-14.2.0/release/release_new/new.10/include/fastjet:/cvmfs/sphenix.sdcc.bnl.gov/alma9.2-gcc-14.2.0/release/release_new/new.10/include/DDG4:/cvmfs/sphenix.sdcc.bnl.gov/alma9.2-gcc-14.2.0/release/release_new/new.10/include/mbd:/cvmfs/sphenix.sdcc.bnl.gov/alma9.2-gcc-14.2.0/release/release_new/new.10/include/tbb:/cvmfs/sphenix.sdcc.bnl.gov/alma9.2-gcc-14.2.0/release/release_new/new.10/include/phgeom:/cvmfs/sphenix.sdcc.bnl.gov/alma9.2-gcc-14.2.0/release/release_new/new.10/include/g4epd:/cvmfs/sphenix.sdcc.bnl.gov/alma9.2-gcc-14.2.0/release/release_new/new.10/include/oncal:/cvmfs/sphenix.sdcc.bnl.gov/alma9.2-gcc-14.2.0/release/release_new/new.10/include/pybind11:/cvmfs/sphenix.sdcc.bnl.gov/alma9.2-gcc-14.2.0/release/release_new/new.10/include/tpcdistgenerator:/cvmfs/sphenix.sdcc.bnl.gov/alma9.2-gcc-14.2.0/release/release_new/new.10/include/cdbobjects:/cvmfs/sphenix.sdcc.bnl.gov/alma9.2-gcc-14.2.0/release/release_new/new.10/include/g4micromegas:/cvmfs/sphenix.sdcc.bnl.gov/alma9.2-gcc-14.2.0/release/release_new/new.10/include/g4eval:/cvmfs/sphenix.sdcc.bnl.gov/alma9.2-gcc-14.2.0/release/release_new/new.10/include/jetbackground:/cvmfs/sphenix.sdcc.bnl.gov/alma9.2-gcc-14.2.0/release/release_new/new.10/include/micromegas:/cvmfs/sphenix.sdcc.bnl.gov/alma9.2-gcc-14.2.0/release/release_new/new.10/include/hftrackefficiency:/cvmfs/sphenix.sdcc.bnl.gov/alma9.2-gcc-14.2.0/release/release_new/new.10/include/inttrawhitqa:/cvmfs/sphenix.sdcc.bnl.gov/alma9.2-gcc-14.2.0/release/release_new/new.10/include/centrality:/cvmfs/sphenix.sdcc.bnl.gov/alma9.2-gcc-14.2.0/release/release_new/new.10/include/epd:/cvmfs/sphenix.sdcc.bnl.gov/alma9.2-gcc-14.2.0/release/release_new/new.10/include/caloreco:/cvmfs/sphenix.sdcc.bnl.gov/alma9.2-gcc-14.2.0/release/release_new/new.10/include/HepMC:/cvmfs/sphenix.sdcc.bnl.gov/alma9.2-gcc-14.2.0/release/release_new/new.10/include/CLHEP:/cvmfs/sphenix.sdcc.bnl.gov/alma9.2-gcc-14.2.0/release/release_new/new.10/include/Acts:/cvmfs/sphenix.sdcc.bnl.gov/alma9.2-gcc-14.2.0/release/release_new/new.10/include/g4histos:/cvmfs/sphenix.sdcc.bnl.gov/alma9.2-gcc-14.2.0/release/release_new/new.10/include/eventplaneinfo:/cvmfs/sphenix.sdcc.bnl.gov/alma9.2-gcc-14.2.0/release/release_new/new.10/include/fillspacechargemaps:/cvmfs/sphenix.sdcc.bnl.gov/alma9.2-gcc-14.2.0/release/release_new/new.10/include/phhepmc:/cvmfs/sphenix.sdcc.bnl.gov/alma9.2-gcc-14.2.0/release/release_new/new.10/include/trackingqa:/cvmfs/sphenix.sdcc.bnl.gov/alma9.2-gcc-14.2.0/release/release_new/new.10/include/qautils:/cvmfs/sphenix.sdcc.bnl.gov/alma9.2-gcc-14.2.0/release/release_new/new.10/include/trackreco:/cvmfs/sphenix.sdcc.bnl.gov/alma9.2-gcc-14.2.0/release/release_new/new.10/include/g4ohcal:/cvmfs/sphenix.sdcc.bnl.gov/alma9.2-gcc-14.2.0/release/release_new/new.10/include/tpcdvcalib:/cvmfs/sphenix.sdcc.bnl.gov/alma9.2-gcc-14.2.0/release/release_new/new.10/include/zdcinfo:/cvmfs/sphenix.sdcc.bnl.gov/alma9.2-gcc-14.2.0/release/release_new/new.10/include/phpythia8:/cvmfs/sphenix.sdcc.bnl.gov/alma9.2-gcc-14.2.0/release/release_new/new.10/include/fun4allutils:/cvmfs/sphenix.sdcc.bnl.gov/alma9.2-gcc-14.2.0/release/release_new/new.10/include/tpcqa:/cvmfs/sphenix.sdcc.bnl.gov/alma9.2-gcc-14.2.0/release/release_new/new.10/include/Pythia8:/cvmfs/sphenix.sdcc.bnl.gov/alma9.2-gcc-14.2.0/release/release_new/new.10/include/DDRec:/cvmfs/sphenix.sdcc.bnl.gov/alma9.2-gcc-14.2.0/release/release_new/new.10/include/DDDigi:/cvmfs/sphenix.sdcc.bnl.gov/alma9.2-gcc-14.2.0/release/release_new/new.10/include/g4ihcal:/cvmfs/sphenix.sdcc.bnl.gov/alma9.2-gcc-14.2.0/release/release_new/new.10/include/frog:/cvmfs/sphenix.sdcc.bnl.gov/alma9.2-gcc-14.2.0/release/release_new/new.10/include/eigen3:/cvmfs/sphenix.sdcc.bnl.gov/alma9.2-gcc-14.2.0/release/release_new/new.10/include/tensorpipe:/cvmfs/sphenix.sdcc.bnl.gov/alma9.2-gcc-14.2.0/release/release_new/new.10/include/sphenixnpc:/cvmfs/sphenix.sdcc.bnl.gov/alma9.2-gcc-14.2.0/release/release_new/new.10/include/siscone:/cvmfs/sphenix.sdcc.bnl.gov/alma9.2-gcc-14.2.0/release/release_new/new.10/include/pmonitor:/cvmfs/sphenix.sdcc.bnl.gov/alma9.2-gcc-14.2.0/release/release_new/new.10/include/calobase:/cvmfs/sphenix.sdcc.bnl.gov/alma9.2-gcc-14.2.0/release/release_new/new.10/include/ActsExamples:/cvmfs/sphenix.sdcc.bnl.gov/alma9.2-gcc-14.2.0/release/release_new/new.10/include/g4gdml:/cvmfs/sphenix.sdcc.bnl.gov/alma9.2-gcc-14.2.0/release/release_new/new.10/include/mvtx_decoder:/cvmfs/sphenix.sdcc.bnl.gov/alma9.2-gcc-14.2.0/release/release_new/new.10/include/ROOT:/cvmfs/sphenix.sdcc.bnl.gov/alma9.2-gcc-14.2.0/release/release_new/new.10/include/phparameter:/cvmfs/sphenix.sdcc.bnl.gov/alma9.2-gcc-14.2.0/release/release_new/new.10/include/rsa:/cvmfs/sphenix.sdcc.bnl.gov/alma9.2-gcc-14.2.0/release/release_new/new.10/include/fun4allraw:/cvmfs/sphenix.sdcc.bnl.gov/alma9.2-gcc-14.2.0/release/release_new/new.10/include/trackbase_historic:/cvmfs/sphenix.sdcc.bnl.gov/alma9.2-gcc-14.2.0/release/release_new/new.10/include/g4jets:/cvmfs/sphenix.sdcc.bnl.gov/alma9.2-gcc-14.2.0/release/release_new/new.10/include/jetqa:/cvmfs/sphenix.sdcc.bnl.gov/alma9.2-gcc-14.2.0/release/release_new/new.10/include/phoolraw:/cvmfs/sphenix.sdcc.bnl.gov/alma9.2-gcc-14.2.0/release/release_new/new.10/include/g4calo:/cvmfs/sphenix.sdcc.bnl.gov/alma9.2-gcc-14.2.0/release/release_new/new.10/include/mvtxrawhitqa:/cvmfs/sphenix.sdcc.bnl.gov/alma9.2-gcc-14.2.0/release/release_new/new.10/include/HepMC3:/cvmfs/sphenix.sdcc.bnl.gov/alma9.2-gcc-14.2.0/release/release_new/new.10/include/calowaveformsim:/cvmfs/sphenix.sdcc.bnl.gov/alma9.2-gcc-14.2.0/release/release_new/new.10/include/g4caloprototype:/cvmfs/sphenix.sdcc.bnl.gov/alma9.2-gcc-14.2.0/release/release_new/new.10/include/pdbcalbase:/cvmfs/sphenix.sdcc.bnl.gov/alma9.2-gcc-14.2.0/release/release_new/new.10/include/gsl:/cvmfs/sphenix.sdcc.bnl.gov/alma9.2-gcc-14.2.0/release/release_new/new.10/include/nodedump:/cvmfs/sphenix.sdcc.bnl.gov/alma9.2-gcc-14.2.0/release/release_new/new.10/include/emcnoisytowerfinder:/cvmfs/sphenix.sdcc.bnl.gov/alma9.2-gcc-14.2.0/release/release_new/new.10/include/ActsFatras:/cvmfs/sphenix.sdcc.bnl.gov/alma9.2-gcc-14.2.0/release/release_new/new.10/include/ffarawmodules:/cvmfs/sphenix.sdcc.bnl.gov/alma9.2-gcc-14.2.0/release/release_new/new.10/include/Event:/cvmfs/sphenix.sdcc.bnl.gov/alma9.2-gcc-14.2.0/release/release_new/new.10/include/prototype3:/cvmfs/sphenix.sdcc.bnl.gov/alma9.2-gcc-14.2.0/release/release_new/new.10/include/fermimotionafterburner:/cvmfs/sphenix.sdcc.bnl.gov/alma9.2-gcc-14.2.0/release/release_new/new.10/include/Photos:/cvmfs/sphenix.sdcc.bnl.gov/alma9.2-gcc-14.2.0/release/release_new/new.10/include/xingshiftcal:/cvmfs/sphenix.sdcc.bnl.gov/alma9.2-gcc-14.2.0/release/release_new/new.10/include/trackbase:/cvmfs/sphenix.sdcc.bnl.gov/alma9.2-gcc-14.2.0/release/release_new/new.10/include/jetdstskimmer:/cvmfs/sphenix.sdcc.bnl.gov/alma9.2-gcc-14.2.0/release/release_new/new.10/include/clusteriso:/cvmfs/sphenix.sdcc.bnl.gov/alma9.2-gcc-14.2.0/release/release_new/new.10/include/asmjit:/cvmfs/sphenix.sdcc.bnl.gov/alma9.2-gcc-14.2.0/release/release_new/new.10/include/particleflowreco:/cvmfs/sphenix.sdcc.bnl.gov/alma9.2-gcc-14.2.0/release/release_new/new.10/include/tpchittrackdisplay:/cvmfs/sphenix.sdcc.bnl.gov/alma9.2-gcc-14.2.0/release/release_new/new.10/include/caloana:/cvmfs/sphenix.sdcc.bnl.gov/alma9.2-gcc-14.2.0/release/release_new/new.10/include/calotrigger:/cvmfs/sphenix.sdcc.bnl.gov/alma9.2-gcc-14.2.0/release/release_new/new.10/include/nopayloadclient:/cvmfs/sphenix.sdcc.bnl.gov/alma9.2-gcc-14.2.0/release/release_new/new.10/include/trackermillepedealignment:/cvmfs/sphenix.sdcc.bnl.gov/alma9.2-gcc-14.2.0/release/release_new/new.10/include/DD4hep:/cvmfs/sphenix.sdcc.bnl.gov/alma9.2-gcc-14.2.0/release/release_new/new.10/include/g4trackfastsim:/cvmfs/sphenix.sdcc.bnl.gov/alma9.2-gcc-14.2.0/release/release_new/new.10/include/prototype2:/cvmfs/sphenix.sdcc.bnl.gov/alma9.2-gcc-14.2.0/release/release_new/new.10/include/ATen:/cvmfs/sphenix.sdcc.bnl.gov/alma9.2-gcc-14.2.0/release/release_new/new.10/include/g4main:/cvmfs/sphenix.sdcc.bnl.gov/alma9.2-gcc-14.2.0/release/release_new/new.10/include/Tauola:/cvmfs/sphenix.sdcc.bnl.gov/alma9.2-gcc-14.2.0/release/release_new/new.10/include/inttcalib:/cvmfs/sphenix.sdcc.bnl.gov/alma9.2-gcc-14.2.0/release/release_new/new.10/include/reactionplaneafterburner:/cvmfs/sphenix.sdcc.bnl.gov/alma9.2-gcc-14.2.0/release/release_new/new.10/include/globalqa:/cvmfs/sphenix.sdcc.bnl.gov/alma9.2-gcc-14.2.0/release/release_new/new.10/include/tpccalib:/cvmfs/sphenix.sdcc.bnl.gov/alma9.2-gcc-14.2.0/release/release_new/new.10/include/DDSegmentation:/cvmfs/sphenix.sdcc.bnl.gov/alma9.2-gcc-14.2.0/release/release_new/new.10/include/decayfinder:/cvmfs/sphenix.sdcc.bnl.gov/alma9.2-gcc-14.2.0/release/release_new/new.10/include/compressclus:/cvmfs/sphenix.sdcc.bnl.gov/alma9.2-gcc-14.2.0/release/release_new/new.10/include/simqa_modules:/cvmfs/sphenix.sdcc.bnl.gov/alma9.2-gcc-14.2.0/release/release_new/new.10/include/resonancejettagging:/cvmfs/sphenix.sdcc.bnl.gov/alma9.2-gcc-14.2.0/release/release_new/new.10/include/g4centrality:/cvmfs/sphenix.sdcc.bnl.gov/alma9.2-gcc-14.2.0/release/release_new/new.10/include/mvtx:/cvmfs/sphenix.sdcc.bnl.gov/alma9.2-gcc-14.2.0/release/release_new/new.10/include/nlohmann:/cvmfs/sphenix.sdcc.bnl.gov/alma9.2-gcc-14.2.0/release/release_new/new.10/include/localpoloffmon:/cvmfs/sphenix.sdcc.bnl.gov/alma9.2-gcc-14.2.0/release/release_new/new.10/include/DDEve:/cvmfs/sphenix.sdcc.bnl.gov/alma9.2-gcc-14.2.0/release/release_new/new.10/include/Parsers:/cvmfs/sphenix.sdcc.bnl.gov/alma9.2-gcc-14.2.0/release/release_new/new.10/include/trackingdiagnostics:/cvmfs/sphenix.sdcc.bnl.gov/alma9.2-gcc-14.2.0/release/release_new/new.10/include/g4vertex:/cvmfs/sphenix.sdcc.bnl.gov/alma9.2-gcc-14.2.0/release/release_new/new.10/include/jetbase:/cvmfs/sphenix.sdcc.bnl.gov/alma9.2-gcc-14.2.0/release/release_new/new.10/include/globalvertex:/cvmfs/sphenix.sdcc.bnl.gov/alma9.2-gcc-14.2.0/release/release_new/new.10/include/phgenfit:/cvmfs/sphenix.sdcc.bnl.gov/alma9.2-gcc-14.2.0/release/release_new/new.10/include/rawbcolumi:/cvmfs/sphenix.sdcc.bnl.gov/alma9.2-gcc-14.2.0/release/release_new/new.10/include/eicsmear:/cvmfs/sphenix.sdcc.bnl.gov/alma9.2-gcc-14.2.0/release/release_new/new.10/include/mvtxcalib:/cvmfs/sphenix.sdcc.bnl.gov/alma9.2-gcc-14.2.0/release/release_new/new.10/include/tpclinelaserdiode:/cvmfs/sphenix.sdcc.bnl.gov/alma9.2-gcc-14.2.0/release/release_new/new.10/include/hepmcjettrigger:/cvmfs/sphenix.sdcc.bnl.gov/alma9.2-gcc-14.2.0/release/release_new/new.10/include/core:/cvmfs/sphenix.sdcc.bnl.gov/alma9.2-gcc-14.2.0/release/release_new/new.10/include/calo_cdb:/cvmfs/sphenix.sdcc.bnl.gov/alma9.2-gcc-14.2.0/release/release_new/new.10/include/mvtxclustershapesqa:/cvmfs/sphenix.sdcc.bnl.gov/alma9.2-gcc-14.2.0/release/release_new/new.10/include/calopacketskimmer:/cvmfs/sphenix.sdcc.bnl.gov/alma9.2-gcc-14.2.0/opt/sphenix/core/geant4.10.07.p04/include:/cvmfs/sphenix.sdcc.bnl.gov/alma9.2-gcc-14.2.0/release/release_new/new.10/rootmacros:/cvmfs/sphenix.sdcc.bnl.gov/alma9.2-gcc-14.2.0/opt/sphenix/core/include
GSEARCHPATH=.:PG:LUSTRE:RAWDATA
PWD=/gpfs/mnt/gpfs02/sphenix/user/samfred/run25/ppg11/histmaking
LOGNAME=samfred
_CONDOR_JOB_AD=/home/condor/local/sphnx/execute/dir_1683005/.job.ad
MANPATH=/cvmfs/sphenix.sdcc.bnl.gov/alma9.2-gcc-14.2.0/opt/sphenix/core/gcc/14.2.0-2f0a0/x86_64-el9/share/man:/cvmfs/sphenix.sdcc.bnl.gov/alma9.2-gcc-14.2.0/opt/sphenix/core/binutils/2.40-acaab/x86_64-el9/share/man:/cvmfs/sphenix.sdcc.bnl.gov/alma9.2-gcc-14.2.0/release/release_new/new.10/share/man:/cvmfs/sphenix.sdcc.bnl.gov/alma9.2-gcc-14.2.0/opt/sphenix/utils/share/man:/cvmfs/sphenix.sdcc.bnl.gov/alma9.2-gcc-14.2.0/opt/sphenix/core/share/man:/cvmfs/sphenix.sdcc.bnl.gov/alma9.2-gcc-14.2.0/opt/sphenix/core/root-6.32.06/man:/usr/local/share/man:/usr/share/man
PYTHIA8=/cvmfs/sphenix.sdcc.bnl.gov/alma9.2-gcc-14.2.0/release/release_new/new.10/share/Pythia8
G4INCLDATA=/cvmfs/sphenix.sdcc.bnl.gov/alma9.2-gcc-14.2.0/opt/sphenix/core/geant4.10.07.p04/share/Geant4-10.7.4/data/G4INCL1.0
ORIG_PATH=/usr/local/bin:/usr/bin
CXX=/cvmfs/sphenix.sdcc.bnl.gov/alma9.2-gcc-14.2.0/opt/sphenix/core/gcc/14.2.0-2f0a0/x86_64-el9/bin/g++
G4LEDATA=/cvmfs/sphenix.sdcc.bnl.gov/alma9.2-gcc-14.2.0/opt/sphenix/core/geant4.10.07.p04/share/Geant4-10.7.4/data/G4EMLOW7.13
PYTHON_CPU_COUNT=1
OPENBLAS_NUM_THREADS=1
_CONDOR_BIN=/usr/bin
HOME=/sphenix/u/samfred
G4PARTICLEXSDATA=/cvmfs/sphenix.sdcc.bnl.gov/alma9.2-gcc-14.2.0/opt/sphenix/core/geant4.10.07.p04/share/Geant4-10.7.4/data/G4PARTICLEXS3.1.1
ONLINE_MAIN=/cvmfs/sphenix.sdcc.bnl.gov/alma9.2-gcc-14.2.0/release/release_new/new.10
CALIBRATIONROOT=/cvmfs/sphenix.sdcc.bnl.gov/alma9.2-gcc-14.2.0/release/release_new/new.10/share/calibrations
TMPDIR=/tmp
_CONDOR_SCRATCH_DIR=/home/condor/local/sphnx/execute/dir_1683005
PGUSER=phnxrc
NOPAYLOADCLIENT_CONF=/cvmfs/sphenix.sdcc.bnl.gov/alma9.2-gcc-14.2.0/opt/sphenix/core/etc/sPHENIX_newcdb.json
XERCESCROOT=/cvmfs/sphenix.sdcc.bnl.gov/alma9.2-gcc-14.2.0/opt/sphenix/core/geant4.10.07.p04
LHAPATH=/cvmfs/sphenix.sdcc.bnl.gov/alma9.2-gcc-14.2.0/opt/sphenix/core/lhapdf-5.9.1/share/lhapdf/PDFsets
_CONDOR_ANCESTOR_345104=345139:1756523315:450496953
G4NEUTRONHPDATA=/cvmfs/sphenix.sdcc.bnl.gov/alma9.2-gcc-14.2.0/opt/sphenix/core/geant4.10.07.p04/share/Geant4-10.7.4/data/G4NDL4.6
PYTHONPATH=.:/cvmfs/sphenix.sdcc.bnl.gov/alma9.2-gcc-14.2.0/release/release_new/new.10/lib/python3.13/site-packages:/cvmfs/sphenix.sdcc.bnl.gov/alma9.2-gcc-14.2.0/opt/sphenix/core/lib/python3.13/site-packages:/cvmfs/sphenix.sdcc.bnl.gov/alma9.2-gcc-14.2.0/opt/sphenix/core/root-6.32.06/lib
USER=samfred
_CONDOR_JOB_PIDS=
TEMP=/tmp
GOMAXPROCS=1
OFFLINE_MAIN=/cvmfs/sphenix.sdcc.bnl.gov/alma9.2-gcc-14.2.0/release/release_new/new.10
SHLVL=1
TF_NUM_THREADS=1
G4SAIDXSDATA=/cvmfs/sphenix.sdcc.bnl.gov/alma9.2-gcc-14.2.0/opt/sphenix/core/geant4.10.07.p04/share/Geant4-10.7.4/data/G4SAIDDATA2.0
APPTAINER_CACHEDIR=/home/condor/local/sphnx/execute/dir_1683005
ROOTSYS=/cvmfs/sphenix.sdcc.bnl.gov/alma9.2-gcc-14.2.0/opt/sphenix/core/root-6.32.06
BATCH_SYSTEM=HTCondor
_CONDOR_SLOT=slot1_67
LD_LIBRARY_PATH=/sphenix/user/samfred/run25/install//lib:/cvmfs/sphenix.sdcc.bnl.gov/alma9.2-gcc-14.2.0/opt/sphenix/core/gcc/14.2.0-2f0a0/x86_64-el9/lib:/cvmfs/sphenix.sdcc.bnl.gov/alma9.2-gcc-14.2.0/opt/sphenix/core/gcc/14.2.0-2f0a0/x86_64-el9/lib64:/cvmfs/sphenix.sdcc.bnl.gov/alma9.2-gcc-14.2.0/opt/sphenix/core/binutils/2.40-acaab/x86_64-el9/lib:.:/cvmfs/sphenix.sdcc.bnl.gov/alma9.2-gcc-14.2.0/release/release_new/new.10/lib64:/cvmfs/sphenix.sdcc.bnl.gov/alma9.2-gcc-14.2.0/release/release_new/new.10/lib:/cvmfs/sphenix.sdcc.bnl.gov/alma9.2-gcc-14.2.0/opt/sphenix/utils/lib:/cvmfs/sphenix.sdcc.bnl.gov/alma9.2-gcc-14.2.0/opt/sphenix/core/lib:/cvmfs/sphenix.sdcc.bnl.gov/alma9.2-gcc-14.2.0/opt/sphenix/core/root-6.32.06/lib:/cvmfs/sphenix.sdcc.bnl.gov/alma9.2-gcc-14.2.0/opt/sphenix/core/geant4.10.07.p04/lib64:/cvmfs/sphenix.sdcc.bnl.gov/alma9.2-gcc-14.2.0/opt/sphenix/core/lhapdf-5.9.1/lib:/usr/local/lib64:/usr/lib64
OPT_SPHENIX=/cvmfs/sphenix.sdcc.bnl.gov/alma9.2-gcc-14.2.0/opt/sphenix/core
TF_LOOP_PARALLEL_ITERATIONS=1
EVT_LIB=/cvmfs/sphenix.sdcc.bnl.gov/alma9.2-gcc-14.2.0/opt/sphenix/core/root-6.32.06/lib
PGHOST=sphnxdbmaster.sdcc.bnl.gov
OMP_NUM_THREADS=1
G4REALSURFACEDATA=/cvmfs/sphenix.sdcc.bnl.gov/alma9.2-gcc-14.2.0/opt/sphenix/core/geant4.10.07.p04/share/Geant4-10.7.4/data/RealSurface2.2
FC=/cvmfs/sphenix.sdcc.bnl.gov/alma9.2-gcc-14.2.0/opt/sphenix/core/gcc/14.2.0-2f0a0/x86_64-el9/bin/gfortran
G4ABLADATA=/cvmfs/sphenix.sdcc.bnl.gov/alma9.2-gcc-14.2.0/opt/sphenix/core/geant4.10.07.p04/share/Geant4-10.7.4/data/G4ABLA3.1
PARASOFT=doesnotexist
TMP=/tmp
OPT_UTILS=/cvmfs/sphenix.sdcc.bnl.gov/alma9.2-gcc-14.2.0/opt/sphenix/utils
CONFIG_SITE=/cvmfs/sphenix.sdcc.bnl.gov/alma9.2-gcc-14.2.0/opt/sphenix/core/etc/config.site
PATH=/sphenix/user/samfred/run25/install//bin:/cvmfs/sphenix.sdcc.bnl.gov/alma9.2-gcc-14.2.0/opt/sphenix/core/gcc/14.2.0-2f0a0/x86_64-el9/bin:/cvmfs/sphenix.sdcc.bnl.gov/alma9.2-gcc-14.2.0/opt/sphenix/core/binutils/2.40-acaab/x86_64-el9/bin:.:/cvmfs/sphenix.sdcc.bnl.gov/alma9.2-gcc-14.2.0/release/release_new/new.10/bin:/cvmfs/sphenix.sdcc.bnl.gov/alma9.2-gcc-14.2.0/opt/sphenix/utils/bin:/cvmfs/sphenix.sdcc.bnl.gov/alma9.2-gcc-14.2.0/opt/sphenix/core/bin:/cvmfs/sphenix.sdcc.bnl.gov/alma9.2-gcc-14.2.0/opt/sphenix/core/root-6.32.06/bin:/cvmfs/sphenix.sdcc.bnl.gov/alma9.2-gcc-14.2.0/opt/sphenix/core/geant4.10.07.p04/bin:/usr/local/bin:/usr/bin:/usr/local/sbin:/usr/sbin
G4LEVELGAMMADATA=/cvmfs/sphenix.sdcc.bnl.gov/alma9.2-gcc-14.2.0/opt/sphenix/core/geant4.10.07.p04/share/Geant4-10.7.4/data/PhotonEvaporation5.7
CC=/cvmfs/sphenix.sdcc.bnl.gov/alma9.2-gcc-14.2.0/opt/sphenix/core/gcc/14.2.0-2f0a0/x86_64-el9/bin/gcc
G4RADIOACTIVEDATA=/cvmfs/sphenix.sdcc.bnl.gov/alma9.2-gcc-14.2.0/opt/sphenix/core/geant4.10.07.p04/share/Geant4-10.7.4/data/RadioactiveDecay5.6
JULIA_NUM_THREADS=1
MKL_NUM_THREADS=1
_CONDOR_ANCESTOR_345139=1683005:1759352766:4128434226
LHAPDF_DATA_PATH=/cvmfs/sphenix.sdcc.bnl.gov/alma9.2-gcc-14.2.0/release/release_new/new.10/share/LHAPDF
XPLOAD_CONFIG_DIR=/cvmfs/sphenix.sdcc.bnl.gov/alma9.2-gcc-14.2.0/opt/sphenix/core/etc
OLDPWD=/cvmfs/sphenix.sdcc.bnl.gov/alma9.2-gcc-14.2.0/release/release_new/new.10/geant4
_=/usr/bin/printenv
runnumber...
53878
trigger...

   ------------------------------------------------------------------
  | Welcome to ROOT 6.32.06                        https://root.cern |
  | (c) 1995-2024, The ROOT Team; conception: R. Brun, F. Rademakers |
  | Built for linuxx8664gcc on Dec 13 2024, 17:23:48                 |
  | From tags/6-32-06@6-32-06                                        |
  | With g++ (GCC) 14.2.0                                            |
  | Try '.help'/'.?', '.demo', '.license', '.credits', '.quit'/'.q'  |
   ------------------------------------------------------------------


Processing data_histmaker.C(53878)...
entry 1000/6362128 (0.015718%)
entry 2000/6362128 (0.031436%)
entry 4000/6362128 (0.062872%)
entry 6000/6362128 (0.0943081%)
entry 7000/6362128 (0.110026%)
entry 10000/6362128 (0.15718%)
entry 11000/6362128 (0.172898%)
entry 12000/6362128 (0.188616%)
entry 16000/6362128 (0.251488%)
entry 17000/6362128 (0.267206%)
entry 18000/6362128 (0.282924%)
entry 19000/6362128 (0.298642%)
entry 20000/6362128 (0.31436%)
entry 21000/6362128 (0.330078%)
entry 22000/6362128 (0.345796%)
entry 24000/6362128 (0.377232%)
entry 26000/6362128 (0.408668%)
entry 28000/6362128 (0.440104%)
entry 29000/6362128 (0.455822%)
entry 30000/6362128 (0.47154%)
entry 31000/6362128 (0.487258%)
entry 33000/6362128 (0.518694%)
entry 34000/6362128 (0.534412%)
entry 35000/6362128 (0.55013%)
entry 37000/6362128 (0.581566%)
entry 44000/6362128 (0.691593%)
entry 45000/6362128 (0.707311%)
entry 46000/6362128 (0.723029%)
entry 49000/6362128 (0.770183%)
entry 51000/6362128 (0.801619%)
entry 53000/6362128 (0.833055%)
entry 56000/6362128 (0.880209%)
entry 57000/6362128 (0.895927%)
entry 60000/6362128 (0.943081%)
entry 61000/6362128 (0.958799%)
entry 62000/6362128 (0.974517%)
entry 63000/6362128 (0.990235%)
entry 64000/6362128 (1.00595%)
entry 65000/6362128 (1.02167%)
entry 66000/6362128 (1.03739%)
entry 67000/6362128 (1.05311%)
entry 68000/6362128 (1.06882%)
entry 70000/6362128 (1.10026%)
entry 72000/6362128 (1.1317%)
entry 73000/6362128 (1.14741%)
entry 74000/6362128 (1.16313%)
entry 76000/6362128 (1.19457%)
entry 78000/6362128 (1.226%)
entry 79000/6362128 (1.24172%)
entry 80000/6362128 (1.25744%)
entry 81000/6362128 (1.27316%)
entry 83000/6362128 (1.30459%)
entry 85000/6362128 (1.33603%)
entry 86000/6362128 (1.35175%)
entry 89000/6362128 (1.3989%)
entry 91000/6362128 (1.43034%)
entry 92000/6362128 (1.44606%)
entry 93000/6362128 (1.46178%)
entry 99000/6362128 (1.55608%)
entry 100000/6362128 (1.5718%)
entry 103000/6362128 (1.61896%)
entry 105000/6362128 (1.65039%)
entry 107000/6362128 (1.68183%)
entry 108000/6362128 (1.69755%)
entry 109000/6362128 (1.71326%)
entry 111000/6362128 (1.7447%)
entry 113000/6362128 (1.77614%)
entry 114000/6362128 (1.79185%)
entry 115000/6362128 (1.80757%)
entry 116000/6362128 (1.82329%)
entry 117000/6362128 (1.83901%)
entry 118000/6362128 (1.85473%)
entry 120000/6362128 (1.88616%)
entry 121000/6362128 (1.90188%)
entry 122000/6362128 (1.9176%)
entry 123000/6362128 (1.93332%)
entry 125000/6362128 (1.96475%)
entry 128000/6362128 (2.01191%)
entry 129000/6362128 (2.02762%)
entry 130000/6362128 (2.04334%)
entry 132000/6362128 (2.07478%)
entry 134000/6362128 (2.10621%)
entry 135000/6362128 (2.12193%)
entry 138000/6362128 (2.16909%)
entry 139000/6362128 (2.1848%)
entry 142000/6362128 (2.23196%)
entry 143000/6362128 (2.24768%)
entry 144000/6362128 (2.26339%)
entry 148000/6362128 (2.32627%)
entry 149000/6362128 (2.34198%)
entry 150000/6362128 (2.3577%)
entry 151000/6362128 (2.37342%)
entry 152000/6362128 (2.38914%)
entry 157000/6362128 (2.46773%)
entry 158000/6362128 (2.48345%)
entry 160000/6362128 (2.51488%)
entry 161000/6362128 (2.5306%)
entry 163000/6362128 (2.56204%)
entry 165000/6362128 (2.59347%)
entry 167000/6362128 (2.62491%)
entry 168000/6362128 (2.64063%)
entry 170000/6362128 (2.67206%)
entry 172000/6362128 (2.7035%)
entry 173000/6362128 (2.71922%)
entry 174000/6362128 (2.73493%)
entry 175000/6362128 (2.75065%)
entry 177000/6362128 (2.78209%)
entry 178000/6362128 (2.79781%)
entry 179000/6362128 (2.81352%)
entry 181000/6362128 (2.84496%)
entry 182000/6362128 (2.86068%)
entry 185000/6362128 (2.90783%)
entry 188000/6362128 (2.95499%)
entry 191000/6362128 (3.00214%)
entry 192000/6362128 (3.01786%)
entry 197000/6362128 (3.09645%)
entry 198000/6362128 (3.11217%)
entry 202000/6362128 (3.17504%)
entry 203000/6362128 (3.19076%)
entry 205000/6362128 (3.22219%)
entry 208000/6362128 (3.26935%)
entry 212000/6362128 (3.33222%)
entry 213000/6362128 (3.34794%)
entry 214000/6362128 (3.36365%)
entry 218000/6362128 (3.42653%)
entry 219000/6362128 (3.44224%)
entry 221000/6362128 (3.47368%)
entry 223000/6362128 (3.50512%)
entry 226000/6362128 (3.55227%)
entry 227000/6362128 (3.56799%)
entry 229000/6362128 (3.59942%)
entry 230000/6362128 (3.61514%)
entry 231000/6362128 (3.63086%)
entry 233000/6362128 (3.6623%)
entry 234000/6362128 (3.67801%)
entry 235000/6362128 (3.69373%)
entry 236000/6362128 (3.70945%)
entry 239000/6362128 (3.7566%)
entry 240000/6362128 (3.77232%)
entry 242000/6362128 (3.80376%)
entry 244000/6362128 (3.83519%)
entry 246000/6362128 (3.86663%)
entry 247000/6362128 (3.88235%)
entry 248000/6362128 (3.89807%)
entry 249000/6362128 (3.91378%)
entry 250000/6362128 (3.9295%)
entry 251000/6362128 (3.94522%)
entry 252000/6362128 (3.96094%)
entry 254000/6362128 (3.99237%)
entry 255000/6362128 (4.00809%)
entry 256000/6362128 (4.02381%)
entry 257000/6362128 (4.03953%)
entry 259000/6362128 (4.07096%)
entry 260000/6362128 (4.08668%)
entry 262000/6362128 (4.11812%)
entry 264000/6362128 (4.14956%)
entry 265000/6362128 (4.16527%)
entry 266000/6362128 (4.18099%)
entry 268000/6362128 (4.21243%)
entry 273000/6362128 (4.29102%)
entry 275000/6362128 (4.32245%)
entry 276000/6362128 (4.33817%)
entry 277000/6362128 (4.35389%)
entry 278000/6362128 (4.36961%)
entry 279000/6362128 (4.38533%)
entry 280000/6362128 (4.40104%)
entry 281000/6362128 (4.41676%)
entry 282000/6362128 (4.43248%)
entry 283000/6362128 (4.4482%)
entry 284000/6362128 (4.46392%)
entry 286000/6362128 (4.49535%)
entry 290000/6362128 (4.55822%)
entry 291000/6362128 (4.57394%)
entry 293000/6362128 (4.60538%)
entry 295000/6362128 (4.63681%)
entry 296000/6362128 (4.65253%)
entry 298000/6362128 (4.68397%)
entry 300000/6362128 (4.7154%)
entry 302000/6362128 (4.74684%)
entry 303000/6362128 (4.76256%)
entry 304000/6362128 (4.77828%)
entry 305000/6362128 (4.79399%)
entry 306000/6362128 (4.80971%)
entry 307000/6362128 (4.82543%)
entry 309000/6362128 (4.85687%)
entry 311000/6362128 (4.8883%)
entry 312000/6362128 (4.90402%)
entry 316000/6362128 (4.96689%)
entry 318000/6362128 (4.99833%)
entry 319000/6362128 (5.01405%)
entry 321000/6362128 (5.04548%)
entry 322000/6362128 (5.0612%)
entry 323000/6362128 (5.07692%)
entry 324000/6362128 (5.09264%)
entry 325000/6362128 (5.10835%)
entry 328000/6362128 (5.15551%)
entry 330000/6362128 (5.18694%)
entry 331000/6362128 (5.20266%)
entry 332000/6362128 (5.21838%)
entry 334000/6362128 (5.24982%)
entry 336000/6362128 (5.28125%)
entry 339000/6362128 (5.32841%)
entry 342000/6362128 (5.37556%)
entry 343000/6362128 (5.39128%)
entry 344000/6362128 (5.407%)
entry 347000/6362128 (5.45415%)
entry 351000/6362128 (5.51702%)
entry 353000/6362128 (5.54846%)
entry 355000/6362128 (5.57989%)
entry 356000/6362128 (5.59561%)
entry 357000/6362128 (5.61133%)
entry 358000/6362128 (5.62705%)
entry 359000/6362128 (5.64277%)
entry 360000/6362128 (5.65848%)
entry 362000/6362128 (5.68992%)
entry 364000/6362128 (5.72136%)
entry 366000/6362128 (5.75279%)
entry 367000/6362128 (5.76851%)
entry 368000/6362128 (5.78423%)
entry 369000/6362128 (5.79995%)
entry 370000/6362128 (5.81566%)
entry 371000/6362128 (5.83138%)
entry 372000/6362128 (5.8471%)
entry 373000/6362128 (5.86282%)
entry 376000/6362128 (5.90997%)
entry 377000/6362128 (5.92569%)
entry 380000/6362128 (5.97284%)
entry 381000/6362128 (5.98856%)
entry 382000/6362128 (6.00428%)
entry 384000/6362128 (6.03572%)
entry 386000/6362128 (6.06715%)
entry 387000/6362128 (6.08287%)
entry 390000/6362128 (6.13002%)
entry 391000/6362128 (6.14574%)
entry 392000/6362128 (6.16146%)
entry 394000/6362128 (6.1929%)
entry 395000/6362128 (6.20861%)
entry 396000/6362128 (6.22433%)
entry 397000/6362128 (6.24005%)
entry 398000/6362128 (6.25577%)
entry 399000/6362128 (6.27149%)
entry 400000/6362128 (6.2872%)
entry 402000/6362128 (6.31864%)
entry 403000/6362128 (6.33436%)
entry 406000/6362128 (6.38151%)
entry 407000/6362128 (6.39723%)
entry 408000/6362128 (6.41295%)
entry 410000/6362128 (6.44438%)
entry 415000/6362128 (6.52297%)
entry 417000/6362128 (6.55441%)
entry 418000/6362128 (6.57013%)
entry 419000/6362128 (6.58585%)
entry 422000/6362128 (6.633%)
entry 423000/6362128 (6.64872%)
entry 425000/6362128 (6.68015%)
entry 427000/6362128 (6.71159%)
entry 428000/6362128 (6.72731%)
entry 429000/6362128 (6.74303%)
entry 430000/6362128 (6.75875%)
entry 431000/6362128 (6.77446%)
entry 433000/6362128 (6.8059%)
entry 438000/6362128 (6.88449%)
entry 439000/6362128 (6.90021%)
entry 440000/6362128 (6.91592%)
entry 441000/6362128 (6.93164%)
entry 443000/6362128 (6.96308%)
entry 444000/6362128 (6.9788%)
entry 445000/6362128 (6.99451%)
entry 447000/6362128 (7.02595%)
entry 450000/6362128 (7.07311%)
entry 451000/6362128 (7.08882%)
entry 452000/6362128 (7.10454%)
entry 453000/6362128 (7.12026%)
entry 454000/6362128 (7.13598%)
entry 456000/6362128 (7.16741%)
entry 457000/6362128 (7.18313%)
entry 458000/6362128 (7.19885%)
entry 460000/6362128 (7.23029%)
entry 461000/6362128 (7.246%)
entry 463000/6362128 (7.27744%)
entry 465000/6362128 (7.30888%)
entry 466000/6362128 (7.32459%)
entry 472000/6362128 (7.4189%)
entry 473000/6362128 (7.43462%)
entry 474000/6362128 (7.45034%)
entry 475000/6362128 (7.46606%)
entry 477000/6362128 (7.49749%)
entry 478000/6362128 (7.51321%)
entry 481000/6362128 (7.56036%)
entry 482000/6362128 (7.57608%)
entry 485000/6362128 (7.62324%)
entry 486000/6362128 (7.63895%)
entry 490000/6362128 (7.70183%)
entry 495000/6362128 (7.78042%)
entry 496000/6362128 (7.79613%)
entry 498000/6362128 (7.82757%)
entry 501000/6362128 (7.87472%)
entry 502000/6362128 (7.89044%)
entry 503000/6362128 (7.90616%)
entry 504000/6362128 (7.92188%)
entry 505000/6362128 (7.9376%)
entry 506000/6362128 (7.95331%)
entry 507000/6362128 (7.96903%)
entry 510000/6362128 (8.01619%)
entry 513000/6362128 (8.06334%)
entry 515000/6362128 (8.09478%)
entry 517000/6362128 (8.12621%)
entry 518000/6362128 (8.14193%)
entry 519000/6362128 (8.15765%)
entry 520000/6362128 (8.17337%)
entry 522000/6362128 (8.2048%)
entry 526000/6362128 (8.26767%)
entry 527000/6362128 (8.28339%)
entry 532000/6362128 (8.36198%)
entry 533000/6362128 (8.3777%)
entry 534000/6362128 (8.39342%)
entry 535000/6362128 (8.40914%)
entry 537000/6362128 (8.44057%)
entry 538000/6362128 (8.45629%)
entry 541000/6362128 (8.50344%)
entry 542000/6362128 (8.51916%)
entry 543000/6362128 (8.53488%)
entry 545000/6362128 (8.56632%)
entry 548000/6362128 (8.61347%)
entry 549000/6362128 (8.62919%)
entry 550000/6362128 (8.64491%)
entry 555000/6362128 (8.7235%)
entry 557000/6362128 (8.75493%)
entry 558000/6362128 (8.77065%)
entry 559000/6362128 (8.78637%)
entry 560000/6362128 (8.80209%)
entry 563000/6362128 (8.84924%)
entry 564000/6362128 (8.86496%)
entry 566000/6362128 (8.89639%)
entry 567000/6362128 (8.91211%)
entry 569000/6362128 (8.94355%)
entry 570000/6362128 (8.95927%)
entry 571000/6362128 (8.97498%)
entry 574000/6362128 (9.02214%)
entry 576000/6362128 (9.05357%)
entry 578000/6362128 (9.08501%)
entry 579000/6362128 (9.10073%)
entry 583000/6362128 (9.1636%)
entry 585000/6362128 (9.19504%)
entry 586000/6362128 (9.21075%)
entry 587000/6362128 (9.22647%)
entry 588000/6362128 (9.24219%)
entry 589000/6362128 (9.25791%)
entry 591000/6362128 (9.28934%)
entry 592000/6362128 (9.30506%)
entry 594000/6362128 (9.3365%)
entry 596000/6362128 (9.36793%)
entry 597000/6362128 (9.38365%)
entry 598000/6362128 (9.39937%)
entry 600000/6362128 (9.43081%)
entry 601000/6362128 (9.44652%)
entry 602000/6362128 (9.46224%)
entry 603000/6362128 (9.47796%)
entry 606000/6362128 (9.52512%)
entry 607000/6362128 (9.54083%)
entry 608000/6362128 (9.55655%)
entry 611000/6362128 (9.60371%)
entry 612000/6362128 (9.61942%)
entry 613000/6362128 (9.63514%)
entry 614000/6362128 (9.65086%)
entry 615000/6362128 (9.66658%)
entry 617000/6362128 (9.69801%)
entry 618000/6362128 (9.71373%)
entry 620000/6362128 (9.74517%)
entry 622000/6362128 (9.7766%)
entry 623000/6362128 (9.79232%)
entry 625000/6362128 (9.82376%)
entry 626000/6362128 (9.83948%)
entry 627000/6362128 (9.85519%)
entry 629000/6362128 (9.88663%)
entry 630000/6362128 (9.90235%)
entry 631000/6362128 (9.91807%)
entry 634000/6362128 (9.96522%)
entry 635000/6362128 (9.98094%)
entry 636000/6362128 (9.99665%)
entry 641000/6362128 (10.0752%)
entry 644000/6362128 (10.1224%)
entry 645000/6362128 (10.1381%)
entry 646000/6362128 (10.1538%)
entry 648000/6362128 (10.1853%)
entry 650000/6362128 (10.2167%)
entry 652000/6362128 (10.2481%)
entry 654000/6362128 (10.2796%)
entry 658000/6362128 (10.3425%)
entry 659000/6362128 (10.3582%)
entry 660000/6362128 (10.3739%)
entry 662000/6362128 (10.4053%)
entry 663000/6362128 (10.421%)
entry 665000/6362128 (10.4525%)
entry 666000/6362128 (10.4682%)
entry 667000/6362128 (10.4839%)
entry 670000/6362128 (10.5311%)
entry 671000/6362128 (10.5468%)
entry 672000/6362128 (10.5625%)
entry 675000/6362128 (10.6097%)
entry 676000/6362128 (10.6254%)
entry 678000/6362128 (10.6568%)
entry 681000/6362128 (10.704%)
entry 683000/6362128 (10.7354%)
entry 685000/6362128 (10.7668%)
entry 687000/6362128 (10.7983%)
entry 688000/6362128 (10.814%)
entry 689000/6362128 (10.8297%)
entry 690000/6362128 (10.8454%)
entry 691000/6362128 (10.8611%)
entry 693000/6362128 (10.8926%)
entry 694000/6362128 (10.9083%)
entry 696000/6362128 (10.9397%)
entry 697000/6362128 (10.9555%)
entry 698000/6362128 (10.9712%)
entry 699000/6362128 (10.9869%)
entry 701000/6362128 (11.0183%)
entry 706000/6362128 (11.0969%)
entry 707000/6362128 (11.1126%)
entry 708000/6362128 (11.1284%)
entry 709000/6362128 (11.1441%)
entry 710000/6362128 (11.1598%)
entry 711000/6362128 (11.1755%)
entry 712000/6362128 (11.1912%)
entry 713000/6362128 (11.2069%)
entry 714000/6362128 (11.2227%)
entry 715000/6362128 (11.2384%)
entry 716000/6362128 (11.2541%)
entry 717000/6362128 (11.2698%)
entry 719000/6362128 (11.3013%)
entry 720000/6362128 (11.317%)
entry 721000/6362128 (11.3327%)
entry 722000/6362128 (11.3484%)
entry 723000/6362128 (11.3641%)
entry 726000/6362128 (11.4113%)
entry 727000/6362128 (11.427%)
entry 729000/6362128 (11.4584%)
entry 730000/6362128 (11.4741%)
entry 734000/6362128 (11.537%)
entry 736000/6362128 (11.5685%)
entry 737000/6362128 (11.5842%)
entry 738000/6362128 (11.5999%)
entry 742000/6362128 (11.6628%)
entry 743000/6362128 (11.6785%)
entry 744000/6362128 (11.6942%)
entry 745000/6362128 (11.7099%)
entry 749000/6362128 (11.7728%)
entry 751000/6362128 (11.8042%)
entry 753000/6362128 (11.8357%)
entry 754000/6362128 (11.8514%)
entry 755000/6362128 (11.8671%)
entry 756000/6362128 (11.8828%)
entry 758000/6362128 (11.9143%)
entry 759000/6362128 (11.93%)
entry 760000/6362128 (11.9457%)
entry 761000/6362128 (11.9614%)
entry 762000/6362128 (11.9771%)
entry 766000/6362128 (12.04%)
entry 767000/6362128 (12.0557%)
entry 769000/6362128 (12.0872%)
entry 770000/6362128 (12.1029%)
entry 771000/6362128 (12.1186%)
entry 772000/6362128 (12.1343%)
entry 775000/6362128 (12.1815%)
entry 776000/6362128 (12.1972%)
entry 777000/6362128 (12.2129%)
entry 778000/6362128 (12.2286%)
entry 779000/6362128 (12.2443%)
entry 783000/6362128 (12.3072%)
entry 784000/6362128 (12.3229%)
entry 785000/6362128 (12.3386%)
entry 786000/6362128 (12.3544%)
entry 787000/6362128 (12.3701%)
entry 789000/6362128 (12.4015%)
entry 790000/6362128 (12.4172%)
entry 794000/6362128 (12.4801%)
entry 796000/6362128 (12.5115%)
entry 798000/6362128 (12.543%)
entry 799000/6362128 (12.5587%)
entry 800000/6362128 (12.5744%)
entry 801000/6362128 (12.5901%)
entry 802000/6362128 (12.6058%)
entry 803000/6362128 (12.6216%)
entry 804000/6362128 (12.6373%)
entry 807000/6362128 (12.6844%)
entry 810000/6362128 (12.7316%)
entry 811000/6362128 (12.7473%)
entry 814000/6362128 (12.7945%)
entry 815000/6362128 (12.8102%)
entry 816000/6362128 (12.8259%)
entry 819000/6362128 (12.8731%)
entry 820000/6362128 (12.8888%)
entry 822000/6362128 (12.9202%)
entry 823000/6362128 (12.9359%)
entry 824000/6362128 (12.9516%)
entry 826000/6362128 (12.9831%)
entry 828000/6362128 (13.0145%)
entry 831000/6362128 (13.0617%)
entry 833000/6362128 (13.0931%)
entry 834000/6362128 (13.1088%)
entry 836000/6362128 (13.1403%)
entry 837000/6362128 (13.156%)
entry 839000/6362128 (13.1874%)
entry 840000/6362128 (13.2031%)
entry 843000/6362128 (13.2503%)
entry 844000/6362128 (13.266%)
entry 845000/6362128 (13.2817%)
entry 847000/6362128 (13.3132%)
entry 848000/6362128 (13.3289%)
entry 849000/6362128 (13.3446%)
entry 850000/6362128 (13.3603%)
entry 851000/6362128 (13.376%)
entry 853000/6362128 (13.4075%)
entry 854000/6362128 (13.4232%)
entry 856000/6362128 (13.4546%)
entry 859000/6362128 (13.5018%)
entry 860000/6362128 (13.5175%)
entry 862000/6362128 (13.5489%)
entry 863000/6362128 (13.5646%)
entry 864000/6362128 (13.5804%)
entry 866000/6362128 (13.6118%)
entry 867000/6362128 (13.6275%)
entry 868000/6362128 (13.6432%)
entry 870000/6362128 (13.6747%)
entry 871000/6362128 (13.6904%)
entry 872000/6362128 (13.7061%)
entry 874000/6362128 (13.7375%)
entry 876000/6362128 (13.769%)
entry 879000/6362128 (13.8161%)
entry 880000/6362128 (13.8318%)
entry 882000/6362128 (13.8633%)
entry 883000/6362128 (13.879%)
entry 884000/6362128 (13.8947%)
entry 885000/6362128 (13.9104%)
entry 886000/6362128 (13.9262%)
entry 888000/6362128 (13.9576%)
entry 889000/6362128 (13.9733%)
entry 890000/6362128 (13.989%)
entry 892000/6362128 (14.0205%)
entry 893000/6362128 (14.0362%)
entry 896000/6362128 (14.0833%)
entry 898000/6362128 (14.1148%)
entry 899000/6362128 (14.1305%)
entry 901000/6362128 (14.1619%)
entry 902000/6362128 (14.1776%)
entry 903000/6362128 (14.1934%)
entry 906000/6362128 (14.2405%)
entry 908000/6362128 (14.272%)
entry 909000/6362128 (14.2877%)
entry 911000/6362128 (14.3191%)
entry 913000/6362128 (14.3505%)
entry 914000/6362128 (14.3663%)
entry 915000/6362128 (14.382%)
entry 917000/6362128 (14.4134%)
entry 918000/6362128 (14.4291%)
entry 919000/6362128 (14.4449%)
entry 920000/6362128 (14.4606%)
entry 921000/6362128 (14.4763%)
entry 922000/6362128 (14.492%)
entry 923000/6362128 (14.5077%)
entry 925000/6362128 (14.5392%)
entry 926000/6362128 (14.5549%)
entry 928000/6362128 (14.5863%)
entry 929000/6362128 (14.602%)
entry 931000/6362128 (14.6335%)
entry 932000/6362128 (14.6492%)
entry 934000/6362128 (14.6806%)
entry 938000/6362128 (14.7435%)
entry 940000/6362128 (14.7749%)
entry 941000/6362128 (14.7906%)
entry 942000/6362128 (14.8064%)
entry 943000/6362128 (14.8221%)
entry 944000/6362128 (14.8378%)
entry 945000/6362128 (14.8535%)
entry 946000/6362128 (14.8692%)
entry 948000/6362128 (14.9007%)
entry 949000/6362128 (14.9164%)
entry 951000/6362128 (14.9478%)
entry 953000/6362128 (14.9793%)
entry 957000/6362128 (15.0421%)
entry 961000/6362128 (15.105%)
entry 963000/6362128 (15.1364%)
entry 964000/6362128 (15.1522%)
entry 965000/6362128 (15.1679%)
entry 969000/6362128 (15.2308%)
entry 970000/6362128 (15.2465%)
entry 971000/6362128 (15.2622%)
entry 972000/6362128 (15.2779%)
entry 973000/6362128 (15.2936%)
entry 976000/6362128 (15.3408%)
entry 977000/6362128 (15.3565%)
entry 980000/6362128 (15.4037%)
entry 981000/6362128 (15.4194%)
entry 983000/6362128 (15.4508%)
entry 984000/6362128 (15.4665%)
entry 985000/6362128 (15.4822%)
entry 986000/6362128 (15.498%)
entry 989000/6362128 (15.5451%)
entry 990000/6362128 (15.5608%)
entry 991000/6362128 (15.5765%)
entry 992000/6362128 (15.5923%)
entry 993000/6362128 (15.608%)
entry 994000/6362128 (15.6237%)
entry 996000/6362128 (15.6551%)
entry 997000/6362128 (15.6709%)
entry 999000/6362128 (15.7023%)
entry 1002000/6362128 (15.7494%)
entry 1005000/6362128 (15.7966%)
entry 1006000/6362128 (15.8123%)
entry 1008000/6362128 (15.8438%)
entry 1010000/6362128 (15.8752%)
entry 1011000/6362128 (15.8909%)
entry 1012000/6362128 (15.9066%)
entry 1013000/6362128 (15.9223%)
entry 1014000/6362128 (15.9381%)
entry 1015000/6362128 (15.9538%)
entry 1016000/6362128 (15.9695%)
entry 1017000/6362128 (15.9852%)
entry 1021000/6362128 (16.0481%)
entry 1024000/6362128 (16.0952%)
entry 1026000/6362128 (16.1267%)
entry 1027000/6362128 (16.1424%)
entry 1033000/6362128 (16.2367%)
entry 1034000/6362128 (16.2524%)
entry 1036000/6362128 (16.2839%)
entry 1037000/6362128 (16.2996%)
entry 1038000/6362128 (16.3153%)
entry 1040000/6362128 (16.3467%)
entry 1041000/6362128 (16.3624%)
entry 1043000/6362128 (16.3939%)
entry 1045000/6362128 (16.4253%)
entry 1046000/6362128 (16.441%)
entry 1047000/6362128 (16.4568%)
entry 1048000/6362128 (16.4725%)
entry 1049000/6362128 (16.4882%)
entry 1050000/6362128 (16.5039%)
entry 1051000/6362128 (16.5196%)
entry 1052000/6362128 (16.5353%)
entry 1054000/6362128 (16.5668%)
entry 1055000/6362128 (16.5825%)
entry 1057000/6362128 (16.6139%)
entry 1063000/6362128 (16.7082%)
entry 1064000/6362128 (16.724%)
entry 1065000/6362128 (16.7397%)
entry 1066000/6362128 (16.7554%)
entry 1068000/6362128 (16.7868%)
entry 1069000/6362128 (16.8026%)
entry 1070000/6362128 (16.8183%)
entry 1071000/6362128 (16.834%)
entry 1072000/6362128 (16.8497%)
entry 1073000/6362128 (16.8654%)
entry 1075000/6362128 (16.8969%)
entry 1077000/6362128 (16.9283%)
entry 1079000/6362128 (16.9597%)
entry 1080000/6362128 (16.9755%)
entry 1084000/6362128 (17.0383%)
entry 1085000/6362128 (17.054%)
entry 1086000/6362128 (17.0698%)
entry 1090000/6362128 (17.1326%)
entry 1092000/6362128 (17.1641%)
entry 1095000/6362128 (17.2112%)
entry 1099000/6362128 (17.2741%)
entry 1101000/6362128 (17.3055%)
entry 1103000/6362128 (17.337%)
entry 1105000/6362128 (17.3684%)
entry 1106000/6362128 (17.3841%)
entry 1107000/6362128 (17.3998%)
entry 1108000/6362128 (17.4156%)
entry 1109000/6362128 (17.4313%)
entry 1110000/6362128 (17.447%)
entry 1112000/6362128 (17.4784%)
entry 1113000/6362128 (17.4941%)
entry 1116000/6362128 (17.5413%)
entry 1118000/6362128 (17.5727%)
entry 1120000/6362128 (17.6042%)
entry 1122000/6362128 (17.6356%)
entry 1123000/6362128 (17.6513%)
entry 1124000/6362128 (17.667%)
entry 1126000/6362128 (17.6985%)
entry 1127000/6362128 (17.7142%)
entry 1128000/6362128 (17.7299%)
entry 1131000/6362128 (17.7771%)
entry 1132000/6362128 (17.7928%)
entry 1134000/6362128 (17.8242%)
entry 1135000/6362128 (17.8399%)
entry 1137000/6362128 (17.8714%)
entry 1142000/6362128 (17.95%)
entry 1143000/6362128 (17.9657%)
entry 1144000/6362128 (17.9814%)
entry 1145000/6362128 (17.9971%)
entry 1148000/6362128 (18.0443%)
entry 1153000/6362128 (18.1229%)
entry 1154000/6362128 (18.1386%)
entry 1155000/6362128 (18.1543%)
entry 1156000/6362128 (18.17%)
entry 1159000/6362128 (18.2172%)
entry 1160000/6362128 (18.2329%)
entry 1163000/6362128 (18.28%)
entry 1166000/6362128 (18.3272%)
entry 1167000/6362128 (18.3429%)
entry 1168000/6362128 (18.3586%)
entry 1169000/6362128 (18.3744%)
entry 1171000/6362128 (18.4058%)
entry 1172000/6362128 (18.4215%)
entry 1173000/6362128 (18.4372%)
entry 1174000/6362128 (18.4529%)
entry 1175000/6362128 (18.4687%)
entry 1178000/6362128 (18.5158%)
entry 1179000/6362128 (18.5315%)
entry 1182000/6362128 (18.5787%)
entry 1185000/6362128 (18.6258%)
entry 1186000/6362128 (18.6416%)
entry 1189000/6362128 (18.6887%)
entry 1193000/6362128 (18.7516%)
entry 1194000/6362128 (18.7673%)
entry 1197000/6362128 (18.8145%)
entry 1199000/6362128 (18.8459%)
entry 1202000/6362128 (18.893%)
entry 1203000/6362128 (18.9088%)
entry 1206000/6362128 (18.9559%)
entry 1208000/6362128 (18.9874%)
entry 1210000/6362128 (19.0188%)
entry 1211000/6362128 (19.0345%)
entry 1212000/6362128 (19.0502%)
entry 1213000/6362128 (19.0659%)
entry 1215000/6362128 (19.0974%)
entry 1216000/6362128 (19.1131%)
entry 1217000/6362128 (19.1288%)
entry 1218000/6362128 (19.1445%)
entry 1220000/6362128 (19.176%)
entry 1221000/6362128 (19.1917%)
entry 1223000/6362128 (19.2231%)
entry 1224000/6362128 (19.2388%)
entry 1225000/6362128 (19.2546%)
entry 1230000/6362128 (19.3332%)
entry 1231000/6362128 (19.3489%)
entry 1232000/6362128 (19.3646%)
entry 1233000/6362128 (19.3803%)
entry 1235000/6362128 (19.4117%)
entry 1236000/6362128 (19.4275%)
entry 1237000/6362128 (19.4432%)
entry 1239000/6362128 (19.4746%)
entry 1243000/6362128 (19.5375%)
entry 1244000/6362128 (19.5532%)
entry 1245000/6362128 (19.5689%)
entry 1246000/6362128 (19.5846%)
entry 1248000/6362128 (19.6161%)
entry 1249000/6362128 (19.6318%)
entry 1251000/6362128 (19.6632%)
entry 1253000/6362128 (19.6947%)
entry 1255000/6362128 (19.7261%)
entry 1256000/6362128 (19.7418%)
entry 1258000/6362128 (19.7733%)
entry 1259000/6362128 (19.789%)
entry 1260000/6362128 (19.8047%)
entry 1261000/6362128 (19.8204%)
entry 1262000/6362128 (19.8361%)
entry 1263000/6362128 (19.8518%)
entry 1264000/6362128 (19.8676%)
entry 1265000/6362128 (19.8833%)
entry 1266000/6362128 (19.899%)
entry 1267000/6362128 (19.9147%)
entry 1269000/6362128 (19.9462%)
entry 1270000/6362128 (19.9619%)
entry 1272000/6362128 (19.9933%)
entry 1275000/6362128 (20.0405%)
entry 1277000/6362128 (20.0719%)
entry 1281000/6362128 (20.1348%)
entry 1282000/6362128 (20.1505%)
entry 1284000/6362128 (20.1819%)
entry 1285000/6362128 (20.1976%)
entry 1286000/6362128 (20.2134%)
entry 1287000/6362128 (20.2291%)
entry 1289000/6362128 (20.2605%)
entry 1293000/6362128 (20.3234%)
entry 1294000/6362128 (20.3391%)
entry 1295000/6362128 (20.3548%)
entry 1296000/6362128 (20.3705%)
entry 1297000/6362128 (20.3863%)
entry 1298000/6362128 (20.402%)
entry 1299000/6362128 (20.4177%)
entry 1300000/6362128 (20.4334%)
entry 1303000/6362128 (20.4806%)
entry 1304000/6362128 (20.4963%)
entry 1305000/6362128 (20.512%)
entry 1308000/6362128 (20.5592%)
entry 1309000/6362128 (20.5749%)
entry 1311000/6362128 (20.6063%)
entry 1312000/6362128 (20.622%)
entry 1313000/6362128 (20.6377%)
entry 1315000/6362128 (20.6692%)
entry 1316000/6362128 (20.6849%)
entry 1319000/6362128 (20.7321%)
entry 1323000/6362128 (20.7949%)
entry 1324000/6362128 (20.8106%)
entry 1325000/6362128 (20.8264%)
entry 1326000/6362128 (20.8421%)
entry 1327000/6362128 (20.8578%)
entry 1328000/6362128 (20.8735%)
entry 1330000/6362128 (20.905%)
entry 1331000/6362128 (20.9207%)
entry 1332000/6362128 (20.9364%)
entry 1333000/6362128 (20.9521%)
entry 1334000/6362128 (20.9678%)
entry 1336000/6362128 (20.9993%)
entry 1337000/6362128 (21.015%)
entry 1338000/6362128 (21.0307%)
entry 1339000/6362128 (21.0464%)
entry 1340000/6362128 (21.0621%)
entry 1341000/6362128 (21.0779%)
entry 1344000/6362128 (21.125%)
entry 1346000/6362128 (21.1564%)
entry 1348000/6362128 (21.1879%)
entry 1350000/6362128 (21.2193%)
entry 1351000/6362128 (21.235%)
entry 1352000/6362128 (21.2508%)
entry 1354000/6362128 (21.2822%)
entry 1355000/6362128 (21.2979%)
entry 1356000/6362128 (21.3136%)
entry 1357000/6362128 (21.3293%)
entry 1358000/6362128 (21.3451%)
entry 1360000/6362128 (21.3765%)
entry 1363000/6362128 (21.4236%)
entry 1364000/6362128 (21.4394%)
entry 1365000/6362128 (21.4551%)
entry 1366000/6362128 (21.4708%)
entry 1367000/6362128 (21.4865%)
entry 1368000/6362128 (21.5022%)
entry 1372000/6362128 (21.5651%)
entry 1373000/6362128 (21.5808%)
entry 1374000/6362128 (21.5965%)
entry 1375000/6362128 (21.6123%)
entry 1376000/6362128 (21.628%)
entry 1377000/6362128 (21.6437%)
entry 1380000/6362128 (21.6909%)
entry 1381000/6362128 (21.7066%)
entry 1382000/6362128 (21.7223%)
entry 1383000/6362128 (21.738%)
entry 1384000/6362128 (21.7537%)
entry 1385000/6362128 (21.7694%)
entry 1387000/6362128 (21.8009%)
entry 1388000/6362128 (21.8166%)
entry 1393000/6362128 (21.8952%)
entry 1394000/6362128 (21.9109%)
entry 1395000/6362128 (21.9266%)
entry 1396000/6362128 (21.9423%)
entry 1398000/6362128 (21.9738%)
entry 1399000/6362128 (21.9895%)
entry 1400000/6362128 (22.0052%)
entry 1402000/6362128 (22.0367%)
entry 1404000/6362128 (22.0681%)
entry 1406000/6362128 (22.0995%)
entry 1407000/6362128 (22.1152%)
entry 1409000/6362128 (22.1467%)
entry 1410000/6362128 (22.1624%)
entry 1411000/6362128 (22.1781%)
entry 1412000/6362128 (22.1938%)
entry 1414000/6362128 (22.2253%)
entry 1416000/6362128 (22.2567%)
entry 1417000/6362128 (22.2724%)
entry 1419000/6362128 (22.3039%)
entry 1421000/6362128 (22.3353%)
entry 1423000/6362128 (22.3667%)
entry 1427000/6362128 (22.4296%)
entry 1428000/6362128 (22.4453%)
entry 1430000/6362128 (22.4768%)
entry 1431000/6362128 (22.4925%)
entry 1432000/6362128 (22.5082%)
entry 1433000/6362128 (22.5239%)
entry 1434000/6362128 (22.5396%)
entry 1435000/6362128 (22.5553%)
entry 1437000/6362128 (22.5868%)
entry 1439000/6362128 (22.6182%)
entry 1440000/6362128 (22.6339%)
entry 1441000/6362128 (22.6497%)
entry 1442000/6362128 (22.6654%)
entry 1447000/6362128 (22.744%)
entry 1448000/6362128 (22.7597%)
entry 1450000/6362128 (22.7911%)
entry 1453000/6362128 (22.8383%)
entry 1454000/6362128 (22.854%)
entry 1456000/6362128 (22.8854%)
entry 1457000/6362128 (22.9011%)
entry 1460000/6362128 (22.9483%)
entry 1462000/6362128 (22.9797%)
entry 1463000/6362128 (22.9955%)
entry 1464000/6362128 (23.0112%)
entry 1465000/6362128 (23.0269%)
entry 1466000/6362128 (23.0426%)
entry 1469000/6362128 (23.0898%)
entry 1470000/6362128 (23.1055%)
entry 1472000/6362128 (23.1369%)
entry 1476000/6362128 (23.1998%)
entry 1477000/6362128 (23.2155%)
entry 1479000/6362128 (23.2469%)
entry 1480000/6362128 (23.2627%)
entry 1481000/6362128 (23.2784%)
entry 1483000/6362128 (23.3098%)
entry 1484000/6362128 (23.3255%)
entry 1485000/6362128 (23.3412%)
entry 1486000/6362128 (23.357%)
entry 1487000/6362128 (23.3727%)
entry 1490000/6362128 (23.4198%)
entry 1491000/6362128 (23.4356%)
entry 1493000/6362128 (23.467%)
entry 1495000/6362128 (23.4984%)
entry 1496000/6362128 (23.5141%)
entry 1497000/6362128 (23.5299%)
entry 1498000/6362128 (23.5456%)
entry 1500000/6362128 (23.577%)
entry 1501000/6362128 (23.5927%)
entry 1502000/6362128 (23.6085%)
entry 1503000/6362128 (23.6242%)
entry 1506000/6362128 (23.6713%)
entry 1508000/6362128 (23.7028%)
entry 1509000/6362128 (23.7185%)
entry 1510000/6362128 (23.7342%)
entry 1511000/6362128 (23.7499%)
entry 1513000/6362128 (23.7814%)
entry 1514000/6362128 (23.7971%)
entry 1515000/6362128 (23.8128%)
entry 1518000/6362128 (23.8599%)
entry 1519000/6362128 (23.8757%)
entry 1520000/6362128 (23.8914%)
entry 1521000/6362128 (23.9071%)
entry 1522000/6362128 (23.9228%)
entry 1523000/6362128 (23.9385%)
entry 1524000/6362128 (23.9542%)
entry 1525000/6362128 (23.97%)
entry 1526000/6362128 (23.9857%)
entry 1527000/6362128 (24.0014%)
entry 1528000/6362128 (24.0171%)
entry 1530000/6362128 (24.0486%)
entry 1532000/6362128 (24.08%)
entry 1533000/6362128 (24.0957%)
entry 1535000/6362128 (24.1271%)
entry 1536000/6362128 (24.1429%)
entry 1537000/6362128 (24.1586%)
entry 1541000/6362128 (24.2215%)
entry 1542000/6362128 (24.2372%)
entry 1543000/6362128 (24.2529%)
entry 1545000/6362128 (24.2843%)
entry 1547000/6362128 (24.3158%)
entry 1548000/6362128 (24.3315%)
entry 1550000/6362128 (24.3629%)
entry 1551000/6362128 (24.3786%)
entry 1552000/6362128 (24.3944%)
entry 1554000/6362128 (24.4258%)
entry 1556000/6362128 (24.4572%)
entry 1558000/6362128 (24.4887%)
entry 1559000/6362128 (24.5044%)
entry 1560000/6362128 (24.5201%)
entry 1563000/6362128 (24.5673%)
entry 1564000/6362128 (24.583%)
entry 1566000/6362128 (24.6144%)
entry 1567000/6362128 (24.6301%)
entry 1568000/6362128 (24.6458%)
entry 1569000/6362128 (24.6616%)
entry 1570000/6362128 (24.6773%)
entry 1571000/6362128 (24.693%)
entry 1572000/6362128 (24.7087%)
entry 1573000/6362128 (24.7244%)
entry 1575000/6362128 (24.7559%)
entry 1579000/6362128 (24.8187%)
entry 1581000/6362128 (24.8502%)
entry 1582000/6362128 (24.8659%)
entry 1584000/6362128 (24.8973%)
entry 1587000/6362128 (24.9445%)
entry 1588000/6362128 (24.9602%)
entry 1590000/6362128 (24.9916%)
entry 1591000/6362128 (25.0074%)
entry 1592000/6362128 (25.0231%)
entry 1593000/6362128 (25.0388%)
entry 1595000/6362128 (25.0702%)
entry 1596000/6362128 (25.0859%)
entry 1597000/6362128 (25.1017%)
entry 1598000/6362128 (25.1174%)
entry 1600000/6362128 (25.1488%)
entry 1601000/6362128 (25.1645%)
entry 1602000/6362128 (25.1803%)
entry 1603000/6362128 (25.196%)
entry 1607000/6362128 (25.2588%)
entry 1608000/6362128 (25.2746%)
entry 1611000/6362128 (25.3217%)
entry 1613000/6362128 (25.3532%)
entry 1617000/6362128 (25.416%)
entry 1618000/6362128 (25.4317%)
entry 1620000/6362128 (25.4632%)
entry 1621000/6362128 (25.4789%)
entry 1622000/6362128 (25.4946%)
entry 1623000/6362128 (25.5103%)
entry 1627000/6362128 (25.5732%)
entry 1629000/6362128 (25.6046%)
entry 1630000/6362128 (25.6204%)
entry 1636000/6362128 (25.7147%)
entry 1638000/6362128 (25.7461%)
entry 1639000/6362128 (25.7618%)
entry 1641000/6362128 (25.7933%)
entry 1642000/6362128 (25.809%)
entry 1643000/6362128 (25.8247%)
entry 1645000/6362128 (25.8561%)
entry 1646000/6362128 (25.8718%)
entry 1648000/6362128 (25.9033%)
entry 1650000/6362128 (25.9347%)
entry 1651000/6362128 (25.9504%)
entry 1652000/6362128 (25.9662%)
entry 1653000/6362128 (25.9819%)
entry 1656000/6362128 (26.029%)
entry 1657000/6362128 (26.0447%)
entry 1658000/6362128 (26.0605%)
entry 1659000/6362128 (26.0762%)
entry 1660000/6362128 (26.0919%)
entry 1661000/6362128 (26.1076%)
entry 1663000/6362128 (26.1391%)
entry 1664000/6362128 (26.1548%)
entry 1665000/6362128 (26.1705%)
entry 1667000/6362128 (26.2019%)
entry 1668000/6362128 (26.2176%)
entry 1669000/6362128 (26.2334%)
entry 1671000/6362128 (26.2648%)
entry 1676000/6362128 (26.3434%)
entry 1677000/6362128 (26.3591%)
entry 1678000/6362128 (26.3748%)
entry 1679000/6362128 (26.3905%)
entry 1680000/6362128 (26.4063%)
entry 1684000/6362128 (26.4691%)
entry 1685000/6362128 (26.4849%)
entry 1689000/6362128 (26.5477%)
entry 1690000/6362128 (26.5634%)
entry 1691000/6362128 (26.5792%)
entry 1692000/6362128 (26.5949%)
entry 1695000/6362128 (26.642%)
entry 1697000/6362128 (26.6735%)
entry 1698000/6362128 (26.6892%)
entry 1700000/6362128 (26.7206%)
entry 1701000/6362128 (26.7363%)
entry 1703000/6362128 (26.7678%)
entry 1704000/6362128 (26.7835%)
entry 1705000/6362128 (26.7992%)
entry 1706000/6362128 (26.8149%)
entry 1708000/6362128 (26.8464%)
entry 1710000/6362128 (26.8778%)
entry 1711000/6362128 (26.8935%)
entry 1712000/6362128 (26.9092%)
entry 1713000/6362128 (26.925%)
entry 1716000/6362128 (26.9721%)
entry 1717000/6362128 (26.9878%)
entry 1718000/6362128 (27.0035%)
entry 1719000/6362128 (27.0193%)
entry 1721000/6362128 (27.0507%)
entry 1724000/6362128 (27.0979%)
entry 1727000/6362128 (27.145%)
entry 1729000/6362128 (27.1764%)
entry 1731000/6362128 (27.2079%)
entry 1734000/6362128 (27.255%)
entry 1735000/6362128 (27.2707%)
entry 1736000/6362128 (27.2865%)
entry 1738000/6362128 (27.3179%)
entry 1740000/6362128 (27.3493%)
entry 1744000/6362128 (27.4122%)
entry 1746000/6362128 (27.4436%)
entry 1747000/6362128 (27.4594%)
entry 1749000/6362128 (27.4908%)
entry 1750000/6362128 (27.5065%)
entry 1751000/6362128 (27.5222%)
entry 1752000/6362128 (27.538%)
entry 1753000/6362128 (27.5537%)
entry 1754000/6362128 (27.5694%)
entry 1755000/6362128 (27.5851%)
entry 1756000/6362128 (27.6008%)
entry 1757000/6362128 (27.6165%)
entry 1758000/6362128 (27.6323%)
entry 1759000/6362128 (27.648%)
entry 1762000/6362128 (27.6951%)
entry 1764000/6362128 (27.7266%)
entry 1766000/6362128 (27.758%)
entry 1768000/6362128 (27.7894%)
entry 1771000/6362128 (27.8366%)
entry 1773000/6362128 (27.868%)
entry 1775000/6362128 (27.8995%)
entry 1781000/6362128 (27.9938%)
entry 1782000/6362128 (28.0095%)
entry 1784000/6362128 (28.0409%)
entry 1785000/6362128 (28.0567%)
entry 1786000/6362128 (28.0724%)
entry 1787000/6362128 (28.0881%)
entry 1788000/6362128 (28.1038%)
entry 1790000/6362128 (28.1352%)
entry 1791000/6362128 (28.151%)
entry 1793000/6362128 (28.1824%)
entry 1794000/6362128 (28.1981%)
entry 1795000/6362128 (28.2138%)
entry 1796000/6362128 (28.2295%)
entry 1797000/6362128 (28.2453%)
entry 1798000/6362128 (28.261%)
entry 1799000/6362128 (28.2767%)
entry 1801000/6362128 (28.3081%)
entry 1803000/6362128 (28.3396%)
entry 1804000/6362128 (28.3553%)
entry 1805000/6362128 (28.371%)
entry 1806000/6362128 (28.3867%)
entry 1807000/6362128 (28.4024%)
entry 1810000/6362128 (28.4496%)
entry 1813000/6362128 (28.4968%)
entry 1814000/6362128 (28.5125%)
entry 1816000/6362128 (28.5439%)
entry 1818000/6362128 (28.5753%)
entry 1819000/6362128 (28.5911%)
entry 1821000/6362128 (28.6225%)
entry 1823000/6362128 (28.6539%)
entry 1825000/6362128 (28.6854%)
entry 1827000/6362128 (28.7168%)
entry 1828000/6362128 (28.7325%)
entry 1831000/6362128 (28.7797%)
entry 1833000/6362128 (28.8111%)
entry 1834000/6362128 (28.8268%)
entry 1835000/6362128 (28.8426%)
entry 1838000/6362128 (28.8897%)
entry 1839000/6362128 (28.9054%)
entry 1840000/6362128 (28.9211%)
entry 1842000/6362128 (28.9526%)
entry 1843000/6362128 (28.9683%)
entry 1844000/6362128 (28.984%)
entry 1845000/6362128 (28.9997%)
entry 1847000/6362128 (29.0312%)
entry 1848000/6362128 (29.0469%)
entry 1849000/6362128 (29.0626%)
entry 1850000/6362128 (29.0783%)
entry 1852000/6362128 (29.1098%)
entry 1853000/6362128 (29.1255%)
entry 1854000/6362128 (29.1412%)
entry 1855000/6362128 (29.1569%)
entry 1856000/6362128 (29.1726%)
entry 1857000/6362128 (29.1883%)
entry 1858000/6362128 (29.2041%)
entry 1859000/6362128 (29.2198%)
entry 1860000/6362128 (29.2355%)
entry 1861000/6362128 (29.2512%)
entry 1862000/6362128 (29.2669%)
entry 1863000/6362128 (29.2827%)
entry 1867000/6362128 (29.3455%)
entry 1868000/6362128 (29.3612%)
entry 1870000/6362128 (29.3927%)
entry 1872000/6362128 (29.4241%)
entry 1874000/6362128 (29.4556%)
entry 1878000/6362128 (29.5184%)
entry 1880000/6362128 (29.5499%)
entry 1883000/6362128 (29.597%)
entry 1885000/6362128 (29.6285%)
entry 1889000/6362128 (29.6913%)
entry 1891000/6362128 (29.7228%)
entry 1892000/6362128 (29.7385%)
entry 1895000/6362128 (29.7856%)
entry 1896000/6362128 (29.8014%)
entry 1897000/6362128 (29.8171%)
entry 1899000/6362128 (29.8485%)
entry 1901000/6362128 (29.8799%)
entry 1902000/6362128 (29.8957%)
entry 1903000/6362128 (29.9114%)
entry 1904000/6362128 (29.9271%)
entry 1905000/6362128 (29.9428%)
entry 1906000/6362128 (29.9585%)
entry 1907000/6362128 (29.9742%)
entry 1909000/6362128 (30.0057%)
entry 1910000/6362128 (30.0214%)
entry 1911000/6362128 (30.0371%)
entry 1913000/6362128 (30.0686%)
entry 1914000/6362128 (30.0843%)
entry 1917000/6362128 (30.1314%)
entry 1920000/6362128 (30.1786%)
entry 1923000/6362128 (30.2257%)
entry 1924000/6362128 (30.2415%)
entry 1925000/6362128 (30.2572%)
entry 1926000/6362128 (30.2729%)
entry 1927000/6362128 (30.2886%)
entry 1929000/6362128 (30.32%)
entry 1931000/6362128 (30.3515%)
entry 1932000/6362128 (30.3672%)
entry 1936000/6362128 (30.4301%)
entry 1937000/6362128 (30.4458%)
entry 1938000/6362128 (30.4615%)
entry 1939000/6362128 (30.4772%)
entry 1941000/6362128 (30.5087%)
entry 1942000/6362128 (30.5244%)
entry 1950000/6362128 (30.6501%)
entry 1951000/6362128 (30.6658%)
entry 1952000/6362128 (30.6816%)
entry 1953000/6362128 (30.6973%)
entry 1954000/6362128 (30.713%)
entry 1958000/6362128 (30.7759%)
entry 1959000/6362128 (30.7916%)
entry 1961000/6362128 (30.823%)
entry 1962000/6362128 (30.8387%)
entry 1966000/6362128 (30.9016%)
entry 1967000/6362128 (30.9173%)
entry 1968000/6362128 (30.933%)
entry 1970000/6362128 (30.9645%)
entry 1971000/6362128 (30.9802%)
entry 1972000/6362128 (30.9959%)
entry 1974000/6362128 (31.0274%)
entry 1975000/6362128 (31.0431%)
entry 1976000/6362128 (31.0588%)
entry 1977000/6362128 (31.0745%)
entry 1978000/6362128 (31.0902%)
entry 1979000/6362128 (31.1059%)
entry 1980000/6362128 (31.1217%)
entry 1981000/6362128 (31.1374%)
entry 1982000/6362128 (31.1531%)
entry 1983000/6362128 (31.1688%)
entry 1985000/6362128 (31.2003%)
entry 1990000/6362128 (31.2788%)
entry 1993000/6362128 (31.326%)
entry 1995000/6362128 (31.3574%)
entry 1998000/6362128 (31.4046%)
entry 2000000/6362128 (31.436%)
entry 2001000/6362128 (31.4517%)
entry 2003000/6362128 (31.4832%)
entry 2004000/6362128 (31.4989%)
entry 2006000/6362128 (31.5303%)
entry 2007000/6362128 (31.546%)
entry 2008000/6362128 (31.5618%)
entry 2010000/6362128 (31.5932%)
entry 2011000/6362128 (31.6089%)
entry 2013000/6362128 (31.6404%)
entry 2014000/6362128 (31.6561%)
entry 2015000/6362128 (31.6718%)
entry 2016000/6362128 (31.6875%)
entry 2017000/6362128 (31.7032%)
entry 2018000/6362128 (31.7189%)
entry 2019000/6362128 (31.7347%)
entry 2020000/6362128 (31.7504%)
entry 2022000/6362128 (31.7818%)
entry 2024000/6362128 (31.8133%)
entry 2025000/6362128 (31.829%)
entry 2026000/6362128 (31.8447%)
entry 2027000/6362128 (31.8604%)
entry 2030000/6362128 (31.9076%)
entry 2031000/6362128 (31.9233%)
entry 2033000/6362128 (31.9547%)
entry 2035000/6362128 (31.9862%)
entry 2036000/6362128 (32.0019%)
entry 2037000/6362128 (32.0176%)
entry 2040000/6362128 (32.0647%)
entry 2041000/6362128 (32.0805%)
entry 2042000/6362128 (32.0962%)
entry 2043000/6362128 (32.1119%)
entry 2044000/6362128 (32.1276%)
entry 2045000/6362128 (32.1433%)
entry 2046000/6362128 (32.1591%)
entry 2048000/6362128 (32.1905%)
entry 2049000/6362128 (32.2062%)
entry 2050000/6362128 (32.2219%)
entry 2051000/6362128 (32.2376%)
entry 2052000/6362128 (32.2534%)
entry 2053000/6362128 (32.2691%)
entry 2055000/6362128 (32.3005%)
entry 2056000/6362128 (32.3162%)
entry 2057000/6362128 (32.3319%)
entry 2058000/6362128 (32.3477%)
entry 2061000/6362128 (32.3948%)
entry 2062000/6362128 (32.4105%)
entry 2063000/6362128 (32.4263%)
entry 2064000/6362128 (32.442%)
entry 2065000/6362128 (32.4577%)
entry 2066000/6362128 (32.4734%)
entry 2070000/6362128 (32.5363%)
entry 2071000/6362128 (32.552%)
entry 2072000/6362128 (32.5677%)
entry 2073000/6362128 (32.5834%)
entry 2077000/6362128 (32.6463%)
entry 2078000/6362128 (32.662%)
entry 2079000/6362128 (32.6777%)
entry 2081000/6362128 (32.7092%)
entry 2082000/6362128 (32.7249%)
entry 2084000/6362128 (32.7563%)
entry 2085000/6362128 (32.7721%)
entry 2086000/6362128 (32.7878%)
entry 2089000/6362128 (32.8349%)
entry 2091000/6362128 (32.8664%)
entry 2092000/6362128 (32.8821%)
entry 2093000/6362128 (32.8978%)
entry 2095000/6362128 (32.9292%)
entry 2096000/6362128 (32.945%)
entry 2097000/6362128 (32.9607%)
entry 2099000/6362128 (32.9921%)
entry 2100000/6362128 (33.0078%)
entry 2101000/6362128 (33.0235%)
entry 2105000/6362128 (33.0864%)
entry 2106000/6362128 (33.1021%)
entry 2107000/6362128 (33.1178%)
entry 2108000/6362128 (33.1336%)
entry 2110000/6362128 (33.165%)
entry 2113000/6362128 (33.2122%)
entry 2115000/6362128 (33.2436%)
entry 2116000/6362128 (33.2593%)
entry 2119000/6362128 (33.3065%)
entry 2120000/6362128 (33.3222%)
entry 2122000/6362128 (33.3536%)
entry 2123000/6362128 (33.3693%)
entry 2128000/6362128 (33.4479%)
entry 2129000/6362128 (33.4636%)
entry 2132000/6362128 (33.5108%)
entry 2135000/6362128 (33.558%)
entry 2137000/6362128 (33.5894%)
entry 2138000/6362128 (33.6051%)
entry 2140000/6362128 (33.6365%)
entry 2142000/6362128 (33.668%)
entry 2144000/6362128 (33.6994%)
entry 2145000/6362128 (33.7151%)
entry 2147000/6362128 (33.7466%)
entry 2148000/6362128 (33.7623%)
entry 2149000/6362128 (33.778%)
entry 2150000/6362128 (33.7937%)
entry 2151000/6362128 (33.8094%)
entry 2152000/6362128 (33.8252%)
entry 2154000/6362128 (33.8566%)
entry 2157000/6362128 (33.9038%)
entry 2158000/6362128 (33.9195%)
entry 2162000/6362128 (33.9823%)
entry 2163000/6362128 (33.9981%)
entry 2164000/6362128 (34.0138%)
entry 2165000/6362128 (34.0295%)
entry 2167000/6362128 (34.0609%)
entry 2168000/6362128 (34.0766%)
entry 2169000/6362128 (34.0924%)
entry 2172000/6362128 (34.1395%)
entry 2173000/6362128 (34.1552%)
entry 2174000/6362128 (34.171%)
entry 2175000/6362128 (34.1867%)
entry 2177000/6362128 (34.2181%)
entry 2178000/6362128 (34.2338%)
entry 2179000/6362128 (34.2495%)
entry 2180000/6362128 (34.2653%)
entry 2182000/6362128 (34.2967%)
entry 2184000/6362128 (34.3281%)
entry 2185000/6362128 (34.3439%)
entry 2186000/6362128 (34.3596%)
entry 2188000/6362128 (34.391%)
entry 2189000/6362128 (34.4067%)
entry 2190000/6362128 (34.4224%)
entry 2191000/6362128 (34.4382%)
entry 2193000/6362128 (34.4696%)
entry 2194000/6362128 (34.4853%)
entry 2195000/6362128 (34.501%)
entry 2196000/6362128 (34.5168%)
entry 2198000/6362128 (34.5482%)
entry 2199000/6362128 (34.5639%)
entry 2202000/6362128 (34.6111%)
entry 2203000/6362128 (34.6268%)
entry 2204000/6362128 (34.6425%)
entry 2209000/6362128 (34.7211%)
entry 2211000/6362128 (34.7525%)
entry 2212000/6362128 (34.7682%)
entry 2213000/6362128 (34.784%)
entry 2215000/6362128 (34.8154%)
entry 2219000/6362128 (34.8783%)
entry 2221000/6362128 (34.9097%)
entry 2222000/6362128 (34.9254%)
entry 2223000/6362128 (34.9411%)
entry 2225000/6362128 (34.9726%)
entry 2228000/6362128 (35.0197%)
entry 2229000/6362128 (35.0354%)
entry 2232000/6362128 (35.0826%)
entry 2233000/6362128 (35.0983%)
entry 2234000/6362128 (35.114%)
entry 2235000/6362128 (35.1298%)
entry 2236000/6362128 (35.1455%)
entry 2238000/6362128 (35.1769%)
entry 2241000/6362128 (35.2241%)
entry 2242000/6362128 (35.2398%)
entry 2244000/6362128 (35.2712%)
entry 2246000/6362128 (35.3027%)
entry 2247000/6362128 (35.3184%)
entry 2249000/6362128 (35.3498%)
entry 2251000/6362128 (35.3812%)
entry 2252000/6362128 (35.397%)
entry 2253000/6362128 (35.4127%)
entry 2256000/6362128 (35.4598%)
entry 2257000/6362128 (35.4756%)
entry 2258000/6362128 (35.4913%)
entry 2259000/6362128 (35.507%)
entry 2261000/6362128 (35.5384%)
entry 2262000/6362128 (35.5541%)
entry 2263000/6362128 (35.5699%)
entry 2267000/6362128 (35.6327%)
entry 2269000/6362128 (35.6642%)
entry 2270000/6362128 (35.6799%)
entry 2272000/6362128 (35.7113%)
entry 2274000/6362128 (35.7428%)
entry 2278000/6362128 (35.8056%)
entry 2279000/6362128 (35.8213%)
entry 2281000/6362128 (35.8528%)
entry 2283000/6362128 (35.8842%)
entry 2284000/6362128 (35.8999%)
entry 2286000/6362128 (35.9314%)
entry 2287000/6362128 (35.9471%)
entry 2288000/6362128 (35.9628%)
entry 2289000/6362128 (35.9785%)
entry 2291000/6362128 (36.01%)
entry 2292000/6362128 (36.0257%)
entry 2296000/6362128 (36.0886%)
entry 2298000/6362128 (36.12%)
entry 2299000/6362128 (36.1357%)
entry 2300000/6362128 (36.1514%)
entry 2301000/6362128 (36.1671%)
entry 2302000/6362128 (36.1829%)
entry 2303000/6362128 (36.1986%)
entry 2304000/6362128 (36.2143%)
entry 2305000/6362128 (36.23%)
entry 2306000/6362128 (36.2457%)
entry 2308000/6362128 (36.2772%)
entry 2310000/6362128 (36.3086%)
entry 2315000/6362128 (36.3872%)
entry 2316000/6362128 (36.4029%)
entry 2318000/6362128 (36.4343%)
entry 2319000/6362128 (36.4501%)
entry 2320000/6362128 (36.4658%)
entry 2323000/6362128 (36.5129%)
entry 2324000/6362128 (36.5287%)
entry 2325000/6362128 (36.5444%)
entry 2327000/6362128 (36.5758%)
entry 2328000/6362128 (36.5915%)
entry 2329000/6362128 (36.6072%)
entry 2332000/6362128 (36.6544%)
entry 2333000/6362128 (36.6701%)
entry 2335000/6362128 (36.7016%)
entry 2336000/6362128 (36.7173%)
entry 2338000/6362128 (36.7487%)
entry 2340000/6362128 (36.7801%)
entry 2343000/6362128 (36.8273%)
entry 2344000/6362128 (36.843%)
entry 2346000/6362128 (36.8745%)
entry 2347000/6362128 (36.8902%)
entry 2348000/6362128 (36.9059%)
entry 2349000/6362128 (36.9216%)
entry 2350000/6362128 (36.9373%)
entry 2352000/6362128 (36.9688%)
entry 2353000/6362128 (36.9845%)
entry 2354000/6362128 (37.0002%)
entry 2355000/6362128 (37.0159%)
entry 2357000/6362128 (37.0474%)
entry 2358000/6362128 (37.0631%)
entry 2359000/6362128 (37.0788%)
entry 2363000/6362128 (37.1417%)
entry 2366000/6362128 (37.1888%)
entry 2368000/6362128 (37.2203%)
entry 2370000/6362128 (37.2517%)
entry 2372000/6362128 (37.2831%)
entry 2373000/6362128 (37.2988%)
entry 2374000/6362128 (37.3146%)
entry 2376000/6362128 (37.346%)
entry 2377000/6362128 (37.3617%)
entry 2381000/6362128 (37.4246%)
entry 2384000/6362128 (37.4717%)
entry 2386000/6362128 (37.5032%)
entry 2387000/6362128 (37.5189%)
entry 2388000/6362128 (37.5346%)
entry 2389000/6362128 (37.5503%)
entry 2390000/6362128 (37.566%)
entry 2391000/6362128 (37.5818%)
entry 2393000/6362128 (37.6132%)
entry 2395000/6362128 (37.6446%)
entry 2397000/6362128 (37.6761%)
entry 2398000/6362128 (37.6918%)
entry 2399000/6362128 (37.7075%)
entry 2402000/6362128 (37.7547%)
entry 2403000/6362128 (37.7704%)
entry 2404000/6362128 (37.7861%)
entry 2405000/6362128 (37.8018%)
entry 2407000/6362128 (37.8333%)
entry 2408000/6362128 (37.849%)
entry 2410000/6362128 (37.8804%)
entry 2411000/6362128 (37.8961%)
entry 2412000/6362128 (37.9118%)
entry 2413000/6362128 (37.9276%)
entry 2415000/6362128 (37.959%)
entry 2416000/6362128 (37.9747%)
entry 2418000/6362128 (38.0062%)
entry 2420000/6362128 (38.0376%)
entry 2424000/6362128 (38.1005%)
entry 2427000/6362128 (38.1476%)
entry 2428000/6362128 (38.1633%)
entry 2431000/6362128 (38.2105%)
entry 2432000/6362128 (38.2262%)
entry 2433000/6362128 (38.2419%)
entry 2434000/6362128 (38.2576%)
entry 2435000/6362128 (38.2734%)
entry 2436000/6362128 (38.2891%)
entry 2440000/6362128 (38.3519%)
entry 2445000/6362128 (38.4305%)
entry 2446000/6362128 (38.4463%)
entry 2447000/6362128 (38.462%)
entry 2448000/6362128 (38.4777%)
entry 2449000/6362128 (38.4934%)
entry 2450000/6362128 (38.5091%)
entry 2452000/6362128 (38.5406%)
entry 2454000/6362128 (38.572%)
entry 2457000/6362128 (38.6192%)
entry 2458000/6362128 (38.6349%)
entry 2460000/6362128 (38.6663%)
entry 2461000/6362128 (38.682%)
entry 2462000/6362128 (38.6977%)
entry 2463000/6362128 (38.7135%)
entry 2466000/6362128 (38.7606%)
entry 2467000/6362128 (38.7763%)
entry 2468000/6362128 (38.7921%)
entry 2474000/6362128 (38.8864%)
entry 2476000/6362128 (38.9178%)
entry 2479000/6362128 (38.965%)
entry 2481000/6362128 (38.9964%)
entry 2482000/6362128 (39.0121%)
entry 2483000/6362128 (39.0278%)
entry 2484000/6362128 (39.0435%)
entry 2486000/6362128 (39.075%)
entry 2487000/6362128 (39.0907%)
entry 2488000/6362128 (39.1064%)
entry 2489000/6362128 (39.1221%)
entry 2490000/6362128 (39.1378%)
entry 2491000/6362128 (39.1536%)
entry 2495000/6362128 (39.2164%)
entry 2496000/6362128 (39.2322%)
entry 2497000/6362128 (39.2479%)
entry 2499000/6362128 (39.2793%)
entry 2502000/6362128 (39.3265%)
entry 2504000/6362128 (39.3579%)
entry 2506000/6362128 (39.3893%)
entry 2507000/6362128 (39.4051%)
entry 2509000/6362128 (39.4365%)
entry 2510000/6362128 (39.4522%)
entry 2512000/6362128 (39.4836%)
entry 2514000/6362128 (39.5151%)
entry 2515000/6362128 (39.5308%)
entry 2517000/6362128 (39.5622%)
entry 2518000/6362128 (39.578%)
entry 2521000/6362128 (39.6251%)
entry 2523000/6362128 (39.6565%)
entry 2525000/6362128 (39.688%)
entry 2526000/6362128 (39.7037%)
entry 2527000/6362128 (39.7194%)
entry 2529000/6362128 (39.7509%)
entry 2530000/6362128 (39.7666%)
entry 2532000/6362128 (39.798%)
entry 2533000/6362128 (39.8137%)
entry 2534000/6362128 (39.8294%)
entry 2536000/6362128 (39.8609%)
entry 2539000/6362128 (39.908%)
entry 2540000/6362128 (39.9237%)
entry 2542000/6362128 (39.9552%)
entry 2543000/6362128 (39.9709%)
entry 2544000/6362128 (39.9866%)
entry 2547000/6362128 (40.0338%)
entry 2548000/6362128 (40.0495%)
entry 2549000/6362128 (40.0652%)
entry 2552000/6362128 (40.1124%)
entry 2553000/6362128 (40.1281%)
entry 2555000/6362128 (40.1595%)
entry 2556000/6362128 (40.1752%)
entry 2557000/6362128 (40.191%)
entry 2561000/6362128 (40.2538%)
entry 2562000/6362128 (40.2695%)
entry 2564000/6362128 (40.301%)
entry 2565000/6362128 (40.3167%)
entry 2566000/6362128 (40.3324%)
entry 2567000/6362128 (40.3481%)
entry 2568000/6362128 (40.3639%)
entry 2569000/6362128 (40.3796%)
entry 2570000/6362128 (40.3953%)
entry 2572000/6362128 (40.4267%)
entry 2573000/6362128 (40.4424%)
entry 2574000/6362128 (40.4582%)
entry 2575000/6362128 (40.4739%)
entry 2576000/6362128 (40.4896%)
entry 2577000/6362128 (40.5053%)
entry 2578000/6362128 (40.521%)
entry 2580000/6362128 (40.5525%)
entry 2581000/6362128 (40.5682%)
entry 2582000/6362128 (40.5839%)
entry 2583000/6362128 (40.5996%)
entry 2584000/6362128 (40.6153%)
entry 2585000/6362128 (40.6311%)
entry 2586000/6362128 (40.6468%)
entry 2587000/6362128 (40.6625%)
entry 2590000/6362128 (40.7097%)
entry 2592000/6362128 (40.7411%)
entry 2593000/6362128 (40.7568%)
entry 2595000/6362128 (40.7882%)
entry 2596000/6362128 (40.804%)
entry 2597000/6362128 (40.8197%)
entry 2599000/6362128 (40.8511%)
entry 2600000/6362128 (40.8668%)
entry 2601000/6362128 (40.8825%)
entry 2603000/6362128 (40.914%)
entry 2604000/6362128 (40.9297%)
entry 2607000/6362128 (40.9769%)
entry 2610000/6362128 (41.024%)
entry 2611000/6362128 (41.0397%)
entry 2615000/6362128 (41.1026%)
entry 2616000/6362128 (41.1183%)
entry 2617000/6362128 (41.134%)
entry 2619000/6362128 (41.1655%)
entry 2621000/6362128 (41.1969%)
entry 2622000/6362128 (41.2126%)
entry 2623000/6362128 (41.2283%)
entry 2624000/6362128 (41.2441%)
entry 2625000/6362128 (41.2598%)
entry 2626000/6362128 (41.2755%)
entry 2627000/6362128 (41.2912%)
entry 2628000/6362128 (41.3069%)
entry 2629000/6362128 (41.3227%)
entry 2630000/6362128 (41.3384%)
entry 2631000/6362128 (41.3541%)
entry 2633000/6362128 (41.3855%)
entry 2635000/6362128 (41.417%)
entry 2637000/6362128 (41.4484%)
entry 2638000/6362128 (41.4641%)
entry 2639000/6362128 (41.4798%)
entry 2640000/6362128 (41.4955%)
entry 2642000/6362128 (41.527%)
entry 2646000/6362128 (41.5899%)
entry 2649000/6362128 (41.637%)
entry 2650000/6362128 (41.6527%)
entry 2652000/6362128 (41.6842%)
entry 2653000/6362128 (41.6999%)
entry 2654000/6362128 (41.7156%)
entry 2655000/6362128 (41.7313%)
entry 2656000/6362128 (41.747%)
entry 2658000/6362128 (41.7785%)
entry 2660000/6362128 (41.8099%)
entry 2662000/6362128 (41.8413%)
entry 2663000/6362128 (41.8571%)
entry 2664000/6362128 (41.8728%)
entry 2667000/6362128 (41.9199%)
entry 2668000/6362128 (41.9357%)
entry 2669000/6362128 (41.9514%)
entry 2671000/6362128 (41.9828%)
entry 2673000/6362128 (42.0142%)
entry 2674000/6362128 (42.03%)
entry 2675000/6362128 (42.0457%)
entry 2678000/6362128 (42.0928%)
entry 2679000/6362128 (42.1086%)
entry 2680000/6362128 (42.1243%)
entry 2682000/6362128 (42.1557%)
entry 2683000/6362128 (42.1714%)
entry 2684000/6362128 (42.1871%)
entry 2685000/6362128 (42.2029%)
entry 2686000/6362128 (42.2186%)
entry 2687000/6362128 (42.2343%)
entry 2688000/6362128 (42.25%)
entry 2689000/6362128 (42.2657%)
entry 2690000/6362128 (42.2815%)
entry 2691000/6362128 (42.2972%)
entry 2693000/6362128 (42.3286%)
entry 2694000/6362128 (42.3443%)
entry 2697000/6362128 (42.3915%)
entry 2698000/6362128 (42.4072%)
entry 2699000/6362128 (42.4229%)
entry 2700000/6362128 (42.4386%)
entry 2701000/6362128 (42.4543%)
entry 2702000/6362128 (42.4701%)
entry 2703000/6362128 (42.4858%)
entry 2706000/6362128 (42.5329%)
entry 2707000/6362128 (42.5487%)
entry 2709000/6362128 (42.5801%)
entry 2710000/6362128 (42.5958%)
entry 2711000/6362128 (42.6115%)
entry 2713000/6362128 (42.643%)
entry 2716000/6362128 (42.6901%)
entry 2717000/6362128 (42.7058%)
entry 2718000/6362128 (42.7216%)
entry 2720000/6362128 (42.753%)
entry 2721000/6362128 (42.7687%)
entry 2722000/6362128 (42.7844%)
entry 2723000/6362128 (42.8001%)
entry 2724000/6362128 (42.8159%)
entry 2725000/6362128 (42.8316%)
entry 2727000/6362128 (42.863%)
entry 2728000/6362128 (42.8787%)
entry 2729000/6362128 (42.8945%)
entry 2731000/6362128 (42.9259%)
entry 2732000/6362128 (42.9416%)
entry 2733000/6362128 (42.9573%)
entry 2735000/6362128 (42.9888%)
entry 2737000/6362128 (43.0202%)
entry 2738000/6362128 (43.0359%)
entry 2740000/6362128 (43.0674%)
entry 2741000/6362128 (43.0831%)
entry 2743000/6362128 (43.1145%)
entry 2746000/6362128 (43.1617%)
entry 2747000/6362128 (43.1774%)
entry 2749000/6362128 (43.2088%)
entry 2750000/6362128 (43.2245%)
entry 2752000/6362128 (43.256%)
entry 2753000/6362128 (43.2717%)
entry 2756000/6362128 (43.3188%)
entry 2757000/6362128 (43.3346%)
entry 2759000/6362128 (43.366%)
entry 2761000/6362128 (43.3974%)
entry 2762000/6362128 (43.4131%)
entry 2764000/6362128 (43.4446%)
entry 2765000/6362128 (43.4603%)
entry 2768000/6362128 (43.5075%)
entry 2769000/6362128 (43.5232%)
entry 2771000/6362128 (43.5546%)
entry 2772000/6362128 (43.5703%)
entry 2773000/6362128 (43.586%)
entry 2774000/6362128 (43.6018%)
entry 2775000/6362128 (43.6175%)
entry 2777000/6362128 (43.6489%)
entry 2779000/6362128 (43.6804%)
entry 2781000/6362128 (43.7118%)
entry 2782000/6362128 (43.7275%)
entry 2783000/6362128 (43.7432%)
entry 2784000/6362128 (43.7589%)
entry 2785000/6362128 (43.7747%)
entry 2786000/6362128 (43.7904%)
entry 2787000/6362128 (43.8061%)
entry 2788000/6362128 (43.8218%)
entry 2789000/6362128 (43.8375%)
entry 2790000/6362128 (43.8533%)
entry 2792000/6362128 (43.8847%)
entry 2793000/6362128 (43.9004%)
entry 2794000/6362128 (43.9161%)
entry 2795000/6362128 (43.9318%)
entry 2797000/6362128 (43.9633%)
entry 2798000/6362128 (43.979%)
entry 2799000/6362128 (43.9947%)
entry 2800000/6362128 (44.0104%)
entry 2801000/6362128 (44.0261%)
entry 2802000/6362128 (44.0419%)
entry 2803000/6362128 (44.0576%)
entry 2804000/6362128 (44.0733%)
entry 2805000/6362128 (44.089%)
entry 2807000/6362128 (44.1205%)
entry 2808000/6362128 (44.1362%)
entry 2809000/6362128 (44.1519%)
entry 2811000/6362128 (44.1833%)
entry 2812000/6362128 (44.199%)
entry 2813000/6362128 (44.2148%)
entry 2814000/6362128 (44.2305%)
entry 2816000/6362128 (44.2619%)
entry 2818000/6362128 (44.2934%)
entry 2819000/6362128 (44.3091%)
entry 2821000/6362128 (44.3405%)
entry 2823000/6362128 (44.3719%)
entry 2826000/6362128 (44.4191%)
entry 2827000/6362128 (44.4348%)
entry 2830000/6362128 (44.482%)
entry 2831000/6362128 (44.4977%)
entry 2832000/6362128 (44.5134%)
entry 2834000/6362128 (44.5448%)
entry 2838000/6362128 (44.6077%)
entry 2839000/6362128 (44.6234%)
entry 2840000/6362128 (44.6392%)
entry 2841000/6362128 (44.6549%)
entry 2842000/6362128 (44.6706%)
entry 2846000/6362128 (44.7335%)
entry 2848000/6362128 (44.7649%)
entry 2849000/6362128 (44.7806%)
entry 2851000/6362128 (44.8121%)
entry 2854000/6362128 (44.8592%)
entry 2855000/6362128 (44.8749%)
entry 2858000/6362128 (44.9221%)
entry 2859000/6362128 (44.9378%)
entry 2860000/6362128 (44.9535%)
entry 2861000/6362128 (44.9692%)
entry 2863000/6362128 (45.0007%)
entry 2864000/6362128 (45.0164%)
entry 2865000/6362128 (45.0321%)
entry 2867000/6362128 (45.0635%)
entry 2870000/6362128 (45.1107%)
entry 2872000/6362128 (45.1421%)
entry 2873000/6362128 (45.1578%)
entry 2874000/6362128 (45.1736%)
entry 2875000/6362128 (45.1893%)
entry 2876000/6362128 (45.205%)
entry 2877000/6362128 (45.2207%)
entry 2878000/6362128 (45.2364%)
entry 2880000/6362128 (45.2679%)
entry 2881000/6362128 (45.2836%)
entry 2882000/6362128 (45.2993%)
entry 2883000/6362128 (45.315%)
entry 2886000/6362128 (45.3622%)
entry 2889000/6362128 (45.4093%)
entry 2890000/6362128 (45.4251%)
entry 2891000/6362128 (45.4408%)
entry 2892000/6362128 (45.4565%)
entry 2893000/6362128 (45.4722%)
entry 2896000/6362128 (45.5194%)
entry 2898000/6362128 (45.5508%)
entry 2899000/6362128 (45.5665%)
entry 2900000/6362128 (45.5822%)
entry 2903000/6362128 (45.6294%)
entry 2904000/6362128 (45.6451%)
entry 2905000/6362128 (45.6608%)
entry 2906000/6362128 (45.6765%)
entry 2907000/6362128 (45.6923%)
entry 2908000/6362128 (45.708%)
entry 2909000/6362128 (45.7237%)
entry 2910000/6362128 (45.7394%)
entry 2912000/6362128 (45.7708%)
entry 2913000/6362128 (45.7866%)
entry 2916000/6362128 (45.8337%)
entry 2917000/6362128 (45.8494%)
entry 2918000/6362128 (45.8652%)
entry 2919000/6362128 (45.8809%)
entry 2920000/6362128 (45.8966%)
entry 2921000/6362128 (45.9123%)
entry 2924000/6362128 (45.9595%)
entry 2925000/6362128 (45.9752%)
entry 2926000/6362128 (45.9909%)
entry 2928000/6362128 (46.0223%)
entry 2929000/6362128 (46.0381%)
entry 2930000/6362128 (46.0538%)
entry 2932000/6362128 (46.0852%)
entry 2933000/6362128 (46.1009%)
entry 2934000/6362128 (46.1166%)
entry 2935000/6362128 (46.1324%)
entry 2937000/6362128 (46.1638%)
entry 2938000/6362128 (46.1795%)
entry 2939000/6362128 (46.1952%)
entry 2941000/6362128 (46.2267%)
entry 2945000/6362128 (46.2895%)
entry 2947000/6362128 (46.321%)
entry 2948000/6362128 (46.3367%)
entry 2949000/6362128 (46.3524%)
entry 2950000/6362128 (46.3681%)
entry 2953000/6362128 (46.4153%)
entry 2954000/6362128 (46.431%)
entry 2955000/6362128 (46.4467%)
entry 2956000/6362128 (46.4624%)
entry 2958000/6362128 (46.4939%)
entry 2960000/6362128 (46.5253%)
entry 2961000/6362128 (46.541%)
entry 2963000/6362128 (46.5725%)
entry 2964000/6362128 (46.5882%)
entry 2965000/6362128 (46.6039%)
entry 2968000/6362128 (46.6511%)
entry 2969000/6362128 (46.6668%)
entry 2970000/6362128 (46.6825%)
entry 2971000/6362128 (46.6982%)
entry 2972000/6362128 (46.7139%)
entry 2974000/6362128 (46.7454%)
entry 2975000/6362128 (46.7611%)
entry 2977000/6362128 (46.7925%)
entry 2979000/6362128 (46.824%)
entry 2980000/6362128 (46.8397%)
entry 2986000/6362128 (46.934%)
entry 2989000/6362128 (46.9811%)
entry 2992000/6362128 (47.0283%)
entry 2993000/6362128 (47.044%)
entry 2995000/6362128 (47.0754%)
entry 2996000/6362128 (47.0912%)
entry 2997000/6362128 (47.1069%)
entry 2999000/6362128 (47.1383%)
entry 3001000/6362128 (47.1698%)
entry 3002000/6362128 (47.1855%)
entry 3003000/6362128 (47.2012%)
entry 3004000/6362128 (47.2169%)
entry 3005000/6362128 (47.2326%)
entry 3006000/6362128 (47.2483%)
entry 3007000/6362128 (47.2641%)
entry 3010000/6362128 (47.3112%)
entry 3011000/6362128 (47.3269%)
entry 3012000/6362128 (47.3426%)
entry 3013000/6362128 (47.3584%)
entry 3015000/6362128 (47.3898%)
entry 3016000/6362128 (47.4055%)
entry 3017000/6362128 (47.4212%)
entry 3018000/6362128 (47.437%)
entry 3021000/6362128 (47.4841%)
entry 3022000/6362128 (47.4998%)
entry 3029000/6362128 (47.6099%)
entry 3030000/6362128 (47.6256%)
entry 3033000/6362128 (47.6727%)
entry 3034000/6362128 (47.6884%)
entry 3035000/6362128 (47.7042%)
entry 3038000/6362128 (47.7513%)
entry 3039000/6362128 (47.767%)
entry 3040000/6362128 (47.7828%)
entry 3041000/6362128 (47.7985%)
entry 3043000/6362128 (47.8299%)
entry 3044000/6362128 (47.8456%)
entry 3046000/6362128 (47.8771%)
entry 3048000/6362128 (47.9085%)
entry 3050000/6362128 (47.9399%)
entry 3051000/6362128 (47.9557%)
entry 3052000/6362128 (47.9714%)
entry 3056000/6362128 (48.0342%)
entry 3057000/6362128 (48.05%)
entry 3059000/6362128 (48.0814%)
entry 3061000/6362128 (48.1128%)
entry 3064000/6362128 (48.16%)
entry 3065000/6362128 (48.1757%)
entry 3066000/6362128 (48.1914%)
entry 3067000/6362128 (48.2071%)
entry 3069000/6362128 (48.2386%)
entry 3070000/6362128 (48.2543%)
entry 3071000/6362128 (48.27%)
entry 3072000/6362128 (48.2857%)
entry 3075000/6362128 (48.3329%)
entry 3078000/6362128 (48.38%)
entry 3081000/6362128 (48.4272%)
entry 3082000/6362128 (48.4429%)
entry 3084000/6362128 (48.4743%)
entry 3087000/6362128 (48.5215%)
entry 3088000/6362128 (48.5372%)
entry 3089000/6362128 (48.5529%)
entry 3090000/6362128 (48.5687%)
entry 3091000/6362128 (48.5844%)
entry 3093000/6362128 (48.6158%)
entry 3095000/6362128 (48.6472%)
entry 3097000/6362128 (48.6787%)
entry 3101000/6362128 (48.7416%)
entry 3103000/6362128 (48.773%)
entry 3105000/6362128 (48.8044%)
entry 3107000/6362128 (48.8359%)
entry 3108000/6362128 (48.8516%)
entry 3111000/6362128 (48.8987%)
entry 3114000/6362128 (48.9459%)
entry 3115000/6362128 (48.9616%)
entry 3116000/6362128 (48.9773%)
entry 3117000/6362128 (48.993%)
entry 3119000/6362128 (49.0245%)
entry 3121000/6362128 (49.0559%)
entry 3122000/6362128 (49.0716%)
entry 3124000/6362128 (49.1031%)
entry 3127000/6362128 (49.1502%)
entry 3128000/6362128 (49.1659%)
entry 3133000/6362128 (49.2445%)
entry 3135000/6362128 (49.276%)
entry 3138000/6362128 (49.3231%)
entry 3140000/6362128 (49.3546%)
entry 3141000/6362128 (49.3703%)
entry 3145000/6362128 (49.4331%)
entry 3147000/6362128 (49.4646%)
entry 3149000/6362128 (49.496%)
entry 3152000/6362128 (49.5432%)
entry 3153000/6362128 (49.5589%)
entry 3154000/6362128 (49.5746%)
entry 3155000/6362128 (49.5903%)
entry 3156000/6362128 (49.606%)
entry 3157000/6362128 (49.6218%)
entry 3158000/6362128 (49.6375%)
entry 3159000/6362128 (49.6532%)
entry 3160000/6362128 (49.6689%)
entry 3162000/6362128 (49.7004%)
entry 3165000/6362128 (49.7475%)
entry 3166000/6362128 (49.7632%)
entry 3168000/6362128 (49.7947%)
entry 3169000/6362128 (49.8104%)
entry 3170000/6362128 (49.8261%)
entry 3171000/6362128 (49.8418%)
entry 3172000/6362128 (49.8575%)
entry 3175000/6362128 (49.9047%)
entry 3177000/6362128 (49.9361%)
entry 3179000/6362128 (49.9676%)
entry 3181000/6362128 (49.999%)
entry 3186000/6362128 (50.0776%)
entry 3187000/6362128 (50.0933%)
entry 3188000/6362128 (50.109%)
entry 3190000/6362128 (50.1405%)
entry 3191000/6362128 (50.1562%)
entry 3193000/6362128 (50.1876%)
entry 3194000/6362128 (50.2033%)
entry 3196000/6362128 (50.2348%)
entry 3199000/6362128 (50.2819%)
entry 3200000/6362128 (50.2976%)
entry 3203000/6362128 (50.3448%)
entry 3208000/6362128 (50.4234%)
entry 3210000/6362128 (50.4548%)
entry 3215000/6362128 (50.5334%)
entry 3216000/6362128 (50.5491%)
entry 3217000/6362128 (50.5648%)
entry 3219000/6362128 (50.5963%)
entry 3220000/6362128 (50.612%)
entry 3221000/6362128 (50.6277%)
entry 3223000/6362128 (50.6591%)
entry 3224000/6362128 (50.6749%)
entry 3226000/6362128 (50.7063%)
entry 3229000/6362128 (50.7535%)
entry 3230000/6362128 (50.7692%)
entry 3233000/6362128 (50.8163%)
entry 3234000/6362128 (50.8321%)
entry 3235000/6362128 (50.8478%)
entry 3236000/6362128 (50.8635%)
entry 3237000/6362128 (50.8792%)
entry 3238000/6362128 (50.8949%)
entry 3239000/6362128 (50.9106%)
entry 3243000/6362128 (50.9735%)
entry 3244000/6362128 (50.9892%)
entry 3248000/6362128 (51.0521%)
entry 3251000/6362128 (51.0993%)
entry 3254000/6362128 (51.1464%)
entry 3255000/6362128 (51.1621%)
entry 3257000/6362128 (51.1936%)
entry 3258000/6362128 (51.2093%)
entry 3261000/6362128 (51.2564%)
entry 3262000/6362128 (51.2722%)
entry 3264000/6362128 (51.3036%)
entry 3266000/6362128 (51.335%)
entry 3268000/6362128 (51.3665%)
entry 3271000/6362128 (51.4136%)
entry 3275000/6362128 (51.4765%)
entry 3276000/6362128 (51.4922%)
entry 3277000/6362128 (51.5079%)
entry 3279000/6362128 (51.5394%)
entry 3280000/6362128 (51.5551%)
entry 3282000/6362128 (51.5865%)
entry 3283000/6362128 (51.6022%)
entry 3285000/6362128 (51.6337%)
entry 3287000/6362128 (51.6651%)
entry 3288000/6362128 (51.6808%)
entry 3292000/6362128 (51.7437%)
entry 3294000/6362128 (51.7751%)
entry 3296000/6362128 (51.8066%)
entry 3298000/6362128 (51.838%)
entry 3299000/6362128 (51.8537%)
entry 3303000/6362128 (51.9166%)
entry 3304000/6362128 (51.9323%)
entry 3306000/6362128 (51.9637%)
entry 3307000/6362128 (51.9795%)
entry 3309000/6362128 (52.0109%)
entry 3310000/6362128 (52.0266%)
entry 3311000/6362128 (52.0423%)
entry 3312000/6362128 (52.0581%)
entry 3314000/6362128 (52.0895%)
entry 3315000/6362128 (52.1052%)
entry 3316000/6362128 (52.1209%)
entry 3317000/6362128 (52.1366%)
entry 3318000/6362128 (52.1524%)
entry 3320000/6362128 (52.1838%)
entry 3321000/6362128 (52.1995%)
entry 3322000/6362128 (52.2152%)
entry 3326000/6362128 (52.2781%)
entry 3327000/6362128 (52.2938%)
entry 3328000/6362128 (52.3095%)
entry 3329000/6362128 (52.3253%)
entry 3330000/6362128 (52.341%)
entry 3331000/6362128 (52.3567%)
entry 3332000/6362128 (52.3724%)
entry 3333000/6362128 (52.3881%)
entry 3334000/6362128 (52.4038%)
entry 3338000/6362128 (52.4667%)
entry 3339000/6362128 (52.4824%)
entry 3341000/6362128 (52.5139%)
entry 3342000/6362128 (52.5296%)
entry 3344000/6362128 (52.561%)
entry 3345000/6362128 (52.5768%)
entry 3347000/6362128 (52.6082%)
entry 3349000/6362128 (52.6396%)
entry 3350000/6362128 (52.6553%)
entry 3351000/6362128 (52.6711%)
entry 3354000/6362128 (52.7182%)
entry 3355000/6362128 (52.7339%)
entry 3357000/6362128 (52.7654%)
entry 3362000/6362128 (52.844%)
entry 3363000/6362128 (52.8597%)
entry 3364000/6362128 (52.8754%)
entry 3365000/6362128 (52.8911%)
entry 3367000/6362128 (52.9225%)
entry 3368000/6362128 (52.9383%)
entry 3369000/6362128 (52.954%)
entry 3370000/6362128 (52.9697%)
entry 3373000/6362128 (53.0169%)
entry 3374000/6362128 (53.0326%)
entry 3375000/6362128 (53.0483%)
entry 3376000/6362128 (53.064%)
entry 3377000/6362128 (53.0797%)
entry 3380000/6362128 (53.1269%)
entry 3381000/6362128 (53.1426%)
entry 3382000/6362128 (53.1583%)
entry 3384000/6362128 (53.1897%)
entry 3385000/6362128 (53.2055%)
entry 3386000/6362128 (53.2212%)
entry 3388000/6362128 (53.2526%)
entry 3389000/6362128 (53.2683%)
entry 3390000/6362128 (53.2841%)
entry 3391000/6362128 (53.2998%)
entry 3395000/6362128 (53.3626%)
entry 3396000/6362128 (53.3784%)
entry 3397000/6362128 (53.3941%)
entry 3398000/6362128 (53.4098%)
entry 3399000/6362128 (53.4255%)
entry 3400000/6362128 (53.4412%)
entry 3401000/6362128 (53.457%)
entry 3403000/6362128 (53.4884%)
entry 3404000/6362128 (53.5041%)
entry 3405000/6362128 (53.5198%)
entry 3407000/6362128 (53.5513%)
entry 3408000/6362128 (53.567%)
entry 3410000/6362128 (53.5984%)
entry 3411000/6362128 (53.6141%)
entry 3412000/6362128 (53.6299%)
entry 3414000/6362128 (53.6613%)
entry 3416000/6362128 (53.6927%)
entry 3418000/6362128 (53.7242%)
entry 3419000/6362128 (53.7399%)
entry 3420000/6362128 (53.7556%)
entry 3422000/6362128 (53.787%)
entry 3425000/6362128 (53.8342%)
entry 3426000/6362128 (53.8499%)
entry 3427000/6362128 (53.8656%)
entry 3428000/6362128 (53.8813%)
entry 3432000/6362128 (53.9442%)
entry 3434000/6362128 (53.9757%)
entry 3436000/6362128 (54.0071%)
entry 3437000/6362128 (54.0228%)
entry 3439000/6362128 (54.0542%)
entry 3440000/6362128 (54.07%)
entry 3441000/6362128 (54.0857%)
entry 3447000/6362128 (54.18%)
entry 3448000/6362128 (54.1957%)
entry 3449000/6362128 (54.2114%)
entry 3451000/6362128 (54.2429%)
entry 3452000/6362128 (54.2586%)
entry 3453000/6362128 (54.2743%)
entry 3454000/6362128 (54.29%)
entry 3455000/6362128 (54.3057%)
entry 3456000/6362128 (54.3214%)
entry 3457000/6362128 (54.3372%)
entry 3459000/6362128 (54.3686%)
entry 3460000/6362128 (54.3843%)
entry 3461000/6362128 (54.4%)
entry 3463000/6362128 (54.4315%)
entry 3464000/6362128 (54.4472%)
entry 3467000/6362128 (54.4943%)
entry 3468000/6362128 (54.5101%)
entry 3472000/6362128 (54.5729%)
entry 3474000/6362128 (54.6044%)
entry 3476000/6362128 (54.6358%)
entry 3477000/6362128 (54.6515%)
entry 3478000/6362128 (54.6672%)
entry 3480000/6362128 (54.6987%)
entry 3483000/6362128 (54.7458%)
entry 3484000/6362128 (54.7616%)
entry 3486000/6362128 (54.793%)
entry 3487000/6362128 (54.8087%)
entry 3488000/6362128 (54.8244%)
entry 3489000/6362128 (54.8401%)
entry 3490000/6362128 (54.8559%)
entry 3491000/6362128 (54.8716%)
entry 3493000/6362128 (54.903%)
entry 3495000/6362128 (54.9344%)
entry 3496000/6362128 (54.9502%)
entry 3497000/6362128 (54.9659%)
entry 3500000/6362128 (55.013%)
entry 3501000/6362128 (55.0288%)
entry 3502000/6362128 (55.0445%)
entry 3503000/6362128 (55.0602%)
entry 3504000/6362128 (55.0759%)
entry 3505000/6362128 (55.0916%)
entry 3507000/6362128 (55.1231%)
entry 3509000/6362128 (55.1545%)
entry 3510000/6362128 (55.1702%)
entry 3511000/6362128 (55.1859%)
entry 3514000/6362128 (55.2331%)
entry 3515000/6362128 (55.2488%)
entry 3516000/6362128 (55.2645%)
entry 3517000/6362128 (55.2802%)
entry 3520000/6362128 (55.3274%)
entry 3521000/6362128 (55.3431%)
entry 3522000/6362128 (55.3588%)
entry 3524000/6362128 (55.3903%)
entry 3525000/6362128 (55.406%)
entry 3527000/6362128 (55.4374%)
entry 3528000/6362128 (55.4531%)
entry 3529000/6362128 (55.4689%)
entry 3530000/6362128 (55.4846%)
entry 3533000/6362128 (55.5317%)
entry 3534000/6362128 (55.5475%)
entry 3536000/6362128 (55.5789%)
entry 3538000/6362128 (55.6103%)
entry 3539000/6362128 (55.626%)
entry 3540000/6362128 (55.6418%)
entry 3541000/6362128 (55.6575%)
entry 3542000/6362128 (55.6732%)
entry 3543000/6362128 (55.6889%)
entry 3544000/6362128 (55.7046%)
entry 3546000/6362128 (55.7361%)
entry 3548000/6362128 (55.7675%)
entry 3550000/6362128 (55.7989%)
entry 3552000/6362128 (55.8304%)
entry 3554000/6362128 (55.8618%)
entry 3555000/6362128 (55.8775%)
entry 3557000/6362128 (55.909%)
entry 3558000/6362128 (55.9247%)
entry 3560000/6362128 (55.9561%)
entry 3561000/6362128 (55.9718%)
entry 3562000/6362128 (55.9876%)
entry 3564000/6362128 (56.019%)
entry 3569000/6362128 (56.0976%)
entry 3570000/6362128 (56.1133%)
entry 3572000/6362128 (56.1447%)
entry 3574000/6362128 (56.1762%)
entry 3576000/6362128 (56.2076%)
entry 3577000/6362128 (56.2233%)
entry 3581000/6362128 (56.2862%)
entry 3583000/6362128 (56.3176%)
entry 3584000/6362128 (56.3334%)
entry 3585000/6362128 (56.3491%)
entry 3587000/6362128 (56.3805%)
entry 3588000/6362128 (56.3962%)
entry 3589000/6362128 (56.4119%)
entry 3593000/6362128 (56.4748%)
entry 3595000/6362128 (56.5063%)
entry 3597000/6362128 (56.5377%)
entry 3599000/6362128 (56.5691%)
entry 3600000/6362128 (56.5848%)
entry 3603000/6362128 (56.632%)
entry 3604000/6362128 (56.6477%)
entry 3606000/6362128 (56.6791%)
entry 3608000/6362128 (56.7106%)
entry 3609000/6362128 (56.7263%)
entry 3610000/6362128 (56.742%)
entry 3613000/6362128 (56.7892%)
entry 3614000/6362128 (56.8049%)
entry 3615000/6362128 (56.8206%)
entry 3616000/6362128 (56.8363%)
entry 3617000/6362128 (56.852%)
entry 3618000/6362128 (56.8678%)
entry 3620000/6362128 (56.8992%)
entry 3622000/6362128 (56.9306%)
entry 3623000/6362128 (56.9464%)
entry 3625000/6362128 (56.9778%)
entry 3626000/6362128 (56.9935%)
entry 3627000/6362128 (57.0092%)
entry 3632000/6362128 (57.0878%)
entry 3633000/6362128 (57.1035%)
entry 3634000/6362128 (57.1193%)
entry 3637000/6362128 (57.1664%)
entry 3640000/6362128 (57.2136%)
entry 3641000/6362128 (57.2293%)
entry 3643000/6362128 (57.2607%)
entry 3644000/6362128 (57.2764%)
entry 3645000/6362128 (57.2922%)
entry 3647000/6362128 (57.3236%)
entry 3651000/6362128 (57.3865%)
entry 3653000/6362128 (57.4179%)
entry 3654000/6362128 (57.4336%)
entry 3655000/6362128 (57.4493%)
entry 3656000/6362128 (57.465%)
entry 3657000/6362128 (57.4808%)
entry 3658000/6362128 (57.4965%)
entry 3659000/6362128 (57.5122%)
entry 3660000/6362128 (57.5279%)
entry 3664000/6362128 (57.5908%)
entry 3665000/6362128 (57.6065%)
entry 3666000/6362128 (57.6222%)
entry 3668000/6362128 (57.6537%)
entry 3669000/6362128 (57.6694%)
entry 3670000/6362128 (57.6851%)
entry 3673000/6362128 (57.7323%)
entry 3675000/6362128 (57.7637%)
entry 3676000/6362128 (57.7794%)
entry 3677000/6362128 (57.7951%)
entry 3678000/6362128 (57.8108%)
entry 3679000/6362128 (57.8266%)
entry 3680000/6362128 (57.8423%)
entry 3681000/6362128 (57.858%)
entry 3682000/6362128 (57.8737%)
entry 3683000/6362128 (57.8894%)
entry 3686000/6362128 (57.9366%)
entry 3687000/6362128 (57.9523%)
entry 3689000/6362128 (57.9837%)
entry 3691000/6362128 (58.0152%)
entry 3692000/6362128 (58.0309%)
entry 3693000/6362128 (58.0466%)
entry 3694000/6362128 (58.0623%)
entry 3695000/6362128 (58.0781%)
entry 3698000/6362128 (58.1252%)
entry 3701000/6362128 (58.1724%)
entry 3702000/6362128 (58.1881%)
entry 3703000/6362128 (58.2038%)
entry 3705000/6362128 (58.2352%)
entry 3708000/6362128 (58.2824%)
entry 3710000/6362128 (58.3138%)
entry 3712000/6362128 (58.3453%)
entry 3713000/6362128 (58.361%)
entry 3714000/6362128 (58.3767%)
entry 3717000/6362128 (58.4238%)
entry 3718000/6362128 (58.4396%)
entry 3719000/6362128 (58.4553%)
entry 3722000/6362128 (58.5024%)
entry 3723000/6362128 (58.5182%)
entry 3725000/6362128 (58.5496%)
entry 3726000/6362128 (58.5653%)
entry 3727000/6362128 (58.581%)
entry 3729000/6362128 (58.6125%)
entry 3730000/6362128 (58.6282%)
entry 3731000/6362128 (58.6439%)
entry 3732000/6362128 (58.6596%)
entry 3734000/6362128 (58.6911%)
entry 3735000/6362128 (58.7068%)
entry 3736000/6362128 (58.7225%)
entry 3741000/6362128 (58.8011%)
entry 3742000/6362128 (58.8168%)
entry 3744000/6362128 (58.8482%)
entry 3746000/6362128 (58.8797%)
entry 3748000/6362128 (58.9111%)
entry 3749000/6362128 (58.9268%)
entry 3750000/6362128 (58.9425%)
entry 3752000/6362128 (58.974%)
entry 3753000/6362128 (58.9897%)
entry 3754000/6362128 (59.0054%)
entry 3756000/6362128 (59.0369%)
entry 3760000/6362128 (59.0997%)
entry 3761000/6362128 (59.1154%)
entry 3762000/6362128 (59.1312%)
entry 3763000/6362128 (59.1469%)
entry 3764000/6362128 (59.1626%)
entry 3765000/6362128 (59.1783%)
entry 3766000/6362128 (59.194%)
entry 3767000/6362128 (59.2097%)
entry 3771000/6362128 (59.2726%)
entry 3774000/6362128 (59.3198%)
entry 3775000/6362128 (59.3355%)
entry 3776000/6362128 (59.3512%)
entry 3778000/6362128 (59.3826%)
entry 3779000/6362128 (59.3984%)
entry 3780000/6362128 (59.4141%)
entry 3788000/6362128 (59.5398%)
entry 3789000/6362128 (59.5555%)
entry 3790000/6362128 (59.5713%)
entry 3791000/6362128 (59.587%)
entry 3792000/6362128 (59.6027%)
entry 3794000/6362128 (59.6341%)
entry 3795000/6362128 (59.6499%)
entry 3798000/6362128 (59.697%)
entry 3799000/6362128 (59.7127%)
entry 3800000/6362128 (59.7284%)
entry 3801000/6362128 (59.7442%)
entry 3803000/6362128 (59.7756%)
entry 3804000/6362128 (59.7913%)
entry 3805000/6362128 (59.807%)
entry 3808000/6362128 (59.8542%)
entry 3809000/6362128 (59.8699%)
entry 3812000/6362128 (59.9171%)
entry 3814000/6362128 (59.9485%)
entry 3815000/6362128 (59.9642%)
entry 3816000/6362128 (59.9799%)
entry 3819000/6362128 (60.0271%)
entry 3820000/6362128 (60.0428%)
entry 3822000/6362128 (60.0742%)
entry 3823000/6362128 (60.09%)
entry 3827000/6362128 (60.1528%)
entry 3828000/6362128 (60.1685%)
entry 3829000/6362128 (60.1843%)
entry 3831000/6362128 (60.2157%)
entry 3832000/6362128 (60.2314%)
entry 3834000/6362128 (60.2629%)
entry 3835000/6362128 (60.2786%)
entry 3836000/6362128 (60.2943%)
entry 3838000/6362128 (60.3257%)
entry 3841000/6362128 (60.3729%)
entry 3842000/6362128 (60.3886%)
entry 3847000/6362128 (60.4672%)
entry 3849000/6362128 (60.4986%)
entry 3850000/6362128 (60.5143%)
entry 3851000/6362128 (60.5301%)
entry 3852000/6362128 (60.5458%)
entry 3853000/6362128 (60.5615%)
entry 3855000/6362128 (60.5929%)
entry 3860000/6362128 (60.6715%)
entry 3862000/6362128 (60.703%)
entry 3863000/6362128 (60.7187%)
entry 3864000/6362128 (60.7344%)
entry 3866000/6362128 (60.7658%)
entry 3870000/6362128 (60.8287%)
entry 3872000/6362128 (60.8601%)
entry 3874000/6362128 (60.8916%)
entry 3875000/6362128 (60.9073%)
entry 3877000/6362128 (60.9387%)
entry 3882000/6362128 (61.0173%)
entry 3883000/6362128 (61.033%)
entry 3887000/6362128 (61.0959%)
entry 3892000/6362128 (61.1745%)
entry 3893000/6362128 (61.1902%)
entry 3894000/6362128 (61.2059%)
entry 3896000/6362128 (61.2374%)
entry 3898000/6362128 (61.2688%)
entry 3899000/6362128 (61.2845%)
entry 3900000/6362128 (61.3002%)
entry 3901000/6362128 (61.316%)
entry 3902000/6362128 (61.3317%)
entry 3904000/6362128 (61.3631%)
entry 3905000/6362128 (61.3788%)
entry 3907000/6362128 (61.4103%)
entry 3909000/6362128 (61.4417%)
entry 3910000/6362128 (61.4574%)
entry 3911000/6362128 (61.4731%)
entry 3914000/6362128 (61.5203%)
entry 3916000/6362128 (61.5517%)
entry 3917000/6362128 (61.5674%)
entry 3919000/6362128 (61.5989%)
entry 3920000/6362128 (61.6146%)
entry 3922000/6362128 (61.646%)
entry 3923000/6362128 (61.6618%)
entry 3924000/6362128 (61.6775%)
entry 3925000/6362128 (61.6932%)
entry 3927000/6362128 (61.7246%)
entry 3928000/6362128 (61.7404%)
entry 3929000/6362128 (61.7561%)
entry 3930000/6362128 (61.7718%)
entry 3931000/6362128 (61.7875%)
entry 3932000/6362128 (61.8032%)
entry 3933000/6362128 (61.8189%)
entry 3934000/6362128 (61.8347%)
entry 3935000/6362128 (61.8504%)
entry 3938000/6362128 (61.8975%)
entry 3939000/6362128 (61.9132%)
entry 3940000/6362128 (61.929%)
entry 3942000/6362128 (61.9604%)
entry 3944000/6362128 (61.9918%)
entry 3946000/6362128 (62.0233%)
entry 3947000/6362128 (62.039%)
entry 3949000/6362128 (62.0704%)
entry 3950000/6362128 (62.0861%)
entry 3951000/6362128 (62.1019%)
entry 3952000/6362128 (62.1176%)
entry 3954000/6362128 (62.149%)
entry 3955000/6362128 (62.1647%)
entry 3956000/6362128 (62.1805%)
entry 3957000/6362128 (62.1962%)
entry 3958000/6362128 (62.2119%)
entry 3959000/6362128 (62.2276%)
entry 3961000/6362128 (62.259%)
entry 3963000/6362128 (62.2905%)
entry 3965000/6362128 (62.3219%)
entry 3966000/6362128 (62.3376%)
entry 3967000/6362128 (62.3533%)
entry 3971000/6362128 (62.4162%)
entry 3972000/6362128 (62.4319%)
entry 3973000/6362128 (62.4477%)
entry 3974000/6362128 (62.4634%)
entry 3975000/6362128 (62.4791%)
entry 3978000/6362128 (62.5262%)
entry 3979000/6362128 (62.542%)
entry 3980000/6362128 (62.5577%)
entry 3981000/6362128 (62.5734%)
entry 3985000/6362128 (62.6363%)
entry 3988000/6362128 (62.6834%)
entry 3989000/6362128 (62.6991%)
entry 3990000/6362128 (62.7149%)
entry 3993000/6362128 (62.762%)
entry 3994000/6362128 (62.7777%)
entry 3995000/6362128 (62.7935%)
entry 3997000/6362128 (62.8249%)
entry 3998000/6362128 (62.8406%)
entry 3999000/6362128 (62.8563%)
entry 4002000/6362128 (62.9035%)
entry 4003000/6362128 (62.9192%)
entry 4004000/6362128 (62.9349%)
entry 4005000/6362128 (62.9506%)
entry 4011000/6362128 (63.0449%)
entry 4013000/6362128 (63.0764%)
entry 4015000/6362128 (63.1078%)
entry 4018000/6362128 (63.155%)
entry 4019000/6362128 (63.1707%)
entry 4020000/6362128 (63.1864%)
entry 4021000/6362128 (63.2021%)
entry 4023000/6362128 (63.2336%)
entry 4024000/6362128 (63.2493%)
entry 4027000/6362128 (63.2964%)
entry 4029000/6362128 (63.3279%)
entry 4030000/6362128 (63.3436%)
entry 4031000/6362128 (63.3593%)
entry 4032000/6362128 (63.375%)
entry 4033000/6362128 (63.3907%)
entry 4034000/6362128 (63.4065%)
entry 4036000/6362128 (63.4379%)
entry 4037000/6362128 (63.4536%)
entry 4038000/6362128 (63.4693%)
entry 4039000/6362128 (63.4851%)
entry 4042000/6362128 (63.5322%)
entry 4044000/6362128 (63.5636%)
entry 4045000/6362128 (63.5794%)
entry 4046000/6362128 (63.5951%)
entry 4048000/6362128 (63.6265%)
entry 4053000/6362128 (63.7051%)
entry 4054000/6362128 (63.7208%)
entry 4055000/6362128 (63.7365%)
entry 4056000/6362128 (63.7523%)
entry 4060000/6362128 (63.8151%)
entry 4061000/6362128 (63.8308%)
entry 4062000/6362128 (63.8466%)
entry 4063000/6362128 (63.8623%)
entry 4065000/6362128 (63.8937%)
entry 4066000/6362128 (63.9094%)
entry 4068000/6362128 (63.9409%)
entry 4069000/6362128 (63.9566%)
entry 4070000/6362128 (63.9723%)
entry 4076000/6362128 (64.0666%)
entry 4077000/6362128 (64.0823%)
entry 4078000/6362128 (64.098%)
entry 4079000/6362128 (64.1138%)
entry 4080000/6362128 (64.1295%)
entry 4082000/6362128 (64.1609%)
entry 4083000/6362128 (64.1766%)
entry 4085000/6362128 (64.2081%)
entry 4086000/6362128 (64.2238%)
entry 4087000/6362128 (64.2395%)
entry 4088000/6362128 (64.2552%)
entry 4090000/6362128 (64.2867%)
entry 4092000/6362128 (64.3181%)
entry 4093000/6362128 (64.3338%)
entry 4094000/6362128 (64.3495%)
entry 4095000/6362128 (64.3653%)
entry 4096000/6362128 (64.381%)
entry 4097000/6362128 (64.3967%)
entry 4099000/6362128 (64.4281%)
entry 4103000/6362128 (64.491%)
entry 4105000/6362128 (64.5224%)
entry 4106000/6362128 (64.5382%)
entry 4107000/6362128 (64.5539%)
entry 4108000/6362128 (64.5696%)
entry 4109000/6362128 (64.5853%)
entry 4110000/6362128 (64.601%)
entry 4111000/6362128 (64.6167%)
entry 4112000/6362128 (64.6325%)
entry 4113000/6362128 (64.6482%)
entry 4114000/6362128 (64.6639%)
entry 4115000/6362128 (64.6796%)
entry 4120000/6362128 (64.7582%)
entry 4121000/6362128 (64.7739%)
entry 4124000/6362128 (64.8211%)
entry 4125000/6362128 (64.8368%)
entry 4126000/6362128 (64.8525%)
entry 4127000/6362128 (64.8682%)
entry 4128000/6362128 (64.884%)
entry 4131000/6362128 (64.9311%)
entry 4133000/6362128 (64.9625%)
entry 4134000/6362128 (64.9783%)
entry 4135000/6362128 (64.994%)
entry 4139000/6362128 (65.0568%)
entry 4141000/6362128 (65.0883%)
entry 4142000/6362128 (65.104%)
entry 4143000/6362128 (65.1197%)
entry 4144000/6362128 (65.1354%)
entry 4148000/6362128 (65.1983%)
entry 4150000/6362128 (65.2297%)
entry 4153000/6362128 (65.2769%)
entry 4155000/6362128 (65.3083%)
entry 4157000/6362128 (65.3398%)
entry 4158000/6362128 (65.3555%)
entry 4159000/6362128 (65.3712%)
entry 4160000/6362128 (65.3869%)
entry 4161000/6362128 (65.4026%)
entry 4162000/6362128 (65.4184%)
entry 4163000/6362128 (65.4341%)
entry 4170000/6362128 (65.5441%)
entry 4172000/6362128 (65.5755%)
entry 4177000/6362128 (65.6541%)
entry 4180000/6362128 (65.7013%)
entry 4181000/6362128 (65.717%)
entry 4182000/6362128 (65.7327%)
entry 4184000/6362128 (65.7642%)
entry 4185000/6362128 (65.7799%)
entry 4187000/6362128 (65.8113%)
entry 4188000/6362128 (65.827%)
entry 4190000/6362128 (65.8585%)
entry 4191000/6362128 (65.8742%)
entry 4192000/6362128 (65.8899%)
entry 4194000/6362128 (65.9213%)
entry 4199000/6362128 (65.9999%)
entry 4202000/6362128 (66.0471%)
entry 4203000/6362128 (66.0628%)
entry 4205000/6362128 (66.0942%)
entry 4207000/6362128 (66.1257%)
entry 4209000/6362128 (66.1571%)
entry 4210000/6362128 (66.1728%)
entry 4211000/6362128 (66.1885%)
entry 4212000/6362128 (66.2043%)
entry 4213000/6362128 (66.22%)
entry 4214000/6362128 (66.2357%)
entry 4215000/6362128 (66.2514%)
entry 4218000/6362128 (66.2986%)
entry 4220000/6362128 (66.33%)
entry 4221000/6362128 (66.3457%)
entry 4224000/6362128 (66.3929%)
entry 4225000/6362128 (66.4086%)
entry 4226000/6362128 (66.4243%)
entry 4228000/6362128 (66.4558%)
entry 4230000/6362128 (66.4872%)
entry 4232000/6362128 (66.5186%)
entry 4233000/6362128 (66.5343%)
entry 4236000/6362128 (66.5815%)
entry 4238000/6362128 (66.6129%)
entry 4239000/6362128 (66.6287%)
entry 4240000/6362128 (66.6444%)
entry 4242000/6362128 (66.6758%)
entry 4246000/6362128 (66.7387%)
entry 4247000/6362128 (66.7544%)
entry 4248000/6362128 (66.7701%)
entry 4249000/6362128 (66.7858%)
entry 4250000/6362128 (66.8015%)
entry 4251000/6362128 (66.8173%)
entry 4252000/6362128 (66.833%)
entry 4253000/6362128 (66.8487%)
entry 4254000/6362128 (66.8644%)
entry 4258000/6362128 (66.9273%)
entry 4259000/6362128 (66.943%)
entry 4262000/6362128 (66.9902%)
entry 4263000/6362128 (67.0059%)
entry 4264000/6362128 (67.0216%)
entry 4265000/6362128 (67.0373%)
entry 4266000/6362128 (67.053%)
entry 4268000/6362128 (67.0845%)
entry 4269000/6362128 (67.1002%)
entry 4270000/6362128 (67.1159%)
entry 4273000/6362128 (67.1631%)
entry 4275000/6362128 (67.1945%)
entry 4276000/6362128 (67.2102%)
entry 4279000/6362128 (67.2574%)
entry 4280000/6362128 (67.2731%)
entry 4281000/6362128 (67.2888%)
entry 4282000/6362128 (67.3045%)
entry 4283000/6362128 (67.3202%)
entry 4284000/6362128 (67.336%)
entry 4287000/6362128 (67.3831%)
entry 4288000/6362128 (67.3988%)
entry 4289000/6362128 (67.4146%)
entry 4290000/6362128 (67.4303%)
entry 4291000/6362128 (67.446%)
entry 4292000/6362128 (67.4617%)
entry 4293000/6362128 (67.4774%)
entry 4295000/6362128 (67.5089%)
entry 4296000/6362128 (67.5246%)
entry 4297000/6362128 (67.5403%)
entry 4298000/6362128 (67.556%)
entry 4303000/6362128 (67.6346%)
entry 4305000/6362128 (67.666%)
entry 4308000/6362128 (67.7132%)
entry 4309000/6362128 (67.7289%)
entry 4311000/6362128 (67.7603%)
entry 4312000/6362128 (67.7761%)
entry 4314000/6362128 (67.8075%)
entry 4319000/6362128 (67.8861%)
entry 4321000/6362128 (67.9175%)
entry 4322000/6362128 (67.9332%)
entry 4325000/6362128 (67.9804%)
entry 4326000/6362128 (67.9961%)
entry 4327000/6362128 (68.0118%)
entry 4328000/6362128 (68.0276%)
entry 4330000/6362128 (68.059%)
entry 4332000/6362128 (68.0904%)
entry 4333000/6362128 (68.1061%)
entry 4336000/6362128 (68.1533%)
entry 4338000/6362128 (68.1847%)
entry 4340000/6362128 (68.2162%)
entry 4341000/6362128 (68.2319%)
entry 4342000/6362128 (68.2476%)
entry 4343000/6362128 (68.2633%)
entry 4344000/6362128 (68.279%)
entry 4348000/6362128 (68.3419%)
entry 4349000/6362128 (68.3576%)
entry 4350000/6362128 (68.3733%)
entry 4352000/6362128 (68.4048%)
entry 4353000/6362128 (68.4205%)
entry 4357000/6362128 (68.4834%)
entry 4358000/6362128 (68.4991%)
entry 4359000/6362128 (68.5148%)
entry 4360000/6362128 (68.5305%)
entry 4362000/6362128 (68.562%)
entry 4363000/6362128 (68.5777%)
entry 4367000/6362128 (68.6406%)
entry 4369000/6362128 (68.672%)
entry 4371000/6362128 (68.7034%)
entry 4373000/6362128 (68.7349%)
entry 4374000/6362128 (68.7506%)
entry 4376000/6362128 (68.782%)
entry 4377000/6362128 (68.7977%)
entry 4378000/6362128 (68.8135%)
entry 4379000/6362128 (68.8292%)
entry 4380000/6362128 (68.8449%)
entry 4382000/6362128 (68.8763%)
entry 4383000/6362128 (68.892%)
entry 4385000/6362128 (68.9235%)
entry 4386000/6362128 (68.9392%)
entry 4387000/6362128 (68.9549%)
entry 4388000/6362128 (68.9706%)
entry 4391000/6362128 (69.0178%)
entry 4392000/6362128 (69.0335%)
entry 4394000/6362128 (69.0649%)
entry 4395000/6362128 (69.0807%)
entry 4396000/6362128 (69.0964%)
entry 4397000/6362128 (69.1121%)
entry 4398000/6362128 (69.1278%)
entry 4401000/6362128 (69.175%)
entry 4402000/6362128 (69.1907%)
entry 4406000/6362128 (69.2536%)
entry 4408000/6362128 (69.285%)
entry 4410000/6362128 (69.3164%)
entry 4412000/6362128 (69.3479%)
entry 4413000/6362128 (69.3636%)
entry 4416000/6362128 (69.4107%)
entry 4418000/6362128 (69.4422%)
entry 4419000/6362128 (69.4579%)
entry 4424000/6362128 (69.5365%)
entry 4425000/6362128 (69.5522%)
entry 4426000/6362128 (69.5679%)
entry 4427000/6362128 (69.5836%)
entry 4429000/6362128 (69.6151%)
entry 4430000/6362128 (69.6308%)
entry 4431000/6362128 (69.6465%)
entry 4434000/6362128 (69.6937%)
entry 4435000/6362128 (69.7094%)
entry 4438000/6362128 (69.7565%)
entry 4439000/6362128 (69.7722%)
entry 4441000/6362128 (69.8037%)
entry 4442000/6362128 (69.8194%)
entry 4443000/6362128 (69.8351%)
entry 4445000/6362128 (69.8666%)
entry 4447000/6362128 (69.898%)
entry 4452000/6362128 (69.9766%)
entry 4453000/6362128 (69.9923%)
entry 4454000/6362128 (70.008%)
entry 4456000/6362128 (70.0395%)
entry 4458000/6362128 (70.0709%)
entry 4460000/6362128 (70.1023%)
entry 4461000/6362128 (70.118%)
entry 4465000/6362128 (70.1809%)
entry 4466000/6362128 (70.1966%)
entry 4467000/6362128 (70.2124%)
entry 4468000/6362128 (70.2281%)
entry 4471000/6362128 (70.2752%)
entry 4474000/6362128 (70.3224%)
entry 4475000/6362128 (70.3381%)
entry 4476000/6362128 (70.3538%)
entry 4477000/6362128 (70.3695%)
entry 4480000/6362128 (70.4167%)
entry 4483000/6362128 (70.4638%)
entry 4484000/6362128 (70.4796%)
entry 4485000/6362128 (70.4953%)
entry 4487000/6362128 (70.5267%)
entry 4488000/6362128 (70.5424%)
entry 4489000/6362128 (70.5582%)
entry 4490000/6362128 (70.5739%)
entry 4491000/6362128 (70.5896%)
entry 4492000/6362128 (70.6053%)
entry 4493000/6362128 (70.621%)
entry 4495000/6362128 (70.6525%)
entry 4497000/6362128 (70.6839%)
entry 4498000/6362128 (70.6996%)
entry 4499000/6362128 (70.7153%)
entry 4500000/6362128 (70.731%)
entry 4501000/6362128 (70.7468%)
entry 4503000/6362128 (70.7782%)
entry 4505000/6362128 (70.8096%)
entry 4506000/6362128 (70.8254%)
entry 4507000/6362128 (70.8411%)
entry 4508000/6362128 (70.8568%)
entry 4509000/6362128 (70.8725%)
entry 4510000/6362128 (70.8882%)
entry 4513000/6362128 (70.9354%)
entry 4514000/6362128 (70.9511%)
entry 4515000/6362128 (70.9668%)
entry 4519000/6362128 (71.0297%)
entry 4520000/6362128 (71.0454%)
entry 4521000/6362128 (71.0611%)
entry 4526000/6362128 (71.1397%)
entry 4527000/6362128 (71.1554%)
entry 4529000/6362128 (71.1869%)
entry 4531000/6362128 (71.2183%)
entry 4532000/6362128 (71.234%)
entry 4533000/6362128 (71.2497%)
entry 4536000/6362128 (71.2969%)
entry 4537000/6362128 (71.3126%)
entry 4541000/6362128 (71.3755%)
entry 4542000/6362128 (71.3912%)
entry 4543000/6362128 (71.4069%)
entry 4546000/6362128 (71.4541%)
entry 4549000/6362128 (71.5012%)
entry 4550000/6362128 (71.5169%)
entry 4552000/6362128 (71.5484%)
entry 4555000/6362128 (71.5955%)
entry 4560000/6362128 (71.6741%)
entry 4561000/6362128 (71.6899%)
entry 4562000/6362128 (71.7056%)
entry 4563000/6362128 (71.7213%)
entry 4565000/6362128 (71.7527%)
entry 4567000/6362128 (71.7842%)
entry 4568000/6362128 (71.7999%)
entry 4569000/6362128 (71.8156%)
entry 4572000/6362128 (71.8627%)
entry 4574000/6362128 (71.8942%)
entry 4575000/6362128 (71.9099%)
entry 4576000/6362128 (71.9256%)
entry 4577000/6362128 (71.9413%)
entry 4578000/6362128 (71.9571%)
entry 4581000/6362128 (72.0042%)
entry 4583000/6362128 (72.0356%)
entry 4584000/6362128 (72.0514%)
entry 4585000/6362128 (72.0671%)
entry 4586000/6362128 (72.0828%)
entry 4587000/6362128 (72.0985%)
entry 4588000/6362128 (72.1142%)
entry 4589000/6362128 (72.13%)
entry 4590000/6362128 (72.1457%)
entry 4591000/6362128 (72.1614%)
entry 4592000/6362128 (72.1771%)
entry 4593000/6362128 (72.1928%)
entry 4594000/6362128 (72.2085%)
entry 4595000/6362128 (72.2243%)
entry 4597000/6362128 (72.2557%)
entry 4598000/6362128 (72.2714%)
entry 4599000/6362128 (72.2871%)
entry 4600000/6362128 (72.3029%)
entry 4601000/6362128 (72.3186%)
entry 4602000/6362128 (72.3343%)
entry 4603000/6362128 (72.35%)
entry 4606000/6362128 (72.3972%)
entry 4607000/6362128 (72.4129%)
entry 4608000/6362128 (72.4286%)
entry 4609000/6362128 (72.4443%)
entry 4610000/6362128 (72.46%)
entry 4611000/6362128 (72.4757%)
entry 4612000/6362128 (72.4915%)
entry 4615000/6362128 (72.5386%)
entry 4617000/6362128 (72.5701%)
entry 4618000/6362128 (72.5858%)
entry 4619000/6362128 (72.6015%)
entry 4621000/6362128 (72.6329%)
entry 4622000/6362128 (72.6487%)
entry 4624000/6362128 (72.6801%)
entry 4626000/6362128 (72.7115%)
entry 4627000/6362128 (72.7272%)
entry 4628000/6362128 (72.743%)
entry 4629000/6362128 (72.7587%)
entry 4632000/6362128 (72.8058%)
entry 4633000/6362128 (72.8215%)
entry 4636000/6362128 (72.8687%)
entry 4637000/6362128 (72.8844%)
entry 4641000/6362128 (72.9473%)
entry 4642000/6362128 (72.963%)
entry 4646000/6362128 (73.0259%)
entry 4647000/6362128 (73.0416%)
entry 4648000/6362128 (73.0573%)
entry 4650000/6362128 (73.0888%)
entry 4652000/6362128 (73.1202%)
entry 4653000/6362128 (73.1359%)
entry 4654000/6362128 (73.1516%)
entry 4655000/6362128 (73.1673%)
entry 4656000/6362128 (73.1831%)
entry 4657000/6362128 (73.1988%)
entry 4658000/6362128 (73.2145%)
entry 4659000/6362128 (73.2302%)
entry 4661000/6362128 (73.2616%)
entry 4664000/6362128 (73.3088%)
entry 4665000/6362128 (73.3245%)
entry 4666000/6362128 (73.3402%)
entry 4667000/6362128 (73.356%)
entry 4670000/6362128 (73.4031%)
entry 4671000/6362128 (73.4188%)
entry 4675000/6362128 (73.4817%)
entry 4676000/6362128 (73.4974%)
entry 4679000/6362128 (73.5446%)
entry 4680000/6362128 (73.5603%)
entry 4682000/6362128 (73.5917%)
entry 4683000/6362128 (73.6074%)
entry 4684000/6362128 (73.6232%)
entry 4685000/6362128 (73.6389%)
entry 4686000/6362128 (73.6546%)
entry 4687000/6362128 (73.6703%)
entry 4688000/6362128 (73.686%)
entry 4689000/6362128 (73.7018%)
entry 4691000/6362128 (73.7332%)
entry 4693000/6362128 (73.7646%)
entry 4694000/6362128 (73.7803%)
entry 4695000/6362128 (73.7961%)
entry 4696000/6362128 (73.8118%)
entry 4697000/6362128 (73.8275%)
entry 4698000/6362128 (73.8432%)
entry 4700000/6362128 (73.8747%)
entry 4701000/6362128 (73.8904%)
entry 4702000/6362128 (73.9061%)
entry 4703000/6362128 (73.9218%)
entry 4704000/6362128 (73.9375%)
entry 4705000/6362128 (73.9532%)
entry 4706000/6362128 (73.969%)
entry 4709000/6362128 (74.0161%)
entry 4710000/6362128 (74.0318%)
entry 4711000/6362128 (74.0476%)
entry 4712000/6362128 (74.0633%)
entry 4713000/6362128 (74.079%)
entry 4715000/6362128 (74.1104%)
entry 4716000/6362128 (74.1261%)
entry 4717000/6362128 (74.1419%)
entry 4721000/6362128 (74.2047%)
entry 4723000/6362128 (74.2362%)
entry 4724000/6362128 (74.2519%)
entry 4726000/6362128 (74.2833%)
entry 4727000/6362128 (74.299%)
entry 4729000/6362128 (74.3305%)
entry 4730000/6362128 (74.3462%)
entry 4734000/6362128 (74.4091%)
entry 4736000/6362128 (74.4405%)
entry 4737000/6362128 (74.4562%)
entry 4738000/6362128 (74.4719%)
entry 4739000/6362128 (74.4877%)
entry 4740000/6362128 (74.5034%)
entry 4742000/6362128 (74.5348%)
entry 4743000/6362128 (74.5505%)
entry 4744000/6362128 (74.5662%)
entry 4748000/6362128 (74.6291%)
entry 4749000/6362128 (74.6448%)
entry 4750000/6362128 (74.6606%)
entry 4751000/6362128 (74.6763%)
entry 4752000/6362128 (74.692%)
entry 4755000/6362128 (74.7391%)
entry 4756000/6362128 (74.7549%)
entry 4759000/6362128 (74.802%)
entry 4760000/6362128 (74.8177%)
entry 4761000/6362128 (74.8335%)
entry 4767000/6362128 (74.9278%)
entry 4768000/6362128 (74.9435%)
entry 4769000/6362128 (74.9592%)
entry 4770000/6362128 (74.9749%)
entry 4771000/6362128 (74.9906%)
entry 4772000/6362128 (75.0063%)
entry 4774000/6362128 (75.0378%)
entry 4775000/6362128 (75.0535%)
entry 4777000/6362128 (75.0849%)
entry 4778000/6362128 (75.1007%)
entry 4780000/6362128 (75.1321%)
entry 4781000/6362128 (75.1478%)
entry 4782000/6362128 (75.1635%)
entry 4783000/6362128 (75.1792%)
entry 4784000/6362128 (75.195%)
entry 4786000/6362128 (75.2264%)
entry 4787000/6362128 (75.2421%)
entry 4788000/6362128 (75.2578%)
entry 4791000/6362128 (75.305%)
entry 4793000/6362128 (75.3364%)
entry 4794000/6362128 (75.3521%)
entry 4795000/6362128 (75.3679%)
entry 4797000/6362128 (75.3993%)
entry 4798000/6362128 (75.415%)
entry 4799000/6362128 (75.4307%)
entry 4801000/6362128 (75.4622%)
entry 4802000/6362128 (75.4779%)
entry 4803000/6362128 (75.4936%)
entry 4805000/6362128 (75.525%)
entry 4806000/6362128 (75.5408%)
entry 4808000/6362128 (75.5722%)
entry 4810000/6362128 (75.6036%)
entry 4812000/6362128 (75.6351%)
entry 4813000/6362128 (75.6508%)
entry 4816000/6362128 (75.6979%)
entry 4818000/6362128 (75.7294%)
entry 4819000/6362128 (75.7451%)
entry 4820000/6362128 (75.7608%)
entry 4821000/6362128 (75.7765%)
entry 4822000/6362128 (75.7923%)
entry 4824000/6362128 (75.8237%)
entry 4826000/6362128 (75.8551%)
entry 4829000/6362128 (75.9023%)
entry 4833000/6362128 (75.9651%)
entry 4834000/6362128 (75.9809%)
entry 4835000/6362128 (75.9966%)
entry 4836000/6362128 (76.0123%)
entry 4837000/6362128 (76.028%)
entry 4841000/6362128 (76.0909%)
entry 4842000/6362128 (76.1066%)
entry 4844000/6362128 (76.138%)
entry 4847000/6362128 (76.1852%)
entry 4848000/6362128 (76.2009%)
entry 4849000/6362128 (76.2166%)
entry 4850000/6362128 (76.2324%)
entry 4852000/6362128 (76.2638%)
entry 4853000/6362128 (76.2795%)
entry 4854000/6362128 (76.2952%)
entry 4855000/6362128 (76.3109%)
entry 4856000/6362128 (76.3267%)
entry 4859000/6362128 (76.3738%)
entry 4860000/6362128 (76.3895%)
entry 4861000/6362128 (76.4053%)
entry 4862000/6362128 (76.421%)
entry 4866000/6362128 (76.4838%)
entry 4869000/6362128 (76.531%)
entry 4870000/6362128 (76.5467%)
entry 4871000/6362128 (76.5624%)
entry 4872000/6362128 (76.5782%)
entry 4874000/6362128 (76.6096%)
entry 4876000/6362128 (76.641%)
entry 4877000/6362128 (76.6567%)
entry 4878000/6362128 (76.6725%)
entry 4880000/6362128 (76.7039%)
entry 4883000/6362128 (76.751%)
entry 4885000/6362128 (76.7825%)
entry 4887000/6362128 (76.8139%)
entry 4888000/6362128 (76.8296%)
entry 4891000/6362128 (76.8768%)
entry 4892000/6362128 (76.8925%)
entry 4893000/6362128 (76.9082%)
entry 4895000/6362128 (76.9397%)
entry 4896000/6362128 (76.9554%)
entry 4897000/6362128 (76.9711%)
entry 4902000/6362128 (77.0497%)
entry 4903000/6362128 (77.0654%)
entry 4904000/6362128 (77.0811%)
entry 4905000/6362128 (77.0968%)
entry 4906000/6362128 (77.1126%)
entry 4907000/6362128 (77.1283%)
entry 4908000/6362128 (77.144%)
entry 4909000/6362128 (77.1597%)
entry 4910000/6362128 (77.1754%)
entry 4911000/6362128 (77.1912%)
entry 4914000/6362128 (77.2383%)
entry 4915000/6362128 (77.254%)
entry 4919000/6362128 (77.3169%)
entry 4920000/6362128 (77.3326%)
entry 4921000/6362128 (77.3483%)
entry 4923000/6362128 (77.3798%)
entry 4924000/6362128 (77.3955%)
entry 4925000/6362128 (77.4112%)
entry 4926000/6362128 (77.4269%)
entry 4927000/6362128 (77.4426%)
entry 4928000/6362128 (77.4584%)
entry 4929000/6362128 (77.4741%)
entry 4930000/6362128 (77.4898%)
entry 4932000/6362128 (77.5212%)
entry 4933000/6362128 (77.537%)
entry 4936000/6362128 (77.5841%)
entry 4937000/6362128 (77.5998%)
entry 4938000/6362128 (77.6155%)
entry 4940000/6362128 (77.647%)
entry 4942000/6362128 (77.6784%)
entry 4943000/6362128 (77.6941%)
entry 4947000/6362128 (77.757%)
entry 4948000/6362128 (77.7727%)
entry 4949000/6362128 (77.7884%)
entry 4950000/6362128 (77.8042%)
entry 4953000/6362128 (77.8513%)
entry 4954000/6362128 (77.867%)
entry 4955000/6362128 (77.8827%)
entry 4956000/6362128 (77.8985%)
entry 4957000/6362128 (77.9142%)
entry 4959000/6362128 (77.9456%)
entry 4960000/6362128 (77.9613%)
entry 4961000/6362128 (77.9771%)
entry 4962000/6362128 (77.9928%)
entry 4963000/6362128 (78.0085%)
entry 4965000/6362128 (78.0399%)
entry 4966000/6362128 (78.0556%)
entry 4967000/6362128 (78.0714%)
entry 4969000/6362128 (78.1028%)
entry 4973000/6362128 (78.1657%)
entry 4974000/6362128 (78.1814%)
entry 4975000/6362128 (78.1971%)
entry 4976000/6362128 (78.2128%)
entry 4977000/6362128 (78.2285%)
entry 4978000/6362128 (78.2443%)
entry 4982000/6362128 (78.3071%)
entry 4985000/6362128 (78.3543%)
entry 4987000/6362128 (78.3857%)
entry 4989000/6362128 (78.4172%)
entry 4991000/6362128 (78.4486%)
entry 4992000/6362128 (78.4643%)
entry 4998000/6362128 (78.5586%)
entry 5000000/6362128 (78.5901%)
entry 5001000/6362128 (78.6058%)
entry 5003000/6362128 (78.6372%)
entry 5008000/6362128 (78.7158%)
entry 5009000/6362128 (78.7315%)
entry 5014000/6362128 (78.8101%)
entry 5016000/6362128 (78.8415%)
entry 5017000/6362128 (78.8573%)
entry 5019000/6362128 (78.8887%)
entry 5020000/6362128 (78.9044%)
entry 5021000/6362128 (78.9201%)
entry 5022000/6362128 (78.9359%)
entry 5025000/6362128 (78.983%)
entry 5026000/6362128 (78.9987%)
entry 5027000/6362128 (79.0144%)
entry 5030000/6362128 (79.0616%)
entry 5031000/6362128 (79.0773%)
entry 5032000/6362128 (79.093%)
entry 5034000/6362128 (79.1245%)
entry 5036000/6362128 (79.1559%)
entry 5038000/6362128 (79.1873%)
entry 5039000/6362128 (79.2031%)
entry 5040000/6362128 (79.2188%)
entry 5042000/6362128 (79.2502%)
entry 5043000/6362128 (79.2659%)
entry 5045000/6362128 (79.2974%)
entry 5046000/6362128 (79.3131%)
entry 5050000/6362128 (79.376%)
entry 5052000/6362128 (79.4074%)
entry 5055000/6362128 (79.4545%)
entry 5056000/6362128 (79.4703%)
entry 5057000/6362128 (79.486%)
entry 5059000/6362128 (79.5174%)
entry 5062000/6362128 (79.5646%)
entry 5063000/6362128 (79.5803%)
entry 5066000/6362128 (79.6274%)
entry 5067000/6362128 (79.6432%)
entry 5068000/6362128 (79.6589%)
entry 5072000/6362128 (79.7218%)
entry 5073000/6362128 (79.7375%)
entry 5074000/6362128 (79.7532%)
entry 5077000/6362128 (79.8003%)
entry 5078000/6362128 (79.8161%)
entry 5081000/6362128 (79.8632%)
entry 5082000/6362128 (79.8789%)
entry 5084000/6362128 (79.9104%)
entry 5085000/6362128 (79.9261%)
entry 5086000/6362128 (79.9418%)
entry 5087000/6362128 (79.9575%)
entry 5090000/6362128 (80.0047%)
entry 5095000/6362128 (80.0833%)
entry 5097000/6362128 (80.1147%)
entry 5098000/6362128 (80.1304%)
entry 5099000/6362128 (80.1461%)
entry 5102000/6362128 (80.1933%)
entry 5104000/6362128 (80.2247%)
entry 5107000/6362128 (80.2719%)
entry 5109000/6362128 (80.3033%)
entry 5110000/6362128 (80.319%)
entry 5112000/6362128 (80.3505%)
entry 5114000/6362128 (80.3819%)
entry 5117000/6362128 (80.4291%)
entry 5120000/6362128 (80.4762%)
entry 5121000/6362128 (80.4919%)
entry 5123000/6362128 (80.5234%)
entry 5124000/6362128 (80.5391%)
entry 5125000/6362128 (80.5548%)
entry 5126000/6362128 (80.5705%)
entry 5132000/6362128 (80.6648%)
entry 5133000/6362128 (80.6806%)
entry 5134000/6362128 (80.6963%)
entry 5135000/6362128 (80.712%)
entry 5137000/6362128 (80.7434%)
entry 5140000/6362128 (80.7906%)
entry 5141000/6362128 (80.8063%)
entry 5143000/6362128 (80.8377%)
entry 5144000/6362128 (80.8535%)
entry 5145000/6362128 (80.8692%)
entry 5147000/6362128 (80.9006%)
entry 5148000/6362128 (80.9163%)
entry 5149000/6362128 (80.932%)
entry 5150000/6362128 (80.9478%)
entry 5151000/6362128 (80.9635%)
entry 5152000/6362128 (80.9792%)
entry 5154000/6362128 (81.0106%)
entry 5155000/6362128 (81.0263%)
entry 5156000/6362128 (81.0421%)
entry 5158000/6362128 (81.0735%)
entry 5160000/6362128 (81.1049%)
entry 5161000/6362128 (81.1207%)
entry 5162000/6362128 (81.1364%)
entry 5163000/6362128 (81.1521%)
entry 5165000/6362128 (81.1835%)
entry 5167000/6362128 (81.215%)
entry 5168000/6362128 (81.2307%)
entry 5172000/6362128 (81.2936%)
entry 5173000/6362128 (81.3093%)
entry 5174000/6362128 (81.325%)
entry 5175000/6362128 (81.3407%)
entry 5176000/6362128 (81.3564%)
entry 5178000/6362128 (81.3879%)
entry 5180000/6362128 (81.4193%)
entry 5182000/6362128 (81.4507%)
entry 5183000/6362128 (81.4665%)
entry 5184000/6362128 (81.4822%)
entry 5185000/6362128 (81.4979%)
entry 5186000/6362128 (81.5136%)
entry 5187000/6362128 (81.5293%)
entry 5189000/6362128 (81.5608%)
entry 5190000/6362128 (81.5765%)
entry 5191000/6362128 (81.5922%)
entry 5192000/6362128 (81.6079%)
entry 5193000/6362128 (81.6236%)
entry 5194000/6362128 (81.6393%)
entry 5195000/6362128 (81.6551%)
entry 5196000/6362128 (81.6708%)
entry 5198000/6362128 (81.7022%)
entry 5200000/6362128 (81.7337%)
entry 5201000/6362128 (81.7494%)
entry 5202000/6362128 (81.7651%)
entry 5203000/6362128 (81.7808%)
entry 5204000/6362128 (81.7965%)
entry 5206000/6362128 (81.828%)
entry 5208000/6362128 (81.8594%)
entry 5209000/6362128 (81.8751%)
entry 5210000/6362128 (81.8908%)
entry 5214000/6362128 (81.9537%)
entry 5215000/6362128 (81.9694%)
entry 5219000/6362128 (82.0323%)
entry 5221000/6362128 (82.0637%)
entry 5223000/6362128 (82.0952%)
entry 5224000/6362128 (82.1109%)
entry 5226000/6362128 (82.1423%)
entry 5230000/6362128 (82.2052%)
entry 5233000/6362128 (82.2524%)
entry 5234000/6362128 (82.2681%)
entry 5235000/6362128 (82.2838%)
entry 5236000/6362128 (82.2995%)
entry 5237000/6362128 (82.3152%)
entry 5240000/6362128 (82.3624%)
entry 5241000/6362128 (82.3781%)
entry 5242000/6362128 (82.3938%)
entry 5243000/6362128 (82.4095%)
entry 5244000/6362128 (82.4252%)
entry 5246000/6362128 (82.4567%)
entry 5247000/6362128 (82.4724%)
entry 5249000/6362128 (82.5038%)
entry 5250000/6362128 (82.5196%)
entry 5253000/6362128 (82.5667%)
entry 5258000/6362128 (82.6453%)
entry 5260000/6362128 (82.6767%)
entry 5261000/6362128 (82.6925%)
entry 5264000/6362128 (82.7396%)
entry 5265000/6362128 (82.7553%)
entry 5266000/6362128 (82.771%)
entry 5267000/6362128 (82.7868%)
entry 5270000/6362128 (82.8339%)
entry 5274000/6362128 (82.8968%)
entry 5275000/6362128 (82.9125%)
entry 5276000/6362128 (82.9282%)
entry 5280000/6362128 (82.9911%)
entry 5283000/6362128 (83.0383%)
entry 5284000/6362128 (83.054%)
entry 5285000/6362128 (83.0697%)
entry 5286000/6362128 (83.0854%)
entry 5287000/6362128 (83.1011%)
entry 5288000/6362128 (83.1168%)
entry 5289000/6362128 (83.1326%)
entry 5291000/6362128 (83.164%)
entry 5292000/6362128 (83.1797%)
entry 5293000/6362128 (83.1954%)
entry 5294000/6362128 (83.2112%)
entry 5295000/6362128 (83.2269%)
entry 5298000/6362128 (83.274%)
entry 5300000/6362128 (83.3055%)
entry 5301000/6362128 (83.3212%)
entry 5302000/6362128 (83.3369%)
entry 5304000/6362128 (83.3683%)
entry 5306000/6362128 (83.3998%)
entry 5307000/6362128 (83.4155%)
entry 5310000/6362128 (83.4626%)
entry 5311000/6362128 (83.4784%)
entry 5312000/6362128 (83.4941%)
entry 5313000/6362128 (83.5098%)
entry 5315000/6362128 (83.5412%)
entry 5316000/6362128 (83.557%)
entry 5318000/6362128 (83.5884%)
entry 5319000/6362128 (83.6041%)
entry 5320000/6362128 (83.6198%)
entry 5322000/6362128 (83.6513%)
entry 5324000/6362128 (83.6827%)
entry 5326000/6362128 (83.7141%)
entry 5327000/6362128 (83.7298%)
entry 5328000/6362128 (83.7456%)
entry 5330000/6362128 (83.777%)
entry 5332000/6362128 (83.8084%)
entry 5333000/6362128 (83.8242%)
entry 5334000/6362128 (83.8399%)
entry 5335000/6362128 (83.8556%)
entry 5338000/6362128 (83.9027%)
entry 5339000/6362128 (83.9185%)
entry 5340000/6362128 (83.9342%)
entry 5343000/6362128 (83.9813%)
entry 5344000/6362128 (83.9971%)
entry 5347000/6362128 (84.0442%)
entry 5348000/6362128 (84.0599%)
entry 5349000/6362128 (84.0756%)
entry 5350000/6362128 (84.0914%)
entry 5352000/6362128 (84.1228%)
entry 5354000/6362128 (84.1542%)
entry 5355000/6362128 (84.1699%)
entry 5356000/6362128 (84.1857%)
entry 5358000/6362128 (84.2171%)
entry 5360000/6362128 (84.2485%)
entry 5361000/6362128 (84.2643%)
entry 5363000/6362128 (84.2957%)
entry 5366000/6362128 (84.3428%)
entry 5369000/6362128 (84.39%)
entry 5370000/6362128 (84.4057%)
entry 5371000/6362128 (84.4214%)
entry 5372000/6362128 (84.4372%)
entry 5375000/6362128 (84.4843%)
entry 5376000/6362128 (84.5%)
entry 5378000/6362128 (84.5315%)
entry 5379000/6362128 (84.5472%)
entry 5380000/6362128 (84.5629%)
entry 5381000/6362128 (84.5786%)
entry 5382000/6362128 (84.5943%)
entry 5386000/6362128 (84.6572%)
entry 5387000/6362128 (84.6729%)
entry 5388000/6362128 (84.6886%)
entry 5390000/6362128 (84.7201%)
entry 5392000/6362128 (84.7515%)
entry 5393000/6362128 (84.7672%)
entry 5394000/6362128 (84.783%)
entry 5395000/6362128 (84.7987%)
entry 5396000/6362128 (84.8144%)
entry 5397000/6362128 (84.8301%)
entry 5399000/6362128 (84.8615%)
entry 5400000/6362128 (84.8773%)
entry 5401000/6362128 (84.893%)
entry 5403000/6362128 (84.9244%)
entry 5407000/6362128 (84.9873%)
entry 5408000/6362128 (85.003%)
entry 5410000/6362128 (85.0344%)
entry 5411000/6362128 (85.0502%)
entry 5412000/6362128 (85.0659%)
entry 5413000/6362128 (85.0816%)
entry 5416000/6362128 (85.1287%)
entry 5419000/6362128 (85.1759%)
entry 5421000/6362128 (85.2073%)
entry 5422000/6362128 (85.2231%)
entry 5425000/6362128 (85.2702%)
entry 5426000/6362128 (85.2859%)
entry 5428000/6362128 (85.3174%)
entry 5429000/6362128 (85.3331%)
entry 5431000/6362128 (85.3645%)
entry 5432000/6362128 (85.3802%)
entry 5434000/6362128 (85.4117%)
entry 5435000/6362128 (85.4274%)
entry 5437000/6362128 (85.4588%)
entry 5438000/6362128 (85.4745%)
entry 5439000/6362128 (85.4903%)
entry 5441000/6362128 (85.5217%)
entry 5442000/6362128 (85.5374%)
entry 5443000/6362128 (85.5531%)
entry 5444000/6362128 (85.5689%)
entry 5445000/6362128 (85.5846%)
entry 5446000/6362128 (85.6003%)
entry 5448000/6362128 (85.6317%)
entry 5449000/6362128 (85.6474%)
entry 5450000/6362128 (85.6632%)
entry 5452000/6362128 (85.6946%)
entry 5453000/6362128 (85.7103%)
entry 5455000/6362128 (85.7418%)
entry 5458000/6362128 (85.7889%)
entry 5459000/6362128 (85.8046%)
entry 5460000/6362128 (85.8203%)
entry 5462000/6362128 (85.8518%)
entry 5463000/6362128 (85.8675%)
entry 5464000/6362128 (85.8832%)
entry 5466000/6362128 (85.9146%)
entry 5467000/6362128 (85.9304%)
entry 5469000/6362128 (85.9618%)
entry 5471000/6362128 (85.9932%)
entry 5472000/6362128 (86.009%)
entry 5477000/6362128 (86.0875%)
entry 5480000/6362128 (86.1347%)
entry 5481000/6362128 (86.1504%)
entry 5482000/6362128 (86.1661%)
entry 5484000/6362128 (86.1976%)
entry 5488000/6362128 (86.2604%)
entry 5489000/6362128 (86.2762%)
entry 5490000/6362128 (86.2919%)
entry 5491000/6362128 (86.3076%)
entry 5492000/6362128 (86.3233%)
entry 5494000/6362128 (86.3548%)
entry 5495000/6362128 (86.3705%)
entry 5496000/6362128 (86.3862%)
entry 5497000/6362128 (86.4019%)
entry 5500000/6362128 (86.4491%)
entry 5501000/6362128 (86.4648%)
entry 5502000/6362128 (86.4805%)
entry 5503000/6362128 (86.4962%)
entry 5505000/6362128 (86.5277%)
entry 5506000/6362128 (86.5434%)
entry 5507000/6362128 (86.5591%)
entry 5510000/6362128 (86.6062%)
entry 5511000/6362128 (86.622%)
entry 5513000/6362128 (86.6534%)
entry 5514000/6362128 (86.6691%)
entry 5515000/6362128 (86.6848%)
entry 5516000/6362128 (86.7006%)
entry 5518000/6362128 (86.732%)
entry 5520000/6362128 (86.7634%)
entry 5521000/6362128 (86.7791%)
entry 5523000/6362128 (86.8106%)
entry 5524000/6362128 (86.8263%)
entry 5526000/6362128 (86.8577%)
entry 5527000/6362128 (86.8734%)
entry 5529000/6362128 (86.9049%)
entry 5530000/6362128 (86.9206%)
entry 5531000/6362128 (86.9363%)
entry 5533000/6362128 (86.9678%)
entry 5534000/6362128 (86.9835%)
entry 5537000/6362128 (87.0306%)
entry 5538000/6362128 (87.0463%)
entry 5539000/6362128 (87.0621%)
entry 5540000/6362128 (87.0778%)
entry 5541000/6362128 (87.0935%)
entry 5543000/6362128 (87.1249%)
entry 5544000/6362128 (87.1407%)
entry 5545000/6362128 (87.1564%)
entry 5546000/6362128 (87.1721%)
entry 5547000/6362128 (87.1878%)
entry 5550000/6362128 (87.235%)
entry 5551000/6362128 (87.2507%)
entry 5552000/6362128 (87.2664%)
entry 5556000/6362128 (87.3293%)
entry 5557000/6362128 (87.345%)
entry 5558000/6362128 (87.3607%)
entry 5562000/6362128 (87.4236%)
entry 5563000/6362128 (87.4393%)
entry 5566000/6362128 (87.4865%)
entry 5569000/6362128 (87.5336%)
entry 5572000/6362128 (87.5808%)
entry 5576000/6362128 (87.6436%)
entry 5577000/6362128 (87.6593%)
entry 5578000/6362128 (87.6751%)
entry 5579000/6362128 (87.6908%)
entry 5581000/6362128 (87.7222%)
entry 5582000/6362128 (87.7379%)
entry 5583000/6362128 (87.7537%)
entry 5584000/6362128 (87.7694%)
entry 5588000/6362128 (87.8322%)
entry 5590000/6362128 (87.8637%)
entry 5591000/6362128 (87.8794%)
entry 5593000/6362128 (87.9108%)
entry 5595000/6362128 (87.9423%)
entry 5596000/6362128 (87.958%)
entry 5597000/6362128 (87.9737%)
entry 5598000/6362128 (87.9894%)
entry 5599000/6362128 (88.0051%)
entry 5600000/6362128 (88.0209%)
entry 5601000/6362128 (88.0366%)
entry 5602000/6362128 (88.0523%)
entry 5603000/6362128 (88.068%)
entry 5605000/6362128 (88.0995%)
entry 5607000/6362128 (88.1309%)
entry 5609000/6362128 (88.1623%)
entry 5610000/6362128 (88.178%)
entry 5612000/6362128 (88.2095%)
entry 5614000/6362128 (88.2409%)
entry 5620000/6362128 (88.3352%)
entry 5622000/6362128 (88.3667%)
entry 5624000/6362128 (88.3981%)
entry 5625000/6362128 (88.4138%)
entry 5626000/6362128 (88.4295%)
entry 5627000/6362128 (88.4453%)
entry 5628000/6362128 (88.461%)
entry 5631000/6362128 (88.5081%)
entry 5633000/6362128 (88.5396%)
entry 5635000/6362128 (88.571%)
entry 5637000/6362128 (88.6024%)
entry 5639000/6362128 (88.6339%)
entry 5646000/6362128 (88.7439%)
entry 5647000/6362128 (88.7596%)
entry 5650000/6362128 (88.8068%)
entry 5651000/6362128 (88.8225%)
entry 5652000/6362128 (88.8382%)
entry 5653000/6362128 (88.8539%)
entry 5655000/6362128 (88.8854%)
entry 5656000/6362128 (88.9011%)
entry 5657000/6362128 (88.9168%)
entry 5658000/6362128 (88.9325%)
entry 5661000/6362128 (88.9797%)
entry 5662000/6362128 (88.9954%)
entry 5663000/6362128 (89.0111%)
entry 5665000/6362128 (89.0425%)
entry 5667000/6362128 (89.074%)
entry 5668000/6362128 (89.0897%)
entry 5669000/6362128 (89.1054%)
entry 5670000/6362128 (89.1211%)
entry 5672000/6362128 (89.1526%)
entry 5673000/6362128 (89.1683%)
entry 5675000/6362128 (89.1997%)
entry 5676000/6362128 (89.2154%)
entry 5677000/6362128 (89.2312%)
entry 5679000/6362128 (89.2626%)
entry 5681000/6362128 (89.294%)
entry 5683000/6362128 (89.3255%)
entry 5685000/6362128 (89.3569%)
entry 5686000/6362128 (89.3726%)
entry 5688000/6362128 (89.404%)
entry 5689000/6362128 (89.4198%)
entry 5690000/6362128 (89.4355%)
entry 5691000/6362128 (89.4512%)
entry 5694000/6362128 (89.4984%)
entry 5695000/6362128 (89.5141%)
entry 5697000/6362128 (89.5455%)
entry 5700000/6362128 (89.5927%)
entry 5701000/6362128 (89.6084%)
entry 5703000/6362128 (89.6398%)
entry 5705000/6362128 (89.6713%)
entry 5706000/6362128 (89.687%)
entry 5707000/6362128 (89.7027%)
entry 5708000/6362128 (89.7184%)
entry 5709000/6362128 (89.7341%)
entry 5710000/6362128 (89.7498%)
entry 5713000/6362128 (89.797%)
entry 5716000/6362128 (89.8442%)
entry 5719000/6362128 (89.8913%)
entry 5720000/6362128 (89.907%)
entry 5722000/6362128 (89.9385%)
entry 5723000/6362128 (89.9542%)
entry 5724000/6362128 (89.9699%)
entry 5725000/6362128 (89.9856%)
entry 5726000/6362128 (90.0013%)
entry 5730000/6362128 (90.0642%)
entry 5731000/6362128 (90.0799%)
entry 5732000/6362128 (90.0956%)
entry 5734000/6362128 (90.1271%)
entry 5735000/6362128 (90.1428%)
entry 5736000/6362128 (90.1585%)
entry 5737000/6362128 (90.1742%)
entry 5738000/6362128 (90.19%)
entry 5740000/6362128 (90.2214%)
entry 5741000/6362128 (90.2371%)
entry 5743000/6362128 (90.2685%)
entry 5744000/6362128 (90.2843%)
entry 5745000/6362128 (90.3%)
entry 5746000/6362128 (90.3157%)
entry 5747000/6362128 (90.3314%)
entry 5748000/6362128 (90.3471%)
entry 5749000/6362128 (90.3628%)
entry 5750000/6362128 (90.3786%)
entry 5752000/6362128 (90.41%)
entry 5755000/6362128 (90.4572%)
entry 5756000/6362128 (90.4729%)
entry 5757000/6362128 (90.4886%)
entry 5759000/6362128 (90.52%)
entry 5760000/6362128 (90.5357%)
entry 5761000/6362128 (90.5515%)
entry 5762000/6362128 (90.5672%)
entry 5763000/6362128 (90.5829%)
entry 5766000/6362128 (90.6301%)
entry 5767000/6362128 (90.6458%)
entry 5768000/6362128 (90.6615%)
entry 5769000/6362128 (90.6772%)
entry 5771000/6362128 (90.7086%)
entry 5773000/6362128 (90.7401%)
entry 5775000/6362128 (90.7715%)
entry 5776000/6362128 (90.7872%)
entry 5778000/6362128 (90.8187%)
entry 5779000/6362128 (90.8344%)
entry 5781000/6362128 (90.8658%)
entry 5783000/6362128 (90.8973%)
entry 5784000/6362128 (90.913%)
entry 5785000/6362128 (90.9287%)
entry 5789000/6362128 (90.9916%)
entry 5790000/6362128 (91.0073%)
entry 5793000/6362128 (91.0544%)
entry 5796000/6362128 (91.1016%)
entry 5801000/6362128 (91.1802%)
entry 5803000/6362128 (91.2116%)
entry 5804000/6362128 (91.2273%)
entry 5805000/6362128 (91.2431%)
entry 5806000/6362128 (91.2588%)
entry 5807000/6362128 (91.2745%)
entry 5808000/6362128 (91.2902%)
entry 5811000/6362128 (91.3374%)
entry 5815000/6362128 (91.4002%)
entry 5818000/6362128 (91.4474%)
entry 5820000/6362128 (91.4788%)
entry 5821000/6362128 (91.4945%)
entry 5823000/6362128 (91.526%)
entry 5825000/6362128 (91.5574%)
entry 5826000/6362128 (91.5731%)
entry 5827000/6362128 (91.5889%)
entry 5829000/6362128 (91.6203%)
entry 5832000/6362128 (91.6674%)
entry 5833000/6362128 (91.6832%)
entry 5834000/6362128 (91.6989%)
entry 5835000/6362128 (91.7146%)
entry 5836000/6362128 (91.7303%)
entry 5838000/6362128 (91.7617%)
entry 5840000/6362128 (91.7932%)
entry 5842000/6362128 (91.8246%)
entry 5843000/6362128 (91.8403%)
entry 5844000/6362128 (91.8561%)
entry 5845000/6362128 (91.8718%)
entry 5847000/6362128 (91.9032%)
entry 5849000/6362128 (91.9347%)
entry 5853000/6362128 (91.9975%)
entry 5854000/6362128 (92.0132%)
entry 5856000/6362128 (92.0447%)
entry 5857000/6362128 (92.0604%)
entry 5859000/6362128 (92.0918%)
entry 5861000/6362128 (92.1233%)
entry 5863000/6362128 (92.1547%)
entry 5864000/6362128 (92.1704%)
entry 5866000/6362128 (92.2019%)
entry 5867000/6362128 (92.2176%)
entry 5869000/6362128 (92.249%)
entry 5870000/6362128 (92.2647%)
entry 5872000/6362128 (92.2962%)
entry 5875000/6362128 (92.3433%)
entry 5876000/6362128 (92.359%)
entry 5877000/6362128 (92.3748%)
entry 5878000/6362128 (92.3905%)
entry 5880000/6362128 (92.4219%)
entry 5883000/6362128 (92.4691%)
entry 5884000/6362128 (92.4848%)
entry 5886000/6362128 (92.5162%)
entry 5887000/6362128 (92.5319%)
entry 5888000/6362128 (92.5476%)
entry 5890000/6362128 (92.5791%)
entry 5895000/6362128 (92.6577%)
entry 5896000/6362128 (92.6734%)
entry 5897000/6362128 (92.6891%)
entry 5899000/6362128 (92.7206%)
entry 5900000/6362128 (92.7363%)
entry 5901000/6362128 (92.752%)
entry 5903000/6362128 (92.7834%)
entry 5905000/6362128 (92.8149%)
entry 5906000/6362128 (92.8306%)
entry 5907000/6362128 (92.8463%)
entry 5908000/6362128 (92.862%)
entry 5910000/6362128 (92.8934%)
entry 5911000/6362128 (92.9092%)
entry 5913000/6362128 (92.9406%)
entry 5914000/6362128 (92.9563%)
entry 5916000/6362128 (92.9878%)
entry 5917000/6362128 (93.0035%)
entry 5923000/6362128 (93.0978%)
entry 5927000/6362128 (93.1607%)
entry 5928000/6362128 (93.1764%)
entry 5929000/6362128 (93.1921%)
entry 5930000/6362128 (93.2078%)
entry 5931000/6362128 (93.2235%)
entry 5933000/6362128 (93.255%)
entry 5934000/6362128 (93.2707%)
entry 5935000/6362128 (93.2864%)
entry 5937000/6362128 (93.3178%)
entry 5940000/6362128 (93.365%)
entry 5941000/6362128 (93.3807%)
entry 5943000/6362128 (93.4121%)
entry 5945000/6362128 (93.4436%)
entry 5948000/6362128 (93.4907%)
entry 5949000/6362128 (93.5064%)
entry 5950000/6362128 (93.5222%)
entry 5951000/6362128 (93.5379%)
entry 5953000/6362128 (93.5693%)
entry 5954000/6362128 (93.585%)
entry 5956000/6362128 (93.6165%)
entry 5957000/6362128 (93.6322%)
entry 5958000/6362128 (93.6479%)
entry 5959000/6362128 (93.6636%)
entry 5961000/6362128 (93.6951%)
entry 5964000/6362128 (93.7422%)
entry 5965000/6362128 (93.7579%)
entry 5967000/6362128 (93.7894%)
entry 5968000/6362128 (93.8051%)
entry 5969000/6362128 (93.8208%)
entry 5971000/6362128 (93.8522%)
entry 5972000/6362128 (93.868%)
entry 5975000/6362128 (93.9151%)
entry 5976000/6362128 (93.9308%)
entry 5977000/6362128 (93.9466%)
entry 5978000/6362128 (93.9623%)
entry 5979000/6362128 (93.978%)
entry 5982000/6362128 (94.0251%)
entry 5983000/6362128 (94.0409%)
entry 5985000/6362128 (94.0723%)
entry 5988000/6362128 (94.1195%)
entry 5989000/6362128 (94.1352%)
entry 5991000/6362128 (94.1666%)
entry 5993000/6362128 (94.198%)
entry 5994000/6362128 (94.2138%)
entry 5995000/6362128 (94.2295%)
entry 5998000/6362128 (94.2766%)
entry 5999000/6362128 (94.2923%)
entry 6001000/6362128 (94.3238%)
entry 6004000/6362128 (94.3709%)
entry 6006000/6362128 (94.4024%)
entry 6007000/6362128 (94.4181%)
entry 6008000/6362128 (94.4338%)
entry 6009000/6362128 (94.4495%)
entry 6010000/6362128 (94.4652%)
entry 6012000/6362128 (94.4967%)
entry 6013000/6362128 (94.5124%)
entry 6015000/6362128 (94.5438%)
entry 6017000/6362128 (94.5753%)
entry 6019000/6362128 (94.6067%)
entry 6020000/6362128 (94.6224%)
entry 6022000/6362128 (94.6539%)
entry 6023000/6362128 (94.6696%)
entry 6024000/6362128 (94.6853%)
entry 6025000/6362128 (94.701%)
entry 6028000/6362128 (94.7482%)
entry 6031000/6362128 (94.7953%)
entry 6033000/6362128 (94.8268%)
entry 6034000/6362128 (94.8425%)
entry 6036000/6362128 (94.8739%)
entry 6037000/6362128 (94.8896%)
entry 6038000/6362128 (94.9054%)
entry 6039000/6362128 (94.9211%)
entry 6040000/6362128 (94.9368%)
entry 6041000/6362128 (94.9525%)
entry 6042000/6362128 (94.9682%)
entry 6043000/6362128 (94.9839%)
entry 6044000/6362128 (94.9997%)
entry 6046000/6362128 (95.0311%)
entry 6051000/6362128 (95.1097%)
entry 6052000/6362128 (95.1254%)
entry 6054000/6362128 (95.1568%)
entry 6055000/6362128 (95.1726%)
entry 6058000/6362128 (95.2197%)
entry 6060000/6362128 (95.2511%)
entry 6061000/6362128 (95.2669%)
entry 6064000/6362128 (95.314%)
entry 6067000/6362128 (95.3612%)
entry 6068000/6362128 (95.3769%)
entry 6069000/6362128 (95.3926%)
entry 6072000/6362128 (95.4398%)
entry 6073000/6362128 (95.4555%)
entry 6076000/6362128 (95.5026%)
entry 6077000/6362128 (95.5184%)
entry 6078000/6362128 (95.5341%)
entry 6079000/6362128 (95.5498%)
entry 6080000/6362128 (95.5655%)
entry 6081000/6362128 (95.5812%)
entry 6082000/6362128 (95.5969%)
entry 6083000/6362128 (95.6127%)
entry 6084000/6362128 (95.6284%)
entry 6085000/6362128 (95.6441%)
entry 6086000/6362128 (95.6598%)
entry 6087000/6362128 (95.6755%)
entry 6088000/6362128 (95.6913%)
entry 6089000/6362128 (95.707%)
entry 6090000/6362128 (95.7227%)
entry 6092000/6362128 (95.7541%)
entry 6094000/6362128 (95.7856%)
entry 6095000/6362128 (95.8013%)
entry 6096000/6362128 (95.817%)
entry 6097000/6362128 (95.8327%)
entry 6098000/6362128 (95.8484%)
entry 6099000/6362128 (95.8642%)
entry 6100000/6362128 (95.8799%)
entry 6101000/6362128 (95.8956%)
entry 6102000/6362128 (95.9113%)
entry 6104000/6362128 (95.9427%)
entry 6105000/6362128 (95.9585%)
entry 6106000/6362128 (95.9742%)
entry 6107000/6362128 (95.9899%)
entry 6108000/6362128 (96.0056%)
entry 6109000/6362128 (96.0213%)
entry 6110000/6362128 (96.037%)
entry 6111000/6362128 (96.0528%)
entry 6113000/6362128 (96.0842%)
entry 6114000/6362128 (96.0999%)
entry 6115000/6362128 (96.1156%)
entry 6116000/6362128 (96.1314%)
entry 6117000/6362128 (96.1471%)
entry 6119000/6362128 (96.1785%)
entry 6120000/6362128 (96.1942%)
entry 6121000/6362128 (96.2099%)
entry 6122000/6362128 (96.2257%)
entry 6123000/6362128 (96.2414%)
entry 6124000/6362128 (96.2571%)
entry 6126000/6362128 (96.2885%)
entry 6127000/6362128 (96.3043%)
entry 6128000/6362128 (96.32%)
entry 6131000/6362128 (96.3671%)
entry 6133000/6362128 (96.3986%)
entry 6134000/6362128 (96.4143%)
entry 6135000/6362128 (96.43%)
entry 6136000/6362128 (96.4457%)
entry 6138000/6362128 (96.4772%)
entry 6139000/6362128 (96.4929%)
entry 6141000/6362128 (96.5243%)
entry 6144000/6362128 (96.5715%)
entry 6145000/6362128 (96.5872%)
entry 6148000/6362128 (96.6343%)
entry 6149000/6362128 (96.6501%)
entry 6151000/6362128 (96.6815%)
entry 6153000/6362128 (96.7129%)
entry 6154000/6362128 (96.7286%)
entry 6157000/6362128 (96.7758%)
entry 6159000/6362128 (96.8072%)
entry 6161000/6362128 (96.8387%)
entry 6164000/6362128 (96.8858%)
entry 6166000/6362128 (96.9173%)
entry 6167000/6362128 (96.933%)
entry 6169000/6362128 (96.9644%)
entry 6172000/6362128 (97.0116%)
entry 6173000/6362128 (97.0273%)
entry 6176000/6362128 (97.0744%)
entry 6177000/6362128 (97.0902%)
entry 6179000/6362128 (97.1216%)
entry 6180000/6362128 (97.1373%)
entry 6181000/6362128 (97.153%)
entry 6182000/6362128 (97.1687%)
entry 6183000/6362128 (97.1845%)
entry 6184000/6362128 (97.2002%)
entry 6186000/6362128 (97.2316%)
entry 6187000/6362128 (97.2473%)
entry 6188000/6362128 (97.2631%)
entry 6190000/6362128 (97.2945%)
entry 6193000/6362128 (97.3416%)
entry 6194000/6362128 (97.3574%)
entry 6196000/6362128 (97.3888%)
entry 6197000/6362128 (97.4045%)
entry 6198000/6362128 (97.4202%)
entry 6199000/6362128 (97.436%)
entry 6201000/6362128 (97.4674%)
entry 6202000/6362128 (97.4831%)
entry 6203000/6362128 (97.4988%)
entry 6205000/6362128 (97.5303%)
entry 6206000/6362128 (97.546%)
entry 6210000/6362128 (97.6089%)
entry 6211000/6362128 (97.6246%)
entry 6212000/6362128 (97.6403%)
entry 6218000/6362128 (97.7346%)
entry 6219000/6362128 (97.7503%)
entry 6221000/6362128 (97.7817%)
entry 6222000/6362128 (97.7975%)
entry 6223000/6362128 (97.8132%)
entry 6224000/6362128 (97.8289%)
entry 6226000/6362128 (97.8603%)
entry 6227000/6362128 (97.8761%)
entry 6230000/6362128 (97.9232%)
entry 6232000/6362128 (97.9546%)
entry 6235000/6362128 (98.0018%)
entry 6236000/6362128 (98.0175%)
entry 6237000/6362128 (98.0332%)
entry 6238000/6362128 (98.049%)
entry 6241000/6362128 (98.0961%)
entry 6242000/6362128 (98.1118%)
entry 6246000/6362128 (98.1747%)
entry 6248000/6362128 (98.2061%)
entry 6250000/6362128 (98.2376%)
entry 6252000/6362128 (98.269%)
entry 6253000/6362128 (98.2847%)
entry 6255000/6362128 (98.3162%)
entry 6256000/6362128 (98.3319%)
entry 6257000/6362128 (98.3476%)
entry 6258000/6362128 (98.3633%)
entry 6259000/6362128 (98.379%)
entry 6261000/6362128 (98.4105%)
entry 6263000/6362128 (98.4419%)
entry 6264000/6362128 (98.4576%)
entry 6265000/6362128 (98.4733%)
entry 6266000/6362128 (98.4891%)
entry 6267000/6362128 (98.5048%)
entry 6270000/6362128 (98.5519%)
entry 6271000/6362128 (98.5676%)
entry 6273000/6362128 (98.5991%)
entry 6274000/6362128 (98.6148%)
entry 6275000/6362128 (98.6305%)
entry 6277000/6362128 (98.662%)
entry 6278000/6362128 (98.6777%)
entry 6279000/6362128 (98.6934%)
entry 6280000/6362128 (98.7091%)
entry 6281000/6362128 (98.7248%)
entry 6282000/6362128 (98.7405%)
entry 6283000/6362128 (98.7563%)
entry 6284000/6362128 (98.772%)
entry 6288000/6362128 (98.8349%)
entry 6289000/6362128 (98.8506%)
entry 6291000/6362128 (98.882%)
entry 6293000/6362128 (98.9134%)
entry 6294000/6362128 (98.9292%)
entry 6297000/6362128 (98.9763%)
entry 6298000/6362128 (98.992%)
entry 6299000/6362128 (99.0078%)
entry 6300000/6362128 (99.0235%)
entry 6301000/6362128 (99.0392%)
entry 6303000/6362128 (99.0706%)
entry 6304000/6362128 (99.0863%)
entry 6306000/6362128 (99.1178%)
entry 6307000/6362128 (99.1335%)
entry 6308000/6362128 (99.1492%)
entry 6309000/6362128 (99.1649%)
entry 6310000/6362128 (99.1807%)
entry 6315000/6362128 (99.2592%)
entry 6318000/6362128 (99.3064%)
entry 6321000/6362128 (99.3536%)
entry 6322000/6362128 (99.3693%)
entry 6323000/6362128 (99.385%)
entry 6324000/6362128 (99.4007%)
entry 6327000/6362128 (99.4479%)
entry 6328000/6362128 (99.4636%)
entry 6331000/6362128 (99.5107%)
entry 6332000/6362128 (99.5264%)
entry 6333000/6362128 (99.5422%)
entry 6337000/6362128 (99.605%)
entry 6338000/6362128 (99.6208%)
entry 6341000/6362128 (99.6679%)
entry 6342000/6362128 (99.6836%)
entry 6343000/6362128 (99.6993%)
entry 6344000/6362128 (99.7151%)
entry 6345000/6362128 (99.7308%)
entry 6346000/6362128 (99.7465%)
entry 6347000/6362128 (99.7622%)
entry 6349000/6362128 (99.7937%)
entry 6351000/6362128 (99.8251%)
entry 6353000/6362128 (99.8565%)
entry 6356000/6362128 (99.9037%)
entry 6357000/6362128 (99.9194%)
entry 6358000/6362128 (99.9351%)
entry 6359000/6362128 (99.9508%)
entry 6361000/6362128 (99.9823%)
entry 6362000/6362128 (99.998%)
all done
script done
